sim_id,master_seed,grid_size,fragmentation,ac_amount,habitat,niche_breadth,edge_effect,dispersal,dispersal_dist,step,step_label,samp_method,sample_id,cell_id,x_loc,y_loc,patch_id,patch_size,species_id,n
2,114,50,0.5,0.1,0.15,0.1,1,1,2,40,"post_fragmentation","chessboard",1,270,6,20,2,3,329,2
2,114,50,0.5,0.1,0.15,0.1,1,1,2,40,"post_fragmentation","chessboard",1,270,6,20,2,3,350,1
2,114,50,0.5,0.1,0.15,0.1,1,1,2,40,"post_fragmentation","chessboard",1,270,6,20,2,3,352,1
2,114,50,0.5,0.1,0.15,0.1,1,1,2,40,"post_fragmentation","chessboard",1,270,6,20,2,3,368,2
2,114,50,0.5,0.1,0.15,0.1,1,1,2,40,"post_fragmentation","chessboard",1,270,6,20,2,3,371,2
2,114,50,0.5,0.1,0.15,0.1,1,1,2,40,"post_fragmentation","chessboard",1,270,6,20,2,3,372,1
2,114,50,0.5,0.1,0.15,0.1,1,1,2,40,"post_fragmentation","chessboard",1,270,6,20,2,3,381,2
2,114,50,0.5,0.1,0.15,0.1,1,1,2,40,"post_fragmentation","chessboard",1,270,6,20,2,3,391,1
2,114,50,0.5,0.1,0.15,0.1,1,1,2,40,"post_fragmentation","chessboard",1,270,6,20,2,3,399,2
2,114,50,0.5,0.1,0.15,0.1,1,1,2,40,"post_fragmentation","chessboard",1,270,6,20,2,3,407,1
2,114,50,0.5,0.1,0.15,0.1,1,1,2,40,"post_fragmentation","chessboard",1,270,6,20,2,3,412,1
2,114,50,0.5,0.1,0.15,0.1,1,1,2,40,"post_fragmentation","chessboard",1,270,6,20,2,3,416,3
2,114,50,0.5,0.1,0.15,0.1,1,1,2,40,"post_fragmentation","chessboard",1,270,6,20,2,3,429,1
2,114,50,0.5,0.1,0.15,0.1,1,1,2,40,"post_fragmentation","chessboard",1,270,6,20,2,3,430,1
2,114,50,0.5,0.1,0.15,0.1,1,1,2,40,"post_fragmentation","chessboard",1,270,6,20,2,3,432,1
2,114,50,0.5,0.1,0.15,0.1,1,1,2,40,"post_fragmentation","chessboard",1,270,6,20,2,3,456,1
2,114,50,0.5,0.1,0.15,0.1,1,1,2,40,"post_fragmentation","chessboard",1,270,6,20,2,3,460,1
2,114,50,0.5,0.1,0.15,0.1,1,1,2,40,"post_fragmentation","chessboard",1,270,6,20,2,3,468,1
2,114,50,0.5,0.1,0.15,0.1,1,1,2,40,"post_fragmentation","chessboard",1,270,6,20,2,3,470,1
2,114,50,0.5,0.1,0.15,0.1,1,1,2,40,"post_fragmentation","chessboard",1,270,6,20,2,3,471,1
2,114,50,0.5,0.1,0.15,0.1,1,1,2,40,"post_fragmentation","chessboard",1,270,6,20,2,3,481,1
2,114,50,0.5,0.1,0.15,0.1,1,1,2,40,"post_fragmentation","chessboard",1,270,6,20,2,3,484,1
2,114,50,0.5,0.1,0.15,0.1,1,1,2,40,"post_fragmentation","chessboard",1,270,6,20,2,3,489,3
2,114,50,0.5,0.1,0.15,0.1,1,1,2,40,"post_fragmentation","chessboard",1,270,6,20,2,3,492,1
2,114,50,0.5,0.1,0.15,0.1,1,1,2,40,"post_fragmentation","chessboard",1,270,6,20,2,3,520,1
2,114,50,0.5,0.1,0.15,0.1,1,1,2,40,"post_fragmentation","chessboard",1,270,6,20,2,3,526,3
2,114,50,0.5,0.1,0.15,0.1,1,1,2,40,"post_fragmentation","chessboard",2,615,13,15,4,10,452,1
2,114,50,0.5,0.1,0.15,0.1,1,1,2,40,"post_fragmentation","chessboard",2,615,13,15,4,10,455,1
2,114,50,0.5,0.1,0.15,0.1,1,1,2,40,"post_fragmentation","chessboard",2,615,13,15,4,10,456,1
2,114,50,0.5,0.1,0.15,0.1,1,1,2,40,"post_fragmentation","chessboard",2,615,13,15,4,10,468,1
2,114,50,0.5,0.1,0.15,0.1,1,1,2,40,"post_fragmentation","chessboard",2,615,13,15,4,10,484,2
2,114,50,0.5,0.1,0.15,0.1,1,1,2,40,"post_fragmentation","chessboard",2,615,13,15,4,10,492,2
2,114,50,0.5,0.1,0.15,0.1,1,1,2,40,"post_fragmentation","chessboard",2,615,13,15,4,10,502,3
2,114,50,0.5,0.1,0.15,0.1,1,1,2,40,"post_fragmentation","chessboard",2,615,13,15,4,10,503,1
2,114,50,0.5,0.1,0.15,0.1,1,1,2,40,"post_fragmentation","chessboard",2,615,13,15,4,10,517,2
2,114,50,0.5,0.1,0.15,0.1,1,1,2,40,"post_fragmentation","chessboard",2,615,13,15,4,10,524,1
2,114,50,0.5,0.1,0.15,0.1,1,1,2,40,"post_fragmentation","chessboard",2,615,13,15,4,10,526,1
2,114,50,0.5,0.1,0.15,0.1,1,1,2,40,"post_fragmentation","chessboard",2,615,13,15,4,10,562,3
2,114,50,0.5,0.1,0.15,0.1,1,1,2,40,"post_fragmentation","chessboard",2,615,13,15,4,10,583,1
2,114,50,0.5,0.1,0.15,0.1,1,1,2,40,"post_fragmentation","chessboard",2,615,13,15,4,10,594,1
2,114,50,0.5,0.1,0.15,0.1,1,1,2,40,"post_fragmentation","chessboard",2,615,13,15,4,10,596,4
2,114,50,0.5,0.1,0.15,0.1,1,1,2,40,"post_fragmentation","chessboard",2,615,13,15,4,10,608,1
2,114,50,0.5,0.1,0.15,0.1,1,1,2,40,"post_fragmentation","chessboard",2,615,13,15,4,10,612,5
2,114,50,0.5,0.1,0.15,0.1,1,1,2,40,"post_fragmentation","chessboard",3,662,14,12,4,10,351,2
2,114,50,0.5,0.1,0.15,0.1,1,1,2,40,"post_fragmentation","chessboard",3,662,14,12,4,10,368,1
2,114,50,0.5,0.1,0.15,0.1,1,1,2,40,"post_fragmentation","chessboard",3,662,14,12,4,10,381,3
2,114,50,0.5,0.1,0.15,0.1,1,1,2,40,"post_fragmentation","chessboard",3,662,14,12,4,10,407,3
2,114,50,0.5,0.1,0.15,0.1,1,1,2,40,"post_fragmentation","chessboard",3,662,14,12,4,10,408,1
2,114,50,0.5,0.1,0.15,0.1,1,1,2,40,"post_fragmentation","chessboard",3,662,14,12,4,10,412,1
2,114,50,0.5,0.1,0.15,0.1,1,1,2,40,"post_fragmentation","chessboard",3,662,14,12,4,10,427,2
2,114,50,0.5,0.1,0.15,0.1,1,1,2,40,"post_fragmentation","chessboard",3,662,14,12,4,10,432,1
2,114,50,0.5,0.1,0.15,0.1,1,1,2,40,"post_fragmentation","chessboard",3,662,14,12,4,10,437,1
2,114,50,0.5,0.1,0.15,0.1,1,1,2,40,"post_fragmentation","chessboard",3,662,14,12,4,10,447,1
2,114,50,0.5,0.1,0.15,0.1,1,1,2,40,"post_fragmentation","chessboard",3,662,14,12,4,10,455,1
2,114,50,0.5,0.1,0.15,0.1,1,1,2,40,"post_fragmentation","chessboard",3,662,14,12,4,10,480,1
2,114,50,0.5,0.1,0.15,0.1,1,1,2,40,"post_fragmentation","chessboard",3,662,14,12,4,10,484,2
2,114,50,0.5,0.1,0.15,0.1,1,1,2,40,"post_fragmentation","chessboard",3,662,14,12,4,10,489,2
2,114,50,0.5,0.1,0.15,0.1,1,1,2,40,"post_fragmentation","chessboard",3,662,14,12,4,10,490,2
2,114,50,0.5,0.1,0.15,0.1,1,1,2,40,"post_fragmentation","chessboard",3,662,14,12,4,10,496,2
2,114,50,0.5,0.1,0.15,0.1,1,1,2,40,"post_fragmentation","chessboard",3,662,14,12,4,10,517,4
2,114,50,0.5,0.1,0.15,0.1,1,1,2,40,"post_fragmentation","chessboard",3,662,14,12,4,10,563,2
2,114,50,0.5,0.1,0.15,0.1,1,1,2,40,"post_fragmentation","chessboard",3,662,14,12,4,10,589,1
2,114,50,0.5,0.1,0.15,0.1,1,1,2,40,"post_fragmentation","chessboard",4,664,14,14,4,10,350,1
2,114,50,0.5,0.1,0.15,0.1,1,1,2,40,"post_fragmentation","chessboard",4,664,14,14,4,10,352,1
2,114,50,0.5,0.1,0.15,0.1,1,1,2,40,"post_fragmentation","chessboard",4,664,14,14,4,10,368,1
2,114,50,0.5,0.1,0.15,0.1,1,1,2,40,"post_fragmentation","chessboard",4,664,14,14,4,10,371,2
2,114,50,0.5,0.1,0.15,0.1,1,1,2,40,"post_fragmentation","chessboard",4,664,14,14,4,10,375,1
2,114,50,0.5,0.1,0.15,0.1,1,1,2,40,"post_fragmentation","chessboard",4,664,14,14,4,10,383,3
2,114,50,0.5,0.1,0.15,0.1,1,1,2,40,"post_fragmentation","chessboard",4,664,14,14,4,10,386,1
2,114,50,0.5,0.1,0.15,0.1,1,1,2,40,"post_fragmentation","chessboard",4,664,14,14,4,10,399,2
2,114,50,0.5,0.1,0.15,0.1,1,1,2,40,"post_fragmentation","chessboard",4,664,14,14,4,10,407,2
2,114,50,0.5,0.1,0.15,0.1,1,1,2,40,"post_fragmentation","chessboard",4,664,14,14,4,10,416,1
2,114,50,0.5,0.1,0.15,0.1,1,1,2,40,"post_fragmentation","chessboard",4,664,14,14,4,10,429,1
2,114,50,0.5,0.1,0.15,0.1,1,1,2,40,"post_fragmentation","chessboard",4,664,14,14,4,10,430,1
2,114,50,0.5,0.1,0.15,0.1,1,1,2,40,"post_fragmentation","chessboard",4,664,14,14,4,10,432,2
2,114,50,0.5,0.1,0.15,0.1,1,1,2,40,"post_fragmentation","chessboard",4,664,14,14,4,10,455,1
2,114,50,0.5,0.1,0.15,0.1,1,1,2,40,"post_fragmentation","chessboard",4,664,14,14,4,10,456,1
2,114,50,0.5,0.1,0.15,0.1,1,1,2,40,"post_fragmentation","chessboard",4,664,14,14,4,10,479,1
2,114,50,0.5,0.1,0.15,0.1,1,1,2,40,"post_fragmentation","chessboard",4,664,14,14,4,10,483,1
2,114,50,0.5,0.1,0.15,0.1,1,1,2,40,"post_fragmentation","chessboard",4,664,14,14,4,10,484,5
2,114,50,0.5,0.1,0.15,0.1,1,1,2,40,"post_fragmentation","chessboard",4,664,14,14,4,10,489,1
2,114,50,0.5,0.1,0.15,0.1,1,1,2,40,"post_fragmentation","chessboard",4,664,14,14,4,10,491,1
2,114,50,0.5,0.1,0.15,0.1,1,1,2,40,"post_fragmentation","chessboard",4,664,14,14,4,10,493,2
2,114,50,0.5,0.1,0.15,0.1,1,1,2,40,"post_fragmentation","chessboard",4,664,14,14,4,10,517,2
2,114,50,0.5,0.1,0.15,0.1,1,1,2,40,"post_fragmentation","chessboard",4,664,14,14,4,10,524,2
2,114,50,0.5,0.1,0.15,0.1,1,1,2,40,"post_fragmentation","chessboard",4,664,14,14,4,10,526,1
2,114,50,0.5,0.1,0.15,0.1,1,1,2,40,"post_fragmentation","chessboard",5,713,15,13,4,10,368,1
2,114,50,0.5,0.1,0.15,0.1,1,1,2,40,"post_fragmentation","chessboard",5,713,15,13,4,10,371,2
2,114,50,0.5,0.1,0.15,0.1,1,1,2,40,"post_fragmentation","chessboard",5,713,15,13,4,10,381,3
2,114,50,0.5,0.1,0.15,0.1,1,1,2,40,"post_fragmentation","chessboard",5,713,15,13,4,10,386,1
2,114,50,0.5,0.1,0.15,0.1,1,1,2,40,"post_fragmentation","chessboard",5,713,15,13,4,10,400,1
2,114,50,0.5,0.1,0.15,0.1,1,1,2,40,"post_fragmentation","chessboard",5,713,15,13,4,10,407,1
2,114,50,0.5,0.1,0.15,0.1,1,1,2,40,"post_fragmentation","chessboard",5,713,15,13,4,10,432,1
2,114,50,0.5,0.1,0.15,0.1,1,1,2,40,"post_fragmentation","chessboard",5,713,15,13,4,10,442,1
2,114,50,0.5,0.1,0.15,0.1,1,1,2,40,"post_fragmentation","chessboard",5,713,15,13,4,10,446,3
2,114,50,0.5,0.1,0.15,0.1,1,1,2,40,"post_fragmentation","chessboard",5,713,15,13,4,10,447,3
2,114,50,0.5,0.1,0.15,0.1,1,1,2,40,"post_fragmentation","chessboard",5,713,15,13,4,10,455,1
2,114,50,0.5,0.1,0.15,0.1,1,1,2,40,"post_fragmentation","chessboard",5,713,15,13,4,10,456,1
2,114,50,0.5,0.1,0.15,0.1,1,1,2,40,"post_fragmentation","chessboard",5,713,15,13,4,10,480,1
2,114,50,0.5,0.1,0.15,0.1,1,1,2,40,"post_fragmentation","chessboard",5,713,15,13,4,10,485,1
2,114,50,0.5,0.1,0.15,0.1,1,1,2,40,"post_fragmentation","chessboard",5,713,15,13,4,10,487,2
2,114,50,0.5,0.1,0.15,0.1,1,1,2,40,"post_fragmentation","chessboard",5,713,15,13,4,10,489,1
2,114,50,0.5,0.1,0.15,0.1,1,1,2,40,"post_fragmentation","chessboard",5,713,15,13,4,10,492,2
2,114,50,0.5,0.1,0.15,0.1,1,1,2,40,"post_fragmentation","chessboard",5,713,15,13,4,10,496,2
2,114,50,0.5,0.1,0.15,0.1,1,1,2,40,"post_fragmentation","chessboard",5,713,15,13,4,10,497,1
2,114,50,0.5,0.1,0.15,0.1,1,1,2,40,"post_fragmentation","chessboard",5,713,15,13,4,10,517,5
2,114,50,0.5,0.1,0.15,0.1,1,1,2,40,"post_fragmentation","chessboard",5,713,15,13,4,10,518,2
2,114,50,0.5,0.1,0.15,0.1,1,1,2,40,"post_fragmentation","chessboard",5,713,15,13,4,10,552,1
2,114,50,0.5,0.1,0.15,0.1,1,1,2,40,"post_fragmentation","chessboard",5,713,15,13,4,10,563,1
2,114,50,0.5,0.1,0.15,0.1,1,1,2,40,"post_fragmentation","chessboard",5,713,15,13,4,10,604,1
2,114,50,0.5,0.1,0.15,0.1,1,1,2,40,"post_fragmentation","chessboard",6,715,15,15,4,10,391,1
2,114,50,0.5,0.1,0.15,0.1,1,1,2,40,"post_fragmentation","chessboard",6,715,15,15,4,10,455,1
2,114,50,0.5,0.1,0.15,0.1,1,1,2,40,"post_fragmentation","chessboard",6,715,15,15,4,10,522,1
2,114,50,0.5,0.1,0.15,0.1,1,1,2,40,"post_fragmentation","chessboard",6,715,15,15,4,10,524,1
2,114,50,0.5,0.1,0.15,0.1,1,1,2,40,"post_fragmentation","chessboard",6,715,15,15,4,10,526,1
2,114,50,0.5,0.1,0.15,0.1,1,1,2,40,"post_fragmentation","chessboard",6,715,15,15,4,10,583,1
2,114,50,0.5,0.1,0.15,0.1,1,1,2,40,"post_fragmentation","chessboard",6,715,15,15,4,10,596,1
2,114,50,0.5,0.1,0.15,0.1,1,1,2,40,"post_fragmentation","chessboard",6,715,15,15,4,10,612,5
2,114,50,0.5,0.1,0.15,0.1,1,1,2,40,"post_fragmentation","chessboard",6,715,15,15,4,10,638,5
2,114,50,0.5,0.1,0.15,0.1,1,1,2,40,"post_fragmentation","chessboard",6,715,15,15,4,10,648,3
2,114,50,0.5,0.1,0.15,0.1,1,1,2,40,"post_fragmentation","chessboard",7,807,17,7,6,3,417,1
2,114,50,0.5,0.1,0.15,0.1,1,1,2,40,"post_fragmentation","chessboard",7,807,17,7,6,3,422,1
2,114,50,0.5,0.1,0.15,0.1,1,1,2,40,"post_fragmentation","chessboard",7,807,17,7,6,3,447,1
2,114,50,0.5,0.1,0.15,0.1,1,1,2,40,"post_fragmentation","chessboard",7,807,17,7,6,3,455,1
2,114,50,0.5,0.1,0.15,0.1,1,1,2,40,"post_fragmentation","chessboard",7,807,17,7,6,3,459,1
2,114,50,0.5,0.1,0.15,0.1,1,1,2,40,"post_fragmentation","chessboard",7,807,17,7,6,3,481,1
2,114,50,0.5,0.1,0.15,0.1,1,1,2,40,"post_fragmentation","chessboard",7,807,17,7,6,3,485,1
2,114,50,0.5,0.1,0.15,0.1,1,1,2,40,"post_fragmentation","chessboard",7,807,17,7,6,3,517,3
2,114,50,0.5,0.1,0.15,0.1,1,1,2,40,"post_fragmentation","chessboard",7,807,17,7,6,3,519,1
2,114,50,0.5,0.1,0.15,0.1,1,1,2,40,"post_fragmentation","chessboard",7,807,17,7,6,3,555,1
2,114,50,0.5,0.1,0.15,0.1,1,1,2,40,"post_fragmentation","chessboard",7,807,17,7,6,3,561,4
2,114,50,0.5,0.1,0.15,0.1,1,1,2,40,"post_fragmentation","chessboard",7,807,17,7,6,3,593,1
2,114,50,0.5,0.1,0.15,0.1,1,1,2,40,"post_fragmentation","chessboard",7,807,17,7,6,3,596,2
2,114,50,0.5,0.1,0.15,0.1,1,1,2,40,"post_fragmentation","chessboard",7,807,17,7,6,3,598,1
2,114,50,0.5,0.1,0.15,0.1,1,1,2,40,"post_fragmentation","chessboard",7,807,17,7,6,3,609,1
2,114,50,0.5,0.1,0.15,0.1,1,1,2,40,"post_fragmentation","chessboard",7,807,17,7,6,3,616,2
2,114,50,0.5,0.1,0.15,0.1,1,1,2,40,"post_fragmentation","chessboard",7,807,17,7,6,3,648,1
2,114,50,0.5,0.1,0.15,0.1,1,1,2,40,"post_fragmentation","chessboard",8,811,17,11,5,3,351,1
2,114,50,0.5,0.1,0.15,0.1,1,1,2,40,"post_fragmentation","chessboard",8,811,17,11,5,3,459,2
2,114,50,0.5,0.1,0.15,0.1,1,1,2,40,"post_fragmentation","chessboard",8,811,17,11,5,3,482,2
2,114,50,0.5,0.1,0.15,0.1,1,1,2,40,"post_fragmentation","chessboard",8,811,17,11,5,3,485,3
2,114,50,0.5,0.1,0.15,0.1,1,1,2,40,"post_fragmentation","chessboard",8,811,17,11,5,3,490,4
2,114,50,0.5,0.1,0.15,0.1,1,1,2,40,"post_fragmentation","chessboard",8,811,17,11,5,3,492,1
2,114,50,0.5,0.1,0.15,0.1,1,1,2,40,"post_fragmentation","chessboard",8,811,17,11,5,3,496,1
2,114,50,0.5,0.1,0.15,0.1,1,1,2,40,"post_fragmentation","chessboard",8,811,17,11,5,3,502,2
2,114,50,0.5,0.1,0.15,0.1,1,1,2,40,"post_fragmentation","chessboard",8,811,17,11,5,3,517,1
2,114,50,0.5,0.1,0.15,0.1,1,1,2,40,"post_fragmentation","chessboard",8,811,17,11,5,3,547,1
2,114,50,0.5,0.1,0.15,0.1,1,1,2,40,"post_fragmentation","chessboard",8,811,17,11,5,3,563,2
2,114,50,0.5,0.1,0.15,0.1,1,1,2,40,"post_fragmentation","chessboard",8,811,17,11,5,3,596,4
2,114,50,0.5,0.1,0.15,0.1,1,1,2,40,"post_fragmentation","chessboard",8,811,17,11,5,3,608,1
2,114,50,0.5,0.1,0.15,0.1,1,1,2,40,"post_fragmentation","chessboard",8,811,17,11,5,3,612,4
2,114,50,0.5,0.1,0.15,0.1,1,1,2,40,"post_fragmentation","chessboard",8,811,17,11,5,3,638,4
2,114,50,0.5,0.1,0.15,0.1,1,1,2,40,"post_fragmentation","chessboard",8,811,17,11,5,3,648,4
2,114,50,0.5,0.1,0.15,0.1,1,1,2,40,"post_fragmentation","chessboard",9,958,20,8,7,2,482,1
2,114,50,0.5,0.1,0.15,0.1,1,1,2,40,"post_fragmentation","chessboard",9,958,20,8,7,2,490,1
2,114,50,0.5,0.1,0.15,0.1,1,1,2,40,"post_fragmentation","chessboard",9,958,20,8,7,2,496,1
2,114,50,0.5,0.1,0.15,0.1,1,1,2,40,"post_fragmentation","chessboard",9,958,20,8,7,2,501,1
2,114,50,0.5,0.1,0.15,0.1,1,1,2,40,"post_fragmentation","chessboard",9,958,20,8,7,2,545,1
2,114,50,0.5,0.1,0.15,0.1,1,1,2,40,"post_fragmentation","chessboard",9,958,20,8,7,2,547,1
2,114,50,0.5,0.1,0.15,0.1,1,1,2,40,"post_fragmentation","chessboard",9,958,20,8,7,2,586,3
2,114,50,0.5,0.1,0.15,0.1,1,1,2,40,"post_fragmentation","chessboard",9,958,20,8,7,2,587,3
2,114,50,0.5,0.1,0.15,0.1,1,1,2,40,"post_fragmentation","chessboard",9,958,20,8,7,2,596,1
2,114,50,0.5,0.1,0.15,0.1,1,1,2,40,"post_fragmentation","chessboard",9,958,20,8,7,2,603,1
2,114,50,0.5,0.1,0.15,0.1,1,1,2,40,"post_fragmentation","chessboard",9,958,20,8,7,2,604,1
2,114,50,0.5,0.1,0.15,0.1,1,1,2,40,"post_fragmentation","chessboard",9,958,20,8,7,2,612,3
2,114,50,0.5,0.1,0.15,0.1,1,1,2,40,"post_fragmentation","chessboard",9,958,20,8,7,2,624,3
2,114,50,0.5,0.1,0.15,0.1,1,1,2,40,"post_fragmentation","chessboard",10,1076,22,26,8,5,290,1
2,114,50,0.5,0.1,0.15,0.1,1,1,2,40,"post_fragmentation","chessboard",10,1076,22,26,8,5,363,1
2,114,50,0.5,0.1,0.15,0.1,1,1,2,40,"post_fragmentation","chessboard",10,1076,22,26,8,5,369,2
2,114,50,0.5,0.1,0.15,0.1,1,1,2,40,"post_fragmentation","chessboard",10,1076,22,26,8,5,370,1
2,114,50,0.5,0.1,0.15,0.1,1,1,2,40,"post_fragmentation","chessboard",10,1076,22,26,8,5,374,1
2,114,50,0.5,0.1,0.15,0.1,1,1,2,40,"post_fragmentation","chessboard",10,1076,22,26,8,5,385,4
2,114,50,0.5,0.1,0.15,0.1,1,1,2,40,"post_fragmentation","chessboard",10,1076,22,26,8,5,386,2
2,114,50,0.5,0.1,0.15,0.1,1,1,2,40,"post_fragmentation","chessboard",10,1076,22,26,8,5,389,1
2,114,50,0.5,0.1,0.15,0.1,1,1,2,40,"post_fragmentation","chessboard",10,1076,22,26,8,5,391,1
2,114,50,0.5,0.1,0.15,0.1,1,1,2,40,"post_fragmentation","chessboard",10,1076,22,26,8,5,398,5
2,114,50,0.5,0.1,0.15,0.1,1,1,2,40,"post_fragmentation","chessboard",10,1076,22,26,8,5,399,1
2,114,50,0.5,0.1,0.15,0.1,1,1,2,40,"post_fragmentation","chessboard",10,1076,22,26,8,5,404,1
2,114,50,0.5,0.1,0.15,0.1,1,1,2,40,"post_fragmentation","chessboard",10,1076,22,26,8,5,410,1
2,114,50,0.5,0.1,0.15,0.1,1,1,2,40,"post_fragmentation","chessboard",10,1076,22,26,8,5,412,2
2,114,50,0.5,0.1,0.15,0.1,1,1,2,40,"post_fragmentation","chessboard",10,1076,22,26,8,5,415,1
2,114,50,0.5,0.1,0.15,0.1,1,1,2,40,"post_fragmentation","chessboard",10,1076,22,26,8,5,427,1
2,114,50,0.5,0.1,0.15,0.1,1,1,2,40,"post_fragmentation","chessboard",10,1076,22,26,8,5,428,1
2,114,50,0.5,0.1,0.15,0.1,1,1,2,40,"post_fragmentation","chessboard",10,1076,22,26,8,5,446,1
2,114,50,0.5,0.1,0.15,0.1,1,1,2,40,"post_fragmentation","chessboard",10,1076,22,26,8,5,452,1
2,114,50,0.5,0.1,0.15,0.1,1,1,2,40,"post_fragmentation","chessboard",10,1076,22,26,8,5,453,3
2,114,50,0.5,0.1,0.15,0.1,1,1,2,40,"post_fragmentation","chessboard",10,1076,22,26,8,5,456,1
2,114,50,0.5,0.1,0.15,0.1,1,1,2,40,"post_fragmentation","chessboard",10,1076,22,26,8,5,459,1
2,114,50,0.5,0.1,0.15,0.1,1,1,2,40,"post_fragmentation","chessboard",10,1076,22,26,8,5,473,3
2,114,50,0.5,0.1,0.15,0.1,1,1,2,40,"post_fragmentation","chessboard",10,1076,22,26,8,5,487,2
2,114,50,0.5,0.1,0.15,0.1,1,1,2,40,"post_fragmentation","chessboard",10,1076,22,26,8,5,563,1
2,114,50,0.5,0.1,0.15,0.1,1,1,2,40,"post_fragmentation","chessboard",11,1176,24,26,8,5,290,1
2,114,50,0.5,0.1,0.15,0.1,1,1,2,40,"post_fragmentation","chessboard",11,1176,24,26,8,5,369,2
2,114,50,0.5,0.1,0.15,0.1,1,1,2,40,"post_fragmentation","chessboard",11,1176,24,26,8,5,374,1
2,114,50,0.5,0.1,0.15,0.1,1,1,2,40,"post_fragmentation","chessboard",11,1176,24,26,8,5,385,2
2,114,50,0.5,0.1,0.15,0.1,1,1,2,40,"post_fragmentation","chessboard",11,1176,24,26,8,5,386,1
2,114,50,0.5,0.1,0.15,0.1,1,1,2,40,"post_fragmentation","chessboard",11,1176,24,26,8,5,389,1
2,114,50,0.5,0.1,0.15,0.1,1,1,2,40,"post_fragmentation","chessboard",11,1176,24,26,8,5,391,2
2,114,50,0.5,0.1,0.15,0.1,1,1,2,40,"post_fragmentation","chessboard",11,1176,24,26,8,5,398,1
2,114,50,0.5,0.1,0.15,0.1,1,1,2,40,"post_fragmentation","chessboard",11,1176,24,26,8,5,404,1
2,114,50,0.5,0.1,0.15,0.1,1,1,2,40,"post_fragmentation","chessboard",11,1176,24,26,8,5,410,1
2,114,50,0.5,0.1,0.15,0.1,1,1,2,40,"post_fragmentation","chessboard",11,1176,24,26,8,5,411,1
2,114,50,0.5,0.1,0.15,0.1,1,1,2,40,"post_fragmentation","chessboard",11,1176,24,26,8,5,430,3
2,114,50,0.5,0.1,0.15,0.1,1,1,2,40,"post_fragmentation","chessboard",11,1176,24,26,8,5,436,3
2,114,50,0.5,0.1,0.15,0.1,1,1,2,40,"post_fragmentation","chessboard",11,1176,24,26,8,5,442,2
2,114,50,0.5,0.1,0.15,0.1,1,1,2,40,"post_fragmentation","chessboard",11,1176,24,26,8,5,443,2
2,114,50,0.5,0.1,0.15,0.1,1,1,2,40,"post_fragmentation","chessboard",11,1176,24,26,8,5,446,4
2,114,50,0.5,0.1,0.15,0.1,1,1,2,40,"post_fragmentation","chessboard",11,1176,24,26,8,5,453,2
2,114,50,0.5,0.1,0.15,0.1,1,1,2,40,"post_fragmentation","chessboard",11,1176,24,26,8,5,473,2
2,114,50,0.5,0.1,0.15,0.1,1,1,2,40,"post_fragmentation","chessboard",11,1176,24,26,8,5,496,1
2,114,50,0.5,0.1,0.15,0.1,1,1,2,40,"post_fragmentation","chessboard",11,1176,24,26,8,5,497,1
2,114,50,0.5,0.1,0.15,0.1,1,1,2,40,"post_fragmentation","chessboard",11,1176,24,26,8,5,501,1
2,114,50,0.5,0.1,0.15,0.1,1,1,2,40,"post_fragmentation","chessboard",11,1176,24,26,8,5,502,3
2,114,50,0.5,0.1,0.15,0.1,1,1,2,40,"post_fragmentation","chessboard",11,1176,24,26,8,5,513,1
2,114,50,0.5,0.1,0.15,0.1,1,1,2,40,"post_fragmentation","chessboard",12,1178,24,28,8,5,323,1
2,114,50,0.5,0.1,0.15,0.1,1,1,2,40,"post_fragmentation","chessboard",12,1178,24,28,8,5,385,1
2,114,50,0.5,0.1,0.15,0.1,1,1,2,40,"post_fragmentation","chessboard",12,1178,24,28,8,5,453,1
2,114,50,0.5,0.1,0.15,0.1,1,1,2,40,"post_fragmentation","chessboard",12,1178,24,28,8,5,502,1
2,114,50,0.5,0.1,0.15,0.1,1,1,2,40,"post_fragmentation","chessboard",12,1178,24,28,8,5,505,1
2,114,50,0.5,0.1,0.15,0.1,1,1,2,40,"post_fragmentation","chessboard",12,1178,24,28,8,5,510,2
2,114,50,0.5,0.1,0.15,0.1,1,1,2,40,"post_fragmentation","chessboard",12,1178,24,28,8,5,526,1
2,114,50,0.5,0.1,0.15,0.1,1,1,2,40,"post_fragmentation","chessboard",12,1178,24,28,8,5,539,1
2,114,50,0.5,0.1,0.15,0.1,1,1,2,40,"post_fragmentation","chessboard",12,1178,24,28,8,5,572,1
2,114,50,0.5,0.1,0.15,0.1,1,1,2,40,"post_fragmentation","chessboard",12,1178,24,28,8,5,614,5
2,114,50,0.5,0.1,0.15,0.1,1,1,2,40,"post_fragmentation","chessboard",12,1178,24,28,8,5,624,2
2,114,50,0.5,0.1,0.15,0.1,1,1,2,40,"post_fragmentation","chessboard",13,1276,26,26,1,337,290,1
2,114,50,0.5,0.1,0.15,0.1,1,1,2,40,"post_fragmentation","chessboard",13,1276,26,26,1,337,330,1
2,114,50,0.5,0.1,0.15,0.1,1,1,2,40,"post_fragmentation","chessboard",13,1276,26,26,1,337,333,4
2,114,50,0.5,0.1,0.15,0.1,1,1,2,40,"post_fragmentation","chessboard",13,1276,26,26,1,337,340,1
2,114,50,0.5,0.1,0.15,0.1,1,1,2,40,"post_fragmentation","chessboard",13,1276,26,26,1,337,368,1
2,114,50,0.5,0.1,0.15,0.1,1,1,2,40,"post_fragmentation","chessboard",13,1276,26,26,1,337,370,1
2,114,50,0.5,0.1,0.15,0.1,1,1,2,40,"post_fragmentation","chessboard",13,1276,26,26,1,337,374,2
2,114,50,0.5,0.1,0.15,0.1,1,1,2,40,"post_fragmentation","chessboard",13,1276,26,26,1,337,385,4
2,114,50,0.5,0.1,0.15,0.1,1,1,2,40,"post_fragmentation","chessboard",13,1276,26,26,1,337,386,1
2,114,50,0.5,0.1,0.15,0.1,1,1,2,40,"post_fragmentation","chessboard",13,1276,26,26,1,337,391,3
2,114,50,0.5,0.1,0.15,0.1,1,1,2,40,"post_fragmentation","chessboard",13,1276,26,26,1,337,404,2
2,114,50,0.5,0.1,0.15,0.1,1,1,2,40,"post_fragmentation","chessboard",13,1276,26,26,1,337,410,1
2,114,50,0.5,0.1,0.15,0.1,1,1,2,40,"post_fragmentation","chessboard",13,1276,26,26,1,337,411,1
2,114,50,0.5,0.1,0.15,0.1,1,1,2,40,"post_fragmentation","chessboard",13,1276,26,26,1,337,421,1
2,114,50,0.5,0.1,0.15,0.1,1,1,2,40,"post_fragmentation","chessboard",13,1276,26,26,1,337,426,1
2,114,50,0.5,0.1,0.15,0.1,1,1,2,40,"post_fragmentation","chessboard",13,1276,26,26,1,337,428,2
2,114,50,0.5,0.1,0.15,0.1,1,1,2,40,"post_fragmentation","chessboard",13,1276,26,26,1,337,429,1
2,114,50,0.5,0.1,0.15,0.1,1,1,2,40,"post_fragmentation","chessboard",13,1276,26,26,1,337,430,1
2,114,50,0.5,0.1,0.15,0.1,1,1,2,40,"post_fragmentation","chessboard",13,1276,26,26,1,337,442,1
2,114,50,0.5,0.1,0.15,0.1,1,1,2,40,"post_fragmentation","chessboard",13,1276,26,26,1,337,446,1
2,114,50,0.5,0.1,0.15,0.1,1,1,2,40,"post_fragmentation","chessboard",13,1276,26,26,1,337,453,1
2,114,50,0.5,0.1,0.15,0.1,1,1,2,40,"post_fragmentation","chessboard",13,1276,26,26,1,337,473,1
2,114,50,0.5,0.1,0.15,0.1,1,1,2,40,"post_fragmentation","chessboard",13,1276,26,26,1,337,513,2
2,114,50,0.5,0.1,0.15,0.1,1,1,2,40,"post_fragmentation","chessboard",14,1325,27,25,1,337,350,1
2,114,50,0.5,0.1,0.15,0.1,1,1,2,40,"post_fragmentation","chessboard",14,1325,27,25,1,337,370,1
2,114,50,0.5,0.1,0.15,0.1,1,1,2,40,"post_fragmentation","chessboard",14,1325,27,25,1,337,385,1
2,114,50,0.5,0.1,0.15,0.1,1,1,2,40,"post_fragmentation","chessboard",14,1325,27,25,1,337,389,2
2,114,50,0.5,0.1,0.15,0.1,1,1,2,40,"post_fragmentation","chessboard",14,1325,27,25,1,337,391,6
2,114,50,0.5,0.1,0.15,0.1,1,1,2,40,"post_fragmentation","chessboard",14,1325,27,25,1,337,399,1
2,114,50,0.5,0.1,0.15,0.1,1,1,2,40,"post_fragmentation","chessboard",14,1325,27,25,1,337,404,1
2,114,50,0.5,0.1,0.15,0.1,1,1,2,40,"post_fragmentation","chessboard",14,1325,27,25,1,337,416,1
2,114,50,0.5,0.1,0.15,0.1,1,1,2,40,"post_fragmentation","chessboard",14,1325,27,25,1,337,426,1
2,114,50,0.5,0.1,0.15,0.1,1,1,2,40,"post_fragmentation","chessboard",14,1325,27,25,1,337,427,2
2,114,50,0.5,0.1,0.15,0.1,1,1,2,40,"post_fragmentation","chessboard",14,1325,27,25,1,337,432,2
2,114,50,0.5,0.1,0.15,0.1,1,1,2,40,"post_fragmentation","chessboard",14,1325,27,25,1,337,441,1
2,114,50,0.5,0.1,0.15,0.1,1,1,2,40,"post_fragmentation","chessboard",14,1325,27,25,1,337,442,1
2,114,50,0.5,0.1,0.15,0.1,1,1,2,40,"post_fragmentation","chessboard",14,1325,27,25,1,337,443,1
2,114,50,0.5,0.1,0.15,0.1,1,1,2,40,"post_fragmentation","chessboard",14,1325,27,25,1,337,453,4
2,114,50,0.5,0.1,0.15,0.1,1,1,2,40,"post_fragmentation","chessboard",14,1325,27,25,1,337,460,1
2,114,50,0.5,0.1,0.15,0.1,1,1,2,40,"post_fragmentation","chessboard",14,1325,27,25,1,337,473,5
2,114,50,0.5,0.1,0.15,0.1,1,1,2,40,"post_fragmentation","chessboard",14,1325,27,25,1,337,487,2
2,114,50,0.5,0.1,0.15,0.1,1,1,2,40,"post_fragmentation","chessboard",14,1325,27,25,1,337,497,1
2,114,50,0.5,0.1,0.15,0.1,1,1,2,40,"post_fragmentation","chessboard",14,1325,27,25,1,337,502,3
2,114,50,0.5,0.1,0.15,0.1,1,1,2,40,"post_fragmentation","chessboard",14,1325,27,25,1,337,527,1
2,114,50,0.5,0.1,0.15,0.1,1,1,2,40,"post_fragmentation","chessboard",15,1327,27,27,1,337,330,1
2,114,50,0.5,0.1,0.15,0.1,1,1,2,40,"post_fragmentation","chessboard",15,1327,27,27,1,337,333,1
2,114,50,0.5,0.1,0.15,0.1,1,1,2,40,"post_fragmentation","chessboard",15,1327,27,27,1,337,351,2
2,114,50,0.5,0.1,0.15,0.1,1,1,2,40,"post_fragmentation","chessboard",15,1327,27,27,1,337,356,1
2,114,50,0.5,0.1,0.15,0.1,1,1,2,40,"post_fragmentation","chessboard",15,1327,27,27,1,337,358,2
2,114,50,0.5,0.1,0.15,0.1,1,1,2,40,"post_fragmentation","chessboard",15,1327,27,27,1,337,375,2
2,114,50,0.5,0.1,0.15,0.1,1,1,2,40,"post_fragmentation","chessboard",15,1327,27,27,1,337,385,1
2,114,50,0.5,0.1,0.15,0.1,1,1,2,40,"post_fragmentation","chessboard",15,1327,27,27,1,337,389,2
2,114,50,0.5,0.1,0.15,0.1,1,1,2,40,"post_fragmentation","chessboard",15,1327,27,27,1,337,391,2
2,114,50,0.5,0.1,0.15,0.1,1,1,2,40,"post_fragmentation","chessboard",15,1327,27,27,1,337,398,1
2,114,50,0.5,0.1,0.15,0.1,1,1,2,40,"post_fragmentation","chessboard",15,1327,27,27,1,337,399,2
2,114,50,0.5,0.1,0.15,0.1,1,1,2,40,"post_fragmentation","chessboard",15,1327,27,27,1,337,410,1
2,114,50,0.5,0.1,0.15,0.1,1,1,2,40,"post_fragmentation","chessboard",15,1327,27,27,1,337,427,1
2,114,50,0.5,0.1,0.15,0.1,1,1,2,40,"post_fragmentation","chessboard",15,1327,27,27,1,337,432,2
2,114,50,0.5,0.1,0.15,0.1,1,1,2,40,"post_fragmentation","chessboard",15,1327,27,27,1,337,442,1
2,114,50,0.5,0.1,0.15,0.1,1,1,2,40,"post_fragmentation","chessboard",15,1327,27,27,1,337,447,2
2,114,50,0.5,0.1,0.15,0.1,1,1,2,40,"post_fragmentation","chessboard",15,1327,27,27,1,337,460,1
2,114,50,0.5,0.1,0.15,0.1,1,1,2,40,"post_fragmentation","chessboard",15,1327,27,27,1,337,468,1
2,114,50,0.5,0.1,0.15,0.1,1,1,2,40,"post_fragmentation","chessboard",15,1327,27,27,1,337,473,1
2,114,50,0.5,0.1,0.15,0.1,1,1,2,40,"post_fragmentation","chessboard",15,1327,27,27,1,337,497,1
2,114,50,0.5,0.1,0.15,0.1,1,1,2,40,"post_fragmentation","chessboard",15,1327,27,27,1,337,502,1
2,114,50,0.5,0.1,0.15,0.1,1,1,2,40,"post_fragmentation","chessboard",15,1327,27,27,1,337,513,2
2,114,50,0.5,0.1,0.15,0.1,1,1,2,40,"post_fragmentation","chessboard",15,1327,27,27,1,337,547,1
2,114,50,0.5,0.1,0.15,0.1,1,1,2,40,"post_fragmentation","chessboard",16,1329,27,29,1,337,332,1
2,114,50,0.5,0.1,0.15,0.1,1,1,2,40,"post_fragmentation","chessboard",16,1329,27,29,1,337,350,1
2,114,50,0.5,0.1,0.15,0.1,1,1,2,40,"post_fragmentation","chessboard",16,1329,27,29,1,337,365,1
2,114,50,0.5,0.1,0.15,0.1,1,1,2,40,"post_fragmentation","chessboard",16,1329,27,29,1,337,370,2
2,114,50,0.5,0.1,0.15,0.1,1,1,2,40,"post_fragmentation","chessboard",16,1329,27,29,1,337,375,1
2,114,50,0.5,0.1,0.15,0.1,1,1,2,40,"post_fragmentation","chessboard",16,1329,27,29,1,337,385,1
2,114,50,0.5,0.1,0.15,0.1,1,1,2,40,"post_fragmentation","chessboard",16,1329,27,29,1,337,386,3
2,114,50,0.5,0.1,0.15,0.1,1,1,2,40,"post_fragmentation","chessboard",16,1329,27,29,1,337,389,1
2,114,50,0.5,0.1,0.15,0.1,1,1,2,40,"post_fragmentation","chessboard",16,1329,27,29,1,337,391,3
2,114,50,0.5,0.1,0.15,0.1,1,1,2,40,"post_fragmentation","chessboard",16,1329,27,29,1,337,404,1
2,114,50,0.5,0.1,0.15,0.1,1,1,2,40,"post_fragmentation","chessboard",16,1329,27,29,1,337,426,1
2,114,50,0.5,0.1,0.15,0.1,1,1,2,40,"post_fragmentation","chessboard",16,1329,27,29,1,337,428,2
2,114,50,0.5,0.1,0.15,0.1,1,1,2,40,"post_fragmentation","chessboard",16,1329,27,29,1,337,429,1
2,114,50,0.5,0.1,0.15,0.1,1,1,2,40,"post_fragmentation","chessboard",16,1329,27,29,1,337,432,1
2,114,50,0.5,0.1,0.15,0.1,1,1,2,40,"post_fragmentation","chessboard",16,1329,27,29,1,337,439,2
2,114,50,0.5,0.1,0.15,0.1,1,1,2,40,"post_fragmentation","chessboard",16,1329,27,29,1,337,460,3
2,114,50,0.5,0.1,0.15,0.1,1,1,2,40,"post_fragmentation","chessboard",16,1329,27,29,1,337,473,3
2,114,50,0.5,0.1,0.15,0.1,1,1,2,40,"post_fragmentation","chessboard",16,1329,27,29,1,337,483,1
2,114,50,0.5,0.1,0.15,0.1,1,1,2,40,"post_fragmentation","chessboard",16,1329,27,29,1,337,502,1
2,114,50,0.5,0.1,0.15,0.1,1,1,2,40,"post_fragmentation","chessboard",16,1329,27,29,1,337,513,6
2,114,50,0.5,0.1,0.15,0.1,1,1,2,40,"post_fragmentation","chessboard",16,1329,27,29,1,337,541,1
2,114,50,0.5,0.1,0.15,0.1,1,1,2,40,"post_fragmentation","chessboard",16,1329,27,29,1,337,542,1
2,114,50,0.5,0.1,0.15,0.1,1,1,2,40,"post_fragmentation","chessboard",16,1329,27,29,1,337,563,1
2,114,50,0.5,0.1,0.15,0.1,1,1,2,40,"post_fragmentation","chessboard",17,1376,28,26,1,337,304,1
2,114,50,0.5,0.1,0.15,0.1,1,1,2,40,"post_fragmentation","chessboard",17,1376,28,26,1,337,323,1
2,114,50,0.5,0.1,0.15,0.1,1,1,2,40,"post_fragmentation","chessboard",17,1376,28,26,1,337,324,1
2,114,50,0.5,0.1,0.15,0.1,1,1,2,40,"post_fragmentation","chessboard",17,1376,28,26,1,337,337,1
2,114,50,0.5,0.1,0.15,0.1,1,1,2,40,"post_fragmentation","chessboard",17,1376,28,26,1,337,351,2
2,114,50,0.5,0.1,0.15,0.1,1,1,2,40,"post_fragmentation","chessboard",17,1376,28,26,1,337,353,2
2,114,50,0.5,0.1,0.15,0.1,1,1,2,40,"post_fragmentation","chessboard",17,1376,28,26,1,337,379,1
2,114,50,0.5,0.1,0.15,0.1,1,1,2,40,"post_fragmentation","chessboard",17,1376,28,26,1,337,391,1
2,114,50,0.5,0.1,0.15,0.1,1,1,2,40,"post_fragmentation","chessboard",17,1376,28,26,1,337,398,1
2,114,50,0.5,0.1,0.15,0.1,1,1,2,40,"post_fragmentation","chessboard",17,1376,28,26,1,337,404,2
2,114,50,0.5,0.1,0.15,0.1,1,1,2,40,"post_fragmentation","chessboard",17,1376,28,26,1,337,411,1
2,114,50,0.5,0.1,0.15,0.1,1,1,2,40,"post_fragmentation","chessboard",17,1376,28,26,1,337,415,1
2,114,50,0.5,0.1,0.15,0.1,1,1,2,40,"post_fragmentation","chessboard",17,1376,28,26,1,337,426,1
2,114,50,0.5,0.1,0.15,0.1,1,1,2,40,"post_fragmentation","chessboard",17,1376,28,26,1,337,427,1
2,114,50,0.5,0.1,0.15,0.1,1,1,2,40,"post_fragmentation","chessboard",17,1376,28,26,1,337,429,3
2,114,50,0.5,0.1,0.15,0.1,1,1,2,40,"post_fragmentation","chessboard",17,1376,28,26,1,337,432,1
2,114,50,0.5,0.1,0.15,0.1,1,1,2,40,"post_fragmentation","chessboard",17,1376,28,26,1,337,441,1
2,114,50,0.5,0.1,0.15,0.1,1,1,2,40,"post_fragmentation","chessboard",17,1376,28,26,1,337,442,1
2,114,50,0.5,0.1,0.15,0.1,1,1,2,40,"post_fragmentation","chessboard",17,1376,28,26,1,337,443,2
2,114,50,0.5,0.1,0.15,0.1,1,1,2,40,"post_fragmentation","chessboard",17,1376,28,26,1,337,459,1
2,114,50,0.5,0.1,0.15,0.1,1,1,2,40,"post_fragmentation","chessboard",17,1376,28,26,1,337,460,1
2,114,50,0.5,0.1,0.15,0.1,1,1,2,40,"post_fragmentation","chessboard",17,1376,28,26,1,337,473,1
2,114,50,0.5,0.1,0.15,0.1,1,1,2,40,"post_fragmentation","chessboard",17,1376,28,26,1,337,476,1
2,114,50,0.5,0.1,0.15,0.1,1,1,2,40,"post_fragmentation","chessboard",17,1376,28,26,1,337,484,1
2,114,50,0.5,0.1,0.15,0.1,1,1,2,40,"post_fragmentation","chessboard",17,1376,28,26,1,337,502,1
2,114,50,0.5,0.1,0.15,0.1,1,1,2,40,"post_fragmentation","chessboard",17,1376,28,26,1,337,524,1
2,114,50,0.5,0.1,0.15,0.1,1,1,2,40,"post_fragmentation","chessboard",18,1378,28,28,1,337,274,1
2,114,50,0.5,0.1,0.15,0.1,1,1,2,40,"post_fragmentation","chessboard",18,1378,28,28,1,337,320,1
2,114,50,0.5,0.1,0.15,0.1,1,1,2,40,"post_fragmentation","chessboard",18,1378,28,28,1,337,327,1
2,114,50,0.5,0.1,0.15,0.1,1,1,2,40,"post_fragmentation","chessboard",18,1378,28,28,1,337,351,2
2,114,50,0.5,0.1,0.15,0.1,1,1,2,40,"post_fragmentation","chessboard",18,1378,28,28,1,337,355,1
2,114,50,0.5,0.1,0.15,0.1,1,1,2,40,"post_fragmentation","chessboard",18,1378,28,28,1,337,375,1
2,114,50,0.5,0.1,0.15,0.1,1,1,2,40,"post_fragmentation","chessboard",18,1378,28,28,1,337,385,2
2,114,50,0.5,0.1,0.15,0.1,1,1,2,40,"post_fragmentation","chessboard",18,1378,28,28,1,337,386,1
2,114,50,0.5,0.1,0.15,0.1,1,1,2,40,"post_fragmentation","chessboard",18,1378,28,28,1,337,391,1
2,114,50,0.5,0.1,0.15,0.1,1,1,2,40,"post_fragmentation","chessboard",18,1378,28,28,1,337,404,2
2,114,50,0.5,0.1,0.15,0.1,1,1,2,40,"post_fragmentation","chessboard",18,1378,28,28,1,337,408,1
2,114,50,0.5,0.1,0.15,0.1,1,1,2,40,"post_fragmentation","chessboard",18,1378,28,28,1,337,411,1
2,114,50,0.5,0.1,0.15,0.1,1,1,2,40,"post_fragmentation","chessboard",18,1378,28,28,1,337,426,1
2,114,50,0.5,0.1,0.15,0.1,1,1,2,40,"post_fragmentation","chessboard",18,1378,28,28,1,337,427,1
2,114,50,0.5,0.1,0.15,0.1,1,1,2,40,"post_fragmentation","chessboard",18,1378,28,28,1,337,428,1
2,114,50,0.5,0.1,0.15,0.1,1,1,2,40,"post_fragmentation","chessboard",18,1378,28,28,1,337,429,1
2,114,50,0.5,0.1,0.15,0.1,1,1,2,40,"post_fragmentation","chessboard",18,1378,28,28,1,337,434,2
2,114,50,0.5,0.1,0.15,0.1,1,1,2,40,"post_fragmentation","chessboard",18,1378,28,28,1,337,435,1
2,114,50,0.5,0.1,0.15,0.1,1,1,2,40,"post_fragmentation","chessboard",18,1378,28,28,1,337,437,2
2,114,50,0.5,0.1,0.15,0.1,1,1,2,40,"post_fragmentation","chessboard",18,1378,28,28,1,337,443,1
2,114,50,0.5,0.1,0.15,0.1,1,1,2,40,"post_fragmentation","chessboard",18,1378,28,28,1,337,446,1
2,114,50,0.5,0.1,0.15,0.1,1,1,2,40,"post_fragmentation","chessboard",18,1378,28,28,1,337,453,2
2,114,50,0.5,0.1,0.15,0.1,1,1,2,40,"post_fragmentation","chessboard",18,1378,28,28,1,337,460,1
2,114,50,0.5,0.1,0.15,0.1,1,1,2,40,"post_fragmentation","chessboard",18,1378,28,28,1,337,468,2
2,114,50,0.5,0.1,0.15,0.1,1,1,2,40,"post_fragmentation","chessboard",18,1378,28,28,1,337,473,1
2,114,50,0.5,0.1,0.15,0.1,1,1,2,40,"post_fragmentation","chessboard",18,1378,28,28,1,337,475,1
2,114,50,0.5,0.1,0.15,0.1,1,1,2,40,"post_fragmentation","chessboard",18,1378,28,28,1,337,493,1
2,114,50,0.5,0.1,0.15,0.1,1,1,2,40,"post_fragmentation","chessboard",18,1378,28,28,1,337,513,2
2,114,50,0.5,0.1,0.15,0.1,1,1,2,40,"post_fragmentation","chessboard",18,1378,28,28,1,337,590,1
2,114,50,0.5,0.1,0.15,0.1,1,1,2,40,"post_fragmentation","chessboard",19,1421,29,21,1,337,391,1
2,114,50,0.5,0.1,0.15,0.1,1,1,2,40,"post_fragmentation","chessboard",19,1421,29,21,1,337,406,1
2,114,50,0.5,0.1,0.15,0.1,1,1,2,40,"post_fragmentation","chessboard",19,1421,29,21,1,337,415,1
2,114,50,0.5,0.1,0.15,0.1,1,1,2,40,"post_fragmentation","chessboard",19,1421,29,21,1,337,426,1
2,114,50,0.5,0.1,0.15,0.1,1,1,2,40,"post_fragmentation","chessboard",19,1421,29,21,1,337,437,2
2,114,50,0.5,0.1,0.15,0.1,1,1,2,40,"post_fragmentation","chessboard",19,1421,29,21,1,337,453,1
2,114,50,0.5,0.1,0.15,0.1,1,1,2,40,"post_fragmentation","chessboard",19,1421,29,21,1,337,460,1
2,114,50,0.5,0.1,0.15,0.1,1,1,2,40,"post_fragmentation","chessboard",19,1421,29,21,1,337,473,3
2,114,50,0.5,0.1,0.15,0.1,1,1,2,40,"post_fragmentation","chessboard",19,1421,29,21,1,337,477,2
2,114,50,0.5,0.1,0.15,0.1,1,1,2,40,"post_fragmentation","chessboard",19,1421,29,21,1,337,483,1
2,114,50,0.5,0.1,0.15,0.1,1,1,2,40,"post_fragmentation","chessboard",19,1421,29,21,1,337,484,1
2,114,50,0.5,0.1,0.15,0.1,1,1,2,40,"post_fragmentation","chessboard",19,1421,29,21,1,337,487,1
2,114,50,0.5,0.1,0.15,0.1,1,1,2,40,"post_fragmentation","chessboard",19,1421,29,21,1,337,495,1
2,114,50,0.5,0.1,0.15,0.1,1,1,2,40,"post_fragmentation","chessboard",19,1421,29,21,1,337,496,1
2,114,50,0.5,0.1,0.15,0.1,1,1,2,40,"post_fragmentation","chessboard",19,1421,29,21,1,337,497,7
2,114,50,0.5,0.1,0.15,0.1,1,1,2,40,"post_fragmentation","chessboard",19,1421,29,21,1,337,507,1
2,114,50,0.5,0.1,0.15,0.1,1,1,2,40,"post_fragmentation","chessboard",19,1421,29,21,1,337,523,2
2,114,50,0.5,0.1,0.15,0.1,1,1,2,40,"post_fragmentation","chessboard",19,1421,29,21,1,337,524,1
2,114,50,0.5,0.1,0.15,0.1,1,1,2,40,"post_fragmentation","chessboard",19,1421,29,21,1,337,695,2
2,114,50,0.5,0.1,0.15,0.1,1,1,2,40,"post_fragmentation","chessboard",20,1423,29,23,1,337,306,1
2,114,50,0.5,0.1,0.15,0.1,1,1,2,40,"post_fragmentation","chessboard",20,1423,29,23,1,337,380,1
2,114,50,0.5,0.1,0.15,0.1,1,1,2,40,"post_fragmentation","chessboard",20,1423,29,23,1,337,383,1
2,114,50,0.5,0.1,0.15,0.1,1,1,2,40,"post_fragmentation","chessboard",20,1423,29,23,1,337,386,1
2,114,50,0.5,0.1,0.15,0.1,1,1,2,40,"post_fragmentation","chessboard",20,1423,29,23,1,337,391,1
2,114,50,0.5,0.1,0.15,0.1,1,1,2,40,"post_fragmentation","chessboard",20,1423,29,23,1,337,399,1
2,114,50,0.5,0.1,0.15,0.1,1,1,2,40,"post_fragmentation","chessboard",20,1423,29,23,1,337,410,2
2,114,50,0.5,0.1,0.15,0.1,1,1,2,40,"post_fragmentation","chessboard",20,1423,29,23,1,337,412,3
2,114,50,0.5,0.1,0.15,0.1,1,1,2,40,"post_fragmentation","chessboard",20,1423,29,23,1,337,415,1
2,114,50,0.5,0.1,0.15,0.1,1,1,2,40,"post_fragmentation","chessboard",20,1423,29,23,1,337,421,2
2,114,50,0.5,0.1,0.15,0.1,1,1,2,40,"post_fragmentation","chessboard",20,1423,29,23,1,337,422,1
2,114,50,0.5,0.1,0.15,0.1,1,1,2,40,"post_fragmentation","chessboard",20,1423,29,23,1,337,426,1
2,114,50,0.5,0.1,0.15,0.1,1,1,2,40,"post_fragmentation","chessboard",20,1423,29,23,1,337,427,1
2,114,50,0.5,0.1,0.15,0.1,1,1,2,40,"post_fragmentation","chessboard",20,1423,29,23,1,337,428,2
2,114,50,0.5,0.1,0.15,0.1,1,1,2,40,"post_fragmentation","chessboard",20,1423,29,23,1,337,432,4
2,114,50,0.5,0.1,0.15,0.1,1,1,2,40,"post_fragmentation","chessboard",20,1423,29,23,1,337,437,2
2,114,50,0.5,0.1,0.15,0.1,1,1,2,40,"post_fragmentation","chessboard",20,1423,29,23,1,337,453,1
2,114,50,0.5,0.1,0.15,0.1,1,1,2,40,"post_fragmentation","chessboard",20,1423,29,23,1,337,460,3
2,114,50,0.5,0.1,0.15,0.1,1,1,2,40,"post_fragmentation","chessboard",20,1423,29,23,1,337,473,3
2,114,50,0.5,0.1,0.15,0.1,1,1,2,40,"post_fragmentation","chessboard",20,1423,29,23,1,337,485,1
2,114,50,0.5,0.1,0.15,0.1,1,1,2,40,"post_fragmentation","chessboard",20,1423,29,23,1,337,487,1
2,114,50,0.5,0.1,0.15,0.1,1,1,2,40,"post_fragmentation","chessboard",20,1423,29,23,1,337,497,1
2,114,50,0.5,0.1,0.15,0.1,1,1,2,40,"post_fragmentation","chessboard",20,1423,29,23,1,337,523,1
2,114,50,0.5,0.1,0.15,0.1,1,1,2,40,"post_fragmentation","chessboard",20,1423,29,23,1,337,524,1
2,114,50,0.5,0.1,0.15,0.1,1,1,2,40,"post_fragmentation","chessboard",20,1423,29,23,1,337,541,2
2,114,50,0.5,0.1,0.15,0.1,1,1,2,40,"post_fragmentation","chessboard",20,1423,29,23,1,337,542,1
2,114,50,0.5,0.1,0.15,0.1,1,1,2,40,"post_fragmentation","chessboard",20,1423,29,23,1,337,553,1
2,114,50,0.5,0.1,0.15,0.1,1,1,2,40,"post_fragmentation","chessboard",21,1425,29,25,1,337,306,1
2,114,50,0.5,0.1,0.15,0.1,1,1,2,40,"post_fragmentation","chessboard",21,1425,29,25,1,337,310,1
2,114,50,0.5,0.1,0.15,0.1,1,1,2,40,"post_fragmentation","chessboard",21,1425,29,25,1,337,324,1
2,114,50,0.5,0.1,0.15,0.1,1,1,2,40,"post_fragmentation","chessboard",21,1425,29,25,1,337,351,1
2,114,50,0.5,0.1,0.15,0.1,1,1,2,40,"post_fragmentation","chessboard",21,1425,29,25,1,337,353,1
2,114,50,0.5,0.1,0.15,0.1,1,1,2,40,"post_fragmentation","chessboard",21,1425,29,25,1,337,361,1
2,114,50,0.5,0.1,0.15,0.1,1,1,2,40,"post_fragmentation","chessboard",21,1425,29,25,1,337,370,2
2,114,50,0.5,0.1,0.15,0.1,1,1,2,40,"post_fragmentation","chessboard",21,1425,29,25,1,337,375,1
2,114,50,0.5,0.1,0.15,0.1,1,1,2,40,"post_fragmentation","chessboard",21,1425,29,25,1,337,376,2
2,114,50,0.5,0.1,0.15,0.1,1,1,2,40,"post_fragmentation","chessboard",21,1425,29,25,1,337,385,1
2,114,50,0.5,0.1,0.15,0.1,1,1,2,40,"post_fragmentation","chessboard",21,1425,29,25,1,337,386,2
2,114,50,0.5,0.1,0.15,0.1,1,1,2,40,"post_fragmentation","chessboard",21,1425,29,25,1,337,391,5
2,114,50,0.5,0.1,0.15,0.1,1,1,2,40,"post_fragmentation","chessboard",21,1425,29,25,1,337,407,1
2,114,50,0.5,0.1,0.15,0.1,1,1,2,40,"post_fragmentation","chessboard",21,1425,29,25,1,337,410,1
2,114,50,0.5,0.1,0.15,0.1,1,1,2,40,"post_fragmentation","chessboard",21,1425,29,25,1,337,421,2
2,114,50,0.5,0.1,0.15,0.1,1,1,2,40,"post_fragmentation","chessboard",21,1425,29,25,1,337,432,1
2,114,50,0.5,0.1,0.15,0.1,1,1,2,40,"post_fragmentation","chessboard",21,1425,29,25,1,337,437,1
2,114,50,0.5,0.1,0.15,0.1,1,1,2,40,"post_fragmentation","chessboard",21,1425,29,25,1,337,441,1
2,114,50,0.5,0.1,0.15,0.1,1,1,2,40,"post_fragmentation","chessboard",21,1425,29,25,1,337,442,1
2,114,50,0.5,0.1,0.15,0.1,1,1,2,40,"post_fragmentation","chessboard",21,1425,29,25,1,337,459,2
2,114,50,0.5,0.1,0.15,0.1,1,1,2,40,"post_fragmentation","chessboard",21,1425,29,25,1,337,460,2
2,114,50,0.5,0.1,0.15,0.1,1,1,2,40,"post_fragmentation","chessboard",21,1425,29,25,1,337,473,4
2,114,50,0.5,0.1,0.15,0.1,1,1,2,40,"post_fragmentation","chessboard",21,1425,29,25,1,337,527,1
2,114,50,0.5,0.1,0.15,0.1,1,1,2,40,"post_fragmentation","chessboard",21,1425,29,25,1,337,568,1
2,114,50,0.5,0.1,0.15,0.1,1,1,2,40,"post_fragmentation","chessboard",22,1427,29,27,1,337,309,1
2,114,50,0.5,0.1,0.15,0.1,1,1,2,40,"post_fragmentation","chessboard",22,1427,29,27,1,337,386,2
2,114,50,0.5,0.1,0.15,0.1,1,1,2,40,"post_fragmentation","chessboard",22,1427,29,27,1,337,391,1
2,114,50,0.5,0.1,0.15,0.1,1,1,2,40,"post_fragmentation","chessboard",22,1427,29,27,1,337,411,1
2,114,50,0.5,0.1,0.15,0.1,1,1,2,40,"post_fragmentation","chessboard",22,1427,29,27,1,337,421,1
2,114,50,0.5,0.1,0.15,0.1,1,1,2,40,"post_fragmentation","chessboard",22,1427,29,27,1,337,441,1
2,114,50,0.5,0.1,0.15,0.1,1,1,2,40,"post_fragmentation","chessboard",22,1427,29,27,1,337,452,2
2,114,50,0.5,0.1,0.15,0.1,1,1,2,40,"post_fragmentation","chessboard",22,1427,29,27,1,337,460,2
2,114,50,0.5,0.1,0.15,0.1,1,1,2,40,"post_fragmentation","chessboard",22,1427,29,27,1,337,467,2
2,114,50,0.5,0.1,0.15,0.1,1,1,2,40,"post_fragmentation","chessboard",22,1427,29,27,1,337,468,1
2,114,50,0.5,0.1,0.15,0.1,1,1,2,40,"post_fragmentation","chessboard",22,1427,29,27,1,337,473,3
2,114,50,0.5,0.1,0.15,0.1,1,1,2,40,"post_fragmentation","chessboard",22,1427,29,27,1,337,476,1
2,114,50,0.5,0.1,0.15,0.1,1,1,2,40,"post_fragmentation","chessboard",22,1427,29,27,1,337,483,1
2,114,50,0.5,0.1,0.15,0.1,1,1,2,40,"post_fragmentation","chessboard",22,1427,29,27,1,337,484,1
2,114,50,0.5,0.1,0.15,0.1,1,1,2,40,"post_fragmentation","chessboard",22,1427,29,27,1,337,500,1
2,114,50,0.5,0.1,0.15,0.1,1,1,2,40,"post_fragmentation","chessboard",22,1427,29,27,1,337,502,4
2,114,50,0.5,0.1,0.15,0.1,1,1,2,40,"post_fragmentation","chessboard",22,1427,29,27,1,337,513,2
2,114,50,0.5,0.1,0.15,0.1,1,1,2,40,"post_fragmentation","chessboard",22,1427,29,27,1,337,527,1
2,114,50,0.5,0.1,0.15,0.1,1,1,2,40,"post_fragmentation","chessboard",22,1427,29,27,1,337,542,1
2,114,50,0.5,0.1,0.15,0.1,1,1,2,40,"post_fragmentation","chessboard",22,1427,29,27,1,337,600,1
2,114,50,0.5,0.1,0.15,0.1,1,1,2,40,"post_fragmentation","chessboard",23,1458,30,8,1,337,382,2
2,114,50,0.5,0.1,0.15,0.1,1,1,2,40,"post_fragmentation","chessboard",23,1458,30,8,1,337,383,3
2,114,50,0.5,0.1,0.15,0.1,1,1,2,40,"post_fragmentation","chessboard",23,1458,30,8,1,337,386,1
2,114,50,0.5,0.1,0.15,0.1,1,1,2,40,"post_fragmentation","chessboard",23,1458,30,8,1,337,406,2
2,114,50,0.5,0.1,0.15,0.1,1,1,2,40,"post_fragmentation","chessboard",23,1458,30,8,1,337,408,1
2,114,50,0.5,0.1,0.15,0.1,1,1,2,40,"post_fragmentation","chessboard",23,1458,30,8,1,337,432,2
2,114,50,0.5,0.1,0.15,0.1,1,1,2,40,"post_fragmentation","chessboard",23,1458,30,8,1,337,444,1
2,114,50,0.5,0.1,0.15,0.1,1,1,2,40,"post_fragmentation","chessboard",23,1458,30,8,1,337,445,1
2,114,50,0.5,0.1,0.15,0.1,1,1,2,40,"post_fragmentation","chessboard",24,1460,30,10,1,337,263,1
2,114,50,0.5,0.1,0.15,0.1,1,1,2,40,"post_fragmentation","chessboard",24,1460,30,10,1,337,309,1
2,114,50,0.5,0.1,0.15,0.1,1,1,2,40,"post_fragmentation","chessboard",24,1460,30,10,1,337,340,1
2,114,50,0.5,0.1,0.15,0.1,1,1,2,40,"post_fragmentation","chessboard",24,1460,30,10,1,337,344,4
2,114,50,0.5,0.1,0.15,0.1,1,1,2,40,"post_fragmentation","chessboard",24,1460,30,10,1,337,351,4
2,114,50,0.5,0.1,0.15,0.1,1,1,2,40,"post_fragmentation","chessboard",24,1460,30,10,1,337,383,1
2,114,50,0.5,0.1,0.15,0.1,1,1,2,40,"post_fragmentation","chessboard",24,1460,30,10,1,337,386,1
2,114,50,0.5,0.1,0.15,0.1,1,1,2,40,"post_fragmentation","chessboard",24,1460,30,10,1,337,406,4
2,114,50,0.5,0.1,0.15,0.1,1,1,2,40,"post_fragmentation","chessboard",24,1460,30,10,1,337,407,1
2,114,50,0.5,0.1,0.15,0.1,1,1,2,40,"post_fragmentation","chessboard",24,1460,30,10,1,337,408,4
2,114,50,0.5,0.1,0.15,0.1,1,1,2,40,"post_fragmentation","chessboard",24,1460,30,10,1,337,415,2
2,114,50,0.5,0.1,0.15,0.1,1,1,2,40,"post_fragmentation","chessboard",24,1460,30,10,1,337,421,1
2,114,50,0.5,0.1,0.15,0.1,1,1,2,40,"post_fragmentation","chessboard",24,1460,30,10,1,337,422,1
2,114,50,0.5,0.1,0.15,0.1,1,1,2,40,"post_fragmentation","chessboard",24,1460,30,10,1,337,435,1
2,114,50,0.5,0.1,0.15,0.1,1,1,2,40,"post_fragmentation","chessboard",24,1460,30,10,1,337,445,3
2,114,50,0.5,0.1,0.15,0.1,1,1,2,40,"post_fragmentation","chessboard",24,1460,30,10,1,337,479,1
2,114,50,0.5,0.1,0.15,0.1,1,1,2,40,"post_fragmentation","chessboard",24,1460,30,10,1,337,481,1
2,114,50,0.5,0.1,0.15,0.1,1,1,2,40,"post_fragmentation","chessboard",24,1460,30,10,1,337,489,1
2,114,50,0.5,0.1,0.15,0.1,1,1,2,40,"post_fragmentation","chessboard",24,1460,30,10,1,337,527,1
2,114,50,0.5,0.1,0.15,0.1,1,1,2,40,"post_fragmentation","chessboard",24,1460,30,10,1,337,548,1
2,114,50,0.5,0.1,0.15,0.1,1,1,2,40,"post_fragmentation","chessboard",24,1460,30,10,1,337,549,1
2,114,50,0.5,0.1,0.15,0.1,1,1,2,40,"post_fragmentation","chessboard",24,1460,30,10,1,337,612,2
2,114,50,0.5,0.1,0.15,0.1,1,1,2,40,"post_fragmentation","chessboard",25,1468,30,18,1,337,274,1
2,114,50,0.5,0.1,0.15,0.1,1,1,2,40,"post_fragmentation","chessboard",25,1468,30,18,1,337,290,1
2,114,50,0.5,0.1,0.15,0.1,1,1,2,40,"post_fragmentation","chessboard",25,1468,30,18,1,337,292,1
2,114,50,0.5,0.1,0.15,0.1,1,1,2,40,"post_fragmentation","chessboard",25,1468,30,18,1,337,310,1
2,114,50,0.5,0.1,0.15,0.1,1,1,2,40,"post_fragmentation","chessboard",25,1468,30,18,1,337,329,2
2,114,50,0.5,0.1,0.15,0.1,1,1,2,40,"post_fragmentation","chessboard",25,1468,30,18,1,337,351,1
2,114,50,0.5,0.1,0.15,0.1,1,1,2,40,"post_fragmentation","chessboard",25,1468,30,18,1,337,386,2
2,114,50,0.5,0.1,0.15,0.1,1,1,2,40,"post_fragmentation","chessboard",25,1468,30,18,1,337,408,1
2,114,50,0.5,0.1,0.15,0.1,1,1,2,40,"post_fragmentation","chessboard",25,1468,30,18,1,337,441,1
2,114,50,0.5,0.1,0.15,0.1,1,1,2,40,"post_fragmentation","chessboard",25,1468,30,18,1,337,497,1
2,114,50,0.5,0.1,0.15,0.1,1,1,2,40,"post_fragmentation","chessboard",26,1470,30,20,1,337,353,1
2,114,50,0.5,0.1,0.15,0.1,1,1,2,40,"post_fragmentation","chessboard",26,1470,30,20,1,337,386,2
2,114,50,0.5,0.1,0.15,0.1,1,1,2,40,"post_fragmentation","chessboard",26,1470,30,20,1,337,399,2
2,114,50,0.5,0.1,0.15,0.1,1,1,2,40,"post_fragmentation","chessboard",26,1470,30,20,1,337,414,1
2,114,50,0.5,0.1,0.15,0.1,1,1,2,40,"post_fragmentation","chessboard",26,1470,30,20,1,337,419,1
2,114,50,0.5,0.1,0.15,0.1,1,1,2,40,"post_fragmentation","chessboard",26,1470,30,20,1,337,421,2
2,114,50,0.5,0.1,0.15,0.1,1,1,2,40,"post_fragmentation","chessboard",26,1470,30,20,1,337,422,1
2,114,50,0.5,0.1,0.15,0.1,1,1,2,40,"post_fragmentation","chessboard",26,1470,30,20,1,337,426,1
2,114,50,0.5,0.1,0.15,0.1,1,1,2,40,"post_fragmentation","chessboard",26,1470,30,20,1,337,429,1
2,114,50,0.5,0.1,0.15,0.1,1,1,2,40,"post_fragmentation","chessboard",26,1470,30,20,1,337,430,1
2,114,50,0.5,0.1,0.15,0.1,1,1,2,40,"post_fragmentation","chessboard",26,1470,30,20,1,337,437,2
2,114,50,0.5,0.1,0.15,0.1,1,1,2,40,"post_fragmentation","chessboard",26,1470,30,20,1,337,446,1
2,114,50,0.5,0.1,0.15,0.1,1,1,2,40,"post_fragmentation","chessboard",26,1470,30,20,1,337,459,1
2,114,50,0.5,0.1,0.15,0.1,1,1,2,40,"post_fragmentation","chessboard",26,1470,30,20,1,337,473,9
2,114,50,0.5,0.1,0.15,0.1,1,1,2,40,"post_fragmentation","chessboard",26,1470,30,20,1,337,476,1
2,114,50,0.5,0.1,0.15,0.1,1,1,2,40,"post_fragmentation","chessboard",26,1470,30,20,1,337,480,1
2,114,50,0.5,0.1,0.15,0.1,1,1,2,40,"post_fragmentation","chessboard",26,1470,30,20,1,337,485,1
2,114,50,0.5,0.1,0.15,0.1,1,1,2,40,"post_fragmentation","chessboard",26,1470,30,20,1,337,486,1
2,114,50,0.5,0.1,0.15,0.1,1,1,2,40,"post_fragmentation","chessboard",26,1470,30,20,1,337,495,1
2,114,50,0.5,0.1,0.15,0.1,1,1,2,40,"post_fragmentation","chessboard",26,1470,30,20,1,337,497,1
2,114,50,0.5,0.1,0.15,0.1,1,1,2,40,"post_fragmentation","chessboard",26,1470,30,20,1,337,502,4
2,114,50,0.5,0.1,0.15,0.1,1,1,2,40,"post_fragmentation","chessboard",26,1470,30,20,1,337,523,3
2,114,50,0.5,0.1,0.15,0.1,1,1,2,40,"post_fragmentation","chessboard",26,1470,30,20,1,337,524,1
2,114,50,0.5,0.1,0.15,0.1,1,1,2,40,"post_fragmentation","chessboard",26,1470,30,20,1,337,527,1
2,114,50,0.5,0.1,0.15,0.1,1,1,2,40,"post_fragmentation","chessboard",26,1470,30,20,1,337,568,1
2,114,50,0.5,0.1,0.15,0.1,1,1,2,40,"post_fragmentation","chessboard",27,1472,30,22,1,337,329,1
2,114,50,0.5,0.1,0.15,0.1,1,1,2,40,"post_fragmentation","chessboard",27,1472,30,22,1,337,353,2
2,114,50,0.5,0.1,0.15,0.1,1,1,2,40,"post_fragmentation","chessboard",27,1472,30,22,1,337,379,1
2,114,50,0.5,0.1,0.15,0.1,1,1,2,40,"post_fragmentation","chessboard",27,1472,30,22,1,337,385,2
2,114,50,0.5,0.1,0.15,0.1,1,1,2,40,"post_fragmentation","chessboard",27,1472,30,22,1,337,386,2
2,114,50,0.5,0.1,0.15,0.1,1,1,2,40,"post_fragmentation","chessboard",27,1472,30,22,1,337,389,1
2,114,50,0.5,0.1,0.15,0.1,1,1,2,40,"post_fragmentation","chessboard",27,1472,30,22,1,337,390,1
2,114,50,0.5,0.1,0.15,0.1,1,1,2,40,"post_fragmentation","chessboard",27,1472,30,22,1,337,398,1
2,114,50,0.5,0.1,0.15,0.1,1,1,2,40,"post_fragmentation","chessboard",27,1472,30,22,1,337,410,1
2,114,50,0.5,0.1,0.15,0.1,1,1,2,40,"post_fragmentation","chessboard",27,1472,30,22,1,337,411,2
2,114,50,0.5,0.1,0.15,0.1,1,1,2,40,"post_fragmentation","chessboard",27,1472,30,22,1,337,415,1
2,114,50,0.5,0.1,0.15,0.1,1,1,2,40,"post_fragmentation","chessboard",27,1472,30,22,1,337,426,1
2,114,50,0.5,0.1,0.15,0.1,1,1,2,40,"post_fragmentation","chessboard",27,1472,30,22,1,337,430,1
2,114,50,0.5,0.1,0.15,0.1,1,1,2,40,"post_fragmentation","chessboard",27,1472,30,22,1,337,434,1
2,114,50,0.5,0.1,0.15,0.1,1,1,2,40,"post_fragmentation","chessboard",27,1472,30,22,1,337,437,3
2,114,50,0.5,0.1,0.15,0.1,1,1,2,40,"post_fragmentation","chessboard",27,1472,30,22,1,337,446,1
2,114,50,0.5,0.1,0.15,0.1,1,1,2,40,"post_fragmentation","chessboard",27,1472,30,22,1,337,453,1
2,114,50,0.5,0.1,0.15,0.1,1,1,2,40,"post_fragmentation","chessboard",27,1472,30,22,1,337,460,2
2,114,50,0.5,0.1,0.15,0.1,1,1,2,40,"post_fragmentation","chessboard",27,1472,30,22,1,337,473,4
2,114,50,0.5,0.1,0.15,0.1,1,1,2,40,"post_fragmentation","chessboard",27,1472,30,22,1,337,480,3
2,114,50,0.5,0.1,0.15,0.1,1,1,2,40,"post_fragmentation","chessboard",27,1472,30,22,1,337,481,1
2,114,50,0.5,0.1,0.15,0.1,1,1,2,40,"post_fragmentation","chessboard",27,1472,30,22,1,337,500,1
2,114,50,0.5,0.1,0.15,0.1,1,1,2,40,"post_fragmentation","chessboard",27,1472,30,22,1,337,502,3
2,114,50,0.5,0.1,0.15,0.1,1,1,2,40,"post_fragmentation","chessboard",27,1472,30,22,1,337,523,1
2,114,50,0.5,0.1,0.15,0.1,1,1,2,40,"post_fragmentation","chessboard",27,1472,30,22,1,337,524,1
2,114,50,0.5,0.1,0.15,0.1,1,1,2,40,"post_fragmentation","chessboard",28,1474,30,24,1,337,306,1
2,114,50,0.5,0.1,0.15,0.1,1,1,2,40,"post_fragmentation","chessboard",28,1474,30,24,1,337,310,2
2,114,50,0.5,0.1,0.15,0.1,1,1,2,40,"post_fragmentation","chessboard",28,1474,30,24,1,337,316,1
2,114,50,0.5,0.1,0.15,0.1,1,1,2,40,"post_fragmentation","chessboard",28,1474,30,24,1,337,322,1
2,114,50,0.5,0.1,0.15,0.1,1,1,2,40,"post_fragmentation","chessboard",28,1474,30,24,1,337,324,1
2,114,50,0.5,0.1,0.15,0.1,1,1,2,40,"post_fragmentation","chessboard",28,1474,30,24,1,337,330,1
2,114,50,0.5,0.1,0.15,0.1,1,1,2,40,"post_fragmentation","chessboard",28,1474,30,24,1,337,351,4
2,114,50,0.5,0.1,0.15,0.1,1,1,2,40,"post_fragmentation","chessboard",28,1474,30,24,1,337,375,2
2,114,50,0.5,0.1,0.15,0.1,1,1,2,40,"post_fragmentation","chessboard",28,1474,30,24,1,337,385,1
2,114,50,0.5,0.1,0.15,0.1,1,1,2,40,"post_fragmentation","chessboard",28,1474,30,24,1,337,391,1
2,114,50,0.5,0.1,0.15,0.1,1,1,2,40,"post_fragmentation","chessboard",28,1474,30,24,1,337,404,1
2,114,50,0.5,0.1,0.15,0.1,1,1,2,40,"post_fragmentation","chessboard",28,1474,30,24,1,337,406,1
2,114,50,0.5,0.1,0.15,0.1,1,1,2,40,"post_fragmentation","chessboard",28,1474,30,24,1,337,407,1
2,114,50,0.5,0.1,0.15,0.1,1,1,2,40,"post_fragmentation","chessboard",28,1474,30,24,1,337,410,1
2,114,50,0.5,0.1,0.15,0.1,1,1,2,40,"post_fragmentation","chessboard",28,1474,30,24,1,337,414,1
2,114,50,0.5,0.1,0.15,0.1,1,1,2,40,"post_fragmentation","chessboard",28,1474,30,24,1,337,415,1
2,114,50,0.5,0.1,0.15,0.1,1,1,2,40,"post_fragmentation","chessboard",28,1474,30,24,1,337,421,3
2,114,50,0.5,0.1,0.15,0.1,1,1,2,40,"post_fragmentation","chessboard",28,1474,30,24,1,337,422,2
2,114,50,0.5,0.1,0.15,0.1,1,1,2,40,"post_fragmentation","chessboard",28,1474,30,24,1,337,426,1
2,114,50,0.5,0.1,0.15,0.1,1,1,2,40,"post_fragmentation","chessboard",28,1474,30,24,1,337,428,3
2,114,50,0.5,0.1,0.15,0.1,1,1,2,40,"post_fragmentation","chessboard",28,1474,30,24,1,337,437,1
2,114,50,0.5,0.1,0.15,0.1,1,1,2,40,"post_fragmentation","chessboard",28,1474,30,24,1,337,441,1
2,114,50,0.5,0.1,0.15,0.1,1,1,2,40,"post_fragmentation","chessboard",28,1474,30,24,1,337,445,2
2,114,50,0.5,0.1,0.15,0.1,1,1,2,40,"post_fragmentation","chessboard",28,1474,30,24,1,337,446,1
2,114,50,0.5,0.1,0.15,0.1,1,1,2,40,"post_fragmentation","chessboard",28,1474,30,24,1,337,453,1
2,114,50,0.5,0.1,0.15,0.1,1,1,2,40,"post_fragmentation","chessboard",28,1474,30,24,1,337,460,1
2,114,50,0.5,0.1,0.15,0.1,1,1,2,40,"post_fragmentation","chessboard",28,1474,30,24,1,337,473,1
2,114,50,0.5,0.1,0.15,0.1,1,1,2,40,"post_fragmentation","chessboard",28,1474,30,24,1,337,480,1
2,114,50,0.5,0.1,0.15,0.1,1,1,2,40,"post_fragmentation","chessboard",28,1474,30,24,1,337,497,1
2,114,50,0.5,0.1,0.15,0.1,1,1,2,40,"post_fragmentation","chessboard",29,1476,30,26,1,337,304,1
2,114,50,0.5,0.1,0.15,0.1,1,1,2,40,"post_fragmentation","chessboard",29,1476,30,26,1,337,310,1
2,114,50,0.5,0.1,0.15,0.1,1,1,2,40,"post_fragmentation","chessboard",29,1476,30,26,1,337,323,1
2,114,50,0.5,0.1,0.15,0.1,1,1,2,40,"post_fragmentation","chessboard",29,1476,30,26,1,337,324,2
2,114,50,0.5,0.1,0.15,0.1,1,1,2,40,"post_fragmentation","chessboard",29,1476,30,26,1,337,351,4
2,114,50,0.5,0.1,0.15,0.1,1,1,2,40,"post_fragmentation","chessboard",29,1476,30,26,1,337,353,1
2,114,50,0.5,0.1,0.15,0.1,1,1,2,40,"post_fragmentation","chessboard",29,1476,30,26,1,337,358,1
2,114,50,0.5,0.1,0.15,0.1,1,1,2,40,"post_fragmentation","chessboard",29,1476,30,26,1,337,375,1
2,114,50,0.5,0.1,0.15,0.1,1,1,2,40,"post_fragmentation","chessboard",29,1476,30,26,1,337,385,3
2,114,50,0.5,0.1,0.15,0.1,1,1,2,40,"post_fragmentation","chessboard",29,1476,30,26,1,337,399,2
2,114,50,0.5,0.1,0.15,0.1,1,1,2,40,"post_fragmentation","chessboard",29,1476,30,26,1,337,410,1
2,114,50,0.5,0.1,0.15,0.1,1,1,2,40,"post_fragmentation","chessboard",29,1476,30,26,1,337,412,2
2,114,50,0.5,0.1,0.15,0.1,1,1,2,40,"post_fragmentation","chessboard",29,1476,30,26,1,337,432,1
2,114,50,0.5,0.1,0.15,0.1,1,1,2,40,"post_fragmentation","chessboard",29,1476,30,26,1,337,437,1
2,114,50,0.5,0.1,0.15,0.1,1,1,2,40,"post_fragmentation","chessboard",29,1476,30,26,1,337,444,1
2,114,50,0.5,0.1,0.15,0.1,1,1,2,40,"post_fragmentation","chessboard",29,1476,30,26,1,337,453,1
2,114,50,0.5,0.1,0.15,0.1,1,1,2,40,"post_fragmentation","chessboard",29,1476,30,26,1,337,459,1
2,114,50,0.5,0.1,0.15,0.1,1,1,2,40,"post_fragmentation","chessboard",29,1476,30,26,1,337,460,1
2,114,50,0.5,0.1,0.15,0.1,1,1,2,40,"post_fragmentation","chessboard",29,1476,30,26,1,337,464,2
2,114,50,0.5,0.1,0.15,0.1,1,1,2,40,"post_fragmentation","chessboard",29,1476,30,26,1,337,473,1
2,114,50,0.5,0.1,0.15,0.1,1,1,2,40,"post_fragmentation","chessboard",29,1476,30,26,1,337,476,1
2,114,50,0.5,0.1,0.15,0.1,1,1,2,40,"post_fragmentation","chessboard",29,1476,30,26,1,337,484,3
2,114,50,0.5,0.1,0.15,0.1,1,1,2,40,"post_fragmentation","chessboard",29,1476,30,26,1,337,497,1
2,114,50,0.5,0.1,0.15,0.1,1,1,2,40,"post_fragmentation","chessboard",29,1476,30,26,1,337,624,1
2,114,50,0.5,0.1,0.15,0.1,1,1,2,40,"post_fragmentation","chessboard",30,1507,31,7,1,337,372,1
2,114,50,0.5,0.1,0.15,0.1,1,1,2,40,"post_fragmentation","chessboard",30,1507,31,7,1,337,382,1
2,114,50,0.5,0.1,0.15,0.1,1,1,2,40,"post_fragmentation","chessboard",30,1507,31,7,1,337,389,1
2,114,50,0.5,0.1,0.15,0.1,1,1,2,40,"post_fragmentation","chessboard",30,1507,31,7,1,337,406,1
2,114,50,0.5,0.1,0.15,0.1,1,1,2,40,"post_fragmentation","chessboard",30,1507,31,7,1,337,407,1
2,114,50,0.5,0.1,0.15,0.1,1,1,2,40,"post_fragmentation","chessboard",30,1507,31,7,1,337,415,1
2,114,50,0.5,0.1,0.15,0.1,1,1,2,40,"post_fragmentation","chessboard",30,1507,31,7,1,337,434,1
2,114,50,0.5,0.1,0.15,0.1,1,1,2,40,"post_fragmentation","chessboard",30,1507,31,7,1,337,435,1
2,114,50,0.5,0.1,0.15,0.1,1,1,2,40,"post_fragmentation","chessboard",30,1507,31,7,1,337,442,1
2,114,50,0.5,0.1,0.15,0.1,1,1,2,40,"post_fragmentation","chessboard",30,1507,31,7,1,337,444,3
2,114,50,0.5,0.1,0.15,0.1,1,1,2,40,"post_fragmentation","chessboard",30,1507,31,7,1,337,446,2
2,114,50,0.5,0.1,0.15,0.1,1,1,2,40,"post_fragmentation","chessboard",30,1507,31,7,1,337,449,1
2,114,50,0.5,0.1,0.15,0.1,1,1,2,40,"post_fragmentation","chessboard",30,1507,31,7,1,337,452,3
2,114,50,0.5,0.1,0.15,0.1,1,1,2,40,"post_fragmentation","chessboard",30,1507,31,7,1,337,459,1
2,114,50,0.5,0.1,0.15,0.1,1,1,2,40,"post_fragmentation","chessboard",30,1507,31,7,1,337,462,1
2,114,50,0.5,0.1,0.15,0.1,1,1,2,40,"post_fragmentation","chessboard",30,1507,31,7,1,337,465,1
2,114,50,0.5,0.1,0.15,0.1,1,1,2,40,"post_fragmentation","chessboard",30,1507,31,7,1,337,473,1
2,114,50,0.5,0.1,0.15,0.1,1,1,2,40,"post_fragmentation","chessboard",30,1507,31,7,1,337,479,1
2,114,50,0.5,0.1,0.15,0.1,1,1,2,40,"post_fragmentation","chessboard",30,1507,31,7,1,337,481,2
2,114,50,0.5,0.1,0.15,0.1,1,1,2,40,"post_fragmentation","chessboard",30,1507,31,7,1,337,483,1
2,114,50,0.5,0.1,0.15,0.1,1,1,2,40,"post_fragmentation","chessboard",30,1507,31,7,1,337,485,1
2,114,50,0.5,0.1,0.15,0.1,1,1,2,40,"post_fragmentation","chessboard",30,1507,31,7,1,337,489,1
2,114,50,0.5,0.1,0.15,0.1,1,1,2,40,"post_fragmentation","chessboard",30,1507,31,7,1,337,495,2
2,114,50,0.5,0.1,0.15,0.1,1,1,2,40,"post_fragmentation","chessboard",30,1507,31,7,1,337,497,1
2,114,50,0.5,0.1,0.15,0.1,1,1,2,40,"post_fragmentation","chessboard",30,1507,31,7,1,337,507,1
2,114,50,0.5,0.1,0.15,0.1,1,1,2,40,"post_fragmentation","chessboard",30,1507,31,7,1,337,518,2
2,114,50,0.5,0.1,0.15,0.1,1,1,2,40,"post_fragmentation","chessboard",30,1507,31,7,1,337,527,7
2,114,50,0.5,0.1,0.15,0.1,1,1,2,40,"post_fragmentation","chessboard",30,1507,31,7,1,337,534,1
2,114,50,0.5,0.1,0.15,0.1,1,1,2,40,"post_fragmentation","chessboard",30,1507,31,7,1,337,612,1
2,114,50,0.5,0.1,0.15,0.1,1,1,2,40,"post_fragmentation","chessboard",30,1507,31,7,1,337,628,1
2,114,50,0.5,0.1,0.15,0.1,1,1,2,40,"post_fragmentation","chessboard",31,1509,31,9,1,337,340,1
2,114,50,0.5,0.1,0.15,0.1,1,1,2,40,"post_fragmentation","chessboard",31,1509,31,9,1,337,344,2
2,114,50,0.5,0.1,0.15,0.1,1,1,2,40,"post_fragmentation","chessboard",31,1509,31,9,1,337,382,1
2,114,50,0.5,0.1,0.15,0.1,1,1,2,40,"post_fragmentation","chessboard",31,1509,31,9,1,337,390,1
2,114,50,0.5,0.1,0.15,0.1,1,1,2,40,"post_fragmentation","chessboard",31,1509,31,9,1,337,408,2
2,114,50,0.5,0.1,0.15,0.1,1,1,2,40,"post_fragmentation","chessboard",31,1509,31,9,1,337,415,1
2,114,50,0.5,0.1,0.15,0.1,1,1,2,40,"post_fragmentation","chessboard",31,1509,31,9,1,337,419,1
2,114,50,0.5,0.1,0.15,0.1,1,1,2,40,"post_fragmentation","chessboard",31,1509,31,9,1,337,421,2
2,114,50,0.5,0.1,0.15,0.1,1,1,2,40,"post_fragmentation","chessboard",31,1509,31,9,1,337,422,1
2,114,50,0.5,0.1,0.15,0.1,1,1,2,40,"post_fragmentation","chessboard",31,1509,31,9,1,337,432,1
2,114,50,0.5,0.1,0.15,0.1,1,1,2,40,"post_fragmentation","chessboard",31,1509,31,9,1,337,445,2
2,114,50,0.5,0.1,0.15,0.1,1,1,2,40,"post_fragmentation","chessboard",31,1509,31,9,1,337,459,2
2,114,50,0.5,0.1,0.15,0.1,1,1,2,40,"post_fragmentation","chessboard",31,1509,31,9,1,337,460,1
2,114,50,0.5,0.1,0.15,0.1,1,1,2,40,"post_fragmentation","chessboard",31,1509,31,9,1,337,481,2
2,114,50,0.5,0.1,0.15,0.1,1,1,2,40,"post_fragmentation","chessboard",31,1509,31,9,1,337,487,2
2,114,50,0.5,0.1,0.15,0.1,1,1,2,40,"post_fragmentation","chessboard",31,1509,31,9,1,337,495,1
2,114,50,0.5,0.1,0.15,0.1,1,1,2,40,"post_fragmentation","chessboard",31,1509,31,9,1,337,496,1
2,114,50,0.5,0.1,0.15,0.1,1,1,2,40,"post_fragmentation","chessboard",31,1509,31,9,1,337,497,2
2,114,50,0.5,0.1,0.15,0.1,1,1,2,40,"post_fragmentation","chessboard",31,1509,31,9,1,337,507,2
2,114,50,0.5,0.1,0.15,0.1,1,1,2,40,"post_fragmentation","chessboard",31,1509,31,9,1,337,518,1
2,114,50,0.5,0.1,0.15,0.1,1,1,2,40,"post_fragmentation","chessboard",31,1509,31,9,1,337,523,1
2,114,50,0.5,0.1,0.15,0.1,1,1,2,40,"post_fragmentation","chessboard",31,1509,31,9,1,337,527,5
2,114,50,0.5,0.1,0.15,0.1,1,1,2,40,"post_fragmentation","chessboard",31,1509,31,9,1,337,534,1
2,114,50,0.5,0.1,0.15,0.1,1,1,2,40,"post_fragmentation","chessboard",31,1509,31,9,1,337,549,1
2,114,50,0.5,0.1,0.15,0.1,1,1,2,40,"post_fragmentation","chessboard",31,1509,31,9,1,337,595,1
2,114,50,0.5,0.1,0.15,0.1,1,1,2,40,"post_fragmentation","chessboard",31,1509,31,9,1,337,612,1
2,114,50,0.5,0.1,0.15,0.1,1,1,2,40,"post_fragmentation","chessboard",32,1515,31,15,1,337,446,1
2,114,50,0.5,0.1,0.15,0.1,1,1,2,40,"post_fragmentation","chessboard",32,1515,31,15,1,337,459,1
2,114,50,0.5,0.1,0.15,0.1,1,1,2,40,"post_fragmentation","chessboard",32,1515,31,15,1,337,460,1
2,114,50,0.5,0.1,0.15,0.1,1,1,2,40,"post_fragmentation","chessboard",32,1515,31,15,1,337,471,2
2,114,50,0.5,0.1,0.15,0.1,1,1,2,40,"post_fragmentation","chessboard",32,1515,31,15,1,337,480,2
2,114,50,0.5,0.1,0.15,0.1,1,1,2,40,"post_fragmentation","chessboard",32,1515,31,15,1,337,483,2
2,114,50,0.5,0.1,0.15,0.1,1,1,2,40,"post_fragmentation","chessboard",32,1515,31,15,1,337,486,2
2,114,50,0.5,0.1,0.15,0.1,1,1,2,40,"post_fragmentation","chessboard",32,1515,31,15,1,337,487,1
2,114,50,0.5,0.1,0.15,0.1,1,1,2,40,"post_fragmentation","chessboard",32,1515,31,15,1,337,489,1
2,114,50,0.5,0.1,0.15,0.1,1,1,2,40,"post_fragmentation","chessboard",32,1515,31,15,1,337,495,1
2,114,50,0.5,0.1,0.15,0.1,1,1,2,40,"post_fragmentation","chessboard",32,1515,31,15,1,337,497,1
2,114,50,0.5,0.1,0.15,0.1,1,1,2,40,"post_fragmentation","chessboard",32,1515,31,15,1,337,502,2
2,114,50,0.5,0.1,0.15,0.1,1,1,2,40,"post_fragmentation","chessboard",32,1515,31,15,1,337,512,1
2,114,50,0.5,0.1,0.15,0.1,1,1,2,40,"post_fragmentation","chessboard",32,1515,31,15,1,337,523,3
2,114,50,0.5,0.1,0.15,0.1,1,1,2,40,"post_fragmentation","chessboard",32,1515,31,15,1,337,524,4
2,114,50,0.5,0.1,0.15,0.1,1,1,2,40,"post_fragmentation","chessboard",32,1515,31,15,1,337,568,3
2,114,50,0.5,0.1,0.15,0.1,1,1,2,40,"post_fragmentation","chessboard",32,1515,31,15,1,337,589,1
2,114,50,0.5,0.1,0.15,0.1,1,1,2,40,"post_fragmentation","chessboard",32,1515,31,15,1,337,595,2
2,114,50,0.5,0.1,0.15,0.1,1,1,2,40,"post_fragmentation","chessboard",32,1515,31,15,1,337,638,4
2,114,50,0.5,0.1,0.15,0.1,1,1,2,40,"post_fragmentation","chessboard",32,1515,31,15,1,337,668,1
2,114,50,0.5,0.1,0.15,0.1,1,1,2,40,"post_fragmentation","chessboard",33,1517,31,17,1,337,408,1
2,114,50,0.5,0.1,0.15,0.1,1,1,2,40,"post_fragmentation","chessboard",33,1517,31,17,1,337,432,1
2,114,50,0.5,0.1,0.15,0.1,1,1,2,40,"post_fragmentation","chessboard",33,1517,31,17,1,337,442,1
2,114,50,0.5,0.1,0.15,0.1,1,1,2,40,"post_fragmentation","chessboard",33,1517,31,17,1,337,473,1
2,114,50,0.5,0.1,0.15,0.1,1,1,2,40,"post_fragmentation","chessboard",33,1517,31,17,1,337,477,1
2,114,50,0.5,0.1,0.15,0.1,1,1,2,40,"post_fragmentation","chessboard",33,1517,31,17,1,337,479,1
2,114,50,0.5,0.1,0.15,0.1,1,1,2,40,"post_fragmentation","chessboard",33,1517,31,17,1,337,480,5
2,114,50,0.5,0.1,0.15,0.1,1,1,2,40,"post_fragmentation","chessboard",33,1517,31,17,1,337,483,2
2,114,50,0.5,0.1,0.15,0.1,1,1,2,40,"post_fragmentation","chessboard",33,1517,31,17,1,337,487,2
2,114,50,0.5,0.1,0.15,0.1,1,1,2,40,"post_fragmentation","chessboard",33,1517,31,17,1,337,495,1
2,114,50,0.5,0.1,0.15,0.1,1,1,2,40,"post_fragmentation","chessboard",33,1517,31,17,1,337,496,2
2,114,50,0.5,0.1,0.15,0.1,1,1,2,40,"post_fragmentation","chessboard",33,1517,31,17,1,337,497,3
2,114,50,0.5,0.1,0.15,0.1,1,1,2,40,"post_fragmentation","chessboard",33,1517,31,17,1,337,502,3
2,114,50,0.5,0.1,0.15,0.1,1,1,2,40,"post_fragmentation","chessboard",33,1517,31,17,1,337,507,2
2,114,50,0.5,0.1,0.15,0.1,1,1,2,40,"post_fragmentation","chessboard",33,1517,31,17,1,337,523,3
2,114,50,0.5,0.1,0.15,0.1,1,1,2,40,"post_fragmentation","chessboard",33,1517,31,17,1,337,524,2
2,114,50,0.5,0.1,0.15,0.1,1,1,2,40,"post_fragmentation","chessboard",33,1517,31,17,1,337,527,1
2,114,50,0.5,0.1,0.15,0.1,1,1,2,40,"post_fragmentation","chessboard",33,1517,31,17,1,337,545,1
2,114,50,0.5,0.1,0.15,0.1,1,1,2,40,"post_fragmentation","chessboard",33,1517,31,17,1,337,580,1
2,114,50,0.5,0.1,0.15,0.1,1,1,2,40,"post_fragmentation","chessboard",33,1517,31,17,1,337,586,1
2,114,50,0.5,0.1,0.15,0.1,1,1,2,40,"post_fragmentation","chessboard",33,1517,31,17,1,337,589,1
2,114,50,0.5,0.1,0.15,0.1,1,1,2,40,"post_fragmentation","chessboard",33,1517,31,17,1,337,593,2
2,114,50,0.5,0.1,0.15,0.1,1,1,2,40,"post_fragmentation","chessboard",33,1517,31,17,1,337,600,1
2,114,50,0.5,0.1,0.15,0.1,1,1,2,40,"post_fragmentation","chessboard",33,1517,31,17,1,337,638,1
2,114,50,0.5,0.1,0.15,0.1,1,1,2,40,"post_fragmentation","chessboard",33,1517,31,17,1,337,663,1
2,114,50,0.5,0.1,0.15,0.1,1,1,2,40,"post_fragmentation","chessboard",34,1521,31,21,1,337,341,1
2,114,50,0.5,0.1,0.15,0.1,1,1,2,40,"post_fragmentation","chessboard",34,1521,31,21,1,337,351,1
2,114,50,0.5,0.1,0.15,0.1,1,1,2,40,"post_fragmentation","chessboard",34,1521,31,21,1,337,376,1
2,114,50,0.5,0.1,0.15,0.1,1,1,2,40,"post_fragmentation","chessboard",34,1521,31,21,1,337,415,1
2,114,50,0.5,0.1,0.15,0.1,1,1,2,40,"post_fragmentation","chessboard",34,1521,31,21,1,337,421,1
2,114,50,0.5,0.1,0.15,0.1,1,1,2,40,"post_fragmentation","chessboard",34,1521,31,21,1,337,432,1
2,114,50,0.5,0.1,0.15,0.1,1,1,2,40,"post_fragmentation","chessboard",34,1521,31,21,1,337,437,2
2,114,50,0.5,0.1,0.15,0.1,1,1,2,40,"post_fragmentation","chessboard",34,1521,31,21,1,337,441,1
2,114,50,0.5,0.1,0.15,0.1,1,1,2,40,"post_fragmentation","chessboard",34,1521,31,21,1,337,446,3
2,114,50,0.5,0.1,0.15,0.1,1,1,2,40,"post_fragmentation","chessboard",34,1521,31,21,1,337,450,1
2,114,50,0.5,0.1,0.15,0.1,1,1,2,40,"post_fragmentation","chessboard",34,1521,31,21,1,337,452,1
2,114,50,0.5,0.1,0.15,0.1,1,1,2,40,"post_fragmentation","chessboard",34,1521,31,21,1,337,453,1
2,114,50,0.5,0.1,0.15,0.1,1,1,2,40,"post_fragmentation","chessboard",34,1521,31,21,1,337,460,3
2,114,50,0.5,0.1,0.15,0.1,1,1,2,40,"post_fragmentation","chessboard",34,1521,31,21,1,337,464,1
2,114,50,0.5,0.1,0.15,0.1,1,1,2,40,"post_fragmentation","chessboard",34,1521,31,21,1,337,471,1
2,114,50,0.5,0.1,0.15,0.1,1,1,2,40,"post_fragmentation","chessboard",34,1521,31,21,1,337,473,1
2,114,50,0.5,0.1,0.15,0.1,1,1,2,40,"post_fragmentation","chessboard",34,1521,31,21,1,337,476,3
2,114,50,0.5,0.1,0.15,0.1,1,1,2,40,"post_fragmentation","chessboard",34,1521,31,21,1,337,480,2
2,114,50,0.5,0.1,0.15,0.1,1,1,2,40,"post_fragmentation","chessboard",34,1521,31,21,1,337,486,1
2,114,50,0.5,0.1,0.15,0.1,1,1,2,40,"post_fragmentation","chessboard",34,1521,31,21,1,337,495,3
2,114,50,0.5,0.1,0.15,0.1,1,1,2,40,"post_fragmentation","chessboard",34,1521,31,21,1,337,496,1
2,114,50,0.5,0.1,0.15,0.1,1,1,2,40,"post_fragmentation","chessboard",34,1521,31,21,1,337,502,5
2,114,50,0.5,0.1,0.15,0.1,1,1,2,40,"post_fragmentation","chessboard",34,1521,31,21,1,337,523,2
2,114,50,0.5,0.1,0.15,0.1,1,1,2,40,"post_fragmentation","chessboard",34,1521,31,21,1,337,524,3
2,114,50,0.5,0.1,0.15,0.1,1,1,2,40,"post_fragmentation","chessboard",34,1521,31,21,1,337,586,1
2,114,50,0.5,0.1,0.15,0.1,1,1,2,40,"post_fragmentation","chessboard",34,1521,31,21,1,337,593,1
2,114,50,0.5,0.1,0.15,0.1,1,1,2,40,"post_fragmentation","chessboard",34,1521,31,21,1,337,623,2
2,114,50,0.5,0.1,0.15,0.1,1,1,2,40,"post_fragmentation","chessboard",35,1523,31,23,1,337,282,1
2,114,50,0.5,0.1,0.15,0.1,1,1,2,40,"post_fragmentation","chessboard",35,1523,31,23,1,337,292,1
2,114,50,0.5,0.1,0.15,0.1,1,1,2,40,"post_fragmentation","chessboard",35,1523,31,23,1,337,330,1
2,114,50,0.5,0.1,0.15,0.1,1,1,2,40,"post_fragmentation","chessboard",35,1523,31,23,1,337,351,2
2,114,50,0.5,0.1,0.15,0.1,1,1,2,40,"post_fragmentation","chessboard",35,1523,31,23,1,337,386,2
2,114,50,0.5,0.1,0.15,0.1,1,1,2,40,"post_fragmentation","chessboard",35,1523,31,23,1,337,421,1
2,114,50,0.5,0.1,0.15,0.1,1,1,2,40,"post_fragmentation","chessboard",35,1523,31,23,1,337,422,2
2,114,50,0.5,0.1,0.15,0.1,1,1,2,40,"post_fragmentation","chessboard",35,1523,31,23,1,337,427,1
2,114,50,0.5,0.1,0.15,0.1,1,1,2,40,"post_fragmentation","chessboard",35,1523,31,23,1,337,428,4
2,114,50,0.5,0.1,0.15,0.1,1,1,2,40,"post_fragmentation","chessboard",35,1523,31,23,1,337,430,1
2,114,50,0.5,0.1,0.15,0.1,1,1,2,40,"post_fragmentation","chessboard",35,1523,31,23,1,337,432,2
2,114,50,0.5,0.1,0.15,0.1,1,1,2,40,"post_fragmentation","chessboard",35,1523,31,23,1,337,434,1
2,114,50,0.5,0.1,0.15,0.1,1,1,2,40,"post_fragmentation","chessboard",35,1523,31,23,1,337,445,2
2,114,50,0.5,0.1,0.15,0.1,1,1,2,40,"post_fragmentation","chessboard",35,1523,31,23,1,337,460,4
2,114,50,0.5,0.1,0.15,0.1,1,1,2,40,"post_fragmentation","chessboard",35,1523,31,23,1,337,473,1
2,114,50,0.5,0.1,0.15,0.1,1,1,2,40,"post_fragmentation","chessboard",35,1523,31,23,1,337,477,1
2,114,50,0.5,0.1,0.15,0.1,1,1,2,40,"post_fragmentation","chessboard",35,1523,31,23,1,337,480,2
2,114,50,0.5,0.1,0.15,0.1,1,1,2,40,"post_fragmentation","chessboard",35,1523,31,23,1,337,481,1
2,114,50,0.5,0.1,0.15,0.1,1,1,2,40,"post_fragmentation","chessboard",35,1523,31,23,1,337,497,1
2,114,50,0.5,0.1,0.15,0.1,1,1,2,40,"post_fragmentation","chessboard",35,1523,31,23,1,337,502,3
2,114,50,0.5,0.1,0.15,0.1,1,1,2,40,"post_fragmentation","chessboard",35,1523,31,23,1,337,515,1
2,114,50,0.5,0.1,0.15,0.1,1,1,2,40,"post_fragmentation","chessboard",35,1523,31,23,1,337,523,1
2,114,50,0.5,0.1,0.15,0.1,1,1,2,40,"post_fragmentation","chessboard",35,1523,31,23,1,337,547,1
2,114,50,0.5,0.1,0.15,0.1,1,1,2,40,"post_fragmentation","chessboard",36,1525,31,25,1,337,247,1
2,114,50,0.5,0.1,0.15,0.1,1,1,2,40,"post_fragmentation","chessboard",36,1525,31,25,1,337,304,2
2,114,50,0.5,0.1,0.15,0.1,1,1,2,40,"post_fragmentation","chessboard",36,1525,31,25,1,337,310,2
2,114,50,0.5,0.1,0.15,0.1,1,1,2,40,"post_fragmentation","chessboard",36,1525,31,25,1,337,324,3
2,114,50,0.5,0.1,0.15,0.1,1,1,2,40,"post_fragmentation","chessboard",36,1525,31,25,1,337,330,1
2,114,50,0.5,0.1,0.15,0.1,1,1,2,40,"post_fragmentation","chessboard",36,1525,31,25,1,337,332,2
2,114,50,0.5,0.1,0.15,0.1,1,1,2,40,"post_fragmentation","chessboard",36,1525,31,25,1,337,350,3
2,114,50,0.5,0.1,0.15,0.1,1,1,2,40,"post_fragmentation","chessboard",36,1525,31,25,1,337,351,8
2,114,50,0.5,0.1,0.15,0.1,1,1,2,40,"post_fragmentation","chessboard",36,1525,31,25,1,337,353,1
2,114,50,0.5,0.1,0.15,0.1,1,1,2,40,"post_fragmentation","chessboard",36,1525,31,25,1,337,365,1
2,114,50,0.5,0.1,0.15,0.1,1,1,2,40,"post_fragmentation","chessboard",36,1525,31,25,1,337,375,1
2,114,50,0.5,0.1,0.15,0.1,1,1,2,40,"post_fragmentation","chessboard",36,1525,31,25,1,337,379,1
2,114,50,0.5,0.1,0.15,0.1,1,1,2,40,"post_fragmentation","chessboard",36,1525,31,25,1,337,385,2
2,114,50,0.5,0.1,0.15,0.1,1,1,2,40,"post_fragmentation","chessboard",36,1525,31,25,1,337,386,1
2,114,50,0.5,0.1,0.15,0.1,1,1,2,40,"post_fragmentation","chessboard",36,1525,31,25,1,337,404,2
2,114,50,0.5,0.1,0.15,0.1,1,1,2,40,"post_fragmentation","chessboard",36,1525,31,25,1,337,410,1
2,114,50,0.5,0.1,0.15,0.1,1,1,2,40,"post_fragmentation","chessboard",36,1525,31,25,1,337,422,1
2,114,50,0.5,0.1,0.15,0.1,1,1,2,40,"post_fragmentation","chessboard",36,1525,31,25,1,337,441,1
2,114,50,0.5,0.1,0.15,0.1,1,1,2,40,"post_fragmentation","chessboard",36,1525,31,25,1,337,446,1
2,114,50,0.5,0.1,0.15,0.1,1,1,2,40,"post_fragmentation","chessboard",36,1525,31,25,1,337,460,1
2,114,50,0.5,0.1,0.15,0.1,1,1,2,40,"post_fragmentation","chessboard",37,1527,31,27,1,337,246,1
2,114,50,0.5,0.1,0.15,0.1,1,1,2,40,"post_fragmentation","chessboard",37,1527,31,27,1,337,288,1
2,114,50,0.5,0.1,0.15,0.1,1,1,2,40,"post_fragmentation","chessboard",37,1527,31,27,1,337,304,2
2,114,50,0.5,0.1,0.15,0.1,1,1,2,40,"post_fragmentation","chessboard",37,1527,31,27,1,337,324,1
2,114,50,0.5,0.1,0.15,0.1,1,1,2,40,"post_fragmentation","chessboard",37,1527,31,27,1,337,333,1
2,114,50,0.5,0.1,0.15,0.1,1,1,2,40,"post_fragmentation","chessboard",37,1527,31,27,1,337,351,1
2,114,50,0.5,0.1,0.15,0.1,1,1,2,40,"post_fragmentation","chessboard",37,1527,31,27,1,337,353,3
2,114,50,0.5,0.1,0.15,0.1,1,1,2,40,"post_fragmentation","chessboard",37,1527,31,27,1,337,371,1
2,114,50,0.5,0.1,0.15,0.1,1,1,2,40,"post_fragmentation","chessboard",37,1527,31,27,1,337,375,2
2,114,50,0.5,0.1,0.15,0.1,1,1,2,40,"post_fragmentation","chessboard",37,1527,31,27,1,337,379,1
2,114,50,0.5,0.1,0.15,0.1,1,1,2,40,"post_fragmentation","chessboard",37,1527,31,27,1,337,385,3
2,114,50,0.5,0.1,0.15,0.1,1,1,2,40,"post_fragmentation","chessboard",37,1527,31,27,1,337,386,2
2,114,50,0.5,0.1,0.15,0.1,1,1,2,40,"post_fragmentation","chessboard",37,1527,31,27,1,337,391,6
2,114,50,0.5,0.1,0.15,0.1,1,1,2,40,"post_fragmentation","chessboard",37,1527,31,27,1,337,404,1
2,114,50,0.5,0.1,0.15,0.1,1,1,2,40,"post_fragmentation","chessboard",37,1527,31,27,1,337,407,3
2,114,50,0.5,0.1,0.15,0.1,1,1,2,40,"post_fragmentation","chessboard",37,1527,31,27,1,337,410,1
2,114,50,0.5,0.1,0.15,0.1,1,1,2,40,"post_fragmentation","chessboard",37,1527,31,27,1,337,426,3
2,114,50,0.5,0.1,0.15,0.1,1,1,2,40,"post_fragmentation","chessboard",37,1527,31,27,1,337,432,4
2,114,50,0.5,0.1,0.15,0.1,1,1,2,40,"post_fragmentation","chessboard",37,1527,31,27,1,337,459,1
2,114,50,0.5,0.1,0.15,0.1,1,1,2,40,"post_fragmentation","chessboard",37,1527,31,27,1,337,460,2
2,114,50,0.5,0.1,0.15,0.1,1,1,2,40,"post_fragmentation","chessboard",37,1527,31,27,1,337,476,1
2,114,50,0.5,0.1,0.15,0.1,1,1,2,40,"post_fragmentation","chessboard",37,1527,31,27,1,337,477,1
2,114,50,0.5,0.1,0.15,0.1,1,1,2,40,"post_fragmentation","chessboard",38,1556,32,6,1,337,471,1
2,114,50,0.5,0.1,0.15,0.1,1,1,2,40,"post_fragmentation","chessboard",38,1556,32,6,1,337,491,1
2,114,50,0.5,0.1,0.15,0.1,1,1,2,40,"post_fragmentation","chessboard",38,1556,32,6,1,337,501,1
2,114,50,0.5,0.1,0.15,0.1,1,1,2,40,"post_fragmentation","chessboard",38,1556,32,6,1,337,527,3
2,114,50,0.5,0.1,0.15,0.1,1,1,2,40,"post_fragmentation","chessboard",38,1556,32,6,1,337,528,1
2,114,50,0.5,0.1,0.15,0.1,1,1,2,40,"post_fragmentation","chessboard",38,1556,32,6,1,337,539,1
2,114,50,0.5,0.1,0.15,0.1,1,1,2,40,"post_fragmentation","chessboard",38,1556,32,6,1,337,548,1
2,114,50,0.5,0.1,0.15,0.1,1,1,2,40,"post_fragmentation","chessboard",38,1556,32,6,1,337,585,1
2,114,50,0.5,0.1,0.15,0.1,1,1,2,40,"post_fragmentation","chessboard",38,1556,32,6,1,337,589,4
2,114,50,0.5,0.1,0.15,0.1,1,1,2,40,"post_fragmentation","chessboard",38,1556,32,6,1,337,593,2
2,114,50,0.5,0.1,0.15,0.1,1,1,2,40,"post_fragmentation","chessboard",38,1556,32,6,1,337,595,1
2,114,50,0.5,0.1,0.15,0.1,1,1,2,40,"post_fragmentation","chessboard",38,1556,32,6,1,337,606,1
2,114,50,0.5,0.1,0.15,0.1,1,1,2,40,"post_fragmentation","chessboard",38,1556,32,6,1,337,616,1
2,114,50,0.5,0.1,0.15,0.1,1,1,2,40,"post_fragmentation","chessboard",38,1556,32,6,1,337,618,5
2,114,50,0.5,0.1,0.15,0.1,1,1,2,40,"post_fragmentation","chessboard",38,1556,32,6,1,337,623,3
2,114,50,0.5,0.1,0.15,0.1,1,1,2,40,"post_fragmentation","chessboard",38,1556,32,6,1,337,632,5
2,114,50,0.5,0.1,0.15,0.1,1,1,2,40,"post_fragmentation","chessboard",38,1556,32,6,1,337,656,5
2,114,50,0.5,0.1,0.15,0.1,1,1,2,40,"post_fragmentation","chessboard",38,1556,32,6,1,337,668,1
2,114,50,0.5,0.1,0.15,0.1,1,1,2,40,"post_fragmentation","chessboard",39,1558,32,8,1,337,331,2
2,114,50,0.5,0.1,0.15,0.1,1,1,2,40,"post_fragmentation","chessboard",39,1558,32,8,1,337,383,1
2,114,50,0.5,0.1,0.15,0.1,1,1,2,40,"post_fragmentation","chessboard",39,1558,32,8,1,337,389,1
2,114,50,0.5,0.1,0.15,0.1,1,1,2,40,"post_fragmentation","chessboard",39,1558,32,8,1,337,406,2
2,114,50,0.5,0.1,0.15,0.1,1,1,2,40,"post_fragmentation","chessboard",39,1558,32,8,1,337,407,2
2,114,50,0.5,0.1,0.15,0.1,1,1,2,40,"post_fragmentation","chessboard",39,1558,32,8,1,337,408,6
2,114,50,0.5,0.1,0.15,0.1,1,1,2,40,"post_fragmentation","chessboard",39,1558,32,8,1,337,419,1
2,114,50,0.5,0.1,0.15,0.1,1,1,2,40,"post_fragmentation","chessboard",39,1558,32,8,1,337,430,1
2,114,50,0.5,0.1,0.15,0.1,1,1,2,40,"post_fragmentation","chessboard",39,1558,32,8,1,337,435,1
2,114,50,0.5,0.1,0.15,0.1,1,1,2,40,"post_fragmentation","chessboard",39,1558,32,8,1,337,440,1
2,114,50,0.5,0.1,0.15,0.1,1,1,2,40,"post_fragmentation","chessboard",39,1558,32,8,1,337,442,2
2,114,50,0.5,0.1,0.15,0.1,1,1,2,40,"post_fragmentation","chessboard",39,1558,32,8,1,337,459,1
2,114,50,0.5,0.1,0.15,0.1,1,1,2,40,"post_fragmentation","chessboard",39,1558,32,8,1,337,497,1
2,114,50,0.5,0.1,0.15,0.1,1,1,2,40,"post_fragmentation","chessboard",39,1558,32,8,1,337,512,1
2,114,50,0.5,0.1,0.15,0.1,1,1,2,40,"post_fragmentation","chessboard",39,1558,32,8,1,337,527,2
2,114,50,0.5,0.1,0.15,0.1,1,1,2,40,"post_fragmentation","chessboard",39,1558,32,8,1,337,549,1
2,114,50,0.5,0.1,0.15,0.1,1,1,2,40,"post_fragmentation","chessboard",40,1560,32,10,1,337,309,1
2,114,50,0.5,0.1,0.15,0.1,1,1,2,40,"post_fragmentation","chessboard",40,1560,32,10,1,337,379,1
2,114,50,0.5,0.1,0.15,0.1,1,1,2,40,"post_fragmentation","chessboard",40,1560,32,10,1,337,383,2
2,114,50,0.5,0.1,0.15,0.1,1,1,2,40,"post_fragmentation","chessboard",40,1560,32,10,1,337,386,2
2,114,50,0.5,0.1,0.15,0.1,1,1,2,40,"post_fragmentation","chessboard",40,1560,32,10,1,337,390,1
2,114,50,0.5,0.1,0.15,0.1,1,1,2,40,"post_fragmentation","chessboard",40,1560,32,10,1,337,407,2
2,114,50,0.5,0.1,0.15,0.1,1,1,2,40,"post_fragmentation","chessboard",40,1560,32,10,1,337,408,2
2,114,50,0.5,0.1,0.15,0.1,1,1,2,40,"post_fragmentation","chessboard",40,1560,32,10,1,337,421,6
2,114,50,0.5,0.1,0.15,0.1,1,1,2,40,"post_fragmentation","chessboard",40,1560,32,10,1,337,422,1
2,114,50,0.5,0.1,0.15,0.1,1,1,2,40,"post_fragmentation","chessboard",40,1560,32,10,1,337,432,1
2,114,50,0.5,0.1,0.15,0.1,1,1,2,40,"post_fragmentation","chessboard",40,1560,32,10,1,337,435,1
2,114,50,0.5,0.1,0.15,0.1,1,1,2,40,"post_fragmentation","chessboard",40,1560,32,10,1,337,442,2
2,114,50,0.5,0.1,0.15,0.1,1,1,2,40,"post_fragmentation","chessboard",40,1560,32,10,1,337,445,1
2,114,50,0.5,0.1,0.15,0.1,1,1,2,40,"post_fragmentation","chessboard",40,1560,32,10,1,337,480,1
2,114,50,0.5,0.1,0.15,0.1,1,1,2,40,"post_fragmentation","chessboard",40,1560,32,10,1,337,495,1
2,114,50,0.5,0.1,0.15,0.1,1,1,2,40,"post_fragmentation","chessboard",40,1560,32,10,1,337,585,1
2,114,50,0.5,0.1,0.15,0.1,1,1,2,40,"post_fragmentation","chessboard",41,1564,32,14,1,337,390,1
2,114,50,0.5,0.1,0.15,0.1,1,1,2,40,"post_fragmentation","chessboard",41,1564,32,14,1,337,421,3
2,114,50,0.5,0.1,0.15,0.1,1,1,2,40,"post_fragmentation","chessboard",41,1564,32,14,1,337,422,3
2,114,50,0.5,0.1,0.15,0.1,1,1,2,40,"post_fragmentation","chessboard",41,1564,32,14,1,337,434,1
2,114,50,0.5,0.1,0.15,0.1,1,1,2,40,"post_fragmentation","chessboard",41,1564,32,14,1,337,462,1
2,114,50,0.5,0.1,0.15,0.1,1,1,2,40,"post_fragmentation","chessboard",41,1564,32,14,1,337,471,6
2,114,50,0.5,0.1,0.15,0.1,1,1,2,40,"post_fragmentation","chessboard",41,1564,32,14,1,337,479,1
2,114,50,0.5,0.1,0.15,0.1,1,1,2,40,"post_fragmentation","chessboard",41,1564,32,14,1,337,483,1
2,114,50,0.5,0.1,0.15,0.1,1,1,2,40,"post_fragmentation","chessboard",41,1564,32,14,1,337,486,1
2,114,50,0.5,0.1,0.15,0.1,1,1,2,40,"post_fragmentation","chessboard",41,1564,32,14,1,337,487,1
2,114,50,0.5,0.1,0.15,0.1,1,1,2,40,"post_fragmentation","chessboard",41,1564,32,14,1,337,495,3
2,114,50,0.5,0.1,0.15,0.1,1,1,2,40,"post_fragmentation","chessboard",41,1564,32,14,1,337,523,1
2,114,50,0.5,0.1,0.15,0.1,1,1,2,40,"post_fragmentation","chessboard",41,1564,32,14,1,337,525,1
2,114,50,0.5,0.1,0.15,0.1,1,1,2,40,"post_fragmentation","chessboard",41,1564,32,14,1,337,527,4
2,114,50,0.5,0.1,0.15,0.1,1,1,2,40,"post_fragmentation","chessboard",41,1564,32,14,1,337,547,1
2,114,50,0.5,0.1,0.15,0.1,1,1,2,40,"post_fragmentation","chessboard",41,1564,32,14,1,337,548,1
2,114,50,0.5,0.1,0.15,0.1,1,1,2,40,"post_fragmentation","chessboard",41,1564,32,14,1,337,562,2
2,114,50,0.5,0.1,0.15,0.1,1,1,2,40,"post_fragmentation","chessboard",41,1564,32,14,1,337,600,3
2,114,50,0.5,0.1,0.15,0.1,1,1,2,40,"post_fragmentation","chessboard",41,1564,32,14,1,337,610,1
2,114,50,0.5,0.1,0.15,0.1,1,1,2,40,"post_fragmentation","chessboard",42,1566,32,16,1,337,395,1
2,114,50,0.5,0.1,0.15,0.1,1,1,2,40,"post_fragmentation","chessboard",42,1566,32,16,1,337,408,2
2,114,50,0.5,0.1,0.15,0.1,1,1,2,40,"post_fragmentation","chessboard",42,1566,32,16,1,337,419,3
2,114,50,0.5,0.1,0.15,0.1,1,1,2,40,"post_fragmentation","chessboard",42,1566,32,16,1,337,422,1
2,114,50,0.5,0.1,0.15,0.1,1,1,2,40,"post_fragmentation","chessboard",42,1566,32,16,1,337,430,2
2,114,50,0.5,0.1,0.15,0.1,1,1,2,40,"post_fragmentation","chessboard",42,1566,32,16,1,337,437,2
2,114,50,0.5,0.1,0.15,0.1,1,1,2,40,"post_fragmentation","chessboard",42,1566,32,16,1,337,453,1
2,114,50,0.5,0.1,0.15,0.1,1,1,2,40,"post_fragmentation","chessboard",42,1566,32,16,1,337,471,1
2,114,50,0.5,0.1,0.15,0.1,1,1,2,40,"post_fragmentation","chessboard",42,1566,32,16,1,337,473,3
2,114,50,0.5,0.1,0.15,0.1,1,1,2,40,"post_fragmentation","chessboard",42,1566,32,16,1,337,483,1
2,114,50,0.5,0.1,0.15,0.1,1,1,2,40,"post_fragmentation","chessboard",42,1566,32,16,1,337,486,3
2,114,50,0.5,0.1,0.15,0.1,1,1,2,40,"post_fragmentation","chessboard",42,1566,32,16,1,337,487,4
2,114,50,0.5,0.1,0.15,0.1,1,1,2,40,"post_fragmentation","chessboard",42,1566,32,16,1,337,495,2
2,114,50,0.5,0.1,0.15,0.1,1,1,2,40,"post_fragmentation","chessboard",42,1566,32,16,1,337,496,1
2,114,50,0.5,0.1,0.15,0.1,1,1,2,40,"post_fragmentation","chessboard",42,1566,32,16,1,337,497,1
2,114,50,0.5,0.1,0.15,0.1,1,1,2,40,"post_fragmentation","chessboard",42,1566,32,16,1,337,507,1
2,114,50,0.5,0.1,0.15,0.1,1,1,2,40,"post_fragmentation","chessboard",42,1566,32,16,1,337,523,3
2,114,50,0.5,0.1,0.15,0.1,1,1,2,40,"post_fragmentation","chessboard",42,1566,32,16,1,337,524,2
2,114,50,0.5,0.1,0.15,0.1,1,1,2,40,"post_fragmentation","chessboard",42,1566,32,16,1,337,527,1
2,114,50,0.5,0.1,0.15,0.1,1,1,2,40,"post_fragmentation","chessboard",42,1566,32,16,1,337,542,1
2,114,50,0.5,0.1,0.15,0.1,1,1,2,40,"post_fragmentation","chessboard",42,1566,32,16,1,337,600,1
2,114,50,0.5,0.1,0.15,0.1,1,1,2,40,"post_fragmentation","chessboard",43,1568,32,18,1,337,329,2
2,114,50,0.5,0.1,0.15,0.1,1,1,2,40,"post_fragmentation","chessboard",43,1568,32,18,1,337,330,1
2,114,50,0.5,0.1,0.15,0.1,1,1,2,40,"post_fragmentation","chessboard",43,1568,32,18,1,337,349,1
2,114,50,0.5,0.1,0.15,0.1,1,1,2,40,"post_fragmentation","chessboard",43,1568,32,18,1,337,375,1
2,114,50,0.5,0.1,0.15,0.1,1,1,2,40,"post_fragmentation","chessboard",43,1568,32,18,1,337,385,1
2,114,50,0.5,0.1,0.15,0.1,1,1,2,40,"post_fragmentation","chessboard",43,1568,32,18,1,337,386,1
2,114,50,0.5,0.1,0.15,0.1,1,1,2,40,"post_fragmentation","chessboard",43,1568,32,18,1,337,389,3
2,114,50,0.5,0.1,0.15,0.1,1,1,2,40,"post_fragmentation","chessboard",43,1568,32,18,1,337,408,1
2,114,50,0.5,0.1,0.15,0.1,1,1,2,40,"post_fragmentation","chessboard",43,1568,32,18,1,337,414,1
2,114,50,0.5,0.1,0.15,0.1,1,1,2,40,"post_fragmentation","chessboard",43,1568,32,18,1,337,419,3
2,114,50,0.5,0.1,0.15,0.1,1,1,2,40,"post_fragmentation","chessboard",43,1568,32,18,1,337,421,2
2,114,50,0.5,0.1,0.15,0.1,1,1,2,40,"post_fragmentation","chessboard",43,1568,32,18,1,337,426,2
2,114,50,0.5,0.1,0.15,0.1,1,1,2,40,"post_fragmentation","chessboard",43,1568,32,18,1,337,437,1
2,114,50,0.5,0.1,0.15,0.1,1,1,2,40,"post_fragmentation","chessboard",43,1568,32,18,1,337,473,1
2,114,50,0.5,0.1,0.15,0.1,1,1,2,40,"post_fragmentation","chessboard",43,1568,32,18,1,337,480,2
2,114,50,0.5,0.1,0.15,0.1,1,1,2,40,"post_fragmentation","chessboard",43,1568,32,18,1,337,483,2
2,114,50,0.5,0.1,0.15,0.1,1,1,2,40,"post_fragmentation","chessboard",43,1568,32,18,1,337,486,2
2,114,50,0.5,0.1,0.15,0.1,1,1,2,40,"post_fragmentation","chessboard",43,1568,32,18,1,337,495,1
2,114,50,0.5,0.1,0.15,0.1,1,1,2,40,"post_fragmentation","chessboard",43,1568,32,18,1,337,497,1
2,114,50,0.5,0.1,0.15,0.1,1,1,2,40,"post_fragmentation","chessboard",43,1568,32,18,1,337,502,1
2,114,50,0.5,0.1,0.15,0.1,1,1,2,40,"post_fragmentation","chessboard",43,1568,32,18,1,337,523,1
2,114,50,0.5,0.1,0.15,0.1,1,1,2,40,"post_fragmentation","chessboard",43,1568,32,18,1,337,527,2
2,114,50,0.5,0.1,0.15,0.1,1,1,2,40,"post_fragmentation","chessboard",43,1568,32,18,1,337,557,2
2,114,50,0.5,0.1,0.15,0.1,1,1,2,40,"post_fragmentation","chessboard",43,1568,32,18,1,337,593,1
2,114,50,0.5,0.1,0.15,0.1,1,1,2,40,"post_fragmentation","chessboard",44,1572,32,22,1,337,309,1
2,114,50,0.5,0.1,0.15,0.1,1,1,2,40,"post_fragmentation","chessboard",44,1572,32,22,1,337,310,2
2,114,50,0.5,0.1,0.15,0.1,1,1,2,40,"post_fragmentation","chessboard",44,1572,32,22,1,337,324,3
2,114,50,0.5,0.1,0.15,0.1,1,1,2,40,"post_fragmentation","chessboard",44,1572,32,22,1,337,330,3
2,114,50,0.5,0.1,0.15,0.1,1,1,2,40,"post_fragmentation","chessboard",44,1572,32,22,1,337,351,3
2,114,50,0.5,0.1,0.15,0.1,1,1,2,40,"post_fragmentation","chessboard",44,1572,32,22,1,337,353,1
2,114,50,0.5,0.1,0.15,0.1,1,1,2,40,"post_fragmentation","chessboard",44,1572,32,22,1,337,356,1
2,114,50,0.5,0.1,0.15,0.1,1,1,2,40,"post_fragmentation","chessboard",44,1572,32,22,1,337,368,1
2,114,50,0.5,0.1,0.15,0.1,1,1,2,40,"post_fragmentation","chessboard",44,1572,32,22,1,337,370,1
2,114,50,0.5,0.1,0.15,0.1,1,1,2,40,"post_fragmentation","chessboard",44,1572,32,22,1,337,380,1
2,114,50,0.5,0.1,0.15,0.1,1,1,2,40,"post_fragmentation","chessboard",44,1572,32,22,1,337,385,1
2,114,50,0.5,0.1,0.15,0.1,1,1,2,40,"post_fragmentation","chessboard",44,1572,32,22,1,337,386,2
2,114,50,0.5,0.1,0.15,0.1,1,1,2,40,"post_fragmentation","chessboard",44,1572,32,22,1,337,407,1
2,114,50,0.5,0.1,0.15,0.1,1,1,2,40,"post_fragmentation","chessboard",44,1572,32,22,1,337,410,3
2,114,50,0.5,0.1,0.15,0.1,1,1,2,40,"post_fragmentation","chessboard",44,1572,32,22,1,337,419,1
2,114,50,0.5,0.1,0.15,0.1,1,1,2,40,"post_fragmentation","chessboard",44,1572,32,22,1,337,434,2
2,114,50,0.5,0.1,0.15,0.1,1,1,2,40,"post_fragmentation","chessboard",44,1572,32,22,1,337,437,1
2,114,50,0.5,0.1,0.15,0.1,1,1,2,40,"post_fragmentation","chessboard",44,1572,32,22,1,337,460,2
2,114,50,0.5,0.1,0.15,0.1,1,1,2,40,"post_fragmentation","chessboard",44,1572,32,22,1,337,471,1
2,114,50,0.5,0.1,0.15,0.1,1,1,2,40,"post_fragmentation","chessboard",44,1572,32,22,1,337,473,1
2,114,50,0.5,0.1,0.15,0.1,1,1,2,40,"post_fragmentation","chessboard",44,1572,32,22,1,337,480,1
2,114,50,0.5,0.1,0.15,0.1,1,1,2,40,"post_fragmentation","chessboard",44,1572,32,22,1,337,481,1
2,114,50,0.5,0.1,0.15,0.1,1,1,2,40,"post_fragmentation","chessboard",44,1572,32,22,1,337,486,1
2,114,50,0.5,0.1,0.15,0.1,1,1,2,40,"post_fragmentation","chessboard",45,1574,32,24,1,337,391,2
2,114,50,0.5,0.1,0.15,0.1,1,1,2,40,"post_fragmentation","chessboard",45,1574,32,24,1,337,414,1
2,114,50,0.5,0.1,0.15,0.1,1,1,2,40,"post_fragmentation","chessboard",45,1574,32,24,1,337,422,1
2,114,50,0.5,0.1,0.15,0.1,1,1,2,40,"post_fragmentation","chessboard",45,1574,32,24,1,337,441,1
2,114,50,0.5,0.1,0.15,0.1,1,1,2,40,"post_fragmentation","chessboard",45,1574,32,24,1,337,446,3
2,114,50,0.5,0.1,0.15,0.1,1,1,2,40,"post_fragmentation","chessboard",45,1574,32,24,1,337,460,8
2,114,50,0.5,0.1,0.15,0.1,1,1,2,40,"post_fragmentation","chessboard",45,1574,32,24,1,337,479,2
2,114,50,0.5,0.1,0.15,0.1,1,1,2,40,"post_fragmentation","chessboard",45,1574,32,24,1,337,480,1
2,114,50,0.5,0.1,0.15,0.1,1,1,2,40,"post_fragmentation","chessboard",45,1574,32,24,1,337,481,3
2,114,50,0.5,0.1,0.15,0.1,1,1,2,40,"post_fragmentation","chessboard",45,1574,32,24,1,337,497,1
2,114,50,0.5,0.1,0.15,0.1,1,1,2,40,"post_fragmentation","chessboard",45,1574,32,24,1,337,502,9
2,114,50,0.5,0.1,0.15,0.1,1,1,2,40,"post_fragmentation","chessboard",45,1574,32,24,1,337,513,1
2,114,50,0.5,0.1,0.15,0.1,1,1,2,40,"post_fragmentation","chessboard",45,1574,32,24,1,337,547,1
2,114,50,0.5,0.1,0.15,0.1,1,1,2,40,"post_fragmentation","chessboard",45,1574,32,24,1,337,553,1
2,114,50,0.5,0.1,0.15,0.1,1,1,2,40,"post_fragmentation","chessboard",45,1574,32,24,1,337,593,1
2,114,50,0.5,0.1,0.15,0.1,1,1,2,40,"post_fragmentation","chessboard",46,1576,32,26,1,337,247,1
2,114,50,0.5,0.1,0.15,0.1,1,1,2,40,"post_fragmentation","chessboard",46,1576,32,26,1,337,329,1
2,114,50,0.5,0.1,0.15,0.1,1,1,2,40,"post_fragmentation","chessboard",46,1576,32,26,1,337,332,1
2,114,50,0.5,0.1,0.15,0.1,1,1,2,40,"post_fragmentation","chessboard",46,1576,32,26,1,337,351,1
2,114,50,0.5,0.1,0.15,0.1,1,1,2,40,"post_fragmentation","chessboard",46,1576,32,26,1,337,358,1
2,114,50,0.5,0.1,0.15,0.1,1,1,2,40,"post_fragmentation","chessboard",46,1576,32,26,1,337,369,2
2,114,50,0.5,0.1,0.15,0.1,1,1,2,40,"post_fragmentation","chessboard",46,1576,32,26,1,337,372,1
2,114,50,0.5,0.1,0.15,0.1,1,1,2,40,"post_fragmentation","chessboard",46,1576,32,26,1,337,375,1
2,114,50,0.5,0.1,0.15,0.1,1,1,2,40,"post_fragmentation","chessboard",46,1576,32,26,1,337,376,1
2,114,50,0.5,0.1,0.15,0.1,1,1,2,40,"post_fragmentation","chessboard",46,1576,32,26,1,337,386,2
2,114,50,0.5,0.1,0.15,0.1,1,1,2,40,"post_fragmentation","chessboard",46,1576,32,26,1,337,391,4
2,114,50,0.5,0.1,0.15,0.1,1,1,2,40,"post_fragmentation","chessboard",46,1576,32,26,1,337,412,2
2,114,50,0.5,0.1,0.15,0.1,1,1,2,40,"post_fragmentation","chessboard",46,1576,32,26,1,337,415,1
2,114,50,0.5,0.1,0.15,0.1,1,1,2,40,"post_fragmentation","chessboard",46,1576,32,26,1,337,422,1
2,114,50,0.5,0.1,0.15,0.1,1,1,2,40,"post_fragmentation","chessboard",46,1576,32,26,1,337,426,2
2,114,50,0.5,0.1,0.15,0.1,1,1,2,40,"post_fragmentation","chessboard",46,1576,32,26,1,337,429,5
2,114,50,0.5,0.1,0.15,0.1,1,1,2,40,"post_fragmentation","chessboard",46,1576,32,26,1,337,432,2
2,114,50,0.5,0.1,0.15,0.1,1,1,2,40,"post_fragmentation","chessboard",46,1576,32,26,1,337,446,1
2,114,50,0.5,0.1,0.15,0.1,1,1,2,40,"post_fragmentation","chessboard",46,1576,32,26,1,337,464,1
2,114,50,0.5,0.1,0.15,0.1,1,1,2,40,"post_fragmentation","chessboard",46,1576,32,26,1,337,473,1
2,114,50,0.5,0.1,0.15,0.1,1,1,2,40,"post_fragmentation","chessboard",46,1576,32,26,1,337,481,1
2,114,50,0.5,0.1,0.15,0.1,1,1,2,40,"post_fragmentation","chessboard",46,1576,32,26,1,337,486,1
2,114,50,0.5,0.1,0.15,0.1,1,1,2,40,"post_fragmentation","chessboard",46,1576,32,26,1,337,498,2
2,114,50,0.5,0.1,0.15,0.1,1,1,2,40,"post_fragmentation","chessboard",46,1576,32,26,1,337,513,2
2,114,50,0.5,0.1,0.15,0.1,1,1,2,40,"post_fragmentation","chessboard",46,1576,32,26,1,337,542,1
2,114,50,0.5,0.1,0.15,0.1,1,1,2,40,"post_fragmentation","chessboard",47,1578,32,28,1,337,NA,NA
2,114,50,0.5,0.1,0.15,0.1,1,1,2,40,"post_fragmentation","chessboard",48,1607,33,7,1,337,386,1
2,114,50,0.5,0.1,0.15,0.1,1,1,2,40,"post_fragmentation","chessboard",48,1607,33,7,1,337,390,3
2,114,50,0.5,0.1,0.15,0.1,1,1,2,40,"post_fragmentation","chessboard",48,1607,33,7,1,337,434,1
2,114,50,0.5,0.1,0.15,0.1,1,1,2,40,"post_fragmentation","chessboard",48,1607,33,7,1,337,442,1
2,114,50,0.5,0.1,0.15,0.1,1,1,2,40,"post_fragmentation","chessboard",48,1607,33,7,1,337,445,1
2,114,50,0.5,0.1,0.15,0.1,1,1,2,40,"post_fragmentation","chessboard",48,1607,33,7,1,337,465,1
2,114,50,0.5,0.1,0.15,0.1,1,1,2,40,"post_fragmentation","chessboard",48,1607,33,7,1,337,483,1
2,114,50,0.5,0.1,0.15,0.1,1,1,2,40,"post_fragmentation","chessboard",48,1607,33,7,1,337,485,1
2,114,50,0.5,0.1,0.15,0.1,1,1,2,40,"post_fragmentation","chessboard",48,1607,33,7,1,337,489,1
2,114,50,0.5,0.1,0.15,0.1,1,1,2,40,"post_fragmentation","chessboard",48,1607,33,7,1,337,492,1
2,114,50,0.5,0.1,0.15,0.1,1,1,2,40,"post_fragmentation","chessboard",48,1607,33,7,1,337,497,3
2,114,50,0.5,0.1,0.15,0.1,1,1,2,40,"post_fragmentation","chessboard",48,1607,33,7,1,337,512,1
2,114,50,0.5,0.1,0.15,0.1,1,1,2,40,"post_fragmentation","chessboard",48,1607,33,7,1,337,518,3
2,114,50,0.5,0.1,0.15,0.1,1,1,2,40,"post_fragmentation","chessboard",48,1607,33,7,1,337,527,5
2,114,50,0.5,0.1,0.15,0.1,1,1,2,40,"post_fragmentation","chessboard",48,1607,33,7,1,337,530,3
2,114,50,0.5,0.1,0.15,0.1,1,1,2,40,"post_fragmentation","chessboard",48,1607,33,7,1,337,534,1
2,114,50,0.5,0.1,0.15,0.1,1,1,2,40,"post_fragmentation","chessboard",48,1607,33,7,1,337,548,5
2,114,50,0.5,0.1,0.15,0.1,1,1,2,40,"post_fragmentation","chessboard",48,1607,33,7,1,337,555,1
2,114,50,0.5,0.1,0.15,0.1,1,1,2,40,"post_fragmentation","chessboard",48,1607,33,7,1,337,574,1
2,114,50,0.5,0.1,0.15,0.1,1,1,2,40,"post_fragmentation","chessboard",48,1607,33,7,1,337,593,1
2,114,50,0.5,0.1,0.15,0.1,1,1,2,40,"post_fragmentation","chessboard",48,1607,33,7,1,337,610,1
2,114,50,0.5,0.1,0.15,0.1,1,1,2,40,"post_fragmentation","chessboard",48,1607,33,7,1,337,685,1
2,114,50,0.5,0.1,0.15,0.1,1,1,2,40,"post_fragmentation","chessboard",49,1609,33,9,1,337,434,1
2,114,50,0.5,0.1,0.15,0.1,1,1,2,40,"post_fragmentation","chessboard",49,1609,33,9,1,337,446,1
2,114,50,0.5,0.1,0.15,0.1,1,1,2,40,"post_fragmentation","chessboard",49,1609,33,9,1,337,462,1
2,114,50,0.5,0.1,0.15,0.1,1,1,2,40,"post_fragmentation","chessboard",49,1609,33,9,1,337,480,1
2,114,50,0.5,0.1,0.15,0.1,1,1,2,40,"post_fragmentation","chessboard",49,1609,33,9,1,337,495,4
2,114,50,0.5,0.1,0.15,0.1,1,1,2,40,"post_fragmentation","chessboard",49,1609,33,9,1,337,497,1
2,114,50,0.5,0.1,0.15,0.1,1,1,2,40,"post_fragmentation","chessboard",49,1609,33,9,1,337,506,2
2,114,50,0.5,0.1,0.15,0.1,1,1,2,40,"post_fragmentation","chessboard",49,1609,33,9,1,337,507,1
2,114,50,0.5,0.1,0.15,0.1,1,1,2,40,"post_fragmentation","chessboard",49,1609,33,9,1,337,518,1
2,114,50,0.5,0.1,0.15,0.1,1,1,2,40,"post_fragmentation","chessboard",49,1609,33,9,1,337,527,9
2,114,50,0.5,0.1,0.15,0.1,1,1,2,40,"post_fragmentation","chessboard",49,1609,33,9,1,337,534,1
2,114,50,0.5,0.1,0.15,0.1,1,1,2,40,"post_fragmentation","chessboard",49,1609,33,9,1,337,535,1
2,114,50,0.5,0.1,0.15,0.1,1,1,2,40,"post_fragmentation","chessboard",49,1609,33,9,1,337,547,2
2,114,50,0.5,0.1,0.15,0.1,1,1,2,40,"post_fragmentation","chessboard",49,1609,33,9,1,337,574,4
2,114,50,0.5,0.1,0.15,0.1,1,1,2,40,"post_fragmentation","chessboard",49,1609,33,9,1,337,586,1
2,114,50,0.5,0.1,0.15,0.1,1,1,2,40,"post_fragmentation","chessboard",49,1609,33,9,1,337,589,1
2,114,50,0.5,0.1,0.15,0.1,1,1,2,40,"post_fragmentation","chessboard",49,1609,33,9,1,337,593,5
2,114,50,0.5,0.1,0.15,0.1,1,1,2,40,"post_fragmentation","chessboard",49,1609,33,9,1,337,595,1
2,114,50,0.5,0.1,0.15,0.1,1,1,2,40,"post_fragmentation","chessboard",49,1609,33,9,1,337,600,1
2,114,50,0.5,0.1,0.15,0.1,1,1,2,40,"post_fragmentation","chessboard",49,1609,33,9,1,337,628,2
2,114,50,0.5,0.1,0.15,0.1,1,1,2,40,"post_fragmentation","chessboard",49,1609,33,9,1,337,655,1
2,114,50,0.5,0.1,0.15,0.1,1,1,2,40,"post_fragmentation","chessboard",49,1609,33,9,1,337,685,2
2,114,50,0.5,0.1,0.15,0.1,1,1,2,40,"post_fragmentation","chessboard",50,1611,33,11,1,337,360,1
2,114,50,0.5,0.1,0.15,0.1,1,1,2,40,"post_fragmentation","chessboard",50,1611,33,11,1,337,377,1
2,114,50,0.5,0.1,0.15,0.1,1,1,2,40,"post_fragmentation","chessboard",50,1611,33,11,1,337,462,3
2,114,50,0.5,0.1,0.15,0.1,1,1,2,40,"post_fragmentation","chessboard",50,1611,33,11,1,337,471,2
2,114,50,0.5,0.1,0.15,0.1,1,1,2,40,"post_fragmentation","chessboard",50,1611,33,11,1,337,480,2
2,114,50,0.5,0.1,0.15,0.1,1,1,2,40,"post_fragmentation","chessboard",50,1611,33,11,1,337,495,1
2,114,50,0.5,0.1,0.15,0.1,1,1,2,40,"post_fragmentation","chessboard",50,1611,33,11,1,337,507,2
2,114,50,0.5,0.1,0.15,0.1,1,1,2,40,"post_fragmentation","chessboard",50,1611,33,11,1,337,512,1
2,114,50,0.5,0.1,0.15,0.1,1,1,2,40,"post_fragmentation","chessboard",50,1611,33,11,1,337,518,1
2,114,50,0.5,0.1,0.15,0.1,1,1,2,40,"post_fragmentation","chessboard",50,1611,33,11,1,337,520,1
2,114,50,0.5,0.1,0.15,0.1,1,1,2,40,"post_fragmentation","chessboard",50,1611,33,11,1,337,523,1
2,114,50,0.5,0.1,0.15,0.1,1,1,2,40,"post_fragmentation","chessboard",50,1611,33,11,1,337,527,7
2,114,50,0.5,0.1,0.15,0.1,1,1,2,40,"post_fragmentation","chessboard",50,1611,33,11,1,337,548,1
2,114,50,0.5,0.1,0.15,0.1,1,1,2,40,"post_fragmentation","chessboard",50,1611,33,11,1,337,549,1
2,114,50,0.5,0.1,0.15,0.1,1,1,2,40,"post_fragmentation","chessboard",50,1611,33,11,1,337,562,2
2,114,50,0.5,0.1,0.15,0.1,1,1,2,40,"post_fragmentation","chessboard",50,1611,33,11,1,337,568,1
2,114,50,0.5,0.1,0.15,0.1,1,1,2,40,"post_fragmentation","chessboard",50,1611,33,11,1,337,574,1
2,114,50,0.5,0.1,0.15,0.1,1,1,2,40,"post_fragmentation","chessboard",50,1611,33,11,1,337,586,2
2,114,50,0.5,0.1,0.15,0.1,1,1,2,40,"post_fragmentation","chessboard",50,1611,33,11,1,337,593,1
2,114,50,0.5,0.1,0.15,0.1,1,1,2,40,"post_fragmentation","chessboard",50,1611,33,11,1,337,612,1
2,114,50,0.5,0.1,0.15,0.1,1,1,2,40,"post_fragmentation","chessboard",50,1611,33,11,1,337,628,1
2,114,50,0.5,0.1,0.15,0.1,1,1,2,40,"post_fragmentation","chessboard",50,1611,33,11,1,337,685,1
2,114,50,0.5,0.1,0.15,0.1,1,1,2,40,"post_fragmentation","chessboard",51,1613,33,13,1,337,344,2
2,114,50,0.5,0.1,0.15,0.1,1,1,2,40,"post_fragmentation","chessboard",51,1613,33,13,1,337,349,1
2,114,50,0.5,0.1,0.15,0.1,1,1,2,40,"post_fragmentation","chessboard",51,1613,33,13,1,337,359,1
2,114,50,0.5,0.1,0.15,0.1,1,1,2,40,"post_fragmentation","chessboard",51,1613,33,13,1,337,371,1
2,114,50,0.5,0.1,0.15,0.1,1,1,2,40,"post_fragmentation","chessboard",51,1613,33,13,1,337,385,1
2,114,50,0.5,0.1,0.15,0.1,1,1,2,40,"post_fragmentation","chessboard",51,1613,33,13,1,337,390,4
2,114,50,0.5,0.1,0.15,0.1,1,1,2,40,"post_fragmentation","chessboard",51,1613,33,13,1,337,406,3
2,114,50,0.5,0.1,0.15,0.1,1,1,2,40,"post_fragmentation","chessboard",51,1613,33,13,1,337,408,8
2,114,50,0.5,0.1,0.15,0.1,1,1,2,40,"post_fragmentation","chessboard",51,1613,33,13,1,337,416,1
2,114,50,0.5,0.1,0.15,0.1,1,1,2,40,"post_fragmentation","chessboard",51,1613,33,13,1,337,421,4
2,114,50,0.5,0.1,0.15,0.1,1,1,2,40,"post_fragmentation","chessboard",51,1613,33,13,1,337,422,3
2,114,50,0.5,0.1,0.15,0.1,1,1,2,40,"post_fragmentation","chessboard",51,1613,33,13,1,337,432,1
2,114,50,0.5,0.1,0.15,0.1,1,1,2,40,"post_fragmentation","chessboard",51,1613,33,13,1,337,434,1
2,114,50,0.5,0.1,0.15,0.1,1,1,2,40,"post_fragmentation","chessboard",51,1613,33,13,1,337,452,2
2,114,50,0.5,0.1,0.15,0.1,1,1,2,40,"post_fragmentation","chessboard",51,1613,33,13,1,337,465,1
2,114,50,0.5,0.1,0.15,0.1,1,1,2,40,"post_fragmentation","chessboard",51,1613,33,13,1,337,471,1
2,114,50,0.5,0.1,0.15,0.1,1,1,2,40,"post_fragmentation","chessboard",51,1613,33,13,1,337,495,1
2,114,50,0.5,0.1,0.15,0.1,1,1,2,40,"post_fragmentation","chessboard",51,1613,33,13,1,337,523,1
2,114,50,0.5,0.1,0.15,0.1,1,1,2,40,"post_fragmentation","chessboard",51,1613,33,13,1,337,527,2
2,114,50,0.5,0.1,0.15,0.1,1,1,2,40,"post_fragmentation","chessboard",51,1613,33,13,1,337,547,1
2,114,50,0.5,0.1,0.15,0.1,1,1,2,40,"post_fragmentation","chessboard",51,1613,33,13,1,337,548,1
2,114,50,0.5,0.1,0.15,0.1,1,1,2,40,"post_fragmentation","chessboard",52,1615,33,15,1,337,288,1
2,114,50,0.5,0.1,0.15,0.1,1,1,2,40,"post_fragmentation","chessboard",52,1615,33,15,1,337,322,1
2,114,50,0.5,0.1,0.15,0.1,1,1,2,40,"post_fragmentation","chessboard",52,1615,33,15,1,337,361,1
2,114,50,0.5,0.1,0.15,0.1,1,1,2,40,"post_fragmentation","chessboard",53,1617,33,17,1,337,241,1
2,114,50,0.5,0.1,0.15,0.1,1,1,2,40,"post_fragmentation","chessboard",53,1617,33,17,1,337,329,1
2,114,50,0.5,0.1,0.15,0.1,1,1,2,40,"post_fragmentation","chessboard",53,1617,33,17,1,337,394,1
2,114,50,0.5,0.1,0.15,0.1,1,1,2,40,"post_fragmentation","chessboard",53,1617,33,17,1,337,399,1
2,114,50,0.5,0.1,0.15,0.1,1,1,2,40,"post_fragmentation","chessboard",53,1617,33,17,1,337,419,1
2,114,50,0.5,0.1,0.15,0.1,1,1,2,40,"post_fragmentation","chessboard",53,1617,33,17,1,337,421,2
2,114,50,0.5,0.1,0.15,0.1,1,1,2,40,"post_fragmentation","chessboard",53,1617,33,17,1,337,422,1
2,114,50,0.5,0.1,0.15,0.1,1,1,2,40,"post_fragmentation","chessboard",53,1617,33,17,1,337,471,2
2,114,50,0.5,0.1,0.15,0.1,1,1,2,40,"post_fragmentation","chessboard",53,1617,33,17,1,337,473,2
2,114,50,0.5,0.1,0.15,0.1,1,1,2,40,"post_fragmentation","chessboard",53,1617,33,17,1,337,477,1
2,114,50,0.5,0.1,0.15,0.1,1,1,2,40,"post_fragmentation","chessboard",53,1617,33,17,1,337,480,2
2,114,50,0.5,0.1,0.15,0.1,1,1,2,40,"post_fragmentation","chessboard",53,1617,33,17,1,337,483,1
2,114,50,0.5,0.1,0.15,0.1,1,1,2,40,"post_fragmentation","chessboard",53,1617,33,17,1,337,495,3
2,114,50,0.5,0.1,0.15,0.1,1,1,2,40,"post_fragmentation","chessboard",53,1617,33,17,1,337,497,6
2,114,50,0.5,0.1,0.15,0.1,1,1,2,40,"post_fragmentation","chessboard",53,1617,33,17,1,337,502,3
2,114,50,0.5,0.1,0.15,0.1,1,1,2,40,"post_fragmentation","chessboard",53,1617,33,17,1,337,507,1
2,114,50,0.5,0.1,0.15,0.1,1,1,2,40,"post_fragmentation","chessboard",53,1617,33,17,1,337,523,7
2,114,50,0.5,0.1,0.15,0.1,1,1,2,40,"post_fragmentation","chessboard",53,1617,33,17,1,337,527,1
2,114,50,0.5,0.1,0.15,0.1,1,1,2,40,"post_fragmentation","chessboard",53,1617,33,17,1,337,589,1
2,114,50,0.5,0.1,0.15,0.1,1,1,2,40,"post_fragmentation","chessboard",53,1617,33,17,1,337,593,1
2,114,50,0.5,0.1,0.15,0.1,1,1,2,40,"post_fragmentation","chessboard",53,1617,33,17,1,337,600,1
2,114,50,0.5,0.1,0.15,0.1,1,1,2,40,"post_fragmentation","chessboard",53,1617,33,17,1,337,604,1
2,114,50,0.5,0.1,0.15,0.1,1,1,2,40,"post_fragmentation","chessboard",53,1617,33,17,1,337,606,2
2,114,50,0.5,0.1,0.15,0.1,1,1,2,40,"post_fragmentation","chessboard",54,1621,33,21,1,337,292,1
2,114,50,0.5,0.1,0.15,0.1,1,1,2,40,"post_fragmentation","chessboard",54,1621,33,21,1,337,323,2
2,114,50,0.5,0.1,0.15,0.1,1,1,2,40,"post_fragmentation","chessboard",54,1621,33,21,1,337,330,6
2,114,50,0.5,0.1,0.15,0.1,1,1,2,40,"post_fragmentation","chessboard",54,1621,33,21,1,337,351,1
2,114,50,0.5,0.1,0.15,0.1,1,1,2,40,"post_fragmentation","chessboard",54,1621,33,21,1,337,353,1
2,114,50,0.5,0.1,0.15,0.1,1,1,2,40,"post_fragmentation","chessboard",54,1621,33,21,1,337,375,1
2,114,50,0.5,0.1,0.15,0.1,1,1,2,40,"post_fragmentation","chessboard",54,1621,33,21,1,337,376,2
2,114,50,0.5,0.1,0.15,0.1,1,1,2,40,"post_fragmentation","chessboard",54,1621,33,21,1,337,386,2
2,114,50,0.5,0.1,0.15,0.1,1,1,2,40,"post_fragmentation","chessboard",54,1621,33,21,1,337,391,1
2,114,50,0.5,0.1,0.15,0.1,1,1,2,40,"post_fragmentation","chessboard",54,1621,33,21,1,337,410,1
2,114,50,0.5,0.1,0.15,0.1,1,1,2,40,"post_fragmentation","chessboard",54,1621,33,21,1,337,415,1
2,114,50,0.5,0.1,0.15,0.1,1,1,2,40,"post_fragmentation","chessboard",54,1621,33,21,1,337,422,2
2,114,50,0.5,0.1,0.15,0.1,1,1,2,40,"post_fragmentation","chessboard",54,1621,33,21,1,337,432,1
2,114,50,0.5,0.1,0.15,0.1,1,1,2,40,"post_fragmentation","chessboard",54,1621,33,21,1,337,434,1
2,114,50,0.5,0.1,0.15,0.1,1,1,2,40,"post_fragmentation","chessboard",54,1621,33,21,1,337,437,2
2,114,50,0.5,0.1,0.15,0.1,1,1,2,40,"post_fragmentation","chessboard",54,1621,33,21,1,337,446,1
2,114,50,0.5,0.1,0.15,0.1,1,1,2,40,"post_fragmentation","chessboard",54,1621,33,21,1,337,447,1
2,114,50,0.5,0.1,0.15,0.1,1,1,2,40,"post_fragmentation","chessboard",54,1621,33,21,1,337,460,4
2,114,50,0.5,0.1,0.15,0.1,1,1,2,40,"post_fragmentation","chessboard",54,1621,33,21,1,337,473,1
2,114,50,0.5,0.1,0.15,0.1,1,1,2,40,"post_fragmentation","chessboard",54,1621,33,21,1,337,477,1
2,114,50,0.5,0.1,0.15,0.1,1,1,2,40,"post_fragmentation","chessboard",54,1621,33,21,1,337,486,2
2,114,50,0.5,0.1,0.15,0.1,1,1,2,40,"post_fragmentation","chessboard",54,1621,33,21,1,337,524,1
2,114,50,0.5,0.1,0.15,0.1,1,1,2,40,"post_fragmentation","chessboard",55,1623,33,23,1,337,304,2
2,114,50,0.5,0.1,0.15,0.1,1,1,2,40,"post_fragmentation","chessboard",55,1623,33,23,1,337,350,1
2,114,50,0.5,0.1,0.15,0.1,1,1,2,40,"post_fragmentation","chessboard",55,1623,33,23,1,337,351,1
2,114,50,0.5,0.1,0.15,0.1,1,1,2,40,"post_fragmentation","chessboard",55,1623,33,23,1,337,353,1
2,114,50,0.5,0.1,0.15,0.1,1,1,2,40,"post_fragmentation","chessboard",55,1623,33,23,1,337,361,1
2,114,50,0.5,0.1,0.15,0.1,1,1,2,40,"post_fragmentation","chessboard",55,1623,33,23,1,337,406,1
2,114,50,0.5,0.1,0.15,0.1,1,1,2,40,"post_fragmentation","chessboard",55,1623,33,23,1,337,410,3
2,114,50,0.5,0.1,0.15,0.1,1,1,2,40,"post_fragmentation","chessboard",55,1623,33,23,1,337,422,3
2,114,50,0.5,0.1,0.15,0.1,1,1,2,40,"post_fragmentation","chessboard",55,1623,33,23,1,337,428,1
2,114,50,0.5,0.1,0.15,0.1,1,1,2,40,"post_fragmentation","chessboard",55,1623,33,23,1,337,432,1
2,114,50,0.5,0.1,0.15,0.1,1,1,2,40,"post_fragmentation","chessboard",55,1623,33,23,1,337,460,4
2,114,50,0.5,0.1,0.15,0.1,1,1,2,40,"post_fragmentation","chessboard",55,1623,33,23,1,337,464,1
2,114,50,0.5,0.1,0.15,0.1,1,1,2,40,"post_fragmentation","chessboard",55,1623,33,23,1,337,473,3
2,114,50,0.5,0.1,0.15,0.1,1,1,2,40,"post_fragmentation","chessboard",55,1623,33,23,1,337,476,4
2,114,50,0.5,0.1,0.15,0.1,1,1,2,40,"post_fragmentation","chessboard",55,1623,33,23,1,337,480,1
2,114,50,0.5,0.1,0.15,0.1,1,1,2,40,"post_fragmentation","chessboard",55,1623,33,23,1,337,481,5
2,114,50,0.5,0.1,0.15,0.1,1,1,2,40,"post_fragmentation","chessboard",55,1623,33,23,1,337,486,1
2,114,50,0.5,0.1,0.15,0.1,1,1,2,40,"post_fragmentation","chessboard",55,1623,33,23,1,337,502,2
2,114,50,0.5,0.1,0.15,0.1,1,1,2,40,"post_fragmentation","chessboard",55,1623,33,23,1,337,513,1
2,114,50,0.5,0.1,0.15,0.1,1,1,2,40,"post_fragmentation","chessboard",55,1623,33,23,1,337,547,2
2,114,50,0.5,0.1,0.15,0.1,1,1,2,40,"post_fragmentation","chessboard",56,1625,33,25,1,337,304,2
2,114,50,0.5,0.1,0.15,0.1,1,1,2,40,"post_fragmentation","chessboard",56,1625,33,25,1,337,324,1
2,114,50,0.5,0.1,0.15,0.1,1,1,2,40,"post_fragmentation","chessboard",56,1625,33,25,1,337,325,1
2,114,50,0.5,0.1,0.15,0.1,1,1,2,40,"post_fragmentation","chessboard",56,1625,33,25,1,337,350,1
2,114,50,0.5,0.1,0.15,0.1,1,1,2,40,"post_fragmentation","chessboard",56,1625,33,25,1,337,351,3
2,114,50,0.5,0.1,0.15,0.1,1,1,2,40,"post_fragmentation","chessboard",56,1625,33,25,1,337,358,1
2,114,50,0.5,0.1,0.15,0.1,1,1,2,40,"post_fragmentation","chessboard",56,1625,33,25,1,337,367,1
2,114,50,0.5,0.1,0.15,0.1,1,1,2,40,"post_fragmentation","chessboard",56,1625,33,25,1,337,368,1
2,114,50,0.5,0.1,0.15,0.1,1,1,2,40,"post_fragmentation","chessboard",56,1625,33,25,1,337,382,1
2,114,50,0.5,0.1,0.15,0.1,1,1,2,40,"post_fragmentation","chessboard",56,1625,33,25,1,337,385,1
2,114,50,0.5,0.1,0.15,0.1,1,1,2,40,"post_fragmentation","chessboard",56,1625,33,25,1,337,391,2
2,114,50,0.5,0.1,0.15,0.1,1,1,2,40,"post_fragmentation","chessboard",56,1625,33,25,1,337,410,2
2,114,50,0.5,0.1,0.15,0.1,1,1,2,40,"post_fragmentation","chessboard",56,1625,33,25,1,337,415,1
2,114,50,0.5,0.1,0.15,0.1,1,1,2,40,"post_fragmentation","chessboard",56,1625,33,25,1,337,419,1
2,114,50,0.5,0.1,0.15,0.1,1,1,2,40,"post_fragmentation","chessboard",56,1625,33,25,1,337,422,1
2,114,50,0.5,0.1,0.15,0.1,1,1,2,40,"post_fragmentation","chessboard",56,1625,33,25,1,337,426,3
2,114,50,0.5,0.1,0.15,0.1,1,1,2,40,"post_fragmentation","chessboard",56,1625,33,25,1,337,429,1
2,114,50,0.5,0.1,0.15,0.1,1,1,2,40,"post_fragmentation","chessboard",56,1625,33,25,1,337,432,2
2,114,50,0.5,0.1,0.15,0.1,1,1,2,40,"post_fragmentation","chessboard",56,1625,33,25,1,337,443,1
2,114,50,0.5,0.1,0.15,0.1,1,1,2,40,"post_fragmentation","chessboard",56,1625,33,25,1,337,446,1
2,114,50,0.5,0.1,0.15,0.1,1,1,2,40,"post_fragmentation","chessboard",56,1625,33,25,1,337,450,2
2,114,50,0.5,0.1,0.15,0.1,1,1,2,40,"post_fragmentation","chessboard",56,1625,33,25,1,337,460,2
2,114,50,0.5,0.1,0.15,0.1,1,1,2,40,"post_fragmentation","chessboard",56,1625,33,25,1,337,473,3
2,114,50,0.5,0.1,0.15,0.1,1,1,2,40,"post_fragmentation","chessboard",56,1625,33,25,1,337,481,1
2,114,50,0.5,0.1,0.15,0.1,1,1,2,40,"post_fragmentation","chessboard",56,1625,33,25,1,337,502,2
2,114,50,0.5,0.1,0.15,0.1,1,1,2,40,"post_fragmentation","chessboard",57,1627,33,27,1,337,247,3
2,114,50,0.5,0.1,0.15,0.1,1,1,2,40,"post_fragmentation","chessboard",57,1627,33,27,1,337,272,1
2,114,50,0.5,0.1,0.15,0.1,1,1,2,40,"post_fragmentation","chessboard",57,1627,33,27,1,337,274,1
2,114,50,0.5,0.1,0.15,0.1,1,1,2,40,"post_fragmentation","chessboard",57,1627,33,27,1,337,304,1
2,114,50,0.5,0.1,0.15,0.1,1,1,2,40,"post_fragmentation","chessboard",57,1627,33,27,1,337,316,1
2,114,50,0.5,0.1,0.15,0.1,1,1,2,40,"post_fragmentation","chessboard",57,1627,33,27,1,337,323,5
2,114,50,0.5,0.1,0.15,0.1,1,1,2,40,"post_fragmentation","chessboard",57,1627,33,27,1,337,324,3
2,114,50,0.5,0.1,0.15,0.1,1,1,2,40,"post_fragmentation","chessboard",57,1627,33,27,1,337,332,2
2,114,50,0.5,0.1,0.15,0.1,1,1,2,40,"post_fragmentation","chessboard",57,1627,33,27,1,337,351,1
2,114,50,0.5,0.1,0.15,0.1,1,1,2,40,"post_fragmentation","chessboard",57,1627,33,27,1,337,353,2
2,114,50,0.5,0.1,0.15,0.1,1,1,2,40,"post_fragmentation","chessboard",57,1627,33,27,1,337,361,1
2,114,50,0.5,0.1,0.15,0.1,1,1,2,40,"post_fragmentation","chessboard",57,1627,33,27,1,337,365,1
2,114,50,0.5,0.1,0.15,0.1,1,1,2,40,"post_fragmentation","chessboard",57,1627,33,27,1,337,368,1
2,114,50,0.5,0.1,0.15,0.1,1,1,2,40,"post_fragmentation","chessboard",57,1627,33,27,1,337,385,2
2,114,50,0.5,0.1,0.15,0.1,1,1,2,40,"post_fragmentation","chessboard",57,1627,33,27,1,337,386,1
2,114,50,0.5,0.1,0.15,0.1,1,1,2,40,"post_fragmentation","chessboard",57,1627,33,27,1,337,391,2
2,114,50,0.5,0.1,0.15,0.1,1,1,2,40,"post_fragmentation","chessboard",57,1627,33,27,1,337,410,1
2,114,50,0.5,0.1,0.15,0.1,1,1,2,40,"post_fragmentation","chessboard",57,1627,33,27,1,337,419,1
2,114,50,0.5,0.1,0.15,0.1,1,1,2,40,"post_fragmentation","chessboard",57,1627,33,27,1,337,432,1
2,114,50,0.5,0.1,0.15,0.1,1,1,2,40,"post_fragmentation","chessboard",57,1627,33,27,1,337,460,1
2,114,50,0.5,0.1,0.15,0.1,1,1,2,40,"post_fragmentation","chessboard",57,1627,33,27,1,337,477,1
2,114,50,0.5,0.1,0.15,0.1,1,1,2,40,"post_fragmentation","chessboard",58,1658,34,8,1,337,428,1
2,114,50,0.5,0.1,0.15,0.1,1,1,2,40,"post_fragmentation","chessboard",58,1658,34,8,1,337,462,2
2,114,50,0.5,0.1,0.15,0.1,1,1,2,40,"post_fragmentation","chessboard",58,1658,34,8,1,337,471,1
2,114,50,0.5,0.1,0.15,0.1,1,1,2,40,"post_fragmentation","chessboard",58,1658,34,8,1,337,479,3
2,114,50,0.5,0.1,0.15,0.1,1,1,2,40,"post_fragmentation","chessboard",58,1658,34,8,1,337,485,1
2,114,50,0.5,0.1,0.15,0.1,1,1,2,40,"post_fragmentation","chessboard",58,1658,34,8,1,337,497,3
2,114,50,0.5,0.1,0.15,0.1,1,1,2,40,"post_fragmentation","chessboard",58,1658,34,8,1,337,507,2
2,114,50,0.5,0.1,0.15,0.1,1,1,2,40,"post_fragmentation","chessboard",58,1658,34,8,1,337,512,1
2,114,50,0.5,0.1,0.15,0.1,1,1,2,40,"post_fragmentation","chessboard",58,1658,34,8,1,337,518,3
2,114,50,0.5,0.1,0.15,0.1,1,1,2,40,"post_fragmentation","chessboard",58,1658,34,8,1,337,523,1
2,114,50,0.5,0.1,0.15,0.1,1,1,2,40,"post_fragmentation","chessboard",58,1658,34,8,1,337,527,1
2,114,50,0.5,0.1,0.15,0.1,1,1,2,40,"post_fragmentation","chessboard",58,1658,34,8,1,337,541,1
2,114,50,0.5,0.1,0.15,0.1,1,1,2,40,"post_fragmentation","chessboard",58,1658,34,8,1,337,548,2
2,114,50,0.5,0.1,0.15,0.1,1,1,2,40,"post_fragmentation","chessboard",58,1658,34,8,1,337,555,2
2,114,50,0.5,0.1,0.15,0.1,1,1,2,40,"post_fragmentation","chessboard",58,1658,34,8,1,337,574,1
2,114,50,0.5,0.1,0.15,0.1,1,1,2,40,"post_fragmentation","chessboard",58,1658,34,8,1,337,589,3
2,114,50,0.5,0.1,0.15,0.1,1,1,2,40,"post_fragmentation","chessboard",58,1658,34,8,1,337,593,6
2,114,50,0.5,0.1,0.15,0.1,1,1,2,40,"post_fragmentation","chessboard",58,1658,34,8,1,337,600,3
2,114,50,0.5,0.1,0.15,0.1,1,1,2,40,"post_fragmentation","chessboard",58,1658,34,8,1,337,606,1
2,114,50,0.5,0.1,0.15,0.1,1,1,2,40,"post_fragmentation","chessboard",58,1658,34,8,1,337,610,1
2,114,50,0.5,0.1,0.15,0.1,1,1,2,40,"post_fragmentation","chessboard",58,1658,34,8,1,337,612,1
2,114,50,0.5,0.1,0.15,0.1,1,1,2,40,"post_fragmentation","chessboard",58,1658,34,8,1,337,655,1
2,114,50,0.5,0.1,0.15,0.1,1,1,2,40,"post_fragmentation","chessboard",59,1662,34,12,1,337,324,1
2,114,50,0.5,0.1,0.15,0.1,1,1,2,40,"post_fragmentation","chessboard",59,1662,34,12,1,337,344,1
2,114,50,0.5,0.1,0.15,0.1,1,1,2,40,"post_fragmentation","chessboard",59,1662,34,12,1,337,385,2
2,114,50,0.5,0.1,0.15,0.1,1,1,2,40,"post_fragmentation","chessboard",59,1662,34,12,1,337,390,2
2,114,50,0.5,0.1,0.15,0.1,1,1,2,40,"post_fragmentation","chessboard",59,1662,34,12,1,337,408,2
2,114,50,0.5,0.1,0.15,0.1,1,1,2,40,"post_fragmentation","chessboard",59,1662,34,12,1,337,421,1
2,114,50,0.5,0.1,0.15,0.1,1,1,2,40,"post_fragmentation","chessboard",59,1662,34,12,1,337,422,2
2,114,50,0.5,0.1,0.15,0.1,1,1,2,40,"post_fragmentation","chessboard",59,1662,34,12,1,337,430,2
2,114,50,0.5,0.1,0.15,0.1,1,1,2,40,"post_fragmentation","chessboard",59,1662,34,12,1,337,432,1
2,114,50,0.5,0.1,0.15,0.1,1,1,2,40,"post_fragmentation","chessboard",59,1662,34,12,1,337,437,2
2,114,50,0.5,0.1,0.15,0.1,1,1,2,40,"post_fragmentation","chessboard",59,1662,34,12,1,337,446,1
2,114,50,0.5,0.1,0.15,0.1,1,1,2,40,"post_fragmentation","chessboard",59,1662,34,12,1,337,460,2
2,114,50,0.5,0.1,0.15,0.1,1,1,2,40,"post_fragmentation","chessboard",59,1662,34,12,1,337,462,3
2,114,50,0.5,0.1,0.15,0.1,1,1,2,40,"post_fragmentation","chessboard",59,1662,34,12,1,337,465,1
2,114,50,0.5,0.1,0.15,0.1,1,1,2,40,"post_fragmentation","chessboard",59,1662,34,12,1,337,471,1
2,114,50,0.5,0.1,0.15,0.1,1,1,2,40,"post_fragmentation","chessboard",59,1662,34,12,1,337,480,1
2,114,50,0.5,0.1,0.15,0.1,1,1,2,40,"post_fragmentation","chessboard",59,1662,34,12,1,337,492,1
2,114,50,0.5,0.1,0.15,0.1,1,1,2,40,"post_fragmentation","chessboard",59,1662,34,12,1,337,495,2
2,114,50,0.5,0.1,0.15,0.1,1,1,2,40,"post_fragmentation","chessboard",59,1662,34,12,1,337,497,1
2,114,50,0.5,0.1,0.15,0.1,1,1,2,40,"post_fragmentation","chessboard",59,1662,34,12,1,337,502,1
2,114,50,0.5,0.1,0.15,0.1,1,1,2,40,"post_fragmentation","chessboard",59,1662,34,12,1,337,507,1
2,114,50,0.5,0.1,0.15,0.1,1,1,2,40,"post_fragmentation","chessboard",59,1662,34,12,1,337,512,2
2,114,50,0.5,0.1,0.15,0.1,1,1,2,40,"post_fragmentation","chessboard",59,1662,34,12,1,337,527,6
2,114,50,0.5,0.1,0.15,0.1,1,1,2,40,"post_fragmentation","chessboard",59,1662,34,12,1,337,540,1
2,114,50,0.5,0.1,0.15,0.1,1,1,2,40,"post_fragmentation","chessboard",59,1662,34,12,1,337,548,1
2,114,50,0.5,0.1,0.15,0.1,1,1,2,40,"post_fragmentation","chessboard",60,1664,34,14,1,337,390,1
2,114,50,0.5,0.1,0.15,0.1,1,1,2,40,"post_fragmentation","chessboard",60,1664,34,14,1,337,408,1
2,114,50,0.5,0.1,0.15,0.1,1,1,2,40,"post_fragmentation","chessboard",60,1664,34,14,1,337,419,1
2,114,50,0.5,0.1,0.15,0.1,1,1,2,40,"post_fragmentation","chessboard",60,1664,34,14,1,337,421,2
2,114,50,0.5,0.1,0.15,0.1,1,1,2,40,"post_fragmentation","chessboard",60,1664,34,14,1,337,471,1
2,114,50,0.5,0.1,0.15,0.1,1,1,2,40,"post_fragmentation","chessboard",60,1664,34,14,1,337,476,1
2,114,50,0.5,0.1,0.15,0.1,1,1,2,40,"post_fragmentation","chessboard",60,1664,34,14,1,337,487,1
2,114,50,0.5,0.1,0.15,0.1,1,1,2,40,"post_fragmentation","chessboard",60,1664,34,14,1,337,497,1
2,114,50,0.5,0.1,0.15,0.1,1,1,2,40,"post_fragmentation","chessboard",60,1664,34,14,1,337,507,3
2,114,50,0.5,0.1,0.15,0.1,1,1,2,40,"post_fragmentation","chessboard",60,1664,34,14,1,337,523,5
2,114,50,0.5,0.1,0.15,0.1,1,1,2,40,"post_fragmentation","chessboard",60,1664,34,14,1,337,524,3
2,114,50,0.5,0.1,0.15,0.1,1,1,2,40,"post_fragmentation","chessboard",60,1664,34,14,1,337,527,3
2,114,50,0.5,0.1,0.15,0.1,1,1,2,40,"post_fragmentation","chessboard",60,1664,34,14,1,337,545,2
2,114,50,0.5,0.1,0.15,0.1,1,1,2,40,"post_fragmentation","chessboard",60,1664,34,14,1,337,555,1
2,114,50,0.5,0.1,0.15,0.1,1,1,2,40,"post_fragmentation","chessboard",60,1664,34,14,1,337,557,1
2,114,50,0.5,0.1,0.15,0.1,1,1,2,40,"post_fragmentation","chessboard",60,1664,34,14,1,337,589,1
2,114,50,0.5,0.1,0.15,0.1,1,1,2,40,"post_fragmentation","chessboard",60,1664,34,14,1,337,600,3
2,114,50,0.5,0.1,0.15,0.1,1,1,2,40,"post_fragmentation","chessboard",60,1664,34,14,1,337,610,1
2,114,50,0.5,0.1,0.15,0.1,1,1,2,40,"post_fragmentation","chessboard",60,1664,34,14,1,337,612,1
2,114,50,0.5,0.1,0.15,0.1,1,1,2,40,"post_fragmentation","chessboard",61,1666,34,16,1,337,386,1
2,114,50,0.5,0.1,0.15,0.1,1,1,2,40,"post_fragmentation","chessboard",61,1666,34,16,1,337,399,1
2,114,50,0.5,0.1,0.15,0.1,1,1,2,40,"post_fragmentation","chessboard",61,1666,34,16,1,337,408,2
2,114,50,0.5,0.1,0.15,0.1,1,1,2,40,"post_fragmentation","chessboard",61,1666,34,16,1,337,421,1
2,114,50,0.5,0.1,0.15,0.1,1,1,2,40,"post_fragmentation","chessboard",61,1666,34,16,1,337,434,1
2,114,50,0.5,0.1,0.15,0.1,1,1,2,40,"post_fragmentation","chessboard",61,1666,34,16,1,337,446,3
2,114,50,0.5,0.1,0.15,0.1,1,1,2,40,"post_fragmentation","chessboard",61,1666,34,16,1,337,453,1
2,114,50,0.5,0.1,0.15,0.1,1,1,2,40,"post_fragmentation","chessboard",61,1666,34,16,1,337,460,1
2,114,50,0.5,0.1,0.15,0.1,1,1,2,40,"post_fragmentation","chessboard",61,1666,34,16,1,337,462,1
2,114,50,0.5,0.1,0.15,0.1,1,1,2,40,"post_fragmentation","chessboard",61,1666,34,16,1,337,471,1
2,114,50,0.5,0.1,0.15,0.1,1,1,2,40,"post_fragmentation","chessboard",61,1666,34,16,1,337,476,1
2,114,50,0.5,0.1,0.15,0.1,1,1,2,40,"post_fragmentation","chessboard",61,1666,34,16,1,337,480,2
2,114,50,0.5,0.1,0.15,0.1,1,1,2,40,"post_fragmentation","chessboard",61,1666,34,16,1,337,483,1
2,114,50,0.5,0.1,0.15,0.1,1,1,2,40,"post_fragmentation","chessboard",61,1666,34,16,1,337,486,1
2,114,50,0.5,0.1,0.15,0.1,1,1,2,40,"post_fragmentation","chessboard",61,1666,34,16,1,337,487,1
2,114,50,0.5,0.1,0.15,0.1,1,1,2,40,"post_fragmentation","chessboard",61,1666,34,16,1,337,495,1
2,114,50,0.5,0.1,0.15,0.1,1,1,2,40,"post_fragmentation","chessboard",61,1666,34,16,1,337,497,2
2,114,50,0.5,0.1,0.15,0.1,1,1,2,40,"post_fragmentation","chessboard",61,1666,34,16,1,337,501,1
2,114,50,0.5,0.1,0.15,0.1,1,1,2,40,"post_fragmentation","chessboard",61,1666,34,16,1,337,502,2
2,114,50,0.5,0.1,0.15,0.1,1,1,2,40,"post_fragmentation","chessboard",61,1666,34,16,1,337,523,2
2,114,50,0.5,0.1,0.15,0.1,1,1,2,40,"post_fragmentation","chessboard",61,1666,34,16,1,337,524,2
2,114,50,0.5,0.1,0.15,0.1,1,1,2,40,"post_fragmentation","chessboard",61,1666,34,16,1,337,527,3
2,114,50,0.5,0.1,0.15,0.1,1,1,2,40,"post_fragmentation","chessboard",61,1666,34,16,1,337,589,1
2,114,50,0.5,0.1,0.15,0.1,1,1,2,40,"post_fragmentation","chessboard",61,1666,34,16,1,337,624,3
2,114,50,0.5,0.1,0.15,0.1,1,1,2,40,"post_fragmentation","chessboard",62,1668,34,18,1,337,394,1
2,114,50,0.5,0.1,0.15,0.1,1,1,2,40,"post_fragmentation","chessboard",62,1668,34,18,1,337,408,2
2,114,50,0.5,0.1,0.15,0.1,1,1,2,40,"post_fragmentation","chessboard",62,1668,34,18,1,337,415,2
2,114,50,0.5,0.1,0.15,0.1,1,1,2,40,"post_fragmentation","chessboard",62,1668,34,18,1,337,419,3
2,114,50,0.5,0.1,0.15,0.1,1,1,2,40,"post_fragmentation","chessboard",62,1668,34,18,1,337,421,3
2,114,50,0.5,0.1,0.15,0.1,1,1,2,40,"post_fragmentation","chessboard",62,1668,34,18,1,337,446,2
2,114,50,0.5,0.1,0.15,0.1,1,1,2,40,"post_fragmentation","chessboard",62,1668,34,18,1,337,471,3
2,114,50,0.5,0.1,0.15,0.1,1,1,2,40,"post_fragmentation","chessboard",62,1668,34,18,1,337,473,1
2,114,50,0.5,0.1,0.15,0.1,1,1,2,40,"post_fragmentation","chessboard",62,1668,34,18,1,337,477,2
2,114,50,0.5,0.1,0.15,0.1,1,1,2,40,"post_fragmentation","chessboard",62,1668,34,18,1,337,482,1
2,114,50,0.5,0.1,0.15,0.1,1,1,2,40,"post_fragmentation","chessboard",62,1668,34,18,1,337,483,3
2,114,50,0.5,0.1,0.15,0.1,1,1,2,40,"post_fragmentation","chessboard",62,1668,34,18,1,337,486,5
2,114,50,0.5,0.1,0.15,0.1,1,1,2,40,"post_fragmentation","chessboard",62,1668,34,18,1,337,487,1
2,114,50,0.5,0.1,0.15,0.1,1,1,2,40,"post_fragmentation","chessboard",62,1668,34,18,1,337,491,2
2,114,50,0.5,0.1,0.15,0.1,1,1,2,40,"post_fragmentation","chessboard",62,1668,34,18,1,337,495,3
2,114,50,0.5,0.1,0.15,0.1,1,1,2,40,"post_fragmentation","chessboard",62,1668,34,18,1,337,497,2
2,114,50,0.5,0.1,0.15,0.1,1,1,2,40,"post_fragmentation","chessboard",62,1668,34,18,1,337,523,4
2,114,50,0.5,0.1,0.15,0.1,1,1,2,40,"post_fragmentation","chessboard",62,1668,34,18,1,337,524,1
2,114,50,0.5,0.1,0.15,0.1,1,1,2,40,"post_fragmentation","chessboard",62,1668,34,18,1,337,527,1
2,114,50,0.5,0.1,0.15,0.1,1,1,2,40,"post_fragmentation","chessboard",62,1668,34,18,1,337,537,1
2,114,50,0.5,0.1,0.15,0.1,1,1,2,40,"post_fragmentation","chessboard",62,1668,34,18,1,337,542,1
2,114,50,0.5,0.1,0.15,0.1,1,1,2,40,"post_fragmentation","chessboard",63,1670,34,20,1,337,322,1
2,114,50,0.5,0.1,0.15,0.1,1,1,2,40,"post_fragmentation","chessboard",63,1670,34,20,1,337,323,1
2,114,50,0.5,0.1,0.15,0.1,1,1,2,40,"post_fragmentation","chessboard",63,1670,34,20,1,337,351,1
2,114,50,0.5,0.1,0.15,0.1,1,1,2,40,"post_fragmentation","chessboard",63,1670,34,20,1,337,367,4
2,114,50,0.5,0.1,0.15,0.1,1,1,2,40,"post_fragmentation","chessboard",63,1670,34,20,1,337,379,1
2,114,50,0.5,0.1,0.15,0.1,1,1,2,40,"post_fragmentation","chessboard",63,1670,34,20,1,337,382,1
2,114,50,0.5,0.1,0.15,0.1,1,1,2,40,"post_fragmentation","chessboard",63,1670,34,20,1,337,391,2
2,114,50,0.5,0.1,0.15,0.1,1,1,2,40,"post_fragmentation","chessboard",63,1670,34,20,1,337,399,2
2,114,50,0.5,0.1,0.15,0.1,1,1,2,40,"post_fragmentation","chessboard",63,1670,34,20,1,337,408,3
2,114,50,0.5,0.1,0.15,0.1,1,1,2,40,"post_fragmentation","chessboard",63,1670,34,20,1,337,410,2
2,114,50,0.5,0.1,0.15,0.1,1,1,2,40,"post_fragmentation","chessboard",63,1670,34,20,1,337,419,2
2,114,50,0.5,0.1,0.15,0.1,1,1,2,40,"post_fragmentation","chessboard",63,1670,34,20,1,337,421,2
2,114,50,0.5,0.1,0.15,0.1,1,1,2,40,"post_fragmentation","chessboard",63,1670,34,20,1,337,426,1
2,114,50,0.5,0.1,0.15,0.1,1,1,2,40,"post_fragmentation","chessboard",63,1670,34,20,1,337,428,4
2,114,50,0.5,0.1,0.15,0.1,1,1,2,40,"post_fragmentation","chessboard",63,1670,34,20,1,337,437,2
2,114,50,0.5,0.1,0.15,0.1,1,1,2,40,"post_fragmentation","chessboard",63,1670,34,20,1,337,446,1
2,114,50,0.5,0.1,0.15,0.1,1,1,2,40,"post_fragmentation","chessboard",63,1670,34,20,1,337,460,1
2,114,50,0.5,0.1,0.15,0.1,1,1,2,40,"post_fragmentation","chessboard",63,1670,34,20,1,337,477,3
2,114,50,0.5,0.1,0.15,0.1,1,1,2,40,"post_fragmentation","chessboard",63,1670,34,20,1,337,481,1
2,114,50,0.5,0.1,0.15,0.1,1,1,2,40,"post_fragmentation","chessboard",63,1670,34,20,1,337,486,1
2,114,50,0.5,0.1,0.15,0.1,1,1,2,40,"post_fragmentation","chessboard",63,1670,34,20,1,337,495,1
2,114,50,0.5,0.1,0.15,0.1,1,1,2,40,"post_fragmentation","chessboard",63,1670,34,20,1,337,527,1
2,114,50,0.5,0.1,0.15,0.1,1,1,2,40,"post_fragmentation","chessboard",64,1674,34,24,1,337,247,1
2,114,50,0.5,0.1,0.15,0.1,1,1,2,40,"post_fragmentation","chessboard",64,1674,34,24,1,337,292,2
2,114,50,0.5,0.1,0.15,0.1,1,1,2,40,"post_fragmentation","chessboard",64,1674,34,24,1,337,304,3
2,114,50,0.5,0.1,0.15,0.1,1,1,2,40,"post_fragmentation","chessboard",64,1674,34,24,1,337,306,1
2,114,50,0.5,0.1,0.15,0.1,1,1,2,40,"post_fragmentation","chessboard",64,1674,34,24,1,337,323,4
2,114,50,0.5,0.1,0.15,0.1,1,1,2,40,"post_fragmentation","chessboard",64,1674,34,24,1,337,324,2
2,114,50,0.5,0.1,0.15,0.1,1,1,2,40,"post_fragmentation","chessboard",64,1674,34,24,1,337,351,3
2,114,50,0.5,0.1,0.15,0.1,1,1,2,40,"post_fragmentation","chessboard",64,1674,34,24,1,337,353,2
2,114,50,0.5,0.1,0.15,0.1,1,1,2,40,"post_fragmentation","chessboard",64,1674,34,24,1,337,361,1
2,114,50,0.5,0.1,0.15,0.1,1,1,2,40,"post_fragmentation","chessboard",64,1674,34,24,1,337,368,1
2,114,50,0.5,0.1,0.15,0.1,1,1,2,40,"post_fragmentation","chessboard",64,1674,34,24,1,337,379,3
2,114,50,0.5,0.1,0.15,0.1,1,1,2,40,"post_fragmentation","chessboard",64,1674,34,24,1,337,385,2
2,114,50,0.5,0.1,0.15,0.1,1,1,2,40,"post_fragmentation","chessboard",64,1674,34,24,1,337,386,3
2,114,50,0.5,0.1,0.15,0.1,1,1,2,40,"post_fragmentation","chessboard",64,1674,34,24,1,337,391,3
2,114,50,0.5,0.1,0.15,0.1,1,1,2,40,"post_fragmentation","chessboard",64,1674,34,24,1,337,404,1
2,114,50,0.5,0.1,0.15,0.1,1,1,2,40,"post_fragmentation","chessboard",64,1674,34,24,1,337,410,1
2,114,50,0.5,0.1,0.15,0.1,1,1,2,40,"post_fragmentation","chessboard",64,1674,34,24,1,337,421,1
2,114,50,0.5,0.1,0.15,0.1,1,1,2,40,"post_fragmentation","chessboard",64,1674,34,24,1,337,422,2
2,114,50,0.5,0.1,0.15,0.1,1,1,2,40,"post_fragmentation","chessboard",64,1674,34,24,1,337,428,1
2,114,50,0.5,0.1,0.15,0.1,1,1,2,40,"post_fragmentation","chessboard",64,1674,34,24,1,337,429,2
2,114,50,0.5,0.1,0.15,0.1,1,1,2,40,"post_fragmentation","chessboard",64,1674,34,24,1,337,481,1
2,114,50,0.5,0.1,0.15,0.1,1,1,2,40,"post_fragmentation","chessboard",65,1676,34,26,1,337,304,5
2,114,50,0.5,0.1,0.15,0.1,1,1,2,40,"post_fragmentation","chessboard",65,1676,34,26,1,337,323,1
2,114,50,0.5,0.1,0.15,0.1,1,1,2,40,"post_fragmentation","chessboard",65,1676,34,26,1,337,332,1
2,114,50,0.5,0.1,0.15,0.1,1,1,2,40,"post_fragmentation","chessboard",65,1676,34,26,1,337,351,2
2,114,50,0.5,0.1,0.15,0.1,1,1,2,40,"post_fragmentation","chessboard",65,1676,34,26,1,337,361,3
2,114,50,0.5,0.1,0.15,0.1,1,1,2,40,"post_fragmentation","chessboard",65,1676,34,26,1,337,371,1
2,114,50,0.5,0.1,0.15,0.1,1,1,2,40,"post_fragmentation","chessboard",65,1676,34,26,1,337,379,6
2,114,50,0.5,0.1,0.15,0.1,1,1,2,40,"post_fragmentation","chessboard",65,1676,34,26,1,337,382,1
2,114,50,0.5,0.1,0.15,0.1,1,1,2,40,"post_fragmentation","chessboard",65,1676,34,26,1,337,391,4
2,114,50,0.5,0.1,0.15,0.1,1,1,2,40,"post_fragmentation","chessboard",65,1676,34,26,1,337,399,1
2,114,50,0.5,0.1,0.15,0.1,1,1,2,40,"post_fragmentation","chessboard",65,1676,34,26,1,337,410,2
2,114,50,0.5,0.1,0.15,0.1,1,1,2,40,"post_fragmentation","chessboard",65,1676,34,26,1,337,421,2
2,114,50,0.5,0.1,0.15,0.1,1,1,2,40,"post_fragmentation","chessboard",65,1676,34,26,1,337,426,1
2,114,50,0.5,0.1,0.15,0.1,1,1,2,40,"post_fragmentation","chessboard",65,1676,34,26,1,337,429,1
2,114,50,0.5,0.1,0.15,0.1,1,1,2,40,"post_fragmentation","chessboard",65,1676,34,26,1,337,430,1
2,114,50,0.5,0.1,0.15,0.1,1,1,2,40,"post_fragmentation","chessboard",65,1676,34,26,1,337,446,1
2,114,50,0.5,0.1,0.15,0.1,1,1,2,40,"post_fragmentation","chessboard",65,1676,34,26,1,337,459,1
2,114,50,0.5,0.1,0.15,0.1,1,1,2,40,"post_fragmentation","chessboard",65,1676,34,26,1,337,460,1
2,114,50,0.5,0.1,0.15,0.1,1,1,2,40,"post_fragmentation","chessboard",65,1676,34,26,1,337,461,2
2,114,50,0.5,0.1,0.15,0.1,1,1,2,40,"post_fragmentation","chessboard",65,1676,34,26,1,337,464,2
2,114,50,0.5,0.1,0.15,0.1,1,1,2,40,"post_fragmentation","chessboard",65,1676,34,26,1,337,473,1
2,114,50,0.5,0.1,0.15,0.1,1,1,2,40,"post_fragmentation","chessboard",65,1676,34,26,1,337,491,1
2,114,50,0.5,0.1,0.15,0.1,1,1,2,40,"post_fragmentation","chessboard",65,1676,34,26,1,337,527,1
2,114,50,0.5,0.1,0.15,0.1,1,1,2,40,"post_fragmentation","chessboard",66,1678,34,28,1,337,286,1
2,114,50,0.5,0.1,0.15,0.1,1,1,2,40,"post_fragmentation","chessboard",66,1678,34,28,1,337,332,1
2,114,50,0.5,0.1,0.15,0.1,1,1,2,40,"post_fragmentation","chessboard",66,1678,34,28,1,337,351,3
2,114,50,0.5,0.1,0.15,0.1,1,1,2,40,"post_fragmentation","chessboard",66,1678,34,28,1,337,353,1
2,114,50,0.5,0.1,0.15,0.1,1,1,2,40,"post_fragmentation","chessboard",66,1678,34,28,1,337,358,1
2,114,50,0.5,0.1,0.15,0.1,1,1,2,40,"post_fragmentation","chessboard",66,1678,34,28,1,337,391,2
2,114,50,0.5,0.1,0.15,0.1,1,1,2,40,"post_fragmentation","chessboard",66,1678,34,28,1,337,399,3
2,114,50,0.5,0.1,0.15,0.1,1,1,2,40,"post_fragmentation","chessboard",66,1678,34,28,1,337,410,2
2,114,50,0.5,0.1,0.15,0.1,1,1,2,40,"post_fragmentation","chessboard",66,1678,34,28,1,337,411,1
2,114,50,0.5,0.1,0.15,0.1,1,1,2,40,"post_fragmentation","chessboard",66,1678,34,28,1,337,426,1
2,114,50,0.5,0.1,0.15,0.1,1,1,2,40,"post_fragmentation","chessboard",66,1678,34,28,1,337,428,1
2,114,50,0.5,0.1,0.15,0.1,1,1,2,40,"post_fragmentation","chessboard",66,1678,34,28,1,337,429,1
2,114,50,0.5,0.1,0.15,0.1,1,1,2,40,"post_fragmentation","chessboard",66,1678,34,28,1,337,432,1
2,114,50,0.5,0.1,0.15,0.1,1,1,2,40,"post_fragmentation","chessboard",66,1678,34,28,1,337,437,1
2,114,50,0.5,0.1,0.15,0.1,1,1,2,40,"post_fragmentation","chessboard",66,1678,34,28,1,337,446,1
2,114,50,0.5,0.1,0.15,0.1,1,1,2,40,"post_fragmentation","chessboard",66,1678,34,28,1,337,460,6
2,114,50,0.5,0.1,0.15,0.1,1,1,2,40,"post_fragmentation","chessboard",66,1678,34,28,1,337,461,1
2,114,50,0.5,0.1,0.15,0.1,1,1,2,40,"post_fragmentation","chessboard",66,1678,34,28,1,337,464,1
2,114,50,0.5,0.1,0.15,0.1,1,1,2,40,"post_fragmentation","chessboard",66,1678,34,28,1,337,465,1
2,114,50,0.5,0.1,0.15,0.1,1,1,2,40,"post_fragmentation","chessboard",66,1678,34,28,1,337,476,3
2,114,50,0.5,0.1,0.15,0.1,1,1,2,40,"post_fragmentation","chessboard",66,1678,34,28,1,337,493,1
2,114,50,0.5,0.1,0.15,0.1,1,1,2,40,"post_fragmentation","chessboard",66,1678,34,28,1,337,497,1
2,114,50,0.5,0.1,0.15,0.1,1,1,2,40,"post_fragmentation","chessboard",66,1678,34,28,1,337,500,1
2,114,50,0.5,0.1,0.15,0.1,1,1,2,40,"post_fragmentation","chessboard",66,1678,34,28,1,337,502,1
2,114,50,0.5,0.1,0.15,0.1,1,1,2,40,"post_fragmentation","chessboard",66,1678,34,28,1,337,513,1
2,114,50,0.5,0.1,0.15,0.1,1,1,2,40,"post_fragmentation","chessboard",67,1707,35,7,1,337,457,1
2,114,50,0.5,0.1,0.15,0.1,1,1,2,40,"post_fragmentation","chessboard",67,1707,35,7,1,337,485,1
2,114,50,0.5,0.1,0.15,0.1,1,1,2,40,"post_fragmentation","chessboard",67,1707,35,7,1,337,492,1
2,114,50,0.5,0.1,0.15,0.1,1,1,2,40,"post_fragmentation","chessboard",67,1707,35,7,1,337,497,1
2,114,50,0.5,0.1,0.15,0.1,1,1,2,40,"post_fragmentation","chessboard",67,1707,35,7,1,337,501,1
2,114,50,0.5,0.1,0.15,0.1,1,1,2,40,"post_fragmentation","chessboard",67,1707,35,7,1,337,507,1
2,114,50,0.5,0.1,0.15,0.1,1,1,2,40,"post_fragmentation","chessboard",67,1707,35,7,1,337,512,1
2,114,50,0.5,0.1,0.15,0.1,1,1,2,40,"post_fragmentation","chessboard",67,1707,35,7,1,337,518,1
2,114,50,0.5,0.1,0.15,0.1,1,1,2,40,"post_fragmentation","chessboard",67,1707,35,7,1,337,527,6
2,114,50,0.5,0.1,0.15,0.1,1,1,2,40,"post_fragmentation","chessboard",67,1707,35,7,1,337,534,3
2,114,50,0.5,0.1,0.15,0.1,1,1,2,40,"post_fragmentation","chessboard",67,1707,35,7,1,337,548,2
2,114,50,0.5,0.1,0.15,0.1,1,1,2,40,"post_fragmentation","chessboard",67,1707,35,7,1,337,555,2
2,114,50,0.5,0.1,0.15,0.1,1,1,2,40,"post_fragmentation","chessboard",67,1707,35,7,1,337,557,1
2,114,50,0.5,0.1,0.15,0.1,1,1,2,40,"post_fragmentation","chessboard",67,1707,35,7,1,337,574,3
2,114,50,0.5,0.1,0.15,0.1,1,1,2,40,"post_fragmentation","chessboard",67,1707,35,7,1,337,589,2
2,114,50,0.5,0.1,0.15,0.1,1,1,2,40,"post_fragmentation","chessboard",67,1707,35,7,1,337,600,2
2,114,50,0.5,0.1,0.15,0.1,1,1,2,40,"post_fragmentation","chessboard",67,1707,35,7,1,337,610,2
2,114,50,0.5,0.1,0.15,0.1,1,1,2,40,"post_fragmentation","chessboard",67,1707,35,7,1,337,618,2
2,114,50,0.5,0.1,0.15,0.1,1,1,2,40,"post_fragmentation","chessboard",67,1707,35,7,1,337,623,1
2,114,50,0.5,0.1,0.15,0.1,1,1,2,40,"post_fragmentation","chessboard",67,1707,35,7,1,337,628,1
2,114,50,0.5,0.1,0.15,0.1,1,1,2,40,"post_fragmentation","chessboard",67,1707,35,7,1,337,663,1
2,114,50,0.5,0.1,0.15,0.1,1,1,2,40,"post_fragmentation","chessboard",67,1707,35,7,1,337,685,1
2,114,50,0.5,0.1,0.15,0.1,1,1,2,40,"post_fragmentation","chessboard",68,1711,35,11,1,337,362,1
2,114,50,0.5,0.1,0.15,0.1,1,1,2,40,"post_fragmentation","chessboard",68,1711,35,11,1,337,415,1
2,114,50,0.5,0.1,0.15,0.1,1,1,2,40,"post_fragmentation","chessboard",68,1711,35,11,1,337,430,1
2,114,50,0.5,0.1,0.15,0.1,1,1,2,40,"post_fragmentation","chessboard",68,1711,35,11,1,337,462,3
2,114,50,0.5,0.1,0.15,0.1,1,1,2,40,"post_fragmentation","chessboard",68,1711,35,11,1,337,471,1
2,114,50,0.5,0.1,0.15,0.1,1,1,2,40,"post_fragmentation","chessboard",68,1711,35,11,1,337,480,1
2,114,50,0.5,0.1,0.15,0.1,1,1,2,40,"post_fragmentation","chessboard",68,1711,35,11,1,337,485,5
2,114,50,0.5,0.1,0.15,0.1,1,1,2,40,"post_fragmentation","chessboard",68,1711,35,11,1,337,493,1
2,114,50,0.5,0.1,0.15,0.1,1,1,2,40,"post_fragmentation","chessboard",68,1711,35,11,1,337,495,1
2,114,50,0.5,0.1,0.15,0.1,1,1,2,40,"post_fragmentation","chessboard",68,1711,35,11,1,337,497,3
2,114,50,0.5,0.1,0.15,0.1,1,1,2,40,"post_fragmentation","chessboard",68,1711,35,11,1,337,506,1
2,114,50,0.5,0.1,0.15,0.1,1,1,2,40,"post_fragmentation","chessboard",68,1711,35,11,1,337,507,2
2,114,50,0.5,0.1,0.15,0.1,1,1,2,40,"post_fragmentation","chessboard",68,1711,35,11,1,337,518,2
2,114,50,0.5,0.1,0.15,0.1,1,1,2,40,"post_fragmentation","chessboard",68,1711,35,11,1,337,523,1
2,114,50,0.5,0.1,0.15,0.1,1,1,2,40,"post_fragmentation","chessboard",68,1711,35,11,1,337,527,7
2,114,50,0.5,0.1,0.15,0.1,1,1,2,40,"post_fragmentation","chessboard",68,1711,35,11,1,337,548,2
2,114,50,0.5,0.1,0.15,0.1,1,1,2,40,"post_fragmentation","chessboard",68,1711,35,11,1,337,589,1
2,114,50,0.5,0.1,0.15,0.1,1,1,2,40,"post_fragmentation","chessboard",68,1711,35,11,1,337,600,2
2,114,50,0.5,0.1,0.15,0.1,1,1,2,40,"post_fragmentation","chessboard",68,1711,35,11,1,337,610,2
2,114,50,0.5,0.1,0.15,0.1,1,1,2,40,"post_fragmentation","chessboard",68,1711,35,11,1,337,725,1
2,114,50,0.5,0.1,0.15,0.1,1,1,2,40,"post_fragmentation","chessboard",69,1713,35,13,1,337,390,5
2,114,50,0.5,0.1,0.15,0.1,1,1,2,40,"post_fragmentation","chessboard",69,1713,35,13,1,337,408,5
2,114,50,0.5,0.1,0.15,0.1,1,1,2,40,"post_fragmentation","chessboard",69,1713,35,13,1,337,410,1
2,114,50,0.5,0.1,0.15,0.1,1,1,2,40,"post_fragmentation","chessboard",69,1713,35,13,1,337,419,2
2,114,50,0.5,0.1,0.15,0.1,1,1,2,40,"post_fragmentation","chessboard",69,1713,35,13,1,337,422,1
2,114,50,0.5,0.1,0.15,0.1,1,1,2,40,"post_fragmentation","chessboard",69,1713,35,13,1,337,432,1
2,114,50,0.5,0.1,0.15,0.1,1,1,2,40,"post_fragmentation","chessboard",69,1713,35,13,1,337,434,1
2,114,50,0.5,0.1,0.15,0.1,1,1,2,40,"post_fragmentation","chessboard",69,1713,35,13,1,337,446,2
2,114,50,0.5,0.1,0.15,0.1,1,1,2,40,"post_fragmentation","chessboard",69,1713,35,13,1,337,449,2
2,114,50,0.5,0.1,0.15,0.1,1,1,2,40,"post_fragmentation","chessboard",69,1713,35,13,1,337,465,1
2,114,50,0.5,0.1,0.15,0.1,1,1,2,40,"post_fragmentation","chessboard",69,1713,35,13,1,337,471,3
2,114,50,0.5,0.1,0.15,0.1,1,1,2,40,"post_fragmentation","chessboard",69,1713,35,13,1,337,473,1
2,114,50,0.5,0.1,0.15,0.1,1,1,2,40,"post_fragmentation","chessboard",69,1713,35,13,1,337,486,1
2,114,50,0.5,0.1,0.15,0.1,1,1,2,40,"post_fragmentation","chessboard",69,1713,35,13,1,337,523,1
2,114,50,0.5,0.1,0.15,0.1,1,1,2,40,"post_fragmentation","chessboard",69,1713,35,13,1,337,524,2
2,114,50,0.5,0.1,0.15,0.1,1,1,2,40,"post_fragmentation","chessboard",69,1713,35,13,1,337,527,1
2,114,50,0.5,0.1,0.15,0.1,1,1,2,40,"post_fragmentation","chessboard",69,1713,35,13,1,337,548,1
2,114,50,0.5,0.1,0.15,0.1,1,1,2,40,"post_fragmentation","chessboard",70,1715,35,15,1,337,241,1
2,114,50,0.5,0.1,0.15,0.1,1,1,2,40,"post_fragmentation","chessboard",70,1715,35,15,1,337,344,1
2,114,50,0.5,0.1,0.15,0.1,1,1,2,40,"post_fragmentation","chessboard",70,1715,35,15,1,337,359,1
2,114,50,0.5,0.1,0.15,0.1,1,1,2,40,"post_fragmentation","chessboard",70,1715,35,15,1,337,382,1
2,114,50,0.5,0.1,0.15,0.1,1,1,2,40,"post_fragmentation","chessboard",70,1715,35,15,1,337,386,1
2,114,50,0.5,0.1,0.15,0.1,1,1,2,40,"post_fragmentation","chessboard",70,1715,35,15,1,337,390,1
2,114,50,0.5,0.1,0.15,0.1,1,1,2,40,"post_fragmentation","chessboard",70,1715,35,15,1,337,408,1
2,114,50,0.5,0.1,0.15,0.1,1,1,2,40,"post_fragmentation","chessboard",70,1715,35,15,1,337,419,4
2,114,50,0.5,0.1,0.15,0.1,1,1,2,40,"post_fragmentation","chessboard",70,1715,35,15,1,337,421,2
2,114,50,0.5,0.1,0.15,0.1,1,1,2,40,"post_fragmentation","chessboard",70,1715,35,15,1,337,422,1
2,114,50,0.5,0.1,0.15,0.1,1,1,2,40,"post_fragmentation","chessboard",70,1715,35,15,1,337,434,2
2,114,50,0.5,0.1,0.15,0.1,1,1,2,40,"post_fragmentation","chessboard",70,1715,35,15,1,337,446,1
2,114,50,0.5,0.1,0.15,0.1,1,1,2,40,"post_fragmentation","chessboard",70,1715,35,15,1,337,460,1
2,114,50,0.5,0.1,0.15,0.1,1,1,2,40,"post_fragmentation","chessboard",70,1715,35,15,1,337,464,1
2,114,50,0.5,0.1,0.15,0.1,1,1,2,40,"post_fragmentation","chessboard",70,1715,35,15,1,337,471,1
2,114,50,0.5,0.1,0.15,0.1,1,1,2,40,"post_fragmentation","chessboard",70,1715,35,15,1,337,483,1
2,114,50,0.5,0.1,0.15,0.1,1,1,2,40,"post_fragmentation","chessboard",70,1715,35,15,1,337,486,2
2,114,50,0.5,0.1,0.15,0.1,1,1,2,40,"post_fragmentation","chessboard",70,1715,35,15,1,337,495,1
2,114,50,0.5,0.1,0.15,0.1,1,1,2,40,"post_fragmentation","chessboard",70,1715,35,15,1,337,506,1
2,114,50,0.5,0.1,0.15,0.1,1,1,2,40,"post_fragmentation","chessboard",70,1715,35,15,1,337,507,1
2,114,50,0.5,0.1,0.15,0.1,1,1,2,40,"post_fragmentation","chessboard",70,1715,35,15,1,337,512,2
2,114,50,0.5,0.1,0.15,0.1,1,1,2,40,"post_fragmentation","chessboard",70,1715,35,15,1,337,523,1
2,114,50,0.5,0.1,0.15,0.1,1,1,2,40,"post_fragmentation","chessboard",70,1715,35,15,1,337,524,1
2,114,50,0.5,0.1,0.15,0.1,1,1,2,40,"post_fragmentation","chessboard",70,1715,35,15,1,337,548,1
2,114,50,0.5,0.1,0.15,0.1,1,1,2,40,"post_fragmentation","chessboard",70,1715,35,15,1,337,562,1
2,114,50,0.5,0.1,0.15,0.1,1,1,2,40,"post_fragmentation","chessboard",71,1717,35,17,1,337,288,1
2,114,50,0.5,0.1,0.15,0.1,1,1,2,40,"post_fragmentation","chessboard",71,1717,35,17,1,337,292,2
2,114,50,0.5,0.1,0.15,0.1,1,1,2,40,"post_fragmentation","chessboard",71,1717,35,17,1,337,307,2
2,114,50,0.5,0.1,0.15,0.1,1,1,2,40,"post_fragmentation","chessboard",71,1717,35,17,1,337,322,5
2,114,50,0.5,0.1,0.15,0.1,1,1,2,40,"post_fragmentation","chessboard",71,1717,35,17,1,337,332,1
2,114,50,0.5,0.1,0.15,0.1,1,1,2,40,"post_fragmentation","chessboard",71,1717,35,17,1,337,359,2
2,114,50,0.5,0.1,0.15,0.1,1,1,2,40,"post_fragmentation","chessboard",71,1717,35,17,1,337,361,2
2,114,50,0.5,0.1,0.15,0.1,1,1,2,40,"post_fragmentation","chessboard",71,1717,35,17,1,337,382,1
2,114,50,0.5,0.1,0.15,0.1,1,1,2,40,"post_fragmentation","chessboard",71,1717,35,17,1,337,386,1
2,114,50,0.5,0.1,0.15,0.1,1,1,2,40,"post_fragmentation","chessboard",71,1717,35,17,1,337,395,1
2,114,50,0.5,0.1,0.15,0.1,1,1,2,40,"post_fragmentation","chessboard",71,1717,35,17,1,337,408,3
2,114,50,0.5,0.1,0.15,0.1,1,1,2,40,"post_fragmentation","chessboard",71,1717,35,17,1,337,410,1
2,114,50,0.5,0.1,0.15,0.1,1,1,2,40,"post_fragmentation","chessboard",71,1717,35,17,1,337,419,2
2,114,50,0.5,0.1,0.15,0.1,1,1,2,40,"post_fragmentation","chessboard",71,1717,35,17,1,337,421,1
2,114,50,0.5,0.1,0.15,0.1,1,1,2,40,"post_fragmentation","chessboard",71,1717,35,17,1,337,434,1
2,114,50,0.5,0.1,0.15,0.1,1,1,2,40,"post_fragmentation","chessboard",71,1717,35,17,1,337,437,1
2,114,50,0.5,0.1,0.15,0.1,1,1,2,40,"post_fragmentation","chessboard",71,1717,35,17,1,337,441,1
2,114,50,0.5,0.1,0.15,0.1,1,1,2,40,"post_fragmentation","chessboard",71,1717,35,17,1,337,460,1
2,114,50,0.5,0.1,0.15,0.1,1,1,2,40,"post_fragmentation","chessboard",71,1717,35,17,1,337,471,2
2,114,50,0.5,0.1,0.15,0.1,1,1,2,40,"post_fragmentation","chessboard",71,1717,35,17,1,337,480,1
2,114,50,0.5,0.1,0.15,0.1,1,1,2,40,"post_fragmentation","chessboard",71,1717,35,17,1,337,495,2
2,114,50,0.5,0.1,0.15,0.1,1,1,2,40,"post_fragmentation","chessboard",71,1717,35,17,1,337,496,1
2,114,50,0.5,0.1,0.15,0.1,1,1,2,40,"post_fragmentation","chessboard",71,1717,35,17,1,337,502,1
2,114,50,0.5,0.1,0.15,0.1,1,1,2,40,"post_fragmentation","chessboard",71,1717,35,17,1,337,506,1
2,114,50,0.5,0.1,0.15,0.1,1,1,2,40,"post_fragmentation","chessboard",72,1719,35,19,1,337,274,1
2,114,50,0.5,0.1,0.15,0.1,1,1,2,40,"post_fragmentation","chessboard",72,1719,35,19,1,337,288,1
2,114,50,0.5,0.1,0.15,0.1,1,1,2,40,"post_fragmentation","chessboard",72,1719,35,19,1,337,307,1
2,114,50,0.5,0.1,0.15,0.1,1,1,2,40,"post_fragmentation","chessboard",72,1719,35,19,1,337,351,2
2,114,50,0.5,0.1,0.15,0.1,1,1,2,40,"post_fragmentation","chessboard",72,1719,35,19,1,337,356,1
2,114,50,0.5,0.1,0.15,0.1,1,1,2,40,"post_fragmentation","chessboard",72,1719,35,19,1,337,359,1
2,114,50,0.5,0.1,0.15,0.1,1,1,2,40,"post_fragmentation","chessboard",72,1719,35,19,1,337,361,5
2,114,50,0.5,0.1,0.15,0.1,1,1,2,40,"post_fragmentation","chessboard",72,1719,35,19,1,337,370,2
2,114,50,0.5,0.1,0.15,0.1,1,1,2,40,"post_fragmentation","chessboard",72,1719,35,19,1,337,376,1
2,114,50,0.5,0.1,0.15,0.1,1,1,2,40,"post_fragmentation","chessboard",72,1719,35,19,1,337,382,1
2,114,50,0.5,0.1,0.15,0.1,1,1,2,40,"post_fragmentation","chessboard",72,1719,35,19,1,337,391,1
2,114,50,0.5,0.1,0.15,0.1,1,1,2,40,"post_fragmentation","chessboard",72,1719,35,19,1,337,408,1
2,114,50,0.5,0.1,0.15,0.1,1,1,2,40,"post_fragmentation","chessboard",72,1719,35,19,1,337,415,1
2,114,50,0.5,0.1,0.15,0.1,1,1,2,40,"post_fragmentation","chessboard",72,1719,35,19,1,337,422,1
2,114,50,0.5,0.1,0.15,0.1,1,1,2,40,"post_fragmentation","chessboard",72,1719,35,19,1,337,441,1
2,114,50,0.5,0.1,0.15,0.1,1,1,2,40,"post_fragmentation","chessboard",72,1719,35,19,1,337,462,1
2,114,50,0.5,0.1,0.15,0.1,1,1,2,40,"post_fragmentation","chessboard",73,1721,35,21,1,337,259,2
2,114,50,0.5,0.1,0.15,0.1,1,1,2,40,"post_fragmentation","chessboard",73,1721,35,21,1,337,287,1
2,114,50,0.5,0.1,0.15,0.1,1,1,2,40,"post_fragmentation","chessboard",73,1721,35,21,1,337,292,1
2,114,50,0.5,0.1,0.15,0.1,1,1,2,40,"post_fragmentation","chessboard",73,1721,35,21,1,337,304,2
2,114,50,0.5,0.1,0.15,0.1,1,1,2,40,"post_fragmentation","chessboard",73,1721,35,21,1,337,323,4
2,114,50,0.5,0.1,0.15,0.1,1,1,2,40,"post_fragmentation","chessboard",73,1721,35,21,1,337,325,1
2,114,50,0.5,0.1,0.15,0.1,1,1,2,40,"post_fragmentation","chessboard",73,1721,35,21,1,337,332,1
2,114,50,0.5,0.1,0.15,0.1,1,1,2,40,"post_fragmentation","chessboard",73,1721,35,21,1,337,341,1
2,114,50,0.5,0.1,0.15,0.1,1,1,2,40,"post_fragmentation","chessboard",73,1721,35,21,1,337,350,2
2,114,50,0.5,0.1,0.15,0.1,1,1,2,40,"post_fragmentation","chessboard",73,1721,35,21,1,337,351,3
2,114,50,0.5,0.1,0.15,0.1,1,1,2,40,"post_fragmentation","chessboard",73,1721,35,21,1,337,353,1
2,114,50,0.5,0.1,0.15,0.1,1,1,2,40,"post_fragmentation","chessboard",73,1721,35,21,1,337,361,1
2,114,50,0.5,0.1,0.15,0.1,1,1,2,40,"post_fragmentation","chessboard",73,1721,35,21,1,337,370,1
2,114,50,0.5,0.1,0.15,0.1,1,1,2,40,"post_fragmentation","chessboard",73,1721,35,21,1,337,372,1
2,114,50,0.5,0.1,0.15,0.1,1,1,2,40,"post_fragmentation","chessboard",73,1721,35,21,1,337,375,1
2,114,50,0.5,0.1,0.15,0.1,1,1,2,40,"post_fragmentation","chessboard",73,1721,35,21,1,337,376,2
2,114,50,0.5,0.1,0.15,0.1,1,1,2,40,"post_fragmentation","chessboard",73,1721,35,21,1,337,379,2
2,114,50,0.5,0.1,0.15,0.1,1,1,2,40,"post_fragmentation","chessboard",73,1721,35,21,1,337,406,1
2,114,50,0.5,0.1,0.15,0.1,1,1,2,40,"post_fragmentation","chessboard",73,1721,35,21,1,337,408,1
2,114,50,0.5,0.1,0.15,0.1,1,1,2,40,"post_fragmentation","chessboard",73,1721,35,21,1,337,419,2
2,114,50,0.5,0.1,0.15,0.1,1,1,2,40,"post_fragmentation","chessboard",73,1721,35,21,1,337,422,1
2,114,50,0.5,0.1,0.15,0.1,1,1,2,40,"post_fragmentation","chessboard",73,1721,35,21,1,337,428,2
2,114,50,0.5,0.1,0.15,0.1,1,1,2,40,"post_fragmentation","chessboard",73,1721,35,21,1,337,434,2
2,114,50,0.5,0.1,0.15,0.1,1,1,2,40,"post_fragmentation","chessboard",73,1721,35,21,1,337,462,1
2,114,50,0.5,0.1,0.15,0.1,1,1,2,40,"post_fragmentation","chessboard",73,1721,35,21,1,337,553,1
2,114,50,0.5,0.1,0.15,0.1,1,1,2,40,"post_fragmentation","chessboard",74,1723,35,23,1,337,241,1
2,114,50,0.5,0.1,0.15,0.1,1,1,2,40,"post_fragmentation","chessboard",74,1723,35,23,1,337,272,1
2,114,50,0.5,0.1,0.15,0.1,1,1,2,40,"post_fragmentation","chessboard",74,1723,35,23,1,337,304,1
2,114,50,0.5,0.1,0.15,0.1,1,1,2,40,"post_fragmentation","chessboard",74,1723,35,23,1,337,306,1
2,114,50,0.5,0.1,0.15,0.1,1,1,2,40,"post_fragmentation","chessboard",74,1723,35,23,1,337,309,1
2,114,50,0.5,0.1,0.15,0.1,1,1,2,40,"post_fragmentation","chessboard",74,1723,35,23,1,337,323,1
2,114,50,0.5,0.1,0.15,0.1,1,1,2,40,"post_fragmentation","chessboard",74,1723,35,23,1,337,324,2
2,114,50,0.5,0.1,0.15,0.1,1,1,2,40,"post_fragmentation","chessboard",74,1723,35,23,1,337,325,1
2,114,50,0.5,0.1,0.15,0.1,1,1,2,40,"post_fragmentation","chessboard",74,1723,35,23,1,337,332,3
2,114,50,0.5,0.1,0.15,0.1,1,1,2,40,"post_fragmentation","chessboard",74,1723,35,23,1,337,349,1
2,114,50,0.5,0.1,0.15,0.1,1,1,2,40,"post_fragmentation","chessboard",74,1723,35,23,1,337,351,1
2,114,50,0.5,0.1,0.15,0.1,1,1,2,40,"post_fragmentation","chessboard",74,1723,35,23,1,337,361,1
2,114,50,0.5,0.1,0.15,0.1,1,1,2,40,"post_fragmentation","chessboard",74,1723,35,23,1,337,376,1
2,114,50,0.5,0.1,0.15,0.1,1,1,2,40,"post_fragmentation","chessboard",74,1723,35,23,1,337,379,4
2,114,50,0.5,0.1,0.15,0.1,1,1,2,40,"post_fragmentation","chessboard",74,1723,35,23,1,337,382,2
2,114,50,0.5,0.1,0.15,0.1,1,1,2,40,"post_fragmentation","chessboard",74,1723,35,23,1,337,385,1
2,114,50,0.5,0.1,0.15,0.1,1,1,2,40,"post_fragmentation","chessboard",74,1723,35,23,1,337,386,2
2,114,50,0.5,0.1,0.15,0.1,1,1,2,40,"post_fragmentation","chessboard",74,1723,35,23,1,337,391,1
2,114,50,0.5,0.1,0.15,0.1,1,1,2,40,"post_fragmentation","chessboard",74,1723,35,23,1,337,408,2
2,114,50,0.5,0.1,0.15,0.1,1,1,2,40,"post_fragmentation","chessboard",74,1723,35,23,1,337,410,1
2,114,50,0.5,0.1,0.15,0.1,1,1,2,40,"post_fragmentation","chessboard",74,1723,35,23,1,337,419,1
2,114,50,0.5,0.1,0.15,0.1,1,1,2,40,"post_fragmentation","chessboard",74,1723,35,23,1,337,437,1
2,114,50,0.5,0.1,0.15,0.1,1,1,2,40,"post_fragmentation","chessboard",74,1723,35,23,1,337,441,2
2,114,50,0.5,0.1,0.15,0.1,1,1,2,40,"post_fragmentation","chessboard",74,1723,35,23,1,337,460,1
2,114,50,0.5,0.1,0.15,0.1,1,1,2,40,"post_fragmentation","chessboard",74,1723,35,23,1,337,464,1
2,114,50,0.5,0.1,0.15,0.1,1,1,2,40,"post_fragmentation","chessboard",74,1723,35,23,1,337,473,2
2,114,50,0.5,0.1,0.15,0.1,1,1,2,40,"post_fragmentation","chessboard",74,1723,35,23,1,337,476,1
2,114,50,0.5,0.1,0.15,0.1,1,1,2,40,"post_fragmentation","chessboard",74,1723,35,23,1,337,481,1
2,114,50,0.5,0.1,0.15,0.1,1,1,2,40,"post_fragmentation","chessboard",74,1723,35,23,1,337,498,1
2,114,50,0.5,0.1,0.15,0.1,1,1,2,40,"post_fragmentation","chessboard",74,1723,35,23,1,337,547,1
2,114,50,0.5,0.1,0.15,0.1,1,1,2,40,"post_fragmentation","chessboard",75,1725,35,25,1,337,323,1
2,114,50,0.5,0.1,0.15,0.1,1,1,2,40,"post_fragmentation","chessboard",75,1725,35,25,1,337,358,1
2,114,50,0.5,0.1,0.15,0.1,1,1,2,40,"post_fragmentation","chessboard",75,1725,35,25,1,337,361,1
2,114,50,0.5,0.1,0.15,0.1,1,1,2,40,"post_fragmentation","chessboard",75,1725,35,25,1,337,376,2
2,114,50,0.5,0.1,0.15,0.1,1,1,2,40,"post_fragmentation","chessboard",75,1725,35,25,1,337,379,3
2,114,50,0.5,0.1,0.15,0.1,1,1,2,40,"post_fragmentation","chessboard",75,1725,35,25,1,337,385,1
2,114,50,0.5,0.1,0.15,0.1,1,1,2,40,"post_fragmentation","chessboard",75,1725,35,25,1,337,386,1
2,114,50,0.5,0.1,0.15,0.1,1,1,2,40,"post_fragmentation","chessboard",75,1725,35,25,1,337,399,2
2,114,50,0.5,0.1,0.15,0.1,1,1,2,40,"post_fragmentation","chessboard",75,1725,35,25,1,337,408,3
2,114,50,0.5,0.1,0.15,0.1,1,1,2,40,"post_fragmentation","chessboard",75,1725,35,25,1,337,410,1
2,114,50,0.5,0.1,0.15,0.1,1,1,2,40,"post_fragmentation","chessboard",75,1725,35,25,1,337,412,1
2,114,50,0.5,0.1,0.15,0.1,1,1,2,40,"post_fragmentation","chessboard",75,1725,35,25,1,337,422,1
2,114,50,0.5,0.1,0.15,0.1,1,1,2,40,"post_fragmentation","chessboard",75,1725,35,25,1,337,426,1
2,114,50,0.5,0.1,0.15,0.1,1,1,2,40,"post_fragmentation","chessboard",75,1725,35,25,1,337,430,1
2,114,50,0.5,0.1,0.15,0.1,1,1,2,40,"post_fragmentation","chessboard",75,1725,35,25,1,337,432,1
2,114,50,0.5,0.1,0.15,0.1,1,1,2,40,"post_fragmentation","chessboard",75,1725,35,25,1,337,437,1
2,114,50,0.5,0.1,0.15,0.1,1,1,2,40,"post_fragmentation","chessboard",75,1725,35,25,1,337,440,1
2,114,50,0.5,0.1,0.15,0.1,1,1,2,40,"post_fragmentation","chessboard",75,1725,35,25,1,337,446,2
2,114,50,0.5,0.1,0.15,0.1,1,1,2,40,"post_fragmentation","chessboard",75,1725,35,25,1,337,450,1
2,114,50,0.5,0.1,0.15,0.1,1,1,2,40,"post_fragmentation","chessboard",75,1725,35,25,1,337,460,2
2,114,50,0.5,0.1,0.15,0.1,1,1,2,40,"post_fragmentation","chessboard",75,1725,35,25,1,337,464,1
2,114,50,0.5,0.1,0.15,0.1,1,1,2,40,"post_fragmentation","chessboard",75,1725,35,25,1,337,473,1
2,114,50,0.5,0.1,0.15,0.1,1,1,2,40,"post_fragmentation","chessboard",75,1725,35,25,1,337,500,2
2,114,50,0.5,0.1,0.15,0.1,1,1,2,40,"post_fragmentation","chessboard",76,1727,35,27,1,337,304,1
2,114,50,0.5,0.1,0.15,0.1,1,1,2,40,"post_fragmentation","chessboard",76,1727,35,27,1,337,324,1
2,114,50,0.5,0.1,0.15,0.1,1,1,2,40,"post_fragmentation","chessboard",76,1727,35,27,1,337,332,2
2,114,50,0.5,0.1,0.15,0.1,1,1,2,40,"post_fragmentation","chessboard",76,1727,35,27,1,337,351,1
2,114,50,0.5,0.1,0.15,0.1,1,1,2,40,"post_fragmentation","chessboard",76,1727,35,27,1,337,353,1
2,114,50,0.5,0.1,0.15,0.1,1,1,2,40,"post_fragmentation","chessboard",76,1727,35,27,1,337,365,1
2,114,50,0.5,0.1,0.15,0.1,1,1,2,40,"post_fragmentation","chessboard",76,1727,35,27,1,337,369,2
2,114,50,0.5,0.1,0.15,0.1,1,1,2,40,"post_fragmentation","chessboard",76,1727,35,27,1,337,371,1
2,114,50,0.5,0.1,0.15,0.1,1,1,2,40,"post_fragmentation","chessboard",76,1727,35,27,1,337,379,3
2,114,50,0.5,0.1,0.15,0.1,1,1,2,40,"post_fragmentation","chessboard",76,1727,35,27,1,337,385,2
2,114,50,0.5,0.1,0.15,0.1,1,1,2,40,"post_fragmentation","chessboard",76,1727,35,27,1,337,391,2
2,114,50,0.5,0.1,0.15,0.1,1,1,2,40,"post_fragmentation","chessboard",76,1727,35,27,1,337,404,1
2,114,50,0.5,0.1,0.15,0.1,1,1,2,40,"post_fragmentation","chessboard",76,1727,35,27,1,337,408,1
2,114,50,0.5,0.1,0.15,0.1,1,1,2,40,"post_fragmentation","chessboard",76,1727,35,27,1,337,410,1
2,114,50,0.5,0.1,0.15,0.1,1,1,2,40,"post_fragmentation","chessboard",76,1727,35,27,1,337,419,1
2,114,50,0.5,0.1,0.15,0.1,1,1,2,40,"post_fragmentation","chessboard",76,1727,35,27,1,337,426,3
2,114,50,0.5,0.1,0.15,0.1,1,1,2,40,"post_fragmentation","chessboard",76,1727,35,27,1,337,438,3
2,114,50,0.5,0.1,0.15,0.1,1,1,2,40,"post_fragmentation","chessboard",76,1727,35,27,1,337,453,1
2,114,50,0.5,0.1,0.15,0.1,1,1,2,40,"post_fragmentation","chessboard",76,1727,35,27,1,337,458,1
2,114,50,0.5,0.1,0.15,0.1,1,1,2,40,"post_fragmentation","chessboard",76,1727,35,27,1,337,460,1
2,114,50,0.5,0.1,0.15,0.1,1,1,2,40,"post_fragmentation","chessboard",76,1727,35,27,1,337,464,2
2,114,50,0.5,0.1,0.15,0.1,1,1,2,40,"post_fragmentation","chessboard",76,1727,35,27,1,337,476,3
2,114,50,0.5,0.1,0.15,0.1,1,1,2,40,"post_fragmentation","chessboard",76,1727,35,27,1,337,477,1
2,114,50,0.5,0.1,0.15,0.1,1,1,2,40,"post_fragmentation","chessboard",76,1727,35,27,1,337,481,1
2,114,50,0.5,0.1,0.15,0.1,1,1,2,40,"post_fragmentation","chessboard",76,1727,35,27,1,337,501,1
2,114,50,0.5,0.1,0.15,0.1,1,1,2,40,"post_fragmentation","chessboard",77,1729,35,29,1,337,275,2
2,114,50,0.5,0.1,0.15,0.1,1,1,2,40,"post_fragmentation","chessboard",77,1729,35,29,1,337,304,1
2,114,50,0.5,0.1,0.15,0.1,1,1,2,40,"post_fragmentation","chessboard",77,1729,35,29,1,337,306,1
2,114,50,0.5,0.1,0.15,0.1,1,1,2,40,"post_fragmentation","chessboard",77,1729,35,29,1,337,309,1
2,114,50,0.5,0.1,0.15,0.1,1,1,2,40,"post_fragmentation","chessboard",77,1729,35,29,1,337,324,2
2,114,50,0.5,0.1,0.15,0.1,1,1,2,40,"post_fragmentation","chessboard",77,1729,35,29,1,337,327,7
2,114,50,0.5,0.1,0.15,0.1,1,1,2,40,"post_fragmentation","chessboard",77,1729,35,29,1,337,330,2
2,114,50,0.5,0.1,0.15,0.1,1,1,2,40,"post_fragmentation","chessboard",77,1729,35,29,1,337,351,1
2,114,50,0.5,0.1,0.15,0.1,1,1,2,40,"post_fragmentation","chessboard",77,1729,35,29,1,337,356,1
2,114,50,0.5,0.1,0.15,0.1,1,1,2,40,"post_fragmentation","chessboard",77,1729,35,29,1,337,358,1
2,114,50,0.5,0.1,0.15,0.1,1,1,2,40,"post_fragmentation","chessboard",77,1729,35,29,1,337,365,1
2,114,50,0.5,0.1,0.15,0.1,1,1,2,40,"post_fragmentation","chessboard",77,1729,35,29,1,337,374,1
2,114,50,0.5,0.1,0.15,0.1,1,1,2,40,"post_fragmentation","chessboard",77,1729,35,29,1,337,379,1
2,114,50,0.5,0.1,0.15,0.1,1,1,2,40,"post_fragmentation","chessboard",77,1729,35,29,1,337,382,1
2,114,50,0.5,0.1,0.15,0.1,1,1,2,40,"post_fragmentation","chessboard",77,1729,35,29,1,337,385,3
2,114,50,0.5,0.1,0.15,0.1,1,1,2,40,"post_fragmentation","chessboard",77,1729,35,29,1,337,391,2
2,114,50,0.5,0.1,0.15,0.1,1,1,2,40,"post_fragmentation","chessboard",77,1729,35,29,1,337,404,1
2,114,50,0.5,0.1,0.15,0.1,1,1,2,40,"post_fragmentation","chessboard",77,1729,35,29,1,337,406,2
2,114,50,0.5,0.1,0.15,0.1,1,1,2,40,"post_fragmentation","chessboard",77,1729,35,29,1,337,410,1
2,114,50,0.5,0.1,0.15,0.1,1,1,2,40,"post_fragmentation","chessboard",77,1729,35,29,1,337,421,3
2,114,50,0.5,0.1,0.15,0.1,1,1,2,40,"post_fragmentation","chessboard",77,1729,35,29,1,337,430,1
2,114,50,0.5,0.1,0.15,0.1,1,1,2,40,"post_fragmentation","chessboard",77,1729,35,29,1,337,432,1
2,114,50,0.5,0.1,0.15,0.1,1,1,2,40,"post_fragmentation","chessboard",77,1729,35,29,1,337,437,1
2,114,50,0.5,0.1,0.15,0.1,1,1,2,40,"post_fragmentation","chessboard",77,1729,35,29,1,337,453,1
2,114,50,0.5,0.1,0.15,0.1,1,1,2,40,"post_fragmentation","chessboard",78,1762,36,12,1,337,406,1
2,114,50,0.5,0.1,0.15,0.1,1,1,2,40,"post_fragmentation","chessboard",78,1762,36,12,1,337,408,1
2,114,50,0.5,0.1,0.15,0.1,1,1,2,40,"post_fragmentation","chessboard",78,1762,36,12,1,337,422,2
2,114,50,0.5,0.1,0.15,0.1,1,1,2,40,"post_fragmentation","chessboard",78,1762,36,12,1,337,471,1
2,114,50,0.5,0.1,0.15,0.1,1,1,2,40,"post_fragmentation","chessboard",78,1762,36,12,1,337,480,1
2,114,50,0.5,0.1,0.15,0.1,1,1,2,40,"post_fragmentation","chessboard",78,1762,36,12,1,337,481,4
2,114,50,0.5,0.1,0.15,0.1,1,1,2,40,"post_fragmentation","chessboard",78,1762,36,12,1,337,483,3
2,114,50,0.5,0.1,0.15,0.1,1,1,2,40,"post_fragmentation","chessboard",78,1762,36,12,1,337,510,2
2,114,50,0.5,0.1,0.15,0.1,1,1,2,40,"post_fragmentation","chessboard",78,1762,36,12,1,337,523,3
2,114,50,0.5,0.1,0.15,0.1,1,1,2,40,"post_fragmentation","chessboard",78,1762,36,12,1,337,527,8
2,114,50,0.5,0.1,0.15,0.1,1,1,2,40,"post_fragmentation","chessboard",78,1762,36,12,1,337,548,1
2,114,50,0.5,0.1,0.15,0.1,1,1,2,40,"post_fragmentation","chessboard",78,1762,36,12,1,337,555,2
2,114,50,0.5,0.1,0.15,0.1,1,1,2,40,"post_fragmentation","chessboard",78,1762,36,12,1,337,574,2
2,114,50,0.5,0.1,0.15,0.1,1,1,2,40,"post_fragmentation","chessboard",78,1762,36,12,1,337,589,3
2,114,50,0.5,0.1,0.15,0.1,1,1,2,40,"post_fragmentation","chessboard",78,1762,36,12,1,337,595,1
2,114,50,0.5,0.1,0.15,0.1,1,1,2,40,"post_fragmentation","chessboard",78,1762,36,12,1,337,656,1
2,114,50,0.5,0.1,0.15,0.1,1,1,2,40,"post_fragmentation","chessboard",78,1762,36,12,1,337,662,3
2,114,50,0.5,0.1,0.15,0.1,1,1,2,40,"post_fragmentation","chessboard",79,1764,36,14,1,337,288,2
2,114,50,0.5,0.1,0.15,0.1,1,1,2,40,"post_fragmentation","chessboard",79,1764,36,14,1,337,292,1
2,114,50,0.5,0.1,0.15,0.1,1,1,2,40,"post_fragmentation","chessboard",79,1764,36,14,1,337,325,1
2,114,50,0.5,0.1,0.15,0.1,1,1,2,40,"post_fragmentation","chessboard",79,1764,36,14,1,337,349,1
2,114,50,0.5,0.1,0.15,0.1,1,1,2,40,"post_fragmentation","chessboard",79,1764,36,14,1,337,351,1
2,114,50,0.5,0.1,0.15,0.1,1,1,2,40,"post_fragmentation","chessboard",79,1764,36,14,1,337,359,3
2,114,50,0.5,0.1,0.15,0.1,1,1,2,40,"post_fragmentation","chessboard",79,1764,36,14,1,337,390,1
2,114,50,0.5,0.1,0.15,0.1,1,1,2,40,"post_fragmentation","chessboard",79,1764,36,14,1,337,391,1
2,114,50,0.5,0.1,0.15,0.1,1,1,2,40,"post_fragmentation","chessboard",79,1764,36,14,1,337,406,1
2,114,50,0.5,0.1,0.15,0.1,1,1,2,40,"post_fragmentation","chessboard",79,1764,36,14,1,337,408,7
2,114,50,0.5,0.1,0.15,0.1,1,1,2,40,"post_fragmentation","chessboard",79,1764,36,14,1,337,419,1
2,114,50,0.5,0.1,0.15,0.1,1,1,2,40,"post_fragmentation","chessboard",79,1764,36,14,1,337,422,1
2,114,50,0.5,0.1,0.15,0.1,1,1,2,40,"post_fragmentation","chessboard",79,1764,36,14,1,337,446,1
2,114,50,0.5,0.1,0.15,0.1,1,1,2,40,"post_fragmentation","chessboard",79,1764,36,14,1,337,449,3
2,114,50,0.5,0.1,0.15,0.1,1,1,2,40,"post_fragmentation","chessboard",79,1764,36,14,1,337,460,3
2,114,50,0.5,0.1,0.15,0.1,1,1,2,40,"post_fragmentation","chessboard",79,1764,36,14,1,337,465,1
2,114,50,0.5,0.1,0.15,0.1,1,1,2,40,"post_fragmentation","chessboard",79,1764,36,14,1,337,471,1
2,114,50,0.5,0.1,0.15,0.1,1,1,2,40,"post_fragmentation","chessboard",79,1764,36,14,1,337,473,1
2,114,50,0.5,0.1,0.15,0.1,1,1,2,40,"post_fragmentation","chessboard",79,1764,36,14,1,337,480,1
2,114,50,0.5,0.1,0.15,0.1,1,1,2,40,"post_fragmentation","chessboard",79,1764,36,14,1,337,491,1
2,114,50,0.5,0.1,0.15,0.1,1,1,2,40,"post_fragmentation","chessboard",79,1764,36,14,1,337,496,2
2,114,50,0.5,0.1,0.15,0.1,1,1,2,40,"post_fragmentation","chessboard",79,1764,36,14,1,337,502,1
2,114,50,0.5,0.1,0.15,0.1,1,1,2,40,"post_fragmentation","chessboard",79,1764,36,14,1,337,503,1
2,114,50,0.5,0.1,0.15,0.1,1,1,2,40,"post_fragmentation","chessboard",80,1766,36,16,1,337,236,1
2,114,50,0.5,0.1,0.15,0.1,1,1,2,40,"post_fragmentation","chessboard",80,1766,36,16,1,337,241,1
2,114,50,0.5,0.1,0.15,0.1,1,1,2,40,"post_fragmentation","chessboard",80,1766,36,16,1,337,259,1
2,114,50,0.5,0.1,0.15,0.1,1,1,2,40,"post_fragmentation","chessboard",80,1766,36,16,1,337,292,6
2,114,50,0.5,0.1,0.15,0.1,1,1,2,40,"post_fragmentation","chessboard",80,1766,36,16,1,337,322,4
2,114,50,0.5,0.1,0.15,0.1,1,1,2,40,"post_fragmentation","chessboard",80,1766,36,16,1,337,351,2
2,114,50,0.5,0.1,0.15,0.1,1,1,2,40,"post_fragmentation","chessboard",80,1766,36,16,1,337,394,1
2,114,50,0.5,0.1,0.15,0.1,1,1,2,40,"post_fragmentation","chessboard",80,1766,36,16,1,337,406,1
2,114,50,0.5,0.1,0.15,0.1,1,1,2,40,"post_fragmentation","chessboard",80,1766,36,16,1,337,408,2
2,114,50,0.5,0.1,0.15,0.1,1,1,2,40,"post_fragmentation","chessboard",80,1766,36,16,1,337,415,1
2,114,50,0.5,0.1,0.15,0.1,1,1,2,40,"post_fragmentation","chessboard",80,1766,36,16,1,337,421,1
2,114,50,0.5,0.1,0.15,0.1,1,1,2,40,"post_fragmentation","chessboard",80,1766,36,16,1,337,441,1
2,114,50,0.5,0.1,0.15,0.1,1,1,2,40,"post_fragmentation","chessboard",80,1766,36,16,1,337,460,1
2,114,50,0.5,0.1,0.15,0.1,1,1,2,40,"post_fragmentation","chessboard",80,1766,36,16,1,337,471,1
2,114,50,0.5,0.1,0.15,0.1,1,1,2,40,"post_fragmentation","chessboard",80,1766,36,16,1,337,480,1
2,114,50,0.5,0.1,0.15,0.1,1,1,2,40,"post_fragmentation","chessboard",81,1768,36,18,1,337,259,1
2,114,50,0.5,0.1,0.15,0.1,1,1,2,40,"post_fragmentation","chessboard",81,1768,36,18,1,337,292,2
2,114,50,0.5,0.1,0.15,0.1,1,1,2,40,"post_fragmentation","chessboard",81,1768,36,18,1,337,307,1
2,114,50,0.5,0.1,0.15,0.1,1,1,2,40,"post_fragmentation","chessboard",81,1768,36,18,1,337,309,1
2,114,50,0.5,0.1,0.15,0.1,1,1,2,40,"post_fragmentation","chessboard",81,1768,36,18,1,337,316,1
2,114,50,0.5,0.1,0.15,0.1,1,1,2,40,"post_fragmentation","chessboard",81,1768,36,18,1,337,322,2
2,114,50,0.5,0.1,0.15,0.1,1,1,2,40,"post_fragmentation","chessboard",81,1768,36,18,1,337,323,1
2,114,50,0.5,0.1,0.15,0.1,1,1,2,40,"post_fragmentation","chessboard",81,1768,36,18,1,337,325,1
2,114,50,0.5,0.1,0.15,0.1,1,1,2,40,"post_fragmentation","chessboard",81,1768,36,18,1,337,349,4
2,114,50,0.5,0.1,0.15,0.1,1,1,2,40,"post_fragmentation","chessboard",81,1768,36,18,1,337,361,2
2,114,50,0.5,0.1,0.15,0.1,1,1,2,40,"post_fragmentation","chessboard",81,1768,36,18,1,337,371,1
2,114,50,0.5,0.1,0.15,0.1,1,1,2,40,"post_fragmentation","chessboard",81,1768,36,18,1,337,385,1
2,114,50,0.5,0.1,0.15,0.1,1,1,2,40,"post_fragmentation","chessboard",81,1768,36,18,1,337,390,1
2,114,50,0.5,0.1,0.15,0.1,1,1,2,40,"post_fragmentation","chessboard",81,1768,36,18,1,337,406,2
2,114,50,0.5,0.1,0.15,0.1,1,1,2,40,"post_fragmentation","chessboard",81,1768,36,18,1,337,408,1
2,114,50,0.5,0.1,0.15,0.1,1,1,2,40,"post_fragmentation","chessboard",81,1768,36,18,1,337,419,5
2,114,50,0.5,0.1,0.15,0.1,1,1,2,40,"post_fragmentation","chessboard",81,1768,36,18,1,337,421,3
2,114,50,0.5,0.1,0.15,0.1,1,1,2,40,"post_fragmentation","chessboard",81,1768,36,18,1,337,422,1
2,114,50,0.5,0.1,0.15,0.1,1,1,2,40,"post_fragmentation","chessboard",81,1768,36,18,1,337,432,1
2,114,50,0.5,0.1,0.15,0.1,1,1,2,40,"post_fragmentation","chessboard",81,1768,36,18,1,337,434,1
2,114,50,0.5,0.1,0.15,0.1,1,1,2,40,"post_fragmentation","chessboard",81,1768,36,18,1,337,462,1
2,114,50,0.5,0.1,0.15,0.1,1,1,2,40,"post_fragmentation","chessboard",81,1768,36,18,1,337,473,1
2,114,50,0.5,0.1,0.15,0.1,1,1,2,40,"post_fragmentation","chessboard",81,1768,36,18,1,337,481,2
2,114,50,0.5,0.1,0.15,0.1,1,1,2,40,"post_fragmentation","chessboard",81,1768,36,18,1,337,497,1
2,114,50,0.5,0.1,0.15,0.1,1,1,2,40,"post_fragmentation","chessboard",81,1768,36,18,1,337,527,1
2,114,50,0.5,0.1,0.15,0.1,1,1,2,40,"post_fragmentation","chessboard",81,1768,36,18,1,337,547,1
2,114,50,0.5,0.1,0.15,0.1,1,1,2,40,"post_fragmentation","chessboard",82,1770,36,20,1,337,145,1
2,114,50,0.5,0.1,0.15,0.1,1,1,2,40,"post_fragmentation","chessboard",82,1770,36,20,1,337,292,4
2,114,50,0.5,0.1,0.15,0.1,1,1,2,40,"post_fragmentation","chessboard",82,1770,36,20,1,337,307,1
2,114,50,0.5,0.1,0.15,0.1,1,1,2,40,"post_fragmentation","chessboard",82,1770,36,20,1,337,322,2
2,114,50,0.5,0.1,0.15,0.1,1,1,2,40,"post_fragmentation","chessboard",82,1770,36,20,1,337,323,1
2,114,50,0.5,0.1,0.15,0.1,1,1,2,40,"post_fragmentation","chessboard",82,1770,36,20,1,337,351,3
2,114,50,0.5,0.1,0.15,0.1,1,1,2,40,"post_fragmentation","chessboard",82,1770,36,20,1,337,361,4
2,114,50,0.5,0.1,0.15,0.1,1,1,2,40,"post_fragmentation","chessboard",82,1770,36,20,1,337,376,3
2,114,50,0.5,0.1,0.15,0.1,1,1,2,40,"post_fragmentation","chessboard",82,1770,36,20,1,337,386,1
2,114,50,0.5,0.1,0.15,0.1,1,1,2,40,"post_fragmentation","chessboard",82,1770,36,20,1,337,390,1
2,114,50,0.5,0.1,0.15,0.1,1,1,2,40,"post_fragmentation","chessboard",82,1770,36,20,1,337,408,1
2,114,50,0.5,0.1,0.15,0.1,1,1,2,40,"post_fragmentation","chessboard",82,1770,36,20,1,337,419,1
2,114,50,0.5,0.1,0.15,0.1,1,1,2,40,"post_fragmentation","chessboard",82,1770,36,20,1,337,421,1
2,114,50,0.5,0.1,0.15,0.1,1,1,2,40,"post_fragmentation","chessboard",82,1770,36,20,1,337,422,1
2,114,50,0.5,0.1,0.15,0.1,1,1,2,40,"post_fragmentation","chessboard",82,1770,36,20,1,337,429,1
2,114,50,0.5,0.1,0.15,0.1,1,1,2,40,"post_fragmentation","chessboard",82,1770,36,20,1,337,437,1
2,114,50,0.5,0.1,0.15,0.1,1,1,2,40,"post_fragmentation","chessboard",82,1770,36,20,1,337,460,1
2,114,50,0.5,0.1,0.15,0.1,1,1,2,40,"post_fragmentation","chessboard",82,1770,36,20,1,337,481,1
2,114,50,0.5,0.1,0.15,0.1,1,1,2,40,"post_fragmentation","chessboard",83,1772,36,22,1,337,353,2
2,114,50,0.5,0.1,0.15,0.1,1,1,2,40,"post_fragmentation","chessboard",83,1772,36,22,1,337,361,1
2,114,50,0.5,0.1,0.15,0.1,1,1,2,40,"post_fragmentation","chessboard",83,1772,36,22,1,337,376,1
2,114,50,0.5,0.1,0.15,0.1,1,1,2,40,"post_fragmentation","chessboard",83,1772,36,22,1,337,379,1
2,114,50,0.5,0.1,0.15,0.1,1,1,2,40,"post_fragmentation","chessboard",83,1772,36,22,1,337,382,2
2,114,50,0.5,0.1,0.15,0.1,1,1,2,40,"post_fragmentation","chessboard",83,1772,36,22,1,337,390,1
2,114,50,0.5,0.1,0.15,0.1,1,1,2,40,"post_fragmentation","chessboard",83,1772,36,22,1,337,391,1
2,114,50,0.5,0.1,0.15,0.1,1,1,2,40,"post_fragmentation","chessboard",83,1772,36,22,1,337,415,1
2,114,50,0.5,0.1,0.15,0.1,1,1,2,40,"post_fragmentation","chessboard",83,1772,36,22,1,337,419,2
2,114,50,0.5,0.1,0.15,0.1,1,1,2,40,"post_fragmentation","chessboard",83,1772,36,22,1,337,421,1
2,114,50,0.5,0.1,0.15,0.1,1,1,2,40,"post_fragmentation","chessboard",83,1772,36,22,1,337,422,1
2,114,50,0.5,0.1,0.15,0.1,1,1,2,40,"post_fragmentation","chessboard",83,1772,36,22,1,337,429,2
2,114,50,0.5,0.1,0.15,0.1,1,1,2,40,"post_fragmentation","chessboard",83,1772,36,22,1,337,430,1
2,114,50,0.5,0.1,0.15,0.1,1,1,2,40,"post_fragmentation","chessboard",83,1772,36,22,1,337,432,2
2,114,50,0.5,0.1,0.15,0.1,1,1,2,40,"post_fragmentation","chessboard",83,1772,36,22,1,337,441,3
2,114,50,0.5,0.1,0.15,0.1,1,1,2,40,"post_fragmentation","chessboard",83,1772,36,22,1,337,458,1
2,114,50,0.5,0.1,0.15,0.1,1,1,2,40,"post_fragmentation","chessboard",83,1772,36,22,1,337,464,2
2,114,50,0.5,0.1,0.15,0.1,1,1,2,40,"post_fragmentation","chessboard",83,1772,36,22,1,337,471,1
2,114,50,0.5,0.1,0.15,0.1,1,1,2,40,"post_fragmentation","chessboard",83,1772,36,22,1,337,473,3
2,114,50,0.5,0.1,0.15,0.1,1,1,2,40,"post_fragmentation","chessboard",83,1772,36,22,1,337,475,1
2,114,50,0.5,0.1,0.15,0.1,1,1,2,40,"post_fragmentation","chessboard",83,1772,36,22,1,337,476,1
2,114,50,0.5,0.1,0.15,0.1,1,1,2,40,"post_fragmentation","chessboard",83,1772,36,22,1,337,477,1
2,114,50,0.5,0.1,0.15,0.1,1,1,2,40,"post_fragmentation","chessboard",83,1772,36,22,1,337,480,2
2,114,50,0.5,0.1,0.15,0.1,1,1,2,40,"post_fragmentation","chessboard",83,1772,36,22,1,337,481,3
2,114,50,0.5,0.1,0.15,0.1,1,1,2,40,"post_fragmentation","chessboard",83,1772,36,22,1,337,497,1
2,114,50,0.5,0.1,0.15,0.1,1,1,2,40,"post_fragmentation","chessboard",83,1772,36,22,1,337,500,1
2,114,50,0.5,0.1,0.15,0.1,1,1,2,40,"post_fragmentation","chessboard",83,1772,36,22,1,337,513,2
2,114,50,0.5,0.1,0.15,0.1,1,1,2,40,"post_fragmentation","chessboard",83,1772,36,22,1,337,576,1
2,114,50,0.5,0.1,0.15,0.1,1,1,2,40,"post_fragmentation","chessboard",84,1774,36,24,1,337,241,1
2,114,50,0.5,0.1,0.15,0.1,1,1,2,40,"post_fragmentation","chessboard",84,1774,36,24,1,337,272,1
2,114,50,0.5,0.1,0.15,0.1,1,1,2,40,"post_fragmentation","chessboard",84,1774,36,24,1,337,304,3
2,114,50,0.5,0.1,0.15,0.1,1,1,2,40,"post_fragmentation","chessboard",84,1774,36,24,1,337,309,1
2,114,50,0.5,0.1,0.15,0.1,1,1,2,40,"post_fragmentation","chessboard",84,1774,36,24,1,337,323,5
2,114,50,0.5,0.1,0.15,0.1,1,1,2,40,"post_fragmentation","chessboard",84,1774,36,24,1,337,324,1
2,114,50,0.5,0.1,0.15,0.1,1,1,2,40,"post_fragmentation","chessboard",84,1774,36,24,1,337,330,1
2,114,50,0.5,0.1,0.15,0.1,1,1,2,40,"post_fragmentation","chessboard",84,1774,36,24,1,337,332,2
2,114,50,0.5,0.1,0.15,0.1,1,1,2,40,"post_fragmentation","chessboard",84,1774,36,24,1,337,341,1
2,114,50,0.5,0.1,0.15,0.1,1,1,2,40,"post_fragmentation","chessboard",84,1774,36,24,1,337,351,2
2,114,50,0.5,0.1,0.15,0.1,1,1,2,40,"post_fragmentation","chessboard",84,1774,36,24,1,337,353,1
2,114,50,0.5,0.1,0.15,0.1,1,1,2,40,"post_fragmentation","chessboard",84,1774,36,24,1,337,367,1
2,114,50,0.5,0.1,0.15,0.1,1,1,2,40,"post_fragmentation","chessboard",84,1774,36,24,1,337,371,2
2,114,50,0.5,0.1,0.15,0.1,1,1,2,40,"post_fragmentation","chessboard",84,1774,36,24,1,337,376,2
2,114,50,0.5,0.1,0.15,0.1,1,1,2,40,"post_fragmentation","chessboard",84,1774,36,24,1,337,391,1
2,114,50,0.5,0.1,0.15,0.1,1,1,2,40,"post_fragmentation","chessboard",84,1774,36,24,1,337,398,2
2,114,50,0.5,0.1,0.15,0.1,1,1,2,40,"post_fragmentation","chessboard",84,1774,36,24,1,337,419,1
2,114,50,0.5,0.1,0.15,0.1,1,1,2,40,"post_fragmentation","chessboard",84,1774,36,24,1,337,422,1
2,114,50,0.5,0.1,0.15,0.1,1,1,2,40,"post_fragmentation","chessboard",84,1774,36,24,1,337,446,1
2,114,50,0.5,0.1,0.15,0.1,1,1,2,40,"post_fragmentation","chessboard",84,1774,36,24,1,337,460,2
2,114,50,0.5,0.1,0.15,0.1,1,1,2,40,"post_fragmentation","chessboard",84,1774,36,24,1,337,464,1
2,114,50,0.5,0.1,0.15,0.1,1,1,2,40,"post_fragmentation","chessboard",85,1776,36,26,1,337,306,1
2,114,50,0.5,0.1,0.15,0.1,1,1,2,40,"post_fragmentation","chessboard",85,1776,36,26,1,337,323,1
2,114,50,0.5,0.1,0.15,0.1,1,1,2,40,"post_fragmentation","chessboard",85,1776,36,26,1,337,324,1
2,114,50,0.5,0.1,0.15,0.1,1,1,2,40,"post_fragmentation","chessboard",85,1776,36,26,1,337,338,1
2,114,50,0.5,0.1,0.15,0.1,1,1,2,40,"post_fragmentation","chessboard",85,1776,36,26,1,337,351,2
2,114,50,0.5,0.1,0.15,0.1,1,1,2,40,"post_fragmentation","chessboard",85,1776,36,26,1,337,353,1
2,114,50,0.5,0.1,0.15,0.1,1,1,2,40,"post_fragmentation","chessboard",85,1776,36,26,1,337,358,2
2,114,50,0.5,0.1,0.15,0.1,1,1,2,40,"post_fragmentation","chessboard",85,1776,36,26,1,337,371,1
2,114,50,0.5,0.1,0.15,0.1,1,1,2,40,"post_fragmentation","chessboard",85,1776,36,26,1,337,372,1
2,114,50,0.5,0.1,0.15,0.1,1,1,2,40,"post_fragmentation","chessboard",85,1776,36,26,1,337,379,2
2,114,50,0.5,0.1,0.15,0.1,1,1,2,40,"post_fragmentation","chessboard",85,1776,36,26,1,337,385,5
2,114,50,0.5,0.1,0.15,0.1,1,1,2,40,"post_fragmentation","chessboard",85,1776,36,26,1,337,391,3
2,114,50,0.5,0.1,0.15,0.1,1,1,2,40,"post_fragmentation","chessboard",85,1776,36,26,1,337,408,1
2,114,50,0.5,0.1,0.15,0.1,1,1,2,40,"post_fragmentation","chessboard",85,1776,36,26,1,337,410,1
2,114,50,0.5,0.1,0.15,0.1,1,1,2,40,"post_fragmentation","chessboard",85,1776,36,26,1,337,419,1
2,114,50,0.5,0.1,0.15,0.1,1,1,2,40,"post_fragmentation","chessboard",85,1776,36,26,1,337,421,2
2,114,50,0.5,0.1,0.15,0.1,1,1,2,40,"post_fragmentation","chessboard",85,1776,36,26,1,337,426,1
2,114,50,0.5,0.1,0.15,0.1,1,1,2,40,"post_fragmentation","chessboard",85,1776,36,26,1,337,429,2
2,114,50,0.5,0.1,0.15,0.1,1,1,2,40,"post_fragmentation","chessboard",85,1776,36,26,1,337,430,2
2,114,50,0.5,0.1,0.15,0.1,1,1,2,40,"post_fragmentation","chessboard",85,1776,36,26,1,337,441,1
2,114,50,0.5,0.1,0.15,0.1,1,1,2,40,"post_fragmentation","chessboard",85,1776,36,26,1,337,446,2
2,114,50,0.5,0.1,0.15,0.1,1,1,2,40,"post_fragmentation","chessboard",85,1776,36,26,1,337,453,1
2,114,50,0.5,0.1,0.15,0.1,1,1,2,40,"post_fragmentation","chessboard",85,1776,36,26,1,337,460,1
2,114,50,0.5,0.1,0.15,0.1,1,1,2,40,"post_fragmentation","chessboard",85,1776,36,26,1,337,464,1
2,114,50,0.5,0.1,0.15,0.1,1,1,2,40,"post_fragmentation","chessboard",85,1776,36,26,1,337,473,1
2,114,50,0.5,0.1,0.15,0.1,1,1,2,40,"post_fragmentation","chessboard",85,1776,36,26,1,337,481,1
2,114,50,0.5,0.1,0.15,0.1,1,1,2,40,"post_fragmentation","chessboard",85,1776,36,26,1,337,486,1
2,114,50,0.5,0.1,0.15,0.1,1,1,2,40,"post_fragmentation","chessboard",86,1778,36,28,1,337,376,1
2,114,50,0.5,0.1,0.15,0.1,1,1,2,40,"post_fragmentation","chessboard",86,1778,36,28,1,337,379,1
2,114,50,0.5,0.1,0.15,0.1,1,1,2,40,"post_fragmentation","chessboard",86,1778,36,28,1,337,391,2
2,114,50,0.5,0.1,0.15,0.1,1,1,2,40,"post_fragmentation","chessboard",86,1778,36,28,1,337,407,1
2,114,50,0.5,0.1,0.15,0.1,1,1,2,40,"post_fragmentation","chessboard",86,1778,36,28,1,337,419,1
2,114,50,0.5,0.1,0.15,0.1,1,1,2,40,"post_fragmentation","chessboard",86,1778,36,28,1,337,421,2
2,114,50,0.5,0.1,0.15,0.1,1,1,2,40,"post_fragmentation","chessboard",86,1778,36,28,1,337,426,1
2,114,50,0.5,0.1,0.15,0.1,1,1,2,40,"post_fragmentation","chessboard",86,1778,36,28,1,337,430,1
2,114,50,0.5,0.1,0.15,0.1,1,1,2,40,"post_fragmentation","chessboard",86,1778,36,28,1,337,432,1
2,114,50,0.5,0.1,0.15,0.1,1,1,2,40,"post_fragmentation","chessboard",86,1778,36,28,1,337,446,1
2,114,50,0.5,0.1,0.15,0.1,1,1,2,40,"post_fragmentation","chessboard",86,1778,36,28,1,337,450,2
2,114,50,0.5,0.1,0.15,0.1,1,1,2,40,"post_fragmentation","chessboard",86,1778,36,28,1,337,453,1
2,114,50,0.5,0.1,0.15,0.1,1,1,2,40,"post_fragmentation","chessboard",86,1778,36,28,1,337,460,4
2,114,50,0.5,0.1,0.15,0.1,1,1,2,40,"post_fragmentation","chessboard",86,1778,36,28,1,337,463,1
2,114,50,0.5,0.1,0.15,0.1,1,1,2,40,"post_fragmentation","chessboard",86,1778,36,28,1,337,464,2
2,114,50,0.5,0.1,0.15,0.1,1,1,2,40,"post_fragmentation","chessboard",86,1778,36,28,1,337,476,1
2,114,50,0.5,0.1,0.15,0.1,1,1,2,40,"post_fragmentation","chessboard",86,1778,36,28,1,337,481,4
2,114,50,0.5,0.1,0.15,0.1,1,1,2,40,"post_fragmentation","chessboard",86,1778,36,28,1,337,493,1
2,114,50,0.5,0.1,0.15,0.1,1,1,2,40,"post_fragmentation","chessboard",86,1778,36,28,1,337,500,3
2,114,50,0.5,0.1,0.15,0.1,1,1,2,40,"post_fragmentation","chessboard",86,1778,36,28,1,337,513,1
2,114,50,0.5,0.1,0.15,0.1,1,1,2,40,"post_fragmentation","chessboard",86,1778,36,28,1,337,634,1
2,114,50,0.5,0.1,0.15,0.1,1,1,2,40,"post_fragmentation","chessboard",87,1780,36,30,1,337,304,1
2,114,50,0.5,0.1,0.15,0.1,1,1,2,40,"post_fragmentation","chessboard",87,1780,36,30,1,337,330,1
2,114,50,0.5,0.1,0.15,0.1,1,1,2,40,"post_fragmentation","chessboard",87,1780,36,30,1,337,338,1
2,114,50,0.5,0.1,0.15,0.1,1,1,2,40,"post_fragmentation","chessboard",87,1780,36,30,1,337,365,2
2,114,50,0.5,0.1,0.15,0.1,1,1,2,40,"post_fragmentation","chessboard",87,1780,36,30,1,337,368,2
2,114,50,0.5,0.1,0.15,0.1,1,1,2,40,"post_fragmentation","chessboard",87,1780,36,30,1,337,389,2
2,114,50,0.5,0.1,0.15,0.1,1,1,2,40,"post_fragmentation","chessboard",87,1780,36,30,1,337,391,1
2,114,50,0.5,0.1,0.15,0.1,1,1,2,40,"post_fragmentation","chessboard",87,1780,36,30,1,337,397,1
2,114,50,0.5,0.1,0.15,0.1,1,1,2,40,"post_fragmentation","chessboard",87,1780,36,30,1,337,404,2
2,114,50,0.5,0.1,0.15,0.1,1,1,2,40,"post_fragmentation","chessboard",87,1780,36,30,1,337,406,1
2,114,50,0.5,0.1,0.15,0.1,1,1,2,40,"post_fragmentation","chessboard",87,1780,36,30,1,337,410,1
2,114,50,0.5,0.1,0.15,0.1,1,1,2,40,"post_fragmentation","chessboard",87,1780,36,30,1,337,426,4
2,114,50,0.5,0.1,0.15,0.1,1,1,2,40,"post_fragmentation","chessboard",87,1780,36,30,1,337,428,1
2,114,50,0.5,0.1,0.15,0.1,1,1,2,40,"post_fragmentation","chessboard",87,1780,36,30,1,337,430,1
2,114,50,0.5,0.1,0.15,0.1,1,1,2,40,"post_fragmentation","chessboard",87,1780,36,30,1,337,460,3
2,114,50,0.5,0.1,0.15,0.1,1,1,2,40,"post_fragmentation","chessboard",87,1780,36,30,1,337,464,4
2,114,50,0.5,0.1,0.15,0.1,1,1,2,40,"post_fragmentation","chessboard",87,1780,36,30,1,337,476,2
2,114,50,0.5,0.1,0.15,0.1,1,1,2,40,"post_fragmentation","chessboard",87,1780,36,30,1,337,481,3
2,114,50,0.5,0.1,0.15,0.1,1,1,2,40,"post_fragmentation","chessboard",87,1780,36,30,1,337,493,1
2,114,50,0.5,0.1,0.15,0.1,1,1,2,40,"post_fragmentation","chessboard",87,1780,36,30,1,337,500,2
2,114,50,0.5,0.1,0.15,0.1,1,1,2,40,"post_fragmentation","chessboard",87,1780,36,30,1,337,513,1
2,114,50,0.5,0.1,0.15,0.1,1,1,2,40,"post_fragmentation","chessboard",87,1780,36,30,1,337,539,1
2,114,50,0.5,0.1,0.15,0.1,1,1,2,40,"post_fragmentation","chessboard",87,1780,36,30,1,337,547,1
2,114,50,0.5,0.1,0.15,0.1,1,1,2,40,"post_fragmentation","chessboard",88,1811,37,11,1,337,344,1
2,114,50,0.5,0.1,0.15,0.1,1,1,2,40,"post_fragmentation","chessboard",88,1811,37,11,1,337,360,5
2,114,50,0.5,0.1,0.15,0.1,1,1,2,40,"post_fragmentation","chessboard",88,1811,37,11,1,337,371,1
2,114,50,0.5,0.1,0.15,0.1,1,1,2,40,"post_fragmentation","chessboard",88,1811,37,11,1,337,385,2
2,114,50,0.5,0.1,0.15,0.1,1,1,2,40,"post_fragmentation","chessboard",88,1811,37,11,1,337,390,2
2,114,50,0.5,0.1,0.15,0.1,1,1,2,40,"post_fragmentation","chessboard",88,1811,37,11,1,337,406,1
2,114,50,0.5,0.1,0.15,0.1,1,1,2,40,"post_fragmentation","chessboard",88,1811,37,11,1,337,408,2
2,114,50,0.5,0.1,0.15,0.1,1,1,2,40,"post_fragmentation","chessboard",88,1811,37,11,1,337,415,2
2,114,50,0.5,0.1,0.15,0.1,1,1,2,40,"post_fragmentation","chessboard",88,1811,37,11,1,337,417,2
2,114,50,0.5,0.1,0.15,0.1,1,1,2,40,"post_fragmentation","chessboard",88,1811,37,11,1,337,421,8
2,114,50,0.5,0.1,0.15,0.1,1,1,2,40,"post_fragmentation","chessboard",88,1811,37,11,1,337,432,1
2,114,50,0.5,0.1,0.15,0.1,1,1,2,40,"post_fragmentation","chessboard",88,1811,37,11,1,337,434,1
2,114,50,0.5,0.1,0.15,0.1,1,1,2,40,"post_fragmentation","chessboard",88,1811,37,11,1,337,446,2
2,114,50,0.5,0.1,0.15,0.1,1,1,2,40,"post_fragmentation","chessboard",88,1811,37,11,1,337,471,1
2,114,50,0.5,0.1,0.15,0.1,1,1,2,40,"post_fragmentation","chessboard",88,1811,37,11,1,337,480,4
2,114,50,0.5,0.1,0.15,0.1,1,1,2,40,"post_fragmentation","chessboard",88,1811,37,11,1,337,495,2
2,114,50,0.5,0.1,0.15,0.1,1,1,2,40,"post_fragmentation","chessboard",88,1811,37,11,1,337,523,1
2,114,50,0.5,0.1,0.15,0.1,1,1,2,40,"post_fragmentation","chessboard",88,1811,37,11,1,337,527,1
2,114,50,0.5,0.1,0.15,0.1,1,1,2,40,"post_fragmentation","chessboard",88,1811,37,11,1,337,548,1
2,114,50,0.5,0.1,0.15,0.1,1,1,2,40,"post_fragmentation","chessboard",89,1813,37,13,1,337,344,1
2,114,50,0.5,0.1,0.15,0.1,1,1,2,40,"post_fragmentation","chessboard",89,1813,37,13,1,337,382,1
2,114,50,0.5,0.1,0.15,0.1,1,1,2,40,"post_fragmentation","chessboard",89,1813,37,13,1,337,390,1
2,114,50,0.5,0.1,0.15,0.1,1,1,2,40,"post_fragmentation","chessboard",89,1813,37,13,1,337,408,1
2,114,50,0.5,0.1,0.15,0.1,1,1,2,40,"post_fragmentation","chessboard",89,1813,37,13,1,337,415,1
2,114,50,0.5,0.1,0.15,0.1,1,1,2,40,"post_fragmentation","chessboard",89,1813,37,13,1,337,419,1
2,114,50,0.5,0.1,0.15,0.1,1,1,2,40,"post_fragmentation","chessboard",89,1813,37,13,1,337,421,6
2,114,50,0.5,0.1,0.15,0.1,1,1,2,40,"post_fragmentation","chessboard",89,1813,37,13,1,337,429,2
2,114,50,0.5,0.1,0.15,0.1,1,1,2,40,"post_fragmentation","chessboard",89,1813,37,13,1,337,446,2
2,114,50,0.5,0.1,0.15,0.1,1,1,2,40,"post_fragmentation","chessboard",89,1813,37,13,1,337,458,1
2,114,50,0.5,0.1,0.15,0.1,1,1,2,40,"post_fragmentation","chessboard",89,1813,37,13,1,337,462,2
2,114,50,0.5,0.1,0.15,0.1,1,1,2,40,"post_fragmentation","chessboard",89,1813,37,13,1,337,471,2
2,114,50,0.5,0.1,0.15,0.1,1,1,2,40,"post_fragmentation","chessboard",89,1813,37,13,1,337,475,2
2,114,50,0.5,0.1,0.15,0.1,1,1,2,40,"post_fragmentation","chessboard",89,1813,37,13,1,337,477,1
2,114,50,0.5,0.1,0.15,0.1,1,1,2,40,"post_fragmentation","chessboard",89,1813,37,13,1,337,479,1
2,114,50,0.5,0.1,0.15,0.1,1,1,2,40,"post_fragmentation","chessboard",89,1813,37,13,1,337,480,2
2,114,50,0.5,0.1,0.15,0.1,1,1,2,40,"post_fragmentation","chessboard",89,1813,37,13,1,337,481,1
2,114,50,0.5,0.1,0.15,0.1,1,1,2,40,"post_fragmentation","chessboard",89,1813,37,13,1,337,485,1
2,114,50,0.5,0.1,0.15,0.1,1,1,2,40,"post_fragmentation","chessboard",89,1813,37,13,1,337,497,1
2,114,50,0.5,0.1,0.15,0.1,1,1,2,40,"post_fragmentation","chessboard",89,1813,37,13,1,337,498,1
2,114,50,0.5,0.1,0.15,0.1,1,1,2,40,"post_fragmentation","chessboard",89,1813,37,13,1,337,513,1
2,114,50,0.5,0.1,0.15,0.1,1,1,2,40,"post_fragmentation","chessboard",89,1813,37,13,1,337,524,1
2,114,50,0.5,0.1,0.15,0.1,1,1,2,40,"post_fragmentation","chessboard",89,1813,37,13,1,337,527,2
2,114,50,0.5,0.1,0.15,0.1,1,1,2,40,"post_fragmentation","chessboard",89,1813,37,13,1,337,595,1
2,114,50,0.5,0.1,0.15,0.1,1,1,2,40,"post_fragmentation","chessboard",90,1815,37,15,1,337,349,1
2,114,50,0.5,0.1,0.15,0.1,1,1,2,40,"post_fragmentation","chessboard",90,1815,37,15,1,337,394,1
2,114,50,0.5,0.1,0.15,0.1,1,1,2,40,"post_fragmentation","chessboard",90,1815,37,15,1,337,395,1
2,114,50,0.5,0.1,0.15,0.1,1,1,2,40,"post_fragmentation","chessboard",90,1815,37,15,1,337,408,1
2,114,50,0.5,0.1,0.15,0.1,1,1,2,40,"post_fragmentation","chessboard",90,1815,37,15,1,337,419,2
2,114,50,0.5,0.1,0.15,0.1,1,1,2,40,"post_fragmentation","chessboard",90,1815,37,15,1,337,421,2
2,114,50,0.5,0.1,0.15,0.1,1,1,2,40,"post_fragmentation","chessboard",90,1815,37,15,1,337,434,1
2,114,50,0.5,0.1,0.15,0.1,1,1,2,40,"post_fragmentation","chessboard",90,1815,37,15,1,337,448,1
2,114,50,0.5,0.1,0.15,0.1,1,1,2,40,"post_fragmentation","chessboard",90,1815,37,15,1,337,471,5
2,114,50,0.5,0.1,0.15,0.1,1,1,2,40,"post_fragmentation","chessboard",90,1815,37,15,1,337,491,3
2,114,50,0.5,0.1,0.15,0.1,1,1,2,40,"post_fragmentation","chessboard",90,1815,37,15,1,337,497,1
2,114,50,0.5,0.1,0.15,0.1,1,1,2,40,"post_fragmentation","chessboard",90,1815,37,15,1,337,498,1
2,114,50,0.5,0.1,0.15,0.1,1,1,2,40,"post_fragmentation","chessboard",90,1815,37,15,1,337,501,1
2,114,50,0.5,0.1,0.15,0.1,1,1,2,40,"post_fragmentation","chessboard",90,1815,37,15,1,337,506,1
2,114,50,0.5,0.1,0.15,0.1,1,1,2,40,"post_fragmentation","chessboard",90,1815,37,15,1,337,507,1
2,114,50,0.5,0.1,0.15,0.1,1,1,2,40,"post_fragmentation","chessboard",90,1815,37,15,1,337,523,3
2,114,50,0.5,0.1,0.15,0.1,1,1,2,40,"post_fragmentation","chessboard",90,1815,37,15,1,337,524,6
2,114,50,0.5,0.1,0.15,0.1,1,1,2,40,"post_fragmentation","chessboard",90,1815,37,15,1,337,527,3
2,114,50,0.5,0.1,0.15,0.1,1,1,2,40,"post_fragmentation","chessboard",90,1815,37,15,1,337,593,1
2,114,50,0.5,0.1,0.15,0.1,1,1,2,40,"post_fragmentation","chessboard",90,1815,37,15,1,337,595,1
2,114,50,0.5,0.1,0.15,0.1,1,1,2,40,"post_fragmentation","chessboard",90,1815,37,15,1,337,623,1
2,114,50,0.5,0.1,0.15,0.1,1,1,2,40,"post_fragmentation","chessboard",91,1817,37,17,1,337,290,5
2,114,50,0.5,0.1,0.15,0.1,1,1,2,40,"post_fragmentation","chessboard",91,1817,37,17,1,337,292,6
2,114,50,0.5,0.1,0.15,0.1,1,1,2,40,"post_fragmentation","chessboard",91,1817,37,17,1,337,323,2
2,114,50,0.5,0.1,0.15,0.1,1,1,2,40,"post_fragmentation","chessboard",91,1817,37,17,1,337,325,4
2,114,50,0.5,0.1,0.15,0.1,1,1,2,40,"post_fragmentation","chessboard",91,1817,37,17,1,337,344,2
2,114,50,0.5,0.1,0.15,0.1,1,1,2,40,"post_fragmentation","chessboard",91,1817,37,17,1,337,359,1
2,114,50,0.5,0.1,0.15,0.1,1,1,2,40,"post_fragmentation","chessboard",91,1817,37,17,1,337,361,1
2,114,50,0.5,0.1,0.15,0.1,1,1,2,40,"post_fragmentation","chessboard",91,1817,37,17,1,337,385,1
2,114,50,0.5,0.1,0.15,0.1,1,1,2,40,"post_fragmentation","chessboard",91,1817,37,17,1,337,386,1
2,114,50,0.5,0.1,0.15,0.1,1,1,2,40,"post_fragmentation","chessboard",91,1817,37,17,1,337,392,2
2,114,50,0.5,0.1,0.15,0.1,1,1,2,40,"post_fragmentation","chessboard",91,1817,37,17,1,337,419,1
2,114,50,0.5,0.1,0.15,0.1,1,1,2,40,"post_fragmentation","chessboard",91,1817,37,17,1,337,421,2
2,114,50,0.5,0.1,0.15,0.1,1,1,2,40,"post_fragmentation","chessboard",91,1817,37,17,1,337,473,1
2,114,50,0.5,0.1,0.15,0.1,1,1,2,40,"post_fragmentation","chessboard",92,1825,37,25,1,337,332,1
2,114,50,0.5,0.1,0.15,0.1,1,1,2,40,"post_fragmentation","chessboard",92,1825,37,25,1,337,349,1
2,114,50,0.5,0.1,0.15,0.1,1,1,2,40,"post_fragmentation","chessboard",92,1825,37,25,1,337,351,1
2,114,50,0.5,0.1,0.15,0.1,1,1,2,40,"post_fragmentation","chessboard",92,1825,37,25,1,337,384,1
2,114,50,0.5,0.1,0.15,0.1,1,1,2,40,"post_fragmentation","chessboard",92,1825,37,25,1,337,398,1
2,114,50,0.5,0.1,0.15,0.1,1,1,2,40,"post_fragmentation","chessboard",92,1825,37,25,1,337,419,2
2,114,50,0.5,0.1,0.15,0.1,1,1,2,40,"post_fragmentation","chessboard",92,1825,37,25,1,337,432,1
2,114,50,0.5,0.1,0.15,0.1,1,1,2,40,"post_fragmentation","chessboard",92,1825,37,25,1,337,460,6
2,114,50,0.5,0.1,0.15,0.1,1,1,2,40,"post_fragmentation","chessboard",92,1825,37,25,1,337,464,1
2,114,50,0.5,0.1,0.15,0.1,1,1,2,40,"post_fragmentation","chessboard",92,1825,37,25,1,337,465,1
2,114,50,0.5,0.1,0.15,0.1,1,1,2,40,"post_fragmentation","chessboard",92,1825,37,25,1,337,481,1
2,114,50,0.5,0.1,0.15,0.1,1,1,2,40,"post_fragmentation","chessboard",92,1825,37,25,1,337,486,1
2,114,50,0.5,0.1,0.15,0.1,1,1,2,40,"post_fragmentation","chessboard",92,1825,37,25,1,337,490,1
2,114,50,0.5,0.1,0.15,0.1,1,1,2,40,"post_fragmentation","chessboard",92,1825,37,25,1,337,519,2
2,114,50,0.5,0.1,0.15,0.1,1,1,2,40,"post_fragmentation","chessboard",92,1825,37,25,1,337,570,1
2,114,50,0.5,0.1,0.15,0.1,1,1,2,40,"post_fragmentation","chessboard",92,1825,37,25,1,337,623,1
2,114,50,0.5,0.1,0.15,0.1,1,1,2,40,"post_fragmentation","chessboard",92,1825,37,25,1,337,634,2
2,114,50,0.5,0.1,0.15,0.1,1,1,2,40,"post_fragmentation","chessboard",92,1825,37,25,1,337,702,1
2,114,50,0.5,0.1,0.15,0.1,1,1,2,40,"post_fragmentation","chessboard",93,1827,37,27,1,337,304,1
2,114,50,0.5,0.1,0.15,0.1,1,1,2,40,"post_fragmentation","chessboard",93,1827,37,27,1,337,324,4
2,114,50,0.5,0.1,0.15,0.1,1,1,2,40,"post_fragmentation","chessboard",93,1827,37,27,1,337,325,1
2,114,50,0.5,0.1,0.15,0.1,1,1,2,40,"post_fragmentation","chessboard",93,1827,37,27,1,337,332,2
2,114,50,0.5,0.1,0.15,0.1,1,1,2,40,"post_fragmentation","chessboard",93,1827,37,27,1,337,338,1
2,114,50,0.5,0.1,0.15,0.1,1,1,2,40,"post_fragmentation","chessboard",93,1827,37,27,1,337,350,1
2,114,50,0.5,0.1,0.15,0.1,1,1,2,40,"post_fragmentation","chessboard",93,1827,37,27,1,337,358,1
2,114,50,0.5,0.1,0.15,0.1,1,1,2,40,"post_fragmentation","chessboard",93,1827,37,27,1,337,375,4
2,114,50,0.5,0.1,0.15,0.1,1,1,2,40,"post_fragmentation","chessboard",93,1827,37,27,1,337,376,3
2,114,50,0.5,0.1,0.15,0.1,1,1,2,40,"post_fragmentation","chessboard",93,1827,37,27,1,337,379,3
2,114,50,0.5,0.1,0.15,0.1,1,1,2,40,"post_fragmentation","chessboard",93,1827,37,27,1,337,385,1
2,114,50,0.5,0.1,0.15,0.1,1,1,2,40,"post_fragmentation","chessboard",93,1827,37,27,1,337,386,2
2,114,50,0.5,0.1,0.15,0.1,1,1,2,40,"post_fragmentation","chessboard",93,1827,37,27,1,337,391,3
2,114,50,0.5,0.1,0.15,0.1,1,1,2,40,"post_fragmentation","chessboard",93,1827,37,27,1,337,409,1
2,114,50,0.5,0.1,0.15,0.1,1,1,2,40,"post_fragmentation","chessboard",93,1827,37,27,1,337,419,2
2,114,50,0.5,0.1,0.15,0.1,1,1,2,40,"post_fragmentation","chessboard",93,1827,37,27,1,337,426,1
2,114,50,0.5,0.1,0.15,0.1,1,1,2,40,"post_fragmentation","chessboard",93,1827,37,27,1,337,430,1
2,114,50,0.5,0.1,0.15,0.1,1,1,2,40,"post_fragmentation","chessboard",93,1827,37,27,1,337,432,1
2,114,50,0.5,0.1,0.15,0.1,1,1,2,40,"post_fragmentation","chessboard",93,1827,37,27,1,337,437,1
2,114,50,0.5,0.1,0.15,0.1,1,1,2,40,"post_fragmentation","chessboard",93,1827,37,27,1,337,460,2
2,114,50,0.5,0.1,0.15,0.1,1,1,2,40,"post_fragmentation","chessboard",93,1827,37,27,1,337,464,1
2,114,50,0.5,0.1,0.15,0.1,1,1,2,40,"post_fragmentation","chessboard",93,1827,37,27,1,337,477,1
2,114,50,0.5,0.1,0.15,0.1,1,1,2,40,"post_fragmentation","chessboard",93,1827,37,27,1,337,481,1
2,114,50,0.5,0.1,0.15,0.1,1,1,2,40,"post_fragmentation","chessboard",94,1868,38,18,1,337,325,2
2,114,50,0.5,0.1,0.15,0.1,1,1,2,40,"post_fragmentation","chessboard",94,1868,38,18,1,337,333,1
2,114,50,0.5,0.1,0.15,0.1,1,1,2,40,"post_fragmentation","chessboard",94,1868,38,18,1,337,349,1
2,114,50,0.5,0.1,0.15,0.1,1,1,2,40,"post_fragmentation","chessboard",94,1868,38,18,1,337,351,1
2,114,50,0.5,0.1,0.15,0.1,1,1,2,40,"post_fragmentation","chessboard",94,1868,38,18,1,337,359,1
2,114,50,0.5,0.1,0.15,0.1,1,1,2,40,"post_fragmentation","chessboard",94,1868,38,18,1,337,382,2
2,114,50,0.5,0.1,0.15,0.1,1,1,2,40,"post_fragmentation","chessboard",94,1868,38,18,1,337,394,2
2,114,50,0.5,0.1,0.15,0.1,1,1,2,40,"post_fragmentation","chessboard",94,1868,38,18,1,337,399,3
2,114,50,0.5,0.1,0.15,0.1,1,1,2,40,"post_fragmentation","chessboard",94,1868,38,18,1,337,408,3
2,114,50,0.5,0.1,0.15,0.1,1,1,2,40,"post_fragmentation","chessboard",94,1868,38,18,1,337,419,7
2,114,50,0.5,0.1,0.15,0.1,1,1,2,40,"post_fragmentation","chessboard",94,1868,38,18,1,337,421,1
2,114,50,0.5,0.1,0.15,0.1,1,1,2,40,"post_fragmentation","chessboard",94,1868,38,18,1,337,429,1
2,114,50,0.5,0.1,0.15,0.1,1,1,2,40,"post_fragmentation","chessboard",94,1868,38,18,1,337,458,1
2,114,50,0.5,0.1,0.15,0.1,1,1,2,40,"post_fragmentation","chessboard",94,1868,38,18,1,337,460,6
2,114,50,0.5,0.1,0.15,0.1,1,1,2,40,"post_fragmentation","chessboard",94,1868,38,18,1,337,476,1
2,114,50,0.5,0.1,0.15,0.1,1,1,2,40,"post_fragmentation","chessboard",94,1868,38,18,1,337,477,1
2,114,50,0.5,0.1,0.15,0.1,1,1,2,40,"post_fragmentation","chessboard",94,1868,38,18,1,337,501,1
2,114,50,0.5,0.1,0.15,0.1,1,1,2,40,"post_fragmentation","chessboard",94,1868,38,18,1,337,523,2
2,114,50,0.5,0.1,0.15,0.1,1,1,2,40,"post_fragmentation","chessboard",95,1870,38,20,1,337,292,1
2,114,50,0.5,0.1,0.15,0.1,1,1,2,40,"post_fragmentation","chessboard",95,1870,38,20,1,337,322,10
2,114,50,0.5,0.1,0.15,0.1,1,1,2,40,"post_fragmentation","chessboard",95,1870,38,20,1,337,325,2
2,114,50,0.5,0.1,0.15,0.1,1,1,2,40,"post_fragmentation","chessboard",95,1870,38,20,1,337,330,1
2,114,50,0.5,0.1,0.15,0.1,1,1,2,40,"post_fragmentation","chessboard",95,1870,38,20,1,337,351,3
2,114,50,0.5,0.1,0.15,0.1,1,1,2,40,"post_fragmentation","chessboard",95,1870,38,20,1,337,361,1
2,114,50,0.5,0.1,0.15,0.1,1,1,2,40,"post_fragmentation","chessboard",95,1870,38,20,1,337,376,2
2,114,50,0.5,0.1,0.15,0.1,1,1,2,40,"post_fragmentation","chessboard",95,1870,38,20,1,337,382,1
2,114,50,0.5,0.1,0.15,0.1,1,1,2,40,"post_fragmentation","chessboard",95,1870,38,20,1,337,385,1
2,114,50,0.5,0.1,0.15,0.1,1,1,2,40,"post_fragmentation","chessboard",95,1870,38,20,1,337,391,2
2,114,50,0.5,0.1,0.15,0.1,1,1,2,40,"post_fragmentation","chessboard",95,1870,38,20,1,337,408,3
2,114,50,0.5,0.1,0.15,0.1,1,1,2,40,"post_fragmentation","chessboard",95,1870,38,20,1,337,409,1
2,114,50,0.5,0.1,0.15,0.1,1,1,2,40,"post_fragmentation","chessboard",95,1870,38,20,1,337,410,1
2,114,50,0.5,0.1,0.15,0.1,1,1,2,40,"post_fragmentation","chessboard",95,1870,38,20,1,337,419,4
2,114,50,0.5,0.1,0.15,0.1,1,1,2,40,"post_fragmentation","chessboard",95,1870,38,20,1,337,429,1
2,114,50,0.5,0.1,0.15,0.1,1,1,2,40,"post_fragmentation","chessboard",95,1870,38,20,1,337,432,2
2,114,50,0.5,0.1,0.15,0.1,1,1,2,40,"post_fragmentation","chessboard",95,1870,38,20,1,337,437,1
2,114,50,0.5,0.1,0.15,0.1,1,1,2,40,"post_fragmentation","chessboard",96,1872,38,22,1,337,272,2
2,114,50,0.5,0.1,0.15,0.1,1,1,2,40,"post_fragmentation","chessboard",96,1872,38,22,1,337,323,3
2,114,50,0.5,0.1,0.15,0.1,1,1,2,40,"post_fragmentation","chessboard",96,1872,38,22,1,337,338,1
2,114,50,0.5,0.1,0.15,0.1,1,1,2,40,"post_fragmentation","chessboard",96,1872,38,22,1,337,349,1
2,114,50,0.5,0.1,0.15,0.1,1,1,2,40,"post_fragmentation","chessboard",96,1872,38,22,1,337,368,1
2,114,50,0.5,0.1,0.15,0.1,1,1,2,40,"post_fragmentation","chessboard",96,1872,38,22,1,337,386,1
2,114,50,0.5,0.1,0.15,0.1,1,1,2,40,"post_fragmentation","chessboard",96,1872,38,22,1,337,408,2
2,114,50,0.5,0.1,0.15,0.1,1,1,2,40,"post_fragmentation","chessboard",96,1872,38,22,1,337,416,1
2,114,50,0.5,0.1,0.15,0.1,1,1,2,40,"post_fragmentation","chessboard",96,1872,38,22,1,337,419,7
2,114,50,0.5,0.1,0.15,0.1,1,1,2,40,"post_fragmentation","chessboard",96,1872,38,22,1,337,421,1
2,114,50,0.5,0.1,0.15,0.1,1,1,2,40,"post_fragmentation","chessboard",96,1872,38,22,1,337,432,1
2,114,50,0.5,0.1,0.15,0.1,1,1,2,40,"post_fragmentation","chessboard",96,1872,38,22,1,337,434,1
2,114,50,0.5,0.1,0.15,0.1,1,1,2,40,"post_fragmentation","chessboard",96,1872,38,22,1,337,452,1
2,114,50,0.5,0.1,0.15,0.1,1,1,2,40,"post_fragmentation","chessboard",96,1872,38,22,1,337,460,2
2,114,50,0.5,0.1,0.15,0.1,1,1,2,40,"post_fragmentation","chessboard",96,1872,38,22,1,337,476,1
2,114,50,0.5,0.1,0.15,0.1,1,1,2,40,"post_fragmentation","chessboard",96,1872,38,22,1,337,480,1
2,114,50,0.5,0.1,0.15,0.1,1,1,2,40,"post_fragmentation","chessboard",96,1872,38,22,1,337,481,5
2,114,50,0.5,0.1,0.15,0.1,1,1,2,40,"post_fragmentation","chessboard",96,1872,38,22,1,337,486,1
2,114,50,0.5,0.1,0.15,0.1,1,1,2,40,"post_fragmentation","chessboard",96,1872,38,22,1,337,497,1
2,114,50,0.5,0.1,0.15,0.1,1,1,2,40,"post_fragmentation","chessboard",96,1872,38,22,1,337,515,1
2,114,50,0.5,0.1,0.15,0.1,1,1,2,40,"post_fragmentation","chessboard",97,1874,38,24,1,337,349,1
2,114,50,0.5,0.1,0.15,0.1,1,1,2,40,"post_fragmentation","chessboard",97,1874,38,24,1,337,371,1
2,114,50,0.5,0.1,0.15,0.1,1,1,2,40,"post_fragmentation","chessboard",97,1874,38,24,1,337,379,2
2,114,50,0.5,0.1,0.15,0.1,1,1,2,40,"post_fragmentation","chessboard",97,1874,38,24,1,337,390,1
2,114,50,0.5,0.1,0.15,0.1,1,1,2,40,"post_fragmentation","chessboard",97,1874,38,24,1,337,415,4
2,114,50,0.5,0.1,0.15,0.1,1,1,2,40,"post_fragmentation","chessboard",97,1874,38,24,1,337,419,2
2,114,50,0.5,0.1,0.15,0.1,1,1,2,40,"post_fragmentation","chessboard",97,1874,38,24,1,337,422,3
2,114,50,0.5,0.1,0.15,0.1,1,1,2,40,"post_fragmentation","chessboard",97,1874,38,24,1,337,429,1
2,114,50,0.5,0.1,0.15,0.1,1,1,2,40,"post_fragmentation","chessboard",97,1874,38,24,1,337,432,3
2,114,50,0.5,0.1,0.15,0.1,1,1,2,40,"post_fragmentation","chessboard",97,1874,38,24,1,337,453,1
2,114,50,0.5,0.1,0.15,0.1,1,1,2,40,"post_fragmentation","chessboard",97,1874,38,24,1,337,458,2
2,114,50,0.5,0.1,0.15,0.1,1,1,2,40,"post_fragmentation","chessboard",97,1874,38,24,1,337,460,9
2,114,50,0.5,0.1,0.15,0.1,1,1,2,40,"post_fragmentation","chessboard",97,1874,38,24,1,337,480,1
2,114,50,0.5,0.1,0.15,0.1,1,1,2,40,"post_fragmentation","chessboard",97,1874,38,24,1,337,481,4
2,114,50,0.5,0.1,0.15,0.1,1,1,2,40,"post_fragmentation","chessboard",97,1874,38,24,1,337,537,2
2,114,50,0.5,0.1,0.15,0.1,1,1,2,40,"post_fragmentation","chessboard",97,1874,38,24,1,337,550,1
2,114,50,0.5,0.1,0.15,0.1,1,1,2,40,"post_fragmentation","chessboard",98,1876,38,26,1,337,332,1
2,114,50,0.5,0.1,0.15,0.1,1,1,2,40,"post_fragmentation","chessboard",98,1876,38,26,1,337,349,1
2,114,50,0.5,0.1,0.15,0.1,1,1,2,40,"post_fragmentation","chessboard",98,1876,38,26,1,337,351,1
2,114,50,0.5,0.1,0.15,0.1,1,1,2,40,"post_fragmentation","chessboard",98,1876,38,26,1,337,358,1
2,114,50,0.5,0.1,0.15,0.1,1,1,2,40,"post_fragmentation","chessboard",98,1876,38,26,1,337,371,1
2,114,50,0.5,0.1,0.15,0.1,1,1,2,40,"post_fragmentation","chessboard",98,1876,38,26,1,337,379,3
2,114,50,0.5,0.1,0.15,0.1,1,1,2,40,"post_fragmentation","chessboard",98,1876,38,26,1,337,384,8
2,114,50,0.5,0.1,0.15,0.1,1,1,2,40,"post_fragmentation","chessboard",98,1876,38,26,1,337,391,1
2,114,50,0.5,0.1,0.15,0.1,1,1,2,40,"post_fragmentation","chessboard",98,1876,38,26,1,337,410,1
2,114,50,0.5,0.1,0.15,0.1,1,1,2,40,"post_fragmentation","chessboard",98,1876,38,26,1,337,419,3
2,114,50,0.5,0.1,0.15,0.1,1,1,2,40,"post_fragmentation","chessboard",98,1876,38,26,1,337,432,2
2,114,50,0.5,0.1,0.15,0.1,1,1,2,40,"post_fragmentation","chessboard",98,1876,38,26,1,337,460,11
2,114,50,0.5,0.1,0.15,0.1,1,1,2,40,"post_fragmentation","chessboard",98,1876,38,26,1,337,462,1
2,114,50,0.5,0.1,0.15,0.1,1,1,2,40,"post_fragmentation","chessboard",98,1876,38,26,1,337,464,2
2,114,50,0.5,0.1,0.15,0.1,1,1,2,40,"post_fragmentation","chessboard",98,1876,38,26,1,337,481,2
2,114,50,0.5,0.1,0.15,0.1,1,1,2,40,"post_fragmentation","chessboard",98,1876,38,26,1,337,486,1
2,114,50,0.5,0.1,0.15,0.1,1,1,2,40,"post_fragmentation","chessboard",98,1876,38,26,1,337,537,1
2,114,50,0.5,0.1,0.15,0.1,1,1,2,40,"post_fragmentation","chessboard",99,1878,38,28,1,337,304,1
2,114,50,0.5,0.1,0.15,0.1,1,1,2,40,"post_fragmentation","chessboard",99,1878,38,28,1,337,324,4
2,114,50,0.5,0.1,0.15,0.1,1,1,2,40,"post_fragmentation","chessboard",99,1878,38,28,1,337,332,2
2,114,50,0.5,0.1,0.15,0.1,1,1,2,40,"post_fragmentation","chessboard",99,1878,38,28,1,337,349,1
2,114,50,0.5,0.1,0.15,0.1,1,1,2,40,"post_fragmentation","chessboard",99,1878,38,28,1,337,351,4
2,114,50,0.5,0.1,0.15,0.1,1,1,2,40,"post_fragmentation","chessboard",99,1878,38,28,1,337,353,1
2,114,50,0.5,0.1,0.15,0.1,1,1,2,40,"post_fragmentation","chessboard",99,1878,38,28,1,337,365,2
2,114,50,0.5,0.1,0.15,0.1,1,1,2,40,"post_fragmentation","chessboard",99,1878,38,28,1,337,371,1
2,114,50,0.5,0.1,0.15,0.1,1,1,2,40,"post_fragmentation","chessboard",99,1878,38,28,1,337,376,2
2,114,50,0.5,0.1,0.15,0.1,1,1,2,40,"post_fragmentation","chessboard",99,1878,38,28,1,337,379,5
2,114,50,0.5,0.1,0.15,0.1,1,1,2,40,"post_fragmentation","chessboard",99,1878,38,28,1,337,382,1
2,114,50,0.5,0.1,0.15,0.1,1,1,2,40,"post_fragmentation","chessboard",99,1878,38,28,1,337,385,1
2,114,50,0.5,0.1,0.15,0.1,1,1,2,40,"post_fragmentation","chessboard",99,1878,38,28,1,337,387,1
2,114,50,0.5,0.1,0.15,0.1,1,1,2,40,"post_fragmentation","chessboard",99,1878,38,28,1,337,429,1
2,114,50,0.5,0.1,0.15,0.1,1,1,2,40,"post_fragmentation","chessboard",99,1878,38,28,1,337,446,1
2,114,50,0.5,0.1,0.15,0.1,1,1,2,40,"post_fragmentation","chessboard",99,1878,38,28,1,337,460,2
2,114,50,0.5,0.1,0.15,0.1,1,1,2,40,"post_fragmentation","chessboard",99,1878,38,28,1,337,464,4
2,114,50,0.5,0.1,0.15,0.1,1,1,2,40,"post_fragmentation","chessboard",99,1878,38,28,1,337,481,1
2,114,50,0.5,0.1,0.15,0.1,1,1,2,40,"post_fragmentation","chessboard",99,1878,38,28,1,337,493,1
2,114,50,0.5,0.1,0.15,0.1,1,1,2,40,"post_fragmentation","chessboard",99,1878,38,28,1,337,634,1
2,114,50,0.5,0.1,0.15,0.1,1,1,2,40,"post_fragmentation","chessboard",100,1917,39,17,1,337,288,1
2,114,50,0.5,0.1,0.15,0.1,1,1,2,40,"post_fragmentation","chessboard",100,1917,39,17,1,337,322,1
2,114,50,0.5,0.1,0.15,0.1,1,1,2,40,"post_fragmentation","chessboard",100,1917,39,17,1,337,333,1
2,114,50,0.5,0.1,0.15,0.1,1,1,2,40,"post_fragmentation","chessboard",100,1917,39,17,1,337,351,1
2,114,50,0.5,0.1,0.15,0.1,1,1,2,40,"post_fragmentation","chessboard",100,1917,39,17,1,337,361,1
2,114,50,0.5,0.1,0.15,0.1,1,1,2,40,"post_fragmentation","chessboard",100,1917,39,17,1,337,371,1
2,114,50,0.5,0.1,0.15,0.1,1,1,2,40,"post_fragmentation","chessboard",100,1917,39,17,1,337,372,1
2,114,50,0.5,0.1,0.15,0.1,1,1,2,40,"post_fragmentation","chessboard",100,1917,39,17,1,337,382,2
2,114,50,0.5,0.1,0.15,0.1,1,1,2,40,"post_fragmentation","chessboard",100,1917,39,17,1,337,406,1
2,114,50,0.5,0.1,0.15,0.1,1,1,2,40,"post_fragmentation","chessboard",100,1917,39,17,1,337,408,3
2,114,50,0.5,0.1,0.15,0.1,1,1,2,40,"post_fragmentation","chessboard",100,1917,39,17,1,337,419,2
2,114,50,0.5,0.1,0.15,0.1,1,1,2,40,"post_fragmentation","chessboard",100,1917,39,17,1,337,426,1
2,114,50,0.5,0.1,0.15,0.1,1,1,2,40,"post_fragmentation","chessboard",100,1917,39,17,1,337,434,1
2,114,50,0.5,0.1,0.15,0.1,1,1,2,40,"post_fragmentation","chessboard",100,1917,39,17,1,337,458,4
2,114,50,0.5,0.1,0.15,0.1,1,1,2,40,"post_fragmentation","chessboard",100,1917,39,17,1,337,460,3
2,114,50,0.5,0.1,0.15,0.1,1,1,2,40,"post_fragmentation","chessboard",100,1917,39,17,1,337,462,2
2,114,50,0.5,0.1,0.15,0.1,1,1,2,40,"post_fragmentation","chessboard",100,1917,39,17,1,337,480,3
2,114,50,0.5,0.1,0.15,0.1,1,1,2,40,"post_fragmentation","chessboard",100,1917,39,17,1,337,497,1
2,114,50,0.5,0.1,0.15,0.1,1,1,2,40,"post_fragmentation","chessboard",100,1917,39,17,1,337,523,1
2,114,50,0.5,0.1,0.15,0.1,1,1,2,40,"post_fragmentation","chessboard",100,1917,39,17,1,337,524,1
2,114,50,0.5,0.1,0.15,0.1,1,1,2,40,"post_fragmentation","chessboard",100,1917,39,17,1,337,527,2
2,114,50,0.5,0.1,0.15,0.1,1,1,2,40,"post_fragmentation","chessboard",101,1921,39,21,1,337,371,1
2,114,50,0.5,0.1,0.15,0.1,1,1,2,40,"post_fragmentation","chessboard",101,1921,39,21,1,337,392,1
2,114,50,0.5,0.1,0.15,0.1,1,1,2,40,"post_fragmentation","chessboard",101,1921,39,21,1,337,394,1
2,114,50,0.5,0.1,0.15,0.1,1,1,2,40,"post_fragmentation","chessboard",101,1921,39,21,1,337,408,1
2,114,50,0.5,0.1,0.15,0.1,1,1,2,40,"post_fragmentation","chessboard",101,1921,39,21,1,337,419,4
2,114,50,0.5,0.1,0.15,0.1,1,1,2,40,"post_fragmentation","chessboard",101,1921,39,21,1,337,421,1
2,114,50,0.5,0.1,0.15,0.1,1,1,2,40,"post_fragmentation","chessboard",101,1921,39,21,1,337,427,1
2,114,50,0.5,0.1,0.15,0.1,1,1,2,40,"post_fragmentation","chessboard",101,1921,39,21,1,337,432,3
2,114,50,0.5,0.1,0.15,0.1,1,1,2,40,"post_fragmentation","chessboard",101,1921,39,21,1,337,434,1
2,114,50,0.5,0.1,0.15,0.1,1,1,2,40,"post_fragmentation","chessboard",101,1921,39,21,1,337,438,2
2,114,50,0.5,0.1,0.15,0.1,1,1,2,40,"post_fragmentation","chessboard",101,1921,39,21,1,337,458,4
2,114,50,0.5,0.1,0.15,0.1,1,1,2,40,"post_fragmentation","chessboard",101,1921,39,21,1,337,460,5
2,114,50,0.5,0.1,0.15,0.1,1,1,2,40,"post_fragmentation","chessboard",101,1921,39,21,1,337,481,6
2,114,50,0.5,0.1,0.15,0.1,1,1,2,40,"post_fragmentation","chessboard",101,1921,39,21,1,337,520,1
2,114,50,0.5,0.1,0.15,0.1,1,1,2,40,"post_fragmentation","chessboard",101,1921,39,21,1,337,526,1
2,114,50,0.5,0.1,0.15,0.1,1,1,2,40,"post_fragmentation","chessboard",101,1921,39,21,1,337,574,1
2,114,50,0.5,0.1,0.15,0.1,1,1,2,40,"post_fragmentation","chessboard",102,1923,39,23,1,337,323,1
2,114,50,0.5,0.1,0.15,0.1,1,1,2,40,"post_fragmentation","chessboard",102,1923,39,23,1,337,353,1
2,114,50,0.5,0.1,0.15,0.1,1,1,2,40,"post_fragmentation","chessboard",102,1923,39,23,1,337,368,1
2,114,50,0.5,0.1,0.15,0.1,1,1,2,40,"post_fragmentation","chessboard",102,1923,39,23,1,337,382,1
2,114,50,0.5,0.1,0.15,0.1,1,1,2,40,"post_fragmentation","chessboard",102,1923,39,23,1,337,386,1
2,114,50,0.5,0.1,0.15,0.1,1,1,2,40,"post_fragmentation","chessboard",102,1923,39,23,1,337,419,3
2,114,50,0.5,0.1,0.15,0.1,1,1,2,40,"post_fragmentation","chessboard",102,1923,39,23,1,337,422,1
2,114,50,0.5,0.1,0.15,0.1,1,1,2,40,"post_fragmentation","chessboard",102,1923,39,23,1,337,458,1
2,114,50,0.5,0.1,0.15,0.1,1,1,2,40,"post_fragmentation","chessboard",102,1923,39,23,1,337,460,8
2,114,50,0.5,0.1,0.15,0.1,1,1,2,40,"post_fragmentation","chessboard",102,1923,39,23,1,337,462,1
2,114,50,0.5,0.1,0.15,0.1,1,1,2,40,"post_fragmentation","chessboard",102,1923,39,23,1,337,476,1
2,114,50,0.5,0.1,0.15,0.1,1,1,2,40,"post_fragmentation","chessboard",102,1923,39,23,1,337,477,2
2,114,50,0.5,0.1,0.15,0.1,1,1,2,40,"post_fragmentation","chessboard",102,1923,39,23,1,337,481,9
2,114,50,0.5,0.1,0.15,0.1,1,1,2,40,"post_fragmentation","chessboard",102,1923,39,23,1,337,486,3
2,114,50,0.5,0.1,0.15,0.1,1,1,2,40,"post_fragmentation","chessboard",102,1923,39,23,1,337,515,2
2,114,50,0.5,0.1,0.15,0.1,1,1,2,40,"post_fragmentation","chessboard",102,1923,39,23,1,337,526,1
2,114,50,0.5,0.1,0.15,0.1,1,1,2,40,"post_fragmentation","chessboard",102,1923,39,23,1,337,547,1
2,114,50,0.5,0.1,0.15,0.1,1,1,2,40,"post_fragmentation","chessboard",103,1925,39,25,1,337,419,1
2,114,50,0.5,0.1,0.15,0.1,1,1,2,40,"post_fragmentation","chessboard",103,1925,39,25,1,337,475,1
2,114,50,0.5,0.1,0.15,0.1,1,1,2,40,"post_fragmentation","chessboard",103,1925,39,25,1,337,481,1
2,114,50,0.5,0.1,0.15,0.1,1,1,2,40,"post_fragmentation","chessboard",103,1925,39,25,1,337,537,1
2,114,50,0.5,0.1,0.15,0.1,1,1,2,40,"post_fragmentation","chessboard",103,1925,39,25,1,337,634,1
2,114,50,0.5,0.1,0.15,0.1,1,1,2,40,"post_fragmentation","chessboard",103,1925,39,25,1,337,702,5
2,114,50,0.5,0.1,0.15,0.1,1,1,2,40,"post_fragmentation","chessboard",103,1925,39,25,1,337,706,1
2,114,50,0.5,0.1,0.15,0.1,1,1,2,40,"post_fragmentation","chessboard",104,1927,39,27,1,337,353,1
2,114,50,0.5,0.1,0.15,0.1,1,1,2,40,"post_fragmentation","chessboard",104,1927,39,27,1,337,419,2
2,114,50,0.5,0.1,0.15,0.1,1,1,2,40,"post_fragmentation","chessboard",104,1927,39,27,1,337,421,1
2,114,50,0.5,0.1,0.15,0.1,1,1,2,40,"post_fragmentation","chessboard",104,1927,39,27,1,337,429,2
2,114,50,0.5,0.1,0.15,0.1,1,1,2,40,"post_fragmentation","chessboard",104,1927,39,27,1,337,432,4
2,114,50,0.5,0.1,0.15,0.1,1,1,2,40,"post_fragmentation","chessboard",104,1927,39,27,1,337,446,1
2,114,50,0.5,0.1,0.15,0.1,1,1,2,40,"post_fragmentation","chessboard",104,1927,39,27,1,337,453,1
2,114,50,0.5,0.1,0.15,0.1,1,1,2,40,"post_fragmentation","chessboard",104,1927,39,27,1,337,460,3
2,114,50,0.5,0.1,0.15,0.1,1,1,2,40,"post_fragmentation","chessboard",104,1927,39,27,1,337,464,1
2,114,50,0.5,0.1,0.15,0.1,1,1,2,40,"post_fragmentation","chessboard",104,1927,39,27,1,337,476,1
2,114,50,0.5,0.1,0.15,0.1,1,1,2,40,"post_fragmentation","chessboard",104,1927,39,27,1,337,481,7
2,114,50,0.5,0.1,0.15,0.1,1,1,2,40,"post_fragmentation","chessboard",104,1927,39,27,1,337,493,1
2,114,50,0.5,0.1,0.15,0.1,1,1,2,40,"post_fragmentation","chessboard",104,1927,39,27,1,337,527,1
2,114,50,0.5,0.1,0.15,0.1,1,1,2,40,"post_fragmentation","chessboard",104,1927,39,27,1,337,539,8
2,114,50,0.5,0.1,0.15,0.1,1,1,2,40,"post_fragmentation","chessboard",104,1927,39,27,1,337,569,1
2,114,50,0.5,0.1,0.15,0.1,1,1,2,40,"post_fragmentation","chessboard",104,1927,39,27,1,337,570,1
2,114,50,0.5,0.1,0.15,0.1,1,1,2,40,"post_fragmentation","chessboard",104,1927,39,27,1,337,605,1
2,114,50,0.5,0.1,0.15,0.1,1,1,2,40,"post_fragmentation","chessboard",104,1927,39,27,1,337,706,1
2,114,50,0.5,0.1,0.15,0.1,1,1,2,40,"post_fragmentation","chessboard",105,1929,39,29,1,337,323,1
2,114,50,0.5,0.1,0.15,0.1,1,1,2,40,"post_fragmentation","chessboard",105,1929,39,29,1,337,332,1
2,114,50,0.5,0.1,0.15,0.1,1,1,2,40,"post_fragmentation","chessboard",105,1929,39,29,1,337,351,1
2,114,50,0.5,0.1,0.15,0.1,1,1,2,40,"post_fragmentation","chessboard",105,1929,39,29,1,337,368,1
2,114,50,0.5,0.1,0.15,0.1,1,1,2,40,"post_fragmentation","chessboard",105,1929,39,29,1,337,372,1
2,114,50,0.5,0.1,0.15,0.1,1,1,2,40,"post_fragmentation","chessboard",105,1929,39,29,1,337,375,2
2,114,50,0.5,0.1,0.15,0.1,1,1,2,40,"post_fragmentation","chessboard",105,1929,39,29,1,337,376,1
2,114,50,0.5,0.1,0.15,0.1,1,1,2,40,"post_fragmentation","chessboard",105,1929,39,29,1,337,379,1
2,114,50,0.5,0.1,0.15,0.1,1,1,2,40,"post_fragmentation","chessboard",105,1929,39,29,1,337,382,1
2,114,50,0.5,0.1,0.15,0.1,1,1,2,40,"post_fragmentation","chessboard",105,1929,39,29,1,337,384,1
2,114,50,0.5,0.1,0.15,0.1,1,1,2,40,"post_fragmentation","chessboard",105,1929,39,29,1,337,398,1
2,114,50,0.5,0.1,0.15,0.1,1,1,2,40,"post_fragmentation","chessboard",105,1929,39,29,1,337,415,2
2,114,50,0.5,0.1,0.15,0.1,1,1,2,40,"post_fragmentation","chessboard",105,1929,39,29,1,337,428,2
2,114,50,0.5,0.1,0.15,0.1,1,1,2,40,"post_fragmentation","chessboard",105,1929,39,29,1,337,437,1
2,114,50,0.5,0.1,0.15,0.1,1,1,2,40,"post_fragmentation","chessboard",105,1929,39,29,1,337,438,1
2,114,50,0.5,0.1,0.15,0.1,1,1,2,40,"post_fragmentation","chessboard",105,1929,39,29,1,337,441,2
2,114,50,0.5,0.1,0.15,0.1,1,1,2,40,"post_fragmentation","chessboard",105,1929,39,29,1,337,453,1
2,114,50,0.5,0.1,0.15,0.1,1,1,2,40,"post_fragmentation","chessboard",105,1929,39,29,1,337,460,2
2,114,50,0.5,0.1,0.15,0.1,1,1,2,40,"post_fragmentation","chessboard",105,1929,39,29,1,337,479,1
2,114,50,0.5,0.1,0.15,0.1,1,1,2,40,"post_fragmentation","chessboard",105,1929,39,29,1,337,481,5
2,114,50,0.5,0.1,0.15,0.1,1,1,2,40,"post_fragmentation","chessboard",105,1929,39,29,1,337,493,3
2,114,50,0.5,0.1,0.15,0.1,1,1,2,40,"post_fragmentation","chessboard",105,1929,39,29,1,337,497,1
2,114,50,0.5,0.1,0.15,0.1,1,1,2,40,"post_fragmentation","chessboard",105,1929,39,29,1,337,519,1
2,114,50,0.5,0.1,0.15,0.1,1,1,2,40,"post_fragmentation","chessboard",106,1945,39,45,10,2,274,1
2,114,50,0.5,0.1,0.15,0.1,1,1,2,40,"post_fragmentation","chessboard",106,1945,39,45,10,2,275,2
2,114,50,0.5,0.1,0.15,0.1,1,1,2,40,"post_fragmentation","chessboard",106,1945,39,45,10,2,296,1
2,114,50,0.5,0.1,0.15,0.1,1,1,2,40,"post_fragmentation","chessboard",106,1945,39,45,10,2,327,2
2,114,50,0.5,0.1,0.15,0.1,1,1,2,40,"post_fragmentation","chessboard",106,1945,39,45,10,2,365,1
2,114,50,0.5,0.1,0.15,0.1,1,1,2,40,"post_fragmentation","chessboard",106,1945,39,45,10,2,367,8
2,114,50,0.5,0.1,0.15,0.1,1,1,2,40,"post_fragmentation","chessboard",106,1945,39,45,10,2,386,4
2,114,50,0.5,0.1,0.15,0.1,1,1,2,40,"post_fragmentation","chessboard",106,1945,39,45,10,2,389,1
2,114,50,0.5,0.1,0.15,0.1,1,1,2,40,"post_fragmentation","chessboard",106,1945,39,45,10,2,397,2
2,114,50,0.5,0.1,0.15,0.1,1,1,2,40,"post_fragmentation","chessboard",106,1945,39,45,10,2,417,1
2,114,50,0.5,0.1,0.15,0.1,1,1,2,40,"post_fragmentation","chessboard",106,1945,39,45,10,2,421,4
2,114,50,0.5,0.1,0.15,0.1,1,1,2,40,"post_fragmentation","chessboard",106,1945,39,45,10,2,424,2
2,114,50,0.5,0.1,0.15,0.1,1,1,2,40,"post_fragmentation","chessboard",106,1945,39,45,10,2,434,2
2,114,50,0.5,0.1,0.15,0.1,1,1,2,40,"post_fragmentation","chessboard",106,1945,39,45,10,2,437,1
2,114,50,0.5,0.1,0.15,0.1,1,1,2,40,"post_fragmentation","chessboard",106,1945,39,45,10,2,461,2
2,114,50,0.5,0.1,0.15,0.1,1,1,2,40,"post_fragmentation","chessboard",107,1966,40,16,1,337,322,1
2,114,50,0.5,0.1,0.15,0.1,1,1,2,40,"post_fragmentation","chessboard",107,1966,40,16,1,337,324,1
2,114,50,0.5,0.1,0.15,0.1,1,1,2,40,"post_fragmentation","chessboard",107,1966,40,16,1,337,382,1
2,114,50,0.5,0.1,0.15,0.1,1,1,2,40,"post_fragmentation","chessboard",107,1966,40,16,1,337,390,2
2,114,50,0.5,0.1,0.15,0.1,1,1,2,40,"post_fragmentation","chessboard",107,1966,40,16,1,337,394,2
2,114,50,0.5,0.1,0.15,0.1,1,1,2,40,"post_fragmentation","chessboard",107,1966,40,16,1,337,408,1
2,114,50,0.5,0.1,0.15,0.1,1,1,2,40,"post_fragmentation","chessboard",107,1966,40,16,1,337,419,2
2,114,50,0.5,0.1,0.15,0.1,1,1,2,40,"post_fragmentation","chessboard",107,1966,40,16,1,337,427,1
2,114,50,0.5,0.1,0.15,0.1,1,1,2,40,"post_fragmentation","chessboard",107,1966,40,16,1,337,434,5
2,114,50,0.5,0.1,0.15,0.1,1,1,2,40,"post_fragmentation","chessboard",107,1966,40,16,1,337,460,1
2,114,50,0.5,0.1,0.15,0.1,1,1,2,40,"post_fragmentation","chessboard",107,1966,40,16,1,337,471,2
2,114,50,0.5,0.1,0.15,0.1,1,1,2,40,"post_fragmentation","chessboard",107,1966,40,16,1,337,480,3
2,114,50,0.5,0.1,0.15,0.1,1,1,2,40,"post_fragmentation","chessboard",107,1966,40,16,1,337,481,2
2,114,50,0.5,0.1,0.15,0.1,1,1,2,40,"post_fragmentation","chessboard",107,1966,40,16,1,337,497,1
2,114,50,0.5,0.1,0.15,0.1,1,1,2,40,"post_fragmentation","chessboard",107,1966,40,16,1,337,507,4
2,114,50,0.5,0.1,0.15,0.1,1,1,2,40,"post_fragmentation","chessboard",107,1966,40,16,1,337,515,1
2,114,50,0.5,0.1,0.15,0.1,1,1,2,40,"post_fragmentation","chessboard",107,1966,40,16,1,337,518,1
2,114,50,0.5,0.1,0.15,0.1,1,1,2,40,"post_fragmentation","chessboard",107,1966,40,16,1,337,520,1
2,114,50,0.5,0.1,0.15,0.1,1,1,2,40,"post_fragmentation","chessboard",107,1966,40,16,1,337,526,1
2,114,50,0.5,0.1,0.15,0.1,1,1,2,40,"post_fragmentation","chessboard",107,1966,40,16,1,337,527,1
2,114,50,0.5,0.1,0.15,0.1,1,1,2,40,"post_fragmentation","chessboard",107,1966,40,16,1,337,537,1
2,114,50,0.5,0.1,0.15,0.1,1,1,2,40,"post_fragmentation","chessboard",107,1966,40,16,1,337,569,1
2,114,50,0.5,0.1,0.15,0.1,1,1,2,40,"post_fragmentation","chessboard",108,1968,40,18,1,337,322,1
2,114,50,0.5,0.1,0.15,0.1,1,1,2,40,"post_fragmentation","chessboard",108,1968,40,18,1,337,344,1
2,114,50,0.5,0.1,0.15,0.1,1,1,2,40,"post_fragmentation","chessboard",108,1968,40,18,1,337,353,1
2,114,50,0.5,0.1,0.15,0.1,1,1,2,40,"post_fragmentation","chessboard",108,1968,40,18,1,337,408,1
2,114,50,0.5,0.1,0.15,0.1,1,1,2,40,"post_fragmentation","chessboard",108,1968,40,18,1,337,415,1
2,114,50,0.5,0.1,0.15,0.1,1,1,2,40,"post_fragmentation","chessboard",108,1968,40,18,1,337,419,4
2,114,50,0.5,0.1,0.15,0.1,1,1,2,40,"post_fragmentation","chessboard",108,1968,40,18,1,337,421,1
2,114,50,0.5,0.1,0.15,0.1,1,1,2,40,"post_fragmentation","chessboard",108,1968,40,18,1,337,434,1
2,114,50,0.5,0.1,0.15,0.1,1,1,2,40,"post_fragmentation","chessboard",108,1968,40,18,1,337,448,1
2,114,50,0.5,0.1,0.15,0.1,1,1,2,40,"post_fragmentation","chessboard",108,1968,40,18,1,337,460,9
2,114,50,0.5,0.1,0.15,0.1,1,1,2,40,"post_fragmentation","chessboard",108,1968,40,18,1,337,462,3
2,114,50,0.5,0.1,0.15,0.1,1,1,2,40,"post_fragmentation","chessboard",108,1968,40,18,1,337,476,1
2,114,50,0.5,0.1,0.15,0.1,1,1,2,40,"post_fragmentation","chessboard",108,1968,40,18,1,337,480,2
2,114,50,0.5,0.1,0.15,0.1,1,1,2,40,"post_fragmentation","chessboard",108,1968,40,18,1,337,481,2
2,114,50,0.5,0.1,0.15,0.1,1,1,2,40,"post_fragmentation","chessboard",108,1968,40,18,1,337,503,1
2,114,50,0.5,0.1,0.15,0.1,1,1,2,40,"post_fragmentation","chessboard",108,1968,40,18,1,337,570,4
2,114,50,0.5,0.1,0.15,0.1,1,1,2,40,"post_fragmentation","chessboard",108,1968,40,18,1,337,589,1
2,114,50,0.5,0.1,0.15,0.1,1,1,2,40,"post_fragmentation","chessboard",109,1972,40,22,1,337,371,1
2,114,50,0.5,0.1,0.15,0.1,1,1,2,40,"post_fragmentation","chessboard",109,1972,40,22,1,337,382,1
2,114,50,0.5,0.1,0.15,0.1,1,1,2,40,"post_fragmentation","chessboard",109,1972,40,22,1,337,394,1
2,114,50,0.5,0.1,0.15,0.1,1,1,2,40,"post_fragmentation","chessboard",109,1972,40,22,1,337,411,3
2,114,50,0.5,0.1,0.15,0.1,1,1,2,40,"post_fragmentation","chessboard",109,1972,40,22,1,337,415,1
2,114,50,0.5,0.1,0.15,0.1,1,1,2,40,"post_fragmentation","chessboard",109,1972,40,22,1,337,421,1
2,114,50,0.5,0.1,0.15,0.1,1,1,2,40,"post_fragmentation","chessboard",109,1972,40,22,1,337,429,4
2,114,50,0.5,0.1,0.15,0.1,1,1,2,40,"post_fragmentation","chessboard",109,1972,40,22,1,337,432,2
2,114,50,0.5,0.1,0.15,0.1,1,1,2,40,"post_fragmentation","chessboard",109,1972,40,22,1,337,441,1
2,114,50,0.5,0.1,0.15,0.1,1,1,2,40,"post_fragmentation","chessboard",109,1972,40,22,1,337,446,1
2,114,50,0.5,0.1,0.15,0.1,1,1,2,40,"post_fragmentation","chessboard",109,1972,40,22,1,337,448,1
2,114,50,0.5,0.1,0.15,0.1,1,1,2,40,"post_fragmentation","chessboard",109,1972,40,22,1,337,458,1
2,114,50,0.5,0.1,0.15,0.1,1,1,2,40,"post_fragmentation","chessboard",109,1972,40,22,1,337,460,3
2,114,50,0.5,0.1,0.15,0.1,1,1,2,40,"post_fragmentation","chessboard",109,1972,40,22,1,337,481,6
2,114,50,0.5,0.1,0.15,0.1,1,1,2,40,"post_fragmentation","chessboard",109,1972,40,22,1,337,515,8
2,114,50,0.5,0.1,0.15,0.1,1,1,2,40,"post_fragmentation","chessboard",109,1972,40,22,1,337,526,1
2,114,50,0.5,0.1,0.15,0.1,1,1,2,40,"post_fragmentation","chessboard",109,1972,40,22,1,337,527,1
2,114,50,0.5,0.1,0.15,0.1,1,1,2,40,"post_fragmentation","chessboard",110,1974,40,24,1,337,338,3
2,114,50,0.5,0.1,0.15,0.1,1,1,2,40,"post_fragmentation","chessboard",110,1974,40,24,1,337,382,2
2,114,50,0.5,0.1,0.15,0.1,1,1,2,40,"post_fragmentation","chessboard",110,1974,40,24,1,337,386,1
2,114,50,0.5,0.1,0.15,0.1,1,1,2,40,"post_fragmentation","chessboard",110,1974,40,24,1,337,409,1
2,114,50,0.5,0.1,0.15,0.1,1,1,2,40,"post_fragmentation","chessboard",110,1974,40,24,1,337,416,3
2,114,50,0.5,0.1,0.15,0.1,1,1,2,40,"post_fragmentation","chessboard",110,1974,40,24,1,337,419,1
2,114,50,0.5,0.1,0.15,0.1,1,1,2,40,"post_fragmentation","chessboard",110,1974,40,24,1,337,422,1
2,114,50,0.5,0.1,0.15,0.1,1,1,2,40,"post_fragmentation","chessboard",110,1974,40,24,1,337,429,1
2,114,50,0.5,0.1,0.15,0.1,1,1,2,40,"post_fragmentation","chessboard",110,1974,40,24,1,337,430,1
2,114,50,0.5,0.1,0.15,0.1,1,1,2,40,"post_fragmentation","chessboard",110,1974,40,24,1,337,438,1
2,114,50,0.5,0.1,0.15,0.1,1,1,2,40,"post_fragmentation","chessboard",110,1974,40,24,1,337,448,5
2,114,50,0.5,0.1,0.15,0.1,1,1,2,40,"post_fragmentation","chessboard",110,1974,40,24,1,337,453,2
2,114,50,0.5,0.1,0.15,0.1,1,1,2,40,"post_fragmentation","chessboard",110,1974,40,24,1,337,458,1
2,114,50,0.5,0.1,0.15,0.1,1,1,2,40,"post_fragmentation","chessboard",110,1974,40,24,1,337,460,2
2,114,50,0.5,0.1,0.15,0.1,1,1,2,40,"post_fragmentation","chessboard",110,1974,40,24,1,337,462,1
2,114,50,0.5,0.1,0.15,0.1,1,1,2,40,"post_fragmentation","chessboard",110,1974,40,24,1,337,476,1
2,114,50,0.5,0.1,0.15,0.1,1,1,2,40,"post_fragmentation","chessboard",110,1974,40,24,1,337,481,6
2,114,50,0.5,0.1,0.15,0.1,1,1,2,40,"post_fragmentation","chessboard",110,1974,40,24,1,337,486,1
2,114,50,0.5,0.1,0.15,0.1,1,1,2,40,"post_fragmentation","chessboard",110,1974,40,24,1,337,534,1
2,114,50,0.5,0.1,0.15,0.1,1,1,2,40,"post_fragmentation","chessboard",110,1974,40,24,1,337,570,1
2,114,50,0.5,0.1,0.15,0.1,1,1,2,40,"post_fragmentation","chessboard",111,1976,40,26,1,337,432,1
2,114,50,0.5,0.1,0.15,0.1,1,1,2,40,"post_fragmentation","chessboard",111,1976,40,26,1,337,481,1
2,114,50,0.5,0.1,0.15,0.1,1,1,2,40,"post_fragmentation","chessboard",111,1976,40,26,1,337,515,1
2,114,50,0.5,0.1,0.15,0.1,1,1,2,40,"post_fragmentation","chessboard",111,1976,40,26,1,337,537,2
2,114,50,0.5,0.1,0.15,0.1,1,1,2,40,"post_fragmentation","chessboard",111,1976,40,26,1,337,553,1
2,114,50,0.5,0.1,0.15,0.1,1,1,2,40,"post_fragmentation","chessboard",111,1976,40,26,1,337,570,3
2,114,50,0.5,0.1,0.15,0.1,1,1,2,40,"post_fragmentation","chessboard",111,1976,40,26,1,337,605,2
2,114,50,0.5,0.1,0.15,0.1,1,1,2,40,"post_fragmentation","chessboard",111,1976,40,26,1,337,634,5
2,114,50,0.5,0.1,0.15,0.1,1,1,2,40,"post_fragmentation","chessboard",111,1976,40,26,1,337,702,3
2,114,50,0.5,0.1,0.15,0.1,1,1,2,40,"post_fragmentation","chessboard",111,1976,40,26,1,337,706,8
2,114,50,0.5,0.1,0.15,0.1,1,1,2,40,"post_fragmentation","chessboard",112,1978,40,28,1,337,332,1
2,114,50,0.5,0.1,0.15,0.1,1,1,2,40,"post_fragmentation","chessboard",112,1978,40,28,1,337,358,1
2,114,50,0.5,0.1,0.15,0.1,1,1,2,40,"post_fragmentation","chessboard",112,1978,40,28,1,337,361,1
2,114,50,0.5,0.1,0.15,0.1,1,1,2,40,"post_fragmentation","chessboard",112,1978,40,28,1,337,379,2
2,114,50,0.5,0.1,0.15,0.1,1,1,2,40,"post_fragmentation","chessboard",112,1978,40,28,1,337,432,1
2,114,50,0.5,0.1,0.15,0.1,1,1,2,40,"post_fragmentation","chessboard",112,1978,40,28,1,337,434,1
2,114,50,0.5,0.1,0.15,0.1,1,1,2,40,"post_fragmentation","chessboard",112,1978,40,28,1,337,437,1
2,114,50,0.5,0.1,0.15,0.1,1,1,2,40,"post_fragmentation","chessboard",112,1978,40,28,1,337,441,1
2,114,50,0.5,0.1,0.15,0.1,1,1,2,40,"post_fragmentation","chessboard",112,1978,40,28,1,337,448,1
2,114,50,0.5,0.1,0.15,0.1,1,1,2,40,"post_fragmentation","chessboard",112,1978,40,28,1,337,460,2
2,114,50,0.5,0.1,0.15,0.1,1,1,2,40,"post_fragmentation","chessboard",112,1978,40,28,1,337,464,2
2,114,50,0.5,0.1,0.15,0.1,1,1,2,40,"post_fragmentation","chessboard",112,1978,40,28,1,337,465,2
2,114,50,0.5,0.1,0.15,0.1,1,1,2,40,"post_fragmentation","chessboard",112,1978,40,28,1,337,490,1
2,114,50,0.5,0.1,0.15,0.1,1,1,2,40,"post_fragmentation","chessboard",112,1978,40,28,1,337,493,2
2,114,50,0.5,0.1,0.15,0.1,1,1,2,40,"post_fragmentation","chessboard",112,1978,40,28,1,337,497,1
2,114,50,0.5,0.1,0.15,0.1,1,1,2,40,"post_fragmentation","chessboard",112,1978,40,28,1,337,500,1
2,114,50,0.5,0.1,0.15,0.1,1,1,2,40,"post_fragmentation","chessboard",112,1978,40,28,1,337,510,1
2,114,50,0.5,0.1,0.15,0.1,1,1,2,40,"post_fragmentation","chessboard",112,1978,40,28,1,337,539,4
2,114,50,0.5,0.1,0.15,0.1,1,1,2,40,"post_fragmentation","chessboard",112,1978,40,28,1,337,542,1
2,114,50,0.5,0.1,0.15,0.1,1,1,2,40,"post_fragmentation","chessboard",112,1978,40,28,1,337,570,3
2,114,50,0.5,0.1,0.15,0.1,1,1,2,40,"post_fragmentation","chessboard",112,1978,40,28,1,337,605,3
2,114,50,0.5,0.1,0.15,0.1,1,1,2,40,"post_fragmentation","chessboard",112,1978,40,28,1,337,623,1
2,114,50,0.5,0.1,0.15,0.1,1,1,2,40,"post_fragmentation","chessboard",112,1978,40,28,1,337,634,1
2,114,50,0.5,0.1,0.15,0.1,1,1,2,40,"post_fragmentation","chessboard",113,1988,40,38,11,6,245,1
2,114,50,0.5,0.1,0.15,0.1,1,1,2,40,"post_fragmentation","chessboard",113,1988,40,38,11,6,268,1
2,114,50,0.5,0.1,0.15,0.1,1,1,2,40,"post_fragmentation","chessboard",113,1988,40,38,11,6,327,1
2,114,50,0.5,0.1,0.15,0.1,1,1,2,40,"post_fragmentation","chessboard",113,1988,40,38,11,6,363,1
2,114,50,0.5,0.1,0.15,0.1,1,1,2,40,"post_fragmentation","chessboard",113,1988,40,38,11,6,365,1
2,114,50,0.5,0.1,0.15,0.1,1,1,2,40,"post_fragmentation","chessboard",113,1988,40,38,11,6,367,1
2,114,50,0.5,0.1,0.15,0.1,1,1,2,40,"post_fragmentation","chessboard",113,1988,40,38,11,6,368,4
2,114,50,0.5,0.1,0.15,0.1,1,1,2,40,"post_fragmentation","chessboard",113,1988,40,38,11,6,375,1
2,114,50,0.5,0.1,0.15,0.1,1,1,2,40,"post_fragmentation","chessboard",113,1988,40,38,11,6,377,1
2,114,50,0.5,0.1,0.15,0.1,1,1,2,40,"post_fragmentation","chessboard",113,1988,40,38,11,6,379,1
2,114,50,0.5,0.1,0.15,0.1,1,1,2,40,"post_fragmentation","chessboard",113,1988,40,38,11,6,382,2
2,114,50,0.5,0.1,0.15,0.1,1,1,2,40,"post_fragmentation","chessboard",113,1988,40,38,11,6,386,1
2,114,50,0.5,0.1,0.15,0.1,1,1,2,40,"post_fragmentation","chessboard",113,1988,40,38,11,6,397,1
2,114,50,0.5,0.1,0.15,0.1,1,1,2,40,"post_fragmentation","chessboard",113,1988,40,38,11,6,398,1
2,114,50,0.5,0.1,0.15,0.1,1,1,2,40,"post_fragmentation","chessboard",113,1988,40,38,11,6,408,1
2,114,50,0.5,0.1,0.15,0.1,1,1,2,40,"post_fragmentation","chessboard",113,1988,40,38,11,6,417,1
2,114,50,0.5,0.1,0.15,0.1,1,1,2,40,"post_fragmentation","chessboard",113,1988,40,38,11,6,419,2
2,114,50,0.5,0.1,0.15,0.1,1,1,2,40,"post_fragmentation","chessboard",113,1988,40,38,11,6,421,1
2,114,50,0.5,0.1,0.15,0.1,1,1,2,40,"post_fragmentation","chessboard",113,1988,40,38,11,6,426,2
2,114,50,0.5,0.1,0.15,0.1,1,1,2,40,"post_fragmentation","chessboard",113,1988,40,38,11,6,434,1
2,114,50,0.5,0.1,0.15,0.1,1,1,2,40,"post_fragmentation","chessboard",113,1988,40,38,11,6,435,2
2,114,50,0.5,0.1,0.15,0.1,1,1,2,40,"post_fragmentation","chessboard",113,1988,40,38,11,6,441,1
2,114,50,0.5,0.1,0.15,0.1,1,1,2,40,"post_fragmentation","chessboard",113,1988,40,38,11,6,453,4
2,114,50,0.5,0.1,0.15,0.1,1,1,2,40,"post_fragmentation","chessboard",113,1988,40,38,11,6,463,1
2,114,50,0.5,0.1,0.15,0.1,1,1,2,40,"post_fragmentation","chessboard",113,1988,40,38,11,6,479,1
2,114,50,0.5,0.1,0.15,0.1,1,1,2,40,"post_fragmentation","chessboard",113,1988,40,38,11,6,491,2
2,114,50,0.5,0.1,0.15,0.1,1,1,2,40,"post_fragmentation","chessboard",113,1988,40,38,11,6,503,1
2,114,50,0.5,0.1,0.15,0.1,1,1,2,40,"post_fragmentation","chessboard",114,2017,41,17,1,337,434,1
2,114,50,0.5,0.1,0.15,0.1,1,1,2,40,"post_fragmentation","chessboard",114,2017,41,17,1,337,437,1
2,114,50,0.5,0.1,0.15,0.1,1,1,2,40,"post_fragmentation","chessboard",114,2017,41,17,1,337,481,2
2,114,50,0.5,0.1,0.15,0.1,1,1,2,40,"post_fragmentation","chessboard",114,2017,41,17,1,337,503,1
2,114,50,0.5,0.1,0.15,0.1,1,1,2,40,"post_fragmentation","chessboard",114,2017,41,17,1,337,524,1
2,114,50,0.5,0.1,0.15,0.1,1,1,2,40,"post_fragmentation","chessboard",114,2017,41,17,1,337,574,1
2,114,50,0.5,0.1,0.15,0.1,1,1,2,40,"post_fragmentation","chessboard",114,2017,41,17,1,337,638,3
2,114,50,0.5,0.1,0.15,0.1,1,1,2,40,"post_fragmentation","chessboard",114,2017,41,17,1,337,713,4
2,114,50,0.5,0.1,0.15,0.1,1,1,2,40,"post_fragmentation","chessboard",115,2019,41,19,1,337,419,1
2,114,50,0.5,0.1,0.15,0.1,1,1,2,40,"post_fragmentation","chessboard",115,2019,41,19,1,337,446,1
2,114,50,0.5,0.1,0.15,0.1,1,1,2,40,"post_fragmentation","chessboard",115,2019,41,19,1,337,448,1
2,114,50,0.5,0.1,0.15,0.1,1,1,2,40,"post_fragmentation","chessboard",115,2019,41,19,1,337,458,2
2,114,50,0.5,0.1,0.15,0.1,1,1,2,40,"post_fragmentation","chessboard",115,2019,41,19,1,337,460,2
2,114,50,0.5,0.1,0.15,0.1,1,1,2,40,"post_fragmentation","chessboard",115,2019,41,19,1,337,480,2
2,114,50,0.5,0.1,0.15,0.1,1,1,2,40,"post_fragmentation","chessboard",115,2019,41,19,1,337,481,1
2,114,50,0.5,0.1,0.15,0.1,1,1,2,40,"post_fragmentation","chessboard",115,2019,41,19,1,337,515,1
2,114,50,0.5,0.1,0.15,0.1,1,1,2,40,"post_fragmentation","chessboard",115,2019,41,19,1,337,602,1
2,114,50,0.5,0.1,0.15,0.1,1,1,2,40,"post_fragmentation","chessboard",115,2019,41,19,1,337,638,2
2,114,50,0.5,0.1,0.15,0.1,1,1,2,40,"post_fragmentation","chessboard",116,2021,41,21,1,337,292,1
2,114,50,0.5,0.1,0.15,0.1,1,1,2,40,"post_fragmentation","chessboard",116,2021,41,21,1,337,322,2
2,114,50,0.5,0.1,0.15,0.1,1,1,2,40,"post_fragmentation","chessboard",116,2021,41,21,1,337,324,2
2,114,50,0.5,0.1,0.15,0.1,1,1,2,40,"post_fragmentation","chessboard",116,2021,41,21,1,337,325,1
2,114,50,0.5,0.1,0.15,0.1,1,1,2,40,"post_fragmentation","chessboard",116,2021,41,21,1,337,350,1
2,114,50,0.5,0.1,0.15,0.1,1,1,2,40,"post_fragmentation","chessboard",116,2021,41,21,1,337,351,2
2,114,50,0.5,0.1,0.15,0.1,1,1,2,40,"post_fragmentation","chessboard",116,2021,41,21,1,337,353,1
2,114,50,0.5,0.1,0.15,0.1,1,1,2,40,"post_fragmentation","chessboard",116,2021,41,21,1,337,367,1
2,114,50,0.5,0.1,0.15,0.1,1,1,2,40,"post_fragmentation","chessboard",116,2021,41,21,1,337,368,2
2,114,50,0.5,0.1,0.15,0.1,1,1,2,40,"post_fragmentation","chessboard",116,2021,41,21,1,337,381,1
2,114,50,0.5,0.1,0.15,0.1,1,1,2,40,"post_fragmentation","chessboard",116,2021,41,21,1,337,382,3
2,114,50,0.5,0.1,0.15,0.1,1,1,2,40,"post_fragmentation","chessboard",116,2021,41,21,1,337,391,1
2,114,50,0.5,0.1,0.15,0.1,1,1,2,40,"post_fragmentation","chessboard",116,2021,41,21,1,337,396,1
2,114,50,0.5,0.1,0.15,0.1,1,1,2,40,"post_fragmentation","chessboard",116,2021,41,21,1,337,409,1
2,114,50,0.5,0.1,0.15,0.1,1,1,2,40,"post_fragmentation","chessboard",116,2021,41,21,1,337,415,2
2,114,50,0.5,0.1,0.15,0.1,1,1,2,40,"post_fragmentation","chessboard",116,2021,41,21,1,337,419,2
2,114,50,0.5,0.1,0.15,0.1,1,1,2,40,"post_fragmentation","chessboard",116,2021,41,21,1,337,427,1
2,114,50,0.5,0.1,0.15,0.1,1,1,2,40,"post_fragmentation","chessboard",116,2021,41,21,1,337,429,1
2,114,50,0.5,0.1,0.15,0.1,1,1,2,40,"post_fragmentation","chessboard",116,2021,41,21,1,337,432,1
2,114,50,0.5,0.1,0.15,0.1,1,1,2,40,"post_fragmentation","chessboard",116,2021,41,21,1,337,446,2
2,114,50,0.5,0.1,0.15,0.1,1,1,2,40,"post_fragmentation","chessboard",116,2021,41,21,1,337,460,2
2,114,50,0.5,0.1,0.15,0.1,1,1,2,40,"post_fragmentation","chessboard",116,2021,41,21,1,337,481,1
2,114,50,0.5,0.1,0.15,0.1,1,1,2,40,"post_fragmentation","chessboard",117,2023,41,23,1,337,325,1
2,114,50,0.5,0.1,0.15,0.1,1,1,2,40,"post_fragmentation","chessboard",117,2023,41,23,1,337,388,1
2,114,50,0.5,0.1,0.15,0.1,1,1,2,40,"post_fragmentation","chessboard",117,2023,41,23,1,337,419,3
2,114,50,0.5,0.1,0.15,0.1,1,1,2,40,"post_fragmentation","chessboard",117,2023,41,23,1,337,429,3
2,114,50,0.5,0.1,0.15,0.1,1,1,2,40,"post_fragmentation","chessboard",117,2023,41,23,1,337,437,1
2,114,50,0.5,0.1,0.15,0.1,1,1,2,40,"post_fragmentation","chessboard",117,2023,41,23,1,337,448,3
2,114,50,0.5,0.1,0.15,0.1,1,1,2,40,"post_fragmentation","chessboard",117,2023,41,23,1,337,453,2
2,114,50,0.5,0.1,0.15,0.1,1,1,2,40,"post_fragmentation","chessboard",117,2023,41,23,1,337,458,1
2,114,50,0.5,0.1,0.15,0.1,1,1,2,40,"post_fragmentation","chessboard",117,2023,41,23,1,337,460,3
2,114,50,0.5,0.1,0.15,0.1,1,1,2,40,"post_fragmentation","chessboard",117,2023,41,23,1,337,477,1
2,114,50,0.5,0.1,0.15,0.1,1,1,2,40,"post_fragmentation","chessboard",117,2023,41,23,1,337,481,5
2,114,50,0.5,0.1,0.15,0.1,1,1,2,40,"post_fragmentation","chessboard",117,2023,41,23,1,337,487,3
2,114,50,0.5,0.1,0.15,0.1,1,1,2,40,"post_fragmentation","chessboard",117,2023,41,23,1,337,497,1
2,114,50,0.5,0.1,0.15,0.1,1,1,2,40,"post_fragmentation","chessboard",117,2023,41,23,1,337,500,1
2,114,50,0.5,0.1,0.15,0.1,1,1,2,40,"post_fragmentation","chessboard",117,2023,41,23,1,337,510,1
2,114,50,0.5,0.1,0.15,0.1,1,1,2,40,"post_fragmentation","chessboard",117,2023,41,23,1,337,515,2
2,114,50,0.5,0.1,0.15,0.1,1,1,2,40,"post_fragmentation","chessboard",117,2023,41,23,1,337,570,1
2,114,50,0.5,0.1,0.15,0.1,1,1,2,40,"post_fragmentation","chessboard",117,2023,41,23,1,337,576,1
2,114,50,0.5,0.1,0.15,0.1,1,1,2,40,"post_fragmentation","chessboard",117,2023,41,23,1,337,602,1
2,114,50,0.5,0.1,0.15,0.1,1,1,2,40,"post_fragmentation","chessboard",118,2025,41,25,1,337,351,1
2,114,50,0.5,0.1,0.15,0.1,1,1,2,40,"post_fragmentation","chessboard",118,2025,41,25,1,337,409,1
2,114,50,0.5,0.1,0.15,0.1,1,1,2,40,"post_fragmentation","chessboard",118,2025,41,25,1,337,415,1
2,114,50,0.5,0.1,0.15,0.1,1,1,2,40,"post_fragmentation","chessboard",118,2025,41,25,1,337,419,1
2,114,50,0.5,0.1,0.15,0.1,1,1,2,40,"post_fragmentation","chessboard",118,2025,41,25,1,337,429,1
2,114,50,0.5,0.1,0.15,0.1,1,1,2,40,"post_fragmentation","chessboard",118,2025,41,25,1,337,432,2
2,114,50,0.5,0.1,0.15,0.1,1,1,2,40,"post_fragmentation","chessboard",118,2025,41,25,1,337,448,3
2,114,50,0.5,0.1,0.15,0.1,1,1,2,40,"post_fragmentation","chessboard",118,2025,41,25,1,337,460,2
2,114,50,0.5,0.1,0.15,0.1,1,1,2,40,"post_fragmentation","chessboard",118,2025,41,25,1,337,464,1
2,114,50,0.5,0.1,0.15,0.1,1,1,2,40,"post_fragmentation","chessboard",118,2025,41,25,1,337,473,1
2,114,50,0.5,0.1,0.15,0.1,1,1,2,40,"post_fragmentation","chessboard",118,2025,41,25,1,337,476,1
2,114,50,0.5,0.1,0.15,0.1,1,1,2,40,"post_fragmentation","chessboard",118,2025,41,25,1,337,481,5
2,114,50,0.5,0.1,0.15,0.1,1,1,2,40,"post_fragmentation","chessboard",118,2025,41,25,1,337,493,1
2,114,50,0.5,0.1,0.15,0.1,1,1,2,40,"post_fragmentation","chessboard",118,2025,41,25,1,337,515,4
2,114,50,0.5,0.1,0.15,0.1,1,1,2,40,"post_fragmentation","chessboard",118,2025,41,25,1,337,542,2
2,114,50,0.5,0.1,0.15,0.1,1,1,2,40,"post_fragmentation","chessboard",118,2025,41,25,1,337,553,1
2,114,50,0.5,0.1,0.15,0.1,1,1,2,40,"post_fragmentation","chessboard",118,2025,41,25,1,337,570,2
2,114,50,0.5,0.1,0.15,0.1,1,1,2,40,"post_fragmentation","chessboard",118,2025,41,25,1,337,623,1
2,114,50,0.5,0.1,0.15,0.1,1,1,2,40,"post_fragmentation","chessboard",118,2025,41,25,1,337,634,1
2,114,50,0.5,0.1,0.15,0.1,1,1,2,40,"post_fragmentation","chessboard",118,2025,41,25,1,337,702,1
2,114,50,0.5,0.1,0.15,0.1,1,1,2,40,"post_fragmentation","chessboard",119,2027,41,27,1,337,296,1
2,114,50,0.5,0.1,0.15,0.1,1,1,2,40,"post_fragmentation","chessboard",119,2027,41,27,1,337,327,1
2,114,50,0.5,0.1,0.15,0.1,1,1,2,40,"post_fragmentation","chessboard",119,2027,41,27,1,337,341,1
2,114,50,0.5,0.1,0.15,0.1,1,1,2,40,"post_fragmentation","chessboard",119,2027,41,27,1,337,365,1
2,114,50,0.5,0.1,0.15,0.1,1,1,2,40,"post_fragmentation","chessboard",119,2027,41,27,1,337,367,1
2,114,50,0.5,0.1,0.15,0.1,1,1,2,40,"post_fragmentation","chessboard",119,2027,41,27,1,337,368,1
2,114,50,0.5,0.1,0.15,0.1,1,1,2,40,"post_fragmentation","chessboard",119,2027,41,27,1,337,371,2
2,114,50,0.5,0.1,0.15,0.1,1,1,2,40,"post_fragmentation","chessboard",119,2027,41,27,1,337,379,1
2,114,50,0.5,0.1,0.15,0.1,1,1,2,40,"post_fragmentation","chessboard",119,2027,41,27,1,337,384,2
2,114,50,0.5,0.1,0.15,0.1,1,1,2,40,"post_fragmentation","chessboard",119,2027,41,27,1,337,398,1
2,114,50,0.5,0.1,0.15,0.1,1,1,2,40,"post_fragmentation","chessboard",119,2027,41,27,1,337,422,1
2,114,50,0.5,0.1,0.15,0.1,1,1,2,40,"post_fragmentation","chessboard",119,2027,41,27,1,337,429,1
2,114,50,0.5,0.1,0.15,0.1,1,1,2,40,"post_fragmentation","chessboard",119,2027,41,27,1,337,432,2
2,114,50,0.5,0.1,0.15,0.1,1,1,2,40,"post_fragmentation","chessboard",119,2027,41,27,1,337,448,2
2,114,50,0.5,0.1,0.15,0.1,1,1,2,40,"post_fragmentation","chessboard",119,2027,41,27,1,337,453,1
2,114,50,0.5,0.1,0.15,0.1,1,1,2,40,"post_fragmentation","chessboard",119,2027,41,27,1,337,460,4
2,114,50,0.5,0.1,0.15,0.1,1,1,2,40,"post_fragmentation","chessboard",119,2027,41,27,1,337,464,1
2,114,50,0.5,0.1,0.15,0.1,1,1,2,40,"post_fragmentation","chessboard",119,2027,41,27,1,337,476,1
2,114,50,0.5,0.1,0.15,0.1,1,1,2,40,"post_fragmentation","chessboard",119,2027,41,27,1,337,477,1
2,114,50,0.5,0.1,0.15,0.1,1,1,2,40,"post_fragmentation","chessboard",119,2027,41,27,1,337,481,4
2,114,50,0.5,0.1,0.15,0.1,1,1,2,40,"post_fragmentation","chessboard",119,2027,41,27,1,337,493,2
2,114,50,0.5,0.1,0.15,0.1,1,1,2,40,"post_fragmentation","chessboard",119,2027,41,27,1,337,497,1
2,114,50,0.5,0.1,0.15,0.1,1,1,2,40,"post_fragmentation","chessboard",119,2027,41,27,1,337,526,1
2,114,50,0.5,0.1,0.15,0.1,1,1,2,40,"post_fragmentation","chessboard",119,2027,41,27,1,337,527,1
2,114,50,0.5,0.1,0.15,0.1,1,1,2,40,"post_fragmentation","chessboard",119,2027,41,27,1,337,537,1
2,114,50,0.5,0.1,0.15,0.1,1,1,2,40,"post_fragmentation","chessboard",119,2027,41,27,1,337,542,1
2,114,50,0.5,0.1,0.15,0.1,1,1,2,40,"post_fragmentation","chessboard",119,2027,41,27,1,337,550,1
2,114,50,0.5,0.1,0.15,0.1,1,1,2,40,"post_fragmentation","chessboard",120,2029,41,29,1,337,272,1
2,114,50,0.5,0.1,0.15,0.1,1,1,2,40,"post_fragmentation","chessboard",120,2029,41,29,1,337,288,3
2,114,50,0.5,0.1,0.15,0.1,1,1,2,40,"post_fragmentation","chessboard",120,2029,41,29,1,337,304,1
2,114,50,0.5,0.1,0.15,0.1,1,1,2,40,"post_fragmentation","chessboard",120,2029,41,29,1,337,309,1
2,114,50,0.5,0.1,0.15,0.1,1,1,2,40,"post_fragmentation","chessboard",120,2029,41,29,1,337,323,2
2,114,50,0.5,0.1,0.15,0.1,1,1,2,40,"post_fragmentation","chessboard",120,2029,41,29,1,337,338,6
2,114,50,0.5,0.1,0.15,0.1,1,1,2,40,"post_fragmentation","chessboard",120,2029,41,29,1,337,341,2
2,114,50,0.5,0.1,0.15,0.1,1,1,2,40,"post_fragmentation","chessboard",120,2029,41,29,1,337,353,1
2,114,50,0.5,0.1,0.15,0.1,1,1,2,40,"post_fragmentation","chessboard",120,2029,41,29,1,337,358,2
2,114,50,0.5,0.1,0.15,0.1,1,1,2,40,"post_fragmentation","chessboard",120,2029,41,29,1,337,368,2
2,114,50,0.5,0.1,0.15,0.1,1,1,2,40,"post_fragmentation","chessboard",120,2029,41,29,1,337,371,1
2,114,50,0.5,0.1,0.15,0.1,1,1,2,40,"post_fragmentation","chessboard",120,2029,41,29,1,337,375,1
2,114,50,0.5,0.1,0.15,0.1,1,1,2,40,"post_fragmentation","chessboard",120,2029,41,29,1,337,379,1
2,114,50,0.5,0.1,0.15,0.1,1,1,2,40,"post_fragmentation","chessboard",120,2029,41,29,1,337,385,3
2,114,50,0.5,0.1,0.15,0.1,1,1,2,40,"post_fragmentation","chessboard",120,2029,41,29,1,337,387,1
2,114,50,0.5,0.1,0.15,0.1,1,1,2,40,"post_fragmentation","chessboard",120,2029,41,29,1,337,388,1
2,114,50,0.5,0.1,0.15,0.1,1,1,2,40,"post_fragmentation","chessboard",120,2029,41,29,1,337,414,1
2,114,50,0.5,0.1,0.15,0.1,1,1,2,40,"post_fragmentation","chessboard",120,2029,41,29,1,337,432,1
2,114,50,0.5,0.1,0.15,0.1,1,1,2,40,"post_fragmentation","chessboard",120,2029,41,29,1,337,448,1
2,114,50,0.5,0.1,0.15,0.1,1,1,2,40,"post_fragmentation","chessboard",120,2029,41,29,1,337,453,1
2,114,50,0.5,0.1,0.15,0.1,1,1,2,40,"post_fragmentation","chessboard",120,2029,41,29,1,337,458,1
2,114,50,0.5,0.1,0.15,0.1,1,1,2,40,"post_fragmentation","chessboard",120,2029,41,29,1,337,460,1
2,114,50,0.5,0.1,0.15,0.1,1,1,2,40,"post_fragmentation","chessboard",121,2031,41,31,1,337,221,2
2,114,50,0.5,0.1,0.15,0.1,1,1,2,40,"post_fragmentation","chessboard",121,2031,41,31,1,337,270,1
2,114,50,0.5,0.1,0.15,0.1,1,1,2,40,"post_fragmentation","chessboard",121,2031,41,31,1,337,279,1
2,114,50,0.5,0.1,0.15,0.1,1,1,2,40,"post_fragmentation","chessboard",121,2031,41,31,1,337,286,2
2,114,50,0.5,0.1,0.15,0.1,1,1,2,40,"post_fragmentation","chessboard",121,2031,41,31,1,337,288,1
2,114,50,0.5,0.1,0.15,0.1,1,1,2,40,"post_fragmentation","chessboard",121,2031,41,31,1,337,309,1
2,114,50,0.5,0.1,0.15,0.1,1,1,2,40,"post_fragmentation","chessboard",121,2031,41,31,1,337,310,2
2,114,50,0.5,0.1,0.15,0.1,1,1,2,40,"post_fragmentation","chessboard",121,2031,41,31,1,337,323,2
2,114,50,0.5,0.1,0.15,0.1,1,1,2,40,"post_fragmentation","chessboard",121,2031,41,31,1,337,329,1
2,114,50,0.5,0.1,0.15,0.1,1,1,2,40,"post_fragmentation","chessboard",121,2031,41,31,1,337,332,1
2,114,50,0.5,0.1,0.15,0.1,1,1,2,40,"post_fragmentation","chessboard",121,2031,41,31,1,337,338,4
2,114,50,0.5,0.1,0.15,0.1,1,1,2,40,"post_fragmentation","chessboard",121,2031,41,31,1,337,341,3
2,114,50,0.5,0.1,0.15,0.1,1,1,2,40,"post_fragmentation","chessboard",121,2031,41,31,1,337,342,3
2,114,50,0.5,0.1,0.15,0.1,1,1,2,40,"post_fragmentation","chessboard",121,2031,41,31,1,337,353,2
2,114,50,0.5,0.1,0.15,0.1,1,1,2,40,"post_fragmentation","chessboard",121,2031,41,31,1,337,365,1
2,114,50,0.5,0.1,0.15,0.1,1,1,2,40,"post_fragmentation","chessboard",121,2031,41,31,1,337,368,2
2,114,50,0.5,0.1,0.15,0.1,1,1,2,40,"post_fragmentation","chessboard",121,2031,41,31,1,337,376,2
2,114,50,0.5,0.1,0.15,0.1,1,1,2,40,"post_fragmentation","chessboard",121,2031,41,31,1,337,379,2
2,114,50,0.5,0.1,0.15,0.1,1,1,2,40,"post_fragmentation","chessboard",121,2031,41,31,1,337,382,1
2,114,50,0.5,0.1,0.15,0.1,1,1,2,40,"post_fragmentation","chessboard",121,2031,41,31,1,337,385,1
2,114,50,0.5,0.1,0.15,0.1,1,1,2,40,"post_fragmentation","chessboard",121,2031,41,31,1,337,387,1
2,114,50,0.5,0.1,0.15,0.1,1,1,2,40,"post_fragmentation","chessboard",121,2031,41,31,1,337,419,1
2,114,50,0.5,0.1,0.15,0.1,1,1,2,40,"post_fragmentation","chessboard",121,2031,41,31,1,337,432,1
2,114,50,0.5,0.1,0.15,0.1,1,1,2,40,"post_fragmentation","chessboard",121,2031,41,31,1,337,437,1
2,114,50,0.5,0.1,0.15,0.1,1,1,2,40,"post_fragmentation","chessboard",121,2031,41,31,1,337,458,1
2,114,50,0.5,0.1,0.15,0.1,1,1,2,40,"post_fragmentation","chessboard",121,2031,41,31,1,337,465,1
2,114,50,0.5,0.1,0.15,0.1,1,1,2,40,"post_fragmentation","chessboard",121,2031,41,31,1,337,476,1
2,114,50,0.5,0.1,0.15,0.1,1,1,2,40,"post_fragmentation","chessboard",122,2037,41,37,11,6,245,1
2,114,50,0.5,0.1,0.15,0.1,1,1,2,40,"post_fragmentation","chessboard",122,2037,41,37,11,6,323,1
2,114,50,0.5,0.1,0.15,0.1,1,1,2,40,"post_fragmentation","chessboard",122,2037,41,37,11,6,327,1
2,114,50,0.5,0.1,0.15,0.1,1,1,2,40,"post_fragmentation","chessboard",122,2037,41,37,11,6,338,2
2,114,50,0.5,0.1,0.15,0.1,1,1,2,40,"post_fragmentation","chessboard",122,2037,41,37,11,6,342,1
2,114,50,0.5,0.1,0.15,0.1,1,1,2,40,"post_fragmentation","chessboard",122,2037,41,37,11,6,354,1
2,114,50,0.5,0.1,0.15,0.1,1,1,2,40,"post_fragmentation","chessboard",122,2037,41,37,11,6,368,2
2,114,50,0.5,0.1,0.15,0.1,1,1,2,40,"post_fragmentation","chessboard",122,2037,41,37,11,6,375,1
2,114,50,0.5,0.1,0.15,0.1,1,1,2,40,"post_fragmentation","chessboard",122,2037,41,37,11,6,382,2
2,114,50,0.5,0.1,0.15,0.1,1,1,2,40,"post_fragmentation","chessboard",122,2037,41,37,11,6,388,1
2,114,50,0.5,0.1,0.15,0.1,1,1,2,40,"post_fragmentation","chessboard",122,2037,41,37,11,6,396,2
2,114,50,0.5,0.1,0.15,0.1,1,1,2,40,"post_fragmentation","chessboard",122,2037,41,37,11,6,419,1
2,114,50,0.5,0.1,0.15,0.1,1,1,2,40,"post_fragmentation","chessboard",122,2037,41,37,11,6,437,1
2,114,50,0.5,0.1,0.15,0.1,1,1,2,40,"post_fragmentation","chessboard",122,2037,41,37,11,6,476,1
2,114,50,0.5,0.1,0.15,0.1,1,1,2,40,"post_fragmentation","chessboard",122,2037,41,37,11,6,498,2
2,114,50,0.5,0.1,0.15,0.1,1,1,2,40,"post_fragmentation","chessboard",123,2068,42,18,1,337,462,1
2,114,50,0.5,0.1,0.15,0.1,1,1,2,40,"post_fragmentation","chessboard",123,2068,42,18,1,337,481,2
2,114,50,0.5,0.1,0.15,0.1,1,1,2,40,"post_fragmentation","chessboard",123,2068,42,18,1,337,515,1
2,114,50,0.5,0.1,0.15,0.1,1,1,2,40,"post_fragmentation","chessboard",123,2068,42,18,1,337,524,2
2,114,50,0.5,0.1,0.15,0.1,1,1,2,40,"post_fragmentation","chessboard",123,2068,42,18,1,337,553,1
2,114,50,0.5,0.1,0.15,0.1,1,1,2,40,"post_fragmentation","chessboard",123,2068,42,18,1,337,569,1
2,114,50,0.5,0.1,0.15,0.1,1,1,2,40,"post_fragmentation","chessboard",123,2068,42,18,1,337,580,1
2,114,50,0.5,0.1,0.15,0.1,1,1,2,40,"post_fragmentation","chessboard",123,2068,42,18,1,337,589,3
2,114,50,0.5,0.1,0.15,0.1,1,1,2,40,"post_fragmentation","chessboard",124,2070,42,20,1,337,458,1
2,114,50,0.5,0.1,0.15,0.1,1,1,2,40,"post_fragmentation","chessboard",124,2070,42,20,1,337,460,1
2,114,50,0.5,0.1,0.15,0.1,1,1,2,40,"post_fragmentation","chessboard",124,2070,42,20,1,337,481,1
2,114,50,0.5,0.1,0.15,0.1,1,1,2,40,"post_fragmentation","chessboard",124,2070,42,20,1,337,515,1
2,114,50,0.5,0.1,0.15,0.1,1,1,2,40,"post_fragmentation","chessboard",124,2070,42,20,1,337,523,1
2,114,50,0.5,0.1,0.15,0.1,1,1,2,40,"post_fragmentation","chessboard",124,2070,42,20,1,337,524,1
2,114,50,0.5,0.1,0.15,0.1,1,1,2,40,"post_fragmentation","chessboard",124,2070,42,20,1,337,537,1
2,114,50,0.5,0.1,0.15,0.1,1,1,2,40,"post_fragmentation","chessboard",124,2070,42,20,1,337,574,1
2,114,50,0.5,0.1,0.15,0.1,1,1,2,40,"post_fragmentation","chessboard",124,2070,42,20,1,337,638,2
2,114,50,0.5,0.1,0.15,0.1,1,1,2,40,"post_fragmentation","chessboard",125,2072,42,22,1,337,325,2
2,114,50,0.5,0.1,0.15,0.1,1,1,2,40,"post_fragmentation","chessboard",125,2072,42,22,1,337,337,1
2,114,50,0.5,0.1,0.15,0.1,1,1,2,40,"post_fragmentation","chessboard",125,2072,42,22,1,337,349,1
2,114,50,0.5,0.1,0.15,0.1,1,1,2,40,"post_fragmentation","chessboard",125,2072,42,22,1,337,419,4
2,114,50,0.5,0.1,0.15,0.1,1,1,2,40,"post_fragmentation","chessboard",125,2072,42,22,1,337,448,1
2,114,50,0.5,0.1,0.15,0.1,1,1,2,40,"post_fragmentation","chessboard",125,2072,42,22,1,337,458,3
2,114,50,0.5,0.1,0.15,0.1,1,1,2,40,"post_fragmentation","chessboard",125,2072,42,22,1,337,460,8
2,114,50,0.5,0.1,0.15,0.1,1,1,2,40,"post_fragmentation","chessboard",125,2072,42,22,1,337,464,1
2,114,50,0.5,0.1,0.15,0.1,1,1,2,40,"post_fragmentation","chessboard",125,2072,42,22,1,337,477,2
2,114,50,0.5,0.1,0.15,0.1,1,1,2,40,"post_fragmentation","chessboard",125,2072,42,22,1,337,479,1
2,114,50,0.5,0.1,0.15,0.1,1,1,2,40,"post_fragmentation","chessboard",125,2072,42,22,1,337,481,12
2,114,50,0.5,0.1,0.15,0.1,1,1,2,40,"post_fragmentation","chessboard",125,2072,42,22,1,337,515,3
2,114,50,0.5,0.1,0.15,0.1,1,1,2,40,"post_fragmentation","chessboard",125,2072,42,22,1,337,520,1
2,114,50,0.5,0.1,0.15,0.1,1,1,2,40,"post_fragmentation","chessboard",125,2072,42,22,1,337,526,1
2,114,50,0.5,0.1,0.15,0.1,1,1,2,40,"post_fragmentation","chessboard",125,2072,42,22,1,337,537,1
2,114,50,0.5,0.1,0.15,0.1,1,1,2,40,"post_fragmentation","chessboard",125,2072,42,22,1,337,570,1
2,114,50,0.5,0.1,0.15,0.1,1,1,2,40,"post_fragmentation","chessboard",126,2074,42,24,1,337,325,2
2,114,50,0.5,0.1,0.15,0.1,1,1,2,40,"post_fragmentation","chessboard",126,2074,42,24,1,337,337,1
2,114,50,0.5,0.1,0.15,0.1,1,1,2,40,"post_fragmentation","chessboard",126,2074,42,24,1,337,361,1
2,114,50,0.5,0.1,0.15,0.1,1,1,2,40,"post_fragmentation","chessboard",126,2074,42,24,1,337,385,1
2,114,50,0.5,0.1,0.15,0.1,1,1,2,40,"post_fragmentation","chessboard",126,2074,42,24,1,337,388,1
2,114,50,0.5,0.1,0.15,0.1,1,1,2,40,"post_fragmentation","chessboard",126,2074,42,24,1,337,408,3
2,114,50,0.5,0.1,0.15,0.1,1,1,2,40,"post_fragmentation","chessboard",126,2074,42,24,1,337,411,1
2,114,50,0.5,0.1,0.15,0.1,1,1,2,40,"post_fragmentation","chessboard",126,2074,42,24,1,337,415,2
2,114,50,0.5,0.1,0.15,0.1,1,1,2,40,"post_fragmentation","chessboard",126,2074,42,24,1,337,419,3
2,114,50,0.5,0.1,0.15,0.1,1,1,2,40,"post_fragmentation","chessboard",126,2074,42,24,1,337,421,1
2,114,50,0.5,0.1,0.15,0.1,1,1,2,40,"post_fragmentation","chessboard",126,2074,42,24,1,337,429,1
2,114,50,0.5,0.1,0.15,0.1,1,1,2,40,"post_fragmentation","chessboard",126,2074,42,24,1,337,432,1
2,114,50,0.5,0.1,0.15,0.1,1,1,2,40,"post_fragmentation","chessboard",126,2074,42,24,1,337,441,1
2,114,50,0.5,0.1,0.15,0.1,1,1,2,40,"post_fragmentation","chessboard",126,2074,42,24,1,337,453,1
2,114,50,0.5,0.1,0.15,0.1,1,1,2,40,"post_fragmentation","chessboard",126,2074,42,24,1,337,460,3
2,114,50,0.5,0.1,0.15,0.1,1,1,2,40,"post_fragmentation","chessboard",126,2074,42,24,1,337,465,1
2,114,50,0.5,0.1,0.15,0.1,1,1,2,40,"post_fragmentation","chessboard",126,2074,42,24,1,337,477,1
2,114,50,0.5,0.1,0.15,0.1,1,1,2,40,"post_fragmentation","chessboard",126,2074,42,24,1,337,481,6
2,114,50,0.5,0.1,0.15,0.1,1,1,2,40,"post_fragmentation","chessboard",126,2074,42,24,1,337,497,1
2,114,50,0.5,0.1,0.15,0.1,1,1,2,40,"post_fragmentation","chessboard",126,2074,42,24,1,337,515,5
2,114,50,0.5,0.1,0.15,0.1,1,1,2,40,"post_fragmentation","chessboard",126,2074,42,24,1,337,519,2
2,114,50,0.5,0.1,0.15,0.1,1,1,2,40,"post_fragmentation","chessboard",126,2074,42,24,1,337,706,1
2,114,50,0.5,0.1,0.15,0.1,1,1,2,40,"post_fragmentation","chessboard",127,2076,42,26,1,337,351,1
2,114,50,0.5,0.1,0.15,0.1,1,1,2,40,"post_fragmentation","chessboard",127,2076,42,26,1,337,382,1
2,114,50,0.5,0.1,0.15,0.1,1,1,2,40,"post_fragmentation","chessboard",127,2076,42,26,1,337,395,1
2,114,50,0.5,0.1,0.15,0.1,1,1,2,40,"post_fragmentation","chessboard",127,2076,42,26,1,337,414,1
2,114,50,0.5,0.1,0.15,0.1,1,1,2,40,"post_fragmentation","chessboard",127,2076,42,26,1,337,422,1
2,114,50,0.5,0.1,0.15,0.1,1,1,2,40,"post_fragmentation","chessboard",127,2076,42,26,1,337,432,2
2,114,50,0.5,0.1,0.15,0.1,1,1,2,40,"post_fragmentation","chessboard",127,2076,42,26,1,337,441,1
2,114,50,0.5,0.1,0.15,0.1,1,1,2,40,"post_fragmentation","chessboard",127,2076,42,26,1,337,458,1
2,114,50,0.5,0.1,0.15,0.1,1,1,2,40,"post_fragmentation","chessboard",127,2076,42,26,1,337,476,2
2,114,50,0.5,0.1,0.15,0.1,1,1,2,40,"post_fragmentation","chessboard",127,2076,42,26,1,337,477,1
2,114,50,0.5,0.1,0.15,0.1,1,1,2,40,"post_fragmentation","chessboard",127,2076,42,26,1,337,481,4
2,114,50,0.5,0.1,0.15,0.1,1,1,2,40,"post_fragmentation","chessboard",127,2076,42,26,1,337,484,1
2,114,50,0.5,0.1,0.15,0.1,1,1,2,40,"post_fragmentation","chessboard",127,2076,42,26,1,337,486,1
2,114,50,0.5,0.1,0.15,0.1,1,1,2,40,"post_fragmentation","chessboard",127,2076,42,26,1,337,515,1
2,114,50,0.5,0.1,0.15,0.1,1,1,2,40,"post_fragmentation","chessboard",127,2076,42,26,1,337,526,1
2,114,50,0.5,0.1,0.15,0.1,1,1,2,40,"post_fragmentation","chessboard",127,2076,42,26,1,337,537,5
2,114,50,0.5,0.1,0.15,0.1,1,1,2,40,"post_fragmentation","chessboard",127,2076,42,26,1,337,539,4
2,114,50,0.5,0.1,0.15,0.1,1,1,2,40,"post_fragmentation","chessboard",127,2076,42,26,1,337,550,1
2,114,50,0.5,0.1,0.15,0.1,1,1,2,40,"post_fragmentation","chessboard",127,2076,42,26,1,337,553,1
2,114,50,0.5,0.1,0.15,0.1,1,1,2,40,"post_fragmentation","chessboard",127,2076,42,26,1,337,570,2
2,114,50,0.5,0.1,0.15,0.1,1,1,2,40,"post_fragmentation","chessboard",127,2076,42,26,1,337,576,1
2,114,50,0.5,0.1,0.15,0.1,1,1,2,40,"post_fragmentation","chessboard",127,2076,42,26,1,337,634,1
2,114,50,0.5,0.1,0.15,0.1,1,1,2,40,"post_fragmentation","chessboard",127,2076,42,26,1,337,706,1
2,114,50,0.5,0.1,0.15,0.1,1,1,2,40,"post_fragmentation","chessboard",128,2078,42,28,1,337,304,1
2,114,50,0.5,0.1,0.15,0.1,1,1,2,40,"post_fragmentation","chessboard",128,2078,42,28,1,337,309,1
2,114,50,0.5,0.1,0.15,0.1,1,1,2,40,"post_fragmentation","chessboard",128,2078,42,28,1,337,323,6
2,114,50,0.5,0.1,0.15,0.1,1,1,2,40,"post_fragmentation","chessboard",128,2078,42,28,1,337,327,1
2,114,50,0.5,0.1,0.15,0.1,1,1,2,40,"post_fragmentation","chessboard",128,2078,42,28,1,337,338,8
2,114,50,0.5,0.1,0.15,0.1,1,1,2,40,"post_fragmentation","chessboard",128,2078,42,28,1,337,341,2
2,114,50,0.5,0.1,0.15,0.1,1,1,2,40,"post_fragmentation","chessboard",128,2078,42,28,1,337,368,3
2,114,50,0.5,0.1,0.15,0.1,1,1,2,40,"post_fragmentation","chessboard",128,2078,42,28,1,337,384,2
2,114,50,0.5,0.1,0.15,0.1,1,1,2,40,"post_fragmentation","chessboard",128,2078,42,28,1,337,388,2
2,114,50,0.5,0.1,0.15,0.1,1,1,2,40,"post_fragmentation","chessboard",128,2078,42,28,1,337,398,1
2,114,50,0.5,0.1,0.15,0.1,1,1,2,40,"post_fragmentation","chessboard",128,2078,42,28,1,337,416,1
2,114,50,0.5,0.1,0.15,0.1,1,1,2,40,"post_fragmentation","chessboard",128,2078,42,28,1,337,419,1
2,114,50,0.5,0.1,0.15,0.1,1,1,2,40,"post_fragmentation","chessboard",128,2078,42,28,1,337,422,1
2,114,50,0.5,0.1,0.15,0.1,1,1,2,40,"post_fragmentation","chessboard",128,2078,42,28,1,337,434,1
2,114,50,0.5,0.1,0.15,0.1,1,1,2,40,"post_fragmentation","chessboard",128,2078,42,28,1,337,438,1
2,114,50,0.5,0.1,0.15,0.1,1,1,2,40,"post_fragmentation","chessboard",128,2078,42,28,1,337,458,1
2,114,50,0.5,0.1,0.15,0.1,1,1,2,40,"post_fragmentation","chessboard",128,2078,42,28,1,337,465,2
2,114,50,0.5,0.1,0.15,0.1,1,1,2,40,"post_fragmentation","chessboard",128,2078,42,28,1,337,481,1
2,114,50,0.5,0.1,0.15,0.1,1,1,2,40,"post_fragmentation","chessboard",129,2080,42,30,1,337,342,1
2,114,50,0.5,0.1,0.15,0.1,1,1,2,40,"post_fragmentation","chessboard",129,2080,42,30,1,337,386,1
2,114,50,0.5,0.1,0.15,0.1,1,1,2,40,"post_fragmentation","chessboard",129,2080,42,30,1,337,392,1
2,114,50,0.5,0.1,0.15,0.1,1,1,2,40,"post_fragmentation","chessboard",129,2080,42,30,1,337,437,1
2,114,50,0.5,0.1,0.15,0.1,1,1,2,40,"post_fragmentation","chessboard",129,2080,42,30,1,337,438,1
2,114,50,0.5,0.1,0.15,0.1,1,1,2,40,"post_fragmentation","chessboard",129,2080,42,30,1,337,453,2
2,114,50,0.5,0.1,0.15,0.1,1,1,2,40,"post_fragmentation","chessboard",129,2080,42,30,1,337,458,1
2,114,50,0.5,0.1,0.15,0.1,1,1,2,40,"post_fragmentation","chessboard",129,2080,42,30,1,337,465,3
2,114,50,0.5,0.1,0.15,0.1,1,1,2,40,"post_fragmentation","chessboard",129,2080,42,30,1,337,476,2
2,114,50,0.5,0.1,0.15,0.1,1,1,2,40,"post_fragmentation","chessboard",129,2080,42,30,1,337,479,1
2,114,50,0.5,0.1,0.15,0.1,1,1,2,40,"post_fragmentation","chessboard",129,2080,42,30,1,337,481,3
2,114,50,0.5,0.1,0.15,0.1,1,1,2,40,"post_fragmentation","chessboard",129,2080,42,30,1,337,491,3
2,114,50,0.5,0.1,0.15,0.1,1,1,2,40,"post_fragmentation","chessboard",129,2080,42,30,1,337,493,1
2,114,50,0.5,0.1,0.15,0.1,1,1,2,40,"post_fragmentation","chessboard",129,2080,42,30,1,337,500,3
2,114,50,0.5,0.1,0.15,0.1,1,1,2,40,"post_fragmentation","chessboard",129,2080,42,30,1,337,542,4
2,114,50,0.5,0.1,0.15,0.1,1,1,2,40,"post_fragmentation","chessboard",130,2082,42,32,1,337,408,1
2,114,50,0.5,0.1,0.15,0.1,1,1,2,40,"post_fragmentation","chessboard",130,2082,42,32,1,337,491,1
2,114,50,0.5,0.1,0.15,0.1,1,1,2,40,"post_fragmentation","chessboard",130,2082,42,32,1,337,537,1
2,114,50,0.5,0.1,0.15,0.1,1,1,2,40,"post_fragmentation","chessboard",130,2082,42,32,1,337,623,1
2,114,50,0.5,0.1,0.15,0.1,1,1,2,40,"post_fragmentation","chessboard",130,2082,42,32,1,337,770,3
2,114,50,0.5,0.1,0.15,0.1,1,1,2,40,"post_fragmentation","chessboard",131,2084,42,34,1,337,332,1
2,114,50,0.5,0.1,0.15,0.1,1,1,2,40,"post_fragmentation","chessboard",131,2084,42,34,1,337,338,3
2,114,50,0.5,0.1,0.15,0.1,1,1,2,40,"post_fragmentation","chessboard",131,2084,42,34,1,337,342,1
2,114,50,0.5,0.1,0.15,0.1,1,1,2,40,"post_fragmentation","chessboard",131,2084,42,34,1,337,351,2
2,114,50,0.5,0.1,0.15,0.1,1,1,2,40,"post_fragmentation","chessboard",131,2084,42,34,1,337,365,1
2,114,50,0.5,0.1,0.15,0.1,1,1,2,40,"post_fragmentation","chessboard",131,2084,42,34,1,337,375,4
2,114,50,0.5,0.1,0.15,0.1,1,1,2,40,"post_fragmentation","chessboard",131,2084,42,34,1,337,379,3
2,114,50,0.5,0.1,0.15,0.1,1,1,2,40,"post_fragmentation","chessboard",131,2084,42,34,1,337,386,3
2,114,50,0.5,0.1,0.15,0.1,1,1,2,40,"post_fragmentation","chessboard",131,2084,42,34,1,337,387,1
2,114,50,0.5,0.1,0.15,0.1,1,1,2,40,"post_fragmentation","chessboard",131,2084,42,34,1,337,388,1
2,114,50,0.5,0.1,0.15,0.1,1,1,2,40,"post_fragmentation","chessboard",131,2084,42,34,1,337,392,5
2,114,50,0.5,0.1,0.15,0.1,1,1,2,40,"post_fragmentation","chessboard",131,2084,42,34,1,337,396,1
2,114,50,0.5,0.1,0.15,0.1,1,1,2,40,"post_fragmentation","chessboard",131,2084,42,34,1,337,414,1
2,114,50,0.5,0.1,0.15,0.1,1,1,2,40,"post_fragmentation","chessboard",131,2084,42,34,1,337,419,1
2,114,50,0.5,0.1,0.15,0.1,1,1,2,40,"post_fragmentation","chessboard",131,2084,42,34,1,337,421,1
2,114,50,0.5,0.1,0.15,0.1,1,1,2,40,"post_fragmentation","chessboard",131,2084,42,34,1,337,432,1
2,114,50,0.5,0.1,0.15,0.1,1,1,2,40,"post_fragmentation","chessboard",131,2084,42,34,1,337,437,1
2,114,50,0.5,0.1,0.15,0.1,1,1,2,40,"post_fragmentation","chessboard",131,2084,42,34,1,337,448,1
2,114,50,0.5,0.1,0.15,0.1,1,1,2,40,"post_fragmentation","chessboard",131,2084,42,34,1,337,453,1
2,114,50,0.5,0.1,0.15,0.1,1,1,2,40,"post_fragmentation","chessboard",131,2084,42,34,1,337,460,1
2,114,50,0.5,0.1,0.15,0.1,1,1,2,40,"post_fragmentation","chessboard",131,2084,42,34,1,337,463,1
2,114,50,0.5,0.1,0.15,0.1,1,1,2,40,"post_fragmentation","chessboard",132,2086,42,36,11,6,410,1
2,114,50,0.5,0.1,0.15,0.1,1,1,2,40,"post_fragmentation","chessboard",132,2086,42,36,11,6,435,1
2,114,50,0.5,0.1,0.15,0.1,1,1,2,40,"post_fragmentation","chessboard",132,2086,42,36,11,6,437,1
2,114,50,0.5,0.1,0.15,0.1,1,1,2,40,"post_fragmentation","chessboard",132,2086,42,36,11,6,440,1
2,114,50,0.5,0.1,0.15,0.1,1,1,2,40,"post_fragmentation","chessboard",132,2086,42,36,11,6,441,3
2,114,50,0.5,0.1,0.15,0.1,1,1,2,40,"post_fragmentation","chessboard",132,2086,42,36,11,6,444,1
2,114,50,0.5,0.1,0.15,0.1,1,1,2,40,"post_fragmentation","chessboard",132,2086,42,36,11,6,445,1
2,114,50,0.5,0.1,0.15,0.1,1,1,2,40,"post_fragmentation","chessboard",132,2086,42,36,11,6,447,2
2,114,50,0.5,0.1,0.15,0.1,1,1,2,40,"post_fragmentation","chessboard",132,2086,42,36,11,6,453,4
2,114,50,0.5,0.1,0.15,0.1,1,1,2,40,"post_fragmentation","chessboard",132,2086,42,36,11,6,463,3
2,114,50,0.5,0.1,0.15,0.1,1,1,2,40,"post_fragmentation","chessboard",132,2086,42,36,11,6,465,1
2,114,50,0.5,0.1,0.15,0.1,1,1,2,40,"post_fragmentation","chessboard",132,2086,42,36,11,6,476,2
2,114,50,0.5,0.1,0.15,0.1,1,1,2,40,"post_fragmentation","chessboard",132,2086,42,36,11,6,491,3
2,114,50,0.5,0.1,0.15,0.1,1,1,2,40,"post_fragmentation","chessboard",132,2086,42,36,11,6,493,2
2,114,50,0.5,0.1,0.15,0.1,1,1,2,40,"post_fragmentation","chessboard",132,2086,42,36,11,6,500,2
2,114,50,0.5,0.1,0.15,0.1,1,1,2,40,"post_fragmentation","chessboard",132,2086,42,36,11,6,501,2
2,114,50,0.5,0.1,0.15,0.1,1,1,2,40,"post_fragmentation","chessboard",132,2086,42,36,11,6,513,6
2,114,50,0.5,0.1,0.15,0.1,1,1,2,40,"post_fragmentation","chessboard",132,2086,42,36,11,6,519,3
2,114,50,0.5,0.1,0.15,0.1,1,1,2,40,"post_fragmentation","chessboard",132,2086,42,36,11,6,520,1
2,114,50,0.5,0.1,0.15,0.1,1,1,2,40,"post_fragmentation","chessboard",132,2086,42,36,11,6,542,2
2,114,50,0.5,0.1,0.15,0.1,1,1,2,40,"post_fragmentation","chessboard",132,2086,42,36,11,6,543,1
2,114,50,0.5,0.1,0.15,0.1,1,1,2,40,"post_fragmentation","chessboard",132,2086,42,36,11,6,623,1
2,114,50,0.5,0.1,0.15,0.1,1,1,2,40,"post_fragmentation","chessboard",133,2117,43,17,1,337,313,1
2,114,50,0.5,0.1,0.15,0.1,1,1,2,40,"post_fragmentation","chessboard",133,2117,43,17,1,337,331,1
2,114,50,0.5,0.1,0.15,0.1,1,1,2,40,"post_fragmentation","chessboard",133,2117,43,17,1,337,333,1
2,114,50,0.5,0.1,0.15,0.1,1,1,2,40,"post_fragmentation","chessboard",133,2117,43,17,1,337,349,1
2,114,50,0.5,0.1,0.15,0.1,1,1,2,40,"post_fragmentation","chessboard",133,2117,43,17,1,337,375,2
2,114,50,0.5,0.1,0.15,0.1,1,1,2,40,"post_fragmentation","chessboard",133,2117,43,17,1,337,382,1
2,114,50,0.5,0.1,0.15,0.1,1,1,2,40,"post_fragmentation","chessboard",133,2117,43,17,1,337,391,1
2,114,50,0.5,0.1,0.15,0.1,1,1,2,40,"post_fragmentation","chessboard",133,2117,43,17,1,337,394,1
2,114,50,0.5,0.1,0.15,0.1,1,1,2,40,"post_fragmentation","chessboard",133,2117,43,17,1,337,419,2
2,114,50,0.5,0.1,0.15,0.1,1,1,2,40,"post_fragmentation","chessboard",133,2117,43,17,1,337,446,1
2,114,50,0.5,0.1,0.15,0.1,1,1,2,40,"post_fragmentation","chessboard",133,2117,43,17,1,337,574,1
2,114,50,0.5,0.1,0.15,0.1,1,1,2,40,"post_fragmentation","chessboard",134,2119,43,19,1,337,292,1
2,114,50,0.5,0.1,0.15,0.1,1,1,2,40,"post_fragmentation","chessboard",134,2119,43,19,1,337,349,3
2,114,50,0.5,0.1,0.15,0.1,1,1,2,40,"post_fragmentation","chessboard",134,2119,43,19,1,337,382,1
2,114,50,0.5,0.1,0.15,0.1,1,1,2,40,"post_fragmentation","chessboard",134,2119,43,19,1,337,387,1
2,114,50,0.5,0.1,0.15,0.1,1,1,2,40,"post_fragmentation","chessboard",134,2119,43,19,1,337,416,1
2,114,50,0.5,0.1,0.15,0.1,1,1,2,40,"post_fragmentation","chessboard",134,2119,43,19,1,337,419,3
2,114,50,0.5,0.1,0.15,0.1,1,1,2,40,"post_fragmentation","chessboard",134,2119,43,19,1,337,423,1
2,114,50,0.5,0.1,0.15,0.1,1,1,2,40,"post_fragmentation","chessboard",134,2119,43,19,1,337,426,2
2,114,50,0.5,0.1,0.15,0.1,1,1,2,40,"post_fragmentation","chessboard",134,2119,43,19,1,337,432,1
2,114,50,0.5,0.1,0.15,0.1,1,1,2,40,"post_fragmentation","chessboard",134,2119,43,19,1,337,434,1
2,114,50,0.5,0.1,0.15,0.1,1,1,2,40,"post_fragmentation","chessboard",134,2119,43,19,1,337,448,1
2,114,50,0.5,0.1,0.15,0.1,1,1,2,40,"post_fragmentation","chessboard",134,2119,43,19,1,337,456,1
2,114,50,0.5,0.1,0.15,0.1,1,1,2,40,"post_fragmentation","chessboard",134,2119,43,19,1,337,458,1
2,114,50,0.5,0.1,0.15,0.1,1,1,2,40,"post_fragmentation","chessboard",134,2119,43,19,1,337,460,4
2,114,50,0.5,0.1,0.15,0.1,1,1,2,40,"post_fragmentation","chessboard",134,2119,43,19,1,337,462,1
2,114,50,0.5,0.1,0.15,0.1,1,1,2,40,"post_fragmentation","chessboard",134,2119,43,19,1,337,465,1
2,114,50,0.5,0.1,0.15,0.1,1,1,2,40,"post_fragmentation","chessboard",134,2119,43,19,1,337,481,2
2,114,50,0.5,0.1,0.15,0.1,1,1,2,40,"post_fragmentation","chessboard",134,2119,43,19,1,337,515,1
2,114,50,0.5,0.1,0.15,0.1,1,1,2,40,"post_fragmentation","chessboard",134,2119,43,19,1,337,520,1
2,114,50,0.5,0.1,0.15,0.1,1,1,2,40,"post_fragmentation","chessboard",134,2119,43,19,1,337,526,2
2,114,50,0.5,0.1,0.15,0.1,1,1,2,40,"post_fragmentation","chessboard",134,2119,43,19,1,337,537,1
2,114,50,0.5,0.1,0.15,0.1,1,1,2,40,"post_fragmentation","chessboard",135,2121,43,21,1,337,350,1
2,114,50,0.5,0.1,0.15,0.1,1,1,2,40,"post_fragmentation","chessboard",135,2121,43,21,1,337,382,1
2,114,50,0.5,0.1,0.15,0.1,1,1,2,40,"post_fragmentation","chessboard",135,2121,43,21,1,337,422,1
2,114,50,0.5,0.1,0.15,0.1,1,1,2,40,"post_fragmentation","chessboard",135,2121,43,21,1,337,427,1
2,114,50,0.5,0.1,0.15,0.1,1,1,2,40,"post_fragmentation","chessboard",135,2121,43,21,1,337,429,2
2,114,50,0.5,0.1,0.15,0.1,1,1,2,40,"post_fragmentation","chessboard",135,2121,43,21,1,337,430,1
2,114,50,0.5,0.1,0.15,0.1,1,1,2,40,"post_fragmentation","chessboard",135,2121,43,21,1,337,448,2
2,114,50,0.5,0.1,0.15,0.1,1,1,2,40,"post_fragmentation","chessboard",135,2121,43,21,1,337,458,4
2,114,50,0.5,0.1,0.15,0.1,1,1,2,40,"post_fragmentation","chessboard",135,2121,43,21,1,337,460,8
2,114,50,0.5,0.1,0.15,0.1,1,1,2,40,"post_fragmentation","chessboard",135,2121,43,21,1,337,476,2
2,114,50,0.5,0.1,0.15,0.1,1,1,2,40,"post_fragmentation","chessboard",135,2121,43,21,1,337,481,4
2,114,50,0.5,0.1,0.15,0.1,1,1,2,40,"post_fragmentation","chessboard",135,2121,43,21,1,337,515,4
2,114,50,0.5,0.1,0.15,0.1,1,1,2,40,"post_fragmentation","chessboard",135,2121,43,21,1,337,520,1
2,114,50,0.5,0.1,0.15,0.1,1,1,2,40,"post_fragmentation","chessboard",135,2121,43,21,1,337,534,1
2,114,50,0.5,0.1,0.15,0.1,1,1,2,40,"post_fragmentation","chessboard",135,2121,43,21,1,337,537,1
2,114,50,0.5,0.1,0.15,0.1,1,1,2,40,"post_fragmentation","chessboard",135,2121,43,21,1,337,570,5
2,114,50,0.5,0.1,0.15,0.1,1,1,2,40,"post_fragmentation","chessboard",135,2121,43,21,1,337,572,2
2,114,50,0.5,0.1,0.15,0.1,1,1,2,40,"post_fragmentation","chessboard",135,2121,43,21,1,337,576,2
2,114,50,0.5,0.1,0.15,0.1,1,1,2,40,"post_fragmentation","chessboard",135,2121,43,21,1,337,580,1
2,114,50,0.5,0.1,0.15,0.1,1,1,2,40,"post_fragmentation","chessboard",136,2123,43,23,1,337,325,3
2,114,50,0.5,0.1,0.15,0.1,1,1,2,40,"post_fragmentation","chessboard",136,2123,43,23,1,337,337,1
2,114,50,0.5,0.1,0.15,0.1,1,1,2,40,"post_fragmentation","chessboard",136,2123,43,23,1,337,349,4
2,114,50,0.5,0.1,0.15,0.1,1,1,2,40,"post_fragmentation","chessboard",136,2123,43,23,1,337,361,1
2,114,50,0.5,0.1,0.15,0.1,1,1,2,40,"post_fragmentation","chessboard",136,2123,43,23,1,337,368,1
2,114,50,0.5,0.1,0.15,0.1,1,1,2,40,"post_fragmentation","chessboard",136,2123,43,23,1,337,371,2
2,114,50,0.5,0.1,0.15,0.1,1,1,2,40,"post_fragmentation","chessboard",136,2123,43,23,1,337,379,1
2,114,50,0.5,0.1,0.15,0.1,1,1,2,40,"post_fragmentation","chessboard",136,2123,43,23,1,337,382,4
2,114,50,0.5,0.1,0.15,0.1,1,1,2,40,"post_fragmentation","chessboard",136,2123,43,23,1,337,390,1
2,114,50,0.5,0.1,0.15,0.1,1,1,2,40,"post_fragmentation","chessboard",136,2123,43,23,1,337,393,3
2,114,50,0.5,0.1,0.15,0.1,1,1,2,40,"post_fragmentation","chessboard",136,2123,43,23,1,337,407,1
2,114,50,0.5,0.1,0.15,0.1,1,1,2,40,"post_fragmentation","chessboard",136,2123,43,23,1,337,419,1
2,114,50,0.5,0.1,0.15,0.1,1,1,2,40,"post_fragmentation","chessboard",136,2123,43,23,1,337,432,1
2,114,50,0.5,0.1,0.15,0.1,1,1,2,40,"post_fragmentation","chessboard",136,2123,43,23,1,337,448,1
2,114,50,0.5,0.1,0.15,0.1,1,1,2,40,"post_fragmentation","chessboard",136,2123,43,23,1,337,460,3
2,114,50,0.5,0.1,0.15,0.1,1,1,2,40,"post_fragmentation","chessboard",136,2123,43,23,1,337,465,2
2,114,50,0.5,0.1,0.15,0.1,1,1,2,40,"post_fragmentation","chessboard",136,2123,43,23,1,337,481,1
2,114,50,0.5,0.1,0.15,0.1,1,1,2,40,"post_fragmentation","chessboard",136,2123,43,23,1,337,497,1
2,114,50,0.5,0.1,0.15,0.1,1,1,2,40,"post_fragmentation","chessboard",136,2123,43,23,1,337,515,2
2,114,50,0.5,0.1,0.15,0.1,1,1,2,40,"post_fragmentation","chessboard",137,2125,43,25,1,337,221,1
2,114,50,0.5,0.1,0.15,0.1,1,1,2,40,"post_fragmentation","chessboard",137,2125,43,25,1,337,323,1
2,114,50,0.5,0.1,0.15,0.1,1,1,2,40,"post_fragmentation","chessboard",137,2125,43,25,1,337,324,1
2,114,50,0.5,0.1,0.15,0.1,1,1,2,40,"post_fragmentation","chessboard",137,2125,43,25,1,337,332,1
2,114,50,0.5,0.1,0.15,0.1,1,1,2,40,"post_fragmentation","chessboard",137,2125,43,25,1,337,370,1
2,114,50,0.5,0.1,0.15,0.1,1,1,2,40,"post_fragmentation","chessboard",137,2125,43,25,1,337,371,1
2,114,50,0.5,0.1,0.15,0.1,1,1,2,40,"post_fragmentation","chessboard",137,2125,43,25,1,337,375,2
2,114,50,0.5,0.1,0.15,0.1,1,1,2,40,"post_fragmentation","chessboard",137,2125,43,25,1,337,379,1
2,114,50,0.5,0.1,0.15,0.1,1,1,2,40,"post_fragmentation","chessboard",137,2125,43,25,1,337,384,1
2,114,50,0.5,0.1,0.15,0.1,1,1,2,40,"post_fragmentation","chessboard",137,2125,43,25,1,337,398,2
2,114,50,0.5,0.1,0.15,0.1,1,1,2,40,"post_fragmentation","chessboard",137,2125,43,25,1,337,407,2
2,114,50,0.5,0.1,0.15,0.1,1,1,2,40,"post_fragmentation","chessboard",137,2125,43,25,1,337,415,2
2,114,50,0.5,0.1,0.15,0.1,1,1,2,40,"post_fragmentation","chessboard",137,2125,43,25,1,337,416,4
2,114,50,0.5,0.1,0.15,0.1,1,1,2,40,"post_fragmentation","chessboard",137,2125,43,25,1,337,419,1
2,114,50,0.5,0.1,0.15,0.1,1,1,2,40,"post_fragmentation","chessboard",137,2125,43,25,1,337,421,3
2,114,50,0.5,0.1,0.15,0.1,1,1,2,40,"post_fragmentation","chessboard",137,2125,43,25,1,337,432,3
2,114,50,0.5,0.1,0.15,0.1,1,1,2,40,"post_fragmentation","chessboard",137,2125,43,25,1,337,448,1
2,114,50,0.5,0.1,0.15,0.1,1,1,2,40,"post_fragmentation","chessboard",137,2125,43,25,1,337,453,2
2,114,50,0.5,0.1,0.15,0.1,1,1,2,40,"post_fragmentation","chessboard",137,2125,43,25,1,337,458,2
2,114,50,0.5,0.1,0.15,0.1,1,1,2,40,"post_fragmentation","chessboard",137,2125,43,25,1,337,460,5
2,114,50,0.5,0.1,0.15,0.1,1,1,2,40,"post_fragmentation","chessboard",137,2125,43,25,1,337,464,1
2,114,50,0.5,0.1,0.15,0.1,1,1,2,40,"post_fragmentation","chessboard",137,2125,43,25,1,337,503,1
2,114,50,0.5,0.1,0.15,0.1,1,1,2,40,"post_fragmentation","chessboard",137,2125,43,25,1,337,515,1
2,114,50,0.5,0.1,0.15,0.1,1,1,2,40,"post_fragmentation","chessboard",137,2125,43,25,1,337,539,1
2,114,50,0.5,0.1,0.15,0.1,1,1,2,40,"post_fragmentation","chessboard",137,2125,43,25,1,337,550,1
2,114,50,0.5,0.1,0.15,0.1,1,1,2,40,"post_fragmentation","chessboard",138,2127,43,27,1,337,332,2
2,114,50,0.5,0.1,0.15,0.1,1,1,2,40,"post_fragmentation","chessboard",138,2127,43,27,1,337,338,2
2,114,50,0.5,0.1,0.15,0.1,1,1,2,40,"post_fragmentation","chessboard",138,2127,43,27,1,337,371,2
2,114,50,0.5,0.1,0.15,0.1,1,1,2,40,"post_fragmentation","chessboard",138,2127,43,27,1,337,375,4
2,114,50,0.5,0.1,0.15,0.1,1,1,2,40,"post_fragmentation","chessboard",138,2127,43,27,1,337,379,2
2,114,50,0.5,0.1,0.15,0.1,1,1,2,40,"post_fragmentation","chessboard",138,2127,43,27,1,337,382,9
2,114,50,0.5,0.1,0.15,0.1,1,1,2,40,"post_fragmentation","chessboard",138,2127,43,27,1,337,384,2
2,114,50,0.5,0.1,0.15,0.1,1,1,2,40,"post_fragmentation","chessboard",138,2127,43,27,1,337,386,5
2,114,50,0.5,0.1,0.15,0.1,1,1,2,40,"post_fragmentation","chessboard",138,2127,43,27,1,337,388,1
2,114,50,0.5,0.1,0.15,0.1,1,1,2,40,"post_fragmentation","chessboard",138,2127,43,27,1,337,391,1
2,114,50,0.5,0.1,0.15,0.1,1,1,2,40,"post_fragmentation","chessboard",138,2127,43,27,1,337,415,1
2,114,50,0.5,0.1,0.15,0.1,1,1,2,40,"post_fragmentation","chessboard",138,2127,43,27,1,337,426,1
2,114,50,0.5,0.1,0.15,0.1,1,1,2,40,"post_fragmentation","chessboard",138,2127,43,27,1,337,437,1
2,114,50,0.5,0.1,0.15,0.1,1,1,2,40,"post_fragmentation","chessboard",138,2127,43,27,1,337,458,1
2,114,50,0.5,0.1,0.15,0.1,1,1,2,40,"post_fragmentation","chessboard",138,2127,43,27,1,337,460,1
2,114,50,0.5,0.1,0.15,0.1,1,1,2,40,"post_fragmentation","chessboard",138,2127,43,27,1,337,481,5
2,114,50,0.5,0.1,0.15,0.1,1,1,2,40,"post_fragmentation","chessboard",138,2127,43,27,1,337,484,1
2,114,50,0.5,0.1,0.15,0.1,1,1,2,40,"post_fragmentation","chessboard",139,2129,43,29,1,337,279,2
2,114,50,0.5,0.1,0.15,0.1,1,1,2,40,"post_fragmentation","chessboard",139,2129,43,29,1,337,288,1
2,114,50,0.5,0.1,0.15,0.1,1,1,2,40,"post_fragmentation","chessboard",139,2129,43,29,1,337,309,3
2,114,50,0.5,0.1,0.15,0.1,1,1,2,40,"post_fragmentation","chessboard",139,2129,43,29,1,337,322,3
2,114,50,0.5,0.1,0.15,0.1,1,1,2,40,"post_fragmentation","chessboard",139,2129,43,29,1,337,323,1
2,114,50,0.5,0.1,0.15,0.1,1,1,2,40,"post_fragmentation","chessboard",139,2129,43,29,1,337,332,1
2,114,50,0.5,0.1,0.15,0.1,1,1,2,40,"post_fragmentation","chessboard",139,2129,43,29,1,337,338,3
2,114,50,0.5,0.1,0.15,0.1,1,1,2,40,"post_fragmentation","chessboard",139,2129,43,29,1,337,341,2
2,114,50,0.5,0.1,0.15,0.1,1,1,2,40,"post_fragmentation","chessboard",139,2129,43,29,1,337,361,1
2,114,50,0.5,0.1,0.15,0.1,1,1,2,40,"post_fragmentation","chessboard",139,2129,43,29,1,337,365,1
2,114,50,0.5,0.1,0.15,0.1,1,1,2,40,"post_fragmentation","chessboard",139,2129,43,29,1,337,367,1
2,114,50,0.5,0.1,0.15,0.1,1,1,2,40,"post_fragmentation","chessboard",139,2129,43,29,1,337,375,5
2,114,50,0.5,0.1,0.15,0.1,1,1,2,40,"post_fragmentation","chessboard",139,2129,43,29,1,337,379,2
2,114,50,0.5,0.1,0.15,0.1,1,1,2,40,"post_fragmentation","chessboard",139,2129,43,29,1,337,384,1
2,114,50,0.5,0.1,0.15,0.1,1,1,2,40,"post_fragmentation","chessboard",139,2129,43,29,1,337,419,3
2,114,50,0.5,0.1,0.15,0.1,1,1,2,40,"post_fragmentation","chessboard",139,2129,43,29,1,337,422,3
2,114,50,0.5,0.1,0.15,0.1,1,1,2,40,"post_fragmentation","chessboard",139,2129,43,29,1,337,479,1
2,114,50,0.5,0.1,0.15,0.1,1,1,2,40,"post_fragmentation","chessboard",139,2129,43,29,1,337,493,1
2,114,50,0.5,0.1,0.15,0.1,1,1,2,40,"post_fragmentation","chessboard",139,2129,43,29,1,337,539,1
2,114,50,0.5,0.1,0.15,0.1,1,1,2,40,"post_fragmentation","chessboard",140,2135,43,35,1,337,332,1
2,114,50,0.5,0.1,0.15,0.1,1,1,2,40,"post_fragmentation","chessboard",140,2135,43,35,1,337,338,4
2,114,50,0.5,0.1,0.15,0.1,1,1,2,40,"post_fragmentation","chessboard",140,2135,43,35,1,337,342,3
2,114,50,0.5,0.1,0.15,0.1,1,1,2,40,"post_fragmentation","chessboard",140,2135,43,35,1,337,354,1
2,114,50,0.5,0.1,0.15,0.1,1,1,2,40,"post_fragmentation","chessboard",140,2135,43,35,1,337,367,1
2,114,50,0.5,0.1,0.15,0.1,1,1,2,40,"post_fragmentation","chessboard",140,2135,43,35,1,337,368,2
2,114,50,0.5,0.1,0.15,0.1,1,1,2,40,"post_fragmentation","chessboard",140,2135,43,35,1,337,375,1
2,114,50,0.5,0.1,0.15,0.1,1,1,2,40,"post_fragmentation","chessboard",140,2135,43,35,1,337,385,2
2,114,50,0.5,0.1,0.15,0.1,1,1,2,40,"post_fragmentation","chessboard",140,2135,43,35,1,337,388,1
2,114,50,0.5,0.1,0.15,0.1,1,1,2,40,"post_fragmentation","chessboard",140,2135,43,35,1,337,419,2
2,114,50,0.5,0.1,0.15,0.1,1,1,2,40,"post_fragmentation","chessboard",140,2135,43,35,1,337,421,1
2,114,50,0.5,0.1,0.15,0.1,1,1,2,40,"post_fragmentation","chessboard",140,2135,43,35,1,337,435,1
2,114,50,0.5,0.1,0.15,0.1,1,1,2,40,"post_fragmentation","chessboard",140,2135,43,35,1,337,437,1
2,114,50,0.5,0.1,0.15,0.1,1,1,2,40,"post_fragmentation","chessboard",140,2135,43,35,1,337,448,1
2,114,50,0.5,0.1,0.15,0.1,1,1,2,40,"post_fragmentation","chessboard",140,2135,43,35,1,337,453,1
2,114,50,0.5,0.1,0.15,0.1,1,1,2,40,"post_fragmentation","chessboard",140,2135,43,35,1,337,460,1
2,114,50,0.5,0.1,0.15,0.1,1,1,2,40,"post_fragmentation","chessboard",140,2135,43,35,1,337,463,2
2,114,50,0.5,0.1,0.15,0.1,1,1,2,40,"post_fragmentation","chessboard",140,2135,43,35,1,337,465,1
2,114,50,0.5,0.1,0.15,0.1,1,1,2,40,"post_fragmentation","chessboard",140,2135,43,35,1,337,493,1
2,114,50,0.5,0.1,0.15,0.1,1,1,2,40,"post_fragmentation","chessboard",140,2135,43,35,1,337,497,2
2,114,50,0.5,0.1,0.15,0.1,1,1,2,40,"post_fragmentation","chessboard",140,2135,43,35,1,337,498,1
2,114,50,0.5,0.1,0.15,0.1,1,1,2,40,"post_fragmentation","chessboard",140,2135,43,35,1,337,500,1
2,114,50,0.5,0.1,0.15,0.1,1,1,2,40,"post_fragmentation","chessboard",141,2168,44,18,1,337,394,4
2,114,50,0.5,0.1,0.15,0.1,1,1,2,40,"post_fragmentation","chessboard",141,2168,44,18,1,337,395,1
2,114,50,0.5,0.1,0.15,0.1,1,1,2,40,"post_fragmentation","chessboard",141,2168,44,18,1,337,416,1
2,114,50,0.5,0.1,0.15,0.1,1,1,2,40,"post_fragmentation","chessboard",141,2168,44,18,1,337,419,2
2,114,50,0.5,0.1,0.15,0.1,1,1,2,40,"post_fragmentation","chessboard",141,2168,44,18,1,337,421,1
2,114,50,0.5,0.1,0.15,0.1,1,1,2,40,"post_fragmentation","chessboard",141,2168,44,18,1,337,430,1
2,114,50,0.5,0.1,0.15,0.1,1,1,2,40,"post_fragmentation","chessboard",141,2168,44,18,1,337,432,1
2,114,50,0.5,0.1,0.15,0.1,1,1,2,40,"post_fragmentation","chessboard",141,2168,44,18,1,337,437,1
2,114,50,0.5,0.1,0.15,0.1,1,1,2,40,"post_fragmentation","chessboard",141,2168,44,18,1,337,446,3
2,114,50,0.5,0.1,0.15,0.1,1,1,2,40,"post_fragmentation","chessboard",141,2168,44,18,1,337,458,1
2,114,50,0.5,0.1,0.15,0.1,1,1,2,40,"post_fragmentation","chessboard",141,2168,44,18,1,337,460,3
2,114,50,0.5,0.1,0.15,0.1,1,1,2,40,"post_fragmentation","chessboard",141,2168,44,18,1,337,461,2
2,114,50,0.5,0.1,0.15,0.1,1,1,2,40,"post_fragmentation","chessboard",141,2168,44,18,1,337,476,1
2,114,50,0.5,0.1,0.15,0.1,1,1,2,40,"post_fragmentation","chessboard",141,2168,44,18,1,337,481,2
2,114,50,0.5,0.1,0.15,0.1,1,1,2,40,"post_fragmentation","chessboard",141,2168,44,18,1,337,497,1
2,114,50,0.5,0.1,0.15,0.1,1,1,2,40,"post_fragmentation","chessboard",141,2168,44,18,1,337,515,8
2,114,50,0.5,0.1,0.15,0.1,1,1,2,40,"post_fragmentation","chessboard",141,2168,44,18,1,337,520,1
2,114,50,0.5,0.1,0.15,0.1,1,1,2,40,"post_fragmentation","chessboard",141,2168,44,18,1,337,526,3
2,114,50,0.5,0.1,0.15,0.1,1,1,2,40,"post_fragmentation","chessboard",141,2168,44,18,1,337,553,1
2,114,50,0.5,0.1,0.15,0.1,1,1,2,40,"post_fragmentation","chessboard",142,2170,44,20,1,337,287,1
2,114,50,0.5,0.1,0.15,0.1,1,1,2,40,"post_fragmentation","chessboard",142,2170,44,20,1,337,324,1
2,114,50,0.5,0.1,0.15,0.1,1,1,2,40,"post_fragmentation","chessboard",142,2170,44,20,1,337,325,3
2,114,50,0.5,0.1,0.15,0.1,1,1,2,40,"post_fragmentation","chessboard",142,2170,44,20,1,337,350,1
2,114,50,0.5,0.1,0.15,0.1,1,1,2,40,"post_fragmentation","chessboard",142,2170,44,20,1,337,359,3
2,114,50,0.5,0.1,0.15,0.1,1,1,2,40,"post_fragmentation","chessboard",142,2170,44,20,1,337,381,1
2,114,50,0.5,0.1,0.15,0.1,1,1,2,40,"post_fragmentation","chessboard",142,2170,44,20,1,337,395,1
2,114,50,0.5,0.1,0.15,0.1,1,1,2,40,"post_fragmentation","chessboard",142,2170,44,20,1,337,407,1
2,114,50,0.5,0.1,0.15,0.1,1,1,2,40,"post_fragmentation","chessboard",142,2170,44,20,1,337,415,2
2,114,50,0.5,0.1,0.15,0.1,1,1,2,40,"post_fragmentation","chessboard",142,2170,44,20,1,337,416,1
2,114,50,0.5,0.1,0.15,0.1,1,1,2,40,"post_fragmentation","chessboard",142,2170,44,20,1,337,421,1
2,114,50,0.5,0.1,0.15,0.1,1,1,2,40,"post_fragmentation","chessboard",142,2170,44,20,1,337,427,1
2,114,50,0.5,0.1,0.15,0.1,1,1,2,40,"post_fragmentation","chessboard",142,2170,44,20,1,337,432,1
2,114,50,0.5,0.1,0.15,0.1,1,1,2,40,"post_fragmentation","chessboard",142,2170,44,20,1,337,476,1
2,114,50,0.5,0.1,0.15,0.1,1,1,2,40,"post_fragmentation","chessboard",142,2170,44,20,1,337,481,1
2,114,50,0.5,0.1,0.15,0.1,1,1,2,40,"post_fragmentation","chessboard",142,2170,44,20,1,337,526,1
2,114,50,0.5,0.1,0.15,0.1,1,1,2,40,"post_fragmentation","chessboard",143,2172,44,22,1,337,448,1
2,114,50,0.5,0.1,0.15,0.1,1,1,2,40,"post_fragmentation","chessboard",143,2172,44,22,1,337,458,1
2,114,50,0.5,0.1,0.15,0.1,1,1,2,40,"post_fragmentation","chessboard",143,2172,44,22,1,337,460,6
2,114,50,0.5,0.1,0.15,0.1,1,1,2,40,"post_fragmentation","chessboard",143,2172,44,22,1,337,477,2
2,114,50,0.5,0.1,0.15,0.1,1,1,2,40,"post_fragmentation","chessboard",143,2172,44,22,1,337,481,6
2,114,50,0.5,0.1,0.15,0.1,1,1,2,40,"post_fragmentation","chessboard",143,2172,44,22,1,337,491,1
2,114,50,0.5,0.1,0.15,0.1,1,1,2,40,"post_fragmentation","chessboard",143,2172,44,22,1,337,515,1
2,114,50,0.5,0.1,0.15,0.1,1,1,2,40,"post_fragmentation","chessboard",143,2172,44,22,1,337,520,1
2,114,50,0.5,0.1,0.15,0.1,1,1,2,40,"post_fragmentation","chessboard",143,2172,44,22,1,337,526,1
2,114,50,0.5,0.1,0.15,0.1,1,1,2,40,"post_fragmentation","chessboard",143,2172,44,22,1,337,537,1
2,114,50,0.5,0.1,0.15,0.1,1,1,2,40,"post_fragmentation","chessboard",143,2172,44,22,1,337,542,1
2,114,50,0.5,0.1,0.15,0.1,1,1,2,40,"post_fragmentation","chessboard",143,2172,44,22,1,337,570,2
2,114,50,0.5,0.1,0.15,0.1,1,1,2,40,"post_fragmentation","chessboard",143,2172,44,22,1,337,576,5
2,114,50,0.5,0.1,0.15,0.1,1,1,2,40,"post_fragmentation","chessboard",143,2172,44,22,1,337,630,1
2,114,50,0.5,0.1,0.15,0.1,1,1,2,40,"post_fragmentation","chessboard",144,2174,44,24,1,337,322,2
2,114,50,0.5,0.1,0.15,0.1,1,1,2,40,"post_fragmentation","chessboard",144,2174,44,24,1,337,328,1
2,114,50,0.5,0.1,0.15,0.1,1,1,2,40,"post_fragmentation","chessboard",144,2174,44,24,1,337,361,1
2,114,50,0.5,0.1,0.15,0.1,1,1,2,40,"post_fragmentation","chessboard",144,2174,44,24,1,337,371,1
2,114,50,0.5,0.1,0.15,0.1,1,1,2,40,"post_fragmentation","chessboard",144,2174,44,24,1,337,379,1
2,114,50,0.5,0.1,0.15,0.1,1,1,2,40,"post_fragmentation","chessboard",144,2174,44,24,1,337,384,1
2,114,50,0.5,0.1,0.15,0.1,1,1,2,40,"post_fragmentation","chessboard",144,2174,44,24,1,337,388,1
2,114,50,0.5,0.1,0.15,0.1,1,1,2,40,"post_fragmentation","chessboard",144,2174,44,24,1,337,393,1
2,114,50,0.5,0.1,0.15,0.1,1,1,2,40,"post_fragmentation","chessboard",144,2174,44,24,1,337,395,1
2,114,50,0.5,0.1,0.15,0.1,1,1,2,40,"post_fragmentation","chessboard",144,2174,44,24,1,337,414,1
2,114,50,0.5,0.1,0.15,0.1,1,1,2,40,"post_fragmentation","chessboard",144,2174,44,24,1,337,419,3
2,114,50,0.5,0.1,0.15,0.1,1,1,2,40,"post_fragmentation","chessboard",144,2174,44,24,1,337,421,1
2,114,50,0.5,0.1,0.15,0.1,1,1,2,40,"post_fragmentation","chessboard",144,2174,44,24,1,337,429,1
2,114,50,0.5,0.1,0.15,0.1,1,1,2,40,"post_fragmentation","chessboard",144,2174,44,24,1,337,432,4
2,114,50,0.5,0.1,0.15,0.1,1,1,2,40,"post_fragmentation","chessboard",144,2174,44,24,1,337,453,1
2,114,50,0.5,0.1,0.15,0.1,1,1,2,40,"post_fragmentation","chessboard",144,2174,44,24,1,337,458,1
2,114,50,0.5,0.1,0.15,0.1,1,1,2,40,"post_fragmentation","chessboard",144,2174,44,24,1,337,460,7
2,114,50,0.5,0.1,0.15,0.1,1,1,2,40,"post_fragmentation","chessboard",144,2174,44,24,1,337,465,1
2,114,50,0.5,0.1,0.15,0.1,1,1,2,40,"post_fragmentation","chessboard",144,2174,44,24,1,337,476,1
2,114,50,0.5,0.1,0.15,0.1,1,1,2,40,"post_fragmentation","chessboard",144,2174,44,24,1,337,479,1
2,114,50,0.5,0.1,0.15,0.1,1,1,2,40,"post_fragmentation","chessboard",144,2174,44,24,1,337,480,1
2,114,50,0.5,0.1,0.15,0.1,1,1,2,40,"post_fragmentation","chessboard",144,2174,44,24,1,337,481,2
2,114,50,0.5,0.1,0.15,0.1,1,1,2,40,"post_fragmentation","chessboard",144,2174,44,24,1,337,542,1
2,114,50,0.5,0.1,0.15,0.1,1,1,2,40,"post_fragmentation","chessboard",144,2174,44,24,1,337,576,1
2,114,50,0.5,0.1,0.15,0.1,1,1,2,40,"post_fragmentation","chessboard",145,2176,44,26,1,337,325,3
2,114,50,0.5,0.1,0.15,0.1,1,1,2,40,"post_fragmentation","chessboard",145,2176,44,26,1,337,338,1
2,114,50,0.5,0.1,0.15,0.1,1,1,2,40,"post_fragmentation","chessboard",145,2176,44,26,1,337,341,1
2,114,50,0.5,0.1,0.15,0.1,1,1,2,40,"post_fragmentation","chessboard",145,2176,44,26,1,337,354,1
2,114,50,0.5,0.1,0.15,0.1,1,1,2,40,"post_fragmentation","chessboard",145,2176,44,26,1,337,379,1
2,114,50,0.5,0.1,0.15,0.1,1,1,2,40,"post_fragmentation","chessboard",145,2176,44,26,1,337,398,1
2,114,50,0.5,0.1,0.15,0.1,1,1,2,40,"post_fragmentation","chessboard",145,2176,44,26,1,337,407,1
2,114,50,0.5,0.1,0.15,0.1,1,1,2,40,"post_fragmentation","chessboard",145,2176,44,26,1,337,415,2
2,114,50,0.5,0.1,0.15,0.1,1,1,2,40,"post_fragmentation","chessboard",145,2176,44,26,1,337,419,1
2,114,50,0.5,0.1,0.15,0.1,1,1,2,40,"post_fragmentation","chessboard",145,2176,44,26,1,337,460,1
2,114,50,0.5,0.1,0.15,0.1,1,1,2,40,"post_fragmentation","chessboard",145,2176,44,26,1,337,481,2
2,114,50,0.5,0.1,0.15,0.1,1,1,2,40,"post_fragmentation","chessboard",145,2176,44,26,1,337,503,1
2,114,50,0.5,0.1,0.15,0.1,1,1,2,40,"post_fragmentation","chessboard",146,2178,44,28,1,337,288,1
2,114,50,0.5,0.1,0.15,0.1,1,1,2,40,"post_fragmentation","chessboard",146,2178,44,28,1,337,309,1
2,114,50,0.5,0.1,0.15,0.1,1,1,2,40,"post_fragmentation","chessboard",146,2178,44,28,1,337,338,4
2,114,50,0.5,0.1,0.15,0.1,1,1,2,40,"post_fragmentation","chessboard",146,2178,44,28,1,337,342,2
2,114,50,0.5,0.1,0.15,0.1,1,1,2,40,"post_fragmentation","chessboard",146,2178,44,28,1,337,351,1
2,114,50,0.5,0.1,0.15,0.1,1,1,2,40,"post_fragmentation","chessboard",146,2178,44,28,1,337,367,3
2,114,50,0.5,0.1,0.15,0.1,1,1,2,40,"post_fragmentation","chessboard",146,2178,44,28,1,337,375,1
2,114,50,0.5,0.1,0.15,0.1,1,1,2,40,"post_fragmentation","chessboard",146,2178,44,28,1,337,379,1
2,114,50,0.5,0.1,0.15,0.1,1,1,2,40,"post_fragmentation","chessboard",146,2178,44,28,1,337,382,1
2,114,50,0.5,0.1,0.15,0.1,1,1,2,40,"post_fragmentation","chessboard",146,2178,44,28,1,337,384,1
2,114,50,0.5,0.1,0.15,0.1,1,1,2,40,"post_fragmentation","chessboard",146,2178,44,28,1,337,385,1
2,114,50,0.5,0.1,0.15,0.1,1,1,2,40,"post_fragmentation","chessboard",146,2178,44,28,1,337,388,2
2,114,50,0.5,0.1,0.15,0.1,1,1,2,40,"post_fragmentation","chessboard",146,2178,44,28,1,337,407,1
2,114,50,0.5,0.1,0.15,0.1,1,1,2,40,"post_fragmentation","chessboard",146,2178,44,28,1,337,431,1
2,114,50,0.5,0.1,0.15,0.1,1,1,2,40,"post_fragmentation","chessboard",146,2178,44,28,1,337,432,2
2,114,50,0.5,0.1,0.15,0.1,1,1,2,40,"post_fragmentation","chessboard",146,2178,44,28,1,337,434,1
2,114,50,0.5,0.1,0.15,0.1,1,1,2,40,"post_fragmentation","chessboard",146,2178,44,28,1,337,441,2
2,114,50,0.5,0.1,0.15,0.1,1,1,2,40,"post_fragmentation","chessboard",146,2178,44,28,1,337,448,1
2,114,50,0.5,0.1,0.15,0.1,1,1,2,40,"post_fragmentation","chessboard",146,2178,44,28,1,337,460,2
2,114,50,0.5,0.1,0.15,0.1,1,1,2,40,"post_fragmentation","chessboard",146,2178,44,28,1,337,465,1
2,114,50,0.5,0.1,0.15,0.1,1,1,2,40,"post_fragmentation","chessboard",146,2178,44,28,1,337,481,3
2,114,50,0.5,0.1,0.15,0.1,1,1,2,40,"post_fragmentation","chessboard",146,2178,44,28,1,337,491,1
2,114,50,0.5,0.1,0.15,0.1,1,1,2,40,"post_fragmentation","chessboard",146,2178,44,28,1,337,497,1
2,114,50,0.5,0.1,0.15,0.1,1,1,2,40,"post_fragmentation","chessboard",146,2178,44,28,1,337,539,1
2,114,50,0.5,0.1,0.15,0.1,1,1,2,40,"post_fragmentation","chessboard",147,2180,44,30,1,337,290,1
2,114,50,0.5,0.1,0.15,0.1,1,1,2,40,"post_fragmentation","chessboard",147,2180,44,30,1,337,329,1
2,114,50,0.5,0.1,0.15,0.1,1,1,2,40,"post_fragmentation","chessboard",147,2180,44,30,1,337,332,1
2,114,50,0.5,0.1,0.15,0.1,1,1,2,40,"post_fragmentation","chessboard",147,2180,44,30,1,337,338,1
2,114,50,0.5,0.1,0.15,0.1,1,1,2,40,"post_fragmentation","chessboard",147,2180,44,30,1,337,351,1
2,114,50,0.5,0.1,0.15,0.1,1,1,2,40,"post_fragmentation","chessboard",147,2180,44,30,1,337,360,1
2,114,50,0.5,0.1,0.15,0.1,1,1,2,40,"post_fragmentation","chessboard",147,2180,44,30,1,337,363,2
2,114,50,0.5,0.1,0.15,0.1,1,1,2,40,"post_fragmentation","chessboard",147,2180,44,30,1,337,367,1
2,114,50,0.5,0.1,0.15,0.1,1,1,2,40,"post_fragmentation","chessboard",147,2180,44,30,1,337,379,1
2,114,50,0.5,0.1,0.15,0.1,1,1,2,40,"post_fragmentation","chessboard",147,2180,44,30,1,337,382,5
2,114,50,0.5,0.1,0.15,0.1,1,1,2,40,"post_fragmentation","chessboard",147,2180,44,30,1,337,384,2
2,114,50,0.5,0.1,0.15,0.1,1,1,2,40,"post_fragmentation","chessboard",147,2180,44,30,1,337,386,1
2,114,50,0.5,0.1,0.15,0.1,1,1,2,40,"post_fragmentation","chessboard",147,2180,44,30,1,337,388,1
2,114,50,0.5,0.1,0.15,0.1,1,1,2,40,"post_fragmentation","chessboard",147,2180,44,30,1,337,392,1
2,114,50,0.5,0.1,0.15,0.1,1,1,2,40,"post_fragmentation","chessboard",147,2180,44,30,1,337,398,2
2,114,50,0.5,0.1,0.15,0.1,1,1,2,40,"post_fragmentation","chessboard",147,2180,44,30,1,337,419,1
2,114,50,0.5,0.1,0.15,0.1,1,1,2,40,"post_fragmentation","chessboard",147,2180,44,30,1,337,431,1
2,114,50,0.5,0.1,0.15,0.1,1,1,2,40,"post_fragmentation","chessboard",147,2180,44,30,1,337,445,1
2,114,50,0.5,0.1,0.15,0.1,1,1,2,40,"post_fragmentation","chessboard",147,2180,44,30,1,337,453,1
2,114,50,0.5,0.1,0.15,0.1,1,1,2,40,"post_fragmentation","chessboard",147,2180,44,30,1,337,460,1
2,114,50,0.5,0.1,0.15,0.1,1,1,2,40,"post_fragmentation","chessboard",147,2180,44,30,1,337,465,2
2,114,50,0.5,0.1,0.15,0.1,1,1,2,40,"post_fragmentation","chessboard",147,2180,44,30,1,337,481,2
2,114,50,0.5,0.1,0.15,0.1,1,1,2,40,"post_fragmentation","chessboard",147,2180,44,30,1,337,527,2
2,114,50,0.5,0.1,0.15,0.1,1,1,2,40,"post_fragmentation","chessboard",148,2219,45,19,1,337,394,1
2,114,50,0.5,0.1,0.15,0.1,1,1,2,40,"post_fragmentation","chessboard",148,2219,45,19,1,337,419,3
2,114,50,0.5,0.1,0.15,0.1,1,1,2,40,"post_fragmentation","chessboard",148,2219,45,19,1,337,426,1
2,114,50,0.5,0.1,0.15,0.1,1,1,2,40,"post_fragmentation","chessboard",148,2219,45,19,1,337,432,1
2,114,50,0.5,0.1,0.15,0.1,1,1,2,40,"post_fragmentation","chessboard",148,2219,45,19,1,337,446,1
2,114,50,0.5,0.1,0.15,0.1,1,1,2,40,"post_fragmentation","chessboard",148,2219,45,19,1,337,448,1
2,114,50,0.5,0.1,0.15,0.1,1,1,2,40,"post_fragmentation","chessboard",148,2219,45,19,1,337,460,4
2,114,50,0.5,0.1,0.15,0.1,1,1,2,40,"post_fragmentation","chessboard",148,2219,45,19,1,337,476,1
2,114,50,0.5,0.1,0.15,0.1,1,1,2,40,"post_fragmentation","chessboard",148,2219,45,19,1,337,480,1
2,114,50,0.5,0.1,0.15,0.1,1,1,2,40,"post_fragmentation","chessboard",148,2219,45,19,1,337,481,6
2,114,50,0.5,0.1,0.15,0.1,1,1,2,40,"post_fragmentation","chessboard",148,2219,45,19,1,337,491,3
2,114,50,0.5,0.1,0.15,0.1,1,1,2,40,"post_fragmentation","chessboard",148,2219,45,19,1,337,515,6
2,114,50,0.5,0.1,0.15,0.1,1,1,2,40,"post_fragmentation","chessboard",148,2219,45,19,1,337,518,1
2,114,50,0.5,0.1,0.15,0.1,1,1,2,40,"post_fragmentation","chessboard",148,2219,45,19,1,337,526,1
2,114,50,0.5,0.1,0.15,0.1,1,1,2,40,"post_fragmentation","chessboard",148,2219,45,19,1,337,527,1
2,114,50,0.5,0.1,0.15,0.1,1,1,2,40,"post_fragmentation","chessboard",148,2219,45,19,1,337,553,3
2,114,50,0.5,0.1,0.15,0.1,1,1,2,40,"post_fragmentation","chessboard",148,2219,45,19,1,337,570,1
2,114,50,0.5,0.1,0.15,0.1,1,1,2,40,"post_fragmentation","chessboard",148,2219,45,19,1,337,575,1
2,114,50,0.5,0.1,0.15,0.1,1,1,2,40,"post_fragmentation","chessboard",148,2219,45,19,1,337,580,1
2,114,50,0.5,0.1,0.15,0.1,1,1,2,40,"post_fragmentation","chessboard",149,2221,45,21,1,337,337,1
2,114,50,0.5,0.1,0.15,0.1,1,1,2,40,"post_fragmentation","chessboard",149,2221,45,21,1,337,359,1
2,114,50,0.5,0.1,0.15,0.1,1,1,2,40,"post_fragmentation","chessboard",149,2221,45,21,1,337,407,1
2,114,50,0.5,0.1,0.15,0.1,1,1,2,40,"post_fragmentation","chessboard",149,2221,45,21,1,337,432,1
2,114,50,0.5,0.1,0.15,0.1,1,1,2,40,"post_fragmentation","chessboard",149,2221,45,21,1,337,446,2
2,114,50,0.5,0.1,0.15,0.1,1,1,2,40,"post_fragmentation","chessboard",149,2221,45,21,1,337,448,1
2,114,50,0.5,0.1,0.15,0.1,1,1,2,40,"post_fragmentation","chessboard",149,2221,45,21,1,337,456,2
2,114,50,0.5,0.1,0.15,0.1,1,1,2,40,"post_fragmentation","chessboard",149,2221,45,21,1,337,458,2
2,114,50,0.5,0.1,0.15,0.1,1,1,2,40,"post_fragmentation","chessboard",149,2221,45,21,1,337,460,8
2,114,50,0.5,0.1,0.15,0.1,1,1,2,40,"post_fragmentation","chessboard",149,2221,45,21,1,337,481,9
2,114,50,0.5,0.1,0.15,0.1,1,1,2,40,"post_fragmentation","chessboard",149,2221,45,21,1,337,503,1
2,114,50,0.5,0.1,0.15,0.1,1,1,2,40,"post_fragmentation","chessboard",149,2221,45,21,1,337,515,4
2,114,50,0.5,0.1,0.15,0.1,1,1,2,40,"post_fragmentation","chessboard",149,2221,45,21,1,337,526,3
2,114,50,0.5,0.1,0.15,0.1,1,1,2,40,"post_fragmentation","chessboard",149,2221,45,21,1,337,570,1
2,114,50,0.5,0.1,0.15,0.1,1,1,2,40,"post_fragmentation","chessboard",149,2221,45,21,1,337,572,1
2,114,50,0.5,0.1,0.15,0.1,1,1,2,40,"post_fragmentation","chessboard",149,2221,45,21,1,337,576,1
2,114,50,0.5,0.1,0.15,0.1,1,1,2,40,"post_fragmentation","chessboard",150,2223,45,23,1,337,344,1
2,114,50,0.5,0.1,0.15,0.1,1,1,2,40,"post_fragmentation","chessboard",150,2223,45,23,1,337,350,2
2,114,50,0.5,0.1,0.15,0.1,1,1,2,40,"post_fragmentation","chessboard",150,2223,45,23,1,337,382,1
2,114,50,0.5,0.1,0.15,0.1,1,1,2,40,"post_fragmentation","chessboard",150,2223,45,23,1,337,388,3
2,114,50,0.5,0.1,0.15,0.1,1,1,2,40,"post_fragmentation","chessboard",150,2223,45,23,1,337,394,1
2,114,50,0.5,0.1,0.15,0.1,1,1,2,40,"post_fragmentation","chessboard",150,2223,45,23,1,337,407,1
2,114,50,0.5,0.1,0.15,0.1,1,1,2,40,"post_fragmentation","chessboard",150,2223,45,23,1,337,419,1
2,114,50,0.5,0.1,0.15,0.1,1,1,2,40,"post_fragmentation","chessboard",150,2223,45,23,1,337,432,3
2,114,50,0.5,0.1,0.15,0.1,1,1,2,40,"post_fragmentation","chessboard",150,2223,45,23,1,337,441,1
2,114,50,0.5,0.1,0.15,0.1,1,1,2,40,"post_fragmentation","chessboard",150,2223,45,23,1,337,448,1
2,114,50,0.5,0.1,0.15,0.1,1,1,2,40,"post_fragmentation","chessboard",150,2223,45,23,1,337,460,5
2,114,50,0.5,0.1,0.15,0.1,1,1,2,40,"post_fragmentation","chessboard",150,2223,45,23,1,337,480,2
2,114,50,0.5,0.1,0.15,0.1,1,1,2,40,"post_fragmentation","chessboard",150,2223,45,23,1,337,481,8
2,114,50,0.5,0.1,0.15,0.1,1,1,2,40,"post_fragmentation","chessboard",150,2223,45,23,1,337,484,1
2,114,50,0.5,0.1,0.15,0.1,1,1,2,40,"post_fragmentation","chessboard",150,2223,45,23,1,337,487,1
2,114,50,0.5,0.1,0.15,0.1,1,1,2,40,"post_fragmentation","chessboard",150,2223,45,23,1,337,491,1
2,114,50,0.5,0.1,0.15,0.1,1,1,2,40,"post_fragmentation","chessboard",150,2223,45,23,1,337,515,2
2,114,50,0.5,0.1,0.15,0.1,1,1,2,40,"post_fragmentation","chessboard",150,2223,45,23,1,337,519,1
2,114,50,0.5,0.1,0.15,0.1,1,1,2,40,"post_fragmentation","chessboard",150,2223,45,23,1,337,526,2
2,114,50,0.5,0.1,0.15,0.1,1,1,2,40,"post_fragmentation","chessboard",150,2223,45,23,1,337,537,1
2,114,50,0.5,0.1,0.15,0.1,1,1,2,40,"post_fragmentation","chessboard",151,2225,45,25,1,337,248,1
2,114,50,0.5,0.1,0.15,0.1,1,1,2,40,"post_fragmentation","chessboard",151,2225,45,25,1,337,322,1
2,114,50,0.5,0.1,0.15,0.1,1,1,2,40,"post_fragmentation","chessboard",151,2225,45,25,1,337,325,2
2,114,50,0.5,0.1,0.15,0.1,1,1,2,40,"post_fragmentation","chessboard",151,2225,45,25,1,337,337,1
2,114,50,0.5,0.1,0.15,0.1,1,1,2,40,"post_fragmentation","chessboard",151,2225,45,25,1,337,342,1
2,114,50,0.5,0.1,0.15,0.1,1,1,2,40,"post_fragmentation","chessboard",151,2225,45,25,1,337,368,2
2,114,50,0.5,0.1,0.15,0.1,1,1,2,40,"post_fragmentation","chessboard",151,2225,45,25,1,337,371,3
2,114,50,0.5,0.1,0.15,0.1,1,1,2,40,"post_fragmentation","chessboard",151,2225,45,25,1,337,375,2
2,114,50,0.5,0.1,0.15,0.1,1,1,2,40,"post_fragmentation","chessboard",151,2225,45,25,1,337,379,1
2,114,50,0.5,0.1,0.15,0.1,1,1,2,40,"post_fragmentation","chessboard",151,2225,45,25,1,337,382,1
2,114,50,0.5,0.1,0.15,0.1,1,1,2,40,"post_fragmentation","chessboard",151,2225,45,25,1,337,392,1
2,114,50,0.5,0.1,0.15,0.1,1,1,2,40,"post_fragmentation","chessboard",151,2225,45,25,1,337,395,1
2,114,50,0.5,0.1,0.15,0.1,1,1,2,40,"post_fragmentation","chessboard",151,2225,45,25,1,337,396,1
2,114,50,0.5,0.1,0.15,0.1,1,1,2,40,"post_fragmentation","chessboard",151,2225,45,25,1,337,398,1
2,114,50,0.5,0.1,0.15,0.1,1,1,2,40,"post_fragmentation","chessboard",151,2225,45,25,1,337,432,2
2,114,50,0.5,0.1,0.15,0.1,1,1,2,40,"post_fragmentation","chessboard",151,2225,45,25,1,337,448,2
2,114,50,0.5,0.1,0.15,0.1,1,1,2,40,"post_fragmentation","chessboard",151,2225,45,25,1,337,465,1
2,114,50,0.5,0.1,0.15,0.1,1,1,2,40,"post_fragmentation","chessboard",151,2225,45,25,1,337,481,1
2,114,50,0.5,0.1,0.15,0.1,1,1,2,40,"post_fragmentation","chessboard",151,2225,45,25,1,337,487,1
2,114,50,0.5,0.1,0.15,0.1,1,1,2,40,"post_fragmentation","chessboard",152,2227,45,27,1,337,333,1
2,114,50,0.5,0.1,0.15,0.1,1,1,2,40,"post_fragmentation","chessboard",152,2227,45,27,1,337,353,1
2,114,50,0.5,0.1,0.15,0.1,1,1,2,40,"post_fragmentation","chessboard",152,2227,45,27,1,337,371,1
2,114,50,0.5,0.1,0.15,0.1,1,1,2,40,"post_fragmentation","chessboard",152,2227,45,27,1,337,375,2
2,114,50,0.5,0.1,0.15,0.1,1,1,2,40,"post_fragmentation","chessboard",152,2227,45,27,1,337,379,1
2,114,50,0.5,0.1,0.15,0.1,1,1,2,40,"post_fragmentation","chessboard",152,2227,45,27,1,337,384,1
2,114,50,0.5,0.1,0.15,0.1,1,1,2,40,"post_fragmentation","chessboard",152,2227,45,27,1,337,388,1
2,114,50,0.5,0.1,0.15,0.1,1,1,2,40,"post_fragmentation","chessboard",152,2227,45,27,1,337,389,1
2,114,50,0.5,0.1,0.15,0.1,1,1,2,40,"post_fragmentation","chessboard",152,2227,45,27,1,337,398,2
2,114,50,0.5,0.1,0.15,0.1,1,1,2,40,"post_fragmentation","chessboard",152,2227,45,27,1,337,419,2
2,114,50,0.5,0.1,0.15,0.1,1,1,2,40,"post_fragmentation","chessboard",152,2227,45,27,1,337,426,1
2,114,50,0.5,0.1,0.15,0.1,1,1,2,40,"post_fragmentation","chessboard",152,2227,45,27,1,337,441,1
2,114,50,0.5,0.1,0.15,0.1,1,1,2,40,"post_fragmentation","chessboard",152,2227,45,27,1,337,448,2
2,114,50,0.5,0.1,0.15,0.1,1,1,2,40,"post_fragmentation","chessboard",152,2227,45,27,1,337,453,2
2,114,50,0.5,0.1,0.15,0.1,1,1,2,40,"post_fragmentation","chessboard",152,2227,45,27,1,337,460,3
2,114,50,0.5,0.1,0.15,0.1,1,1,2,40,"post_fragmentation","chessboard",152,2227,45,27,1,337,481,6
2,114,50,0.5,0.1,0.15,0.1,1,1,2,40,"post_fragmentation","chessboard",152,2227,45,27,1,337,491,1
2,114,50,0.5,0.1,0.15,0.1,1,1,2,40,"post_fragmentation","chessboard",152,2227,45,27,1,337,493,1
2,114,50,0.5,0.1,0.15,0.1,1,1,2,40,"post_fragmentation","chessboard",152,2227,45,27,1,337,527,1
2,114,50,0.5,0.1,0.15,0.1,1,1,2,40,"post_fragmentation","chessboard",152,2227,45,27,1,337,537,1
2,114,50,0.5,0.1,0.15,0.1,1,1,2,40,"post_fragmentation","chessboard",152,2227,45,27,1,337,542,1
2,114,50,0.5,0.1,0.15,0.1,1,1,2,40,"post_fragmentation","chessboard",152,2227,45,27,1,337,553,1
2,114,50,0.5,0.1,0.15,0.1,1,1,2,40,"post_fragmentation","chessboard",152,2227,45,27,1,337,576,1
2,114,50,0.5,0.1,0.15,0.1,1,1,2,40,"post_fragmentation","chessboard",152,2227,45,27,1,337,580,1
2,114,50,0.5,0.1,0.15,0.1,1,1,2,40,"post_fragmentation","chessboard",153,2231,45,31,1,337,375,2
2,114,50,0.5,0.1,0.15,0.1,1,1,2,40,"post_fragmentation","chessboard",153,2231,45,31,1,337,382,1
2,114,50,0.5,0.1,0.15,0.1,1,1,2,40,"post_fragmentation","chessboard",153,2231,45,31,1,337,387,1
2,114,50,0.5,0.1,0.15,0.1,1,1,2,40,"post_fragmentation","chessboard",153,2231,45,31,1,337,388,2
2,114,50,0.5,0.1,0.15,0.1,1,1,2,40,"post_fragmentation","chessboard",153,2231,45,31,1,337,398,2
2,114,50,0.5,0.1,0.15,0.1,1,1,2,40,"post_fragmentation","chessboard",153,2231,45,31,1,337,419,2
2,114,50,0.5,0.1,0.15,0.1,1,1,2,40,"post_fragmentation","chessboard",153,2231,45,31,1,337,441,3
2,114,50,0.5,0.1,0.15,0.1,1,1,2,40,"post_fragmentation","chessboard",153,2231,45,31,1,337,445,1
2,114,50,0.5,0.1,0.15,0.1,1,1,2,40,"post_fragmentation","chessboard",153,2231,45,31,1,337,448,1
2,114,50,0.5,0.1,0.15,0.1,1,1,2,40,"post_fragmentation","chessboard",153,2231,45,31,1,337,449,1
2,114,50,0.5,0.1,0.15,0.1,1,1,2,40,"post_fragmentation","chessboard",153,2231,45,31,1,337,453,2
2,114,50,0.5,0.1,0.15,0.1,1,1,2,40,"post_fragmentation","chessboard",153,2231,45,31,1,337,460,1
2,114,50,0.5,0.1,0.15,0.1,1,1,2,40,"post_fragmentation","chessboard",153,2231,45,31,1,337,465,3
2,114,50,0.5,0.1,0.15,0.1,1,1,2,40,"post_fragmentation","chessboard",153,2231,45,31,1,337,479,2
2,114,50,0.5,0.1,0.15,0.1,1,1,2,40,"post_fragmentation","chessboard",153,2231,45,31,1,337,481,2
2,114,50,0.5,0.1,0.15,0.1,1,1,2,40,"post_fragmentation","chessboard",153,2231,45,31,1,337,493,1
2,114,50,0.5,0.1,0.15,0.1,1,1,2,40,"post_fragmentation","chessboard",153,2231,45,31,1,337,500,2
2,114,50,0.5,0.1,0.15,0.1,1,1,2,40,"post_fragmentation","chessboard",153,2231,45,31,1,337,510,2
2,114,50,0.5,0.1,0.15,0.1,1,1,2,40,"post_fragmentation","chessboard",153,2231,45,31,1,337,513,1
2,114,50,0.5,0.1,0.15,0.1,1,1,2,40,"post_fragmentation","chessboard",153,2231,45,31,1,337,519,1
2,114,50,0.5,0.1,0.15,0.1,1,1,2,40,"post_fragmentation","chessboard",153,2231,45,31,1,337,527,1
2,114,50,0.5,0.1,0.15,0.1,1,1,2,40,"post_fragmentation","chessboard",153,2231,45,31,1,337,537,2
2,114,50,0.5,0.1,0.15,0.1,1,1,2,40,"post_fragmentation","chessboard",154,2268,46,18,1,337,248,1
2,114,50,0.5,0.1,0.15,0.1,1,1,2,40,"post_fragmentation","chessboard",154,2268,46,18,1,337,293,1
2,114,50,0.5,0.1,0.15,0.1,1,1,2,40,"post_fragmentation","chessboard",154,2268,46,18,1,337,317,3
2,114,50,0.5,0.1,0.15,0.1,1,1,2,40,"post_fragmentation","chessboard",154,2268,46,18,1,337,324,1
2,114,50,0.5,0.1,0.15,0.1,1,1,2,40,"post_fragmentation","chessboard",154,2268,46,18,1,337,325,2
2,114,50,0.5,0.1,0.15,0.1,1,1,2,40,"post_fragmentation","chessboard",154,2268,46,18,1,337,328,1
2,114,50,0.5,0.1,0.15,0.1,1,1,2,40,"post_fragmentation","chessboard",154,2268,46,18,1,337,330,1
2,114,50,0.5,0.1,0.15,0.1,1,1,2,40,"post_fragmentation","chessboard",154,2268,46,18,1,337,337,1
2,114,50,0.5,0.1,0.15,0.1,1,1,2,40,"post_fragmentation","chessboard",154,2268,46,18,1,337,349,1
2,114,50,0.5,0.1,0.15,0.1,1,1,2,40,"post_fragmentation","chessboard",154,2268,46,18,1,337,350,1
2,114,50,0.5,0.1,0.15,0.1,1,1,2,40,"post_fragmentation","chessboard",154,2268,46,18,1,337,351,5
2,114,50,0.5,0.1,0.15,0.1,1,1,2,40,"post_fragmentation","chessboard",154,2268,46,18,1,337,354,1
2,114,50,0.5,0.1,0.15,0.1,1,1,2,40,"post_fragmentation","chessboard",154,2268,46,18,1,337,394,1
2,114,50,0.5,0.1,0.15,0.1,1,1,2,40,"post_fragmentation","chessboard",154,2268,46,18,1,337,400,1
2,114,50,0.5,0.1,0.15,0.1,1,1,2,40,"post_fragmentation","chessboard",154,2268,46,18,1,337,407,2
2,114,50,0.5,0.1,0.15,0.1,1,1,2,40,"post_fragmentation","chessboard",154,2268,46,18,1,337,408,1
2,114,50,0.5,0.1,0.15,0.1,1,1,2,40,"post_fragmentation","chessboard",154,2268,46,18,1,337,421,2
2,114,50,0.5,0.1,0.15,0.1,1,1,2,40,"post_fragmentation","chessboard",154,2268,46,18,1,337,432,1
2,114,50,0.5,0.1,0.15,0.1,1,1,2,40,"post_fragmentation","chessboard",154,2268,46,18,1,337,448,3
2,114,50,0.5,0.1,0.15,0.1,1,1,2,40,"post_fragmentation","chessboard",154,2268,46,18,1,337,460,1
2,114,50,0.5,0.1,0.15,0.1,1,1,2,40,"post_fragmentation","chessboard",154,2268,46,18,1,337,479,3
2,114,50,0.5,0.1,0.15,0.1,1,1,2,40,"post_fragmentation","chessboard",154,2268,46,18,1,337,487,1
2,114,50,0.5,0.1,0.15,0.1,1,1,2,40,"post_fragmentation","chessboard",154,2268,46,18,1,337,515,1
2,114,50,0.5,0.1,0.15,0.1,1,1,2,40,"post_fragmentation","chessboard",154,2268,46,18,1,337,555,1
2,114,50,0.5,0.1,0.15,0.1,1,1,2,40,"post_fragmentation","chessboard",155,2270,46,20,1,337,272,1
2,114,50,0.5,0.1,0.15,0.1,1,1,2,40,"post_fragmentation","chessboard",155,2270,46,20,1,337,324,1
2,114,50,0.5,0.1,0.15,0.1,1,1,2,40,"post_fragmentation","chessboard",155,2270,46,20,1,337,325,2
2,114,50,0.5,0.1,0.15,0.1,1,1,2,40,"post_fragmentation","chessboard",155,2270,46,20,1,337,328,1
2,114,50,0.5,0.1,0.15,0.1,1,1,2,40,"post_fragmentation","chessboard",155,2270,46,20,1,337,337,1
2,114,50,0.5,0.1,0.15,0.1,1,1,2,40,"post_fragmentation","chessboard",155,2270,46,20,1,337,350,1
2,114,50,0.5,0.1,0.15,0.1,1,1,2,40,"post_fragmentation","chessboard",155,2270,46,20,1,337,359,3
2,114,50,0.5,0.1,0.15,0.1,1,1,2,40,"post_fragmentation","chessboard",155,2270,46,20,1,337,368,2
2,114,50,0.5,0.1,0.15,0.1,1,1,2,40,"post_fragmentation","chessboard",155,2270,46,20,1,337,370,1
2,114,50,0.5,0.1,0.15,0.1,1,1,2,40,"post_fragmentation","chessboard",155,2270,46,20,1,337,371,1
2,114,50,0.5,0.1,0.15,0.1,1,1,2,40,"post_fragmentation","chessboard",155,2270,46,20,1,337,385,1
2,114,50,0.5,0.1,0.15,0.1,1,1,2,40,"post_fragmentation","chessboard",155,2270,46,20,1,337,395,1
2,114,50,0.5,0.1,0.15,0.1,1,1,2,40,"post_fragmentation","chessboard",155,2270,46,20,1,337,421,1
2,114,50,0.5,0.1,0.15,0.1,1,1,2,40,"post_fragmentation","chessboard",155,2270,46,20,1,337,432,1
2,114,50,0.5,0.1,0.15,0.1,1,1,2,40,"post_fragmentation","chessboard",155,2270,46,20,1,337,437,1
2,114,50,0.5,0.1,0.15,0.1,1,1,2,40,"post_fragmentation","chessboard",155,2270,46,20,1,337,460,7
2,114,50,0.5,0.1,0.15,0.1,1,1,2,40,"post_fragmentation","chessboard",155,2270,46,20,1,337,481,2
2,114,50,0.5,0.1,0.15,0.1,1,1,2,40,"post_fragmentation","chessboard",155,2270,46,20,1,337,492,1
2,114,50,0.5,0.1,0.15,0.1,1,1,2,40,"post_fragmentation","chessboard",155,2270,46,20,1,337,503,2
2,114,50,0.5,0.1,0.15,0.1,1,1,2,40,"post_fragmentation","chessboard",155,2270,46,20,1,337,518,1
2,114,50,0.5,0.1,0.15,0.1,1,1,2,40,"post_fragmentation","chessboard",155,2270,46,20,1,337,526,1
2,114,50,0.5,0.1,0.15,0.1,1,1,2,40,"post_fragmentation","chessboard",155,2270,46,20,1,337,537,1
2,114,50,0.5,0.1,0.15,0.1,1,1,2,40,"post_fragmentation","chessboard",156,2272,46,22,1,337,349,3
2,114,50,0.5,0.1,0.15,0.1,1,1,2,40,"post_fragmentation","chessboard",156,2272,46,22,1,337,398,1
2,114,50,0.5,0.1,0.15,0.1,1,1,2,40,"post_fragmentation","chessboard",156,2272,46,22,1,337,421,1
2,114,50,0.5,0.1,0.15,0.1,1,1,2,40,"post_fragmentation","chessboard",156,2272,46,22,1,337,432,2
2,114,50,0.5,0.1,0.15,0.1,1,1,2,40,"post_fragmentation","chessboard",156,2272,46,22,1,337,448,1
2,114,50,0.5,0.1,0.15,0.1,1,1,2,40,"post_fragmentation","chessboard",156,2272,46,22,1,337,458,2
2,114,50,0.5,0.1,0.15,0.1,1,1,2,40,"post_fragmentation","chessboard",156,2272,46,22,1,337,460,5
2,114,50,0.5,0.1,0.15,0.1,1,1,2,40,"post_fragmentation","chessboard",156,2272,46,22,1,337,462,1
2,114,50,0.5,0.1,0.15,0.1,1,1,2,40,"post_fragmentation","chessboard",156,2272,46,22,1,337,465,1
2,114,50,0.5,0.1,0.15,0.1,1,1,2,40,"post_fragmentation","chessboard",156,2272,46,22,1,337,476,1
2,114,50,0.5,0.1,0.15,0.1,1,1,2,40,"post_fragmentation","chessboard",156,2272,46,22,1,337,477,2
2,114,50,0.5,0.1,0.15,0.1,1,1,2,40,"post_fragmentation","chessboard",156,2272,46,22,1,337,481,10
2,114,50,0.5,0.1,0.15,0.1,1,1,2,40,"post_fragmentation","chessboard",156,2272,46,22,1,337,515,4
2,114,50,0.5,0.1,0.15,0.1,1,1,2,40,"post_fragmentation","chessboard",156,2272,46,22,1,337,520,2
2,114,50,0.5,0.1,0.15,0.1,1,1,2,40,"post_fragmentation","chessboard",156,2272,46,22,1,337,542,1
2,114,50,0.5,0.1,0.15,0.1,1,1,2,40,"post_fragmentation","chessboard",156,2272,46,22,1,337,570,2
2,114,50,0.5,0.1,0.15,0.1,1,1,2,40,"post_fragmentation","chessboard",156,2272,46,22,1,337,574,1
2,114,50,0.5,0.1,0.15,0.1,1,1,2,40,"post_fragmentation","chessboard",156,2272,46,22,1,337,576,1
2,114,50,0.5,0.1,0.15,0.1,1,1,2,40,"post_fragmentation","chessboard",156,2272,46,22,1,337,589,1
2,114,50,0.5,0.1,0.15,0.1,1,1,2,40,"post_fragmentation","chessboard",157,2274,46,24,1,337,432,1
2,114,50,0.5,0.1,0.15,0.1,1,1,2,40,"post_fragmentation","chessboard",157,2274,46,24,1,337,458,1
2,114,50,0.5,0.1,0.15,0.1,1,1,2,40,"post_fragmentation","chessboard",157,2274,46,24,1,337,476,4
2,114,50,0.5,0.1,0.15,0.1,1,1,2,40,"post_fragmentation","chessboard",157,2274,46,24,1,337,477,2
2,114,50,0.5,0.1,0.15,0.1,1,1,2,40,"post_fragmentation","chessboard",157,2274,46,24,1,337,481,7
2,114,50,0.5,0.1,0.15,0.1,1,1,2,40,"post_fragmentation","chessboard",157,2274,46,24,1,337,503,1
2,114,50,0.5,0.1,0.15,0.1,1,1,2,40,"post_fragmentation","chessboard",157,2274,46,24,1,337,515,2
2,114,50,0.5,0.1,0.15,0.1,1,1,2,40,"post_fragmentation","chessboard",157,2274,46,24,1,337,518,1
2,114,50,0.5,0.1,0.15,0.1,1,1,2,40,"post_fragmentation","chessboard",157,2274,46,24,1,337,526,1
2,114,50,0.5,0.1,0.15,0.1,1,1,2,40,"post_fragmentation","chessboard",157,2274,46,24,1,337,539,2
2,114,50,0.5,0.1,0.15,0.1,1,1,2,40,"post_fragmentation","chessboard",157,2274,46,24,1,337,550,1
2,114,50,0.5,0.1,0.15,0.1,1,1,2,40,"post_fragmentation","chessboard",157,2274,46,24,1,337,569,2
2,114,50,0.5,0.1,0.15,0.1,1,1,2,40,"post_fragmentation","chessboard",157,2274,46,24,1,337,570,4
2,114,50,0.5,0.1,0.15,0.1,1,1,2,40,"post_fragmentation","chessboard",157,2274,46,24,1,337,572,1
2,114,50,0.5,0.1,0.15,0.1,1,1,2,40,"post_fragmentation","chessboard",157,2274,46,24,1,337,574,2
2,114,50,0.5,0.1,0.15,0.1,1,1,2,40,"post_fragmentation","chessboard",157,2274,46,24,1,337,575,1
2,114,50,0.5,0.1,0.15,0.1,1,1,2,40,"post_fragmentation","chessboard",157,2274,46,24,1,337,576,5
2,114,50,0.5,0.1,0.15,0.1,1,1,2,40,"post_fragmentation","chessboard",158,2276,46,26,1,337,384,1
2,114,50,0.5,0.1,0.15,0.1,1,1,2,40,"post_fragmentation","chessboard",158,2276,46,26,1,337,391,1
2,114,50,0.5,0.1,0.15,0.1,1,1,2,40,"post_fragmentation","chessboard",158,2276,46,26,1,337,398,1
2,114,50,0.5,0.1,0.15,0.1,1,1,2,40,"post_fragmentation","chessboard",158,2276,46,26,1,337,408,1
2,114,50,0.5,0.1,0.15,0.1,1,1,2,40,"post_fragmentation","chessboard",158,2276,46,26,1,337,419,1
2,114,50,0.5,0.1,0.15,0.1,1,1,2,40,"post_fragmentation","chessboard",158,2276,46,26,1,337,429,1
2,114,50,0.5,0.1,0.15,0.1,1,1,2,40,"post_fragmentation","chessboard",158,2276,46,26,1,337,432,1
2,114,50,0.5,0.1,0.15,0.1,1,1,2,40,"post_fragmentation","chessboard",158,2276,46,26,1,337,441,1
2,114,50,0.5,0.1,0.15,0.1,1,1,2,40,"post_fragmentation","chessboard",158,2276,46,26,1,337,458,2
2,114,50,0.5,0.1,0.15,0.1,1,1,2,40,"post_fragmentation","chessboard",158,2276,46,26,1,337,460,10
2,114,50,0.5,0.1,0.15,0.1,1,1,2,40,"post_fragmentation","chessboard",158,2276,46,26,1,337,465,3
2,114,50,0.5,0.1,0.15,0.1,1,1,2,40,"post_fragmentation","chessboard",158,2276,46,26,1,337,481,7
2,114,50,0.5,0.1,0.15,0.1,1,1,2,40,"post_fragmentation","chessboard",158,2276,46,26,1,337,501,1
2,114,50,0.5,0.1,0.15,0.1,1,1,2,40,"post_fragmentation","chessboard",158,2276,46,26,1,337,526,2
2,114,50,0.5,0.1,0.15,0.1,1,1,2,40,"post_fragmentation","chessboard",158,2276,46,26,1,337,537,1
2,114,50,0.5,0.1,0.15,0.1,1,1,2,40,"post_fragmentation","chessboard",158,2276,46,26,1,337,539,2
2,114,50,0.5,0.1,0.15,0.1,1,1,2,40,"post_fragmentation","chessboard",158,2276,46,26,1,337,542,1
2,114,50,0.5,0.1,0.15,0.1,1,1,2,40,"post_fragmentation","chessboard",158,2276,46,26,1,337,550,1
2,114,50,0.5,0.1,0.15,0.1,1,1,2,40,"post_fragmentation","chessboard",158,2276,46,26,1,337,553,1
2,114,50,0.5,0.1,0.15,0.1,1,1,2,40,"post_fragmentation","chessboard",158,2276,46,26,1,337,576,1
2,114,50,0.5,0.1,0.15,0.1,1,1,2,40,"post_fragmentation","chessboard",159,2278,46,28,1,337,248,1
2,114,50,0.5,0.1,0.15,0.1,1,1,2,40,"post_fragmentation","chessboard",159,2278,46,28,1,337,279,1
2,114,50,0.5,0.1,0.15,0.1,1,1,2,40,"post_fragmentation","chessboard",159,2278,46,28,1,337,309,1
2,114,50,0.5,0.1,0.15,0.1,1,1,2,40,"post_fragmentation","chessboard",159,2278,46,28,1,337,320,1
2,114,50,0.5,0.1,0.15,0.1,1,1,2,40,"post_fragmentation","chessboard",159,2278,46,28,1,337,323,1
2,114,50,0.5,0.1,0.15,0.1,1,1,2,40,"post_fragmentation","chessboard",159,2278,46,28,1,337,329,1
2,114,50,0.5,0.1,0.15,0.1,1,1,2,40,"post_fragmentation","chessboard",159,2278,46,28,1,337,332,2
2,114,50,0.5,0.1,0.15,0.1,1,1,2,40,"post_fragmentation","chessboard",159,2278,46,28,1,337,333,1
2,114,50,0.5,0.1,0.15,0.1,1,1,2,40,"post_fragmentation","chessboard",159,2278,46,28,1,337,338,4
2,114,50,0.5,0.1,0.15,0.1,1,1,2,40,"post_fragmentation","chessboard",159,2278,46,28,1,337,342,2
2,114,50,0.5,0.1,0.15,0.1,1,1,2,40,"post_fragmentation","chessboard",159,2278,46,28,1,337,351,1
2,114,50,0.5,0.1,0.15,0.1,1,1,2,40,"post_fragmentation","chessboard",159,2278,46,28,1,337,363,1
2,114,50,0.5,0.1,0.15,0.1,1,1,2,40,"post_fragmentation","chessboard",159,2278,46,28,1,337,367,1
2,114,50,0.5,0.1,0.15,0.1,1,1,2,40,"post_fragmentation","chessboard",159,2278,46,28,1,337,368,1
2,114,50,0.5,0.1,0.15,0.1,1,1,2,40,"post_fragmentation","chessboard",159,2278,46,28,1,337,375,2
2,114,50,0.5,0.1,0.15,0.1,1,1,2,40,"post_fragmentation","chessboard",159,2278,46,28,1,337,379,2
2,114,50,0.5,0.1,0.15,0.1,1,1,2,40,"post_fragmentation","chessboard",159,2278,46,28,1,337,386,1
2,114,50,0.5,0.1,0.15,0.1,1,1,2,40,"post_fragmentation","chessboard",159,2278,46,28,1,337,388,1
2,114,50,0.5,0.1,0.15,0.1,1,1,2,40,"post_fragmentation","chessboard",159,2278,46,28,1,337,392,1
2,114,50,0.5,0.1,0.15,0.1,1,1,2,40,"post_fragmentation","chessboard",159,2278,46,28,1,337,398,2
2,114,50,0.5,0.1,0.15,0.1,1,1,2,40,"post_fragmentation","chessboard",159,2278,46,28,1,337,411,1
2,114,50,0.5,0.1,0.15,0.1,1,1,2,40,"post_fragmentation","chessboard",159,2278,46,28,1,337,460,1
2,114,50,0.5,0.1,0.15,0.1,1,1,2,40,"post_fragmentation","chessboard",159,2278,46,28,1,337,465,1
2,114,50,0.5,0.1,0.15,0.1,1,1,2,40,"post_fragmentation","chessboard",159,2278,46,28,1,337,474,1
2,114,50,0.5,0.1,0.15,0.1,1,1,2,40,"post_fragmentation","chessboard",159,2278,46,28,1,337,481,1
2,114,50,0.5,0.1,0.15,0.1,1,1,2,40,"post_fragmentation","chessboard",160,2280,46,30,1,337,363,1
2,114,50,0.5,0.1,0.15,0.1,1,1,2,40,"post_fragmentation","chessboard",160,2280,46,30,1,337,398,1
2,114,50,0.5,0.1,0.15,0.1,1,1,2,40,"post_fragmentation","chessboard",160,2280,46,30,1,337,411,1
2,114,50,0.5,0.1,0.15,0.1,1,1,2,40,"post_fragmentation","chessboard",160,2280,46,30,1,337,419,2
2,114,50,0.5,0.1,0.15,0.1,1,1,2,40,"post_fragmentation","chessboard",160,2280,46,30,1,337,432,2
2,114,50,0.5,0.1,0.15,0.1,1,1,2,40,"post_fragmentation","chessboard",160,2280,46,30,1,337,445,1
2,114,50,0.5,0.1,0.15,0.1,1,1,2,40,"post_fragmentation","chessboard",160,2280,46,30,1,337,448,1
2,114,50,0.5,0.1,0.15,0.1,1,1,2,40,"post_fragmentation","chessboard",160,2280,46,30,1,337,453,1
2,114,50,0.5,0.1,0.15,0.1,1,1,2,40,"post_fragmentation","chessboard",160,2280,46,30,1,337,460,1
2,114,50,0.5,0.1,0.15,0.1,1,1,2,40,"post_fragmentation","chessboard",160,2280,46,30,1,337,465,2
2,114,50,0.5,0.1,0.15,0.1,1,1,2,40,"post_fragmentation","chessboard",160,2280,46,30,1,337,476,1
2,114,50,0.5,0.1,0.15,0.1,1,1,2,40,"post_fragmentation","chessboard",160,2280,46,30,1,337,491,1
2,114,50,0.5,0.1,0.15,0.1,1,1,2,40,"post_fragmentation","chessboard",160,2280,46,30,1,337,497,1
2,114,50,0.5,0.1,0.15,0.1,1,1,2,40,"post_fragmentation","chessboard",160,2280,46,30,1,337,500,1
2,114,50,0.5,0.1,0.15,0.1,1,1,2,40,"post_fragmentation","chessboard",160,2280,46,30,1,337,519,4
2,114,50,0.5,0.1,0.15,0.1,1,1,2,40,"post_fragmentation","chessboard",160,2280,46,30,1,337,520,1
2,114,50,0.5,0.1,0.15,0.1,1,1,2,40,"post_fragmentation","chessboard",160,2280,46,30,1,337,542,3
2,114,50,0.5,0.1,0.15,0.1,1,1,2,40,"post_fragmentation","chessboard",160,2280,46,30,1,337,553,2
2,114,50,0.5,0.1,0.15,0.1,1,1,2,40,"post_fragmentation","chessboard",160,2280,46,30,1,337,609,2
2,114,50,0.5,0.1,0.15,0.1,1,1,2,40,"post_fragmentation","chessboard",161,2282,46,32,1,337,220,2
2,114,50,0.5,0.1,0.15,0.1,1,1,2,40,"post_fragmentation","chessboard",161,2282,46,32,1,337,310,1
2,114,50,0.5,0.1,0.15,0.1,1,1,2,40,"post_fragmentation","chessboard",161,2282,46,32,1,337,333,1
2,114,50,0.5,0.1,0.15,0.1,1,1,2,40,"post_fragmentation","chessboard",161,2282,46,32,1,337,338,3
2,114,50,0.5,0.1,0.15,0.1,1,1,2,40,"post_fragmentation","chessboard",161,2282,46,32,1,337,342,4
2,114,50,0.5,0.1,0.15,0.1,1,1,2,40,"post_fragmentation","chessboard",161,2282,46,32,1,337,365,1
2,114,50,0.5,0.1,0.15,0.1,1,1,2,40,"post_fragmentation","chessboard",161,2282,46,32,1,337,367,1
2,114,50,0.5,0.1,0.15,0.1,1,1,2,40,"post_fragmentation","chessboard",161,2282,46,32,1,337,375,1
2,114,50,0.5,0.1,0.15,0.1,1,1,2,40,"post_fragmentation","chessboard",161,2282,46,32,1,337,379,3
2,114,50,0.5,0.1,0.15,0.1,1,1,2,40,"post_fragmentation","chessboard",161,2282,46,32,1,337,382,1
2,114,50,0.5,0.1,0.15,0.1,1,1,2,40,"post_fragmentation","chessboard",161,2282,46,32,1,337,392,1
2,114,50,0.5,0.1,0.15,0.1,1,1,2,40,"post_fragmentation","chessboard",161,2282,46,32,1,337,396,1
2,114,50,0.5,0.1,0.15,0.1,1,1,2,40,"post_fragmentation","chessboard",161,2282,46,32,1,337,398,1
2,114,50,0.5,0.1,0.15,0.1,1,1,2,40,"post_fragmentation","chessboard",161,2282,46,32,1,337,415,1
2,114,50,0.5,0.1,0.15,0.1,1,1,2,40,"post_fragmentation","chessboard",161,2282,46,32,1,337,429,1
2,114,50,0.5,0.1,0.15,0.1,1,1,2,40,"post_fragmentation","chessboard",161,2282,46,32,1,337,432,1
2,114,50,0.5,0.1,0.15,0.1,1,1,2,40,"post_fragmentation","chessboard",161,2282,46,32,1,337,437,1
2,114,50,0.5,0.1,0.15,0.1,1,1,2,40,"post_fragmentation","chessboard",161,2282,46,32,1,337,441,1
2,114,50,0.5,0.1,0.15,0.1,1,1,2,40,"post_fragmentation","chessboard",161,2282,46,32,1,337,453,2
2,114,50,0.5,0.1,0.15,0.1,1,1,2,40,"post_fragmentation","chessboard",161,2282,46,32,1,337,542,1
2,114,50,0.5,0.1,0.15,0.1,1,1,2,40,"post_fragmentation","chessboard",162,2317,47,17,13,1,460,1
2,114,50,0.5,0.1,0.15,0.1,1,1,2,40,"post_fragmentation","chessboard",162,2317,47,17,13,1,480,1
2,114,50,0.5,0.1,0.15,0.1,1,1,2,40,"post_fragmentation","chessboard",162,2317,47,17,13,1,487,1
2,114,50,0.5,0.1,0.15,0.1,1,1,2,40,"post_fragmentation","chessboard",162,2317,47,17,13,1,515,2
2,114,50,0.5,0.1,0.15,0.1,1,1,2,40,"post_fragmentation","chessboard",162,2317,47,17,13,1,540,2
2,114,50,0.5,0.1,0.15,0.1,1,1,2,40,"post_fragmentation","chessboard",162,2317,47,17,13,1,569,1
2,114,50,0.5,0.1,0.15,0.1,1,1,2,40,"post_fragmentation","chessboard",162,2317,47,17,13,1,570,2
2,114,50,0.5,0.1,0.15,0.1,1,1,2,40,"post_fragmentation","chessboard",162,2317,47,17,13,1,572,1
2,114,50,0.5,0.1,0.15,0.1,1,1,2,40,"post_fragmentation","chessboard",162,2317,47,17,13,1,575,1
2,114,50,0.5,0.1,0.15,0.1,1,1,2,40,"post_fragmentation","chessboard",162,2317,47,17,13,1,589,1
2,114,50,0.5,0.1,0.15,0.1,1,1,2,40,"post_fragmentation","chessboard",162,2317,47,17,13,1,602,2
2,114,50,0.5,0.1,0.15,0.1,1,1,2,40,"post_fragmentation","chessboard",162,2317,47,17,13,1,604,1
2,114,50,0.5,0.1,0.15,0.1,1,1,2,40,"post_fragmentation","chessboard",163,2321,47,21,1,337,350,2
2,114,50,0.5,0.1,0.15,0.1,1,1,2,40,"post_fragmentation","chessboard",163,2321,47,21,1,337,368,1
2,114,50,0.5,0.1,0.15,0.1,1,1,2,40,"post_fragmentation","chessboard",163,2321,47,21,1,337,388,1
2,114,50,0.5,0.1,0.15,0.1,1,1,2,40,"post_fragmentation","chessboard",163,2321,47,21,1,337,403,1
2,114,50,0.5,0.1,0.15,0.1,1,1,2,40,"post_fragmentation","chessboard",163,2321,47,21,1,337,429,2
2,114,50,0.5,0.1,0.15,0.1,1,1,2,40,"post_fragmentation","chessboard",163,2321,47,21,1,337,448,4
2,114,50,0.5,0.1,0.15,0.1,1,1,2,40,"post_fragmentation","chessboard",163,2321,47,21,1,337,458,3
2,114,50,0.5,0.1,0.15,0.1,1,1,2,40,"post_fragmentation","chessboard",163,2321,47,21,1,337,460,1
2,114,50,0.5,0.1,0.15,0.1,1,1,2,40,"post_fragmentation","chessboard",163,2321,47,21,1,337,481,5
2,114,50,0.5,0.1,0.15,0.1,1,1,2,40,"post_fragmentation","chessboard",163,2321,47,21,1,337,515,1
2,114,50,0.5,0.1,0.15,0.1,1,1,2,40,"post_fragmentation","chessboard",163,2321,47,21,1,337,520,3
2,114,50,0.5,0.1,0.15,0.1,1,1,2,40,"post_fragmentation","chessboard",163,2321,47,21,1,337,526,1
2,114,50,0.5,0.1,0.15,0.1,1,1,2,40,"post_fragmentation","chessboard",163,2321,47,21,1,337,539,2
2,114,50,0.5,0.1,0.15,0.1,1,1,2,40,"post_fragmentation","chessboard",163,2321,47,21,1,337,553,3
2,114,50,0.5,0.1,0.15,0.1,1,1,2,40,"post_fragmentation","chessboard",163,2321,47,21,1,337,572,2
2,114,50,0.5,0.1,0.15,0.1,1,1,2,40,"post_fragmentation","chessboard",163,2321,47,21,1,337,589,2
2,114,50,0.5,0.1,0.15,0.1,1,1,2,40,"post_fragmentation","chessboard",164,2323,47,23,1,337,371,2
2,114,50,0.5,0.1,0.15,0.1,1,1,2,40,"post_fragmentation","chessboard",164,2323,47,23,1,337,411,1
2,114,50,0.5,0.1,0.15,0.1,1,1,2,40,"post_fragmentation","chessboard",164,2323,47,23,1,337,419,1
2,114,50,0.5,0.1,0.15,0.1,1,1,2,40,"post_fragmentation","chessboard",164,2323,47,23,1,337,432,1
2,114,50,0.5,0.1,0.15,0.1,1,1,2,40,"post_fragmentation","chessboard",164,2323,47,23,1,337,435,1
2,114,50,0.5,0.1,0.15,0.1,1,1,2,40,"post_fragmentation","chessboard",164,2323,47,23,1,337,448,1
2,114,50,0.5,0.1,0.15,0.1,1,1,2,40,"post_fragmentation","chessboard",164,2323,47,23,1,337,460,3
2,114,50,0.5,0.1,0.15,0.1,1,1,2,40,"post_fragmentation","chessboard",164,2323,47,23,1,337,471,1
2,114,50,0.5,0.1,0.15,0.1,1,1,2,40,"post_fragmentation","chessboard",164,2323,47,23,1,337,481,2
2,114,50,0.5,0.1,0.15,0.1,1,1,2,40,"post_fragmentation","chessboard",164,2323,47,23,1,337,487,1
2,114,50,0.5,0.1,0.15,0.1,1,1,2,40,"post_fragmentation","chessboard",164,2323,47,23,1,337,497,1
2,114,50,0.5,0.1,0.15,0.1,1,1,2,40,"post_fragmentation","chessboard",164,2323,47,23,1,337,503,1
2,114,50,0.5,0.1,0.15,0.1,1,1,2,40,"post_fragmentation","chessboard",164,2323,47,23,1,337,513,3
2,114,50,0.5,0.1,0.15,0.1,1,1,2,40,"post_fragmentation","chessboard",164,2323,47,23,1,337,515,3
2,114,50,0.5,0.1,0.15,0.1,1,1,2,40,"post_fragmentation","chessboard",164,2323,47,23,1,337,526,2
2,114,50,0.5,0.1,0.15,0.1,1,1,2,40,"post_fragmentation","chessboard",164,2323,47,23,1,337,539,3
2,114,50,0.5,0.1,0.15,0.1,1,1,2,40,"post_fragmentation","chessboard",164,2323,47,23,1,337,555,1
2,114,50,0.5,0.1,0.15,0.1,1,1,2,40,"post_fragmentation","chessboard",164,2323,47,23,1,337,571,1
2,114,50,0.5,0.1,0.15,0.1,1,1,2,40,"post_fragmentation","chessboard",164,2323,47,23,1,337,574,2
2,114,50,0.5,0.1,0.15,0.1,1,1,2,40,"post_fragmentation","chessboard",164,2323,47,23,1,337,580,3
2,114,50,0.5,0.1,0.15,0.1,1,1,2,40,"post_fragmentation","chessboard",165,2325,47,25,1,337,214,1
2,114,50,0.5,0.1,0.15,0.1,1,1,2,40,"post_fragmentation","chessboard",165,2325,47,25,1,337,368,1
2,114,50,0.5,0.1,0.15,0.1,1,1,2,40,"post_fragmentation","chessboard",165,2325,47,25,1,337,388,2
2,114,50,0.5,0.1,0.15,0.1,1,1,2,40,"post_fragmentation","chessboard",165,2325,47,25,1,337,392,2
2,114,50,0.5,0.1,0.15,0.1,1,1,2,40,"post_fragmentation","chessboard",165,2325,47,25,1,337,394,2
2,114,50,0.5,0.1,0.15,0.1,1,1,2,40,"post_fragmentation","chessboard",165,2325,47,25,1,337,408,1
2,114,50,0.5,0.1,0.15,0.1,1,1,2,40,"post_fragmentation","chessboard",165,2325,47,25,1,337,410,1
2,114,50,0.5,0.1,0.15,0.1,1,1,2,40,"post_fragmentation","chessboard",165,2325,47,25,1,337,411,1
2,114,50,0.5,0.1,0.15,0.1,1,1,2,40,"post_fragmentation","chessboard",165,2325,47,25,1,337,416,2
2,114,50,0.5,0.1,0.15,0.1,1,1,2,40,"post_fragmentation","chessboard",165,2325,47,25,1,337,419,2
2,114,50,0.5,0.1,0.15,0.1,1,1,2,40,"post_fragmentation","chessboard",165,2325,47,25,1,337,430,1
2,114,50,0.5,0.1,0.15,0.1,1,1,2,40,"post_fragmentation","chessboard",165,2325,47,25,1,337,441,1
2,114,50,0.5,0.1,0.15,0.1,1,1,2,40,"post_fragmentation","chessboard",165,2325,47,25,1,337,446,2
2,114,50,0.5,0.1,0.15,0.1,1,1,2,40,"post_fragmentation","chessboard",165,2325,47,25,1,337,448,1
2,114,50,0.5,0.1,0.15,0.1,1,1,2,40,"post_fragmentation","chessboard",165,2325,47,25,1,337,458,2
2,114,50,0.5,0.1,0.15,0.1,1,1,2,40,"post_fragmentation","chessboard",165,2325,47,25,1,337,460,4
2,114,50,0.5,0.1,0.15,0.1,1,1,2,40,"post_fragmentation","chessboard",165,2325,47,25,1,337,476,1
2,114,50,0.5,0.1,0.15,0.1,1,1,2,40,"post_fragmentation","chessboard",165,2325,47,25,1,337,481,1
2,114,50,0.5,0.1,0.15,0.1,1,1,2,40,"post_fragmentation","chessboard",165,2325,47,25,1,337,491,2
2,114,50,0.5,0.1,0.15,0.1,1,1,2,40,"post_fragmentation","chessboard",165,2325,47,25,1,337,503,3
2,114,50,0.5,0.1,0.15,0.1,1,1,2,40,"post_fragmentation","chessboard",165,2325,47,25,1,337,520,1
2,114,50,0.5,0.1,0.15,0.1,1,1,2,40,"post_fragmentation","chessboard",165,2325,47,25,1,337,539,1
2,114,50,0.5,0.1,0.15,0.1,1,1,2,40,"post_fragmentation","chessboard",166,2327,47,27,1,337,460,1
2,114,50,0.5,0.1,0.15,0.1,1,1,2,40,"post_fragmentation","chessboard",166,2327,47,27,1,337,542,1
2,114,50,0.5,0.1,0.15,0.1,1,1,2,40,"post_fragmentation","chessboard",167,2329,47,29,1,337,320,1
2,114,50,0.5,0.1,0.15,0.1,1,1,2,40,"post_fragmentation","chessboard",167,2329,47,29,1,337,353,1
2,114,50,0.5,0.1,0.15,0.1,1,1,2,40,"post_fragmentation","chessboard",167,2329,47,29,1,337,354,1
2,114,50,0.5,0.1,0.15,0.1,1,1,2,40,"post_fragmentation","chessboard",167,2329,47,29,1,337,368,1
2,114,50,0.5,0.1,0.15,0.1,1,1,2,40,"post_fragmentation","chessboard",167,2329,47,29,1,337,370,1
2,114,50,0.5,0.1,0.15,0.1,1,1,2,40,"post_fragmentation","chessboard",167,2329,47,29,1,337,388,1
2,114,50,0.5,0.1,0.15,0.1,1,1,2,40,"post_fragmentation","chessboard",167,2329,47,29,1,337,396,1
2,114,50,0.5,0.1,0.15,0.1,1,1,2,40,"post_fragmentation","chessboard",167,2329,47,29,1,337,398,4
2,114,50,0.5,0.1,0.15,0.1,1,1,2,40,"post_fragmentation","chessboard",167,2329,47,29,1,337,408,2
2,114,50,0.5,0.1,0.15,0.1,1,1,2,40,"post_fragmentation","chessboard",167,2329,47,29,1,337,421,1
2,114,50,0.5,0.1,0.15,0.1,1,1,2,40,"post_fragmentation","chessboard",167,2329,47,29,1,337,426,1
2,114,50,0.5,0.1,0.15,0.1,1,1,2,40,"post_fragmentation","chessboard",167,2329,47,29,1,337,435,2
2,114,50,0.5,0.1,0.15,0.1,1,1,2,40,"post_fragmentation","chessboard",167,2329,47,29,1,337,441,1
2,114,50,0.5,0.1,0.15,0.1,1,1,2,40,"post_fragmentation","chessboard",167,2329,47,29,1,337,458,1
2,114,50,0.5,0.1,0.15,0.1,1,1,2,40,"post_fragmentation","chessboard",167,2329,47,29,1,337,460,1
2,114,50,0.5,0.1,0.15,0.1,1,1,2,40,"post_fragmentation","chessboard",167,2329,47,29,1,337,474,1
2,114,50,0.5,0.1,0.15,0.1,1,1,2,40,"post_fragmentation","chessboard",167,2329,47,29,1,337,481,3
2,114,50,0.5,0.1,0.15,0.1,1,1,2,40,"post_fragmentation","chessboard",167,2329,47,29,1,337,491,1
2,114,50,0.5,0.1,0.15,0.1,1,1,2,40,"post_fragmentation","chessboard",167,2329,47,29,1,337,500,1
2,114,50,0.5,0.1,0.15,0.1,1,1,2,40,"post_fragmentation","chessboard",167,2329,47,29,1,337,503,1
2,114,50,0.5,0.1,0.15,0.1,1,1,2,40,"post_fragmentation","chessboard",167,2329,47,29,1,337,537,1
2,114,50,0.5,0.1,0.15,0.1,1,1,2,40,"post_fragmentation","chessboard",167,2329,47,29,1,337,539,2
2,114,50,0.5,0.1,0.15,0.1,1,1,2,40,"post_fragmentation","chessboard",167,2329,47,29,1,337,542,1
2,114,50,0.5,0.1,0.15,0.1,1,1,2,40,"post_fragmentation","chessboard",167,2329,47,29,1,337,553,2
2,114,50,0.5,0.1,0.15,0.1,1,1,2,40,"post_fragmentation","chessboard",167,2329,47,29,1,337,580,2
2,114,50,0.5,0.1,0.15,0.1,1,1,2,40,"post_fragmentation","chessboard",168,2331,47,31,1,337,290,1
2,114,50,0.5,0.1,0.15,0.1,1,1,2,40,"post_fragmentation","chessboard",168,2331,47,31,1,337,310,1
2,114,50,0.5,0.1,0.15,0.1,1,1,2,40,"post_fragmentation","chessboard",168,2331,47,31,1,337,320,2
2,114,50,0.5,0.1,0.15,0.1,1,1,2,40,"post_fragmentation","chessboard",168,2331,47,31,1,337,338,2
2,114,50,0.5,0.1,0.15,0.1,1,1,2,40,"post_fragmentation","chessboard",168,2331,47,31,1,337,341,1
2,114,50,0.5,0.1,0.15,0.1,1,1,2,40,"post_fragmentation","chessboard",168,2331,47,31,1,337,342,1
2,114,50,0.5,0.1,0.15,0.1,1,1,2,40,"post_fragmentation","chessboard",168,2331,47,31,1,337,354,2
2,114,50,0.5,0.1,0.15,0.1,1,1,2,40,"post_fragmentation","chessboard",168,2331,47,31,1,337,363,1
2,114,50,0.5,0.1,0.15,0.1,1,1,2,40,"post_fragmentation","chessboard",168,2331,47,31,1,337,365,1
2,114,50,0.5,0.1,0.15,0.1,1,1,2,40,"post_fragmentation","chessboard",168,2331,47,31,1,337,367,2
2,114,50,0.5,0.1,0.15,0.1,1,1,2,40,"post_fragmentation","chessboard",168,2331,47,31,1,337,368,1
2,114,50,0.5,0.1,0.15,0.1,1,1,2,40,"post_fragmentation","chessboard",168,2331,47,31,1,337,386,1
2,114,50,0.5,0.1,0.15,0.1,1,1,2,40,"post_fragmentation","chessboard",168,2331,47,31,1,337,392,1
2,114,50,0.5,0.1,0.15,0.1,1,1,2,40,"post_fragmentation","chessboard",168,2331,47,31,1,337,396,2
2,114,50,0.5,0.1,0.15,0.1,1,1,2,40,"post_fragmentation","chessboard",168,2331,47,31,1,337,398,7
2,114,50,0.5,0.1,0.15,0.1,1,1,2,40,"post_fragmentation","chessboard",168,2331,47,31,1,337,403,1
2,114,50,0.5,0.1,0.15,0.1,1,1,2,40,"post_fragmentation","chessboard",168,2331,47,31,1,337,408,1
2,114,50,0.5,0.1,0.15,0.1,1,1,2,40,"post_fragmentation","chessboard",168,2331,47,31,1,337,411,1
2,114,50,0.5,0.1,0.15,0.1,1,1,2,40,"post_fragmentation","chessboard",168,2331,47,31,1,337,415,3
2,114,50,0.5,0.1,0.15,0.1,1,1,2,40,"post_fragmentation","chessboard",168,2331,47,31,1,337,432,1
2,114,50,0.5,0.1,0.15,0.1,1,1,2,40,"post_fragmentation","chessboard",168,2331,47,31,1,337,441,1
2,114,50,0.5,0.1,0.15,0.1,1,1,2,40,"post_fragmentation","chessboard",168,2331,47,31,1,337,448,2
2,114,50,0.5,0.1,0.15,0.1,1,1,2,40,"post_fragmentation","chessboard",168,2331,47,31,1,337,497,1
2,114,50,0.5,0.1,0.15,0.1,1,1,2,40,"post_fragmentation","chessboard",168,2331,47,31,1,337,527,1
2,114,50,0.5,0.1,0.15,0.1,1,1,2,40,"post_fragmentation","chessboard",169,2374,48,24,1,337,214,1
2,114,50,0.5,0.1,0.15,0.1,1,1,2,40,"post_fragmentation","chessboard",169,2374,48,24,1,337,325,1
2,114,50,0.5,0.1,0.15,0.1,1,1,2,40,"post_fragmentation","chessboard",169,2374,48,24,1,337,363,1
2,114,50,0.5,0.1,0.15,0.1,1,1,2,40,"post_fragmentation","chessboard",169,2374,48,24,1,337,395,1
2,114,50,0.5,0.1,0.15,0.1,1,1,2,40,"post_fragmentation","chessboard",169,2374,48,24,1,337,400,1
2,114,50,0.5,0.1,0.15,0.1,1,1,2,40,"post_fragmentation","chessboard",169,2374,48,24,1,337,419,1
2,114,50,0.5,0.1,0.15,0.1,1,1,2,40,"post_fragmentation","chessboard",169,2374,48,24,1,337,432,1
2,114,50,0.5,0.1,0.15,0.1,1,1,2,40,"post_fragmentation","chessboard",170,2376,48,26,1,337,327,1
2,114,50,0.5,0.1,0.15,0.1,1,1,2,40,"post_fragmentation","chessboard",170,2376,48,26,1,337,367,1
2,114,50,0.5,0.1,0.15,0.1,1,1,2,40,"post_fragmentation","chessboard",170,2376,48,26,1,337,386,1
2,114,50,0.5,0.1,0.15,0.1,1,1,2,40,"post_fragmentation","chessboard",170,2376,48,26,1,337,411,1
2,114,50,0.5,0.1,0.15,0.1,1,1,2,40,"post_fragmentation","chessboard",170,2376,48,26,1,337,415,1
2,114,50,0.5,0.1,0.15,0.1,1,1,2,40,"post_fragmentation","chessboard",170,2376,48,26,1,337,432,2
2,114,50,0.5,0.1,0.15,0.1,1,1,2,40,"post_fragmentation","chessboard",170,2376,48,26,1,337,458,6
2,114,50,0.5,0.1,0.15,0.1,1,1,2,40,"post_fragmentation","chessboard",170,2376,48,26,1,337,460,2
2,114,50,0.5,0.1,0.15,0.1,1,1,2,40,"post_fragmentation","chessboard",170,2376,48,26,1,337,481,1
2,114,50,0.5,0.1,0.15,0.1,1,1,2,40,"post_fragmentation","chessboard",170,2376,48,26,1,337,503,2
2,114,50,0.5,0.1,0.15,0.1,1,1,2,40,"post_fragmentation","chessboard",170,2376,48,26,1,337,513,1
2,114,50,0.5,0.1,0.15,0.1,1,1,2,40,"post_fragmentation","chessboard",170,2376,48,26,1,337,515,2
2,114,50,0.5,0.1,0.15,0.1,1,1,2,40,"post_fragmentation","chessboard",170,2376,48,26,1,337,526,6
2,114,50,0.5,0.1,0.15,0.1,1,1,2,40,"post_fragmentation","chessboard",170,2376,48,26,1,337,553,3
2,114,50,0.5,0.1,0.15,0.1,1,1,2,40,"post_fragmentation","chessboard",170,2376,48,26,1,337,576,1
2,114,50,0.5,0.1,0.15,0.1,1,1,2,40,"post_fragmentation","chessboard",171,2378,48,28,1,337,338,1
2,114,50,0.5,0.1,0.15,0.1,1,1,2,40,"post_fragmentation","chessboard",171,2378,48,28,1,337,341,1
2,114,50,0.5,0.1,0.15,0.1,1,1,2,40,"post_fragmentation","chessboard",171,2378,48,28,1,337,354,1
2,114,50,0.5,0.1,0.15,0.1,1,1,2,40,"post_fragmentation","chessboard",171,2378,48,28,1,337,363,1
2,114,50,0.5,0.1,0.15,0.1,1,1,2,40,"post_fragmentation","chessboard",171,2378,48,28,1,337,365,1
2,114,50,0.5,0.1,0.15,0.1,1,1,2,40,"post_fragmentation","chessboard",171,2378,48,28,1,337,368,2
2,114,50,0.5,0.1,0.15,0.1,1,1,2,40,"post_fragmentation","chessboard",171,2378,48,28,1,337,379,2
2,114,50,0.5,0.1,0.15,0.1,1,1,2,40,"post_fragmentation","chessboard",171,2378,48,28,1,337,386,1
2,114,50,0.5,0.1,0.15,0.1,1,1,2,40,"post_fragmentation","chessboard",171,2378,48,28,1,337,388,1
2,114,50,0.5,0.1,0.15,0.1,1,1,2,40,"post_fragmentation","chessboard",171,2378,48,28,1,337,391,2
2,114,50,0.5,0.1,0.15,0.1,1,1,2,40,"post_fragmentation","chessboard",171,2378,48,28,1,337,392,1
2,114,50,0.5,0.1,0.15,0.1,1,1,2,40,"post_fragmentation","chessboard",171,2378,48,28,1,337,396,1
2,114,50,0.5,0.1,0.15,0.1,1,1,2,40,"post_fragmentation","chessboard",171,2378,48,28,1,337,398,5
2,114,50,0.5,0.1,0.15,0.1,1,1,2,40,"post_fragmentation","chessboard",171,2378,48,28,1,337,408,1
2,114,50,0.5,0.1,0.15,0.1,1,1,2,40,"post_fragmentation","chessboard",171,2378,48,28,1,337,410,1
2,114,50,0.5,0.1,0.15,0.1,1,1,2,40,"post_fragmentation","chessboard",171,2378,48,28,1,337,419,1
2,114,50,0.5,0.1,0.15,0.1,1,1,2,40,"post_fragmentation","chessboard",171,2378,48,28,1,337,429,1
2,114,50,0.5,0.1,0.15,0.1,1,1,2,40,"post_fragmentation","chessboard",171,2378,48,28,1,337,437,1
2,114,50,0.5,0.1,0.15,0.1,1,1,2,40,"post_fragmentation","chessboard",171,2378,48,28,1,337,448,1
2,114,50,0.5,0.1,0.15,0.1,1,1,2,40,"post_fragmentation","chessboard",171,2378,48,28,1,337,465,1
2,114,50,0.5,0.1,0.15,0.1,1,1,2,40,"post_fragmentation","chessboard",171,2378,48,28,1,337,473,1
2,114,50,0.5,0.1,0.15,0.1,1,1,2,40,"post_fragmentation","chessboard",171,2378,48,28,1,337,474,2
2,114,50,0.5,0.1,0.15,0.1,1,1,2,40,"post_fragmentation","chessboard",171,2378,48,28,1,337,476,1
2,114,50,0.5,0.1,0.15,0.1,1,1,2,40,"post_fragmentation","chessboard",171,2378,48,28,1,337,481,1
2,114,50,0.5,0.1,0.15,0.1,1,1,2,40,"post_fragmentation","chessboard",171,2378,48,28,1,337,484,1
2,114,50,0.5,0.1,0.15,0.1,1,1,2,40,"post_fragmentation","chessboard",171,2378,48,28,1,337,497,1
2,114,50,0.5,0.1,0.15,0.1,1,1,2,40,"post_fragmentation","chessboard",171,2378,48,28,1,337,503,1
2,114,50,0.5,0.1,0.15,0.1,1,1,2,40,"post_fragmentation","chessboard",172,2380,48,30,1,337,491,1
2,114,50,0.5,0.1,0.15,0.1,1,1,2,40,"post_fragmentation","chessboard",172,2380,48,30,1,337,539,1
2,114,50,0.5,0.1,0.15,0.1,1,1,2,40,"post_fragmentation","chessboard",172,2380,48,30,1,337,542,1
2,114,50,0.5,0.1,0.15,0.1,1,1,2,40,"post_fragmentation","chessboard",172,2380,48,30,1,337,568,1
2,114,50,0.5,0.1,0.15,0.1,1,1,2,40,"post_fragmentation","chessboard",172,2380,48,30,1,337,576,1
2,114,50,0.5,0.1,0.15,0.1,1,1,2,40,"post_fragmentation","chessboard",172,2380,48,30,1,337,605,1
2,114,50,0.5,0.1,0.15,0.1,1,1,2,40,"post_fragmentation","chessboard",172,2380,48,30,1,337,609,1
2,114,50,0.5,0.1,0.15,0.1,1,1,2,40,"post_fragmentation","chessboard",172,2380,48,30,1,337,821,1
2,114,50,0.5,0.1,0.15,0.1,1,1,2,40,"post_fragmentation","chessboard",173,2382,48,32,1,337,290,2
2,114,50,0.5,0.1,0.15,0.1,1,1,2,40,"post_fragmentation","chessboard",173,2382,48,32,1,337,310,1
2,114,50,0.5,0.1,0.15,0.1,1,1,2,40,"post_fragmentation","chessboard",173,2382,48,32,1,337,327,1
2,114,50,0.5,0.1,0.15,0.1,1,1,2,40,"post_fragmentation","chessboard",173,2382,48,32,1,337,329,3
2,114,50,0.5,0.1,0.15,0.1,1,1,2,40,"post_fragmentation","chessboard",173,2382,48,32,1,337,338,2
2,114,50,0.5,0.1,0.15,0.1,1,1,2,40,"post_fragmentation","chessboard",173,2382,48,32,1,337,342,4
2,114,50,0.5,0.1,0.15,0.1,1,1,2,40,"post_fragmentation","chessboard",173,2382,48,32,1,337,354,1
2,114,50,0.5,0.1,0.15,0.1,1,1,2,40,"post_fragmentation","chessboard",173,2382,48,32,1,337,363,3
2,114,50,0.5,0.1,0.15,0.1,1,1,2,40,"post_fragmentation","chessboard",173,2382,48,32,1,337,365,1
2,114,50,0.5,0.1,0.15,0.1,1,1,2,40,"post_fragmentation","chessboard",173,2382,48,32,1,337,368,2
2,114,50,0.5,0.1,0.15,0.1,1,1,2,40,"post_fragmentation","chessboard",173,2382,48,32,1,337,379,1
2,114,50,0.5,0.1,0.15,0.1,1,1,2,40,"post_fragmentation","chessboard",173,2382,48,32,1,337,388,2
2,114,50,0.5,0.1,0.15,0.1,1,1,2,40,"post_fragmentation","chessboard",173,2382,48,32,1,337,392,2
2,114,50,0.5,0.1,0.15,0.1,1,1,2,40,"post_fragmentation","chessboard",173,2382,48,32,1,337,397,1
2,114,50,0.5,0.1,0.15,0.1,1,1,2,40,"post_fragmentation","chessboard",173,2382,48,32,1,337,398,3
2,114,50,0.5,0.1,0.15,0.1,1,1,2,40,"post_fragmentation","chessboard",173,2382,48,32,1,337,411,1
2,114,50,0.5,0.1,0.15,0.1,1,1,2,40,"post_fragmentation","chessboard",173,2382,48,32,1,337,415,1
2,114,50,0.5,0.1,0.15,0.1,1,1,2,40,"post_fragmentation","chessboard",173,2382,48,32,1,337,419,3
2,114,50,0.5,0.1,0.15,0.1,1,1,2,40,"post_fragmentation","chessboard",173,2382,48,32,1,337,441,2
2,114,50,0.5,0.1,0.15,0.1,1,1,2,40,"post_fragmentation","chessboard",173,2382,48,32,1,337,448,1
2,114,50,0.5,0.1,0.15,0.1,1,1,2,40,"post_fragmentation","chessboard",173,2382,48,32,1,337,465,2
2,114,50,0.5,0.1,0.15,0.1,1,1,2,40,"post_fragmentation","chessboard",173,2382,48,32,1,337,475,1
2,114,50,0.5,0.1,0.15,0.1,1,1,2,40,"post_fragmentation","chessboard",173,2382,48,32,1,337,542,1
2,114,50,0.5,0.1,0.15,0.1,1,1,2,40,"post_fragmentation","chessboard",174,2425,49,25,1,337,338,1
2,114,50,0.5,0.1,0.15,0.1,1,1,2,40,"post_fragmentation","chessboard",174,2425,49,25,1,337,379,1
2,114,50,0.5,0.1,0.15,0.1,1,1,2,40,"post_fragmentation","chessboard",174,2425,49,25,1,337,391,1
2,114,50,0.5,0.1,0.15,0.1,1,1,2,40,"post_fragmentation","chessboard",174,2425,49,25,1,337,411,2
2,114,50,0.5,0.1,0.15,0.1,1,1,2,40,"post_fragmentation","chessboard",174,2425,49,25,1,337,416,2
2,114,50,0.5,0.1,0.15,0.1,1,1,2,40,"post_fragmentation","chessboard",174,2425,49,25,1,337,421,1
2,114,50,0.5,0.1,0.15,0.1,1,1,2,40,"post_fragmentation","chessboard",174,2425,49,25,1,337,426,1
2,114,50,0.5,0.1,0.15,0.1,1,1,2,40,"post_fragmentation","chessboard",174,2425,49,25,1,337,429,1
2,114,50,0.5,0.1,0.15,0.1,1,1,2,40,"post_fragmentation","chessboard",174,2425,49,25,1,337,432,1
2,114,50,0.5,0.1,0.15,0.1,1,1,2,40,"post_fragmentation","chessboard",174,2425,49,25,1,337,458,1
2,114,50,0.5,0.1,0.15,0.1,1,1,2,40,"post_fragmentation","chessboard",174,2425,49,25,1,337,460,4
2,114,50,0.5,0.1,0.15,0.1,1,1,2,40,"post_fragmentation","chessboard",174,2425,49,25,1,337,462,1
2,114,50,0.5,0.1,0.15,0.1,1,1,2,40,"post_fragmentation","chessboard",174,2425,49,25,1,337,481,1
2,114,50,0.5,0.1,0.15,0.1,1,1,2,40,"post_fragmentation","chessboard",174,2425,49,25,1,337,483,1
2,114,50,0.5,0.1,0.15,0.1,1,1,2,40,"post_fragmentation","chessboard",174,2425,49,25,1,337,487,2
2,114,50,0.5,0.1,0.15,0.1,1,1,2,40,"post_fragmentation","chessboard",174,2425,49,25,1,337,490,1
2,114,50,0.5,0.1,0.15,0.1,1,1,2,40,"post_fragmentation","chessboard",174,2425,49,25,1,337,513,2
2,114,50,0.5,0.1,0.15,0.1,1,1,2,40,"post_fragmentation","chessboard",174,2425,49,25,1,337,515,1
2,114,50,0.5,0.1,0.15,0.1,1,1,2,40,"post_fragmentation","chessboard",174,2425,49,25,1,337,520,1
2,114,50,0.5,0.1,0.15,0.1,1,1,2,40,"post_fragmentation","chessboard",174,2425,49,25,1,337,526,2
2,114,50,0.5,0.1,0.15,0.1,1,1,2,40,"post_fragmentation","chessboard",174,2425,49,25,1,337,539,1
2,114,50,0.5,0.1,0.15,0.1,1,1,2,40,"post_fragmentation","chessboard",174,2425,49,25,1,337,553,6
2,114,50,0.5,0.1,0.15,0.1,1,1,2,40,"post_fragmentation","chessboard",174,2425,49,25,1,337,557,1
2,114,50,0.5,0.1,0.15,0.1,1,1,2,40,"post_fragmentation","chessboard",174,2425,49,25,1,337,576,2
2,114,50,0.5,0.1,0.15,0.1,1,1,2,40,"post_fragmentation","chessboard",174,2425,49,25,1,337,580,2
2,114,50,0.5,0.1,0.15,0.1,1,1,2,40,"post_fragmentation","chessboard",174,2425,49,25,1,337,589,1
2,114,50,0.5,0.1,0.15,0.1,1,1,2,40,"post_fragmentation","chessboard",175,2427,49,27,1,337,338,1
2,114,50,0.5,0.1,0.15,0.1,1,1,2,40,"post_fragmentation","chessboard",175,2427,49,27,1,337,350,1
2,114,50,0.5,0.1,0.15,0.1,1,1,2,40,"post_fragmentation","chessboard",175,2427,49,27,1,337,379,1
2,114,50,0.5,0.1,0.15,0.1,1,1,2,40,"post_fragmentation","chessboard",175,2427,49,27,1,337,392,1
2,114,50,0.5,0.1,0.15,0.1,1,1,2,40,"post_fragmentation","chessboard",175,2427,49,27,1,337,398,2
2,114,50,0.5,0.1,0.15,0.1,1,1,2,40,"post_fragmentation","chessboard",175,2427,49,27,1,337,411,4
2,114,50,0.5,0.1,0.15,0.1,1,1,2,40,"post_fragmentation","chessboard",175,2427,49,27,1,337,415,1
2,114,50,0.5,0.1,0.15,0.1,1,1,2,40,"post_fragmentation","chessboard",175,2427,49,27,1,337,432,3
2,114,50,0.5,0.1,0.15,0.1,1,1,2,40,"post_fragmentation","chessboard",175,2427,49,27,1,337,435,3
2,114,50,0.5,0.1,0.15,0.1,1,1,2,40,"post_fragmentation","chessboard",175,2427,49,27,1,337,448,1
2,114,50,0.5,0.1,0.15,0.1,1,1,2,40,"post_fragmentation","chessboard",175,2427,49,27,1,337,460,2
2,114,50,0.5,0.1,0.15,0.1,1,1,2,40,"post_fragmentation","chessboard",175,2427,49,27,1,337,476,1
2,114,50,0.5,0.1,0.15,0.1,1,1,2,40,"post_fragmentation","chessboard",175,2427,49,27,1,337,497,2
2,114,50,0.5,0.1,0.15,0.1,1,1,2,40,"post_fragmentation","chessboard",175,2427,49,27,1,337,501,1
2,114,50,0.5,0.1,0.15,0.1,1,1,2,40,"post_fragmentation","chessboard",175,2427,49,27,1,337,510,1
2,114,50,0.5,0.1,0.15,0.1,1,1,2,40,"post_fragmentation","chessboard",175,2427,49,27,1,337,513,3
2,114,50,0.5,0.1,0.15,0.1,1,1,2,40,"post_fragmentation","chessboard",175,2427,49,27,1,337,515,1
2,114,50,0.5,0.1,0.15,0.1,1,1,2,40,"post_fragmentation","chessboard",175,2427,49,27,1,337,526,2
2,114,50,0.5,0.1,0.15,0.1,1,1,2,40,"post_fragmentation","chessboard",175,2427,49,27,1,337,539,1
2,114,50,0.5,0.1,0.15,0.1,1,1,2,40,"post_fragmentation","chessboard",175,2427,49,27,1,337,550,2
2,114,50,0.5,0.1,0.15,0.1,1,1,2,40,"post_fragmentation","chessboard",175,2427,49,27,1,337,564,1
2,114,50,0.5,0.1,0.15,0.1,1,1,2,40,"post_fragmentation","chessboard",175,2427,49,27,1,337,576,1
2,114,50,0.5,0.1,0.15,0.1,1,1,2,40,"post_fragmentation","chessboard",176,2429,49,29,1,337,338,1
2,114,50,0.5,0.1,0.15,0.1,1,1,2,40,"post_fragmentation","chessboard",176,2429,49,29,1,337,342,1
2,114,50,0.5,0.1,0.15,0.1,1,1,2,40,"post_fragmentation","chessboard",176,2429,49,29,1,337,365,3
2,114,50,0.5,0.1,0.15,0.1,1,1,2,40,"post_fragmentation","chessboard",176,2429,49,29,1,337,367,3
2,114,50,0.5,0.1,0.15,0.1,1,1,2,40,"post_fragmentation","chessboard",176,2429,49,29,1,337,368,1
2,114,50,0.5,0.1,0.15,0.1,1,1,2,40,"post_fragmentation","chessboard",176,2429,49,29,1,337,379,2
2,114,50,0.5,0.1,0.15,0.1,1,1,2,40,"post_fragmentation","chessboard",176,2429,49,29,1,337,388,2
2,114,50,0.5,0.1,0.15,0.1,1,1,2,40,"post_fragmentation","chessboard",176,2429,49,29,1,337,392,7
2,114,50,0.5,0.1,0.15,0.1,1,1,2,40,"post_fragmentation","chessboard",176,2429,49,29,1,337,396,1
2,114,50,0.5,0.1,0.15,0.1,1,1,2,40,"post_fragmentation","chessboard",176,2429,49,29,1,337,398,5
2,114,50,0.5,0.1,0.15,0.1,1,1,2,40,"post_fragmentation","chessboard",176,2429,49,29,1,337,411,1
2,114,50,0.5,0.1,0.15,0.1,1,1,2,40,"post_fragmentation","chessboard",176,2429,49,29,1,337,414,1
2,114,50,0.5,0.1,0.15,0.1,1,1,2,40,"post_fragmentation","chessboard",176,2429,49,29,1,337,415,1
2,114,50,0.5,0.1,0.15,0.1,1,1,2,40,"post_fragmentation","chessboard",176,2429,49,29,1,337,419,1
2,114,50,0.5,0.1,0.15,0.1,1,1,2,40,"post_fragmentation","chessboard",176,2429,49,29,1,337,432,1
2,114,50,0.5,0.1,0.15,0.1,1,1,2,40,"post_fragmentation","chessboard",176,2429,49,29,1,337,448,1
2,114,50,0.5,0.1,0.15,0.1,1,1,2,40,"post_fragmentation","chessboard",176,2429,49,29,1,337,465,1
2,114,50,0.5,0.1,0.15,0.1,1,1,2,40,"post_fragmentation","chessboard",176,2429,49,29,1,337,471,1
2,114,50,0.5,0.1,0.15,0.1,1,1,2,40,"post_fragmentation","chessboard",176,2429,49,29,1,337,474,1
2,114,50,0.5,0.1,0.15,0.1,1,1,2,40,"post_fragmentation","chessboard",176,2429,49,29,1,337,476,3
2,114,50,0.5,0.1,0.15,0.1,1,1,2,40,"post_fragmentation","chessboard",176,2429,49,29,1,337,481,3
2,114,50,0.5,0.1,0.15,0.1,1,1,2,40,"post_fragmentation","chessboard",176,2429,49,29,1,337,510,1
2,114,50,0.5,0.1,0.15,0.1,1,1,2,40,"post_fragmentation","chessboard",177,2431,49,31,1,337,248,1
2,114,50,0.5,0.1,0.15,0.1,1,1,2,40,"post_fragmentation","chessboard",177,2431,49,31,1,337,310,1
2,114,50,0.5,0.1,0.15,0.1,1,1,2,40,"post_fragmentation","chessboard",177,2431,49,31,1,337,329,2
2,114,50,0.5,0.1,0.15,0.1,1,1,2,40,"post_fragmentation","chessboard",177,2431,49,31,1,337,354,1
2,114,50,0.5,0.1,0.15,0.1,1,1,2,40,"post_fragmentation","chessboard",177,2431,49,31,1,337,363,1
2,114,50,0.5,0.1,0.15,0.1,1,1,2,40,"post_fragmentation","chessboard",177,2431,49,31,1,337,368,1
2,114,50,0.5,0.1,0.15,0.1,1,1,2,40,"post_fragmentation","chessboard",177,2431,49,31,1,337,379,1
2,114,50,0.5,0.1,0.15,0.1,1,1,2,40,"post_fragmentation","chessboard",177,2431,49,31,1,337,391,1
2,114,50,0.5,0.1,0.15,0.1,1,1,2,40,"post_fragmentation","chessboard",177,2431,49,31,1,337,392,1
2,114,50,0.5,0.1,0.15,0.1,1,1,2,40,"post_fragmentation","chessboard",177,2431,49,31,1,337,396,8
2,114,50,0.5,0.1,0.15,0.1,1,1,2,40,"post_fragmentation","chessboard",177,2431,49,31,1,337,397,1
2,114,50,0.5,0.1,0.15,0.1,1,1,2,40,"post_fragmentation","chessboard",177,2431,49,31,1,337,398,7
2,114,50,0.5,0.1,0.15,0.1,1,1,2,40,"post_fragmentation","chessboard",177,2431,49,31,1,337,414,1
2,114,50,0.5,0.1,0.15,0.1,1,1,2,40,"post_fragmentation","chessboard",177,2431,49,31,1,337,415,1
2,114,50,0.5,0.1,0.15,0.1,1,1,2,40,"post_fragmentation","chessboard",177,2431,49,31,1,337,437,5
2,114,50,0.5,0.1,0.15,0.1,1,1,2,40,"post_fragmentation","chessboard",177,2431,49,31,1,337,441,4
2,114,50,0.5,0.1,0.15,0.1,1,1,2,40,"post_fragmentation","chessboard",177,2431,49,31,1,337,448,2
2,114,50,0.5,0.1,0.15,0.1,1,1,2,40,"post_fragmentation","chessboard",177,2431,49,31,1,337,465,2
2,114,50,0.5,0.1,0.15,0.1,1,1,2,40,"post_fragmentation","chessboard",177,2431,49,31,1,337,471,1
2,114,50,0.5,0.1,0.15,0.1,1,1,2,40,"post_fragmentation","chessboard",177,2431,49,31,1,337,501,1
2,114,50,0.5,0.1,0.15,0.1,1,1,2,40,"post_fragmentation","chessboard",177,2431,49,31,1,337,513,1
2,114,50,0.5,0.1,0.15,0.1,1,1,2,40,"post_fragmentation","chessboard",178,2476,50,26,1,337,470,1
2,114,50,0.5,0.1,0.15,0.1,1,1,2,40,"post_fragmentation","chessboard",178,2476,50,26,1,337,539,1
2,114,50,0.5,0.1,0.15,0.1,1,1,2,40,"post_fragmentation","chessboard",178,2476,50,26,1,337,553,1
2,114,50,0.5,0.1,0.15,0.1,1,1,2,40,"post_fragmentation","chessboard",178,2476,50,26,1,337,580,1
2,114,50,0.5,0.1,0.15,0.1,1,1,2,40,"post_fragmentation","chessboard",178,2476,50,26,1,337,581,1
2,114,50,0.5,0.1,0.15,0.1,1,1,2,40,"post_fragmentation","chessboard",179,2478,50,28,1,337,363,1
2,114,50,0.5,0.1,0.15,0.1,1,1,2,40,"post_fragmentation","chessboard",179,2478,50,28,1,337,398,1
2,114,50,0.5,0.1,0.15,0.1,1,1,2,40,"post_fragmentation","chessboard",179,2478,50,28,1,337,415,1
2,114,50,0.5,0.1,0.15,0.1,1,1,2,40,"post_fragmentation","chessboard",179,2478,50,28,1,337,432,1
2,114,50,0.5,0.1,0.15,0.1,1,1,2,40,"post_fragmentation","chessboard",179,2478,50,28,1,337,448,1
2,114,50,0.5,0.1,0.15,0.1,1,1,2,40,"post_fragmentation","chessboard",179,2478,50,28,1,337,460,4
2,114,50,0.5,0.1,0.15,0.1,1,1,2,40,"post_fragmentation","chessboard",179,2478,50,28,1,337,465,1
2,114,50,0.5,0.1,0.15,0.1,1,1,2,40,"post_fragmentation","chessboard",179,2478,50,28,1,337,476,1
2,114,50,0.5,0.1,0.15,0.1,1,1,2,40,"post_fragmentation","chessboard",179,2478,50,28,1,337,481,2
2,114,50,0.5,0.1,0.15,0.1,1,1,2,40,"post_fragmentation","chessboard",179,2478,50,28,1,337,497,1
2,114,50,0.5,0.1,0.15,0.1,1,1,2,40,"post_fragmentation","chessboard",179,2478,50,28,1,337,498,2
2,114,50,0.5,0.1,0.15,0.1,1,1,2,40,"post_fragmentation","chessboard",179,2478,50,28,1,337,510,1
2,114,50,0.5,0.1,0.15,0.1,1,1,2,40,"post_fragmentation","chessboard",179,2478,50,28,1,337,513,3
2,114,50,0.5,0.1,0.15,0.1,1,1,2,40,"post_fragmentation","chessboard",179,2478,50,28,1,337,515,2
2,114,50,0.5,0.1,0.15,0.1,1,1,2,40,"post_fragmentation","chessboard",179,2478,50,28,1,337,525,2
2,114,50,0.5,0.1,0.15,0.1,1,1,2,40,"post_fragmentation","chessboard",179,2478,50,28,1,337,526,3
2,114,50,0.5,0.1,0.15,0.1,1,1,2,40,"post_fragmentation","chessboard",179,2478,50,28,1,337,539,3
2,114,50,0.5,0.1,0.15,0.1,1,1,2,40,"post_fragmentation","chessboard",179,2478,50,28,1,337,550,1
2,114,50,0.5,0.1,0.15,0.1,1,1,2,40,"post_fragmentation","chessboard",179,2478,50,28,1,337,564,3
2,114,50,0.5,0.1,0.15,0.1,1,1,2,40,"post_fragmentation","chessboard",179,2478,50,28,1,337,568,1
2,114,50,0.5,0.1,0.15,0.1,1,1,2,40,"post_fragmentation","chessboard",179,2478,50,28,1,337,580,2
2,114,50,0.5,0.1,0.15,0.1,1,1,2,100,"final","chessboard",1,270,6,20,2,3,NA,NA
2,114,50,0.5,0.1,0.15,0.1,1,1,2,100,"final","chessboard",2,615,13,15,4,10,553,2
2,114,50,0.5,0.1,0.15,0.1,1,1,2,100,"final","chessboard",3,662,14,12,4,10,407,2
2,114,50,0.5,0.1,0.15,0.1,1,1,2,100,"final","chessboard",3,662,14,12,4,10,456,2
2,114,50,0.5,0.1,0.15,0.1,1,1,2,100,"final","chessboard",3,662,14,12,4,10,484,4
2,114,50,0.5,0.1,0.15,0.1,1,1,2,100,"final","chessboard",3,662,14,12,4,10,489,4
2,114,50,0.5,0.1,0.15,0.1,1,1,2,100,"final","chessboard",4,664,14,14,4,10,407,1
2,114,50,0.5,0.1,0.15,0.1,1,1,2,100,"final","chessboard",4,664,14,14,4,10,456,4
2,114,50,0.5,0.1,0.15,0.1,1,1,2,100,"final","chessboard",4,664,14,14,4,10,484,4
2,114,50,0.5,0.1,0.15,0.1,1,1,2,100,"final","chessboard",4,664,14,14,4,10,489,4
2,114,50,0.5,0.1,0.15,0.1,1,1,2,100,"final","chessboard",5,713,15,13,4,10,407,1
2,114,50,0.5,0.1,0.15,0.1,1,1,2,100,"final","chessboard",5,713,15,13,4,10,416,2
2,114,50,0.5,0.1,0.15,0.1,1,1,2,100,"final","chessboard",5,713,15,13,4,10,456,7
2,114,50,0.5,0.1,0.15,0.1,1,1,2,100,"final","chessboard",5,713,15,13,4,10,484,1
2,114,50,0.5,0.1,0.15,0.1,1,1,2,100,"final","chessboard",5,713,15,13,4,10,489,2
2,114,50,0.5,0.1,0.15,0.1,1,1,2,100,"final","chessboard",6,715,15,15,4,10,NA,NA
2,114,50,0.5,0.1,0.15,0.1,1,1,2,100,"final","chessboard",7,807,17,7,6,3,NA,NA
2,114,50,0.5,0.1,0.15,0.1,1,1,2,100,"final","chessboard",8,811,17,11,5,3,456,1
2,114,50,0.5,0.1,0.15,0.1,1,1,2,100,"final","chessboard",9,958,20,8,7,2,NA,NA
2,114,50,0.5,0.1,0.15,0.1,1,1,2,100,"final","chessboard",10,1076,22,26,8,5,385,1
2,114,50,0.5,0.1,0.15,0.1,1,1,2,100,"final","chessboard",10,1076,22,26,8,5,386,2
2,114,50,0.5,0.1,0.15,0.1,1,1,2,100,"final","chessboard",10,1076,22,26,8,5,419,5
2,114,50,0.5,0.1,0.15,0.1,1,1,2,100,"final","chessboard",10,1076,22,26,8,5,478,2
2,114,50,0.5,0.1,0.15,0.1,1,1,2,100,"final","chessboard",11,1176,24,26,8,5,385,1
2,114,50,0.5,0.1,0.15,0.1,1,1,2,100,"final","chessboard",11,1176,24,26,8,5,399,1
2,114,50,0.5,0.1,0.15,0.1,1,1,2,100,"final","chessboard",11,1176,24,26,8,5,432,1
2,114,50,0.5,0.1,0.15,0.1,1,1,2,100,"final","chessboard",11,1176,24,26,8,5,479,1
2,114,50,0.5,0.1,0.15,0.1,1,1,2,100,"final","chessboard",11,1176,24,26,8,5,481,1
2,114,50,0.5,0.1,0.15,0.1,1,1,2,100,"final","chessboard",11,1176,24,26,8,5,502,1
2,114,50,0.5,0.1,0.15,0.1,1,1,2,100,"final","chessboard",12,1178,24,28,8,5,NA,NA
2,114,50,0.5,0.1,0.15,0.1,1,1,2,100,"final","chessboard",13,1276,26,26,1,337,323,2
2,114,50,0.5,0.1,0.15,0.1,1,1,2,100,"final","chessboard",13,1276,26,26,1,337,324,2
2,114,50,0.5,0.1,0.15,0.1,1,1,2,100,"final","chessboard",13,1276,26,26,1,337,338,1
2,114,50,0.5,0.1,0.15,0.1,1,1,2,100,"final","chessboard",13,1276,26,26,1,337,351,1
2,114,50,0.5,0.1,0.15,0.1,1,1,2,100,"final","chessboard",13,1276,26,26,1,337,376,2
2,114,50,0.5,0.1,0.15,0.1,1,1,2,100,"final","chessboard",13,1276,26,26,1,337,384,2
2,114,50,0.5,0.1,0.15,0.1,1,1,2,100,"final","chessboard",13,1276,26,26,1,337,385,8
2,114,50,0.5,0.1,0.15,0.1,1,1,2,100,"final","chessboard",13,1276,26,26,1,337,386,2
2,114,50,0.5,0.1,0.15,0.1,1,1,2,100,"final","chessboard",13,1276,26,26,1,337,387,1
2,114,50,0.5,0.1,0.15,0.1,1,1,2,100,"final","chessboard",13,1276,26,26,1,337,389,2
2,114,50,0.5,0.1,0.15,0.1,1,1,2,100,"final","chessboard",13,1276,26,26,1,337,391,1
2,114,50,0.5,0.1,0.15,0.1,1,1,2,100,"final","chessboard",13,1276,26,26,1,337,398,3
2,114,50,0.5,0.1,0.15,0.1,1,1,2,100,"final","chessboard",13,1276,26,26,1,337,399,1
2,114,50,0.5,0.1,0.15,0.1,1,1,2,100,"final","chessboard",13,1276,26,26,1,337,407,1
2,114,50,0.5,0.1,0.15,0.1,1,1,2,100,"final","chessboard",13,1276,26,26,1,337,411,1
2,114,50,0.5,0.1,0.15,0.1,1,1,2,100,"final","chessboard",13,1276,26,26,1,337,434,1
2,114,50,0.5,0.1,0.15,0.1,1,1,2,100,"final","chessboard",13,1276,26,26,1,337,443,1
2,114,50,0.5,0.1,0.15,0.1,1,1,2,100,"final","chessboard",13,1276,26,26,1,337,479,1
2,114,50,0.5,0.1,0.15,0.1,1,1,2,100,"final","chessboard",14,1325,27,25,1,337,274,1
2,114,50,0.5,0.1,0.15,0.1,1,1,2,100,"final","chessboard",14,1325,27,25,1,337,341,1
2,114,50,0.5,0.1,0.15,0.1,1,1,2,100,"final","chessboard",14,1325,27,25,1,337,376,1
2,114,50,0.5,0.1,0.15,0.1,1,1,2,100,"final","chessboard",14,1325,27,25,1,337,384,3
2,114,50,0.5,0.1,0.15,0.1,1,1,2,100,"final","chessboard",14,1325,27,25,1,337,385,3
2,114,50,0.5,0.1,0.15,0.1,1,1,2,100,"final","chessboard",14,1325,27,25,1,337,386,2
2,114,50,0.5,0.1,0.15,0.1,1,1,2,100,"final","chessboard",14,1325,27,25,1,337,398,1
2,114,50,0.5,0.1,0.15,0.1,1,1,2,100,"final","chessboard",14,1325,27,25,1,337,406,2
2,114,50,0.5,0.1,0.15,0.1,1,1,2,100,"final","chessboard",14,1325,27,25,1,337,407,1
2,114,50,0.5,0.1,0.15,0.1,1,1,2,100,"final","chessboard",14,1325,27,25,1,337,412,2
2,114,50,0.5,0.1,0.15,0.1,1,1,2,100,"final","chessboard",14,1325,27,25,1,337,419,2
2,114,50,0.5,0.1,0.15,0.1,1,1,2,100,"final","chessboard",14,1325,27,25,1,337,432,1
2,114,50,0.5,0.1,0.15,0.1,1,1,2,100,"final","chessboard",14,1325,27,25,1,337,441,1
2,114,50,0.5,0.1,0.15,0.1,1,1,2,100,"final","chessboard",14,1325,27,25,1,337,473,1
2,114,50,0.5,0.1,0.15,0.1,1,1,2,100,"final","chessboard",14,1325,27,25,1,337,480,1
2,114,50,0.5,0.1,0.15,0.1,1,1,2,100,"final","chessboard",14,1325,27,25,1,337,481,1
2,114,50,0.5,0.1,0.15,0.1,1,1,2,100,"final","chessboard",14,1325,27,25,1,337,500,4
2,114,50,0.5,0.1,0.15,0.1,1,1,2,100,"final","chessboard",14,1325,27,25,1,337,502,3
2,114,50,0.5,0.1,0.15,0.1,1,1,2,100,"final","chessboard",14,1325,27,25,1,337,506,2
2,114,50,0.5,0.1,0.15,0.1,1,1,2,100,"final","chessboard",14,1325,27,25,1,337,523,1
2,114,50,0.5,0.1,0.15,0.1,1,1,2,100,"final","chessboard",15,1327,27,27,1,337,324,1
2,114,50,0.5,0.1,0.15,0.1,1,1,2,100,"final","chessboard",15,1327,27,27,1,337,330,1
2,114,50,0.5,0.1,0.15,0.1,1,1,2,100,"final","chessboard",15,1327,27,27,1,337,350,1
2,114,50,0.5,0.1,0.15,0.1,1,1,2,100,"final","chessboard",15,1327,27,27,1,337,351,2
2,114,50,0.5,0.1,0.15,0.1,1,1,2,100,"final","chessboard",15,1327,27,27,1,337,370,2
2,114,50,0.5,0.1,0.15,0.1,1,1,2,100,"final","chessboard",15,1327,27,27,1,337,376,2
2,114,50,0.5,0.1,0.15,0.1,1,1,2,100,"final","chessboard",15,1327,27,27,1,337,385,3
2,114,50,0.5,0.1,0.15,0.1,1,1,2,100,"final","chessboard",15,1327,27,27,1,337,386,3
2,114,50,0.5,0.1,0.15,0.1,1,1,2,100,"final","chessboard",15,1327,27,27,1,337,387,1
2,114,50,0.5,0.1,0.15,0.1,1,1,2,100,"final","chessboard",15,1327,27,27,1,337,389,1
2,114,50,0.5,0.1,0.15,0.1,1,1,2,100,"final","chessboard",15,1327,27,27,1,337,398,2
2,114,50,0.5,0.1,0.15,0.1,1,1,2,100,"final","chessboard",15,1327,27,27,1,337,399,2
2,114,50,0.5,0.1,0.15,0.1,1,1,2,100,"final","chessboard",15,1327,27,27,1,337,404,2
2,114,50,0.5,0.1,0.15,0.1,1,1,2,100,"final","chessboard",15,1327,27,27,1,337,407,1
2,114,50,0.5,0.1,0.15,0.1,1,1,2,100,"final","chessboard",15,1327,27,27,1,337,410,1
2,114,50,0.5,0.1,0.15,0.1,1,1,2,100,"final","chessboard",15,1327,27,27,1,337,411,1
2,114,50,0.5,0.1,0.15,0.1,1,1,2,100,"final","chessboard",15,1327,27,27,1,337,422,1
2,114,50,0.5,0.1,0.15,0.1,1,1,2,100,"final","chessboard",15,1327,27,27,1,337,426,1
2,114,50,0.5,0.1,0.15,0.1,1,1,2,100,"final","chessboard",15,1327,27,27,1,337,429,3
2,114,50,0.5,0.1,0.15,0.1,1,1,2,100,"final","chessboard",15,1327,27,27,1,337,432,1
2,114,50,0.5,0.1,0.15,0.1,1,1,2,100,"final","chessboard",15,1327,27,27,1,337,473,1
2,114,50,0.5,0.1,0.15,0.1,1,1,2,100,"final","chessboard",15,1327,27,27,1,337,500,1
2,114,50,0.5,0.1,0.15,0.1,1,1,2,100,"final","chessboard",15,1327,27,27,1,337,524,1
2,114,50,0.5,0.1,0.15,0.1,1,1,2,100,"final","chessboard",16,1329,27,29,1,337,351,1
2,114,50,0.5,0.1,0.15,0.1,1,1,2,100,"final","chessboard",16,1329,27,29,1,337,353,1
2,114,50,0.5,0.1,0.15,0.1,1,1,2,100,"final","chessboard",16,1329,27,29,1,337,379,2
2,114,50,0.5,0.1,0.15,0.1,1,1,2,100,"final","chessboard",16,1329,27,29,1,337,385,3
2,114,50,0.5,0.1,0.15,0.1,1,1,2,100,"final","chessboard",16,1329,27,29,1,337,386,1
2,114,50,0.5,0.1,0.15,0.1,1,1,2,100,"final","chessboard",16,1329,27,29,1,337,389,3
2,114,50,0.5,0.1,0.15,0.1,1,1,2,100,"final","chessboard",16,1329,27,29,1,337,398,2
2,114,50,0.5,0.1,0.15,0.1,1,1,2,100,"final","chessboard",16,1329,27,29,1,337,399,3
2,114,50,0.5,0.1,0.15,0.1,1,1,2,100,"final","chessboard",16,1329,27,29,1,337,410,1
2,114,50,0.5,0.1,0.15,0.1,1,1,2,100,"final","chessboard",16,1329,27,29,1,337,426,3
2,114,50,0.5,0.1,0.15,0.1,1,1,2,100,"final","chessboard",16,1329,27,29,1,337,446,3
2,114,50,0.5,0.1,0.15,0.1,1,1,2,100,"final","chessboard",16,1329,27,29,1,337,460,1
2,114,50,0.5,0.1,0.15,0.1,1,1,2,100,"final","chessboard",16,1329,27,29,1,337,473,1
2,114,50,0.5,0.1,0.15,0.1,1,1,2,100,"final","chessboard",16,1329,27,29,1,337,481,4
2,114,50,0.5,0.1,0.15,0.1,1,1,2,100,"final","chessboard",17,1376,28,26,1,337,350,1
2,114,50,0.5,0.1,0.15,0.1,1,1,2,100,"final","chessboard",17,1376,28,26,1,337,353,1
2,114,50,0.5,0.1,0.15,0.1,1,1,2,100,"final","chessboard",17,1376,28,26,1,337,376,2
2,114,50,0.5,0.1,0.15,0.1,1,1,2,100,"final","chessboard",17,1376,28,26,1,337,379,3
2,114,50,0.5,0.1,0.15,0.1,1,1,2,100,"final","chessboard",17,1376,28,26,1,337,382,2
2,114,50,0.5,0.1,0.15,0.1,1,1,2,100,"final","chessboard",17,1376,28,26,1,337,384,3
2,114,50,0.5,0.1,0.15,0.1,1,1,2,100,"final","chessboard",17,1376,28,26,1,337,385,3
2,114,50,0.5,0.1,0.15,0.1,1,1,2,100,"final","chessboard",17,1376,28,26,1,337,386,1
2,114,50,0.5,0.1,0.15,0.1,1,1,2,100,"final","chessboard",17,1376,28,26,1,337,387,2
2,114,50,0.5,0.1,0.15,0.1,1,1,2,100,"final","chessboard",17,1376,28,26,1,337,389,1
2,114,50,0.5,0.1,0.15,0.1,1,1,2,100,"final","chessboard",17,1376,28,26,1,337,391,2
2,114,50,0.5,0.1,0.15,0.1,1,1,2,100,"final","chessboard",17,1376,28,26,1,337,398,1
2,114,50,0.5,0.1,0.15,0.1,1,1,2,100,"final","chessboard",17,1376,28,26,1,337,399,3
2,114,50,0.5,0.1,0.15,0.1,1,1,2,100,"final","chessboard",17,1376,28,26,1,337,410,1
2,114,50,0.5,0.1,0.15,0.1,1,1,2,100,"final","chessboard",17,1376,28,26,1,337,411,1
2,114,50,0.5,0.1,0.15,0.1,1,1,2,100,"final","chessboard",17,1376,28,26,1,337,419,7
2,114,50,0.5,0.1,0.15,0.1,1,1,2,100,"final","chessboard",17,1376,28,26,1,337,422,2
2,114,50,0.5,0.1,0.15,0.1,1,1,2,100,"final","chessboard",17,1376,28,26,1,337,426,1
2,114,50,0.5,0.1,0.15,0.1,1,1,2,100,"final","chessboard",17,1376,28,26,1,337,427,1
2,114,50,0.5,0.1,0.15,0.1,1,1,2,100,"final","chessboard",17,1376,28,26,1,337,443,1
2,114,50,0.5,0.1,0.15,0.1,1,1,2,100,"final","chessboard",17,1376,28,26,1,337,459,2
2,114,50,0.5,0.1,0.15,0.1,1,1,2,100,"final","chessboard",17,1376,28,26,1,337,460,1
2,114,50,0.5,0.1,0.15,0.1,1,1,2,100,"final","chessboard",17,1376,28,26,1,337,500,1
2,114,50,0.5,0.1,0.15,0.1,1,1,2,100,"final","chessboard",18,1378,28,28,1,337,386,1
2,114,50,0.5,0.1,0.15,0.1,1,1,2,100,"final","chessboard",18,1378,28,28,1,337,391,4
2,114,50,0.5,0.1,0.15,0.1,1,1,2,100,"final","chessboard",18,1378,28,28,1,337,398,1
2,114,50,0.5,0.1,0.15,0.1,1,1,2,100,"final","chessboard",18,1378,28,28,1,337,399,1
2,114,50,0.5,0.1,0.15,0.1,1,1,2,100,"final","chessboard",18,1378,28,28,1,337,404,1
2,114,50,0.5,0.1,0.15,0.1,1,1,2,100,"final","chessboard",18,1378,28,28,1,337,410,1
2,114,50,0.5,0.1,0.15,0.1,1,1,2,100,"final","chessboard",18,1378,28,28,1,337,419,5
2,114,50,0.5,0.1,0.15,0.1,1,1,2,100,"final","chessboard",18,1378,28,28,1,337,426,5
2,114,50,0.5,0.1,0.15,0.1,1,1,2,100,"final","chessboard",18,1378,28,28,1,337,429,1
2,114,50,0.5,0.1,0.15,0.1,1,1,2,100,"final","chessboard",18,1378,28,28,1,337,430,2
2,114,50,0.5,0.1,0.15,0.1,1,1,2,100,"final","chessboard",18,1378,28,28,1,337,460,1
2,114,50,0.5,0.1,0.15,0.1,1,1,2,100,"final","chessboard",18,1378,28,28,1,337,464,1
2,114,50,0.5,0.1,0.15,0.1,1,1,2,100,"final","chessboard",18,1378,28,28,1,337,473,4
2,114,50,0.5,0.1,0.15,0.1,1,1,2,100,"final","chessboard",18,1378,28,28,1,337,481,1
2,114,50,0.5,0.1,0.15,0.1,1,1,2,100,"final","chessboard",19,1421,29,21,1,337,419,1
2,114,50,0.5,0.1,0.15,0.1,1,1,2,100,"final","chessboard",19,1421,29,21,1,337,432,1
2,114,50,0.5,0.1,0.15,0.1,1,1,2,100,"final","chessboard",19,1421,29,21,1,337,473,1
2,114,50,0.5,0.1,0.15,0.1,1,1,2,100,"final","chessboard",19,1421,29,21,1,337,481,2
2,114,50,0.5,0.1,0.15,0.1,1,1,2,100,"final","chessboard",19,1421,29,21,1,337,483,1
2,114,50,0.5,0.1,0.15,0.1,1,1,2,100,"final","chessboard",19,1421,29,21,1,337,484,2
2,114,50,0.5,0.1,0.15,0.1,1,1,2,100,"final","chessboard",19,1421,29,21,1,337,491,1
2,114,50,0.5,0.1,0.15,0.1,1,1,2,100,"final","chessboard",19,1421,29,21,1,337,495,1
2,114,50,0.5,0.1,0.15,0.1,1,1,2,100,"final","chessboard",19,1421,29,21,1,337,507,2
2,114,50,0.5,0.1,0.15,0.1,1,1,2,100,"final","chessboard",19,1421,29,21,1,337,523,3
2,114,50,0.5,0.1,0.15,0.1,1,1,2,100,"final","chessboard",19,1421,29,21,1,337,524,3
2,114,50,0.5,0.1,0.15,0.1,1,1,2,100,"final","chessboard",20,1423,29,23,1,337,351,1
2,114,50,0.5,0.1,0.15,0.1,1,1,2,100,"final","chessboard",20,1423,29,23,1,337,379,3
2,114,50,0.5,0.1,0.15,0.1,1,1,2,100,"final","chessboard",20,1423,29,23,1,337,386,2
2,114,50,0.5,0.1,0.15,0.1,1,1,2,100,"final","chessboard",20,1423,29,23,1,337,391,1
2,114,50,0.5,0.1,0.15,0.1,1,1,2,100,"final","chessboard",20,1423,29,23,1,337,398,2
2,114,50,0.5,0.1,0.15,0.1,1,1,2,100,"final","chessboard",20,1423,29,23,1,337,426,1
2,114,50,0.5,0.1,0.15,0.1,1,1,2,100,"final","chessboard",20,1423,29,23,1,337,432,3
2,114,50,0.5,0.1,0.15,0.1,1,1,2,100,"final","chessboard",20,1423,29,23,1,337,434,1
2,114,50,0.5,0.1,0.15,0.1,1,1,2,100,"final","chessboard",20,1423,29,23,1,337,446,3
2,114,50,0.5,0.1,0.15,0.1,1,1,2,100,"final","chessboard",20,1423,29,23,1,337,460,2
2,114,50,0.5,0.1,0.15,0.1,1,1,2,100,"final","chessboard",20,1423,29,23,1,337,464,1
2,114,50,0.5,0.1,0.15,0.1,1,1,2,100,"final","chessboard",20,1423,29,23,1,337,477,1
2,114,50,0.5,0.1,0.15,0.1,1,1,2,100,"final","chessboard",20,1423,29,23,1,337,479,1
2,114,50,0.5,0.1,0.15,0.1,1,1,2,100,"final","chessboard",20,1423,29,23,1,337,481,1
2,114,50,0.5,0.1,0.15,0.1,1,1,2,100,"final","chessboard",20,1423,29,23,1,337,483,2
2,114,50,0.5,0.1,0.15,0.1,1,1,2,100,"final","chessboard",20,1423,29,23,1,337,484,1
2,114,50,0.5,0.1,0.15,0.1,1,1,2,100,"final","chessboard",20,1423,29,23,1,337,486,2
2,114,50,0.5,0.1,0.15,0.1,1,1,2,100,"final","chessboard",20,1423,29,23,1,337,491,1
2,114,50,0.5,0.1,0.15,0.1,1,1,2,100,"final","chessboard",20,1423,29,23,1,337,496,1
2,114,50,0.5,0.1,0.15,0.1,1,1,2,100,"final","chessboard",20,1423,29,23,1,337,523,2
2,114,50,0.5,0.1,0.15,0.1,1,1,2,100,"final","chessboard",20,1423,29,23,1,337,524,1
2,114,50,0.5,0.1,0.15,0.1,1,1,2,100,"final","chessboard",21,1425,29,25,1,337,306,2
2,114,50,0.5,0.1,0.15,0.1,1,1,2,100,"final","chessboard",21,1425,29,25,1,337,322,2
2,114,50,0.5,0.1,0.15,0.1,1,1,2,100,"final","chessboard",21,1425,29,25,1,337,323,2
2,114,50,0.5,0.1,0.15,0.1,1,1,2,100,"final","chessboard",21,1425,29,25,1,337,324,1
2,114,50,0.5,0.1,0.15,0.1,1,1,2,100,"final","chessboard",21,1425,29,25,1,337,350,1
2,114,50,0.5,0.1,0.15,0.1,1,1,2,100,"final","chessboard",21,1425,29,25,1,337,371,3
2,114,50,0.5,0.1,0.15,0.1,1,1,2,100,"final","chessboard",21,1425,29,25,1,337,379,1
2,114,50,0.5,0.1,0.15,0.1,1,1,2,100,"final","chessboard",21,1425,29,25,1,337,384,1
2,114,50,0.5,0.1,0.15,0.1,1,1,2,100,"final","chessboard",21,1425,29,25,1,337,387,2
2,114,50,0.5,0.1,0.15,0.1,1,1,2,100,"final","chessboard",21,1425,29,25,1,337,398,7
2,114,50,0.5,0.1,0.15,0.1,1,1,2,100,"final","chessboard",21,1425,29,25,1,337,410,2
2,114,50,0.5,0.1,0.15,0.1,1,1,2,100,"final","chessboard",21,1425,29,25,1,337,412,3
2,114,50,0.5,0.1,0.15,0.1,1,1,2,100,"final","chessboard",21,1425,29,25,1,337,422,3
2,114,50,0.5,0.1,0.15,0.1,1,1,2,100,"final","chessboard",21,1425,29,25,1,337,426,1
2,114,50,0.5,0.1,0.15,0.1,1,1,2,100,"final","chessboard",21,1425,29,25,1,337,432,4
2,114,50,0.5,0.1,0.15,0.1,1,1,2,100,"final","chessboard",21,1425,29,25,1,337,460,3
2,114,50,0.5,0.1,0.15,0.1,1,1,2,100,"final","chessboard",21,1425,29,25,1,337,473,1
2,114,50,0.5,0.1,0.15,0.1,1,1,2,100,"final","chessboard",21,1425,29,25,1,337,479,1
2,114,50,0.5,0.1,0.15,0.1,1,1,2,100,"final","chessboard",21,1425,29,25,1,337,500,1
2,114,50,0.5,0.1,0.15,0.1,1,1,2,100,"final","chessboard",22,1427,29,27,1,337,375,1
2,114,50,0.5,0.1,0.15,0.1,1,1,2,100,"final","chessboard",22,1427,29,27,1,337,376,1
2,114,50,0.5,0.1,0.15,0.1,1,1,2,100,"final","chessboard",22,1427,29,27,1,337,379,1
2,114,50,0.5,0.1,0.15,0.1,1,1,2,100,"final","chessboard",22,1427,29,27,1,337,385,2
2,114,50,0.5,0.1,0.15,0.1,1,1,2,100,"final","chessboard",22,1427,29,27,1,337,386,2
2,114,50,0.5,0.1,0.15,0.1,1,1,2,100,"final","chessboard",22,1427,29,27,1,337,398,2
2,114,50,0.5,0.1,0.15,0.1,1,1,2,100,"final","chessboard",22,1427,29,27,1,337,412,2
2,114,50,0.5,0.1,0.15,0.1,1,1,2,100,"final","chessboard",22,1427,29,27,1,337,422,2
2,114,50,0.5,0.1,0.15,0.1,1,1,2,100,"final","chessboard",22,1427,29,27,1,337,426,1
2,114,50,0.5,0.1,0.15,0.1,1,1,2,100,"final","chessboard",22,1427,29,27,1,337,429,1
2,114,50,0.5,0.1,0.15,0.1,1,1,2,100,"final","chessboard",22,1427,29,27,1,337,458,3
2,114,50,0.5,0.1,0.15,0.1,1,1,2,100,"final","chessboard",22,1427,29,27,1,337,460,5
2,114,50,0.5,0.1,0.15,0.1,1,1,2,100,"final","chessboard",22,1427,29,27,1,337,473,2
2,114,50,0.5,0.1,0.15,0.1,1,1,2,100,"final","chessboard",22,1427,29,27,1,337,484,1
2,114,50,0.5,0.1,0.15,0.1,1,1,2,100,"final","chessboard",22,1427,29,27,1,337,515,1
2,114,50,0.5,0.1,0.15,0.1,1,1,2,100,"final","chessboard",22,1427,29,27,1,337,553,1
2,114,50,0.5,0.1,0.15,0.1,1,1,2,100,"final","chessboard",23,1458,30,8,1,337,344,1
2,114,50,0.5,0.1,0.15,0.1,1,1,2,100,"final","chessboard",23,1458,30,8,1,337,382,1
2,114,50,0.5,0.1,0.15,0.1,1,1,2,100,"final","chessboard",23,1458,30,8,1,337,386,1
2,114,50,0.5,0.1,0.15,0.1,1,1,2,100,"final","chessboard",23,1458,30,8,1,337,406,2
2,114,50,0.5,0.1,0.15,0.1,1,1,2,100,"final","chessboard",23,1458,30,8,1,337,421,1
2,114,50,0.5,0.1,0.15,0.1,1,1,2,100,"final","chessboard",23,1458,30,8,1,337,479,1
2,114,50,0.5,0.1,0.15,0.1,1,1,2,100,"final","chessboard",24,1460,30,10,1,337,344,1
2,114,50,0.5,0.1,0.15,0.1,1,1,2,100,"final","chessboard",24,1460,30,10,1,337,351,1
2,114,50,0.5,0.1,0.15,0.1,1,1,2,100,"final","chessboard",24,1460,30,10,1,337,359,1
2,114,50,0.5,0.1,0.15,0.1,1,1,2,100,"final","chessboard",24,1460,30,10,1,337,379,1
2,114,50,0.5,0.1,0.15,0.1,1,1,2,100,"final","chessboard",24,1460,30,10,1,337,390,2
2,114,50,0.5,0.1,0.15,0.1,1,1,2,100,"final","chessboard",24,1460,30,10,1,337,408,1
2,114,50,0.5,0.1,0.15,0.1,1,1,2,100,"final","chessboard",24,1460,30,10,1,337,446,1
2,114,50,0.5,0.1,0.15,0.1,1,1,2,100,"final","chessboard",24,1460,30,10,1,337,460,2
2,114,50,0.5,0.1,0.15,0.1,1,1,2,100,"final","chessboard",24,1460,30,10,1,337,487,1
2,114,50,0.5,0.1,0.15,0.1,1,1,2,100,"final","chessboard",24,1460,30,10,1,337,495,1
2,114,50,0.5,0.1,0.15,0.1,1,1,2,100,"final","chessboard",24,1460,30,10,1,337,497,2
2,114,50,0.5,0.1,0.15,0.1,1,1,2,100,"final","chessboard",24,1460,30,10,1,337,518,1
2,114,50,0.5,0.1,0.15,0.1,1,1,2,100,"final","chessboard",25,1468,30,18,1,337,309,2
2,114,50,0.5,0.1,0.15,0.1,1,1,2,100,"final","chessboard",25,1468,30,18,1,337,310,2
2,114,50,0.5,0.1,0.15,0.1,1,1,2,100,"final","chessboard",25,1468,30,18,1,337,324,4
2,114,50,0.5,0.1,0.15,0.1,1,1,2,100,"final","chessboard",25,1468,30,18,1,337,351,1
2,114,50,0.5,0.1,0.15,0.1,1,1,2,100,"final","chessboard",25,1468,30,18,1,337,379,1
2,114,50,0.5,0.1,0.15,0.1,1,1,2,100,"final","chessboard",25,1468,30,18,1,337,386,2
2,114,50,0.5,0.1,0.15,0.1,1,1,2,100,"final","chessboard",25,1468,30,18,1,337,452,1
2,114,50,0.5,0.1,0.15,0.1,1,1,2,100,"final","chessboard",25,1468,30,18,1,337,460,1
2,114,50,0.5,0.1,0.15,0.1,1,1,2,100,"final","chessboard",25,1468,30,18,1,337,523,1
2,114,50,0.5,0.1,0.15,0.1,1,1,2,100,"final","chessboard",26,1470,30,20,1,337,385,1
2,114,50,0.5,0.1,0.15,0.1,1,1,2,100,"final","chessboard",26,1470,30,20,1,337,388,1
2,114,50,0.5,0.1,0.15,0.1,1,1,2,100,"final","chessboard",26,1470,30,20,1,337,391,3
2,114,50,0.5,0.1,0.15,0.1,1,1,2,100,"final","chessboard",26,1470,30,20,1,337,406,1
2,114,50,0.5,0.1,0.15,0.1,1,1,2,100,"final","chessboard",26,1470,30,20,1,337,410,3
2,114,50,0.5,0.1,0.15,0.1,1,1,2,100,"final","chessboard",26,1470,30,20,1,337,432,1
2,114,50,0.5,0.1,0.15,0.1,1,1,2,100,"final","chessboard",26,1470,30,20,1,337,460,3
2,114,50,0.5,0.1,0.15,0.1,1,1,2,100,"final","chessboard",26,1470,30,20,1,337,476,1
2,114,50,0.5,0.1,0.15,0.1,1,1,2,100,"final","chessboard",26,1470,30,20,1,337,477,1
2,114,50,0.5,0.1,0.15,0.1,1,1,2,100,"final","chessboard",26,1470,30,20,1,337,481,3
2,114,50,0.5,0.1,0.15,0.1,1,1,2,100,"final","chessboard",26,1470,30,20,1,337,483,1
2,114,50,0.5,0.1,0.15,0.1,1,1,2,100,"final","chessboard",26,1470,30,20,1,337,484,2
2,114,50,0.5,0.1,0.15,0.1,1,1,2,100,"final","chessboard",26,1470,30,20,1,337,486,2
2,114,50,0.5,0.1,0.15,0.1,1,1,2,100,"final","chessboard",26,1470,30,20,1,337,491,2
2,114,50,0.5,0.1,0.15,0.1,1,1,2,100,"final","chessboard",26,1470,30,20,1,337,493,3
2,114,50,0.5,0.1,0.15,0.1,1,1,2,100,"final","chessboard",26,1470,30,20,1,337,496,1
2,114,50,0.5,0.1,0.15,0.1,1,1,2,100,"final","chessboard",26,1470,30,20,1,337,507,2
2,114,50,0.5,0.1,0.15,0.1,1,1,2,100,"final","chessboard",26,1470,30,20,1,337,523,4
2,114,50,0.5,0.1,0.15,0.1,1,1,2,100,"final","chessboard",27,1472,30,22,1,337,274,1
2,114,50,0.5,0.1,0.15,0.1,1,1,2,100,"final","chessboard",27,1472,30,22,1,337,344,1
2,114,50,0.5,0.1,0.15,0.1,1,1,2,100,"final","chessboard",27,1472,30,22,1,337,350,1
2,114,50,0.5,0.1,0.15,0.1,1,1,2,100,"final","chessboard",27,1472,30,22,1,337,379,2
2,114,50,0.5,0.1,0.15,0.1,1,1,2,100,"final","chessboard",27,1472,30,22,1,337,382,1
2,114,50,0.5,0.1,0.15,0.1,1,1,2,100,"final","chessboard",27,1472,30,22,1,337,385,2
2,114,50,0.5,0.1,0.15,0.1,1,1,2,100,"final","chessboard",27,1472,30,22,1,337,388,1
2,114,50,0.5,0.1,0.15,0.1,1,1,2,100,"final","chessboard",27,1472,30,22,1,337,391,2
2,114,50,0.5,0.1,0.15,0.1,1,1,2,100,"final","chessboard",27,1472,30,22,1,337,399,1
2,114,50,0.5,0.1,0.15,0.1,1,1,2,100,"final","chessboard",27,1472,30,22,1,337,411,1
2,114,50,0.5,0.1,0.15,0.1,1,1,2,100,"final","chessboard",27,1472,30,22,1,337,412,1
2,114,50,0.5,0.1,0.15,0.1,1,1,2,100,"final","chessboard",27,1472,30,22,1,337,419,1
2,114,50,0.5,0.1,0.15,0.1,1,1,2,100,"final","chessboard",27,1472,30,22,1,337,422,1
2,114,50,0.5,0.1,0.15,0.1,1,1,2,100,"final","chessboard",27,1472,30,22,1,337,426,1
2,114,50,0.5,0.1,0.15,0.1,1,1,2,100,"final","chessboard",27,1472,30,22,1,337,429,1
2,114,50,0.5,0.1,0.15,0.1,1,1,2,100,"final","chessboard",27,1472,30,22,1,337,432,1
2,114,50,0.5,0.1,0.15,0.1,1,1,2,100,"final","chessboard",27,1472,30,22,1,337,446,1
2,114,50,0.5,0.1,0.15,0.1,1,1,2,100,"final","chessboard",27,1472,30,22,1,337,458,1
2,114,50,0.5,0.1,0.15,0.1,1,1,2,100,"final","chessboard",27,1472,30,22,1,337,460,4
2,114,50,0.5,0.1,0.15,0.1,1,1,2,100,"final","chessboard",27,1472,30,22,1,337,473,2
2,114,50,0.5,0.1,0.15,0.1,1,1,2,100,"final","chessboard",27,1472,30,22,1,337,477,1
2,114,50,0.5,0.1,0.15,0.1,1,1,2,100,"final","chessboard",27,1472,30,22,1,337,481,4
2,114,50,0.5,0.1,0.15,0.1,1,1,2,100,"final","chessboard",27,1472,30,22,1,337,483,1
2,114,50,0.5,0.1,0.15,0.1,1,1,2,100,"final","chessboard",27,1472,30,22,1,337,491,1
2,114,50,0.5,0.1,0.15,0.1,1,1,2,100,"final","chessboard",27,1472,30,22,1,337,523,4
2,114,50,0.5,0.1,0.15,0.1,1,1,2,100,"final","chessboard",28,1474,30,24,1,337,323,3
2,114,50,0.5,0.1,0.15,0.1,1,1,2,100,"final","chessboard",28,1474,30,24,1,337,327,3
2,114,50,0.5,0.1,0.15,0.1,1,1,2,100,"final","chessboard",28,1474,30,24,1,337,375,2
2,114,50,0.5,0.1,0.15,0.1,1,1,2,100,"final","chessboard",28,1474,30,24,1,337,376,1
2,114,50,0.5,0.1,0.15,0.1,1,1,2,100,"final","chessboard",28,1474,30,24,1,337,379,1
2,114,50,0.5,0.1,0.15,0.1,1,1,2,100,"final","chessboard",28,1474,30,24,1,337,382,2
2,114,50,0.5,0.1,0.15,0.1,1,1,2,100,"final","chessboard",28,1474,30,24,1,337,385,1
2,114,50,0.5,0.1,0.15,0.1,1,1,2,100,"final","chessboard",28,1474,30,24,1,337,386,1
2,114,50,0.5,0.1,0.15,0.1,1,1,2,100,"final","chessboard",28,1474,30,24,1,337,391,1
2,114,50,0.5,0.1,0.15,0.1,1,1,2,100,"final","chessboard",28,1474,30,24,1,337,398,1
2,114,50,0.5,0.1,0.15,0.1,1,1,2,100,"final","chessboard",28,1474,30,24,1,337,399,2
2,114,50,0.5,0.1,0.15,0.1,1,1,2,100,"final","chessboard",28,1474,30,24,1,337,406,1
2,114,50,0.5,0.1,0.15,0.1,1,1,2,100,"final","chessboard",28,1474,30,24,1,337,410,4
2,114,50,0.5,0.1,0.15,0.1,1,1,2,100,"final","chessboard",28,1474,30,24,1,337,419,2
2,114,50,0.5,0.1,0.15,0.1,1,1,2,100,"final","chessboard",28,1474,30,24,1,337,422,1
2,114,50,0.5,0.1,0.15,0.1,1,1,2,100,"final","chessboard",28,1474,30,24,1,337,428,1
2,114,50,0.5,0.1,0.15,0.1,1,1,2,100,"final","chessboard",28,1474,30,24,1,337,432,1
2,114,50,0.5,0.1,0.15,0.1,1,1,2,100,"final","chessboard",28,1474,30,24,1,337,434,2
2,114,50,0.5,0.1,0.15,0.1,1,1,2,100,"final","chessboard",28,1474,30,24,1,337,460,2
2,114,50,0.5,0.1,0.15,0.1,1,1,2,100,"final","chessboard",28,1474,30,24,1,337,476,1
2,114,50,0.5,0.1,0.15,0.1,1,1,2,100,"final","chessboard",28,1474,30,24,1,337,491,2
2,114,50,0.5,0.1,0.15,0.1,1,1,2,100,"final","chessboard",28,1474,30,24,1,337,496,1
2,114,50,0.5,0.1,0.15,0.1,1,1,2,100,"final","chessboard",28,1474,30,24,1,337,512,1
2,114,50,0.5,0.1,0.15,0.1,1,1,2,100,"final","chessboard",29,1476,30,26,1,337,370,1
2,114,50,0.5,0.1,0.15,0.1,1,1,2,100,"final","chessboard",29,1476,30,26,1,337,376,1
2,114,50,0.5,0.1,0.15,0.1,1,1,2,100,"final","chessboard",29,1476,30,26,1,337,382,1
2,114,50,0.5,0.1,0.15,0.1,1,1,2,100,"final","chessboard",29,1476,30,26,1,337,385,4
2,114,50,0.5,0.1,0.15,0.1,1,1,2,100,"final","chessboard",29,1476,30,26,1,337,386,1
2,114,50,0.5,0.1,0.15,0.1,1,1,2,100,"final","chessboard",29,1476,30,26,1,337,387,2
2,114,50,0.5,0.1,0.15,0.1,1,1,2,100,"final","chessboard",29,1476,30,26,1,337,391,1
2,114,50,0.5,0.1,0.15,0.1,1,1,2,100,"final","chessboard",29,1476,30,26,1,337,398,2
2,114,50,0.5,0.1,0.15,0.1,1,1,2,100,"final","chessboard",29,1476,30,26,1,337,399,1
2,114,50,0.5,0.1,0.15,0.1,1,1,2,100,"final","chessboard",29,1476,30,26,1,337,410,2
2,114,50,0.5,0.1,0.15,0.1,1,1,2,100,"final","chessboard",29,1476,30,26,1,337,412,1
2,114,50,0.5,0.1,0.15,0.1,1,1,2,100,"final","chessboard",29,1476,30,26,1,337,415,2
2,114,50,0.5,0.1,0.15,0.1,1,1,2,100,"final","chessboard",29,1476,30,26,1,337,419,1
2,114,50,0.5,0.1,0.15,0.1,1,1,2,100,"final","chessboard",29,1476,30,26,1,337,421,1
2,114,50,0.5,0.1,0.15,0.1,1,1,2,100,"final","chessboard",29,1476,30,26,1,337,422,1
2,114,50,0.5,0.1,0.15,0.1,1,1,2,100,"final","chessboard",29,1476,30,26,1,337,428,1
2,114,50,0.5,0.1,0.15,0.1,1,1,2,100,"final","chessboard",29,1476,30,26,1,337,432,1
2,114,50,0.5,0.1,0.15,0.1,1,1,2,100,"final","chessboard",29,1476,30,26,1,337,441,2
2,114,50,0.5,0.1,0.15,0.1,1,1,2,100,"final","chessboard",29,1476,30,26,1,337,446,2
2,114,50,0.5,0.1,0.15,0.1,1,1,2,100,"final","chessboard",29,1476,30,26,1,337,460,4
2,114,50,0.5,0.1,0.15,0.1,1,1,2,100,"final","chessboard",29,1476,30,26,1,337,473,2
2,114,50,0.5,0.1,0.15,0.1,1,1,2,100,"final","chessboard",29,1476,30,26,1,337,479,2
2,114,50,0.5,0.1,0.15,0.1,1,1,2,100,"final","chessboard",29,1476,30,26,1,337,480,1
2,114,50,0.5,0.1,0.15,0.1,1,1,2,100,"final","chessboard",29,1476,30,26,1,337,481,2
2,114,50,0.5,0.1,0.15,0.1,1,1,2,100,"final","chessboard",29,1476,30,26,1,337,493,1
2,114,50,0.5,0.1,0.15,0.1,1,1,2,100,"final","chessboard",29,1476,30,26,1,337,500,1
2,114,50,0.5,0.1,0.15,0.1,1,1,2,100,"final","chessboard",30,1507,31,7,1,337,330,1
2,114,50,0.5,0.1,0.15,0.1,1,1,2,100,"final","chessboard",30,1507,31,7,1,337,390,1
2,114,50,0.5,0.1,0.15,0.1,1,1,2,100,"final","chessboard",30,1507,31,7,1,337,432,1
2,114,50,0.5,0.1,0.15,0.1,1,1,2,100,"final","chessboard",30,1507,31,7,1,337,434,1
2,114,50,0.5,0.1,0.15,0.1,1,1,2,100,"final","chessboard",30,1507,31,7,1,337,459,1
2,114,50,0.5,0.1,0.15,0.1,1,1,2,100,"final","chessboard",30,1507,31,7,1,337,475,1
2,114,50,0.5,0.1,0.15,0.1,1,1,2,100,"final","chessboard",30,1507,31,7,1,337,479,1
2,114,50,0.5,0.1,0.15,0.1,1,1,2,100,"final","chessboard",30,1507,31,7,1,337,497,2
2,114,50,0.5,0.1,0.15,0.1,1,1,2,100,"final","chessboard",30,1507,31,7,1,337,506,1
2,114,50,0.5,0.1,0.15,0.1,1,1,2,100,"final","chessboard",30,1507,31,7,1,337,518,1
2,114,50,0.5,0.1,0.15,0.1,1,1,2,100,"final","chessboard",30,1507,31,7,1,337,527,5
2,114,50,0.5,0.1,0.15,0.1,1,1,2,100,"final","chessboard",30,1507,31,7,1,337,574,3
2,114,50,0.5,0.1,0.15,0.1,1,1,2,100,"final","chessboard",30,1507,31,7,1,337,586,1
2,114,50,0.5,0.1,0.15,0.1,1,1,2,100,"final","chessboard",30,1507,31,7,1,337,593,1
2,114,50,0.5,0.1,0.15,0.1,1,1,2,100,"final","chessboard",30,1507,31,7,1,337,600,1
2,114,50,0.5,0.1,0.15,0.1,1,1,2,100,"final","chessboard",31,1509,31,9,1,337,330,1
2,114,50,0.5,0.1,0.15,0.1,1,1,2,100,"final","chessboard",31,1509,31,9,1,337,351,2
2,114,50,0.5,0.1,0.15,0.1,1,1,2,100,"final","chessboard",31,1509,31,9,1,337,376,1
2,114,50,0.5,0.1,0.15,0.1,1,1,2,100,"final","chessboard",31,1509,31,9,1,337,385,1
2,114,50,0.5,0.1,0.15,0.1,1,1,2,100,"final","chessboard",31,1509,31,9,1,337,390,4
2,114,50,0.5,0.1,0.15,0.1,1,1,2,100,"final","chessboard",31,1509,31,9,1,337,408,2
2,114,50,0.5,0.1,0.15,0.1,1,1,2,100,"final","chessboard",31,1509,31,9,1,337,434,2
2,114,50,0.5,0.1,0.15,0.1,1,1,2,100,"final","chessboard",31,1509,31,9,1,337,446,2
2,114,50,0.5,0.1,0.15,0.1,1,1,2,100,"final","chessboard",31,1509,31,9,1,337,452,4
2,114,50,0.5,0.1,0.15,0.1,1,1,2,100,"final","chessboard",31,1509,31,9,1,337,471,1
2,114,50,0.5,0.1,0.15,0.1,1,1,2,100,"final","chessboard",31,1509,31,9,1,337,479,3
2,114,50,0.5,0.1,0.15,0.1,1,1,2,100,"final","chessboard",31,1509,31,9,1,337,487,6
2,114,50,0.5,0.1,0.15,0.1,1,1,2,100,"final","chessboard",31,1509,31,9,1,337,492,3
2,114,50,0.5,0.1,0.15,0.1,1,1,2,100,"final","chessboard",31,1509,31,9,1,337,497,2
2,114,50,0.5,0.1,0.15,0.1,1,1,2,100,"final","chessboard",31,1509,31,9,1,337,506,1
2,114,50,0.5,0.1,0.15,0.1,1,1,2,100,"final","chessboard",31,1509,31,9,1,337,527,2
2,114,50,0.5,0.1,0.15,0.1,1,1,2,100,"final","chessboard",31,1509,31,9,1,337,555,1
2,114,50,0.5,0.1,0.15,0.1,1,1,2,100,"final","chessboard",31,1509,31,9,1,337,585,1
2,114,50,0.5,0.1,0.15,0.1,1,1,2,100,"final","chessboard",32,1515,31,15,1,337,477,3
2,114,50,0.5,0.1,0.15,0.1,1,1,2,100,"final","chessboard",32,1515,31,15,1,337,497,2
2,114,50,0.5,0.1,0.15,0.1,1,1,2,100,"final","chessboard",32,1515,31,15,1,337,507,1
2,114,50,0.5,0.1,0.15,0.1,1,1,2,100,"final","chessboard",32,1515,31,15,1,337,523,3
2,114,50,0.5,0.1,0.15,0.1,1,1,2,100,"final","chessboard",32,1515,31,15,1,337,524,1
2,114,50,0.5,0.1,0.15,0.1,1,1,2,100,"final","chessboard",32,1515,31,15,1,337,548,1
2,114,50,0.5,0.1,0.15,0.1,1,1,2,100,"final","chessboard",32,1515,31,15,1,337,638,1
2,114,50,0.5,0.1,0.15,0.1,1,1,2,100,"final","chessboard",32,1515,31,15,1,337,664,3
2,114,50,0.5,0.1,0.15,0.1,1,1,2,100,"final","chessboard",33,1517,31,17,1,337,391,1
2,114,50,0.5,0.1,0.15,0.1,1,1,2,100,"final","chessboard",33,1517,31,17,1,337,426,1
2,114,50,0.5,0.1,0.15,0.1,1,1,2,100,"final","chessboard",33,1517,31,17,1,337,432,2
2,114,50,0.5,0.1,0.15,0.1,1,1,2,100,"final","chessboard",33,1517,31,17,1,337,452,1
2,114,50,0.5,0.1,0.15,0.1,1,1,2,100,"final","chessboard",33,1517,31,17,1,337,460,1
2,114,50,0.5,0.1,0.15,0.1,1,1,2,100,"final","chessboard",33,1517,31,17,1,337,473,1
2,114,50,0.5,0.1,0.15,0.1,1,1,2,100,"final","chessboard",33,1517,31,17,1,337,475,1
2,114,50,0.5,0.1,0.15,0.1,1,1,2,100,"final","chessboard",33,1517,31,17,1,337,483,1
2,114,50,0.5,0.1,0.15,0.1,1,1,2,100,"final","chessboard",33,1517,31,17,1,337,486,1
2,114,50,0.5,0.1,0.15,0.1,1,1,2,100,"final","chessboard",33,1517,31,17,1,337,493,1
2,114,50,0.5,0.1,0.15,0.1,1,1,2,100,"final","chessboard",33,1517,31,17,1,337,496,1
2,114,50,0.5,0.1,0.15,0.1,1,1,2,100,"final","chessboard",33,1517,31,17,1,337,507,3
2,114,50,0.5,0.1,0.15,0.1,1,1,2,100,"final","chessboard",33,1517,31,17,1,337,523,5
2,114,50,0.5,0.1,0.15,0.1,1,1,2,100,"final","chessboard",33,1517,31,17,1,337,524,1
2,114,50,0.5,0.1,0.15,0.1,1,1,2,100,"final","chessboard",33,1517,31,17,1,337,547,1
2,114,50,0.5,0.1,0.15,0.1,1,1,2,100,"final","chessboard",33,1517,31,17,1,337,604,1
2,114,50,0.5,0.1,0.15,0.1,1,1,2,100,"final","chessboard",33,1517,31,17,1,337,664,1
2,114,50,0.5,0.1,0.15,0.1,1,1,2,100,"final","chessboard",34,1521,31,21,1,337,327,1
2,114,50,0.5,0.1,0.15,0.1,1,1,2,100,"final","chessboard",34,1521,31,21,1,337,351,1
2,114,50,0.5,0.1,0.15,0.1,1,1,2,100,"final","chessboard",34,1521,31,21,1,337,361,1
2,114,50,0.5,0.1,0.15,0.1,1,1,2,100,"final","chessboard",34,1521,31,21,1,337,410,1
2,114,50,0.5,0.1,0.15,0.1,1,1,2,100,"final","chessboard",34,1521,31,21,1,337,428,1
2,114,50,0.5,0.1,0.15,0.1,1,1,2,100,"final","chessboard",34,1521,31,21,1,337,432,2
2,114,50,0.5,0.1,0.15,0.1,1,1,2,100,"final","chessboard",34,1521,31,21,1,337,446,1
2,114,50,0.5,0.1,0.15,0.1,1,1,2,100,"final","chessboard",34,1521,31,21,1,337,460,4
2,114,50,0.5,0.1,0.15,0.1,1,1,2,100,"final","chessboard",34,1521,31,21,1,337,473,2
2,114,50,0.5,0.1,0.15,0.1,1,1,2,100,"final","chessboard",34,1521,31,21,1,337,477,1
2,114,50,0.5,0.1,0.15,0.1,1,1,2,100,"final","chessboard",34,1521,31,21,1,337,481,1
2,114,50,0.5,0.1,0.15,0.1,1,1,2,100,"final","chessboard",34,1521,31,21,1,337,483,2
2,114,50,0.5,0.1,0.15,0.1,1,1,2,100,"final","chessboard",34,1521,31,21,1,337,484,2
2,114,50,0.5,0.1,0.15,0.1,1,1,2,100,"final","chessboard",34,1521,31,21,1,337,486,1
2,114,50,0.5,0.1,0.15,0.1,1,1,2,100,"final","chessboard",34,1521,31,21,1,337,491,1
2,114,50,0.5,0.1,0.15,0.1,1,1,2,100,"final","chessboard",34,1521,31,21,1,337,493,1
2,114,50,0.5,0.1,0.15,0.1,1,1,2,100,"final","chessboard",34,1521,31,21,1,337,495,1
2,114,50,0.5,0.1,0.15,0.1,1,1,2,100,"final","chessboard",34,1521,31,21,1,337,496,1
2,114,50,0.5,0.1,0.15,0.1,1,1,2,100,"final","chessboard",34,1521,31,21,1,337,507,5
2,114,50,0.5,0.1,0.15,0.1,1,1,2,100,"final","chessboard",34,1521,31,21,1,337,524,1
2,114,50,0.5,0.1,0.15,0.1,1,1,2,100,"final","chessboard",34,1521,31,21,1,337,553,1
2,114,50,0.5,0.1,0.15,0.1,1,1,2,100,"final","chessboard",35,1523,31,23,1,337,306,2
2,114,50,0.5,0.1,0.15,0.1,1,1,2,100,"final","chessboard",35,1523,31,23,1,337,332,1
2,114,50,0.5,0.1,0.15,0.1,1,1,2,100,"final","chessboard",35,1523,31,23,1,337,361,1
2,114,50,0.5,0.1,0.15,0.1,1,1,2,100,"final","chessboard",35,1523,31,23,1,337,391,1
2,114,50,0.5,0.1,0.15,0.1,1,1,2,100,"final","chessboard",35,1523,31,23,1,337,404,1
2,114,50,0.5,0.1,0.15,0.1,1,1,2,100,"final","chessboard",35,1523,31,23,1,337,411,3
2,114,50,0.5,0.1,0.15,0.1,1,1,2,100,"final","chessboard",35,1523,31,23,1,337,412,2
2,114,50,0.5,0.1,0.15,0.1,1,1,2,100,"final","chessboard",35,1523,31,23,1,337,422,2
2,114,50,0.5,0.1,0.15,0.1,1,1,2,100,"final","chessboard",35,1523,31,23,1,337,426,2
2,114,50,0.5,0.1,0.15,0.1,1,1,2,100,"final","chessboard",35,1523,31,23,1,337,434,3
2,114,50,0.5,0.1,0.15,0.1,1,1,2,100,"final","chessboard",35,1523,31,23,1,337,437,1
2,114,50,0.5,0.1,0.15,0.1,1,1,2,100,"final","chessboard",35,1523,31,23,1,337,458,2
2,114,50,0.5,0.1,0.15,0.1,1,1,2,100,"final","chessboard",35,1523,31,23,1,337,460,3
2,114,50,0.5,0.1,0.15,0.1,1,1,2,100,"final","chessboard",35,1523,31,23,1,337,479,1
2,114,50,0.5,0.1,0.15,0.1,1,1,2,100,"final","chessboard",35,1523,31,23,1,337,481,1
2,114,50,0.5,0.1,0.15,0.1,1,1,2,100,"final","chessboard",35,1523,31,23,1,337,483,1
2,114,50,0.5,0.1,0.15,0.1,1,1,2,100,"final","chessboard",35,1523,31,23,1,337,512,1
2,114,50,0.5,0.1,0.15,0.1,1,1,2,100,"final","chessboard",35,1523,31,23,1,337,515,2
2,114,50,0.5,0.1,0.15,0.1,1,1,2,100,"final","chessboard",35,1523,31,23,1,337,523,6
2,114,50,0.5,0.1,0.15,0.1,1,1,2,100,"final","chessboard",36,1525,31,25,1,337,246,1
2,114,50,0.5,0.1,0.15,0.1,1,1,2,100,"final","chessboard",36,1525,31,25,1,337,274,4
2,114,50,0.5,0.1,0.15,0.1,1,1,2,100,"final","chessboard",36,1525,31,25,1,337,304,1
2,114,50,0.5,0.1,0.15,0.1,1,1,2,100,"final","chessboard",36,1525,31,25,1,337,306,5
2,114,50,0.5,0.1,0.15,0.1,1,1,2,100,"final","chessboard",36,1525,31,25,1,337,322,2
2,114,50,0.5,0.1,0.15,0.1,1,1,2,100,"final","chessboard",36,1525,31,25,1,337,323,1
2,114,50,0.5,0.1,0.15,0.1,1,1,2,100,"final","chessboard",36,1525,31,25,1,337,324,1
2,114,50,0.5,0.1,0.15,0.1,1,1,2,100,"final","chessboard",36,1525,31,25,1,337,330,2
2,114,50,0.5,0.1,0.15,0.1,1,1,2,100,"final","chessboard",36,1525,31,25,1,337,344,1
2,114,50,0.5,0.1,0.15,0.1,1,1,2,100,"final","chessboard",36,1525,31,25,1,337,353,1
2,114,50,0.5,0.1,0.15,0.1,1,1,2,100,"final","chessboard",36,1525,31,25,1,337,358,2
2,114,50,0.5,0.1,0.15,0.1,1,1,2,100,"final","chessboard",36,1525,31,25,1,337,370,1
2,114,50,0.5,0.1,0.15,0.1,1,1,2,100,"final","chessboard",36,1525,31,25,1,337,376,1
2,114,50,0.5,0.1,0.15,0.1,1,1,2,100,"final","chessboard",36,1525,31,25,1,337,379,1
2,114,50,0.5,0.1,0.15,0.1,1,1,2,100,"final","chessboard",36,1525,31,25,1,337,382,1
2,114,50,0.5,0.1,0.15,0.1,1,1,2,100,"final","chessboard",36,1525,31,25,1,337,385,4
2,114,50,0.5,0.1,0.15,0.1,1,1,2,100,"final","chessboard",36,1525,31,25,1,337,386,2
2,114,50,0.5,0.1,0.15,0.1,1,1,2,100,"final","chessboard",36,1525,31,25,1,337,412,1
2,114,50,0.5,0.1,0.15,0.1,1,1,2,100,"final","chessboard",36,1525,31,25,1,337,422,2
2,114,50,0.5,0.1,0.15,0.1,1,1,2,100,"final","chessboard",36,1525,31,25,1,337,426,1
2,114,50,0.5,0.1,0.15,0.1,1,1,2,100,"final","chessboard",36,1525,31,25,1,337,434,1
2,114,50,0.5,0.1,0.15,0.1,1,1,2,100,"final","chessboard",36,1525,31,25,1,337,486,1
2,114,50,0.5,0.1,0.15,0.1,1,1,2,100,"final","chessboard",36,1525,31,25,1,337,523,1
2,114,50,0.5,0.1,0.15,0.1,1,1,2,100,"final","chessboard",37,1527,31,27,1,337,274,1
2,114,50,0.5,0.1,0.15,0.1,1,1,2,100,"final","chessboard",37,1527,31,27,1,337,306,1
2,114,50,0.5,0.1,0.15,0.1,1,1,2,100,"final","chessboard",37,1527,31,27,1,337,323,2
2,114,50,0.5,0.1,0.15,0.1,1,1,2,100,"final","chessboard",37,1527,31,27,1,337,324,4
2,114,50,0.5,0.1,0.15,0.1,1,1,2,100,"final","chessboard",37,1527,31,27,1,337,341,2
2,114,50,0.5,0.1,0.15,0.1,1,1,2,100,"final","chessboard",37,1527,31,27,1,337,353,2
2,114,50,0.5,0.1,0.15,0.1,1,1,2,100,"final","chessboard",37,1527,31,27,1,337,379,5
2,114,50,0.5,0.1,0.15,0.1,1,1,2,100,"final","chessboard",37,1527,31,27,1,337,385,3
2,114,50,0.5,0.1,0.15,0.1,1,1,2,100,"final","chessboard",37,1527,31,27,1,337,386,4
2,114,50,0.5,0.1,0.15,0.1,1,1,2,100,"final","chessboard",37,1527,31,27,1,337,398,1
2,114,50,0.5,0.1,0.15,0.1,1,1,2,100,"final","chessboard",37,1527,31,27,1,337,399,1
2,114,50,0.5,0.1,0.15,0.1,1,1,2,100,"final","chessboard",37,1527,31,27,1,337,404,1
2,114,50,0.5,0.1,0.15,0.1,1,1,2,100,"final","chessboard",37,1527,31,27,1,337,415,3
2,114,50,0.5,0.1,0.15,0.1,1,1,2,100,"final","chessboard",37,1527,31,27,1,337,419,1
2,114,50,0.5,0.1,0.15,0.1,1,1,2,100,"final","chessboard",37,1527,31,27,1,337,464,1
2,114,50,0.5,0.1,0.15,0.1,1,1,2,100,"final","chessboard",37,1527,31,27,1,337,473,1
2,114,50,0.5,0.1,0.15,0.1,1,1,2,100,"final","chessboard",37,1527,31,27,1,337,479,1
2,114,50,0.5,0.1,0.15,0.1,1,1,2,100,"final","chessboard",37,1527,31,27,1,337,480,1
2,114,50,0.5,0.1,0.15,0.1,1,1,2,100,"final","chessboard",37,1527,31,27,1,337,481,1
2,114,50,0.5,0.1,0.15,0.1,1,1,2,100,"final","chessboard",38,1556,32,6,1,337,479,1
2,114,50,0.5,0.1,0.15,0.1,1,1,2,100,"final","chessboard",38,1556,32,6,1,337,497,1
2,114,50,0.5,0.1,0.15,0.1,1,1,2,100,"final","chessboard",38,1556,32,6,1,337,527,1
2,114,50,0.5,0.1,0.15,0.1,1,1,2,100,"final","chessboard",38,1556,32,6,1,337,555,1
2,114,50,0.5,0.1,0.15,0.1,1,1,2,100,"final","chessboard",38,1556,32,6,1,337,574,4
2,114,50,0.5,0.1,0.15,0.1,1,1,2,100,"final","chessboard",38,1556,32,6,1,337,589,3
2,114,50,0.5,0.1,0.15,0.1,1,1,2,100,"final","chessboard",38,1556,32,6,1,337,593,1
2,114,50,0.5,0.1,0.15,0.1,1,1,2,100,"final","chessboard",38,1556,32,6,1,337,612,3
2,114,50,0.5,0.1,0.15,0.1,1,1,2,100,"final","chessboard",39,1558,32,8,1,337,344,2
2,114,50,0.5,0.1,0.15,0.1,1,1,2,100,"final","chessboard",39,1558,32,8,1,337,351,2
2,114,50,0.5,0.1,0.15,0.1,1,1,2,100,"final","chessboard",39,1558,32,8,1,337,359,1
2,114,50,0.5,0.1,0.15,0.1,1,1,2,100,"final","chessboard",39,1558,32,8,1,337,369,1
2,114,50,0.5,0.1,0.15,0.1,1,1,2,100,"final","chessboard",39,1558,32,8,1,337,421,2
2,114,50,0.5,0.1,0.15,0.1,1,1,2,100,"final","chessboard",39,1558,32,8,1,337,481,2
2,114,50,0.5,0.1,0.15,0.1,1,1,2,100,"final","chessboard",39,1558,32,8,1,337,487,1
2,114,50,0.5,0.1,0.15,0.1,1,1,2,100,"final","chessboard",39,1558,32,8,1,337,506,1
2,114,50,0.5,0.1,0.15,0.1,1,1,2,100,"final","chessboard",39,1558,32,8,1,337,574,1
2,114,50,0.5,0.1,0.15,0.1,1,1,2,100,"final","chessboard",40,1560,32,10,1,337,330,1
2,114,50,0.5,0.1,0.15,0.1,1,1,2,100,"final","chessboard",40,1560,32,10,1,337,344,7
2,114,50,0.5,0.1,0.15,0.1,1,1,2,100,"final","chessboard",40,1560,32,10,1,337,351,3
2,114,50,0.5,0.1,0.15,0.1,1,1,2,100,"final","chessboard",40,1560,32,10,1,337,359,3
2,114,50,0.5,0.1,0.15,0.1,1,1,2,100,"final","chessboard",40,1560,32,10,1,337,369,1
2,114,50,0.5,0.1,0.15,0.1,1,1,2,100,"final","chessboard",40,1560,32,10,1,337,408,3
2,114,50,0.5,0.1,0.15,0.1,1,1,2,100,"final","chessboard",40,1560,32,10,1,337,419,2
2,114,50,0.5,0.1,0.15,0.1,1,1,2,100,"final","chessboard",40,1560,32,10,1,337,422,1
2,114,50,0.5,0.1,0.15,0.1,1,1,2,100,"final","chessboard",40,1560,32,10,1,337,434,1
2,114,50,0.5,0.1,0.15,0.1,1,1,2,100,"final","chessboard",40,1560,32,10,1,337,462,3
2,114,50,0.5,0.1,0.15,0.1,1,1,2,100,"final","chessboard",40,1560,32,10,1,337,471,1
2,114,50,0.5,0.1,0.15,0.1,1,1,2,100,"final","chessboard",40,1560,32,10,1,337,481,1
2,114,50,0.5,0.1,0.15,0.1,1,1,2,100,"final","chessboard",40,1560,32,10,1,337,497,2
2,114,50,0.5,0.1,0.15,0.1,1,1,2,100,"final","chessboard",40,1560,32,10,1,337,528,1
2,114,50,0.5,0.1,0.15,0.1,1,1,2,100,"final","chessboard",41,1564,32,14,1,337,351,3
2,114,50,0.5,0.1,0.15,0.1,1,1,2,100,"final","chessboard",41,1564,32,14,1,337,359,1
2,114,50,0.5,0.1,0.15,0.1,1,1,2,100,"final","chessboard",41,1564,32,14,1,337,371,1
2,114,50,0.5,0.1,0.15,0.1,1,1,2,100,"final","chessboard",41,1564,32,14,1,337,382,1
2,114,50,0.5,0.1,0.15,0.1,1,1,2,100,"final","chessboard",41,1564,32,14,1,337,385,1
2,114,50,0.5,0.1,0.15,0.1,1,1,2,100,"final","chessboard",41,1564,32,14,1,337,408,1
2,114,50,0.5,0.1,0.15,0.1,1,1,2,100,"final","chessboard",41,1564,32,14,1,337,428,1
2,114,50,0.5,0.1,0.15,0.1,1,1,2,100,"final","chessboard",41,1564,32,14,1,337,432,1
2,114,50,0.5,0.1,0.15,0.1,1,1,2,100,"final","chessboard",41,1564,32,14,1,337,434,2
2,114,50,0.5,0.1,0.15,0.1,1,1,2,100,"final","chessboard",41,1564,32,14,1,337,446,2
2,114,50,0.5,0.1,0.15,0.1,1,1,2,100,"final","chessboard",41,1564,32,14,1,337,460,3
2,114,50,0.5,0.1,0.15,0.1,1,1,2,100,"final","chessboard",41,1564,32,14,1,337,471,2
2,114,50,0.5,0.1,0.15,0.1,1,1,2,100,"final","chessboard",41,1564,32,14,1,337,477,2
2,114,50,0.5,0.1,0.15,0.1,1,1,2,100,"final","chessboard",41,1564,32,14,1,337,486,3
2,114,50,0.5,0.1,0.15,0.1,1,1,2,100,"final","chessboard",41,1564,32,14,1,337,492,3
2,114,50,0.5,0.1,0.15,0.1,1,1,2,100,"final","chessboard",41,1564,32,14,1,337,493,1
2,114,50,0.5,0.1,0.15,0.1,1,1,2,100,"final","chessboard",41,1564,32,14,1,337,497,3
2,114,50,0.5,0.1,0.15,0.1,1,1,2,100,"final","chessboard",41,1564,32,14,1,337,500,1
2,114,50,0.5,0.1,0.15,0.1,1,1,2,100,"final","chessboard",41,1564,32,14,1,337,527,2
2,114,50,0.5,0.1,0.15,0.1,1,1,2,100,"final","chessboard",41,1564,32,14,1,337,548,1
2,114,50,0.5,0.1,0.15,0.1,1,1,2,100,"final","chessboard",41,1564,32,14,1,337,610,1
2,114,50,0.5,0.1,0.15,0.1,1,1,2,100,"final","chessboard",42,1566,32,16,1,337,304,1
2,114,50,0.5,0.1,0.15,0.1,1,1,2,100,"final","chessboard",42,1566,32,16,1,337,393,1
2,114,50,0.5,0.1,0.15,0.1,1,1,2,100,"final","chessboard",42,1566,32,16,1,337,408,2
2,114,50,0.5,0.1,0.15,0.1,1,1,2,100,"final","chessboard",42,1566,32,16,1,337,411,1
2,114,50,0.5,0.1,0.15,0.1,1,1,2,100,"final","chessboard",42,1566,32,16,1,337,416,1
2,114,50,0.5,0.1,0.15,0.1,1,1,2,100,"final","chessboard",42,1566,32,16,1,337,421,2
2,114,50,0.5,0.1,0.15,0.1,1,1,2,100,"final","chessboard",42,1566,32,16,1,337,422,1
2,114,50,0.5,0.1,0.15,0.1,1,1,2,100,"final","chessboard",42,1566,32,16,1,337,432,3
2,114,50,0.5,0.1,0.15,0.1,1,1,2,100,"final","chessboard",42,1566,32,16,1,337,452,1
2,114,50,0.5,0.1,0.15,0.1,1,1,2,100,"final","chessboard",42,1566,32,16,1,337,462,1
2,114,50,0.5,0.1,0.15,0.1,1,1,2,100,"final","chessboard",42,1566,32,16,1,337,471,4
2,114,50,0.5,0.1,0.15,0.1,1,1,2,100,"final","chessboard",42,1566,32,16,1,337,485,4
2,114,50,0.5,0.1,0.15,0.1,1,1,2,100,"final","chessboard",42,1566,32,16,1,337,486,3
2,114,50,0.5,0.1,0.15,0.1,1,1,2,100,"final","chessboard",42,1566,32,16,1,337,497,1
2,114,50,0.5,0.1,0.15,0.1,1,1,2,100,"final","chessboard",42,1566,32,16,1,337,523,2
2,114,50,0.5,0.1,0.15,0.1,1,1,2,100,"final","chessboard",42,1566,32,16,1,337,524,1
2,114,50,0.5,0.1,0.15,0.1,1,1,2,100,"final","chessboard",42,1566,32,16,1,337,528,1
2,114,50,0.5,0.1,0.15,0.1,1,1,2,100,"final","chessboard",42,1566,32,16,1,337,545,1
2,114,50,0.5,0.1,0.15,0.1,1,1,2,100,"final","chessboard",42,1566,32,16,1,337,548,2
2,114,50,0.5,0.1,0.15,0.1,1,1,2,100,"final","chessboard",42,1566,32,16,1,337,604,1
2,114,50,0.5,0.1,0.15,0.1,1,1,2,100,"final","chessboard",43,1568,32,18,1,337,292,2
2,114,50,0.5,0.1,0.15,0.1,1,1,2,100,"final","chessboard",43,1568,32,18,1,337,349,1
2,114,50,0.5,0.1,0.15,0.1,1,1,2,100,"final","chessboard",43,1568,32,18,1,337,377,1
2,114,50,0.5,0.1,0.15,0.1,1,1,2,100,"final","chessboard",43,1568,32,18,1,337,385,2
2,114,50,0.5,0.1,0.15,0.1,1,1,2,100,"final","chessboard",43,1568,32,18,1,337,386,1
2,114,50,0.5,0.1,0.15,0.1,1,1,2,100,"final","chessboard",43,1568,32,18,1,337,391,2
2,114,50,0.5,0.1,0.15,0.1,1,1,2,100,"final","chessboard",43,1568,32,18,1,337,408,3
2,114,50,0.5,0.1,0.15,0.1,1,1,2,100,"final","chessboard",43,1568,32,18,1,337,421,1
2,114,50,0.5,0.1,0.15,0.1,1,1,2,100,"final","chessboard",43,1568,32,18,1,337,422,3
2,114,50,0.5,0.1,0.15,0.1,1,1,2,100,"final","chessboard",43,1568,32,18,1,337,434,2
2,114,50,0.5,0.1,0.15,0.1,1,1,2,100,"final","chessboard",43,1568,32,18,1,337,460,1
2,114,50,0.5,0.1,0.15,0.1,1,1,2,100,"final","chessboard",43,1568,32,18,1,337,462,2
2,114,50,0.5,0.1,0.15,0.1,1,1,2,100,"final","chessboard",43,1568,32,18,1,337,473,1
2,114,50,0.5,0.1,0.15,0.1,1,1,2,100,"final","chessboard",43,1568,32,18,1,337,480,1
2,114,50,0.5,0.1,0.15,0.1,1,1,2,100,"final","chessboard",43,1568,32,18,1,337,481,1
2,114,50,0.5,0.1,0.15,0.1,1,1,2,100,"final","chessboard",43,1568,32,18,1,337,483,1
2,114,50,0.5,0.1,0.15,0.1,1,1,2,100,"final","chessboard",43,1568,32,18,1,337,486,2
2,114,50,0.5,0.1,0.15,0.1,1,1,2,100,"final","chessboard",43,1568,32,18,1,337,495,1
2,114,50,0.5,0.1,0.15,0.1,1,1,2,100,"final","chessboard",43,1568,32,18,1,337,496,1
2,114,50,0.5,0.1,0.15,0.1,1,1,2,100,"final","chessboard",43,1568,32,18,1,337,523,3
2,114,50,0.5,0.1,0.15,0.1,1,1,2,100,"final","chessboard",43,1568,32,18,1,337,524,1
2,114,50,0.5,0.1,0.15,0.1,1,1,2,100,"final","chessboard",43,1568,32,18,1,337,553,1
2,114,50,0.5,0.1,0.15,0.1,1,1,2,100,"final","chessboard",43,1568,32,18,1,337,574,1
2,114,50,0.5,0.1,0.15,0.1,1,1,2,100,"final","chessboard",44,1572,32,22,1,337,274,2
2,114,50,0.5,0.1,0.15,0.1,1,1,2,100,"final","chessboard",44,1572,32,22,1,337,306,1
2,114,50,0.5,0.1,0.15,0.1,1,1,2,100,"final","chessboard",44,1572,32,22,1,337,322,4
2,114,50,0.5,0.1,0.15,0.1,1,1,2,100,"final","chessboard",44,1572,32,22,1,337,324,2
2,114,50,0.5,0.1,0.15,0.1,1,1,2,100,"final","chessboard",44,1572,32,22,1,337,325,3
2,114,50,0.5,0.1,0.15,0.1,1,1,2,100,"final","chessboard",44,1572,32,22,1,337,349,2
2,114,50,0.5,0.1,0.15,0.1,1,1,2,100,"final","chessboard",44,1572,32,22,1,337,350,1
2,114,50,0.5,0.1,0.15,0.1,1,1,2,100,"final","chessboard",44,1572,32,22,1,337,351,1
2,114,50,0.5,0.1,0.15,0.1,1,1,2,100,"final","chessboard",44,1572,32,22,1,337,358,1
2,114,50,0.5,0.1,0.15,0.1,1,1,2,100,"final","chessboard",44,1572,32,22,1,337,361,1
2,114,50,0.5,0.1,0.15,0.1,1,1,2,100,"final","chessboard",44,1572,32,22,1,337,370,2
2,114,50,0.5,0.1,0.15,0.1,1,1,2,100,"final","chessboard",44,1572,32,22,1,337,371,1
2,114,50,0.5,0.1,0.15,0.1,1,1,2,100,"final","chessboard",44,1572,32,22,1,337,385,1
2,114,50,0.5,0.1,0.15,0.1,1,1,2,100,"final","chessboard",44,1572,32,22,1,337,398,1
2,114,50,0.5,0.1,0.15,0.1,1,1,2,100,"final","chessboard",44,1572,32,22,1,337,399,1
2,114,50,0.5,0.1,0.15,0.1,1,1,2,100,"final","chessboard",44,1572,32,22,1,337,410,2
2,114,50,0.5,0.1,0.15,0.1,1,1,2,100,"final","chessboard",44,1572,32,22,1,337,412,1
2,114,50,0.5,0.1,0.15,0.1,1,1,2,100,"final","chessboard",44,1572,32,22,1,337,415,1
2,114,50,0.5,0.1,0.15,0.1,1,1,2,100,"final","chessboard",44,1572,32,22,1,337,419,2
2,114,50,0.5,0.1,0.15,0.1,1,1,2,100,"final","chessboard",44,1572,32,22,1,337,426,3
2,114,50,0.5,0.1,0.15,0.1,1,1,2,100,"final","chessboard",44,1572,32,22,1,337,432,1
2,114,50,0.5,0.1,0.15,0.1,1,1,2,100,"final","chessboard",44,1572,32,22,1,337,438,1
2,114,50,0.5,0.1,0.15,0.1,1,1,2,100,"final","chessboard",44,1572,32,22,1,337,441,1
2,114,50,0.5,0.1,0.15,0.1,1,1,2,100,"final","chessboard",44,1572,32,22,1,337,460,2
2,114,50,0.5,0.1,0.15,0.1,1,1,2,100,"final","chessboard",45,1574,32,24,1,337,274,1
2,114,50,0.5,0.1,0.15,0.1,1,1,2,100,"final","chessboard",45,1574,32,24,1,337,327,1
2,114,50,0.5,0.1,0.15,0.1,1,1,2,100,"final","chessboard",45,1574,32,24,1,337,379,1
2,114,50,0.5,0.1,0.15,0.1,1,1,2,100,"final","chessboard",45,1574,32,24,1,337,385,1
2,114,50,0.5,0.1,0.15,0.1,1,1,2,100,"final","chessboard",45,1574,32,24,1,337,398,1
2,114,50,0.5,0.1,0.15,0.1,1,1,2,100,"final","chessboard",45,1574,32,24,1,337,410,1
2,114,50,0.5,0.1,0.15,0.1,1,1,2,100,"final","chessboard",45,1574,32,24,1,337,412,1
2,114,50,0.5,0.1,0.15,0.1,1,1,2,100,"final","chessboard",45,1574,32,24,1,337,419,4
2,114,50,0.5,0.1,0.15,0.1,1,1,2,100,"final","chessboard",45,1574,32,24,1,337,426,1
2,114,50,0.5,0.1,0.15,0.1,1,1,2,100,"final","chessboard",45,1574,32,24,1,337,432,3
2,114,50,0.5,0.1,0.15,0.1,1,1,2,100,"final","chessboard",45,1574,32,24,1,337,446,1
2,114,50,0.5,0.1,0.15,0.1,1,1,2,100,"final","chessboard",45,1574,32,24,1,337,460,4
2,114,50,0.5,0.1,0.15,0.1,1,1,2,100,"final","chessboard",45,1574,32,24,1,337,473,1
2,114,50,0.5,0.1,0.15,0.1,1,1,2,100,"final","chessboard",45,1574,32,24,1,337,476,1
2,114,50,0.5,0.1,0.15,0.1,1,1,2,100,"final","chessboard",45,1574,32,24,1,337,477,1
2,114,50,0.5,0.1,0.15,0.1,1,1,2,100,"final","chessboard",45,1574,32,24,1,337,479,1
2,114,50,0.5,0.1,0.15,0.1,1,1,2,100,"final","chessboard",45,1574,32,24,1,337,480,3
2,114,50,0.5,0.1,0.15,0.1,1,1,2,100,"final","chessboard",45,1574,32,24,1,337,481,2
2,114,50,0.5,0.1,0.15,0.1,1,1,2,100,"final","chessboard",45,1574,32,24,1,337,515,1
2,114,50,0.5,0.1,0.15,0.1,1,1,2,100,"final","chessboard",45,1574,32,24,1,337,523,3
2,114,50,0.5,0.1,0.15,0.1,1,1,2,100,"final","chessboard",45,1574,32,24,1,337,524,2
2,114,50,0.5,0.1,0.15,0.1,1,1,2,100,"final","chessboard",45,1574,32,24,1,337,634,1
2,114,50,0.5,0.1,0.15,0.1,1,1,2,100,"final","chessboard",46,1576,32,26,1,337,241,1
2,114,50,0.5,0.1,0.15,0.1,1,1,2,100,"final","chessboard",46,1576,32,26,1,337,274,1
2,114,50,0.5,0.1,0.15,0.1,1,1,2,100,"final","chessboard",46,1576,32,26,1,337,304,1
2,114,50,0.5,0.1,0.15,0.1,1,1,2,100,"final","chessboard",46,1576,32,26,1,337,323,1
2,114,50,0.5,0.1,0.15,0.1,1,1,2,100,"final","chessboard",46,1576,32,26,1,337,344,1
2,114,50,0.5,0.1,0.15,0.1,1,1,2,100,"final","chessboard",46,1576,32,26,1,337,350,1
2,114,50,0.5,0.1,0.15,0.1,1,1,2,100,"final","chessboard",46,1576,32,26,1,337,371,1
2,114,50,0.5,0.1,0.15,0.1,1,1,2,100,"final","chessboard",46,1576,32,26,1,337,379,5
2,114,50,0.5,0.1,0.15,0.1,1,1,2,100,"final","chessboard",46,1576,32,26,1,337,385,4
2,114,50,0.5,0.1,0.15,0.1,1,1,2,100,"final","chessboard",46,1576,32,26,1,337,391,1
2,114,50,0.5,0.1,0.15,0.1,1,1,2,100,"final","chessboard",46,1576,32,26,1,337,399,1
2,114,50,0.5,0.1,0.15,0.1,1,1,2,100,"final","chessboard",46,1576,32,26,1,337,408,1
2,114,50,0.5,0.1,0.15,0.1,1,1,2,100,"final","chessboard",46,1576,32,26,1,337,412,1
2,114,50,0.5,0.1,0.15,0.1,1,1,2,100,"final","chessboard",46,1576,32,26,1,337,427,3
2,114,50,0.5,0.1,0.15,0.1,1,1,2,100,"final","chessboard",46,1576,32,26,1,337,428,2
2,114,50,0.5,0.1,0.15,0.1,1,1,2,100,"final","chessboard",46,1576,32,26,1,337,432,1
2,114,50,0.5,0.1,0.15,0.1,1,1,2,100,"final","chessboard",46,1576,32,26,1,337,434,4
2,114,50,0.5,0.1,0.15,0.1,1,1,2,100,"final","chessboard",46,1576,32,26,1,337,441,1
2,114,50,0.5,0.1,0.15,0.1,1,1,2,100,"final","chessboard",46,1576,32,26,1,337,446,4
2,114,50,0.5,0.1,0.15,0.1,1,1,2,100,"final","chessboard",46,1576,32,26,1,337,473,1
2,114,50,0.5,0.1,0.15,0.1,1,1,2,100,"final","chessboard",46,1576,32,26,1,337,480,1
2,114,50,0.5,0.1,0.15,0.1,1,1,2,100,"final","chessboard",46,1576,32,26,1,337,481,2
2,114,50,0.5,0.1,0.15,0.1,1,1,2,100,"final","chessboard",46,1576,32,26,1,337,512,1
2,114,50,0.5,0.1,0.15,0.1,1,1,2,100,"final","chessboard",46,1576,32,26,1,337,515,1
2,114,50,0.5,0.1,0.15,0.1,1,1,2,100,"final","chessboard",47,1578,32,28,1,337,NA,NA
2,114,50,0.5,0.1,0.15,0.1,1,1,2,100,"final","chessboard",48,1607,33,7,1,337,419,1
2,114,50,0.5,0.1,0.15,0.1,1,1,2,100,"final","chessboard",48,1607,33,7,1,337,421,3
2,114,50,0.5,0.1,0.15,0.1,1,1,2,100,"final","chessboard",48,1607,33,7,1,337,434,1
2,114,50,0.5,0.1,0.15,0.1,1,1,2,100,"final","chessboard",48,1607,33,7,1,337,453,4
2,114,50,0.5,0.1,0.15,0.1,1,1,2,100,"final","chessboard",48,1607,33,7,1,337,471,1
2,114,50,0.5,0.1,0.15,0.1,1,1,2,100,"final","chessboard",48,1607,33,7,1,337,481,1
2,114,50,0.5,0.1,0.15,0.1,1,1,2,100,"final","chessboard",48,1607,33,7,1,337,486,2
2,114,50,0.5,0.1,0.15,0.1,1,1,2,100,"final","chessboard",48,1607,33,7,1,337,490,1
2,114,50,0.5,0.1,0.15,0.1,1,1,2,100,"final","chessboard",48,1607,33,7,1,337,492,2
2,114,50,0.5,0.1,0.15,0.1,1,1,2,100,"final","chessboard",48,1607,33,7,1,337,495,2
2,114,50,0.5,0.1,0.15,0.1,1,1,2,100,"final","chessboard",48,1607,33,7,1,337,497,2
2,114,50,0.5,0.1,0.15,0.1,1,1,2,100,"final","chessboard",48,1607,33,7,1,337,506,1
2,114,50,0.5,0.1,0.15,0.1,1,1,2,100,"final","chessboard",48,1607,33,7,1,337,527,5
2,114,50,0.5,0.1,0.15,0.1,1,1,2,100,"final","chessboard",48,1607,33,7,1,337,528,2
2,114,50,0.5,0.1,0.15,0.1,1,1,2,100,"final","chessboard",48,1607,33,7,1,337,555,1
2,114,50,0.5,0.1,0.15,0.1,1,1,2,100,"final","chessboard",48,1607,33,7,1,337,574,3
2,114,50,0.5,0.1,0.15,0.1,1,1,2,100,"final","chessboard",48,1607,33,7,1,337,589,1
2,114,50,0.5,0.1,0.15,0.1,1,1,2,100,"final","chessboard",48,1607,33,7,1,337,600,1
2,114,50,0.5,0.1,0.15,0.1,1,1,2,100,"final","chessboard",48,1607,33,7,1,337,610,2
2,114,50,0.5,0.1,0.15,0.1,1,1,2,100,"final","chessboard",49,1609,33,9,1,337,359,2
2,114,50,0.5,0.1,0.15,0.1,1,1,2,100,"final","chessboard",49,1609,33,9,1,337,422,1
2,114,50,0.5,0.1,0.15,0.1,1,1,2,100,"final","chessboard",49,1609,33,9,1,337,452,1
2,114,50,0.5,0.1,0.15,0.1,1,1,2,100,"final","chessboard",49,1609,33,9,1,337,486,1
2,114,50,0.5,0.1,0.15,0.1,1,1,2,100,"final","chessboard",49,1609,33,9,1,337,497,3
2,114,50,0.5,0.1,0.15,0.1,1,1,2,100,"final","chessboard",49,1609,33,9,1,337,518,1
2,114,50,0.5,0.1,0.15,0.1,1,1,2,100,"final","chessboard",49,1609,33,9,1,337,527,3
2,114,50,0.5,0.1,0.15,0.1,1,1,2,100,"final","chessboard",49,1609,33,9,1,337,548,1
2,114,50,0.5,0.1,0.15,0.1,1,1,2,100,"final","chessboard",49,1609,33,9,1,337,555,2
2,114,50,0.5,0.1,0.15,0.1,1,1,2,100,"final","chessboard",49,1609,33,9,1,337,561,1
2,114,50,0.5,0.1,0.15,0.1,1,1,2,100,"final","chessboard",49,1609,33,9,1,337,574,3
2,114,50,0.5,0.1,0.15,0.1,1,1,2,100,"final","chessboard",49,1609,33,9,1,337,585,1
2,114,50,0.5,0.1,0.15,0.1,1,1,2,100,"final","chessboard",49,1609,33,9,1,337,593,3
2,114,50,0.5,0.1,0.15,0.1,1,1,2,100,"final","chessboard",49,1609,33,9,1,337,600,3
2,114,50,0.5,0.1,0.15,0.1,1,1,2,100,"final","chessboard",49,1609,33,9,1,337,610,1
2,114,50,0.5,0.1,0.15,0.1,1,1,2,100,"final","chessboard",49,1609,33,9,1,337,612,1
2,114,50,0.5,0.1,0.15,0.1,1,1,2,100,"final","chessboard",49,1609,33,9,1,337,664,3
2,114,50,0.5,0.1,0.15,0.1,1,1,2,100,"final","chessboard",50,1611,33,11,1,337,351,1
2,114,50,0.5,0.1,0.15,0.1,1,1,2,100,"final","chessboard",50,1611,33,11,1,337,371,2
2,114,50,0.5,0.1,0.15,0.1,1,1,2,100,"final","chessboard",50,1611,33,11,1,337,390,1
2,114,50,0.5,0.1,0.15,0.1,1,1,2,100,"final","chessboard",50,1611,33,11,1,337,394,1
2,114,50,0.5,0.1,0.15,0.1,1,1,2,100,"final","chessboard",50,1611,33,11,1,337,446,2
2,114,50,0.5,0.1,0.15,0.1,1,1,2,100,"final","chessboard",50,1611,33,11,1,337,471,1
2,114,50,0.5,0.1,0.15,0.1,1,1,2,100,"final","chessboard",50,1611,33,11,1,337,479,1
2,114,50,0.5,0.1,0.15,0.1,1,1,2,100,"final","chessboard",50,1611,33,11,1,337,485,1
2,114,50,0.5,0.1,0.15,0.1,1,1,2,100,"final","chessboard",50,1611,33,11,1,337,486,1
2,114,50,0.5,0.1,0.15,0.1,1,1,2,100,"final","chessboard",50,1611,33,11,1,337,487,1
2,114,50,0.5,0.1,0.15,0.1,1,1,2,100,"final","chessboard",50,1611,33,11,1,337,491,1
2,114,50,0.5,0.1,0.15,0.1,1,1,2,100,"final","chessboard",50,1611,33,11,1,337,492,1
2,114,50,0.5,0.1,0.15,0.1,1,1,2,100,"final","chessboard",50,1611,33,11,1,337,493,1
2,114,50,0.5,0.1,0.15,0.1,1,1,2,100,"final","chessboard",50,1611,33,11,1,337,496,2
2,114,50,0.5,0.1,0.15,0.1,1,1,2,100,"final","chessboard",50,1611,33,11,1,337,523,2
2,114,50,0.5,0.1,0.15,0.1,1,1,2,100,"final","chessboard",50,1611,33,11,1,337,524,1
2,114,50,0.5,0.1,0.15,0.1,1,1,2,100,"final","chessboard",50,1611,33,11,1,337,527,1
2,114,50,0.5,0.1,0.15,0.1,1,1,2,100,"final","chessboard",50,1611,33,11,1,337,528,1
2,114,50,0.5,0.1,0.15,0.1,1,1,2,100,"final","chessboard",50,1611,33,11,1,337,548,1
2,114,50,0.5,0.1,0.15,0.1,1,1,2,100,"final","chessboard",50,1611,33,11,1,337,574,9
2,114,50,0.5,0.1,0.15,0.1,1,1,2,100,"final","chessboard",50,1611,33,11,1,337,585,1
2,114,50,0.5,0.1,0.15,0.1,1,1,2,100,"final","chessboard",50,1611,33,11,1,337,600,3
2,114,50,0.5,0.1,0.15,0.1,1,1,2,100,"final","chessboard",50,1611,33,11,1,337,637,1
2,114,50,0.5,0.1,0.15,0.1,1,1,2,100,"final","chessboard",51,1613,33,13,1,337,241,2
2,114,50,0.5,0.1,0.15,0.1,1,1,2,100,"final","chessboard",51,1613,33,13,1,337,351,7
2,114,50,0.5,0.1,0.15,0.1,1,1,2,100,"final","chessboard",51,1613,33,13,1,337,359,1
2,114,50,0.5,0.1,0.15,0.1,1,1,2,100,"final","chessboard",51,1613,33,13,1,337,371,1
2,114,50,0.5,0.1,0.15,0.1,1,1,2,100,"final","chessboard",51,1613,33,13,1,337,374,1
2,114,50,0.5,0.1,0.15,0.1,1,1,2,100,"final","chessboard",51,1613,33,13,1,337,382,1
2,114,50,0.5,0.1,0.15,0.1,1,1,2,100,"final","chessboard",51,1613,33,13,1,337,395,1
2,114,50,0.5,0.1,0.15,0.1,1,1,2,100,"final","chessboard",51,1613,33,13,1,337,406,1
2,114,50,0.5,0.1,0.15,0.1,1,1,2,100,"final","chessboard",51,1613,33,13,1,337,408,3
2,114,50,0.5,0.1,0.15,0.1,1,1,2,100,"final","chessboard",51,1613,33,13,1,337,419,2
2,114,50,0.5,0.1,0.15,0.1,1,1,2,100,"final","chessboard",51,1613,33,13,1,337,460,1
2,114,50,0.5,0.1,0.15,0.1,1,1,2,100,"final","chessboard",51,1613,33,13,1,337,462,4
2,114,50,0.5,0.1,0.15,0.1,1,1,2,100,"final","chessboard",51,1613,33,13,1,337,489,2
2,114,50,0.5,0.1,0.15,0.1,1,1,2,100,"final","chessboard",51,1613,33,13,1,337,491,1
2,114,50,0.5,0.1,0.15,0.1,1,1,2,100,"final","chessboard",51,1613,33,13,1,337,493,1
2,114,50,0.5,0.1,0.15,0.1,1,1,2,100,"final","chessboard",51,1613,33,13,1,337,495,3
2,114,50,0.5,0.1,0.15,0.1,1,1,2,100,"final","chessboard",51,1613,33,13,1,337,497,1
2,114,50,0.5,0.1,0.15,0.1,1,1,2,100,"final","chessboard",51,1613,33,13,1,337,507,1
2,114,50,0.5,0.1,0.15,0.1,1,1,2,100,"final","chessboard",51,1613,33,13,1,337,524,1
2,114,50,0.5,0.1,0.15,0.1,1,1,2,100,"final","chessboard",51,1613,33,13,1,337,548,1
2,114,50,0.5,0.1,0.15,0.1,1,1,2,100,"final","chessboard",52,1615,33,15,1,337,NA,NA
2,114,50,0.5,0.1,0.15,0.1,1,1,2,100,"final","chessboard",53,1617,33,17,1,337,341,1
2,114,50,0.5,0.1,0.15,0.1,1,1,2,100,"final","chessboard",53,1617,33,17,1,337,395,1
2,114,50,0.5,0.1,0.15,0.1,1,1,2,100,"final","chessboard",53,1617,33,17,1,337,408,2
2,114,50,0.5,0.1,0.15,0.1,1,1,2,100,"final","chessboard",53,1617,33,17,1,337,419,1
2,114,50,0.5,0.1,0.15,0.1,1,1,2,100,"final","chessboard",53,1617,33,17,1,337,434,1
2,114,50,0.5,0.1,0.15,0.1,1,1,2,100,"final","chessboard",53,1617,33,17,1,337,446,1
2,114,50,0.5,0.1,0.15,0.1,1,1,2,100,"final","chessboard",53,1617,33,17,1,337,452,1
2,114,50,0.5,0.1,0.15,0.1,1,1,2,100,"final","chessboard",53,1617,33,17,1,337,465,2
2,114,50,0.5,0.1,0.15,0.1,1,1,2,100,"final","chessboard",53,1617,33,17,1,337,477,2
2,114,50,0.5,0.1,0.15,0.1,1,1,2,100,"final","chessboard",53,1617,33,17,1,337,480,1
2,114,50,0.5,0.1,0.15,0.1,1,1,2,100,"final","chessboard",53,1617,33,17,1,337,481,1
2,114,50,0.5,0.1,0.15,0.1,1,1,2,100,"final","chessboard",53,1617,33,17,1,337,483,2
2,114,50,0.5,0.1,0.15,0.1,1,1,2,100,"final","chessboard",53,1617,33,17,1,337,485,1
2,114,50,0.5,0.1,0.15,0.1,1,1,2,100,"final","chessboard",53,1617,33,17,1,337,486,4
2,114,50,0.5,0.1,0.15,0.1,1,1,2,100,"final","chessboard",53,1617,33,17,1,337,491,1
2,114,50,0.5,0.1,0.15,0.1,1,1,2,100,"final","chessboard",53,1617,33,17,1,337,493,2
2,114,50,0.5,0.1,0.15,0.1,1,1,2,100,"final","chessboard",53,1617,33,17,1,337,495,1
2,114,50,0.5,0.1,0.15,0.1,1,1,2,100,"final","chessboard",53,1617,33,17,1,337,496,1
2,114,50,0.5,0.1,0.15,0.1,1,1,2,100,"final","chessboard",53,1617,33,17,1,337,506,1
2,114,50,0.5,0.1,0.15,0.1,1,1,2,100,"final","chessboard",53,1617,33,17,1,337,507,1
2,114,50,0.5,0.1,0.15,0.1,1,1,2,100,"final","chessboard",53,1617,33,17,1,337,523,1
2,114,50,0.5,0.1,0.15,0.1,1,1,2,100,"final","chessboard",53,1617,33,17,1,337,524,5
2,114,50,0.5,0.1,0.15,0.1,1,1,2,100,"final","chessboard",53,1617,33,17,1,337,547,1
2,114,50,0.5,0.1,0.15,0.1,1,1,2,100,"final","chessboard",53,1617,33,17,1,337,553,2
2,114,50,0.5,0.1,0.15,0.1,1,1,2,100,"final","chessboard",53,1617,33,17,1,337,610,2
2,114,50,0.5,0.1,0.15,0.1,1,1,2,100,"final","chessboard",54,1621,33,21,1,337,306,1
2,114,50,0.5,0.1,0.15,0.1,1,1,2,100,"final","chessboard",54,1621,33,21,1,337,322,2
2,114,50,0.5,0.1,0.15,0.1,1,1,2,100,"final","chessboard",54,1621,33,21,1,337,323,1
2,114,50,0.5,0.1,0.15,0.1,1,1,2,100,"final","chessboard",54,1621,33,21,1,337,338,1
2,114,50,0.5,0.1,0.15,0.1,1,1,2,100,"final","chessboard",54,1621,33,21,1,337,351,1
2,114,50,0.5,0.1,0.15,0.1,1,1,2,100,"final","chessboard",54,1621,33,21,1,337,353,2
2,114,50,0.5,0.1,0.15,0.1,1,1,2,100,"final","chessboard",54,1621,33,21,1,337,382,1
2,114,50,0.5,0.1,0.15,0.1,1,1,2,100,"final","chessboard",54,1621,33,21,1,337,385,1
2,114,50,0.5,0.1,0.15,0.1,1,1,2,100,"final","chessboard",54,1621,33,21,1,337,386,4
2,114,50,0.5,0.1,0.15,0.1,1,1,2,100,"final","chessboard",54,1621,33,21,1,337,399,1
2,114,50,0.5,0.1,0.15,0.1,1,1,2,100,"final","chessboard",54,1621,33,21,1,337,410,5
2,114,50,0.5,0.1,0.15,0.1,1,1,2,100,"final","chessboard",54,1621,33,21,1,337,422,1
2,114,50,0.5,0.1,0.15,0.1,1,1,2,100,"final","chessboard",54,1621,33,21,1,337,426,1
2,114,50,0.5,0.1,0.15,0.1,1,1,2,100,"final","chessboard",54,1621,33,21,1,337,429,1
2,114,50,0.5,0.1,0.15,0.1,1,1,2,100,"final","chessboard",54,1621,33,21,1,337,434,2
2,114,50,0.5,0.1,0.15,0.1,1,1,2,100,"final","chessboard",54,1621,33,21,1,337,446,1
2,114,50,0.5,0.1,0.15,0.1,1,1,2,100,"final","chessboard",54,1621,33,21,1,337,460,3
2,114,50,0.5,0.1,0.15,0.1,1,1,2,100,"final","chessboard",54,1621,33,21,1,337,473,1
2,114,50,0.5,0.1,0.15,0.1,1,1,2,100,"final","chessboard",54,1621,33,21,1,337,490,1
2,114,50,0.5,0.1,0.15,0.1,1,1,2,100,"final","chessboard",54,1621,33,21,1,337,493,3
2,114,50,0.5,0.1,0.15,0.1,1,1,2,100,"final","chessboard",54,1621,33,21,1,337,520,1
2,114,50,0.5,0.1,0.15,0.1,1,1,2,100,"final","chessboard",54,1621,33,21,1,337,523,1
2,114,50,0.5,0.1,0.15,0.1,1,1,2,100,"final","chessboard",54,1621,33,21,1,337,524,1
2,114,50,0.5,0.1,0.15,0.1,1,1,2,100,"final","chessboard",55,1623,33,23,1,337,327,1
2,114,50,0.5,0.1,0.15,0.1,1,1,2,100,"final","chessboard",55,1623,33,23,1,337,351,1
2,114,50,0.5,0.1,0.15,0.1,1,1,2,100,"final","chessboard",55,1623,33,23,1,337,361,2
2,114,50,0.5,0.1,0.15,0.1,1,1,2,100,"final","chessboard",55,1623,33,23,1,337,375,1
2,114,50,0.5,0.1,0.15,0.1,1,1,2,100,"final","chessboard",55,1623,33,23,1,337,379,2
2,114,50,0.5,0.1,0.15,0.1,1,1,2,100,"final","chessboard",55,1623,33,23,1,337,387,1
2,114,50,0.5,0.1,0.15,0.1,1,1,2,100,"final","chessboard",55,1623,33,23,1,337,391,1
2,114,50,0.5,0.1,0.15,0.1,1,1,2,100,"final","chessboard",55,1623,33,23,1,337,408,1
2,114,50,0.5,0.1,0.15,0.1,1,1,2,100,"final","chessboard",55,1623,33,23,1,337,410,1
2,114,50,0.5,0.1,0.15,0.1,1,1,2,100,"final","chessboard",55,1623,33,23,1,337,421,1
2,114,50,0.5,0.1,0.15,0.1,1,1,2,100,"final","chessboard",55,1623,33,23,1,337,429,1
2,114,50,0.5,0.1,0.15,0.1,1,1,2,100,"final","chessboard",55,1623,33,23,1,337,430,1
2,114,50,0.5,0.1,0.15,0.1,1,1,2,100,"final","chessboard",55,1623,33,23,1,337,432,1
2,114,50,0.5,0.1,0.15,0.1,1,1,2,100,"final","chessboard",55,1623,33,23,1,337,438,1
2,114,50,0.5,0.1,0.15,0.1,1,1,2,100,"final","chessboard",55,1623,33,23,1,337,446,1
2,114,50,0.5,0.1,0.15,0.1,1,1,2,100,"final","chessboard",55,1623,33,23,1,337,453,1
2,114,50,0.5,0.1,0.15,0.1,1,1,2,100,"final","chessboard",55,1623,33,23,1,337,460,3
2,114,50,0.5,0.1,0.15,0.1,1,1,2,100,"final","chessboard",55,1623,33,23,1,337,473,2
2,114,50,0.5,0.1,0.15,0.1,1,1,2,100,"final","chessboard",55,1623,33,23,1,337,476,1
2,114,50,0.5,0.1,0.15,0.1,1,1,2,100,"final","chessboard",55,1623,33,23,1,337,477,1
2,114,50,0.5,0.1,0.15,0.1,1,1,2,100,"final","chessboard",55,1623,33,23,1,337,481,1
2,114,50,0.5,0.1,0.15,0.1,1,1,2,100,"final","chessboard",55,1623,33,23,1,337,507,1
2,114,50,0.5,0.1,0.15,0.1,1,1,2,100,"final","chessboard",55,1623,33,23,1,337,512,1
2,114,50,0.5,0.1,0.15,0.1,1,1,2,100,"final","chessboard",55,1623,33,23,1,337,515,1
2,114,50,0.5,0.1,0.15,0.1,1,1,2,100,"final","chessboard",55,1623,33,23,1,337,523,3
2,114,50,0.5,0.1,0.15,0.1,1,1,2,100,"final","chessboard",55,1623,33,23,1,337,524,3
2,114,50,0.5,0.1,0.15,0.1,1,1,2,100,"final","chessboard",56,1625,33,25,1,337,306,1
2,114,50,0.5,0.1,0.15,0.1,1,1,2,100,"final","chessboard",56,1625,33,25,1,337,322,1
2,114,50,0.5,0.1,0.15,0.1,1,1,2,100,"final","chessboard",56,1625,33,25,1,337,323,2
2,114,50,0.5,0.1,0.15,0.1,1,1,2,100,"final","chessboard",56,1625,33,25,1,337,349,1
2,114,50,0.5,0.1,0.15,0.1,1,1,2,100,"final","chessboard",56,1625,33,25,1,337,350,1
2,114,50,0.5,0.1,0.15,0.1,1,1,2,100,"final","chessboard",56,1625,33,25,1,337,351,1
2,114,50,0.5,0.1,0.15,0.1,1,1,2,100,"final","chessboard",56,1625,33,25,1,337,353,1
2,114,50,0.5,0.1,0.15,0.1,1,1,2,100,"final","chessboard",56,1625,33,25,1,337,361,2
2,114,50,0.5,0.1,0.15,0.1,1,1,2,100,"final","chessboard",56,1625,33,25,1,337,371,1
2,114,50,0.5,0.1,0.15,0.1,1,1,2,100,"final","chessboard",56,1625,33,25,1,337,382,2
2,114,50,0.5,0.1,0.15,0.1,1,1,2,100,"final","chessboard",56,1625,33,25,1,337,385,3
2,114,50,0.5,0.1,0.15,0.1,1,1,2,100,"final","chessboard",56,1625,33,25,1,337,391,2
2,114,50,0.5,0.1,0.15,0.1,1,1,2,100,"final","chessboard",56,1625,33,25,1,337,398,1
2,114,50,0.5,0.1,0.15,0.1,1,1,2,100,"final","chessboard",56,1625,33,25,1,337,408,1
2,114,50,0.5,0.1,0.15,0.1,1,1,2,100,"final","chessboard",56,1625,33,25,1,337,411,1
2,114,50,0.5,0.1,0.15,0.1,1,1,2,100,"final","chessboard",56,1625,33,25,1,337,412,2
2,114,50,0.5,0.1,0.15,0.1,1,1,2,100,"final","chessboard",56,1625,33,25,1,337,422,1
2,114,50,0.5,0.1,0.15,0.1,1,1,2,100,"final","chessboard",56,1625,33,25,1,337,429,1
2,114,50,0.5,0.1,0.15,0.1,1,1,2,100,"final","chessboard",56,1625,33,25,1,337,432,1
2,114,50,0.5,0.1,0.15,0.1,1,1,2,100,"final","chessboard",56,1625,33,25,1,337,446,1
2,114,50,0.5,0.1,0.15,0.1,1,1,2,100,"final","chessboard",56,1625,33,25,1,337,460,2
2,114,50,0.5,0.1,0.15,0.1,1,1,2,100,"final","chessboard",56,1625,33,25,1,337,464,1
2,114,50,0.5,0.1,0.15,0.1,1,1,2,100,"final","chessboard",56,1625,33,25,1,337,473,1
2,114,50,0.5,0.1,0.15,0.1,1,1,2,100,"final","chessboard",56,1625,33,25,1,337,476,1
2,114,50,0.5,0.1,0.15,0.1,1,1,2,100,"final","chessboard",56,1625,33,25,1,337,481,2
2,114,50,0.5,0.1,0.15,0.1,1,1,2,100,"final","chessboard",56,1625,33,25,1,337,493,1
2,114,50,0.5,0.1,0.15,0.1,1,1,2,100,"final","chessboard",56,1625,33,25,1,337,496,2
2,114,50,0.5,0.1,0.15,0.1,1,1,2,100,"final","chessboard",56,1625,33,25,1,337,512,1
2,114,50,0.5,0.1,0.15,0.1,1,1,2,100,"final","chessboard",56,1625,33,25,1,337,524,1
2,114,50,0.5,0.1,0.15,0.1,1,1,2,100,"final","chessboard",57,1627,33,27,1,337,274,1
2,114,50,0.5,0.1,0.15,0.1,1,1,2,100,"final","chessboard",57,1627,33,27,1,337,304,1
2,114,50,0.5,0.1,0.15,0.1,1,1,2,100,"final","chessboard",57,1627,33,27,1,337,306,1
2,114,50,0.5,0.1,0.15,0.1,1,1,2,100,"final","chessboard",57,1627,33,27,1,337,322,2
2,114,50,0.5,0.1,0.15,0.1,1,1,2,100,"final","chessboard",57,1627,33,27,1,337,323,2
2,114,50,0.5,0.1,0.15,0.1,1,1,2,100,"final","chessboard",57,1627,33,27,1,337,324,3
2,114,50,0.5,0.1,0.15,0.1,1,1,2,100,"final","chessboard",57,1627,33,27,1,337,330,1
2,114,50,0.5,0.1,0.15,0.1,1,1,2,100,"final","chessboard",57,1627,33,27,1,337,338,1
2,114,50,0.5,0.1,0.15,0.1,1,1,2,100,"final","chessboard",57,1627,33,27,1,337,351,1
2,114,50,0.5,0.1,0.15,0.1,1,1,2,100,"final","chessboard",57,1627,33,27,1,337,365,1
2,114,50,0.5,0.1,0.15,0.1,1,1,2,100,"final","chessboard",57,1627,33,27,1,337,379,4
2,114,50,0.5,0.1,0.15,0.1,1,1,2,100,"final","chessboard",57,1627,33,27,1,337,385,1
2,114,50,0.5,0.1,0.15,0.1,1,1,2,100,"final","chessboard",57,1627,33,27,1,337,386,1
2,114,50,0.5,0.1,0.15,0.1,1,1,2,100,"final","chessboard",57,1627,33,27,1,337,393,1
2,114,50,0.5,0.1,0.15,0.1,1,1,2,100,"final","chessboard",57,1627,33,27,1,337,408,1
2,114,50,0.5,0.1,0.15,0.1,1,1,2,100,"final","chessboard",57,1627,33,27,1,337,432,3
2,114,50,0.5,0.1,0.15,0.1,1,1,2,100,"final","chessboard",57,1627,33,27,1,337,440,1
2,114,50,0.5,0.1,0.15,0.1,1,1,2,100,"final","chessboard",57,1627,33,27,1,337,441,1
2,114,50,0.5,0.1,0.15,0.1,1,1,2,100,"final","chessboard",57,1627,33,27,1,337,473,1
2,114,50,0.5,0.1,0.15,0.1,1,1,2,100,"final","chessboard",58,1658,34,8,1,337,434,1
2,114,50,0.5,0.1,0.15,0.1,1,1,2,100,"final","chessboard",58,1658,34,8,1,337,446,1
2,114,50,0.5,0.1,0.15,0.1,1,1,2,100,"final","chessboard",58,1658,34,8,1,337,475,1
2,114,50,0.5,0.1,0.15,0.1,1,1,2,100,"final","chessboard",58,1658,34,8,1,337,481,1
2,114,50,0.5,0.1,0.15,0.1,1,1,2,100,"final","chessboard",58,1658,34,8,1,337,495,2
2,114,50,0.5,0.1,0.15,0.1,1,1,2,100,"final","chessboard",58,1658,34,8,1,337,497,3
2,114,50,0.5,0.1,0.15,0.1,1,1,2,100,"final","chessboard",58,1658,34,8,1,337,523,2
2,114,50,0.5,0.1,0.15,0.1,1,1,2,100,"final","chessboard",58,1658,34,8,1,337,527,3
2,114,50,0.5,0.1,0.15,0.1,1,1,2,100,"final","chessboard",58,1658,34,8,1,337,528,2
2,114,50,0.5,0.1,0.15,0.1,1,1,2,100,"final","chessboard",58,1658,34,8,1,337,574,5
2,114,50,0.5,0.1,0.15,0.1,1,1,2,100,"final","chessboard",58,1658,34,8,1,337,593,2
2,114,50,0.5,0.1,0.15,0.1,1,1,2,100,"final","chessboard",58,1658,34,8,1,337,637,1
2,114,50,0.5,0.1,0.15,0.1,1,1,2,100,"final","chessboard",59,1662,34,12,1,337,360,1
2,114,50,0.5,0.1,0.15,0.1,1,1,2,100,"final","chessboard",59,1662,34,12,1,337,371,1
2,114,50,0.5,0.1,0.15,0.1,1,1,2,100,"final","chessboard",59,1662,34,12,1,337,382,5
2,114,50,0.5,0.1,0.15,0.1,1,1,2,100,"final","chessboard",59,1662,34,12,1,337,386,1
2,114,50,0.5,0.1,0.15,0.1,1,1,2,100,"final","chessboard",59,1662,34,12,1,337,391,1
2,114,50,0.5,0.1,0.15,0.1,1,1,2,100,"final","chessboard",59,1662,34,12,1,337,407,2
2,114,50,0.5,0.1,0.15,0.1,1,1,2,100,"final","chessboard",59,1662,34,12,1,337,408,5
2,114,50,0.5,0.1,0.15,0.1,1,1,2,100,"final","chessboard",59,1662,34,12,1,337,419,4
2,114,50,0.5,0.1,0.15,0.1,1,1,2,100,"final","chessboard",59,1662,34,12,1,337,422,2
2,114,50,0.5,0.1,0.15,0.1,1,1,2,100,"final","chessboard",59,1662,34,12,1,337,432,1
2,114,50,0.5,0.1,0.15,0.1,1,1,2,100,"final","chessboard",59,1662,34,12,1,337,434,1
2,114,50,0.5,0.1,0.15,0.1,1,1,2,100,"final","chessboard",59,1662,34,12,1,337,446,4
2,114,50,0.5,0.1,0.15,0.1,1,1,2,100,"final","chessboard",59,1662,34,12,1,337,465,1
2,114,50,0.5,0.1,0.15,0.1,1,1,2,100,"final","chessboard",59,1662,34,12,1,337,473,1
2,114,50,0.5,0.1,0.15,0.1,1,1,2,100,"final","chessboard",59,1662,34,12,1,337,485,2
2,114,50,0.5,0.1,0.15,0.1,1,1,2,100,"final","chessboard",59,1662,34,12,1,337,486,4
2,114,50,0.5,0.1,0.15,0.1,1,1,2,100,"final","chessboard",59,1662,34,12,1,337,495,2
2,114,50,0.5,0.1,0.15,0.1,1,1,2,100,"final","chessboard",59,1662,34,12,1,337,506,1
2,114,50,0.5,0.1,0.15,0.1,1,1,2,100,"final","chessboard",59,1662,34,12,1,337,507,1
2,114,50,0.5,0.1,0.15,0.1,1,1,2,100,"final","chessboard",59,1662,34,12,1,337,523,1
2,114,50,0.5,0.1,0.15,0.1,1,1,2,100,"final","chessboard",59,1662,34,12,1,337,524,1
2,114,50,0.5,0.1,0.15,0.1,1,1,2,100,"final","chessboard",59,1662,34,12,1,337,555,1
2,114,50,0.5,0.1,0.15,0.1,1,1,2,100,"final","chessboard",60,1664,34,14,1,337,408,1
2,114,50,0.5,0.1,0.15,0.1,1,1,2,100,"final","chessboard",60,1664,34,14,1,337,422,1
2,114,50,0.5,0.1,0.15,0.1,1,1,2,100,"final","chessboard",60,1664,34,14,1,337,446,1
2,114,50,0.5,0.1,0.15,0.1,1,1,2,100,"final","chessboard",60,1664,34,14,1,337,471,2
2,114,50,0.5,0.1,0.15,0.1,1,1,2,100,"final","chessboard",60,1664,34,14,1,337,480,1
2,114,50,0.5,0.1,0.15,0.1,1,1,2,100,"final","chessboard",60,1664,34,14,1,337,486,2
2,114,50,0.5,0.1,0.15,0.1,1,1,2,100,"final","chessboard",60,1664,34,14,1,337,495,2
2,114,50,0.5,0.1,0.15,0.1,1,1,2,100,"final","chessboard",60,1664,34,14,1,337,506,1
2,114,50,0.5,0.1,0.15,0.1,1,1,2,100,"final","chessboard",60,1664,34,14,1,337,507,1
2,114,50,0.5,0.1,0.15,0.1,1,1,2,100,"final","chessboard",60,1664,34,14,1,337,523,1
2,114,50,0.5,0.1,0.15,0.1,1,1,2,100,"final","chessboard",60,1664,34,14,1,337,524,1
2,114,50,0.5,0.1,0.15,0.1,1,1,2,100,"final","chessboard",60,1664,34,14,1,337,527,1
2,114,50,0.5,0.1,0.15,0.1,1,1,2,100,"final","chessboard",60,1664,34,14,1,337,553,1
2,114,50,0.5,0.1,0.15,0.1,1,1,2,100,"final","chessboard",60,1664,34,14,1,337,574,2
2,114,50,0.5,0.1,0.15,0.1,1,1,2,100,"final","chessboard",60,1664,34,14,1,337,593,1
2,114,50,0.5,0.1,0.15,0.1,1,1,2,100,"final","chessboard",60,1664,34,14,1,337,637,1
2,114,50,0.5,0.1,0.15,0.1,1,1,2,100,"final","chessboard",61,1666,34,16,1,337,341,1
2,114,50,0.5,0.1,0.15,0.1,1,1,2,100,"final","chessboard",61,1666,34,16,1,337,388,1
2,114,50,0.5,0.1,0.15,0.1,1,1,2,100,"final","chessboard",61,1666,34,16,1,337,393,1
2,114,50,0.5,0.1,0.15,0.1,1,1,2,100,"final","chessboard",61,1666,34,16,1,337,408,5
2,114,50,0.5,0.1,0.15,0.1,1,1,2,100,"final","chessboard",61,1666,34,16,1,337,422,1
2,114,50,0.5,0.1,0.15,0.1,1,1,2,100,"final","chessboard",61,1666,34,16,1,337,428,2
2,114,50,0.5,0.1,0.15,0.1,1,1,2,100,"final","chessboard",61,1666,34,16,1,337,434,2
2,114,50,0.5,0.1,0.15,0.1,1,1,2,100,"final","chessboard",61,1666,34,16,1,337,460,1
2,114,50,0.5,0.1,0.15,0.1,1,1,2,100,"final","chessboard",61,1666,34,16,1,337,462,1
2,114,50,0.5,0.1,0.15,0.1,1,1,2,100,"final","chessboard",61,1666,34,16,1,337,465,1
2,114,50,0.5,0.1,0.15,0.1,1,1,2,100,"final","chessboard",61,1666,34,16,1,337,471,5
2,114,50,0.5,0.1,0.15,0.1,1,1,2,100,"final","chessboard",61,1666,34,16,1,337,479,2
2,114,50,0.5,0.1,0.15,0.1,1,1,2,100,"final","chessboard",61,1666,34,16,1,337,481,1
2,114,50,0.5,0.1,0.15,0.1,1,1,2,100,"final","chessboard",61,1666,34,16,1,337,485,1
2,114,50,0.5,0.1,0.15,0.1,1,1,2,100,"final","chessboard",61,1666,34,16,1,337,495,1
2,114,50,0.5,0.1,0.15,0.1,1,1,2,100,"final","chessboard",61,1666,34,16,1,337,496,2
2,114,50,0.5,0.1,0.15,0.1,1,1,2,100,"final","chessboard",61,1666,34,16,1,337,497,1
2,114,50,0.5,0.1,0.15,0.1,1,1,2,100,"final","chessboard",61,1666,34,16,1,337,506,1
2,114,50,0.5,0.1,0.15,0.1,1,1,2,100,"final","chessboard",61,1666,34,16,1,337,524,2
2,114,50,0.5,0.1,0.15,0.1,1,1,2,100,"final","chessboard",61,1666,34,16,1,337,545,2
2,114,50,0.5,0.1,0.15,0.1,1,1,2,100,"final","chessboard",61,1666,34,16,1,337,547,2
2,114,50,0.5,0.1,0.15,0.1,1,1,2,100,"final","chessboard",61,1666,34,16,1,337,610,1
2,114,50,0.5,0.1,0.15,0.1,1,1,2,100,"final","chessboard",61,1666,34,16,1,337,637,1
2,114,50,0.5,0.1,0.15,0.1,1,1,2,100,"final","chessboard",62,1668,34,18,1,337,304,1
2,114,50,0.5,0.1,0.15,0.1,1,1,2,100,"final","chessboard",62,1668,34,18,1,337,349,1
2,114,50,0.5,0.1,0.15,0.1,1,1,2,100,"final","chessboard",62,1668,34,18,1,337,389,1
2,114,50,0.5,0.1,0.15,0.1,1,1,2,100,"final","chessboard",62,1668,34,18,1,337,392,1
2,114,50,0.5,0.1,0.15,0.1,1,1,2,100,"final","chessboard",62,1668,34,18,1,337,395,1
2,114,50,0.5,0.1,0.15,0.1,1,1,2,100,"final","chessboard",62,1668,34,18,1,337,408,2
2,114,50,0.5,0.1,0.15,0.1,1,1,2,100,"final","chessboard",62,1668,34,18,1,337,428,4
2,114,50,0.5,0.1,0.15,0.1,1,1,2,100,"final","chessboard",62,1668,34,18,1,337,446,1
2,114,50,0.5,0.1,0.15,0.1,1,1,2,100,"final","chessboard",62,1668,34,18,1,337,462,3
2,114,50,0.5,0.1,0.15,0.1,1,1,2,100,"final","chessboard",62,1668,34,18,1,337,465,1
2,114,50,0.5,0.1,0.15,0.1,1,1,2,100,"final","chessboard",62,1668,34,18,1,337,476,1
2,114,50,0.5,0.1,0.15,0.1,1,1,2,100,"final","chessboard",62,1668,34,18,1,337,477,1
2,114,50,0.5,0.1,0.15,0.1,1,1,2,100,"final","chessboard",62,1668,34,18,1,337,479,2
2,114,50,0.5,0.1,0.15,0.1,1,1,2,100,"final","chessboard",62,1668,34,18,1,337,483,1
2,114,50,0.5,0.1,0.15,0.1,1,1,2,100,"final","chessboard",62,1668,34,18,1,337,485,1
2,114,50,0.5,0.1,0.15,0.1,1,1,2,100,"final","chessboard",62,1668,34,18,1,337,486,3
2,114,50,0.5,0.1,0.15,0.1,1,1,2,100,"final","chessboard",62,1668,34,18,1,337,491,1
2,114,50,0.5,0.1,0.15,0.1,1,1,2,100,"final","chessboard",62,1668,34,18,1,337,495,3
2,114,50,0.5,0.1,0.15,0.1,1,1,2,100,"final","chessboard",62,1668,34,18,1,337,523,2
2,114,50,0.5,0.1,0.15,0.1,1,1,2,100,"final","chessboard",62,1668,34,18,1,337,524,3
2,114,50,0.5,0.1,0.15,0.1,1,1,2,100,"final","chessboard",62,1668,34,18,1,337,527,1
2,114,50,0.5,0.1,0.15,0.1,1,1,2,100,"final","chessboard",62,1668,34,18,1,337,574,1
2,114,50,0.5,0.1,0.15,0.1,1,1,2,100,"final","chessboard",63,1670,34,20,1,337,292,2
2,114,50,0.5,0.1,0.15,0.1,1,1,2,100,"final","chessboard",63,1670,34,20,1,337,306,2
2,114,50,0.5,0.1,0.15,0.1,1,1,2,100,"final","chessboard",63,1670,34,20,1,337,322,1
2,114,50,0.5,0.1,0.15,0.1,1,1,2,100,"final","chessboard",63,1670,34,20,1,337,323,2
2,114,50,0.5,0.1,0.15,0.1,1,1,2,100,"final","chessboard",63,1670,34,20,1,337,327,2
2,114,50,0.5,0.1,0.15,0.1,1,1,2,100,"final","chessboard",63,1670,34,20,1,337,332,1
2,114,50,0.5,0.1,0.15,0.1,1,1,2,100,"final","chessboard",63,1670,34,20,1,337,349,1
2,114,50,0.5,0.1,0.15,0.1,1,1,2,100,"final","chessboard",63,1670,34,20,1,337,351,3
2,114,50,0.5,0.1,0.15,0.1,1,1,2,100,"final","chessboard",63,1670,34,20,1,337,385,2
2,114,50,0.5,0.1,0.15,0.1,1,1,2,100,"final","chessboard",63,1670,34,20,1,337,388,1
2,114,50,0.5,0.1,0.15,0.1,1,1,2,100,"final","chessboard",63,1670,34,20,1,337,408,1
2,114,50,0.5,0.1,0.15,0.1,1,1,2,100,"final","chessboard",63,1670,34,20,1,337,410,1
2,114,50,0.5,0.1,0.15,0.1,1,1,2,100,"final","chessboard",63,1670,34,20,1,337,422,1
2,114,50,0.5,0.1,0.15,0.1,1,1,2,100,"final","chessboard",63,1670,34,20,1,337,426,1
2,114,50,0.5,0.1,0.15,0.1,1,1,2,100,"final","chessboard",63,1670,34,20,1,337,434,2
2,114,50,0.5,0.1,0.15,0.1,1,1,2,100,"final","chessboard",63,1670,34,20,1,337,446,2
2,114,50,0.5,0.1,0.15,0.1,1,1,2,100,"final","chessboard",63,1670,34,20,1,337,473,6
2,114,50,0.5,0.1,0.15,0.1,1,1,2,100,"final","chessboard",63,1670,34,20,1,337,491,1
2,114,50,0.5,0.1,0.15,0.1,1,1,2,100,"final","chessboard",63,1670,34,20,1,337,523,1
2,114,50,0.5,0.1,0.15,0.1,1,1,2,100,"final","chessboard",63,1670,34,20,1,337,524,1
2,114,50,0.5,0.1,0.15,0.1,1,1,2,100,"final","chessboard",63,1670,34,20,1,337,539,1
2,114,50,0.5,0.1,0.15,0.1,1,1,2,100,"final","chessboard",64,1674,34,24,1,337,290,2
2,114,50,0.5,0.1,0.15,0.1,1,1,2,100,"final","chessboard",64,1674,34,24,1,337,306,1
2,114,50,0.5,0.1,0.15,0.1,1,1,2,100,"final","chessboard",64,1674,34,24,1,337,310,2
2,114,50,0.5,0.1,0.15,0.1,1,1,2,100,"final","chessboard",64,1674,34,24,1,337,322,1
2,114,50,0.5,0.1,0.15,0.1,1,1,2,100,"final","chessboard",64,1674,34,24,1,337,323,2
2,114,50,0.5,0.1,0.15,0.1,1,1,2,100,"final","chessboard",64,1674,34,24,1,337,324,1
2,114,50,0.5,0.1,0.15,0.1,1,1,2,100,"final","chessboard",64,1674,34,24,1,337,325,4
2,114,50,0.5,0.1,0.15,0.1,1,1,2,100,"final","chessboard",64,1674,34,24,1,337,327,1
2,114,50,0.5,0.1,0.15,0.1,1,1,2,100,"final","chessboard",64,1674,34,24,1,337,330,5
2,114,50,0.5,0.1,0.15,0.1,1,1,2,100,"final","chessboard",64,1674,34,24,1,337,358,2
2,114,50,0.5,0.1,0.15,0.1,1,1,2,100,"final","chessboard",64,1674,34,24,1,337,361,1
2,114,50,0.5,0.1,0.15,0.1,1,1,2,100,"final","chessboard",64,1674,34,24,1,337,370,1
2,114,50,0.5,0.1,0.15,0.1,1,1,2,100,"final","chessboard",64,1674,34,24,1,337,371,1
2,114,50,0.5,0.1,0.15,0.1,1,1,2,100,"final","chessboard",64,1674,34,24,1,337,379,2
2,114,50,0.5,0.1,0.15,0.1,1,1,2,100,"final","chessboard",64,1674,34,24,1,337,385,5
2,114,50,0.5,0.1,0.15,0.1,1,1,2,100,"final","chessboard",64,1674,34,24,1,337,399,1
2,114,50,0.5,0.1,0.15,0.1,1,1,2,100,"final","chessboard",64,1674,34,24,1,337,410,1
2,114,50,0.5,0.1,0.15,0.1,1,1,2,100,"final","chessboard",64,1674,34,24,1,337,415,1
2,114,50,0.5,0.1,0.15,0.1,1,1,2,100,"final","chessboard",64,1674,34,24,1,337,430,3
2,114,50,0.5,0.1,0.15,0.1,1,1,2,100,"final","chessboard",64,1674,34,24,1,337,441,1
2,114,50,0.5,0.1,0.15,0.1,1,1,2,100,"final","chessboard",64,1674,34,24,1,337,453,1
2,114,50,0.5,0.1,0.15,0.1,1,1,2,100,"final","chessboard",64,1674,34,24,1,337,512,1
2,114,50,0.5,0.1,0.15,0.1,1,1,2,100,"final","chessboard",65,1676,34,26,1,337,274,1
2,114,50,0.5,0.1,0.15,0.1,1,1,2,100,"final","chessboard",65,1676,34,26,1,337,323,1
2,114,50,0.5,0.1,0.15,0.1,1,1,2,100,"final","chessboard",65,1676,34,26,1,337,324,1
2,114,50,0.5,0.1,0.15,0.1,1,1,2,100,"final","chessboard",65,1676,34,26,1,337,330,1
2,114,50,0.5,0.1,0.15,0.1,1,1,2,100,"final","chessboard",65,1676,34,26,1,337,332,2
2,114,50,0.5,0.1,0.15,0.1,1,1,2,100,"final","chessboard",65,1676,34,26,1,337,350,1
2,114,50,0.5,0.1,0.15,0.1,1,1,2,100,"final","chessboard",65,1676,34,26,1,337,351,1
2,114,50,0.5,0.1,0.15,0.1,1,1,2,100,"final","chessboard",65,1676,34,26,1,337,353,1
2,114,50,0.5,0.1,0.15,0.1,1,1,2,100,"final","chessboard",65,1676,34,26,1,337,358,1
2,114,50,0.5,0.1,0.15,0.1,1,1,2,100,"final","chessboard",65,1676,34,26,1,337,371,1
2,114,50,0.5,0.1,0.15,0.1,1,1,2,100,"final","chessboard",65,1676,34,26,1,337,375,2
2,114,50,0.5,0.1,0.15,0.1,1,1,2,100,"final","chessboard",65,1676,34,26,1,337,379,1
2,114,50,0.5,0.1,0.15,0.1,1,1,2,100,"final","chessboard",65,1676,34,26,1,337,382,1
2,114,50,0.5,0.1,0.15,0.1,1,1,2,100,"final","chessboard",65,1676,34,26,1,337,385,5
2,114,50,0.5,0.1,0.15,0.1,1,1,2,100,"final","chessboard",65,1676,34,26,1,337,386,1
2,114,50,0.5,0.1,0.15,0.1,1,1,2,100,"final","chessboard",65,1676,34,26,1,337,410,1
2,114,50,0.5,0.1,0.15,0.1,1,1,2,100,"final","chessboard",65,1676,34,26,1,337,422,2
2,114,50,0.5,0.1,0.15,0.1,1,1,2,100,"final","chessboard",65,1676,34,26,1,337,430,1
2,114,50,0.5,0.1,0.15,0.1,1,1,2,100,"final","chessboard",65,1676,34,26,1,337,441,1
2,114,50,0.5,0.1,0.15,0.1,1,1,2,100,"final","chessboard",65,1676,34,26,1,337,443,1
2,114,50,0.5,0.1,0.15,0.1,1,1,2,100,"final","chessboard",65,1676,34,26,1,337,460,1
2,114,50,0.5,0.1,0.15,0.1,1,1,2,100,"final","chessboard",65,1676,34,26,1,337,473,2
2,114,50,0.5,0.1,0.15,0.1,1,1,2,100,"final","chessboard",65,1676,34,26,1,337,476,1
2,114,50,0.5,0.1,0.15,0.1,1,1,2,100,"final","chessboard",65,1676,34,26,1,337,480,1
2,114,50,0.5,0.1,0.15,0.1,1,1,2,100,"final","chessboard",65,1676,34,26,1,337,481,1
2,114,50,0.5,0.1,0.15,0.1,1,1,2,100,"final","chessboard",65,1676,34,26,1,337,515,1
2,114,50,0.5,0.1,0.15,0.1,1,1,2,100,"final","chessboard",66,1678,34,28,1,337,330,1
2,114,50,0.5,0.1,0.15,0.1,1,1,2,100,"final","chessboard",66,1678,34,28,1,337,351,1
2,114,50,0.5,0.1,0.15,0.1,1,1,2,100,"final","chessboard",66,1678,34,28,1,337,358,2
2,114,50,0.5,0.1,0.15,0.1,1,1,2,100,"final","chessboard",66,1678,34,28,1,337,365,1
2,114,50,0.5,0.1,0.15,0.1,1,1,2,100,"final","chessboard",66,1678,34,28,1,337,371,1
2,114,50,0.5,0.1,0.15,0.1,1,1,2,100,"final","chessboard",66,1678,34,28,1,337,379,1
2,114,50,0.5,0.1,0.15,0.1,1,1,2,100,"final","chessboard",66,1678,34,28,1,337,391,1
2,114,50,0.5,0.1,0.15,0.1,1,1,2,100,"final","chessboard",66,1678,34,28,1,337,394,2
2,114,50,0.5,0.1,0.15,0.1,1,1,2,100,"final","chessboard",66,1678,34,28,1,337,399,1
2,114,50,0.5,0.1,0.15,0.1,1,1,2,100,"final","chessboard",66,1678,34,28,1,337,404,1
2,114,50,0.5,0.1,0.15,0.1,1,1,2,100,"final","chessboard",66,1678,34,28,1,337,408,1
2,114,50,0.5,0.1,0.15,0.1,1,1,2,100,"final","chessboard",66,1678,34,28,1,337,412,2
2,114,50,0.5,0.1,0.15,0.1,1,1,2,100,"final","chessboard",66,1678,34,28,1,337,419,1
2,114,50,0.5,0.1,0.15,0.1,1,1,2,100,"final","chessboard",66,1678,34,28,1,337,421,4
2,114,50,0.5,0.1,0.15,0.1,1,1,2,100,"final","chessboard",66,1678,34,28,1,337,427,1
2,114,50,0.5,0.1,0.15,0.1,1,1,2,100,"final","chessboard",66,1678,34,28,1,337,429,2
2,114,50,0.5,0.1,0.15,0.1,1,1,2,100,"final","chessboard",66,1678,34,28,1,337,430,2
2,114,50,0.5,0.1,0.15,0.1,1,1,2,100,"final","chessboard",66,1678,34,28,1,337,432,1
2,114,50,0.5,0.1,0.15,0.1,1,1,2,100,"final","chessboard",66,1678,34,28,1,337,438,1
2,114,50,0.5,0.1,0.15,0.1,1,1,2,100,"final","chessboard",66,1678,34,28,1,337,479,3
2,114,50,0.5,0.1,0.15,0.1,1,1,2,100,"final","chessboard",66,1678,34,28,1,337,486,1
2,114,50,0.5,0.1,0.15,0.1,1,1,2,100,"final","chessboard",66,1678,34,28,1,337,515,1
2,114,50,0.5,0.1,0.15,0.1,1,1,2,100,"final","chessboard",66,1678,34,28,1,337,524,2
2,114,50,0.5,0.1,0.15,0.1,1,1,2,100,"final","chessboard",67,1707,35,7,1,337,351,1
2,114,50,0.5,0.1,0.15,0.1,1,1,2,100,"final","chessboard",67,1707,35,7,1,337,481,1
2,114,50,0.5,0.1,0.15,0.1,1,1,2,100,"final","chessboard",67,1707,35,7,1,337,486,1
2,114,50,0.5,0.1,0.15,0.1,1,1,2,100,"final","chessboard",67,1707,35,7,1,337,493,1
2,114,50,0.5,0.1,0.15,0.1,1,1,2,100,"final","chessboard",67,1707,35,7,1,337,495,1
2,114,50,0.5,0.1,0.15,0.1,1,1,2,100,"final","chessboard",67,1707,35,7,1,337,527,2
2,114,50,0.5,0.1,0.15,0.1,1,1,2,100,"final","chessboard",67,1707,35,7,1,337,555,3
2,114,50,0.5,0.1,0.15,0.1,1,1,2,100,"final","chessboard",67,1707,35,7,1,337,557,3
2,114,50,0.5,0.1,0.15,0.1,1,1,2,100,"final","chessboard",67,1707,35,7,1,337,574,4
2,114,50,0.5,0.1,0.15,0.1,1,1,2,100,"final","chessboard",67,1707,35,7,1,337,589,3
2,114,50,0.5,0.1,0.15,0.1,1,1,2,100,"final","chessboard",67,1707,35,7,1,337,593,2
2,114,50,0.5,0.1,0.15,0.1,1,1,2,100,"final","chessboard",67,1707,35,7,1,337,606,2
2,114,50,0.5,0.1,0.15,0.1,1,1,2,100,"final","chessboard",67,1707,35,7,1,337,612,4
2,114,50,0.5,0.1,0.15,0.1,1,1,2,100,"final","chessboard",68,1711,35,11,1,337,375,1
2,114,50,0.5,0.1,0.15,0.1,1,1,2,100,"final","chessboard",68,1711,35,11,1,337,395,1
2,114,50,0.5,0.1,0.15,0.1,1,1,2,100,"final","chessboard",68,1711,35,11,1,337,407,2
2,114,50,0.5,0.1,0.15,0.1,1,1,2,100,"final","chessboard",68,1711,35,11,1,337,408,2
2,114,50,0.5,0.1,0.15,0.1,1,1,2,100,"final","chessboard",68,1711,35,11,1,337,430,1
2,114,50,0.5,0.1,0.15,0.1,1,1,2,100,"final","chessboard",68,1711,35,11,1,337,446,4
2,114,50,0.5,0.1,0.15,0.1,1,1,2,100,"final","chessboard",68,1711,35,11,1,337,480,1
2,114,50,0.5,0.1,0.15,0.1,1,1,2,100,"final","chessboard",68,1711,35,11,1,337,486,1
2,114,50,0.5,0.1,0.15,0.1,1,1,2,100,"final","chessboard",68,1711,35,11,1,337,495,3
2,114,50,0.5,0.1,0.15,0.1,1,1,2,100,"final","chessboard",68,1711,35,11,1,337,496,1
2,114,50,0.5,0.1,0.15,0.1,1,1,2,100,"final","chessboard",68,1711,35,11,1,337,506,1
2,114,50,0.5,0.1,0.15,0.1,1,1,2,100,"final","chessboard",68,1711,35,11,1,337,523,2
2,114,50,0.5,0.1,0.15,0.1,1,1,2,100,"final","chessboard",68,1711,35,11,1,337,527,4
2,114,50,0.5,0.1,0.15,0.1,1,1,2,100,"final","chessboard",68,1711,35,11,1,337,548,2
2,114,50,0.5,0.1,0.15,0.1,1,1,2,100,"final","chessboard",68,1711,35,11,1,337,574,1
2,114,50,0.5,0.1,0.15,0.1,1,1,2,100,"final","chessboard",68,1711,35,11,1,337,600,1
2,114,50,0.5,0.1,0.15,0.1,1,1,2,100,"final","chessboard",68,1711,35,11,1,337,606,6
2,114,50,0.5,0.1,0.15,0.1,1,1,2,100,"final","chessboard",68,1711,35,11,1,337,638,1
2,114,50,0.5,0.1,0.15,0.1,1,1,2,100,"final","chessboard",69,1713,35,13,1,337,359,1
2,114,50,0.5,0.1,0.15,0.1,1,1,2,100,"final","chessboard",69,1713,35,13,1,337,360,1
2,114,50,0.5,0.1,0.15,0.1,1,1,2,100,"final","chessboard",69,1713,35,13,1,337,369,2
2,114,50,0.5,0.1,0.15,0.1,1,1,2,100,"final","chessboard",69,1713,35,13,1,337,371,1
2,114,50,0.5,0.1,0.15,0.1,1,1,2,100,"final","chessboard",69,1713,35,13,1,337,374,1
2,114,50,0.5,0.1,0.15,0.1,1,1,2,100,"final","chessboard",69,1713,35,13,1,337,382,3
2,114,50,0.5,0.1,0.15,0.1,1,1,2,100,"final","chessboard",69,1713,35,13,1,337,386,2
2,114,50,0.5,0.1,0.15,0.1,1,1,2,100,"final","chessboard",69,1713,35,13,1,337,395,1
2,114,50,0.5,0.1,0.15,0.1,1,1,2,100,"final","chessboard",69,1713,35,13,1,337,408,1
2,114,50,0.5,0.1,0.15,0.1,1,1,2,100,"final","chessboard",69,1713,35,13,1,337,419,3
2,114,50,0.5,0.1,0.15,0.1,1,1,2,100,"final","chessboard",69,1713,35,13,1,337,421,1
2,114,50,0.5,0.1,0.15,0.1,1,1,2,100,"final","chessboard",69,1713,35,13,1,337,422,4
2,114,50,0.5,0.1,0.15,0.1,1,1,2,100,"final","chessboard",69,1713,35,13,1,337,446,4
2,114,50,0.5,0.1,0.15,0.1,1,1,2,100,"final","chessboard",69,1713,35,13,1,337,475,1
2,114,50,0.5,0.1,0.15,0.1,1,1,2,100,"final","chessboard",69,1713,35,13,1,337,480,1
2,114,50,0.5,0.1,0.15,0.1,1,1,2,100,"final","chessboard",69,1713,35,13,1,337,481,1
2,114,50,0.5,0.1,0.15,0.1,1,1,2,100,"final","chessboard",69,1713,35,13,1,337,486,3
2,114,50,0.5,0.1,0.15,0.1,1,1,2,100,"final","chessboard",69,1713,35,13,1,337,487,1
2,114,50,0.5,0.1,0.15,0.1,1,1,2,100,"final","chessboard",69,1713,35,13,1,337,495,2
2,114,50,0.5,0.1,0.15,0.1,1,1,2,100,"final","chessboard",69,1713,35,13,1,337,496,2
2,114,50,0.5,0.1,0.15,0.1,1,1,2,100,"final","chessboard",69,1713,35,13,1,337,524,1
2,114,50,0.5,0.1,0.15,0.1,1,1,2,100,"final","chessboard",69,1713,35,13,1,337,537,1
2,114,50,0.5,0.1,0.15,0.1,1,1,2,100,"final","chessboard",70,1715,35,15,1,337,241,1
2,114,50,0.5,0.1,0.15,0.1,1,1,2,100,"final","chessboard",70,1715,35,15,1,337,304,1
2,114,50,0.5,0.1,0.15,0.1,1,1,2,100,"final","chessboard",70,1715,35,15,1,337,310,1
2,114,50,0.5,0.1,0.15,0.1,1,1,2,100,"final","chessboard",70,1715,35,15,1,337,324,2
2,114,50,0.5,0.1,0.15,0.1,1,1,2,100,"final","chessboard",70,1715,35,15,1,337,351,2
2,114,50,0.5,0.1,0.15,0.1,1,1,2,100,"final","chessboard",70,1715,35,15,1,337,359,3
2,114,50,0.5,0.1,0.15,0.1,1,1,2,100,"final","chessboard",70,1715,35,15,1,337,374,1
2,114,50,0.5,0.1,0.15,0.1,1,1,2,100,"final","chessboard",70,1715,35,15,1,337,382,2
2,114,50,0.5,0.1,0.15,0.1,1,1,2,100,"final","chessboard",70,1715,35,15,1,337,419,3
2,114,50,0.5,0.1,0.15,0.1,1,1,2,100,"final","chessboard",70,1715,35,15,1,337,421,1
2,114,50,0.5,0.1,0.15,0.1,1,1,2,100,"final","chessboard",70,1715,35,15,1,337,422,2
2,114,50,0.5,0.1,0.15,0.1,1,1,2,100,"final","chessboard",70,1715,35,15,1,337,423,1
2,114,50,0.5,0.1,0.15,0.1,1,1,2,100,"final","chessboard",70,1715,35,15,1,337,434,3
2,114,50,0.5,0.1,0.15,0.1,1,1,2,100,"final","chessboard",70,1715,35,15,1,337,479,1
2,114,50,0.5,0.1,0.15,0.1,1,1,2,100,"final","chessboard",70,1715,35,15,1,337,480,1
2,114,50,0.5,0.1,0.15,0.1,1,1,2,100,"final","chessboard",70,1715,35,15,1,337,481,1
2,114,50,0.5,0.1,0.15,0.1,1,1,2,100,"final","chessboard",70,1715,35,15,1,337,485,1
2,114,50,0.5,0.1,0.15,0.1,1,1,2,100,"final","chessboard",70,1715,35,15,1,337,486,1
2,114,50,0.5,0.1,0.15,0.1,1,1,2,100,"final","chessboard",70,1715,35,15,1,337,493,1
2,114,50,0.5,0.1,0.15,0.1,1,1,2,100,"final","chessboard",70,1715,35,15,1,337,496,1
2,114,50,0.5,0.1,0.15,0.1,1,1,2,100,"final","chessboard",70,1715,35,15,1,337,497,2
2,114,50,0.5,0.1,0.15,0.1,1,1,2,100,"final","chessboard",70,1715,35,15,1,337,523,1
2,114,50,0.5,0.1,0.15,0.1,1,1,2,100,"final","chessboard",70,1715,35,15,1,337,524,2
2,114,50,0.5,0.1,0.15,0.1,1,1,2,100,"final","chessboard",70,1715,35,15,1,337,527,1
2,114,50,0.5,0.1,0.15,0.1,1,1,2,100,"final","chessboard",71,1717,35,17,1,337,241,1
2,114,50,0.5,0.1,0.15,0.1,1,1,2,100,"final","chessboard",71,1717,35,17,1,337,292,1
2,114,50,0.5,0.1,0.15,0.1,1,1,2,100,"final","chessboard",71,1717,35,17,1,337,306,2
2,114,50,0.5,0.1,0.15,0.1,1,1,2,100,"final","chessboard",71,1717,35,17,1,337,323,3
2,114,50,0.5,0.1,0.15,0.1,1,1,2,100,"final","chessboard",71,1717,35,17,1,337,341,2
2,114,50,0.5,0.1,0.15,0.1,1,1,2,100,"final","chessboard",71,1717,35,17,1,337,351,3
2,114,50,0.5,0.1,0.15,0.1,1,1,2,100,"final","chessboard",71,1717,35,17,1,337,368,1
2,114,50,0.5,0.1,0.15,0.1,1,1,2,100,"final","chessboard",71,1717,35,17,1,337,371,1
2,114,50,0.5,0.1,0.15,0.1,1,1,2,100,"final","chessboard",71,1717,35,17,1,337,374,1
2,114,50,0.5,0.1,0.15,0.1,1,1,2,100,"final","chessboard",71,1717,35,17,1,337,379,1
2,114,50,0.5,0.1,0.15,0.1,1,1,2,100,"final","chessboard",71,1717,35,17,1,337,382,3
2,114,50,0.5,0.1,0.15,0.1,1,1,2,100,"final","chessboard",71,1717,35,17,1,337,385,4
2,114,50,0.5,0.1,0.15,0.1,1,1,2,100,"final","chessboard",71,1717,35,17,1,337,386,1
2,114,50,0.5,0.1,0.15,0.1,1,1,2,100,"final","chessboard",71,1717,35,17,1,337,388,1
2,114,50,0.5,0.1,0.15,0.1,1,1,2,100,"final","chessboard",71,1717,35,17,1,337,389,2
2,114,50,0.5,0.1,0.15,0.1,1,1,2,100,"final","chessboard",71,1717,35,17,1,337,393,1
2,114,50,0.5,0.1,0.15,0.1,1,1,2,100,"final","chessboard",71,1717,35,17,1,337,406,1
2,114,50,0.5,0.1,0.15,0.1,1,1,2,100,"final","chessboard",71,1717,35,17,1,337,408,2
2,114,50,0.5,0.1,0.15,0.1,1,1,2,100,"final","chessboard",71,1717,35,17,1,337,419,2
2,114,50,0.5,0.1,0.15,0.1,1,1,2,100,"final","chessboard",71,1717,35,17,1,337,462,1
2,114,50,0.5,0.1,0.15,0.1,1,1,2,100,"final","chessboard",71,1717,35,17,1,337,483,1
2,114,50,0.5,0.1,0.15,0.1,1,1,2,100,"final","chessboard",71,1717,35,17,1,337,491,3
2,114,50,0.5,0.1,0.15,0.1,1,1,2,100,"final","chessboard",72,1719,35,19,1,337,241,4
2,114,50,0.5,0.1,0.15,0.1,1,1,2,100,"final","chessboard",72,1719,35,19,1,337,290,1
2,114,50,0.5,0.1,0.15,0.1,1,1,2,100,"final","chessboard",72,1719,35,19,1,337,292,2
2,114,50,0.5,0.1,0.15,0.1,1,1,2,100,"final","chessboard",72,1719,35,19,1,337,304,3
2,114,50,0.5,0.1,0.15,0.1,1,1,2,100,"final","chessboard",72,1719,35,19,1,337,310,3
2,114,50,0.5,0.1,0.15,0.1,1,1,2,100,"final","chessboard",72,1719,35,19,1,337,324,1
2,114,50,0.5,0.1,0.15,0.1,1,1,2,100,"final","chessboard",72,1719,35,19,1,337,327,2
2,114,50,0.5,0.1,0.15,0.1,1,1,2,100,"final","chessboard",72,1719,35,19,1,337,332,1
2,114,50,0.5,0.1,0.15,0.1,1,1,2,100,"final","chessboard",72,1719,35,19,1,337,350,1
2,114,50,0.5,0.1,0.15,0.1,1,1,2,100,"final","chessboard",72,1719,35,19,1,337,351,2
2,114,50,0.5,0.1,0.15,0.1,1,1,2,100,"final","chessboard",72,1719,35,19,1,337,358,1
2,114,50,0.5,0.1,0.15,0.1,1,1,2,100,"final","chessboard",72,1719,35,19,1,337,379,1
2,114,50,0.5,0.1,0.15,0.1,1,1,2,100,"final","chessboard",72,1719,35,19,1,337,406,1
2,114,50,0.5,0.1,0.15,0.1,1,1,2,100,"final","chessboard",72,1719,35,19,1,337,471,1
2,114,50,0.5,0.1,0.15,0.1,1,1,2,100,"final","chessboard",73,1721,35,21,1,337,247,3
2,114,50,0.5,0.1,0.15,0.1,1,1,2,100,"final","chessboard",73,1721,35,21,1,337,288,1
2,114,50,0.5,0.1,0.15,0.1,1,1,2,100,"final","chessboard",73,1721,35,21,1,337,292,1
2,114,50,0.5,0.1,0.15,0.1,1,1,2,100,"final","chessboard",73,1721,35,21,1,337,304,3
2,114,50,0.5,0.1,0.15,0.1,1,1,2,100,"final","chessboard",73,1721,35,21,1,337,306,2
2,114,50,0.5,0.1,0.15,0.1,1,1,2,100,"final","chessboard",73,1721,35,21,1,337,324,1
2,114,50,0.5,0.1,0.15,0.1,1,1,2,100,"final","chessboard",73,1721,35,21,1,337,327,2
2,114,50,0.5,0.1,0.15,0.1,1,1,2,100,"final","chessboard",73,1721,35,21,1,337,338,1
2,114,50,0.5,0.1,0.15,0.1,1,1,2,100,"final","chessboard",73,1721,35,21,1,337,341,1
2,114,50,0.5,0.1,0.15,0.1,1,1,2,100,"final","chessboard",73,1721,35,21,1,337,344,1
2,114,50,0.5,0.1,0.15,0.1,1,1,2,100,"final","chessboard",73,1721,35,21,1,337,350,2
2,114,50,0.5,0.1,0.15,0.1,1,1,2,100,"final","chessboard",73,1721,35,21,1,337,353,2
2,114,50,0.5,0.1,0.15,0.1,1,1,2,100,"final","chessboard",73,1721,35,21,1,337,358,1
2,114,50,0.5,0.1,0.15,0.1,1,1,2,100,"final","chessboard",73,1721,35,21,1,337,385,1
2,114,50,0.5,0.1,0.15,0.1,1,1,2,100,"final","chessboard",73,1721,35,21,1,337,391,1
2,114,50,0.5,0.1,0.15,0.1,1,1,2,100,"final","chessboard",73,1721,35,21,1,337,393,2
2,114,50,0.5,0.1,0.15,0.1,1,1,2,100,"final","chessboard",73,1721,35,21,1,337,419,1
2,114,50,0.5,0.1,0.15,0.1,1,1,2,100,"final","chessboard",73,1721,35,21,1,337,426,2
2,114,50,0.5,0.1,0.15,0.1,1,1,2,100,"final","chessboard",73,1721,35,21,1,337,458,1
2,114,50,0.5,0.1,0.15,0.1,1,1,2,100,"final","chessboard",73,1721,35,21,1,337,460,1
2,114,50,0.5,0.1,0.15,0.1,1,1,2,100,"final","chessboard",73,1721,35,21,1,337,465,1
2,114,50,0.5,0.1,0.15,0.1,1,1,2,100,"final","chessboard",73,1721,35,21,1,337,480,1
2,114,50,0.5,0.1,0.15,0.1,1,1,2,100,"final","chessboard",74,1723,35,23,1,337,288,1
2,114,50,0.5,0.1,0.15,0.1,1,1,2,100,"final","chessboard",74,1723,35,23,1,337,290,1
2,114,50,0.5,0.1,0.15,0.1,1,1,2,100,"final","chessboard",74,1723,35,23,1,337,304,1
2,114,50,0.5,0.1,0.15,0.1,1,1,2,100,"final","chessboard",74,1723,35,23,1,337,306,3
2,114,50,0.5,0.1,0.15,0.1,1,1,2,100,"final","chessboard",74,1723,35,23,1,337,310,3
2,114,50,0.5,0.1,0.15,0.1,1,1,2,100,"final","chessboard",74,1723,35,23,1,337,323,2
2,114,50,0.5,0.1,0.15,0.1,1,1,2,100,"final","chessboard",74,1723,35,23,1,337,325,1
2,114,50,0.5,0.1,0.15,0.1,1,1,2,100,"final","chessboard",74,1723,35,23,1,337,332,8
2,114,50,0.5,0.1,0.15,0.1,1,1,2,100,"final","chessboard",74,1723,35,23,1,337,338,1
2,114,50,0.5,0.1,0.15,0.1,1,1,2,100,"final","chessboard",74,1723,35,23,1,337,344,1
2,114,50,0.5,0.1,0.15,0.1,1,1,2,100,"final","chessboard",74,1723,35,23,1,337,379,2
2,114,50,0.5,0.1,0.15,0.1,1,1,2,100,"final","chessboard",74,1723,35,23,1,337,385,2
2,114,50,0.5,0.1,0.15,0.1,1,1,2,100,"final","chessboard",74,1723,35,23,1,337,390,1
2,114,50,0.5,0.1,0.15,0.1,1,1,2,100,"final","chessboard",74,1723,35,23,1,337,395,1
2,114,50,0.5,0.1,0.15,0.1,1,1,2,100,"final","chessboard",74,1723,35,23,1,337,398,2
2,114,50,0.5,0.1,0.15,0.1,1,1,2,100,"final","chessboard",74,1723,35,23,1,337,410,1
2,114,50,0.5,0.1,0.15,0.1,1,1,2,100,"final","chessboard",74,1723,35,23,1,337,415,1
2,114,50,0.5,0.1,0.15,0.1,1,1,2,100,"final","chessboard",74,1723,35,23,1,337,419,2
2,114,50,0.5,0.1,0.15,0.1,1,1,2,100,"final","chessboard",74,1723,35,23,1,337,421,1
2,114,50,0.5,0.1,0.15,0.1,1,1,2,100,"final","chessboard",74,1723,35,23,1,337,430,1
2,114,50,0.5,0.1,0.15,0.1,1,1,2,100,"final","chessboard",74,1723,35,23,1,337,458,1
2,114,50,0.5,0.1,0.15,0.1,1,1,2,100,"final","chessboard",74,1723,35,23,1,337,473,1
2,114,50,0.5,0.1,0.15,0.1,1,1,2,100,"final","chessboard",74,1723,35,23,1,337,486,1
2,114,50,0.5,0.1,0.15,0.1,1,1,2,100,"final","chessboard",75,1725,35,25,1,337,323,2
2,114,50,0.5,0.1,0.15,0.1,1,1,2,100,"final","chessboard",75,1725,35,25,1,337,351,1
2,114,50,0.5,0.1,0.15,0.1,1,1,2,100,"final","chessboard",75,1725,35,25,1,337,358,1
2,114,50,0.5,0.1,0.15,0.1,1,1,2,100,"final","chessboard",75,1725,35,25,1,337,361,1
2,114,50,0.5,0.1,0.15,0.1,1,1,2,100,"final","chessboard",75,1725,35,25,1,337,375,1
2,114,50,0.5,0.1,0.15,0.1,1,1,2,100,"final","chessboard",75,1725,35,25,1,337,376,1
2,114,50,0.5,0.1,0.15,0.1,1,1,2,100,"final","chessboard",75,1725,35,25,1,337,379,4
2,114,50,0.5,0.1,0.15,0.1,1,1,2,100,"final","chessboard",75,1725,35,25,1,337,382,1
2,114,50,0.5,0.1,0.15,0.1,1,1,2,100,"final","chessboard",75,1725,35,25,1,337,385,1
2,114,50,0.5,0.1,0.15,0.1,1,1,2,100,"final","chessboard",75,1725,35,25,1,337,386,1
2,114,50,0.5,0.1,0.15,0.1,1,1,2,100,"final","chessboard",75,1725,35,25,1,337,391,1
2,114,50,0.5,0.1,0.15,0.1,1,1,2,100,"final","chessboard",75,1725,35,25,1,337,419,1
2,114,50,0.5,0.1,0.15,0.1,1,1,2,100,"final","chessboard",75,1725,35,25,1,337,422,1
2,114,50,0.5,0.1,0.15,0.1,1,1,2,100,"final","chessboard",75,1725,35,25,1,337,426,3
2,114,50,0.5,0.1,0.15,0.1,1,1,2,100,"final","chessboard",75,1725,35,25,1,337,428,1
2,114,50,0.5,0.1,0.15,0.1,1,1,2,100,"final","chessboard",75,1725,35,25,1,337,432,1
2,114,50,0.5,0.1,0.15,0.1,1,1,2,100,"final","chessboard",75,1725,35,25,1,337,460,4
2,114,50,0.5,0.1,0.15,0.1,1,1,2,100,"final","chessboard",75,1725,35,25,1,337,481,5
2,114,50,0.5,0.1,0.15,0.1,1,1,2,100,"final","chessboard",75,1725,35,25,1,337,496,2
2,114,50,0.5,0.1,0.15,0.1,1,1,2,100,"final","chessboard",75,1725,35,25,1,337,523,1
2,114,50,0.5,0.1,0.15,0.1,1,1,2,100,"final","chessboard",75,1725,35,25,1,337,534,1
2,114,50,0.5,0.1,0.15,0.1,1,1,2,100,"final","chessboard",75,1725,35,25,1,337,539,1
2,114,50,0.5,0.1,0.15,0.1,1,1,2,100,"final","chessboard",75,1725,35,25,1,337,553,1
2,114,50,0.5,0.1,0.15,0.1,1,1,2,100,"final","chessboard",76,1727,35,27,1,337,323,1
2,114,50,0.5,0.1,0.15,0.1,1,1,2,100,"final","chessboard",76,1727,35,27,1,337,332,1
2,114,50,0.5,0.1,0.15,0.1,1,1,2,100,"final","chessboard",76,1727,35,27,1,337,351,1
2,114,50,0.5,0.1,0.15,0.1,1,1,2,100,"final","chessboard",76,1727,35,27,1,337,365,2
2,114,50,0.5,0.1,0.15,0.1,1,1,2,100,"final","chessboard",76,1727,35,27,1,337,371,1
2,114,50,0.5,0.1,0.15,0.1,1,1,2,100,"final","chessboard",76,1727,35,27,1,337,375,1
2,114,50,0.5,0.1,0.15,0.1,1,1,2,100,"final","chessboard",76,1727,35,27,1,337,376,1
2,114,50,0.5,0.1,0.15,0.1,1,1,2,100,"final","chessboard",76,1727,35,27,1,337,379,3
2,114,50,0.5,0.1,0.15,0.1,1,1,2,100,"final","chessboard",76,1727,35,27,1,337,382,2
2,114,50,0.5,0.1,0.15,0.1,1,1,2,100,"final","chessboard",76,1727,35,27,1,337,385,1
2,114,50,0.5,0.1,0.15,0.1,1,1,2,100,"final","chessboard",76,1727,35,27,1,337,394,1
2,114,50,0.5,0.1,0.15,0.1,1,1,2,100,"final","chessboard",76,1727,35,27,1,337,398,1
2,114,50,0.5,0.1,0.15,0.1,1,1,2,100,"final","chessboard",76,1727,35,27,1,337,408,1
2,114,50,0.5,0.1,0.15,0.1,1,1,2,100,"final","chessboard",76,1727,35,27,1,337,426,1
2,114,50,0.5,0.1,0.15,0.1,1,1,2,100,"final","chessboard",76,1727,35,27,1,337,428,1
2,114,50,0.5,0.1,0.15,0.1,1,1,2,100,"final","chessboard",76,1727,35,27,1,337,438,1
2,114,50,0.5,0.1,0.15,0.1,1,1,2,100,"final","chessboard",76,1727,35,27,1,337,446,2
2,114,50,0.5,0.1,0.15,0.1,1,1,2,100,"final","chessboard",76,1727,35,27,1,337,460,3
2,114,50,0.5,0.1,0.15,0.1,1,1,2,100,"final","chessboard",76,1727,35,27,1,337,473,2
2,114,50,0.5,0.1,0.15,0.1,1,1,2,100,"final","chessboard",76,1727,35,27,1,337,476,1
2,114,50,0.5,0.1,0.15,0.1,1,1,2,100,"final","chessboard",76,1727,35,27,1,337,479,1
2,114,50,0.5,0.1,0.15,0.1,1,1,2,100,"final","chessboard",76,1727,35,27,1,337,480,2
2,114,50,0.5,0.1,0.15,0.1,1,1,2,100,"final","chessboard",76,1727,35,27,1,337,481,2
2,114,50,0.5,0.1,0.15,0.1,1,1,2,100,"final","chessboard",76,1727,35,27,1,337,486,1
2,114,50,0.5,0.1,0.15,0.1,1,1,2,100,"final","chessboard",77,1729,35,29,1,337,290,3
2,114,50,0.5,0.1,0.15,0.1,1,1,2,100,"final","chessboard",77,1729,35,29,1,337,304,2
2,114,50,0.5,0.1,0.15,0.1,1,1,2,100,"final","chessboard",77,1729,35,29,1,337,306,1
2,114,50,0.5,0.1,0.15,0.1,1,1,2,100,"final","chessboard",77,1729,35,29,1,337,309,1
2,114,50,0.5,0.1,0.15,0.1,1,1,2,100,"final","chessboard",77,1729,35,29,1,337,310,5
2,114,50,0.5,0.1,0.15,0.1,1,1,2,100,"final","chessboard",77,1729,35,29,1,337,322,2
2,114,50,0.5,0.1,0.15,0.1,1,1,2,100,"final","chessboard",77,1729,35,29,1,337,327,1
2,114,50,0.5,0.1,0.15,0.1,1,1,2,100,"final","chessboard",77,1729,35,29,1,337,330,3
2,114,50,0.5,0.1,0.15,0.1,1,1,2,100,"final","chessboard",77,1729,35,29,1,337,350,3
2,114,50,0.5,0.1,0.15,0.1,1,1,2,100,"final","chessboard",77,1729,35,29,1,337,351,2
2,114,50,0.5,0.1,0.15,0.1,1,1,2,100,"final","chessboard",77,1729,35,29,1,337,376,2
2,114,50,0.5,0.1,0.15,0.1,1,1,2,100,"final","chessboard",77,1729,35,29,1,337,379,1
2,114,50,0.5,0.1,0.15,0.1,1,1,2,100,"final","chessboard",77,1729,35,29,1,337,385,3
2,114,50,0.5,0.1,0.15,0.1,1,1,2,100,"final","chessboard",77,1729,35,29,1,337,386,1
2,114,50,0.5,0.1,0.15,0.1,1,1,2,100,"final","chessboard",77,1729,35,29,1,337,429,2
2,114,50,0.5,0.1,0.15,0.1,1,1,2,100,"final","chessboard",77,1729,35,29,1,337,438,2
2,114,50,0.5,0.1,0.15,0.1,1,1,2,100,"final","chessboard",77,1729,35,29,1,337,458,1
2,114,50,0.5,0.1,0.15,0.1,1,1,2,100,"final","chessboard",77,1729,35,29,1,337,460,1
2,114,50,0.5,0.1,0.15,0.1,1,1,2,100,"final","chessboard",77,1729,35,29,1,337,481,3
2,114,50,0.5,0.1,0.15,0.1,1,1,2,100,"final","chessboard",78,1762,36,12,1,337,359,1
2,114,50,0.5,0.1,0.15,0.1,1,1,2,100,"final","chessboard",78,1762,36,12,1,337,385,1
2,114,50,0.5,0.1,0.15,0.1,1,1,2,100,"final","chessboard",78,1762,36,12,1,337,408,2
2,114,50,0.5,0.1,0.15,0.1,1,1,2,100,"final","chessboard",78,1762,36,12,1,337,422,3
2,114,50,0.5,0.1,0.15,0.1,1,1,2,100,"final","chessboard",78,1762,36,12,1,337,428,1
2,114,50,0.5,0.1,0.15,0.1,1,1,2,100,"final","chessboard",78,1762,36,12,1,337,432,1
2,114,50,0.5,0.1,0.15,0.1,1,1,2,100,"final","chessboard",78,1762,36,12,1,337,437,1
2,114,50,0.5,0.1,0.15,0.1,1,1,2,100,"final","chessboard",78,1762,36,12,1,337,460,1
2,114,50,0.5,0.1,0.15,0.1,1,1,2,100,"final","chessboard",78,1762,36,12,1,337,462,1
2,114,50,0.5,0.1,0.15,0.1,1,1,2,100,"final","chessboard",78,1762,36,12,1,337,471,1
2,114,50,0.5,0.1,0.15,0.1,1,1,2,100,"final","chessboard",78,1762,36,12,1,337,486,3
2,114,50,0.5,0.1,0.15,0.1,1,1,2,100,"final","chessboard",78,1762,36,12,1,337,487,1
2,114,50,0.5,0.1,0.15,0.1,1,1,2,100,"final","chessboard",78,1762,36,12,1,337,495,1
2,114,50,0.5,0.1,0.15,0.1,1,1,2,100,"final","chessboard",78,1762,36,12,1,337,524,4
2,114,50,0.5,0.1,0.15,0.1,1,1,2,100,"final","chessboard",78,1762,36,12,1,337,527,1
2,114,50,0.5,0.1,0.15,0.1,1,1,2,100,"final","chessboard",78,1762,36,12,1,337,528,1
2,114,50,0.5,0.1,0.15,0.1,1,1,2,100,"final","chessboard",78,1762,36,12,1,337,545,1
2,114,50,0.5,0.1,0.15,0.1,1,1,2,100,"final","chessboard",78,1762,36,12,1,337,548,2
2,114,50,0.5,0.1,0.15,0.1,1,1,2,100,"final","chessboard",78,1762,36,12,1,337,555,2
2,114,50,0.5,0.1,0.15,0.1,1,1,2,100,"final","chessboard",78,1762,36,12,1,337,574,2
2,114,50,0.5,0.1,0.15,0.1,1,1,2,100,"final","chessboard",78,1762,36,12,1,337,606,3
2,114,50,0.5,0.1,0.15,0.1,1,1,2,100,"final","chessboard",78,1762,36,12,1,337,638,1
2,114,50,0.5,0.1,0.15,0.1,1,1,2,100,"final","chessboard",79,1764,36,14,1,337,241,1
2,114,50,0.5,0.1,0.15,0.1,1,1,2,100,"final","chessboard",79,1764,36,14,1,337,288,1
2,114,50,0.5,0.1,0.15,0.1,1,1,2,100,"final","chessboard",79,1764,36,14,1,337,292,1
2,114,50,0.5,0.1,0.15,0.1,1,1,2,100,"final","chessboard",79,1764,36,14,1,337,310,1
2,114,50,0.5,0.1,0.15,0.1,1,1,2,100,"final","chessboard",79,1764,36,14,1,337,323,2
2,114,50,0.5,0.1,0.15,0.1,1,1,2,100,"final","chessboard",79,1764,36,14,1,337,351,1
2,114,50,0.5,0.1,0.15,0.1,1,1,2,100,"final","chessboard",79,1764,36,14,1,337,359,1
2,114,50,0.5,0.1,0.15,0.1,1,1,2,100,"final","chessboard",79,1764,36,14,1,337,360,1
2,114,50,0.5,0.1,0.15,0.1,1,1,2,100,"final","chessboard",79,1764,36,14,1,337,367,2
2,114,50,0.5,0.1,0.15,0.1,1,1,2,100,"final","chessboard",79,1764,36,14,1,337,371,3
2,114,50,0.5,0.1,0.15,0.1,1,1,2,100,"final","chessboard",79,1764,36,14,1,337,379,1
2,114,50,0.5,0.1,0.15,0.1,1,1,2,100,"final","chessboard",79,1764,36,14,1,337,382,1
2,114,50,0.5,0.1,0.15,0.1,1,1,2,100,"final","chessboard",79,1764,36,14,1,337,386,1
2,114,50,0.5,0.1,0.15,0.1,1,1,2,100,"final","chessboard",79,1764,36,14,1,337,395,3
2,114,50,0.5,0.1,0.15,0.1,1,1,2,100,"final","chessboard",79,1764,36,14,1,337,399,1
2,114,50,0.5,0.1,0.15,0.1,1,1,2,100,"final","chessboard",79,1764,36,14,1,337,419,5
2,114,50,0.5,0.1,0.15,0.1,1,1,2,100,"final","chessboard",79,1764,36,14,1,337,422,2
2,114,50,0.5,0.1,0.15,0.1,1,1,2,100,"final","chessboard",79,1764,36,14,1,337,446,2
2,114,50,0.5,0.1,0.15,0.1,1,1,2,100,"final","chessboard",79,1764,36,14,1,337,452,1
2,114,50,0.5,0.1,0.15,0.1,1,1,2,100,"final","chessboard",79,1764,36,14,1,337,460,1
2,114,50,0.5,0.1,0.15,0.1,1,1,2,100,"final","chessboard",79,1764,36,14,1,337,465,1
2,114,50,0.5,0.1,0.15,0.1,1,1,2,100,"final","chessboard",79,1764,36,14,1,337,479,1
2,114,50,0.5,0.1,0.15,0.1,1,1,2,100,"final","chessboard",79,1764,36,14,1,337,480,1
2,114,50,0.5,0.1,0.15,0.1,1,1,2,100,"final","chessboard",79,1764,36,14,1,337,486,4
2,114,50,0.5,0.1,0.15,0.1,1,1,2,100,"final","chessboard",79,1764,36,14,1,337,545,1
2,114,50,0.5,0.1,0.15,0.1,1,1,2,100,"final","chessboard",80,1766,36,16,1,337,241,7
2,114,50,0.5,0.1,0.15,0.1,1,1,2,100,"final","chessboard",80,1766,36,16,1,337,259,1
2,114,50,0.5,0.1,0.15,0.1,1,1,2,100,"final","chessboard",80,1766,36,16,1,337,274,1
2,114,50,0.5,0.1,0.15,0.1,1,1,2,100,"final","chessboard",80,1766,36,16,1,337,288,5
2,114,50,0.5,0.1,0.15,0.1,1,1,2,100,"final","chessboard",80,1766,36,16,1,337,292,2
2,114,50,0.5,0.1,0.15,0.1,1,1,2,100,"final","chessboard",80,1766,36,16,1,337,304,4
2,114,50,0.5,0.1,0.15,0.1,1,1,2,100,"final","chessboard",80,1766,36,16,1,337,323,1
2,114,50,0.5,0.1,0.15,0.1,1,1,2,100,"final","chessboard",80,1766,36,16,1,337,325,1
2,114,50,0.5,0.1,0.15,0.1,1,1,2,100,"final","chessboard",80,1766,36,16,1,337,330,2
2,114,50,0.5,0.1,0.15,0.1,1,1,2,100,"final","chessboard",80,1766,36,16,1,337,332,1
2,114,50,0.5,0.1,0.15,0.1,1,1,2,100,"final","chessboard",80,1766,36,16,1,337,349,1
2,114,50,0.5,0.1,0.15,0.1,1,1,2,100,"final","chessboard",80,1766,36,16,1,337,351,1
2,114,50,0.5,0.1,0.15,0.1,1,1,2,100,"final","chessboard",80,1766,36,16,1,337,353,1
2,114,50,0.5,0.1,0.15,0.1,1,1,2,100,"final","chessboard",80,1766,36,16,1,337,371,1
2,114,50,0.5,0.1,0.15,0.1,1,1,2,100,"final","chessboard",80,1766,36,16,1,337,379,1
2,114,50,0.5,0.1,0.15,0.1,1,1,2,100,"final","chessboard",80,1766,36,16,1,337,389,1
2,114,50,0.5,0.1,0.15,0.1,1,1,2,100,"final","chessboard",80,1766,36,16,1,337,419,1
2,114,50,0.5,0.1,0.15,0.1,1,1,2,100,"final","chessboard",80,1766,36,16,1,337,432,1
2,114,50,0.5,0.1,0.15,0.1,1,1,2,100,"final","chessboard",81,1768,36,18,1,337,241,1
2,114,50,0.5,0.1,0.15,0.1,1,1,2,100,"final","chessboard",81,1768,36,18,1,337,259,1
2,114,50,0.5,0.1,0.15,0.1,1,1,2,100,"final","chessboard",81,1768,36,18,1,337,288,1
2,114,50,0.5,0.1,0.15,0.1,1,1,2,100,"final","chessboard",81,1768,36,18,1,337,292,2
2,114,50,0.5,0.1,0.15,0.1,1,1,2,100,"final","chessboard",81,1768,36,18,1,337,304,1
2,114,50,0.5,0.1,0.15,0.1,1,1,2,100,"final","chessboard",81,1768,36,18,1,337,310,6
2,114,50,0.5,0.1,0.15,0.1,1,1,2,100,"final","chessboard",81,1768,36,18,1,337,324,1
2,114,50,0.5,0.1,0.15,0.1,1,1,2,100,"final","chessboard",81,1768,36,18,1,337,351,6
2,114,50,0.5,0.1,0.15,0.1,1,1,2,100,"final","chessboard",81,1768,36,18,1,337,371,3
2,114,50,0.5,0.1,0.15,0.1,1,1,2,100,"final","chessboard",81,1768,36,18,1,337,375,3
2,114,50,0.5,0.1,0.15,0.1,1,1,2,100,"final","chessboard",81,1768,36,18,1,337,385,1
2,114,50,0.5,0.1,0.15,0.1,1,1,2,100,"final","chessboard",81,1768,36,18,1,337,394,4
2,114,50,0.5,0.1,0.15,0.1,1,1,2,100,"final","chessboard",81,1768,36,18,1,337,395,1
2,114,50,0.5,0.1,0.15,0.1,1,1,2,100,"final","chessboard",81,1768,36,18,1,337,408,2
2,114,50,0.5,0.1,0.15,0.1,1,1,2,100,"final","chessboard",81,1768,36,18,1,337,410,1
2,114,50,0.5,0.1,0.15,0.1,1,1,2,100,"final","chessboard",81,1768,36,18,1,337,419,2
2,114,50,0.5,0.1,0.15,0.1,1,1,2,100,"final","chessboard",81,1768,36,18,1,337,428,1
2,114,50,0.5,0.1,0.15,0.1,1,1,2,100,"final","chessboard",81,1768,36,18,1,337,432,1
2,114,50,0.5,0.1,0.15,0.1,1,1,2,100,"final","chessboard",81,1768,36,18,1,337,480,1
2,114,50,0.5,0.1,0.15,0.1,1,1,2,100,"final","chessboard",82,1770,36,20,1,337,290,2
2,114,50,0.5,0.1,0.15,0.1,1,1,2,100,"final","chessboard",82,1770,36,20,1,337,292,4
2,114,50,0.5,0.1,0.15,0.1,1,1,2,100,"final","chessboard",82,1770,36,20,1,337,306,3
2,114,50,0.5,0.1,0.15,0.1,1,1,2,100,"final","chessboard",82,1770,36,20,1,337,322,1
2,114,50,0.5,0.1,0.15,0.1,1,1,2,100,"final","chessboard",82,1770,36,20,1,337,327,3
2,114,50,0.5,0.1,0.15,0.1,1,1,2,100,"final","chessboard",82,1770,36,20,1,337,332,5
2,114,50,0.5,0.1,0.15,0.1,1,1,2,100,"final","chessboard",82,1770,36,20,1,337,358,1
2,114,50,0.5,0.1,0.15,0.1,1,1,2,100,"final","chessboard",82,1770,36,20,1,337,361,3
2,114,50,0.5,0.1,0.15,0.1,1,1,2,100,"final","chessboard",82,1770,36,20,1,337,368,1
2,114,50,0.5,0.1,0.15,0.1,1,1,2,100,"final","chessboard",82,1770,36,20,1,337,371,1
2,114,50,0.5,0.1,0.15,0.1,1,1,2,100,"final","chessboard",82,1770,36,20,1,337,382,3
2,114,50,0.5,0.1,0.15,0.1,1,1,2,100,"final","chessboard",82,1770,36,20,1,337,386,1
2,114,50,0.5,0.1,0.15,0.1,1,1,2,100,"final","chessboard",82,1770,36,20,1,337,408,1
2,114,50,0.5,0.1,0.15,0.1,1,1,2,100,"final","chessboard",82,1770,36,20,1,337,415,1
2,114,50,0.5,0.1,0.15,0.1,1,1,2,100,"final","chessboard",82,1770,36,20,1,337,419,1
2,114,50,0.5,0.1,0.15,0.1,1,1,2,100,"final","chessboard",82,1770,36,20,1,337,426,1
2,114,50,0.5,0.1,0.15,0.1,1,1,2,100,"final","chessboard",82,1770,36,20,1,337,428,1
2,114,50,0.5,0.1,0.15,0.1,1,1,2,100,"final","chessboard",82,1770,36,20,1,337,429,1
2,114,50,0.5,0.1,0.15,0.1,1,1,2,100,"final","chessboard",83,1772,36,22,1,337,274,1
2,114,50,0.5,0.1,0.15,0.1,1,1,2,100,"final","chessboard",83,1772,36,22,1,337,304,1
2,114,50,0.5,0.1,0.15,0.1,1,1,2,100,"final","chessboard",83,1772,36,22,1,337,358,3
2,114,50,0.5,0.1,0.15,0.1,1,1,2,100,"final","chessboard",83,1772,36,22,1,337,371,3
2,114,50,0.5,0.1,0.15,0.1,1,1,2,100,"final","chessboard",83,1772,36,22,1,337,376,1
2,114,50,0.5,0.1,0.15,0.1,1,1,2,100,"final","chessboard",83,1772,36,22,1,337,379,1
2,114,50,0.5,0.1,0.15,0.1,1,1,2,100,"final","chessboard",83,1772,36,22,1,337,385,1
2,114,50,0.5,0.1,0.15,0.1,1,1,2,100,"final","chessboard",83,1772,36,22,1,337,386,1
2,114,50,0.5,0.1,0.15,0.1,1,1,2,100,"final","chessboard",83,1772,36,22,1,337,388,2
2,114,50,0.5,0.1,0.15,0.1,1,1,2,100,"final","chessboard",83,1772,36,22,1,337,391,3
2,114,50,0.5,0.1,0.15,0.1,1,1,2,100,"final","chessboard",83,1772,36,22,1,337,393,1
2,114,50,0.5,0.1,0.15,0.1,1,1,2,100,"final","chessboard",83,1772,36,22,1,337,396,1
2,114,50,0.5,0.1,0.15,0.1,1,1,2,100,"final","chessboard",83,1772,36,22,1,337,410,1
2,114,50,0.5,0.1,0.15,0.1,1,1,2,100,"final","chessboard",83,1772,36,22,1,337,419,4
2,114,50,0.5,0.1,0.15,0.1,1,1,2,100,"final","chessboard",83,1772,36,22,1,337,421,1
2,114,50,0.5,0.1,0.15,0.1,1,1,2,100,"final","chessboard",83,1772,36,22,1,337,434,1
2,114,50,0.5,0.1,0.15,0.1,1,1,2,100,"final","chessboard",83,1772,36,22,1,337,441,1
2,114,50,0.5,0.1,0.15,0.1,1,1,2,100,"final","chessboard",83,1772,36,22,1,337,453,1
2,114,50,0.5,0.1,0.15,0.1,1,1,2,100,"final","chessboard",83,1772,36,22,1,337,464,1
2,114,50,0.5,0.1,0.15,0.1,1,1,2,100,"final","chessboard",83,1772,36,22,1,337,476,1
2,114,50,0.5,0.1,0.15,0.1,1,1,2,100,"final","chessboard",83,1772,36,22,1,337,480,1
2,114,50,0.5,0.1,0.15,0.1,1,1,2,100,"final","chessboard",83,1772,36,22,1,337,486,1
2,114,50,0.5,0.1,0.15,0.1,1,1,2,100,"final","chessboard",83,1772,36,22,1,337,491,3
2,114,50,0.5,0.1,0.15,0.1,1,1,2,100,"final","chessboard",83,1772,36,22,1,337,496,1
2,114,50,0.5,0.1,0.15,0.1,1,1,2,100,"final","chessboard",83,1772,36,22,1,337,500,2
2,114,50,0.5,0.1,0.15,0.1,1,1,2,100,"final","chessboard",83,1772,36,22,1,337,539,2
2,114,50,0.5,0.1,0.15,0.1,1,1,2,100,"final","chessboard",84,1774,36,24,1,337,306,1
2,114,50,0.5,0.1,0.15,0.1,1,1,2,100,"final","chessboard",84,1774,36,24,1,337,310,1
2,114,50,0.5,0.1,0.15,0.1,1,1,2,100,"final","chessboard",84,1774,36,24,1,337,323,1
2,114,50,0.5,0.1,0.15,0.1,1,1,2,100,"final","chessboard",84,1774,36,24,1,337,327,3
2,114,50,0.5,0.1,0.15,0.1,1,1,2,100,"final","chessboard",84,1774,36,24,1,337,330,2
2,114,50,0.5,0.1,0.15,0.1,1,1,2,100,"final","chessboard",84,1774,36,24,1,337,332,3
2,114,50,0.5,0.1,0.15,0.1,1,1,2,100,"final","chessboard",84,1774,36,24,1,337,350,2
2,114,50,0.5,0.1,0.15,0.1,1,1,2,100,"final","chessboard",84,1774,36,24,1,337,351,2
2,114,50,0.5,0.1,0.15,0.1,1,1,2,100,"final","chessboard",84,1774,36,24,1,337,353,1
2,114,50,0.5,0.1,0.15,0.1,1,1,2,100,"final","chessboard",84,1774,36,24,1,337,376,2
2,114,50,0.5,0.1,0.15,0.1,1,1,2,100,"final","chessboard",84,1774,36,24,1,337,379,6
2,114,50,0.5,0.1,0.15,0.1,1,1,2,100,"final","chessboard",84,1774,36,24,1,337,394,3
2,114,50,0.5,0.1,0.15,0.1,1,1,2,100,"final","chessboard",84,1774,36,24,1,337,408,1
2,114,50,0.5,0.1,0.15,0.1,1,1,2,100,"final","chessboard",84,1774,36,24,1,337,419,4
2,114,50,0.5,0.1,0.15,0.1,1,1,2,100,"final","chessboard",84,1774,36,24,1,337,426,2
2,114,50,0.5,0.1,0.15,0.1,1,1,2,100,"final","chessboard",84,1774,36,24,1,337,438,1
2,114,50,0.5,0.1,0.15,0.1,1,1,2,100,"final","chessboard",84,1774,36,24,1,337,460,1
2,114,50,0.5,0.1,0.15,0.1,1,1,2,100,"final","chessboard",84,1774,36,24,1,337,477,1
2,114,50,0.5,0.1,0.15,0.1,1,1,2,100,"final","chessboard",84,1774,36,24,1,337,500,1
2,114,50,0.5,0.1,0.15,0.1,1,1,2,100,"final","chessboard",85,1776,36,26,1,337,322,1
2,114,50,0.5,0.1,0.15,0.1,1,1,2,100,"final","chessboard",85,1776,36,26,1,337,349,1
2,114,50,0.5,0.1,0.15,0.1,1,1,2,100,"final","chessboard",85,1776,36,26,1,337,351,2
2,114,50,0.5,0.1,0.15,0.1,1,1,2,100,"final","chessboard",85,1776,36,26,1,337,379,5
2,114,50,0.5,0.1,0.15,0.1,1,1,2,100,"final","chessboard",85,1776,36,26,1,337,385,2
2,114,50,0.5,0.1,0.15,0.1,1,1,2,100,"final","chessboard",85,1776,36,26,1,337,386,2
2,114,50,0.5,0.1,0.15,0.1,1,1,2,100,"final","chessboard",85,1776,36,26,1,337,393,4
2,114,50,0.5,0.1,0.15,0.1,1,1,2,100,"final","chessboard",85,1776,36,26,1,337,406,1
2,114,50,0.5,0.1,0.15,0.1,1,1,2,100,"final","chessboard",85,1776,36,26,1,337,412,1
2,114,50,0.5,0.1,0.15,0.1,1,1,2,100,"final","chessboard",85,1776,36,26,1,337,419,1
2,114,50,0.5,0.1,0.15,0.1,1,1,2,100,"final","chessboard",85,1776,36,26,1,337,422,2
2,114,50,0.5,0.1,0.15,0.1,1,1,2,100,"final","chessboard",85,1776,36,26,1,337,426,1
2,114,50,0.5,0.1,0.15,0.1,1,1,2,100,"final","chessboard",85,1776,36,26,1,337,432,1
2,114,50,0.5,0.1,0.15,0.1,1,1,2,100,"final","chessboard",85,1776,36,26,1,337,438,1
2,114,50,0.5,0.1,0.15,0.1,1,1,2,100,"final","chessboard",85,1776,36,26,1,337,441,3
2,114,50,0.5,0.1,0.15,0.1,1,1,2,100,"final","chessboard",85,1776,36,26,1,337,446,1
2,114,50,0.5,0.1,0.15,0.1,1,1,2,100,"final","chessboard",85,1776,36,26,1,337,459,1
2,114,50,0.5,0.1,0.15,0.1,1,1,2,100,"final","chessboard",85,1776,36,26,1,337,473,4
2,114,50,0.5,0.1,0.15,0.1,1,1,2,100,"final","chessboard",85,1776,36,26,1,337,481,3
2,114,50,0.5,0.1,0.15,0.1,1,1,2,100,"final","chessboard",85,1776,36,26,1,337,490,1
2,114,50,0.5,0.1,0.15,0.1,1,1,2,100,"final","chessboard",85,1776,36,26,1,337,500,1
2,114,50,0.5,0.1,0.15,0.1,1,1,2,100,"final","chessboard",85,1776,36,26,1,337,534,1
2,114,50,0.5,0.1,0.15,0.1,1,1,2,100,"final","chessboard",86,1778,36,28,1,337,375,1
2,114,50,0.5,0.1,0.15,0.1,1,1,2,100,"final","chessboard",86,1778,36,28,1,337,386,1
2,114,50,0.5,0.1,0.15,0.1,1,1,2,100,"final","chessboard",86,1778,36,28,1,337,391,2
2,114,50,0.5,0.1,0.15,0.1,1,1,2,100,"final","chessboard",86,1778,36,28,1,337,408,1
2,114,50,0.5,0.1,0.15,0.1,1,1,2,100,"final","chessboard",86,1778,36,28,1,337,426,3
2,114,50,0.5,0.1,0.15,0.1,1,1,2,100,"final","chessboard",86,1778,36,28,1,337,434,1
2,114,50,0.5,0.1,0.15,0.1,1,1,2,100,"final","chessboard",86,1778,36,28,1,337,443,1
2,114,50,0.5,0.1,0.15,0.1,1,1,2,100,"final","chessboard",86,1778,36,28,1,337,459,1
2,114,50,0.5,0.1,0.15,0.1,1,1,2,100,"final","chessboard",86,1778,36,28,1,337,460,3
2,114,50,0.5,0.1,0.15,0.1,1,1,2,100,"final","chessboard",86,1778,36,28,1,337,465,1
2,114,50,0.5,0.1,0.15,0.1,1,1,2,100,"final","chessboard",86,1778,36,28,1,337,473,1
2,114,50,0.5,0.1,0.15,0.1,1,1,2,100,"final","chessboard",86,1778,36,28,1,337,479,1
2,114,50,0.5,0.1,0.15,0.1,1,1,2,100,"final","chessboard",86,1778,36,28,1,337,481,5
2,114,50,0.5,0.1,0.15,0.1,1,1,2,100,"final","chessboard",86,1778,36,28,1,337,490,1
2,114,50,0.5,0.1,0.15,0.1,1,1,2,100,"final","chessboard",86,1778,36,28,1,337,495,1
2,114,50,0.5,0.1,0.15,0.1,1,1,2,100,"final","chessboard",87,1780,36,30,1,337,324,1
2,114,50,0.5,0.1,0.15,0.1,1,1,2,100,"final","chessboard",87,1780,36,30,1,337,350,1
2,114,50,0.5,0.1,0.15,0.1,1,1,2,100,"final","chessboard",87,1780,36,30,1,337,386,2
2,114,50,0.5,0.1,0.15,0.1,1,1,2,100,"final","chessboard",87,1780,36,30,1,337,393,1
2,114,50,0.5,0.1,0.15,0.1,1,1,2,100,"final","chessboard",87,1780,36,30,1,337,419,2
2,114,50,0.5,0.1,0.15,0.1,1,1,2,100,"final","chessboard",87,1780,36,30,1,337,426,1
2,114,50,0.5,0.1,0.15,0.1,1,1,2,100,"final","chessboard",87,1780,36,30,1,337,430,2
2,114,50,0.5,0.1,0.15,0.1,1,1,2,100,"final","chessboard",87,1780,36,30,1,337,438,3
2,114,50,0.5,0.1,0.15,0.1,1,1,2,100,"final","chessboard",87,1780,36,30,1,337,460,3
2,114,50,0.5,0.1,0.15,0.1,1,1,2,100,"final","chessboard",87,1780,36,30,1,337,477,3
2,114,50,0.5,0.1,0.15,0.1,1,1,2,100,"final","chessboard",87,1780,36,30,1,337,479,4
2,114,50,0.5,0.1,0.15,0.1,1,1,2,100,"final","chessboard",87,1780,36,30,1,337,481,6
2,114,50,0.5,0.1,0.15,0.1,1,1,2,100,"final","chessboard",87,1780,36,30,1,337,542,2
2,114,50,0.5,0.1,0.15,0.1,1,1,2,100,"final","chessboard",88,1811,37,11,1,337,351,2
2,114,50,0.5,0.1,0.15,0.1,1,1,2,100,"final","chessboard",88,1811,37,11,1,337,371,5
2,114,50,0.5,0.1,0.15,0.1,1,1,2,100,"final","chessboard",88,1811,37,11,1,337,385,5
2,114,50,0.5,0.1,0.15,0.1,1,1,2,100,"final","chessboard",88,1811,37,11,1,337,394,1
2,114,50,0.5,0.1,0.15,0.1,1,1,2,100,"final","chessboard",88,1811,37,11,1,337,395,1
2,114,50,0.5,0.1,0.15,0.1,1,1,2,100,"final","chessboard",88,1811,37,11,1,337,408,2
2,114,50,0.5,0.1,0.15,0.1,1,1,2,100,"final","chessboard",88,1811,37,11,1,337,419,1
2,114,50,0.5,0.1,0.15,0.1,1,1,2,100,"final","chessboard",88,1811,37,11,1,337,421,1
2,114,50,0.5,0.1,0.15,0.1,1,1,2,100,"final","chessboard",88,1811,37,11,1,337,448,1
2,114,50,0.5,0.1,0.15,0.1,1,1,2,100,"final","chessboard",88,1811,37,11,1,337,471,4
2,114,50,0.5,0.1,0.15,0.1,1,1,2,100,"final","chessboard",88,1811,37,11,1,337,495,2
2,114,50,0.5,0.1,0.15,0.1,1,1,2,100,"final","chessboard",88,1811,37,11,1,337,557,1
2,114,50,0.5,0.1,0.15,0.1,1,1,2,100,"final","chessboard",89,1813,37,13,1,337,324,1
2,114,50,0.5,0.1,0.15,0.1,1,1,2,100,"final","chessboard",89,1813,37,13,1,337,360,2
2,114,50,0.5,0.1,0.15,0.1,1,1,2,100,"final","chessboard",89,1813,37,13,1,337,369,1
2,114,50,0.5,0.1,0.15,0.1,1,1,2,100,"final","chessboard",89,1813,37,13,1,337,371,2
2,114,50,0.5,0.1,0.15,0.1,1,1,2,100,"final","chessboard",89,1813,37,13,1,337,382,1
2,114,50,0.5,0.1,0.15,0.1,1,1,2,100,"final","chessboard",89,1813,37,13,1,337,419,1
2,114,50,0.5,0.1,0.15,0.1,1,1,2,100,"final","chessboard",89,1813,37,13,1,337,421,1
2,114,50,0.5,0.1,0.15,0.1,1,1,2,100,"final","chessboard",89,1813,37,13,1,337,422,3
2,114,50,0.5,0.1,0.15,0.1,1,1,2,100,"final","chessboard",89,1813,37,13,1,337,434,1
2,114,50,0.5,0.1,0.15,0.1,1,1,2,100,"final","chessboard",89,1813,37,13,1,337,448,2
2,114,50,0.5,0.1,0.15,0.1,1,1,2,100,"final","chessboard",89,1813,37,13,1,337,465,1
2,114,50,0.5,0.1,0.15,0.1,1,1,2,100,"final","chessboard",89,1813,37,13,1,337,479,1
2,114,50,0.5,0.1,0.15,0.1,1,1,2,100,"final","chessboard",89,1813,37,13,1,337,480,1
2,114,50,0.5,0.1,0.15,0.1,1,1,2,100,"final","chessboard",89,1813,37,13,1,337,481,1
2,114,50,0.5,0.1,0.15,0.1,1,1,2,100,"final","chessboard",89,1813,37,13,1,337,486,4
2,114,50,0.5,0.1,0.15,0.1,1,1,2,100,"final","chessboard",89,1813,37,13,1,337,487,3
2,114,50,0.5,0.1,0.15,0.1,1,1,2,100,"final","chessboard",89,1813,37,13,1,337,493,1
2,114,50,0.5,0.1,0.15,0.1,1,1,2,100,"final","chessboard",89,1813,37,13,1,337,495,3
2,114,50,0.5,0.1,0.15,0.1,1,1,2,100,"final","chessboard",89,1813,37,13,1,337,497,3
2,114,50,0.5,0.1,0.15,0.1,1,1,2,100,"final","chessboard",89,1813,37,13,1,337,523,1
2,114,50,0.5,0.1,0.15,0.1,1,1,2,100,"final","chessboard",89,1813,37,13,1,337,524,2
2,114,50,0.5,0.1,0.15,0.1,1,1,2,100,"final","chessboard",89,1813,37,13,1,337,527,1
2,114,50,0.5,0.1,0.15,0.1,1,1,2,100,"final","chessboard",89,1813,37,13,1,337,606,1
2,114,50,0.5,0.1,0.15,0.1,1,1,2,100,"final","chessboard",90,1815,37,15,1,337,395,1
2,114,50,0.5,0.1,0.15,0.1,1,1,2,100,"final","chessboard",90,1815,37,15,1,337,422,1
2,114,50,0.5,0.1,0.15,0.1,1,1,2,100,"final","chessboard",90,1815,37,15,1,337,426,3
2,114,50,0.5,0.1,0.15,0.1,1,1,2,100,"final","chessboard",90,1815,37,15,1,337,432,1
2,114,50,0.5,0.1,0.15,0.1,1,1,2,100,"final","chessboard",90,1815,37,15,1,337,446,1
2,114,50,0.5,0.1,0.15,0.1,1,1,2,100,"final","chessboard",90,1815,37,15,1,337,452,2
2,114,50,0.5,0.1,0.15,0.1,1,1,2,100,"final","chessboard",90,1815,37,15,1,337,486,3
2,114,50,0.5,0.1,0.15,0.1,1,1,2,100,"final","chessboard",90,1815,37,15,1,337,495,2
2,114,50,0.5,0.1,0.15,0.1,1,1,2,100,"final","chessboard",90,1815,37,15,1,337,497,2
2,114,50,0.5,0.1,0.15,0.1,1,1,2,100,"final","chessboard",90,1815,37,15,1,337,507,3
2,114,50,0.5,0.1,0.15,0.1,1,1,2,100,"final","chessboard",90,1815,37,15,1,337,523,2
2,114,50,0.5,0.1,0.15,0.1,1,1,2,100,"final","chessboard",90,1815,37,15,1,337,524,1
2,114,50,0.5,0.1,0.15,0.1,1,1,2,100,"final","chessboard",90,1815,37,15,1,337,527,2
2,114,50,0.5,0.1,0.15,0.1,1,1,2,100,"final","chessboard",90,1815,37,15,1,337,580,2
2,114,50,0.5,0.1,0.15,0.1,1,1,2,100,"final","chessboard",90,1815,37,15,1,337,589,3
2,114,50,0.5,0.1,0.15,0.1,1,1,2,100,"final","chessboard",90,1815,37,15,1,337,637,1
2,114,50,0.5,0.1,0.15,0.1,1,1,2,100,"final","chessboard",90,1815,37,15,1,337,638,1
2,114,50,0.5,0.1,0.15,0.1,1,1,2,100,"final","chessboard",91,1817,37,17,1,337,241,7
2,114,50,0.5,0.1,0.15,0.1,1,1,2,100,"final","chessboard",91,1817,37,17,1,337,259,2
2,114,50,0.5,0.1,0.15,0.1,1,1,2,100,"final","chessboard",91,1817,37,17,1,337,274,1
2,114,50,0.5,0.1,0.15,0.1,1,1,2,100,"final","chessboard",91,1817,37,17,1,337,288,4
2,114,50,0.5,0.1,0.15,0.1,1,1,2,100,"final","chessboard",91,1817,37,17,1,337,292,1
2,114,50,0.5,0.1,0.15,0.1,1,1,2,100,"final","chessboard",91,1817,37,17,1,337,310,6
2,114,50,0.5,0.1,0.15,0.1,1,1,2,100,"final","chessboard",91,1817,37,17,1,337,324,1
2,114,50,0.5,0.1,0.15,0.1,1,1,2,100,"final","chessboard",91,1817,37,17,1,337,325,6
2,114,50,0.5,0.1,0.15,0.1,1,1,2,100,"final","chessboard",91,1817,37,17,1,337,353,2
2,114,50,0.5,0.1,0.15,0.1,1,1,2,100,"final","chessboard",91,1817,37,17,1,337,361,1
2,114,50,0.5,0.1,0.15,0.1,1,1,2,100,"final","chessboard",91,1817,37,17,1,337,371,1
2,114,50,0.5,0.1,0.15,0.1,1,1,2,100,"final","chessboard",91,1817,37,17,1,337,376,2
2,114,50,0.5,0.1,0.15,0.1,1,1,2,100,"final","chessboard",91,1817,37,17,1,337,379,1
2,114,50,0.5,0.1,0.15,0.1,1,1,2,100,"final","chessboard",91,1817,37,17,1,337,382,1
2,114,50,0.5,0.1,0.15,0.1,1,1,2,100,"final","chessboard",91,1817,37,17,1,337,386,1
2,114,50,0.5,0.1,0.15,0.1,1,1,2,100,"final","chessboard",91,1817,37,17,1,337,393,1
2,114,50,0.5,0.1,0.15,0.1,1,1,2,100,"final","chessboard",91,1817,37,17,1,337,399,1
2,114,50,0.5,0.1,0.15,0.1,1,1,2,100,"final","chessboard",91,1817,37,17,1,337,408,4
2,114,50,0.5,0.1,0.15,0.1,1,1,2,100,"final","chessboard",92,1825,37,25,1,337,358,2
2,114,50,0.5,0.1,0.15,0.1,1,1,2,100,"final","chessboard",92,1825,37,25,1,337,370,1
2,114,50,0.5,0.1,0.15,0.1,1,1,2,100,"final","chessboard",92,1825,37,25,1,337,393,1
2,114,50,0.5,0.1,0.15,0.1,1,1,2,100,"final","chessboard",92,1825,37,25,1,337,399,1
2,114,50,0.5,0.1,0.15,0.1,1,1,2,100,"final","chessboard",92,1825,37,25,1,337,408,1
2,114,50,0.5,0.1,0.15,0.1,1,1,2,100,"final","chessboard",92,1825,37,25,1,337,432,2
2,114,50,0.5,0.1,0.15,0.1,1,1,2,100,"final","chessboard",92,1825,37,25,1,337,446,1
2,114,50,0.5,0.1,0.15,0.1,1,1,2,100,"final","chessboard",92,1825,37,25,1,337,458,1
2,114,50,0.5,0.1,0.15,0.1,1,1,2,100,"final","chessboard",92,1825,37,25,1,337,460,3
2,114,50,0.5,0.1,0.15,0.1,1,1,2,100,"final","chessboard",92,1825,37,25,1,337,479,2
2,114,50,0.5,0.1,0.15,0.1,1,1,2,100,"final","chessboard",92,1825,37,25,1,337,480,1
2,114,50,0.5,0.1,0.15,0.1,1,1,2,100,"final","chessboard",92,1825,37,25,1,337,481,7
2,114,50,0.5,0.1,0.15,0.1,1,1,2,100,"final","chessboard",92,1825,37,25,1,337,485,1
2,114,50,0.5,0.1,0.15,0.1,1,1,2,100,"final","chessboard",92,1825,37,25,1,337,492,1
2,114,50,0.5,0.1,0.15,0.1,1,1,2,100,"final","chessboard",92,1825,37,25,1,337,515,2
2,114,50,0.5,0.1,0.15,0.1,1,1,2,100,"final","chessboard",92,1825,37,25,1,337,520,1
2,114,50,0.5,0.1,0.15,0.1,1,1,2,100,"final","chessboard",92,1825,37,25,1,337,524,1
2,114,50,0.5,0.1,0.15,0.1,1,1,2,100,"final","chessboard",92,1825,37,25,1,337,534,1
2,114,50,0.5,0.1,0.15,0.1,1,1,2,100,"final","chessboard",92,1825,37,25,1,337,537,1
2,114,50,0.5,0.1,0.15,0.1,1,1,2,100,"final","chessboard",92,1825,37,25,1,337,553,1
2,114,50,0.5,0.1,0.15,0.1,1,1,2,100,"final","chessboard",93,1827,37,27,1,337,290,3
2,114,50,0.5,0.1,0.15,0.1,1,1,2,100,"final","chessboard",93,1827,37,27,1,337,292,1
2,114,50,0.5,0.1,0.15,0.1,1,1,2,100,"final","chessboard",93,1827,37,27,1,337,306,1
2,114,50,0.5,0.1,0.15,0.1,1,1,2,100,"final","chessboard",93,1827,37,27,1,337,310,3
2,114,50,0.5,0.1,0.15,0.1,1,1,2,100,"final","chessboard",93,1827,37,27,1,337,322,3
2,114,50,0.5,0.1,0.15,0.1,1,1,2,100,"final","chessboard",93,1827,37,27,1,337,332,2
2,114,50,0.5,0.1,0.15,0.1,1,1,2,100,"final","chessboard",93,1827,37,27,1,337,338,1
2,114,50,0.5,0.1,0.15,0.1,1,1,2,100,"final","chessboard",93,1827,37,27,1,337,361,1
2,114,50,0.5,0.1,0.15,0.1,1,1,2,100,"final","chessboard",93,1827,37,27,1,337,375,1
2,114,50,0.5,0.1,0.15,0.1,1,1,2,100,"final","chessboard",93,1827,37,27,1,337,376,4
2,114,50,0.5,0.1,0.15,0.1,1,1,2,100,"final","chessboard",93,1827,37,27,1,337,379,3
2,114,50,0.5,0.1,0.15,0.1,1,1,2,100,"final","chessboard",93,1827,37,27,1,337,394,1
2,114,50,0.5,0.1,0.15,0.1,1,1,2,100,"final","chessboard",93,1827,37,27,1,337,398,1
2,114,50,0.5,0.1,0.15,0.1,1,1,2,100,"final","chessboard",93,1827,37,27,1,337,408,2
2,114,50,0.5,0.1,0.15,0.1,1,1,2,100,"final","chessboard",93,1827,37,27,1,337,419,1
2,114,50,0.5,0.1,0.15,0.1,1,1,2,100,"final","chessboard",93,1827,37,27,1,337,423,1
2,114,50,0.5,0.1,0.15,0.1,1,1,2,100,"final","chessboard",93,1827,37,27,1,337,426,1
2,114,50,0.5,0.1,0.15,0.1,1,1,2,100,"final","chessboard",93,1827,37,27,1,337,448,1
2,114,50,0.5,0.1,0.15,0.1,1,1,2,100,"final","chessboard",93,1827,37,27,1,337,460,2
2,114,50,0.5,0.1,0.15,0.1,1,1,2,100,"final","chessboard",93,1827,37,27,1,337,477,1
2,114,50,0.5,0.1,0.15,0.1,1,1,2,100,"final","chessboard",93,1827,37,27,1,337,520,2
2,114,50,0.5,0.1,0.15,0.1,1,1,2,100,"final","chessboard",94,1868,38,18,1,337,287,1
2,114,50,0.5,0.1,0.15,0.1,1,1,2,100,"final","chessboard",94,1868,38,18,1,337,322,1
2,114,50,0.5,0.1,0.15,0.1,1,1,2,100,"final","chessboard",94,1868,38,18,1,337,323,2
2,114,50,0.5,0.1,0.15,0.1,1,1,2,100,"final","chessboard",94,1868,38,18,1,337,324,1
2,114,50,0.5,0.1,0.15,0.1,1,1,2,100,"final","chessboard",94,1868,38,18,1,337,325,1
2,114,50,0.5,0.1,0.15,0.1,1,1,2,100,"final","chessboard",94,1868,38,18,1,337,337,1
2,114,50,0.5,0.1,0.15,0.1,1,1,2,100,"final","chessboard",94,1868,38,18,1,337,341,2
2,114,50,0.5,0.1,0.15,0.1,1,1,2,100,"final","chessboard",94,1868,38,18,1,337,376,1
2,114,50,0.5,0.1,0.15,0.1,1,1,2,100,"final","chessboard",94,1868,38,18,1,337,379,3
2,114,50,0.5,0.1,0.15,0.1,1,1,2,100,"final","chessboard",94,1868,38,18,1,337,382,1
2,114,50,0.5,0.1,0.15,0.1,1,1,2,100,"final","chessboard",94,1868,38,18,1,337,386,1
2,114,50,0.5,0.1,0.15,0.1,1,1,2,100,"final","chessboard",94,1868,38,18,1,337,390,1
2,114,50,0.5,0.1,0.15,0.1,1,1,2,100,"final","chessboard",94,1868,38,18,1,337,395,1
2,114,50,0.5,0.1,0.15,0.1,1,1,2,100,"final","chessboard",94,1868,38,18,1,337,408,3
2,114,50,0.5,0.1,0.15,0.1,1,1,2,100,"final","chessboard",94,1868,38,18,1,337,419,2
2,114,50,0.5,0.1,0.15,0.1,1,1,2,100,"final","chessboard",94,1868,38,18,1,337,430,1
2,114,50,0.5,0.1,0.15,0.1,1,1,2,100,"final","chessboard",94,1868,38,18,1,337,446,2
2,114,50,0.5,0.1,0.15,0.1,1,1,2,100,"final","chessboard",94,1868,38,18,1,337,460,5
2,114,50,0.5,0.1,0.15,0.1,1,1,2,100,"final","chessboard",94,1868,38,18,1,337,462,2
2,114,50,0.5,0.1,0.15,0.1,1,1,2,100,"final","chessboard",94,1868,38,18,1,337,473,1
2,114,50,0.5,0.1,0.15,0.1,1,1,2,100,"final","chessboard",94,1868,38,18,1,337,539,1
2,114,50,0.5,0.1,0.15,0.1,1,1,2,100,"final","chessboard",94,1868,38,18,1,337,553,1
2,114,50,0.5,0.1,0.15,0.1,1,1,2,100,"final","chessboard",95,1870,38,20,1,337,241,1
2,114,50,0.5,0.1,0.15,0.1,1,1,2,100,"final","chessboard",95,1870,38,20,1,337,287,2
2,114,50,0.5,0.1,0.15,0.1,1,1,2,100,"final","chessboard",95,1870,38,20,1,337,290,1
2,114,50,0.5,0.1,0.15,0.1,1,1,2,100,"final","chessboard",95,1870,38,20,1,337,292,2
2,114,50,0.5,0.1,0.15,0.1,1,1,2,100,"final","chessboard",95,1870,38,20,1,337,306,1
2,114,50,0.5,0.1,0.15,0.1,1,1,2,100,"final","chessboard",95,1870,38,20,1,337,322,3
2,114,50,0.5,0.1,0.15,0.1,1,1,2,100,"final","chessboard",95,1870,38,20,1,337,324,2
2,114,50,0.5,0.1,0.15,0.1,1,1,2,100,"final","chessboard",95,1870,38,20,1,337,325,1
2,114,50,0.5,0.1,0.15,0.1,1,1,2,100,"final","chessboard",95,1870,38,20,1,337,327,2
2,114,50,0.5,0.1,0.15,0.1,1,1,2,100,"final","chessboard",95,1870,38,20,1,337,341,1
2,114,50,0.5,0.1,0.15,0.1,1,1,2,100,"final","chessboard",95,1870,38,20,1,337,351,1
2,114,50,0.5,0.1,0.15,0.1,1,1,2,100,"final","chessboard",95,1870,38,20,1,337,382,1
2,114,50,0.5,0.1,0.15,0.1,1,1,2,100,"final","chessboard",95,1870,38,20,1,337,385,2
2,114,50,0.5,0.1,0.15,0.1,1,1,2,100,"final","chessboard",95,1870,38,20,1,337,386,1
2,114,50,0.5,0.1,0.15,0.1,1,1,2,100,"final","chessboard",95,1870,38,20,1,337,391,1
2,114,50,0.5,0.1,0.15,0.1,1,1,2,100,"final","chessboard",95,1870,38,20,1,337,415,3
2,114,50,0.5,0.1,0.15,0.1,1,1,2,100,"final","chessboard",95,1870,38,20,1,337,419,3
2,114,50,0.5,0.1,0.15,0.1,1,1,2,100,"final","chessboard",95,1870,38,20,1,337,422,1
2,114,50,0.5,0.1,0.15,0.1,1,1,2,100,"final","chessboard",95,1870,38,20,1,337,426,1
2,114,50,0.5,0.1,0.15,0.1,1,1,2,100,"final","chessboard",95,1870,38,20,1,337,434,1
2,114,50,0.5,0.1,0.15,0.1,1,1,2,100,"final","chessboard",95,1870,38,20,1,337,458,1
2,114,50,0.5,0.1,0.15,0.1,1,1,2,100,"final","chessboard",95,1870,38,20,1,337,460,1
2,114,50,0.5,0.1,0.15,0.1,1,1,2,100,"final","chessboard",95,1870,38,20,1,337,481,2
2,114,50,0.5,0.1,0.15,0.1,1,1,2,100,"final","chessboard",95,1870,38,20,1,337,496,1
2,114,50,0.5,0.1,0.15,0.1,1,1,2,100,"final","chessboard",96,1872,38,22,1,337,306,1
2,114,50,0.5,0.1,0.15,0.1,1,1,2,100,"final","chessboard",96,1872,38,22,1,337,322,1
2,114,50,0.5,0.1,0.15,0.1,1,1,2,100,"final","chessboard",96,1872,38,22,1,337,332,1
2,114,50,0.5,0.1,0.15,0.1,1,1,2,100,"final","chessboard",96,1872,38,22,1,337,358,1
2,114,50,0.5,0.1,0.15,0.1,1,1,2,100,"final","chessboard",96,1872,38,22,1,337,361,1
2,114,50,0.5,0.1,0.15,0.1,1,1,2,100,"final","chessboard",96,1872,38,22,1,337,371,1
2,114,50,0.5,0.1,0.15,0.1,1,1,2,100,"final","chessboard",96,1872,38,22,1,337,379,2
2,114,50,0.5,0.1,0.15,0.1,1,1,2,100,"final","chessboard",96,1872,38,22,1,337,410,1
2,114,50,0.5,0.1,0.15,0.1,1,1,2,100,"final","chessboard",96,1872,38,22,1,337,412,1
2,114,50,0.5,0.1,0.15,0.1,1,1,2,100,"final","chessboard",96,1872,38,22,1,337,416,1
2,114,50,0.5,0.1,0.15,0.1,1,1,2,100,"final","chessboard",96,1872,38,22,1,337,419,2
2,114,50,0.5,0.1,0.15,0.1,1,1,2,100,"final","chessboard",96,1872,38,22,1,337,437,1
2,114,50,0.5,0.1,0.15,0.1,1,1,2,100,"final","chessboard",96,1872,38,22,1,337,446,1
2,114,50,0.5,0.1,0.15,0.1,1,1,2,100,"final","chessboard",96,1872,38,22,1,337,458,6
2,114,50,0.5,0.1,0.15,0.1,1,1,2,100,"final","chessboard",96,1872,38,22,1,337,460,3
2,114,50,0.5,0.1,0.15,0.1,1,1,2,100,"final","chessboard",96,1872,38,22,1,337,461,1
2,114,50,0.5,0.1,0.15,0.1,1,1,2,100,"final","chessboard",96,1872,38,22,1,337,462,2
2,114,50,0.5,0.1,0.15,0.1,1,1,2,100,"final","chessboard",96,1872,38,22,1,337,473,1
2,114,50,0.5,0.1,0.15,0.1,1,1,2,100,"final","chessboard",96,1872,38,22,1,337,481,4
2,114,50,0.5,0.1,0.15,0.1,1,1,2,100,"final","chessboard",96,1872,38,22,1,337,491,1
2,114,50,0.5,0.1,0.15,0.1,1,1,2,100,"final","chessboard",97,1874,38,24,1,337,323,1
2,114,50,0.5,0.1,0.15,0.1,1,1,2,100,"final","chessboard",97,1874,38,24,1,337,358,1
2,114,50,0.5,0.1,0.15,0.1,1,1,2,100,"final","chessboard",97,1874,38,24,1,337,375,1
2,114,50,0.5,0.1,0.15,0.1,1,1,2,100,"final","chessboard",97,1874,38,24,1,337,376,1
2,114,50,0.5,0.1,0.15,0.1,1,1,2,100,"final","chessboard",97,1874,38,24,1,337,379,2
2,114,50,0.5,0.1,0.15,0.1,1,1,2,100,"final","chessboard",97,1874,38,24,1,337,385,2
2,114,50,0.5,0.1,0.15,0.1,1,1,2,100,"final","chessboard",97,1874,38,24,1,337,410,1
2,114,50,0.5,0.1,0.15,0.1,1,1,2,100,"final","chessboard",97,1874,38,24,1,337,419,1
2,114,50,0.5,0.1,0.15,0.1,1,1,2,100,"final","chessboard",97,1874,38,24,1,337,432,6
2,114,50,0.5,0.1,0.15,0.1,1,1,2,100,"final","chessboard",97,1874,38,24,1,337,438,1
2,114,50,0.5,0.1,0.15,0.1,1,1,2,100,"final","chessboard",97,1874,38,24,1,337,460,1
2,114,50,0.5,0.1,0.15,0.1,1,1,2,100,"final","chessboard",97,1874,38,24,1,337,462,1
2,114,50,0.5,0.1,0.15,0.1,1,1,2,100,"final","chessboard",97,1874,38,24,1,337,464,2
2,114,50,0.5,0.1,0.15,0.1,1,1,2,100,"final","chessboard",97,1874,38,24,1,337,465,1
2,114,50,0.5,0.1,0.15,0.1,1,1,2,100,"final","chessboard",97,1874,38,24,1,337,473,1
2,114,50,0.5,0.1,0.15,0.1,1,1,2,100,"final","chessboard",97,1874,38,24,1,337,479,1
2,114,50,0.5,0.1,0.15,0.1,1,1,2,100,"final","chessboard",97,1874,38,24,1,337,481,4
2,114,50,0.5,0.1,0.15,0.1,1,1,2,100,"final","chessboard",97,1874,38,24,1,337,486,1
2,114,50,0.5,0.1,0.15,0.1,1,1,2,100,"final","chessboard",97,1874,38,24,1,337,491,1
2,114,50,0.5,0.1,0.15,0.1,1,1,2,100,"final","chessboard",97,1874,38,24,1,337,519,1
2,114,50,0.5,0.1,0.15,0.1,1,1,2,100,"final","chessboard",97,1874,38,24,1,337,520,2
2,114,50,0.5,0.1,0.15,0.1,1,1,2,100,"final","chessboard",97,1874,38,24,1,337,534,1
2,114,50,0.5,0.1,0.15,0.1,1,1,2,100,"final","chessboard",98,1876,38,26,1,337,324,1
2,114,50,0.5,0.1,0.15,0.1,1,1,2,100,"final","chessboard",98,1876,38,26,1,337,363,1
2,114,50,0.5,0.1,0.15,0.1,1,1,2,100,"final","chessboard",98,1876,38,26,1,337,371,1
2,114,50,0.5,0.1,0.15,0.1,1,1,2,100,"final","chessboard",98,1876,38,26,1,337,376,1
2,114,50,0.5,0.1,0.15,0.1,1,1,2,100,"final","chessboard",98,1876,38,26,1,337,379,2
2,114,50,0.5,0.1,0.15,0.1,1,1,2,100,"final","chessboard",98,1876,38,26,1,337,382,1
2,114,50,0.5,0.1,0.15,0.1,1,1,2,100,"final","chessboard",98,1876,38,26,1,337,386,1
2,114,50,0.5,0.1,0.15,0.1,1,1,2,100,"final","chessboard",98,1876,38,26,1,337,391,2
2,114,50,0.5,0.1,0.15,0.1,1,1,2,100,"final","chessboard",98,1876,38,26,1,337,398,2
2,114,50,0.5,0.1,0.15,0.1,1,1,2,100,"final","chessboard",98,1876,38,26,1,337,408,1
2,114,50,0.5,0.1,0.15,0.1,1,1,2,100,"final","chessboard",98,1876,38,26,1,337,419,1
2,114,50,0.5,0.1,0.15,0.1,1,1,2,100,"final","chessboard",98,1876,38,26,1,337,422,1
2,114,50,0.5,0.1,0.15,0.1,1,1,2,100,"final","chessboard",98,1876,38,26,1,337,423,1
2,114,50,0.5,0.1,0.15,0.1,1,1,2,100,"final","chessboard",98,1876,38,26,1,337,430,2
2,114,50,0.5,0.1,0.15,0.1,1,1,2,100,"final","chessboard",98,1876,38,26,1,337,438,1
2,114,50,0.5,0.1,0.15,0.1,1,1,2,100,"final","chessboard",98,1876,38,26,1,337,460,5
2,114,50,0.5,0.1,0.15,0.1,1,1,2,100,"final","chessboard",98,1876,38,26,1,337,465,1
2,114,50,0.5,0.1,0.15,0.1,1,1,2,100,"final","chessboard",98,1876,38,26,1,337,476,1
2,114,50,0.5,0.1,0.15,0.1,1,1,2,100,"final","chessboard",98,1876,38,26,1,337,477,1
2,114,50,0.5,0.1,0.15,0.1,1,1,2,100,"final","chessboard",98,1876,38,26,1,337,479,1
2,114,50,0.5,0.1,0.15,0.1,1,1,2,100,"final","chessboard",98,1876,38,26,1,337,481,7
2,114,50,0.5,0.1,0.15,0.1,1,1,2,100,"final","chessboard",98,1876,38,26,1,337,500,1
2,114,50,0.5,0.1,0.15,0.1,1,1,2,100,"final","chessboard",98,1876,38,26,1,337,515,1
2,114,50,0.5,0.1,0.15,0.1,1,1,2,100,"final","chessboard",98,1876,38,26,1,337,520,1
2,114,50,0.5,0.1,0.15,0.1,1,1,2,100,"final","chessboard",99,1878,38,28,1,337,304,2
2,114,50,0.5,0.1,0.15,0.1,1,1,2,100,"final","chessboard",99,1878,38,28,1,337,310,3
2,114,50,0.5,0.1,0.15,0.1,1,1,2,100,"final","chessboard",99,1878,38,28,1,337,322,1
2,114,50,0.5,0.1,0.15,0.1,1,1,2,100,"final","chessboard",99,1878,38,28,1,337,338,5
2,114,50,0.5,0.1,0.15,0.1,1,1,2,100,"final","chessboard",99,1878,38,28,1,337,349,1
2,114,50,0.5,0.1,0.15,0.1,1,1,2,100,"final","chessboard",99,1878,38,28,1,337,351,5
2,114,50,0.5,0.1,0.15,0.1,1,1,2,100,"final","chessboard",99,1878,38,28,1,337,376,3
2,114,50,0.5,0.1,0.15,0.1,1,1,2,100,"final","chessboard",99,1878,38,28,1,337,379,5
2,114,50,0.5,0.1,0.15,0.1,1,1,2,100,"final","chessboard",99,1878,38,28,1,337,385,2
2,114,50,0.5,0.1,0.15,0.1,1,1,2,100,"final","chessboard",99,1878,38,28,1,337,394,1
2,114,50,0.5,0.1,0.15,0.1,1,1,2,100,"final","chessboard",99,1878,38,28,1,337,398,1
2,114,50,0.5,0.1,0.15,0.1,1,1,2,100,"final","chessboard",99,1878,38,28,1,337,419,3
2,114,50,0.5,0.1,0.15,0.1,1,1,2,100,"final","chessboard",99,1878,38,28,1,337,438,2
2,114,50,0.5,0.1,0.15,0.1,1,1,2,100,"final","chessboard",99,1878,38,28,1,337,462,1
2,114,50,0.5,0.1,0.15,0.1,1,1,2,100,"final","chessboard",99,1878,38,28,1,337,477,1
2,114,50,0.5,0.1,0.15,0.1,1,1,2,100,"final","chessboard",99,1878,38,28,1,337,479,1
2,114,50,0.5,0.1,0.15,0.1,1,1,2,100,"final","chessboard",99,1878,38,28,1,337,481,1
2,114,50,0.5,0.1,0.15,0.1,1,1,2,100,"final","chessboard",100,1917,39,17,1,337,322,1
2,114,50,0.5,0.1,0.15,0.1,1,1,2,100,"final","chessboard",100,1917,39,17,1,337,324,2
2,114,50,0.5,0.1,0.15,0.1,1,1,2,100,"final","chessboard",100,1917,39,17,1,337,325,4
2,114,50,0.5,0.1,0.15,0.1,1,1,2,100,"final","chessboard",100,1917,39,17,1,337,361,1
2,114,50,0.5,0.1,0.15,0.1,1,1,2,100,"final","chessboard",100,1917,39,17,1,337,371,2
2,114,50,0.5,0.1,0.15,0.1,1,1,2,100,"final","chessboard",100,1917,39,17,1,337,375,1
2,114,50,0.5,0.1,0.15,0.1,1,1,2,100,"final","chessboard",100,1917,39,17,1,337,376,1
2,114,50,0.5,0.1,0.15,0.1,1,1,2,100,"final","chessboard",100,1917,39,17,1,337,386,4
2,114,50,0.5,0.1,0.15,0.1,1,1,2,100,"final","chessboard",100,1917,39,17,1,337,394,2
2,114,50,0.5,0.1,0.15,0.1,1,1,2,100,"final","chessboard",100,1917,39,17,1,337,406,1
2,114,50,0.5,0.1,0.15,0.1,1,1,2,100,"final","chessboard",100,1917,39,17,1,337,408,3
2,114,50,0.5,0.1,0.15,0.1,1,1,2,100,"final","chessboard",100,1917,39,17,1,337,419,2
2,114,50,0.5,0.1,0.15,0.1,1,1,2,100,"final","chessboard",100,1917,39,17,1,337,422,3
2,114,50,0.5,0.1,0.15,0.1,1,1,2,100,"final","chessboard",100,1917,39,17,1,337,432,2
2,114,50,0.5,0.1,0.15,0.1,1,1,2,100,"final","chessboard",100,1917,39,17,1,337,448,2
2,114,50,0.5,0.1,0.15,0.1,1,1,2,100,"final","chessboard",100,1917,39,17,1,337,460,4
2,114,50,0.5,0.1,0.15,0.1,1,1,2,100,"final","chessboard",100,1917,39,17,1,337,471,2
2,114,50,0.5,0.1,0.15,0.1,1,1,2,100,"final","chessboard",100,1917,39,17,1,337,524,1
2,114,50,0.5,0.1,0.15,0.1,1,1,2,100,"final","chessboard",101,1921,39,21,1,337,310,1
2,114,50,0.5,0.1,0.15,0.1,1,1,2,100,"final","chessboard",101,1921,39,21,1,337,376,1
2,114,50,0.5,0.1,0.15,0.1,1,1,2,100,"final","chessboard",101,1921,39,21,1,337,382,2
2,114,50,0.5,0.1,0.15,0.1,1,1,2,100,"final","chessboard",101,1921,39,21,1,337,390,1
2,114,50,0.5,0.1,0.15,0.1,1,1,2,100,"final","chessboard",101,1921,39,21,1,337,412,1
2,114,50,0.5,0.1,0.15,0.1,1,1,2,100,"final","chessboard",101,1921,39,21,1,337,415,1
2,114,50,0.5,0.1,0.15,0.1,1,1,2,100,"final","chessboard",101,1921,39,21,1,337,419,1
2,114,50,0.5,0.1,0.15,0.1,1,1,2,100,"final","chessboard",101,1921,39,21,1,337,421,1
2,114,50,0.5,0.1,0.15,0.1,1,1,2,100,"final","chessboard",101,1921,39,21,1,337,430,1
2,114,50,0.5,0.1,0.15,0.1,1,1,2,100,"final","chessboard",101,1921,39,21,1,337,438,1
2,114,50,0.5,0.1,0.15,0.1,1,1,2,100,"final","chessboard",101,1921,39,21,1,337,453,1
2,114,50,0.5,0.1,0.15,0.1,1,1,2,100,"final","chessboard",101,1921,39,21,1,337,458,5
2,114,50,0.5,0.1,0.15,0.1,1,1,2,100,"final","chessboard",101,1921,39,21,1,337,460,9
2,114,50,0.5,0.1,0.15,0.1,1,1,2,100,"final","chessboard",101,1921,39,21,1,337,462,2
2,114,50,0.5,0.1,0.15,0.1,1,1,2,100,"final","chessboard",101,1921,39,21,1,337,465,1
2,114,50,0.5,0.1,0.15,0.1,1,1,2,100,"final","chessboard",101,1921,39,21,1,337,473,1
2,114,50,0.5,0.1,0.15,0.1,1,1,2,100,"final","chessboard",101,1921,39,21,1,337,480,1
2,114,50,0.5,0.1,0.15,0.1,1,1,2,100,"final","chessboard",101,1921,39,21,1,337,481,6
2,114,50,0.5,0.1,0.15,0.1,1,1,2,100,"final","chessboard",101,1921,39,21,1,337,523,1
2,114,50,0.5,0.1,0.15,0.1,1,1,2,100,"final","chessboard",101,1921,39,21,1,337,526,1
2,114,50,0.5,0.1,0.15,0.1,1,1,2,100,"final","chessboard",101,1921,39,21,1,337,542,1
2,114,50,0.5,0.1,0.15,0.1,1,1,2,100,"final","chessboard",102,1923,39,23,1,337,341,1
2,114,50,0.5,0.1,0.15,0.1,1,1,2,100,"final","chessboard",102,1923,39,23,1,337,358,1
2,114,50,0.5,0.1,0.15,0.1,1,1,2,100,"final","chessboard",102,1923,39,23,1,337,371,1
2,114,50,0.5,0.1,0.15,0.1,1,1,2,100,"final","chessboard",102,1923,39,23,1,337,376,1
2,114,50,0.5,0.1,0.15,0.1,1,1,2,100,"final","chessboard",102,1923,39,23,1,337,382,1
2,114,50,0.5,0.1,0.15,0.1,1,1,2,100,"final","chessboard",102,1923,39,23,1,337,390,1
2,114,50,0.5,0.1,0.15,0.1,1,1,2,100,"final","chessboard",102,1923,39,23,1,337,398,1
2,114,50,0.5,0.1,0.15,0.1,1,1,2,100,"final","chessboard",102,1923,39,23,1,337,416,3
2,114,50,0.5,0.1,0.15,0.1,1,1,2,100,"final","chessboard",102,1923,39,23,1,337,419,1
2,114,50,0.5,0.1,0.15,0.1,1,1,2,100,"final","chessboard",102,1923,39,23,1,337,422,2
2,114,50,0.5,0.1,0.15,0.1,1,1,2,100,"final","chessboard",102,1923,39,23,1,337,438,1
2,114,50,0.5,0.1,0.15,0.1,1,1,2,100,"final","chessboard",102,1923,39,23,1,337,458,1
2,114,50,0.5,0.1,0.15,0.1,1,1,2,100,"final","chessboard",102,1923,39,23,1,337,460,5
2,114,50,0.5,0.1,0.15,0.1,1,1,2,100,"final","chessboard",102,1923,39,23,1,337,479,1
2,114,50,0.5,0.1,0.15,0.1,1,1,2,100,"final","chessboard",102,1923,39,23,1,337,481,10
2,114,50,0.5,0.1,0.15,0.1,1,1,2,100,"final","chessboard",102,1923,39,23,1,337,520,1
2,114,50,0.5,0.1,0.15,0.1,1,1,2,100,"final","chessboard",102,1923,39,23,1,337,539,1
2,114,50,0.5,0.1,0.15,0.1,1,1,2,100,"final","chessboard",103,1925,39,25,1,337,458,1
2,114,50,0.5,0.1,0.15,0.1,1,1,2,100,"final","chessboard",103,1925,39,25,1,337,460,1
2,114,50,0.5,0.1,0.15,0.1,1,1,2,100,"final","chessboard",103,1925,39,25,1,337,481,1
2,114,50,0.5,0.1,0.15,0.1,1,1,2,100,"final","chessboard",103,1925,39,25,1,337,519,1
2,114,50,0.5,0.1,0.15,0.1,1,1,2,100,"final","chessboard",103,1925,39,25,1,337,520,1
2,114,50,0.5,0.1,0.15,0.1,1,1,2,100,"final","chessboard",103,1925,39,25,1,337,553,1
2,114,50,0.5,0.1,0.15,0.1,1,1,2,100,"final","chessboard",103,1925,39,25,1,337,570,1
2,114,50,0.5,0.1,0.15,0.1,1,1,2,100,"final","chessboard",103,1925,39,25,1,337,576,3
2,114,50,0.5,0.1,0.15,0.1,1,1,2,100,"final","chessboard",103,1925,39,25,1,337,634,4
2,114,50,0.5,0.1,0.15,0.1,1,1,2,100,"final","chessboard",104,1927,39,27,1,337,376,1
2,114,50,0.5,0.1,0.15,0.1,1,1,2,100,"final","chessboard",104,1927,39,27,1,337,422,1
2,114,50,0.5,0.1,0.15,0.1,1,1,2,100,"final","chessboard",104,1927,39,27,1,337,460,3
2,114,50,0.5,0.1,0.15,0.1,1,1,2,100,"final","chessboard",104,1927,39,27,1,337,462,1
2,114,50,0.5,0.1,0.15,0.1,1,1,2,100,"final","chessboard",104,1927,39,27,1,337,464,1
2,114,50,0.5,0.1,0.15,0.1,1,1,2,100,"final","chessboard",104,1927,39,27,1,337,465,1
2,114,50,0.5,0.1,0.15,0.1,1,1,2,100,"final","chessboard",104,1927,39,27,1,337,481,8
2,114,50,0.5,0.1,0.15,0.1,1,1,2,100,"final","chessboard",104,1927,39,27,1,337,486,1
2,114,50,0.5,0.1,0.15,0.1,1,1,2,100,"final","chessboard",104,1927,39,27,1,337,500,1
2,114,50,0.5,0.1,0.15,0.1,1,1,2,100,"final","chessboard",104,1927,39,27,1,337,520,1
2,114,50,0.5,0.1,0.15,0.1,1,1,2,100,"final","chessboard",104,1927,39,27,1,337,523,1
2,114,50,0.5,0.1,0.15,0.1,1,1,2,100,"final","chessboard",104,1927,39,27,1,337,526,1
2,114,50,0.5,0.1,0.15,0.1,1,1,2,100,"final","chessboard",104,1927,39,27,1,337,539,6
2,114,50,0.5,0.1,0.15,0.1,1,1,2,100,"final","chessboard",104,1927,39,27,1,337,542,2
2,114,50,0.5,0.1,0.15,0.1,1,1,2,100,"final","chessboard",104,1927,39,27,1,337,553,3
2,114,50,0.5,0.1,0.15,0.1,1,1,2,100,"final","chessboard",104,1927,39,27,1,337,576,1
2,114,50,0.5,0.1,0.15,0.1,1,1,2,100,"final","chessboard",104,1927,39,27,1,337,634,1
2,114,50,0.5,0.1,0.15,0.1,1,1,2,100,"final","chessboard",105,1929,39,29,1,337,323,2
2,114,50,0.5,0.1,0.15,0.1,1,1,2,100,"final","chessboard",105,1929,39,29,1,337,332,1
2,114,50,0.5,0.1,0.15,0.1,1,1,2,100,"final","chessboard",105,1929,39,29,1,337,338,1
2,114,50,0.5,0.1,0.15,0.1,1,1,2,100,"final","chessboard",105,1929,39,29,1,337,342,1
2,114,50,0.5,0.1,0.15,0.1,1,1,2,100,"final","chessboard",105,1929,39,29,1,337,351,1
2,114,50,0.5,0.1,0.15,0.1,1,1,2,100,"final","chessboard",105,1929,39,29,1,337,371,1
2,114,50,0.5,0.1,0.15,0.1,1,1,2,100,"final","chessboard",105,1929,39,29,1,337,379,5
2,114,50,0.5,0.1,0.15,0.1,1,1,2,100,"final","chessboard",105,1929,39,29,1,337,385,1
2,114,50,0.5,0.1,0.15,0.1,1,1,2,100,"final","chessboard",105,1929,39,29,1,337,386,1
2,114,50,0.5,0.1,0.15,0.1,1,1,2,100,"final","chessboard",105,1929,39,29,1,337,391,1
2,114,50,0.5,0.1,0.15,0.1,1,1,2,100,"final","chessboard",105,1929,39,29,1,337,398,3
2,114,50,0.5,0.1,0.15,0.1,1,1,2,100,"final","chessboard",105,1929,39,29,1,337,408,1
2,114,50,0.5,0.1,0.15,0.1,1,1,2,100,"final","chessboard",105,1929,39,29,1,337,415,1
2,114,50,0.5,0.1,0.15,0.1,1,1,2,100,"final","chessboard",105,1929,39,29,1,337,430,1
2,114,50,0.5,0.1,0.15,0.1,1,1,2,100,"final","chessboard",105,1929,39,29,1,337,438,1
2,114,50,0.5,0.1,0.15,0.1,1,1,2,100,"final","chessboard",105,1929,39,29,1,337,441,1
2,114,50,0.5,0.1,0.15,0.1,1,1,2,100,"final","chessboard",105,1929,39,29,1,337,459,1
2,114,50,0.5,0.1,0.15,0.1,1,1,2,100,"final","chessboard",105,1929,39,29,1,337,460,4
2,114,50,0.5,0.1,0.15,0.1,1,1,2,100,"final","chessboard",105,1929,39,29,1,337,476,1
2,114,50,0.5,0.1,0.15,0.1,1,1,2,100,"final","chessboard",105,1929,39,29,1,337,477,2
2,114,50,0.5,0.1,0.15,0.1,1,1,2,100,"final","chessboard",105,1929,39,29,1,337,479,1
2,114,50,0.5,0.1,0.15,0.1,1,1,2,100,"final","chessboard",105,1929,39,29,1,337,481,1
2,114,50,0.5,0.1,0.15,0.1,1,1,2,100,"final","chessboard",105,1929,39,29,1,337,486,3
2,114,50,0.5,0.1,0.15,0.1,1,1,2,100,"final","chessboard",105,1929,39,29,1,337,553,2
2,114,50,0.5,0.1,0.15,0.1,1,1,2,100,"final","chessboard",106,1945,39,45,10,2,NA,NA
2,114,50,0.5,0.1,0.15,0.1,1,1,2,100,"final","chessboard",107,1966,40,16,1,337,376,1
2,114,50,0.5,0.1,0.15,0.1,1,1,2,100,"final","chessboard",107,1966,40,16,1,337,388,1
2,114,50,0.5,0.1,0.15,0.1,1,1,2,100,"final","chessboard",107,1966,40,16,1,337,395,1
2,114,50,0.5,0.1,0.15,0.1,1,1,2,100,"final","chessboard",107,1966,40,16,1,337,408,2
2,114,50,0.5,0.1,0.15,0.1,1,1,2,100,"final","chessboard",107,1966,40,16,1,337,419,2
2,114,50,0.5,0.1,0.15,0.1,1,1,2,100,"final","chessboard",107,1966,40,16,1,337,432,1
2,114,50,0.5,0.1,0.15,0.1,1,1,2,100,"final","chessboard",107,1966,40,16,1,337,437,3
2,114,50,0.5,0.1,0.15,0.1,1,1,2,100,"final","chessboard",107,1966,40,16,1,337,448,1
2,114,50,0.5,0.1,0.15,0.1,1,1,2,100,"final","chessboard",107,1966,40,16,1,337,458,1
2,114,50,0.5,0.1,0.15,0.1,1,1,2,100,"final","chessboard",107,1966,40,16,1,337,460,1
2,114,50,0.5,0.1,0.15,0.1,1,1,2,100,"final","chessboard",107,1966,40,16,1,337,471,3
2,114,50,0.5,0.1,0.15,0.1,1,1,2,100,"final","chessboard",107,1966,40,16,1,337,476,1
2,114,50,0.5,0.1,0.15,0.1,1,1,2,100,"final","chessboard",107,1966,40,16,1,337,481,5
2,114,50,0.5,0.1,0.15,0.1,1,1,2,100,"final","chessboard",107,1966,40,16,1,337,485,3
2,114,50,0.5,0.1,0.15,0.1,1,1,2,100,"final","chessboard",107,1966,40,16,1,337,487,2
2,114,50,0.5,0.1,0.15,0.1,1,1,2,100,"final","chessboard",107,1966,40,16,1,337,518,2
2,114,50,0.5,0.1,0.15,0.1,1,1,2,100,"final","chessboard",107,1966,40,16,1,337,527,2
2,114,50,0.5,0.1,0.15,0.1,1,1,2,100,"final","chessboard",107,1966,40,16,1,337,553,1
2,114,50,0.5,0.1,0.15,0.1,1,1,2,100,"final","chessboard",108,1968,40,18,1,337,324,1
2,114,50,0.5,0.1,0.15,0.1,1,1,2,100,"final","chessboard",108,1968,40,18,1,337,353,1
2,114,50,0.5,0.1,0.15,0.1,1,1,2,100,"final","chessboard",108,1968,40,18,1,337,370,1
2,114,50,0.5,0.1,0.15,0.1,1,1,2,100,"final","chessboard",108,1968,40,18,1,337,379,1
2,114,50,0.5,0.1,0.15,0.1,1,1,2,100,"final","chessboard",108,1968,40,18,1,337,392,1
2,114,50,0.5,0.1,0.15,0.1,1,1,2,100,"final","chessboard",108,1968,40,18,1,337,416,1
2,114,50,0.5,0.1,0.15,0.1,1,1,2,100,"final","chessboard",108,1968,40,18,1,337,421,1
2,114,50,0.5,0.1,0.15,0.1,1,1,2,100,"final","chessboard",108,1968,40,18,1,337,423,1
2,114,50,0.5,0.1,0.15,0.1,1,1,2,100,"final","chessboard",108,1968,40,18,1,337,426,1
2,114,50,0.5,0.1,0.15,0.1,1,1,2,100,"final","chessboard",108,1968,40,18,1,337,448,2
2,114,50,0.5,0.1,0.15,0.1,1,1,2,100,"final","chessboard",108,1968,40,18,1,337,458,1
2,114,50,0.5,0.1,0.15,0.1,1,1,2,100,"final","chessboard",108,1968,40,18,1,337,460,4
2,114,50,0.5,0.1,0.15,0.1,1,1,2,100,"final","chessboard",108,1968,40,18,1,337,479,1
2,114,50,0.5,0.1,0.15,0.1,1,1,2,100,"final","chessboard",108,1968,40,18,1,337,481,1
2,114,50,0.5,0.1,0.15,0.1,1,1,2,100,"final","chessboard",108,1968,40,18,1,337,485,2
2,114,50,0.5,0.1,0.15,0.1,1,1,2,100,"final","chessboard",108,1968,40,18,1,337,523,1
2,114,50,0.5,0.1,0.15,0.1,1,1,2,100,"final","chessboard",109,1972,40,22,1,337,371,1
2,114,50,0.5,0.1,0.15,0.1,1,1,2,100,"final","chessboard",109,1972,40,22,1,337,379,1
2,114,50,0.5,0.1,0.15,0.1,1,1,2,100,"final","chessboard",109,1972,40,22,1,337,382,1
2,114,50,0.5,0.1,0.15,0.1,1,1,2,100,"final","chessboard",109,1972,40,22,1,337,406,1
2,114,50,0.5,0.1,0.15,0.1,1,1,2,100,"final","chessboard",109,1972,40,22,1,337,408,1
2,114,50,0.5,0.1,0.15,0.1,1,1,2,100,"final","chessboard",109,1972,40,22,1,337,419,5
2,114,50,0.5,0.1,0.15,0.1,1,1,2,100,"final","chessboard",109,1972,40,22,1,337,422,1
2,114,50,0.5,0.1,0.15,0.1,1,1,2,100,"final","chessboard",109,1972,40,22,1,337,446,2
2,114,50,0.5,0.1,0.15,0.1,1,1,2,100,"final","chessboard",109,1972,40,22,1,337,458,3
2,114,50,0.5,0.1,0.15,0.1,1,1,2,100,"final","chessboard",109,1972,40,22,1,337,460,3
2,114,50,0.5,0.1,0.15,0.1,1,1,2,100,"final","chessboard",109,1972,40,22,1,337,462,1
2,114,50,0.5,0.1,0.15,0.1,1,1,2,100,"final","chessboard",109,1972,40,22,1,337,464,1
2,114,50,0.5,0.1,0.15,0.1,1,1,2,100,"final","chessboard",109,1972,40,22,1,337,476,3
2,114,50,0.5,0.1,0.15,0.1,1,1,2,100,"final","chessboard",109,1972,40,22,1,337,479,1
2,114,50,0.5,0.1,0.15,0.1,1,1,2,100,"final","chessboard",109,1972,40,22,1,337,481,5
2,114,50,0.5,0.1,0.15,0.1,1,1,2,100,"final","chessboard",109,1972,40,22,1,337,485,1
2,114,50,0.5,0.1,0.15,0.1,1,1,2,100,"final","chessboard",109,1972,40,22,1,337,527,1
2,114,50,0.5,0.1,0.15,0.1,1,1,2,100,"final","chessboard",109,1972,40,22,1,337,553,2
2,114,50,0.5,0.1,0.15,0.1,1,1,2,100,"final","chessboard",109,1972,40,22,1,337,570,1
2,114,50,0.5,0.1,0.15,0.1,1,1,2,100,"final","chessboard",109,1972,40,22,1,337,637,1
2,114,50,0.5,0.1,0.15,0.1,1,1,2,100,"final","chessboard",110,1974,40,24,1,337,310,1
2,114,50,0.5,0.1,0.15,0.1,1,1,2,100,"final","chessboard",110,1974,40,24,1,337,324,1
2,114,50,0.5,0.1,0.15,0.1,1,1,2,100,"final","chessboard",110,1974,40,24,1,337,325,1
2,114,50,0.5,0.1,0.15,0.1,1,1,2,100,"final","chessboard",110,1974,40,24,1,337,342,1
2,114,50,0.5,0.1,0.15,0.1,1,1,2,100,"final","chessboard",110,1974,40,24,1,337,379,2
2,114,50,0.5,0.1,0.15,0.1,1,1,2,100,"final","chessboard",110,1974,40,24,1,337,385,4
2,114,50,0.5,0.1,0.15,0.1,1,1,2,100,"final","chessboard",110,1974,40,24,1,337,391,1
2,114,50,0.5,0.1,0.15,0.1,1,1,2,100,"final","chessboard",110,1974,40,24,1,337,398,2
2,114,50,0.5,0.1,0.15,0.1,1,1,2,100,"final","chessboard",110,1974,40,24,1,337,407,1
2,114,50,0.5,0.1,0.15,0.1,1,1,2,100,"final","chessboard",110,1974,40,24,1,337,411,1
2,114,50,0.5,0.1,0.15,0.1,1,1,2,100,"final","chessboard",110,1974,40,24,1,337,419,1
2,114,50,0.5,0.1,0.15,0.1,1,1,2,100,"final","chessboard",110,1974,40,24,1,337,438,1
2,114,50,0.5,0.1,0.15,0.1,1,1,2,100,"final","chessboard",110,1974,40,24,1,337,453,1
2,114,50,0.5,0.1,0.15,0.1,1,1,2,100,"final","chessboard",110,1974,40,24,1,337,460,2
2,114,50,0.5,0.1,0.15,0.1,1,1,2,100,"final","chessboard",110,1974,40,24,1,337,473,2
2,114,50,0.5,0.1,0.15,0.1,1,1,2,100,"final","chessboard",110,1974,40,24,1,337,477,1
2,114,50,0.5,0.1,0.15,0.1,1,1,2,100,"final","chessboard",110,1974,40,24,1,337,479,3
2,114,50,0.5,0.1,0.15,0.1,1,1,2,100,"final","chessboard",110,1974,40,24,1,337,481,6
2,114,50,0.5,0.1,0.15,0.1,1,1,2,100,"final","chessboard",110,1974,40,24,1,337,486,1
2,114,50,0.5,0.1,0.15,0.1,1,1,2,100,"final","chessboard",111,1976,40,26,1,337,473,2
2,114,50,0.5,0.1,0.15,0.1,1,1,2,100,"final","chessboard",111,1976,40,26,1,337,539,2
2,114,50,0.5,0.1,0.15,0.1,1,1,2,100,"final","chessboard",111,1976,40,26,1,337,542,1
2,114,50,0.5,0.1,0.15,0.1,1,1,2,100,"final","chessboard",111,1976,40,26,1,337,553,1
2,114,50,0.5,0.1,0.15,0.1,1,1,2,100,"final","chessboard",111,1976,40,26,1,337,570,1
2,114,50,0.5,0.1,0.15,0.1,1,1,2,100,"final","chessboard",111,1976,40,26,1,337,576,2
2,114,50,0.5,0.1,0.15,0.1,1,1,2,100,"final","chessboard",111,1976,40,26,1,337,634,1
2,114,50,0.5,0.1,0.15,0.1,1,1,2,100,"final","chessboard",112,1978,40,28,1,337,375,1
2,114,50,0.5,0.1,0.15,0.1,1,1,2,100,"final","chessboard",112,1978,40,28,1,337,379,1
2,114,50,0.5,0.1,0.15,0.1,1,1,2,100,"final","chessboard",112,1978,40,28,1,337,391,2
2,114,50,0.5,0.1,0.15,0.1,1,1,2,100,"final","chessboard",112,1978,40,28,1,337,415,1
2,114,50,0.5,0.1,0.15,0.1,1,1,2,100,"final","chessboard",112,1978,40,28,1,337,430,2
2,114,50,0.5,0.1,0.15,0.1,1,1,2,100,"final","chessboard",112,1978,40,28,1,337,432,1
2,114,50,0.5,0.1,0.15,0.1,1,1,2,100,"final","chessboard",112,1978,40,28,1,337,460,6
2,114,50,0.5,0.1,0.15,0.1,1,1,2,100,"final","chessboard",112,1978,40,28,1,337,465,1
2,114,50,0.5,0.1,0.15,0.1,1,1,2,100,"final","chessboard",112,1978,40,28,1,337,473,1
2,114,50,0.5,0.1,0.15,0.1,1,1,2,100,"final","chessboard",112,1978,40,28,1,337,476,2
2,114,50,0.5,0.1,0.15,0.1,1,1,2,100,"final","chessboard",112,1978,40,28,1,337,480,1
2,114,50,0.5,0.1,0.15,0.1,1,1,2,100,"final","chessboard",112,1978,40,28,1,337,481,2
2,114,50,0.5,0.1,0.15,0.1,1,1,2,100,"final","chessboard",112,1978,40,28,1,337,486,1
2,114,50,0.5,0.1,0.15,0.1,1,1,2,100,"final","chessboard",112,1978,40,28,1,337,490,3
2,114,50,0.5,0.1,0.15,0.1,1,1,2,100,"final","chessboard",112,1978,40,28,1,337,520,1
2,114,50,0.5,0.1,0.15,0.1,1,1,2,100,"final","chessboard",112,1978,40,28,1,337,539,1
2,114,50,0.5,0.1,0.15,0.1,1,1,2,100,"final","chessboard",112,1978,40,28,1,337,542,1
2,114,50,0.5,0.1,0.15,0.1,1,1,2,100,"final","chessboard",112,1978,40,28,1,337,553,1
2,114,50,0.5,0.1,0.15,0.1,1,1,2,100,"final","chessboard",112,1978,40,28,1,337,570,3
2,114,50,0.5,0.1,0.15,0.1,1,1,2,100,"final","chessboard",112,1978,40,28,1,337,576,1
2,114,50,0.5,0.1,0.15,0.1,1,1,2,100,"final","chessboard",113,1988,40,38,11,6,338,2
2,114,50,0.5,0.1,0.15,0.1,1,1,2,100,"final","chessboard",113,1988,40,38,11,6,375,3
2,114,50,0.5,0.1,0.15,0.1,1,1,2,100,"final","chessboard",113,1988,40,38,11,6,396,1
2,114,50,0.5,0.1,0.15,0.1,1,1,2,100,"final","chessboard",114,2017,41,17,1,337,460,2
2,114,50,0.5,0.1,0.15,0.1,1,1,2,100,"final","chessboard",114,2017,41,17,1,337,481,1
2,114,50,0.5,0.1,0.15,0.1,1,1,2,100,"final","chessboard",114,2017,41,17,1,337,638,1
2,114,50,0.5,0.1,0.15,0.1,1,1,2,100,"final","chessboard",115,2019,41,19,1,337,419,1
2,114,50,0.5,0.1,0.15,0.1,1,1,2,100,"final","chessboard",115,2019,41,19,1,337,429,1
2,114,50,0.5,0.1,0.15,0.1,1,1,2,100,"final","chessboard",115,2019,41,19,1,337,458,3
2,114,50,0.5,0.1,0.15,0.1,1,1,2,100,"final","chessboard",115,2019,41,19,1,337,464,1
2,114,50,0.5,0.1,0.15,0.1,1,1,2,100,"final","chessboard",115,2019,41,19,1,337,481,1
2,114,50,0.5,0.1,0.15,0.1,1,1,2,100,"final","chessboard",115,2019,41,19,1,337,520,1
2,114,50,0.5,0.1,0.15,0.1,1,1,2,100,"final","chessboard",115,2019,41,19,1,337,553,1
2,114,50,0.5,0.1,0.15,0.1,1,1,2,100,"final","chessboard",115,2019,41,19,1,337,637,2
2,114,50,0.5,0.1,0.15,0.1,1,1,2,100,"final","chessboard",116,2021,41,21,1,337,322,2
2,114,50,0.5,0.1,0.15,0.1,1,1,2,100,"final","chessboard",116,2021,41,21,1,337,330,1
2,114,50,0.5,0.1,0.15,0.1,1,1,2,100,"final","chessboard",116,2021,41,21,1,337,332,2
2,114,50,0.5,0.1,0.15,0.1,1,1,2,100,"final","chessboard",116,2021,41,21,1,337,353,1
2,114,50,0.5,0.1,0.15,0.1,1,1,2,100,"final","chessboard",116,2021,41,21,1,337,358,3
2,114,50,0.5,0.1,0.15,0.1,1,1,2,100,"final","chessboard",116,2021,41,21,1,337,363,2
2,114,50,0.5,0.1,0.15,0.1,1,1,2,100,"final","chessboard",116,2021,41,21,1,337,379,1
2,114,50,0.5,0.1,0.15,0.1,1,1,2,100,"final","chessboard",116,2021,41,21,1,337,388,1
2,114,50,0.5,0.1,0.15,0.1,1,1,2,100,"final","chessboard",116,2021,41,21,1,337,395,1
2,114,50,0.5,0.1,0.15,0.1,1,1,2,100,"final","chessboard",116,2021,41,21,1,337,416,1
2,114,50,0.5,0.1,0.15,0.1,1,1,2,100,"final","chessboard",116,2021,41,21,1,337,419,6
2,114,50,0.5,0.1,0.15,0.1,1,1,2,100,"final","chessboard",116,2021,41,21,1,337,422,1
2,114,50,0.5,0.1,0.15,0.1,1,1,2,100,"final","chessboard",116,2021,41,21,1,337,453,1
2,114,50,0.5,0.1,0.15,0.1,1,1,2,100,"final","chessboard",116,2021,41,21,1,337,458,2
2,114,50,0.5,0.1,0.15,0.1,1,1,2,100,"final","chessboard",116,2021,41,21,1,337,460,4
2,114,50,0.5,0.1,0.15,0.1,1,1,2,100,"final","chessboard",116,2021,41,21,1,337,481,1
2,114,50,0.5,0.1,0.15,0.1,1,1,2,100,"final","chessboard",117,2023,41,23,1,337,375,1
2,114,50,0.5,0.1,0.15,0.1,1,1,2,100,"final","chessboard",117,2023,41,23,1,337,414,1
2,114,50,0.5,0.1,0.15,0.1,1,1,2,100,"final","chessboard",117,2023,41,23,1,337,419,6
2,114,50,0.5,0.1,0.15,0.1,1,1,2,100,"final","chessboard",117,2023,41,23,1,337,448,1
2,114,50,0.5,0.1,0.15,0.1,1,1,2,100,"final","chessboard",117,2023,41,23,1,337,453,1
2,114,50,0.5,0.1,0.15,0.1,1,1,2,100,"final","chessboard",117,2023,41,23,1,337,458,2
2,114,50,0.5,0.1,0.15,0.1,1,1,2,100,"final","chessboard",117,2023,41,23,1,337,460,5
2,114,50,0.5,0.1,0.15,0.1,1,1,2,100,"final","chessboard",117,2023,41,23,1,337,473,3
2,114,50,0.5,0.1,0.15,0.1,1,1,2,100,"final","chessboard",117,2023,41,23,1,337,481,5
2,114,50,0.5,0.1,0.15,0.1,1,1,2,100,"final","chessboard",117,2023,41,23,1,337,492,1
2,114,50,0.5,0.1,0.15,0.1,1,1,2,100,"final","chessboard",117,2023,41,23,1,337,493,1
2,114,50,0.5,0.1,0.15,0.1,1,1,2,100,"final","chessboard",117,2023,41,23,1,337,519,1
2,114,50,0.5,0.1,0.15,0.1,1,1,2,100,"final","chessboard",117,2023,41,23,1,337,534,1
2,114,50,0.5,0.1,0.15,0.1,1,1,2,100,"final","chessboard",117,2023,41,23,1,337,539,4
2,114,50,0.5,0.1,0.15,0.1,1,1,2,100,"final","chessboard",117,2023,41,23,1,337,553,1
2,114,50,0.5,0.1,0.15,0.1,1,1,2,100,"final","chessboard",117,2023,41,23,1,337,576,1
2,114,50,0.5,0.1,0.15,0.1,1,1,2,100,"final","chessboard",117,2023,41,23,1,337,637,1
2,114,50,0.5,0.1,0.15,0.1,1,1,2,100,"final","chessboard",118,2025,41,25,1,337,338,1
2,114,50,0.5,0.1,0.15,0.1,1,1,2,100,"final","chessboard",118,2025,41,25,1,337,353,1
2,114,50,0.5,0.1,0.15,0.1,1,1,2,100,"final","chessboard",118,2025,41,25,1,337,371,1
2,114,50,0.5,0.1,0.15,0.1,1,1,2,100,"final","chessboard",118,2025,41,25,1,337,375,1
2,114,50,0.5,0.1,0.15,0.1,1,1,2,100,"final","chessboard",118,2025,41,25,1,337,379,1
2,114,50,0.5,0.1,0.15,0.1,1,1,2,100,"final","chessboard",118,2025,41,25,1,337,406,1
2,114,50,0.5,0.1,0.15,0.1,1,1,2,100,"final","chessboard",118,2025,41,25,1,337,419,3
2,114,50,0.5,0.1,0.15,0.1,1,1,2,100,"final","chessboard",118,2025,41,25,1,337,458,4
2,114,50,0.5,0.1,0.15,0.1,1,1,2,100,"final","chessboard",118,2025,41,25,1,337,460,4
2,114,50,0.5,0.1,0.15,0.1,1,1,2,100,"final","chessboard",118,2025,41,25,1,337,465,1
2,114,50,0.5,0.1,0.15,0.1,1,1,2,100,"final","chessboard",118,2025,41,25,1,337,479,2
2,114,50,0.5,0.1,0.15,0.1,1,1,2,100,"final","chessboard",118,2025,41,25,1,337,481,7
2,114,50,0.5,0.1,0.15,0.1,1,1,2,100,"final","chessboard",118,2025,41,25,1,337,486,2
2,114,50,0.5,0.1,0.15,0.1,1,1,2,100,"final","chessboard",118,2025,41,25,1,337,492,1
2,114,50,0.5,0.1,0.15,0.1,1,1,2,100,"final","chessboard",118,2025,41,25,1,337,523,1
2,114,50,0.5,0.1,0.15,0.1,1,1,2,100,"final","chessboard",118,2025,41,25,1,337,526,1
2,114,50,0.5,0.1,0.15,0.1,1,1,2,100,"final","chessboard",118,2025,41,25,1,337,534,2
2,114,50,0.5,0.1,0.15,0.1,1,1,2,100,"final","chessboard",118,2025,41,25,1,337,539,4
2,114,50,0.5,0.1,0.15,0.1,1,1,2,100,"final","chessboard",118,2025,41,25,1,337,553,1
2,114,50,0.5,0.1,0.15,0.1,1,1,2,100,"final","chessboard",118,2025,41,25,1,337,570,1
2,114,50,0.5,0.1,0.15,0.1,1,1,2,100,"final","chessboard",119,2027,41,27,1,337,371,1
2,114,50,0.5,0.1,0.15,0.1,1,1,2,100,"final","chessboard",119,2027,41,27,1,337,375,2
2,114,50,0.5,0.1,0.15,0.1,1,1,2,100,"final","chessboard",119,2027,41,27,1,337,382,1
2,114,50,0.5,0.1,0.15,0.1,1,1,2,100,"final","chessboard",119,2027,41,27,1,337,385,2
2,114,50,0.5,0.1,0.15,0.1,1,1,2,100,"final","chessboard",119,2027,41,27,1,337,388,1
2,114,50,0.5,0.1,0.15,0.1,1,1,2,100,"final","chessboard",119,2027,41,27,1,337,391,2
2,114,50,0.5,0.1,0.15,0.1,1,1,2,100,"final","chessboard",119,2027,41,27,1,337,394,3
2,114,50,0.5,0.1,0.15,0.1,1,1,2,100,"final","chessboard",119,2027,41,27,1,337,398,2
2,114,50,0.5,0.1,0.15,0.1,1,1,2,100,"final","chessboard",119,2027,41,27,1,337,407,3
2,114,50,0.5,0.1,0.15,0.1,1,1,2,100,"final","chessboard",119,2027,41,27,1,337,419,1
2,114,50,0.5,0.1,0.15,0.1,1,1,2,100,"final","chessboard",119,2027,41,27,1,337,429,1
2,114,50,0.5,0.1,0.15,0.1,1,1,2,100,"final","chessboard",119,2027,41,27,1,337,441,1
2,114,50,0.5,0.1,0.15,0.1,1,1,2,100,"final","chessboard",119,2027,41,27,1,337,453,1
2,114,50,0.5,0.1,0.15,0.1,1,1,2,100,"final","chessboard",119,2027,41,27,1,337,460,3
2,114,50,0.5,0.1,0.15,0.1,1,1,2,100,"final","chessboard",119,2027,41,27,1,337,479,1
2,114,50,0.5,0.1,0.15,0.1,1,1,2,100,"final","chessboard",119,2027,41,27,1,337,481,5
2,114,50,0.5,0.1,0.15,0.1,1,1,2,100,"final","chessboard",119,2027,41,27,1,337,486,1
2,114,50,0.5,0.1,0.15,0.1,1,1,2,100,"final","chessboard",119,2027,41,27,1,337,490,1
2,114,50,0.5,0.1,0.15,0.1,1,1,2,100,"final","chessboard",119,2027,41,27,1,337,524,1
2,114,50,0.5,0.1,0.15,0.1,1,1,2,100,"final","chessboard",119,2027,41,27,1,337,526,2
2,114,50,0.5,0.1,0.15,0.1,1,1,2,100,"final","chessboard",119,2027,41,27,1,337,534,1
2,114,50,0.5,0.1,0.15,0.1,1,1,2,100,"final","chessboard",120,2029,41,29,1,337,290,2
2,114,50,0.5,0.1,0.15,0.1,1,1,2,100,"final","chessboard",120,2029,41,29,1,337,309,4
2,114,50,0.5,0.1,0.15,0.1,1,1,2,100,"final","chessboard",120,2029,41,29,1,337,323,1
2,114,50,0.5,0.1,0.15,0.1,1,1,2,100,"final","chessboard",120,2029,41,29,1,337,324,1
2,114,50,0.5,0.1,0.15,0.1,1,1,2,100,"final","chessboard",120,2029,41,29,1,337,332,1
2,114,50,0.5,0.1,0.15,0.1,1,1,2,100,"final","chessboard",120,2029,41,29,1,337,338,1
2,114,50,0.5,0.1,0.15,0.1,1,1,2,100,"final","chessboard",120,2029,41,29,1,337,342,2
2,114,50,0.5,0.1,0.15,0.1,1,1,2,100,"final","chessboard",120,2029,41,29,1,337,356,1
2,114,50,0.5,0.1,0.15,0.1,1,1,2,100,"final","chessboard",120,2029,41,29,1,337,358,1
2,114,50,0.5,0.1,0.15,0.1,1,1,2,100,"final","chessboard",120,2029,41,29,1,337,367,3
2,114,50,0.5,0.1,0.15,0.1,1,1,2,100,"final","chessboard",120,2029,41,29,1,337,371,1
2,114,50,0.5,0.1,0.15,0.1,1,1,2,100,"final","chessboard",120,2029,41,29,1,337,375,5
2,114,50,0.5,0.1,0.15,0.1,1,1,2,100,"final","chessboard",120,2029,41,29,1,337,379,1
2,114,50,0.5,0.1,0.15,0.1,1,1,2,100,"final","chessboard",120,2029,41,29,1,337,382,1
2,114,50,0.5,0.1,0.15,0.1,1,1,2,100,"final","chessboard",120,2029,41,29,1,337,387,2
2,114,50,0.5,0.1,0.15,0.1,1,1,2,100,"final","chessboard",120,2029,41,29,1,337,392,2
2,114,50,0.5,0.1,0.15,0.1,1,1,2,100,"final","chessboard",120,2029,41,29,1,337,410,1
2,114,50,0.5,0.1,0.15,0.1,1,1,2,100,"final","chessboard",120,2029,41,29,1,337,415,1
2,114,50,0.5,0.1,0.15,0.1,1,1,2,100,"final","chessboard",120,2029,41,29,1,337,422,1
2,114,50,0.5,0.1,0.15,0.1,1,1,2,100,"final","chessboard",120,2029,41,29,1,337,453,1
2,114,50,0.5,0.1,0.15,0.1,1,1,2,100,"final","chessboard",120,2029,41,29,1,337,476,1
2,114,50,0.5,0.1,0.15,0.1,1,1,2,100,"final","chessboard",120,2029,41,29,1,337,481,1
2,114,50,0.5,0.1,0.15,0.1,1,1,2,100,"final","chessboard",120,2029,41,29,1,337,490,1
2,114,50,0.5,0.1,0.15,0.1,1,1,2,100,"final","chessboard",121,2031,41,31,1,337,323,6
2,114,50,0.5,0.1,0.15,0.1,1,1,2,100,"final","chessboard",121,2031,41,31,1,337,332,2
2,114,50,0.5,0.1,0.15,0.1,1,1,2,100,"final","chessboard",121,2031,41,31,1,337,338,4
2,114,50,0.5,0.1,0.15,0.1,1,1,2,100,"final","chessboard",121,2031,41,31,1,337,342,2
2,114,50,0.5,0.1,0.15,0.1,1,1,2,100,"final","chessboard",121,2031,41,31,1,337,349,1
2,114,50,0.5,0.1,0.15,0.1,1,1,2,100,"final","chessboard",121,2031,41,31,1,337,353,3
2,114,50,0.5,0.1,0.15,0.1,1,1,2,100,"final","chessboard",121,2031,41,31,1,337,367,1
2,114,50,0.5,0.1,0.15,0.1,1,1,2,100,"final","chessboard",121,2031,41,31,1,337,368,6
2,114,50,0.5,0.1,0.15,0.1,1,1,2,100,"final","chessboard",121,2031,41,31,1,337,385,1
2,114,50,0.5,0.1,0.15,0.1,1,1,2,100,"final","chessboard",121,2031,41,31,1,337,432,1
2,114,50,0.5,0.1,0.15,0.1,1,1,2,100,"final","chessboard",121,2031,41,31,1,337,458,1
2,114,50,0.5,0.1,0.15,0.1,1,1,2,100,"final","chessboard",122,2037,41,37,11,6,NA,NA
2,114,50,0.5,0.1,0.15,0.1,1,1,2,100,"final","chessboard",123,2068,42,18,1,337,379,1
2,114,50,0.5,0.1,0.15,0.1,1,1,2,100,"final","chessboard",123,2068,42,18,1,337,406,1
2,114,50,0.5,0.1,0.15,0.1,1,1,2,100,"final","chessboard",123,2068,42,18,1,337,460,1
2,114,50,0.5,0.1,0.15,0.1,1,1,2,100,"final","chessboard",123,2068,42,18,1,337,477,1
2,114,50,0.5,0.1,0.15,0.1,1,1,2,100,"final","chessboard",123,2068,42,18,1,337,523,1
2,114,50,0.5,0.1,0.15,0.1,1,1,2,100,"final","chessboard",124,2070,42,20,1,337,388,1
2,114,50,0.5,0.1,0.15,0.1,1,1,2,100,"final","chessboard",124,2070,42,20,1,337,419,1
2,114,50,0.5,0.1,0.15,0.1,1,1,2,100,"final","chessboard",124,2070,42,20,1,337,432,1
2,114,50,0.5,0.1,0.15,0.1,1,1,2,100,"final","chessboard",124,2070,42,20,1,337,446,1
2,114,50,0.5,0.1,0.15,0.1,1,1,2,100,"final","chessboard",124,2070,42,20,1,337,542,1
2,114,50,0.5,0.1,0.15,0.1,1,1,2,100,"final","chessboard",125,2072,42,22,1,337,290,2
2,114,50,0.5,0.1,0.15,0.1,1,1,2,100,"final","chessboard",125,2072,42,22,1,337,338,1
2,114,50,0.5,0.1,0.15,0.1,1,1,2,100,"final","chessboard",125,2072,42,22,1,337,341,1
2,114,50,0.5,0.1,0.15,0.1,1,1,2,100,"final","chessboard",125,2072,42,22,1,337,388,2
2,114,50,0.5,0.1,0.15,0.1,1,1,2,100,"final","chessboard",125,2072,42,22,1,337,410,1
2,114,50,0.5,0.1,0.15,0.1,1,1,2,100,"final","chessboard",125,2072,42,22,1,337,419,4
2,114,50,0.5,0.1,0.15,0.1,1,1,2,100,"final","chessboard",125,2072,42,22,1,337,426,1
2,114,50,0.5,0.1,0.15,0.1,1,1,2,100,"final","chessboard",125,2072,42,22,1,337,448,3
2,114,50,0.5,0.1,0.15,0.1,1,1,2,100,"final","chessboard",125,2072,42,22,1,337,458,2
2,114,50,0.5,0.1,0.15,0.1,1,1,2,100,"final","chessboard",125,2072,42,22,1,337,460,6
2,114,50,0.5,0.1,0.15,0.1,1,1,2,100,"final","chessboard",125,2072,42,22,1,337,465,1
2,114,50,0.5,0.1,0.15,0.1,1,1,2,100,"final","chessboard",125,2072,42,22,1,337,477,1
2,114,50,0.5,0.1,0.15,0.1,1,1,2,100,"final","chessboard",125,2072,42,22,1,337,479,4
2,114,50,0.5,0.1,0.15,0.1,1,1,2,100,"final","chessboard",125,2072,42,22,1,337,481,5
2,114,50,0.5,0.1,0.15,0.1,1,1,2,100,"final","chessboard",125,2072,42,22,1,337,493,1
2,114,50,0.5,0.1,0.15,0.1,1,1,2,100,"final","chessboard",125,2072,42,22,1,337,515,2
2,114,50,0.5,0.1,0.15,0.1,1,1,2,100,"final","chessboard",125,2072,42,22,1,337,537,1
2,114,50,0.5,0.1,0.15,0.1,1,1,2,100,"final","chessboard",125,2072,42,22,1,337,539,1
2,114,50,0.5,0.1,0.15,0.1,1,1,2,100,"final","chessboard",125,2072,42,22,1,337,580,1
2,114,50,0.5,0.1,0.15,0.1,1,1,2,100,"final","chessboard",126,2074,42,24,1,337,322,1
2,114,50,0.5,0.1,0.15,0.1,1,1,2,100,"final","chessboard",126,2074,42,24,1,337,353,3
2,114,50,0.5,0.1,0.15,0.1,1,1,2,100,"final","chessboard",126,2074,42,24,1,337,381,1
2,114,50,0.5,0.1,0.15,0.1,1,1,2,100,"final","chessboard",126,2074,42,24,1,337,382,2
2,114,50,0.5,0.1,0.15,0.1,1,1,2,100,"final","chessboard",126,2074,42,24,1,337,385,1
2,114,50,0.5,0.1,0.15,0.1,1,1,2,100,"final","chessboard",126,2074,42,24,1,337,388,1
2,114,50,0.5,0.1,0.15,0.1,1,1,2,100,"final","chessboard",126,2074,42,24,1,337,394,1
2,114,50,0.5,0.1,0.15,0.1,1,1,2,100,"final","chessboard",126,2074,42,24,1,337,398,1
2,114,50,0.5,0.1,0.15,0.1,1,1,2,100,"final","chessboard",126,2074,42,24,1,337,407,1
2,114,50,0.5,0.1,0.15,0.1,1,1,2,100,"final","chessboard",126,2074,42,24,1,337,415,3
2,114,50,0.5,0.1,0.15,0.1,1,1,2,100,"final","chessboard",126,2074,42,24,1,337,419,4
2,114,50,0.5,0.1,0.15,0.1,1,1,2,100,"final","chessboard",126,2074,42,24,1,337,421,2
2,114,50,0.5,0.1,0.15,0.1,1,1,2,100,"final","chessboard",126,2074,42,24,1,337,430,1
2,114,50,0.5,0.1,0.15,0.1,1,1,2,100,"final","chessboard",126,2074,42,24,1,337,432,3
2,114,50,0.5,0.1,0.15,0.1,1,1,2,100,"final","chessboard",126,2074,42,24,1,337,446,1
2,114,50,0.5,0.1,0.15,0.1,1,1,2,100,"final","chessboard",126,2074,42,24,1,337,448,1
2,114,50,0.5,0.1,0.15,0.1,1,1,2,100,"final","chessboard",126,2074,42,24,1,337,460,3
2,114,50,0.5,0.1,0.15,0.1,1,1,2,100,"final","chessboard",126,2074,42,24,1,337,465,1
2,114,50,0.5,0.1,0.15,0.1,1,1,2,100,"final","chessboard",126,2074,42,24,1,337,479,1
2,114,50,0.5,0.1,0.15,0.1,1,1,2,100,"final","chessboard",126,2074,42,24,1,337,481,4
2,114,50,0.5,0.1,0.15,0.1,1,1,2,100,"final","chessboard",126,2074,42,24,1,337,486,1
2,114,50,0.5,0.1,0.15,0.1,1,1,2,100,"final","chessboard",126,2074,42,24,1,337,492,2
2,114,50,0.5,0.1,0.15,0.1,1,1,2,100,"final","chessboard",126,2074,42,24,1,337,534,1
2,114,50,0.5,0.1,0.15,0.1,1,1,2,100,"final","chessboard",126,2074,42,24,1,337,537,2
2,114,50,0.5,0.1,0.15,0.1,1,1,2,100,"final","chessboard",126,2074,42,24,1,337,542,1
2,114,50,0.5,0.1,0.15,0.1,1,1,2,100,"final","chessboard",127,2076,42,26,1,337,371,2
2,114,50,0.5,0.1,0.15,0.1,1,1,2,100,"final","chessboard",127,2076,42,26,1,337,382,1
2,114,50,0.5,0.1,0.15,0.1,1,1,2,100,"final","chessboard",127,2076,42,26,1,337,419,1
2,114,50,0.5,0.1,0.15,0.1,1,1,2,100,"final","chessboard",127,2076,42,26,1,337,429,1
2,114,50,0.5,0.1,0.15,0.1,1,1,2,100,"final","chessboard",127,2076,42,26,1,337,432,1
2,114,50,0.5,0.1,0.15,0.1,1,1,2,100,"final","chessboard",127,2076,42,26,1,337,441,1
2,114,50,0.5,0.1,0.15,0.1,1,1,2,100,"final","chessboard",127,2076,42,26,1,337,453,1
2,114,50,0.5,0.1,0.15,0.1,1,1,2,100,"final","chessboard",127,2076,42,26,1,337,459,1
2,114,50,0.5,0.1,0.15,0.1,1,1,2,100,"final","chessboard",127,2076,42,26,1,337,460,4
2,114,50,0.5,0.1,0.15,0.1,1,1,2,100,"final","chessboard",127,2076,42,26,1,337,465,2
2,114,50,0.5,0.1,0.15,0.1,1,1,2,100,"final","chessboard",127,2076,42,26,1,337,477,1
2,114,50,0.5,0.1,0.15,0.1,1,1,2,100,"final","chessboard",127,2076,42,26,1,337,479,1
2,114,50,0.5,0.1,0.15,0.1,1,1,2,100,"final","chessboard",127,2076,42,26,1,337,481,4
2,114,50,0.5,0.1,0.15,0.1,1,1,2,100,"final","chessboard",127,2076,42,26,1,337,491,2
2,114,50,0.5,0.1,0.15,0.1,1,1,2,100,"final","chessboard",127,2076,42,26,1,337,520,1
2,114,50,0.5,0.1,0.15,0.1,1,1,2,100,"final","chessboard",127,2076,42,26,1,337,526,1
2,114,50,0.5,0.1,0.15,0.1,1,1,2,100,"final","chessboard",127,2076,42,26,1,337,539,2
2,114,50,0.5,0.1,0.15,0.1,1,1,2,100,"final","chessboard",127,2076,42,26,1,337,542,1
2,114,50,0.5,0.1,0.15,0.1,1,1,2,100,"final","chessboard",127,2076,42,26,1,337,553,4
2,114,50,0.5,0.1,0.15,0.1,1,1,2,100,"final","chessboard",127,2076,42,26,1,337,570,2
2,114,50,0.5,0.1,0.15,0.1,1,1,2,100,"final","chessboard",127,2076,42,26,1,337,634,2
2,114,50,0.5,0.1,0.15,0.1,1,1,2,100,"final","chessboard",128,2078,42,28,1,337,290,1
2,114,50,0.5,0.1,0.15,0.1,1,1,2,100,"final","chessboard",128,2078,42,28,1,337,304,1
2,114,50,0.5,0.1,0.15,0.1,1,1,2,100,"final","chessboard",128,2078,42,28,1,337,323,2
2,114,50,0.5,0.1,0.15,0.1,1,1,2,100,"final","chessboard",128,2078,42,28,1,337,327,1
2,114,50,0.5,0.1,0.15,0.1,1,1,2,100,"final","chessboard",128,2078,42,28,1,337,332,1
2,114,50,0.5,0.1,0.15,0.1,1,1,2,100,"final","chessboard",128,2078,42,28,1,337,338,2
2,114,50,0.5,0.1,0.15,0.1,1,1,2,100,"final","chessboard",128,2078,42,28,1,337,341,1
2,114,50,0.5,0.1,0.15,0.1,1,1,2,100,"final","chessboard",128,2078,42,28,1,337,367,2
2,114,50,0.5,0.1,0.15,0.1,1,1,2,100,"final","chessboard",128,2078,42,28,1,337,370,2
2,114,50,0.5,0.1,0.15,0.1,1,1,2,100,"final","chessboard",128,2078,42,28,1,337,371,2
2,114,50,0.5,0.1,0.15,0.1,1,1,2,100,"final","chessboard",128,2078,42,28,1,337,375,1
2,114,50,0.5,0.1,0.15,0.1,1,1,2,100,"final","chessboard",128,2078,42,28,1,337,379,4
2,114,50,0.5,0.1,0.15,0.1,1,1,2,100,"final","chessboard",128,2078,42,28,1,337,382,1
2,114,50,0.5,0.1,0.15,0.1,1,1,2,100,"final","chessboard",128,2078,42,28,1,337,385,1
2,114,50,0.5,0.1,0.15,0.1,1,1,2,100,"final","chessboard",128,2078,42,28,1,337,391,3
2,114,50,0.5,0.1,0.15,0.1,1,1,2,100,"final","chessboard",128,2078,42,28,1,337,416,1
2,114,50,0.5,0.1,0.15,0.1,1,1,2,100,"final","chessboard",128,2078,42,28,1,337,432,1
2,114,50,0.5,0.1,0.15,0.1,1,1,2,100,"final","chessboard",128,2078,42,28,1,337,460,4
2,114,50,0.5,0.1,0.15,0.1,1,1,2,100,"final","chessboard",128,2078,42,28,1,337,465,2
2,114,50,0.5,0.1,0.15,0.1,1,1,2,100,"final","chessboard",128,2078,42,28,1,337,476,1
2,114,50,0.5,0.1,0.15,0.1,1,1,2,100,"final","chessboard",129,2080,42,30,1,337,342,1
2,114,50,0.5,0.1,0.15,0.1,1,1,2,100,"final","chessboard",129,2080,42,30,1,337,375,2
2,114,50,0.5,0.1,0.15,0.1,1,1,2,100,"final","chessboard",129,2080,42,30,1,337,379,1
2,114,50,0.5,0.1,0.15,0.1,1,1,2,100,"final","chessboard",129,2080,42,30,1,337,398,1
2,114,50,0.5,0.1,0.15,0.1,1,1,2,100,"final","chessboard",129,2080,42,30,1,337,415,1
2,114,50,0.5,0.1,0.15,0.1,1,1,2,100,"final","chessboard",129,2080,42,30,1,337,421,1
2,114,50,0.5,0.1,0.15,0.1,1,1,2,100,"final","chessboard",129,2080,42,30,1,337,429,1
2,114,50,0.5,0.1,0.15,0.1,1,1,2,100,"final","chessboard",129,2080,42,30,1,337,458,1
2,114,50,0.5,0.1,0.15,0.1,1,1,2,100,"final","chessboard",129,2080,42,30,1,337,460,1
2,114,50,0.5,0.1,0.15,0.1,1,1,2,100,"final","chessboard",129,2080,42,30,1,337,465,3
2,114,50,0.5,0.1,0.15,0.1,1,1,2,100,"final","chessboard",129,2080,42,30,1,337,490,1
2,114,50,0.5,0.1,0.15,0.1,1,1,2,100,"final","chessboard",129,2080,42,30,1,337,493,1
2,114,50,0.5,0.1,0.15,0.1,1,1,2,100,"final","chessboard",129,2080,42,30,1,337,553,3
2,114,50,0.5,0.1,0.15,0.1,1,1,2,100,"final","chessboard",130,2082,42,32,1,337,NA,NA
2,114,50,0.5,0.1,0.15,0.1,1,1,2,100,"final","chessboard",131,2084,42,34,1,337,338,3
2,114,50,0.5,0.1,0.15,0.1,1,1,2,100,"final","chessboard",131,2084,42,34,1,337,354,1
2,114,50,0.5,0.1,0.15,0.1,1,1,2,100,"final","chessboard",131,2084,42,34,1,337,382,2
2,114,50,0.5,0.1,0.15,0.1,1,1,2,100,"final","chessboard",131,2084,42,34,1,337,387,1
2,114,50,0.5,0.1,0.15,0.1,1,1,2,100,"final","chessboard",131,2084,42,34,1,337,396,1
2,114,50,0.5,0.1,0.15,0.1,1,1,2,100,"final","chessboard",132,2086,42,36,11,6,432,1
2,114,50,0.5,0.1,0.15,0.1,1,1,2,100,"final","chessboard",133,2117,43,17,1,337,342,1
2,114,50,0.5,0.1,0.15,0.1,1,1,2,100,"final","chessboard",133,2117,43,17,1,337,349,1
2,114,50,0.5,0.1,0.15,0.1,1,1,2,100,"final","chessboard",133,2117,43,17,1,337,379,2
2,114,50,0.5,0.1,0.15,0.1,1,1,2,100,"final","chessboard",134,2119,43,19,1,337,324,1
2,114,50,0.5,0.1,0.15,0.1,1,1,2,100,"final","chessboard",134,2119,43,19,1,337,358,1
2,114,50,0.5,0.1,0.15,0.1,1,1,2,100,"final","chessboard",134,2119,43,19,1,337,371,3
2,114,50,0.5,0.1,0.15,0.1,1,1,2,100,"final","chessboard",134,2119,43,19,1,337,379,1
2,114,50,0.5,0.1,0.15,0.1,1,1,2,100,"final","chessboard",134,2119,43,19,1,337,391,1
2,114,50,0.5,0.1,0.15,0.1,1,1,2,100,"final","chessboard",134,2119,43,19,1,337,406,1
2,114,50,0.5,0.1,0.15,0.1,1,1,2,100,"final","chessboard",134,2119,43,19,1,337,408,1
2,114,50,0.5,0.1,0.15,0.1,1,1,2,100,"final","chessboard",134,2119,43,19,1,337,419,2
2,114,50,0.5,0.1,0.15,0.1,1,1,2,100,"final","chessboard",134,2119,43,19,1,337,422,1
2,114,50,0.5,0.1,0.15,0.1,1,1,2,100,"final","chessboard",134,2119,43,19,1,337,423,2
2,114,50,0.5,0.1,0.15,0.1,1,1,2,100,"final","chessboard",134,2119,43,19,1,337,446,2
2,114,50,0.5,0.1,0.15,0.1,1,1,2,100,"final","chessboard",134,2119,43,19,1,337,448,4
2,114,50,0.5,0.1,0.15,0.1,1,1,2,100,"final","chessboard",134,2119,43,19,1,337,453,1
2,114,50,0.5,0.1,0.15,0.1,1,1,2,100,"final","chessboard",134,2119,43,19,1,337,458,2
2,114,50,0.5,0.1,0.15,0.1,1,1,2,100,"final","chessboard",134,2119,43,19,1,337,460,6
2,114,50,0.5,0.1,0.15,0.1,1,1,2,100,"final","chessboard",134,2119,43,19,1,337,473,1
2,114,50,0.5,0.1,0.15,0.1,1,1,2,100,"final","chessboard",134,2119,43,19,1,337,481,3
2,114,50,0.5,0.1,0.15,0.1,1,1,2,100,"final","chessboard",134,2119,43,19,1,337,518,1
2,114,50,0.5,0.1,0.15,0.1,1,1,2,100,"final","chessboard",134,2119,43,19,1,337,526,1
2,114,50,0.5,0.1,0.15,0.1,1,1,2,100,"final","chessboard",134,2119,43,19,1,337,553,1
2,114,50,0.5,0.1,0.15,0.1,1,1,2,100,"final","chessboard",135,2121,43,21,1,337,388,1
2,114,50,0.5,0.1,0.15,0.1,1,1,2,100,"final","chessboard",135,2121,43,21,1,337,407,1
2,114,50,0.5,0.1,0.15,0.1,1,1,2,100,"final","chessboard",135,2121,43,21,1,337,410,2
2,114,50,0.5,0.1,0.15,0.1,1,1,2,100,"final","chessboard",135,2121,43,21,1,337,415,1
2,114,50,0.5,0.1,0.15,0.1,1,1,2,100,"final","chessboard",135,2121,43,21,1,337,419,1
2,114,50,0.5,0.1,0.15,0.1,1,1,2,100,"final","chessboard",135,2121,43,21,1,337,426,1
2,114,50,0.5,0.1,0.15,0.1,1,1,2,100,"final","chessboard",135,2121,43,21,1,337,432,2
2,114,50,0.5,0.1,0.15,0.1,1,1,2,100,"final","chessboard",135,2121,43,21,1,337,448,1
2,114,50,0.5,0.1,0.15,0.1,1,1,2,100,"final","chessboard",135,2121,43,21,1,337,460,4
2,114,50,0.5,0.1,0.15,0.1,1,1,2,100,"final","chessboard",135,2121,43,21,1,337,473,1
2,114,50,0.5,0.1,0.15,0.1,1,1,2,100,"final","chessboard",135,2121,43,21,1,337,479,4
2,114,50,0.5,0.1,0.15,0.1,1,1,2,100,"final","chessboard",135,2121,43,21,1,337,481,3
2,114,50,0.5,0.1,0.15,0.1,1,1,2,100,"final","chessboard",135,2121,43,21,1,337,500,1
2,114,50,0.5,0.1,0.15,0.1,1,1,2,100,"final","chessboard",135,2121,43,21,1,337,503,1
2,114,50,0.5,0.1,0.15,0.1,1,1,2,100,"final","chessboard",135,2121,43,21,1,337,520,1
2,114,50,0.5,0.1,0.15,0.1,1,1,2,100,"final","chessboard",135,2121,43,21,1,337,526,2
2,114,50,0.5,0.1,0.15,0.1,1,1,2,100,"final","chessboard",135,2121,43,21,1,337,542,1
2,114,50,0.5,0.1,0.15,0.1,1,1,2,100,"final","chessboard",135,2121,43,21,1,337,553,5
2,114,50,0.5,0.1,0.15,0.1,1,1,2,100,"final","chessboard",136,2123,43,23,1,337,309,1
2,114,50,0.5,0.1,0.15,0.1,1,1,2,100,"final","chessboard",136,2123,43,23,1,337,323,1
2,114,50,0.5,0.1,0.15,0.1,1,1,2,100,"final","chessboard",136,2123,43,23,1,337,325,1
2,114,50,0.5,0.1,0.15,0.1,1,1,2,100,"final","chessboard",136,2123,43,23,1,337,332,1
2,114,50,0.5,0.1,0.15,0.1,1,1,2,100,"final","chessboard",136,2123,43,23,1,337,338,1
2,114,50,0.5,0.1,0.15,0.1,1,1,2,100,"final","chessboard",136,2123,43,23,1,337,350,2
2,114,50,0.5,0.1,0.15,0.1,1,1,2,100,"final","chessboard",136,2123,43,23,1,337,353,2
2,114,50,0.5,0.1,0.15,0.1,1,1,2,100,"final","chessboard",136,2123,43,23,1,337,371,1
2,114,50,0.5,0.1,0.15,0.1,1,1,2,100,"final","chessboard",136,2123,43,23,1,337,376,1
2,114,50,0.5,0.1,0.15,0.1,1,1,2,100,"final","chessboard",136,2123,43,23,1,337,408,1
2,114,50,0.5,0.1,0.15,0.1,1,1,2,100,"final","chessboard",136,2123,43,23,1,337,411,2
2,114,50,0.5,0.1,0.15,0.1,1,1,2,100,"final","chessboard",136,2123,43,23,1,337,414,1
2,114,50,0.5,0.1,0.15,0.1,1,1,2,100,"final","chessboard",136,2123,43,23,1,337,416,3
2,114,50,0.5,0.1,0.15,0.1,1,1,2,100,"final","chessboard",136,2123,43,23,1,337,419,3
2,114,50,0.5,0.1,0.15,0.1,1,1,2,100,"final","chessboard",136,2123,43,23,1,337,432,1
2,114,50,0.5,0.1,0.15,0.1,1,1,2,100,"final","chessboard",136,2123,43,23,1,337,434,1
2,114,50,0.5,0.1,0.15,0.1,1,1,2,100,"final","chessboard",136,2123,43,23,1,337,446,1
2,114,50,0.5,0.1,0.15,0.1,1,1,2,100,"final","chessboard",136,2123,43,23,1,337,448,2
2,114,50,0.5,0.1,0.15,0.1,1,1,2,100,"final","chessboard",136,2123,43,23,1,337,458,1
2,114,50,0.5,0.1,0.15,0.1,1,1,2,100,"final","chessboard",136,2123,43,23,1,337,460,8
2,114,50,0.5,0.1,0.15,0.1,1,1,2,100,"final","chessboard",136,2123,43,23,1,337,476,2
2,114,50,0.5,0.1,0.15,0.1,1,1,2,100,"final","chessboard",136,2123,43,23,1,337,481,1
2,114,50,0.5,0.1,0.15,0.1,1,1,2,100,"final","chessboard",137,2125,43,25,1,337,290,5
2,114,50,0.5,0.1,0.15,0.1,1,1,2,100,"final","chessboard",137,2125,43,25,1,337,309,1
2,114,50,0.5,0.1,0.15,0.1,1,1,2,100,"final","chessboard",137,2125,43,25,1,337,324,1
2,114,50,0.5,0.1,0.15,0.1,1,1,2,100,"final","chessboard",137,2125,43,25,1,337,342,1
2,114,50,0.5,0.1,0.15,0.1,1,1,2,100,"final","chessboard",137,2125,43,25,1,337,350,2
2,114,50,0.5,0.1,0.15,0.1,1,1,2,100,"final","chessboard",137,2125,43,25,1,337,351,1
2,114,50,0.5,0.1,0.15,0.1,1,1,2,100,"final","chessboard",137,2125,43,25,1,337,353,1
2,114,50,0.5,0.1,0.15,0.1,1,1,2,100,"final","chessboard",137,2125,43,25,1,337,371,1
2,114,50,0.5,0.1,0.15,0.1,1,1,2,100,"final","chessboard",137,2125,43,25,1,337,379,1
2,114,50,0.5,0.1,0.15,0.1,1,1,2,100,"final","chessboard",137,2125,43,25,1,337,382,1
2,114,50,0.5,0.1,0.15,0.1,1,1,2,100,"final","chessboard",137,2125,43,25,1,337,385,1
2,114,50,0.5,0.1,0.15,0.1,1,1,2,100,"final","chessboard",137,2125,43,25,1,337,393,1
2,114,50,0.5,0.1,0.15,0.1,1,1,2,100,"final","chessboard",137,2125,43,25,1,337,408,1
2,114,50,0.5,0.1,0.15,0.1,1,1,2,100,"final","chessboard",137,2125,43,25,1,337,411,1
2,114,50,0.5,0.1,0.15,0.1,1,1,2,100,"final","chessboard",137,2125,43,25,1,337,419,5
2,114,50,0.5,0.1,0.15,0.1,1,1,2,100,"final","chessboard",137,2125,43,25,1,337,426,1
2,114,50,0.5,0.1,0.15,0.1,1,1,2,100,"final","chessboard",137,2125,43,25,1,337,432,1
2,114,50,0.5,0.1,0.15,0.1,1,1,2,100,"final","chessboard",137,2125,43,25,1,337,446,1
2,114,50,0.5,0.1,0.15,0.1,1,1,2,100,"final","chessboard",137,2125,43,25,1,337,448,1
2,114,50,0.5,0.1,0.15,0.1,1,1,2,100,"final","chessboard",137,2125,43,25,1,337,460,3
2,114,50,0.5,0.1,0.15,0.1,1,1,2,100,"final","chessboard",137,2125,43,25,1,337,465,1
2,114,50,0.5,0.1,0.15,0.1,1,1,2,100,"final","chessboard",137,2125,43,25,1,337,479,1
2,114,50,0.5,0.1,0.15,0.1,1,1,2,100,"final","chessboard",137,2125,43,25,1,337,481,2
2,114,50,0.5,0.1,0.15,0.1,1,1,2,100,"final","chessboard",137,2125,43,25,1,337,526,1
2,114,50,0.5,0.1,0.15,0.1,1,1,2,100,"final","chessboard",137,2125,43,25,1,337,534,1
2,114,50,0.5,0.1,0.15,0.1,1,1,2,100,"final","chessboard",138,2127,43,27,1,337,323,1
2,114,50,0.5,0.1,0.15,0.1,1,1,2,100,"final","chessboard",138,2127,43,27,1,337,332,1
2,114,50,0.5,0.1,0.15,0.1,1,1,2,100,"final","chessboard",138,2127,43,27,1,337,338,2
2,114,50,0.5,0.1,0.15,0.1,1,1,2,100,"final","chessboard",138,2127,43,27,1,337,342,1
2,114,50,0.5,0.1,0.15,0.1,1,1,2,100,"final","chessboard",138,2127,43,27,1,337,353,1
2,114,50,0.5,0.1,0.15,0.1,1,1,2,100,"final","chessboard",138,2127,43,27,1,337,367,1
2,114,50,0.5,0.1,0.15,0.1,1,1,2,100,"final","chessboard",138,2127,43,27,1,337,371,2
2,114,50,0.5,0.1,0.15,0.1,1,1,2,100,"final","chessboard",138,2127,43,27,1,337,375,1
2,114,50,0.5,0.1,0.15,0.1,1,1,2,100,"final","chessboard",138,2127,43,27,1,337,382,1
2,114,50,0.5,0.1,0.15,0.1,1,1,2,100,"final","chessboard",138,2127,43,27,1,337,385,8
2,114,50,0.5,0.1,0.15,0.1,1,1,2,100,"final","chessboard",138,2127,43,27,1,337,387,1
2,114,50,0.5,0.1,0.15,0.1,1,1,2,100,"final","chessboard",138,2127,43,27,1,337,388,2
2,114,50,0.5,0.1,0.15,0.1,1,1,2,100,"final","chessboard",138,2127,43,27,1,337,392,1
2,114,50,0.5,0.1,0.15,0.1,1,1,2,100,"final","chessboard",138,2127,43,27,1,337,396,2
2,114,50,0.5,0.1,0.15,0.1,1,1,2,100,"final","chessboard",138,2127,43,27,1,337,398,1
2,114,50,0.5,0.1,0.15,0.1,1,1,2,100,"final","chessboard",138,2127,43,27,1,337,412,1
2,114,50,0.5,0.1,0.15,0.1,1,1,2,100,"final","chessboard",138,2127,43,27,1,337,415,1
2,114,50,0.5,0.1,0.15,0.1,1,1,2,100,"final","chessboard",138,2127,43,27,1,337,419,5
2,114,50,0.5,0.1,0.15,0.1,1,1,2,100,"final","chessboard",138,2127,43,27,1,337,429,1
2,114,50,0.5,0.1,0.15,0.1,1,1,2,100,"final","chessboard",138,2127,43,27,1,337,434,2
2,114,50,0.5,0.1,0.15,0.1,1,1,2,100,"final","chessboard",138,2127,43,27,1,337,453,1
2,114,50,0.5,0.1,0.15,0.1,1,1,2,100,"final","chessboard",138,2127,43,27,1,337,460,1
2,114,50,0.5,0.1,0.15,0.1,1,1,2,100,"final","chessboard",138,2127,43,27,1,337,479,4
2,114,50,0.5,0.1,0.15,0.1,1,1,2,100,"final","chessboard",138,2127,43,27,1,337,481,1
2,114,50,0.5,0.1,0.15,0.1,1,1,2,100,"final","chessboard",138,2127,43,27,1,337,493,2
2,114,50,0.5,0.1,0.15,0.1,1,1,2,100,"final","chessboard",139,2129,43,29,1,337,304,1
2,114,50,0.5,0.1,0.15,0.1,1,1,2,100,"final","chessboard",139,2129,43,29,1,337,309,1
2,114,50,0.5,0.1,0.15,0.1,1,1,2,100,"final","chessboard",139,2129,43,29,1,337,323,1
2,114,50,0.5,0.1,0.15,0.1,1,1,2,100,"final","chessboard",139,2129,43,29,1,337,332,2
2,114,50,0.5,0.1,0.15,0.1,1,1,2,100,"final","chessboard",139,2129,43,29,1,337,338,2
2,114,50,0.5,0.1,0.15,0.1,1,1,2,100,"final","chessboard",139,2129,43,29,1,337,342,2
2,114,50,0.5,0.1,0.15,0.1,1,1,2,100,"final","chessboard",139,2129,43,29,1,337,367,1
2,114,50,0.5,0.1,0.15,0.1,1,1,2,100,"final","chessboard",139,2129,43,29,1,337,375,2
2,114,50,0.5,0.1,0.15,0.1,1,1,2,100,"final","chessboard",139,2129,43,29,1,337,379,9
2,114,50,0.5,0.1,0.15,0.1,1,1,2,100,"final","chessboard",139,2129,43,29,1,337,388,2
2,114,50,0.5,0.1,0.15,0.1,1,1,2,100,"final","chessboard",139,2129,43,29,1,337,398,1
2,114,50,0.5,0.1,0.15,0.1,1,1,2,100,"final","chessboard",139,2129,43,29,1,337,410,1
2,114,50,0.5,0.1,0.15,0.1,1,1,2,100,"final","chessboard",139,2129,43,29,1,337,415,1
2,114,50,0.5,0.1,0.15,0.1,1,1,2,100,"final","chessboard",139,2129,43,29,1,337,419,1
2,114,50,0.5,0.1,0.15,0.1,1,1,2,100,"final","chessboard",139,2129,43,29,1,337,432,1
2,114,50,0.5,0.1,0.15,0.1,1,1,2,100,"final","chessboard",139,2129,43,29,1,337,441,1
2,114,50,0.5,0.1,0.15,0.1,1,1,2,100,"final","chessboard",139,2129,43,29,1,337,460,1
2,114,50,0.5,0.1,0.15,0.1,1,1,2,100,"final","chessboard",139,2129,43,29,1,337,476,1
2,114,50,0.5,0.1,0.15,0.1,1,1,2,100,"final","chessboard",139,2129,43,29,1,337,479,1
2,114,50,0.5,0.1,0.15,0.1,1,1,2,100,"final","chessboard",140,2135,43,35,1,337,342,2
2,114,50,0.5,0.1,0.15,0.1,1,1,2,100,"final","chessboard",140,2135,43,35,1,337,379,1
2,114,50,0.5,0.1,0.15,0.1,1,1,2,100,"final","chessboard",140,2135,43,35,1,337,382,1
2,114,50,0.5,0.1,0.15,0.1,1,1,2,100,"final","chessboard",140,2135,43,35,1,337,387,2
2,114,50,0.5,0.1,0.15,0.1,1,1,2,100,"final","chessboard",140,2135,43,35,1,337,396,1
2,114,50,0.5,0.1,0.15,0.1,1,1,2,100,"final","chessboard",140,2135,43,35,1,337,398,3
2,114,50,0.5,0.1,0.15,0.1,1,1,2,100,"final","chessboard",140,2135,43,35,1,337,432,3
2,114,50,0.5,0.1,0.15,0.1,1,1,2,100,"final","chessboard",141,2168,44,18,1,337,325,1
2,114,50,0.5,0.1,0.15,0.1,1,1,2,100,"final","chessboard",141,2168,44,18,1,337,371,1
2,114,50,0.5,0.1,0.15,0.1,1,1,2,100,"final","chessboard",141,2168,44,18,1,337,375,2
2,114,50,0.5,0.1,0.15,0.1,1,1,2,100,"final","chessboard",141,2168,44,18,1,337,385,1
2,114,50,0.5,0.1,0.15,0.1,1,1,2,100,"final","chessboard",141,2168,44,18,1,337,388,1
2,114,50,0.5,0.1,0.15,0.1,1,1,2,100,"final","chessboard",141,2168,44,18,1,337,408,1
2,114,50,0.5,0.1,0.15,0.1,1,1,2,100,"final","chessboard",141,2168,44,18,1,337,415,1
2,114,50,0.5,0.1,0.15,0.1,1,1,2,100,"final","chessboard",141,2168,44,18,1,337,416,2
2,114,50,0.5,0.1,0.15,0.1,1,1,2,100,"final","chessboard",141,2168,44,18,1,337,419,1
2,114,50,0.5,0.1,0.15,0.1,1,1,2,100,"final","chessboard",141,2168,44,18,1,337,429,1
2,114,50,0.5,0.1,0.15,0.1,1,1,2,100,"final","chessboard",141,2168,44,18,1,337,432,3
2,114,50,0.5,0.1,0.15,0.1,1,1,2,100,"final","chessboard",141,2168,44,18,1,337,434,1
2,114,50,0.5,0.1,0.15,0.1,1,1,2,100,"final","chessboard",141,2168,44,18,1,337,448,4
2,114,50,0.5,0.1,0.15,0.1,1,1,2,100,"final","chessboard",141,2168,44,18,1,337,458,1
2,114,50,0.5,0.1,0.15,0.1,1,1,2,100,"final","chessboard",141,2168,44,18,1,337,460,8
2,114,50,0.5,0.1,0.15,0.1,1,1,2,100,"final","chessboard",141,2168,44,18,1,337,481,2
2,114,50,0.5,0.1,0.15,0.1,1,1,2,100,"final","chessboard",141,2168,44,18,1,337,523,1
2,114,50,0.5,0.1,0.15,0.1,1,1,2,100,"final","chessboard",141,2168,44,18,1,337,553,1
2,114,50,0.5,0.1,0.15,0.1,1,1,2,100,"final","chessboard",142,2170,44,20,1,337,241,1
2,114,50,0.5,0.1,0.15,0.1,1,1,2,100,"final","chessboard",142,2170,44,20,1,337,310,1
2,114,50,0.5,0.1,0.15,0.1,1,1,2,100,"final","chessboard",142,2170,44,20,1,337,324,7
2,114,50,0.5,0.1,0.15,0.1,1,1,2,100,"final","chessboard",142,2170,44,20,1,337,325,5
2,114,50,0.5,0.1,0.15,0.1,1,1,2,100,"final","chessboard",142,2170,44,20,1,337,341,1
2,114,50,0.5,0.1,0.15,0.1,1,1,2,100,"final","chessboard",142,2170,44,20,1,337,342,1
2,114,50,0.5,0.1,0.15,0.1,1,1,2,100,"final","chessboard",142,2170,44,20,1,337,371,1
2,114,50,0.5,0.1,0.15,0.1,1,1,2,100,"final","chessboard",142,2170,44,20,1,337,375,2
2,114,50,0.5,0.1,0.15,0.1,1,1,2,100,"final","chessboard",142,2170,44,20,1,337,379,1
2,114,50,0.5,0.1,0.15,0.1,1,1,2,100,"final","chessboard",142,2170,44,20,1,337,388,3
2,114,50,0.5,0.1,0.15,0.1,1,1,2,100,"final","chessboard",142,2170,44,20,1,337,394,1
2,114,50,0.5,0.1,0.15,0.1,1,1,2,100,"final","chessboard",142,2170,44,20,1,337,406,3
2,114,50,0.5,0.1,0.15,0.1,1,1,2,100,"final","chessboard",142,2170,44,20,1,337,429,2
2,114,50,0.5,0.1,0.15,0.1,1,1,2,100,"final","chessboard",142,2170,44,20,1,337,432,3
2,114,50,0.5,0.1,0.15,0.1,1,1,2,100,"final","chessboard",142,2170,44,20,1,337,441,1
2,114,50,0.5,0.1,0.15,0.1,1,1,2,100,"final","chessboard",142,2170,44,20,1,337,448,1
2,114,50,0.5,0.1,0.15,0.1,1,1,2,100,"final","chessboard",142,2170,44,20,1,337,458,1
2,114,50,0.5,0.1,0.15,0.1,1,1,2,100,"final","chessboard",142,2170,44,20,1,337,473,1
2,114,50,0.5,0.1,0.15,0.1,1,1,2,100,"final","chessboard",142,2170,44,20,1,337,481,1
2,114,50,0.5,0.1,0.15,0.1,1,1,2,100,"final","chessboard",143,2172,44,22,1,337,446,1
2,114,50,0.5,0.1,0.15,0.1,1,1,2,100,"final","chessboard",143,2172,44,22,1,337,453,1
2,114,50,0.5,0.1,0.15,0.1,1,1,2,100,"final","chessboard",143,2172,44,22,1,337,458,1
2,114,50,0.5,0.1,0.15,0.1,1,1,2,100,"final","chessboard",143,2172,44,22,1,337,460,8
2,114,50,0.5,0.1,0.15,0.1,1,1,2,100,"final","chessboard",143,2172,44,22,1,337,481,3
2,114,50,0.5,0.1,0.15,0.1,1,1,2,100,"final","chessboard",143,2172,44,22,1,337,495,3
2,114,50,0.5,0.1,0.15,0.1,1,1,2,100,"final","chessboard",143,2172,44,22,1,337,506,2
2,114,50,0.5,0.1,0.15,0.1,1,1,2,100,"final","chessboard",143,2172,44,22,1,337,515,1
2,114,50,0.5,0.1,0.15,0.1,1,1,2,100,"final","chessboard",143,2172,44,22,1,337,520,1
2,114,50,0.5,0.1,0.15,0.1,1,1,2,100,"final","chessboard",143,2172,44,22,1,337,537,1
2,114,50,0.5,0.1,0.15,0.1,1,1,2,100,"final","chessboard",143,2172,44,22,1,337,539,2
2,114,50,0.5,0.1,0.15,0.1,1,1,2,100,"final","chessboard",143,2172,44,22,1,337,553,9
2,114,50,0.5,0.1,0.15,0.1,1,1,2,100,"final","chessboard",143,2172,44,22,1,337,580,2
2,114,50,0.5,0.1,0.15,0.1,1,1,2,100,"final","chessboard",144,2174,44,24,1,337,342,3
2,114,50,0.5,0.1,0.15,0.1,1,1,2,100,"final","chessboard",144,2174,44,24,1,337,371,1
2,114,50,0.5,0.1,0.15,0.1,1,1,2,100,"final","chessboard",144,2174,44,24,1,337,393,1
2,114,50,0.5,0.1,0.15,0.1,1,1,2,100,"final","chessboard",144,2174,44,24,1,337,406,1
2,114,50,0.5,0.1,0.15,0.1,1,1,2,100,"final","chessboard",144,2174,44,24,1,337,410,1
2,114,50,0.5,0.1,0.15,0.1,1,1,2,100,"final","chessboard",144,2174,44,24,1,337,414,2
2,114,50,0.5,0.1,0.15,0.1,1,1,2,100,"final","chessboard",144,2174,44,24,1,337,419,3
2,114,50,0.5,0.1,0.15,0.1,1,1,2,100,"final","chessboard",144,2174,44,24,1,337,429,1
2,114,50,0.5,0.1,0.15,0.1,1,1,2,100,"final","chessboard",144,2174,44,24,1,337,446,1
2,114,50,0.5,0.1,0.15,0.1,1,1,2,100,"final","chessboard",144,2174,44,24,1,337,448,1
2,114,50,0.5,0.1,0.15,0.1,1,1,2,100,"final","chessboard",144,2174,44,24,1,337,460,6
2,114,50,0.5,0.1,0.15,0.1,1,1,2,100,"final","chessboard",144,2174,44,24,1,337,465,3
2,114,50,0.5,0.1,0.15,0.1,1,1,2,100,"final","chessboard",144,2174,44,24,1,337,477,1
2,114,50,0.5,0.1,0.15,0.1,1,1,2,100,"final","chessboard",144,2174,44,24,1,337,481,4
2,114,50,0.5,0.1,0.15,0.1,1,1,2,100,"final","chessboard",144,2174,44,24,1,337,515,1
2,114,50,0.5,0.1,0.15,0.1,1,1,2,100,"final","chessboard",144,2174,44,24,1,337,519,1
2,114,50,0.5,0.1,0.15,0.1,1,1,2,100,"final","chessboard",144,2174,44,24,1,337,542,1
2,114,50,0.5,0.1,0.15,0.1,1,1,2,100,"final","chessboard",144,2174,44,24,1,337,553,2
2,114,50,0.5,0.1,0.15,0.1,1,1,2,100,"final","chessboard",145,2176,44,26,1,337,241,1
2,114,50,0.5,0.1,0.15,0.1,1,1,2,100,"final","chessboard",145,2176,44,26,1,337,309,2
2,114,50,0.5,0.1,0.15,0.1,1,1,2,100,"final","chessboard",145,2176,44,26,1,337,332,1
2,114,50,0.5,0.1,0.15,0.1,1,1,2,100,"final","chessboard",145,2176,44,26,1,337,342,8
2,114,50,0.5,0.1,0.15,0.1,1,1,2,100,"final","chessboard",145,2176,44,26,1,337,367,1
2,114,50,0.5,0.1,0.15,0.1,1,1,2,100,"final","chessboard",145,2176,44,26,1,337,370,1
2,114,50,0.5,0.1,0.15,0.1,1,1,2,100,"final","chessboard",145,2176,44,26,1,337,375,3
2,114,50,0.5,0.1,0.15,0.1,1,1,2,100,"final","chessboard",145,2176,44,26,1,337,385,1
2,114,50,0.5,0.1,0.15,0.1,1,1,2,100,"final","chessboard",145,2176,44,26,1,337,396,2
2,114,50,0.5,0.1,0.15,0.1,1,1,2,100,"final","chessboard",145,2176,44,26,1,337,398,1
2,114,50,0.5,0.1,0.15,0.1,1,1,2,100,"final","chessboard",145,2176,44,26,1,337,415,1
2,114,50,0.5,0.1,0.15,0.1,1,1,2,100,"final","chessboard",145,2176,44,26,1,337,432,1
2,114,50,0.5,0.1,0.15,0.1,1,1,2,100,"final","chessboard",145,2176,44,26,1,337,446,1
2,114,50,0.5,0.1,0.15,0.1,1,1,2,100,"final","chessboard",145,2176,44,26,1,337,458,1
2,114,50,0.5,0.1,0.15,0.1,1,1,2,100,"final","chessboard",145,2176,44,26,1,337,460,2
2,114,50,0.5,0.1,0.15,0.1,1,1,2,100,"final","chessboard",145,2176,44,26,1,337,481,1
2,114,50,0.5,0.1,0.15,0.1,1,1,2,100,"final","chessboard",146,2178,44,28,1,337,323,1
2,114,50,0.5,0.1,0.15,0.1,1,1,2,100,"final","chessboard",146,2178,44,28,1,337,338,1
2,114,50,0.5,0.1,0.15,0.1,1,1,2,100,"final","chessboard",146,2178,44,28,1,337,341,1
2,114,50,0.5,0.1,0.15,0.1,1,1,2,100,"final","chessboard",146,2178,44,28,1,337,342,1
2,114,50,0.5,0.1,0.15,0.1,1,1,2,100,"final","chessboard",146,2178,44,28,1,337,370,1
2,114,50,0.5,0.1,0.15,0.1,1,1,2,100,"final","chessboard",146,2178,44,28,1,337,371,1
2,114,50,0.5,0.1,0.15,0.1,1,1,2,100,"final","chessboard",146,2178,44,28,1,337,379,1
2,114,50,0.5,0.1,0.15,0.1,1,1,2,100,"final","chessboard",146,2178,44,28,1,337,382,2
2,114,50,0.5,0.1,0.15,0.1,1,1,2,100,"final","chessboard",146,2178,44,28,1,337,384,1
2,114,50,0.5,0.1,0.15,0.1,1,1,2,100,"final","chessboard",146,2178,44,28,1,337,385,2
2,114,50,0.5,0.1,0.15,0.1,1,1,2,100,"final","chessboard",146,2178,44,28,1,337,388,2
2,114,50,0.5,0.1,0.15,0.1,1,1,2,100,"final","chessboard",146,2178,44,28,1,337,391,1
2,114,50,0.5,0.1,0.15,0.1,1,1,2,100,"final","chessboard",146,2178,44,28,1,337,392,1
2,114,50,0.5,0.1,0.15,0.1,1,1,2,100,"final","chessboard",146,2178,44,28,1,337,393,1
2,114,50,0.5,0.1,0.15,0.1,1,1,2,100,"final","chessboard",146,2178,44,28,1,337,396,1
2,114,50,0.5,0.1,0.15,0.1,1,1,2,100,"final","chessboard",146,2178,44,28,1,337,408,2
2,114,50,0.5,0.1,0.15,0.1,1,1,2,100,"final","chessboard",146,2178,44,28,1,337,419,5
2,114,50,0.5,0.1,0.15,0.1,1,1,2,100,"final","chessboard",146,2178,44,28,1,337,421,3
2,114,50,0.5,0.1,0.15,0.1,1,1,2,100,"final","chessboard",146,2178,44,28,1,337,426,1
2,114,50,0.5,0.1,0.15,0.1,1,1,2,100,"final","chessboard",146,2178,44,28,1,337,453,2
2,114,50,0.5,0.1,0.15,0.1,1,1,2,100,"final","chessboard",146,2178,44,28,1,337,460,3
2,114,50,0.5,0.1,0.15,0.1,1,1,2,100,"final","chessboard",146,2178,44,28,1,337,465,1
2,114,50,0.5,0.1,0.15,0.1,1,1,2,100,"final","chessboard",147,2180,44,30,1,337,290,1
2,114,50,0.5,0.1,0.15,0.1,1,1,2,100,"final","chessboard",147,2180,44,30,1,337,338,3
2,114,50,0.5,0.1,0.15,0.1,1,1,2,100,"final","chessboard",147,2180,44,30,1,337,349,1
2,114,50,0.5,0.1,0.15,0.1,1,1,2,100,"final","chessboard",147,2180,44,30,1,337,363,2
2,114,50,0.5,0.1,0.15,0.1,1,1,2,100,"final","chessboard",147,2180,44,30,1,337,367,1
2,114,50,0.5,0.1,0.15,0.1,1,1,2,100,"final","chessboard",147,2180,44,30,1,337,379,6
2,114,50,0.5,0.1,0.15,0.1,1,1,2,100,"final","chessboard",147,2180,44,30,1,337,388,5
2,114,50,0.5,0.1,0.15,0.1,1,1,2,100,"final","chessboard",147,2180,44,30,1,337,398,3
2,114,50,0.5,0.1,0.15,0.1,1,1,2,100,"final","chessboard",147,2180,44,30,1,337,410,2
2,114,50,0.5,0.1,0.15,0.1,1,1,2,100,"final","chessboard",147,2180,44,30,1,337,415,1
2,114,50,0.5,0.1,0.15,0.1,1,1,2,100,"final","chessboard",147,2180,44,30,1,337,446,1
2,114,50,0.5,0.1,0.15,0.1,1,1,2,100,"final","chessboard",147,2180,44,30,1,337,449,1
2,114,50,0.5,0.1,0.15,0.1,1,1,2,100,"final","chessboard",147,2180,44,30,1,337,458,2
2,114,50,0.5,0.1,0.15,0.1,1,1,2,100,"final","chessboard",147,2180,44,30,1,337,460,1
2,114,50,0.5,0.1,0.15,0.1,1,1,2,100,"final","chessboard",147,2180,44,30,1,337,473,1
2,114,50,0.5,0.1,0.15,0.1,1,1,2,100,"final","chessboard",147,2180,44,30,1,337,493,1
2,114,50,0.5,0.1,0.15,0.1,1,1,2,100,"final","chessboard",147,2180,44,30,1,337,506,1
2,114,50,0.5,0.1,0.15,0.1,1,1,2,100,"final","chessboard",148,2219,45,19,1,337,432,1
2,114,50,0.5,0.1,0.15,0.1,1,1,2,100,"final","chessboard",148,2219,45,19,1,337,448,2
2,114,50,0.5,0.1,0.15,0.1,1,1,2,100,"final","chessboard",148,2219,45,19,1,337,458,1
2,114,50,0.5,0.1,0.15,0.1,1,1,2,100,"final","chessboard",148,2219,45,19,1,337,460,9
2,114,50,0.5,0.1,0.15,0.1,1,1,2,100,"final","chessboard",148,2219,45,19,1,337,481,2
2,114,50,0.5,0.1,0.15,0.1,1,1,2,100,"final","chessboard",148,2219,45,19,1,337,503,1
2,114,50,0.5,0.1,0.15,0.1,1,1,2,100,"final","chessboard",148,2219,45,19,1,337,520,1
2,114,50,0.5,0.1,0.15,0.1,1,1,2,100,"final","chessboard",148,2219,45,19,1,337,537,3
2,114,50,0.5,0.1,0.15,0.1,1,1,2,100,"final","chessboard",148,2219,45,19,1,337,553,1
2,114,50,0.5,0.1,0.15,0.1,1,1,2,100,"final","chessboard",148,2219,45,19,1,337,576,4
2,114,50,0.5,0.1,0.15,0.1,1,1,2,100,"final","chessboard",149,2221,45,21,1,337,391,1
2,114,50,0.5,0.1,0.15,0.1,1,1,2,100,"final","chessboard",149,2221,45,21,1,337,419,2
2,114,50,0.5,0.1,0.15,0.1,1,1,2,100,"final","chessboard",149,2221,45,21,1,337,423,1
2,114,50,0.5,0.1,0.15,0.1,1,1,2,100,"final","chessboard",149,2221,45,21,1,337,426,1
2,114,50,0.5,0.1,0.15,0.1,1,1,2,100,"final","chessboard",149,2221,45,21,1,337,429,2
2,114,50,0.5,0.1,0.15,0.1,1,1,2,100,"final","chessboard",149,2221,45,21,1,337,430,2
2,114,50,0.5,0.1,0.15,0.1,1,1,2,100,"final","chessboard",149,2221,45,21,1,337,446,1
2,114,50,0.5,0.1,0.15,0.1,1,1,2,100,"final","chessboard",149,2221,45,21,1,337,448,4
2,114,50,0.5,0.1,0.15,0.1,1,1,2,100,"final","chessboard",149,2221,45,21,1,337,458,2
2,114,50,0.5,0.1,0.15,0.1,1,1,2,100,"final","chessboard",149,2221,45,21,1,337,460,7
2,114,50,0.5,0.1,0.15,0.1,1,1,2,100,"final","chessboard",149,2221,45,21,1,337,465,2
2,114,50,0.5,0.1,0.15,0.1,1,1,2,100,"final","chessboard",149,2221,45,21,1,337,481,4
2,114,50,0.5,0.1,0.15,0.1,1,1,2,100,"final","chessboard",149,2221,45,21,1,337,503,2
2,114,50,0.5,0.1,0.15,0.1,1,1,2,100,"final","chessboard",149,2221,45,21,1,337,515,1
2,114,50,0.5,0.1,0.15,0.1,1,1,2,100,"final","chessboard",149,2221,45,21,1,337,539,3
2,114,50,0.5,0.1,0.15,0.1,1,1,2,100,"final","chessboard",149,2221,45,21,1,337,553,1
2,114,50,0.5,0.1,0.15,0.1,1,1,2,100,"final","chessboard",150,2223,45,23,1,337,290,1
2,114,50,0.5,0.1,0.15,0.1,1,1,2,100,"final","chessboard",150,2223,45,23,1,337,324,1
2,114,50,0.5,0.1,0.15,0.1,1,1,2,100,"final","chessboard",150,2223,45,23,1,337,342,6
2,114,50,0.5,0.1,0.15,0.1,1,1,2,100,"final","chessboard",150,2223,45,23,1,337,376,1
2,114,50,0.5,0.1,0.15,0.1,1,1,2,100,"final","chessboard",150,2223,45,23,1,337,379,1
2,114,50,0.5,0.1,0.15,0.1,1,1,2,100,"final","chessboard",150,2223,45,23,1,337,382,1
2,114,50,0.5,0.1,0.15,0.1,1,1,2,100,"final","chessboard",150,2223,45,23,1,337,388,1
2,114,50,0.5,0.1,0.15,0.1,1,1,2,100,"final","chessboard",150,2223,45,23,1,337,415,1
2,114,50,0.5,0.1,0.15,0.1,1,1,2,100,"final","chessboard",150,2223,45,23,1,337,419,1
2,114,50,0.5,0.1,0.15,0.1,1,1,2,100,"final","chessboard",150,2223,45,23,1,337,421,1
2,114,50,0.5,0.1,0.15,0.1,1,1,2,100,"final","chessboard",150,2223,45,23,1,337,429,1
2,114,50,0.5,0.1,0.15,0.1,1,1,2,100,"final","chessboard",150,2223,45,23,1,337,432,1
2,114,50,0.5,0.1,0.15,0.1,1,1,2,100,"final","chessboard",150,2223,45,23,1,337,448,1
2,114,50,0.5,0.1,0.15,0.1,1,1,2,100,"final","chessboard",150,2223,45,23,1,337,453,2
2,114,50,0.5,0.1,0.15,0.1,1,1,2,100,"final","chessboard",150,2223,45,23,1,337,460,7
2,114,50,0.5,0.1,0.15,0.1,1,1,2,100,"final","chessboard",150,2223,45,23,1,337,464,2
2,114,50,0.5,0.1,0.15,0.1,1,1,2,100,"final","chessboard",150,2223,45,23,1,337,465,1
2,114,50,0.5,0.1,0.15,0.1,1,1,2,100,"final","chessboard",150,2223,45,23,1,337,481,4
2,114,50,0.5,0.1,0.15,0.1,1,1,2,100,"final","chessboard",150,2223,45,23,1,337,506,1
2,114,50,0.5,0.1,0.15,0.1,1,1,2,100,"final","chessboard",150,2223,45,23,1,337,515,1
2,114,50,0.5,0.1,0.15,0.1,1,1,2,100,"final","chessboard",150,2223,45,23,1,337,539,1
2,114,50,0.5,0.1,0.15,0.1,1,1,2,100,"final","chessboard",150,2223,45,23,1,337,553,2
2,114,50,0.5,0.1,0.15,0.1,1,1,2,100,"final","chessboard",151,2225,45,25,1,337,290,5
2,114,50,0.5,0.1,0.15,0.1,1,1,2,100,"final","chessboard",151,2225,45,25,1,337,309,1
2,114,50,0.5,0.1,0.15,0.1,1,1,2,100,"final","chessboard",151,2225,45,25,1,337,338,2
2,114,50,0.5,0.1,0.15,0.1,1,1,2,100,"final","chessboard",151,2225,45,25,1,337,342,2
2,114,50,0.5,0.1,0.15,0.1,1,1,2,100,"final","chessboard",151,2225,45,25,1,337,367,1
2,114,50,0.5,0.1,0.15,0.1,1,1,2,100,"final","chessboard",151,2225,45,25,1,337,371,2
2,114,50,0.5,0.1,0.15,0.1,1,1,2,100,"final","chessboard",151,2225,45,25,1,337,379,3
2,114,50,0.5,0.1,0.15,0.1,1,1,2,100,"final","chessboard",151,2225,45,25,1,337,382,1
2,114,50,0.5,0.1,0.15,0.1,1,1,2,100,"final","chessboard",151,2225,45,25,1,337,388,2
2,114,50,0.5,0.1,0.15,0.1,1,1,2,100,"final","chessboard",151,2225,45,25,1,337,398,3
2,114,50,0.5,0.1,0.15,0.1,1,1,2,100,"final","chessboard",151,2225,45,25,1,337,416,2
2,114,50,0.5,0.1,0.15,0.1,1,1,2,100,"final","chessboard",151,2225,45,25,1,337,419,1
2,114,50,0.5,0.1,0.15,0.1,1,1,2,100,"final","chessboard",151,2225,45,25,1,337,429,1
2,114,50,0.5,0.1,0.15,0.1,1,1,2,100,"final","chessboard",151,2225,45,25,1,337,460,4
2,114,50,0.5,0.1,0.15,0.1,1,1,2,100,"final","chessboard",151,2225,45,25,1,337,473,1
2,114,50,0.5,0.1,0.15,0.1,1,1,2,100,"final","chessboard",151,2225,45,25,1,337,486,1
2,114,50,0.5,0.1,0.15,0.1,1,1,2,100,"final","chessboard",151,2225,45,25,1,337,487,1
2,114,50,0.5,0.1,0.15,0.1,1,1,2,100,"final","chessboard",151,2225,45,25,1,337,493,1
2,114,50,0.5,0.1,0.15,0.1,1,1,2,100,"final","chessboard",152,2227,45,27,1,337,371,1
2,114,50,0.5,0.1,0.15,0.1,1,1,2,100,"final","chessboard",152,2227,45,27,1,337,382,2
2,114,50,0.5,0.1,0.15,0.1,1,1,2,100,"final","chessboard",152,2227,45,27,1,337,408,1
2,114,50,0.5,0.1,0.15,0.1,1,1,2,100,"final","chessboard",152,2227,45,27,1,337,411,1
2,114,50,0.5,0.1,0.15,0.1,1,1,2,100,"final","chessboard",152,2227,45,27,1,337,419,2
2,114,50,0.5,0.1,0.15,0.1,1,1,2,100,"final","chessboard",152,2227,45,27,1,337,421,1
2,114,50,0.5,0.1,0.15,0.1,1,1,2,100,"final","chessboard",152,2227,45,27,1,337,429,1
2,114,50,0.5,0.1,0.15,0.1,1,1,2,100,"final","chessboard",152,2227,45,27,1,337,446,5
2,114,50,0.5,0.1,0.15,0.1,1,1,2,100,"final","chessboard",152,2227,45,27,1,337,453,2
2,114,50,0.5,0.1,0.15,0.1,1,1,2,100,"final","chessboard",152,2227,45,27,1,337,458,1
2,114,50,0.5,0.1,0.15,0.1,1,1,2,100,"final","chessboard",152,2227,45,27,1,337,460,4
2,114,50,0.5,0.1,0.15,0.1,1,1,2,100,"final","chessboard",152,2227,45,27,1,337,476,2
2,114,50,0.5,0.1,0.15,0.1,1,1,2,100,"final","chessboard",152,2227,45,27,1,337,477,1
2,114,50,0.5,0.1,0.15,0.1,1,1,2,100,"final","chessboard",152,2227,45,27,1,337,479,2
2,114,50,0.5,0.1,0.15,0.1,1,1,2,100,"final","chessboard",152,2227,45,27,1,337,481,6
2,114,50,0.5,0.1,0.15,0.1,1,1,2,100,"final","chessboard",152,2227,45,27,1,337,486,1
2,114,50,0.5,0.1,0.15,0.1,1,1,2,100,"final","chessboard",152,2227,45,27,1,337,493,1
2,114,50,0.5,0.1,0.15,0.1,1,1,2,100,"final","chessboard",152,2227,45,27,1,337,520,1
2,114,50,0.5,0.1,0.15,0.1,1,1,2,100,"final","chessboard",152,2227,45,27,1,337,526,2
2,114,50,0.5,0.1,0.15,0.1,1,1,2,100,"final","chessboard",152,2227,45,27,1,337,537,3
2,114,50,0.5,0.1,0.15,0.1,1,1,2,100,"final","chessboard",153,2231,45,31,1,337,332,2
2,114,50,0.5,0.1,0.15,0.1,1,1,2,100,"final","chessboard",153,2231,45,31,1,337,338,1
2,114,50,0.5,0.1,0.15,0.1,1,1,2,100,"final","chessboard",153,2231,45,31,1,337,353,1
2,114,50,0.5,0.1,0.15,0.1,1,1,2,100,"final","chessboard",153,2231,45,31,1,337,379,1
2,114,50,0.5,0.1,0.15,0.1,1,1,2,100,"final","chessboard",153,2231,45,31,1,337,382,2
2,114,50,0.5,0.1,0.15,0.1,1,1,2,100,"final","chessboard",153,2231,45,31,1,337,385,1
2,114,50,0.5,0.1,0.15,0.1,1,1,2,100,"final","chessboard",153,2231,45,31,1,337,387,1
2,114,50,0.5,0.1,0.15,0.1,1,1,2,100,"final","chessboard",153,2231,45,31,1,337,392,1
2,114,50,0.5,0.1,0.15,0.1,1,1,2,100,"final","chessboard",153,2231,45,31,1,337,398,1
2,114,50,0.5,0.1,0.15,0.1,1,1,2,100,"final","chessboard",153,2231,45,31,1,337,415,1
2,114,50,0.5,0.1,0.15,0.1,1,1,2,100,"final","chessboard",153,2231,45,31,1,337,419,1
2,114,50,0.5,0.1,0.15,0.1,1,1,2,100,"final","chessboard",153,2231,45,31,1,337,421,4
2,114,50,0.5,0.1,0.15,0.1,1,1,2,100,"final","chessboard",153,2231,45,31,1,337,453,1
2,114,50,0.5,0.1,0.15,0.1,1,1,2,100,"final","chessboard",153,2231,45,31,1,337,460,7
2,114,50,0.5,0.1,0.15,0.1,1,1,2,100,"final","chessboard",153,2231,45,31,1,337,465,2
2,114,50,0.5,0.1,0.15,0.1,1,1,2,100,"final","chessboard",153,2231,45,31,1,337,479,3
2,114,50,0.5,0.1,0.15,0.1,1,1,2,100,"final","chessboard",153,2231,45,31,1,337,486,1
2,114,50,0.5,0.1,0.15,0.1,1,1,2,100,"final","chessboard",153,2231,45,31,1,337,493,3
2,114,50,0.5,0.1,0.15,0.1,1,1,2,100,"final","chessboard",153,2231,45,31,1,337,503,2
2,114,50,0.5,0.1,0.15,0.1,1,1,2,100,"final","chessboard",153,2231,45,31,1,337,542,2
2,114,50,0.5,0.1,0.15,0.1,1,1,2,100,"final","chessboard",153,2231,45,31,1,337,553,1
2,114,50,0.5,0.1,0.15,0.1,1,1,2,100,"final","chessboard",154,2268,46,18,1,337,324,2
2,114,50,0.5,0.1,0.15,0.1,1,1,2,100,"final","chessboard",154,2268,46,18,1,337,325,4
2,114,50,0.5,0.1,0.15,0.1,1,1,2,100,"final","chessboard",154,2268,46,18,1,337,342,1
2,114,50,0.5,0.1,0.15,0.1,1,1,2,100,"final","chessboard",154,2268,46,18,1,337,350,1
2,114,50,0.5,0.1,0.15,0.1,1,1,2,100,"final","chessboard",154,2268,46,18,1,337,371,3
2,114,50,0.5,0.1,0.15,0.1,1,1,2,100,"final","chessboard",154,2268,46,18,1,337,375,1
2,114,50,0.5,0.1,0.15,0.1,1,1,2,100,"final","chessboard",154,2268,46,18,1,337,381,1
2,114,50,0.5,0.1,0.15,0.1,1,1,2,100,"final","chessboard",154,2268,46,18,1,337,385,5
2,114,50,0.5,0.1,0.15,0.1,1,1,2,100,"final","chessboard",154,2268,46,18,1,337,392,2
2,114,50,0.5,0.1,0.15,0.1,1,1,2,100,"final","chessboard",154,2268,46,18,1,337,419,1
2,114,50,0.5,0.1,0.15,0.1,1,1,2,100,"final","chessboard",154,2268,46,18,1,337,458,1
2,114,50,0.5,0.1,0.15,0.1,1,1,2,100,"final","chessboard",154,2268,46,18,1,337,460,3
2,114,50,0.5,0.1,0.15,0.1,1,1,2,100,"final","chessboard",154,2268,46,18,1,337,473,1
2,114,50,0.5,0.1,0.15,0.1,1,1,2,100,"final","chessboard",154,2268,46,18,1,337,485,1
2,114,50,0.5,0.1,0.15,0.1,1,1,2,100,"final","chessboard",154,2268,46,18,1,337,503,1
2,114,50,0.5,0.1,0.15,0.1,1,1,2,100,"final","chessboard",155,2270,46,20,1,337,324,1
2,114,50,0.5,0.1,0.15,0.1,1,1,2,100,"final","chessboard",155,2270,46,20,1,337,330,1
2,114,50,0.5,0.1,0.15,0.1,1,1,2,100,"final","chessboard",155,2270,46,20,1,337,375,5
2,114,50,0.5,0.1,0.15,0.1,1,1,2,100,"final","chessboard",155,2270,46,20,1,337,382,2
2,114,50,0.5,0.1,0.15,0.1,1,1,2,100,"final","chessboard",155,2270,46,20,1,337,391,1
2,114,50,0.5,0.1,0.15,0.1,1,1,2,100,"final","chessboard",155,2270,46,20,1,337,419,3
2,114,50,0.5,0.1,0.15,0.1,1,1,2,100,"final","chessboard",155,2270,46,20,1,337,432,1
2,114,50,0.5,0.1,0.15,0.1,1,1,2,100,"final","chessboard",155,2270,46,20,1,337,434,1
2,114,50,0.5,0.1,0.15,0.1,1,1,2,100,"final","chessboard",155,2270,46,20,1,337,441,1
2,114,50,0.5,0.1,0.15,0.1,1,1,2,100,"final","chessboard",155,2270,46,20,1,337,446,1
2,114,50,0.5,0.1,0.15,0.1,1,1,2,100,"final","chessboard",155,2270,46,20,1,337,453,2
2,114,50,0.5,0.1,0.15,0.1,1,1,2,100,"final","chessboard",155,2270,46,20,1,337,458,2
2,114,50,0.5,0.1,0.15,0.1,1,1,2,100,"final","chessboard",155,2270,46,20,1,337,460,7
2,114,50,0.5,0.1,0.15,0.1,1,1,2,100,"final","chessboard",155,2270,46,20,1,337,481,4
2,114,50,0.5,0.1,0.15,0.1,1,1,2,100,"final","chessboard",155,2270,46,20,1,337,506,1
2,114,50,0.5,0.1,0.15,0.1,1,1,2,100,"final","chessboard",155,2270,46,20,1,337,539,1
2,114,50,0.5,0.1,0.15,0.1,1,1,2,100,"final","chessboard",155,2270,46,20,1,337,542,1
2,114,50,0.5,0.1,0.15,0.1,1,1,2,100,"final","chessboard",156,2272,46,22,1,337,388,1
2,114,50,0.5,0.1,0.15,0.1,1,1,2,100,"final","chessboard",156,2272,46,22,1,337,414,1
2,114,50,0.5,0.1,0.15,0.1,1,1,2,100,"final","chessboard",156,2272,46,22,1,337,419,6
2,114,50,0.5,0.1,0.15,0.1,1,1,2,100,"final","chessboard",156,2272,46,22,1,337,421,1
2,114,50,0.5,0.1,0.15,0.1,1,1,2,100,"final","chessboard",156,2272,46,22,1,337,434,2
2,114,50,0.5,0.1,0.15,0.1,1,1,2,100,"final","chessboard",156,2272,46,22,1,337,446,1
2,114,50,0.5,0.1,0.15,0.1,1,1,2,100,"final","chessboard",156,2272,46,22,1,337,448,1
2,114,50,0.5,0.1,0.15,0.1,1,1,2,100,"final","chessboard",156,2272,46,22,1,337,453,1
2,114,50,0.5,0.1,0.15,0.1,1,1,2,100,"final","chessboard",156,2272,46,22,1,337,460,5
2,114,50,0.5,0.1,0.15,0.1,1,1,2,100,"final","chessboard",156,2272,46,22,1,337,479,2
2,114,50,0.5,0.1,0.15,0.1,1,1,2,100,"final","chessboard",156,2272,46,22,1,337,481,8
2,114,50,0.5,0.1,0.15,0.1,1,1,2,100,"final","chessboard",156,2272,46,22,1,337,503,4
2,114,50,0.5,0.1,0.15,0.1,1,1,2,100,"final","chessboard",156,2272,46,22,1,337,506,1
2,114,50,0.5,0.1,0.15,0.1,1,1,2,100,"final","chessboard",156,2272,46,22,1,337,526,1
2,114,50,0.5,0.1,0.15,0.1,1,1,2,100,"final","chessboard",157,2274,46,24,1,337,419,1
2,114,50,0.5,0.1,0.15,0.1,1,1,2,100,"final","chessboard",157,2274,46,24,1,337,448,2
2,114,50,0.5,0.1,0.15,0.1,1,1,2,100,"final","chessboard",157,2274,46,24,1,337,460,8
2,114,50,0.5,0.1,0.15,0.1,1,1,2,100,"final","chessboard",157,2274,46,24,1,337,479,1
2,114,50,0.5,0.1,0.15,0.1,1,1,2,100,"final","chessboard",157,2274,46,24,1,337,480,1
2,114,50,0.5,0.1,0.15,0.1,1,1,2,100,"final","chessboard",157,2274,46,24,1,337,481,6
2,114,50,0.5,0.1,0.15,0.1,1,1,2,100,"final","chessboard",157,2274,46,24,1,337,486,1
2,114,50,0.5,0.1,0.15,0.1,1,1,2,100,"final","chessboard",157,2274,46,24,1,337,493,1
2,114,50,0.5,0.1,0.15,0.1,1,1,2,100,"final","chessboard",157,2274,46,24,1,337,537,2
2,114,50,0.5,0.1,0.15,0.1,1,1,2,100,"final","chessboard",157,2274,46,24,1,337,539,5
2,114,50,0.5,0.1,0.15,0.1,1,1,2,100,"final","chessboard",157,2274,46,24,1,337,542,2
2,114,50,0.5,0.1,0.15,0.1,1,1,2,100,"final","chessboard",157,2274,46,24,1,337,553,3
2,114,50,0.5,0.1,0.15,0.1,1,1,2,100,"final","chessboard",157,2274,46,24,1,337,576,1
2,114,50,0.5,0.1,0.15,0.1,1,1,2,100,"final","chessboard",158,2276,46,26,1,337,382,1
2,114,50,0.5,0.1,0.15,0.1,1,1,2,100,"final","chessboard",158,2276,46,26,1,337,396,2
2,114,50,0.5,0.1,0.15,0.1,1,1,2,100,"final","chessboard",158,2276,46,26,1,337,398,2
2,114,50,0.5,0.1,0.15,0.1,1,1,2,100,"final","chessboard",158,2276,46,26,1,337,416,1
2,114,50,0.5,0.1,0.15,0.1,1,1,2,100,"final","chessboard",158,2276,46,26,1,337,419,2
2,114,50,0.5,0.1,0.15,0.1,1,1,2,100,"final","chessboard",158,2276,46,26,1,337,429,1
2,114,50,0.5,0.1,0.15,0.1,1,1,2,100,"final","chessboard",158,2276,46,26,1,337,438,1
2,114,50,0.5,0.1,0.15,0.1,1,1,2,100,"final","chessboard",158,2276,46,26,1,337,453,2
2,114,50,0.5,0.1,0.15,0.1,1,1,2,100,"final","chessboard",158,2276,46,26,1,337,460,7
2,114,50,0.5,0.1,0.15,0.1,1,1,2,100,"final","chessboard",158,2276,46,26,1,337,477,1
2,114,50,0.5,0.1,0.15,0.1,1,1,2,100,"final","chessboard",158,2276,46,26,1,337,479,4
2,114,50,0.5,0.1,0.15,0.1,1,1,2,100,"final","chessboard",158,2276,46,26,1,337,481,6
2,114,50,0.5,0.1,0.15,0.1,1,1,2,100,"final","chessboard",158,2276,46,26,1,337,486,1
2,114,50,0.5,0.1,0.15,0.1,1,1,2,100,"final","chessboard",158,2276,46,26,1,337,493,1
2,114,50,0.5,0.1,0.15,0.1,1,1,2,100,"final","chessboard",158,2276,46,26,1,337,506,1
2,114,50,0.5,0.1,0.15,0.1,1,1,2,100,"final","chessboard",158,2276,46,26,1,337,513,2
2,114,50,0.5,0.1,0.15,0.1,1,1,2,100,"final","chessboard",158,2276,46,26,1,337,526,3
2,114,50,0.5,0.1,0.15,0.1,1,1,2,100,"final","chessboard",158,2276,46,26,1,337,539,1
2,114,50,0.5,0.1,0.15,0.1,1,1,2,100,"final","chessboard",158,2276,46,26,1,337,553,2
2,114,50,0.5,0.1,0.15,0.1,1,1,2,100,"final","chessboard",158,2276,46,26,1,337,576,1
2,114,50,0.5,0.1,0.15,0.1,1,1,2,100,"final","chessboard",159,2278,46,28,1,337,332,2
2,114,50,0.5,0.1,0.15,0.1,1,1,2,100,"final","chessboard",159,2278,46,28,1,337,338,2
2,114,50,0.5,0.1,0.15,0.1,1,1,2,100,"final","chessboard",159,2278,46,28,1,337,342,2
2,114,50,0.5,0.1,0.15,0.1,1,1,2,100,"final","chessboard",159,2278,46,28,1,337,354,2
2,114,50,0.5,0.1,0.15,0.1,1,1,2,100,"final","chessboard",159,2278,46,28,1,337,367,1
2,114,50,0.5,0.1,0.15,0.1,1,1,2,100,"final","chessboard",159,2278,46,28,1,337,368,1
2,114,50,0.5,0.1,0.15,0.1,1,1,2,100,"final","chessboard",159,2278,46,28,1,337,371,1
2,114,50,0.5,0.1,0.15,0.1,1,1,2,100,"final","chessboard",159,2278,46,28,1,337,379,3
2,114,50,0.5,0.1,0.15,0.1,1,1,2,100,"final","chessboard",159,2278,46,28,1,337,382,1
2,114,50,0.5,0.1,0.15,0.1,1,1,2,100,"final","chessboard",159,2278,46,28,1,337,386,1
2,114,50,0.5,0.1,0.15,0.1,1,1,2,100,"final","chessboard",159,2278,46,28,1,337,388,1
2,114,50,0.5,0.1,0.15,0.1,1,1,2,100,"final","chessboard",159,2278,46,28,1,337,394,1
2,114,50,0.5,0.1,0.15,0.1,1,1,2,100,"final","chessboard",159,2278,46,28,1,337,398,2
2,114,50,0.5,0.1,0.15,0.1,1,1,2,100,"final","chessboard",159,2278,46,28,1,337,411,1
2,114,50,0.5,0.1,0.15,0.1,1,1,2,100,"final","chessboard",159,2278,46,28,1,337,414,1
2,114,50,0.5,0.1,0.15,0.1,1,1,2,100,"final","chessboard",159,2278,46,28,1,337,460,1
2,114,50,0.5,0.1,0.15,0.1,1,1,2,100,"final","chessboard",159,2278,46,28,1,337,479,2
2,114,50,0.5,0.1,0.15,0.1,1,1,2,100,"final","chessboard",160,2280,46,30,1,337,379,1
2,114,50,0.5,0.1,0.15,0.1,1,1,2,100,"final","chessboard",160,2280,46,30,1,337,387,1
2,114,50,0.5,0.1,0.15,0.1,1,1,2,100,"final","chessboard",160,2280,46,30,1,337,396,1
2,114,50,0.5,0.1,0.15,0.1,1,1,2,100,"final","chessboard",160,2280,46,30,1,337,398,1
2,114,50,0.5,0.1,0.15,0.1,1,1,2,100,"final","chessboard",160,2280,46,30,1,337,448,1
2,114,50,0.5,0.1,0.15,0.1,1,1,2,100,"final","chessboard",160,2280,46,30,1,337,460,1
2,114,50,0.5,0.1,0.15,0.1,1,1,2,100,"final","chessboard",160,2280,46,30,1,337,481,3
2,114,50,0.5,0.1,0.15,0.1,1,1,2,100,"final","chessboard",160,2280,46,30,1,337,497,1
2,114,50,0.5,0.1,0.15,0.1,1,1,2,100,"final","chessboard",160,2280,46,30,1,337,506,2
2,114,50,0.5,0.1,0.15,0.1,1,1,2,100,"final","chessboard",160,2280,46,30,1,337,526,2
2,114,50,0.5,0.1,0.15,0.1,1,1,2,100,"final","chessboard",160,2280,46,30,1,337,542,1
2,114,50,0.5,0.1,0.15,0.1,1,1,2,100,"final","chessboard",160,2280,46,30,1,337,553,1
2,114,50,0.5,0.1,0.15,0.1,1,1,2,100,"final","chessboard",161,2282,46,32,1,337,309,1
2,114,50,0.5,0.1,0.15,0.1,1,1,2,100,"final","chessboard",161,2282,46,32,1,337,338,8
2,114,50,0.5,0.1,0.15,0.1,1,1,2,100,"final","chessboard",161,2282,46,32,1,337,342,6
2,114,50,0.5,0.1,0.15,0.1,1,1,2,100,"final","chessboard",161,2282,46,32,1,337,363,1
2,114,50,0.5,0.1,0.15,0.1,1,1,2,100,"final","chessboard",161,2282,46,32,1,337,367,1
2,114,50,0.5,0.1,0.15,0.1,1,1,2,100,"final","chessboard",161,2282,46,32,1,337,375,1
2,114,50,0.5,0.1,0.15,0.1,1,1,2,100,"final","chessboard",161,2282,46,32,1,337,379,1
2,114,50,0.5,0.1,0.15,0.1,1,1,2,100,"final","chessboard",161,2282,46,32,1,337,382,3
2,114,50,0.5,0.1,0.15,0.1,1,1,2,100,"final","chessboard",161,2282,46,32,1,337,388,3
2,114,50,0.5,0.1,0.15,0.1,1,1,2,100,"final","chessboard",161,2282,46,32,1,337,392,1
2,114,50,0.5,0.1,0.15,0.1,1,1,2,100,"final","chessboard",161,2282,46,32,1,337,398,1
2,114,50,0.5,0.1,0.15,0.1,1,1,2,100,"final","chessboard",161,2282,46,32,1,337,414,2
2,114,50,0.5,0.1,0.15,0.1,1,1,2,100,"final","chessboard",161,2282,46,32,1,337,415,3
2,114,50,0.5,0.1,0.15,0.1,1,1,2,100,"final","chessboard",161,2282,46,32,1,337,419,1
2,114,50,0.5,0.1,0.15,0.1,1,1,2,100,"final","chessboard",161,2282,46,32,1,337,429,1
2,114,50,0.5,0.1,0.15,0.1,1,1,2,100,"final","chessboard",161,2282,46,32,1,337,432,1
2,114,50,0.5,0.1,0.15,0.1,1,1,2,100,"final","chessboard",161,2282,46,32,1,337,460,1
2,114,50,0.5,0.1,0.15,0.1,1,1,2,100,"final","chessboard",161,2282,46,32,1,337,481,1
2,114,50,0.5,0.1,0.15,0.1,1,1,2,100,"final","chessboard",162,2317,47,17,13,1,520,1
2,114,50,0.5,0.1,0.15,0.1,1,1,2,100,"final","chessboard",163,2321,47,21,1,337,342,1
2,114,50,0.5,0.1,0.15,0.1,1,1,2,100,"final","chessboard",163,2321,47,21,1,337,391,1
2,114,50,0.5,0.1,0.15,0.1,1,1,2,100,"final","chessboard",163,2321,47,21,1,337,406,1
2,114,50,0.5,0.1,0.15,0.1,1,1,2,100,"final","chessboard",163,2321,47,21,1,337,419,2
2,114,50,0.5,0.1,0.15,0.1,1,1,2,100,"final","chessboard",163,2321,47,21,1,337,423,2
2,114,50,0.5,0.1,0.15,0.1,1,1,2,100,"final","chessboard",163,2321,47,21,1,337,430,2
2,114,50,0.5,0.1,0.15,0.1,1,1,2,100,"final","chessboard",163,2321,47,21,1,337,432,1
2,114,50,0.5,0.1,0.15,0.1,1,1,2,100,"final","chessboard",163,2321,47,21,1,337,446,2
2,114,50,0.5,0.1,0.15,0.1,1,1,2,100,"final","chessboard",163,2321,47,21,1,337,448,1
2,114,50,0.5,0.1,0.15,0.1,1,1,2,100,"final","chessboard",163,2321,47,21,1,337,453,2
2,114,50,0.5,0.1,0.15,0.1,1,1,2,100,"final","chessboard",163,2321,47,21,1,337,458,1
2,114,50,0.5,0.1,0.15,0.1,1,1,2,100,"final","chessboard",163,2321,47,21,1,337,460,13
2,114,50,0.5,0.1,0.15,0.1,1,1,2,100,"final","chessboard",163,2321,47,21,1,337,465,3
2,114,50,0.5,0.1,0.15,0.1,1,1,2,100,"final","chessboard",163,2321,47,21,1,337,479,1
2,114,50,0.5,0.1,0.15,0.1,1,1,2,100,"final","chessboard",163,2321,47,21,1,337,481,1
2,114,50,0.5,0.1,0.15,0.1,1,1,2,100,"final","chessboard",163,2321,47,21,1,337,491,1
2,114,50,0.5,0.1,0.15,0.1,1,1,2,100,"final","chessboard",163,2321,47,21,1,337,495,2
2,114,50,0.5,0.1,0.15,0.1,1,1,2,100,"final","chessboard",163,2321,47,21,1,337,542,2
2,114,50,0.5,0.1,0.15,0.1,1,1,2,100,"final","chessboard",163,2321,47,21,1,337,553,1
2,114,50,0.5,0.1,0.15,0.1,1,1,2,100,"final","chessboard",164,2323,47,23,1,337,342,1
2,114,50,0.5,0.1,0.15,0.1,1,1,2,100,"final","chessboard",164,2323,47,23,1,337,382,1
2,114,50,0.5,0.1,0.15,0.1,1,1,2,100,"final","chessboard",164,2323,47,23,1,337,406,1
2,114,50,0.5,0.1,0.15,0.1,1,1,2,100,"final","chessboard",164,2323,47,23,1,337,419,2
2,114,50,0.5,0.1,0.15,0.1,1,1,2,100,"final","chessboard",164,2323,47,23,1,337,429,2
2,114,50,0.5,0.1,0.15,0.1,1,1,2,100,"final","chessboard",164,2323,47,23,1,337,432,1
2,114,50,0.5,0.1,0.15,0.1,1,1,2,100,"final","chessboard",164,2323,47,23,1,337,446,2
2,114,50,0.5,0.1,0.15,0.1,1,1,2,100,"final","chessboard",164,2323,47,23,1,337,460,7
2,114,50,0.5,0.1,0.15,0.1,1,1,2,100,"final","chessboard",164,2323,47,23,1,337,465,1
2,114,50,0.5,0.1,0.15,0.1,1,1,2,100,"final","chessboard",164,2323,47,23,1,337,479,1
2,114,50,0.5,0.1,0.15,0.1,1,1,2,100,"final","chessboard",164,2323,47,23,1,337,481,6
2,114,50,0.5,0.1,0.15,0.1,1,1,2,100,"final","chessboard",164,2323,47,23,1,337,503,2
2,114,50,0.5,0.1,0.15,0.1,1,1,2,100,"final","chessboard",164,2323,47,23,1,337,513,1
2,114,50,0.5,0.1,0.15,0.1,1,1,2,100,"final","chessboard",164,2323,47,23,1,337,515,2
2,114,50,0.5,0.1,0.15,0.1,1,1,2,100,"final","chessboard",164,2323,47,23,1,337,539,1
2,114,50,0.5,0.1,0.15,0.1,1,1,2,100,"final","chessboard",164,2323,47,23,1,337,542,1
2,114,50,0.5,0.1,0.15,0.1,1,1,2,100,"final","chessboard",164,2323,47,23,1,337,553,6
2,114,50,0.5,0.1,0.15,0.1,1,1,2,100,"final","chessboard",165,2325,47,25,1,337,342,1
2,114,50,0.5,0.1,0.15,0.1,1,1,2,100,"final","chessboard",165,2325,47,25,1,337,358,2
2,114,50,0.5,0.1,0.15,0.1,1,1,2,100,"final","chessboard",165,2325,47,25,1,337,371,2
2,114,50,0.5,0.1,0.15,0.1,1,1,2,100,"final","chessboard",165,2325,47,25,1,337,382,3
2,114,50,0.5,0.1,0.15,0.1,1,1,2,100,"final","chessboard",165,2325,47,25,1,337,386,1
2,114,50,0.5,0.1,0.15,0.1,1,1,2,100,"final","chessboard",165,2325,47,25,1,337,396,1
2,114,50,0.5,0.1,0.15,0.1,1,1,2,100,"final","chessboard",165,2325,47,25,1,337,398,1
2,114,50,0.5,0.1,0.15,0.1,1,1,2,100,"final","chessboard",165,2325,47,25,1,337,407,1
2,114,50,0.5,0.1,0.15,0.1,1,1,2,100,"final","chessboard",165,2325,47,25,1,337,414,1
2,114,50,0.5,0.1,0.15,0.1,1,1,2,100,"final","chessboard",165,2325,47,25,1,337,415,1
2,114,50,0.5,0.1,0.15,0.1,1,1,2,100,"final","chessboard",165,2325,47,25,1,337,419,1
2,114,50,0.5,0.1,0.15,0.1,1,1,2,100,"final","chessboard",165,2325,47,25,1,337,429,1
2,114,50,0.5,0.1,0.15,0.1,1,1,2,100,"final","chessboard",165,2325,47,25,1,337,432,1
2,114,50,0.5,0.1,0.15,0.1,1,1,2,100,"final","chessboard",165,2325,47,25,1,337,434,2
2,114,50,0.5,0.1,0.15,0.1,1,1,2,100,"final","chessboard",165,2325,47,25,1,337,435,2
2,114,50,0.5,0.1,0.15,0.1,1,1,2,100,"final","chessboard",165,2325,47,25,1,337,446,1
2,114,50,0.5,0.1,0.15,0.1,1,1,2,100,"final","chessboard",165,2325,47,25,1,337,453,4
2,114,50,0.5,0.1,0.15,0.1,1,1,2,100,"final","chessboard",165,2325,47,25,1,337,458,1
2,114,50,0.5,0.1,0.15,0.1,1,1,2,100,"final","chessboard",165,2325,47,25,1,337,465,2
2,114,50,0.5,0.1,0.15,0.1,1,1,2,100,"final","chessboard",165,2325,47,25,1,337,479,1
2,114,50,0.5,0.1,0.15,0.1,1,1,2,100,"final","chessboard",165,2325,47,25,1,337,481,3
2,114,50,0.5,0.1,0.15,0.1,1,1,2,100,"final","chessboard",165,2325,47,25,1,337,490,1
2,114,50,0.5,0.1,0.15,0.1,1,1,2,100,"final","chessboard",165,2325,47,25,1,337,503,1
2,114,50,0.5,0.1,0.15,0.1,1,1,2,100,"final","chessboard",165,2325,47,25,1,337,513,1
2,114,50,0.5,0.1,0.15,0.1,1,1,2,100,"final","chessboard",165,2325,47,25,1,337,526,2
2,114,50,0.5,0.1,0.15,0.1,1,1,2,100,"final","chessboard",166,2327,47,27,1,337,580,2
2,114,50,0.5,0.1,0.15,0.1,1,1,2,100,"final","chessboard",167,2329,47,29,1,337,342,1
2,114,50,0.5,0.1,0.15,0.1,1,1,2,100,"final","chessboard",167,2329,47,29,1,337,367,1
2,114,50,0.5,0.1,0.15,0.1,1,1,2,100,"final","chessboard",167,2329,47,29,1,337,379,1
2,114,50,0.5,0.1,0.15,0.1,1,1,2,100,"final","chessboard",167,2329,47,29,1,337,382,1
2,114,50,0.5,0.1,0.15,0.1,1,1,2,100,"final","chessboard",167,2329,47,29,1,337,385,1
2,114,50,0.5,0.1,0.15,0.1,1,1,2,100,"final","chessboard",167,2329,47,29,1,337,388,2
2,114,50,0.5,0.1,0.15,0.1,1,1,2,100,"final","chessboard",167,2329,47,29,1,337,392,1
2,114,50,0.5,0.1,0.15,0.1,1,1,2,100,"final","chessboard",167,2329,47,29,1,337,398,1
2,114,50,0.5,0.1,0.15,0.1,1,1,2,100,"final","chessboard",167,2329,47,29,1,337,419,2
2,114,50,0.5,0.1,0.15,0.1,1,1,2,100,"final","chessboard",167,2329,47,29,1,337,432,4
2,114,50,0.5,0.1,0.15,0.1,1,1,2,100,"final","chessboard",167,2329,47,29,1,337,446,4
2,114,50,0.5,0.1,0.15,0.1,1,1,2,100,"final","chessboard",167,2329,47,29,1,337,458,1
2,114,50,0.5,0.1,0.15,0.1,1,1,2,100,"final","chessboard",167,2329,47,29,1,337,460,3
2,114,50,0.5,0.1,0.15,0.1,1,1,2,100,"final","chessboard",167,2329,47,29,1,337,476,1
2,114,50,0.5,0.1,0.15,0.1,1,1,2,100,"final","chessboard",167,2329,47,29,1,337,481,2
2,114,50,0.5,0.1,0.15,0.1,1,1,2,100,"final","chessboard",167,2329,47,29,1,337,490,1
2,114,50,0.5,0.1,0.15,0.1,1,1,2,100,"final","chessboard",167,2329,47,29,1,337,513,2
2,114,50,0.5,0.1,0.15,0.1,1,1,2,100,"final","chessboard",167,2329,47,29,1,337,526,5
2,114,50,0.5,0.1,0.15,0.1,1,1,2,100,"final","chessboard",167,2329,47,29,1,337,537,1
2,114,50,0.5,0.1,0.15,0.1,1,1,2,100,"final","chessboard",167,2329,47,29,1,337,539,1
2,114,50,0.5,0.1,0.15,0.1,1,1,2,100,"final","chessboard",167,2329,47,29,1,337,542,1
2,114,50,0.5,0.1,0.15,0.1,1,1,2,100,"final","chessboard",167,2329,47,29,1,337,553,1
2,114,50,0.5,0.1,0.15,0.1,1,1,2,100,"final","chessboard",168,2331,47,31,1,337,309,1
2,114,50,0.5,0.1,0.15,0.1,1,1,2,100,"final","chessboard",168,2331,47,31,1,337,338,2
2,114,50,0.5,0.1,0.15,0.1,1,1,2,100,"final","chessboard",168,2331,47,31,1,337,342,8
2,114,50,0.5,0.1,0.15,0.1,1,1,2,100,"final","chessboard",168,2331,47,31,1,337,353,2
2,114,50,0.5,0.1,0.15,0.1,1,1,2,100,"final","chessboard",168,2331,47,31,1,337,354,3
2,114,50,0.5,0.1,0.15,0.1,1,1,2,100,"final","chessboard",168,2331,47,31,1,337,367,2
2,114,50,0.5,0.1,0.15,0.1,1,1,2,100,"final","chessboard",168,2331,47,31,1,337,370,2
2,114,50,0.5,0.1,0.15,0.1,1,1,2,100,"final","chessboard",168,2331,47,31,1,337,371,1
2,114,50,0.5,0.1,0.15,0.1,1,1,2,100,"final","chessboard",168,2331,47,31,1,337,379,1
2,114,50,0.5,0.1,0.15,0.1,1,1,2,100,"final","chessboard",168,2331,47,31,1,337,382,1
2,114,50,0.5,0.1,0.15,0.1,1,1,2,100,"final","chessboard",168,2331,47,31,1,337,386,3
2,114,50,0.5,0.1,0.15,0.1,1,1,2,100,"final","chessboard",168,2331,47,31,1,337,387,3
2,114,50,0.5,0.1,0.15,0.1,1,1,2,100,"final","chessboard",168,2331,47,31,1,337,388,5
2,114,50,0.5,0.1,0.15,0.1,1,1,2,100,"final","chessboard",168,2331,47,31,1,337,398,2
2,114,50,0.5,0.1,0.15,0.1,1,1,2,100,"final","chessboard",168,2331,47,31,1,337,414,1
2,114,50,0.5,0.1,0.15,0.1,1,1,2,100,"final","chessboard",168,2331,47,31,1,337,419,2
2,114,50,0.5,0.1,0.15,0.1,1,1,2,100,"final","chessboard",168,2331,47,31,1,337,421,1
2,114,50,0.5,0.1,0.15,0.1,1,1,2,100,"final","chessboard",168,2331,47,31,1,337,432,1
2,114,50,0.5,0.1,0.15,0.1,1,1,2,100,"final","chessboard",169,2374,48,24,1,337,309,3
2,114,50,0.5,0.1,0.15,0.1,1,1,2,100,"final","chessboard",169,2374,48,24,1,337,353,1
2,114,50,0.5,0.1,0.15,0.1,1,1,2,100,"final","chessboard",169,2374,48,24,1,337,376,1
2,114,50,0.5,0.1,0.15,0.1,1,1,2,100,"final","chessboard",169,2374,48,24,1,337,419,1
2,114,50,0.5,0.1,0.15,0.1,1,1,2,100,"final","chessboard",169,2374,48,24,1,337,465,1
2,114,50,0.5,0.1,0.15,0.1,1,1,2,100,"final","chessboard",170,2376,48,26,1,337,370,1
2,114,50,0.5,0.1,0.15,0.1,1,1,2,100,"final","chessboard",170,2376,48,26,1,337,382,1
2,114,50,0.5,0.1,0.15,0.1,1,1,2,100,"final","chessboard",170,2376,48,26,1,337,387,1
2,114,50,0.5,0.1,0.15,0.1,1,1,2,100,"final","chessboard",170,2376,48,26,1,337,396,2
2,114,50,0.5,0.1,0.15,0.1,1,1,2,100,"final","chessboard",170,2376,48,26,1,337,416,1
2,114,50,0.5,0.1,0.15,0.1,1,1,2,100,"final","chessboard",170,2376,48,26,1,337,426,1
2,114,50,0.5,0.1,0.15,0.1,1,1,2,100,"final","chessboard",170,2376,48,26,1,337,448,2
2,114,50,0.5,0.1,0.15,0.1,1,1,2,100,"final","chessboard",170,2376,48,26,1,337,460,2
2,114,50,0.5,0.1,0.15,0.1,1,1,2,100,"final","chessboard",170,2376,48,26,1,337,476,1
2,114,50,0.5,0.1,0.15,0.1,1,1,2,100,"final","chessboard",170,2376,48,26,1,337,481,5
2,114,50,0.5,0.1,0.15,0.1,1,1,2,100,"final","chessboard",170,2376,48,26,1,337,486,3
2,114,50,0.5,0.1,0.15,0.1,1,1,2,100,"final","chessboard",170,2376,48,26,1,337,491,3
2,114,50,0.5,0.1,0.15,0.1,1,1,2,100,"final","chessboard",170,2376,48,26,1,337,493,2
2,114,50,0.5,0.1,0.15,0.1,1,1,2,100,"final","chessboard",170,2376,48,26,1,337,497,1
2,114,50,0.5,0.1,0.15,0.1,1,1,2,100,"final","chessboard",170,2376,48,26,1,337,503,1
2,114,50,0.5,0.1,0.15,0.1,1,1,2,100,"final","chessboard",170,2376,48,26,1,337,506,2
2,114,50,0.5,0.1,0.15,0.1,1,1,2,100,"final","chessboard",170,2376,48,26,1,337,513,2
2,114,50,0.5,0.1,0.15,0.1,1,1,2,100,"final","chessboard",170,2376,48,26,1,337,526,3
2,114,50,0.5,0.1,0.15,0.1,1,1,2,100,"final","chessboard",170,2376,48,26,1,337,539,3
2,114,50,0.5,0.1,0.15,0.1,1,1,2,100,"final","chessboard",170,2376,48,26,1,337,553,2
2,114,50,0.5,0.1,0.15,0.1,1,1,2,100,"final","chessboard",170,2376,48,26,1,337,576,1
2,114,50,0.5,0.1,0.15,0.1,1,1,2,100,"final","chessboard",170,2376,48,26,1,337,580,1
2,114,50,0.5,0.1,0.15,0.1,1,1,2,100,"final","chessboard",171,2378,48,28,1,337,341,2
2,114,50,0.5,0.1,0.15,0.1,1,1,2,100,"final","chessboard",171,2378,48,28,1,337,342,1
2,114,50,0.5,0.1,0.15,0.1,1,1,2,100,"final","chessboard",171,2378,48,28,1,337,353,1
2,114,50,0.5,0.1,0.15,0.1,1,1,2,100,"final","chessboard",171,2378,48,28,1,337,379,3
2,114,50,0.5,0.1,0.15,0.1,1,1,2,100,"final","chessboard",171,2378,48,28,1,337,386,1
2,114,50,0.5,0.1,0.15,0.1,1,1,2,100,"final","chessboard",171,2378,48,28,1,337,387,4
2,114,50,0.5,0.1,0.15,0.1,1,1,2,100,"final","chessboard",171,2378,48,28,1,337,388,2
2,114,50,0.5,0.1,0.15,0.1,1,1,2,100,"final","chessboard",171,2378,48,28,1,337,398,1
2,114,50,0.5,0.1,0.15,0.1,1,1,2,100,"final","chessboard",171,2378,48,28,1,337,419,1
2,114,50,0.5,0.1,0.15,0.1,1,1,2,100,"final","chessboard",171,2378,48,28,1,337,421,2
2,114,50,0.5,0.1,0.15,0.1,1,1,2,100,"final","chessboard",171,2378,48,28,1,337,432,3
2,114,50,0.5,0.1,0.15,0.1,1,1,2,100,"final","chessboard",171,2378,48,28,1,337,446,2
2,114,50,0.5,0.1,0.15,0.1,1,1,2,100,"final","chessboard",171,2378,48,28,1,337,448,2
2,114,50,0.5,0.1,0.15,0.1,1,1,2,100,"final","chessboard",171,2378,48,28,1,337,453,1
2,114,50,0.5,0.1,0.15,0.1,1,1,2,100,"final","chessboard",171,2378,48,28,1,337,460,3
2,114,50,0.5,0.1,0.15,0.1,1,1,2,100,"final","chessboard",171,2378,48,28,1,337,479,1
2,114,50,0.5,0.1,0.15,0.1,1,1,2,100,"final","chessboard",171,2378,48,28,1,337,481,5
2,114,50,0.5,0.1,0.15,0.1,1,1,2,100,"final","chessboard",171,2378,48,28,1,337,490,1
2,114,50,0.5,0.1,0.15,0.1,1,1,2,100,"final","chessboard",171,2378,48,28,1,337,497,1
2,114,50,0.5,0.1,0.15,0.1,1,1,2,100,"final","chessboard",171,2378,48,28,1,337,506,1
2,114,50,0.5,0.1,0.15,0.1,1,1,2,100,"final","chessboard",171,2378,48,28,1,337,526,3
2,114,50,0.5,0.1,0.15,0.1,1,1,2,100,"final","chessboard",171,2378,48,28,1,337,539,1
2,114,50,0.5,0.1,0.15,0.1,1,1,2,100,"final","chessboard",171,2378,48,28,1,337,576,1
2,114,50,0.5,0.1,0.15,0.1,1,1,2,100,"final","chessboard",172,2380,48,30,1,337,539,1
2,114,50,0.5,0.1,0.15,0.1,1,1,2,100,"final","chessboard",173,2382,48,32,1,337,323,1
2,114,50,0.5,0.1,0.15,0.1,1,1,2,100,"final","chessboard",173,2382,48,32,1,337,332,1
2,114,50,0.5,0.1,0.15,0.1,1,1,2,100,"final","chessboard",173,2382,48,32,1,337,338,5
2,114,50,0.5,0.1,0.15,0.1,1,1,2,100,"final","chessboard",173,2382,48,32,1,337,342,4
2,114,50,0.5,0.1,0.15,0.1,1,1,2,100,"final","chessboard",173,2382,48,32,1,337,354,1
2,114,50,0.5,0.1,0.15,0.1,1,1,2,100,"final","chessboard",173,2382,48,32,1,337,367,1
2,114,50,0.5,0.1,0.15,0.1,1,1,2,100,"final","chessboard",173,2382,48,32,1,337,375,2
2,114,50,0.5,0.1,0.15,0.1,1,1,2,100,"final","chessboard",173,2382,48,32,1,337,379,2
2,114,50,0.5,0.1,0.15,0.1,1,1,2,100,"final","chessboard",173,2382,48,32,1,337,382,1
2,114,50,0.5,0.1,0.15,0.1,1,1,2,100,"final","chessboard",173,2382,48,32,1,337,386,2
2,114,50,0.5,0.1,0.15,0.1,1,1,2,100,"final","chessboard",173,2382,48,32,1,337,387,1
2,114,50,0.5,0.1,0.15,0.1,1,1,2,100,"final","chessboard",173,2382,48,32,1,337,388,4
2,114,50,0.5,0.1,0.15,0.1,1,1,2,100,"final","chessboard",173,2382,48,32,1,337,398,2
2,114,50,0.5,0.1,0.15,0.1,1,1,2,100,"final","chessboard",173,2382,48,32,1,337,414,1
2,114,50,0.5,0.1,0.15,0.1,1,1,2,100,"final","chessboard",173,2382,48,32,1,337,419,1
2,114,50,0.5,0.1,0.15,0.1,1,1,2,100,"final","chessboard",173,2382,48,32,1,337,460,3
2,114,50,0.5,0.1,0.15,0.1,1,1,2,100,"final","chessboard",173,2382,48,32,1,337,506,1
2,114,50,0.5,0.1,0.15,0.1,1,1,2,100,"final","chessboard",173,2382,48,32,1,337,519,1
2,114,50,0.5,0.1,0.15,0.1,1,1,2,100,"final","chessboard",174,2425,49,25,1,337,429,1
2,114,50,0.5,0.1,0.15,0.1,1,1,2,100,"final","chessboard",174,2425,49,25,1,337,432,1
2,114,50,0.5,0.1,0.15,0.1,1,1,2,100,"final","chessboard",174,2425,49,25,1,337,446,2
2,114,50,0.5,0.1,0.15,0.1,1,1,2,100,"final","chessboard",174,2425,49,25,1,337,453,1
2,114,50,0.5,0.1,0.15,0.1,1,1,2,100,"final","chessboard",174,2425,49,25,1,337,458,1
2,114,50,0.5,0.1,0.15,0.1,1,1,2,100,"final","chessboard",174,2425,49,25,1,337,460,4
2,114,50,0.5,0.1,0.15,0.1,1,1,2,100,"final","chessboard",174,2425,49,25,1,337,479,2
2,114,50,0.5,0.1,0.15,0.1,1,1,2,100,"final","chessboard",174,2425,49,25,1,337,481,1
2,114,50,0.5,0.1,0.15,0.1,1,1,2,100,"final","chessboard",174,2425,49,25,1,337,486,1
2,114,50,0.5,0.1,0.15,0.1,1,1,2,100,"final","chessboard",174,2425,49,25,1,337,493,2
2,114,50,0.5,0.1,0.15,0.1,1,1,2,100,"final","chessboard",174,2425,49,25,1,337,506,1
2,114,50,0.5,0.1,0.15,0.1,1,1,2,100,"final","chessboard",174,2425,49,25,1,337,513,1
2,114,50,0.5,0.1,0.15,0.1,1,1,2,100,"final","chessboard",174,2425,49,25,1,337,519,1
2,114,50,0.5,0.1,0.15,0.1,1,1,2,100,"final","chessboard",174,2425,49,25,1,337,526,8
2,114,50,0.5,0.1,0.15,0.1,1,1,2,100,"final","chessboard",174,2425,49,25,1,337,539,1
2,114,50,0.5,0.1,0.15,0.1,1,1,2,100,"final","chessboard",174,2425,49,25,1,337,553,5
2,114,50,0.5,0.1,0.15,0.1,1,1,2,100,"final","chessboard",174,2425,49,25,1,337,576,1
2,114,50,0.5,0.1,0.15,0.1,1,1,2,100,"final","chessboard",175,2427,49,27,1,337,382,1
2,114,50,0.5,0.1,0.15,0.1,1,1,2,100,"final","chessboard",175,2427,49,27,1,337,419,1
2,114,50,0.5,0.1,0.15,0.1,1,1,2,100,"final","chessboard",175,2427,49,27,1,337,448,2
2,114,50,0.5,0.1,0.15,0.1,1,1,2,100,"final","chessboard",175,2427,49,27,1,337,453,1
2,114,50,0.5,0.1,0.15,0.1,1,1,2,100,"final","chessboard",175,2427,49,27,1,337,460,2
2,114,50,0.5,0.1,0.15,0.1,1,1,2,100,"final","chessboard",175,2427,49,27,1,337,465,3
2,114,50,0.5,0.1,0.15,0.1,1,1,2,100,"final","chessboard",175,2427,49,27,1,337,476,4
2,114,50,0.5,0.1,0.15,0.1,1,1,2,100,"final","chessboard",175,2427,49,27,1,337,479,2
2,114,50,0.5,0.1,0.15,0.1,1,1,2,100,"final","chessboard",175,2427,49,27,1,337,481,6
2,114,50,0.5,0.1,0.15,0.1,1,1,2,100,"final","chessboard",175,2427,49,27,1,337,486,1
2,114,50,0.5,0.1,0.15,0.1,1,1,2,100,"final","chessboard",175,2427,49,27,1,337,497,1
2,114,50,0.5,0.1,0.15,0.1,1,1,2,100,"final","chessboard",175,2427,49,27,1,337,503,1
2,114,50,0.5,0.1,0.15,0.1,1,1,2,100,"final","chessboard",175,2427,49,27,1,337,519,1
2,114,50,0.5,0.1,0.15,0.1,1,1,2,100,"final","chessboard",175,2427,49,27,1,337,526,4
2,114,50,0.5,0.1,0.15,0.1,1,1,2,100,"final","chessboard",175,2427,49,27,1,337,542,4
2,114,50,0.5,0.1,0.15,0.1,1,1,2,100,"final","chessboard",175,2427,49,27,1,337,568,2
2,114,50,0.5,0.1,0.15,0.1,1,1,2,100,"final","chessboard",176,2429,49,29,1,337,309,1
2,114,50,0.5,0.1,0.15,0.1,1,1,2,100,"final","chessboard",176,2429,49,29,1,337,342,2
2,114,50,0.5,0.1,0.15,0.1,1,1,2,100,"final","chessboard",176,2429,49,29,1,337,353,1
2,114,50,0.5,0.1,0.15,0.1,1,1,2,100,"final","chessboard",176,2429,49,29,1,337,354,1
2,114,50,0.5,0.1,0.15,0.1,1,1,2,100,"final","chessboard",176,2429,49,29,1,337,367,1
2,114,50,0.5,0.1,0.15,0.1,1,1,2,100,"final","chessboard",176,2429,49,29,1,337,379,3
2,114,50,0.5,0.1,0.15,0.1,1,1,2,100,"final","chessboard",176,2429,49,29,1,337,386,3
2,114,50,0.5,0.1,0.15,0.1,1,1,2,100,"final","chessboard",176,2429,49,29,1,337,396,1
2,114,50,0.5,0.1,0.15,0.1,1,1,2,100,"final","chessboard",176,2429,49,29,1,337,398,3
2,114,50,0.5,0.1,0.15,0.1,1,1,2,100,"final","chessboard",176,2429,49,29,1,337,408,1
2,114,50,0.5,0.1,0.15,0.1,1,1,2,100,"final","chessboard",176,2429,49,29,1,337,419,1
2,114,50,0.5,0.1,0.15,0.1,1,1,2,100,"final","chessboard",176,2429,49,29,1,337,421,2
2,114,50,0.5,0.1,0.15,0.1,1,1,2,100,"final","chessboard",176,2429,49,29,1,337,435,3
2,114,50,0.5,0.1,0.15,0.1,1,1,2,100,"final","chessboard",176,2429,49,29,1,337,448,1
2,114,50,0.5,0.1,0.15,0.1,1,1,2,100,"final","chessboard",176,2429,49,29,1,337,453,1
2,114,50,0.5,0.1,0.15,0.1,1,1,2,100,"final","chessboard",176,2429,49,29,1,337,460,4
2,114,50,0.5,0.1,0.15,0.1,1,1,2,100,"final","chessboard",176,2429,49,29,1,337,476,2
2,114,50,0.5,0.1,0.15,0.1,1,1,2,100,"final","chessboard",176,2429,49,29,1,337,506,1
2,114,50,0.5,0.1,0.15,0.1,1,1,2,100,"final","chessboard",176,2429,49,29,1,337,539,1
2,114,50,0.5,0.1,0.15,0.1,1,1,2,100,"final","chessboard",176,2429,49,29,1,337,553,1
2,114,50,0.5,0.1,0.15,0.1,1,1,2,100,"final","chessboard",177,2431,49,31,1,337,332,1
2,114,50,0.5,0.1,0.15,0.1,1,1,2,100,"final","chessboard",177,2431,49,31,1,337,338,2
2,114,50,0.5,0.1,0.15,0.1,1,1,2,100,"final","chessboard",177,2431,49,31,1,337,341,2
2,114,50,0.5,0.1,0.15,0.1,1,1,2,100,"final","chessboard",177,2431,49,31,1,337,342,4
2,114,50,0.5,0.1,0.15,0.1,1,1,2,100,"final","chessboard",177,2431,49,31,1,337,354,1
2,114,50,0.5,0.1,0.15,0.1,1,1,2,100,"final","chessboard",177,2431,49,31,1,337,367,3
2,114,50,0.5,0.1,0.15,0.1,1,1,2,100,"final","chessboard",177,2431,49,31,1,337,388,1
2,114,50,0.5,0.1,0.15,0.1,1,1,2,100,"final","chessboard",177,2431,49,31,1,337,392,3
2,114,50,0.5,0.1,0.15,0.1,1,1,2,100,"final","chessboard",177,2431,49,31,1,337,398,2
2,114,50,0.5,0.1,0.15,0.1,1,1,2,100,"final","chessboard",177,2431,49,31,1,337,410,1
2,114,50,0.5,0.1,0.15,0.1,1,1,2,100,"final","chessboard",177,2431,49,31,1,337,415,1
2,114,50,0.5,0.1,0.15,0.1,1,1,2,100,"final","chessboard",177,2431,49,31,1,337,416,1
2,114,50,0.5,0.1,0.15,0.1,1,1,2,100,"final","chessboard",177,2431,49,31,1,337,419,5
2,114,50,0.5,0.1,0.15,0.1,1,1,2,100,"final","chessboard",177,2431,49,31,1,337,422,4
2,114,50,0.5,0.1,0.15,0.1,1,1,2,100,"final","chessboard",177,2431,49,31,1,337,448,1
2,114,50,0.5,0.1,0.15,0.1,1,1,2,100,"final","chessboard",177,2431,49,31,1,337,460,1
2,114,50,0.5,0.1,0.15,0.1,1,1,2,100,"final","chessboard",177,2431,49,31,1,337,465,1
2,114,50,0.5,0.1,0.15,0.1,1,1,2,100,"final","chessboard",177,2431,49,31,1,337,519,1
2,114,50,0.5,0.1,0.15,0.1,1,1,2,100,"final","chessboard",177,2431,49,31,1,337,526,1
2,114,50,0.5,0.1,0.15,0.1,1,1,2,100,"final","chessboard",178,2476,50,26,1,337,460,1
2,114,50,0.5,0.1,0.15,0.1,1,1,2,100,"final","chessboard",178,2476,50,26,1,337,481,1
2,114,50,0.5,0.1,0.15,0.1,1,1,2,100,"final","chessboard",178,2476,50,26,1,337,526,1
2,114,50,0.5,0.1,0.15,0.1,1,1,2,100,"final","chessboard",178,2476,50,26,1,337,539,1
2,114,50,0.5,0.1,0.15,0.1,1,1,2,100,"final","chessboard",178,2476,50,26,1,337,553,4
2,114,50,0.5,0.1,0.15,0.1,1,1,2,100,"final","chessboard",178,2476,50,26,1,337,580,1
2,114,50,0.5,0.1,0.15,0.1,1,1,2,100,"final","chessboard",179,2478,50,28,1,337,419,1
2,114,50,0.5,0.1,0.15,0.1,1,1,2,100,"final","chessboard",179,2478,50,28,1,337,460,2
2,114,50,0.5,0.1,0.15,0.1,1,1,2,100,"final","chessboard",179,2478,50,28,1,337,465,2
2,114,50,0.5,0.1,0.15,0.1,1,1,2,100,"final","chessboard",179,2478,50,28,1,337,481,1
2,114,50,0.5,0.1,0.15,0.1,1,1,2,100,"final","chessboard",179,2478,50,28,1,337,506,2
2,114,50,0.5,0.1,0.15,0.1,1,1,2,100,"final","chessboard",179,2478,50,28,1,337,539,4
2,114,50,0.5,0.1,0.15,0.1,1,1,2,100,"final","chessboard",179,2478,50,28,1,337,553,2
2,114,50,0.5,0.1,0.15,0.1,1,1,2,100,"final","chessboard",179,2478,50,28,1,337,580,1
