sim_id,master_seed,grid_size,fragmentation,ac_amount,habitat,niche_breadth,edge_effect,dispersal,dispersal_dist,step,step_label,samp_method,sample_id,cell_id,x_loc,y_loc,patch_id,patch_size,species_id,n
11,123,50,0.5,0.7,0.15,0.1,1,1,2,40,"post_fragmentation","random",1,1889,38,39,11,157,293,1
11,123,50,0.5,0.7,0.15,0.1,1,1,2,40,"post_fragmentation","random",1,1889,38,39,11,157,316,1
11,123,50,0.5,0.7,0.15,0.1,1,1,2,40,"post_fragmentation","random",1,1889,38,39,11,157,317,1
11,123,50,0.5,0.7,0.15,0.1,1,1,2,40,"post_fragmentation","random",1,1889,38,39,11,157,318,1
11,123,50,0.5,0.7,0.15,0.1,1,1,2,40,"post_fragmentation","random",1,1889,38,39,11,157,320,1
11,123,50,0.5,0.7,0.15,0.1,1,1,2,40,"post_fragmentation","random",1,1889,38,39,11,157,322,1
11,123,50,0.5,0.7,0.15,0.1,1,1,2,40,"post_fragmentation","random",1,1889,38,39,11,157,327,1
11,123,50,0.5,0.7,0.15,0.1,1,1,2,40,"post_fragmentation","random",1,1889,38,39,11,157,337,2
11,123,50,0.5,0.7,0.15,0.1,1,1,2,40,"post_fragmentation","random",1,1889,38,39,11,157,343,1
11,123,50,0.5,0.7,0.15,0.1,1,1,2,40,"post_fragmentation","random",1,1889,38,39,11,157,346,2
11,123,50,0.5,0.7,0.15,0.1,1,1,2,40,"post_fragmentation","random",1,1889,38,39,11,157,349,1
11,123,50,0.5,0.7,0.15,0.1,1,1,2,40,"post_fragmentation","random",1,1889,38,39,11,157,350,1
11,123,50,0.5,0.7,0.15,0.1,1,1,2,40,"post_fragmentation","random",1,1889,38,39,11,157,359,1
11,123,50,0.5,0.7,0.15,0.1,1,1,2,40,"post_fragmentation","random",1,1889,38,39,11,157,361,1
11,123,50,0.5,0.7,0.15,0.1,1,1,2,40,"post_fragmentation","random",1,1889,38,39,11,157,369,2
11,123,50,0.5,0.7,0.15,0.1,1,1,2,40,"post_fragmentation","random",1,1889,38,39,11,157,373,2
11,123,50,0.5,0.7,0.15,0.1,1,1,2,40,"post_fragmentation","random",1,1889,38,39,11,157,377,1
11,123,50,0.5,0.7,0.15,0.1,1,1,2,40,"post_fragmentation","random",1,1889,38,39,11,157,383,1
11,123,50,0.5,0.7,0.15,0.1,1,1,2,40,"post_fragmentation","random",1,1889,38,39,11,157,390,6
11,123,50,0.5,0.7,0.15,0.1,1,1,2,40,"post_fragmentation","random",1,1889,38,39,11,157,399,2
11,123,50,0.5,0.7,0.15,0.1,1,1,2,40,"post_fragmentation","random",1,1889,38,39,11,157,404,1
11,123,50,0.5,0.7,0.15,0.1,1,1,2,40,"post_fragmentation","random",1,1889,38,39,11,157,410,1
11,123,50,0.5,0.7,0.15,0.1,1,1,2,40,"post_fragmentation","random",1,1889,38,39,11,157,411,2
11,123,50,0.5,0.7,0.15,0.1,1,1,2,40,"post_fragmentation","random",1,1889,38,39,11,157,414,1
11,123,50,0.5,0.7,0.15,0.1,1,1,2,40,"post_fragmentation","random",1,1889,38,39,11,157,447,1
11,123,50,0.5,0.7,0.15,0.1,1,1,2,40,"post_fragmentation","random",1,1889,38,39,11,157,455,1
11,123,50,0.5,0.7,0.15,0.1,1,1,2,40,"post_fragmentation","random",1,1889,38,39,11,157,470,1
11,123,50,0.5,0.7,0.15,0.1,1,1,2,40,"post_fragmentation","random",2,1391,28,41,11,157,145,1
11,123,50,0.5,0.7,0.15,0.1,1,1,2,40,"post_fragmentation","random",2,1391,28,41,11,157,151,1
11,123,50,0.5,0.7,0.15,0.1,1,1,2,40,"post_fragmentation","random",2,1391,28,41,11,157,159,2
11,123,50,0.5,0.7,0.15,0.1,1,1,2,40,"post_fragmentation","random",2,1391,28,41,11,157,198,1
11,123,50,0.5,0.7,0.15,0.1,1,1,2,40,"post_fragmentation","random",2,1391,28,41,11,157,201,2
11,123,50,0.5,0.7,0.15,0.1,1,1,2,40,"post_fragmentation","random",2,1391,28,41,11,157,225,1
11,123,50,0.5,0.7,0.15,0.1,1,1,2,40,"post_fragmentation","random",2,1391,28,41,11,157,229,1
11,123,50,0.5,0.7,0.15,0.1,1,1,2,40,"post_fragmentation","random",2,1391,28,41,11,157,241,1
11,123,50,0.5,0.7,0.15,0.1,1,1,2,40,"post_fragmentation","random",2,1391,28,41,11,157,246,1
11,123,50,0.5,0.7,0.15,0.1,1,1,2,40,"post_fragmentation","random",2,1391,28,41,11,157,265,4
11,123,50,0.5,0.7,0.15,0.1,1,1,2,40,"post_fragmentation","random",2,1391,28,41,11,157,266,1
11,123,50,0.5,0.7,0.15,0.1,1,1,2,40,"post_fragmentation","random",2,1391,28,41,11,157,273,1
11,123,50,0.5,0.7,0.15,0.1,1,1,2,40,"post_fragmentation","random",2,1391,28,41,11,157,281,3
11,123,50,0.5,0.7,0.15,0.1,1,1,2,40,"post_fragmentation","random",2,1391,28,41,11,157,283,1
11,123,50,0.5,0.7,0.15,0.1,1,1,2,40,"post_fragmentation","random",2,1391,28,41,11,157,295,2
11,123,50,0.5,0.7,0.15,0.1,1,1,2,40,"post_fragmentation","random",2,1391,28,41,11,157,305,1
11,123,50,0.5,0.7,0.15,0.1,1,1,2,40,"post_fragmentation","random",2,1391,28,41,11,157,309,1
11,123,50,0.5,0.7,0.15,0.1,1,1,2,40,"post_fragmentation","random",2,1391,28,41,11,157,310,3
11,123,50,0.5,0.7,0.15,0.1,1,1,2,40,"post_fragmentation","random",2,1391,28,41,11,157,314,1
11,123,50,0.5,0.7,0.15,0.1,1,1,2,40,"post_fragmentation","random",2,1391,28,41,11,157,318,1
11,123,50,0.5,0.7,0.15,0.1,1,1,2,40,"post_fragmentation","random",2,1391,28,41,11,157,322,3
11,123,50,0.5,0.7,0.15,0.1,1,1,2,40,"post_fragmentation","random",2,1391,28,41,11,157,350,1
11,123,50,0.5,0.7,0.15,0.1,1,1,2,40,"post_fragmentation","random",2,1391,28,41,11,157,356,1
11,123,50,0.5,0.7,0.15,0.1,1,1,2,40,"post_fragmentation","random",2,1391,28,41,11,157,395,1
11,123,50,0.5,0.7,0.15,0.1,1,1,2,40,"post_fragmentation","random",3,2168,44,18,15,93,340,1
11,123,50,0.5,0.7,0.15,0.1,1,1,2,40,"post_fragmentation","random",3,2168,44,18,15,93,342,1
11,123,50,0.5,0.7,0.15,0.1,1,1,2,40,"post_fragmentation","random",3,2168,44,18,15,93,343,1
11,123,50,0.5,0.7,0.15,0.1,1,1,2,40,"post_fragmentation","random",3,2168,44,18,15,93,373,1
11,123,50,0.5,0.7,0.15,0.1,1,1,2,40,"post_fragmentation","random",3,2168,44,18,15,93,379,1
11,123,50,0.5,0.7,0.15,0.1,1,1,2,40,"post_fragmentation","random",3,2168,44,18,15,93,389,1
11,123,50,0.5,0.7,0.15,0.1,1,1,2,40,"post_fragmentation","random",3,2168,44,18,15,93,414,1
11,123,50,0.5,0.7,0.15,0.1,1,1,2,40,"post_fragmentation","random",3,2168,44,18,15,93,417,2
11,123,50,0.5,0.7,0.15,0.1,1,1,2,40,"post_fragmentation","random",3,2168,44,18,15,93,420,1
11,123,50,0.5,0.7,0.15,0.1,1,1,2,40,"post_fragmentation","random",3,2168,44,18,15,93,427,2
11,123,50,0.5,0.7,0.15,0.1,1,1,2,40,"post_fragmentation","random",3,2168,44,18,15,93,430,3
11,123,50,0.5,0.7,0.15,0.1,1,1,2,40,"post_fragmentation","random",3,2168,44,18,15,93,431,3
11,123,50,0.5,0.7,0.15,0.1,1,1,2,40,"post_fragmentation","random",3,2168,44,18,15,93,436,2
11,123,50,0.5,0.7,0.15,0.1,1,1,2,40,"post_fragmentation","random",3,2168,44,18,15,93,454,2
11,123,50,0.5,0.7,0.15,0.1,1,1,2,40,"post_fragmentation","random",3,2168,44,18,15,93,456,3
11,123,50,0.5,0.7,0.15,0.1,1,1,2,40,"post_fragmentation","random",3,2168,44,18,15,93,467,1
11,123,50,0.5,0.7,0.15,0.1,1,1,2,40,"post_fragmentation","random",3,2168,44,18,15,93,477,1
11,123,50,0.5,0.7,0.15,0.1,1,1,2,40,"post_fragmentation","random",3,2168,44,18,15,93,478,1
11,123,50,0.5,0.7,0.15,0.1,1,1,2,40,"post_fragmentation","random",3,2168,44,18,15,93,488,3
11,123,50,0.5,0.7,0.15,0.1,1,1,2,40,"post_fragmentation","random",3,2168,44,18,15,93,494,1
11,123,50,0.5,0.7,0.15,0.1,1,1,2,40,"post_fragmentation","random",3,2168,44,18,15,93,501,4
11,123,50,0.5,0.7,0.15,0.1,1,1,2,40,"post_fragmentation","random",3,2168,44,18,15,93,533,2
11,123,50,0.5,0.7,0.15,0.1,1,1,2,40,"post_fragmentation","random",3,2168,44,18,15,93,538,1
11,123,50,0.5,0.7,0.15,0.1,1,1,2,40,"post_fragmentation","random",3,2168,44,18,15,93,559,1
11,123,50,0.5,0.7,0.15,0.1,1,1,2,40,"post_fragmentation","random",3,2168,44,18,15,93,591,1
11,123,50,0.5,0.7,0.15,0.1,1,1,2,40,"post_fragmentation","random",4,910,19,10,7,38,330,2
11,123,50,0.5,0.7,0.15,0.1,1,1,2,40,"post_fragmentation","random",4,910,19,10,7,38,440,1
11,123,50,0.5,0.7,0.15,0.1,1,1,2,40,"post_fragmentation","random",4,910,19,10,7,38,446,2
11,123,50,0.5,0.7,0.15,0.1,1,1,2,40,"post_fragmentation","random",4,910,19,10,7,38,447,5
11,123,50,0.5,0.7,0.15,0.1,1,1,2,40,"post_fragmentation","random",4,910,19,10,7,38,452,1
11,123,50,0.5,0.7,0.15,0.1,1,1,2,40,"post_fragmentation","random",4,910,19,10,7,38,456,2
11,123,50,0.5,0.7,0.15,0.1,1,1,2,40,"post_fragmentation","random",4,910,19,10,7,38,464,1
11,123,50,0.5,0.7,0.15,0.1,1,1,2,40,"post_fragmentation","random",4,910,19,10,7,38,472,2
11,123,50,0.5,0.7,0.15,0.1,1,1,2,40,"post_fragmentation","random",4,910,19,10,7,38,473,1
11,123,50,0.5,0.7,0.15,0.1,1,1,2,40,"post_fragmentation","random",4,910,19,10,7,38,481,3
11,123,50,0.5,0.7,0.15,0.1,1,1,2,40,"post_fragmentation","random",4,910,19,10,7,38,482,2
11,123,50,0.5,0.7,0.15,0.1,1,1,2,40,"post_fragmentation","random",4,910,19,10,7,38,495,1
11,123,50,0.5,0.7,0.15,0.1,1,1,2,40,"post_fragmentation","random",4,910,19,10,7,38,500,1
11,123,50,0.5,0.7,0.15,0.1,1,1,2,40,"post_fragmentation","random",4,910,19,10,7,38,508,1
11,123,50,0.5,0.7,0.15,0.1,1,1,2,40,"post_fragmentation","random",4,910,19,10,7,38,524,1
11,123,50,0.5,0.7,0.15,0.1,1,1,2,40,"post_fragmentation","random",4,910,19,10,7,38,542,2
11,123,50,0.5,0.7,0.15,0.1,1,1,2,40,"post_fragmentation","random",4,910,19,10,7,38,545,1
11,123,50,0.5,0.7,0.15,0.1,1,1,2,40,"post_fragmentation","random",4,910,19,10,7,38,569,1
11,123,50,0.5,0.7,0.15,0.1,1,1,2,40,"post_fragmentation","random",4,910,19,10,7,38,577,2
11,123,50,0.5,0.7,0.15,0.1,1,1,2,40,"post_fragmentation","random",4,910,19,10,7,38,588,2
11,123,50,0.5,0.7,0.15,0.1,1,1,2,40,"post_fragmentation","random",4,910,19,10,7,38,601,1
11,123,50,0.5,0.7,0.15,0.1,1,1,2,40,"post_fragmentation","random",4,910,19,10,7,38,612,1
11,123,50,0.5,0.7,0.15,0.1,1,1,2,40,"post_fragmentation","random",4,910,19,10,7,38,621,2
11,123,50,0.5,0.7,0.15,0.1,1,1,2,40,"post_fragmentation","random",4,910,19,10,7,38,631,2
11,123,50,0.5,0.7,0.15,0.1,1,1,2,40,"post_fragmentation","random",4,910,19,10,7,38,636,1
11,123,50,0.5,0.7,0.15,0.1,1,1,2,40,"post_fragmentation","random",5,2423,49,23,2,23,523,1
11,123,50,0.5,0.7,0.15,0.1,1,1,2,40,"post_fragmentation","random",5,2423,49,23,2,23,535,2
11,123,50,0.5,0.7,0.15,0.1,1,1,2,40,"post_fragmentation","random",5,2423,49,23,2,23,550,1
11,123,50,0.5,0.7,0.15,0.1,1,1,2,40,"post_fragmentation","random",5,2423,49,23,2,23,558,1
11,123,50,0.5,0.7,0.15,0.1,1,1,2,40,"post_fragmentation","random",5,2423,49,23,2,23,568,2
11,123,50,0.5,0.7,0.15,0.1,1,1,2,40,"post_fragmentation","random",5,2423,49,23,2,23,569,3
11,123,50,0.5,0.7,0.15,0.1,1,1,2,40,"post_fragmentation","random",5,2423,49,23,2,23,588,1
11,123,50,0.5,0.7,0.15,0.1,1,1,2,40,"post_fragmentation","random",5,2423,49,23,2,23,591,1
11,123,50,0.5,0.7,0.15,0.1,1,1,2,40,"post_fragmentation","random",5,2423,49,23,2,23,605,1
11,123,50,0.5,0.7,0.15,0.1,1,1,2,40,"post_fragmentation","random",5,2423,49,23,2,23,615,1
11,123,50,0.5,0.7,0.15,0.1,1,1,2,40,"post_fragmentation","random",5,2423,49,23,2,23,632,2
11,123,50,0.5,0.7,0.15,0.1,1,1,2,40,"post_fragmentation","random",5,2423,49,23,2,23,638,5
11,123,50,0.5,0.7,0.15,0.1,1,1,2,40,"post_fragmentation","random",5,2423,49,23,2,23,644,2
11,123,50,0.5,0.7,0.15,0.1,1,1,2,40,"post_fragmentation","random",5,2423,49,23,2,23,647,1
11,123,50,0.5,0.7,0.15,0.1,1,1,2,40,"post_fragmentation","random",5,2423,49,23,2,23,648,2
11,123,50,0.5,0.7,0.15,0.1,1,1,2,40,"post_fragmentation","random",5,2423,49,23,2,23,651,1
11,123,50,0.5,0.7,0.15,0.1,1,1,2,40,"post_fragmentation","random",5,2423,49,23,2,23,654,2
11,123,50,0.5,0.7,0.15,0.1,1,1,2,40,"post_fragmentation","random",5,2423,49,23,2,23,674,1
11,123,50,0.5,0.7,0.15,0.1,1,1,2,40,"post_fragmentation","random",5,2423,49,23,2,23,684,1
11,123,50,0.5,0.7,0.15,0.1,1,1,2,40,"post_fragmentation","random",5,2423,49,23,2,23,687,1
11,123,50,0.5,0.7,0.15,0.1,1,1,2,40,"post_fragmentation","random",5,2423,49,23,2,23,700,1
11,123,50,0.5,0.7,0.15,0.1,1,1,2,40,"post_fragmentation","random",5,2423,49,23,2,23,705,1
11,123,50,0.5,0.7,0.15,0.1,1,1,2,40,"post_fragmentation","random",5,2423,49,23,2,23,718,1
11,123,50,0.5,0.7,0.15,0.1,1,1,2,40,"post_fragmentation","random",5,2423,49,23,2,23,731,2
11,123,50,0.5,0.7,0.15,0.1,1,1,2,40,"post_fragmentation","random",5,2423,49,23,2,23,734,1
11,123,50,0.5,0.7,0.15,0.1,1,1,2,40,"post_fragmentation","random",5,2423,49,23,2,23,742,1
11,123,50,0.5,0.7,0.15,0.1,1,1,2,40,"post_fragmentation","random",5,2423,49,23,2,23,743,1
11,123,50,0.5,0.7,0.15,0.1,1,1,2,40,"post_fragmentation","random",5,2423,49,23,2,23,759,1
11,123,50,0.5,0.7,0.15,0.1,1,1,2,40,"post_fragmentation","random",6,416,9,16,4,16,649,1
11,123,50,0.5,0.7,0.15,0.1,1,1,2,40,"post_fragmentation","random",6,416,9,16,4,16,679,1
11,123,50,0.5,0.7,0.15,0.1,1,1,2,40,"post_fragmentation","random",6,416,9,16,4,16,694,1
11,123,50,0.5,0.7,0.15,0.1,1,1,2,40,"post_fragmentation","random",6,416,9,16,4,16,714,1
11,123,50,0.5,0.7,0.15,0.1,1,1,2,40,"post_fragmentation","random",6,416,9,16,4,16,716,1
11,123,50,0.5,0.7,0.15,0.1,1,1,2,40,"post_fragmentation","random",6,416,9,16,4,16,737,1
11,123,50,0.5,0.7,0.15,0.1,1,1,2,40,"post_fragmentation","random",6,416,9,16,4,16,744,1
11,123,50,0.5,0.7,0.15,0.1,1,1,2,40,"post_fragmentation","random",6,416,9,16,4,16,745,1
11,123,50,0.5,0.7,0.15,0.1,1,1,2,40,"post_fragmentation","random",6,416,9,16,4,16,746,2
11,123,50,0.5,0.7,0.15,0.1,1,1,2,40,"post_fragmentation","random",6,416,9,16,4,16,747,1
11,123,50,0.5,0.7,0.15,0.1,1,1,2,40,"post_fragmentation","random",6,416,9,16,4,16,749,2
11,123,50,0.5,0.7,0.15,0.1,1,1,2,40,"post_fragmentation","random",6,416,9,16,4,16,769,2
11,123,50,0.5,0.7,0.15,0.1,1,1,2,40,"post_fragmentation","random",6,416,9,16,4,16,775,1
11,123,50,0.5,0.7,0.15,0.1,1,1,2,40,"post_fragmentation","random",6,416,9,16,4,16,781,2
11,123,50,0.5,0.7,0.15,0.1,1,1,2,40,"post_fragmentation","random",6,416,9,16,4,16,794,1
11,123,50,0.5,0.7,0.15,0.1,1,1,2,40,"post_fragmentation","random",6,416,9,16,4,16,800,1
11,123,50,0.5,0.7,0.15,0.1,1,1,2,40,"post_fragmentation","random",6,416,9,16,4,16,806,1
11,123,50,0.5,0.7,0.15,0.1,1,1,2,40,"post_fragmentation","random",6,416,9,16,4,16,808,2
11,123,50,0.5,0.7,0.15,0.1,1,1,2,40,"post_fragmentation","random",6,416,9,16,4,16,815,1
11,123,50,0.5,0.7,0.15,0.1,1,1,2,40,"post_fragmentation","random",6,416,9,16,4,16,816,1
11,123,50,0.5,0.7,0.15,0.1,1,1,2,40,"post_fragmentation","random",6,416,9,16,4,16,820,2
11,123,50,0.5,0.7,0.15,0.1,1,1,2,40,"post_fragmentation","random",6,416,9,16,4,16,826,1
11,123,50,0.5,0.7,0.15,0.1,1,1,2,40,"post_fragmentation","random",6,416,9,16,4,16,843,1
11,123,50,0.5,0.7,0.15,0.1,1,1,2,40,"post_fragmentation","random",6,416,9,16,4,16,856,1
11,123,50,0.5,0.7,0.15,0.1,1,1,2,40,"post_fragmentation","random",6,416,9,16,4,16,893,3
11,123,50,0.5,0.7,0.15,0.1,1,1,2,40,"post_fragmentation","random",7,806,17,6,7,38,298,1
11,123,50,0.5,0.7,0.15,0.1,1,1,2,40,"post_fragmentation","random",7,806,17,6,7,38,355,1
11,123,50,0.5,0.7,0.15,0.1,1,1,2,40,"post_fragmentation","random",7,806,17,6,7,38,361,1
11,123,50,0.5,0.7,0.15,0.1,1,1,2,40,"post_fragmentation","random",7,806,17,6,7,38,370,1
11,123,50,0.5,0.7,0.15,0.1,1,1,2,40,"post_fragmentation","random",7,806,17,6,7,38,373,1
11,123,50,0.5,0.7,0.15,0.1,1,1,2,40,"post_fragmentation","random",7,806,17,6,7,38,400,3
11,123,50,0.5,0.7,0.15,0.1,1,1,2,40,"post_fragmentation","random",7,806,17,6,7,38,402,1
11,123,50,0.5,0.7,0.15,0.1,1,1,2,40,"post_fragmentation","random",7,806,17,6,7,38,422,2
11,123,50,0.5,0.7,0.15,0.1,1,1,2,40,"post_fragmentation","random",7,806,17,6,7,38,433,5
11,123,50,0.5,0.7,0.15,0.1,1,1,2,40,"post_fragmentation","random",7,806,17,6,7,38,434,1
11,123,50,0.5,0.7,0.15,0.1,1,1,2,40,"post_fragmentation","random",7,806,17,6,7,38,440,1
11,123,50,0.5,0.7,0.15,0.1,1,1,2,40,"post_fragmentation","random",7,806,17,6,7,38,441,2
11,123,50,0.5,0.7,0.15,0.1,1,1,2,40,"post_fragmentation","random",7,806,17,6,7,38,444,1
11,123,50,0.5,0.7,0.15,0.1,1,1,2,40,"post_fragmentation","random",7,806,17,6,7,38,446,1
11,123,50,0.5,0.7,0.15,0.1,1,1,2,40,"post_fragmentation","random",7,806,17,6,7,38,447,1
11,123,50,0.5,0.7,0.15,0.1,1,1,2,40,"post_fragmentation","random",7,806,17,6,7,38,464,2
11,123,50,0.5,0.7,0.15,0.1,1,1,2,40,"post_fragmentation","random",7,806,17,6,7,38,473,1
11,123,50,0.5,0.7,0.15,0.1,1,1,2,40,"post_fragmentation","random",7,806,17,6,7,38,482,3
11,123,50,0.5,0.7,0.15,0.1,1,1,2,40,"post_fragmentation","random",7,806,17,6,7,38,486,3
11,123,50,0.5,0.7,0.15,0.1,1,1,2,40,"post_fragmentation","random",7,806,17,6,7,38,500,1
11,123,50,0.5,0.7,0.15,0.1,1,1,2,40,"post_fragmentation","random",7,806,17,6,7,38,512,1
11,123,50,0.5,0.7,0.15,0.1,1,1,2,40,"post_fragmentation","random",7,806,17,6,7,38,513,1
11,123,50,0.5,0.7,0.15,0.1,1,1,2,40,"post_fragmentation","random",7,806,17,6,7,38,532,1
11,123,50,0.5,0.7,0.15,0.1,1,1,2,40,"post_fragmentation","random",7,806,17,6,7,38,545,1
11,123,50,0.5,0.7,0.15,0.1,1,1,2,40,"post_fragmentation","random",7,806,17,6,7,38,582,1
11,123,50,0.5,0.7,0.15,0.1,1,1,2,40,"post_fragmentation","random",7,806,17,6,7,38,636,1
11,123,50,0.5,0.7,0.15,0.1,1,1,2,40,"post_fragmentation","random",7,806,17,6,7,38,640,1
11,123,50,0.5,0.7,0.15,0.1,1,1,2,40,"post_fragmentation","random",8,1345,27,45,11,157,16,1
11,123,50,0.5,0.7,0.15,0.1,1,1,2,40,"post_fragmentation","random",8,1345,27,45,11,157,26,1
11,123,50,0.5,0.7,0.15,0.1,1,1,2,40,"post_fragmentation","random",8,1345,27,45,11,157,65,1
11,123,50,0.5,0.7,0.15,0.1,1,1,2,40,"post_fragmentation","random",8,1345,27,45,11,157,72,3
11,123,50,0.5,0.7,0.15,0.1,1,1,2,40,"post_fragmentation","random",8,1345,27,45,11,157,75,2
11,123,50,0.5,0.7,0.15,0.1,1,1,2,40,"post_fragmentation","random",8,1345,27,45,11,157,77,1
11,123,50,0.5,0.7,0.15,0.1,1,1,2,40,"post_fragmentation","random",8,1345,27,45,11,157,79,1
11,123,50,0.5,0.7,0.15,0.1,1,1,2,40,"post_fragmentation","random",8,1345,27,45,11,157,80,1
11,123,50,0.5,0.7,0.15,0.1,1,1,2,40,"post_fragmentation","random",8,1345,27,45,11,157,83,1
11,123,50,0.5,0.7,0.15,0.1,1,1,2,40,"post_fragmentation","random",8,1345,27,45,11,157,110,1
11,123,50,0.5,0.7,0.15,0.1,1,1,2,40,"post_fragmentation","random",8,1345,27,45,11,157,115,2
11,123,50,0.5,0.7,0.15,0.1,1,1,2,40,"post_fragmentation","random",8,1345,27,45,11,157,129,2
11,123,50,0.5,0.7,0.15,0.1,1,1,2,40,"post_fragmentation","random",8,1345,27,45,11,157,134,1
11,123,50,0.5,0.7,0.15,0.1,1,1,2,40,"post_fragmentation","random",8,1345,27,45,11,157,138,1
11,123,50,0.5,0.7,0.15,0.1,1,1,2,40,"post_fragmentation","random",8,1345,27,45,11,157,140,1
11,123,50,0.5,0.7,0.15,0.1,1,1,2,40,"post_fragmentation","random",8,1345,27,45,11,157,144,3
11,123,50,0.5,0.7,0.15,0.1,1,1,2,40,"post_fragmentation","random",8,1345,27,45,11,157,151,1
11,123,50,0.5,0.7,0.15,0.1,1,1,2,40,"post_fragmentation","random",8,1345,27,45,11,157,157,1
11,123,50,0.5,0.7,0.15,0.1,1,1,2,40,"post_fragmentation","random",8,1345,27,45,11,157,159,1
11,123,50,0.5,0.7,0.15,0.1,1,1,2,40,"post_fragmentation","random",8,1345,27,45,11,157,161,2
11,123,50,0.5,0.7,0.15,0.1,1,1,2,40,"post_fragmentation","random",8,1345,27,45,11,157,162,1
11,123,50,0.5,0.7,0.15,0.1,1,1,2,40,"post_fragmentation","random",8,1345,27,45,11,157,196,1
11,123,50,0.5,0.7,0.15,0.1,1,1,2,40,"post_fragmentation","random",8,1345,27,45,11,157,200,1
11,123,50,0.5,0.7,0.15,0.1,1,1,2,40,"post_fragmentation","random",8,1345,27,45,11,157,211,1
11,123,50,0.5,0.7,0.15,0.1,1,1,2,40,"post_fragmentation","random",8,1345,27,45,11,157,218,1
11,123,50,0.5,0.7,0.15,0.1,1,1,2,40,"post_fragmentation","random",8,1345,27,45,11,157,225,1
11,123,50,0.5,0.7,0.15,0.1,1,1,2,40,"post_fragmentation","random",8,1345,27,45,11,157,226,1
11,123,50,0.5,0.7,0.15,0.1,1,1,2,40,"post_fragmentation","random",8,1345,27,45,11,157,232,1
11,123,50,0.5,0.7,0.15,0.1,1,1,2,40,"post_fragmentation","random",8,1345,27,45,11,157,255,1
11,123,50,0.5,0.7,0.15,0.1,1,1,2,40,"post_fragmentation","random",8,1345,27,45,11,157,283,1
11,123,50,0.5,0.7,0.15,0.1,1,1,2,40,"post_fragmentation","random",8,1345,27,45,11,157,293,1
11,123,50,0.5,0.7,0.15,0.1,1,1,2,40,"post_fragmentation","random",9,1868,38,18,15,93,314,1
11,123,50,0.5,0.7,0.15,0.1,1,1,2,40,"post_fragmentation","random",9,1868,38,18,15,93,324,4
11,123,50,0.5,0.7,0.15,0.1,1,1,2,40,"post_fragmentation","random",9,1868,38,18,15,93,373,1
11,123,50,0.5,0.7,0.15,0.1,1,1,2,40,"post_fragmentation","random",9,1868,38,18,15,93,377,1
11,123,50,0.5,0.7,0.15,0.1,1,1,2,40,"post_fragmentation","random",9,1868,38,18,15,93,379,1
11,123,50,0.5,0.7,0.15,0.1,1,1,2,40,"post_fragmentation","random",9,1868,38,18,15,93,382,1
11,123,50,0.5,0.7,0.15,0.1,1,1,2,40,"post_fragmentation","random",9,1868,38,18,15,93,384,1
11,123,50,0.5,0.7,0.15,0.1,1,1,2,40,"post_fragmentation","random",9,1868,38,18,15,93,389,2
11,123,50,0.5,0.7,0.15,0.1,1,1,2,40,"post_fragmentation","random",9,1868,38,18,15,93,390,3
11,123,50,0.5,0.7,0.15,0.1,1,1,2,40,"post_fragmentation","random",9,1868,38,18,15,93,392,2
11,123,50,0.5,0.7,0.15,0.1,1,1,2,40,"post_fragmentation","random",9,1868,38,18,15,93,403,1
11,123,50,0.5,0.7,0.15,0.1,1,1,2,40,"post_fragmentation","random",9,1868,38,18,15,93,405,2
11,123,50,0.5,0.7,0.15,0.1,1,1,2,40,"post_fragmentation","random",9,1868,38,18,15,93,411,1
11,123,50,0.5,0.7,0.15,0.1,1,1,2,40,"post_fragmentation","random",9,1868,38,18,15,93,420,2
11,123,50,0.5,0.7,0.15,0.1,1,1,2,40,"post_fragmentation","random",9,1868,38,18,15,93,430,3
11,123,50,0.5,0.7,0.15,0.1,1,1,2,40,"post_fragmentation","random",9,1868,38,18,15,93,431,1
11,123,50,0.5,0.7,0.15,0.1,1,1,2,40,"post_fragmentation","random",9,1868,38,18,15,93,447,1
11,123,50,0.5,0.7,0.15,0.1,1,1,2,40,"post_fragmentation","random",9,1868,38,18,15,93,453,1
11,123,50,0.5,0.7,0.15,0.1,1,1,2,40,"post_fragmentation","random",9,1868,38,18,15,93,455,1
11,123,50,0.5,0.7,0.15,0.1,1,1,2,40,"post_fragmentation","random",9,1868,38,18,15,93,472,1
11,123,50,0.5,0.7,0.15,0.1,1,1,2,40,"post_fragmentation","random",9,1868,38,18,15,93,475,1
11,123,50,0.5,0.7,0.15,0.1,1,1,2,40,"post_fragmentation","random",9,1868,38,18,15,93,478,1
11,123,50,0.5,0.7,0.15,0.1,1,1,2,40,"post_fragmentation","random",9,1868,38,18,15,93,499,1
11,123,50,0.5,0.7,0.15,0.1,1,1,2,40,"post_fragmentation","random",10,1837,37,37,11,157,159,1
11,123,50,0.5,0.7,0.15,0.1,1,1,2,40,"post_fragmentation","random",10,1837,37,37,11,157,195,1
11,123,50,0.5,0.7,0.15,0.1,1,1,2,40,"post_fragmentation","random",10,1837,37,37,11,157,272,1
11,123,50,0.5,0.7,0.15,0.1,1,1,2,40,"post_fragmentation","random",10,1837,37,37,11,157,281,1
11,123,50,0.5,0.7,0.15,0.1,1,1,2,40,"post_fragmentation","random",10,1837,37,37,11,157,283,1
11,123,50,0.5,0.7,0.15,0.1,1,1,2,40,"post_fragmentation","random",10,1837,37,37,11,157,299,1
11,123,50,0.5,0.7,0.15,0.1,1,1,2,40,"post_fragmentation","random",10,1837,37,37,11,157,304,1
11,123,50,0.5,0.7,0.15,0.1,1,1,2,40,"post_fragmentation","random",10,1837,37,37,11,157,317,3
11,123,50,0.5,0.7,0.15,0.1,1,1,2,40,"post_fragmentation","random",10,1837,37,37,11,157,323,2
11,123,50,0.5,0.7,0.15,0.1,1,1,2,40,"post_fragmentation","random",10,1837,37,37,11,157,332,2
11,123,50,0.5,0.7,0.15,0.1,1,1,2,40,"post_fragmentation","random",10,1837,37,37,11,157,346,2
11,123,50,0.5,0.7,0.15,0.1,1,1,2,40,"post_fragmentation","random",10,1837,37,37,11,157,357,1
11,123,50,0.5,0.7,0.15,0.1,1,1,2,40,"post_fragmentation","random",10,1837,37,37,11,157,359,1
11,123,50,0.5,0.7,0.15,0.1,1,1,2,40,"post_fragmentation","random",10,1837,37,37,11,157,364,2
11,123,50,0.5,0.7,0.15,0.1,1,1,2,40,"post_fragmentation","random",10,1837,37,37,11,157,370,2
11,123,50,0.5,0.7,0.15,0.1,1,1,2,40,"post_fragmentation","random",10,1837,37,37,11,157,377,1
11,123,50,0.5,0.7,0.15,0.1,1,1,2,40,"post_fragmentation","random",10,1837,37,37,11,157,383,1
11,123,50,0.5,0.7,0.15,0.1,1,1,2,40,"post_fragmentation","random",10,1837,37,37,11,157,395,1
11,123,50,0.5,0.7,0.15,0.1,1,1,2,40,"post_fragmentation","random",10,1837,37,37,11,157,399,1
11,123,50,0.5,0.7,0.15,0.1,1,1,2,40,"post_fragmentation","random",10,1837,37,37,11,157,410,4
11,123,50,0.5,0.7,0.15,0.1,1,1,2,40,"post_fragmentation","random",10,1837,37,37,11,157,411,1
11,123,50,0.5,0.7,0.15,0.1,1,1,2,40,"post_fragmentation","random",10,1837,37,37,11,157,424,1
11,123,50,0.5,0.7,0.15,0.1,1,1,2,40,"post_fragmentation","random",10,1837,37,37,11,157,455,1
11,123,50,0.5,0.7,0.15,0.1,1,1,2,40,"post_fragmentation","random",10,1837,37,37,11,157,463,1
11,123,50,0.5,0.7,0.15,0.1,1,1,2,40,"post_fragmentation","random",10,1837,37,37,11,157,465,3
11,123,50,0.5,0.7,0.15,0.1,1,1,2,40,"post_fragmentation","random",10,1837,37,37,11,157,475,1
11,123,50,0.5,0.7,0.15,0.1,1,1,2,40,"post_fragmentation","random",11,465,10,15,4,16,631,2
11,123,50,0.5,0.7,0.15,0.1,1,1,2,40,"post_fragmentation","random",11,465,10,15,4,16,647,1
11,123,50,0.5,0.7,0.15,0.1,1,1,2,40,"post_fragmentation","random",11,465,10,15,4,16,651,1
11,123,50,0.5,0.7,0.15,0.1,1,1,2,40,"post_fragmentation","random",11,465,10,15,4,16,653,1
11,123,50,0.5,0.7,0.15,0.1,1,1,2,40,"post_fragmentation","random",11,465,10,15,4,16,657,1
11,123,50,0.5,0.7,0.15,0.1,1,1,2,40,"post_fragmentation","random",11,465,10,15,4,16,658,1
11,123,50,0.5,0.7,0.15,0.1,1,1,2,40,"post_fragmentation","random",11,465,10,15,4,16,668,1
11,123,50,0.5,0.7,0.15,0.1,1,1,2,40,"post_fragmentation","random",11,465,10,15,4,16,679,2
11,123,50,0.5,0.7,0.15,0.1,1,1,2,40,"post_fragmentation","random",11,465,10,15,4,16,680,4
11,123,50,0.5,0.7,0.15,0.1,1,1,2,40,"post_fragmentation","random",11,465,10,15,4,16,687,1
11,123,50,0.5,0.7,0.15,0.1,1,1,2,40,"post_fragmentation","random",11,465,10,15,4,16,702,1
11,123,50,0.5,0.7,0.15,0.1,1,1,2,40,"post_fragmentation","random",11,465,10,15,4,16,712,1
11,123,50,0.5,0.7,0.15,0.1,1,1,2,40,"post_fragmentation","random",11,465,10,15,4,16,714,1
11,123,50,0.5,0.7,0.15,0.1,1,1,2,40,"post_fragmentation","random",11,465,10,15,4,16,718,3
11,123,50,0.5,0.7,0.15,0.1,1,1,2,40,"post_fragmentation","random",11,465,10,15,4,16,730,1
11,123,50,0.5,0.7,0.15,0.1,1,1,2,40,"post_fragmentation","random",11,465,10,15,4,16,733,1
11,123,50,0.5,0.7,0.15,0.1,1,1,2,40,"post_fragmentation","random",11,465,10,15,4,16,737,1
11,123,50,0.5,0.7,0.15,0.1,1,1,2,40,"post_fragmentation","random",11,465,10,15,4,16,745,1
11,123,50,0.5,0.7,0.15,0.1,1,1,2,40,"post_fragmentation","random",11,465,10,15,4,16,749,1
11,123,50,0.5,0.7,0.15,0.1,1,1,2,40,"post_fragmentation","random",11,465,10,15,4,16,759,1
11,123,50,0.5,0.7,0.15,0.1,1,1,2,40,"post_fragmentation","random",11,465,10,15,4,16,770,1
11,123,50,0.5,0.7,0.15,0.1,1,1,2,40,"post_fragmentation","random",11,465,10,15,4,16,781,1
11,123,50,0.5,0.7,0.15,0.1,1,1,2,40,"post_fragmentation","random",11,465,10,15,4,16,798,1
11,123,50,0.5,0.7,0.15,0.1,1,1,2,40,"post_fragmentation","random",11,465,10,15,4,16,820,1
11,123,50,0.5,0.7,0.15,0.1,1,1,2,40,"post_fragmentation","random",11,465,10,15,4,16,823,1
11,123,50,0.5,0.7,0.15,0.1,1,1,2,40,"post_fragmentation","random",11,465,10,15,4,16,865,1
11,123,50,0.5,0.7,0.15,0.1,1,1,2,40,"post_fragmentation","random",11,465,10,15,4,16,866,1
11,123,50,0.5,0.7,0.15,0.1,1,1,2,40,"post_fragmentation","random",12,1394,28,44,11,157,115,1
11,123,50,0.5,0.7,0.15,0.1,1,1,2,40,"post_fragmentation","random",12,1394,28,44,11,157,135,1
11,123,50,0.5,0.7,0.15,0.1,1,1,2,40,"post_fragmentation","random",12,1394,28,44,11,157,157,1
11,123,50,0.5,0.7,0.15,0.1,1,1,2,40,"post_fragmentation","random",12,1394,28,44,11,157,171,1
11,123,50,0.5,0.7,0.15,0.1,1,1,2,40,"post_fragmentation","random",12,1394,28,44,11,157,172,1
11,123,50,0.5,0.7,0.15,0.1,1,1,2,40,"post_fragmentation","random",12,1394,28,44,11,157,196,1
11,123,50,0.5,0.7,0.15,0.1,1,1,2,40,"post_fragmentation","random",12,1394,28,44,11,157,200,1
11,123,50,0.5,0.7,0.15,0.1,1,1,2,40,"post_fragmentation","random",12,1394,28,44,11,157,215,1
11,123,50,0.5,0.7,0.15,0.1,1,1,2,40,"post_fragmentation","random",12,1394,28,44,11,157,225,1
11,123,50,0.5,0.7,0.15,0.1,1,1,2,40,"post_fragmentation","random",12,1394,28,44,11,157,232,1
11,123,50,0.5,0.7,0.15,0.1,1,1,2,40,"post_fragmentation","random",12,1394,28,44,11,157,239,2
11,123,50,0.5,0.7,0.15,0.1,1,1,2,40,"post_fragmentation","random",12,1394,28,44,11,157,255,1
11,123,50,0.5,0.7,0.15,0.1,1,1,2,40,"post_fragmentation","random",12,1394,28,44,11,157,265,4
11,123,50,0.5,0.7,0.15,0.1,1,1,2,40,"post_fragmentation","random",12,1394,28,44,11,157,267,1
11,123,50,0.5,0.7,0.15,0.1,1,1,2,40,"post_fragmentation","random",12,1394,28,44,11,157,269,2
11,123,50,0.5,0.7,0.15,0.1,1,1,2,40,"post_fragmentation","random",12,1394,28,44,11,157,270,1
11,123,50,0.5,0.7,0.15,0.1,1,1,2,40,"post_fragmentation","random",12,1394,28,44,11,157,279,1
11,123,50,0.5,0.7,0.15,0.1,1,1,2,40,"post_fragmentation","random",12,1394,28,44,11,157,281,5
11,123,50,0.5,0.7,0.15,0.1,1,1,2,40,"post_fragmentation","random",12,1394,28,44,11,157,283,2
11,123,50,0.5,0.7,0.15,0.1,1,1,2,40,"post_fragmentation","random",12,1394,28,44,11,157,293,1
11,123,50,0.5,0.7,0.15,0.1,1,1,2,40,"post_fragmentation","random",12,1394,28,44,11,157,297,2
11,123,50,0.5,0.7,0.15,0.1,1,1,2,40,"post_fragmentation","random",12,1394,28,44,11,157,300,1
11,123,50,0.5,0.7,0.15,0.1,1,1,2,40,"post_fragmentation","random",12,1394,28,44,11,157,314,1
11,123,50,0.5,0.7,0.15,0.1,1,1,2,40,"post_fragmentation","random",12,1394,28,44,11,157,324,1
11,123,50,0.5,0.7,0.15,0.1,1,1,2,40,"post_fragmentation","random",12,1394,28,44,11,157,327,3
11,123,50,0.5,0.7,0.15,0.1,1,1,2,40,"post_fragmentation","random",12,1394,28,44,11,157,336,1
11,123,50,0.5,0.7,0.15,0.1,1,1,2,40,"post_fragmentation","random",12,1394,28,44,11,157,337,1
11,123,50,0.5,0.7,0.15,0.1,1,1,2,40,"post_fragmentation","random",12,1394,28,44,11,157,346,1
11,123,50,0.5,0.7,0.15,0.1,1,1,2,40,"post_fragmentation","random",12,1394,28,44,11,157,347,1
11,123,50,0.5,0.7,0.15,0.1,1,1,2,40,"post_fragmentation","random",12,1394,28,44,11,157,359,1
11,123,50,0.5,0.7,0.15,0.1,1,1,2,40,"post_fragmentation","random",13,1867,38,17,15,93,300,1
11,123,50,0.5,0.7,0.15,0.1,1,1,2,40,"post_fragmentation","random",13,1867,38,17,15,93,337,2
11,123,50,0.5,0.7,0.15,0.1,1,1,2,40,"post_fragmentation","random",13,1867,38,17,15,93,350,1
11,123,50,0.5,0.7,0.15,0.1,1,1,2,40,"post_fragmentation","random",13,1867,38,17,15,93,360,1
11,123,50,0.5,0.7,0.15,0.1,1,1,2,40,"post_fragmentation","random",13,1867,38,17,15,93,366,3
11,123,50,0.5,0.7,0.15,0.1,1,1,2,40,"post_fragmentation","random",13,1867,38,17,15,93,378,1
11,123,50,0.5,0.7,0.15,0.1,1,1,2,40,"post_fragmentation","random",13,1867,38,17,15,93,388,1
11,123,50,0.5,0.7,0.15,0.1,1,1,2,40,"post_fragmentation","random",13,1867,38,17,15,93,389,1
11,123,50,0.5,0.7,0.15,0.1,1,1,2,40,"post_fragmentation","random",13,1867,38,17,15,93,390,1
11,123,50,0.5,0.7,0.15,0.1,1,1,2,40,"post_fragmentation","random",13,1867,38,17,15,93,403,1
11,123,50,0.5,0.7,0.15,0.1,1,1,2,40,"post_fragmentation","random",13,1867,38,17,15,93,408,1
11,123,50,0.5,0.7,0.15,0.1,1,1,2,40,"post_fragmentation","random",13,1867,38,17,15,93,417,2
11,123,50,0.5,0.7,0.15,0.1,1,1,2,40,"post_fragmentation","random",13,1867,38,17,15,93,427,1
11,123,50,0.5,0.7,0.15,0.1,1,1,2,40,"post_fragmentation","random",13,1867,38,17,15,93,429,2
11,123,50,0.5,0.7,0.15,0.1,1,1,2,40,"post_fragmentation","random",13,1867,38,17,15,93,430,2
11,123,50,0.5,0.7,0.15,0.1,1,1,2,40,"post_fragmentation","random",13,1867,38,17,15,93,431,3
11,123,50,0.5,0.7,0.15,0.1,1,1,2,40,"post_fragmentation","random",13,1867,38,17,15,93,439,1
11,123,50,0.5,0.7,0.15,0.1,1,1,2,40,"post_fragmentation","random",13,1867,38,17,15,93,443,3
11,123,50,0.5,0.7,0.15,0.1,1,1,2,40,"post_fragmentation","random",13,1867,38,17,15,93,445,2
11,123,50,0.5,0.7,0.15,0.1,1,1,2,40,"post_fragmentation","random",13,1867,38,17,15,93,454,1
11,123,50,0.5,0.7,0.15,0.1,1,1,2,40,"post_fragmentation","random",13,1867,38,17,15,93,467,2
11,123,50,0.5,0.7,0.15,0.1,1,1,2,40,"post_fragmentation","random",13,1867,38,17,15,93,471,1
11,123,50,0.5,0.7,0.15,0.1,1,1,2,40,"post_fragmentation","random",13,1867,38,17,15,93,472,1
11,123,50,0.5,0.7,0.15,0.1,1,1,2,40,"post_fragmentation","random",13,1867,38,17,15,93,499,1
11,123,50,0.5,0.7,0.15,0.1,1,1,2,40,"post_fragmentation","random",13,1867,38,17,15,93,501,2
11,123,50,0.5,0.7,0.15,0.1,1,1,2,40,"post_fragmentation","random",13,1867,38,17,15,93,503,1
11,123,50,0.5,0.7,0.15,0.1,1,1,2,40,"post_fragmentation","random",13,1867,38,17,15,93,582,1
11,123,50,0.5,0.7,0.15,0.1,1,1,2,40,"post_fragmentation","random",14,663,14,13,7,38,582,2
11,123,50,0.5,0.7,0.15,0.1,1,1,2,40,"post_fragmentation","random",14,663,14,13,7,38,585,3
11,123,50,0.5,0.7,0.15,0.1,1,1,2,40,"post_fragmentation","random",14,663,14,13,7,38,590,1
11,123,50,0.5,0.7,0.15,0.1,1,1,2,40,"post_fragmentation","random",14,663,14,13,7,38,595,1
11,123,50,0.5,0.7,0.15,0.1,1,1,2,40,"post_fragmentation","random",14,663,14,13,7,38,602,1
11,123,50,0.5,0.7,0.15,0.1,1,1,2,40,"post_fragmentation","random",14,663,14,13,7,38,604,3
11,123,50,0.5,0.7,0.15,0.1,1,1,2,40,"post_fragmentation","random",14,663,14,13,7,38,631,3
11,123,50,0.5,0.7,0.15,0.1,1,1,2,40,"post_fragmentation","random",14,663,14,13,7,38,636,1
11,123,50,0.5,0.7,0.15,0.1,1,1,2,40,"post_fragmentation","random",14,663,14,13,7,38,641,1
11,123,50,0.5,0.7,0.15,0.1,1,1,2,40,"post_fragmentation","random",14,663,14,13,7,38,642,1
11,123,50,0.5,0.7,0.15,0.1,1,1,2,40,"post_fragmentation","random",14,663,14,13,7,38,651,1
11,123,50,0.5,0.7,0.15,0.1,1,1,2,40,"post_fragmentation","random",14,663,14,13,7,38,680,1
11,123,50,0.5,0.7,0.15,0.1,1,1,2,40,"post_fragmentation","random",14,663,14,13,7,38,682,1
11,123,50,0.5,0.7,0.15,0.1,1,1,2,40,"post_fragmentation","random",14,663,14,13,7,38,684,3
11,123,50,0.5,0.7,0.15,0.1,1,1,2,40,"post_fragmentation","random",14,663,14,13,7,38,687,2
11,123,50,0.5,0.7,0.15,0.1,1,1,2,40,"post_fragmentation","random",14,663,14,13,7,38,691,1
11,123,50,0.5,0.7,0.15,0.1,1,1,2,40,"post_fragmentation","random",14,663,14,13,7,38,692,2
11,123,50,0.5,0.7,0.15,0.1,1,1,2,40,"post_fragmentation","random",14,663,14,13,7,38,696,1
11,123,50,0.5,0.7,0.15,0.1,1,1,2,40,"post_fragmentation","random",14,663,14,13,7,38,702,1
11,123,50,0.5,0.7,0.15,0.1,1,1,2,40,"post_fragmentation","random",14,663,14,13,7,38,716,1
11,123,50,0.5,0.7,0.15,0.1,1,1,2,40,"post_fragmentation","random",14,663,14,13,7,38,744,2
11,123,50,0.5,0.7,0.15,0.1,1,1,2,40,"post_fragmentation","random",14,663,14,13,7,38,757,1
11,123,50,0.5,0.7,0.15,0.1,1,1,2,40,"post_fragmentation","random",15,1296,26,46,11,157,16,3
11,123,50,0.5,0.7,0.15,0.1,1,1,2,40,"post_fragmentation","random",15,1296,26,46,11,157,20,1
11,123,50,0.5,0.7,0.15,0.1,1,1,2,40,"post_fragmentation","random",15,1296,26,46,11,157,25,2
11,123,50,0.5,0.7,0.15,0.1,1,1,2,40,"post_fragmentation","random",15,1296,26,46,11,157,47,2
11,123,50,0.5,0.7,0.15,0.1,1,1,2,40,"post_fragmentation","random",15,1296,26,46,11,157,49,2
11,123,50,0.5,0.7,0.15,0.1,1,1,2,40,"post_fragmentation","random",15,1296,26,46,11,157,59,2
11,123,50,0.5,0.7,0.15,0.1,1,1,2,40,"post_fragmentation","random",15,1296,26,46,11,157,61,2
11,123,50,0.5,0.7,0.15,0.1,1,1,2,40,"post_fragmentation","random",15,1296,26,46,11,157,62,1
11,123,50,0.5,0.7,0.15,0.1,1,1,2,40,"post_fragmentation","random",15,1296,26,46,11,157,65,1
11,123,50,0.5,0.7,0.15,0.1,1,1,2,40,"post_fragmentation","random",15,1296,26,46,11,157,71,2
11,123,50,0.5,0.7,0.15,0.1,1,1,2,40,"post_fragmentation","random",15,1296,26,46,11,157,72,1
11,123,50,0.5,0.7,0.15,0.1,1,1,2,40,"post_fragmentation","random",15,1296,26,46,11,157,75,2
11,123,50,0.5,0.7,0.15,0.1,1,1,2,40,"post_fragmentation","random",15,1296,26,46,11,157,76,1
11,123,50,0.5,0.7,0.15,0.1,1,1,2,40,"post_fragmentation","random",15,1296,26,46,11,157,77,1
11,123,50,0.5,0.7,0.15,0.1,1,1,2,40,"post_fragmentation","random",15,1296,26,46,11,157,81,1
11,123,50,0.5,0.7,0.15,0.1,1,1,2,40,"post_fragmentation","random",15,1296,26,46,11,157,82,1
11,123,50,0.5,0.7,0.15,0.1,1,1,2,40,"post_fragmentation","random",15,1296,26,46,11,157,83,4
11,123,50,0.5,0.7,0.15,0.1,1,1,2,40,"post_fragmentation","random",15,1296,26,46,11,157,89,1
11,123,50,0.5,0.7,0.15,0.1,1,1,2,40,"post_fragmentation","random",15,1296,26,46,11,157,93,1
11,123,50,0.5,0.7,0.15,0.1,1,1,2,40,"post_fragmentation","random",15,1296,26,46,11,157,101,1
11,123,50,0.5,0.7,0.15,0.1,1,1,2,40,"post_fragmentation","random",15,1296,26,46,11,157,110,1
11,123,50,0.5,0.7,0.15,0.1,1,1,2,40,"post_fragmentation","random",15,1296,26,46,11,157,117,1
11,123,50,0.5,0.7,0.15,0.1,1,1,2,40,"post_fragmentation","random",15,1296,26,46,11,157,138,1
11,123,50,0.5,0.7,0.15,0.1,1,1,2,40,"post_fragmentation","random",15,1296,26,46,11,157,140,1
11,123,50,0.5,0.7,0.15,0.1,1,1,2,40,"post_fragmentation","random",15,1296,26,46,11,157,148,2
11,123,50,0.5,0.7,0.15,0.1,1,1,2,40,"post_fragmentation","random",16,2473,50,23,2,23,477,1
11,123,50,0.5,0.7,0.15,0.1,1,1,2,40,"post_fragmentation","random",16,2473,50,23,2,23,535,1
11,123,50,0.5,0.7,0.15,0.1,1,1,2,40,"post_fragmentation","random",16,2473,50,23,2,23,538,1
11,123,50,0.5,0.7,0.15,0.1,1,1,2,40,"post_fragmentation","random",16,2473,50,23,2,23,552,1
11,123,50,0.5,0.7,0.15,0.1,1,1,2,40,"post_fragmentation","random",16,2473,50,23,2,23,568,1
11,123,50,0.5,0.7,0.15,0.1,1,1,2,40,"post_fragmentation","random",16,2473,50,23,2,23,574,1
11,123,50,0.5,0.7,0.15,0.1,1,1,2,40,"post_fragmentation","random",16,2473,50,23,2,23,584,2
11,123,50,0.5,0.7,0.15,0.1,1,1,2,40,"post_fragmentation","random",16,2473,50,23,2,23,597,1
11,123,50,0.5,0.7,0.15,0.1,1,1,2,40,"post_fragmentation","random",16,2473,50,23,2,23,621,2
11,123,50,0.5,0.7,0.15,0.1,1,1,2,40,"post_fragmentation","random",16,2473,50,23,2,23,623,2
11,123,50,0.5,0.7,0.15,0.1,1,1,2,40,"post_fragmentation","random",16,2473,50,23,2,23,632,3
11,123,50,0.5,0.7,0.15,0.1,1,1,2,40,"post_fragmentation","random",16,2473,50,23,2,23,636,3
11,123,50,0.5,0.7,0.15,0.1,1,1,2,40,"post_fragmentation","random",16,2473,50,23,2,23,644,1
11,123,50,0.5,0.7,0.15,0.1,1,1,2,40,"post_fragmentation","random",16,2473,50,23,2,23,647,1
11,123,50,0.5,0.7,0.15,0.1,1,1,2,40,"post_fragmentation","random",16,2473,50,23,2,23,648,1
11,123,50,0.5,0.7,0.15,0.1,1,1,2,40,"post_fragmentation","random",16,2473,50,23,2,23,651,1
11,123,50,0.5,0.7,0.15,0.1,1,1,2,40,"post_fragmentation","random",16,2473,50,23,2,23,670,1
11,123,50,0.5,0.7,0.15,0.1,1,1,2,40,"post_fragmentation","random",16,2473,50,23,2,23,674,3
11,123,50,0.5,0.7,0.15,0.1,1,1,2,40,"post_fragmentation","random",16,2473,50,23,2,23,689,2
11,123,50,0.5,0.7,0.15,0.1,1,1,2,40,"post_fragmentation","random",16,2473,50,23,2,23,696,1
11,123,50,0.5,0.7,0.15,0.1,1,1,2,40,"post_fragmentation","random",16,2473,50,23,2,23,700,2
11,123,50,0.5,0.7,0.15,0.1,1,1,2,40,"post_fragmentation","random",16,2473,50,23,2,23,714,1
11,123,50,0.5,0.7,0.15,0.1,1,1,2,40,"post_fragmentation","random",16,2473,50,23,2,23,718,1
11,123,50,0.5,0.7,0.15,0.1,1,1,2,40,"post_fragmentation","random",16,2473,50,23,2,23,723,1
11,123,50,0.5,0.7,0.15,0.1,1,1,2,40,"post_fragmentation","random",16,2473,50,23,2,23,731,1
11,123,50,0.5,0.7,0.15,0.1,1,1,2,40,"post_fragmentation","random",16,2473,50,23,2,23,748,1
11,123,50,0.5,0.7,0.15,0.1,1,1,2,40,"post_fragmentation","random",16,2473,50,23,2,23,780,1
11,123,50,0.5,0.7,0.15,0.1,1,1,2,40,"post_fragmentation","random",17,1593,32,43,11,157,265,1
11,123,50,0.5,0.7,0.15,0.1,1,1,2,40,"post_fragmentation","random",17,1593,32,43,11,157,272,1
11,123,50,0.5,0.7,0.15,0.1,1,1,2,40,"post_fragmentation","random",17,1593,32,43,11,157,273,1
11,123,50,0.5,0.7,0.15,0.1,1,1,2,40,"post_fragmentation","random",17,1593,32,43,11,157,279,2
11,123,50,0.5,0.7,0.15,0.1,1,1,2,40,"post_fragmentation","random",17,1593,32,43,11,157,281,1
11,123,50,0.5,0.7,0.15,0.1,1,1,2,40,"post_fragmentation","random",17,1593,32,43,11,157,286,1
11,123,50,0.5,0.7,0.15,0.1,1,1,2,40,"post_fragmentation","random",17,1593,32,43,11,157,293,1
11,123,50,0.5,0.7,0.15,0.1,1,1,2,40,"post_fragmentation","random",17,1593,32,43,11,157,309,1
11,123,50,0.5,0.7,0.15,0.1,1,1,2,40,"post_fragmentation","random",17,1593,32,43,11,157,310,2
11,123,50,0.5,0.7,0.15,0.1,1,1,2,40,"post_fragmentation","random",17,1593,32,43,11,157,312,1
11,123,50,0.5,0.7,0.15,0.1,1,1,2,40,"post_fragmentation","random",17,1593,32,43,11,157,314,5
11,123,50,0.5,0.7,0.15,0.1,1,1,2,40,"post_fragmentation","random",17,1593,32,43,11,157,318,2
11,123,50,0.5,0.7,0.15,0.1,1,1,2,40,"post_fragmentation","random",17,1593,32,43,11,157,322,1
11,123,50,0.5,0.7,0.15,0.1,1,1,2,40,"post_fragmentation","random",17,1593,32,43,11,157,324,3
11,123,50,0.5,0.7,0.15,0.1,1,1,2,40,"post_fragmentation","random",17,1593,32,43,11,157,325,1
11,123,50,0.5,0.7,0.15,0.1,1,1,2,40,"post_fragmentation","random",17,1593,32,43,11,157,329,1
11,123,50,0.5,0.7,0.15,0.1,1,1,2,40,"post_fragmentation","random",17,1593,32,43,11,157,343,1
11,123,50,0.5,0.7,0.15,0.1,1,1,2,40,"post_fragmentation","random",17,1593,32,43,11,157,349,1
11,123,50,0.5,0.7,0.15,0.1,1,1,2,40,"post_fragmentation","random",17,1593,32,43,11,157,355,2
11,123,50,0.5,0.7,0.15,0.1,1,1,2,40,"post_fragmentation","random",17,1593,32,43,11,157,357,2
11,123,50,0.5,0.7,0.15,0.1,1,1,2,40,"post_fragmentation","random",17,1593,32,43,11,157,359,1
11,123,50,0.5,0.7,0.15,0.1,1,1,2,40,"post_fragmentation","random",17,1593,32,43,11,157,366,1
11,123,50,0.5,0.7,0.15,0.1,1,1,2,40,"post_fragmentation","random",17,1593,32,43,11,157,370,1
11,123,50,0.5,0.7,0.15,0.1,1,1,2,40,"post_fragmentation","random",17,1593,32,43,11,157,381,1
11,123,50,0.5,0.7,0.15,0.1,1,1,2,40,"post_fragmentation","random",17,1593,32,43,11,157,383,1
11,123,50,0.5,0.7,0.15,0.1,1,1,2,40,"post_fragmentation","random",17,1593,32,43,11,157,410,2
11,123,50,0.5,0.7,0.15,0.1,1,1,2,40,"post_fragmentation","random",18,2046,41,46,11,157,273,1
11,123,50,0.5,0.7,0.15,0.1,1,1,2,40,"post_fragmentation","random",18,2046,41,46,11,157,279,1
11,123,50,0.5,0.7,0.15,0.1,1,1,2,40,"post_fragmentation","random",18,2046,41,46,11,157,286,1
11,123,50,0.5,0.7,0.15,0.1,1,1,2,40,"post_fragmentation","random",18,2046,41,46,11,157,298,2
11,123,50,0.5,0.7,0.15,0.1,1,1,2,40,"post_fragmentation","random",18,2046,41,46,11,157,299,1
11,123,50,0.5,0.7,0.15,0.1,1,1,2,40,"post_fragmentation","random",18,2046,41,46,11,157,305,1
11,123,50,0.5,0.7,0.15,0.1,1,1,2,40,"post_fragmentation","random",18,2046,41,46,11,157,318,3
11,123,50,0.5,0.7,0.15,0.1,1,1,2,40,"post_fragmentation","random",18,2046,41,46,11,157,321,1
11,123,50,0.5,0.7,0.15,0.1,1,1,2,40,"post_fragmentation","random",18,2046,41,46,11,157,322,1
11,123,50,0.5,0.7,0.15,0.1,1,1,2,40,"post_fragmentation","random",18,2046,41,46,11,157,325,3
11,123,50,0.5,0.7,0.15,0.1,1,1,2,40,"post_fragmentation","random",18,2046,41,46,11,157,327,1
11,123,50,0.5,0.7,0.15,0.1,1,1,2,40,"post_fragmentation","random",18,2046,41,46,11,157,328,1
11,123,50,0.5,0.7,0.15,0.1,1,1,2,40,"post_fragmentation","random",18,2046,41,46,11,157,336,1
11,123,50,0.5,0.7,0.15,0.1,1,1,2,40,"post_fragmentation","random",18,2046,41,46,11,157,351,1
11,123,50,0.5,0.7,0.15,0.1,1,1,2,40,"post_fragmentation","random",18,2046,41,46,11,157,357,2
11,123,50,0.5,0.7,0.15,0.1,1,1,2,40,"post_fragmentation","random",18,2046,41,46,11,157,364,1
11,123,50,0.5,0.7,0.15,0.1,1,1,2,40,"post_fragmentation","random",18,2046,41,46,11,157,369,1
11,123,50,0.5,0.7,0.15,0.1,1,1,2,40,"post_fragmentation","random",18,2046,41,46,11,157,370,3
11,123,50,0.5,0.7,0.15,0.1,1,1,2,40,"post_fragmentation","random",18,2046,41,46,11,157,374,1
11,123,50,0.5,0.7,0.15,0.1,1,1,2,40,"post_fragmentation","random",18,2046,41,46,11,157,378,1
11,123,50,0.5,0.7,0.15,0.1,1,1,2,40,"post_fragmentation","random",18,2046,41,46,11,157,383,1
11,123,50,0.5,0.7,0.15,0.1,1,1,2,40,"post_fragmentation","random",18,2046,41,46,11,157,387,1
11,123,50,0.5,0.7,0.15,0.1,1,1,2,40,"post_fragmentation","random",18,2046,41,46,11,157,389,2
11,123,50,0.5,0.7,0.15,0.1,1,1,2,40,"post_fragmentation","random",18,2046,41,46,11,157,390,1
11,123,50,0.5,0.7,0.15,0.1,1,1,2,40,"post_fragmentation","random",18,2046,41,46,11,157,419,1
11,123,50,0.5,0.7,0.15,0.1,1,1,2,40,"post_fragmentation","random",18,2046,41,46,11,157,422,1
11,123,50,0.5,0.7,0.15,0.1,1,1,2,40,"post_fragmentation","random",18,2046,41,46,11,157,428,1
11,123,50,0.5,0.7,0.15,0.1,1,1,2,40,"post_fragmentation","random",18,2046,41,46,11,157,467,1
11,123,50,0.5,0.7,0.15,0.1,1,1,2,40,"post_fragmentation","random",19,1918,39,18,15,93,314,1
11,123,50,0.5,0.7,0.15,0.1,1,1,2,40,"post_fragmentation","random",19,1918,39,18,15,93,329,1
11,123,50,0.5,0.7,0.15,0.1,1,1,2,40,"post_fragmentation","random",19,1918,39,18,15,93,337,1
11,123,50,0.5,0.7,0.15,0.1,1,1,2,40,"post_fragmentation","random",19,1918,39,18,15,93,340,1
11,123,50,0.5,0.7,0.15,0.1,1,1,2,40,"post_fragmentation","random",19,1918,39,18,15,93,343,1
11,123,50,0.5,0.7,0.15,0.1,1,1,2,40,"post_fragmentation","random",19,1918,39,18,15,93,350,1
11,123,50,0.5,0.7,0.15,0.1,1,1,2,40,"post_fragmentation","random",19,1918,39,18,15,93,355,1
11,123,50,0.5,0.7,0.15,0.1,1,1,2,40,"post_fragmentation","random",19,1918,39,18,15,93,373,1
11,123,50,0.5,0.7,0.15,0.1,1,1,2,40,"post_fragmentation","random",19,1918,39,18,15,93,386,1
11,123,50,0.5,0.7,0.15,0.1,1,1,2,40,"post_fragmentation","random",19,1918,39,18,15,93,389,5
11,123,50,0.5,0.7,0.15,0.1,1,1,2,40,"post_fragmentation","random",19,1918,39,18,15,93,392,1
11,123,50,0.5,0.7,0.15,0.1,1,1,2,40,"post_fragmentation","random",19,1918,39,18,15,93,416,1
11,123,50,0.5,0.7,0.15,0.1,1,1,2,40,"post_fragmentation","random",19,1918,39,18,15,93,419,1
11,123,50,0.5,0.7,0.15,0.1,1,1,2,40,"post_fragmentation","random",19,1918,39,18,15,93,430,5
11,123,50,0.5,0.7,0.15,0.1,1,1,2,40,"post_fragmentation","random",19,1918,39,18,15,93,431,2
11,123,50,0.5,0.7,0.15,0.1,1,1,2,40,"post_fragmentation","random",19,1918,39,18,15,93,439,1
11,123,50,0.5,0.7,0.15,0.1,1,1,2,40,"post_fragmentation","random",19,1918,39,18,15,93,440,1
11,123,50,0.5,0.7,0.15,0.1,1,1,2,40,"post_fragmentation","random",19,1918,39,18,15,93,443,1
11,123,50,0.5,0.7,0.15,0.1,1,1,2,40,"post_fragmentation","random",19,1918,39,18,15,93,455,1
11,123,50,0.5,0.7,0.15,0.1,1,1,2,40,"post_fragmentation","random",19,1918,39,18,15,93,503,1
11,123,50,0.5,0.7,0.15,0.1,1,1,2,40,"post_fragmentation","random",19,1918,39,18,15,93,513,1
11,123,50,0.5,0.7,0.15,0.1,1,1,2,40,"post_fragmentation","random",19,1918,39,18,15,93,522,1
11,123,50,0.5,0.7,0.15,0.1,1,1,2,40,"post_fragmentation","random",19,1918,39,18,15,93,527,1
11,123,50,0.5,0.7,0.15,0.1,1,1,2,40,"post_fragmentation","random",19,1918,39,18,15,93,535,1
11,123,50,0.5,0.7,0.15,0.1,1,1,2,40,"post_fragmentation","random",19,1918,39,18,15,93,578,1
11,123,50,0.5,0.7,0.15,0.1,1,1,2,40,"post_fragmentation","random",20,2061,42,11,15,93,419,1
11,123,50,0.5,0.7,0.15,0.1,1,1,2,40,"post_fragmentation","random",20,2061,42,11,15,93,439,1
11,123,50,0.5,0.7,0.15,0.1,1,1,2,40,"post_fragmentation","random",20,2061,42,11,15,93,452,1
11,123,50,0.5,0.7,0.15,0.1,1,1,2,40,"post_fragmentation","random",20,2061,42,11,15,93,471,1
11,123,50,0.5,0.7,0.15,0.1,1,1,2,40,"post_fragmentation","random",20,2061,42,11,15,93,478,3
11,123,50,0.5,0.7,0.15,0.1,1,1,2,40,"post_fragmentation","random",20,2061,42,11,15,93,488,2
11,123,50,0.5,0.7,0.15,0.1,1,1,2,40,"post_fragmentation","random",20,2061,42,11,15,93,499,1
11,123,50,0.5,0.7,0.15,0.1,1,1,2,40,"post_fragmentation","random",20,2061,42,11,15,93,510,2
11,123,50,0.5,0.7,0.15,0.1,1,1,2,40,"post_fragmentation","random",20,2061,42,11,15,93,513,1
11,123,50,0.5,0.7,0.15,0.1,1,1,2,40,"post_fragmentation","random",20,2061,42,11,15,93,514,1
11,123,50,0.5,0.7,0.15,0.1,1,1,2,40,"post_fragmentation","random",20,2061,42,11,15,93,522,2
11,123,50,0.5,0.7,0.15,0.1,1,1,2,40,"post_fragmentation","random",20,2061,42,11,15,93,526,1
11,123,50,0.5,0.7,0.15,0.1,1,1,2,40,"post_fragmentation","random",20,2061,42,11,15,93,527,1
11,123,50,0.5,0.7,0.15,0.1,1,1,2,40,"post_fragmentation","random",20,2061,42,11,15,93,535,1
11,123,50,0.5,0.7,0.15,0.1,1,1,2,40,"post_fragmentation","random",20,2061,42,11,15,93,548,2
11,123,50,0.5,0.7,0.15,0.1,1,1,2,40,"post_fragmentation","random",20,2061,42,11,15,93,559,4
11,123,50,0.5,0.7,0.15,0.1,1,1,2,40,"post_fragmentation","random",20,2061,42,11,15,93,562,2
11,123,50,0.5,0.7,0.15,0.1,1,1,2,40,"post_fragmentation","random",20,2061,42,11,15,93,573,2
11,123,50,0.5,0.7,0.15,0.1,1,1,2,40,"post_fragmentation","random",20,2061,42,11,15,93,590,1
11,123,50,0.5,0.7,0.15,0.1,1,1,2,40,"post_fragmentation","random",20,2061,42,11,15,93,612,1
11,123,50,0.5,0.7,0.15,0.1,1,1,2,40,"post_fragmentation","random",20,2061,42,11,15,93,691,1
11,123,50,0.5,0.7,0.15,0.1,1,1,2,40,"post_fragmentation","random",21,710,15,10,7,38,473,1
11,123,50,0.5,0.7,0.15,0.1,1,1,2,40,"post_fragmentation","random",21,710,15,10,7,38,578,1
11,123,50,0.5,0.7,0.15,0.1,1,1,2,40,"post_fragmentation","random",21,710,15,10,7,38,580,1
11,123,50,0.5,0.7,0.15,0.1,1,1,2,40,"post_fragmentation","random",21,710,15,10,7,38,582,1
11,123,50,0.5,0.7,0.15,0.1,1,1,2,40,"post_fragmentation","random",21,710,15,10,7,38,590,1
11,123,50,0.5,0.7,0.15,0.1,1,1,2,40,"post_fragmentation","random",21,710,15,10,7,38,591,1
11,123,50,0.5,0.7,0.15,0.1,1,1,2,40,"post_fragmentation","random",21,710,15,10,7,38,596,3
11,123,50,0.5,0.7,0.15,0.1,1,1,2,40,"post_fragmentation","random",21,710,15,10,7,38,599,1
11,123,50,0.5,0.7,0.15,0.1,1,1,2,40,"post_fragmentation","random",21,710,15,10,7,38,601,2
11,123,50,0.5,0.7,0.15,0.1,1,1,2,40,"post_fragmentation","random",21,710,15,10,7,38,602,1
11,123,50,0.5,0.7,0.15,0.1,1,1,2,40,"post_fragmentation","random",21,710,15,10,7,38,627,1
11,123,50,0.5,0.7,0.15,0.1,1,1,2,40,"post_fragmentation","random",21,710,15,10,7,38,631,1
11,123,50,0.5,0.7,0.15,0.1,1,1,2,40,"post_fragmentation","random",21,710,15,10,7,38,636,2
11,123,50,0.5,0.7,0.15,0.1,1,1,2,40,"post_fragmentation","random",21,710,15,10,7,38,642,1
11,123,50,0.5,0.7,0.15,0.1,1,1,2,40,"post_fragmentation","random",21,710,15,10,7,38,644,1
11,123,50,0.5,0.7,0.15,0.1,1,1,2,40,"post_fragmentation","random",21,710,15,10,7,38,664,6
11,123,50,0.5,0.7,0.15,0.1,1,1,2,40,"post_fragmentation","random",21,710,15,10,7,38,668,1
11,123,50,0.5,0.7,0.15,0.1,1,1,2,40,"post_fragmentation","random",21,710,15,10,7,38,671,1
11,123,50,0.5,0.7,0.15,0.1,1,1,2,40,"post_fragmentation","random",21,710,15,10,7,38,680,1
11,123,50,0.5,0.7,0.15,0.1,1,1,2,40,"post_fragmentation","random",21,710,15,10,7,38,691,1
11,123,50,0.5,0.7,0.15,0.1,1,1,2,40,"post_fragmentation","random",21,710,15,10,7,38,702,1
11,123,50,0.5,0.7,0.15,0.1,1,1,2,40,"post_fragmentation","random",21,710,15,10,7,38,722,2
11,123,50,0.5,0.7,0.15,0.1,1,1,2,40,"post_fragmentation","random",22,2019,41,19,15,93,324,5
11,123,50,0.5,0.7,0.15,0.1,1,1,2,40,"post_fragmentation","random",22,2019,41,19,15,93,340,3
11,123,50,0.5,0.7,0.15,0.1,1,1,2,40,"post_fragmentation","random",22,2019,41,19,15,93,342,1
11,123,50,0.5,0.7,0.15,0.1,1,1,2,40,"post_fragmentation","random",22,2019,41,19,15,93,343,2
11,123,50,0.5,0.7,0.15,0.1,1,1,2,40,"post_fragmentation","random",22,2019,41,19,15,93,350,1
11,123,50,0.5,0.7,0.15,0.1,1,1,2,40,"post_fragmentation","random",22,2019,41,19,15,93,355,3
11,123,50,0.5,0.7,0.15,0.1,1,1,2,40,"post_fragmentation","random",22,2019,41,19,15,93,375,1
11,123,50,0.5,0.7,0.15,0.1,1,1,2,40,"post_fragmentation","random",22,2019,41,19,15,93,385,3
11,123,50,0.5,0.7,0.15,0.1,1,1,2,40,"post_fragmentation","random",22,2019,41,19,15,93,386,2
11,123,50,0.5,0.7,0.15,0.1,1,1,2,40,"post_fragmentation","random",22,2019,41,19,15,93,388,1
11,123,50,0.5,0.7,0.15,0.1,1,1,2,40,"post_fragmentation","random",22,2019,41,19,15,93,389,2
11,123,50,0.5,0.7,0.15,0.1,1,1,2,40,"post_fragmentation","random",22,2019,41,19,15,93,390,1
11,123,50,0.5,0.7,0.15,0.1,1,1,2,40,"post_fragmentation","random",22,2019,41,19,15,93,392,2
11,123,50,0.5,0.7,0.15,0.1,1,1,2,40,"post_fragmentation","random",22,2019,41,19,15,93,419,1
11,123,50,0.5,0.7,0.15,0.1,1,1,2,40,"post_fragmentation","random",22,2019,41,19,15,93,420,3
11,123,50,0.5,0.7,0.15,0.1,1,1,2,40,"post_fragmentation","random",22,2019,41,19,15,93,427,2
11,123,50,0.5,0.7,0.15,0.1,1,1,2,40,"post_fragmentation","random",22,2019,41,19,15,93,430,1
11,123,50,0.5,0.7,0.15,0.1,1,1,2,40,"post_fragmentation","random",22,2019,41,19,15,93,431,1
11,123,50,0.5,0.7,0.15,0.1,1,1,2,40,"post_fragmentation","random",22,2019,41,19,15,93,443,1
11,123,50,0.5,0.7,0.15,0.1,1,1,2,40,"post_fragmentation","random",22,2019,41,19,15,93,445,1
11,123,50,0.5,0.7,0.15,0.1,1,1,2,40,"post_fragmentation","random",22,2019,41,19,15,93,472,1
11,123,50,0.5,0.7,0.15,0.1,1,1,2,40,"post_fragmentation","random",22,2019,41,19,15,93,475,1
11,123,50,0.5,0.7,0.15,0.1,1,1,2,40,"post_fragmentation","random",23,1292,26,42,11,157,25,1
11,123,50,0.5,0.7,0.15,0.1,1,1,2,40,"post_fragmentation","random",23,1292,26,42,11,157,115,1
11,123,50,0.5,0.7,0.15,0.1,1,1,2,40,"post_fragmentation","random",23,1292,26,42,11,157,116,1
11,123,50,0.5,0.7,0.15,0.1,1,1,2,40,"post_fragmentation","random",23,1292,26,42,11,157,129,1
11,123,50,0.5,0.7,0.15,0.1,1,1,2,40,"post_fragmentation","random",23,1292,26,42,11,157,139,1
11,123,50,0.5,0.7,0.15,0.1,1,1,2,40,"post_fragmentation","random",23,1292,26,42,11,157,140,2
11,123,50,0.5,0.7,0.15,0.1,1,1,2,40,"post_fragmentation","random",23,1292,26,42,11,157,151,3
11,123,50,0.5,0.7,0.15,0.1,1,1,2,40,"post_fragmentation","random",23,1292,26,42,11,157,152,1
11,123,50,0.5,0.7,0.15,0.1,1,1,2,40,"post_fragmentation","random",23,1292,26,42,11,157,205,1
11,123,50,0.5,0.7,0.15,0.1,1,1,2,40,"post_fragmentation","random",23,1292,26,42,11,157,211,1
11,123,50,0.5,0.7,0.15,0.1,1,1,2,40,"post_fragmentation","random",23,1292,26,42,11,157,214,1
11,123,50,0.5,0.7,0.15,0.1,1,1,2,40,"post_fragmentation","random",23,1292,26,42,11,157,225,2
11,123,50,0.5,0.7,0.15,0.1,1,1,2,40,"post_fragmentation","random",23,1292,26,42,11,157,226,4
11,123,50,0.5,0.7,0.15,0.1,1,1,2,40,"post_fragmentation","random",23,1292,26,42,11,157,227,1
11,123,50,0.5,0.7,0.15,0.1,1,1,2,40,"post_fragmentation","random",23,1292,26,42,11,157,239,3
11,123,50,0.5,0.7,0.15,0.1,1,1,2,40,"post_fragmentation","random",23,1292,26,42,11,157,247,1
11,123,50,0.5,0.7,0.15,0.1,1,1,2,40,"post_fragmentation","random",23,1292,26,42,11,157,314,1
11,123,50,0.5,0.7,0.15,0.1,1,1,2,40,"post_fragmentation","random",23,1292,26,42,11,157,318,1
11,123,50,0.5,0.7,0.15,0.1,1,1,2,40,"post_fragmentation","random",24,2422,49,22,2,23,386,1
11,123,50,0.5,0.7,0.15,0.1,1,1,2,40,"post_fragmentation","random",24,2422,49,22,2,23,523,1
11,123,50,0.5,0.7,0.15,0.1,1,1,2,40,"post_fragmentation","random",24,2422,49,22,2,23,535,2
11,123,50,0.5,0.7,0.15,0.1,1,1,2,40,"post_fragmentation","random",24,2422,49,22,2,23,538,1
11,123,50,0.5,0.7,0.15,0.1,1,1,2,40,"post_fragmentation","random",24,2422,49,22,2,23,550,1
11,123,50,0.5,0.7,0.15,0.1,1,1,2,40,"post_fragmentation","random",24,2422,49,22,2,23,558,1
11,123,50,0.5,0.7,0.15,0.1,1,1,2,40,"post_fragmentation","random",24,2422,49,22,2,23,569,1
11,123,50,0.5,0.7,0.15,0.1,1,1,2,40,"post_fragmentation","random",24,2422,49,22,2,23,573,1
11,123,50,0.5,0.7,0.15,0.1,1,1,2,40,"post_fragmentation","random",24,2422,49,22,2,23,581,1
11,123,50,0.5,0.7,0.15,0.1,1,1,2,40,"post_fragmentation","random",24,2422,49,22,2,23,588,1
11,123,50,0.5,0.7,0.15,0.1,1,1,2,40,"post_fragmentation","random",24,2422,49,22,2,23,621,2
11,123,50,0.5,0.7,0.15,0.1,1,1,2,40,"post_fragmentation","random",24,2422,49,22,2,23,623,3
11,123,50,0.5,0.7,0.15,0.1,1,1,2,40,"post_fragmentation","random",24,2422,49,22,2,23,628,1
11,123,50,0.5,0.7,0.15,0.1,1,1,2,40,"post_fragmentation","random",24,2422,49,22,2,23,632,1
11,123,50,0.5,0.7,0.15,0.1,1,1,2,40,"post_fragmentation","random",24,2422,49,22,2,23,636,1
11,123,50,0.5,0.7,0.15,0.1,1,1,2,40,"post_fragmentation","random",24,2422,49,22,2,23,638,1
11,123,50,0.5,0.7,0.15,0.1,1,1,2,40,"post_fragmentation","random",24,2422,49,22,2,23,647,2
11,123,50,0.5,0.7,0.15,0.1,1,1,2,40,"post_fragmentation","random",24,2422,49,22,2,23,648,1
11,123,50,0.5,0.7,0.15,0.1,1,1,2,40,"post_fragmentation","random",24,2422,49,22,2,23,651,3
11,123,50,0.5,0.7,0.15,0.1,1,1,2,40,"post_fragmentation","random",24,2422,49,22,2,23,674,1
11,123,50,0.5,0.7,0.15,0.1,1,1,2,40,"post_fragmentation","random",24,2422,49,22,2,23,675,1
11,123,50,0.5,0.7,0.15,0.1,1,1,2,40,"post_fragmentation","random",24,2422,49,22,2,23,684,1
11,123,50,0.5,0.7,0.15,0.1,1,1,2,40,"post_fragmentation","random",24,2422,49,22,2,23,700,1
11,123,50,0.5,0.7,0.15,0.1,1,1,2,40,"post_fragmentation","random",24,2422,49,22,2,23,705,2
11,123,50,0.5,0.7,0.15,0.1,1,1,2,40,"post_fragmentation","random",24,2422,49,22,2,23,712,2
11,123,50,0.5,0.7,0.15,0.1,1,1,2,40,"post_fragmentation","random",24,2422,49,22,2,23,722,1
11,123,50,0.5,0.7,0.15,0.1,1,1,2,40,"post_fragmentation","random",24,2422,49,22,2,23,734,1
11,123,50,0.5,0.7,0.15,0.1,1,1,2,40,"post_fragmentation","random",24,2422,49,22,2,23,748,3
11,123,50,0.5,0.7,0.15,0.1,1,1,2,40,"post_fragmentation","random",24,2422,49,22,2,23,804,1
11,123,50,0.5,0.7,0.15,0.1,1,1,2,40,"post_fragmentation","random",25,2217,45,17,15,93,373,1
11,123,50,0.5,0.7,0.15,0.1,1,1,2,40,"post_fragmentation","random",25,2217,45,17,15,93,379,1
11,123,50,0.5,0.7,0.15,0.1,1,1,2,40,"post_fragmentation","random",25,2217,45,17,15,93,414,1
11,123,50,0.5,0.7,0.15,0.1,1,1,2,40,"post_fragmentation","random",25,2217,45,17,15,93,427,2
11,123,50,0.5,0.7,0.15,0.1,1,1,2,40,"post_fragmentation","random",25,2217,45,17,15,93,436,2
11,123,50,0.5,0.7,0.15,0.1,1,1,2,40,"post_fragmentation","random",25,2217,45,17,15,93,451,1
11,123,50,0.5,0.7,0.15,0.1,1,1,2,40,"post_fragmentation","random",25,2217,45,17,15,93,453,1
11,123,50,0.5,0.7,0.15,0.1,1,1,2,40,"post_fragmentation","random",25,2217,45,17,15,93,467,2
11,123,50,0.5,0.7,0.15,0.1,1,1,2,40,"post_fragmentation","random",25,2217,45,17,15,93,470,1
11,123,50,0.5,0.7,0.15,0.1,1,1,2,40,"post_fragmentation","random",25,2217,45,17,15,93,475,1
11,123,50,0.5,0.7,0.15,0.1,1,1,2,40,"post_fragmentation","random",25,2217,45,17,15,93,477,2
11,123,50,0.5,0.7,0.15,0.1,1,1,2,40,"post_fragmentation","random",25,2217,45,17,15,93,478,2
11,123,50,0.5,0.7,0.15,0.1,1,1,2,40,"post_fragmentation","random",25,2217,45,17,15,93,509,4
11,123,50,0.5,0.7,0.15,0.1,1,1,2,40,"post_fragmentation","random",25,2217,45,17,15,93,513,3
11,123,50,0.5,0.7,0.15,0.1,1,1,2,40,"post_fragmentation","random",25,2217,45,17,15,93,518,3
11,123,50,0.5,0.7,0.15,0.1,1,1,2,40,"post_fragmentation","random",25,2217,45,17,15,93,522,4
11,123,50,0.5,0.7,0.15,0.1,1,1,2,40,"post_fragmentation","random",25,2217,45,17,15,93,524,1
11,123,50,0.5,0.7,0.15,0.1,1,1,2,40,"post_fragmentation","random",25,2217,45,17,15,93,526,1
11,123,50,0.5,0.7,0.15,0.1,1,1,2,40,"post_fragmentation","random",25,2217,45,17,15,93,530,1
11,123,50,0.5,0.7,0.15,0.1,1,1,2,40,"post_fragmentation","random",25,2217,45,17,15,93,533,2
11,123,50,0.5,0.7,0.15,0.1,1,1,2,40,"post_fragmentation","random",25,2217,45,17,15,93,544,1
11,123,50,0.5,0.7,0.15,0.1,1,1,2,40,"post_fragmentation","random",25,2217,45,17,15,93,558,3
11,123,50,0.5,0.7,0.15,0.1,1,1,2,40,"post_fragmentation","random",25,2217,45,17,15,93,561,1
11,123,50,0.5,0.7,0.15,0.1,1,1,2,40,"post_fragmentation","random",26,1538,31,38,11,157,225,2
11,123,50,0.5,0.7,0.15,0.1,1,1,2,40,"post_fragmentation","random",26,1538,31,38,11,157,246,1
11,123,50,0.5,0.7,0.15,0.1,1,1,2,40,"post_fragmentation","random",26,1538,31,38,11,157,265,1
11,123,50,0.5,0.7,0.15,0.1,1,1,2,40,"post_fragmentation","random",26,1538,31,38,11,157,267,1
11,123,50,0.5,0.7,0.15,0.1,1,1,2,40,"post_fragmentation","random",26,1538,31,38,11,157,273,1
11,123,50,0.5,0.7,0.15,0.1,1,1,2,40,"post_fragmentation","random",26,1538,31,38,11,157,279,1
11,123,50,0.5,0.7,0.15,0.1,1,1,2,40,"post_fragmentation","random",26,1538,31,38,11,157,280,1
11,123,50,0.5,0.7,0.15,0.1,1,1,2,40,"post_fragmentation","random",26,1538,31,38,11,157,281,1
11,123,50,0.5,0.7,0.15,0.1,1,1,2,40,"post_fragmentation","random",26,1538,31,38,11,157,297,3
11,123,50,0.5,0.7,0.15,0.1,1,1,2,40,"post_fragmentation","random",26,1538,31,38,11,157,309,2
11,123,50,0.5,0.7,0.15,0.1,1,1,2,40,"post_fragmentation","random",26,1538,31,38,11,157,310,2
11,123,50,0.5,0.7,0.15,0.1,1,1,2,40,"post_fragmentation","random",26,1538,31,38,11,157,316,1
11,123,50,0.5,0.7,0.15,0.1,1,1,2,40,"post_fragmentation","random",26,1538,31,38,11,157,324,1
11,123,50,0.5,0.7,0.15,0.1,1,1,2,40,"post_fragmentation","random",26,1538,31,38,11,157,337,1
11,123,50,0.5,0.7,0.15,0.1,1,1,2,40,"post_fragmentation","random",26,1538,31,38,11,157,346,1
11,123,50,0.5,0.7,0.15,0.1,1,1,2,40,"post_fragmentation","random",26,1538,31,38,11,157,350,2
11,123,50,0.5,0.7,0.15,0.1,1,1,2,40,"post_fragmentation","random",26,1538,31,38,11,157,351,1
11,123,50,0.5,0.7,0.15,0.1,1,1,2,40,"post_fragmentation","random",26,1538,31,38,11,157,355,1
11,123,50,0.5,0.7,0.15,0.1,1,1,2,40,"post_fragmentation","random",26,1538,31,38,11,157,357,1
11,123,50,0.5,0.7,0.15,0.1,1,1,2,40,"post_fragmentation","random",26,1538,31,38,11,157,366,1
11,123,50,0.5,0.7,0.15,0.1,1,1,2,40,"post_fragmentation","random",26,1538,31,38,11,157,373,2
11,123,50,0.5,0.7,0.15,0.1,1,1,2,40,"post_fragmentation","random",26,1538,31,38,11,157,384,1
11,123,50,0.5,0.7,0.15,0.1,1,1,2,40,"post_fragmentation","random",26,1538,31,38,11,157,388,1
11,123,50,0.5,0.7,0.15,0.1,1,1,2,40,"post_fragmentation","random",26,1538,31,38,11,157,391,1
11,123,50,0.5,0.7,0.15,0.1,1,1,2,40,"post_fragmentation","random",26,1538,31,38,11,157,397,1
11,123,50,0.5,0.7,0.15,0.1,1,1,2,40,"post_fragmentation","random",26,1538,31,38,11,157,428,2
11,123,50,0.5,0.7,0.15,0.1,1,1,2,40,"post_fragmentation","random",26,1538,31,38,11,157,467,1
11,123,50,0.5,0.7,0.15,0.1,1,1,2,40,"post_fragmentation","random",26,1538,31,38,11,157,517,1
11,123,50,0.5,0.7,0.15,0.1,1,1,2,40,"post_fragmentation","random",27,1846,37,46,11,157,258,1
11,123,50,0.5,0.7,0.15,0.1,1,1,2,40,"post_fragmentation","random",27,1846,37,46,11,157,269,5
11,123,50,0.5,0.7,0.15,0.1,1,1,2,40,"post_fragmentation","random",27,1846,37,46,11,157,275,1
11,123,50,0.5,0.7,0.15,0.1,1,1,2,40,"post_fragmentation","random",27,1846,37,46,11,157,277,1
11,123,50,0.5,0.7,0.15,0.1,1,1,2,40,"post_fragmentation","random",27,1846,37,46,11,157,279,1
11,123,50,0.5,0.7,0.15,0.1,1,1,2,40,"post_fragmentation","random",27,1846,37,46,11,157,281,4
11,123,50,0.5,0.7,0.15,0.1,1,1,2,40,"post_fragmentation","random",27,1846,37,46,11,157,286,1
11,123,50,0.5,0.7,0.15,0.1,1,1,2,40,"post_fragmentation","random",27,1846,37,46,11,157,292,1
11,123,50,0.5,0.7,0.15,0.1,1,1,2,40,"post_fragmentation","random",27,1846,37,46,11,157,293,1
11,123,50,0.5,0.7,0.15,0.1,1,1,2,40,"post_fragmentation","random",27,1846,37,46,11,157,299,2
11,123,50,0.5,0.7,0.15,0.1,1,1,2,40,"post_fragmentation","random",27,1846,37,46,11,157,302,2
11,123,50,0.5,0.7,0.15,0.1,1,1,2,40,"post_fragmentation","random",27,1846,37,46,11,157,314,2
11,123,50,0.5,0.7,0.15,0.1,1,1,2,40,"post_fragmentation","random",27,1846,37,46,11,157,318,3
11,123,50,0.5,0.7,0.15,0.1,1,1,2,40,"post_fragmentation","random",27,1846,37,46,11,157,321,1
11,123,50,0.5,0.7,0.15,0.1,1,1,2,40,"post_fragmentation","random",27,1846,37,46,11,157,322,1
11,123,50,0.5,0.7,0.15,0.1,1,1,2,40,"post_fragmentation","random",27,1846,37,46,11,157,327,1
11,123,50,0.5,0.7,0.15,0.1,1,1,2,40,"post_fragmentation","random",27,1846,37,46,11,157,328,1
11,123,50,0.5,0.7,0.15,0.1,1,1,2,40,"post_fragmentation","random",27,1846,37,46,11,157,366,1
11,123,50,0.5,0.7,0.15,0.1,1,1,2,40,"post_fragmentation","random",27,1846,37,46,11,157,373,1
11,123,50,0.5,0.7,0.15,0.1,1,1,2,40,"post_fragmentation","random",27,1846,37,46,11,157,383,1
11,123,50,0.5,0.7,0.15,0.1,1,1,2,40,"post_fragmentation","random",27,1846,37,46,11,157,398,1
11,123,50,0.5,0.7,0.15,0.1,1,1,2,40,"post_fragmentation","random",27,1846,37,46,11,157,415,2
11,123,50,0.5,0.7,0.15,0.1,1,1,2,40,"post_fragmentation","random",27,1846,37,46,11,157,442,1
11,123,50,0.5,0.7,0.15,0.1,1,1,2,40,"post_fragmentation","random",27,1846,37,46,11,157,452,1
11,123,50,0.5,0.7,0.15,0.1,1,1,2,40,"post_fragmentation","random",28,1969,40,19,15,93,310,1
11,123,50,0.5,0.7,0.15,0.1,1,1,2,40,"post_fragmentation","random",28,1969,40,19,15,93,314,1
11,123,50,0.5,0.7,0.15,0.1,1,1,2,40,"post_fragmentation","random",28,1969,40,19,15,93,324,1
11,123,50,0.5,0.7,0.15,0.1,1,1,2,40,"post_fragmentation","random",28,1969,40,19,15,93,343,1
11,123,50,0.5,0.7,0.15,0.1,1,1,2,40,"post_fragmentation","random",28,1969,40,19,15,93,374,1
11,123,50,0.5,0.7,0.15,0.1,1,1,2,40,"post_fragmentation","random",28,1969,40,19,15,93,385,1
11,123,50,0.5,0.7,0.15,0.1,1,1,2,40,"post_fragmentation","random",28,1969,40,19,15,93,388,1
11,123,50,0.5,0.7,0.15,0.1,1,1,2,40,"post_fragmentation","random",28,1969,40,19,15,93,389,6
11,123,50,0.5,0.7,0.15,0.1,1,1,2,40,"post_fragmentation","random",28,1969,40,19,15,93,390,2
11,123,50,0.5,0.7,0.15,0.1,1,1,2,40,"post_fragmentation","random",28,1969,40,19,15,93,392,1
11,123,50,0.5,0.7,0.15,0.1,1,1,2,40,"post_fragmentation","random",28,1969,40,19,15,93,393,1
11,123,50,0.5,0.7,0.15,0.1,1,1,2,40,"post_fragmentation","random",28,1969,40,19,15,93,411,1
11,123,50,0.5,0.7,0.15,0.1,1,1,2,40,"post_fragmentation","random",28,1969,40,19,15,93,420,1
11,123,50,0.5,0.7,0.15,0.1,1,1,2,40,"post_fragmentation","random",28,1969,40,19,15,93,430,1
11,123,50,0.5,0.7,0.15,0.1,1,1,2,40,"post_fragmentation","random",28,1969,40,19,15,93,431,4
11,123,50,0.5,0.7,0.15,0.1,1,1,2,40,"post_fragmentation","random",28,1969,40,19,15,93,436,1
11,123,50,0.5,0.7,0.15,0.1,1,1,2,40,"post_fragmentation","random",28,1969,40,19,15,93,439,2
11,123,50,0.5,0.7,0.15,0.1,1,1,2,40,"post_fragmentation","random",28,1969,40,19,15,93,443,1
11,123,50,0.5,0.7,0.15,0.1,1,1,2,40,"post_fragmentation","random",28,1969,40,19,15,93,445,2
11,123,50,0.5,0.7,0.15,0.1,1,1,2,40,"post_fragmentation","random",28,1969,40,19,15,93,467,1
11,123,50,0.5,0.7,0.15,0.1,1,1,2,40,"post_fragmentation","random",28,1969,40,19,15,93,471,2
11,123,50,0.5,0.7,0.15,0.1,1,1,2,40,"post_fragmentation","random",28,1969,40,19,15,93,472,1
11,123,50,0.5,0.7,0.15,0.1,1,1,2,40,"post_fragmentation","random",28,1969,40,19,15,93,499,1
11,123,50,0.5,0.7,0.15,0.1,1,1,2,40,"post_fragmentation","random",28,1969,40,19,15,93,513,1
11,123,50,0.5,0.7,0.15,0.1,1,1,2,40,"post_fragmentation","random",28,1969,40,19,15,93,545,1
11,123,50,0.5,0.7,0.15,0.1,1,1,2,40,"post_fragmentation","random",29,2249,45,49,17,11,327,1
11,123,50,0.5,0.7,0.15,0.1,1,1,2,40,"post_fragmentation","random",29,2249,45,49,17,11,351,1
11,123,50,0.5,0.7,0.15,0.1,1,1,2,40,"post_fragmentation","random",29,2249,45,49,17,11,354,1
11,123,50,0.5,0.7,0.15,0.1,1,1,2,40,"post_fragmentation","random",29,2249,45,49,17,11,357,2
11,123,50,0.5,0.7,0.15,0.1,1,1,2,40,"post_fragmentation","random",29,2249,45,49,17,11,370,3
11,123,50,0.5,0.7,0.15,0.1,1,1,2,40,"post_fragmentation","random",29,2249,45,49,17,11,381,1
11,123,50,0.5,0.7,0.15,0.1,1,1,2,40,"post_fragmentation","random",29,2249,45,49,17,11,383,2
11,123,50,0.5,0.7,0.15,0.1,1,1,2,40,"post_fragmentation","random",29,2249,45,49,17,11,390,1
11,123,50,0.5,0.7,0.15,0.1,1,1,2,40,"post_fragmentation","random",29,2249,45,49,17,11,394,1
11,123,50,0.5,0.7,0.15,0.1,1,1,2,40,"post_fragmentation","random",29,2249,45,49,17,11,395,1
11,123,50,0.5,0.7,0.15,0.1,1,1,2,40,"post_fragmentation","random",29,2249,45,49,17,11,399,1
11,123,50,0.5,0.7,0.15,0.1,1,1,2,40,"post_fragmentation","random",29,2249,45,49,17,11,409,1
11,123,50,0.5,0.7,0.15,0.1,1,1,2,40,"post_fragmentation","random",29,2249,45,49,17,11,413,2
11,123,50,0.5,0.7,0.15,0.1,1,1,2,40,"post_fragmentation","random",29,2249,45,49,17,11,415,3
11,123,50,0.5,0.7,0.15,0.1,1,1,2,40,"post_fragmentation","random",29,2249,45,49,17,11,421,2
11,123,50,0.5,0.7,0.15,0.1,1,1,2,40,"post_fragmentation","random",29,2249,45,49,17,11,428,4
11,123,50,0.5,0.7,0.15,0.1,1,1,2,40,"post_fragmentation","random",29,2249,45,49,17,11,430,1
11,123,50,0.5,0.7,0.15,0.1,1,1,2,40,"post_fragmentation","random",29,2249,45,49,17,11,438,1
11,123,50,0.5,0.7,0.15,0.1,1,1,2,40,"post_fragmentation","random",29,2249,45,49,17,11,447,3
11,123,50,0.5,0.7,0.15,0.1,1,1,2,40,"post_fragmentation","random",29,2249,45,49,17,11,454,1
11,123,50,0.5,0.7,0.15,0.1,1,1,2,40,"post_fragmentation","random",29,2249,45,49,17,11,466,1
11,123,50,0.5,0.7,0.15,0.1,1,1,2,40,"post_fragmentation","random",29,2249,45,49,17,11,467,2
11,123,50,0.5,0.7,0.15,0.1,1,1,2,40,"post_fragmentation","random",29,2249,45,49,17,11,473,2
11,123,50,0.5,0.7,0.15,0.1,1,1,2,40,"post_fragmentation","random",29,2249,45,49,17,11,484,1
11,123,50,0.5,0.7,0.15,0.1,1,1,2,40,"post_fragmentation","random",29,2249,45,49,17,11,492,2
11,123,50,0.5,0.7,0.15,0.1,1,1,2,40,"post_fragmentation","random",30,757,16,7,7,38,425,1
11,123,50,0.5,0.7,0.15,0.1,1,1,2,40,"post_fragmentation","random",30,757,16,7,7,38,447,2
11,123,50,0.5,0.7,0.15,0.1,1,1,2,40,"post_fragmentation","random",30,757,16,7,7,38,458,1
11,123,50,0.5,0.7,0.15,0.1,1,1,2,40,"post_fragmentation","random",30,757,16,7,7,38,468,1
11,123,50,0.5,0.7,0.15,0.1,1,1,2,40,"post_fragmentation","random",30,757,16,7,7,38,473,3
11,123,50,0.5,0.7,0.15,0.1,1,1,2,40,"post_fragmentation","random",30,757,16,7,7,38,486,2
11,123,50,0.5,0.7,0.15,0.1,1,1,2,40,"post_fragmentation","random",30,757,16,7,7,38,492,1
11,123,50,0.5,0.7,0.15,0.1,1,1,2,40,"post_fragmentation","random",30,757,16,7,7,38,494,2
11,123,50,0.5,0.7,0.15,0.1,1,1,2,40,"post_fragmentation","random",30,757,16,7,7,38,500,2
11,123,50,0.5,0.7,0.15,0.1,1,1,2,40,"post_fragmentation","random",30,757,16,7,7,38,522,1
11,123,50,0.5,0.7,0.15,0.1,1,1,2,40,"post_fragmentation","random",30,757,16,7,7,38,529,1
11,123,50,0.5,0.7,0.15,0.1,1,1,2,40,"post_fragmentation","random",30,757,16,7,7,38,532,2
11,123,50,0.5,0.7,0.15,0.1,1,1,2,40,"post_fragmentation","random",30,757,16,7,7,38,533,1
11,123,50,0.5,0.7,0.15,0.1,1,1,2,40,"post_fragmentation","random",30,757,16,7,7,38,542,2
11,123,50,0.5,0.7,0.15,0.1,1,1,2,40,"post_fragmentation","random",30,757,16,7,7,38,545,1
11,123,50,0.5,0.7,0.15,0.1,1,1,2,40,"post_fragmentation","random",30,757,16,7,7,38,569,4
11,123,50,0.5,0.7,0.15,0.1,1,1,2,40,"post_fragmentation","random",30,757,16,7,7,38,572,1
11,123,50,0.5,0.7,0.15,0.1,1,1,2,40,"post_fragmentation","random",30,757,16,7,7,38,577,2
11,123,50,0.5,0.7,0.15,0.1,1,1,2,40,"post_fragmentation","random",30,757,16,7,7,38,580,1
11,123,50,0.5,0.7,0.15,0.1,1,1,2,40,"post_fragmentation","random",30,757,16,7,7,38,599,1
11,123,50,0.5,0.7,0.15,0.1,1,1,2,40,"post_fragmentation","random",30,757,16,7,7,38,601,1
11,123,50,0.5,0.7,0.15,0.1,1,1,2,40,"post_fragmentation","random",30,757,16,7,7,38,615,1
11,123,50,0.5,0.7,0.15,0.1,1,1,2,40,"post_fragmentation","random",30,757,16,7,7,38,627,1
11,123,50,0.5,0.7,0.15,0.1,1,1,2,40,"post_fragmentation","random",30,757,16,7,7,38,630,2
11,123,50,0.5,0.7,0.15,0.1,1,1,2,40,"post_fragmentation","random",30,757,16,7,7,38,631,1
11,123,50,0.5,0.7,0.15,0.1,1,1,2,40,"post_fragmentation","random",30,757,16,7,7,38,636,4
11,123,50,0.5,0.7,0.15,0.1,1,1,2,100,"final","random",1,2073,42,23,18,3,314,4
11,123,50,0.5,0.7,0.15,0.1,1,1,2,100,"final","random",1,2073,42,23,18,3,386,1
11,123,50,0.5,0.7,0.15,0.1,1,1,2,100,"final","random",1,2073,42,23,18,3,417,1
11,123,50,0.5,0.7,0.15,0.1,1,1,2,100,"final","random",1,2073,42,23,18,3,443,1
11,123,50,0.5,0.7,0.15,0.1,1,1,2,100,"final","random",2,1444,29,44,11,157,198,1
11,123,50,0.5,0.7,0.15,0.1,1,1,2,100,"final","random",2,1444,29,44,11,157,201,1
11,123,50,0.5,0.7,0.15,0.1,1,1,2,100,"final","random",2,1444,29,44,11,157,246,1
11,123,50,0.5,0.7,0.15,0.1,1,1,2,100,"final","random",2,1444,29,44,11,157,267,1
11,123,50,0.5,0.7,0.15,0.1,1,1,2,100,"final","random",2,1444,29,44,11,157,273,1
11,123,50,0.5,0.7,0.15,0.1,1,1,2,100,"final","random",2,1444,29,44,11,157,279,1
11,123,50,0.5,0.7,0.15,0.1,1,1,2,100,"final","random",2,1444,29,44,11,157,281,1
11,123,50,0.5,0.7,0.15,0.1,1,1,2,100,"final","random",2,1444,29,44,11,157,286,1
11,123,50,0.5,0.7,0.15,0.1,1,1,2,100,"final","random",2,1444,29,44,11,157,293,4
11,123,50,0.5,0.7,0.15,0.1,1,1,2,100,"final","random",2,1444,29,44,11,157,295,1
11,123,50,0.5,0.7,0.15,0.1,1,1,2,100,"final","random",2,1444,29,44,11,157,299,4
11,123,50,0.5,0.7,0.15,0.1,1,1,2,100,"final","random",2,1444,29,44,11,157,305,2
11,123,50,0.5,0.7,0.15,0.1,1,1,2,100,"final","random",2,1444,29,44,11,157,314,2
11,123,50,0.5,0.7,0.15,0.1,1,1,2,100,"final","random",2,1444,29,44,11,157,316,1
11,123,50,0.5,0.7,0.15,0.1,1,1,2,100,"final","random",2,1444,29,44,11,157,318,1
11,123,50,0.5,0.7,0.15,0.1,1,1,2,100,"final","random",2,1444,29,44,11,157,322,2
11,123,50,0.5,0.7,0.15,0.1,1,1,2,100,"final","random",2,1444,29,44,11,157,323,1
11,123,50,0.5,0.7,0.15,0.1,1,1,2,100,"final","random",2,1444,29,44,11,157,329,1
11,123,50,0.5,0.7,0.15,0.1,1,1,2,100,"final","random",2,1444,29,44,11,157,336,2
11,123,50,0.5,0.7,0.15,0.1,1,1,2,100,"final","random",2,1444,29,44,11,157,343,2
11,123,50,0.5,0.7,0.15,0.1,1,1,2,100,"final","random",2,1444,29,44,11,157,349,1
11,123,50,0.5,0.7,0.15,0.1,1,1,2,100,"final","random",2,1444,29,44,11,157,359,2
11,123,50,0.5,0.7,0.15,0.1,1,1,2,100,"final","random",3,1494,30,44,11,157,215,1
11,123,50,0.5,0.7,0.15,0.1,1,1,2,100,"final","random",3,1494,30,44,11,157,265,3
11,123,50,0.5,0.7,0.15,0.1,1,1,2,100,"final","random",3,1494,30,44,11,157,279,2
11,123,50,0.5,0.7,0.15,0.1,1,1,2,100,"final","random",3,1494,30,44,11,157,281,2
11,123,50,0.5,0.7,0.15,0.1,1,1,2,100,"final","random",3,1494,30,44,11,157,286,1
11,123,50,0.5,0.7,0.15,0.1,1,1,2,100,"final","random",3,1494,30,44,11,157,293,3
11,123,50,0.5,0.7,0.15,0.1,1,1,2,100,"final","random",3,1494,30,44,11,157,299,2
11,123,50,0.5,0.7,0.15,0.1,1,1,2,100,"final","random",3,1494,30,44,11,157,305,1
11,123,50,0.5,0.7,0.15,0.1,1,1,2,100,"final","random",3,1494,30,44,11,157,310,1
11,123,50,0.5,0.7,0.15,0.1,1,1,2,100,"final","random",3,1494,30,44,11,157,312,3
11,123,50,0.5,0.7,0.15,0.1,1,1,2,100,"final","random",3,1494,30,44,11,157,314,3
11,123,50,0.5,0.7,0.15,0.1,1,1,2,100,"final","random",3,1494,30,44,11,157,317,1
11,123,50,0.5,0.7,0.15,0.1,1,1,2,100,"final","random",3,1494,30,44,11,157,318,2
11,123,50,0.5,0.7,0.15,0.1,1,1,2,100,"final","random",3,1494,30,44,11,157,322,2
11,123,50,0.5,0.7,0.15,0.1,1,1,2,100,"final","random",3,1494,30,44,11,157,329,1
11,123,50,0.5,0.7,0.15,0.1,1,1,2,100,"final","random",3,1494,30,44,11,157,349,3
11,123,50,0.5,0.7,0.15,0.1,1,1,2,100,"final","random",3,1494,30,44,11,157,359,3
11,123,50,0.5,0.7,0.15,0.1,1,1,2,100,"final","random",3,1494,30,44,11,157,370,1
11,123,50,0.5,0.7,0.15,0.1,1,1,2,100,"final","random",3,1494,30,44,11,157,373,2
11,123,50,0.5,0.7,0.15,0.1,1,1,2,100,"final","random",4,1914,39,14,15,93,386,1
11,123,50,0.5,0.7,0.15,0.1,1,1,2,100,"final","random",4,1914,39,14,15,93,389,1
11,123,50,0.5,0.7,0.15,0.1,1,1,2,100,"final","random",4,1914,39,14,15,93,410,2
11,123,50,0.5,0.7,0.15,0.1,1,1,2,100,"final","random",4,1914,39,14,15,93,414,1
11,123,50,0.5,0.7,0.15,0.1,1,1,2,100,"final","random",4,1914,39,14,15,93,417,1
11,123,50,0.5,0.7,0.15,0.1,1,1,2,100,"final","random",4,1914,39,14,15,93,430,2
11,123,50,0.5,0.7,0.15,0.1,1,1,2,100,"final","random",4,1914,39,14,15,93,431,1
11,123,50,0.5,0.7,0.15,0.1,1,1,2,100,"final","random",4,1914,39,14,15,93,439,4
11,123,50,0.5,0.7,0.15,0.1,1,1,2,100,"final","random",4,1914,39,14,15,93,443,1
11,123,50,0.5,0.7,0.15,0.1,1,1,2,100,"final","random",4,1914,39,14,15,93,452,1
11,123,50,0.5,0.7,0.15,0.1,1,1,2,100,"final","random",4,1914,39,14,15,93,456,2
11,123,50,0.5,0.7,0.15,0.1,1,1,2,100,"final","random",4,1914,39,14,15,93,464,1
11,123,50,0.5,0.7,0.15,0.1,1,1,2,100,"final","random",4,1914,39,14,15,93,467,2
11,123,50,0.5,0.7,0.15,0.1,1,1,2,100,"final","random",4,1914,39,14,15,93,470,1
11,123,50,0.5,0.7,0.15,0.1,1,1,2,100,"final","random",4,1914,39,14,15,93,474,3
11,123,50,0.5,0.7,0.15,0.1,1,1,2,100,"final","random",4,1914,39,14,15,93,475,2
11,123,50,0.5,0.7,0.15,0.1,1,1,2,100,"final","random",4,1914,39,14,15,93,477,1
11,123,50,0.5,0.7,0.15,0.1,1,1,2,100,"final","random",4,1914,39,14,15,93,478,2
11,123,50,0.5,0.7,0.15,0.1,1,1,2,100,"final","random",4,1914,39,14,15,93,488,4
11,123,50,0.5,0.7,0.15,0.1,1,1,2,100,"final","random",4,1914,39,14,15,93,499,2
11,123,50,0.5,0.7,0.15,0.1,1,1,2,100,"final","random",4,1914,39,14,15,93,500,1
11,123,50,0.5,0.7,0.15,0.1,1,1,2,100,"final","random",4,1914,39,14,15,93,510,2
11,123,50,0.5,0.7,0.15,0.1,1,1,2,100,"final","random",4,1914,39,14,15,93,535,3
11,123,50,0.5,0.7,0.15,0.1,1,1,2,100,"final","random",5,1445,29,45,11,157,75,1
11,123,50,0.5,0.7,0.15,0.1,1,1,2,100,"final","random",5,1445,29,45,11,157,84,1
11,123,50,0.5,0.7,0.15,0.1,1,1,2,100,"final","random",5,1445,29,45,11,157,134,1
11,123,50,0.5,0.7,0.15,0.1,1,1,2,100,"final","random",5,1445,29,45,11,157,142,1
11,123,50,0.5,0.7,0.15,0.1,1,1,2,100,"final","random",5,1445,29,45,11,157,185,1
11,123,50,0.5,0.7,0.15,0.1,1,1,2,100,"final","random",5,1445,29,45,11,157,198,1
11,123,50,0.5,0.7,0.15,0.1,1,1,2,100,"final","random",5,1445,29,45,11,157,201,2
11,123,50,0.5,0.7,0.15,0.1,1,1,2,100,"final","random",5,1445,29,45,11,157,239,1
11,123,50,0.5,0.7,0.15,0.1,1,1,2,100,"final","random",5,1445,29,45,11,157,246,1
11,123,50,0.5,0.7,0.15,0.1,1,1,2,100,"final","random",5,1445,29,45,11,157,265,5
11,123,50,0.5,0.7,0.15,0.1,1,1,2,100,"final","random",5,1445,29,45,11,157,267,1
11,123,50,0.5,0.7,0.15,0.1,1,1,2,100,"final","random",5,1445,29,45,11,157,269,1
11,123,50,0.5,0.7,0.15,0.1,1,1,2,100,"final","random",5,1445,29,45,11,157,272,1
11,123,50,0.5,0.7,0.15,0.1,1,1,2,100,"final","random",5,1445,29,45,11,157,279,2
11,123,50,0.5,0.7,0.15,0.1,1,1,2,100,"final","random",5,1445,29,45,11,157,281,3
11,123,50,0.5,0.7,0.15,0.1,1,1,2,100,"final","random",5,1445,29,45,11,157,292,1
11,123,50,0.5,0.7,0.15,0.1,1,1,2,100,"final","random",5,1445,29,45,11,157,299,1
11,123,50,0.5,0.7,0.15,0.1,1,1,2,100,"final","random",5,1445,29,45,11,157,309,1
11,123,50,0.5,0.7,0.15,0.1,1,1,2,100,"final","random",5,1445,29,45,11,157,312,2
11,123,50,0.5,0.7,0.15,0.1,1,1,2,100,"final","random",5,1445,29,45,11,157,314,3
11,123,50,0.5,0.7,0.15,0.1,1,1,2,100,"final","random",5,1445,29,45,11,157,318,1
11,123,50,0.5,0.7,0.15,0.1,1,1,2,100,"final","random",5,1445,29,45,11,157,320,1
11,123,50,0.5,0.7,0.15,0.1,1,1,2,100,"final","random",5,1445,29,45,11,157,322,1
11,123,50,0.5,0.7,0.15,0.1,1,1,2,100,"final","random",5,1445,29,45,11,157,337,1
11,123,50,0.5,0.7,0.15,0.1,1,1,2,100,"final","random",5,1445,29,45,11,157,349,1
11,123,50,0.5,0.7,0.15,0.1,1,1,2,100,"final","random",5,1445,29,45,11,157,350,1
11,123,50,0.5,0.7,0.15,0.1,1,1,2,100,"final","random",5,1445,29,45,11,157,355,1
11,123,50,0.5,0.7,0.15,0.1,1,1,2,100,"final","random",5,1445,29,45,11,157,359,1
11,123,50,0.5,0.7,0.15,0.1,1,1,2,100,"final","random",5,1445,29,45,11,157,377,1
11,123,50,0.5,0.7,0.15,0.1,1,1,2,100,"final","random",6,1839,37,39,11,157,269,1
11,123,50,0.5,0.7,0.15,0.1,1,1,2,100,"final","random",6,1839,37,39,11,157,310,1
11,123,50,0.5,0.7,0.15,0.1,1,1,2,100,"final","random",6,1839,37,39,11,157,312,1
11,123,50,0.5,0.7,0.15,0.1,1,1,2,100,"final","random",6,1839,37,39,11,157,317,1
11,123,50,0.5,0.7,0.15,0.1,1,1,2,100,"final","random",6,1839,37,39,11,157,318,1
11,123,50,0.5,0.7,0.15,0.1,1,1,2,100,"final","random",6,1839,37,39,11,157,323,1
11,123,50,0.5,0.7,0.15,0.1,1,1,2,100,"final","random",6,1839,37,39,11,157,327,3
11,123,50,0.5,0.7,0.15,0.1,1,1,2,100,"final","random",6,1839,37,39,11,157,336,4
11,123,50,0.5,0.7,0.15,0.1,1,1,2,100,"final","random",6,1839,37,39,11,157,345,2
11,123,50,0.5,0.7,0.15,0.1,1,1,2,100,"final","random",6,1839,37,39,11,157,346,1
11,123,50,0.5,0.7,0.15,0.1,1,1,2,100,"final","random",6,1839,37,39,11,157,349,3
11,123,50,0.5,0.7,0.15,0.1,1,1,2,100,"final","random",6,1839,37,39,11,157,351,1
11,123,50,0.5,0.7,0.15,0.1,1,1,2,100,"final","random",6,1839,37,39,11,157,355,1
11,123,50,0.5,0.7,0.15,0.1,1,1,2,100,"final","random",6,1839,37,39,11,157,359,2
11,123,50,0.5,0.7,0.15,0.1,1,1,2,100,"final","random",6,1839,37,39,11,157,370,1
11,123,50,0.5,0.7,0.15,0.1,1,1,2,100,"final","random",6,1839,37,39,11,157,373,5
11,123,50,0.5,0.7,0.15,0.1,1,1,2,100,"final","random",6,1839,37,39,11,157,377,1
11,123,50,0.5,0.7,0.15,0.1,1,1,2,100,"final","random",6,1839,37,39,11,157,391,2
11,123,50,0.5,0.7,0.15,0.1,1,1,2,100,"final","random",6,1839,37,39,11,157,410,1
11,123,50,0.5,0.7,0.15,0.1,1,1,2,100,"final","random",6,1839,37,39,11,157,411,3
11,123,50,0.5,0.7,0.15,0.1,1,1,2,100,"final","random",7,1997,40,47,11,157,266,1
11,123,50,0.5,0.7,0.15,0.1,1,1,2,100,"final","random",7,1997,40,47,11,157,272,3
11,123,50,0.5,0.7,0.15,0.1,1,1,2,100,"final","random",7,1997,40,47,11,157,273,3
11,123,50,0.5,0.7,0.15,0.1,1,1,2,100,"final","random",7,1997,40,47,11,157,279,5
11,123,50,0.5,0.7,0.15,0.1,1,1,2,100,"final","random",7,1997,40,47,11,157,300,1
11,123,50,0.5,0.7,0.15,0.1,1,1,2,100,"final","random",7,1997,40,47,11,157,309,2
11,123,50,0.5,0.7,0.15,0.1,1,1,2,100,"final","random",7,1997,40,47,11,157,314,3
11,123,50,0.5,0.7,0.15,0.1,1,1,2,100,"final","random",7,1997,40,47,11,157,317,1
11,123,50,0.5,0.7,0.15,0.1,1,1,2,100,"final","random",7,1997,40,47,11,157,318,1
11,123,50,0.5,0.7,0.15,0.1,1,1,2,100,"final","random",7,1997,40,47,11,157,320,1
11,123,50,0.5,0.7,0.15,0.1,1,1,2,100,"final","random",7,1997,40,47,11,157,325,1
11,123,50,0.5,0.7,0.15,0.1,1,1,2,100,"final","random",7,1997,40,47,11,157,327,3
11,123,50,0.5,0.7,0.15,0.1,1,1,2,100,"final","random",7,1997,40,47,11,157,336,2
11,123,50,0.5,0.7,0.15,0.1,1,1,2,100,"final","random",7,1997,40,47,11,157,349,1
11,123,50,0.5,0.7,0.15,0.1,1,1,2,100,"final","random",7,1997,40,47,11,157,358,1
11,123,50,0.5,0.7,0.15,0.1,1,1,2,100,"final","random",7,1997,40,47,11,157,364,1
11,123,50,0.5,0.7,0.15,0.1,1,1,2,100,"final","random",7,1997,40,47,11,157,381,1
11,123,50,0.5,0.7,0.15,0.1,1,1,2,100,"final","random",7,1997,40,47,11,157,387,3
11,123,50,0.5,0.7,0.15,0.1,1,1,2,100,"final","random",7,1997,40,47,11,157,405,1
11,123,50,0.5,0.7,0.15,0.1,1,1,2,100,"final","random",7,1997,40,47,11,157,429,1
11,123,50,0.5,0.7,0.15,0.1,1,1,2,100,"final","random",8,2061,42,11,15,93,429,1
11,123,50,0.5,0.7,0.15,0.1,1,1,2,100,"final","random",8,2061,42,11,15,93,430,1
11,123,50,0.5,0.7,0.15,0.1,1,1,2,100,"final","random",8,2061,42,11,15,93,431,2
11,123,50,0.5,0.7,0.15,0.1,1,1,2,100,"final","random",8,2061,42,11,15,93,456,1
11,123,50,0.5,0.7,0.15,0.1,1,1,2,100,"final","random",8,2061,42,11,15,93,464,2
11,123,50,0.5,0.7,0.15,0.1,1,1,2,100,"final","random",8,2061,42,11,15,93,467,3
11,123,50,0.5,0.7,0.15,0.1,1,1,2,100,"final","random",8,2061,42,11,15,93,475,5
11,123,50,0.5,0.7,0.15,0.1,1,1,2,100,"final","random",8,2061,42,11,15,93,477,2
11,123,50,0.5,0.7,0.15,0.1,1,1,2,100,"final","random",8,2061,42,11,15,93,488,3
11,123,50,0.5,0.7,0.15,0.1,1,1,2,100,"final","random",8,2061,42,11,15,93,499,3
11,123,50,0.5,0.7,0.15,0.1,1,1,2,100,"final","random",8,2061,42,11,15,93,508,2
11,123,50,0.5,0.7,0.15,0.1,1,1,2,100,"final","random",8,2061,42,11,15,93,510,1
11,123,50,0.5,0.7,0.15,0.1,1,1,2,100,"final","random",8,2061,42,11,15,93,513,3
11,123,50,0.5,0.7,0.15,0.1,1,1,2,100,"final","random",8,2061,42,11,15,93,522,2
11,123,50,0.5,0.7,0.15,0.1,1,1,2,100,"final","random",8,2061,42,11,15,93,526,1
11,123,50,0.5,0.7,0.15,0.1,1,1,2,100,"final","random",8,2061,42,11,15,93,559,1
11,123,50,0.5,0.7,0.15,0.1,1,1,2,100,"final","random",9,1537,31,37,11,157,265,1
11,123,50,0.5,0.7,0.15,0.1,1,1,2,100,"final","random",9,1537,31,37,11,157,297,1
11,123,50,0.5,0.7,0.15,0.1,1,1,2,100,"final","random",9,1537,31,37,11,157,310,1
11,123,50,0.5,0.7,0.15,0.1,1,1,2,100,"final","random",9,1537,31,37,11,157,314,2
11,123,50,0.5,0.7,0.15,0.1,1,1,2,100,"final","random",9,1537,31,37,11,157,317,1
11,123,50,0.5,0.7,0.15,0.1,1,1,2,100,"final","random",9,1537,31,37,11,157,318,1
11,123,50,0.5,0.7,0.15,0.1,1,1,2,100,"final","random",9,1537,31,37,11,157,322,5
11,123,50,0.5,0.7,0.15,0.1,1,1,2,100,"final","random",9,1537,31,37,11,157,329,2
11,123,50,0.5,0.7,0.15,0.1,1,1,2,100,"final","random",9,1537,31,37,11,157,336,8
11,123,50,0.5,0.7,0.15,0.1,1,1,2,100,"final","random",9,1537,31,37,11,157,337,1
11,123,50,0.5,0.7,0.15,0.1,1,1,2,100,"final","random",9,1537,31,37,11,157,345,2
11,123,50,0.5,0.7,0.15,0.1,1,1,2,100,"final","random",9,1537,31,37,11,157,346,1
11,123,50,0.5,0.7,0.15,0.1,1,1,2,100,"final","random",9,1537,31,37,11,157,355,2
11,123,50,0.5,0.7,0.15,0.1,1,1,2,100,"final","random",9,1537,31,37,11,157,359,3
11,123,50,0.5,0.7,0.15,0.1,1,1,2,100,"final","random",9,1537,31,37,11,157,377,1
11,123,50,0.5,0.7,0.15,0.1,1,1,2,100,"final","random",9,1537,31,37,11,157,411,4
11,123,50,0.5,0.7,0.15,0.1,1,1,2,100,"final","random",10,1742,35,42,11,157,232,1
11,123,50,0.5,0.7,0.15,0.1,1,1,2,100,"final","random",10,1742,35,42,11,157,279,1
11,123,50,0.5,0.7,0.15,0.1,1,1,2,100,"final","random",10,1742,35,42,11,157,283,1
11,123,50,0.5,0.7,0.15,0.1,1,1,2,100,"final","random",10,1742,35,42,11,157,286,2
11,123,50,0.5,0.7,0.15,0.1,1,1,2,100,"final","random",10,1742,35,42,11,157,291,1
11,123,50,0.5,0.7,0.15,0.1,1,1,2,100,"final","random",10,1742,35,42,11,157,293,1
11,123,50,0.5,0.7,0.15,0.1,1,1,2,100,"final","random",10,1742,35,42,11,157,299,1
11,123,50,0.5,0.7,0.15,0.1,1,1,2,100,"final","random",10,1742,35,42,11,157,314,1
11,123,50,0.5,0.7,0.15,0.1,1,1,2,100,"final","random",10,1742,35,42,11,157,316,4
11,123,50,0.5,0.7,0.15,0.1,1,1,2,100,"final","random",10,1742,35,42,11,157,318,2
11,123,50,0.5,0.7,0.15,0.1,1,1,2,100,"final","random",10,1742,35,42,11,157,327,1
11,123,50,0.5,0.7,0.15,0.1,1,1,2,100,"final","random",10,1742,35,42,11,157,329,1
11,123,50,0.5,0.7,0.15,0.1,1,1,2,100,"final","random",10,1742,35,42,11,157,336,9
11,123,50,0.5,0.7,0.15,0.1,1,1,2,100,"final","random",10,1742,35,42,11,157,346,2
11,123,50,0.5,0.7,0.15,0.1,1,1,2,100,"final","random",10,1742,35,42,11,157,347,1
11,123,50,0.5,0.7,0.15,0.1,1,1,2,100,"final","random",10,1742,35,42,11,157,349,1
11,123,50,0.5,0.7,0.15,0.1,1,1,2,100,"final","random",10,1742,35,42,11,157,355,1
11,123,50,0.5,0.7,0.15,0.1,1,1,2,100,"final","random",10,1742,35,42,11,157,359,2
11,123,50,0.5,0.7,0.15,0.1,1,1,2,100,"final","random",10,1742,35,42,11,157,373,2
11,123,50,0.5,0.7,0.15,0.1,1,1,2,100,"final","random",10,1742,35,42,11,157,391,2
11,123,50,0.5,0.7,0.15,0.1,1,1,2,100,"final","random",11,1866,38,16,15,93,293,1
11,123,50,0.5,0.7,0.15,0.1,1,1,2,100,"final","random",11,1866,38,16,15,93,379,2
11,123,50,0.5,0.7,0.15,0.1,1,1,2,100,"final","random",11,1866,38,16,15,93,386,3
11,123,50,0.5,0.7,0.15,0.1,1,1,2,100,"final","random",11,1866,38,16,15,93,408,1
11,123,50,0.5,0.7,0.15,0.1,1,1,2,100,"final","random",11,1866,38,16,15,93,410,2
11,123,50,0.5,0.7,0.15,0.1,1,1,2,100,"final","random",11,1866,38,16,15,93,417,2
11,123,50,0.5,0.7,0.15,0.1,1,1,2,100,"final","random",11,1866,38,16,15,93,420,1
11,123,50,0.5,0.7,0.15,0.1,1,1,2,100,"final","random",11,1866,38,16,15,93,427,1
11,123,50,0.5,0.7,0.15,0.1,1,1,2,100,"final","random",11,1866,38,16,15,93,429,2
11,123,50,0.5,0.7,0.15,0.1,1,1,2,100,"final","random",11,1866,38,16,15,93,430,4
11,123,50,0.5,0.7,0.15,0.1,1,1,2,100,"final","random",11,1866,38,16,15,93,431,5
11,123,50,0.5,0.7,0.15,0.1,1,1,2,100,"final","random",11,1866,38,16,15,93,439,4
11,123,50,0.5,0.7,0.15,0.1,1,1,2,100,"final","random",11,1866,38,16,15,93,452,1
11,123,50,0.5,0.7,0.15,0.1,1,1,2,100,"final","random",11,1866,38,16,15,93,464,1
11,123,50,0.5,0.7,0.15,0.1,1,1,2,100,"final","random",11,1866,38,16,15,93,467,1
11,123,50,0.5,0.7,0.15,0.1,1,1,2,100,"final","random",11,1866,38,16,15,93,490,1
11,123,50,0.5,0.7,0.15,0.1,1,1,2,100,"final","random",11,1866,38,16,15,93,510,1
11,123,50,0.5,0.7,0.15,0.1,1,1,2,100,"final","random",11,1866,38,16,15,93,513,1
11,123,50,0.5,0.7,0.15,0.1,1,1,2,100,"final","random",12,1663,34,13,15,93,383,4
11,123,50,0.5,0.7,0.15,0.1,1,1,2,100,"final","random",12,1663,34,13,15,93,399,1
11,123,50,0.5,0.7,0.15,0.1,1,1,2,100,"final","random",12,1663,34,13,15,93,410,1
11,123,50,0.5,0.7,0.15,0.1,1,1,2,100,"final","random",12,1663,34,13,15,93,427,1
11,123,50,0.5,0.7,0.15,0.1,1,1,2,100,"final","random",12,1663,34,13,15,93,429,9
11,123,50,0.5,0.7,0.15,0.1,1,1,2,100,"final","random",12,1663,34,13,15,93,430,3
11,123,50,0.5,0.7,0.15,0.1,1,1,2,100,"final","random",12,1663,34,13,15,93,431,2
11,123,50,0.5,0.7,0.15,0.1,1,1,2,100,"final","random",12,1663,34,13,15,93,436,2
11,123,50,0.5,0.7,0.15,0.1,1,1,2,100,"final","random",12,1663,34,13,15,93,439,3
11,123,50,0.5,0.7,0.15,0.1,1,1,2,100,"final","random",12,1663,34,13,15,93,443,4
11,123,50,0.5,0.7,0.15,0.1,1,1,2,100,"final","random",12,1663,34,13,15,93,464,2
11,123,50,0.5,0.7,0.15,0.1,1,1,2,100,"final","random",12,1663,34,13,15,93,471,2
11,123,50,0.5,0.7,0.15,0.1,1,1,2,100,"final","random",12,1663,34,13,15,93,488,1
11,123,50,0.5,0.7,0.15,0.1,1,1,2,100,"final","random",12,1663,34,13,15,93,499,1
11,123,50,0.5,0.7,0.15,0.1,1,1,2,100,"final","random",12,1663,34,13,15,93,501,2
11,123,50,0.5,0.7,0.15,0.1,1,1,2,100,"final","random",12,1663,34,13,15,93,506,1
11,123,50,0.5,0.7,0.15,0.1,1,1,2,100,"final","random",13,363,8,13,4,16,557,1
11,123,50,0.5,0.7,0.15,0.1,1,1,2,100,"final","random",13,363,8,13,4,16,582,1
11,123,50,0.5,0.7,0.15,0.1,1,1,2,100,"final","random",13,363,8,13,4,16,605,1
11,123,50,0.5,0.7,0.15,0.1,1,1,2,100,"final","random",13,363,8,13,4,16,612,1
11,123,50,0.5,0.7,0.15,0.1,1,1,2,100,"final","random",13,363,8,13,4,16,616,2
11,123,50,0.5,0.7,0.15,0.1,1,1,2,100,"final","random",13,363,8,13,4,16,631,3
11,123,50,0.5,0.7,0.15,0.1,1,1,2,100,"final","random",13,363,8,13,4,16,636,1
11,123,50,0.5,0.7,0.15,0.1,1,1,2,100,"final","random",13,363,8,13,4,16,668,1
11,123,50,0.5,0.7,0.15,0.1,1,1,2,100,"final","random",13,363,8,13,4,16,671,1
11,123,50,0.5,0.7,0.15,0.1,1,1,2,100,"final","random",13,363,8,13,4,16,679,6
11,123,50,0.5,0.7,0.15,0.1,1,1,2,100,"final","random",13,363,8,13,4,16,680,8
11,123,50,0.5,0.7,0.15,0.1,1,1,2,100,"final","random",13,363,8,13,4,16,684,1
11,123,50,0.5,0.7,0.15,0.1,1,1,2,100,"final","random",13,363,8,13,4,16,694,1
11,123,50,0.5,0.7,0.15,0.1,1,1,2,100,"final","random",13,363,8,13,4,16,712,1
11,123,50,0.5,0.7,0.15,0.1,1,1,2,100,"final","random",13,363,8,13,4,16,749,7
11,123,50,0.5,0.7,0.15,0.1,1,1,2,100,"final","random",13,363,8,13,4,16,770,2
11,123,50,0.5,0.7,0.15,0.1,1,1,2,100,"final","random",14,1611,33,11,15,93,293,1
11,123,50,0.5,0.7,0.15,0.1,1,1,2,100,"final","random",14,1611,33,11,15,93,347,5
11,123,50,0.5,0.7,0.15,0.1,1,1,2,100,"final","random",14,1611,33,11,15,93,383,3
11,123,50,0.5,0.7,0.15,0.1,1,1,2,100,"final","random",14,1611,33,11,15,93,384,1
11,123,50,0.5,0.7,0.15,0.1,1,1,2,100,"final","random",14,1611,33,11,15,93,410,2
11,123,50,0.5,0.7,0.15,0.1,1,1,2,100,"final","random",14,1611,33,11,15,93,414,1
11,123,50,0.5,0.7,0.15,0.1,1,1,2,100,"final","random",14,1611,33,11,15,93,427,2
11,123,50,0.5,0.7,0.15,0.1,1,1,2,100,"final","random",14,1611,33,11,15,93,431,1
11,123,50,0.5,0.7,0.15,0.1,1,1,2,100,"final","random",14,1611,33,11,15,93,439,1
11,123,50,0.5,0.7,0.15,0.1,1,1,2,100,"final","random",14,1611,33,11,15,93,443,2
11,123,50,0.5,0.7,0.15,0.1,1,1,2,100,"final","random",14,1611,33,11,15,93,471,1
11,123,50,0.5,0.7,0.15,0.1,1,1,2,100,"final","random",15,1242,25,42,11,157,21,1
11,123,50,0.5,0.7,0.15,0.1,1,1,2,100,"final","random",15,1242,25,42,11,157,26,1
11,123,50,0.5,0.7,0.15,0.1,1,1,2,100,"final","random",15,1242,25,42,11,157,32,1
11,123,50,0.5,0.7,0.15,0.1,1,1,2,100,"final","random",15,1242,25,42,11,157,42,1
11,123,50,0.5,0.7,0.15,0.1,1,1,2,100,"final","random",15,1242,25,42,11,157,46,1
11,123,50,0.5,0.7,0.15,0.1,1,1,2,100,"final","random",15,1242,25,42,11,157,57,1
11,123,50,0.5,0.7,0.15,0.1,1,1,2,100,"final","random",15,1242,25,42,11,157,61,1
11,123,50,0.5,0.7,0.15,0.1,1,1,2,100,"final","random",15,1242,25,42,11,157,75,3
11,123,50,0.5,0.7,0.15,0.1,1,1,2,100,"final","random",15,1242,25,42,11,157,76,1
11,123,50,0.5,0.7,0.15,0.1,1,1,2,100,"final","random",15,1242,25,42,11,157,77,6
11,123,50,0.5,0.7,0.15,0.1,1,1,2,100,"final","random",15,1242,25,42,11,157,83,1
11,123,50,0.5,0.7,0.15,0.1,1,1,2,100,"final","random",15,1242,25,42,11,157,108,3
11,123,50,0.5,0.7,0.15,0.1,1,1,2,100,"final","random",15,1242,25,42,11,157,110,3
11,123,50,0.5,0.7,0.15,0.1,1,1,2,100,"final","random",15,1242,25,42,11,157,135,1
11,123,50,0.5,0.7,0.15,0.1,1,1,2,100,"final","random",15,1242,25,42,11,157,138,1
11,123,50,0.5,0.7,0.15,0.1,1,1,2,100,"final","random",15,1242,25,42,11,157,152,3
11,123,50,0.5,0.7,0.15,0.1,1,1,2,100,"final","random",15,1242,25,42,11,157,181,2
11,123,50,0.5,0.7,0.15,0.1,1,1,2,100,"final","random",15,1242,25,42,11,157,185,3
11,123,50,0.5,0.7,0.15,0.1,1,1,2,100,"final","random",15,1242,25,42,11,157,192,1
11,123,50,0.5,0.7,0.15,0.1,1,1,2,100,"final","random",15,1242,25,42,11,157,201,1
11,123,50,0.5,0.7,0.15,0.1,1,1,2,100,"final","random",15,1242,25,42,11,157,214,3
11,123,50,0.5,0.7,0.15,0.1,1,1,2,100,"final","random",15,1242,25,42,11,157,279,1
11,123,50,0.5,0.7,0.15,0.1,1,1,2,100,"final","random",15,1242,25,42,11,157,305,1
11,123,50,0.5,0.7,0.15,0.1,1,1,2,100,"final","random",15,1242,25,42,11,157,343,1
11,123,50,0.5,0.7,0.15,0.1,1,1,2,100,"final","random",16,1646,33,46,11,157,246,1
11,123,50,0.5,0.7,0.15,0.1,1,1,2,100,"final","random",16,1646,33,46,11,157,273,3
11,123,50,0.5,0.7,0.15,0.1,1,1,2,100,"final","random",16,1646,33,46,11,157,279,1
11,123,50,0.5,0.7,0.15,0.1,1,1,2,100,"final","random",16,1646,33,46,11,157,281,1
11,123,50,0.5,0.7,0.15,0.1,1,1,2,100,"final","random",16,1646,33,46,11,157,286,1
11,123,50,0.5,0.7,0.15,0.1,1,1,2,100,"final","random",16,1646,33,46,11,157,292,1
11,123,50,0.5,0.7,0.15,0.1,1,1,2,100,"final","random",16,1646,33,46,11,157,302,2
11,123,50,0.5,0.7,0.15,0.1,1,1,2,100,"final","random",16,1646,33,46,11,157,309,1
11,123,50,0.5,0.7,0.15,0.1,1,1,2,100,"final","random",16,1646,33,46,11,157,310,1
11,123,50,0.5,0.7,0.15,0.1,1,1,2,100,"final","random",16,1646,33,46,11,157,312,1
11,123,50,0.5,0.7,0.15,0.1,1,1,2,100,"final","random",16,1646,33,46,11,157,314,1
11,123,50,0.5,0.7,0.15,0.1,1,1,2,100,"final","random",16,1646,33,46,11,157,318,1
11,123,50,0.5,0.7,0.15,0.1,1,1,2,100,"final","random",16,1646,33,46,11,157,322,1
11,123,50,0.5,0.7,0.15,0.1,1,1,2,100,"final","random",16,1646,33,46,11,157,324,1
11,123,50,0.5,0.7,0.15,0.1,1,1,2,100,"final","random",16,1646,33,46,11,157,327,2
11,123,50,0.5,0.7,0.15,0.1,1,1,2,100,"final","random",16,1646,33,46,11,157,330,1
11,123,50,0.5,0.7,0.15,0.1,1,1,2,100,"final","random",16,1646,33,46,11,157,336,1
11,123,50,0.5,0.7,0.15,0.1,1,1,2,100,"final","random",16,1646,33,46,11,157,343,1
11,123,50,0.5,0.7,0.15,0.1,1,1,2,100,"final","random",16,1646,33,46,11,157,346,2
11,123,50,0.5,0.7,0.15,0.1,1,1,2,100,"final","random",16,1646,33,46,11,157,349,2
11,123,50,0.5,0.7,0.15,0.1,1,1,2,100,"final","random",16,1646,33,46,11,157,350,1
11,123,50,0.5,0.7,0.15,0.1,1,1,2,100,"final","random",16,1646,33,46,11,157,355,1
11,123,50,0.5,0.7,0.15,0.1,1,1,2,100,"final","random",16,1646,33,46,11,157,361,1
11,123,50,0.5,0.7,0.15,0.1,1,1,2,100,"final","random",16,1646,33,46,11,157,395,1
11,123,50,0.5,0.7,0.15,0.1,1,1,2,100,"final","random",16,1646,33,46,11,157,411,6
11,123,50,0.5,0.7,0.15,0.1,1,1,2,100,"final","random",17,2217,45,17,15,93,379,1
11,123,50,0.5,0.7,0.15,0.1,1,1,2,100,"final","random",17,2217,45,17,15,93,386,1
11,123,50,0.5,0.7,0.15,0.1,1,1,2,100,"final","random",17,2217,45,17,15,93,390,1
11,123,50,0.5,0.7,0.15,0.1,1,1,2,100,"final","random",17,2217,45,17,15,93,429,1
11,123,50,0.5,0.7,0.15,0.1,1,1,2,100,"final","random",17,2217,45,17,15,93,430,5
11,123,50,0.5,0.7,0.15,0.1,1,1,2,100,"final","random",17,2217,45,17,15,93,431,2
11,123,50,0.5,0.7,0.15,0.1,1,1,2,100,"final","random",17,2217,45,17,15,93,439,2
11,123,50,0.5,0.7,0.15,0.1,1,1,2,100,"final","random",17,2217,45,17,15,93,443,1
11,123,50,0.5,0.7,0.15,0.1,1,1,2,100,"final","random",17,2217,45,17,15,93,453,2
11,123,50,0.5,0.7,0.15,0.1,1,1,2,100,"final","random",17,2217,45,17,15,93,455,1
11,123,50,0.5,0.7,0.15,0.1,1,1,2,100,"final","random",17,2217,45,17,15,93,456,1
11,123,50,0.5,0.7,0.15,0.1,1,1,2,100,"final","random",17,2217,45,17,15,93,467,2
11,123,50,0.5,0.7,0.15,0.1,1,1,2,100,"final","random",17,2217,45,17,15,93,470,1
11,123,50,0.5,0.7,0.15,0.1,1,1,2,100,"final","random",17,2217,45,17,15,93,474,1
11,123,50,0.5,0.7,0.15,0.1,1,1,2,100,"final","random",17,2217,45,17,15,93,475,2
11,123,50,0.5,0.7,0.15,0.1,1,1,2,100,"final","random",17,2217,45,17,15,93,477,1
11,123,50,0.5,0.7,0.15,0.1,1,1,2,100,"final","random",17,2217,45,17,15,93,478,2
11,123,50,0.5,0.7,0.15,0.1,1,1,2,100,"final","random",17,2217,45,17,15,93,488,4
11,123,50,0.5,0.7,0.15,0.1,1,1,2,100,"final","random",17,2217,45,17,15,93,510,1
11,123,50,0.5,0.7,0.15,0.1,1,1,2,100,"final","random",17,2217,45,17,15,93,527,1
11,123,50,0.5,0.7,0.15,0.1,1,1,2,100,"final","random",17,2217,45,17,15,93,530,1
11,123,50,0.5,0.7,0.15,0.1,1,1,2,100,"final","random",17,2217,45,17,15,93,550,1
11,123,50,0.5,0.7,0.15,0.1,1,1,2,100,"final","random",18,70,2,20,1,7,597,1
11,123,50,0.5,0.7,0.15,0.1,1,1,2,100,"final","random",18,70,2,20,1,7,632,1
11,123,50,0.5,0.7,0.15,0.1,1,1,2,100,"final","random",18,70,2,20,1,7,664,1
11,123,50,0.5,0.7,0.15,0.1,1,1,2,100,"final","random",18,70,2,20,1,7,711,3
11,123,50,0.5,0.7,0.15,0.1,1,1,2,100,"final","random",18,70,2,20,1,7,712,2
11,123,50,0.5,0.7,0.15,0.1,1,1,2,100,"final","random",18,70,2,20,1,7,718,1
11,123,50,0.5,0.7,0.15,0.1,1,1,2,100,"final","random",18,70,2,20,1,7,742,2
11,123,50,0.5,0.7,0.15,0.1,1,1,2,100,"final","random",18,70,2,20,1,7,749,2
11,123,50,0.5,0.7,0.15,0.1,1,1,2,100,"final","random",18,70,2,20,1,7,780,2
11,123,50,0.5,0.7,0.15,0.1,1,1,2,100,"final","random",18,70,2,20,1,7,788,5
11,123,50,0.5,0.7,0.15,0.1,1,1,2,100,"final","random",18,70,2,20,1,7,795,2
11,123,50,0.5,0.7,0.15,0.1,1,1,2,100,"final","random",19,1343,27,43,11,157,106,2
11,123,50,0.5,0.7,0.15,0.1,1,1,2,100,"final","random",19,1343,27,43,11,157,117,1
11,123,50,0.5,0.7,0.15,0.1,1,1,2,100,"final","random",19,1343,27,43,11,157,138,3
11,123,50,0.5,0.7,0.15,0.1,1,1,2,100,"final","random",19,1343,27,43,11,157,152,2
11,123,50,0.5,0.7,0.15,0.1,1,1,2,100,"final","random",19,1343,27,43,11,157,201,1
11,123,50,0.5,0.7,0.15,0.1,1,1,2,100,"final","random",19,1343,27,43,11,157,214,1
11,123,50,0.5,0.7,0.15,0.1,1,1,2,100,"final","random",19,1343,27,43,11,157,215,1
11,123,50,0.5,0.7,0.15,0.1,1,1,2,100,"final","random",19,1343,27,43,11,157,217,1
11,123,50,0.5,0.7,0.15,0.1,1,1,2,100,"final","random",19,1343,27,43,11,157,225,1
11,123,50,0.5,0.7,0.15,0.1,1,1,2,100,"final","random",19,1343,27,43,11,157,232,3
11,123,50,0.5,0.7,0.15,0.1,1,1,2,100,"final","random",19,1343,27,43,11,157,255,1
11,123,50,0.5,0.7,0.15,0.1,1,1,2,100,"final","random",19,1343,27,43,11,157,257,1
11,123,50,0.5,0.7,0.15,0.1,1,1,2,100,"final","random",19,1343,27,43,11,157,265,4
11,123,50,0.5,0.7,0.15,0.1,1,1,2,100,"final","random",19,1343,27,43,11,157,277,1
11,123,50,0.5,0.7,0.15,0.1,1,1,2,100,"final","random",19,1343,27,43,11,157,280,1
11,123,50,0.5,0.7,0.15,0.1,1,1,2,100,"final","random",19,1343,27,43,11,157,281,3
11,123,50,0.5,0.7,0.15,0.1,1,1,2,100,"final","random",19,1343,27,43,11,157,293,1
11,123,50,0.5,0.7,0.15,0.1,1,1,2,100,"final","random",19,1343,27,43,11,157,299,1
11,123,50,0.5,0.7,0.15,0.1,1,1,2,100,"final","random",19,1343,27,43,11,157,309,2
11,123,50,0.5,0.7,0.15,0.1,1,1,2,100,"final","random",19,1343,27,43,11,157,322,2
11,123,50,0.5,0.7,0.15,0.1,1,1,2,100,"final","random",19,1343,27,43,11,157,336,1
11,123,50,0.5,0.7,0.15,0.1,1,1,2,100,"final","random",19,1343,27,43,11,157,350,1
11,123,50,0.5,0.7,0.15,0.1,1,1,2,100,"final","random",19,1343,27,43,11,157,351,2
11,123,50,0.5,0.7,0.15,0.1,1,1,2,100,"final","random",19,1343,27,43,11,157,359,1
11,123,50,0.5,0.7,0.15,0.1,1,1,2,100,"final","random",20,2322,47,22,2,23,427,1
11,123,50,0.5,0.7,0.15,0.1,1,1,2,100,"final","random",20,2322,47,22,2,23,431,1
11,123,50,0.5,0.7,0.15,0.1,1,1,2,100,"final","random",20,2322,47,22,2,23,522,3
11,123,50,0.5,0.7,0.15,0.1,1,1,2,100,"final","random",20,2322,47,22,2,23,524,4
11,123,50,0.5,0.7,0.15,0.1,1,1,2,100,"final","random",20,2322,47,22,2,23,530,1
11,123,50,0.5,0.7,0.15,0.1,1,1,2,100,"final","random",20,2322,47,22,2,23,535,1
11,123,50,0.5,0.7,0.15,0.1,1,1,2,100,"final","random",20,2322,47,22,2,23,543,2
11,123,50,0.5,0.7,0.15,0.1,1,1,2,100,"final","random",20,2322,47,22,2,23,544,1
11,123,50,0.5,0.7,0.15,0.1,1,1,2,100,"final","random",20,2322,47,22,2,23,558,1
11,123,50,0.5,0.7,0.15,0.1,1,1,2,100,"final","random",20,2322,47,22,2,23,559,1
11,123,50,0.5,0.7,0.15,0.1,1,1,2,100,"final","random",20,2322,47,22,2,23,568,3
11,123,50,0.5,0.7,0.15,0.1,1,1,2,100,"final","random",20,2322,47,22,2,23,569,4
11,123,50,0.5,0.7,0.15,0.1,1,1,2,100,"final","random",20,2322,47,22,2,23,581,1
11,123,50,0.5,0.7,0.15,0.1,1,1,2,100,"final","random",20,2322,47,22,2,23,636,1
11,123,50,0.5,0.7,0.15,0.1,1,1,2,100,"final","random",21,1642,33,42,11,157,279,2
11,123,50,0.5,0.7,0.15,0.1,1,1,2,100,"final","random",21,1642,33,42,11,157,292,1
11,123,50,0.5,0.7,0.15,0.1,1,1,2,100,"final","random",21,1642,33,42,11,157,293,1
11,123,50,0.5,0.7,0.15,0.1,1,1,2,100,"final","random",21,1642,33,42,11,157,316,1
11,123,50,0.5,0.7,0.15,0.1,1,1,2,100,"final","random",21,1642,33,42,11,157,318,2
11,123,50,0.5,0.7,0.15,0.1,1,1,2,100,"final","random",21,1642,33,42,11,157,322,2
11,123,50,0.5,0.7,0.15,0.1,1,1,2,100,"final","random",21,1642,33,42,11,157,325,1
11,123,50,0.5,0.7,0.15,0.1,1,1,2,100,"final","random",21,1642,33,42,11,157,329,3
11,123,50,0.5,0.7,0.15,0.1,1,1,2,100,"final","random",21,1642,33,42,11,157,336,6
11,123,50,0.5,0.7,0.15,0.1,1,1,2,100,"final","random",21,1642,33,42,11,157,343,2
11,123,50,0.5,0.7,0.15,0.1,1,1,2,100,"final","random",21,1642,33,42,11,157,345,1
11,123,50,0.5,0.7,0.15,0.1,1,1,2,100,"final","random",21,1642,33,42,11,157,349,5
11,123,50,0.5,0.7,0.15,0.1,1,1,2,100,"final","random",21,1642,33,42,11,157,355,1
11,123,50,0.5,0.7,0.15,0.1,1,1,2,100,"final","random",21,1642,33,42,11,157,359,1
11,123,50,0.5,0.7,0.15,0.1,1,1,2,100,"final","random",21,1642,33,42,11,157,361,1
11,123,50,0.5,0.7,0.15,0.1,1,1,2,100,"final","random",21,1642,33,42,11,157,373,3
11,123,50,0.5,0.7,0.15,0.1,1,1,2,100,"final","random",21,1642,33,42,11,157,383,2
11,123,50,0.5,0.7,0.15,0.1,1,1,2,100,"final","random",21,1642,33,42,11,157,384,1
11,123,50,0.5,0.7,0.15,0.1,1,1,2,100,"final","random",22,861,18,11,7,38,460,1
11,123,50,0.5,0.7,0.15,0.1,1,1,2,100,"final","random",22,861,18,11,7,38,486,2
11,123,50,0.5,0.7,0.15,0.1,1,1,2,100,"final","random",22,861,18,11,7,38,542,2
11,123,50,0.5,0.7,0.15,0.1,1,1,2,100,"final","random",22,861,18,11,7,38,557,1
11,123,50,0.5,0.7,0.15,0.1,1,1,2,100,"final","random",22,861,18,11,7,38,558,1
11,123,50,0.5,0.7,0.15,0.1,1,1,2,100,"final","random",22,861,18,11,7,38,566,1
11,123,50,0.5,0.7,0.15,0.1,1,1,2,100,"final","random",22,861,18,11,7,38,577,1
11,123,50,0.5,0.7,0.15,0.1,1,1,2,100,"final","random",22,861,18,11,7,38,580,2
11,123,50,0.5,0.7,0.15,0.1,1,1,2,100,"final","random",22,861,18,11,7,38,582,1
11,123,50,0.5,0.7,0.15,0.1,1,1,2,100,"final","random",22,861,18,11,7,38,590,4
11,123,50,0.5,0.7,0.15,0.1,1,1,2,100,"final","random",22,861,18,11,7,38,601,1
11,123,50,0.5,0.7,0.15,0.1,1,1,2,100,"final","random",22,861,18,11,7,38,602,1
11,123,50,0.5,0.7,0.15,0.1,1,1,2,100,"final","random",22,861,18,11,7,38,612,5
11,123,50,0.5,0.7,0.15,0.1,1,1,2,100,"final","random",22,861,18,11,7,38,628,1
11,123,50,0.5,0.7,0.15,0.1,1,1,2,100,"final","random",22,861,18,11,7,38,631,2
11,123,50,0.5,0.7,0.15,0.1,1,1,2,100,"final","random",22,861,18,11,7,38,636,6
11,123,50,0.5,0.7,0.15,0.1,1,1,2,100,"final","random",22,861,18,11,7,38,638,2
11,123,50,0.5,0.7,0.15,0.1,1,1,2,100,"final","random",22,861,18,11,7,38,641,1
11,123,50,0.5,0.7,0.15,0.1,1,1,2,100,"final","random",22,861,18,11,7,38,642,1
11,123,50,0.5,0.7,0.15,0.1,1,1,2,100,"final","random",22,861,18,11,7,38,653,1
11,123,50,0.5,0.7,0.15,0.1,1,1,2,100,"final","random",22,861,18,11,7,38,735,1
11,123,50,0.5,0.7,0.15,0.1,1,1,2,100,"final","random",23,1743,35,43,11,157,267,2
11,123,50,0.5,0.7,0.15,0.1,1,1,2,100,"final","random",23,1743,35,43,11,157,271,1
11,123,50,0.5,0.7,0.15,0.1,1,1,2,100,"final","random",23,1743,35,43,11,157,281,1
11,123,50,0.5,0.7,0.15,0.1,1,1,2,100,"final","random",23,1743,35,43,11,157,283,1
11,123,50,0.5,0.7,0.15,0.1,1,1,2,100,"final","random",23,1743,35,43,11,157,293,2
11,123,50,0.5,0.7,0.15,0.1,1,1,2,100,"final","random",23,1743,35,43,11,157,302,2
11,123,50,0.5,0.7,0.15,0.1,1,1,2,100,"final","random",23,1743,35,43,11,157,309,1
11,123,50,0.5,0.7,0.15,0.1,1,1,2,100,"final","random",23,1743,35,43,11,157,314,4
11,123,50,0.5,0.7,0.15,0.1,1,1,2,100,"final","random",23,1743,35,43,11,157,316,1
11,123,50,0.5,0.7,0.15,0.1,1,1,2,100,"final","random",23,1743,35,43,11,157,318,1
11,123,50,0.5,0.7,0.15,0.1,1,1,2,100,"final","random",23,1743,35,43,11,157,320,3
11,123,50,0.5,0.7,0.15,0.1,1,1,2,100,"final","random",23,1743,35,43,11,157,322,3
11,123,50,0.5,0.7,0.15,0.1,1,1,2,100,"final","random",23,1743,35,43,11,157,324,1
11,123,50,0.5,0.7,0.15,0.1,1,1,2,100,"final","random",23,1743,35,43,11,157,325,1
11,123,50,0.5,0.7,0.15,0.1,1,1,2,100,"final","random",23,1743,35,43,11,157,329,1
11,123,50,0.5,0.7,0.15,0.1,1,1,2,100,"final","random",23,1743,35,43,11,157,337,2
11,123,50,0.5,0.7,0.15,0.1,1,1,2,100,"final","random",23,1743,35,43,11,157,343,1
11,123,50,0.5,0.7,0.15,0.1,1,1,2,100,"final","random",23,1743,35,43,11,157,346,1
11,123,50,0.5,0.7,0.15,0.1,1,1,2,100,"final","random",23,1743,35,43,11,157,351,1
11,123,50,0.5,0.7,0.15,0.1,1,1,2,100,"final","random",23,1743,35,43,11,157,355,1
11,123,50,0.5,0.7,0.15,0.1,1,1,2,100,"final","random",23,1743,35,43,11,157,357,1
11,123,50,0.5,0.7,0.15,0.1,1,1,2,100,"final","random",23,1743,35,43,11,157,358,1
11,123,50,0.5,0.7,0.15,0.1,1,1,2,100,"final","random",23,1743,35,43,11,157,359,1
11,123,50,0.5,0.7,0.15,0.1,1,1,2,100,"final","random",23,1743,35,43,11,157,370,1
11,123,50,0.5,0.7,0.15,0.1,1,1,2,100,"final","random",23,1743,35,43,11,157,391,1
11,123,50,0.5,0.7,0.15,0.1,1,1,2,100,"final","random",24,2166,44,16,15,93,379,1
11,123,50,0.5,0.7,0.15,0.1,1,1,2,100,"final","random",24,2166,44,16,15,93,385,2
11,123,50,0.5,0.7,0.15,0.1,1,1,2,100,"final","random",24,2166,44,16,15,93,386,2
11,123,50,0.5,0.7,0.15,0.1,1,1,2,100,"final","random",24,2166,44,16,15,93,417,1
11,123,50,0.5,0.7,0.15,0.1,1,1,2,100,"final","random",24,2166,44,16,15,93,419,1
11,123,50,0.5,0.7,0.15,0.1,1,1,2,100,"final","random",24,2166,44,16,15,93,420,4
11,123,50,0.5,0.7,0.15,0.1,1,1,2,100,"final","random",24,2166,44,16,15,93,430,2
11,123,50,0.5,0.7,0.15,0.1,1,1,2,100,"final","random",24,2166,44,16,15,93,431,2
11,123,50,0.5,0.7,0.15,0.1,1,1,2,100,"final","random",24,2166,44,16,15,93,443,6
11,123,50,0.5,0.7,0.15,0.1,1,1,2,100,"final","random",24,2166,44,16,15,93,452,1
11,123,50,0.5,0.7,0.15,0.1,1,1,2,100,"final","random",24,2166,44,16,15,93,456,1
11,123,50,0.5,0.7,0.15,0.1,1,1,2,100,"final","random",24,2166,44,16,15,93,467,4
11,123,50,0.5,0.7,0.15,0.1,1,1,2,100,"final","random",24,2166,44,16,15,93,470,1
11,123,50,0.5,0.7,0.15,0.1,1,1,2,100,"final","random",24,2166,44,16,15,93,472,1
11,123,50,0.5,0.7,0.15,0.1,1,1,2,100,"final","random",24,2166,44,16,15,93,475,3
11,123,50,0.5,0.7,0.15,0.1,1,1,2,100,"final","random",24,2166,44,16,15,93,477,1
11,123,50,0.5,0.7,0.15,0.1,1,1,2,100,"final","random",24,2166,44,16,15,93,478,1
11,123,50,0.5,0.7,0.15,0.1,1,1,2,100,"final","random",24,2166,44,16,15,93,488,1
11,123,50,0.5,0.7,0.15,0.1,1,1,2,100,"final","random",24,2166,44,16,15,93,501,1
11,123,50,0.5,0.7,0.15,0.1,1,1,2,100,"final","random",24,2166,44,16,15,93,509,1
11,123,50,0.5,0.7,0.15,0.1,1,1,2,100,"final","random",24,2166,44,16,15,93,526,1
11,123,50,0.5,0.7,0.15,0.1,1,1,2,100,"final","random",24,2166,44,16,15,93,528,1
11,123,50,0.5,0.7,0.15,0.1,1,1,2,100,"final","random",25,1636,33,36,11,157,273,1
11,123,50,0.5,0.7,0.15,0.1,1,1,2,100,"final","random",25,1636,33,36,11,157,279,1
11,123,50,0.5,0.7,0.15,0.1,1,1,2,100,"final","random",25,1636,33,36,11,157,300,1
11,123,50,0.5,0.7,0.15,0.1,1,1,2,100,"final","random",25,1636,33,36,11,157,305,1
11,123,50,0.5,0.7,0.15,0.1,1,1,2,100,"final","random",25,1636,33,36,11,157,309,1
11,123,50,0.5,0.7,0.15,0.1,1,1,2,100,"final","random",25,1636,33,36,11,157,310,2
11,123,50,0.5,0.7,0.15,0.1,1,1,2,100,"final","random",25,1636,33,36,11,157,314,2
11,123,50,0.5,0.7,0.15,0.1,1,1,2,100,"final","random",25,1636,33,36,11,157,318,1
11,123,50,0.5,0.7,0.15,0.1,1,1,2,100,"final","random",25,1636,33,36,11,157,320,1
11,123,50,0.5,0.7,0.15,0.1,1,1,2,100,"final","random",25,1636,33,36,11,157,324,1
11,123,50,0.5,0.7,0.15,0.1,1,1,2,100,"final","random",25,1636,33,36,11,157,329,2
11,123,50,0.5,0.7,0.15,0.1,1,1,2,100,"final","random",25,1636,33,36,11,157,333,3
11,123,50,0.5,0.7,0.15,0.1,1,1,2,100,"final","random",25,1636,33,36,11,157,336,3
11,123,50,0.5,0.7,0.15,0.1,1,1,2,100,"final","random",25,1636,33,36,11,157,346,9
11,123,50,0.5,0.7,0.15,0.1,1,1,2,100,"final","random",25,1636,33,36,11,157,350,3
11,123,50,0.5,0.7,0.15,0.1,1,1,2,100,"final","random",25,1636,33,36,11,157,359,4
11,123,50,0.5,0.7,0.15,0.1,1,1,2,100,"final","random",25,1636,33,36,11,157,370,1
11,123,50,0.5,0.7,0.15,0.1,1,1,2,100,"final","random",25,1636,33,36,11,157,383,1
11,123,50,0.5,0.7,0.15,0.1,1,1,2,100,"final","random",25,1636,33,36,11,157,388,1
11,123,50,0.5,0.7,0.15,0.1,1,1,2,100,"final","random",26,257,6,7,3,7,458,1
11,123,50,0.5,0.7,0.15,0.1,1,1,2,100,"final","random",26,257,6,7,3,7,461,5
11,123,50,0.5,0.7,0.15,0.1,1,1,2,100,"final","random",26,257,6,7,3,7,486,1
11,123,50,0.5,0.7,0.15,0.1,1,1,2,100,"final","random",26,257,6,7,3,7,492,4
11,123,50,0.5,0.7,0.15,0.1,1,1,2,100,"final","random",26,257,6,7,3,7,495,1
11,123,50,0.5,0.7,0.15,0.1,1,1,2,100,"final","random",26,257,6,7,3,7,508,1
11,123,50,0.5,0.7,0.15,0.1,1,1,2,100,"final","random",26,257,6,7,3,7,520,12
11,123,50,0.5,0.7,0.15,0.1,1,1,2,100,"final","random",26,257,6,7,3,7,527,5
11,123,50,0.5,0.7,0.15,0.1,1,1,2,100,"final","random",26,257,6,7,3,7,538,1
11,123,50,0.5,0.7,0.15,0.1,1,1,2,100,"final","random",26,257,6,7,3,7,542,7
11,123,50,0.5,0.7,0.15,0.1,1,1,2,100,"final","random",26,257,6,7,3,7,605,2
11,123,50,0.5,0.7,0.15,0.1,1,1,2,100,"final","random",27,207,5,7,3,7,486,2
11,123,50,0.5,0.7,0.15,0.1,1,1,2,100,"final","random",27,207,5,7,3,7,492,4
11,123,50,0.5,0.7,0.15,0.1,1,1,2,100,"final","random",27,207,5,7,3,7,500,3
11,123,50,0.5,0.7,0.15,0.1,1,1,2,100,"final","random",27,207,5,7,3,7,508,2
11,123,50,0.5,0.7,0.15,0.1,1,1,2,100,"final","random",27,207,5,7,3,7,520,4
11,123,50,0.5,0.7,0.15,0.1,1,1,2,100,"final","random",27,207,5,7,3,7,527,2
11,123,50,0.5,0.7,0.15,0.1,1,1,2,100,"final","random",27,207,5,7,3,7,582,1
11,123,50,0.5,0.7,0.15,0.1,1,1,2,100,"final","random",28,2015,41,15,15,93,377,1
11,123,50,0.5,0.7,0.15,0.1,1,1,2,100,"final","random",28,2015,41,15,15,93,389,1
11,123,50,0.5,0.7,0.15,0.1,1,1,2,100,"final","random",28,2015,41,15,15,93,399,1
11,123,50,0.5,0.7,0.15,0.1,1,1,2,100,"final","random",28,2015,41,15,15,93,417,1
11,123,50,0.5,0.7,0.15,0.1,1,1,2,100,"final","random",28,2015,41,15,15,93,420,1
11,123,50,0.5,0.7,0.15,0.1,1,1,2,100,"final","random",28,2015,41,15,15,93,429,2
11,123,50,0.5,0.7,0.15,0.1,1,1,2,100,"final","random",28,2015,41,15,15,93,430,3
11,123,50,0.5,0.7,0.15,0.1,1,1,2,100,"final","random",28,2015,41,15,15,93,431,2
11,123,50,0.5,0.7,0.15,0.1,1,1,2,100,"final","random",28,2015,41,15,15,93,439,1
11,123,50,0.5,0.7,0.15,0.1,1,1,2,100,"final","random",28,2015,41,15,15,93,443,2
11,123,50,0.5,0.7,0.15,0.1,1,1,2,100,"final","random",28,2015,41,15,15,93,452,1
11,123,50,0.5,0.7,0.15,0.1,1,1,2,100,"final","random",28,2015,41,15,15,93,455,1
11,123,50,0.5,0.7,0.15,0.1,1,1,2,100,"final","random",28,2015,41,15,15,93,456,2
11,123,50,0.5,0.7,0.15,0.1,1,1,2,100,"final","random",28,2015,41,15,15,93,475,1
11,123,50,0.5,0.7,0.15,0.1,1,1,2,100,"final","random",28,2015,41,15,15,93,478,6
11,123,50,0.5,0.7,0.15,0.1,1,1,2,100,"final","random",28,2015,41,15,15,93,488,3
11,123,50,0.5,0.7,0.15,0.1,1,1,2,100,"final","random",28,2015,41,15,15,93,513,2
11,123,50,0.5,0.7,0.15,0.1,1,1,2,100,"final","random",28,2015,41,15,15,93,518,1
11,123,50,0.5,0.7,0.15,0.1,1,1,2,100,"final","random",28,2015,41,15,15,93,522,2
11,123,50,0.5,0.7,0.15,0.1,1,1,2,100,"final","random",28,2015,41,15,15,93,526,1
11,123,50,0.5,0.7,0.15,0.1,1,1,2,100,"final","random",29,1243,25,43,11,157,6,1
11,123,50,0.5,0.7,0.15,0.1,1,1,2,100,"final","random",29,1243,25,43,11,157,42,1
11,123,50,0.5,0.7,0.15,0.1,1,1,2,100,"final","random",29,1243,25,43,11,157,59,2
11,123,50,0.5,0.7,0.15,0.1,1,1,2,100,"final","random",29,1243,25,43,11,157,65,1
11,123,50,0.5,0.7,0.15,0.1,1,1,2,100,"final","random",29,1243,25,43,11,157,75,3
11,123,50,0.5,0.7,0.15,0.1,1,1,2,100,"final","random",29,1243,25,43,11,157,77,1
11,123,50,0.5,0.7,0.15,0.1,1,1,2,100,"final","random",29,1243,25,43,11,157,84,3
11,123,50,0.5,0.7,0.15,0.1,1,1,2,100,"final","random",29,1243,25,43,11,157,93,1
11,123,50,0.5,0.7,0.15,0.1,1,1,2,100,"final","random",29,1243,25,43,11,157,117,7
11,123,50,0.5,0.7,0.15,0.1,1,1,2,100,"final","random",29,1243,25,43,11,157,135,3
11,123,50,0.5,0.7,0.15,0.1,1,1,2,100,"final","random",29,1243,25,43,11,157,138,5
11,123,50,0.5,0.7,0.15,0.1,1,1,2,100,"final","random",29,1243,25,43,11,157,161,5
11,123,50,0.5,0.7,0.15,0.1,1,1,2,100,"final","random",29,1243,25,43,11,157,181,1
11,123,50,0.5,0.7,0.15,0.1,1,1,2,100,"final","random",29,1243,25,43,11,157,211,1
11,123,50,0.5,0.7,0.15,0.1,1,1,2,100,"final","random",29,1243,25,43,11,157,247,1
11,123,50,0.5,0.7,0.15,0.1,1,1,2,100,"final","random",29,1243,25,43,11,157,273,1
11,123,50,0.5,0.7,0.15,0.1,1,1,2,100,"final","random",30,1391,28,41,11,157,214,1
11,123,50,0.5,0.7,0.15,0.1,1,1,2,100,"final","random",30,1391,28,41,11,157,225,2
11,123,50,0.5,0.7,0.15,0.1,1,1,2,100,"final","random",30,1391,28,41,11,157,265,3
11,123,50,0.5,0.7,0.15,0.1,1,1,2,100,"final","random",30,1391,28,41,11,157,272,1
11,123,50,0.5,0.7,0.15,0.1,1,1,2,100,"final","random",30,1391,28,41,11,157,273,1
11,123,50,0.5,0.7,0.15,0.1,1,1,2,100,"final","random",30,1391,28,41,11,157,279,2
11,123,50,0.5,0.7,0.15,0.1,1,1,2,100,"final","random",30,1391,28,41,11,157,286,2
11,123,50,0.5,0.7,0.15,0.1,1,1,2,100,"final","random",30,1391,28,41,11,157,293,4
11,123,50,0.5,0.7,0.15,0.1,1,1,2,100,"final","random",30,1391,28,41,11,157,299,3
11,123,50,0.5,0.7,0.15,0.1,1,1,2,100,"final","random",30,1391,28,41,11,157,305,1
11,123,50,0.5,0.7,0.15,0.1,1,1,2,100,"final","random",30,1391,28,41,11,157,312,2
11,123,50,0.5,0.7,0.15,0.1,1,1,2,100,"final","random",30,1391,28,41,11,157,322,2
11,123,50,0.5,0.7,0.15,0.1,1,1,2,100,"final","random",30,1391,28,41,11,157,323,1
11,123,50,0.5,0.7,0.15,0.1,1,1,2,100,"final","random",30,1391,28,41,11,157,324,1
11,123,50,0.5,0.7,0.15,0.1,1,1,2,100,"final","random",30,1391,28,41,11,157,325,2
11,123,50,0.5,0.7,0.15,0.1,1,1,2,100,"final","random",30,1391,28,41,11,157,327,1
11,123,50,0.5,0.7,0.15,0.1,1,1,2,100,"final","random",30,1391,28,41,11,157,329,1
11,123,50,0.5,0.7,0.15,0.1,1,1,2,100,"final","random",30,1391,28,41,11,157,336,2
11,123,50,0.5,0.7,0.15,0.1,1,1,2,100,"final","random",30,1391,28,41,11,157,343,1
11,123,50,0.5,0.7,0.15,0.1,1,1,2,100,"final","random",30,1391,28,41,11,157,346,1
