sample_id,cell_id,x_loc,y_loc,patch_id,patch_size,sim_id,master_seed,step,step_label,grid_size,ac_amount,fragmentation,samp_method,species_id,n,replicate_num
1,15,1,15,1,369,22,876,40,post_fragmentation,50,0.7,0.2,chessboard,524,1,2
1,15,1,15,1,369,22,876,40,post_fragmentation,50,0.7,0.2,chessboard,527,1,2
1,15,1,15,1,369,22,876,40,post_fragmentation,50,0.7,0.2,chessboard,545,1,2
1,15,1,15,1,369,22,876,40,post_fragmentation,50,0.7,0.2,chessboard,564,1,2
1,15,1,15,1,369,22,876,40,post_fragmentation,50,0.7,0.2,chessboard,572,1,2
1,15,1,15,1,369,22,876,40,post_fragmentation,50,0.7,0.2,chessboard,580,1,2
1,15,1,15,1,369,22,876,40,post_fragmentation,50,0.7,0.2,chessboard,581,1,2
1,15,1,15,1,369,22,876,40,post_fragmentation,50,0.7,0.2,chessboard,589,4,2
1,15,1,15,1,369,22,876,40,post_fragmentation,50,0.7,0.2,chessboard,650,1,2
1,15,1,15,1,369,22,876,40,post_fragmentation,50,0.7,0.2,chessboard,653,2,2
1,15,1,15,1,369,22,876,40,post_fragmentation,50,0.7,0.2,chessboard,656,2,2
1,15,1,15,1,369,22,876,40,post_fragmentation,50,0.7,0.2,chessboard,661,1,2
1,15,1,15,1,369,22,876,40,post_fragmentation,50,0.7,0.2,chessboard,663,2,2
1,15,1,15,1,369,22,876,40,post_fragmentation,50,0.7,0.2,chessboard,675,2,2
1,15,1,15,1,369,22,876,40,post_fragmentation,50,0.7,0.2,chessboard,689,1,2
1,15,1,15,1,369,22,876,40,post_fragmentation,50,0.7,0.2,chessboard,696,3,2
1,15,1,15,1,369,22,876,40,post_fragmentation,50,0.7,0.2,chessboard,700,3,2
1,15,1,15,1,369,22,876,40,post_fragmentation,50,0.7,0.2,chessboard,707,1,2
1,15,1,15,1,369,22,876,40,post_fragmentation,50,0.7,0.2,chessboard,748,3,2
1,15,1,15,1,369,22,876,40,post_fragmentation,50,0.7,0.2,chessboard,752,1,2
1,15,1,15,1,369,22,876,40,post_fragmentation,50,0.7,0.2,chessboard,774,1,2
1,15,1,15,1,369,22,876,40,post_fragmentation,50,0.7,0.2,chessboard,799,1,2
2,17,1,17,1,369,22,876,40,post_fragmentation,50,0.7,0.2,chessboard,357,1,2
2,17,1,17,1,369,22,876,40,post_fragmentation,50,0.7,0.2,chessboard,455,1,2
2,17,1,17,1,369,22,876,40,post_fragmentation,50,0.7,0.2,chessboard,503,1,2
2,17,1,17,1,369,22,876,40,post_fragmentation,50,0.7,0.2,chessboard,504,1,2
2,17,1,17,1,369,22,876,40,post_fragmentation,50,0.7,0.2,chessboard,514,2,2
2,17,1,17,1,369,22,876,40,post_fragmentation,50,0.7,0.2,chessboard,521,1,2
2,17,1,17,1,369,22,876,40,post_fragmentation,50,0.7,0.2,chessboard,526,1,2
2,17,1,17,1,369,22,876,40,post_fragmentation,50,0.7,0.2,chessboard,527,2,2
2,17,1,17,1,369,22,876,40,post_fragmentation,50,0.7,0.2,chessboard,546,1,2
2,17,1,17,1,369,22,876,40,post_fragmentation,50,0.7,0.2,chessboard,550,3,2
2,17,1,17,1,369,22,876,40,post_fragmentation,50,0.7,0.2,chessboard,564,1,2
2,17,1,17,1,369,22,876,40,post_fragmentation,50,0.7,0.2,chessboard,572,3,2
2,17,1,17,1,369,22,876,40,post_fragmentation,50,0.7,0.2,chessboard,580,4,2
2,17,1,17,1,369,22,876,40,post_fragmentation,50,0.7,0.2,chessboard,581,2,2
2,17,1,17,1,369,22,876,40,post_fragmentation,50,0.7,0.2,chessboard,584,1,2
2,17,1,17,1,369,22,876,40,post_fragmentation,50,0.7,0.2,chessboard,589,3,2
2,17,1,17,1,369,22,876,40,post_fragmentation,50,0.7,0.2,chessboard,610,1,2
2,17,1,17,1,369,22,876,40,post_fragmentation,50,0.7,0.2,chessboard,635,1,2
2,17,1,17,1,369,22,876,40,post_fragmentation,50,0.7,0.2,chessboard,650,2,2
2,17,1,17,1,369,22,876,40,post_fragmentation,50,0.7,0.2,chessboard,656,1,2
2,17,1,17,1,369,22,876,40,post_fragmentation,50,0.7,0.2,chessboard,663,1,2
2,17,1,17,1,369,22,876,40,post_fragmentation,50,0.7,0.2,chessboard,669,1,2
2,17,1,17,1,369,22,876,40,post_fragmentation,50,0.7,0.2,chessboard,675,3,2
2,17,1,17,1,369,22,876,40,post_fragmentation,50,0.7,0.2,chessboard,679,1,2
2,17,1,17,1,369,22,876,40,post_fragmentation,50,0.7,0.2,chessboard,696,1,2
2,17,1,17,1,369,22,876,40,post_fragmentation,50,0.7,0.2,chessboard,700,3,2
3,19,1,19,1,369,22,876,40,post_fragmentation,50,0.7,0.2,chessboard,396,1,2
3,19,1,19,1,369,22,876,40,post_fragmentation,50,0.7,0.2,chessboard,407,1,2
3,19,1,19,1,369,22,876,40,post_fragmentation,50,0.7,0.2,chessboard,427,1,2
3,19,1,19,1,369,22,876,40,post_fragmentation,50,0.7,0.2,chessboard,449,1,2
3,19,1,19,1,369,22,876,40,post_fragmentation,50,0.7,0.2,chessboard,450,3,2
3,19,1,19,1,369,22,876,40,post_fragmentation,50,0.7,0.2,chessboard,471,1,2
3,19,1,19,1,369,22,876,40,post_fragmentation,50,0.7,0.2,chessboard,487,3,2
3,19,1,19,1,369,22,876,40,post_fragmentation,50,0.7,0.2,chessboard,488,1,2
3,19,1,19,1,369,22,876,40,post_fragmentation,50,0.7,0.2,chessboard,501,1,2
3,19,1,19,1,369,22,876,40,post_fragmentation,50,0.7,0.2,chessboard,506,4,2
3,19,1,19,1,369,22,876,40,post_fragmentation,50,0.7,0.2,chessboard,514,1,2
3,19,1,19,1,369,22,876,40,post_fragmentation,50,0.7,0.2,chessboard,516,1,2
3,19,1,19,1,369,22,876,40,post_fragmentation,50,0.7,0.2,chessboard,521,5,2
3,19,1,19,1,369,22,876,40,post_fragmentation,50,0.7,0.2,chessboard,524,3,2
3,19,1,19,1,369,22,876,40,post_fragmentation,50,0.7,0.2,chessboard,526,2,2
3,19,1,19,1,369,22,876,40,post_fragmentation,50,0.7,0.2,chessboard,527,1,2
3,19,1,19,1,369,22,876,40,post_fragmentation,50,0.7,0.2,chessboard,546,2,2
3,19,1,19,1,369,22,876,40,post_fragmentation,50,0.7,0.2,chessboard,564,2,2
3,19,1,19,1,369,22,876,40,post_fragmentation,50,0.7,0.2,chessboard,578,1,2
3,19,1,19,1,369,22,876,40,post_fragmentation,50,0.7,0.2,chessboard,663,1,2
3,19,1,19,1,369,22,876,40,post_fragmentation,50,0.7,0.2,chessboard,729,1,2
4,21,1,21,1,369,22,876,40,post_fragmentation,50,0.7,0.2,chessboard,278,1,2
4,21,1,21,1,369,22,876,40,post_fragmentation,50,0.7,0.2,chessboard,308,1,2
4,21,1,21,1,369,22,876,40,post_fragmentation,50,0.7,0.2,chessboard,396,1,2
4,21,1,21,1,369,22,876,40,post_fragmentation,50,0.7,0.2,chessboard,431,1,2
4,21,1,21,1,369,22,876,40,post_fragmentation,50,0.7,0.2,chessboard,432,1,2
4,21,1,21,1,369,22,876,40,post_fragmentation,50,0.7,0.2,chessboard,433,3,2
4,21,1,21,1,369,22,876,40,post_fragmentation,50,0.7,0.2,chessboard,438,1,2
4,21,1,21,1,369,22,876,40,post_fragmentation,50,0.7,0.2,chessboard,441,1,2
4,21,1,21,1,369,22,876,40,post_fragmentation,50,0.7,0.2,chessboard,449,4,2
4,21,1,21,1,369,22,876,40,post_fragmentation,50,0.7,0.2,chessboard,471,2,2
4,21,1,21,1,369,22,876,40,post_fragmentation,50,0.7,0.2,chessboard,486,1,2
4,21,1,21,1,369,22,876,40,post_fragmentation,50,0.7,0.2,chessboard,487,1,2
4,21,1,21,1,369,22,876,40,post_fragmentation,50,0.7,0.2,chessboard,504,1,2
4,21,1,21,1,369,22,876,40,post_fragmentation,50,0.7,0.2,chessboard,506,1,2
4,21,1,21,1,369,22,876,40,post_fragmentation,50,0.7,0.2,chessboard,526,1,2
4,21,1,21,1,369,22,876,40,post_fragmentation,50,0.7,0.2,chessboard,527,1,2
4,21,1,21,1,369,22,876,40,post_fragmentation,50,0.7,0.2,chessboard,540,1,2
4,21,1,21,1,369,22,876,40,post_fragmentation,50,0.7,0.2,chessboard,546,1,2
4,21,1,21,1,369,22,876,40,post_fragmentation,50,0.7,0.2,chessboard,547,2,2
4,21,1,21,1,369,22,876,40,post_fragmentation,50,0.7,0.2,chessboard,559,2,2
4,21,1,21,1,369,22,876,40,post_fragmentation,50,0.7,0.2,chessboard,572,4,2
4,21,1,21,1,369,22,876,40,post_fragmentation,50,0.7,0.2,chessboard,589,1,2
4,21,1,21,1,369,22,876,40,post_fragmentation,50,0.7,0.2,chessboard,597,1,2
4,21,1,21,1,369,22,876,40,post_fragmentation,50,0.7,0.2,chessboard,609,1,2
4,21,1,21,1,369,22,876,40,post_fragmentation,50,0.7,0.2,chessboard,610,1,2
5,23,1,23,1,369,22,876,40,post_fragmentation,50,0.7,0.2,chessboard,355,1,2
5,23,1,23,1,369,22,876,40,post_fragmentation,50,0.7,0.2,chessboard,432,1,2
5,23,1,23,1,369,22,876,40,post_fragmentation,50,0.7,0.2,chessboard,449,2,2
5,23,1,23,1,369,22,876,40,post_fragmentation,50,0.7,0.2,chessboard,482,1,2
5,23,1,23,1,369,22,876,40,post_fragmentation,50,0.7,0.2,chessboard,486,1,2
5,23,1,23,1,369,22,876,40,post_fragmentation,50,0.7,0.2,chessboard,504,2,2
5,23,1,23,1,369,22,876,40,post_fragmentation,50,0.7,0.2,chessboard,524,2,2
5,23,1,23,1,369,22,876,40,post_fragmentation,50,0.7,0.2,chessboard,526,3,2
5,23,1,23,1,369,22,876,40,post_fragmentation,50,0.7,0.2,chessboard,546,4,2
5,23,1,23,1,369,22,876,40,post_fragmentation,50,0.7,0.2,chessboard,547,1,2
5,23,1,23,1,369,22,876,40,post_fragmentation,50,0.7,0.2,chessboard,554,1,2
5,23,1,23,1,369,22,876,40,post_fragmentation,50,0.7,0.2,chessboard,558,1,2
5,23,1,23,1,369,22,876,40,post_fragmentation,50,0.7,0.2,chessboard,559,1,2
5,23,1,23,1,369,22,876,40,post_fragmentation,50,0.7,0.2,chessboard,567,1,2
5,23,1,23,1,369,22,876,40,post_fragmentation,50,0.7,0.2,chessboard,572,3,2
5,23,1,23,1,369,22,876,40,post_fragmentation,50,0.7,0.2,chessboard,580,2,2
5,23,1,23,1,369,22,876,40,post_fragmentation,50,0.7,0.2,chessboard,589,1,2
5,23,1,23,1,369,22,876,40,post_fragmentation,50,0.7,0.2,chessboard,597,5,2
5,23,1,23,1,369,22,876,40,post_fragmentation,50,0.7,0.2,chessboard,608,1,2
5,23,1,23,1,369,22,876,40,post_fragmentation,50,0.7,0.2,chessboard,632,2,2
5,23,1,23,1,369,22,876,40,post_fragmentation,50,0.7,0.2,chessboard,660,1,2
5,23,1,23,1,369,22,876,40,post_fragmentation,50,0.7,0.2,chessboard,664,1,2
6,25,1,25,1,369,22,876,40,post_fragmentation,50,0.7,0.2,chessboard,471,1,2
6,25,1,25,1,369,22,876,40,post_fragmentation,50,0.7,0.2,chessboard,486,1,2
6,25,1,25,1,369,22,876,40,post_fragmentation,50,0.7,0.2,chessboard,514,1,2
6,25,1,25,1,369,22,876,40,post_fragmentation,50,0.7,0.2,chessboard,518,1,2
6,25,1,25,1,369,22,876,40,post_fragmentation,50,0.7,0.2,chessboard,524,2,2
6,25,1,25,1,369,22,876,40,post_fragmentation,50,0.7,0.2,chessboard,526,1,2
6,25,1,25,1,369,22,876,40,post_fragmentation,50,0.7,0.2,chessboard,535,2,2
6,25,1,25,1,369,22,876,40,post_fragmentation,50,0.7,0.2,chessboard,546,3,2
6,25,1,25,1,369,22,876,40,post_fragmentation,50,0.7,0.2,chessboard,547,2,2
6,25,1,25,1,369,22,876,40,post_fragmentation,50,0.7,0.2,chessboard,559,1,2
6,25,1,25,1,369,22,876,40,post_fragmentation,50,0.7,0.2,chessboard,567,1,2
6,25,1,25,1,369,22,876,40,post_fragmentation,50,0.7,0.2,chessboard,597,4,2
6,25,1,25,1,369,22,876,40,post_fragmentation,50,0.7,0.2,chessboard,609,1,2
6,25,1,25,1,369,22,876,40,post_fragmentation,50,0.7,0.2,chessboard,628,1,2
6,25,1,25,1,369,22,876,40,post_fragmentation,50,0.7,0.2,chessboard,642,2,2
6,25,1,25,1,369,22,876,40,post_fragmentation,50,0.7,0.2,chessboard,660,1,2
6,25,1,25,1,369,22,876,40,post_fragmentation,50,0.7,0.2,chessboard,667,4,2
6,25,1,25,1,369,22,876,40,post_fragmentation,50,0.7,0.2,chessboard,694,2,2
6,25,1,25,1,369,22,876,40,post_fragmentation,50,0.7,0.2,chessboard,729,1,2
6,25,1,25,1,369,22,876,40,post_fragmentation,50,0.7,0.2,chessboard,742,2,2
6,25,1,25,1,369,22,876,40,post_fragmentation,50,0.7,0.2,chessboard,750,1,2
6,25,1,25,1,369,22,876,40,post_fragmentation,50,0.7,0.2,chessboard,751,1,2
6,25,1,25,1,369,22,876,40,post_fragmentation,50,0.7,0.2,chessboard,754,1,2
6,25,1,25,1,369,22,876,40,post_fragmentation,50,0.7,0.2,chessboard,772,1,2
6,25,1,25,1,369,22,876,40,post_fragmentation,50,0.7,0.2,chessboard,774,2,2
7,27,1,27,1,369,22,876,40,post_fragmentation,50,0.7,0.2,chessboard,564,1,2
7,27,1,27,1,369,22,876,40,post_fragmentation,50,0.7,0.2,chessboard,628,1,2
7,27,1,27,1,369,22,876,40,post_fragmentation,50,0.7,0.2,chessboard,704,1,2
7,27,1,27,1,369,22,876,40,post_fragmentation,50,0.7,0.2,chessboard,736,1,2
7,27,1,27,1,369,22,876,40,post_fragmentation,50,0.7,0.2,chessboard,737,2,2
7,27,1,27,1,369,22,876,40,post_fragmentation,50,0.7,0.2,chessboard,739,4,2
7,27,1,27,1,369,22,876,40,post_fragmentation,50,0.7,0.2,chessboard,742,2,2
7,27,1,27,1,369,22,876,40,post_fragmentation,50,0.7,0.2,chessboard,749,1,2
7,27,1,27,1,369,22,876,40,post_fragmentation,50,0.7,0.2,chessboard,750,6,2
7,27,1,27,1,369,22,876,40,post_fragmentation,50,0.7,0.2,chessboard,751,1,2
7,27,1,27,1,369,22,876,40,post_fragmentation,50,0.7,0.2,chessboard,762,1,2
7,27,1,27,1,369,22,876,40,post_fragmentation,50,0.7,0.2,chessboard,768,3,2
7,27,1,27,1,369,22,876,40,post_fragmentation,50,0.7,0.2,chessboard,772,2,2
7,27,1,27,1,369,22,876,40,post_fragmentation,50,0.7,0.2,chessboard,799,1,2
7,27,1,27,1,369,22,876,40,post_fragmentation,50,0.7,0.2,chessboard,801,1,2
7,27,1,27,1,369,22,876,40,post_fragmentation,50,0.7,0.2,chessboard,807,1,2
7,27,1,27,1,369,22,876,40,post_fragmentation,50,0.7,0.2,chessboard,815,3,2
7,27,1,27,1,369,22,876,40,post_fragmentation,50,0.7,0.2,chessboard,828,1,2
7,27,1,27,1,369,22,876,40,post_fragmentation,50,0.7,0.2,chessboard,833,3,2
8,29,1,29,1,369,22,876,40,post_fragmentation,50,0.7,0.2,chessboard,622,1,2
8,29,1,29,1,369,22,876,40,post_fragmentation,50,0.7,0.2,chessboard,642,1,2
8,29,1,29,1,369,22,876,40,post_fragmentation,50,0.7,0.2,chessboard,676,3,2
8,29,1,29,1,369,22,876,40,post_fragmentation,50,0.7,0.2,chessboard,686,1,2
8,29,1,29,1,369,22,876,40,post_fragmentation,50,0.7,0.2,chessboard,722,1,2
8,29,1,29,1,369,22,876,40,post_fragmentation,50,0.7,0.2,chessboard,737,2,2
8,29,1,29,1,369,22,876,40,post_fragmentation,50,0.7,0.2,chessboard,738,2,2
8,29,1,29,1,369,22,876,40,post_fragmentation,50,0.7,0.2,chessboard,739,3,2
8,29,1,29,1,369,22,876,40,post_fragmentation,50,0.7,0.2,chessboard,742,1,2
8,29,1,29,1,369,22,876,40,post_fragmentation,50,0.7,0.2,chessboard,747,1,2
8,29,1,29,1,369,22,876,40,post_fragmentation,50,0.7,0.2,chessboard,750,5,2
8,29,1,29,1,369,22,876,40,post_fragmentation,50,0.7,0.2,chessboard,756,1,2
8,29,1,29,1,369,22,876,40,post_fragmentation,50,0.7,0.2,chessboard,768,1,2
8,29,1,29,1,369,22,876,40,post_fragmentation,50,0.7,0.2,chessboard,772,1,2
8,29,1,29,1,369,22,876,40,post_fragmentation,50,0.7,0.2,chessboard,775,3,2
8,29,1,29,1,369,22,876,40,post_fragmentation,50,0.7,0.2,chessboard,778,2,2
8,29,1,29,1,369,22,876,40,post_fragmentation,50,0.7,0.2,chessboard,790,1,2
8,29,1,29,1,369,22,876,40,post_fragmentation,50,0.7,0.2,chessboard,797,1,2
8,29,1,29,1,369,22,876,40,post_fragmentation,50,0.7,0.2,chessboard,801,1,2
8,29,1,29,1,369,22,876,40,post_fragmentation,50,0.7,0.2,chessboard,820,1,2
8,29,1,29,1,369,22,876,40,post_fragmentation,50,0.7,0.2,chessboard,823,1,2
8,29,1,29,1,369,22,876,40,post_fragmentation,50,0.7,0.2,chessboard,828,3,2
8,29,1,29,1,369,22,876,40,post_fragmentation,50,0.7,0.2,chessboard,833,1,2
8,29,1,29,1,369,22,876,40,post_fragmentation,50,0.7,0.2,chessboard,868,1,2
8,29,1,29,1,369,22,876,40,post_fragmentation,50,0.7,0.2,chessboard,883,1,2
9,58,2,8,1,369,22,876,40,post_fragmentation,50,0.7,0.2,chessboard,657,1,2
9,58,2,8,1,369,22,876,40,post_fragmentation,50,0.7,0.2,chessboard,688,1,2
9,58,2,8,1,369,22,876,40,post_fragmentation,50,0.7,0.2,chessboard,724,1,2
9,58,2,8,1,369,22,876,40,post_fragmentation,50,0.7,0.2,chessboard,725,1,2
9,58,2,8,1,369,22,876,40,post_fragmentation,50,0.7,0.2,chessboard,751,1,2
9,58,2,8,1,369,22,876,40,post_fragmentation,50,0.7,0.2,chessboard,752,3,2
9,58,2,8,1,369,22,876,40,post_fragmentation,50,0.7,0.2,chessboard,756,2,2
9,58,2,8,1,369,22,876,40,post_fragmentation,50,0.7,0.2,chessboard,760,2,2
9,58,2,8,1,369,22,876,40,post_fragmentation,50,0.7,0.2,chessboard,766,2,2
9,58,2,8,1,369,22,876,40,post_fragmentation,50,0.7,0.2,chessboard,783,1,2
9,58,2,8,1,369,22,876,40,post_fragmentation,50,0.7,0.2,chessboard,805,3,2
9,58,2,8,1,369,22,876,40,post_fragmentation,50,0.7,0.2,chessboard,816,2,2
9,58,2,8,1,369,22,876,40,post_fragmentation,50,0.7,0.2,chessboard,827,1,2
9,58,2,8,1,369,22,876,40,post_fragmentation,50,0.7,0.2,chessboard,828,1,2
9,58,2,8,1,369,22,876,40,post_fragmentation,50,0.7,0.2,chessboard,832,1,2
9,58,2,8,1,369,22,876,40,post_fragmentation,50,0.7,0.2,chessboard,836,1,2
9,58,2,8,1,369,22,876,40,post_fragmentation,50,0.7,0.2,chessboard,842,1,2
9,58,2,8,1,369,22,876,40,post_fragmentation,50,0.7,0.2,chessboard,850,4,2
9,58,2,8,1,369,22,876,40,post_fragmentation,50,0.7,0.2,chessboard,854,1,2
9,58,2,8,1,369,22,876,40,post_fragmentation,50,0.7,0.2,chessboard,856,1,2
9,58,2,8,1,369,22,876,40,post_fragmentation,50,0.7,0.2,chessboard,863,1,2
9,58,2,8,1,369,22,876,40,post_fragmentation,50,0.7,0.2,chessboard,869,1,2
9,58,2,8,1,369,22,876,40,post_fragmentation,50,0.7,0.2,chessboard,876,1,2
9,58,2,8,1,369,22,876,40,post_fragmentation,50,0.7,0.2,chessboard,877,1,2
9,58,2,8,1,369,22,876,40,post_fragmentation,50,0.7,0.2,chessboard,879,1,2
9,58,2,8,1,369,22,876,40,post_fragmentation,50,0.7,0.2,chessboard,905,1,2
10,60,2,10,1,369,22,876,40,post_fragmentation,50,0.7,0.2,chessboard,650,2,2
10,60,2,10,1,369,22,876,40,post_fragmentation,50,0.7,0.2,chessboard,661,1,2
10,60,2,10,1,369,22,876,40,post_fragmentation,50,0.7,0.2,chessboard,679,3,2
10,60,2,10,1,369,22,876,40,post_fragmentation,50,0.7,0.2,chessboard,724,1,2
10,60,2,10,1,369,22,876,40,post_fragmentation,50,0.7,0.2,chessboard,725,1,2
10,60,2,10,1,369,22,876,40,post_fragmentation,50,0.7,0.2,chessboard,738,2,2
10,60,2,10,1,369,22,876,40,post_fragmentation,50,0.7,0.2,chessboard,740,1,2
10,60,2,10,1,369,22,876,40,post_fragmentation,50,0.7,0.2,chessboard,748,6,2
10,60,2,10,1,369,22,876,40,post_fragmentation,50,0.7,0.2,chessboard,750,2,2
10,60,2,10,1,369,22,876,40,post_fragmentation,50,0.7,0.2,chessboard,760,1,2
10,60,2,10,1,369,22,876,40,post_fragmentation,50,0.7,0.2,chessboard,762,1,2
10,60,2,10,1,369,22,876,40,post_fragmentation,50,0.7,0.2,chessboard,763,2,2
10,60,2,10,1,369,22,876,40,post_fragmentation,50,0.7,0.2,chessboard,766,1,2
10,60,2,10,1,369,22,876,40,post_fragmentation,50,0.7,0.2,chessboard,783,2,2
10,60,2,10,1,369,22,876,40,post_fragmentation,50,0.7,0.2,chessboard,798,2,2
10,60,2,10,1,369,22,876,40,post_fragmentation,50,0.7,0.2,chessboard,799,1,2
10,60,2,10,1,369,22,876,40,post_fragmentation,50,0.7,0.2,chessboard,805,1,2
10,60,2,10,1,369,22,876,40,post_fragmentation,50,0.7,0.2,chessboard,813,2,2
10,60,2,10,1,369,22,876,40,post_fragmentation,50,0.7,0.2,chessboard,816,1,2
10,60,2,10,1,369,22,876,40,post_fragmentation,50,0.7,0.2,chessboard,828,1,2
10,60,2,10,1,369,22,876,40,post_fragmentation,50,0.7,0.2,chessboard,842,1,2
10,60,2,10,1,369,22,876,40,post_fragmentation,50,0.7,0.2,chessboard,850,4,2
10,60,2,10,1,369,22,876,40,post_fragmentation,50,0.7,0.2,chessboard,858,1,2
10,60,2,10,1,369,22,876,40,post_fragmentation,50,0.7,0.2,chessboard,894,1,2
10,60,2,10,1,369,22,876,40,post_fragmentation,50,0.7,0.2,chessboard,904,1,2
10,60,2,10,1,369,22,876,40,post_fragmentation,50,0.7,0.2,chessboard,908,1,2
11,64,2,14,1,369,22,876,40,post_fragmentation,50,0.7,0.2,chessboard,572,1,2
11,64,2,14,1,369,22,876,40,post_fragmentation,50,0.7,0.2,chessboard,580,1,2
11,64,2,14,1,369,22,876,40,post_fragmentation,50,0.7,0.2,chessboard,581,1,2
11,64,2,14,1,369,22,876,40,post_fragmentation,50,0.7,0.2,chessboard,588,1,2
11,64,2,14,1,369,22,876,40,post_fragmentation,50,0.7,0.2,chessboard,591,1,2
11,64,2,14,1,369,22,876,40,post_fragmentation,50,0.7,0.2,chessboard,656,3,2
11,64,2,14,1,369,22,876,40,post_fragmentation,50,0.7,0.2,chessboard,661,2,2
11,64,2,14,1,369,22,876,40,post_fragmentation,50,0.7,0.2,chessboard,663,1,2
11,64,2,14,1,369,22,876,40,post_fragmentation,50,0.7,0.2,chessboard,669,3,2
11,64,2,14,1,369,22,876,40,post_fragmentation,50,0.7,0.2,chessboard,679,3,2
11,64,2,14,1,369,22,876,40,post_fragmentation,50,0.7,0.2,chessboard,688,1,2
11,64,2,14,1,369,22,876,40,post_fragmentation,50,0.7,0.2,chessboard,696,2,2
11,64,2,14,1,369,22,876,40,post_fragmentation,50,0.7,0.2,chessboard,738,3,2
11,64,2,14,1,369,22,876,40,post_fragmentation,50,0.7,0.2,chessboard,740,1,2
11,64,2,14,1,369,22,876,40,post_fragmentation,50,0.7,0.2,chessboard,748,2,2
11,64,2,14,1,369,22,876,40,post_fragmentation,50,0.7,0.2,chessboard,752,2,2
11,64,2,14,1,369,22,876,40,post_fragmentation,50,0.7,0.2,chessboard,756,1,2
11,64,2,14,1,369,22,876,40,post_fragmentation,50,0.7,0.2,chessboard,778,1,2
11,64,2,14,1,369,22,876,40,post_fragmentation,50,0.7,0.2,chessboard,783,2,2
11,64,2,14,1,369,22,876,40,post_fragmentation,50,0.7,0.2,chessboard,813,1,2
11,64,2,14,1,369,22,876,40,post_fragmentation,50,0.7,0.2,chessboard,887,1,2
12,66,2,16,1,369,22,876,40,post_fragmentation,50,0.7,0.2,chessboard,455,1,2
12,66,2,16,1,369,22,876,40,post_fragmentation,50,0.7,0.2,chessboard,481,1,2
12,66,2,16,1,369,22,876,40,post_fragmentation,50,0.7,0.2,chessboard,498,1,2
12,66,2,16,1,369,22,876,40,post_fragmentation,50,0.7,0.2,chessboard,524,2,2
12,66,2,16,1,369,22,876,40,post_fragmentation,50,0.7,0.2,chessboard,558,1,2
12,66,2,16,1,369,22,876,40,post_fragmentation,50,0.7,0.2,chessboard,572,2,2
12,66,2,16,1,369,22,876,40,post_fragmentation,50,0.7,0.2,chessboard,580,2,2
12,66,2,16,1,369,22,876,40,post_fragmentation,50,0.7,0.2,chessboard,610,1,2
12,66,2,16,1,369,22,876,40,post_fragmentation,50,0.7,0.2,chessboard,615,2,2
12,66,2,16,1,369,22,876,40,post_fragmentation,50,0.7,0.2,chessboard,642,4,2
12,66,2,16,1,369,22,876,40,post_fragmentation,50,0.7,0.2,chessboard,663,2,2
12,66,2,16,1,369,22,876,40,post_fragmentation,50,0.7,0.2,chessboard,669,1,2
12,66,2,16,1,369,22,876,40,post_fragmentation,50,0.7,0.2,chessboard,671,1,2
12,66,2,16,1,369,22,876,40,post_fragmentation,50,0.7,0.2,chessboard,675,5,2
12,66,2,16,1,369,22,876,40,post_fragmentation,50,0.7,0.2,chessboard,679,4,2
12,66,2,16,1,369,22,876,40,post_fragmentation,50,0.7,0.2,chessboard,696,4,2
12,66,2,16,1,369,22,876,40,post_fragmentation,50,0.7,0.2,chessboard,725,1,2
12,66,2,16,1,369,22,876,40,post_fragmentation,50,0.7,0.2,chessboard,729,1,2
12,66,2,16,1,369,22,876,40,post_fragmentation,50,0.7,0.2,chessboard,739,1,2
12,66,2,16,1,369,22,876,40,post_fragmentation,50,0.7,0.2,chessboard,799,1,2
13,68,2,18,1,369,22,876,40,post_fragmentation,50,0.7,0.2,chessboard,355,1,2
13,68,2,18,1,369,22,876,40,post_fragmentation,50,0.7,0.2,chessboard,450,1,2
13,68,2,18,1,369,22,876,40,post_fragmentation,50,0.7,0.2,chessboard,471,2,2
13,68,2,18,1,369,22,876,40,post_fragmentation,50,0.7,0.2,chessboard,514,2,2
13,68,2,18,1,369,22,876,40,post_fragmentation,50,0.7,0.2,chessboard,521,1,2
13,68,2,18,1,369,22,876,40,post_fragmentation,50,0.7,0.2,chessboard,526,1,2
13,68,2,18,1,369,22,876,40,post_fragmentation,50,0.7,0.2,chessboard,527,1,2
13,68,2,18,1,369,22,876,40,post_fragmentation,50,0.7,0.2,chessboard,546,1,2
13,68,2,18,1,369,22,876,40,post_fragmentation,50,0.7,0.2,chessboard,558,1,2
13,68,2,18,1,369,22,876,40,post_fragmentation,50,0.7,0.2,chessboard,578,1,2
13,68,2,18,1,369,22,876,40,post_fragmentation,50,0.7,0.2,chessboard,580,2,2
13,68,2,18,1,369,22,876,40,post_fragmentation,50,0.7,0.2,chessboard,589,4,2
13,68,2,18,1,369,22,876,40,post_fragmentation,50,0.7,0.2,chessboard,597,1,2
13,68,2,18,1,369,22,876,40,post_fragmentation,50,0.7,0.2,chessboard,609,3,2
13,68,2,18,1,369,22,876,40,post_fragmentation,50,0.7,0.2,chessboard,650,2,2
13,68,2,18,1,369,22,876,40,post_fragmentation,50,0.7,0.2,chessboard,656,3,2
13,68,2,18,1,369,22,876,40,post_fragmentation,50,0.7,0.2,chessboard,669,5,2
13,68,2,18,1,369,22,876,40,post_fragmentation,50,0.7,0.2,chessboard,679,2,2
13,68,2,18,1,369,22,876,40,post_fragmentation,50,0.7,0.2,chessboard,696,1,2
13,68,2,18,1,369,22,876,40,post_fragmentation,50,0.7,0.2,chessboard,729,2,2
13,68,2,18,1,369,22,876,40,post_fragmentation,50,0.7,0.2,chessboard,774,1,2
14,70,2,20,1,369,22,876,40,post_fragmentation,50,0.7,0.2,chessboard,358,1,2
14,70,2,20,1,369,22,876,40,post_fragmentation,50,0.7,0.2,chessboard,449,1,2
14,70,2,20,1,369,22,876,40,post_fragmentation,50,0.7,0.2,chessboard,458,1,2
14,70,2,20,1,369,22,876,40,post_fragmentation,50,0.7,0.2,chessboard,486,1,2
14,70,2,20,1,369,22,876,40,post_fragmentation,50,0.7,0.2,chessboard,498,1,2
14,70,2,20,1,369,22,876,40,post_fragmentation,50,0.7,0.2,chessboard,504,1,2
14,70,2,20,1,369,22,876,40,post_fragmentation,50,0.7,0.2,chessboard,506,1,2
14,70,2,20,1,369,22,876,40,post_fragmentation,50,0.7,0.2,chessboard,514,2,2
14,70,2,20,1,369,22,876,40,post_fragmentation,50,0.7,0.2,chessboard,521,1,2
14,70,2,20,1,369,22,876,40,post_fragmentation,50,0.7,0.2,chessboard,526,3,2
14,70,2,20,1,369,22,876,40,post_fragmentation,50,0.7,0.2,chessboard,528,1,2
14,70,2,20,1,369,22,876,40,post_fragmentation,50,0.7,0.2,chessboard,546,1,2
14,70,2,20,1,369,22,876,40,post_fragmentation,50,0.7,0.2,chessboard,547,1,2
14,70,2,20,1,369,22,876,40,post_fragmentation,50,0.7,0.2,chessboard,558,1,2
14,70,2,20,1,369,22,876,40,post_fragmentation,50,0.7,0.2,chessboard,559,1,2
14,70,2,20,1,369,22,876,40,post_fragmentation,50,0.7,0.2,chessboard,564,1,2
14,70,2,20,1,369,22,876,40,post_fragmentation,50,0.7,0.2,chessboard,572,4,2
14,70,2,20,1,369,22,876,40,post_fragmentation,50,0.7,0.2,chessboard,578,1,2
14,70,2,20,1,369,22,876,40,post_fragmentation,50,0.7,0.2,chessboard,580,1,2
14,70,2,20,1,369,22,876,40,post_fragmentation,50,0.7,0.2,chessboard,584,1,2
14,70,2,20,1,369,22,876,40,post_fragmentation,50,0.7,0.2,chessboard,591,1,2
14,70,2,20,1,369,22,876,40,post_fragmentation,50,0.7,0.2,chessboard,609,5,2
14,70,2,20,1,369,22,876,40,post_fragmentation,50,0.7,0.2,chessboard,610,2,2
14,70,2,20,1,369,22,876,40,post_fragmentation,50,0.7,0.2,chessboard,635,1,2
14,70,2,20,1,369,22,876,40,post_fragmentation,50,0.7,0.2,chessboard,663,2,2
14,70,2,20,1,369,22,876,40,post_fragmentation,50,0.7,0.2,chessboard,669,3,2
15,72,2,22,1,369,22,876,40,post_fragmentation,50,0.7,0.2,chessboard,384,1,2
15,72,2,22,1,369,22,876,40,post_fragmentation,50,0.7,0.2,chessboard,438,1,2
15,72,2,22,1,369,22,876,40,post_fragmentation,50,0.7,0.2,chessboard,449,1,2
15,72,2,22,1,369,22,876,40,post_fragmentation,50,0.7,0.2,chessboard,486,1,2
15,72,2,22,1,369,22,876,40,post_fragmentation,50,0.7,0.2,chessboard,504,1,2
15,72,2,22,1,369,22,876,40,post_fragmentation,50,0.7,0.2,chessboard,514,3,2
15,72,2,22,1,369,22,876,40,post_fragmentation,50,0.7,0.2,chessboard,518,1,2
15,72,2,22,1,369,22,876,40,post_fragmentation,50,0.7,0.2,chessboard,521,1,2
15,72,2,22,1,369,22,876,40,post_fragmentation,50,0.7,0.2,chessboard,528,1,2
15,72,2,22,1,369,22,876,40,post_fragmentation,50,0.7,0.2,chessboard,546,1,2
15,72,2,22,1,369,22,876,40,post_fragmentation,50,0.7,0.2,chessboard,547,1,2
15,72,2,22,1,369,22,876,40,post_fragmentation,50,0.7,0.2,chessboard,550,1,2
15,72,2,22,1,369,22,876,40,post_fragmentation,50,0.7,0.2,chessboard,558,5,2
15,72,2,22,1,369,22,876,40,post_fragmentation,50,0.7,0.2,chessboard,559,2,2
15,72,2,22,1,369,22,876,40,post_fragmentation,50,0.7,0.2,chessboard,572,3,2
15,72,2,22,1,369,22,876,40,post_fragmentation,50,0.7,0.2,chessboard,580,4,2
15,72,2,22,1,369,22,876,40,post_fragmentation,50,0.7,0.2,chessboard,588,1,2
15,72,2,22,1,369,22,876,40,post_fragmentation,50,0.7,0.2,chessboard,597,6,2
15,72,2,22,1,369,22,876,40,post_fragmentation,50,0.7,0.2,chessboard,609,2,2
15,72,2,22,1,369,22,876,40,post_fragmentation,50,0.7,0.2,chessboard,661,1,2
16,74,2,24,1,369,22,876,40,post_fragmentation,50,0.7,0.2,chessboard,526,1,2
16,74,2,24,1,369,22,876,40,post_fragmentation,50,0.7,0.2,chessboard,540,1,2
16,74,2,24,1,369,22,876,40,post_fragmentation,50,0.7,0.2,chessboard,546,7,2
16,74,2,24,1,369,22,876,40,post_fragmentation,50,0.7,0.2,chessboard,559,1,2
16,74,2,24,1,369,22,876,40,post_fragmentation,50,0.7,0.2,chessboard,572,2,2
16,74,2,24,1,369,22,876,40,post_fragmentation,50,0.7,0.2,chessboard,578,1,2
16,74,2,24,1,369,22,876,40,post_fragmentation,50,0.7,0.2,chessboard,580,1,2
16,74,2,24,1,369,22,876,40,post_fragmentation,50,0.7,0.2,chessboard,597,3,2
16,74,2,24,1,369,22,876,40,post_fragmentation,50,0.7,0.2,chessboard,609,1,2
16,74,2,24,1,369,22,876,40,post_fragmentation,50,0.7,0.2,chessboard,628,1,2
16,74,2,24,1,369,22,876,40,post_fragmentation,50,0.7,0.2,chessboard,635,1,2
16,74,2,24,1,369,22,876,40,post_fragmentation,50,0.7,0.2,chessboard,652,1,2
16,74,2,24,1,369,22,876,40,post_fragmentation,50,0.7,0.2,chessboard,664,1,2
16,74,2,24,1,369,22,876,40,post_fragmentation,50,0.7,0.2,chessboard,679,2,2
16,74,2,24,1,369,22,876,40,post_fragmentation,50,0.7,0.2,chessboard,738,4,2
16,74,2,24,1,369,22,876,40,post_fragmentation,50,0.7,0.2,chessboard,742,1,2
16,74,2,24,1,369,22,876,40,post_fragmentation,50,0.7,0.2,chessboard,746,1,2
16,74,2,24,1,369,22,876,40,post_fragmentation,50,0.7,0.2,chessboard,750,1,2
16,74,2,24,1,369,22,876,40,post_fragmentation,50,0.7,0.2,chessboard,751,1,2
16,74,2,24,1,369,22,876,40,post_fragmentation,50,0.7,0.2,chessboard,756,2,2
16,74,2,24,1,369,22,876,40,post_fragmentation,50,0.7,0.2,chessboard,772,1,2
16,74,2,24,1,369,22,876,40,post_fragmentation,50,0.7,0.2,chessboard,778,1,2
16,74,2,24,1,369,22,876,40,post_fragmentation,50,0.7,0.2,chessboard,799,1,2
17,76,2,26,1,369,22,876,40,post_fragmentation,50,0.7,0.2,chessboard,604,1,2
17,76,2,26,1,369,22,876,40,post_fragmentation,50,0.7,0.2,chessboard,660,1,2
17,76,2,26,1,369,22,876,40,post_fragmentation,50,0.7,0.2,chessboard,696,1,2
17,76,2,26,1,369,22,876,40,post_fragmentation,50,0.7,0.2,chessboard,738,1,2
17,76,2,26,1,369,22,876,40,post_fragmentation,50,0.7,0.2,chessboard,739,2,2
17,76,2,26,1,369,22,876,40,post_fragmentation,50,0.7,0.2,chessboard,742,2,2
17,76,2,26,1,369,22,876,40,post_fragmentation,50,0.7,0.2,chessboard,749,2,2
17,76,2,26,1,369,22,876,40,post_fragmentation,50,0.7,0.2,chessboard,750,3,2
17,76,2,26,1,369,22,876,40,post_fragmentation,50,0.7,0.2,chessboard,751,2,2
17,76,2,26,1,369,22,876,40,post_fragmentation,50,0.7,0.2,chessboard,762,1,2
17,76,2,26,1,369,22,876,40,post_fragmentation,50,0.7,0.2,chessboard,768,1,2
17,76,2,26,1,369,22,876,40,post_fragmentation,50,0.7,0.2,chessboard,772,7,2
17,76,2,26,1,369,22,876,40,post_fragmentation,50,0.7,0.2,chessboard,774,1,2
17,76,2,26,1,369,22,876,40,post_fragmentation,50,0.7,0.2,chessboard,784,2,2
17,76,2,26,1,369,22,876,40,post_fragmentation,50,0.7,0.2,chessboard,798,1,2
17,76,2,26,1,369,22,876,40,post_fragmentation,50,0.7,0.2,chessboard,801,3,2
17,76,2,26,1,369,22,876,40,post_fragmentation,50,0.7,0.2,chessboard,802,1,2
17,76,2,26,1,369,22,876,40,post_fragmentation,50,0.7,0.2,chessboard,809,1,2
17,76,2,26,1,369,22,876,40,post_fragmentation,50,0.7,0.2,chessboard,828,1,2
17,76,2,26,1,369,22,876,40,post_fragmentation,50,0.7,0.2,chessboard,833,2,2
17,76,2,26,1,369,22,876,40,post_fragmentation,50,0.7,0.2,chessboard,867,1,2
17,76,2,26,1,369,22,876,40,post_fragmentation,50,0.7,0.2,chessboard,868,1,2
17,76,2,26,1,369,22,876,40,post_fragmentation,50,0.7,0.2,chessboard,925,1,2
17,76,2,26,1,369,22,876,40,post_fragmentation,50,0.7,0.2,chessboard,966,1,2
18,78,2,28,1,369,22,876,40,post_fragmentation,50,0.7,0.2,chessboard,622,1,2
18,78,2,28,1,369,22,876,40,post_fragmentation,50,0.7,0.2,chessboard,704,1,2
18,78,2,28,1,369,22,876,40,post_fragmentation,50,0.7,0.2,chessboard,738,1,2
18,78,2,28,1,369,22,876,40,post_fragmentation,50,0.7,0.2,chessboard,742,1,2
18,78,2,28,1,369,22,876,40,post_fragmentation,50,0.7,0.2,chessboard,748,1,2
18,78,2,28,1,369,22,876,40,post_fragmentation,50,0.7,0.2,chessboard,749,1,2
18,78,2,28,1,369,22,876,40,post_fragmentation,50,0.7,0.2,chessboard,750,3,2
18,78,2,28,1,369,22,876,40,post_fragmentation,50,0.7,0.2,chessboard,751,3,2
18,78,2,28,1,369,22,876,40,post_fragmentation,50,0.7,0.2,chessboard,762,1,2
18,78,2,28,1,369,22,876,40,post_fragmentation,50,0.7,0.2,chessboard,768,2,2
18,78,2,28,1,369,22,876,40,post_fragmentation,50,0.7,0.2,chessboard,778,1,2
18,78,2,28,1,369,22,876,40,post_fragmentation,50,0.7,0.2,chessboard,784,4,2
18,78,2,28,1,369,22,876,40,post_fragmentation,50,0.7,0.2,chessboard,797,1,2
18,78,2,28,1,369,22,876,40,post_fragmentation,50,0.7,0.2,chessboard,798,1,2
18,78,2,28,1,369,22,876,40,post_fragmentation,50,0.7,0.2,chessboard,816,1,2
18,78,2,28,1,369,22,876,40,post_fragmentation,50,0.7,0.2,chessboard,820,1,2
18,78,2,28,1,369,22,876,40,post_fragmentation,50,0.7,0.2,chessboard,828,3,2
18,78,2,28,1,369,22,876,40,post_fragmentation,50,0.7,0.2,chessboard,846,1,2
18,78,2,28,1,369,22,876,40,post_fragmentation,50,0.7,0.2,chessboard,850,1,2
18,78,2,28,1,369,22,876,40,post_fragmentation,50,0.7,0.2,chessboard,855,1,2
18,78,2,28,1,369,22,876,40,post_fragmentation,50,0.7,0.2,chessboard,868,2,2
18,78,2,28,1,369,22,876,40,post_fragmentation,50,0.7,0.2,chessboard,890,1,2
18,78,2,28,1,369,22,876,40,post_fragmentation,50,0.7,0.2,chessboard,938,2,2
19,107,3,7,1,369,22,876,40,post_fragmentation,50,0.7,0.2,chessboard,675,1,2
19,107,3,7,1,369,22,876,40,post_fragmentation,50,0.7,0.2,chessboard,689,1,2
19,107,3,7,1,369,22,876,40,post_fragmentation,50,0.7,0.2,chessboard,725,1,2
19,107,3,7,1,369,22,876,40,post_fragmentation,50,0.7,0.2,chessboard,740,1,2
19,107,3,7,1,369,22,876,40,post_fragmentation,50,0.7,0.2,chessboard,793,3,2
19,107,3,7,1,369,22,876,40,post_fragmentation,50,0.7,0.2,chessboard,824,1,2
19,107,3,7,1,369,22,876,40,post_fragmentation,50,0.7,0.2,chessboard,832,5,2
19,107,3,7,1,369,22,876,40,post_fragmentation,50,0.7,0.2,chessboard,836,1,2
19,107,3,7,1,369,22,876,40,post_fragmentation,50,0.7,0.2,chessboard,837,1,2
19,107,3,7,1,369,22,876,40,post_fragmentation,50,0.7,0.2,chessboard,838,1,2
19,107,3,7,1,369,22,876,40,post_fragmentation,50,0.7,0.2,chessboard,842,1,2
19,107,3,7,1,369,22,876,40,post_fragmentation,50,0.7,0.2,chessboard,844,1,2
19,107,3,7,1,369,22,876,40,post_fragmentation,50,0.7,0.2,chessboard,850,4,2
19,107,3,7,1,369,22,876,40,post_fragmentation,50,0.7,0.2,chessboard,856,1,2
19,107,3,7,1,369,22,876,40,post_fragmentation,50,0.7,0.2,chessboard,863,3,2
19,107,3,7,1,369,22,876,40,post_fragmentation,50,0.7,0.2,chessboard,866,1,2
19,107,3,7,1,369,22,876,40,post_fragmentation,50,0.7,0.2,chessboard,879,1,2
19,107,3,7,1,369,22,876,40,post_fragmentation,50,0.7,0.2,chessboard,882,1,2
19,107,3,7,1,369,22,876,40,post_fragmentation,50,0.7,0.2,chessboard,888,1,2
19,107,3,7,1,369,22,876,40,post_fragmentation,50,0.7,0.2,chessboard,892,1,2
19,107,3,7,1,369,22,876,40,post_fragmentation,50,0.7,0.2,chessboard,905,3,2
19,107,3,7,1,369,22,876,40,post_fragmentation,50,0.7,0.2,chessboard,906,1,2
19,107,3,7,1,369,22,876,40,post_fragmentation,50,0.7,0.2,chessboard,921,1,2
19,107,3,7,1,369,22,876,40,post_fragmentation,50,0.7,0.2,chessboard,933,1,2
20,109,3,9,1,369,22,876,40,post_fragmentation,50,0.7,0.2,chessboard,526,1,2
20,109,3,9,1,369,22,876,40,post_fragmentation,50,0.7,0.2,chessboard,671,1,2
20,109,3,9,1,369,22,876,40,post_fragmentation,50,0.7,0.2,chessboard,675,2,2
20,109,3,9,1,369,22,876,40,post_fragmentation,50,0.7,0.2,chessboard,748,2,2
20,109,3,9,1,369,22,876,40,post_fragmentation,50,0.7,0.2,chessboard,752,4,2
20,109,3,9,1,369,22,876,40,post_fragmentation,50,0.7,0.2,chessboard,763,2,2
20,109,3,9,1,369,22,876,40,post_fragmentation,50,0.7,0.2,chessboard,774,2,2
20,109,3,9,1,369,22,876,40,post_fragmentation,50,0.7,0.2,chessboard,783,3,2
20,109,3,9,1,369,22,876,40,post_fragmentation,50,0.7,0.2,chessboard,799,2,2
20,109,3,9,1,369,22,876,40,post_fragmentation,50,0.7,0.2,chessboard,813,2,2
20,109,3,9,1,369,22,876,40,post_fragmentation,50,0.7,0.2,chessboard,838,2,2
20,109,3,9,1,369,22,876,40,post_fragmentation,50,0.7,0.2,chessboard,840,1,2
20,109,3,9,1,369,22,876,40,post_fragmentation,50,0.7,0.2,chessboard,842,3,2
20,109,3,9,1,369,22,876,40,post_fragmentation,50,0.7,0.2,chessboard,844,3,2
20,109,3,9,1,369,22,876,40,post_fragmentation,50,0.7,0.2,chessboard,850,3,2
20,109,3,9,1,369,22,876,40,post_fragmentation,50,0.7,0.2,chessboard,862,2,2
20,109,3,9,1,369,22,876,40,post_fragmentation,50,0.7,0.2,chessboard,866,1,2
20,109,3,9,1,369,22,876,40,post_fragmentation,50,0.7,0.2,chessboard,876,1,2
20,109,3,9,1,369,22,876,40,post_fragmentation,50,0.7,0.2,chessboard,877,1,2
20,109,3,9,1,369,22,876,40,post_fragmentation,50,0.7,0.2,chessboard,882,1,2
20,109,3,9,1,369,22,876,40,post_fragmentation,50,0.7,0.2,chessboard,887,1,2
20,109,3,9,1,369,22,876,40,post_fragmentation,50,0.7,0.2,chessboard,888,1,2
20,109,3,9,1,369,22,876,40,post_fragmentation,50,0.7,0.2,chessboard,942,1,2
21,111,3,11,1,369,22,876,40,post_fragmentation,50,0.7,0.2,chessboard,681,1,2
21,111,3,11,1,369,22,876,40,post_fragmentation,50,0.7,0.2,chessboard,694,1,2
21,111,3,11,1,369,22,876,40,post_fragmentation,50,0.7,0.2,chessboard,740,1,2
21,111,3,11,1,369,22,876,40,post_fragmentation,50,0.7,0.2,chessboard,763,1,2
21,111,3,11,1,369,22,876,40,post_fragmentation,50,0.7,0.2,chessboard,790,1,2
21,111,3,11,1,369,22,876,40,post_fragmentation,50,0.7,0.2,chessboard,813,3,2
21,111,3,11,1,369,22,876,40,post_fragmentation,50,0.7,0.2,chessboard,816,1,2
21,111,3,11,1,369,22,876,40,post_fragmentation,50,0.7,0.2,chessboard,818,1,2
21,111,3,11,1,369,22,876,40,post_fragmentation,50,0.7,0.2,chessboard,824,1,2
21,111,3,11,1,369,22,876,40,post_fragmentation,50,0.7,0.2,chessboard,828,1,2
21,111,3,11,1,369,22,876,40,post_fragmentation,50,0.7,0.2,chessboard,832,2,2
21,111,3,11,1,369,22,876,40,post_fragmentation,50,0.7,0.2,chessboard,842,2,2
21,111,3,11,1,369,22,876,40,post_fragmentation,50,0.7,0.2,chessboard,850,3,2
21,111,3,11,1,369,22,876,40,post_fragmentation,50,0.7,0.2,chessboard,862,1,2
21,111,3,11,1,369,22,876,40,post_fragmentation,50,0.7,0.2,chessboard,863,4,2
21,111,3,11,1,369,22,876,40,post_fragmentation,50,0.7,0.2,chessboard,866,1,2
21,111,3,11,1,369,22,876,40,post_fragmentation,50,0.7,0.2,chessboard,869,3,2
21,111,3,11,1,369,22,876,40,post_fragmentation,50,0.7,0.2,chessboard,877,1,2
21,111,3,11,1,369,22,876,40,post_fragmentation,50,0.7,0.2,chessboard,885,1,2
21,111,3,11,1,369,22,876,40,post_fragmentation,50,0.7,0.2,chessboard,887,1,2
21,111,3,11,1,369,22,876,40,post_fragmentation,50,0.7,0.2,chessboard,888,1,2
21,111,3,11,1,369,22,876,40,post_fragmentation,50,0.7,0.2,chessboard,894,2,2
21,111,3,11,1,369,22,876,40,post_fragmentation,50,0.7,0.2,chessboard,895,1,2
21,111,3,11,1,369,22,876,40,post_fragmentation,50,0.7,0.2,chessboard,905,1,2
21,111,3,11,1,369,22,876,40,post_fragmentation,50,0.7,0.2,chessboard,906,1,2
21,111,3,11,1,369,22,876,40,post_fragmentation,50,0.7,0.2,chessboard,913,1,2
21,111,3,11,1,369,22,876,40,post_fragmentation,50,0.7,0.2,chessboard,917,1,2
21,111,3,11,1,369,22,876,40,post_fragmentation,50,0.7,0.2,chessboard,925,1,2
21,111,3,11,1,369,22,876,40,post_fragmentation,50,0.7,0.2,chessboard,944,1,2
22,113,3,13,1,369,22,876,40,post_fragmentation,50,0.7,0.2,chessboard,675,2,2
22,113,3,13,1,369,22,876,40,post_fragmentation,50,0.7,0.2,chessboard,696,1,2
22,113,3,13,1,369,22,876,40,post_fragmentation,50,0.7,0.2,chessboard,738,3,2
22,113,3,13,1,369,22,876,40,post_fragmentation,50,0.7,0.2,chessboard,748,1,2
22,113,3,13,1,369,22,876,40,post_fragmentation,50,0.7,0.2,chessboard,751,1,2
22,113,3,13,1,369,22,876,40,post_fragmentation,50,0.7,0.2,chessboard,752,2,2
22,113,3,13,1,369,22,876,40,post_fragmentation,50,0.7,0.2,chessboard,758,1,2
22,113,3,13,1,369,22,876,40,post_fragmentation,50,0.7,0.2,chessboard,775,1,2
22,113,3,13,1,369,22,876,40,post_fragmentation,50,0.7,0.2,chessboard,783,1,2
22,113,3,13,1,369,22,876,40,post_fragmentation,50,0.7,0.2,chessboard,799,2,2
22,113,3,13,1,369,22,876,40,post_fragmentation,50,0.7,0.2,chessboard,821,1,2
22,113,3,13,1,369,22,876,40,post_fragmentation,50,0.7,0.2,chessboard,822,1,2
22,113,3,13,1,369,22,876,40,post_fragmentation,50,0.7,0.2,chessboard,824,1,2
22,113,3,13,1,369,22,876,40,post_fragmentation,50,0.7,0.2,chessboard,831,1,2
22,113,3,13,1,369,22,876,40,post_fragmentation,50,0.7,0.2,chessboard,832,4,2
22,113,3,13,1,369,22,876,40,post_fragmentation,50,0.7,0.2,chessboard,836,2,2
22,113,3,13,1,369,22,876,40,post_fragmentation,50,0.7,0.2,chessboard,837,2,2
22,113,3,13,1,369,22,876,40,post_fragmentation,50,0.7,0.2,chessboard,850,2,2
22,113,3,13,1,369,22,876,40,post_fragmentation,50,0.7,0.2,chessboard,865,1,2
22,113,3,13,1,369,22,876,40,post_fragmentation,50,0.7,0.2,chessboard,866,2,2
22,113,3,13,1,369,22,876,40,post_fragmentation,50,0.7,0.2,chessboard,877,1,2
22,113,3,13,1,369,22,876,40,post_fragmentation,50,0.7,0.2,chessboard,879,1,2
22,113,3,13,1,369,22,876,40,post_fragmentation,50,0.7,0.2,chessboard,888,1,2
22,113,3,13,1,369,22,876,40,post_fragmentation,50,0.7,0.2,chessboard,907,1,2
22,113,3,13,1,369,22,876,40,post_fragmentation,50,0.7,0.2,chessboard,925,1,2
22,113,3,13,1,369,22,876,40,post_fragmentation,50,0.7,0.2,chessboard,949,1,2
23,115,3,15,1,369,22,876,40,post_fragmentation,50,0.7,0.2,chessboard,519,1,2
23,115,3,15,1,369,22,876,40,post_fragmentation,50,0.7,0.2,chessboard,554,1,2
23,115,3,15,1,369,22,876,40,post_fragmentation,50,0.7,0.2,chessboard,580,1,2
23,115,3,15,1,369,22,876,40,post_fragmentation,50,0.7,0.2,chessboard,589,1,2
23,115,3,15,1,369,22,876,40,post_fragmentation,50,0.7,0.2,chessboard,597,2,2
23,115,3,15,1,369,22,876,40,post_fragmentation,50,0.7,0.2,chessboard,615,1,2
23,115,3,15,1,369,22,876,40,post_fragmentation,50,0.7,0.2,chessboard,652,1,2
23,115,3,15,1,369,22,876,40,post_fragmentation,50,0.7,0.2,chessboard,656,1,2
23,115,3,15,1,369,22,876,40,post_fragmentation,50,0.7,0.2,chessboard,661,3,2
23,115,3,15,1,369,22,876,40,post_fragmentation,50,0.7,0.2,chessboard,663,1,2
23,115,3,15,1,369,22,876,40,post_fragmentation,50,0.7,0.2,chessboard,669,2,2
23,115,3,15,1,369,22,876,40,post_fragmentation,50,0.7,0.2,chessboard,675,2,2
23,115,3,15,1,369,22,876,40,post_fragmentation,50,0.7,0.2,chessboard,679,1,2
23,115,3,15,1,369,22,876,40,post_fragmentation,50,0.7,0.2,chessboard,689,1,2
23,115,3,15,1,369,22,876,40,post_fragmentation,50,0.7,0.2,chessboard,696,4,2
23,115,3,15,1,369,22,876,40,post_fragmentation,50,0.7,0.2,chessboard,700,1,2
23,115,3,15,1,369,22,876,40,post_fragmentation,50,0.7,0.2,chessboard,738,1,2
23,115,3,15,1,369,22,876,40,post_fragmentation,50,0.7,0.2,chessboard,748,2,2
23,115,3,15,1,369,22,876,40,post_fragmentation,50,0.7,0.2,chessboard,752,1,2
23,115,3,15,1,369,22,876,40,post_fragmentation,50,0.7,0.2,chessboard,760,1,2
23,115,3,15,1,369,22,876,40,post_fragmentation,50,0.7,0.2,chessboard,763,1,2
23,115,3,15,1,369,22,876,40,post_fragmentation,50,0.7,0.2,chessboard,765,2,2
23,115,3,15,1,369,22,876,40,post_fragmentation,50,0.7,0.2,chessboard,817,1,2
23,115,3,15,1,369,22,876,40,post_fragmentation,50,0.7,0.2,chessboard,831,1,2
23,115,3,15,1,369,22,876,40,post_fragmentation,50,0.7,0.2,chessboard,849,2,2
23,115,3,15,1,369,22,876,40,post_fragmentation,50,0.7,0.2,chessboard,869,1,2
24,117,3,17,1,369,22,876,40,post_fragmentation,50,0.7,0.2,chessboard,514,1,2
24,117,3,17,1,369,22,876,40,post_fragmentation,50,0.7,0.2,chessboard,554,1,2
24,117,3,17,1,369,22,876,40,post_fragmentation,50,0.7,0.2,chessboard,559,1,2
24,117,3,17,1,369,22,876,40,post_fragmentation,50,0.7,0.2,chessboard,564,1,2
24,117,3,17,1,369,22,876,40,post_fragmentation,50,0.7,0.2,chessboard,580,3,2
24,117,3,17,1,369,22,876,40,post_fragmentation,50,0.7,0.2,chessboard,589,1,2
24,117,3,17,1,369,22,876,40,post_fragmentation,50,0.7,0.2,chessboard,597,2,2
24,117,3,17,1,369,22,876,40,post_fragmentation,50,0.7,0.2,chessboard,609,1,2
24,117,3,17,1,369,22,876,40,post_fragmentation,50,0.7,0.2,chessboard,615,1,2
24,117,3,17,1,369,22,876,40,post_fragmentation,50,0.7,0.2,chessboard,642,2,2
24,117,3,17,1,369,22,876,40,post_fragmentation,50,0.7,0.2,chessboard,650,3,2
24,117,3,17,1,369,22,876,40,post_fragmentation,50,0.7,0.2,chessboard,652,1,2
24,117,3,17,1,369,22,876,40,post_fragmentation,50,0.7,0.2,chessboard,656,2,2
24,117,3,17,1,369,22,876,40,post_fragmentation,50,0.7,0.2,chessboard,663,4,2
24,117,3,17,1,369,22,876,40,post_fragmentation,50,0.7,0.2,chessboard,669,3,2
24,117,3,17,1,369,22,876,40,post_fragmentation,50,0.7,0.2,chessboard,671,1,2
24,117,3,17,1,369,22,876,40,post_fragmentation,50,0.7,0.2,chessboard,675,1,2
24,117,3,17,1,369,22,876,40,post_fragmentation,50,0.7,0.2,chessboard,679,2,2
24,117,3,17,1,369,22,876,40,post_fragmentation,50,0.7,0.2,chessboard,689,2,2
24,117,3,17,1,369,22,876,40,post_fragmentation,50,0.7,0.2,chessboard,696,1,2
24,117,3,17,1,369,22,876,40,post_fragmentation,50,0.7,0.2,chessboard,725,1,2
24,117,3,17,1,369,22,876,40,post_fragmentation,50,0.7,0.2,chessboard,729,1,2
24,117,3,17,1,369,22,876,40,post_fragmentation,50,0.7,0.2,chessboard,738,1,2
24,117,3,17,1,369,22,876,40,post_fragmentation,50,0.7,0.2,chessboard,751,1,2
25,119,3,19,1,369,22,876,40,post_fragmentation,50,0.7,0.2,chessboard,427,1,2
25,119,3,19,1,369,22,876,40,post_fragmentation,50,0.7,0.2,chessboard,514,1,2
25,119,3,19,1,369,22,876,40,post_fragmentation,50,0.7,0.2,chessboard,540,1,2
25,119,3,19,1,369,22,876,40,post_fragmentation,50,0.7,0.2,chessboard,546,2,2
25,119,3,19,1,369,22,876,40,post_fragmentation,50,0.7,0.2,chessboard,558,1,2
25,119,3,19,1,369,22,876,40,post_fragmentation,50,0.7,0.2,chessboard,572,1,2
25,119,3,19,1,369,22,876,40,post_fragmentation,50,0.7,0.2,chessboard,580,2,2
25,119,3,19,1,369,22,876,40,post_fragmentation,50,0.7,0.2,chessboard,609,5,2
25,119,3,19,1,369,22,876,40,post_fragmentation,50,0.7,0.2,chessboard,610,1,2
25,119,3,19,1,369,22,876,40,post_fragmentation,50,0.7,0.2,chessboard,650,3,2
25,119,3,19,1,369,22,876,40,post_fragmentation,50,0.7,0.2,chessboard,656,1,2
25,119,3,19,1,369,22,876,40,post_fragmentation,50,0.7,0.2,chessboard,663,4,2
25,119,3,19,1,369,22,876,40,post_fragmentation,50,0.7,0.2,chessboard,669,4,2
25,119,3,19,1,369,22,876,40,post_fragmentation,50,0.7,0.2,chessboard,679,1,2
25,119,3,19,1,369,22,876,40,post_fragmentation,50,0.7,0.2,chessboard,696,1,2
25,119,3,19,1,369,22,876,40,post_fragmentation,50,0.7,0.2,chessboard,700,1,2
25,119,3,19,1,369,22,876,40,post_fragmentation,50,0.7,0.2,chessboard,707,1,2
25,119,3,19,1,369,22,876,40,post_fragmentation,50,0.7,0.2,chessboard,729,2,2
25,119,3,19,1,369,22,876,40,post_fragmentation,50,0.7,0.2,chessboard,738,2,2
25,119,3,19,1,369,22,876,40,post_fragmentation,50,0.7,0.2,chessboard,797,1,2
25,119,3,19,1,369,22,876,40,post_fragmentation,50,0.7,0.2,chessboard,859,1,2
26,121,3,21,1,369,22,876,40,post_fragmentation,50,0.7,0.2,chessboard,449,2,2
26,121,3,21,1,369,22,876,40,post_fragmentation,50,0.7,0.2,chessboard,506,1,2
26,121,3,21,1,369,22,876,40,post_fragmentation,50,0.7,0.2,chessboard,518,1,2
26,121,3,21,1,369,22,876,40,post_fragmentation,50,0.7,0.2,chessboard,526,1,2
26,121,3,21,1,369,22,876,40,post_fragmentation,50,0.7,0.2,chessboard,547,2,2
26,121,3,21,1,369,22,876,40,post_fragmentation,50,0.7,0.2,chessboard,554,2,2
26,121,3,21,1,369,22,876,40,post_fragmentation,50,0.7,0.2,chessboard,558,4,2
26,121,3,21,1,369,22,876,40,post_fragmentation,50,0.7,0.2,chessboard,559,2,2
26,121,3,21,1,369,22,876,40,post_fragmentation,50,0.7,0.2,chessboard,564,1,2
26,121,3,21,1,369,22,876,40,post_fragmentation,50,0.7,0.2,chessboard,572,1,2
26,121,3,21,1,369,22,876,40,post_fragmentation,50,0.7,0.2,chessboard,580,1,2
26,121,3,21,1,369,22,876,40,post_fragmentation,50,0.7,0.2,chessboard,597,1,2
26,121,3,21,1,369,22,876,40,post_fragmentation,50,0.7,0.2,chessboard,609,3,2
26,121,3,21,1,369,22,876,40,post_fragmentation,50,0.7,0.2,chessboard,610,1,2
26,121,3,21,1,369,22,876,40,post_fragmentation,50,0.7,0.2,chessboard,635,1,2
26,121,3,21,1,369,22,876,40,post_fragmentation,50,0.7,0.2,chessboard,650,1,2
26,121,3,21,1,369,22,876,40,post_fragmentation,50,0.7,0.2,chessboard,656,1,2
26,121,3,21,1,369,22,876,40,post_fragmentation,50,0.7,0.2,chessboard,660,3,2
26,121,3,21,1,369,22,876,40,post_fragmentation,50,0.7,0.2,chessboard,663,3,2
26,121,3,21,1,369,22,876,40,post_fragmentation,50,0.7,0.2,chessboard,669,2,2
26,121,3,21,1,369,22,876,40,post_fragmentation,50,0.7,0.2,chessboard,679,3,2
26,121,3,21,1,369,22,876,40,post_fragmentation,50,0.7,0.2,chessboard,738,2,2
27,123,3,23,1,369,22,876,40,post_fragmentation,50,0.7,0.2,chessboard,486,1,2
27,123,3,23,1,369,22,876,40,post_fragmentation,50,0.7,0.2,chessboard,488,1,2
27,123,3,23,1,369,22,876,40,post_fragmentation,50,0.7,0.2,chessboard,506,1,2
27,123,3,23,1,369,22,876,40,post_fragmentation,50,0.7,0.2,chessboard,521,1,2
27,123,3,23,1,369,22,876,40,post_fragmentation,50,0.7,0.2,chessboard,547,1,2
27,123,3,23,1,369,22,876,40,post_fragmentation,50,0.7,0.2,chessboard,558,1,2
27,123,3,23,1,369,22,876,40,post_fragmentation,50,0.7,0.2,chessboard,559,1,2
27,123,3,23,1,369,22,876,40,post_fragmentation,50,0.7,0.2,chessboard,580,1,2
27,123,3,23,1,369,22,876,40,post_fragmentation,50,0.7,0.2,chessboard,597,5,2
27,123,3,23,1,369,22,876,40,post_fragmentation,50,0.7,0.2,chessboard,609,1,2
27,123,3,23,1,369,22,876,40,post_fragmentation,50,0.7,0.2,chessboard,610,2,2
27,123,3,23,1,369,22,876,40,post_fragmentation,50,0.7,0.2,chessboard,635,3,2
27,123,3,23,1,369,22,876,40,post_fragmentation,50,0.7,0.2,chessboard,642,1,2
27,123,3,23,1,369,22,876,40,post_fragmentation,50,0.7,0.2,chessboard,660,1,2
27,123,3,23,1,369,22,876,40,post_fragmentation,50,0.7,0.2,chessboard,663,2,2
27,123,3,23,1,369,22,876,40,post_fragmentation,50,0.7,0.2,chessboard,676,4,2
27,123,3,23,1,369,22,876,40,post_fragmentation,50,0.7,0.2,chessboard,679,2,2
27,123,3,23,1,369,22,876,40,post_fragmentation,50,0.7,0.2,chessboard,742,1,2
27,123,3,23,1,369,22,876,40,post_fragmentation,50,0.7,0.2,chessboard,748,1,2
27,123,3,23,1,369,22,876,40,post_fragmentation,50,0.7,0.2,chessboard,751,1,2
27,123,3,23,1,369,22,876,40,post_fragmentation,50,0.7,0.2,chessboard,754,1,2
27,123,3,23,1,369,22,876,40,post_fragmentation,50,0.7,0.2,chessboard,808,1,2
27,123,3,23,1,369,22,876,40,post_fragmentation,50,0.7,0.2,chessboard,873,1,2
28,125,3,25,1,369,22,876,40,post_fragmentation,50,0.7,0.2,chessboard,540,1,2
28,125,3,25,1,369,22,876,40,post_fragmentation,50,0.7,0.2,chessboard,547,1,2
28,125,3,25,1,369,22,876,40,post_fragmentation,50,0.7,0.2,chessboard,663,1,2
28,125,3,25,1,369,22,876,40,post_fragmentation,50,0.7,0.2,chessboard,694,1,2
28,125,3,25,1,369,22,876,40,post_fragmentation,50,0.7,0.2,chessboard,716,1,2
28,125,3,25,1,369,22,876,40,post_fragmentation,50,0.7,0.2,chessboard,738,3,2
28,125,3,25,1,369,22,876,40,post_fragmentation,50,0.7,0.2,chessboard,739,1,2
28,125,3,25,1,369,22,876,40,post_fragmentation,50,0.7,0.2,chessboard,742,4,2
28,125,3,25,1,369,22,876,40,post_fragmentation,50,0.7,0.2,chessboard,743,1,2
28,125,3,25,1,369,22,876,40,post_fragmentation,50,0.7,0.2,chessboard,749,2,2
28,125,3,25,1,369,22,876,40,post_fragmentation,50,0.7,0.2,chessboard,750,3,2
28,125,3,25,1,369,22,876,40,post_fragmentation,50,0.7,0.2,chessboard,751,1,2
28,125,3,25,1,369,22,876,40,post_fragmentation,50,0.7,0.2,chessboard,766,1,2
28,125,3,25,1,369,22,876,40,post_fragmentation,50,0.7,0.2,chessboard,774,6,2
28,125,3,25,1,369,22,876,40,post_fragmentation,50,0.7,0.2,chessboard,778,1,2
28,125,3,25,1,369,22,876,40,post_fragmentation,50,0.7,0.2,chessboard,784,1,2
28,125,3,25,1,369,22,876,40,post_fragmentation,50,0.7,0.2,chessboard,790,1,2
28,125,3,25,1,369,22,876,40,post_fragmentation,50,0.7,0.2,chessboard,797,2,2
28,125,3,25,1,369,22,876,40,post_fragmentation,50,0.7,0.2,chessboard,798,2,2
28,125,3,25,1,369,22,876,40,post_fragmentation,50,0.7,0.2,chessboard,799,1,2
28,125,3,25,1,369,22,876,40,post_fragmentation,50,0.7,0.2,chessboard,801,1,2
28,125,3,25,1,369,22,876,40,post_fragmentation,50,0.7,0.2,chessboard,809,1,2
28,125,3,25,1,369,22,876,40,post_fragmentation,50,0.7,0.2,chessboard,822,1,2
28,125,3,25,1,369,22,876,40,post_fragmentation,50,0.7,0.2,chessboard,827,1,2
28,125,3,25,1,369,22,876,40,post_fragmentation,50,0.7,0.2,chessboard,828,2,2
28,125,3,25,1,369,22,876,40,post_fragmentation,50,0.7,0.2,chessboard,830,2,2
28,125,3,25,1,369,22,876,40,post_fragmentation,50,0.7,0.2,chessboard,848,1,2
28,125,3,25,1,369,22,876,40,post_fragmentation,50,0.7,0.2,chessboard,867,1,2
28,125,3,25,1,369,22,876,40,post_fragmentation,50,0.7,0.2,chessboard,890,1,2
29,127,3,27,1,369,22,876,40,post_fragmentation,50,0.7,0.2,chessboard,738,1,2
29,127,3,27,1,369,22,876,40,post_fragmentation,50,0.7,0.2,chessboard,739,1,2
29,127,3,27,1,369,22,876,40,post_fragmentation,50,0.7,0.2,chessboard,743,1,2
29,127,3,27,1,369,22,876,40,post_fragmentation,50,0.7,0.2,chessboard,747,1,2
29,127,3,27,1,369,22,876,40,post_fragmentation,50,0.7,0.2,chessboard,750,2,2
29,127,3,27,1,369,22,876,40,post_fragmentation,50,0.7,0.2,chessboard,751,1,2
29,127,3,27,1,369,22,876,40,post_fragmentation,50,0.7,0.2,chessboard,754,1,2
29,127,3,27,1,369,22,876,40,post_fragmentation,50,0.7,0.2,chessboard,762,1,2
29,127,3,27,1,369,22,876,40,post_fragmentation,50,0.7,0.2,chessboard,768,2,2
29,127,3,27,1,369,22,876,40,post_fragmentation,50,0.7,0.2,chessboard,772,1,2
29,127,3,27,1,369,22,876,40,post_fragmentation,50,0.7,0.2,chessboard,778,1,2
29,127,3,27,1,369,22,876,40,post_fragmentation,50,0.7,0.2,chessboard,784,2,2
29,127,3,27,1,369,22,876,40,post_fragmentation,50,0.7,0.2,chessboard,790,1,2
29,127,3,27,1,369,22,876,40,post_fragmentation,50,0.7,0.2,chessboard,797,1,2
29,127,3,27,1,369,22,876,40,post_fragmentation,50,0.7,0.2,chessboard,798,1,2
29,127,3,27,1,369,22,876,40,post_fragmentation,50,0.7,0.2,chessboard,799,1,2
29,127,3,27,1,369,22,876,40,post_fragmentation,50,0.7,0.2,chessboard,807,3,2
29,127,3,27,1,369,22,876,40,post_fragmentation,50,0.7,0.2,chessboard,820,1,2
29,127,3,27,1,369,22,876,40,post_fragmentation,50,0.7,0.2,chessboard,825,1,2
29,127,3,27,1,369,22,876,40,post_fragmentation,50,0.7,0.2,chessboard,828,1,2
29,127,3,27,1,369,22,876,40,post_fragmentation,50,0.7,0.2,chessboard,830,2,2
29,127,3,27,1,369,22,876,40,post_fragmentation,50,0.7,0.2,chessboard,836,2,2
29,127,3,27,1,369,22,876,40,post_fragmentation,50,0.7,0.2,chessboard,848,2,2
29,127,3,27,1,369,22,876,40,post_fragmentation,50,0.7,0.2,chessboard,855,1,2
29,127,3,27,1,369,22,876,40,post_fragmentation,50,0.7,0.2,chessboard,867,1,2
29,127,3,27,1,369,22,876,40,post_fragmentation,50,0.7,0.2,chessboard,877,1,2
29,127,3,27,1,369,22,876,40,post_fragmentation,50,0.7,0.2,chessboard,914,1,2
29,127,3,27,1,369,22,876,40,post_fragmentation,50,0.7,0.2,chessboard,925,1,2
29,127,3,27,1,369,22,876,40,post_fragmentation,50,0.7,0.2,chessboard,938,1,2
29,127,3,27,1,369,22,876,40,post_fragmentation,50,0.7,0.2,chessboard,967,1,2
29,127,3,27,1,369,22,876,40,post_fragmentation,50,0.7,0.2,chessboard,982,1,2
29,127,3,27,1,369,22,876,40,post_fragmentation,50,0.7,0.2,chessboard,983,1,2
30,156,4,6,1,369,22,876,40,post_fragmentation,50,0.7,0.2,chessboard,758,1,2
30,156,4,6,1,369,22,876,40,post_fragmentation,50,0.7,0.2,chessboard,824,1,2
30,156,4,6,1,369,22,876,40,post_fragmentation,50,0.7,0.2,chessboard,832,1,2
30,156,4,6,1,369,22,876,40,post_fragmentation,50,0.7,0.2,chessboard,837,1,2
30,156,4,6,1,369,22,876,40,post_fragmentation,50,0.7,0.2,chessboard,850,4,2
30,156,4,6,1,369,22,876,40,post_fragmentation,50,0.7,0.2,chessboard,854,1,2
30,156,4,6,1,369,22,876,40,post_fragmentation,50,0.7,0.2,chessboard,856,1,2
30,156,4,6,1,369,22,876,40,post_fragmentation,50,0.7,0.2,chessboard,862,1,2
30,156,4,6,1,369,22,876,40,post_fragmentation,50,0.7,0.2,chessboard,865,1,2
30,156,4,6,1,369,22,876,40,post_fragmentation,50,0.7,0.2,chessboard,866,1,2
30,156,4,6,1,369,22,876,40,post_fragmentation,50,0.7,0.2,chessboard,877,1,2
30,156,4,6,1,369,22,876,40,post_fragmentation,50,0.7,0.2,chessboard,879,5,2
30,156,4,6,1,369,22,876,40,post_fragmentation,50,0.7,0.2,chessboard,888,1,2
30,156,4,6,1,369,22,876,40,post_fragmentation,50,0.7,0.2,chessboard,892,1,2
30,156,4,6,1,369,22,876,40,post_fragmentation,50,0.7,0.2,chessboard,903,1,2
30,156,4,6,1,369,22,876,40,post_fragmentation,50,0.7,0.2,chessboard,905,1,2
30,156,4,6,1,369,22,876,40,post_fragmentation,50,0.7,0.2,chessboard,906,1,2
30,156,4,6,1,369,22,876,40,post_fragmentation,50,0.7,0.2,chessboard,908,1,2
30,156,4,6,1,369,22,876,40,post_fragmentation,50,0.7,0.2,chessboard,910,2,2
30,156,4,6,1,369,22,876,40,post_fragmentation,50,0.7,0.2,chessboard,913,1,2
30,156,4,6,1,369,22,876,40,post_fragmentation,50,0.7,0.2,chessboard,919,2,2
30,156,4,6,1,369,22,876,40,post_fragmentation,50,0.7,0.2,chessboard,930,4,2
30,156,4,6,1,369,22,876,40,post_fragmentation,50,0.7,0.2,chessboard,942,1,2
30,156,4,6,1,369,22,876,40,post_fragmentation,50,0.7,0.2,chessboard,944,1,2
30,156,4,6,1,369,22,876,40,post_fragmentation,50,0.7,0.2,chessboard,959,1,2
31,158,4,8,1,369,22,876,40,post_fragmentation,50,0.7,0.2,chessboard,725,1,2
31,158,4,8,1,369,22,876,40,post_fragmentation,50,0.7,0.2,chessboard,784,1,2
31,158,4,8,1,369,22,876,40,post_fragmentation,50,0.7,0.2,chessboard,799,1,2
31,158,4,8,1,369,22,876,40,post_fragmentation,50,0.7,0.2,chessboard,805,1,2
31,158,4,8,1,369,22,876,40,post_fragmentation,50,0.7,0.2,chessboard,816,1,2
31,158,4,8,1,369,22,876,40,post_fragmentation,50,0.7,0.2,chessboard,817,2,2
31,158,4,8,1,369,22,876,40,post_fragmentation,50,0.7,0.2,chessboard,824,2,2
31,158,4,8,1,369,22,876,40,post_fragmentation,50,0.7,0.2,chessboard,828,1,2
31,158,4,8,1,369,22,876,40,post_fragmentation,50,0.7,0.2,chessboard,842,3,2
31,158,4,8,1,369,22,876,40,post_fragmentation,50,0.7,0.2,chessboard,844,1,2
31,158,4,8,1,369,22,876,40,post_fragmentation,50,0.7,0.2,chessboard,850,6,2
31,158,4,8,1,369,22,876,40,post_fragmentation,50,0.7,0.2,chessboard,856,1,2
31,158,4,8,1,369,22,876,40,post_fragmentation,50,0.7,0.2,chessboard,863,2,2
31,158,4,8,1,369,22,876,40,post_fragmentation,50,0.7,0.2,chessboard,865,1,2
31,158,4,8,1,369,22,876,40,post_fragmentation,50,0.7,0.2,chessboard,869,1,2
31,158,4,8,1,369,22,876,40,post_fragmentation,50,0.7,0.2,chessboard,876,1,2
31,158,4,8,1,369,22,876,40,post_fragmentation,50,0.7,0.2,chessboard,877,2,2
31,158,4,8,1,369,22,876,40,post_fragmentation,50,0.7,0.2,chessboard,879,1,2
31,158,4,8,1,369,22,876,40,post_fragmentation,50,0.7,0.2,chessboard,882,1,2
31,158,4,8,1,369,22,876,40,post_fragmentation,50,0.7,0.2,chessboard,885,1,2
31,158,4,8,1,369,22,876,40,post_fragmentation,50,0.7,0.2,chessboard,894,2,2
31,158,4,8,1,369,22,876,40,post_fragmentation,50,0.7,0.2,chessboard,910,1,2
31,158,4,8,1,369,22,876,40,post_fragmentation,50,0.7,0.2,chessboard,914,1,2
31,158,4,8,1,369,22,876,40,post_fragmentation,50,0.7,0.2,chessboard,919,1,2
32,160,4,10,1,369,22,876,40,post_fragmentation,50,0.7,0.2,chessboard,783,1,2
32,160,4,10,1,369,22,876,40,post_fragmentation,50,0.7,0.2,chessboard,799,1,2
32,160,4,10,1,369,22,876,40,post_fragmentation,50,0.7,0.2,chessboard,805,1,2
32,160,4,10,1,369,22,876,40,post_fragmentation,50,0.7,0.2,chessboard,813,1,2
32,160,4,10,1,369,22,876,40,post_fragmentation,50,0.7,0.2,chessboard,814,1,2
32,160,4,10,1,369,22,876,40,post_fragmentation,50,0.7,0.2,chessboard,816,1,2
32,160,4,10,1,369,22,876,40,post_fragmentation,50,0.7,0.2,chessboard,827,1,2
32,160,4,10,1,369,22,876,40,post_fragmentation,50,0.7,0.2,chessboard,832,1,2
32,160,4,10,1,369,22,876,40,post_fragmentation,50,0.7,0.2,chessboard,840,2,2
32,160,4,10,1,369,22,876,40,post_fragmentation,50,0.7,0.2,chessboard,842,1,2
32,160,4,10,1,369,22,876,40,post_fragmentation,50,0.7,0.2,chessboard,850,10,2
32,160,4,10,1,369,22,876,40,post_fragmentation,50,0.7,0.2,chessboard,856,1,2
32,160,4,10,1,369,22,876,40,post_fragmentation,50,0.7,0.2,chessboard,863,2,2
32,160,4,10,1,369,22,876,40,post_fragmentation,50,0.7,0.2,chessboard,865,2,2
32,160,4,10,1,369,22,876,40,post_fragmentation,50,0.7,0.2,chessboard,871,1,2
32,160,4,10,1,369,22,876,40,post_fragmentation,50,0.7,0.2,chessboard,876,2,2
32,160,4,10,1,369,22,876,40,post_fragmentation,50,0.7,0.2,chessboard,878,5,2
32,160,4,10,1,369,22,876,40,post_fragmentation,50,0.7,0.2,chessboard,879,2,2
32,160,4,10,1,369,22,876,40,post_fragmentation,50,0.7,0.2,chessboard,882,2,2
32,160,4,10,1,369,22,876,40,post_fragmentation,50,0.7,0.2,chessboard,894,1,2
32,160,4,10,1,369,22,876,40,post_fragmentation,50,0.7,0.2,chessboard,905,1,2
32,160,4,10,1,369,22,876,40,post_fragmentation,50,0.7,0.2,chessboard,931,2,2
32,160,4,10,1,369,22,876,40,post_fragmentation,50,0.7,0.2,chessboard,947,1,2
33,162,4,12,1,369,22,876,40,post_fragmentation,50,0.7,0.2,chessboard,738,1,2
33,162,4,12,1,369,22,876,40,post_fragmentation,50,0.7,0.2,chessboard,766,1,2
33,162,4,12,1,369,22,876,40,post_fragmentation,50,0.7,0.2,chessboard,778,2,2
33,162,4,12,1,369,22,876,40,post_fragmentation,50,0.7,0.2,chessboard,813,2,2
33,162,4,12,1,369,22,876,40,post_fragmentation,50,0.7,0.2,chessboard,814,1,2
33,162,4,12,1,369,22,876,40,post_fragmentation,50,0.7,0.2,chessboard,816,1,2
33,162,4,12,1,369,22,876,40,post_fragmentation,50,0.7,0.2,chessboard,824,3,2
33,162,4,12,1,369,22,876,40,post_fragmentation,50,0.7,0.2,chessboard,837,2,2
33,162,4,12,1,369,22,876,40,post_fragmentation,50,0.7,0.2,chessboard,850,2,2
33,162,4,12,1,369,22,876,40,post_fragmentation,50,0.7,0.2,chessboard,851,1,2
33,162,4,12,1,369,22,876,40,post_fragmentation,50,0.7,0.2,chessboard,856,1,2
33,162,4,12,1,369,22,876,40,post_fragmentation,50,0.7,0.2,chessboard,863,2,2
33,162,4,12,1,369,22,876,40,post_fragmentation,50,0.7,0.2,chessboard,877,1,2
33,162,4,12,1,369,22,876,40,post_fragmentation,50,0.7,0.2,chessboard,879,1,2
33,162,4,12,1,369,22,876,40,post_fragmentation,50,0.7,0.2,chessboard,888,1,2
33,162,4,12,1,369,22,876,40,post_fragmentation,50,0.7,0.2,chessboard,894,4,2
33,162,4,12,1,369,22,876,40,post_fragmentation,50,0.7,0.2,chessboard,895,3,2
33,162,4,12,1,369,22,876,40,post_fragmentation,50,0.7,0.2,chessboard,905,1,2
33,162,4,12,1,369,22,876,40,post_fragmentation,50,0.7,0.2,chessboard,913,5,2
33,162,4,12,1,369,22,876,40,post_fragmentation,50,0.7,0.2,chessboard,928,1,2
33,162,4,12,1,369,22,876,40,post_fragmentation,50,0.7,0.2,chessboard,938,3,2
34,164,4,14,1,369,22,876,40,post_fragmentation,50,0.7,0.2,chessboard,656,1,2
34,164,4,14,1,369,22,876,40,post_fragmentation,50,0.7,0.2,chessboard,669,1,2
34,164,4,14,1,369,22,876,40,post_fragmentation,50,0.7,0.2,chessboard,675,1,2
34,164,4,14,1,369,22,876,40,post_fragmentation,50,0.7,0.2,chessboard,679,1,2
34,164,4,14,1,369,22,876,40,post_fragmentation,50,0.7,0.2,chessboard,696,1,2
34,164,4,14,1,369,22,876,40,post_fragmentation,50,0.7,0.2,chessboard,729,2,2
34,164,4,14,1,369,22,876,40,post_fragmentation,50,0.7,0.2,chessboard,740,1,2
34,164,4,14,1,369,22,876,40,post_fragmentation,50,0.7,0.2,chessboard,748,2,2
34,164,4,14,1,369,22,876,40,post_fragmentation,50,0.7,0.2,chessboard,751,1,2
34,164,4,14,1,369,22,876,40,post_fragmentation,50,0.7,0.2,chessboard,752,3,2
34,164,4,14,1,369,22,876,40,post_fragmentation,50,0.7,0.2,chessboard,766,1,2
34,164,4,14,1,369,22,876,40,post_fragmentation,50,0.7,0.2,chessboard,790,1,2
34,164,4,14,1,369,22,876,40,post_fragmentation,50,0.7,0.2,chessboard,808,1,2
34,164,4,14,1,369,22,876,40,post_fragmentation,50,0.7,0.2,chessboard,811,1,2
34,164,4,14,1,369,22,876,40,post_fragmentation,50,0.7,0.2,chessboard,813,1,2
34,164,4,14,1,369,22,876,40,post_fragmentation,50,0.7,0.2,chessboard,837,4,2
34,164,4,14,1,369,22,876,40,post_fragmentation,50,0.7,0.2,chessboard,844,2,2
34,164,4,14,1,369,22,876,40,post_fragmentation,50,0.7,0.2,chessboard,850,1,2
34,164,4,14,1,369,22,876,40,post_fragmentation,50,0.7,0.2,chessboard,876,1,2
34,164,4,14,1,369,22,876,40,post_fragmentation,50,0.7,0.2,chessboard,879,1,2
34,164,4,14,1,369,22,876,40,post_fragmentation,50,0.7,0.2,chessboard,905,2,2
34,164,4,14,1,369,22,876,40,post_fragmentation,50,0.7,0.2,chessboard,906,1,2
34,164,4,14,1,369,22,876,40,post_fragmentation,50,0.7,0.2,chessboard,915,1,2
34,164,4,14,1,369,22,876,40,post_fragmentation,50,0.7,0.2,chessboard,925,2,2
35,166,4,16,1,369,22,876,40,post_fragmentation,50,0.7,0.2,chessboard,584,1,2
35,166,4,16,1,369,22,876,40,post_fragmentation,50,0.7,0.2,chessboard,609,2,2
35,166,4,16,1,369,22,876,40,post_fragmentation,50,0.7,0.2,chessboard,635,2,2
35,166,4,16,1,369,22,876,40,post_fragmentation,50,0.7,0.2,chessboard,642,1,2
35,166,4,16,1,369,22,876,40,post_fragmentation,50,0.7,0.2,chessboard,652,1,2
35,166,4,16,1,369,22,876,40,post_fragmentation,50,0.7,0.2,chessboard,656,1,2
35,166,4,16,1,369,22,876,40,post_fragmentation,50,0.7,0.2,chessboard,661,2,2
35,166,4,16,1,369,22,876,40,post_fragmentation,50,0.7,0.2,chessboard,663,4,2
35,166,4,16,1,369,22,876,40,post_fragmentation,50,0.7,0.2,chessboard,669,2,2
35,166,4,16,1,369,22,876,40,post_fragmentation,50,0.7,0.2,chessboard,675,1,2
35,166,4,16,1,369,22,876,40,post_fragmentation,50,0.7,0.2,chessboard,679,5,2
35,166,4,16,1,369,22,876,40,post_fragmentation,50,0.7,0.2,chessboard,696,3,2
35,166,4,16,1,369,22,876,40,post_fragmentation,50,0.7,0.2,chessboard,700,1,2
35,166,4,16,1,369,22,876,40,post_fragmentation,50,0.7,0.2,chessboard,738,1,2
35,166,4,16,1,369,22,876,40,post_fragmentation,50,0.7,0.2,chessboard,748,4,2
35,166,4,16,1,369,22,876,40,post_fragmentation,50,0.7,0.2,chessboard,751,1,2
35,166,4,16,1,369,22,876,40,post_fragmentation,50,0.7,0.2,chessboard,752,3,2
35,166,4,16,1,369,22,876,40,post_fragmentation,50,0.7,0.2,chessboard,774,1,2
35,166,4,16,1,369,22,876,40,post_fragmentation,50,0.7,0.2,chessboard,797,1,2
35,166,4,16,1,369,22,876,40,post_fragmentation,50,0.7,0.2,chessboard,814,1,2
35,166,4,16,1,369,22,876,40,post_fragmentation,50,0.7,0.2,chessboard,850,1,2
36,168,4,18,1,369,22,876,40,post_fragmentation,50,0.7,0.2,chessboard,584,1,2
36,168,4,18,1,369,22,876,40,post_fragmentation,50,0.7,0.2,chessboard,589,1,2
36,168,4,18,1,369,22,876,40,post_fragmentation,50,0.7,0.2,chessboard,635,1,2
36,168,4,18,1,369,22,876,40,post_fragmentation,50,0.7,0.2,chessboard,650,3,2
36,168,4,18,1,369,22,876,40,post_fragmentation,50,0.7,0.2,chessboard,652,1,2
36,168,4,18,1,369,22,876,40,post_fragmentation,50,0.7,0.2,chessboard,661,1,2
36,168,4,18,1,369,22,876,40,post_fragmentation,50,0.7,0.2,chessboard,663,6,2
36,168,4,18,1,369,22,876,40,post_fragmentation,50,0.7,0.2,chessboard,669,3,2
36,168,4,18,1,369,22,876,40,post_fragmentation,50,0.7,0.2,chessboard,671,2,2
36,168,4,18,1,369,22,876,40,post_fragmentation,50,0.7,0.2,chessboard,675,3,2
36,168,4,18,1,369,22,876,40,post_fragmentation,50,0.7,0.2,chessboard,681,4,2
36,168,4,18,1,369,22,876,40,post_fragmentation,50,0.7,0.2,chessboard,696,1,2
36,168,4,18,1,369,22,876,40,post_fragmentation,50,0.7,0.2,chessboard,716,1,2
36,168,4,18,1,369,22,876,40,post_fragmentation,50,0.7,0.2,chessboard,738,3,2
36,168,4,18,1,369,22,876,40,post_fragmentation,50,0.7,0.2,chessboard,748,1,2
36,168,4,18,1,369,22,876,40,post_fragmentation,50,0.7,0.2,chessboard,752,5,2
36,168,4,18,1,369,22,876,40,post_fragmentation,50,0.7,0.2,chessboard,762,1,2
36,168,4,18,1,369,22,876,40,post_fragmentation,50,0.7,0.2,chessboard,774,1,2
36,168,4,18,1,369,22,876,40,post_fragmentation,50,0.7,0.2,chessboard,778,1,2
36,168,4,18,1,369,22,876,40,post_fragmentation,50,0.7,0.2,chessboard,817,1,2
37,170,4,20,1,369,22,876,40,post_fragmentation,50,0.7,0.2,chessboard,506,1,2
37,170,4,20,1,369,22,876,40,post_fragmentation,50,0.7,0.2,chessboard,514,1,2
37,170,4,20,1,369,22,876,40,post_fragmentation,50,0.7,0.2,chessboard,559,1,2
37,170,4,20,1,369,22,876,40,post_fragmentation,50,0.7,0.2,chessboard,572,1,2
37,170,4,20,1,369,22,876,40,post_fragmentation,50,0.7,0.2,chessboard,580,2,2
37,170,4,20,1,369,22,876,40,post_fragmentation,50,0.7,0.2,chessboard,597,1,2
37,170,4,20,1,369,22,876,40,post_fragmentation,50,0.7,0.2,chessboard,609,3,2
37,170,4,20,1,369,22,876,40,post_fragmentation,50,0.7,0.2,chessboard,610,1,2
37,170,4,20,1,369,22,876,40,post_fragmentation,50,0.7,0.2,chessboard,635,3,2
37,170,4,20,1,369,22,876,40,post_fragmentation,50,0.7,0.2,chessboard,652,1,2
37,170,4,20,1,369,22,876,40,post_fragmentation,50,0.7,0.2,chessboard,663,6,2
37,170,4,20,1,369,22,876,40,post_fragmentation,50,0.7,0.2,chessboard,669,1,2
37,170,4,20,1,369,22,876,40,post_fragmentation,50,0.7,0.2,chessboard,696,3,2
37,170,4,20,1,369,22,876,40,post_fragmentation,50,0.7,0.2,chessboard,700,1,2
37,170,4,20,1,369,22,876,40,post_fragmentation,50,0.7,0.2,chessboard,720,1,2
37,170,4,20,1,369,22,876,40,post_fragmentation,50,0.7,0.2,chessboard,729,3,2
37,170,4,20,1,369,22,876,40,post_fragmentation,50,0.7,0.2,chessboard,738,4,2
37,170,4,20,1,369,22,876,40,post_fragmentation,50,0.7,0.2,chessboard,752,1,2
37,170,4,20,1,369,22,876,40,post_fragmentation,50,0.7,0.2,chessboard,797,1,2
37,170,4,20,1,369,22,876,40,post_fragmentation,50,0.7,0.2,chessboard,848,1,2
38,172,4,22,1,369,22,876,40,post_fragmentation,50,0.7,0.2,chessboard,546,2,2
38,172,4,22,1,369,22,876,40,post_fragmentation,50,0.7,0.2,chessboard,554,1,2
38,172,4,22,1,369,22,876,40,post_fragmentation,50,0.7,0.2,chessboard,558,1,2
38,172,4,22,1,369,22,876,40,post_fragmentation,50,0.7,0.2,chessboard,578,1,2
38,172,4,22,1,369,22,876,40,post_fragmentation,50,0.7,0.2,chessboard,597,1,2
38,172,4,22,1,369,22,876,40,post_fragmentation,50,0.7,0.2,chessboard,609,2,2
38,172,4,22,1,369,22,876,40,post_fragmentation,50,0.7,0.2,chessboard,628,1,2
38,172,4,22,1,369,22,876,40,post_fragmentation,50,0.7,0.2,chessboard,642,3,2
38,172,4,22,1,369,22,876,40,post_fragmentation,50,0.7,0.2,chessboard,650,2,2
38,172,4,22,1,369,22,876,40,post_fragmentation,50,0.7,0.2,chessboard,661,1,2
38,172,4,22,1,369,22,876,40,post_fragmentation,50,0.7,0.2,chessboard,663,3,2
38,172,4,22,1,369,22,876,40,post_fragmentation,50,0.7,0.2,chessboard,679,1,2
38,172,4,22,1,369,22,876,40,post_fragmentation,50,0.7,0.2,chessboard,680,1,2
38,172,4,22,1,369,22,876,40,post_fragmentation,50,0.7,0.2,chessboard,681,1,2
38,172,4,22,1,369,22,876,40,post_fragmentation,50,0.7,0.2,chessboard,696,3,2
38,172,4,22,1,369,22,876,40,post_fragmentation,50,0.7,0.2,chessboard,729,3,2
38,172,4,22,1,369,22,876,40,post_fragmentation,50,0.7,0.2,chessboard,738,1,2
38,172,4,22,1,369,22,876,40,post_fragmentation,50,0.7,0.2,chessboard,742,1,2
38,172,4,22,1,369,22,876,40,post_fragmentation,50,0.7,0.2,chessboard,749,2,2
38,172,4,22,1,369,22,876,40,post_fragmentation,50,0.7,0.2,chessboard,751,3,2
38,172,4,22,1,369,22,876,40,post_fragmentation,50,0.7,0.2,chessboard,762,1,2
38,172,4,22,1,369,22,876,40,post_fragmentation,50,0.7,0.2,chessboard,774,2,2
38,172,4,22,1,369,22,876,40,post_fragmentation,50,0.7,0.2,chessboard,828,2,2
38,172,4,22,1,369,22,876,40,post_fragmentation,50,0.7,0.2,chessboard,867,1,2
39,174,4,24,1,369,22,876,40,post_fragmentation,50,0.7,0.2,chessboard,526,1,2
39,174,4,24,1,369,22,876,40,post_fragmentation,50,0.7,0.2,chessboard,597,1,2
39,174,4,24,1,369,22,876,40,post_fragmentation,50,0.7,0.2,chessboard,635,1,2
39,174,4,24,1,369,22,876,40,post_fragmentation,50,0.7,0.2,chessboard,660,1,2
39,174,4,24,1,369,22,876,40,post_fragmentation,50,0.7,0.2,chessboard,663,1,2
39,174,4,24,1,369,22,876,40,post_fragmentation,50,0.7,0.2,chessboard,738,7,2
39,174,4,24,1,369,22,876,40,post_fragmentation,50,0.7,0.2,chessboard,749,1,2
39,174,4,24,1,369,22,876,40,post_fragmentation,50,0.7,0.2,chessboard,751,1,2
39,174,4,24,1,369,22,876,40,post_fragmentation,50,0.7,0.2,chessboard,754,3,2
39,174,4,24,1,369,22,876,40,post_fragmentation,50,0.7,0.2,chessboard,762,1,2
39,174,4,24,1,369,22,876,40,post_fragmentation,50,0.7,0.2,chessboard,772,1,2
39,174,4,24,1,369,22,876,40,post_fragmentation,50,0.7,0.2,chessboard,774,1,2
39,174,4,24,1,369,22,876,40,post_fragmentation,50,0.7,0.2,chessboard,784,1,2
39,174,4,24,1,369,22,876,40,post_fragmentation,50,0.7,0.2,chessboard,799,1,2
39,174,4,24,1,369,22,876,40,post_fragmentation,50,0.7,0.2,chessboard,809,1,2
39,174,4,24,1,369,22,876,40,post_fragmentation,50,0.7,0.2,chessboard,815,1,2
39,174,4,24,1,369,22,876,40,post_fragmentation,50,0.7,0.2,chessboard,819,1,2
39,174,4,24,1,369,22,876,40,post_fragmentation,50,0.7,0.2,chessboard,820,2,2
39,174,4,24,1,369,22,876,40,post_fragmentation,50,0.7,0.2,chessboard,822,1,2
39,174,4,24,1,369,22,876,40,post_fragmentation,50,0.7,0.2,chessboard,830,2,2
39,174,4,24,1,369,22,876,40,post_fragmentation,50,0.7,0.2,chessboard,848,1,2
39,174,4,24,1,369,22,876,40,post_fragmentation,50,0.7,0.2,chessboard,862,2,2
40,176,4,26,1,369,22,876,40,post_fragmentation,50,0.7,0.2,chessboard,628,1,2
40,176,4,26,1,369,22,876,40,post_fragmentation,50,0.7,0.2,chessboard,704,1,2
40,176,4,26,1,369,22,876,40,post_fragmentation,50,0.7,0.2,chessboard,738,4,2
40,176,4,26,1,369,22,876,40,post_fragmentation,50,0.7,0.2,chessboard,746,1,2
40,176,4,26,1,369,22,876,40,post_fragmentation,50,0.7,0.2,chessboard,751,2,2
40,176,4,26,1,369,22,876,40,post_fragmentation,50,0.7,0.2,chessboard,772,1,2
40,176,4,26,1,369,22,876,40,post_fragmentation,50,0.7,0.2,chessboard,774,2,2
40,176,4,26,1,369,22,876,40,post_fragmentation,50,0.7,0.2,chessboard,784,3,2
40,176,4,26,1,369,22,876,40,post_fragmentation,50,0.7,0.2,chessboard,798,1,2
40,176,4,26,1,369,22,876,40,post_fragmentation,50,0.7,0.2,chessboard,808,3,2
40,176,4,26,1,369,22,876,40,post_fragmentation,50,0.7,0.2,chessboard,815,2,2
40,176,4,26,1,369,22,876,40,post_fragmentation,50,0.7,0.2,chessboard,823,3,2
40,176,4,26,1,369,22,876,40,post_fragmentation,50,0.7,0.2,chessboard,828,4,2
40,176,4,26,1,369,22,876,40,post_fragmentation,50,0.7,0.2,chessboard,830,1,2
40,176,4,26,1,369,22,876,40,post_fragmentation,50,0.7,0.2,chessboard,836,2,2
40,176,4,26,1,369,22,876,40,post_fragmentation,50,0.7,0.2,chessboard,843,1,2
40,176,4,26,1,369,22,876,40,post_fragmentation,50,0.7,0.2,chessboard,844,1,2
40,176,4,26,1,369,22,876,40,post_fragmentation,50,0.7,0.2,chessboard,866,1,2
40,176,4,26,1,369,22,876,40,post_fragmentation,50,0.7,0.2,chessboard,867,2,2
40,176,4,26,1,369,22,876,40,post_fragmentation,50,0.7,0.2,chessboard,880,1,2
40,176,4,26,1,369,22,876,40,post_fragmentation,50,0.7,0.2,chessboard,895,2,2
40,176,4,26,1,369,22,876,40,post_fragmentation,50,0.7,0.2,chessboard,912,1,2
40,176,4,26,1,369,22,876,40,post_fragmentation,50,0.7,0.2,chessboard,923,1,2
40,176,4,26,1,369,22,876,40,post_fragmentation,50,0.7,0.2,chessboard,976,1,2
41,178,4,28,1,369,22,876,40,post_fragmentation,50,0.7,0.2,chessboard,749,3,2
41,178,4,28,1,369,22,876,40,post_fragmentation,50,0.7,0.2,chessboard,750,1,2
41,178,4,28,1,369,22,876,40,post_fragmentation,50,0.7,0.2,chessboard,759,1,2
41,178,4,28,1,369,22,876,40,post_fragmentation,50,0.7,0.2,chessboard,774,2,2
41,178,4,28,1,369,22,876,40,post_fragmentation,50,0.7,0.2,chessboard,775,1,2
41,178,4,28,1,369,22,876,40,post_fragmentation,50,0.7,0.2,chessboard,784,3,2
41,178,4,28,1,369,22,876,40,post_fragmentation,50,0.7,0.2,chessboard,797,1,2
41,178,4,28,1,369,22,876,40,post_fragmentation,50,0.7,0.2,chessboard,798,3,2
41,178,4,28,1,369,22,876,40,post_fragmentation,50,0.7,0.2,chessboard,802,1,2
41,178,4,28,1,369,22,876,40,post_fragmentation,50,0.7,0.2,chessboard,807,1,2
41,178,4,28,1,369,22,876,40,post_fragmentation,50,0.7,0.2,chessboard,828,5,2
41,178,4,28,1,369,22,876,40,post_fragmentation,50,0.7,0.2,chessboard,833,2,2
41,178,4,28,1,369,22,876,40,post_fragmentation,50,0.7,0.2,chessboard,849,1,2
41,178,4,28,1,369,22,876,40,post_fragmentation,50,0.7,0.2,chessboard,855,1,2
41,178,4,28,1,369,22,876,40,post_fragmentation,50,0.7,0.2,chessboard,867,2,2
41,178,4,28,1,369,22,876,40,post_fragmentation,50,0.7,0.2,chessboard,883,2,2
41,178,4,28,1,369,22,876,40,post_fragmentation,50,0.7,0.2,chessboard,901,2,2
41,178,4,28,1,369,22,876,40,post_fragmentation,50,0.7,0.2,chessboard,912,1,2
41,178,4,28,1,369,22,876,40,post_fragmentation,50,0.7,0.2,chessboard,914,1,2
41,178,4,28,1,369,22,876,40,post_fragmentation,50,0.7,0.2,chessboard,936,1,2
41,178,4,28,1,369,22,876,40,post_fragmentation,50,0.7,0.2,chessboard,938,1,2
41,178,4,28,1,369,22,876,40,post_fragmentation,50,0.7,0.2,chessboard,945,2,2
41,178,4,28,1,369,22,876,40,post_fragmentation,50,0.7,0.2,chessboard,979,1,2
42,205,5,5,1,369,22,876,40,post_fragmentation,50,0.7,0.2,chessboard,774,1,2
42,205,5,5,1,369,22,876,40,post_fragmentation,50,0.7,0.2,chessboard,817,2,2
42,205,5,5,1,369,22,876,40,post_fragmentation,50,0.7,0.2,chessboard,824,1,2
42,205,5,5,1,369,22,876,40,post_fragmentation,50,0.7,0.2,chessboard,832,1,2
42,205,5,5,1,369,22,876,40,post_fragmentation,50,0.7,0.2,chessboard,850,1,2
42,205,5,5,1,369,22,876,40,post_fragmentation,50,0.7,0.2,chessboard,852,1,2
42,205,5,5,1,369,22,876,40,post_fragmentation,50,0.7,0.2,chessboard,865,1,2
42,205,5,5,1,369,22,876,40,post_fragmentation,50,0.7,0.2,chessboard,879,3,2
42,205,5,5,1,369,22,876,40,post_fragmentation,50,0.7,0.2,chessboard,882,2,2
42,205,5,5,1,369,22,876,40,post_fragmentation,50,0.7,0.2,chessboard,894,2,2
42,205,5,5,1,369,22,876,40,post_fragmentation,50,0.7,0.2,chessboard,905,2,2
42,205,5,5,1,369,22,876,40,post_fragmentation,50,0.7,0.2,chessboard,906,2,2
42,205,5,5,1,369,22,876,40,post_fragmentation,50,0.7,0.2,chessboard,908,2,2
42,205,5,5,1,369,22,876,40,post_fragmentation,50,0.7,0.2,chessboard,909,4,2
42,205,5,5,1,369,22,876,40,post_fragmentation,50,0.7,0.2,chessboard,917,3,2
42,205,5,5,1,369,22,876,40,post_fragmentation,50,0.7,0.2,chessboard,928,1,2
42,205,5,5,1,369,22,876,40,post_fragmentation,50,0.7,0.2,chessboard,930,4,2
42,205,5,5,1,369,22,876,40,post_fragmentation,50,0.7,0.2,chessboard,931,1,2
42,205,5,5,1,369,22,876,40,post_fragmentation,50,0.7,0.2,chessboard,933,1,2
42,205,5,5,1,369,22,876,40,post_fragmentation,50,0.7,0.2,chessboard,950,1,2
42,205,5,5,1,369,22,876,40,post_fragmentation,50,0.7,0.2,chessboard,953,2,2
42,205,5,5,1,369,22,876,40,post_fragmentation,50,0.7,0.2,chessboard,967,1,2
42,205,5,5,1,369,22,876,40,post_fragmentation,50,0.7,0.2,chessboard,973,2,2
43,207,5,7,1,369,22,876,40,post_fragmentation,50,0.7,0.2,chessboard,675,1,2
43,207,5,7,1,369,22,876,40,post_fragmentation,50,0.7,0.2,chessboard,760,1,2
43,207,5,7,1,369,22,876,40,post_fragmentation,50,0.7,0.2,chessboard,765,2,2
43,207,5,7,1,369,22,876,40,post_fragmentation,50,0.7,0.2,chessboard,824,1,2
43,207,5,7,1,369,22,876,40,post_fragmentation,50,0.7,0.2,chessboard,828,1,2
43,207,5,7,1,369,22,876,40,post_fragmentation,50,0.7,0.2,chessboard,832,1,2
43,207,5,7,1,369,22,876,40,post_fragmentation,50,0.7,0.2,chessboard,837,1,2
43,207,5,7,1,369,22,876,40,post_fragmentation,50,0.7,0.2,chessboard,844,1,2
43,207,5,7,1,369,22,876,40,post_fragmentation,50,0.7,0.2,chessboard,850,1,2
43,207,5,7,1,369,22,876,40,post_fragmentation,50,0.7,0.2,chessboard,856,1,2
43,207,5,7,1,369,22,876,40,post_fragmentation,50,0.7,0.2,chessboard,863,1,2
43,207,5,7,1,369,22,876,40,post_fragmentation,50,0.7,0.2,chessboard,865,1,2
43,207,5,7,1,369,22,876,40,post_fragmentation,50,0.7,0.2,chessboard,877,4,2
43,207,5,7,1,369,22,876,40,post_fragmentation,50,0.7,0.2,chessboard,879,6,2
43,207,5,7,1,369,22,876,40,post_fragmentation,50,0.7,0.2,chessboard,887,2,2
43,207,5,7,1,369,22,876,40,post_fragmentation,50,0.7,0.2,chessboard,888,2,2
43,207,5,7,1,369,22,876,40,post_fragmentation,50,0.7,0.2,chessboard,890,1,2
43,207,5,7,1,369,22,876,40,post_fragmentation,50,0.7,0.2,chessboard,903,1,2
43,207,5,7,1,369,22,876,40,post_fragmentation,50,0.7,0.2,chessboard,905,1,2
43,207,5,7,1,369,22,876,40,post_fragmentation,50,0.7,0.2,chessboard,919,2,2
43,207,5,7,1,369,22,876,40,post_fragmentation,50,0.7,0.2,chessboard,921,1,2
43,207,5,7,1,369,22,876,40,post_fragmentation,50,0.7,0.2,chessboard,930,2,2
43,207,5,7,1,369,22,876,40,post_fragmentation,50,0.7,0.2,chessboard,931,2,2
43,207,5,7,1,369,22,876,40,post_fragmentation,50,0.7,0.2,chessboard,937,1,2
43,207,5,7,1,369,22,876,40,post_fragmentation,50,0.7,0.2,chessboard,938,1,2
43,207,5,7,1,369,22,876,40,post_fragmentation,50,0.7,0.2,chessboard,945,1,2
43,207,5,7,1,369,22,876,40,post_fragmentation,50,0.7,0.2,chessboard,947,1,2
43,207,5,7,1,369,22,876,40,post_fragmentation,50,0.7,0.2,chessboard,973,1,2
44,209,5,9,1,369,22,876,40,post_fragmentation,50,0.7,0.2,chessboard,679,1,2
44,209,5,9,1,369,22,876,40,post_fragmentation,50,0.7,0.2,chessboard,765,2,2
44,209,5,9,1,369,22,876,40,post_fragmentation,50,0.7,0.2,chessboard,824,2,2
44,209,5,9,1,369,22,876,40,post_fragmentation,50,0.7,0.2,chessboard,839,1,2
44,209,5,9,1,369,22,876,40,post_fragmentation,50,0.7,0.2,chessboard,842,3,2
44,209,5,9,1,369,22,876,40,post_fragmentation,50,0.7,0.2,chessboard,850,5,2
44,209,5,9,1,369,22,876,40,post_fragmentation,50,0.7,0.2,chessboard,854,2,2
44,209,5,9,1,369,22,876,40,post_fragmentation,50,0.7,0.2,chessboard,863,3,2
44,209,5,9,1,369,22,876,40,post_fragmentation,50,0.7,0.2,chessboard,865,3,2
44,209,5,9,1,369,22,876,40,post_fragmentation,50,0.7,0.2,chessboard,866,1,2
44,209,5,9,1,369,22,876,40,post_fragmentation,50,0.7,0.2,chessboard,877,3,2
44,209,5,9,1,369,22,876,40,post_fragmentation,50,0.7,0.2,chessboard,894,2,2
44,209,5,9,1,369,22,876,40,post_fragmentation,50,0.7,0.2,chessboard,910,1,2
44,209,5,9,1,369,22,876,40,post_fragmentation,50,0.7,0.2,chessboard,913,2,2
44,209,5,9,1,369,22,876,40,post_fragmentation,50,0.7,0.2,chessboard,914,2,2
44,209,5,9,1,369,22,876,40,post_fragmentation,50,0.7,0.2,chessboard,919,1,2
44,209,5,9,1,369,22,876,40,post_fragmentation,50,0.7,0.2,chessboard,921,1,2
44,209,5,9,1,369,22,876,40,post_fragmentation,50,0.7,0.2,chessboard,925,2,2
44,209,5,9,1,369,22,876,40,post_fragmentation,50,0.7,0.2,chessboard,928,1,2
45,211,5,11,1,369,22,876,40,post_fragmentation,50,0.7,0.2,chessboard,748,1,2
45,211,5,11,1,369,22,876,40,post_fragmentation,50,0.7,0.2,chessboard,766,1,2
45,211,5,11,1,369,22,876,40,post_fragmentation,50,0.7,0.2,chessboard,778,1,2
45,211,5,11,1,369,22,876,40,post_fragmentation,50,0.7,0.2,chessboard,813,4,2
45,211,5,11,1,369,22,876,40,post_fragmentation,50,0.7,0.2,chessboard,814,1,2
45,211,5,11,1,369,22,876,40,post_fragmentation,50,0.7,0.2,chessboard,837,1,2
45,211,5,11,1,369,22,876,40,post_fragmentation,50,0.7,0.2,chessboard,839,1,2
45,211,5,11,1,369,22,876,40,post_fragmentation,50,0.7,0.2,chessboard,842,1,2
45,211,5,11,1,369,22,876,40,post_fragmentation,50,0.7,0.2,chessboard,849,1,2
45,211,5,11,1,369,22,876,40,post_fragmentation,50,0.7,0.2,chessboard,856,1,2
45,211,5,11,1,369,22,876,40,post_fragmentation,50,0.7,0.2,chessboard,862,1,2
45,211,5,11,1,369,22,876,40,post_fragmentation,50,0.7,0.2,chessboard,863,4,2
45,211,5,11,1,369,22,876,40,post_fragmentation,50,0.7,0.2,chessboard,866,1,2
45,211,5,11,1,369,22,876,40,post_fragmentation,50,0.7,0.2,chessboard,877,2,2
45,211,5,11,1,369,22,876,40,post_fragmentation,50,0.7,0.2,chessboard,879,3,2
45,211,5,11,1,369,22,876,40,post_fragmentation,50,0.7,0.2,chessboard,886,1,2
45,211,5,11,1,369,22,876,40,post_fragmentation,50,0.7,0.2,chessboard,890,1,2
45,211,5,11,1,369,22,876,40,post_fragmentation,50,0.7,0.2,chessboard,894,2,2
45,211,5,11,1,369,22,876,40,post_fragmentation,50,0.7,0.2,chessboard,895,3,2
45,211,5,11,1,369,22,876,40,post_fragmentation,50,0.7,0.2,chessboard,907,1,2
45,211,5,11,1,369,22,876,40,post_fragmentation,50,0.7,0.2,chessboard,908,1,2
45,211,5,11,1,369,22,876,40,post_fragmentation,50,0.7,0.2,chessboard,910,1,2
45,211,5,11,1,369,22,876,40,post_fragmentation,50,0.7,0.2,chessboard,913,1,2
45,211,5,11,1,369,22,876,40,post_fragmentation,50,0.7,0.2,chessboard,914,1,2
45,211,5,11,1,369,22,876,40,post_fragmentation,50,0.7,0.2,chessboard,937,1,2
45,211,5,11,1,369,22,876,40,post_fragmentation,50,0.7,0.2,chessboard,938,2,2
45,211,5,11,1,369,22,876,40,post_fragmentation,50,0.7,0.2,chessboard,947,1,2
46,213,5,13,1,369,22,876,40,post_fragmentation,50,0.7,0.2,chessboard,580,1,2
46,213,5,13,1,369,22,876,40,post_fragmentation,50,0.7,0.2,chessboard,742,1,2
46,213,5,13,1,369,22,876,40,post_fragmentation,50,0.7,0.2,chessboard,752,2,2
46,213,5,13,1,369,22,876,40,post_fragmentation,50,0.7,0.2,chessboard,753,1,2
46,213,5,13,1,369,22,876,40,post_fragmentation,50,0.7,0.2,chessboard,766,1,2
46,213,5,13,1,369,22,876,40,post_fragmentation,50,0.7,0.2,chessboard,790,1,2
46,213,5,13,1,369,22,876,40,post_fragmentation,50,0.7,0.2,chessboard,835,1,2
46,213,5,13,1,369,22,876,40,post_fragmentation,50,0.7,0.2,chessboard,844,1,2
46,213,5,13,1,369,22,876,40,post_fragmentation,50,0.7,0.2,chessboard,862,7,2
46,213,5,13,1,369,22,876,40,post_fragmentation,50,0.7,0.2,chessboard,866,3,2
46,213,5,13,1,369,22,876,40,post_fragmentation,50,0.7,0.2,chessboard,877,1,2
46,213,5,13,1,369,22,876,40,post_fragmentation,50,0.7,0.2,chessboard,885,1,2
46,213,5,13,1,369,22,876,40,post_fragmentation,50,0.7,0.2,chessboard,887,1,2
46,213,5,13,1,369,22,876,40,post_fragmentation,50,0.7,0.2,chessboard,888,2,2
46,213,5,13,1,369,22,876,40,post_fragmentation,50,0.7,0.2,chessboard,894,2,2
46,213,5,13,1,369,22,876,40,post_fragmentation,50,0.7,0.2,chessboard,895,1,2
46,213,5,13,1,369,22,876,40,post_fragmentation,50,0.7,0.2,chessboard,903,1,2
46,213,5,13,1,369,22,876,40,post_fragmentation,50,0.7,0.2,chessboard,906,1,2
46,213,5,13,1,369,22,876,40,post_fragmentation,50,0.7,0.2,chessboard,907,1,2
46,213,5,13,1,369,22,876,40,post_fragmentation,50,0.7,0.2,chessboard,914,1,2
46,213,5,13,1,369,22,876,40,post_fragmentation,50,0.7,0.2,chessboard,925,2,2
46,213,5,13,1,369,22,876,40,post_fragmentation,50,0.7,0.2,chessboard,931,1,2
46,213,5,13,1,369,22,876,40,post_fragmentation,50,0.7,0.2,chessboard,946,1,2
46,213,5,13,1,369,22,876,40,post_fragmentation,50,0.7,0.2,chessboard,975,2,2
47,215,5,15,1,369,22,876,40,post_fragmentation,50,0.7,0.2,chessboard,597,1,2
47,215,5,15,1,369,22,876,40,post_fragmentation,50,0.7,0.2,chessboard,652,1,2
47,215,5,15,1,369,22,876,40,post_fragmentation,50,0.7,0.2,chessboard,669,1,2
47,215,5,15,1,369,22,876,40,post_fragmentation,50,0.7,0.2,chessboard,675,1,2
47,215,5,15,1,369,22,876,40,post_fragmentation,50,0.7,0.2,chessboard,679,1,2
47,215,5,15,1,369,22,876,40,post_fragmentation,50,0.7,0.2,chessboard,696,2,2
47,215,5,15,1,369,22,876,40,post_fragmentation,50,0.7,0.2,chessboard,725,1,2
47,215,5,15,1,369,22,876,40,post_fragmentation,50,0.7,0.2,chessboard,729,1,2
47,215,5,15,1,369,22,876,40,post_fragmentation,50,0.7,0.2,chessboard,738,4,2
47,215,5,15,1,369,22,876,40,post_fragmentation,50,0.7,0.2,chessboard,740,1,2
47,215,5,15,1,369,22,876,40,post_fragmentation,50,0.7,0.2,chessboard,748,2,2
47,215,5,15,1,369,22,876,40,post_fragmentation,50,0.7,0.2,chessboard,749,3,2
47,215,5,15,1,369,22,876,40,post_fragmentation,50,0.7,0.2,chessboard,752,2,2
47,215,5,15,1,369,22,876,40,post_fragmentation,50,0.7,0.2,chessboard,790,1,2
47,215,5,15,1,369,22,876,40,post_fragmentation,50,0.7,0.2,chessboard,808,1,2
47,215,5,15,1,369,22,876,40,post_fragmentation,50,0.7,0.2,chessboard,816,1,2
47,215,5,15,1,369,22,876,40,post_fragmentation,50,0.7,0.2,chessboard,817,3,2
47,215,5,15,1,369,22,876,40,post_fragmentation,50,0.7,0.2,chessboard,819,1,2
47,215,5,15,1,369,22,876,40,post_fragmentation,50,0.7,0.2,chessboard,831,2,2
47,215,5,15,1,369,22,876,40,post_fragmentation,50,0.7,0.2,chessboard,862,2,2
47,215,5,15,1,369,22,876,40,post_fragmentation,50,0.7,0.2,chessboard,863,2,2
47,215,5,15,1,369,22,876,40,post_fragmentation,50,0.7,0.2,chessboard,865,1,2
47,215,5,15,1,369,22,876,40,post_fragmentation,50,0.7,0.2,chessboard,869,1,2
47,215,5,15,1,369,22,876,40,post_fragmentation,50,0.7,0.2,chessboard,879,1,2
47,215,5,15,1,369,22,876,40,post_fragmentation,50,0.7,0.2,chessboard,894,1,2
47,215,5,15,1,369,22,876,40,post_fragmentation,50,0.7,0.2,chessboard,903,1,2
47,215,5,15,1,369,22,876,40,post_fragmentation,50,0.7,0.2,chessboard,905,1,2
47,215,5,15,1,369,22,876,40,post_fragmentation,50,0.7,0.2,chessboard,915,1,2
47,215,5,15,1,369,22,876,40,post_fragmentation,50,0.7,0.2,chessboard,921,1,2
47,215,5,15,1,369,22,876,40,post_fragmentation,50,0.7,0.2,chessboard,944,2,2
48,217,5,17,1,369,22,876,40,post_fragmentation,50,0.7,0.2,chessboard,559,1,2
48,217,5,17,1,369,22,876,40,post_fragmentation,50,0.7,0.2,chessboard,580,1,2
48,217,5,17,1,369,22,876,40,post_fragmentation,50,0.7,0.2,chessboard,597,1,2
48,217,5,17,1,369,22,876,40,post_fragmentation,50,0.7,0.2,chessboard,635,1,2
48,217,5,17,1,369,22,876,40,post_fragmentation,50,0.7,0.2,chessboard,656,1,2
48,217,5,17,1,369,22,876,40,post_fragmentation,50,0.7,0.2,chessboard,663,3,2
48,217,5,17,1,369,22,876,40,post_fragmentation,50,0.7,0.2,chessboard,669,4,2
48,217,5,17,1,369,22,876,40,post_fragmentation,50,0.7,0.2,chessboard,679,3,2
48,217,5,17,1,369,22,876,40,post_fragmentation,50,0.7,0.2,chessboard,696,2,2
48,217,5,17,1,369,22,876,40,post_fragmentation,50,0.7,0.2,chessboard,729,3,2
48,217,5,17,1,369,22,876,40,post_fragmentation,50,0.7,0.2,chessboard,738,4,2
48,217,5,17,1,369,22,876,40,post_fragmentation,50,0.7,0.2,chessboard,748,1,2
48,217,5,17,1,369,22,876,40,post_fragmentation,50,0.7,0.2,chessboard,752,1,2
48,217,5,17,1,369,22,876,40,post_fragmentation,50,0.7,0.2,chessboard,758,2,2
48,217,5,17,1,369,22,876,40,post_fragmentation,50,0.7,0.2,chessboard,774,1,2
48,217,5,17,1,369,22,876,40,post_fragmentation,50,0.7,0.2,chessboard,778,2,2
48,217,5,17,1,369,22,876,40,post_fragmentation,50,0.7,0.2,chessboard,814,1,2
48,217,5,17,1,369,22,876,40,post_fragmentation,50,0.7,0.2,chessboard,819,1,2
48,217,5,17,1,369,22,876,40,post_fragmentation,50,0.7,0.2,chessboard,822,1,2
48,217,5,17,1,369,22,876,40,post_fragmentation,50,0.7,0.2,chessboard,862,2,2
48,217,5,17,1,369,22,876,40,post_fragmentation,50,0.7,0.2,chessboard,866,1,2
49,219,5,19,1,369,22,876,40,post_fragmentation,50,0.7,0.2,chessboard,588,1,2
49,219,5,19,1,369,22,876,40,post_fragmentation,50,0.7,0.2,chessboard,609,1,2
49,219,5,19,1,369,22,876,40,post_fragmentation,50,0.7,0.2,chessboard,656,1,2
49,219,5,19,1,369,22,876,40,post_fragmentation,50,0.7,0.2,chessboard,663,2,2
49,219,5,19,1,369,22,876,40,post_fragmentation,50,0.7,0.2,chessboard,669,1,2
49,219,5,19,1,369,22,876,40,post_fragmentation,50,0.7,0.2,chessboard,671,1,2
49,219,5,19,1,369,22,876,40,post_fragmentation,50,0.7,0.2,chessboard,679,4,2
49,219,5,19,1,369,22,876,40,post_fragmentation,50,0.7,0.2,chessboard,696,3,2
49,219,5,19,1,369,22,876,40,post_fragmentation,50,0.7,0.2,chessboard,700,2,2
49,219,5,19,1,369,22,876,40,post_fragmentation,50,0.7,0.2,chessboard,729,3,2
49,219,5,19,1,369,22,876,40,post_fragmentation,50,0.7,0.2,chessboard,738,6,2
49,219,5,19,1,369,22,876,40,post_fragmentation,50,0.7,0.2,chessboard,751,1,2
49,219,5,19,1,369,22,876,40,post_fragmentation,50,0.7,0.2,chessboard,756,1,2
49,219,5,19,1,369,22,876,40,post_fragmentation,50,0.7,0.2,chessboard,762,1,2
49,219,5,19,1,369,22,876,40,post_fragmentation,50,0.7,0.2,chessboard,766,2,2
49,219,5,19,1,369,22,876,40,post_fragmentation,50,0.7,0.2,chessboard,778,1,2
49,219,5,19,1,369,22,876,40,post_fragmentation,50,0.7,0.2,chessboard,783,1,2
49,219,5,19,1,369,22,876,40,post_fragmentation,50,0.7,0.2,chessboard,790,2,2
49,219,5,19,1,369,22,876,40,post_fragmentation,50,0.7,0.2,chessboard,824,2,2
49,219,5,19,1,369,22,876,40,post_fragmentation,50,0.7,0.2,chessboard,825,1,2
49,219,5,19,1,369,22,876,40,post_fragmentation,50,0.7,0.2,chessboard,839,1,2
49,219,5,19,1,369,22,876,40,post_fragmentation,50,0.7,0.2,chessboard,862,1,2
50,221,5,21,1,369,22,876,40,post_fragmentation,50,0.7,0.2,chessboard,609,2,2
50,221,5,21,1,369,22,876,40,post_fragmentation,50,0.7,0.2,chessboard,610,1,2
50,221,5,21,1,369,22,876,40,post_fragmentation,50,0.7,0.2,chessboard,612,1,2
50,221,5,21,1,369,22,876,40,post_fragmentation,50,0.7,0.2,chessboard,635,1,2
50,221,5,21,1,369,22,876,40,post_fragmentation,50,0.7,0.2,chessboard,650,1,2
50,221,5,21,1,369,22,876,40,post_fragmentation,50,0.7,0.2,chessboard,663,3,2
50,221,5,21,1,369,22,876,40,post_fragmentation,50,0.7,0.2,chessboard,667,1,2
50,221,5,21,1,369,22,876,40,post_fragmentation,50,0.7,0.2,chessboard,675,1,2
50,221,5,21,1,369,22,876,40,post_fragmentation,50,0.7,0.2,chessboard,679,2,2
50,221,5,21,1,369,22,876,40,post_fragmentation,50,0.7,0.2,chessboard,696,4,2
50,221,5,21,1,369,22,876,40,post_fragmentation,50,0.7,0.2,chessboard,716,2,2
50,221,5,21,1,369,22,876,40,post_fragmentation,50,0.7,0.2,chessboard,725,1,2
50,221,5,21,1,369,22,876,40,post_fragmentation,50,0.7,0.2,chessboard,729,1,2
50,221,5,21,1,369,22,876,40,post_fragmentation,50,0.7,0.2,chessboard,736,1,2
50,221,5,21,1,369,22,876,40,post_fragmentation,50,0.7,0.2,chessboard,738,4,2
50,221,5,21,1,369,22,876,40,post_fragmentation,50,0.7,0.2,chessboard,748,1,2
50,221,5,21,1,369,22,876,40,post_fragmentation,50,0.7,0.2,chessboard,749,1,2
50,221,5,21,1,369,22,876,40,post_fragmentation,50,0.7,0.2,chessboard,751,2,2
50,221,5,21,1,369,22,876,40,post_fragmentation,50,0.7,0.2,chessboard,784,1,2
50,221,5,21,1,369,22,876,40,post_fragmentation,50,0.7,0.2,chessboard,828,1,2
50,221,5,21,1,369,22,876,40,post_fragmentation,50,0.7,0.2,chessboard,830,1,2
50,221,5,21,1,369,22,876,40,post_fragmentation,50,0.7,0.2,chessboard,843,1,2
50,221,5,21,1,369,22,876,40,post_fragmentation,50,0.7,0.2,chessboard,867,1,2
51,223,5,23,1,369,22,876,40,post_fragmentation,50,0.7,0.2,chessboard,597,1,2
51,223,5,23,1,369,22,876,40,post_fragmentation,50,0.7,0.2,chessboard,635,1,2
51,223,5,23,1,369,22,876,40,post_fragmentation,50,0.7,0.2,chessboard,642,1,2
51,223,5,23,1,369,22,876,40,post_fragmentation,50,0.7,0.2,chessboard,650,2,2
51,223,5,23,1,369,22,876,40,post_fragmentation,50,0.7,0.2,chessboard,664,1,2
51,223,5,23,1,369,22,876,40,post_fragmentation,50,0.7,0.2,chessboard,669,1,2
51,223,5,23,1,369,22,876,40,post_fragmentation,50,0.7,0.2,chessboard,716,1,2
51,223,5,23,1,369,22,876,40,post_fragmentation,50,0.7,0.2,chessboard,720,1,2
51,223,5,23,1,369,22,876,40,post_fragmentation,50,0.7,0.2,chessboard,729,2,2
51,223,5,23,1,369,22,876,40,post_fragmentation,50,0.7,0.2,chessboard,738,3,2
51,223,5,23,1,369,22,876,40,post_fragmentation,50,0.7,0.2,chessboard,742,1,2
51,223,5,23,1,369,22,876,40,post_fragmentation,50,0.7,0.2,chessboard,746,3,2
51,223,5,23,1,369,22,876,40,post_fragmentation,50,0.7,0.2,chessboard,749,1,2
51,223,5,23,1,369,22,876,40,post_fragmentation,50,0.7,0.2,chessboard,751,6,2
51,223,5,23,1,369,22,876,40,post_fragmentation,50,0.7,0.2,chessboard,766,1,2
51,223,5,23,1,369,22,876,40,post_fragmentation,50,0.7,0.2,chessboard,774,1,2
51,223,5,23,1,369,22,876,40,post_fragmentation,50,0.7,0.2,chessboard,778,2,2
51,223,5,23,1,369,22,876,40,post_fragmentation,50,0.7,0.2,chessboard,790,1,2
51,223,5,23,1,369,22,876,40,post_fragmentation,50,0.7,0.2,chessboard,820,2,2
51,223,5,23,1,369,22,876,40,post_fragmentation,50,0.7,0.2,chessboard,828,1,2
51,223,5,23,1,369,22,876,40,post_fragmentation,50,0.7,0.2,chessboard,830,1,2
51,223,5,23,1,369,22,876,40,post_fragmentation,50,0.7,0.2,chessboard,832,1,2
51,223,5,23,1,369,22,876,40,post_fragmentation,50,0.7,0.2,chessboard,849,1,2
51,223,5,23,1,369,22,876,40,post_fragmentation,50,0.7,0.2,chessboard,858,1,2
52,225,5,25,1,369,22,876,40,post_fragmentation,50,0.7,0.2,chessboard,720,1,2
52,225,5,25,1,369,22,876,40,post_fragmentation,50,0.7,0.2,chessboard,738,1,2
52,225,5,25,1,369,22,876,40,post_fragmentation,50,0.7,0.2,chessboard,739,1,2
52,225,5,25,1,369,22,876,40,post_fragmentation,50,0.7,0.2,chessboard,742,1,2
52,225,5,25,1,369,22,876,40,post_fragmentation,50,0.7,0.2,chessboard,746,1,2
52,225,5,25,1,369,22,876,40,post_fragmentation,50,0.7,0.2,chessboard,749,1,2
52,225,5,25,1,369,22,876,40,post_fragmentation,50,0.7,0.2,chessboard,751,3,2
52,225,5,25,1,369,22,876,40,post_fragmentation,50,0.7,0.2,chessboard,754,1,2
52,225,5,25,1,369,22,876,40,post_fragmentation,50,0.7,0.2,chessboard,758,1,2
52,225,5,25,1,369,22,876,40,post_fragmentation,50,0.7,0.2,chessboard,762,2,2
52,225,5,25,1,369,22,876,40,post_fragmentation,50,0.7,0.2,chessboard,766,1,2
52,225,5,25,1,369,22,876,40,post_fragmentation,50,0.7,0.2,chessboard,772,1,2
52,225,5,25,1,369,22,876,40,post_fragmentation,50,0.7,0.2,chessboard,774,2,2
52,225,5,25,1,369,22,876,40,post_fragmentation,50,0.7,0.2,chessboard,778,4,2
52,225,5,25,1,369,22,876,40,post_fragmentation,50,0.7,0.2,chessboard,798,1,2
52,225,5,25,1,369,22,876,40,post_fragmentation,50,0.7,0.2,chessboard,799,1,2
52,225,5,25,1,369,22,876,40,post_fragmentation,50,0.7,0.2,chessboard,815,2,2
52,225,5,25,1,369,22,876,40,post_fragmentation,50,0.7,0.2,chessboard,819,1,2
52,225,5,25,1,369,22,876,40,post_fragmentation,50,0.7,0.2,chessboard,820,1,2
52,225,5,25,1,369,22,876,40,post_fragmentation,50,0.7,0.2,chessboard,822,2,2
52,225,5,25,1,369,22,876,40,post_fragmentation,50,0.7,0.2,chessboard,825,1,2
52,225,5,25,1,369,22,876,40,post_fragmentation,50,0.7,0.2,chessboard,828,2,2
52,225,5,25,1,369,22,876,40,post_fragmentation,50,0.7,0.2,chessboard,833,1,2
52,225,5,25,1,369,22,876,40,post_fragmentation,50,0.7,0.2,chessboard,848,1,2
52,225,5,25,1,369,22,876,40,post_fragmentation,50,0.7,0.2,chessboard,867,1,2
52,225,5,25,1,369,22,876,40,post_fragmentation,50,0.7,0.2,chessboard,873,2,2
52,225,5,25,1,369,22,876,40,post_fragmentation,50,0.7,0.2,chessboard,979,1,2
53,227,5,27,1,369,22,876,40,post_fragmentation,50,0.7,0.2,chessboard,696,1,2
53,227,5,27,1,369,22,876,40,post_fragmentation,50,0.7,0.2,chessboard,736,2,2
53,227,5,27,1,369,22,876,40,post_fragmentation,50,0.7,0.2,chessboard,738,2,2
53,227,5,27,1,369,22,876,40,post_fragmentation,50,0.7,0.2,chessboard,749,1,2
53,227,5,27,1,369,22,876,40,post_fragmentation,50,0.7,0.2,chessboard,750,1,2
53,227,5,27,1,369,22,876,40,post_fragmentation,50,0.7,0.2,chessboard,751,2,2
53,227,5,27,1,369,22,876,40,post_fragmentation,50,0.7,0.2,chessboard,772,2,2
53,227,5,27,1,369,22,876,40,post_fragmentation,50,0.7,0.2,chessboard,774,2,2
53,227,5,27,1,369,22,876,40,post_fragmentation,50,0.7,0.2,chessboard,797,2,2
53,227,5,27,1,369,22,876,40,post_fragmentation,50,0.7,0.2,chessboard,799,2,2
53,227,5,27,1,369,22,876,40,post_fragmentation,50,0.7,0.2,chessboard,807,1,2
53,227,5,27,1,369,22,876,40,post_fragmentation,50,0.7,0.2,chessboard,809,1,2
53,227,5,27,1,369,22,876,40,post_fragmentation,50,0.7,0.2,chessboard,815,2,2
53,227,5,27,1,369,22,876,40,post_fragmentation,50,0.7,0.2,chessboard,820,2,2
53,227,5,27,1,369,22,876,40,post_fragmentation,50,0.7,0.2,chessboard,823,1,2
53,227,5,27,1,369,22,876,40,post_fragmentation,50,0.7,0.2,chessboard,825,1,2
53,227,5,27,1,369,22,876,40,post_fragmentation,50,0.7,0.2,chessboard,828,1,2
53,227,5,27,1,369,22,876,40,post_fragmentation,50,0.7,0.2,chessboard,830,2,2
53,227,5,27,1,369,22,876,40,post_fragmentation,50,0.7,0.2,chessboard,836,1,2
53,227,5,27,1,369,22,876,40,post_fragmentation,50,0.7,0.2,chessboard,837,1,2
53,227,5,27,1,369,22,876,40,post_fragmentation,50,0.7,0.2,chessboard,843,3,2
53,227,5,27,1,369,22,876,40,post_fragmentation,50,0.7,0.2,chessboard,859,1,2
53,227,5,27,1,369,22,876,40,post_fragmentation,50,0.7,0.2,chessboard,868,2,2
53,227,5,27,1,369,22,876,40,post_fragmentation,50,0.7,0.2,chessboard,891,2,2
53,227,5,27,1,369,22,876,40,post_fragmentation,50,0.7,0.2,chessboard,901,1,2
53,227,5,27,1,369,22,876,40,post_fragmentation,50,0.7,0.2,chessboard,914,1,2
53,227,5,27,1,369,22,876,40,post_fragmentation,50,0.7,0.2,chessboard,925,1,2
53,227,5,27,1,369,22,876,40,post_fragmentation,50,0.7,0.2,chessboard,938,1,2
54,254,6,4,1,369,22,876,40,post_fragmentation,50,0.7,0.2,chessboard,711,1,2
54,254,6,4,1,369,22,876,40,post_fragmentation,50,0.7,0.2,chessboard,772,1,2
54,254,6,4,1,369,22,876,40,post_fragmentation,50,0.7,0.2,chessboard,798,1,2
54,254,6,4,1,369,22,876,40,post_fragmentation,50,0.7,0.2,chessboard,817,2,2
54,254,6,4,1,369,22,876,40,post_fragmentation,50,0.7,0.2,chessboard,821,1,2
54,254,6,4,1,369,22,876,40,post_fragmentation,50,0.7,0.2,chessboard,829,1,2
54,254,6,4,1,369,22,876,40,post_fragmentation,50,0.7,0.2,chessboard,844,1,2
54,254,6,4,1,369,22,876,40,post_fragmentation,50,0.7,0.2,chessboard,850,8,2
54,254,6,4,1,369,22,876,40,post_fragmentation,50,0.7,0.2,chessboard,856,2,2
54,254,6,4,1,369,22,876,40,post_fragmentation,50,0.7,0.2,chessboard,858,1,2
54,254,6,4,1,369,22,876,40,post_fragmentation,50,0.7,0.2,chessboard,862,1,2
54,254,6,4,1,369,22,876,40,post_fragmentation,50,0.7,0.2,chessboard,863,2,2
54,254,6,4,1,369,22,876,40,post_fragmentation,50,0.7,0.2,chessboard,865,1,2
54,254,6,4,1,369,22,876,40,post_fragmentation,50,0.7,0.2,chessboard,878,1,2
54,254,6,4,1,369,22,876,40,post_fragmentation,50,0.7,0.2,chessboard,879,2,2
54,254,6,4,1,369,22,876,40,post_fragmentation,50,0.7,0.2,chessboard,882,2,2
54,254,6,4,1,369,22,876,40,post_fragmentation,50,0.7,0.2,chessboard,885,1,2
54,254,6,4,1,369,22,876,40,post_fragmentation,50,0.7,0.2,chessboard,906,1,2
54,254,6,4,1,369,22,876,40,post_fragmentation,50,0.7,0.2,chessboard,908,1,2
54,254,6,4,1,369,22,876,40,post_fragmentation,50,0.7,0.2,chessboard,909,3,2
54,254,6,4,1,369,22,876,40,post_fragmentation,50,0.7,0.2,chessboard,917,1,2
54,254,6,4,1,369,22,876,40,post_fragmentation,50,0.7,0.2,chessboard,919,1,2
54,254,6,4,1,369,22,876,40,post_fragmentation,50,0.7,0.2,chessboard,921,1,2
54,254,6,4,1,369,22,876,40,post_fragmentation,50,0.7,0.2,chessboard,925,1,2
54,254,6,4,1,369,22,876,40,post_fragmentation,50,0.7,0.2,chessboard,930,1,2
54,254,6,4,1,369,22,876,40,post_fragmentation,50,0.7,0.2,chessboard,931,1,2
54,254,6,4,1,369,22,876,40,post_fragmentation,50,0.7,0.2,chessboard,933,1,2
54,254,6,4,1,369,22,876,40,post_fragmentation,50,0.7,0.2,chessboard,959,1,2
54,254,6,4,1,369,22,876,40,post_fragmentation,50,0.7,0.2,chessboard,988,1,2
55,256,6,6,1,369,22,876,40,post_fragmentation,50,0.7,0.2,chessboard,684,1,2
55,256,6,6,1,369,22,876,40,post_fragmentation,50,0.7,0.2,chessboard,711,1,2
55,256,6,6,1,369,22,876,40,post_fragmentation,50,0.7,0.2,chessboard,813,1,2
55,256,6,6,1,369,22,876,40,post_fragmentation,50,0.7,0.2,chessboard,824,2,2
55,256,6,6,1,369,22,876,40,post_fragmentation,50,0.7,0.2,chessboard,832,1,2
55,256,6,6,1,369,22,876,40,post_fragmentation,50,0.7,0.2,chessboard,839,1,2
55,256,6,6,1,369,22,876,40,post_fragmentation,50,0.7,0.2,chessboard,844,1,2
55,256,6,6,1,369,22,876,40,post_fragmentation,50,0.7,0.2,chessboard,850,1,2
55,256,6,6,1,369,22,876,40,post_fragmentation,50,0.7,0.2,chessboard,862,1,2
55,256,6,6,1,369,22,876,40,post_fragmentation,50,0.7,0.2,chessboard,863,1,2
55,256,6,6,1,369,22,876,40,post_fragmentation,50,0.7,0.2,chessboard,865,2,2
55,256,6,6,1,369,22,876,40,post_fragmentation,50,0.7,0.2,chessboard,876,1,2
55,256,6,6,1,369,22,876,40,post_fragmentation,50,0.7,0.2,chessboard,879,3,2
55,256,6,6,1,369,22,876,40,post_fragmentation,50,0.7,0.2,chessboard,882,1,2
55,256,6,6,1,369,22,876,40,post_fragmentation,50,0.7,0.2,chessboard,885,2,2
55,256,6,6,1,369,22,876,40,post_fragmentation,50,0.7,0.2,chessboard,888,1,2
55,256,6,6,1,369,22,876,40,post_fragmentation,50,0.7,0.2,chessboard,890,1,2
55,256,6,6,1,369,22,876,40,post_fragmentation,50,0.7,0.2,chessboard,905,1,2
55,256,6,6,1,369,22,876,40,post_fragmentation,50,0.7,0.2,chessboard,908,1,2
55,256,6,6,1,369,22,876,40,post_fragmentation,50,0.7,0.2,chessboard,910,1,2
55,256,6,6,1,369,22,876,40,post_fragmentation,50,0.7,0.2,chessboard,913,2,2
55,256,6,6,1,369,22,876,40,post_fragmentation,50,0.7,0.2,chessboard,919,2,2
55,256,6,6,1,369,22,876,40,post_fragmentation,50,0.7,0.2,chessboard,923,2,2
55,256,6,6,1,369,22,876,40,post_fragmentation,50,0.7,0.2,chessboard,933,1,2
55,256,6,6,1,369,22,876,40,post_fragmentation,50,0.7,0.2,chessboard,955,2,2
55,256,6,6,1,369,22,876,40,post_fragmentation,50,0.7,0.2,chessboard,967,2,2
55,256,6,6,1,369,22,876,40,post_fragmentation,50,0.7,0.2,chessboard,990,1,2
56,258,6,8,1,369,22,876,40,post_fragmentation,50,0.7,0.2,chessboard,688,1,2
56,258,6,8,1,369,22,876,40,post_fragmentation,50,0.7,0.2,chessboard,752,2,2
56,258,6,8,1,369,22,876,40,post_fragmentation,50,0.7,0.2,chessboard,798,1,2
56,258,6,8,1,369,22,876,40,post_fragmentation,50,0.7,0.2,chessboard,805,1,2
56,258,6,8,1,369,22,876,40,post_fragmentation,50,0.7,0.2,chessboard,828,1,2
56,258,6,8,1,369,22,876,40,post_fragmentation,50,0.7,0.2,chessboard,844,1,2
56,258,6,8,1,369,22,876,40,post_fragmentation,50,0.7,0.2,chessboard,850,2,2
56,258,6,8,1,369,22,876,40,post_fragmentation,50,0.7,0.2,chessboard,854,1,2
56,258,6,8,1,369,22,876,40,post_fragmentation,50,0.7,0.2,chessboard,862,1,2
56,258,6,8,1,369,22,876,40,post_fragmentation,50,0.7,0.2,chessboard,863,1,2
56,258,6,8,1,369,22,876,40,post_fragmentation,50,0.7,0.2,chessboard,865,2,2
56,258,6,8,1,369,22,876,40,post_fragmentation,50,0.7,0.2,chessboard,866,1,2
56,258,6,8,1,369,22,876,40,post_fragmentation,50,0.7,0.2,chessboard,877,2,2
56,258,6,8,1,369,22,876,40,post_fragmentation,50,0.7,0.2,chessboard,878,1,2
56,258,6,8,1,369,22,876,40,post_fragmentation,50,0.7,0.2,chessboard,885,2,2
56,258,6,8,1,369,22,876,40,post_fragmentation,50,0.7,0.2,chessboard,890,2,2
56,258,6,8,1,369,22,876,40,post_fragmentation,50,0.7,0.2,chessboard,894,1,2
56,258,6,8,1,369,22,876,40,post_fragmentation,50,0.7,0.2,chessboard,895,1,2
56,258,6,8,1,369,22,876,40,post_fragmentation,50,0.7,0.2,chessboard,905,1,2
56,258,6,8,1,369,22,876,40,post_fragmentation,50,0.7,0.2,chessboard,906,1,2
56,258,6,8,1,369,22,876,40,post_fragmentation,50,0.7,0.2,chessboard,907,1,2
56,258,6,8,1,369,22,876,40,post_fragmentation,50,0.7,0.2,chessboard,928,1,2
56,258,6,8,1,369,22,876,40,post_fragmentation,50,0.7,0.2,chessboard,938,1,2
56,258,6,8,1,369,22,876,40,post_fragmentation,50,0.7,0.2,chessboard,957,2,2
56,258,6,8,1,369,22,876,40,post_fragmentation,50,0.7,0.2,chessboard,960,1,2
57,260,6,10,1,369,22,876,40,post_fragmentation,50,0.7,0.2,chessboard,725,1,2
57,260,6,10,1,369,22,876,40,post_fragmentation,50,0.7,0.2,chessboard,805,1,2
57,260,6,10,1,369,22,876,40,post_fragmentation,50,0.7,0.2,chessboard,814,1,2
57,260,6,10,1,369,22,876,40,post_fragmentation,50,0.7,0.2,chessboard,824,3,2
57,260,6,10,1,369,22,876,40,post_fragmentation,50,0.7,0.2,chessboard,837,1,2
57,260,6,10,1,369,22,876,40,post_fragmentation,50,0.7,0.2,chessboard,839,1,2
57,260,6,10,1,369,22,876,40,post_fragmentation,50,0.7,0.2,chessboard,850,1,2
57,260,6,10,1,369,22,876,40,post_fragmentation,50,0.7,0.2,chessboard,856,1,2
57,260,6,10,1,369,22,876,40,post_fragmentation,50,0.7,0.2,chessboard,858,2,2
57,260,6,10,1,369,22,876,40,post_fragmentation,50,0.7,0.2,chessboard,862,2,2
57,260,6,10,1,369,22,876,40,post_fragmentation,50,0.7,0.2,chessboard,865,4,2
57,260,6,10,1,369,22,876,40,post_fragmentation,50,0.7,0.2,chessboard,877,1,2
57,260,6,10,1,369,22,876,40,post_fragmentation,50,0.7,0.2,chessboard,879,3,2
57,260,6,10,1,369,22,876,40,post_fragmentation,50,0.7,0.2,chessboard,882,1,2
57,260,6,10,1,369,22,876,40,post_fragmentation,50,0.7,0.2,chessboard,886,1,2
57,260,6,10,1,369,22,876,40,post_fragmentation,50,0.7,0.2,chessboard,888,1,2
57,260,6,10,1,369,22,876,40,post_fragmentation,50,0.7,0.2,chessboard,894,7,2
57,260,6,10,1,369,22,876,40,post_fragmentation,50,0.7,0.2,chessboard,897,1,2
57,260,6,10,1,369,22,876,40,post_fragmentation,50,0.7,0.2,chessboard,904,1,2
57,260,6,10,1,369,22,876,40,post_fragmentation,50,0.7,0.2,chessboard,906,1,2
57,260,6,10,1,369,22,876,40,post_fragmentation,50,0.7,0.2,chessboard,913,1,2
57,260,6,10,1,369,22,876,40,post_fragmentation,50,0.7,0.2,chessboard,914,1,2
57,260,6,10,1,369,22,876,40,post_fragmentation,50,0.7,0.2,chessboard,928,1,2
57,260,6,10,1,369,22,876,40,post_fragmentation,50,0.7,0.2,chessboard,938,2,2
58,262,6,12,1,369,22,876,40,post_fragmentation,50,0.7,0.2,chessboard,739,1,2
58,262,6,12,1,369,22,876,40,post_fragmentation,50,0.7,0.2,chessboard,824,1,2
58,262,6,12,1,369,22,876,40,post_fragmentation,50,0.7,0.2,chessboard,832,1,2
58,262,6,12,1,369,22,876,40,post_fragmentation,50,0.7,0.2,chessboard,839,1,2
58,262,6,12,1,369,22,876,40,post_fragmentation,50,0.7,0.2,chessboard,844,2,2
58,262,6,12,1,369,22,876,40,post_fragmentation,50,0.7,0.2,chessboard,848,1,2
58,262,6,12,1,369,22,876,40,post_fragmentation,50,0.7,0.2,chessboard,850,3,2
58,262,6,12,1,369,22,876,40,post_fragmentation,50,0.7,0.2,chessboard,858,1,2
58,262,6,12,1,369,22,876,40,post_fragmentation,50,0.7,0.2,chessboard,862,3,2
58,262,6,12,1,369,22,876,40,post_fragmentation,50,0.7,0.2,chessboard,863,3,2
58,262,6,12,1,369,22,876,40,post_fragmentation,50,0.7,0.2,chessboard,866,1,2
58,262,6,12,1,369,22,876,40,post_fragmentation,50,0.7,0.2,chessboard,873,1,2
58,262,6,12,1,369,22,876,40,post_fragmentation,50,0.7,0.2,chessboard,876,1,2
58,262,6,12,1,369,22,876,40,post_fragmentation,50,0.7,0.2,chessboard,879,1,2
58,262,6,12,1,369,22,876,40,post_fragmentation,50,0.7,0.2,chessboard,888,1,2
58,262,6,12,1,369,22,876,40,post_fragmentation,50,0.7,0.2,chessboard,894,2,2
58,262,6,12,1,369,22,876,40,post_fragmentation,50,0.7,0.2,chessboard,897,2,2
58,262,6,12,1,369,22,876,40,post_fragmentation,50,0.7,0.2,chessboard,905,2,2
58,262,6,12,1,369,22,876,40,post_fragmentation,50,0.7,0.2,chessboard,906,1,2
58,262,6,12,1,369,22,876,40,post_fragmentation,50,0.7,0.2,chessboard,907,2,2
58,262,6,12,1,369,22,876,40,post_fragmentation,50,0.7,0.2,chessboard,913,1,2
58,262,6,12,1,369,22,876,40,post_fragmentation,50,0.7,0.2,chessboard,921,1,2
58,262,6,12,1,369,22,876,40,post_fragmentation,50,0.7,0.2,chessboard,925,3,2
58,262,6,12,1,369,22,876,40,post_fragmentation,50,0.7,0.2,chessboard,937,1,2
58,262,6,12,1,369,22,876,40,post_fragmentation,50,0.7,0.2,chessboard,938,2,2
58,262,6,12,1,369,22,876,40,post_fragmentation,50,0.7,0.2,chessboard,987,1,2
59,264,6,14,1,369,22,876,40,post_fragmentation,50,0.7,0.2,chessboard,738,1,2
59,264,6,14,1,369,22,876,40,post_fragmentation,50,0.7,0.2,chessboard,739,1,2
59,264,6,14,1,369,22,876,40,post_fragmentation,50,0.7,0.2,chessboard,778,1,2
59,264,6,14,1,369,22,876,40,post_fragmentation,50,0.7,0.2,chessboard,816,1,2
59,264,6,14,1,369,22,876,40,post_fragmentation,50,0.7,0.2,chessboard,819,2,2
59,264,6,14,1,369,22,876,40,post_fragmentation,50,0.7,0.2,chessboard,822,2,2
59,264,6,14,1,369,22,876,40,post_fragmentation,50,0.7,0.2,chessboard,824,1,2
59,264,6,14,1,369,22,876,40,post_fragmentation,50,0.7,0.2,chessboard,836,1,2
59,264,6,14,1,369,22,876,40,post_fragmentation,50,0.7,0.2,chessboard,844,1,2
59,264,6,14,1,369,22,876,40,post_fragmentation,50,0.7,0.2,chessboard,850,1,2
59,264,6,14,1,369,22,876,40,post_fragmentation,50,0.7,0.2,chessboard,854,1,2
59,264,6,14,1,369,22,876,40,post_fragmentation,50,0.7,0.2,chessboard,862,1,2
59,264,6,14,1,369,22,876,40,post_fragmentation,50,0.7,0.2,chessboard,863,1,2
59,264,6,14,1,369,22,876,40,post_fragmentation,50,0.7,0.2,chessboard,869,2,2
59,264,6,14,1,369,22,876,40,post_fragmentation,50,0.7,0.2,chessboard,876,2,2
59,264,6,14,1,369,22,876,40,post_fragmentation,50,0.7,0.2,chessboard,877,1,2
59,264,6,14,1,369,22,876,40,post_fragmentation,50,0.7,0.2,chessboard,879,1,2
59,264,6,14,1,369,22,876,40,post_fragmentation,50,0.7,0.2,chessboard,888,1,2
59,264,6,14,1,369,22,876,40,post_fragmentation,50,0.7,0.2,chessboard,890,1,2
59,264,6,14,1,369,22,876,40,post_fragmentation,50,0.7,0.2,chessboard,894,1,2
59,264,6,14,1,369,22,876,40,post_fragmentation,50,0.7,0.2,chessboard,905,5,2
59,264,6,14,1,369,22,876,40,post_fragmentation,50,0.7,0.2,chessboard,907,1,2
59,264,6,14,1,369,22,876,40,post_fragmentation,50,0.7,0.2,chessboard,910,1,2
59,264,6,14,1,369,22,876,40,post_fragmentation,50,0.7,0.2,chessboard,915,1,2
59,264,6,14,1,369,22,876,40,post_fragmentation,50,0.7,0.2,chessboard,917,1,2
59,264,6,14,1,369,22,876,40,post_fragmentation,50,0.7,0.2,chessboard,925,1,2
60,266,6,16,1,369,22,876,40,post_fragmentation,50,0.7,0.2,chessboard,635,1,2
60,266,6,16,1,369,22,876,40,post_fragmentation,50,0.7,0.2,chessboard,661,1,2
60,266,6,16,1,369,22,876,40,post_fragmentation,50,0.7,0.2,chessboard,663,2,2
60,266,6,16,1,369,22,876,40,post_fragmentation,50,0.7,0.2,chessboard,675,1,2
60,266,6,16,1,369,22,876,40,post_fragmentation,50,0.7,0.2,chessboard,679,1,2
60,266,6,16,1,369,22,876,40,post_fragmentation,50,0.7,0.2,chessboard,681,2,2
60,266,6,16,1,369,22,876,40,post_fragmentation,50,0.7,0.2,chessboard,696,2,2
60,266,6,16,1,369,22,876,40,post_fragmentation,50,0.7,0.2,chessboard,725,1,2
60,266,6,16,1,369,22,876,40,post_fragmentation,50,0.7,0.2,chessboard,729,2,2
60,266,6,16,1,369,22,876,40,post_fragmentation,50,0.7,0.2,chessboard,738,2,2
60,266,6,16,1,369,22,876,40,post_fragmentation,50,0.7,0.2,chessboard,748,3,2
60,266,6,16,1,369,22,876,40,post_fragmentation,50,0.7,0.2,chessboard,756,1,2
60,266,6,16,1,369,22,876,40,post_fragmentation,50,0.7,0.2,chessboard,758,1,2
60,266,6,16,1,369,22,876,40,post_fragmentation,50,0.7,0.2,chessboard,762,1,2
60,266,6,16,1,369,22,876,40,post_fragmentation,50,0.7,0.2,chessboard,774,1,2
60,266,6,16,1,369,22,876,40,post_fragmentation,50,0.7,0.2,chessboard,784,2,2
60,266,6,16,1,369,22,876,40,post_fragmentation,50,0.7,0.2,chessboard,799,1,2
60,266,6,16,1,369,22,876,40,post_fragmentation,50,0.7,0.2,chessboard,808,1,2
60,266,6,16,1,369,22,876,40,post_fragmentation,50,0.7,0.2,chessboard,817,1,2
60,266,6,16,1,369,22,876,40,post_fragmentation,50,0.7,0.2,chessboard,822,3,2
60,266,6,16,1,369,22,876,40,post_fragmentation,50,0.7,0.2,chessboard,824,1,2
60,266,6,16,1,369,22,876,40,post_fragmentation,50,0.7,0.2,chessboard,828,1,2
60,266,6,16,1,369,22,876,40,post_fragmentation,50,0.7,0.2,chessboard,831,1,2
60,266,6,16,1,369,22,876,40,post_fragmentation,50,0.7,0.2,chessboard,850,1,2
60,266,6,16,1,369,22,876,40,post_fragmentation,50,0.7,0.2,chessboard,858,3,2
60,266,6,16,1,369,22,876,40,post_fragmentation,50,0.7,0.2,chessboard,869,1,2
60,266,6,16,1,369,22,876,40,post_fragmentation,50,0.7,0.2,chessboard,878,1,2
60,266,6,16,1,369,22,876,40,post_fragmentation,50,0.7,0.2,chessboard,888,2,2
60,266,6,16,1,369,22,876,40,post_fragmentation,50,0.7,0.2,chessboard,894,1,2
61,268,6,18,1,369,22,876,40,post_fragmentation,50,0.7,0.2,chessboard,559,1,2
61,268,6,18,1,369,22,876,40,post_fragmentation,50,0.7,0.2,chessboard,652,1,2
61,268,6,18,1,369,22,876,40,post_fragmentation,50,0.7,0.2,chessboard,663,2,2
61,268,6,18,1,369,22,876,40,post_fragmentation,50,0.7,0.2,chessboard,669,1,2
61,268,6,18,1,369,22,876,40,post_fragmentation,50,0.7,0.2,chessboard,675,1,2
61,268,6,18,1,369,22,876,40,post_fragmentation,50,0.7,0.2,chessboard,679,3,2
61,268,6,18,1,369,22,876,40,post_fragmentation,50,0.7,0.2,chessboard,681,1,2
61,268,6,18,1,369,22,876,40,post_fragmentation,50,0.7,0.2,chessboard,700,1,2
61,268,6,18,1,369,22,876,40,post_fragmentation,50,0.7,0.2,chessboard,717,1,2
61,268,6,18,1,369,22,876,40,post_fragmentation,50,0.7,0.2,chessboard,720,1,2
61,268,6,18,1,369,22,876,40,post_fragmentation,50,0.7,0.2,chessboard,729,2,2
61,268,6,18,1,369,22,876,40,post_fragmentation,50,0.7,0.2,chessboard,738,1,2
61,268,6,18,1,369,22,876,40,post_fragmentation,50,0.7,0.2,chessboard,742,1,2
61,268,6,18,1,369,22,876,40,post_fragmentation,50,0.7,0.2,chessboard,752,1,2
61,268,6,18,1,369,22,876,40,post_fragmentation,50,0.7,0.2,chessboard,758,1,2
61,268,6,18,1,369,22,876,40,post_fragmentation,50,0.7,0.2,chessboard,790,1,2
61,268,6,18,1,369,22,876,40,post_fragmentation,50,0.7,0.2,chessboard,808,1,2
61,268,6,18,1,369,22,876,40,post_fragmentation,50,0.7,0.2,chessboard,819,1,2
61,268,6,18,1,369,22,876,40,post_fragmentation,50,0.7,0.2,chessboard,828,2,2
61,268,6,18,1,369,22,876,40,post_fragmentation,50,0.7,0.2,chessboard,831,1,2
61,268,6,18,1,369,22,876,40,post_fragmentation,50,0.7,0.2,chessboard,832,1,2
61,268,6,18,1,369,22,876,40,post_fragmentation,50,0.7,0.2,chessboard,862,5,2
61,268,6,18,1,369,22,876,40,post_fragmentation,50,0.7,0.2,chessboard,863,1,2
61,268,6,18,1,369,22,876,40,post_fragmentation,50,0.7,0.2,chessboard,866,1,2
61,268,6,18,1,369,22,876,40,post_fragmentation,50,0.7,0.2,chessboard,873,1,2
61,268,6,18,1,369,22,876,40,post_fragmentation,50,0.7,0.2,chessboard,877,1,2
61,268,6,18,1,369,22,876,40,post_fragmentation,50,0.7,0.2,chessboard,882,1,2
62,270,6,20,1,369,22,876,40,post_fragmentation,50,0.7,0.2,chessboard,635,2,2
62,270,6,20,1,369,22,876,40,post_fragmentation,50,0.7,0.2,chessboard,650,1,2
62,270,6,20,1,369,22,876,40,post_fragmentation,50,0.7,0.2,chessboard,663,1,2
62,270,6,20,1,369,22,876,40,post_fragmentation,50,0.7,0.2,chessboard,729,4,2
62,270,6,20,1,369,22,876,40,post_fragmentation,50,0.7,0.2,chessboard,738,5,2
62,270,6,20,1,369,22,876,40,post_fragmentation,50,0.7,0.2,chessboard,739,1,2
62,270,6,20,1,369,22,876,40,post_fragmentation,50,0.7,0.2,chessboard,742,1,2
62,270,6,20,1,369,22,876,40,post_fragmentation,50,0.7,0.2,chessboard,752,1,2
62,270,6,20,1,369,22,876,40,post_fragmentation,50,0.7,0.2,chessboard,772,1,2
62,270,6,20,1,369,22,876,40,post_fragmentation,50,0.7,0.2,chessboard,775,1,2
62,270,6,20,1,369,22,876,40,post_fragmentation,50,0.7,0.2,chessboard,783,2,2
62,270,6,20,1,369,22,876,40,post_fragmentation,50,0.7,0.2,chessboard,790,5,2
62,270,6,20,1,369,22,876,40,post_fragmentation,50,0.7,0.2,chessboard,811,1,2
62,270,6,20,1,369,22,876,40,post_fragmentation,50,0.7,0.2,chessboard,817,1,2
62,270,6,20,1,369,22,876,40,post_fragmentation,50,0.7,0.2,chessboard,820,3,2
62,270,6,20,1,369,22,876,40,post_fragmentation,50,0.7,0.2,chessboard,822,1,2
62,270,6,20,1,369,22,876,40,post_fragmentation,50,0.7,0.2,chessboard,828,1,2
62,270,6,20,1,369,22,876,40,post_fragmentation,50,0.7,0.2,chessboard,831,1,2
62,270,6,20,1,369,22,876,40,post_fragmentation,50,0.7,0.2,chessboard,843,1,2
62,270,6,20,1,369,22,876,40,post_fragmentation,50,0.7,0.2,chessboard,852,1,2
62,270,6,20,1,369,22,876,40,post_fragmentation,50,0.7,0.2,chessboard,867,1,2
63,272,6,22,1,369,22,876,40,post_fragmentation,50,0.7,0.2,chessboard,554,1,2
63,272,6,22,1,369,22,876,40,post_fragmentation,50,0.7,0.2,chessboard,642,1,2
63,272,6,22,1,369,22,876,40,post_fragmentation,50,0.7,0.2,chessboard,663,1,2
63,272,6,22,1,369,22,876,40,post_fragmentation,50,0.7,0.2,chessboard,664,1,2
63,272,6,22,1,369,22,876,40,post_fragmentation,50,0.7,0.2,chessboard,716,1,2
63,272,6,22,1,369,22,876,40,post_fragmentation,50,0.7,0.2,chessboard,717,1,2
63,272,6,22,1,369,22,876,40,post_fragmentation,50,0.7,0.2,chessboard,720,1,2
63,272,6,22,1,369,22,876,40,post_fragmentation,50,0.7,0.2,chessboard,738,8,2
63,272,6,22,1,369,22,876,40,post_fragmentation,50,0.7,0.2,chessboard,746,1,2
63,272,6,22,1,369,22,876,40,post_fragmentation,50,0.7,0.2,chessboard,749,1,2
63,272,6,22,1,369,22,876,40,post_fragmentation,50,0.7,0.2,chessboard,750,1,2
63,272,6,22,1,369,22,876,40,post_fragmentation,50,0.7,0.2,chessboard,752,1,2
63,272,6,22,1,369,22,876,40,post_fragmentation,50,0.7,0.2,chessboard,754,1,2
63,272,6,22,1,369,22,876,40,post_fragmentation,50,0.7,0.2,chessboard,759,1,2
63,272,6,22,1,369,22,876,40,post_fragmentation,50,0.7,0.2,chessboard,762,1,2
63,272,6,22,1,369,22,876,40,post_fragmentation,50,0.7,0.2,chessboard,772,4,2
63,272,6,22,1,369,22,876,40,post_fragmentation,50,0.7,0.2,chessboard,774,1,2
63,272,6,22,1,369,22,876,40,post_fragmentation,50,0.7,0.2,chessboard,778,1,2
63,272,6,22,1,369,22,876,40,post_fragmentation,50,0.7,0.2,chessboard,797,1,2
63,272,6,22,1,369,22,876,40,post_fragmentation,50,0.7,0.2,chessboard,817,1,2
63,272,6,22,1,369,22,876,40,post_fragmentation,50,0.7,0.2,chessboard,820,1,2
63,272,6,22,1,369,22,876,40,post_fragmentation,50,0.7,0.2,chessboard,822,1,2
63,272,6,22,1,369,22,876,40,post_fragmentation,50,0.7,0.2,chessboard,830,1,2
63,272,6,22,1,369,22,876,40,post_fragmentation,50,0.7,0.2,chessboard,832,2,2
63,272,6,22,1,369,22,876,40,post_fragmentation,50,0.7,0.2,chessboard,891,2,2
64,274,6,24,1,369,22,876,40,post_fragmentation,50,0.7,0.2,chessboard,660,1,2
64,274,6,24,1,369,22,876,40,post_fragmentation,50,0.7,0.2,chessboard,671,1,2
64,274,6,24,1,369,22,876,40,post_fragmentation,50,0.7,0.2,chessboard,676,1,2
64,274,6,24,1,369,22,876,40,post_fragmentation,50,0.7,0.2,chessboard,680,1,2
64,274,6,24,1,369,22,876,40,post_fragmentation,50,0.7,0.2,chessboard,700,1,2
64,274,6,24,1,369,22,876,40,post_fragmentation,50,0.7,0.2,chessboard,738,2,2
64,274,6,24,1,369,22,876,40,post_fragmentation,50,0.7,0.2,chessboard,741,1,2
64,274,6,24,1,369,22,876,40,post_fragmentation,50,0.7,0.2,chessboard,742,1,2
64,274,6,24,1,369,22,876,40,post_fragmentation,50,0.7,0.2,chessboard,746,3,2
64,274,6,24,1,369,22,876,40,post_fragmentation,50,0.7,0.2,chessboard,749,1,2
64,274,6,24,1,369,22,876,40,post_fragmentation,50,0.7,0.2,chessboard,751,2,2
64,274,6,24,1,369,22,876,40,post_fragmentation,50,0.7,0.2,chessboard,762,2,2
64,274,6,24,1,369,22,876,40,post_fragmentation,50,0.7,0.2,chessboard,773,1,2
64,274,6,24,1,369,22,876,40,post_fragmentation,50,0.7,0.2,chessboard,778,2,2
64,274,6,24,1,369,22,876,40,post_fragmentation,50,0.7,0.2,chessboard,784,2,2
64,274,6,24,1,369,22,876,40,post_fragmentation,50,0.7,0.2,chessboard,797,1,2
64,274,6,24,1,369,22,876,40,post_fragmentation,50,0.7,0.2,chessboard,798,1,2
64,274,6,24,1,369,22,876,40,post_fragmentation,50,0.7,0.2,chessboard,815,1,2
64,274,6,24,1,369,22,876,40,post_fragmentation,50,0.7,0.2,chessboard,825,2,2
64,274,6,24,1,369,22,876,40,post_fragmentation,50,0.7,0.2,chessboard,833,1,2
64,274,6,24,1,369,22,876,40,post_fragmentation,50,0.7,0.2,chessboard,835,1,2
64,274,6,24,1,369,22,876,40,post_fragmentation,50,0.7,0.2,chessboard,843,1,2
64,274,6,24,1,369,22,876,40,post_fragmentation,50,0.7,0.2,chessboard,848,2,2
64,274,6,24,1,369,22,876,40,post_fragmentation,50,0.7,0.2,chessboard,849,2,2
65,276,6,26,1,369,22,876,40,post_fragmentation,50,0.7,0.2,chessboard,738,2,2
65,276,6,26,1,369,22,876,40,post_fragmentation,50,0.7,0.2,chessboard,739,1,2
65,276,6,26,1,369,22,876,40,post_fragmentation,50,0.7,0.2,chessboard,742,1,2
65,276,6,26,1,369,22,876,40,post_fragmentation,50,0.7,0.2,chessboard,750,1,2
65,276,6,26,1,369,22,876,40,post_fragmentation,50,0.7,0.2,chessboard,751,3,2
65,276,6,26,1,369,22,876,40,post_fragmentation,50,0.7,0.2,chessboard,754,1,2
65,276,6,26,1,369,22,876,40,post_fragmentation,50,0.7,0.2,chessboard,766,2,2
65,276,6,26,1,369,22,876,40,post_fragmentation,50,0.7,0.2,chessboard,772,2,2
65,276,6,26,1,369,22,876,40,post_fragmentation,50,0.7,0.2,chessboard,778,1,2
65,276,6,26,1,369,22,876,40,post_fragmentation,50,0.7,0.2,chessboard,790,2,2
65,276,6,26,1,369,22,876,40,post_fragmentation,50,0.7,0.2,chessboard,798,2,2
65,276,6,26,1,369,22,876,40,post_fragmentation,50,0.7,0.2,chessboard,799,2,2
65,276,6,26,1,369,22,876,40,post_fragmentation,50,0.7,0.2,chessboard,825,1,2
65,276,6,26,1,369,22,876,40,post_fragmentation,50,0.7,0.2,chessboard,833,3,2
65,276,6,26,1,369,22,876,40,post_fragmentation,50,0.7,0.2,chessboard,837,1,2
65,276,6,26,1,369,22,876,40,post_fragmentation,50,0.7,0.2,chessboard,849,1,2
65,276,6,26,1,369,22,876,40,post_fragmentation,50,0.7,0.2,chessboard,863,1,2
65,276,6,26,1,369,22,876,40,post_fragmentation,50,0.7,0.2,chessboard,867,2,2
65,276,6,26,1,369,22,876,40,post_fragmentation,50,0.7,0.2,chessboard,878,1,2
65,276,6,26,1,369,22,876,40,post_fragmentation,50,0.7,0.2,chessboard,883,1,2
65,276,6,26,1,369,22,876,40,post_fragmentation,50,0.7,0.2,chessboard,895,1,2
65,276,6,26,1,369,22,876,40,post_fragmentation,50,0.7,0.2,chessboard,936,1,2
65,276,6,26,1,369,22,876,40,post_fragmentation,50,0.7,0.2,chessboard,953,1,2
66,303,7,3,1,369,22,876,40,post_fragmentation,50,0.7,0.2,chessboard,709,1,2
66,303,7,3,1,369,22,876,40,post_fragmentation,50,0.7,0.2,chessboard,714,1,2
66,303,7,3,1,369,22,876,40,post_fragmentation,50,0.7,0.2,chessboard,746,1,2
66,303,7,3,1,369,22,876,40,post_fragmentation,50,0.7,0.2,chessboard,766,3,2
66,303,7,3,1,369,22,876,40,post_fragmentation,50,0.7,0.2,chessboard,793,1,2
66,303,7,3,1,369,22,876,40,post_fragmentation,50,0.7,0.2,chessboard,813,1,2
66,303,7,3,1,369,22,876,40,post_fragmentation,50,0.7,0.2,chessboard,828,1,2
66,303,7,3,1,369,22,876,40,post_fragmentation,50,0.7,0.2,chessboard,830,3,2
66,303,7,3,1,369,22,876,40,post_fragmentation,50,0.7,0.2,chessboard,837,2,2
66,303,7,3,1,369,22,876,40,post_fragmentation,50,0.7,0.2,chessboard,840,1,2
66,303,7,3,1,369,22,876,40,post_fragmentation,50,0.7,0.2,chessboard,841,1,2
66,303,7,3,1,369,22,876,40,post_fragmentation,50,0.7,0.2,chessboard,844,1,2
66,303,7,3,1,369,22,876,40,post_fragmentation,50,0.7,0.2,chessboard,850,1,2
66,303,7,3,1,369,22,876,40,post_fragmentation,50,0.7,0.2,chessboard,862,2,2
66,303,7,3,1,369,22,876,40,post_fragmentation,50,0.7,0.2,chessboard,865,2,2
66,303,7,3,1,369,22,876,40,post_fragmentation,50,0.7,0.2,chessboard,876,1,2
66,303,7,3,1,369,22,876,40,post_fragmentation,50,0.7,0.2,chessboard,879,1,2
66,303,7,3,1,369,22,876,40,post_fragmentation,50,0.7,0.2,chessboard,882,1,2
66,303,7,3,1,369,22,876,40,post_fragmentation,50,0.7,0.2,chessboard,885,2,2
66,303,7,3,1,369,22,876,40,post_fragmentation,50,0.7,0.2,chessboard,887,2,2
66,303,7,3,1,369,22,876,40,post_fragmentation,50,0.7,0.2,chessboard,888,1,2
66,303,7,3,1,369,22,876,40,post_fragmentation,50,0.7,0.2,chessboard,906,1,2
66,303,7,3,1,369,22,876,40,post_fragmentation,50,0.7,0.2,chessboard,919,3,2
66,303,7,3,1,369,22,876,40,post_fragmentation,50,0.7,0.2,chessboard,928,1,2
66,303,7,3,1,369,22,876,40,post_fragmentation,50,0.7,0.2,chessboard,930,1,2
66,303,7,3,1,369,22,876,40,post_fragmentation,50,0.7,0.2,chessboard,946,1,2
67,305,7,5,1,369,22,876,40,post_fragmentation,50,0.7,0.2,chessboard,672,1,2
67,305,7,5,1,369,22,876,40,post_fragmentation,50,0.7,0.2,chessboard,676,1,2
67,305,7,5,1,369,22,876,40,post_fragmentation,50,0.7,0.2,chessboard,708,1,2
67,305,7,5,1,369,22,876,40,post_fragmentation,50,0.7,0.2,chessboard,725,1,2
67,305,7,5,1,369,22,876,40,post_fragmentation,50,0.7,0.2,chessboard,777,1,2
67,305,7,5,1,369,22,876,40,post_fragmentation,50,0.7,0.2,chessboard,805,1,2
67,305,7,5,1,369,22,876,40,post_fragmentation,50,0.7,0.2,chessboard,828,1,2
67,305,7,5,1,369,22,876,40,post_fragmentation,50,0.7,0.2,chessboard,829,2,2
67,305,7,5,1,369,22,876,40,post_fragmentation,50,0.7,0.2,chessboard,830,1,2
67,305,7,5,1,369,22,876,40,post_fragmentation,50,0.7,0.2,chessboard,832,2,2
67,305,7,5,1,369,22,876,40,post_fragmentation,50,0.7,0.2,chessboard,844,1,2
67,305,7,5,1,369,22,876,40,post_fragmentation,50,0.7,0.2,chessboard,850,3,2
67,305,7,5,1,369,22,876,40,post_fragmentation,50,0.7,0.2,chessboard,851,1,2
67,305,7,5,1,369,22,876,40,post_fragmentation,50,0.7,0.2,chessboard,853,1,2
67,305,7,5,1,369,22,876,40,post_fragmentation,50,0.7,0.2,chessboard,856,2,2
67,305,7,5,1,369,22,876,40,post_fragmentation,50,0.7,0.2,chessboard,865,2,2
67,305,7,5,1,369,22,876,40,post_fragmentation,50,0.7,0.2,chessboard,866,3,2
67,305,7,5,1,369,22,876,40,post_fragmentation,50,0.7,0.2,chessboard,876,1,2
67,305,7,5,1,369,22,876,40,post_fragmentation,50,0.7,0.2,chessboard,877,1,2
67,305,7,5,1,369,22,876,40,post_fragmentation,50,0.7,0.2,chessboard,878,1,2
67,305,7,5,1,369,22,876,40,post_fragmentation,50,0.7,0.2,chessboard,879,2,2
67,305,7,5,1,369,22,876,40,post_fragmentation,50,0.7,0.2,chessboard,882,2,2
67,305,7,5,1,369,22,876,40,post_fragmentation,50,0.7,0.2,chessboard,885,1,2
67,305,7,5,1,369,22,876,40,post_fragmentation,50,0.7,0.2,chessboard,890,1,2
67,305,7,5,1,369,22,876,40,post_fragmentation,50,0.7,0.2,chessboard,906,1,2
67,305,7,5,1,369,22,876,40,post_fragmentation,50,0.7,0.2,chessboard,915,1,2
68,307,7,7,1,369,22,876,40,post_fragmentation,50,0.7,0.2,chessboard,765,1,2
68,307,7,7,1,369,22,876,40,post_fragmentation,50,0.7,0.2,chessboard,805,1,2
68,307,7,7,1,369,22,876,40,post_fragmentation,50,0.7,0.2,chessboard,813,2,2
68,307,7,7,1,369,22,876,40,post_fragmentation,50,0.7,0.2,chessboard,821,1,2
68,307,7,7,1,369,22,876,40,post_fragmentation,50,0.7,0.2,chessboard,832,2,2
68,307,7,7,1,369,22,876,40,post_fragmentation,50,0.7,0.2,chessboard,838,1,2
68,307,7,7,1,369,22,876,40,post_fragmentation,50,0.7,0.2,chessboard,839,1,2
68,307,7,7,1,369,22,876,40,post_fragmentation,50,0.7,0.2,chessboard,842,1,2
68,307,7,7,1,369,22,876,40,post_fragmentation,50,0.7,0.2,chessboard,850,3,2
68,307,7,7,1,369,22,876,40,post_fragmentation,50,0.7,0.2,chessboard,854,2,2
68,307,7,7,1,369,22,876,40,post_fragmentation,50,0.7,0.2,chessboard,858,1,2
68,307,7,7,1,369,22,876,40,post_fragmentation,50,0.7,0.2,chessboard,864,1,2
68,307,7,7,1,369,22,876,40,post_fragmentation,50,0.7,0.2,chessboard,876,1,2
68,307,7,7,1,369,22,876,40,post_fragmentation,50,0.7,0.2,chessboard,877,1,2
68,307,7,7,1,369,22,876,40,post_fragmentation,50,0.7,0.2,chessboard,878,1,2
68,307,7,7,1,369,22,876,40,post_fragmentation,50,0.7,0.2,chessboard,879,2,2
68,307,7,7,1,369,22,876,40,post_fragmentation,50,0.7,0.2,chessboard,882,2,2
68,307,7,7,1,369,22,876,40,post_fragmentation,50,0.7,0.2,chessboard,890,1,2
68,307,7,7,1,369,22,876,40,post_fragmentation,50,0.7,0.2,chessboard,894,2,2
68,307,7,7,1,369,22,876,40,post_fragmentation,50,0.7,0.2,chessboard,895,1,2
68,307,7,7,1,369,22,876,40,post_fragmentation,50,0.7,0.2,chessboard,905,1,2
68,307,7,7,1,369,22,876,40,post_fragmentation,50,0.7,0.2,chessboard,914,1,2
68,307,7,7,1,369,22,876,40,post_fragmentation,50,0.7,0.2,chessboard,915,1,2
68,307,7,7,1,369,22,876,40,post_fragmentation,50,0.7,0.2,chessboard,938,1,2
68,307,7,7,1,369,22,876,40,post_fragmentation,50,0.7,0.2,chessboard,939,1,2
68,307,7,7,1,369,22,876,40,post_fragmentation,50,0.7,0.2,chessboard,973,1,2
69,309,7,9,1,369,22,876,40,post_fragmentation,50,0.7,0.2,chessboard,686,1,2
69,309,7,9,1,369,22,876,40,post_fragmentation,50,0.7,0.2,chessboard,817,1,2
69,309,7,9,1,369,22,876,40,post_fragmentation,50,0.7,0.2,chessboard,842,1,2
69,309,7,9,1,369,22,876,40,post_fragmentation,50,0.7,0.2,chessboard,844,1,2
69,309,7,9,1,369,22,876,40,post_fragmentation,50,0.7,0.2,chessboard,850,3,2
69,309,7,9,1,369,22,876,40,post_fragmentation,50,0.7,0.2,chessboard,862,1,2
69,309,7,9,1,369,22,876,40,post_fragmentation,50,0.7,0.2,chessboard,863,8,2
69,309,7,9,1,369,22,876,40,post_fragmentation,50,0.7,0.2,chessboard,865,2,2
69,309,7,9,1,369,22,876,40,post_fragmentation,50,0.7,0.2,chessboard,877,1,2
69,309,7,9,1,369,22,876,40,post_fragmentation,50,0.7,0.2,chessboard,879,2,2
69,309,7,9,1,369,22,876,40,post_fragmentation,50,0.7,0.2,chessboard,888,2,2
69,309,7,9,1,369,22,876,40,post_fragmentation,50,0.7,0.2,chessboard,894,2,2
69,309,7,9,1,369,22,876,40,post_fragmentation,50,0.7,0.2,chessboard,903,1,2
69,309,7,9,1,369,22,876,40,post_fragmentation,50,0.7,0.2,chessboard,904,3,2
69,309,7,9,1,369,22,876,40,post_fragmentation,50,0.7,0.2,chessboard,905,1,2
69,309,7,9,1,369,22,876,40,post_fragmentation,50,0.7,0.2,chessboard,906,2,2
69,309,7,9,1,369,22,876,40,post_fragmentation,50,0.7,0.2,chessboard,921,1,2
69,309,7,9,1,369,22,876,40,post_fragmentation,50,0.7,0.2,chessboard,923,1,2
69,309,7,9,1,369,22,876,40,post_fragmentation,50,0.7,0.2,chessboard,925,1,2
69,309,7,9,1,369,22,876,40,post_fragmentation,50,0.7,0.2,chessboard,930,1,2
69,309,7,9,1,369,22,876,40,post_fragmentation,50,0.7,0.2,chessboard,933,1,2
69,309,7,9,1,369,22,876,40,post_fragmentation,50,0.7,0.2,chessboard,938,1,2
69,309,7,9,1,369,22,876,40,post_fragmentation,50,0.7,0.2,chessboard,944,1,2
69,309,7,9,1,369,22,876,40,post_fragmentation,50,0.7,0.2,chessboard,990,1,2
70,311,7,11,1,369,22,876,40,post_fragmentation,50,0.7,0.2,chessboard,813,1,2
70,311,7,11,1,369,22,876,40,post_fragmentation,50,0.7,0.2,chessboard,825,1,2
70,311,7,11,1,369,22,876,40,post_fragmentation,50,0.7,0.2,chessboard,844,2,2
70,311,7,11,1,369,22,876,40,post_fragmentation,50,0.7,0.2,chessboard,854,1,2
70,311,7,11,1,369,22,876,40,post_fragmentation,50,0.7,0.2,chessboard,856,1,2
70,311,7,11,1,369,22,876,40,post_fragmentation,50,0.7,0.2,chessboard,862,2,2
70,311,7,11,1,369,22,876,40,post_fragmentation,50,0.7,0.2,chessboard,866,1,2
70,311,7,11,1,369,22,876,40,post_fragmentation,50,0.7,0.2,chessboard,877,3,2
70,311,7,11,1,369,22,876,40,post_fragmentation,50,0.7,0.2,chessboard,879,2,2
70,311,7,11,1,369,22,876,40,post_fragmentation,50,0.7,0.2,chessboard,888,2,2
70,311,7,11,1,369,22,876,40,post_fragmentation,50,0.7,0.2,chessboard,894,5,2
70,311,7,11,1,369,22,876,40,post_fragmentation,50,0.7,0.2,chessboard,895,1,2
70,311,7,11,1,369,22,876,40,post_fragmentation,50,0.7,0.2,chessboard,897,1,2
70,311,7,11,1,369,22,876,40,post_fragmentation,50,0.7,0.2,chessboard,903,1,2
70,311,7,11,1,369,22,876,40,post_fragmentation,50,0.7,0.2,chessboard,906,3,2
70,311,7,11,1,369,22,876,40,post_fragmentation,50,0.7,0.2,chessboard,910,1,2
70,311,7,11,1,369,22,876,40,post_fragmentation,50,0.7,0.2,chessboard,932,1,2
70,311,7,11,1,369,22,876,40,post_fragmentation,50,0.7,0.2,chessboard,937,1,2
70,311,7,11,1,369,22,876,40,post_fragmentation,50,0.7,0.2,chessboard,938,3,2
70,311,7,11,1,369,22,876,40,post_fragmentation,50,0.7,0.2,chessboard,947,3,2
70,311,7,11,1,369,22,876,40,post_fragmentation,50,0.7,0.2,chessboard,967,1,2
70,311,7,11,1,369,22,876,40,post_fragmentation,50,0.7,0.2,chessboard,987,1,2
71,313,7,13,1,369,22,876,40,post_fragmentation,50,0.7,0.2,chessboard,814,1,2
71,313,7,13,1,369,22,876,40,post_fragmentation,50,0.7,0.2,chessboard,817,1,2
71,313,7,13,1,369,22,876,40,post_fragmentation,50,0.7,0.2,chessboard,830,1,2
71,313,7,13,1,369,22,876,40,post_fragmentation,50,0.7,0.2,chessboard,833,1,2
71,313,7,13,1,369,22,876,40,post_fragmentation,50,0.7,0.2,chessboard,837,1,2
71,313,7,13,1,369,22,876,40,post_fragmentation,50,0.7,0.2,chessboard,842,3,2
71,313,7,13,1,369,22,876,40,post_fragmentation,50,0.7,0.2,chessboard,850,2,2
71,313,7,13,1,369,22,876,40,post_fragmentation,50,0.7,0.2,chessboard,858,1,2
71,313,7,13,1,369,22,876,40,post_fragmentation,50,0.7,0.2,chessboard,862,1,2
71,313,7,13,1,369,22,876,40,post_fragmentation,50,0.7,0.2,chessboard,863,1,2
71,313,7,13,1,369,22,876,40,post_fragmentation,50,0.7,0.2,chessboard,867,1,2
71,313,7,13,1,369,22,876,40,post_fragmentation,50,0.7,0.2,chessboard,877,6,2
71,313,7,13,1,369,22,876,40,post_fragmentation,50,0.7,0.2,chessboard,879,1,2
71,313,7,13,1,369,22,876,40,post_fragmentation,50,0.7,0.2,chessboard,894,3,2
71,313,7,13,1,369,22,876,40,post_fragmentation,50,0.7,0.2,chessboard,897,1,2
71,313,7,13,1,369,22,876,40,post_fragmentation,50,0.7,0.2,chessboard,905,1,2
71,313,7,13,1,369,22,876,40,post_fragmentation,50,0.7,0.2,chessboard,906,2,2
71,313,7,13,1,369,22,876,40,post_fragmentation,50,0.7,0.2,chessboard,907,1,2
71,313,7,13,1,369,22,876,40,post_fragmentation,50,0.7,0.2,chessboard,914,3,2
71,313,7,13,1,369,22,876,40,post_fragmentation,50,0.7,0.2,chessboard,925,1,2
71,313,7,13,1,369,22,876,40,post_fragmentation,50,0.7,0.2,chessboard,931,1,2
71,313,7,13,1,369,22,876,40,post_fragmentation,50,0.7,0.2,chessboard,935,1,2
71,313,7,13,1,369,22,876,40,post_fragmentation,50,0.7,0.2,chessboard,937,2,2
71,313,7,13,1,369,22,876,40,post_fragmentation,50,0.7,0.2,chessboard,938,2,2
71,313,7,13,1,369,22,876,40,post_fragmentation,50,0.7,0.2,chessboard,944,1,2
72,315,7,15,1,369,22,876,40,post_fragmentation,50,0.7,0.2,chessboard,652,1,2
72,315,7,15,1,369,22,876,40,post_fragmentation,50,0.7,0.2,chessboard,663,2,2
72,315,7,15,1,369,22,876,40,post_fragmentation,50,0.7,0.2,chessboard,671,1,2
72,315,7,15,1,369,22,876,40,post_fragmentation,50,0.7,0.2,chessboard,675,1,2
72,315,7,15,1,369,22,876,40,post_fragmentation,50,0.7,0.2,chessboard,681,1,2
72,315,7,15,1,369,22,876,40,post_fragmentation,50,0.7,0.2,chessboard,696,1,2
72,315,7,15,1,369,22,876,40,post_fragmentation,50,0.7,0.2,chessboard,738,2,2
72,315,7,15,1,369,22,876,40,post_fragmentation,50,0.7,0.2,chessboard,739,1,2
72,315,7,15,1,369,22,876,40,post_fragmentation,50,0.7,0.2,chessboard,740,1,2
72,315,7,15,1,369,22,876,40,post_fragmentation,50,0.7,0.2,chessboard,751,1,2
72,315,7,15,1,369,22,876,40,post_fragmentation,50,0.7,0.2,chessboard,753,1,2
72,315,7,15,1,369,22,876,40,post_fragmentation,50,0.7,0.2,chessboard,759,2,2
72,315,7,15,1,369,22,876,40,post_fragmentation,50,0.7,0.2,chessboard,762,1,2
72,315,7,15,1,369,22,876,40,post_fragmentation,50,0.7,0.2,chessboard,763,1,2
72,315,7,15,1,369,22,876,40,post_fragmentation,50,0.7,0.2,chessboard,816,1,2
72,315,7,15,1,369,22,876,40,post_fragmentation,50,0.7,0.2,chessboard,817,2,2
72,315,7,15,1,369,22,876,40,post_fragmentation,50,0.7,0.2,chessboard,818,1,2
72,315,7,15,1,369,22,876,40,post_fragmentation,50,0.7,0.2,chessboard,832,2,2
72,315,7,15,1,369,22,876,40,post_fragmentation,50,0.7,0.2,chessboard,839,1,2
72,315,7,15,1,369,22,876,40,post_fragmentation,50,0.7,0.2,chessboard,848,1,2
72,315,7,15,1,369,22,876,40,post_fragmentation,50,0.7,0.2,chessboard,850,2,2
72,315,7,15,1,369,22,876,40,post_fragmentation,50,0.7,0.2,chessboard,858,1,2
72,315,7,15,1,369,22,876,40,post_fragmentation,50,0.7,0.2,chessboard,862,3,2
72,315,7,15,1,369,22,876,40,post_fragmentation,50,0.7,0.2,chessboard,866,1,2
72,315,7,15,1,369,22,876,40,post_fragmentation,50,0.7,0.2,chessboard,867,1,2
72,315,7,15,1,369,22,876,40,post_fragmentation,50,0.7,0.2,chessboard,869,1,2
72,315,7,15,1,369,22,876,40,post_fragmentation,50,0.7,0.2,chessboard,879,2,2
72,315,7,15,1,369,22,876,40,post_fragmentation,50,0.7,0.2,chessboard,907,1,2
73,317,7,17,1,369,22,876,40,post_fragmentation,50,0.7,0.2,chessboard,580,1,2
73,317,7,17,1,369,22,876,40,post_fragmentation,50,0.7,0.2,chessboard,652,2,2
73,317,7,17,1,369,22,876,40,post_fragmentation,50,0.7,0.2,chessboard,663,1,2
73,317,7,17,1,369,22,876,40,post_fragmentation,50,0.7,0.2,chessboard,675,1,2
73,317,7,17,1,369,22,876,40,post_fragmentation,50,0.7,0.2,chessboard,679,2,2
73,317,7,17,1,369,22,876,40,post_fragmentation,50,0.7,0.2,chessboard,729,1,2
73,317,7,17,1,369,22,876,40,post_fragmentation,50,0.7,0.2,chessboard,738,1,2
73,317,7,17,1,369,22,876,40,post_fragmentation,50,0.7,0.2,chessboard,740,2,2
73,317,7,17,1,369,22,876,40,post_fragmentation,50,0.7,0.2,chessboard,748,3,2
73,317,7,17,1,369,22,876,40,post_fragmentation,50,0.7,0.2,chessboard,751,1,2
73,317,7,17,1,369,22,876,40,post_fragmentation,50,0.7,0.2,chessboard,752,2,2
73,317,7,17,1,369,22,876,40,post_fragmentation,50,0.7,0.2,chessboard,759,2,2
73,317,7,17,1,369,22,876,40,post_fragmentation,50,0.7,0.2,chessboard,772,1,2
73,317,7,17,1,369,22,876,40,post_fragmentation,50,0.7,0.2,chessboard,811,2,2
73,317,7,17,1,369,22,876,40,post_fragmentation,50,0.7,0.2,chessboard,818,2,2
73,317,7,17,1,369,22,876,40,post_fragmentation,50,0.7,0.2,chessboard,822,1,2
73,317,7,17,1,369,22,876,40,post_fragmentation,50,0.7,0.2,chessboard,828,4,2
73,317,7,17,1,369,22,876,40,post_fragmentation,50,0.7,0.2,chessboard,832,1,2
73,317,7,17,1,369,22,876,40,post_fragmentation,50,0.7,0.2,chessboard,839,1,2
73,317,7,17,1,369,22,876,40,post_fragmentation,50,0.7,0.2,chessboard,848,1,2
73,317,7,17,1,369,22,876,40,post_fragmentation,50,0.7,0.2,chessboard,849,2,2
73,317,7,17,1,369,22,876,40,post_fragmentation,50,0.7,0.2,chessboard,852,1,2
73,317,7,17,1,369,22,876,40,post_fragmentation,50,0.7,0.2,chessboard,862,1,2
73,317,7,17,1,369,22,876,40,post_fragmentation,50,0.7,0.2,chessboard,863,2,2
73,317,7,17,1,369,22,876,40,post_fragmentation,50,0.7,0.2,chessboard,882,1,2
73,317,7,17,1,369,22,876,40,post_fragmentation,50,0.7,0.2,chessboard,885,1,2
73,317,7,17,1,369,22,876,40,post_fragmentation,50,0.7,0.2,chessboard,903,1,2
73,317,7,17,1,369,22,876,40,post_fragmentation,50,0.7,0.2,chessboard,913,1,2
74,319,7,19,1,369,22,876,40,post_fragmentation,50,0.7,0.2,chessboard,635,1,2
74,319,7,19,1,369,22,876,40,post_fragmentation,50,0.7,0.2,chessboard,663,1,2
74,319,7,19,1,369,22,876,40,post_fragmentation,50,0.7,0.2,chessboard,679,1,2
74,319,7,19,1,369,22,876,40,post_fragmentation,50,0.7,0.2,chessboard,681,1,2
74,319,7,19,1,369,22,876,40,post_fragmentation,50,0.7,0.2,chessboard,720,1,2
74,319,7,19,1,369,22,876,40,post_fragmentation,50,0.7,0.2,chessboard,729,1,2
74,319,7,19,1,369,22,876,40,post_fragmentation,50,0.7,0.2,chessboard,738,1,2
74,319,7,19,1,369,22,876,40,post_fragmentation,50,0.7,0.2,chessboard,740,1,2
74,319,7,19,1,369,22,876,40,post_fragmentation,50,0.7,0.2,chessboard,762,1,2
74,319,7,19,1,369,22,876,40,post_fragmentation,50,0.7,0.2,chessboard,768,1,2
74,319,7,19,1,369,22,876,40,post_fragmentation,50,0.7,0.2,chessboard,774,1,2
74,319,7,19,1,369,22,876,40,post_fragmentation,50,0.7,0.2,chessboard,778,1,2
74,319,7,19,1,369,22,876,40,post_fragmentation,50,0.7,0.2,chessboard,790,1,2
74,319,7,19,1,369,22,876,40,post_fragmentation,50,0.7,0.2,chessboard,799,1,2
74,319,7,19,1,369,22,876,40,post_fragmentation,50,0.7,0.2,chessboard,820,1,2
74,319,7,19,1,369,22,876,40,post_fragmentation,50,0.7,0.2,chessboard,822,1,2
74,319,7,19,1,369,22,876,40,post_fragmentation,50,0.7,0.2,chessboard,825,2,2
74,319,7,19,1,369,22,876,40,post_fragmentation,50,0.7,0.2,chessboard,836,2,2
74,319,7,19,1,369,22,876,40,post_fragmentation,50,0.7,0.2,chessboard,849,1,2
74,319,7,19,1,369,22,876,40,post_fragmentation,50,0.7,0.2,chessboard,850,1,2
74,319,7,19,1,369,22,876,40,post_fragmentation,50,0.7,0.2,chessboard,855,2,2
74,319,7,19,1,369,22,876,40,post_fragmentation,50,0.7,0.2,chessboard,862,3,2
74,319,7,19,1,369,22,876,40,post_fragmentation,50,0.7,0.2,chessboard,863,1,2
74,319,7,19,1,369,22,876,40,post_fragmentation,50,0.7,0.2,chessboard,864,1,2
74,319,7,19,1,369,22,876,40,post_fragmentation,50,0.7,0.2,chessboard,866,1,2
74,319,7,19,1,369,22,876,40,post_fragmentation,50,0.7,0.2,chessboard,867,2,2
74,319,7,19,1,369,22,876,40,post_fragmentation,50,0.7,0.2,chessboard,873,1,2
74,319,7,19,1,369,22,876,40,post_fragmentation,50,0.7,0.2,chessboard,894,1,2
74,319,7,19,1,369,22,876,40,post_fragmentation,50,0.7,0.2,chessboard,895,1,2
74,319,7,19,1,369,22,876,40,post_fragmentation,50,0.7,0.2,chessboard,933,1,2
75,321,7,21,1,369,22,876,40,post_fragmentation,50,0.7,0.2,chessboard,663,2,2
75,321,7,21,1,369,22,876,40,post_fragmentation,50,0.7,0.2,chessboard,738,4,2
75,321,7,21,1,369,22,876,40,post_fragmentation,50,0.7,0.2,chessboard,746,1,2
75,321,7,21,1,369,22,876,40,post_fragmentation,50,0.7,0.2,chessboard,748,1,2
75,321,7,21,1,369,22,876,40,post_fragmentation,50,0.7,0.2,chessboard,772,2,2
75,321,7,21,1,369,22,876,40,post_fragmentation,50,0.7,0.2,chessboard,774,1,2
75,321,7,21,1,369,22,876,40,post_fragmentation,50,0.7,0.2,chessboard,790,2,2
75,321,7,21,1,369,22,876,40,post_fragmentation,50,0.7,0.2,chessboard,792,1,2
75,321,7,21,1,369,22,876,40,post_fragmentation,50,0.7,0.2,chessboard,798,1,2
75,321,7,21,1,369,22,876,40,post_fragmentation,50,0.7,0.2,chessboard,799,1,2
75,321,7,21,1,369,22,876,40,post_fragmentation,50,0.7,0.2,chessboard,808,1,2
75,321,7,21,1,369,22,876,40,post_fragmentation,50,0.7,0.2,chessboard,814,4,2
75,321,7,21,1,369,22,876,40,post_fragmentation,50,0.7,0.2,chessboard,824,1,2
75,321,7,21,1,369,22,876,40,post_fragmentation,50,0.7,0.2,chessboard,825,1,2
75,321,7,21,1,369,22,876,40,post_fragmentation,50,0.7,0.2,chessboard,833,1,2
75,321,7,21,1,369,22,876,40,post_fragmentation,50,0.7,0.2,chessboard,844,2,2
75,321,7,21,1,369,22,876,40,post_fragmentation,50,0.7,0.2,chessboard,848,1,2
75,321,7,21,1,369,22,876,40,post_fragmentation,50,0.7,0.2,chessboard,859,1,2
75,321,7,21,1,369,22,876,40,post_fragmentation,50,0.7,0.2,chessboard,861,1,2
75,321,7,21,1,369,22,876,40,post_fragmentation,50,0.7,0.2,chessboard,862,1,2
75,321,7,21,1,369,22,876,40,post_fragmentation,50,0.7,0.2,chessboard,863,2,2
75,321,7,21,1,369,22,876,40,post_fragmentation,50,0.7,0.2,chessboard,868,1,2
75,321,7,21,1,369,22,876,40,post_fragmentation,50,0.7,0.2,chessboard,877,4,2
75,321,7,21,1,369,22,876,40,post_fragmentation,50,0.7,0.2,chessboard,891,1,2
75,321,7,21,1,369,22,876,40,post_fragmentation,50,0.7,0.2,chessboard,895,1,2
75,321,7,21,1,369,22,876,40,post_fragmentation,50,0.7,0.2,chessboard,915,1,2
75,321,7,21,1,369,22,876,40,post_fragmentation,50,0.7,0.2,chessboard,958,1,2
76,323,7,23,1,369,22,876,40,post_fragmentation,50,0.7,0.2,chessboard,597,1,2
76,323,7,23,1,369,22,876,40,post_fragmentation,50,0.7,0.2,chessboard,696,1,2
76,323,7,23,1,369,22,876,40,post_fragmentation,50,0.7,0.2,chessboard,737,1,2
76,323,7,23,1,369,22,876,40,post_fragmentation,50,0.7,0.2,chessboard,738,3,2
76,323,7,23,1,369,22,876,40,post_fragmentation,50,0.7,0.2,chessboard,746,3,2
76,323,7,23,1,369,22,876,40,post_fragmentation,50,0.7,0.2,chessboard,754,1,2
76,323,7,23,1,369,22,876,40,post_fragmentation,50,0.7,0.2,chessboard,772,2,2
76,323,7,23,1,369,22,876,40,post_fragmentation,50,0.7,0.2,chessboard,774,2,2
76,323,7,23,1,369,22,876,40,post_fragmentation,50,0.7,0.2,chessboard,783,1,2
76,323,7,23,1,369,22,876,40,post_fragmentation,50,0.7,0.2,chessboard,784,1,2
76,323,7,23,1,369,22,876,40,post_fragmentation,50,0.7,0.2,chessboard,790,1,2
76,323,7,23,1,369,22,876,40,post_fragmentation,50,0.7,0.2,chessboard,797,1,2
76,323,7,23,1,369,22,876,40,post_fragmentation,50,0.7,0.2,chessboard,799,2,2
76,323,7,23,1,369,22,876,40,post_fragmentation,50,0.7,0.2,chessboard,819,1,2
76,323,7,23,1,369,22,876,40,post_fragmentation,50,0.7,0.2,chessboard,822,2,2
76,323,7,23,1,369,22,876,40,post_fragmentation,50,0.7,0.2,chessboard,824,1,2
76,323,7,23,1,369,22,876,40,post_fragmentation,50,0.7,0.2,chessboard,825,2,2
76,323,7,23,1,369,22,876,40,post_fragmentation,50,0.7,0.2,chessboard,828,2,2
76,323,7,23,1,369,22,876,40,post_fragmentation,50,0.7,0.2,chessboard,837,1,2
76,323,7,23,1,369,22,876,40,post_fragmentation,50,0.7,0.2,chessboard,843,3,2
76,323,7,23,1,369,22,876,40,post_fragmentation,50,0.7,0.2,chessboard,862,3,2
76,323,7,23,1,369,22,876,40,post_fragmentation,50,0.7,0.2,chessboard,866,1,2
76,323,7,23,1,369,22,876,40,post_fragmentation,50,0.7,0.2,chessboard,895,1,2
77,325,7,25,1,369,22,876,40,post_fragmentation,50,0.7,0.2,chessboard,663,1,2
77,325,7,25,1,369,22,876,40,post_fragmentation,50,0.7,0.2,chessboard,738,4,2
77,325,7,25,1,369,22,876,40,post_fragmentation,50,0.7,0.2,chessboard,746,1,2
77,325,7,25,1,369,22,876,40,post_fragmentation,50,0.7,0.2,chessboard,750,1,2
77,325,7,25,1,369,22,876,40,post_fragmentation,50,0.7,0.2,chessboard,751,2,2
77,325,7,25,1,369,22,876,40,post_fragmentation,50,0.7,0.2,chessboard,762,3,2
77,325,7,25,1,369,22,876,40,post_fragmentation,50,0.7,0.2,chessboard,766,3,2
77,325,7,25,1,369,22,876,40,post_fragmentation,50,0.7,0.2,chessboard,778,3,2
77,325,7,25,1,369,22,876,40,post_fragmentation,50,0.7,0.2,chessboard,784,1,2
77,325,7,25,1,369,22,876,40,post_fragmentation,50,0.7,0.2,chessboard,790,3,2
77,325,7,25,1,369,22,876,40,post_fragmentation,50,0.7,0.2,chessboard,798,2,2
77,325,7,25,1,369,22,876,40,post_fragmentation,50,0.7,0.2,chessboard,815,3,2
77,325,7,25,1,369,22,876,40,post_fragmentation,50,0.7,0.2,chessboard,819,1,2
77,325,7,25,1,369,22,876,40,post_fragmentation,50,0.7,0.2,chessboard,827,1,2
77,325,7,25,1,369,22,876,40,post_fragmentation,50,0.7,0.2,chessboard,830,4,2
77,325,7,25,1,369,22,876,40,post_fragmentation,50,0.7,0.2,chessboard,836,1,2
77,325,7,25,1,369,22,876,40,post_fragmentation,50,0.7,0.2,chessboard,848,1,2
77,325,7,25,1,369,22,876,40,post_fragmentation,50,0.7,0.2,chessboard,849,1,2
77,325,7,25,1,369,22,876,40,post_fragmentation,50,0.7,0.2,chessboard,858,1,2
77,325,7,25,1,369,22,876,40,post_fragmentation,50,0.7,0.2,chessboard,868,1,2
77,325,7,25,1,369,22,876,40,post_fragmentation,50,0.7,0.2,chessboard,891,1,2
78,352,8,2,1,369,22,876,40,post_fragmentation,50,0.7,0.2,chessboard,611,1,2
78,352,8,2,1,369,22,876,40,post_fragmentation,50,0.7,0.2,chessboard,642,1,2
78,352,8,2,1,369,22,876,40,post_fragmentation,50,0.7,0.2,chessboard,654,3,2
78,352,8,2,1,369,22,876,40,post_fragmentation,50,0.7,0.2,chessboard,665,2,2
78,352,8,2,1,369,22,876,40,post_fragmentation,50,0.7,0.2,chessboard,669,6,2
78,352,8,2,1,369,22,876,40,post_fragmentation,50,0.7,0.2,chessboard,671,1,2
78,352,8,2,1,369,22,876,40,post_fragmentation,50,0.7,0.2,chessboard,674,3,2
78,352,8,2,1,369,22,876,40,post_fragmentation,50,0.7,0.2,chessboard,681,2,2
78,352,8,2,1,369,22,876,40,post_fragmentation,50,0.7,0.2,chessboard,689,1,2
78,352,8,2,1,369,22,876,40,post_fragmentation,50,0.7,0.2,chessboard,700,1,2
78,352,8,2,1,369,22,876,40,post_fragmentation,50,0.7,0.2,chessboard,703,4,2
78,352,8,2,1,369,22,876,40,post_fragmentation,50,0.7,0.2,chessboard,708,2,2
78,352,8,2,1,369,22,876,40,post_fragmentation,50,0.7,0.2,chessboard,709,1,2
78,352,8,2,1,369,22,876,40,post_fragmentation,50,0.7,0.2,chessboard,714,1,2
78,352,8,2,1,369,22,876,40,post_fragmentation,50,0.7,0.2,chessboard,726,1,2
78,352,8,2,1,369,22,876,40,post_fragmentation,50,0.7,0.2,chessboard,766,1,2
78,352,8,2,1,369,22,876,40,post_fragmentation,50,0.7,0.2,chessboard,772,1,2
78,352,8,2,1,369,22,876,40,post_fragmentation,50,0.7,0.2,chessboard,774,1,2
78,352,8,2,1,369,22,876,40,post_fragmentation,50,0.7,0.2,chessboard,818,2,2
78,352,8,2,1,369,22,876,40,post_fragmentation,50,0.7,0.2,chessboard,844,1,2
79,354,8,4,1,369,22,876,40,post_fragmentation,50,0.7,0.2,chessboard,649,1,2
79,354,8,4,1,369,22,876,40,post_fragmentation,50,0.7,0.2,chessboard,664,3,2
79,354,8,4,1,369,22,876,40,post_fragmentation,50,0.7,0.2,chessboard,666,3,2
79,354,8,4,1,369,22,876,40,post_fragmentation,50,0.7,0.2,chessboard,669,2,2
79,354,8,4,1,369,22,876,40,post_fragmentation,50,0.7,0.2,chessboard,678,1,2
79,354,8,4,1,369,22,876,40,post_fragmentation,50,0.7,0.2,chessboard,681,2,2
79,354,8,4,1,369,22,876,40,post_fragmentation,50,0.7,0.2,chessboard,708,1,2
79,354,8,4,1,369,22,876,40,post_fragmentation,50,0.7,0.2,chessboard,709,1,2
79,354,8,4,1,369,22,876,40,post_fragmentation,50,0.7,0.2,chessboard,711,1,2
79,354,8,4,1,369,22,876,40,post_fragmentation,50,0.7,0.2,chessboard,725,1,2
79,354,8,4,1,369,22,876,40,post_fragmentation,50,0.7,0.2,chessboard,728,1,2
79,354,8,4,1,369,22,876,40,post_fragmentation,50,0.7,0.2,chessboard,735,2,2
79,354,8,4,1,369,22,876,40,post_fragmentation,50,0.7,0.2,chessboard,748,1,2
79,354,8,4,1,369,22,876,40,post_fragmentation,50,0.7,0.2,chessboard,752,1,2
79,354,8,4,1,369,22,876,40,post_fragmentation,50,0.7,0.2,chessboard,759,1,2
79,354,8,4,1,369,22,876,40,post_fragmentation,50,0.7,0.2,chessboard,765,3,2
79,354,8,4,1,369,22,876,40,post_fragmentation,50,0.7,0.2,chessboard,772,1,2
79,354,8,4,1,369,22,876,40,post_fragmentation,50,0.7,0.2,chessboard,774,4,2
79,354,8,4,1,369,22,876,40,post_fragmentation,50,0.7,0.2,chessboard,797,1,2
79,354,8,4,1,369,22,876,40,post_fragmentation,50,0.7,0.2,chessboard,830,1,2
79,354,8,4,1,369,22,876,40,post_fragmentation,50,0.7,0.2,chessboard,832,3,2
79,354,8,4,1,369,22,876,40,post_fragmentation,50,0.7,0.2,chessboard,837,1,2
79,354,8,4,1,369,22,876,40,post_fragmentation,50,0.7,0.2,chessboard,842,1,2
79,354,8,4,1,369,22,876,40,post_fragmentation,50,0.7,0.2,chessboard,850,3,2
79,354,8,4,1,369,22,876,40,post_fragmentation,50,0.7,0.2,chessboard,882,2,2
79,354,8,4,1,369,22,876,40,post_fragmentation,50,0.7,0.2,chessboard,913,1,2
80,356,8,6,1,369,22,876,40,post_fragmentation,50,0.7,0.2,chessboard,676,1,2
80,356,8,6,1,369,22,876,40,post_fragmentation,50,0.7,0.2,chessboard,708,2,2
80,356,8,6,1,369,22,876,40,post_fragmentation,50,0.7,0.2,chessboard,711,1,2
80,356,8,6,1,369,22,876,40,post_fragmentation,50,0.7,0.2,chessboard,771,1,2
80,356,8,6,1,369,22,876,40,post_fragmentation,50,0.7,0.2,chessboard,817,3,2
80,356,8,6,1,369,22,876,40,post_fragmentation,50,0.7,0.2,chessboard,825,1,2
80,356,8,6,1,369,22,876,40,post_fragmentation,50,0.7,0.2,chessboard,827,2,2
80,356,8,6,1,369,22,876,40,post_fragmentation,50,0.7,0.2,chessboard,828,1,2
80,356,8,6,1,369,22,876,40,post_fragmentation,50,0.7,0.2,chessboard,838,1,2
80,356,8,6,1,369,22,876,40,post_fragmentation,50,0.7,0.2,chessboard,844,1,2
80,356,8,6,1,369,22,876,40,post_fragmentation,50,0.7,0.2,chessboard,863,2,2
80,356,8,6,1,369,22,876,40,post_fragmentation,50,0.7,0.2,chessboard,864,1,2
80,356,8,6,1,369,22,876,40,post_fragmentation,50,0.7,0.2,chessboard,865,2,2
80,356,8,6,1,369,22,876,40,post_fragmentation,50,0.7,0.2,chessboard,877,3,2
80,356,8,6,1,369,22,876,40,post_fragmentation,50,0.7,0.2,chessboard,879,4,2
80,356,8,6,1,369,22,876,40,post_fragmentation,50,0.7,0.2,chessboard,882,1,2
80,356,8,6,1,369,22,876,40,post_fragmentation,50,0.7,0.2,chessboard,888,3,2
80,356,8,6,1,369,22,876,40,post_fragmentation,50,0.7,0.2,chessboard,906,6,2
80,356,8,6,1,369,22,876,40,post_fragmentation,50,0.7,0.2,chessboard,907,1,2
80,356,8,6,1,369,22,876,40,post_fragmentation,50,0.7,0.2,chessboard,913,1,2
80,356,8,6,1,369,22,876,40,post_fragmentation,50,0.7,0.2,chessboard,925,1,2
80,356,8,6,1,369,22,876,40,post_fragmentation,50,0.7,0.2,chessboard,930,1,2
81,358,8,8,1,369,22,876,40,post_fragmentation,50,0.7,0.2,chessboard,759,1,2
81,358,8,8,1,369,22,876,40,post_fragmentation,50,0.7,0.2,chessboard,805,1,2
81,358,8,8,1,369,22,876,40,post_fragmentation,50,0.7,0.2,chessboard,824,1,2
81,358,8,8,1,369,22,876,40,post_fragmentation,50,0.7,0.2,chessboard,837,1,2
81,358,8,8,1,369,22,876,40,post_fragmentation,50,0.7,0.2,chessboard,838,1,2
81,358,8,8,1,369,22,876,40,post_fragmentation,50,0.7,0.2,chessboard,844,2,2
81,358,8,8,1,369,22,876,40,post_fragmentation,50,0.7,0.2,chessboard,856,1,2
81,358,8,8,1,369,22,876,40,post_fragmentation,50,0.7,0.2,chessboard,862,1,2
81,358,8,8,1,369,22,876,40,post_fragmentation,50,0.7,0.2,chessboard,863,2,2
81,358,8,8,1,369,22,876,40,post_fragmentation,50,0.7,0.2,chessboard,865,1,2
81,358,8,8,1,369,22,876,40,post_fragmentation,50,0.7,0.2,chessboard,876,2,2
81,358,8,8,1,369,22,876,40,post_fragmentation,50,0.7,0.2,chessboard,877,1,2
81,358,8,8,1,369,22,876,40,post_fragmentation,50,0.7,0.2,chessboard,878,1,2
81,358,8,8,1,369,22,876,40,post_fragmentation,50,0.7,0.2,chessboard,879,1,2
81,358,8,8,1,369,22,876,40,post_fragmentation,50,0.7,0.2,chessboard,882,1,2
81,358,8,8,1,369,22,876,40,post_fragmentation,50,0.7,0.2,chessboard,885,1,2
81,358,8,8,1,369,22,876,40,post_fragmentation,50,0.7,0.2,chessboard,888,2,2
81,358,8,8,1,369,22,876,40,post_fragmentation,50,0.7,0.2,chessboard,890,6,2
81,358,8,8,1,369,22,876,40,post_fragmentation,50,0.7,0.2,chessboard,894,1,2
81,358,8,8,1,369,22,876,40,post_fragmentation,50,0.7,0.2,chessboard,906,1,2
81,358,8,8,1,369,22,876,40,post_fragmentation,50,0.7,0.2,chessboard,910,1,2
81,358,8,8,1,369,22,876,40,post_fragmentation,50,0.7,0.2,chessboard,921,1,2
81,358,8,8,1,369,22,876,40,post_fragmentation,50,0.7,0.2,chessboard,925,1,2
81,358,8,8,1,369,22,876,40,post_fragmentation,50,0.7,0.2,chessboard,928,2,2
81,358,8,8,1,369,22,876,40,post_fragmentation,50,0.7,0.2,chessboard,964,1,2
81,358,8,8,1,369,22,876,40,post_fragmentation,50,0.7,0.2,chessboard,981,1,2
82,360,8,10,1,369,22,876,40,post_fragmentation,50,0.7,0.2,chessboard,735,1,2
82,360,8,10,1,369,22,876,40,post_fragmentation,50,0.7,0.2,chessboard,752,1,2
82,360,8,10,1,369,22,876,40,post_fragmentation,50,0.7,0.2,chessboard,838,1,2
82,360,8,10,1,369,22,876,40,post_fragmentation,50,0.7,0.2,chessboard,839,1,2
82,360,8,10,1,369,22,876,40,post_fragmentation,50,0.7,0.2,chessboard,850,1,2
82,360,8,10,1,369,22,876,40,post_fragmentation,50,0.7,0.2,chessboard,862,3,2
82,360,8,10,1,369,22,876,40,post_fragmentation,50,0.7,0.2,chessboard,863,1,2
82,360,8,10,1,369,22,876,40,post_fragmentation,50,0.7,0.2,chessboard,866,1,2
82,360,8,10,1,369,22,876,40,post_fragmentation,50,0.7,0.2,chessboard,869,1,2
82,360,8,10,1,369,22,876,40,post_fragmentation,50,0.7,0.2,chessboard,877,1,2
82,360,8,10,1,369,22,876,40,post_fragmentation,50,0.7,0.2,chessboard,878,1,2
82,360,8,10,1,369,22,876,40,post_fragmentation,50,0.7,0.2,chessboard,879,1,2
82,360,8,10,1,369,22,876,40,post_fragmentation,50,0.7,0.2,chessboard,881,1,2
82,360,8,10,1,369,22,876,40,post_fragmentation,50,0.7,0.2,chessboard,885,1,2
82,360,8,10,1,369,22,876,40,post_fragmentation,50,0.7,0.2,chessboard,886,1,2
82,360,8,10,1,369,22,876,40,post_fragmentation,50,0.7,0.2,chessboard,888,4,2
82,360,8,10,1,369,22,876,40,post_fragmentation,50,0.7,0.2,chessboard,890,2,2
82,360,8,10,1,369,22,876,40,post_fragmentation,50,0.7,0.2,chessboard,894,5,2
82,360,8,10,1,369,22,876,40,post_fragmentation,50,0.7,0.2,chessboard,897,2,2
82,360,8,10,1,369,22,876,40,post_fragmentation,50,0.7,0.2,chessboard,905,1,2
82,360,8,10,1,369,22,876,40,post_fragmentation,50,0.7,0.2,chessboard,910,1,2
82,360,8,10,1,369,22,876,40,post_fragmentation,50,0.7,0.2,chessboard,913,1,2
82,360,8,10,1,369,22,876,40,post_fragmentation,50,0.7,0.2,chessboard,917,1,2
82,360,8,10,1,369,22,876,40,post_fragmentation,50,0.7,0.2,chessboard,926,2,2
82,360,8,10,1,369,22,876,40,post_fragmentation,50,0.7,0.2,chessboard,931,2,2
82,360,8,10,1,369,22,876,40,post_fragmentation,50,0.7,0.2,chessboard,932,1,2
82,360,8,10,1,369,22,876,40,post_fragmentation,50,0.7,0.2,chessboard,938,1,2
82,360,8,10,1,369,22,876,40,post_fragmentation,50,0.7,0.2,chessboard,953,2,2
82,360,8,10,1,369,22,876,40,post_fragmentation,50,0.7,0.2,chessboard,973,1,2
83,362,8,12,1,369,22,876,40,post_fragmentation,50,0.7,0.2,chessboard,697,1,2
83,362,8,12,1,369,22,876,40,post_fragmentation,50,0.7,0.2,chessboard,821,1,2
83,362,8,12,1,369,22,876,40,post_fragmentation,50,0.7,0.2,chessboard,822,1,2
83,362,8,12,1,369,22,876,40,post_fragmentation,50,0.7,0.2,chessboard,824,1,2
83,362,8,12,1,369,22,876,40,post_fragmentation,50,0.7,0.2,chessboard,837,1,2
83,362,8,12,1,369,22,876,40,post_fragmentation,50,0.7,0.2,chessboard,844,1,2
83,362,8,12,1,369,22,876,40,post_fragmentation,50,0.7,0.2,chessboard,850,1,2
83,362,8,12,1,369,22,876,40,post_fragmentation,50,0.7,0.2,chessboard,858,2,2
83,362,8,12,1,369,22,876,40,post_fragmentation,50,0.7,0.2,chessboard,862,1,2
83,362,8,12,1,369,22,876,40,post_fragmentation,50,0.7,0.2,chessboard,868,1,2
83,362,8,12,1,369,22,876,40,post_fragmentation,50,0.7,0.2,chessboard,877,1,2
83,362,8,12,1,369,22,876,40,post_fragmentation,50,0.7,0.2,chessboard,879,1,2
83,362,8,12,1,369,22,876,40,post_fragmentation,50,0.7,0.2,chessboard,885,2,2
83,362,8,12,1,369,22,876,40,post_fragmentation,50,0.7,0.2,chessboard,888,3,2
83,362,8,12,1,369,22,876,40,post_fragmentation,50,0.7,0.2,chessboard,894,5,2
83,362,8,12,1,369,22,876,40,post_fragmentation,50,0.7,0.2,chessboard,895,1,2
83,362,8,12,1,369,22,876,40,post_fragmentation,50,0.7,0.2,chessboard,897,1,2
83,362,8,12,1,369,22,876,40,post_fragmentation,50,0.7,0.2,chessboard,906,3,2
83,362,8,12,1,369,22,876,40,post_fragmentation,50,0.7,0.2,chessboard,914,3,2
83,362,8,12,1,369,22,876,40,post_fragmentation,50,0.7,0.2,chessboard,915,1,2
83,362,8,12,1,369,22,876,40,post_fragmentation,50,0.7,0.2,chessboard,917,3,2
83,362,8,12,1,369,22,876,40,post_fragmentation,50,0.7,0.2,chessboard,925,2,2
83,362,8,12,1,369,22,876,40,post_fragmentation,50,0.7,0.2,chessboard,938,1,2
83,362,8,12,1,369,22,876,40,post_fragmentation,50,0.7,0.2,chessboard,957,1,2
83,362,8,12,1,369,22,876,40,post_fragmentation,50,0.7,0.2,chessboard,966,1,2
84,364,8,14,1,369,22,876,40,post_fragmentation,50,0.7,0.2,chessboard,748,1,2
84,364,8,14,1,369,22,876,40,post_fragmentation,50,0.7,0.2,chessboard,752,1,2
84,364,8,14,1,369,22,876,40,post_fragmentation,50,0.7,0.2,chessboard,758,1,2
84,364,8,14,1,369,22,876,40,post_fragmentation,50,0.7,0.2,chessboard,778,1,2
84,364,8,14,1,369,22,876,40,post_fragmentation,50,0.7,0.2,chessboard,790,1,2
84,364,8,14,1,369,22,876,40,post_fragmentation,50,0.7,0.2,chessboard,799,1,2
84,364,8,14,1,369,22,876,40,post_fragmentation,50,0.7,0.2,chessboard,817,1,2
84,364,8,14,1,369,22,876,40,post_fragmentation,50,0.7,0.2,chessboard,821,2,2
84,364,8,14,1,369,22,876,40,post_fragmentation,50,0.7,0.2,chessboard,822,1,2
84,364,8,14,1,369,22,876,40,post_fragmentation,50,0.7,0.2,chessboard,824,1,2
84,364,8,14,1,369,22,876,40,post_fragmentation,50,0.7,0.2,chessboard,828,2,2
84,364,8,14,1,369,22,876,40,post_fragmentation,50,0.7,0.2,chessboard,831,2,2
84,364,8,14,1,369,22,876,40,post_fragmentation,50,0.7,0.2,chessboard,837,1,2
84,364,8,14,1,369,22,876,40,post_fragmentation,50,0.7,0.2,chessboard,846,2,2
84,364,8,14,1,369,22,876,40,post_fragmentation,50,0.7,0.2,chessboard,850,2,2
84,364,8,14,1,369,22,876,40,post_fragmentation,50,0.7,0.2,chessboard,858,1,2
84,364,8,14,1,369,22,876,40,post_fragmentation,50,0.7,0.2,chessboard,862,6,2
84,364,8,14,1,369,22,876,40,post_fragmentation,50,0.7,0.2,chessboard,863,1,2
84,364,8,14,1,369,22,876,40,post_fragmentation,50,0.7,0.2,chessboard,866,2,2
84,364,8,14,1,369,22,876,40,post_fragmentation,50,0.7,0.2,chessboard,877,3,2
84,364,8,14,1,369,22,876,40,post_fragmentation,50,0.7,0.2,chessboard,879,1,2
84,364,8,14,1,369,22,876,40,post_fragmentation,50,0.7,0.2,chessboard,894,1,2
84,364,8,14,1,369,22,876,40,post_fragmentation,50,0.7,0.2,chessboard,895,1,2
84,364,8,14,1,369,22,876,40,post_fragmentation,50,0.7,0.2,chessboard,907,1,2
84,364,8,14,1,369,22,876,40,post_fragmentation,50,0.7,0.2,chessboard,914,1,2
84,364,8,14,1,369,22,876,40,post_fragmentation,50,0.7,0.2,chessboard,930,1,2
84,364,8,14,1,369,22,876,40,post_fragmentation,50,0.7,0.2,chessboard,937,2,2
85,366,8,16,1,369,22,876,40,post_fragmentation,50,0.7,0.2,chessboard,720,2,2
85,366,8,16,1,369,22,876,40,post_fragmentation,50,0.7,0.2,chessboard,738,1,2
85,366,8,16,1,369,22,876,40,post_fragmentation,50,0.7,0.2,chessboard,742,1,2
85,366,8,16,1,369,22,876,40,post_fragmentation,50,0.7,0.2,chessboard,755,1,2
85,366,8,16,1,369,22,876,40,post_fragmentation,50,0.7,0.2,chessboard,774,2,2
85,366,8,16,1,369,22,876,40,post_fragmentation,50,0.7,0.2,chessboard,799,3,2
85,366,8,16,1,369,22,876,40,post_fragmentation,50,0.7,0.2,chessboard,811,1,2
85,366,8,16,1,369,22,876,40,post_fragmentation,50,0.7,0.2,chessboard,813,5,2
85,366,8,16,1,369,22,876,40,post_fragmentation,50,0.7,0.2,chessboard,814,1,2
85,366,8,16,1,369,22,876,40,post_fragmentation,50,0.7,0.2,chessboard,822,4,2
85,366,8,16,1,369,22,876,40,post_fragmentation,50,0.7,0.2,chessboard,828,1,2
85,366,8,16,1,369,22,876,40,post_fragmentation,50,0.7,0.2,chessboard,831,1,2
85,366,8,16,1,369,22,876,40,post_fragmentation,50,0.7,0.2,chessboard,858,2,2
85,366,8,16,1,369,22,876,40,post_fragmentation,50,0.7,0.2,chessboard,862,2,2
85,366,8,16,1,369,22,876,40,post_fragmentation,50,0.7,0.2,chessboard,879,2,2
85,366,8,16,1,369,22,876,40,post_fragmentation,50,0.7,0.2,chessboard,888,1,2
85,366,8,16,1,369,22,876,40,post_fragmentation,50,0.7,0.2,chessboard,895,1,2
85,366,8,16,1,369,22,876,40,post_fragmentation,50,0.7,0.2,chessboard,897,1,2
85,366,8,16,1,369,22,876,40,post_fragmentation,50,0.7,0.2,chessboard,905,1,2
85,366,8,16,1,369,22,876,40,post_fragmentation,50,0.7,0.2,chessboard,913,3,2
85,366,8,16,1,369,22,876,40,post_fragmentation,50,0.7,0.2,chessboard,921,1,2
85,366,8,16,1,369,22,876,40,post_fragmentation,50,0.7,0.2,chessboard,925,1,2
85,366,8,16,1,369,22,876,40,post_fragmentation,50,0.7,0.2,chessboard,926,1,2
86,368,8,18,1,369,22,876,40,post_fragmentation,50,0.7,0.2,chessboard,663,1,2
86,368,8,18,1,369,22,876,40,post_fragmentation,50,0.7,0.2,chessboard,696,1,2
86,368,8,18,1,369,22,876,40,post_fragmentation,50,0.7,0.2,chessboard,729,1,2
86,368,8,18,1,369,22,876,40,post_fragmentation,50,0.7,0.2,chessboard,738,1,2
86,368,8,18,1,369,22,876,40,post_fragmentation,50,0.7,0.2,chessboard,742,1,2
86,368,8,18,1,369,22,876,40,post_fragmentation,50,0.7,0.2,chessboard,752,1,2
86,368,8,18,1,369,22,876,40,post_fragmentation,50,0.7,0.2,chessboard,762,1,2
86,368,8,18,1,369,22,876,40,post_fragmentation,50,0.7,0.2,chessboard,772,1,2
86,368,8,18,1,369,22,876,40,post_fragmentation,50,0.7,0.2,chessboard,774,1,2
86,368,8,18,1,369,22,876,40,post_fragmentation,50,0.7,0.2,chessboard,808,3,2
86,368,8,18,1,369,22,876,40,post_fragmentation,50,0.7,0.2,chessboard,811,2,2
86,368,8,18,1,369,22,876,40,post_fragmentation,50,0.7,0.2,chessboard,825,2,2
86,368,8,18,1,369,22,876,40,post_fragmentation,50,0.7,0.2,chessboard,836,1,2
86,368,8,18,1,369,22,876,40,post_fragmentation,50,0.7,0.2,chessboard,837,1,2
86,368,8,18,1,369,22,876,40,post_fragmentation,50,0.7,0.2,chessboard,839,1,2
86,368,8,18,1,369,22,876,40,post_fragmentation,50,0.7,0.2,chessboard,844,1,2
86,368,8,18,1,369,22,876,40,post_fragmentation,50,0.7,0.2,chessboard,855,1,2
86,368,8,18,1,369,22,876,40,post_fragmentation,50,0.7,0.2,chessboard,858,2,2
86,368,8,18,1,369,22,876,40,post_fragmentation,50,0.7,0.2,chessboard,862,1,2
86,368,8,18,1,369,22,876,40,post_fragmentation,50,0.7,0.2,chessboard,869,1,2
86,368,8,18,1,369,22,876,40,post_fragmentation,50,0.7,0.2,chessboard,873,1,2
86,368,8,18,1,369,22,876,40,post_fragmentation,50,0.7,0.2,chessboard,877,1,2
86,368,8,18,1,369,22,876,40,post_fragmentation,50,0.7,0.2,chessboard,878,1,2
86,368,8,18,1,369,22,876,40,post_fragmentation,50,0.7,0.2,chessboard,885,1,2
86,368,8,18,1,369,22,876,40,post_fragmentation,50,0.7,0.2,chessboard,891,1,2
86,368,8,18,1,369,22,876,40,post_fragmentation,50,0.7,0.2,chessboard,894,3,2
86,368,8,18,1,369,22,876,40,post_fragmentation,50,0.7,0.2,chessboard,895,1,2
86,368,8,18,1,369,22,876,40,post_fragmentation,50,0.7,0.2,chessboard,907,1,2
86,368,8,18,1,369,22,876,40,post_fragmentation,50,0.7,0.2,chessboard,908,1,2
87,370,8,20,1,369,22,876,40,post_fragmentation,50,0.7,0.2,chessboard,729,1,2
87,370,8,20,1,369,22,876,40,post_fragmentation,50,0.7,0.2,chessboard,766,1,2
87,370,8,20,1,369,22,876,40,post_fragmentation,50,0.7,0.2,chessboard,775,1,2
87,370,8,20,1,369,22,876,40,post_fragmentation,50,0.7,0.2,chessboard,799,1,2
87,370,8,20,1,369,22,876,40,post_fragmentation,50,0.7,0.2,chessboard,811,1,2
87,370,8,20,1,369,22,876,40,post_fragmentation,50,0.7,0.2,chessboard,822,1,2
87,370,8,20,1,369,22,876,40,post_fragmentation,50,0.7,0.2,chessboard,828,1,2
87,370,8,20,1,369,22,876,40,post_fragmentation,50,0.7,0.2,chessboard,837,3,2
87,370,8,20,1,369,22,876,40,post_fragmentation,50,0.7,0.2,chessboard,843,1,2
87,370,8,20,1,369,22,876,40,post_fragmentation,50,0.7,0.2,chessboard,852,1,2
87,370,8,20,1,369,22,876,40,post_fragmentation,50,0.7,0.2,chessboard,858,1,2
87,370,8,20,1,369,22,876,40,post_fragmentation,50,0.7,0.2,chessboard,859,1,2
87,370,8,20,1,369,22,876,40,post_fragmentation,50,0.7,0.2,chessboard,861,1,2
87,370,8,20,1,369,22,876,40,post_fragmentation,50,0.7,0.2,chessboard,863,1,2
87,370,8,20,1,369,22,876,40,post_fragmentation,50,0.7,0.2,chessboard,866,1,2
87,370,8,20,1,369,22,876,40,post_fragmentation,50,0.7,0.2,chessboard,867,1,2
87,370,8,20,1,369,22,876,40,post_fragmentation,50,0.7,0.2,chessboard,873,1,2
87,370,8,20,1,369,22,876,40,post_fragmentation,50,0.7,0.2,chessboard,877,1,2
87,370,8,20,1,369,22,876,40,post_fragmentation,50,0.7,0.2,chessboard,878,1,2
87,370,8,20,1,369,22,876,40,post_fragmentation,50,0.7,0.2,chessboard,882,1,2
87,370,8,20,1,369,22,876,40,post_fragmentation,50,0.7,0.2,chessboard,888,1,2
87,370,8,20,1,369,22,876,40,post_fragmentation,50,0.7,0.2,chessboard,895,3,2
87,370,8,20,1,369,22,876,40,post_fragmentation,50,0.7,0.2,chessboard,905,1,2
87,370,8,20,1,369,22,876,40,post_fragmentation,50,0.7,0.2,chessboard,907,1,2
87,370,8,20,1,369,22,876,40,post_fragmentation,50,0.7,0.2,chessboard,914,5,2
87,370,8,20,1,369,22,876,40,post_fragmentation,50,0.7,0.2,chessboard,929,2,2
87,370,8,20,1,369,22,876,40,post_fragmentation,50,0.7,0.2,chessboard,933,1,2
87,370,8,20,1,369,22,876,40,post_fragmentation,50,0.7,0.2,chessboard,936,2,2
88,372,8,22,1,369,22,876,40,post_fragmentation,50,0.7,0.2,chessboard,671,1,2
88,372,8,22,1,369,22,876,40,post_fragmentation,50,0.7,0.2,chessboard,681,1,2
88,372,8,22,1,369,22,876,40,post_fragmentation,50,0.7,0.2,chessboard,720,1,2
88,372,8,22,1,369,22,876,40,post_fragmentation,50,0.7,0.2,chessboard,731,1,2
88,372,8,22,1,369,22,876,40,post_fragmentation,50,0.7,0.2,chessboard,738,6,2
88,372,8,22,1,369,22,876,40,post_fragmentation,50,0.7,0.2,chessboard,742,1,2
88,372,8,22,1,369,22,876,40,post_fragmentation,50,0.7,0.2,chessboard,752,1,2
88,372,8,22,1,369,22,876,40,post_fragmentation,50,0.7,0.2,chessboard,754,1,2
88,372,8,22,1,369,22,876,40,post_fragmentation,50,0.7,0.2,chessboard,768,2,2
88,372,8,22,1,369,22,876,40,post_fragmentation,50,0.7,0.2,chessboard,774,1,2
88,372,8,22,1,369,22,876,40,post_fragmentation,50,0.7,0.2,chessboard,778,1,2
88,372,8,22,1,369,22,876,40,post_fragmentation,50,0.7,0.2,chessboard,790,2,2
88,372,8,22,1,369,22,876,40,post_fragmentation,50,0.7,0.2,chessboard,820,2,2
88,372,8,22,1,369,22,876,40,post_fragmentation,50,0.7,0.2,chessboard,830,1,2
88,372,8,22,1,369,22,876,40,post_fragmentation,50,0.7,0.2,chessboard,831,1,2
88,372,8,22,1,369,22,876,40,post_fragmentation,50,0.7,0.2,chessboard,849,3,2
88,372,8,22,1,369,22,876,40,post_fragmentation,50,0.7,0.2,chessboard,850,1,2
88,372,8,22,1,369,22,876,40,post_fragmentation,50,0.7,0.2,chessboard,855,4,2
88,372,8,22,1,369,22,876,40,post_fragmentation,50,0.7,0.2,chessboard,858,1,2
88,372,8,22,1,369,22,876,40,post_fragmentation,50,0.7,0.2,chessboard,863,1,2
88,372,8,22,1,369,22,876,40,post_fragmentation,50,0.7,0.2,chessboard,867,2,2
88,372,8,22,1,369,22,876,40,post_fragmentation,50,0.7,0.2,chessboard,873,1,2
88,372,8,22,1,369,22,876,40,post_fragmentation,50,0.7,0.2,chessboard,877,2,2
88,372,8,22,1,369,22,876,40,post_fragmentation,50,0.7,0.2,chessboard,878,1,2
88,372,8,22,1,369,22,876,40,post_fragmentation,50,0.7,0.2,chessboard,895,1,2
88,372,8,22,1,369,22,876,40,post_fragmentation,50,0.7,0.2,chessboard,915,1,2
88,372,8,22,1,369,22,876,40,post_fragmentation,50,0.7,0.2,chessboard,921,1,2
88,372,8,22,1,369,22,876,40,post_fragmentation,50,0.7,0.2,chessboard,967,1,2
89,374,8,24,1,369,22,876,40,post_fragmentation,50,0.7,0.2,chessboard,738,3,2
89,374,8,24,1,369,22,876,40,post_fragmentation,50,0.7,0.2,chessboard,742,1,2
89,374,8,24,1,369,22,876,40,post_fragmentation,50,0.7,0.2,chessboard,746,1,2
89,374,8,24,1,369,22,876,40,post_fragmentation,50,0.7,0.2,chessboard,751,2,2
89,374,8,24,1,369,22,876,40,post_fragmentation,50,0.7,0.2,chessboard,762,1,2
89,374,8,24,1,369,22,876,40,post_fragmentation,50,0.7,0.2,chessboard,778,3,2
89,374,8,24,1,369,22,876,40,post_fragmentation,50,0.7,0.2,chessboard,783,1,2
89,374,8,24,1,369,22,876,40,post_fragmentation,50,0.7,0.2,chessboard,784,3,2
89,374,8,24,1,369,22,876,40,post_fragmentation,50,0.7,0.2,chessboard,790,2,2
89,374,8,24,1,369,22,876,40,post_fragmentation,50,0.7,0.2,chessboard,797,1,2
89,374,8,24,1,369,22,876,40,post_fragmentation,50,0.7,0.2,chessboard,798,2,2
89,374,8,24,1,369,22,876,40,post_fragmentation,50,0.7,0.2,chessboard,799,1,2
89,374,8,24,1,369,22,876,40,post_fragmentation,50,0.7,0.2,chessboard,814,1,2
89,374,8,24,1,369,22,876,40,post_fragmentation,50,0.7,0.2,chessboard,815,2,2
89,374,8,24,1,369,22,876,40,post_fragmentation,50,0.7,0.2,chessboard,820,1,2
89,374,8,24,1,369,22,876,40,post_fragmentation,50,0.7,0.2,chessboard,827,2,2
89,374,8,24,1,369,22,876,40,post_fragmentation,50,0.7,0.2,chessboard,828,3,2
89,374,8,24,1,369,22,876,40,post_fragmentation,50,0.7,0.2,chessboard,830,1,2
89,374,8,24,1,369,22,876,40,post_fragmentation,50,0.7,0.2,chessboard,833,1,2
89,374,8,24,1,369,22,876,40,post_fragmentation,50,0.7,0.2,chessboard,836,2,2
89,374,8,24,1,369,22,876,40,post_fragmentation,50,0.7,0.2,chessboard,848,1,2
89,374,8,24,1,369,22,876,40,post_fragmentation,50,0.7,0.2,chessboard,866,1,2
89,374,8,24,1,369,22,876,40,post_fragmentation,50,0.7,0.2,chessboard,867,2,2
89,374,8,24,1,369,22,876,40,post_fragmentation,50,0.7,0.2,chessboard,878,1,2
89,374,8,24,1,369,22,876,40,post_fragmentation,50,0.7,0.2,chessboard,883,1,2
89,374,8,24,1,369,22,876,40,post_fragmentation,50,0.7,0.2,chessboard,890,1,2
89,374,8,24,1,369,22,876,40,post_fragmentation,50,0.7,0.2,chessboard,958,1,2
89,374,8,24,1,369,22,876,40,post_fragmentation,50,0.7,0.2,chessboard,978,1,2
90,403,9,3,1,369,22,876,40,post_fragmentation,50,0.7,0.2,chessboard,549,3,2
90,403,9,3,1,369,22,876,40,post_fragmentation,50,0.7,0.2,chessboard,572,2,2
90,403,9,3,1,369,22,876,40,post_fragmentation,50,0.7,0.2,chessboard,611,1,2
90,403,9,3,1,369,22,876,40,post_fragmentation,50,0.7,0.2,chessboard,627,4,2
90,403,9,3,1,369,22,876,40,post_fragmentation,50,0.7,0.2,chessboard,649,1,2
90,403,9,3,1,369,22,876,40,post_fragmentation,50,0.7,0.2,chessboard,651,3,2
90,403,9,3,1,369,22,876,40,post_fragmentation,50,0.7,0.2,chessboard,655,3,2
90,403,9,3,1,369,22,876,40,post_fragmentation,50,0.7,0.2,chessboard,660,3,2
90,403,9,3,1,369,22,876,40,post_fragmentation,50,0.7,0.2,chessboard,665,1,2
90,403,9,3,1,369,22,876,40,post_fragmentation,50,0.7,0.2,chessboard,669,2,2
90,403,9,3,1,369,22,876,40,post_fragmentation,50,0.7,0.2,chessboard,674,1,2
90,403,9,3,1,369,22,876,40,post_fragmentation,50,0.7,0.2,chessboard,681,1,2
90,403,9,3,1,369,22,876,40,post_fragmentation,50,0.7,0.2,chessboard,708,1,2
90,403,9,3,1,369,22,876,40,post_fragmentation,50,0.7,0.2,chessboard,725,2,2
90,403,9,3,1,369,22,876,40,post_fragmentation,50,0.7,0.2,chessboard,736,1,2
90,403,9,3,1,369,22,876,40,post_fragmentation,50,0.7,0.2,chessboard,748,1,2
90,403,9,3,1,369,22,876,40,post_fragmentation,50,0.7,0.2,chessboard,766,1,2
90,403,9,3,1,369,22,876,40,post_fragmentation,50,0.7,0.2,chessboard,772,1,2
90,403,9,3,1,369,22,876,40,post_fragmentation,50,0.7,0.2,chessboard,783,1,2
90,403,9,3,1,369,22,876,40,post_fragmentation,50,0.7,0.2,chessboard,817,1,2
90,403,9,3,1,369,22,876,40,post_fragmentation,50,0.7,0.2,chessboard,862,1,2
91,405,9,5,1,369,22,876,40,post_fragmentation,50,0.7,0.2,chessboard,649,2,2
91,405,9,5,1,369,22,876,40,post_fragmentation,50,0.7,0.2,chessboard,664,3,2
91,405,9,5,1,369,22,876,40,post_fragmentation,50,0.7,0.2,chessboard,665,2,2
91,405,9,5,1,369,22,876,40,post_fragmentation,50,0.7,0.2,chessboard,669,4,2
91,405,9,5,1,369,22,876,40,post_fragmentation,50,0.7,0.2,chessboard,674,1,2
91,405,9,5,1,369,22,876,40,post_fragmentation,50,0.7,0.2,chessboard,697,1,2
91,405,9,5,1,369,22,876,40,post_fragmentation,50,0.7,0.2,chessboard,708,2,2
91,405,9,5,1,369,22,876,40,post_fragmentation,50,0.7,0.2,chessboard,714,1,2
91,405,9,5,1,369,22,876,40,post_fragmentation,50,0.7,0.2,chessboard,728,2,2
91,405,9,5,1,369,22,876,40,post_fragmentation,50,0.7,0.2,chessboard,748,2,2
91,405,9,5,1,369,22,876,40,post_fragmentation,50,0.7,0.2,chessboard,756,1,2
91,405,9,5,1,369,22,876,40,post_fragmentation,50,0.7,0.2,chessboard,759,1,2
91,405,9,5,1,369,22,876,40,post_fragmentation,50,0.7,0.2,chessboard,765,2,2
91,405,9,5,1,369,22,876,40,post_fragmentation,50,0.7,0.2,chessboard,769,1,2
91,405,9,5,1,369,22,876,40,post_fragmentation,50,0.7,0.2,chessboard,775,1,2
91,405,9,5,1,369,22,876,40,post_fragmentation,50,0.7,0.2,chessboard,786,1,2
91,405,9,5,1,369,22,876,40,post_fragmentation,50,0.7,0.2,chessboard,814,2,2
91,405,9,5,1,369,22,876,40,post_fragmentation,50,0.7,0.2,chessboard,821,1,2
91,405,9,5,1,369,22,876,40,post_fragmentation,50,0.7,0.2,chessboard,828,1,2
91,405,9,5,1,369,22,876,40,post_fragmentation,50,0.7,0.2,chessboard,832,2,2
91,405,9,5,1,369,22,876,40,post_fragmentation,50,0.7,0.2,chessboard,841,1,2
91,405,9,5,1,369,22,876,40,post_fragmentation,50,0.7,0.2,chessboard,850,1,2
91,405,9,5,1,369,22,876,40,post_fragmentation,50,0.7,0.2,chessboard,865,1,2
92,407,9,7,1,369,22,876,40,post_fragmentation,50,0.7,0.2,chessboard,714,1,2
92,407,9,7,1,369,22,876,40,post_fragmentation,50,0.7,0.2,chessboard,728,2,2
92,407,9,7,1,369,22,876,40,post_fragmentation,50,0.7,0.2,chessboard,759,2,2
92,407,9,7,1,369,22,876,40,post_fragmentation,50,0.7,0.2,chessboard,783,1,2
92,407,9,7,1,369,22,876,40,post_fragmentation,50,0.7,0.2,chessboard,784,1,2
92,407,9,7,1,369,22,876,40,post_fragmentation,50,0.7,0.2,chessboard,790,1,2
92,407,9,7,1,369,22,876,40,post_fragmentation,50,0.7,0.2,chessboard,791,1,2
92,407,9,7,1,369,22,876,40,post_fragmentation,50,0.7,0.2,chessboard,821,1,2
92,407,9,7,1,369,22,876,40,post_fragmentation,50,0.7,0.2,chessboard,822,1,2
92,407,9,7,1,369,22,876,40,post_fragmentation,50,0.7,0.2,chessboard,827,2,2
92,407,9,7,1,369,22,876,40,post_fragmentation,50,0.7,0.2,chessboard,828,1,2
92,407,9,7,1,369,22,876,40,post_fragmentation,50,0.7,0.2,chessboard,837,1,2
92,407,9,7,1,369,22,876,40,post_fragmentation,50,0.7,0.2,chessboard,842,1,2
92,407,9,7,1,369,22,876,40,post_fragmentation,50,0.7,0.2,chessboard,850,2,2
92,407,9,7,1,369,22,876,40,post_fragmentation,50,0.7,0.2,chessboard,856,1,2
92,407,9,7,1,369,22,876,40,post_fragmentation,50,0.7,0.2,chessboard,863,1,2
92,407,9,7,1,369,22,876,40,post_fragmentation,50,0.7,0.2,chessboard,866,1,2
92,407,9,7,1,369,22,876,40,post_fragmentation,50,0.7,0.2,chessboard,876,2,2
92,407,9,7,1,369,22,876,40,post_fragmentation,50,0.7,0.2,chessboard,879,4,2
92,407,9,7,1,369,22,876,40,post_fragmentation,50,0.7,0.2,chessboard,897,1,2
92,407,9,7,1,369,22,876,40,post_fragmentation,50,0.7,0.2,chessboard,905,1,2
92,407,9,7,1,369,22,876,40,post_fragmentation,50,0.7,0.2,chessboard,906,3,2
92,407,9,7,1,369,22,876,40,post_fragmentation,50,0.7,0.2,chessboard,910,1,2
92,407,9,7,1,369,22,876,40,post_fragmentation,50,0.7,0.2,chessboard,913,1,2
92,407,9,7,1,369,22,876,40,post_fragmentation,50,0.7,0.2,chessboard,938,1,2
92,407,9,7,1,369,22,876,40,post_fragmentation,50,0.7,0.2,chessboard,941,1,2
92,407,9,7,1,369,22,876,40,post_fragmentation,50,0.7,0.2,chessboard,944,1,2
93,409,9,9,1,369,22,876,40,post_fragmentation,50,0.7,0.2,chessboard,827,1,2
93,409,9,9,1,369,22,876,40,post_fragmentation,50,0.7,0.2,chessboard,844,3,2
93,409,9,9,1,369,22,876,40,post_fragmentation,50,0.7,0.2,chessboard,850,1,2
93,409,9,9,1,369,22,876,40,post_fragmentation,50,0.7,0.2,chessboard,858,1,2
93,409,9,9,1,369,22,876,40,post_fragmentation,50,0.7,0.2,chessboard,863,1,2
93,409,9,9,1,369,22,876,40,post_fragmentation,50,0.7,0.2,chessboard,865,1,2
93,409,9,9,1,369,22,876,40,post_fragmentation,50,0.7,0.2,chessboard,869,2,2
93,409,9,9,1,369,22,876,40,post_fragmentation,50,0.7,0.2,chessboard,877,1,2
93,409,9,9,1,369,22,876,40,post_fragmentation,50,0.7,0.2,chessboard,879,2,2
93,409,9,9,1,369,22,876,40,post_fragmentation,50,0.7,0.2,chessboard,887,1,2
93,409,9,9,1,369,22,876,40,post_fragmentation,50,0.7,0.2,chessboard,888,3,2
93,409,9,9,1,369,22,876,40,post_fragmentation,50,0.7,0.2,chessboard,890,2,2
93,409,9,9,1,369,22,876,40,post_fragmentation,50,0.7,0.2,chessboard,894,7,2
93,409,9,9,1,369,22,876,40,post_fragmentation,50,0.7,0.2,chessboard,895,1,2
93,409,9,9,1,369,22,876,40,post_fragmentation,50,0.7,0.2,chessboard,897,1,2
93,409,9,9,1,369,22,876,40,post_fragmentation,50,0.7,0.2,chessboard,906,1,2
93,409,9,9,1,369,22,876,40,post_fragmentation,50,0.7,0.2,chessboard,907,3,2
93,409,9,9,1,369,22,876,40,post_fragmentation,50,0.7,0.2,chessboard,910,3,2
93,409,9,9,1,369,22,876,40,post_fragmentation,50,0.7,0.2,chessboard,928,1,2
93,409,9,9,1,369,22,876,40,post_fragmentation,50,0.7,0.2,chessboard,937,1,2
94,411,9,11,1,369,22,876,40,post_fragmentation,50,0.7,0.2,chessboard,762,1,2
94,411,9,11,1,369,22,876,40,post_fragmentation,50,0.7,0.2,chessboard,817,1,2
94,411,9,11,1,369,22,876,40,post_fragmentation,50,0.7,0.2,chessboard,819,1,2
94,411,9,11,1,369,22,876,40,post_fragmentation,50,0.7,0.2,chessboard,844,1,2
94,411,9,11,1,369,22,876,40,post_fragmentation,50,0.7,0.2,chessboard,858,1,2
94,411,9,11,1,369,22,876,40,post_fragmentation,50,0.7,0.2,chessboard,862,1,2
94,411,9,11,1,369,22,876,40,post_fragmentation,50,0.7,0.2,chessboard,863,2,2
94,411,9,11,1,369,22,876,40,post_fragmentation,50,0.7,0.2,chessboard,867,1,2
94,411,9,11,1,369,22,876,40,post_fragmentation,50,0.7,0.2,chessboard,876,2,2
94,411,9,11,1,369,22,876,40,post_fragmentation,50,0.7,0.2,chessboard,877,1,2
94,411,9,11,1,369,22,876,40,post_fragmentation,50,0.7,0.2,chessboard,878,1,2
94,411,9,11,1,369,22,876,40,post_fragmentation,50,0.7,0.2,chessboard,879,3,2
94,411,9,11,1,369,22,876,40,post_fragmentation,50,0.7,0.2,chessboard,887,2,2
94,411,9,11,1,369,22,876,40,post_fragmentation,50,0.7,0.2,chessboard,888,1,2
94,411,9,11,1,369,22,876,40,post_fragmentation,50,0.7,0.2,chessboard,894,5,2
94,411,9,11,1,369,22,876,40,post_fragmentation,50,0.7,0.2,chessboard,897,2,2
94,411,9,11,1,369,22,876,40,post_fragmentation,50,0.7,0.2,chessboard,906,2,2
94,411,9,11,1,369,22,876,40,post_fragmentation,50,0.7,0.2,chessboard,910,3,2
94,411,9,11,1,369,22,876,40,post_fragmentation,50,0.7,0.2,chessboard,917,2,2
94,411,9,11,1,369,22,876,40,post_fragmentation,50,0.7,0.2,chessboard,926,1,2
94,411,9,11,1,369,22,876,40,post_fragmentation,50,0.7,0.2,chessboard,930,1,2
94,411,9,11,1,369,22,876,40,post_fragmentation,50,0.7,0.2,chessboard,944,1,2
94,411,9,11,1,369,22,876,40,post_fragmentation,50,0.7,0.2,chessboard,966,1,2
94,411,9,11,1,369,22,876,40,post_fragmentation,50,0.7,0.2,chessboard,973,1,2
94,411,9,11,1,369,22,876,40,post_fragmentation,50,0.7,0.2,chessboard,987,1,2
95,413,9,13,1,369,22,876,40,post_fragmentation,50,0.7,0.2,chessboard,692,1,2
95,413,9,13,1,369,22,876,40,post_fragmentation,50,0.7,0.2,chessboard,790,1,2
95,413,9,13,1,369,22,876,40,post_fragmentation,50,0.7,0.2,chessboard,817,1,2
95,413,9,13,1,369,22,876,40,post_fragmentation,50,0.7,0.2,chessboard,837,1,2
95,413,9,13,1,369,22,876,40,post_fragmentation,50,0.7,0.2,chessboard,842,1,2
95,413,9,13,1,369,22,876,40,post_fragmentation,50,0.7,0.2,chessboard,846,2,2
95,413,9,13,1,369,22,876,40,post_fragmentation,50,0.7,0.2,chessboard,850,2,2
95,413,9,13,1,369,22,876,40,post_fragmentation,50,0.7,0.2,chessboard,858,3,2
95,413,9,13,1,369,22,876,40,post_fragmentation,50,0.7,0.2,chessboard,862,2,2
95,413,9,13,1,369,22,876,40,post_fragmentation,50,0.7,0.2,chessboard,863,2,2
95,413,9,13,1,369,22,876,40,post_fragmentation,50,0.7,0.2,chessboard,876,2,2
95,413,9,13,1,369,22,876,40,post_fragmentation,50,0.7,0.2,chessboard,877,1,2
95,413,9,13,1,369,22,876,40,post_fragmentation,50,0.7,0.2,chessboard,878,1,2
95,413,9,13,1,369,22,876,40,post_fragmentation,50,0.7,0.2,chessboard,879,3,2
95,413,9,13,1,369,22,876,40,post_fragmentation,50,0.7,0.2,chessboard,888,3,2
95,413,9,13,1,369,22,876,40,post_fragmentation,50,0.7,0.2,chessboard,890,1,2
95,413,9,13,1,369,22,876,40,post_fragmentation,50,0.7,0.2,chessboard,894,1,2
95,413,9,13,1,369,22,876,40,post_fragmentation,50,0.7,0.2,chessboard,906,1,2
95,413,9,13,1,369,22,876,40,post_fragmentation,50,0.7,0.2,chessboard,907,2,2
95,413,9,13,1,369,22,876,40,post_fragmentation,50,0.7,0.2,chessboard,913,1,2
95,413,9,13,1,369,22,876,40,post_fragmentation,50,0.7,0.2,chessboard,914,4,2
95,413,9,13,1,369,22,876,40,post_fragmentation,50,0.7,0.2,chessboard,925,1,2
95,413,9,13,1,369,22,876,40,post_fragmentation,50,0.7,0.2,chessboard,936,1,2
95,413,9,13,1,369,22,876,40,post_fragmentation,50,0.7,0.2,chessboard,938,1,2
95,413,9,13,1,369,22,876,40,post_fragmentation,50,0.7,0.2,chessboard,944,1,2
95,413,9,13,1,369,22,876,40,post_fragmentation,50,0.7,0.2,chessboard,966,3,2
95,413,9,13,1,369,22,876,40,post_fragmentation,50,0.7,0.2,chessboard,973,1,2
96,415,9,15,1,369,22,876,40,post_fragmentation,50,0.7,0.2,chessboard,693,1,2
96,415,9,15,1,369,22,876,40,post_fragmentation,50,0.7,0.2,chessboard,740,1,2
96,415,9,15,1,369,22,876,40,post_fragmentation,50,0.7,0.2,chessboard,742,1,2
96,415,9,15,1,369,22,876,40,post_fragmentation,50,0.7,0.2,chessboard,751,1,2
96,415,9,15,1,369,22,876,40,post_fragmentation,50,0.7,0.2,chessboard,752,1,2
96,415,9,15,1,369,22,876,40,post_fragmentation,50,0.7,0.2,chessboard,772,1,2
96,415,9,15,1,369,22,876,40,post_fragmentation,50,0.7,0.2,chessboard,792,1,2
96,415,9,15,1,369,22,876,40,post_fragmentation,50,0.7,0.2,chessboard,822,1,2
96,415,9,15,1,369,22,876,40,post_fragmentation,50,0.7,0.2,chessboard,824,1,2
96,415,9,15,1,369,22,876,40,post_fragmentation,50,0.7,0.2,chessboard,828,1,2
96,415,9,15,1,369,22,876,40,post_fragmentation,50,0.7,0.2,chessboard,842,1,2
96,415,9,15,1,369,22,876,40,post_fragmentation,50,0.7,0.2,chessboard,850,1,2
96,415,9,15,1,369,22,876,40,post_fragmentation,50,0.7,0.2,chessboard,858,2,2
96,415,9,15,1,369,22,876,40,post_fragmentation,50,0.7,0.2,chessboard,859,1,2
96,415,9,15,1,369,22,876,40,post_fragmentation,50,0.7,0.2,chessboard,861,3,2
96,415,9,15,1,369,22,876,40,post_fragmentation,50,0.7,0.2,chessboard,862,3,2
96,415,9,15,1,369,22,876,40,post_fragmentation,50,0.7,0.2,chessboard,876,1,2
96,415,9,15,1,369,22,876,40,post_fragmentation,50,0.7,0.2,chessboard,877,1,2
96,415,9,15,1,369,22,876,40,post_fragmentation,50,0.7,0.2,chessboard,881,1,2
96,415,9,15,1,369,22,876,40,post_fragmentation,50,0.7,0.2,chessboard,888,1,2
96,415,9,15,1,369,22,876,40,post_fragmentation,50,0.7,0.2,chessboard,895,2,2
96,415,9,15,1,369,22,876,40,post_fragmentation,50,0.7,0.2,chessboard,897,1,2
96,415,9,15,1,369,22,876,40,post_fragmentation,50,0.7,0.2,chessboard,915,1,2
96,415,9,15,1,369,22,876,40,post_fragmentation,50,0.7,0.2,chessboard,926,1,2
96,415,9,15,1,369,22,876,40,post_fragmentation,50,0.7,0.2,chessboard,929,1,2
96,415,9,15,1,369,22,876,40,post_fragmentation,50,0.7,0.2,chessboard,930,1,2
96,415,9,15,1,369,22,876,40,post_fragmentation,50,0.7,0.2,chessboard,935,1,2
96,415,9,15,1,369,22,876,40,post_fragmentation,50,0.7,0.2,chessboard,940,1,2
97,417,9,17,1,369,22,876,40,post_fragmentation,50,0.7,0.2,chessboard,738,4,2
97,417,9,17,1,369,22,876,40,post_fragmentation,50,0.7,0.2,chessboard,774,1,2
97,417,9,17,1,369,22,876,40,post_fragmentation,50,0.7,0.2,chessboard,790,1,2
97,417,9,17,1,369,22,876,40,post_fragmentation,50,0.7,0.2,chessboard,813,1,2
97,417,9,17,1,369,22,876,40,post_fragmentation,50,0.7,0.2,chessboard,822,2,2
97,417,9,17,1,369,22,876,40,post_fragmentation,50,0.7,0.2,chessboard,831,1,2
97,417,9,17,1,369,22,876,40,post_fragmentation,50,0.7,0.2,chessboard,839,2,2
97,417,9,17,1,369,22,876,40,post_fragmentation,50,0.7,0.2,chessboard,844,3,2
97,417,9,17,1,369,22,876,40,post_fragmentation,50,0.7,0.2,chessboard,848,1,2
97,417,9,17,1,369,22,876,40,post_fragmentation,50,0.7,0.2,chessboard,850,2,2
97,417,9,17,1,369,22,876,40,post_fragmentation,50,0.7,0.2,chessboard,866,1,2
97,417,9,17,1,369,22,876,40,post_fragmentation,50,0.7,0.2,chessboard,879,2,2
97,417,9,17,1,369,22,876,40,post_fragmentation,50,0.7,0.2,chessboard,894,1,2
97,417,9,17,1,369,22,876,40,post_fragmentation,50,0.7,0.2,chessboard,895,5,2
97,417,9,17,1,369,22,876,40,post_fragmentation,50,0.7,0.2,chessboard,907,1,2
97,417,9,17,1,369,22,876,40,post_fragmentation,50,0.7,0.2,chessboard,913,3,2
97,417,9,17,1,369,22,876,40,post_fragmentation,50,0.7,0.2,chessboard,914,2,2
97,417,9,17,1,369,22,876,40,post_fragmentation,50,0.7,0.2,chessboard,926,1,2
97,417,9,17,1,369,22,876,40,post_fragmentation,50,0.7,0.2,chessboard,932,1,2
97,417,9,17,1,369,22,876,40,post_fragmentation,50,0.7,0.2,chessboard,940,1,2
98,419,9,19,1,369,22,876,40,post_fragmentation,50,0.7,0.2,chessboard,752,1,2
98,419,9,19,1,369,22,876,40,post_fragmentation,50,0.7,0.2,chessboard,799,1,2
98,419,9,19,1,369,22,876,40,post_fragmentation,50,0.7,0.2,chessboard,811,1,2
98,419,9,19,1,369,22,876,40,post_fragmentation,50,0.7,0.2,chessboard,820,2,2
98,419,9,19,1,369,22,876,40,post_fragmentation,50,0.7,0.2,chessboard,822,1,2
98,419,9,19,1,369,22,876,40,post_fragmentation,50,0.7,0.2,chessboard,832,1,2
98,419,9,19,1,369,22,876,40,post_fragmentation,50,0.7,0.2,chessboard,836,1,2
98,419,9,19,1,369,22,876,40,post_fragmentation,50,0.7,0.2,chessboard,849,2,2
98,419,9,19,1,369,22,876,40,post_fragmentation,50,0.7,0.2,chessboard,855,1,2
98,419,9,19,1,369,22,876,40,post_fragmentation,50,0.7,0.2,chessboard,859,1,2
98,419,9,19,1,369,22,876,40,post_fragmentation,50,0.7,0.2,chessboard,862,1,2
98,419,9,19,1,369,22,876,40,post_fragmentation,50,0.7,0.2,chessboard,867,2,2
98,419,9,19,1,369,22,876,40,post_fragmentation,50,0.7,0.2,chessboard,869,1,2
98,419,9,19,1,369,22,876,40,post_fragmentation,50,0.7,0.2,chessboard,877,1,2
98,419,9,19,1,369,22,876,40,post_fragmentation,50,0.7,0.2,chessboard,878,1,2
98,419,9,19,1,369,22,876,40,post_fragmentation,50,0.7,0.2,chessboard,886,1,2
98,419,9,19,1,369,22,876,40,post_fragmentation,50,0.7,0.2,chessboard,887,1,2
98,419,9,19,1,369,22,876,40,post_fragmentation,50,0.7,0.2,chessboard,894,1,2
98,419,9,19,1,369,22,876,40,post_fragmentation,50,0.7,0.2,chessboard,897,2,2
98,419,9,19,1,369,22,876,40,post_fragmentation,50,0.7,0.2,chessboard,905,2,2
98,419,9,19,1,369,22,876,40,post_fragmentation,50,0.7,0.2,chessboard,910,1,2
98,419,9,19,1,369,22,876,40,post_fragmentation,50,0.7,0.2,chessboard,913,4,2
98,419,9,19,1,369,22,876,40,post_fragmentation,50,0.7,0.2,chessboard,914,5,2
98,419,9,19,1,369,22,876,40,post_fragmentation,50,0.7,0.2,chessboard,933,1,2
98,419,9,19,1,369,22,876,40,post_fragmentation,50,0.7,0.2,chessboard,940,1,2
98,419,9,19,1,369,22,876,40,post_fragmentation,50,0.7,0.2,chessboard,951,1,2
99,421,9,21,1,369,22,876,40,post_fragmentation,50,0.7,0.2,chessboard,738,1,2
99,421,9,21,1,369,22,876,40,post_fragmentation,50,0.7,0.2,chessboard,751,1,2
99,421,9,21,1,369,22,876,40,post_fragmentation,50,0.7,0.2,chessboard,768,1,2
99,421,9,21,1,369,22,876,40,post_fragmentation,50,0.7,0.2,chessboard,772,1,2
99,421,9,21,1,369,22,876,40,post_fragmentation,50,0.7,0.2,chessboard,774,1,2
99,421,9,21,1,369,22,876,40,post_fragmentation,50,0.7,0.2,chessboard,783,1,2
99,421,9,21,1,369,22,876,40,post_fragmentation,50,0.7,0.2,chessboard,820,1,2
99,421,9,21,1,369,22,876,40,post_fragmentation,50,0.7,0.2,chessboard,822,3,2
99,421,9,21,1,369,22,876,40,post_fragmentation,50,0.7,0.2,chessboard,849,1,2
99,421,9,21,1,369,22,876,40,post_fragmentation,50,0.7,0.2,chessboard,850,1,2
99,421,9,21,1,369,22,876,40,post_fragmentation,50,0.7,0.2,chessboard,852,1,2
99,421,9,21,1,369,22,876,40,post_fragmentation,50,0.7,0.2,chessboard,855,1,2
99,421,9,21,1,369,22,876,40,post_fragmentation,50,0.7,0.2,chessboard,859,1,2
99,421,9,21,1,369,22,876,40,post_fragmentation,50,0.7,0.2,chessboard,861,1,2
99,421,9,21,1,369,22,876,40,post_fragmentation,50,0.7,0.2,chessboard,862,1,2
99,421,9,21,1,369,22,876,40,post_fragmentation,50,0.7,0.2,chessboard,866,1,2
99,421,9,21,1,369,22,876,40,post_fragmentation,50,0.7,0.2,chessboard,867,2,2
99,421,9,21,1,369,22,876,40,post_fragmentation,50,0.7,0.2,chessboard,877,3,2
99,421,9,21,1,369,22,876,40,post_fragmentation,50,0.7,0.2,chessboard,882,1,2
99,421,9,21,1,369,22,876,40,post_fragmentation,50,0.7,0.2,chessboard,888,1,2
99,421,9,21,1,369,22,876,40,post_fragmentation,50,0.7,0.2,chessboard,894,1,2
99,421,9,21,1,369,22,876,40,post_fragmentation,50,0.7,0.2,chessboard,895,1,2
99,421,9,21,1,369,22,876,40,post_fragmentation,50,0.7,0.2,chessboard,897,1,2
99,421,9,21,1,369,22,876,40,post_fragmentation,50,0.7,0.2,chessboard,912,2,2
99,421,9,21,1,369,22,876,40,post_fragmentation,50,0.7,0.2,chessboard,913,1,2
99,421,9,21,1,369,22,876,40,post_fragmentation,50,0.7,0.2,chessboard,915,1,2
99,421,9,21,1,369,22,876,40,post_fragmentation,50,0.7,0.2,chessboard,921,2,2
99,421,9,21,1,369,22,876,40,post_fragmentation,50,0.7,0.2,chessboard,933,1,2
100,454,10,4,1,369,22,876,40,post_fragmentation,50,0.7,0.2,chessboard,572,1,2
100,454,10,4,1,369,22,876,40,post_fragmentation,50,0.7,0.2,chessboard,625,1,2
100,454,10,4,1,369,22,876,40,post_fragmentation,50,0.7,0.2,chessboard,627,1,2
100,454,10,4,1,369,22,876,40,post_fragmentation,50,0.7,0.2,chessboard,642,2,2
100,454,10,4,1,369,22,876,40,post_fragmentation,50,0.7,0.2,chessboard,643,1,2
100,454,10,4,1,369,22,876,40,post_fragmentation,50,0.7,0.2,chessboard,649,2,2
100,454,10,4,1,369,22,876,40,post_fragmentation,50,0.7,0.2,chessboard,651,2,2
100,454,10,4,1,369,22,876,40,post_fragmentation,50,0.7,0.2,chessboard,654,1,2
100,454,10,4,1,369,22,876,40,post_fragmentation,50,0.7,0.2,chessboard,655,4,2
100,454,10,4,1,369,22,876,40,post_fragmentation,50,0.7,0.2,chessboard,660,1,2
100,454,10,4,1,369,22,876,40,post_fragmentation,50,0.7,0.2,chessboard,664,2,2
100,454,10,4,1,369,22,876,40,post_fragmentation,50,0.7,0.2,chessboard,665,2,2
100,454,10,4,1,369,22,876,40,post_fragmentation,50,0.7,0.2,chessboard,669,1,2
100,454,10,4,1,369,22,876,40,post_fragmentation,50,0.7,0.2,chessboard,671,2,2
100,454,10,4,1,369,22,876,40,post_fragmentation,50,0.7,0.2,chessboard,672,1,2
100,454,10,4,1,369,22,876,40,post_fragmentation,50,0.7,0.2,chessboard,674,2,2
100,454,10,4,1,369,22,876,40,post_fragmentation,50,0.7,0.2,chessboard,676,1,2
100,454,10,4,1,369,22,876,40,post_fragmentation,50,0.7,0.2,chessboard,697,3,2
100,454,10,4,1,369,22,876,40,post_fragmentation,50,0.7,0.2,chessboard,716,1,2
101,456,10,6,1,369,22,876,40,post_fragmentation,50,0.7,0.2,chessboard,611,1,2
101,456,10,6,1,369,22,876,40,post_fragmentation,50,0.7,0.2,chessboard,627,1,2
101,456,10,6,1,369,22,876,40,post_fragmentation,50,0.7,0.2,chessboard,664,2,2
101,456,10,6,1,369,22,876,40,post_fragmentation,50,0.7,0.2,chessboard,669,1,2
101,456,10,6,1,369,22,876,40,post_fragmentation,50,0.7,0.2,chessboard,672,1,2
101,456,10,6,1,369,22,876,40,post_fragmentation,50,0.7,0.2,chessboard,674,4,2
101,456,10,6,1,369,22,876,40,post_fragmentation,50,0.7,0.2,chessboard,697,1,2
101,456,10,6,1,369,22,876,40,post_fragmentation,50,0.7,0.2,chessboard,709,1,2
101,456,10,6,1,369,22,876,40,post_fragmentation,50,0.7,0.2,chessboard,711,2,2
101,456,10,6,1,369,22,876,40,post_fragmentation,50,0.7,0.2,chessboard,716,1,2
101,456,10,6,1,369,22,876,40,post_fragmentation,50,0.7,0.2,chessboard,725,1,2
101,456,10,6,1,369,22,876,40,post_fragmentation,50,0.7,0.2,chessboard,735,2,2
101,456,10,6,1,369,22,876,40,post_fragmentation,50,0.7,0.2,chessboard,746,1,2
101,456,10,6,1,369,22,876,40,post_fragmentation,50,0.7,0.2,chessboard,750,1,2
101,456,10,6,1,369,22,876,40,post_fragmentation,50,0.7,0.2,chessboard,771,1,2
101,456,10,6,1,369,22,876,40,post_fragmentation,50,0.7,0.2,chessboard,791,2,2
101,456,10,6,1,369,22,876,40,post_fragmentation,50,0.7,0.2,chessboard,795,1,2
101,456,10,6,1,369,22,876,40,post_fragmentation,50,0.7,0.2,chessboard,798,1,2
101,456,10,6,1,369,22,876,40,post_fragmentation,50,0.7,0.2,chessboard,827,1,2
101,456,10,6,1,369,22,876,40,post_fragmentation,50,0.7,0.2,chessboard,839,2,2
101,456,10,6,1,369,22,876,40,post_fragmentation,50,0.7,0.2,chessboard,850,1,2
101,456,10,6,1,369,22,876,40,post_fragmentation,50,0.7,0.2,chessboard,862,1,2
101,456,10,6,1,369,22,876,40,post_fragmentation,50,0.7,0.2,chessboard,888,1,2
101,456,10,6,1,369,22,876,40,post_fragmentation,50,0.7,0.2,chessboard,890,1,2
101,456,10,6,1,369,22,876,40,post_fragmentation,50,0.7,0.2,chessboard,921,1,2
102,458,10,8,1,369,22,876,40,post_fragmentation,50,0.7,0.2,chessboard,709,1,2
102,458,10,8,1,369,22,876,40,post_fragmentation,50,0.7,0.2,chessboard,725,1,2
102,458,10,8,1,369,22,876,40,post_fragmentation,50,0.7,0.2,chessboard,736,1,2
102,458,10,8,1,369,22,876,40,post_fragmentation,50,0.7,0.2,chessboard,762,1,2
102,458,10,8,1,369,22,876,40,post_fragmentation,50,0.7,0.2,chessboard,786,2,2
102,458,10,8,1,369,22,876,40,post_fragmentation,50,0.7,0.2,chessboard,813,1,2
102,458,10,8,1,369,22,876,40,post_fragmentation,50,0.7,0.2,chessboard,842,1,2
102,458,10,8,1,369,22,876,40,post_fragmentation,50,0.7,0.2,chessboard,850,1,2
102,458,10,8,1,369,22,876,40,post_fragmentation,50,0.7,0.2,chessboard,854,1,2
102,458,10,8,1,369,22,876,40,post_fragmentation,50,0.7,0.2,chessboard,856,1,2
102,458,10,8,1,369,22,876,40,post_fragmentation,50,0.7,0.2,chessboard,858,1,2
102,458,10,8,1,369,22,876,40,post_fragmentation,50,0.7,0.2,chessboard,862,5,2
102,458,10,8,1,369,22,876,40,post_fragmentation,50,0.7,0.2,chessboard,863,2,2
102,458,10,8,1,369,22,876,40,post_fragmentation,50,0.7,0.2,chessboard,865,1,2
102,458,10,8,1,369,22,876,40,post_fragmentation,50,0.7,0.2,chessboard,876,2,2
102,458,10,8,1,369,22,876,40,post_fragmentation,50,0.7,0.2,chessboard,879,1,2
102,458,10,8,1,369,22,876,40,post_fragmentation,50,0.7,0.2,chessboard,885,1,2
102,458,10,8,1,369,22,876,40,post_fragmentation,50,0.7,0.2,chessboard,888,3,2
102,458,10,8,1,369,22,876,40,post_fragmentation,50,0.7,0.2,chessboard,890,4,2
102,458,10,8,1,369,22,876,40,post_fragmentation,50,0.7,0.2,chessboard,893,1,2
102,458,10,8,1,369,22,876,40,post_fragmentation,50,0.7,0.2,chessboard,894,2,2
102,458,10,8,1,369,22,876,40,post_fragmentation,50,0.7,0.2,chessboard,895,1,2
102,458,10,8,1,369,22,876,40,post_fragmentation,50,0.7,0.2,chessboard,905,1,2
102,458,10,8,1,369,22,876,40,post_fragmentation,50,0.7,0.2,chessboard,910,1,2
102,458,10,8,1,369,22,876,40,post_fragmentation,50,0.7,0.2,chessboard,930,1,2
102,458,10,8,1,369,22,876,40,post_fragmentation,50,0.7,0.2,chessboard,944,1,2
103,460,10,10,1,369,22,876,40,post_fragmentation,50,0.7,0.2,chessboard,738,1,2
103,460,10,10,1,369,22,876,40,post_fragmentation,50,0.7,0.2,chessboard,863,1,2
103,460,10,10,1,369,22,876,40,post_fragmentation,50,0.7,0.2,chessboard,865,2,2
103,460,10,10,1,369,22,876,40,post_fragmentation,50,0.7,0.2,chessboard,866,3,2
103,460,10,10,1,369,22,876,40,post_fragmentation,50,0.7,0.2,chessboard,878,3,2
103,460,10,10,1,369,22,876,40,post_fragmentation,50,0.7,0.2,chessboard,885,1,2
103,460,10,10,1,369,22,876,40,post_fragmentation,50,0.7,0.2,chessboard,887,1,2
103,460,10,10,1,369,22,876,40,post_fragmentation,50,0.7,0.2,chessboard,890,1,2
103,460,10,10,1,369,22,876,40,post_fragmentation,50,0.7,0.2,chessboard,894,5,2
103,460,10,10,1,369,22,876,40,post_fragmentation,50,0.7,0.2,chessboard,897,1,2
103,460,10,10,1,369,22,876,40,post_fragmentation,50,0.7,0.2,chessboard,904,1,2
103,460,10,10,1,369,22,876,40,post_fragmentation,50,0.7,0.2,chessboard,906,2,2
103,460,10,10,1,369,22,876,40,post_fragmentation,50,0.7,0.2,chessboard,910,4,2
103,460,10,10,1,369,22,876,40,post_fragmentation,50,0.7,0.2,chessboard,913,1,2
103,460,10,10,1,369,22,876,40,post_fragmentation,50,0.7,0.2,chessboard,929,1,2
103,460,10,10,1,369,22,876,40,post_fragmentation,50,0.7,0.2,chessboard,935,1,2
103,460,10,10,1,369,22,876,40,post_fragmentation,50,0.7,0.2,chessboard,947,1,2
103,460,10,10,1,369,22,876,40,post_fragmentation,50,0.7,0.2,chessboard,953,1,2
103,460,10,10,1,369,22,876,40,post_fragmentation,50,0.7,0.2,chessboard,957,1,2
103,460,10,10,1,369,22,876,40,post_fragmentation,50,0.7,0.2,chessboard,964,1,2
103,460,10,10,1,369,22,876,40,post_fragmentation,50,0.7,0.2,chessboard,973,1,2
103,460,10,10,1,369,22,876,40,post_fragmentation,50,0.7,0.2,chessboard,981,1,2
104,462,10,12,1,369,22,876,40,post_fragmentation,50,0.7,0.2,chessboard,771,1,2
104,462,10,12,1,369,22,876,40,post_fragmentation,50,0.7,0.2,chessboard,815,1,2
104,462,10,12,1,369,22,876,40,post_fragmentation,50,0.7,0.2,chessboard,822,1,2
104,462,10,12,1,369,22,876,40,post_fragmentation,50,0.7,0.2,chessboard,839,1,2
104,462,10,12,1,369,22,876,40,post_fragmentation,50,0.7,0.2,chessboard,844,3,2
104,462,10,12,1,369,22,876,40,post_fragmentation,50,0.7,0.2,chessboard,862,1,2
104,462,10,12,1,369,22,876,40,post_fragmentation,50,0.7,0.2,chessboard,869,1,2
104,462,10,12,1,369,22,876,40,post_fragmentation,50,0.7,0.2,chessboard,877,2,2
104,462,10,12,1,369,22,876,40,post_fragmentation,50,0.7,0.2,chessboard,878,1,2
104,462,10,12,1,369,22,876,40,post_fragmentation,50,0.7,0.2,chessboard,888,1,2
104,462,10,12,1,369,22,876,40,post_fragmentation,50,0.7,0.2,chessboard,890,1,2
104,462,10,12,1,369,22,876,40,post_fragmentation,50,0.7,0.2,chessboard,894,2,2
104,462,10,12,1,369,22,876,40,post_fragmentation,50,0.7,0.2,chessboard,897,2,2
104,462,10,12,1,369,22,876,40,post_fragmentation,50,0.7,0.2,chessboard,910,1,2
104,462,10,12,1,369,22,876,40,post_fragmentation,50,0.7,0.2,chessboard,913,2,2
104,462,10,12,1,369,22,876,40,post_fragmentation,50,0.7,0.2,chessboard,914,1,2
104,462,10,12,1,369,22,876,40,post_fragmentation,50,0.7,0.2,chessboard,915,1,2
104,462,10,12,1,369,22,876,40,post_fragmentation,50,0.7,0.2,chessboard,925,3,2
104,462,10,12,1,369,22,876,40,post_fragmentation,50,0.7,0.2,chessboard,947,1,2
104,462,10,12,1,369,22,876,40,post_fragmentation,50,0.7,0.2,chessboard,949,1,2
104,462,10,12,1,369,22,876,40,post_fragmentation,50,0.7,0.2,chessboard,966,1,2
104,462,10,12,1,369,22,876,40,post_fragmentation,50,0.7,0.2,chessboard,975,2,2
105,464,10,14,1,369,22,876,40,post_fragmentation,50,0.7,0.2,chessboard,814,1,2
105,464,10,14,1,369,22,876,40,post_fragmentation,50,0.7,0.2,chessboard,817,1,2
105,464,10,14,1,369,22,876,40,post_fragmentation,50,0.7,0.2,chessboard,828,1,2
105,464,10,14,1,369,22,876,40,post_fragmentation,50,0.7,0.2,chessboard,832,2,2
105,464,10,14,1,369,22,876,40,post_fragmentation,50,0.7,0.2,chessboard,844,1,2
105,464,10,14,1,369,22,876,40,post_fragmentation,50,0.7,0.2,chessboard,849,1,2
105,464,10,14,1,369,22,876,40,post_fragmentation,50,0.7,0.2,chessboard,850,2,2
105,464,10,14,1,369,22,876,40,post_fragmentation,50,0.7,0.2,chessboard,858,2,2
105,464,10,14,1,369,22,876,40,post_fragmentation,50,0.7,0.2,chessboard,861,1,2
105,464,10,14,1,369,22,876,40,post_fragmentation,50,0.7,0.2,chessboard,862,2,2
105,464,10,14,1,369,22,876,40,post_fragmentation,50,0.7,0.2,chessboard,865,1,2
105,464,10,14,1,369,22,876,40,post_fragmentation,50,0.7,0.2,chessboard,875,1,2
105,464,10,14,1,369,22,876,40,post_fragmentation,50,0.7,0.2,chessboard,877,1,2
105,464,10,14,1,369,22,876,40,post_fragmentation,50,0.7,0.2,chessboard,878,2,2
105,464,10,14,1,369,22,876,40,post_fragmentation,50,0.7,0.2,chessboard,879,1,2
105,464,10,14,1,369,22,876,40,post_fragmentation,50,0.7,0.2,chessboard,888,1,2
105,464,10,14,1,369,22,876,40,post_fragmentation,50,0.7,0.2,chessboard,890,2,2
105,464,10,14,1,369,22,876,40,post_fragmentation,50,0.7,0.2,chessboard,895,2,2
105,464,10,14,1,369,22,876,40,post_fragmentation,50,0.7,0.2,chessboard,897,2,2
105,464,10,14,1,369,22,876,40,post_fragmentation,50,0.7,0.2,chessboard,907,1,2
105,464,10,14,1,369,22,876,40,post_fragmentation,50,0.7,0.2,chessboard,913,2,2
105,464,10,14,1,369,22,876,40,post_fragmentation,50,0.7,0.2,chessboard,914,1,2
105,464,10,14,1,369,22,876,40,post_fragmentation,50,0.7,0.2,chessboard,915,1,2
105,464,10,14,1,369,22,876,40,post_fragmentation,50,0.7,0.2,chessboard,930,2,2
105,464,10,14,1,369,22,876,40,post_fragmentation,50,0.7,0.2,chessboard,937,1,2
105,464,10,14,1,369,22,876,40,post_fragmentation,50,0.7,0.2,chessboard,940,1,2
105,464,10,14,1,369,22,876,40,post_fragmentation,50,0.7,0.2,chessboard,957,2,2
105,464,10,14,1,369,22,876,40,post_fragmentation,50,0.7,0.2,chessboard,962,1,2
105,464,10,14,1,369,22,876,40,post_fragmentation,50,0.7,0.2,chessboard,975,1,2
106,466,10,16,1,369,22,876,40,post_fragmentation,50,0.7,0.2,chessboard,752,1,2
106,466,10,16,1,369,22,876,40,post_fragmentation,50,0.7,0.2,chessboard,774,1,2
106,466,10,16,1,369,22,876,40,post_fragmentation,50,0.7,0.2,chessboard,794,1,2
106,466,10,16,1,369,22,876,40,post_fragmentation,50,0.7,0.2,chessboard,813,1,2
106,466,10,16,1,369,22,876,40,post_fragmentation,50,0.7,0.2,chessboard,815,1,2
106,466,10,16,1,369,22,876,40,post_fragmentation,50,0.7,0.2,chessboard,822,2,2
106,466,10,16,1,369,22,876,40,post_fragmentation,50,0.7,0.2,chessboard,832,1,2
106,466,10,16,1,369,22,876,40,post_fragmentation,50,0.7,0.2,chessboard,844,1,2
106,466,10,16,1,369,22,876,40,post_fragmentation,50,0.7,0.2,chessboard,849,1,2
106,466,10,16,1,369,22,876,40,post_fragmentation,50,0.7,0.2,chessboard,850,2,2
106,466,10,16,1,369,22,876,40,post_fragmentation,50,0.7,0.2,chessboard,858,1,2
106,466,10,16,1,369,22,876,40,post_fragmentation,50,0.7,0.2,chessboard,862,2,2
106,466,10,16,1,369,22,876,40,post_fragmentation,50,0.7,0.2,chessboard,867,1,2
106,466,10,16,1,369,22,876,40,post_fragmentation,50,0.7,0.2,chessboard,869,1,2
106,466,10,16,1,369,22,876,40,post_fragmentation,50,0.7,0.2,chessboard,877,1,2
106,466,10,16,1,369,22,876,40,post_fragmentation,50,0.7,0.2,chessboard,878,1,2
106,466,10,16,1,369,22,876,40,post_fragmentation,50,0.7,0.2,chessboard,888,5,2
106,466,10,16,1,369,22,876,40,post_fragmentation,50,0.7,0.2,chessboard,890,1,2
106,466,10,16,1,369,22,876,40,post_fragmentation,50,0.7,0.2,chessboard,891,1,2
106,466,10,16,1,369,22,876,40,post_fragmentation,50,0.7,0.2,chessboard,894,1,2
106,466,10,16,1,369,22,876,40,post_fragmentation,50,0.7,0.2,chessboard,907,1,2
106,466,10,16,1,369,22,876,40,post_fragmentation,50,0.7,0.2,chessboard,913,1,2
106,466,10,16,1,369,22,876,40,post_fragmentation,50,0.7,0.2,chessboard,914,1,2
106,466,10,16,1,369,22,876,40,post_fragmentation,50,0.7,0.2,chessboard,915,2,2
106,466,10,16,1,369,22,876,40,post_fragmentation,50,0.7,0.2,chessboard,940,1,2
106,466,10,16,1,369,22,876,40,post_fragmentation,50,0.7,0.2,chessboard,944,1,2
106,466,10,16,1,369,22,876,40,post_fragmentation,50,0.7,0.2,chessboard,962,2,2
106,466,10,16,1,369,22,876,40,post_fragmentation,50,0.7,0.2,chessboard,969,1,2
106,466,10,16,1,369,22,876,40,post_fragmentation,50,0.7,0.2,chessboard,973,1,2
107,468,10,18,1,369,22,876,40,post_fragmentation,50,0.7,0.2,chessboard,771,1,2
107,468,10,18,1,369,22,876,40,post_fragmentation,50,0.7,0.2,chessboard,784,1,2
107,468,10,18,1,369,22,876,40,post_fragmentation,50,0.7,0.2,chessboard,827,1,2
107,468,10,18,1,369,22,876,40,post_fragmentation,50,0.7,0.2,chessboard,832,1,2
107,468,10,18,1,369,22,876,40,post_fragmentation,50,0.7,0.2,chessboard,850,3,2
107,468,10,18,1,369,22,876,40,post_fragmentation,50,0.7,0.2,chessboard,858,1,2
107,468,10,18,1,369,22,876,40,post_fragmentation,50,0.7,0.2,chessboard,861,1,2
107,468,10,18,1,369,22,876,40,post_fragmentation,50,0.7,0.2,chessboard,869,1,2
107,468,10,18,1,369,22,876,40,post_fragmentation,50,0.7,0.2,chessboard,877,2,2
107,468,10,18,1,369,22,876,40,post_fragmentation,50,0.7,0.2,chessboard,879,1,2
107,468,10,18,1,369,22,876,40,post_fragmentation,50,0.7,0.2,chessboard,885,5,2
107,468,10,18,1,369,22,876,40,post_fragmentation,50,0.7,0.2,chessboard,887,1,2
107,468,10,18,1,369,22,876,40,post_fragmentation,50,0.7,0.2,chessboard,891,1,2
107,468,10,18,1,369,22,876,40,post_fragmentation,50,0.7,0.2,chessboard,894,1,2
107,468,10,18,1,369,22,876,40,post_fragmentation,50,0.7,0.2,chessboard,895,2,2
107,468,10,18,1,369,22,876,40,post_fragmentation,50,0.7,0.2,chessboard,907,2,2
107,468,10,18,1,369,22,876,40,post_fragmentation,50,0.7,0.2,chessboard,913,2,2
107,468,10,18,1,369,22,876,40,post_fragmentation,50,0.7,0.2,chessboard,925,2,2
107,468,10,18,1,369,22,876,40,post_fragmentation,50,0.7,0.2,chessboard,932,1,2
107,468,10,18,1,369,22,876,40,post_fragmentation,50,0.7,0.2,chessboard,933,3,2
107,468,10,18,1,369,22,876,40,post_fragmentation,50,0.7,0.2,chessboard,938,1,2
107,468,10,18,1,369,22,876,40,post_fragmentation,50,0.7,0.2,chessboard,940,1,2
108,505,11,5,1,369,22,876,40,post_fragmentation,50,0.7,0.2,chessboard,587,1,2
108,505,11,5,1,369,22,876,40,post_fragmentation,50,0.7,0.2,chessboard,588,1,2
108,505,11,5,1,369,22,876,40,post_fragmentation,50,0.7,0.2,chessboard,590,3,2
108,505,11,5,1,369,22,876,40,post_fragmentation,50,0.7,0.2,chessboard,591,1,2
108,505,11,5,1,369,22,876,40,post_fragmentation,50,0.7,0.2,chessboard,611,1,2
108,505,11,5,1,369,22,876,40,post_fragmentation,50,0.7,0.2,chessboard,625,1,2
108,505,11,5,1,369,22,876,40,post_fragmentation,50,0.7,0.2,chessboard,649,1,2
108,505,11,5,1,369,22,876,40,post_fragmentation,50,0.7,0.2,chessboard,651,2,2
108,505,11,5,1,369,22,876,40,post_fragmentation,50,0.7,0.2,chessboard,654,1,2
108,505,11,5,1,369,22,876,40,post_fragmentation,50,0.7,0.2,chessboard,655,3,2
108,505,11,5,1,369,22,876,40,post_fragmentation,50,0.7,0.2,chessboard,663,1,2
108,505,11,5,1,369,22,876,40,post_fragmentation,50,0.7,0.2,chessboard,664,4,2
108,505,11,5,1,369,22,876,40,post_fragmentation,50,0.7,0.2,chessboard,666,2,2
108,505,11,5,1,369,22,876,40,post_fragmentation,50,0.7,0.2,chessboard,669,2,2
108,505,11,5,1,369,22,876,40,post_fragmentation,50,0.7,0.2,chessboard,671,1,2
108,505,11,5,1,369,22,876,40,post_fragmentation,50,0.7,0.2,chessboard,672,2,2
108,505,11,5,1,369,22,876,40,post_fragmentation,50,0.7,0.2,chessboard,680,2,2
108,505,11,5,1,369,22,876,40,post_fragmentation,50,0.7,0.2,chessboard,703,1,2
108,505,11,5,1,369,22,876,40,post_fragmentation,50,0.7,0.2,chessboard,709,2,2
108,505,11,5,1,369,22,876,40,post_fragmentation,50,0.7,0.2,chessboard,711,1,2
108,505,11,5,1,369,22,876,40,post_fragmentation,50,0.7,0.2,chessboard,725,1,2
108,505,11,5,1,369,22,876,40,post_fragmentation,50,0.7,0.2,chessboard,728,1,2
108,505,11,5,1,369,22,876,40,post_fragmentation,50,0.7,0.2,chessboard,746,2,2
108,505,11,5,1,369,22,876,40,post_fragmentation,50,0.7,0.2,chessboard,771,1,2
108,505,11,5,1,369,22,876,40,post_fragmentation,50,0.7,0.2,chessboard,775,1,2
108,505,11,5,1,369,22,876,40,post_fragmentation,50,0.7,0.2,chessboard,822,1,2
109,507,11,7,1,369,22,876,40,post_fragmentation,50,0.7,0.2,chessboard,664,1,2
109,507,11,7,1,369,22,876,40,post_fragmentation,50,0.7,0.2,chessboard,710,1,2
109,507,11,7,1,369,22,876,40,post_fragmentation,50,0.7,0.2,chessboard,716,1,2
109,507,11,7,1,369,22,876,40,post_fragmentation,50,0.7,0.2,chessboard,735,1,2
109,507,11,7,1,369,22,876,40,post_fragmentation,50,0.7,0.2,chessboard,765,2,2
109,507,11,7,1,369,22,876,40,post_fragmentation,50,0.7,0.2,chessboard,766,1,2
109,507,11,7,1,369,22,876,40,post_fragmentation,50,0.7,0.2,chessboard,771,1,2
109,507,11,7,1,369,22,876,40,post_fragmentation,50,0.7,0.2,chessboard,786,1,2
109,507,11,7,1,369,22,876,40,post_fragmentation,50,0.7,0.2,chessboard,791,1,2
109,507,11,7,1,369,22,876,40,post_fragmentation,50,0.7,0.2,chessboard,824,1,2
109,507,11,7,1,369,22,876,40,post_fragmentation,50,0.7,0.2,chessboard,830,1,2
109,507,11,7,1,369,22,876,40,post_fragmentation,50,0.7,0.2,chessboard,841,1,2
109,507,11,7,1,369,22,876,40,post_fragmentation,50,0.7,0.2,chessboard,850,2,2
109,507,11,7,1,369,22,876,40,post_fragmentation,50,0.7,0.2,chessboard,856,3,2
109,507,11,7,1,369,22,876,40,post_fragmentation,50,0.7,0.2,chessboard,857,1,2
109,507,11,7,1,369,22,876,40,post_fragmentation,50,0.7,0.2,chessboard,858,1,2
109,507,11,7,1,369,22,876,40,post_fragmentation,50,0.7,0.2,chessboard,862,1,2
109,507,11,7,1,369,22,876,40,post_fragmentation,50,0.7,0.2,chessboard,863,1,2
109,507,11,7,1,369,22,876,40,post_fragmentation,50,0.7,0.2,chessboard,869,4,2
109,507,11,7,1,369,22,876,40,post_fragmentation,50,0.7,0.2,chessboard,877,2,2
109,507,11,7,1,369,22,876,40,post_fragmentation,50,0.7,0.2,chessboard,879,2,2
109,507,11,7,1,369,22,876,40,post_fragmentation,50,0.7,0.2,chessboard,888,2,2
109,507,11,7,1,369,22,876,40,post_fragmentation,50,0.7,0.2,chessboard,890,1,2
109,507,11,7,1,369,22,876,40,post_fragmentation,50,0.7,0.2,chessboard,894,1,2
109,507,11,7,1,369,22,876,40,post_fragmentation,50,0.7,0.2,chessboard,910,2,2
109,507,11,7,1,369,22,876,40,post_fragmentation,50,0.7,0.2,chessboard,914,1,2
109,507,11,7,1,369,22,876,40,post_fragmentation,50,0.7,0.2,chessboard,919,3,2
110,509,11,9,1,369,22,876,40,post_fragmentation,50,0.7,0.2,chessboard,754,1,2
110,509,11,9,1,369,22,876,40,post_fragmentation,50,0.7,0.2,chessboard,805,1,2
110,509,11,9,1,369,22,876,40,post_fragmentation,50,0.7,0.2,chessboard,824,1,2
110,509,11,9,1,369,22,876,40,post_fragmentation,50,0.7,0.2,chessboard,838,1,2
110,509,11,9,1,369,22,876,40,post_fragmentation,50,0.7,0.2,chessboard,862,2,2
110,509,11,9,1,369,22,876,40,post_fragmentation,50,0.7,0.2,chessboard,876,1,2
110,509,11,9,1,369,22,876,40,post_fragmentation,50,0.7,0.2,chessboard,877,2,2
110,509,11,9,1,369,22,876,40,post_fragmentation,50,0.7,0.2,chessboard,888,2,2
110,509,11,9,1,369,22,876,40,post_fragmentation,50,0.7,0.2,chessboard,890,1,2
110,509,11,9,1,369,22,876,40,post_fragmentation,50,0.7,0.2,chessboard,893,1,2
110,509,11,9,1,369,22,876,40,post_fragmentation,50,0.7,0.2,chessboard,894,3,2
110,509,11,9,1,369,22,876,40,post_fragmentation,50,0.7,0.2,chessboard,904,2,2
110,509,11,9,1,369,22,876,40,post_fragmentation,50,0.7,0.2,chessboard,910,1,2
110,509,11,9,1,369,22,876,40,post_fragmentation,50,0.7,0.2,chessboard,925,1,2
110,509,11,9,1,369,22,876,40,post_fragmentation,50,0.7,0.2,chessboard,929,1,2
110,509,11,9,1,369,22,876,40,post_fragmentation,50,0.7,0.2,chessboard,941,2,2
110,509,11,9,1,369,22,876,40,post_fragmentation,50,0.7,0.2,chessboard,947,3,2
110,509,11,9,1,369,22,876,40,post_fragmentation,50,0.7,0.2,chessboard,958,1,2
110,509,11,9,1,369,22,876,40,post_fragmentation,50,0.7,0.2,chessboard,970,1,2
110,509,11,9,1,369,22,876,40,post_fragmentation,50,0.7,0.2,chessboard,973,2,2
110,509,11,9,1,369,22,876,40,post_fragmentation,50,0.7,0.2,chessboard,998,1,2
111,511,11,11,1,369,22,876,40,post_fragmentation,50,0.7,0.2,chessboard,832,1,2
111,511,11,11,1,369,22,876,40,post_fragmentation,50,0.7,0.2,chessboard,842,1,2
111,511,11,11,1,369,22,876,40,post_fragmentation,50,0.7,0.2,chessboard,844,1,2
111,511,11,11,1,369,22,876,40,post_fragmentation,50,0.7,0.2,chessboard,858,2,2
111,511,11,11,1,369,22,876,40,post_fragmentation,50,0.7,0.2,chessboard,861,1,2
111,511,11,11,1,369,22,876,40,post_fragmentation,50,0.7,0.2,chessboard,862,1,2
111,511,11,11,1,369,22,876,40,post_fragmentation,50,0.7,0.2,chessboard,864,2,2
111,511,11,11,1,369,22,876,40,post_fragmentation,50,0.7,0.2,chessboard,877,3,2
111,511,11,11,1,369,22,876,40,post_fragmentation,50,0.7,0.2,chessboard,887,1,2
111,511,11,11,1,369,22,876,40,post_fragmentation,50,0.7,0.2,chessboard,890,2,2
111,511,11,11,1,369,22,876,40,post_fragmentation,50,0.7,0.2,chessboard,894,3,2
111,511,11,11,1,369,22,876,40,post_fragmentation,50,0.7,0.2,chessboard,904,1,2
111,511,11,11,1,369,22,876,40,post_fragmentation,50,0.7,0.2,chessboard,907,1,2
111,511,11,11,1,369,22,876,40,post_fragmentation,50,0.7,0.2,chessboard,910,3,2
111,511,11,11,1,369,22,876,40,post_fragmentation,50,0.7,0.2,chessboard,925,1,2
111,511,11,11,1,369,22,876,40,post_fragmentation,50,0.7,0.2,chessboard,929,1,2
111,511,11,11,1,369,22,876,40,post_fragmentation,50,0.7,0.2,chessboard,938,4,2
111,511,11,11,1,369,22,876,40,post_fragmentation,50,0.7,0.2,chessboard,941,1,2
111,511,11,11,1,369,22,876,40,post_fragmentation,50,0.7,0.2,chessboard,949,1,2
111,511,11,11,1,369,22,876,40,post_fragmentation,50,0.7,0.2,chessboard,955,1,2
111,511,11,11,1,369,22,876,40,post_fragmentation,50,0.7,0.2,chessboard,973,2,2
112,513,11,13,1,369,22,876,40,post_fragmentation,50,0.7,0.2,chessboard,814,1,2
112,513,11,13,1,369,22,876,40,post_fragmentation,50,0.7,0.2,chessboard,819,1,2
112,513,11,13,1,369,22,876,40,post_fragmentation,50,0.7,0.2,chessboard,821,1,2
112,513,11,13,1,369,22,876,40,post_fragmentation,50,0.7,0.2,chessboard,831,2,2
112,513,11,13,1,369,22,876,40,post_fragmentation,50,0.7,0.2,chessboard,837,1,2
112,513,11,13,1,369,22,876,40,post_fragmentation,50,0.7,0.2,chessboard,850,2,2
112,513,11,13,1,369,22,876,40,post_fragmentation,50,0.7,0.2,chessboard,858,3,2
112,513,11,13,1,369,22,876,40,post_fragmentation,50,0.7,0.2,chessboard,862,1,2
112,513,11,13,1,369,22,876,40,post_fragmentation,50,0.7,0.2,chessboard,876,1,2
112,513,11,13,1,369,22,876,40,post_fragmentation,50,0.7,0.2,chessboard,882,1,2
112,513,11,13,1,369,22,876,40,post_fragmentation,50,0.7,0.2,chessboard,887,3,2
112,513,11,13,1,369,22,876,40,post_fragmentation,50,0.7,0.2,chessboard,890,2,2
112,513,11,13,1,369,22,876,40,post_fragmentation,50,0.7,0.2,chessboard,894,4,2
112,513,11,13,1,369,22,876,40,post_fragmentation,50,0.7,0.2,chessboard,904,1,2
112,513,11,13,1,369,22,876,40,post_fragmentation,50,0.7,0.2,chessboard,910,1,2
112,513,11,13,1,369,22,876,40,post_fragmentation,50,0.7,0.2,chessboard,914,1,2
112,513,11,13,1,369,22,876,40,post_fragmentation,50,0.7,0.2,chessboard,921,1,2
112,513,11,13,1,369,22,876,40,post_fragmentation,50,0.7,0.2,chessboard,925,2,2
112,513,11,13,1,369,22,876,40,post_fragmentation,50,0.7,0.2,chessboard,930,3,2
112,513,11,13,1,369,22,876,40,post_fragmentation,50,0.7,0.2,chessboard,938,2,2
112,513,11,13,1,369,22,876,40,post_fragmentation,50,0.7,0.2,chessboard,947,2,2
112,513,11,13,1,369,22,876,40,post_fragmentation,50,0.7,0.2,chessboard,955,2,2
112,513,11,13,1,369,22,876,40,post_fragmentation,50,0.7,0.2,chessboard,958,1,2
112,513,11,13,1,369,22,876,40,post_fragmentation,50,0.7,0.2,chessboard,964,1,2
112,513,11,13,1,369,22,876,40,post_fragmentation,50,0.7,0.2,chessboard,975,1,2
113,515,11,15,1,369,22,876,40,post_fragmentation,50,0.7,0.2,chessboard,815,1,2
113,515,11,15,1,369,22,876,40,post_fragmentation,50,0.7,0.2,chessboard,821,1,2
113,515,11,15,1,369,22,876,40,post_fragmentation,50,0.7,0.2,chessboard,831,1,2
113,515,11,15,1,369,22,876,40,post_fragmentation,50,0.7,0.2,chessboard,839,3,2
113,515,11,15,1,369,22,876,40,post_fragmentation,50,0.7,0.2,chessboard,848,2,2
113,515,11,15,1,369,22,876,40,post_fragmentation,50,0.7,0.2,chessboard,850,1,2
113,515,11,15,1,369,22,876,40,post_fragmentation,50,0.7,0.2,chessboard,858,2,2
113,515,11,15,1,369,22,876,40,post_fragmentation,50,0.7,0.2,chessboard,862,4,2
113,515,11,15,1,369,22,876,40,post_fragmentation,50,0.7,0.2,chessboard,866,1,2
113,515,11,15,1,369,22,876,40,post_fragmentation,50,0.7,0.2,chessboard,867,1,2
113,515,11,15,1,369,22,876,40,post_fragmentation,50,0.7,0.2,chessboard,873,2,2
113,515,11,15,1,369,22,876,40,post_fragmentation,50,0.7,0.2,chessboard,877,3,2
113,515,11,15,1,369,22,876,40,post_fragmentation,50,0.7,0.2,chessboard,885,1,2
113,515,11,15,1,369,22,876,40,post_fragmentation,50,0.7,0.2,chessboard,895,3,2
113,515,11,15,1,369,22,876,40,post_fragmentation,50,0.7,0.2,chessboard,907,1,2
113,515,11,15,1,369,22,876,40,post_fragmentation,50,0.7,0.2,chessboard,910,1,2
113,515,11,15,1,369,22,876,40,post_fragmentation,50,0.7,0.2,chessboard,914,3,2
113,515,11,15,1,369,22,876,40,post_fragmentation,50,0.7,0.2,chessboard,915,1,2
113,515,11,15,1,369,22,876,40,post_fragmentation,50,0.7,0.2,chessboard,933,1,2
113,515,11,15,1,369,22,876,40,post_fragmentation,50,0.7,0.2,chessboard,957,1,2
113,515,11,15,1,369,22,876,40,post_fragmentation,50,0.7,0.2,chessboard,966,1,2
113,515,11,15,1,369,22,876,40,post_fragmentation,50,0.7,0.2,chessboard,973,1,2
113,515,11,15,1,369,22,876,40,post_fragmentation,50,0.7,0.2,chessboard,975,1,2
114,517,11,17,1,369,22,876,40,post_fragmentation,50,0.7,0.2,chessboard,837,1,2
114,517,11,17,1,369,22,876,40,post_fragmentation,50,0.7,0.2,chessboard,844,2,2
114,517,11,17,1,369,22,876,40,post_fragmentation,50,0.7,0.2,chessboard,848,1,2
114,517,11,17,1,369,22,876,40,post_fragmentation,50,0.7,0.2,chessboard,849,1,2
114,517,11,17,1,369,22,876,40,post_fragmentation,50,0.7,0.2,chessboard,850,1,2
114,517,11,17,1,369,22,876,40,post_fragmentation,50,0.7,0.2,chessboard,858,1,2
114,517,11,17,1,369,22,876,40,post_fragmentation,50,0.7,0.2,chessboard,862,3,2
114,517,11,17,1,369,22,876,40,post_fragmentation,50,0.7,0.2,chessboard,877,1,2
114,517,11,17,1,369,22,876,40,post_fragmentation,50,0.7,0.2,chessboard,879,1,2
114,517,11,17,1,369,22,876,40,post_fragmentation,50,0.7,0.2,chessboard,888,1,2
114,517,11,17,1,369,22,876,40,post_fragmentation,50,0.7,0.2,chessboard,895,1,2
114,517,11,17,1,369,22,876,40,post_fragmentation,50,0.7,0.2,chessboard,897,1,2
114,517,11,17,1,369,22,876,40,post_fragmentation,50,0.7,0.2,chessboard,907,2,2
114,517,11,17,1,369,22,876,40,post_fragmentation,50,0.7,0.2,chessboard,913,1,2
114,517,11,17,1,369,22,876,40,post_fragmentation,50,0.7,0.2,chessboard,914,5,2
114,517,11,17,1,369,22,876,40,post_fragmentation,50,0.7,0.2,chessboard,917,2,2
114,517,11,17,1,369,22,876,40,post_fragmentation,50,0.7,0.2,chessboard,929,1,2
114,517,11,17,1,369,22,876,40,post_fragmentation,50,0.7,0.2,chessboard,930,1,2
114,517,11,17,1,369,22,876,40,post_fragmentation,50,0.7,0.2,chessboard,933,1,2
114,517,11,17,1,369,22,876,40,post_fragmentation,50,0.7,0.2,chessboard,938,3,2
114,517,11,17,1,369,22,876,40,post_fragmentation,50,0.7,0.2,chessboard,940,1,2
114,517,11,17,1,369,22,876,40,post_fragmentation,50,0.7,0.2,chessboard,966,1,2
114,517,11,17,1,369,22,876,40,post_fragmentation,50,0.7,0.2,chessboard,979,1,2
115,560,12,10,1,369,22,876,40,post_fragmentation,50,0.7,0.2,chessboard,710,1,2
115,560,12,10,1,369,22,876,40,post_fragmentation,50,0.7,0.2,chessboard,821,1,2
115,560,12,10,1,369,22,876,40,post_fragmentation,50,0.7,0.2,chessboard,869,1,2
115,560,12,10,1,369,22,876,40,post_fragmentation,50,0.7,0.2,chessboard,879,1,2
115,560,12,10,1,369,22,876,40,post_fragmentation,50,0.7,0.2,chessboard,885,2,2
115,560,12,10,1,369,22,876,40,post_fragmentation,50,0.7,0.2,chessboard,887,1,2
115,560,12,10,1,369,22,876,40,post_fragmentation,50,0.7,0.2,chessboard,888,1,2
115,560,12,10,1,369,22,876,40,post_fragmentation,50,0.7,0.2,chessboard,890,1,2
115,560,12,10,1,369,22,876,40,post_fragmentation,50,0.7,0.2,chessboard,894,3,2
115,560,12,10,1,369,22,876,40,post_fragmentation,50,0.7,0.2,chessboard,895,1,2
115,560,12,10,1,369,22,876,40,post_fragmentation,50,0.7,0.2,chessboard,907,3,2
115,560,12,10,1,369,22,876,40,post_fragmentation,50,0.7,0.2,chessboard,910,4,2
115,560,12,10,1,369,22,876,40,post_fragmentation,50,0.7,0.2,chessboard,937,3,2
115,560,12,10,1,369,22,876,40,post_fragmentation,50,0.7,0.2,chessboard,938,3,2
115,560,12,10,1,369,22,876,40,post_fragmentation,50,0.7,0.2,chessboard,941,1,2
115,560,12,10,1,369,22,876,40,post_fragmentation,50,0.7,0.2,chessboard,944,1,2
115,560,12,10,1,369,22,876,40,post_fragmentation,50,0.7,0.2,chessboard,947,1,2
115,560,12,10,1,369,22,876,40,post_fragmentation,50,0.7,0.2,chessboard,954,1,2
115,560,12,10,1,369,22,876,40,post_fragmentation,50,0.7,0.2,chessboard,957,2,2
115,560,12,10,1,369,22,876,40,post_fragmentation,50,0.7,0.2,chessboard,973,1,2
115,560,12,10,1,369,22,876,40,post_fragmentation,50,0.7,0.2,chessboard,975,1,2
115,560,12,10,1,369,22,876,40,post_fragmentation,50,0.7,0.2,chessboard,981,3,2
115,560,12,10,1,369,22,876,40,post_fragmentation,50,0.7,0.2,chessboard,982,1,2
116,562,12,12,1,369,22,876,40,post_fragmentation,50,0.7,0.2,chessboard,824,1,2
116,562,12,12,1,369,22,876,40,post_fragmentation,50,0.7,0.2,chessboard,837,1,2
116,562,12,12,1,369,22,876,40,post_fragmentation,50,0.7,0.2,chessboard,858,1,2
116,562,12,12,1,369,22,876,40,post_fragmentation,50,0.7,0.2,chessboard,862,3,2
116,562,12,12,1,369,22,876,40,post_fragmentation,50,0.7,0.2,chessboard,864,1,2
116,562,12,12,1,369,22,876,40,post_fragmentation,50,0.7,0.2,chessboard,877,2,2
116,562,12,12,1,369,22,876,40,post_fragmentation,50,0.7,0.2,chessboard,885,1,2
116,562,12,12,1,369,22,876,40,post_fragmentation,50,0.7,0.2,chessboard,887,2,2
116,562,12,12,1,369,22,876,40,post_fragmentation,50,0.7,0.2,chessboard,888,1,2
116,562,12,12,1,369,22,876,40,post_fragmentation,50,0.7,0.2,chessboard,890,2,2
116,562,12,12,1,369,22,876,40,post_fragmentation,50,0.7,0.2,chessboard,894,1,2
116,562,12,12,1,369,22,876,40,post_fragmentation,50,0.7,0.2,chessboard,895,1,2
116,562,12,12,1,369,22,876,40,post_fragmentation,50,0.7,0.2,chessboard,907,2,2
116,562,12,12,1,369,22,876,40,post_fragmentation,50,0.7,0.2,chessboard,910,2,2
116,562,12,12,1,369,22,876,40,post_fragmentation,50,0.7,0.2,chessboard,914,1,2
116,562,12,12,1,369,22,876,40,post_fragmentation,50,0.7,0.2,chessboard,921,2,2
116,562,12,12,1,369,22,876,40,post_fragmentation,50,0.7,0.2,chessboard,925,1,2
116,562,12,12,1,369,22,876,40,post_fragmentation,50,0.7,0.2,chessboard,932,1,2
116,562,12,12,1,369,22,876,40,post_fragmentation,50,0.7,0.2,chessboard,938,1,2
116,562,12,12,1,369,22,876,40,post_fragmentation,50,0.7,0.2,chessboard,941,1,2
116,562,12,12,1,369,22,876,40,post_fragmentation,50,0.7,0.2,chessboard,955,1,2
116,562,12,12,1,369,22,876,40,post_fragmentation,50,0.7,0.2,chessboard,957,2,2
116,562,12,12,1,369,22,876,40,post_fragmentation,50,0.7,0.2,chessboard,966,2,2
116,562,12,12,1,369,22,876,40,post_fragmentation,50,0.7,0.2,chessboard,972,1,2
116,562,12,12,1,369,22,876,40,post_fragmentation,50,0.7,0.2,chessboard,973,1,2
116,562,12,12,1,369,22,876,40,post_fragmentation,50,0.7,0.2,chessboard,975,1,2
116,562,12,12,1,369,22,876,40,post_fragmentation,50,0.7,0.2,chessboard,979,1,2
117,566,12,16,1,369,22,876,40,post_fragmentation,50,0.7,0.2,chessboard,768,1,2
117,566,12,16,1,369,22,876,40,post_fragmentation,50,0.7,0.2,chessboard,784,1,2
117,566,12,16,1,369,22,876,40,post_fragmentation,50,0.7,0.2,chessboard,811,1,2
117,566,12,16,1,369,22,876,40,post_fragmentation,50,0.7,0.2,chessboard,815,2,2
117,566,12,16,1,369,22,876,40,post_fragmentation,50,0.7,0.2,chessboard,821,1,2
117,566,12,16,1,369,22,876,40,post_fragmentation,50,0.7,0.2,chessboard,848,1,2
117,566,12,16,1,369,22,876,40,post_fragmentation,50,0.7,0.2,chessboard,862,4,2
117,566,12,16,1,369,22,876,40,post_fragmentation,50,0.7,0.2,chessboard,867,3,2
117,566,12,16,1,369,22,876,40,post_fragmentation,50,0.7,0.2,chessboard,873,1,2
117,566,12,16,1,369,22,876,40,post_fragmentation,50,0.7,0.2,chessboard,887,1,2
117,566,12,16,1,369,22,876,40,post_fragmentation,50,0.7,0.2,chessboard,888,2,2
117,566,12,16,1,369,22,876,40,post_fragmentation,50,0.7,0.2,chessboard,891,2,2
117,566,12,16,1,369,22,876,40,post_fragmentation,50,0.7,0.2,chessboard,894,4,2
117,566,12,16,1,369,22,876,40,post_fragmentation,50,0.7,0.2,chessboard,895,3,2
117,566,12,16,1,369,22,876,40,post_fragmentation,50,0.7,0.2,chessboard,904,1,2
117,566,12,16,1,369,22,876,40,post_fragmentation,50,0.7,0.2,chessboard,905,1,2
117,566,12,16,1,369,22,876,40,post_fragmentation,50,0.7,0.2,chessboard,913,3,2
117,566,12,16,1,369,22,876,40,post_fragmentation,50,0.7,0.2,chessboard,914,1,2
117,566,12,16,1,369,22,876,40,post_fragmentation,50,0.7,0.2,chessboard,917,1,2
117,566,12,16,1,369,22,876,40,post_fragmentation,50,0.7,0.2,chessboard,921,2,2
117,566,12,16,1,369,22,876,40,post_fragmentation,50,0.7,0.2,chessboard,925,1,2
117,566,12,16,1,369,22,876,40,post_fragmentation,50,0.7,0.2,chessboard,930,1,2
117,566,12,16,1,369,22,876,40,post_fragmentation,50,0.7,0.2,chessboard,933,1,2
117,566,12,16,1,369,22,876,40,post_fragmentation,50,0.7,0.2,chessboard,938,1,2
117,566,12,16,1,369,22,876,40,post_fragmentation,50,0.7,0.2,chessboard,969,2,2
118,1872,38,22,1,369,22,876,40,post_fragmentation,50,0.7,0.2,chessboard,36,1,2
118,1872,38,22,1,369,22,876,40,post_fragmentation,50,0.7,0.2,chessboard,96,1,2
118,1872,38,22,1,369,22,876,40,post_fragmentation,50,0.7,0.2,chessboard,117,1,2
118,1872,38,22,1,369,22,876,40,post_fragmentation,50,0.7,0.2,chessboard,125,1,2
118,1872,38,22,1,369,22,876,40,post_fragmentation,50,0.7,0.2,chessboard,135,1,2
118,1872,38,22,1,369,22,876,40,post_fragmentation,50,0.7,0.2,chessboard,136,1,2
118,1872,38,22,1,369,22,876,40,post_fragmentation,50,0.7,0.2,chessboard,147,1,2
118,1872,38,22,1,369,22,876,40,post_fragmentation,50,0.7,0.2,chessboard,157,1,2
118,1872,38,22,1,369,22,876,40,post_fragmentation,50,0.7,0.2,chessboard,171,1,2
118,1872,38,22,1,369,22,876,40,post_fragmentation,50,0.7,0.2,chessboard,193,1,2
118,1872,38,22,1,369,22,876,40,post_fragmentation,50,0.7,0.2,chessboard,197,1,2
118,1872,38,22,1,369,22,876,40,post_fragmentation,50,0.7,0.2,chessboard,201,1,2
118,1872,38,22,1,369,22,876,40,post_fragmentation,50,0.7,0.2,chessboard,202,1,2
118,1872,38,22,1,369,22,876,40,post_fragmentation,50,0.7,0.2,chessboard,208,1,2
118,1872,38,22,1,369,22,876,40,post_fragmentation,50,0.7,0.2,chessboard,217,2,2
118,1872,38,22,1,369,22,876,40,post_fragmentation,50,0.7,0.2,chessboard,220,3,2
118,1872,38,22,1,369,22,876,40,post_fragmentation,50,0.7,0.2,chessboard,222,1,2
118,1872,38,22,1,369,22,876,40,post_fragmentation,50,0.7,0.2,chessboard,224,1,2
118,1872,38,22,1,369,22,876,40,post_fragmentation,50,0.7,0.2,chessboard,226,1,2
118,1872,38,22,1,369,22,876,40,post_fragmentation,50,0.7,0.2,chessboard,233,2,2
118,1872,38,22,1,369,22,876,40,post_fragmentation,50,0.7,0.2,chessboard,239,1,2
118,1872,38,22,1,369,22,876,40,post_fragmentation,50,0.7,0.2,chessboard,240,3,2
118,1872,38,22,1,369,22,876,40,post_fragmentation,50,0.7,0.2,chessboard,242,1,2
118,1872,38,22,1,369,22,876,40,post_fragmentation,50,0.7,0.2,chessboard,244,1,2
118,1872,38,22,1,369,22,876,40,post_fragmentation,50,0.7,0.2,chessboard,257,1,2
118,1872,38,22,1,369,22,876,40,post_fragmentation,50,0.7,0.2,chessboard,262,1,2
118,1872,38,22,1,369,22,876,40,post_fragmentation,50,0.7,0.2,chessboard,291,1,2
118,1872,38,22,1,369,22,876,40,post_fragmentation,50,0.7,0.2,chessboard,303,2,2
118,1872,38,22,1,369,22,876,40,post_fragmentation,50,0.7,0.2,chessboard,308,1,2
118,1872,38,22,1,369,22,876,40,post_fragmentation,50,0.7,0.2,chessboard,316,1,2
118,1872,38,22,1,369,22,876,40,post_fragmentation,50,0.7,0.2,chessboard,339,2,2
119,1921,39,21,1,369,22,876,40,post_fragmentation,50,0.7,0.2,chessboard,133,2,2
119,1921,39,21,1,369,22,876,40,post_fragmentation,50,0.7,0.2,chessboard,135,1,2
119,1921,39,21,1,369,22,876,40,post_fragmentation,50,0.7,0.2,chessboard,140,1,2
119,1921,39,21,1,369,22,876,40,post_fragmentation,50,0.7,0.2,chessboard,147,2,2
119,1921,39,21,1,369,22,876,40,post_fragmentation,50,0.7,0.2,chessboard,148,2,2
119,1921,39,21,1,369,22,876,40,post_fragmentation,50,0.7,0.2,chessboard,156,1,2
119,1921,39,21,1,369,22,876,40,post_fragmentation,50,0.7,0.2,chessboard,167,2,2
119,1921,39,21,1,369,22,876,40,post_fragmentation,50,0.7,0.2,chessboard,181,1,2
119,1921,39,21,1,369,22,876,40,post_fragmentation,50,0.7,0.2,chessboard,211,1,2
119,1921,39,21,1,369,22,876,40,post_fragmentation,50,0.7,0.2,chessboard,215,2,2
119,1921,39,21,1,369,22,876,40,post_fragmentation,50,0.7,0.2,chessboard,217,1,2
119,1921,39,21,1,369,22,876,40,post_fragmentation,50,0.7,0.2,chessboard,220,1,2
119,1921,39,21,1,369,22,876,40,post_fragmentation,50,0.7,0.2,chessboard,224,1,2
119,1921,39,21,1,369,22,876,40,post_fragmentation,50,0.7,0.2,chessboard,225,1,2
119,1921,39,21,1,369,22,876,40,post_fragmentation,50,0.7,0.2,chessboard,228,2,2
119,1921,39,21,1,369,22,876,40,post_fragmentation,50,0.7,0.2,chessboard,242,1,2
119,1921,39,21,1,369,22,876,40,post_fragmentation,50,0.7,0.2,chessboard,243,1,2
119,1921,39,21,1,369,22,876,40,post_fragmentation,50,0.7,0.2,chessboard,246,1,2
119,1921,39,21,1,369,22,876,40,post_fragmentation,50,0.7,0.2,chessboard,252,2,2
119,1921,39,21,1,369,22,876,40,post_fragmentation,50,0.7,0.2,chessboard,261,1,2
119,1921,39,21,1,369,22,876,40,post_fragmentation,50,0.7,0.2,chessboard,266,2,2
119,1921,39,21,1,369,22,876,40,post_fragmentation,50,0.7,0.2,chessboard,268,2,2
119,1921,39,21,1,369,22,876,40,post_fragmentation,50,0.7,0.2,chessboard,276,2,2
119,1921,39,21,1,369,22,876,40,post_fragmentation,50,0.7,0.2,chessboard,277,1,2
119,1921,39,21,1,369,22,876,40,post_fragmentation,50,0.7,0.2,chessboard,281,2,2
119,1921,39,21,1,369,22,876,40,post_fragmentation,50,0.7,0.2,chessboard,312,2,2
119,1921,39,21,1,369,22,876,40,post_fragmentation,50,0.7,0.2,chessboard,322,2,2
119,1921,39,21,1,369,22,876,40,post_fragmentation,50,0.7,0.2,chessboard,329,1,2
119,1921,39,21,1,369,22,876,40,post_fragmentation,50,0.7,0.2,chessboard,352,1,2
120,1968,40,18,1,369,22,876,40,post_fragmentation,50,0.7,0.2,chessboard,197,1,2
120,1968,40,18,1,369,22,876,40,post_fragmentation,50,0.7,0.2,chessboard,220,3,2
120,1968,40,18,1,369,22,876,40,post_fragmentation,50,0.7,0.2,chessboard,221,1,2
120,1968,40,18,1,369,22,876,40,post_fragmentation,50,0.7,0.2,chessboard,223,1,2
120,1968,40,18,1,369,22,876,40,post_fragmentation,50,0.7,0.2,chessboard,228,1,2
120,1968,40,18,1,369,22,876,40,post_fragmentation,50,0.7,0.2,chessboard,230,1,2
120,1968,40,18,1,369,22,876,40,post_fragmentation,50,0.7,0.2,chessboard,245,2,2
120,1968,40,18,1,369,22,876,40,post_fragmentation,50,0.7,0.2,chessboard,249,2,2
120,1968,40,18,1,369,22,876,40,post_fragmentation,50,0.7,0.2,chessboard,252,1,2
120,1968,40,18,1,369,22,876,40,post_fragmentation,50,0.7,0.2,chessboard,253,2,2
120,1968,40,18,1,369,22,876,40,post_fragmentation,50,0.7,0.2,chessboard,261,1,2
120,1968,40,18,1,369,22,876,40,post_fragmentation,50,0.7,0.2,chessboard,266,2,2
120,1968,40,18,1,369,22,876,40,post_fragmentation,50,0.7,0.2,chessboard,276,1,2
120,1968,40,18,1,369,22,876,40,post_fragmentation,50,0.7,0.2,chessboard,281,1,2
120,1968,40,18,1,369,22,876,40,post_fragmentation,50,0.7,0.2,chessboard,290,1,2
120,1968,40,18,1,369,22,876,40,post_fragmentation,50,0.7,0.2,chessboard,291,1,2
120,1968,40,18,1,369,22,876,40,post_fragmentation,50,0.7,0.2,chessboard,295,1,2
120,1968,40,18,1,369,22,876,40,post_fragmentation,50,0.7,0.2,chessboard,303,1,2
120,1968,40,18,1,369,22,876,40,post_fragmentation,50,0.7,0.2,chessboard,304,1,2
120,1968,40,18,1,369,22,876,40,post_fragmentation,50,0.7,0.2,chessboard,305,2,2
120,1968,40,18,1,369,22,876,40,post_fragmentation,50,0.7,0.2,chessboard,308,2,2
120,1968,40,18,1,369,22,876,40,post_fragmentation,50,0.7,0.2,chessboard,316,1,2
120,1968,40,18,1,369,22,876,40,post_fragmentation,50,0.7,0.2,chessboard,318,1,2
120,1968,40,18,1,369,22,876,40,post_fragmentation,50,0.7,0.2,chessboard,322,1,2
120,1968,40,18,1,369,22,876,40,post_fragmentation,50,0.7,0.2,chessboard,331,1,2
120,1968,40,18,1,369,22,876,40,post_fragmentation,50,0.7,0.2,chessboard,335,1,2
120,1968,40,18,1,369,22,876,40,post_fragmentation,50,0.7,0.2,chessboard,342,2,2
120,1968,40,18,1,369,22,876,40,post_fragmentation,50,0.7,0.2,chessboard,350,3,2
120,1968,40,18,1,369,22,876,40,post_fragmentation,50,0.7,0.2,chessboard,365,1,2
120,1968,40,18,1,369,22,876,40,post_fragmentation,50,0.7,0.2,chessboard,396,1,2
120,1968,40,18,1,369,22,876,40,post_fragmentation,50,0.7,0.2,chessboard,413,1,2
120,1968,40,18,1,369,22,876,40,post_fragmentation,50,0.7,0.2,chessboard,427,1,2
121,1970,40,20,1,369,22,876,40,post_fragmentation,50,0.7,0.2,chessboard,156,2,2
121,1970,40,20,1,369,22,876,40,post_fragmentation,50,0.7,0.2,chessboard,167,1,2
121,1970,40,20,1,369,22,876,40,post_fragmentation,50,0.7,0.2,chessboard,186,1,2
121,1970,40,20,1,369,22,876,40,post_fragmentation,50,0.7,0.2,chessboard,226,1,2
121,1970,40,20,1,369,22,876,40,post_fragmentation,50,0.7,0.2,chessboard,228,1,2
121,1970,40,20,1,369,22,876,40,post_fragmentation,50,0.7,0.2,chessboard,230,1,2
121,1970,40,20,1,369,22,876,40,post_fragmentation,50,0.7,0.2,chessboard,237,2,2
121,1970,40,20,1,369,22,876,40,post_fragmentation,50,0.7,0.2,chessboard,239,1,2
121,1970,40,20,1,369,22,876,40,post_fragmentation,50,0.7,0.2,chessboard,240,1,2
121,1970,40,20,1,369,22,876,40,post_fragmentation,50,0.7,0.2,chessboard,245,1,2
121,1970,40,20,1,369,22,876,40,post_fragmentation,50,0.7,0.2,chessboard,246,1,2
121,1970,40,20,1,369,22,876,40,post_fragmentation,50,0.7,0.2,chessboard,255,1,2
121,1970,40,20,1,369,22,876,40,post_fragmentation,50,0.7,0.2,chessboard,257,1,2
121,1970,40,20,1,369,22,876,40,post_fragmentation,50,0.7,0.2,chessboard,264,2,2
121,1970,40,20,1,369,22,876,40,post_fragmentation,50,0.7,0.2,chessboard,266,1,2
121,1970,40,20,1,369,22,876,40,post_fragmentation,50,0.7,0.2,chessboard,274,1,2
121,1970,40,20,1,369,22,876,40,post_fragmentation,50,0.7,0.2,chessboard,276,1,2
121,1970,40,20,1,369,22,876,40,post_fragmentation,50,0.7,0.2,chessboard,281,4,2
121,1970,40,20,1,369,22,876,40,post_fragmentation,50,0.7,0.2,chessboard,287,1,2
121,1970,40,20,1,369,22,876,40,post_fragmentation,50,0.7,0.2,chessboard,290,1,2
121,1970,40,20,1,369,22,876,40,post_fragmentation,50,0.7,0.2,chessboard,303,1,2
121,1970,40,20,1,369,22,876,40,post_fragmentation,50,0.7,0.2,chessboard,304,1,2
121,1970,40,20,1,369,22,876,40,post_fragmentation,50,0.7,0.2,chessboard,306,1,2
121,1970,40,20,1,369,22,876,40,post_fragmentation,50,0.7,0.2,chessboard,308,1,2
121,1970,40,20,1,369,22,876,40,post_fragmentation,50,0.7,0.2,chessboard,312,3,2
121,1970,40,20,1,369,22,876,40,post_fragmentation,50,0.7,0.2,chessboard,314,1,2
121,1970,40,20,1,369,22,876,40,post_fragmentation,50,0.7,0.2,chessboard,318,1,2
121,1970,40,20,1,369,22,876,40,post_fragmentation,50,0.7,0.2,chessboard,357,1,2
121,1970,40,20,1,369,22,876,40,post_fragmentation,50,0.7,0.2,chessboard,358,1,2
122,1972,40,22,1,369,22,876,40,post_fragmentation,50,0.7,0.2,chessboard,65,1,2
122,1972,40,22,1,369,22,876,40,post_fragmentation,50,0.7,0.2,chessboard,122,1,2
122,1972,40,22,1,369,22,876,40,post_fragmentation,50,0.7,0.2,chessboard,132,2,2
122,1972,40,22,1,369,22,876,40,post_fragmentation,50,0.7,0.2,chessboard,133,1,2
122,1972,40,22,1,369,22,876,40,post_fragmentation,50,0.7,0.2,chessboard,135,1,2
122,1972,40,22,1,369,22,876,40,post_fragmentation,50,0.7,0.2,chessboard,140,1,2
122,1972,40,22,1,369,22,876,40,post_fragmentation,50,0.7,0.2,chessboard,141,1,2
122,1972,40,22,1,369,22,876,40,post_fragmentation,50,0.7,0.2,chessboard,147,2,2
122,1972,40,22,1,369,22,876,40,post_fragmentation,50,0.7,0.2,chessboard,148,1,2
122,1972,40,22,1,369,22,876,40,post_fragmentation,50,0.7,0.2,chessboard,153,1,2
122,1972,40,22,1,369,22,876,40,post_fragmentation,50,0.7,0.2,chessboard,160,1,2
122,1972,40,22,1,369,22,876,40,post_fragmentation,50,0.7,0.2,chessboard,166,1,2
122,1972,40,22,1,369,22,876,40,post_fragmentation,50,0.7,0.2,chessboard,167,5,2
122,1972,40,22,1,369,22,876,40,post_fragmentation,50,0.7,0.2,chessboard,171,1,2
122,1972,40,22,1,369,22,876,40,post_fragmentation,50,0.7,0.2,chessboard,180,1,2
122,1972,40,22,1,369,22,876,40,post_fragmentation,50,0.7,0.2,chessboard,188,1,2
122,1972,40,22,1,369,22,876,40,post_fragmentation,50,0.7,0.2,chessboard,197,1,2
122,1972,40,22,1,369,22,876,40,post_fragmentation,50,0.7,0.2,chessboard,211,1,2
122,1972,40,22,1,369,22,876,40,post_fragmentation,50,0.7,0.2,chessboard,216,1,2
122,1972,40,22,1,369,22,876,40,post_fragmentation,50,0.7,0.2,chessboard,217,1,2
122,1972,40,22,1,369,22,876,40,post_fragmentation,50,0.7,0.2,chessboard,220,2,2
122,1972,40,22,1,369,22,876,40,post_fragmentation,50,0.7,0.2,chessboard,221,1,2
122,1972,40,22,1,369,22,876,40,post_fragmentation,50,0.7,0.2,chessboard,224,1,2
122,1972,40,22,1,369,22,876,40,post_fragmentation,50,0.7,0.2,chessboard,245,1,2
122,1972,40,22,1,369,22,876,40,post_fragmentation,50,0.7,0.2,chessboard,246,1,2
122,1972,40,22,1,369,22,876,40,post_fragmentation,50,0.7,0.2,chessboard,253,1,2
122,1972,40,22,1,369,22,876,40,post_fragmentation,50,0.7,0.2,chessboard,259,1,2
122,1972,40,22,1,369,22,876,40,post_fragmentation,50,0.7,0.2,chessboard,261,1,2
122,1972,40,22,1,369,22,876,40,post_fragmentation,50,0.7,0.2,chessboard,266,1,2
123,2017,41,17,1,369,22,876,40,post_fragmentation,50,0.7,0.2,chessboard,197,1,2
123,2017,41,17,1,369,22,876,40,post_fragmentation,50,0.7,0.2,chessboard,220,2,2
123,2017,41,17,1,369,22,876,40,post_fragmentation,50,0.7,0.2,chessboard,221,1,2
123,2017,41,17,1,369,22,876,40,post_fragmentation,50,0.7,0.2,chessboard,222,1,2
123,2017,41,17,1,369,22,876,40,post_fragmentation,50,0.7,0.2,chessboard,223,1,2
123,2017,41,17,1,369,22,876,40,post_fragmentation,50,0.7,0.2,chessboard,230,1,2
123,2017,41,17,1,369,22,876,40,post_fragmentation,50,0.7,0.2,chessboard,234,1,2
123,2017,41,17,1,369,22,876,40,post_fragmentation,50,0.7,0.2,chessboard,237,2,2
123,2017,41,17,1,369,22,876,40,post_fragmentation,50,0.7,0.2,chessboard,240,1,2
123,2017,41,17,1,369,22,876,40,post_fragmentation,50,0.7,0.2,chessboard,252,1,2
123,2017,41,17,1,369,22,876,40,post_fragmentation,50,0.7,0.2,chessboard,264,1,2
123,2017,41,17,1,369,22,876,40,post_fragmentation,50,0.7,0.2,chessboard,268,2,2
123,2017,41,17,1,369,22,876,40,post_fragmentation,50,0.7,0.2,chessboard,271,1,2
123,2017,41,17,1,369,22,876,40,post_fragmentation,50,0.7,0.2,chessboard,274,1,2
123,2017,41,17,1,369,22,876,40,post_fragmentation,50,0.7,0.2,chessboard,278,1,2
123,2017,41,17,1,369,22,876,40,post_fragmentation,50,0.7,0.2,chessboard,290,1,2
123,2017,41,17,1,369,22,876,40,post_fragmentation,50,0.7,0.2,chessboard,291,1,2
123,2017,41,17,1,369,22,876,40,post_fragmentation,50,0.7,0.2,chessboard,299,1,2
123,2017,41,17,1,369,22,876,40,post_fragmentation,50,0.7,0.2,chessboard,300,3,2
123,2017,41,17,1,369,22,876,40,post_fragmentation,50,0.7,0.2,chessboard,303,1,2
123,2017,41,17,1,369,22,876,40,post_fragmentation,50,0.7,0.2,chessboard,304,1,2
123,2017,41,17,1,369,22,876,40,post_fragmentation,50,0.7,0.2,chessboard,305,2,2
123,2017,41,17,1,369,22,876,40,post_fragmentation,50,0.7,0.2,chessboard,308,1,2
123,2017,41,17,1,369,22,876,40,post_fragmentation,50,0.7,0.2,chessboard,312,1,2
123,2017,41,17,1,369,22,876,40,post_fragmentation,50,0.7,0.2,chessboard,316,1,2
123,2017,41,17,1,369,22,876,40,post_fragmentation,50,0.7,0.2,chessboard,342,1,2
123,2017,41,17,1,369,22,876,40,post_fragmentation,50,0.7,0.2,chessboard,352,2,2
123,2017,41,17,1,369,22,876,40,post_fragmentation,50,0.7,0.2,chessboard,359,2,2
123,2017,41,17,1,369,22,876,40,post_fragmentation,50,0.7,0.2,chessboard,406,1,2
123,2017,41,17,1,369,22,876,40,post_fragmentation,50,0.7,0.2,chessboard,413,1,2
123,2017,41,17,1,369,22,876,40,post_fragmentation,50,0.7,0.2,chessboard,438,1,2
124,2019,41,19,1,369,22,876,40,post_fragmentation,50,0.7,0.2,chessboard,196,1,2
124,2019,41,19,1,369,22,876,40,post_fragmentation,50,0.7,0.2,chessboard,211,1,2
124,2019,41,19,1,369,22,876,40,post_fragmentation,50,0.7,0.2,chessboard,216,1,2
124,2019,41,19,1,369,22,876,40,post_fragmentation,50,0.7,0.2,chessboard,220,1,2
124,2019,41,19,1,369,22,876,40,post_fragmentation,50,0.7,0.2,chessboard,232,2,2
124,2019,41,19,1,369,22,876,40,post_fragmentation,50,0.7,0.2,chessboard,233,1,2
124,2019,41,19,1,369,22,876,40,post_fragmentation,50,0.7,0.2,chessboard,237,1,2
124,2019,41,19,1,369,22,876,40,post_fragmentation,50,0.7,0.2,chessboard,245,2,2
124,2019,41,19,1,369,22,876,40,post_fragmentation,50,0.7,0.2,chessboard,246,2,2
124,2019,41,19,1,369,22,876,40,post_fragmentation,50,0.7,0.2,chessboard,252,5,2
124,2019,41,19,1,369,22,876,40,post_fragmentation,50,0.7,0.2,chessboard,253,2,2
124,2019,41,19,1,369,22,876,40,post_fragmentation,50,0.7,0.2,chessboard,255,1,2
124,2019,41,19,1,369,22,876,40,post_fragmentation,50,0.7,0.2,chessboard,261,1,2
124,2019,41,19,1,369,22,876,40,post_fragmentation,50,0.7,0.2,chessboard,266,2,2
124,2019,41,19,1,369,22,876,40,post_fragmentation,50,0.7,0.2,chessboard,276,4,2
124,2019,41,19,1,369,22,876,40,post_fragmentation,50,0.7,0.2,chessboard,278,1,2
124,2019,41,19,1,369,22,876,40,post_fragmentation,50,0.7,0.2,chessboard,282,1,2
124,2019,41,19,1,369,22,876,40,post_fragmentation,50,0.7,0.2,chessboard,290,1,2
124,2019,41,19,1,369,22,876,40,post_fragmentation,50,0.7,0.2,chessboard,304,1,2
124,2019,41,19,1,369,22,876,40,post_fragmentation,50,0.7,0.2,chessboard,310,1,2
124,2019,41,19,1,369,22,876,40,post_fragmentation,50,0.7,0.2,chessboard,312,4,2
124,2019,41,19,1,369,22,876,40,post_fragmentation,50,0.7,0.2,chessboard,316,1,2
124,2019,41,19,1,369,22,876,40,post_fragmentation,50,0.7,0.2,chessboard,322,1,2
124,2019,41,19,1,369,22,876,40,post_fragmentation,50,0.7,0.2,chessboard,342,1,2
124,2019,41,19,1,369,22,876,40,post_fragmentation,50,0.7,0.2,chessboard,350,1,2
125,2021,41,21,1,369,22,876,40,post_fragmentation,50,0.7,0.2,chessboard,85,1,2
125,2021,41,21,1,369,22,876,40,post_fragmentation,50,0.7,0.2,chessboard,122,2,2
125,2021,41,21,1,369,22,876,40,post_fragmentation,50,0.7,0.2,chessboard,132,1,2
125,2021,41,21,1,369,22,876,40,post_fragmentation,50,0.7,0.2,chessboard,133,1,2
125,2021,41,21,1,369,22,876,40,post_fragmentation,50,0.7,0.2,chessboard,136,2,2
125,2021,41,21,1,369,22,876,40,post_fragmentation,50,0.7,0.2,chessboard,147,1,2
125,2021,41,21,1,369,22,876,40,post_fragmentation,50,0.7,0.2,chessboard,158,1,2
125,2021,41,21,1,369,22,876,40,post_fragmentation,50,0.7,0.2,chessboard,163,1,2
125,2021,41,21,1,369,22,876,40,post_fragmentation,50,0.7,0.2,chessboard,171,1,2
125,2021,41,21,1,369,22,876,40,post_fragmentation,50,0.7,0.2,chessboard,197,1,2
125,2021,41,21,1,369,22,876,40,post_fragmentation,50,0.7,0.2,chessboard,204,1,2
125,2021,41,21,1,369,22,876,40,post_fragmentation,50,0.7,0.2,chessboard,213,1,2
125,2021,41,21,1,369,22,876,40,post_fragmentation,50,0.7,0.2,chessboard,215,1,2
125,2021,41,21,1,369,22,876,40,post_fragmentation,50,0.7,0.2,chessboard,220,1,2
125,2021,41,21,1,369,22,876,40,post_fragmentation,50,0.7,0.2,chessboard,221,1,2
125,2021,41,21,1,369,22,876,40,post_fragmentation,50,0.7,0.2,chessboard,228,2,2
125,2021,41,21,1,369,22,876,40,post_fragmentation,50,0.7,0.2,chessboard,240,1,2
125,2021,41,21,1,369,22,876,40,post_fragmentation,50,0.7,0.2,chessboard,255,1,2
125,2021,41,21,1,369,22,876,40,post_fragmentation,50,0.7,0.2,chessboard,257,2,2
125,2021,41,21,1,369,22,876,40,post_fragmentation,50,0.7,0.2,chessboard,262,1,2
125,2021,41,21,1,369,22,876,40,post_fragmentation,50,0.7,0.2,chessboard,266,1,2
125,2021,41,21,1,369,22,876,40,post_fragmentation,50,0.7,0.2,chessboard,267,1,2
125,2021,41,21,1,369,22,876,40,post_fragmentation,50,0.7,0.2,chessboard,276,2,2
125,2021,41,21,1,369,22,876,40,post_fragmentation,50,0.7,0.2,chessboard,277,2,2
125,2021,41,21,1,369,22,876,40,post_fragmentation,50,0.7,0.2,chessboard,281,1,2
125,2021,41,21,1,369,22,876,40,post_fragmentation,50,0.7,0.2,chessboard,287,1,2
125,2021,41,21,1,369,22,876,40,post_fragmentation,50,0.7,0.2,chessboard,291,1,2
125,2021,41,21,1,369,22,876,40,post_fragmentation,50,0.7,0.2,chessboard,298,1,2
125,2021,41,21,1,369,22,876,40,post_fragmentation,50,0.7,0.2,chessboard,299,1,2
125,2021,41,21,1,369,22,876,40,post_fragmentation,50,0.7,0.2,chessboard,304,1,2
125,2021,41,21,1,369,22,876,40,post_fragmentation,50,0.7,0.2,chessboard,309,1,2
125,2021,41,21,1,369,22,876,40,post_fragmentation,50,0.7,0.2,chessboard,312,1,2
126,2023,41,23,1,369,22,876,40,post_fragmentation,50,0.7,0.2,chessboard,122,1,2
126,2023,41,23,1,369,22,876,40,post_fragmentation,50,0.7,0.2,chessboard,124,1,2
126,2023,41,23,1,369,22,876,40,post_fragmentation,50,0.7,0.2,chessboard,132,1,2
126,2023,41,23,1,369,22,876,40,post_fragmentation,50,0.7,0.2,chessboard,136,1,2
126,2023,41,23,1,369,22,876,40,post_fragmentation,50,0.7,0.2,chessboard,148,1,2
126,2023,41,23,1,369,22,876,40,post_fragmentation,50,0.7,0.2,chessboard,150,3,2
126,2023,41,23,1,369,22,876,40,post_fragmentation,50,0.7,0.2,chessboard,166,1,2
126,2023,41,23,1,369,22,876,40,post_fragmentation,50,0.7,0.2,chessboard,167,1,2
126,2023,41,23,1,369,22,876,40,post_fragmentation,50,0.7,0.2,chessboard,171,3,2
126,2023,41,23,1,369,22,876,40,post_fragmentation,50,0.7,0.2,chessboard,192,4,2
126,2023,41,23,1,369,22,876,40,post_fragmentation,50,0.7,0.2,chessboard,202,2,2
126,2023,41,23,1,369,22,876,40,post_fragmentation,50,0.7,0.2,chessboard,220,1,2
126,2023,41,23,1,369,22,876,40,post_fragmentation,50,0.7,0.2,chessboard,226,1,2
126,2023,41,23,1,369,22,876,40,post_fragmentation,50,0.7,0.2,chessboard,233,2,2
126,2023,41,23,1,369,22,876,40,post_fragmentation,50,0.7,0.2,chessboard,237,1,2
126,2023,41,23,1,369,22,876,40,post_fragmentation,50,0.7,0.2,chessboard,240,1,2
126,2023,41,23,1,369,22,876,40,post_fragmentation,50,0.7,0.2,chessboard,252,1,2
126,2023,41,23,1,369,22,876,40,post_fragmentation,50,0.7,0.2,chessboard,253,1,2
126,2023,41,23,1,369,22,876,40,post_fragmentation,50,0.7,0.2,chessboard,257,2,2
126,2023,41,23,1,369,22,876,40,post_fragmentation,50,0.7,0.2,chessboard,266,3,2
126,2023,41,23,1,369,22,876,40,post_fragmentation,50,0.7,0.2,chessboard,268,4,2
126,2023,41,23,1,369,22,876,40,post_fragmentation,50,0.7,0.2,chessboard,276,1,2
126,2023,41,23,1,369,22,876,40,post_fragmentation,50,0.7,0.2,chessboard,278,1,2
126,2023,41,23,1,369,22,876,40,post_fragmentation,50,0.7,0.2,chessboard,281,2,2
126,2023,41,23,1,369,22,876,40,post_fragmentation,50,0.7,0.2,chessboard,282,1,2
126,2023,41,23,1,369,22,876,40,post_fragmentation,50,0.7,0.2,chessboard,285,1,2
126,2023,41,23,1,369,22,876,40,post_fragmentation,50,0.7,0.2,chessboard,313,1,2
127,2066,42,16,1,369,22,876,40,post_fragmentation,50,0.7,0.2,chessboard,208,1,2
127,2066,42,16,1,369,22,876,40,post_fragmentation,50,0.7,0.2,chessboard,236,1,2
127,2066,42,16,1,369,22,876,40,post_fragmentation,50,0.7,0.2,chessboard,240,1,2
127,2066,42,16,1,369,22,876,40,post_fragmentation,50,0.7,0.2,chessboard,249,1,2
127,2066,42,16,1,369,22,876,40,post_fragmentation,50,0.7,0.2,chessboard,252,2,2
127,2066,42,16,1,369,22,876,40,post_fragmentation,50,0.7,0.2,chessboard,257,1,2
127,2066,42,16,1,369,22,876,40,post_fragmentation,50,0.7,0.2,chessboard,271,1,2
127,2066,42,16,1,369,22,876,40,post_fragmentation,50,0.7,0.2,chessboard,276,1,2
127,2066,42,16,1,369,22,876,40,post_fragmentation,50,0.7,0.2,chessboard,285,1,2
127,2066,42,16,1,369,22,876,40,post_fragmentation,50,0.7,0.2,chessboard,287,1,2
127,2066,42,16,1,369,22,876,40,post_fragmentation,50,0.7,0.2,chessboard,291,1,2
127,2066,42,16,1,369,22,876,40,post_fragmentation,50,0.7,0.2,chessboard,303,1,2
127,2066,42,16,1,369,22,876,40,post_fragmentation,50,0.7,0.2,chessboard,306,1,2
127,2066,42,16,1,369,22,876,40,post_fragmentation,50,0.7,0.2,chessboard,310,3,2
127,2066,42,16,1,369,22,876,40,post_fragmentation,50,0.7,0.2,chessboard,329,3,2
127,2066,42,16,1,369,22,876,40,post_fragmentation,50,0.7,0.2,chessboard,332,1,2
127,2066,42,16,1,369,22,876,40,post_fragmentation,50,0.7,0.2,chessboard,339,1,2
127,2066,42,16,1,369,22,876,40,post_fragmentation,50,0.7,0.2,chessboard,350,1,2
127,2066,42,16,1,369,22,876,40,post_fragmentation,50,0.7,0.2,chessboard,352,2,2
127,2066,42,16,1,369,22,876,40,post_fragmentation,50,0.7,0.2,chessboard,355,1,2
127,2066,42,16,1,369,22,876,40,post_fragmentation,50,0.7,0.2,chessboard,361,2,2
127,2066,42,16,1,369,22,876,40,post_fragmentation,50,0.7,0.2,chessboard,362,3,2
127,2066,42,16,1,369,22,876,40,post_fragmentation,50,0.7,0.2,chessboard,383,1,2
127,2066,42,16,1,369,22,876,40,post_fragmentation,50,0.7,0.2,chessboard,391,1,2
127,2066,42,16,1,369,22,876,40,post_fragmentation,50,0.7,0.2,chessboard,489,1,2
128,2068,42,18,1,369,22,876,40,post_fragmentation,50,0.7,0.2,chessboard,167,1,2
128,2068,42,18,1,369,22,876,40,post_fragmentation,50,0.7,0.2,chessboard,217,1,2
128,2068,42,18,1,369,22,876,40,post_fragmentation,50,0.7,0.2,chessboard,221,1,2
128,2068,42,18,1,369,22,876,40,post_fragmentation,50,0.7,0.2,chessboard,228,1,2
128,2068,42,18,1,369,22,876,40,post_fragmentation,50,0.7,0.2,chessboard,238,1,2
128,2068,42,18,1,369,22,876,40,post_fragmentation,50,0.7,0.2,chessboard,252,3,2
128,2068,42,18,1,369,22,876,40,post_fragmentation,50,0.7,0.2,chessboard,268,1,2
128,2068,42,18,1,369,22,876,40,post_fragmentation,50,0.7,0.2,chessboard,271,1,2
128,2068,42,18,1,369,22,876,40,post_fragmentation,50,0.7,0.2,chessboard,277,1,2
128,2068,42,18,1,369,22,876,40,post_fragmentation,50,0.7,0.2,chessboard,287,1,2
128,2068,42,18,1,369,22,876,40,post_fragmentation,50,0.7,0.2,chessboard,290,3,2
128,2068,42,18,1,369,22,876,40,post_fragmentation,50,0.7,0.2,chessboard,291,2,2
128,2068,42,18,1,369,22,876,40,post_fragmentation,50,0.7,0.2,chessboard,295,1,2
128,2068,42,18,1,369,22,876,40,post_fragmentation,50,0.7,0.2,chessboard,299,1,2
128,2068,42,18,1,369,22,876,40,post_fragmentation,50,0.7,0.2,chessboard,300,1,2
128,2068,42,18,1,369,22,876,40,post_fragmentation,50,0.7,0.2,chessboard,304,1,2
128,2068,42,18,1,369,22,876,40,post_fragmentation,50,0.7,0.2,chessboard,306,1,2
128,2068,42,18,1,369,22,876,40,post_fragmentation,50,0.7,0.2,chessboard,310,1,2
128,2068,42,18,1,369,22,876,40,post_fragmentation,50,0.7,0.2,chessboard,311,2,2
128,2068,42,18,1,369,22,876,40,post_fragmentation,50,0.7,0.2,chessboard,312,1,2
128,2068,42,18,1,369,22,876,40,post_fragmentation,50,0.7,0.2,chessboard,315,1,2
128,2068,42,18,1,369,22,876,40,post_fragmentation,50,0.7,0.2,chessboard,316,1,2
128,2068,42,18,1,369,22,876,40,post_fragmentation,50,0.7,0.2,chessboard,318,1,2
128,2068,42,18,1,369,22,876,40,post_fragmentation,50,0.7,0.2,chessboard,322,1,2
128,2068,42,18,1,369,22,876,40,post_fragmentation,50,0.7,0.2,chessboard,329,1,2
128,2068,42,18,1,369,22,876,40,post_fragmentation,50,0.7,0.2,chessboard,331,1,2
128,2068,42,18,1,369,22,876,40,post_fragmentation,50,0.7,0.2,chessboard,348,2,2
128,2068,42,18,1,369,22,876,40,post_fragmentation,50,0.7,0.2,chessboard,350,2,2
128,2068,42,18,1,369,22,876,40,post_fragmentation,50,0.7,0.2,chessboard,351,1,2
128,2068,42,18,1,369,22,876,40,post_fragmentation,50,0.7,0.2,chessboard,359,1,2
128,2068,42,18,1,369,22,876,40,post_fragmentation,50,0.7,0.2,chessboard,397,1,2
128,2068,42,18,1,369,22,876,40,post_fragmentation,50,0.7,0.2,chessboard,398,2,2
128,2068,42,18,1,369,22,876,40,post_fragmentation,50,0.7,0.2,chessboard,411,1,2
129,2070,42,20,1,369,22,876,40,post_fragmentation,50,0.7,0.2,chessboard,135,1,2
129,2070,42,20,1,369,22,876,40,post_fragmentation,50,0.7,0.2,chessboard,202,3,2
129,2070,42,20,1,369,22,876,40,post_fragmentation,50,0.7,0.2,chessboard,215,1,2
129,2070,42,20,1,369,22,876,40,post_fragmentation,50,0.7,0.2,chessboard,217,1,2
129,2070,42,20,1,369,22,876,40,post_fragmentation,50,0.7,0.2,chessboard,220,1,2
129,2070,42,20,1,369,22,876,40,post_fragmentation,50,0.7,0.2,chessboard,226,1,2
129,2070,42,20,1,369,22,876,40,post_fragmentation,50,0.7,0.2,chessboard,243,1,2
129,2070,42,20,1,369,22,876,40,post_fragmentation,50,0.7,0.2,chessboard,246,2,2
129,2070,42,20,1,369,22,876,40,post_fragmentation,50,0.7,0.2,chessboard,252,3,2
129,2070,42,20,1,369,22,876,40,post_fragmentation,50,0.7,0.2,chessboard,253,1,2
129,2070,42,20,1,369,22,876,40,post_fragmentation,50,0.7,0.2,chessboard,254,1,2
129,2070,42,20,1,369,22,876,40,post_fragmentation,50,0.7,0.2,chessboard,266,1,2
129,2070,42,20,1,369,22,876,40,post_fragmentation,50,0.7,0.2,chessboard,276,1,2
129,2070,42,20,1,369,22,876,40,post_fragmentation,50,0.7,0.2,chessboard,277,2,2
129,2070,42,20,1,369,22,876,40,post_fragmentation,50,0.7,0.2,chessboard,290,1,2
129,2070,42,20,1,369,22,876,40,post_fragmentation,50,0.7,0.2,chessboard,291,1,2
129,2070,42,20,1,369,22,876,40,post_fragmentation,50,0.7,0.2,chessboard,304,2,2
129,2070,42,20,1,369,22,876,40,post_fragmentation,50,0.7,0.2,chessboard,308,2,2
129,2070,42,20,1,369,22,876,40,post_fragmentation,50,0.7,0.2,chessboard,309,1,2
129,2070,42,20,1,369,22,876,40,post_fragmentation,50,0.7,0.2,chessboard,316,2,2
129,2070,42,20,1,369,22,876,40,post_fragmentation,50,0.7,0.2,chessboard,322,1,2
129,2070,42,20,1,369,22,876,40,post_fragmentation,50,0.7,0.2,chessboard,329,1,2
129,2070,42,20,1,369,22,876,40,post_fragmentation,50,0.7,0.2,chessboard,331,1,2
129,2070,42,20,1,369,22,876,40,post_fragmentation,50,0.7,0.2,chessboard,332,1,2
129,2070,42,20,1,369,22,876,40,post_fragmentation,50,0.7,0.2,chessboard,365,1,2
129,2070,42,20,1,369,22,876,40,post_fragmentation,50,0.7,0.2,chessboard,397,2,2
130,2072,42,22,1,369,22,876,40,post_fragmentation,50,0.7,0.2,chessboard,138,1,2
130,2072,42,22,1,369,22,876,40,post_fragmentation,50,0.7,0.2,chessboard,145,1,2
130,2072,42,22,1,369,22,876,40,post_fragmentation,50,0.7,0.2,chessboard,148,1,2
130,2072,42,22,1,369,22,876,40,post_fragmentation,50,0.7,0.2,chessboard,151,1,2
130,2072,42,22,1,369,22,876,40,post_fragmentation,50,0.7,0.2,chessboard,163,1,2
130,2072,42,22,1,369,22,876,40,post_fragmentation,50,0.7,0.2,chessboard,167,2,2
130,2072,42,22,1,369,22,876,40,post_fragmentation,50,0.7,0.2,chessboard,171,1,2
130,2072,42,22,1,369,22,876,40,post_fragmentation,50,0.7,0.2,chessboard,190,1,2
130,2072,42,22,1,369,22,876,40,post_fragmentation,50,0.7,0.2,chessboard,213,1,2
130,2072,42,22,1,369,22,876,40,post_fragmentation,50,0.7,0.2,chessboard,224,1,2
130,2072,42,22,1,369,22,876,40,post_fragmentation,50,0.7,0.2,chessboard,226,1,2
130,2072,42,22,1,369,22,876,40,post_fragmentation,50,0.7,0.2,chessboard,228,1,2
130,2072,42,22,1,369,22,876,40,post_fragmentation,50,0.7,0.2,chessboard,233,6,2
130,2072,42,22,1,369,22,876,40,post_fragmentation,50,0.7,0.2,chessboard,240,1,2
130,2072,42,22,1,369,22,876,40,post_fragmentation,50,0.7,0.2,chessboard,242,2,2
130,2072,42,22,1,369,22,876,40,post_fragmentation,50,0.7,0.2,chessboard,252,1,2
130,2072,42,22,1,369,22,876,40,post_fragmentation,50,0.7,0.2,chessboard,253,1,2
130,2072,42,22,1,369,22,876,40,post_fragmentation,50,0.7,0.2,chessboard,256,2,2
130,2072,42,22,1,369,22,876,40,post_fragmentation,50,0.7,0.2,chessboard,262,1,2
130,2072,42,22,1,369,22,876,40,post_fragmentation,50,0.7,0.2,chessboard,278,1,2
130,2072,42,22,1,369,22,876,40,post_fragmentation,50,0.7,0.2,chessboard,280,2,2
130,2072,42,22,1,369,22,876,40,post_fragmentation,50,0.7,0.2,chessboard,281,1,2
130,2072,42,22,1,369,22,876,40,post_fragmentation,50,0.7,0.2,chessboard,291,2,2
130,2072,42,22,1,369,22,876,40,post_fragmentation,50,0.7,0.2,chessboard,297,1,2
130,2072,42,22,1,369,22,876,40,post_fragmentation,50,0.7,0.2,chessboard,306,1,2
130,2072,42,22,1,369,22,876,40,post_fragmentation,50,0.7,0.2,chessboard,324,1,2
130,2072,42,22,1,369,22,876,40,post_fragmentation,50,0.7,0.2,chessboard,357,2,2
131,2074,42,24,1,369,22,876,40,post_fragmentation,50,0.7,0.2,chessboard,115,1,2
131,2074,42,24,1,369,22,876,40,post_fragmentation,50,0.7,0.2,chessboard,122,3,2
131,2074,42,24,1,369,22,876,40,post_fragmentation,50,0.7,0.2,chessboard,135,1,2
131,2074,42,24,1,369,22,876,40,post_fragmentation,50,0.7,0.2,chessboard,140,1,2
131,2074,42,24,1,369,22,876,40,post_fragmentation,50,0.7,0.2,chessboard,141,1,2
131,2074,42,24,1,369,22,876,40,post_fragmentation,50,0.7,0.2,chessboard,147,1,2
131,2074,42,24,1,369,22,876,40,post_fragmentation,50,0.7,0.2,chessboard,150,1,2
131,2074,42,24,1,369,22,876,40,post_fragmentation,50,0.7,0.2,chessboard,151,3,2
131,2074,42,24,1,369,22,876,40,post_fragmentation,50,0.7,0.2,chessboard,157,1,2
131,2074,42,24,1,369,22,876,40,post_fragmentation,50,0.7,0.2,chessboard,158,2,2
131,2074,42,24,1,369,22,876,40,post_fragmentation,50,0.7,0.2,chessboard,163,3,2
131,2074,42,24,1,369,22,876,40,post_fragmentation,50,0.7,0.2,chessboard,165,1,2
131,2074,42,24,1,369,22,876,40,post_fragmentation,50,0.7,0.2,chessboard,167,3,2
131,2074,42,24,1,369,22,876,40,post_fragmentation,50,0.7,0.2,chessboard,171,3,2
131,2074,42,24,1,369,22,876,40,post_fragmentation,50,0.7,0.2,chessboard,182,1,2
131,2074,42,24,1,369,22,876,40,post_fragmentation,50,0.7,0.2,chessboard,217,2,2
131,2074,42,24,1,369,22,876,40,post_fragmentation,50,0.7,0.2,chessboard,220,1,2
131,2074,42,24,1,369,22,876,40,post_fragmentation,50,0.7,0.2,chessboard,239,1,2
131,2074,42,24,1,369,22,876,40,post_fragmentation,50,0.7,0.2,chessboard,246,2,2
131,2074,42,24,1,369,22,876,40,post_fragmentation,50,0.7,0.2,chessboard,255,1,2
131,2074,42,24,1,369,22,876,40,post_fragmentation,50,0.7,0.2,chessboard,282,1,2
131,2074,42,24,1,369,22,876,40,post_fragmentation,50,0.7,0.2,chessboard,285,1,2
132,2117,43,17,1,369,22,876,40,post_fragmentation,50,0.7,0.2,chessboard,208,1,2
132,2117,43,17,1,369,22,876,40,post_fragmentation,50,0.7,0.2,chessboard,220,1,2
132,2117,43,17,1,369,22,876,40,post_fragmentation,50,0.7,0.2,chessboard,221,1,2
132,2117,43,17,1,369,22,876,40,post_fragmentation,50,0.7,0.2,chessboard,222,1,2
132,2117,43,17,1,369,22,876,40,post_fragmentation,50,0.7,0.2,chessboard,228,2,2
132,2117,43,17,1,369,22,876,40,post_fragmentation,50,0.7,0.2,chessboard,253,1,2
132,2117,43,17,1,369,22,876,40,post_fragmentation,50,0.7,0.2,chessboard,257,1,2
132,2117,43,17,1,369,22,876,40,post_fragmentation,50,0.7,0.2,chessboard,264,1,2
132,2117,43,17,1,369,22,876,40,post_fragmentation,50,0.7,0.2,chessboard,266,1,2
132,2117,43,17,1,369,22,876,40,post_fragmentation,50,0.7,0.2,chessboard,290,2,2
132,2117,43,17,1,369,22,876,40,post_fragmentation,50,0.7,0.2,chessboard,295,2,2
132,2117,43,17,1,369,22,876,40,post_fragmentation,50,0.7,0.2,chessboard,298,1,2
132,2117,43,17,1,369,22,876,40,post_fragmentation,50,0.7,0.2,chessboard,304,2,2
132,2117,43,17,1,369,22,876,40,post_fragmentation,50,0.7,0.2,chessboard,306,1,2
132,2117,43,17,1,369,22,876,40,post_fragmentation,50,0.7,0.2,chessboard,308,1,2
132,2117,43,17,1,369,22,876,40,post_fragmentation,50,0.7,0.2,chessboard,310,1,2
132,2117,43,17,1,369,22,876,40,post_fragmentation,50,0.7,0.2,chessboard,312,1,2
132,2117,43,17,1,369,22,876,40,post_fragmentation,50,0.7,0.2,chessboard,322,2,2
132,2117,43,17,1,369,22,876,40,post_fragmentation,50,0.7,0.2,chessboard,329,2,2
132,2117,43,17,1,369,22,876,40,post_fragmentation,50,0.7,0.2,chessboard,350,1,2
132,2117,43,17,1,369,22,876,40,post_fragmentation,50,0.7,0.2,chessboard,352,1,2
132,2117,43,17,1,369,22,876,40,post_fragmentation,50,0.7,0.2,chessboard,355,1,2
132,2117,43,17,1,369,22,876,40,post_fragmentation,50,0.7,0.2,chessboard,357,3,2
132,2117,43,17,1,369,22,876,40,post_fragmentation,50,0.7,0.2,chessboard,359,2,2
132,2117,43,17,1,369,22,876,40,post_fragmentation,50,0.7,0.2,chessboard,446,1,2
133,2119,43,19,1,369,22,876,40,post_fragmentation,50,0.7,0.2,chessboard,147,1,2
133,2119,43,19,1,369,22,876,40,post_fragmentation,50,0.7,0.2,chessboard,220,1,2
133,2119,43,19,1,369,22,876,40,post_fragmentation,50,0.7,0.2,chessboard,232,1,2
133,2119,43,19,1,369,22,876,40,post_fragmentation,50,0.7,0.2,chessboard,233,1,2
133,2119,43,19,1,369,22,876,40,post_fragmentation,50,0.7,0.2,chessboard,234,1,2
133,2119,43,19,1,369,22,876,40,post_fragmentation,50,0.7,0.2,chessboard,242,1,2
133,2119,43,19,1,369,22,876,40,post_fragmentation,50,0.7,0.2,chessboard,255,2,2
133,2119,43,19,1,369,22,876,40,post_fragmentation,50,0.7,0.2,chessboard,257,1,2
133,2119,43,19,1,369,22,876,40,post_fragmentation,50,0.7,0.2,chessboard,278,2,2
133,2119,43,19,1,369,22,876,40,post_fragmentation,50,0.7,0.2,chessboard,279,1,2
133,2119,43,19,1,369,22,876,40,post_fragmentation,50,0.7,0.2,chessboard,304,3,2
133,2119,43,19,1,369,22,876,40,post_fragmentation,50,0.7,0.2,chessboard,308,1,2
133,2119,43,19,1,369,22,876,40,post_fragmentation,50,0.7,0.2,chessboard,309,1,2
133,2119,43,19,1,369,22,876,40,post_fragmentation,50,0.7,0.2,chessboard,316,1,2
133,2119,43,19,1,369,22,876,40,post_fragmentation,50,0.7,0.2,chessboard,325,1,2
133,2119,43,19,1,369,22,876,40,post_fragmentation,50,0.7,0.2,chessboard,332,1,2
133,2119,43,19,1,369,22,876,40,post_fragmentation,50,0.7,0.2,chessboard,337,2,2
133,2119,43,19,1,369,22,876,40,post_fragmentation,50,0.7,0.2,chessboard,347,1,2
133,2119,43,19,1,369,22,876,40,post_fragmentation,50,0.7,0.2,chessboard,352,1,2
133,2119,43,19,1,369,22,876,40,post_fragmentation,50,0.7,0.2,chessboard,359,1,2
133,2119,43,19,1,369,22,876,40,post_fragmentation,50,0.7,0.2,chessboard,365,1,2
133,2119,43,19,1,369,22,876,40,post_fragmentation,50,0.7,0.2,chessboard,371,1,2
133,2119,43,19,1,369,22,876,40,post_fragmentation,50,0.7,0.2,chessboard,411,1,2
133,2119,43,19,1,369,22,876,40,post_fragmentation,50,0.7,0.2,chessboard,427,2,2
133,2119,43,19,1,369,22,876,40,post_fragmentation,50,0.7,0.2,chessboard,438,3,2
133,2119,43,19,1,369,22,876,40,post_fragmentation,50,0.7,0.2,chessboard,445,1,2
133,2119,43,19,1,369,22,876,40,post_fragmentation,50,0.7,0.2,chessboard,481,1,2
134,2121,43,21,1,369,22,876,40,post_fragmentation,50,0.7,0.2,chessboard,163,1,2
134,2121,43,21,1,369,22,876,40,post_fragmentation,50,0.7,0.2,chessboard,196,1,2
134,2121,43,21,1,369,22,876,40,post_fragmentation,50,0.7,0.2,chessboard,223,1,2
134,2121,43,21,1,369,22,876,40,post_fragmentation,50,0.7,0.2,chessboard,224,1,2
134,2121,43,21,1,369,22,876,40,post_fragmentation,50,0.7,0.2,chessboard,228,3,2
134,2121,43,21,1,369,22,876,40,post_fragmentation,50,0.7,0.2,chessboard,233,1,2
134,2121,43,21,1,369,22,876,40,post_fragmentation,50,0.7,0.2,chessboard,244,3,2
134,2121,43,21,1,369,22,876,40,post_fragmentation,50,0.7,0.2,chessboard,251,2,2
134,2121,43,21,1,369,22,876,40,post_fragmentation,50,0.7,0.2,chessboard,253,1,2
134,2121,43,21,1,369,22,876,40,post_fragmentation,50,0.7,0.2,chessboard,256,1,2
134,2121,43,21,1,369,22,876,40,post_fragmentation,50,0.7,0.2,chessboard,257,1,2
134,2121,43,21,1,369,22,876,40,post_fragmentation,50,0.7,0.2,chessboard,275,1,2
134,2121,43,21,1,369,22,876,40,post_fragmentation,50,0.7,0.2,chessboard,276,1,2
134,2121,43,21,1,369,22,876,40,post_fragmentation,50,0.7,0.2,chessboard,277,1,2
134,2121,43,21,1,369,22,876,40,post_fragmentation,50,0.7,0.2,chessboard,278,1,2
134,2121,43,21,1,369,22,876,40,post_fragmentation,50,0.7,0.2,chessboard,281,1,2
134,2121,43,21,1,369,22,876,40,post_fragmentation,50,0.7,0.2,chessboard,287,1,2
134,2121,43,21,1,369,22,876,40,post_fragmentation,50,0.7,0.2,chessboard,291,1,2
134,2121,43,21,1,369,22,876,40,post_fragmentation,50,0.7,0.2,chessboard,295,2,2
134,2121,43,21,1,369,22,876,40,post_fragmentation,50,0.7,0.2,chessboard,297,1,2
134,2121,43,21,1,369,22,876,40,post_fragmentation,50,0.7,0.2,chessboard,298,2,2
134,2121,43,21,1,369,22,876,40,post_fragmentation,50,0.7,0.2,chessboard,304,1,2
134,2121,43,21,1,369,22,876,40,post_fragmentation,50,0.7,0.2,chessboard,306,1,2
134,2121,43,21,1,369,22,876,40,post_fragmentation,50,0.7,0.2,chessboard,312,1,2
134,2121,43,21,1,369,22,876,40,post_fragmentation,50,0.7,0.2,chessboard,335,1,2
134,2121,43,21,1,369,22,876,40,post_fragmentation,50,0.7,0.2,chessboard,357,1,2
134,2121,43,21,1,369,22,876,40,post_fragmentation,50,0.7,0.2,chessboard,396,1,2
134,2121,43,21,1,369,22,876,40,post_fragmentation,50,0.7,0.2,chessboard,397,1,2
134,2121,43,21,1,369,22,876,40,post_fragmentation,50,0.7,0.2,chessboard,427,1,2
134,2121,43,21,1,369,22,876,40,post_fragmentation,50,0.7,0.2,chessboard,449,1,2
135,2123,43,23,1,369,22,876,40,post_fragmentation,50,0.7,0.2,chessboard,57,1,2
135,2123,43,23,1,369,22,876,40,post_fragmentation,50,0.7,0.2,chessboard,132,1,2
135,2123,43,23,1,369,22,876,40,post_fragmentation,50,0.7,0.2,chessboard,136,2,2
135,2123,43,23,1,369,22,876,40,post_fragmentation,50,0.7,0.2,chessboard,147,1,2
135,2123,43,23,1,369,22,876,40,post_fragmentation,50,0.7,0.2,chessboard,148,2,2
135,2123,43,23,1,369,22,876,40,post_fragmentation,50,0.7,0.2,chessboard,158,1,2
135,2123,43,23,1,369,22,876,40,post_fragmentation,50,0.7,0.2,chessboard,175,1,2
135,2123,43,23,1,369,22,876,40,post_fragmentation,50,0.7,0.2,chessboard,186,1,2
135,2123,43,23,1,369,22,876,40,post_fragmentation,50,0.7,0.2,chessboard,192,1,2
135,2123,43,23,1,369,22,876,40,post_fragmentation,50,0.7,0.2,chessboard,197,1,2
135,2123,43,23,1,369,22,876,40,post_fragmentation,50,0.7,0.2,chessboard,213,1,2
135,2123,43,23,1,369,22,876,40,post_fragmentation,50,0.7,0.2,chessboard,216,2,2
135,2123,43,23,1,369,22,876,40,post_fragmentation,50,0.7,0.2,chessboard,217,2,2
135,2123,43,23,1,369,22,876,40,post_fragmentation,50,0.7,0.2,chessboard,222,1,2
135,2123,43,23,1,369,22,876,40,post_fragmentation,50,0.7,0.2,chessboard,225,1,2
135,2123,43,23,1,369,22,876,40,post_fragmentation,50,0.7,0.2,chessboard,226,1,2
135,2123,43,23,1,369,22,876,40,post_fragmentation,50,0.7,0.2,chessboard,233,1,2
135,2123,43,23,1,369,22,876,40,post_fragmentation,50,0.7,0.2,chessboard,235,1,2
135,2123,43,23,1,369,22,876,40,post_fragmentation,50,0.7,0.2,chessboard,239,1,2
135,2123,43,23,1,369,22,876,40,post_fragmentation,50,0.7,0.2,chessboard,242,2,2
135,2123,43,23,1,369,22,876,40,post_fragmentation,50,0.7,0.2,chessboard,244,1,2
135,2123,43,23,1,369,22,876,40,post_fragmentation,50,0.7,0.2,chessboard,255,1,2
135,2123,43,23,1,369,22,876,40,post_fragmentation,50,0.7,0.2,chessboard,268,2,2
135,2123,43,23,1,369,22,876,40,post_fragmentation,50,0.7,0.2,chessboard,277,1,2
135,2123,43,23,1,369,22,876,40,post_fragmentation,50,0.7,0.2,chessboard,278,1,2
135,2123,43,23,1,369,22,876,40,post_fragmentation,50,0.7,0.2,chessboard,279,2,2
135,2123,43,23,1,369,22,876,40,post_fragmentation,50,0.7,0.2,chessboard,282,1,2
135,2123,43,23,1,369,22,876,40,post_fragmentation,50,0.7,0.2,chessboard,287,1,2
135,2123,43,23,1,369,22,876,40,post_fragmentation,50,0.7,0.2,chessboard,291,1,2
135,2123,43,23,1,369,22,876,40,post_fragmentation,50,0.7,0.2,chessboard,314,1,2
135,2123,43,23,1,369,22,876,40,post_fragmentation,50,0.7,0.2,chessboard,357,1,2
136,2125,43,25,1,369,22,876,40,post_fragmentation,50,0.7,0.2,chessboard,73,1,2
136,2125,43,25,1,369,22,876,40,post_fragmentation,50,0.7,0.2,chessboard,115,1,2
136,2125,43,25,1,369,22,876,40,post_fragmentation,50,0.7,0.2,chessboard,136,1,2
136,2125,43,25,1,369,22,876,40,post_fragmentation,50,0.7,0.2,chessboard,143,1,2
136,2125,43,25,1,369,22,876,40,post_fragmentation,50,0.7,0.2,chessboard,145,1,2
136,2125,43,25,1,369,22,876,40,post_fragmentation,50,0.7,0.2,chessboard,147,1,2
136,2125,43,25,1,369,22,876,40,post_fragmentation,50,0.7,0.2,chessboard,148,2,2
136,2125,43,25,1,369,22,876,40,post_fragmentation,50,0.7,0.2,chessboard,163,1,2
136,2125,43,25,1,369,22,876,40,post_fragmentation,50,0.7,0.2,chessboard,165,3,2
136,2125,43,25,1,369,22,876,40,post_fragmentation,50,0.7,0.2,chessboard,166,1,2
136,2125,43,25,1,369,22,876,40,post_fragmentation,50,0.7,0.2,chessboard,170,2,2
136,2125,43,25,1,369,22,876,40,post_fragmentation,50,0.7,0.2,chessboard,173,1,2
136,2125,43,25,1,369,22,876,40,post_fragmentation,50,0.7,0.2,chessboard,175,4,2
136,2125,43,25,1,369,22,876,40,post_fragmentation,50,0.7,0.2,chessboard,196,2,2
136,2125,43,25,1,369,22,876,40,post_fragmentation,50,0.7,0.2,chessboard,197,1,2
136,2125,43,25,1,369,22,876,40,post_fragmentation,50,0.7,0.2,chessboard,202,3,2
136,2125,43,25,1,369,22,876,40,post_fragmentation,50,0.7,0.2,chessboard,204,1,2
136,2125,43,25,1,369,22,876,40,post_fragmentation,50,0.7,0.2,chessboard,210,1,2
136,2125,43,25,1,369,22,876,40,post_fragmentation,50,0.7,0.2,chessboard,220,3,2
136,2125,43,25,1,369,22,876,40,post_fragmentation,50,0.7,0.2,chessboard,228,2,2
136,2125,43,25,1,369,22,876,40,post_fragmentation,50,0.7,0.2,chessboard,249,1,2
136,2125,43,25,1,369,22,876,40,post_fragmentation,50,0.7,0.2,chessboard,252,1,2
136,2125,43,25,1,369,22,876,40,post_fragmentation,50,0.7,0.2,chessboard,253,1,2
136,2125,43,25,1,369,22,876,40,post_fragmentation,50,0.7,0.2,chessboard,266,1,2
136,2125,43,25,1,369,22,876,40,post_fragmentation,50,0.7,0.2,chessboard,291,1,2
136,2125,43,25,1,369,22,876,40,post_fragmentation,50,0.7,0.2,chessboard,306,1,2
136,2125,43,25,1,369,22,876,40,post_fragmentation,50,0.7,0.2,chessboard,308,1,2
137,2166,44,16,1,369,22,876,40,post_fragmentation,50,0.7,0.2,chessboard,245,1,2
137,2166,44,16,1,369,22,876,40,post_fragmentation,50,0.7,0.2,chessboard,252,2,2
137,2166,44,16,1,369,22,876,40,post_fragmentation,50,0.7,0.2,chessboard,275,1,2
137,2166,44,16,1,369,22,876,40,post_fragmentation,50,0.7,0.2,chessboard,277,2,2
137,2166,44,16,1,369,22,876,40,post_fragmentation,50,0.7,0.2,chessboard,285,2,2
137,2166,44,16,1,369,22,876,40,post_fragmentation,50,0.7,0.2,chessboard,287,1,2
137,2166,44,16,1,369,22,876,40,post_fragmentation,50,0.7,0.2,chessboard,290,3,2
137,2166,44,16,1,369,22,876,40,post_fragmentation,50,0.7,0.2,chessboard,295,2,2
137,2166,44,16,1,369,22,876,40,post_fragmentation,50,0.7,0.2,chessboard,300,1,2
137,2166,44,16,1,369,22,876,40,post_fragmentation,50,0.7,0.2,chessboard,304,2,2
137,2166,44,16,1,369,22,876,40,post_fragmentation,50,0.7,0.2,chessboard,311,1,2
137,2166,44,16,1,369,22,876,40,post_fragmentation,50,0.7,0.2,chessboard,312,3,2
137,2166,44,16,1,369,22,876,40,post_fragmentation,50,0.7,0.2,chessboard,329,2,2
137,2166,44,16,1,369,22,876,40,post_fragmentation,50,0.7,0.2,chessboard,347,1,2
137,2166,44,16,1,369,22,876,40,post_fragmentation,50,0.7,0.2,chessboard,348,1,2
137,2166,44,16,1,369,22,876,40,post_fragmentation,50,0.7,0.2,chessboard,350,3,2
137,2166,44,16,1,369,22,876,40,post_fragmentation,50,0.7,0.2,chessboard,355,3,2
137,2166,44,16,1,369,22,876,40,post_fragmentation,50,0.7,0.2,chessboard,359,1,2
137,2166,44,16,1,369,22,876,40,post_fragmentation,50,0.7,0.2,chessboard,366,1,2
137,2166,44,16,1,369,22,876,40,post_fragmentation,50,0.7,0.2,chessboard,371,1,2
137,2166,44,16,1,369,22,876,40,post_fragmentation,50,0.7,0.2,chessboard,392,1,2
137,2166,44,16,1,369,22,876,40,post_fragmentation,50,0.7,0.2,chessboard,408,1,2
137,2166,44,16,1,369,22,876,40,post_fragmentation,50,0.7,0.2,chessboard,438,2,2
137,2166,44,16,1,369,22,876,40,post_fragmentation,50,0.7,0.2,chessboard,486,1,2
138,2168,44,18,1,369,22,876,40,post_fragmentation,50,0.7,0.2,chessboard,167,1,2
138,2168,44,18,1,369,22,876,40,post_fragmentation,50,0.7,0.2,chessboard,240,1,2
138,2168,44,18,1,369,22,876,40,post_fragmentation,50,0.7,0.2,chessboard,268,1,2
138,2168,44,18,1,369,22,876,40,post_fragmentation,50,0.7,0.2,chessboard,276,1,2
138,2168,44,18,1,369,22,876,40,post_fragmentation,50,0.7,0.2,chessboard,277,2,2
138,2168,44,18,1,369,22,876,40,post_fragmentation,50,0.7,0.2,chessboard,285,1,2
138,2168,44,18,1,369,22,876,40,post_fragmentation,50,0.7,0.2,chessboard,287,1,2
138,2168,44,18,1,369,22,876,40,post_fragmentation,50,0.7,0.2,chessboard,290,2,2
138,2168,44,18,1,369,22,876,40,post_fragmentation,50,0.7,0.2,chessboard,299,1,2
138,2168,44,18,1,369,22,876,40,post_fragmentation,50,0.7,0.2,chessboard,300,1,2
138,2168,44,18,1,369,22,876,40,post_fragmentation,50,0.7,0.2,chessboard,304,1,2
138,2168,44,18,1,369,22,876,40,post_fragmentation,50,0.7,0.2,chessboard,306,6,2
138,2168,44,18,1,369,22,876,40,post_fragmentation,50,0.7,0.2,chessboard,308,1,2
138,2168,44,18,1,369,22,876,40,post_fragmentation,50,0.7,0.2,chessboard,312,4,2
138,2168,44,18,1,369,22,876,40,post_fragmentation,50,0.7,0.2,chessboard,316,2,2
138,2168,44,18,1,369,22,876,40,post_fragmentation,50,0.7,0.2,chessboard,325,1,2
138,2168,44,18,1,369,22,876,40,post_fragmentation,50,0.7,0.2,chessboard,329,1,2
138,2168,44,18,1,369,22,876,40,post_fragmentation,50,0.7,0.2,chessboard,331,1,2
138,2168,44,18,1,369,22,876,40,post_fragmentation,50,0.7,0.2,chessboard,347,2,2
138,2168,44,18,1,369,22,876,40,post_fragmentation,50,0.7,0.2,chessboard,358,1,2
138,2168,44,18,1,369,22,876,40,post_fragmentation,50,0.7,0.2,chessboard,391,1,2
138,2168,44,18,1,369,22,876,40,post_fragmentation,50,0.7,0.2,chessboard,392,1,2
138,2168,44,18,1,369,22,876,40,post_fragmentation,50,0.7,0.2,chessboard,407,1,2
138,2168,44,18,1,369,22,876,40,post_fragmentation,50,0.7,0.2,chessboard,427,1,2
138,2168,44,18,1,369,22,876,40,post_fragmentation,50,0.7,0.2,chessboard,441,1,2
138,2168,44,18,1,369,22,876,40,post_fragmentation,50,0.7,0.2,chessboard,458,1,2
138,2168,44,18,1,369,22,876,40,post_fragmentation,50,0.7,0.2,chessboard,472,1,2
138,2168,44,18,1,369,22,876,40,post_fragmentation,50,0.7,0.2,chessboard,488,1,2
139,2170,44,20,1,369,22,876,40,post_fragmentation,50,0.7,0.2,chessboard,171,1,2
139,2170,44,20,1,369,22,876,40,post_fragmentation,50,0.7,0.2,chessboard,175,1,2
139,2170,44,20,1,369,22,876,40,post_fragmentation,50,0.7,0.2,chessboard,197,1,2
139,2170,44,20,1,369,22,876,40,post_fragmentation,50,0.7,0.2,chessboard,256,1,2
139,2170,44,20,1,369,22,876,40,post_fragmentation,50,0.7,0.2,chessboard,276,5,2
139,2170,44,20,1,369,22,876,40,post_fragmentation,50,0.7,0.2,chessboard,284,1,2
139,2170,44,20,1,369,22,876,40,post_fragmentation,50,0.7,0.2,chessboard,291,1,2
139,2170,44,20,1,369,22,876,40,post_fragmentation,50,0.7,0.2,chessboard,295,1,2
139,2170,44,20,1,369,22,876,40,post_fragmentation,50,0.7,0.2,chessboard,298,1,2
139,2170,44,20,1,369,22,876,40,post_fragmentation,50,0.7,0.2,chessboard,304,2,2
139,2170,44,20,1,369,22,876,40,post_fragmentation,50,0.7,0.2,chessboard,306,4,2
139,2170,44,20,1,369,22,876,40,post_fragmentation,50,0.7,0.2,chessboard,308,1,2
139,2170,44,20,1,369,22,876,40,post_fragmentation,50,0.7,0.2,chessboard,310,1,2
139,2170,44,20,1,369,22,876,40,post_fragmentation,50,0.7,0.2,chessboard,311,2,2
139,2170,44,20,1,369,22,876,40,post_fragmentation,50,0.7,0.2,chessboard,312,1,2
139,2170,44,20,1,369,22,876,40,post_fragmentation,50,0.7,0.2,chessboard,314,1,2
139,2170,44,20,1,369,22,876,40,post_fragmentation,50,0.7,0.2,chessboard,331,1,2
139,2170,44,20,1,369,22,876,40,post_fragmentation,50,0.7,0.2,chessboard,332,1,2
139,2170,44,20,1,369,22,876,40,post_fragmentation,50,0.7,0.2,chessboard,350,1,2
139,2170,44,20,1,369,22,876,40,post_fragmentation,50,0.7,0.2,chessboard,351,2,2
139,2170,44,20,1,369,22,876,40,post_fragmentation,50,0.7,0.2,chessboard,357,2,2
139,2170,44,20,1,369,22,876,40,post_fragmentation,50,0.7,0.2,chessboard,358,1,2
139,2170,44,20,1,369,22,876,40,post_fragmentation,50,0.7,0.2,chessboard,359,2,2
139,2170,44,20,1,369,22,876,40,post_fragmentation,50,0.7,0.2,chessboard,362,1,2
139,2170,44,20,1,369,22,876,40,post_fragmentation,50,0.7,0.2,chessboard,383,1,2
139,2170,44,20,1,369,22,876,40,post_fragmentation,50,0.7,0.2,chessboard,394,1,2
139,2170,44,20,1,369,22,876,40,post_fragmentation,50,0.7,0.2,chessboard,397,1,2
139,2170,44,20,1,369,22,876,40,post_fragmentation,50,0.7,0.2,chessboard,415,1,2
139,2170,44,20,1,369,22,876,40,post_fragmentation,50,0.7,0.2,chessboard,427,1,2
139,2170,44,20,1,369,22,876,40,post_fragmentation,50,0.7,0.2,chessboard,572,1,2
140,2172,44,22,1,369,22,876,40,post_fragmentation,50,0.7,0.2,chessboard,136,1,2
140,2172,44,22,1,369,22,876,40,post_fragmentation,50,0.7,0.2,chessboard,197,1,2
140,2172,44,22,1,369,22,876,40,post_fragmentation,50,0.7,0.2,chessboard,216,2,2
140,2172,44,22,1,369,22,876,40,post_fragmentation,50,0.7,0.2,chessboard,225,1,2
140,2172,44,22,1,369,22,876,40,post_fragmentation,50,0.7,0.2,chessboard,228,2,2
140,2172,44,22,1,369,22,876,40,post_fragmentation,50,0.7,0.2,chessboard,256,2,2
140,2172,44,22,1,369,22,876,40,post_fragmentation,50,0.7,0.2,chessboard,264,1,2
140,2172,44,22,1,369,22,876,40,post_fragmentation,50,0.7,0.2,chessboard,266,1,2
140,2172,44,22,1,369,22,876,40,post_fragmentation,50,0.7,0.2,chessboard,274,1,2
140,2172,44,22,1,369,22,876,40,post_fragmentation,50,0.7,0.2,chessboard,278,1,2
140,2172,44,22,1,369,22,876,40,post_fragmentation,50,0.7,0.2,chessboard,286,2,2
140,2172,44,22,1,369,22,876,40,post_fragmentation,50,0.7,0.2,chessboard,287,2,2
140,2172,44,22,1,369,22,876,40,post_fragmentation,50,0.7,0.2,chessboard,290,2,2
140,2172,44,22,1,369,22,876,40,post_fragmentation,50,0.7,0.2,chessboard,291,1,2
140,2172,44,22,1,369,22,876,40,post_fragmentation,50,0.7,0.2,chessboard,297,2,2
140,2172,44,22,1,369,22,876,40,post_fragmentation,50,0.7,0.2,chessboard,304,1,2
140,2172,44,22,1,369,22,876,40,post_fragmentation,50,0.7,0.2,chessboard,306,1,2
140,2172,44,22,1,369,22,876,40,post_fragmentation,50,0.7,0.2,chessboard,308,3,2
140,2172,44,22,1,369,22,876,40,post_fragmentation,50,0.7,0.2,chessboard,312,2,2
140,2172,44,22,1,369,22,876,40,post_fragmentation,50,0.7,0.2,chessboard,314,1,2
140,2172,44,22,1,369,22,876,40,post_fragmentation,50,0.7,0.2,chessboard,318,1,2
140,2172,44,22,1,369,22,876,40,post_fragmentation,50,0.7,0.2,chessboard,325,1,2
140,2172,44,22,1,369,22,876,40,post_fragmentation,50,0.7,0.2,chessboard,329,2,2
140,2172,44,22,1,369,22,876,40,post_fragmentation,50,0.7,0.2,chessboard,331,1,2
140,2172,44,22,1,369,22,876,40,post_fragmentation,50,0.7,0.2,chessboard,355,2,2
140,2172,44,22,1,369,22,876,40,post_fragmentation,50,0.7,0.2,chessboard,358,1,2
140,2172,44,22,1,369,22,876,40,post_fragmentation,50,0.7,0.2,chessboard,426,1,2
140,2172,44,22,1,369,22,876,40,post_fragmentation,50,0.7,0.2,chessboard,458,1,2
140,2172,44,22,1,369,22,876,40,post_fragmentation,50,0.7,0.2,chessboard,504,1,2
141,2174,44,24,1,369,22,876,40,post_fragmentation,50,0.7,0.2,chessboard,132,1,2
141,2174,44,24,1,369,22,876,40,post_fragmentation,50,0.7,0.2,chessboard,136,1,2
141,2174,44,24,1,369,22,876,40,post_fragmentation,50,0.7,0.2,chessboard,140,3,2
141,2174,44,24,1,369,22,876,40,post_fragmentation,50,0.7,0.2,chessboard,158,1,2
141,2174,44,24,1,369,22,876,40,post_fragmentation,50,0.7,0.2,chessboard,163,2,2
141,2174,44,24,1,369,22,876,40,post_fragmentation,50,0.7,0.2,chessboard,167,1,2
141,2174,44,24,1,369,22,876,40,post_fragmentation,50,0.7,0.2,chessboard,186,1,2
141,2174,44,24,1,369,22,876,40,post_fragmentation,50,0.7,0.2,chessboard,197,1,2
141,2174,44,24,1,369,22,876,40,post_fragmentation,50,0.7,0.2,chessboard,224,1,2
141,2174,44,24,1,369,22,876,40,post_fragmentation,50,0.7,0.2,chessboard,255,3,2
141,2174,44,24,1,369,22,876,40,post_fragmentation,50,0.7,0.2,chessboard,264,1,2
141,2174,44,24,1,369,22,876,40,post_fragmentation,50,0.7,0.2,chessboard,266,1,2
141,2174,44,24,1,369,22,876,40,post_fragmentation,50,0.7,0.2,chessboard,268,2,2
141,2174,44,24,1,369,22,876,40,post_fragmentation,50,0.7,0.2,chessboard,274,1,2
141,2174,44,24,1,369,22,876,40,post_fragmentation,50,0.7,0.2,chessboard,276,1,2
141,2174,44,24,1,369,22,876,40,post_fragmentation,50,0.7,0.2,chessboard,281,2,2
141,2174,44,24,1,369,22,876,40,post_fragmentation,50,0.7,0.2,chessboard,287,1,2
141,2174,44,24,1,369,22,876,40,post_fragmentation,50,0.7,0.2,chessboard,291,2,2
141,2174,44,24,1,369,22,876,40,post_fragmentation,50,0.7,0.2,chessboard,297,1,2
141,2174,44,24,1,369,22,876,40,post_fragmentation,50,0.7,0.2,chessboard,308,2,2
141,2174,44,24,1,369,22,876,40,post_fragmentation,50,0.7,0.2,chessboard,309,1,2
141,2174,44,24,1,369,22,876,40,post_fragmentation,50,0.7,0.2,chessboard,335,1,2
141,2174,44,24,1,369,22,876,40,post_fragmentation,50,0.7,0.2,chessboard,351,3,2
141,2174,44,24,1,369,22,876,40,post_fragmentation,50,0.7,0.2,chessboard,360,1,2
142,2176,44,26,1,369,22,876,40,post_fragmentation,50,0.7,0.2,chessboard,100,1,2
142,2176,44,26,1,369,22,876,40,post_fragmentation,50,0.7,0.2,chessboard,136,1,2
142,2176,44,26,1,369,22,876,40,post_fragmentation,50,0.7,0.2,chessboard,147,1,2
142,2176,44,26,1,369,22,876,40,post_fragmentation,50,0.7,0.2,chessboard,163,5,2
142,2176,44,26,1,369,22,876,40,post_fragmentation,50,0.7,0.2,chessboard,167,2,2
142,2176,44,26,1,369,22,876,40,post_fragmentation,50,0.7,0.2,chessboard,171,3,2
142,2176,44,26,1,369,22,876,40,post_fragmentation,50,0.7,0.2,chessboard,175,1,2
142,2176,44,26,1,369,22,876,40,post_fragmentation,50,0.7,0.2,chessboard,191,1,2
142,2176,44,26,1,369,22,876,40,post_fragmentation,50,0.7,0.2,chessboard,196,1,2
142,2176,44,26,1,369,22,876,40,post_fragmentation,50,0.7,0.2,chessboard,202,1,2
142,2176,44,26,1,369,22,876,40,post_fragmentation,50,0.7,0.2,chessboard,220,2,2
142,2176,44,26,1,369,22,876,40,post_fragmentation,50,0.7,0.2,chessboard,223,1,2
142,2176,44,26,1,369,22,876,40,post_fragmentation,50,0.7,0.2,chessboard,239,2,2
142,2176,44,26,1,369,22,876,40,post_fragmentation,50,0.7,0.2,chessboard,243,1,2
142,2176,44,26,1,369,22,876,40,post_fragmentation,50,0.7,0.2,chessboard,252,1,2
142,2176,44,26,1,369,22,876,40,post_fragmentation,50,0.7,0.2,chessboard,255,2,2
142,2176,44,26,1,369,22,876,40,post_fragmentation,50,0.7,0.2,chessboard,262,1,2
142,2176,44,26,1,369,22,876,40,post_fragmentation,50,0.7,0.2,chessboard,279,2,2
142,2176,44,26,1,369,22,876,40,post_fragmentation,50,0.7,0.2,chessboard,285,1,2
142,2176,44,26,1,369,22,876,40,post_fragmentation,50,0.7,0.2,chessboard,288,1,2
142,2176,44,26,1,369,22,876,40,post_fragmentation,50,0.7,0.2,chessboard,290,1,2
142,2176,44,26,1,369,22,876,40,post_fragmentation,50,0.7,0.2,chessboard,313,1,2
142,2176,44,26,1,369,22,876,40,post_fragmentation,50,0.7,0.2,chessboard,340,1,2
142,2176,44,26,1,369,22,876,40,post_fragmentation,50,0.7,0.2,chessboard,343,2,2
142,2176,44,26,1,369,22,876,40,post_fragmentation,50,0.7,0.2,chessboard,351,2,2
143,2217,45,17,1,369,22,876,40,post_fragmentation,50,0.7,0.2,chessboard,232,1,2
143,2217,45,17,1,369,22,876,40,post_fragmentation,50,0.7,0.2,chessboard,252,1,2
143,2217,45,17,1,369,22,876,40,post_fragmentation,50,0.7,0.2,chessboard,285,1,2
143,2217,45,17,1,369,22,876,40,post_fragmentation,50,0.7,0.2,chessboard,290,2,2
143,2217,45,17,1,369,22,876,40,post_fragmentation,50,0.7,0.2,chessboard,304,3,2
143,2217,45,17,1,369,22,876,40,post_fragmentation,50,0.7,0.2,chessboard,306,2,2
143,2217,45,17,1,369,22,876,40,post_fragmentation,50,0.7,0.2,chessboard,309,1,2
143,2217,45,17,1,369,22,876,40,post_fragmentation,50,0.7,0.2,chessboard,310,1,2
143,2217,45,17,1,369,22,876,40,post_fragmentation,50,0.7,0.2,chessboard,312,2,2
143,2217,45,17,1,369,22,876,40,post_fragmentation,50,0.7,0.2,chessboard,326,1,2
143,2217,45,17,1,369,22,876,40,post_fragmentation,50,0.7,0.2,chessboard,329,1,2
143,2217,45,17,1,369,22,876,40,post_fragmentation,50,0.7,0.2,chessboard,331,2,2
143,2217,45,17,1,369,22,876,40,post_fragmentation,50,0.7,0.2,chessboard,347,1,2
143,2217,45,17,1,369,22,876,40,post_fragmentation,50,0.7,0.2,chessboard,350,8,2
143,2217,45,17,1,369,22,876,40,post_fragmentation,50,0.7,0.2,chessboard,358,2,2
143,2217,45,17,1,369,22,876,40,post_fragmentation,50,0.7,0.2,chessboard,365,2,2
143,2217,45,17,1,369,22,876,40,post_fragmentation,50,0.7,0.2,chessboard,391,1,2
143,2217,45,17,1,369,22,876,40,post_fragmentation,50,0.7,0.2,chessboard,396,1,2
143,2217,45,17,1,369,22,876,40,post_fragmentation,50,0.7,0.2,chessboard,407,1,2
143,2217,45,17,1,369,22,876,40,post_fragmentation,50,0.7,0.2,chessboard,414,1,2
143,2217,45,17,1,369,22,876,40,post_fragmentation,50,0.7,0.2,chessboard,426,1,2
143,2217,45,17,1,369,22,876,40,post_fragmentation,50,0.7,0.2,chessboard,450,1,2
143,2217,45,17,1,369,22,876,40,post_fragmentation,50,0.7,0.2,chessboard,455,1,2
143,2217,45,17,1,369,22,876,40,post_fragmentation,50,0.7,0.2,chessboard,458,1,2
143,2217,45,17,1,369,22,876,40,post_fragmentation,50,0.7,0.2,chessboard,471,1,2
143,2217,45,17,1,369,22,876,40,post_fragmentation,50,0.7,0.2,chessboard,506,1,2
144,2219,45,19,1,369,22,876,40,post_fragmentation,50,0.7,0.2,chessboard,252,1,2
144,2219,45,19,1,369,22,876,40,post_fragmentation,50,0.7,0.2,chessboard,256,1,2
144,2219,45,19,1,369,22,876,40,post_fragmentation,50,0.7,0.2,chessboard,276,2,2
144,2219,45,19,1,369,22,876,40,post_fragmentation,50,0.7,0.2,chessboard,287,1,2
144,2219,45,19,1,369,22,876,40,post_fragmentation,50,0.7,0.2,chessboard,291,4,2
144,2219,45,19,1,369,22,876,40,post_fragmentation,50,0.7,0.2,chessboard,298,1,2
144,2219,45,19,1,369,22,876,40,post_fragmentation,50,0.7,0.2,chessboard,306,1,2
144,2219,45,19,1,369,22,876,40,post_fragmentation,50,0.7,0.2,chessboard,312,1,2
144,2219,45,19,1,369,22,876,40,post_fragmentation,50,0.7,0.2,chessboard,314,1,2
144,2219,45,19,1,369,22,876,40,post_fragmentation,50,0.7,0.2,chessboard,326,2,2
144,2219,45,19,1,369,22,876,40,post_fragmentation,50,0.7,0.2,chessboard,351,1,2
144,2219,45,19,1,369,22,876,40,post_fragmentation,50,0.7,0.2,chessboard,355,2,2
144,2219,45,19,1,369,22,876,40,post_fragmentation,50,0.7,0.2,chessboard,358,3,2
144,2219,45,19,1,369,22,876,40,post_fragmentation,50,0.7,0.2,chessboard,359,1,2
144,2219,45,19,1,369,22,876,40,post_fragmentation,50,0.7,0.2,chessboard,365,1,2
144,2219,45,19,1,369,22,876,40,post_fragmentation,50,0.7,0.2,chessboard,371,1,2
144,2219,45,19,1,369,22,876,40,post_fragmentation,50,0.7,0.2,chessboard,383,1,2
144,2219,45,19,1,369,22,876,40,post_fragmentation,50,0.7,0.2,chessboard,396,1,2
144,2219,45,19,1,369,22,876,40,post_fragmentation,50,0.7,0.2,chessboard,400,1,2
144,2219,45,19,1,369,22,876,40,post_fragmentation,50,0.7,0.2,chessboard,411,2,2
144,2219,45,19,1,369,22,876,40,post_fragmentation,50,0.7,0.2,chessboard,414,1,2
144,2219,45,19,1,369,22,876,40,post_fragmentation,50,0.7,0.2,chessboard,425,1,2
144,2219,45,19,1,369,22,876,40,post_fragmentation,50,0.7,0.2,chessboard,427,1,2
144,2219,45,19,1,369,22,876,40,post_fragmentation,50,0.7,0.2,chessboard,438,2,2
144,2219,45,19,1,369,22,876,40,post_fragmentation,50,0.7,0.2,chessboard,441,4,2
144,2219,45,19,1,369,22,876,40,post_fragmentation,50,0.7,0.2,chessboard,482,1,2
144,2219,45,19,1,369,22,876,40,post_fragmentation,50,0.7,0.2,chessboard,559,1,2
145,2221,45,21,1,369,22,876,40,post_fragmentation,50,0.7,0.2,chessboard,175,1,2
145,2221,45,21,1,369,22,876,40,post_fragmentation,50,0.7,0.2,chessboard,197,1,2
145,2221,45,21,1,369,22,876,40,post_fragmentation,50,0.7,0.2,chessboard,228,1,2
145,2221,45,21,1,369,22,876,40,post_fragmentation,50,0.7,0.2,chessboard,278,2,2
145,2221,45,21,1,369,22,876,40,post_fragmentation,50,0.7,0.2,chessboard,290,1,2
145,2221,45,21,1,369,22,876,40,post_fragmentation,50,0.7,0.2,chessboard,295,1,2
145,2221,45,21,1,369,22,876,40,post_fragmentation,50,0.7,0.2,chessboard,298,5,2
145,2221,45,21,1,369,22,876,40,post_fragmentation,50,0.7,0.2,chessboard,299,1,2
145,2221,45,21,1,369,22,876,40,post_fragmentation,50,0.7,0.2,chessboard,308,1,2
145,2221,45,21,1,369,22,876,40,post_fragmentation,50,0.7,0.2,chessboard,312,3,2
145,2221,45,21,1,369,22,876,40,post_fragmentation,50,0.7,0.2,chessboard,314,2,2
145,2221,45,21,1,369,22,876,40,post_fragmentation,50,0.7,0.2,chessboard,326,1,2
145,2221,45,21,1,369,22,876,40,post_fragmentation,50,0.7,0.2,chessboard,350,1,2
145,2221,45,21,1,369,22,876,40,post_fragmentation,50,0.7,0.2,chessboard,351,4,2
145,2221,45,21,1,369,22,876,40,post_fragmentation,50,0.7,0.2,chessboard,355,3,2
145,2221,45,21,1,369,22,876,40,post_fragmentation,50,0.7,0.2,chessboard,357,1,2
145,2221,45,21,1,369,22,876,40,post_fragmentation,50,0.7,0.2,chessboard,359,1,2
145,2221,45,21,1,369,22,876,40,post_fragmentation,50,0.7,0.2,chessboard,362,1,2
145,2221,45,21,1,369,22,876,40,post_fragmentation,50,0.7,0.2,chessboard,396,1,2
145,2221,45,21,1,369,22,876,40,post_fragmentation,50,0.7,0.2,chessboard,411,1,2
145,2221,45,21,1,369,22,876,40,post_fragmentation,50,0.7,0.2,chessboard,414,1,2
145,2221,45,21,1,369,22,876,40,post_fragmentation,50,0.7,0.2,chessboard,427,2,2
145,2221,45,21,1,369,22,876,40,post_fragmentation,50,0.7,0.2,chessboard,441,1,2
145,2221,45,21,1,369,22,876,40,post_fragmentation,50,0.7,0.2,chessboard,449,1,2
146,2223,45,23,1,369,22,876,40,post_fragmentation,50,0.7,0.2,chessboard,191,1,2
146,2223,45,23,1,369,22,876,40,post_fragmentation,50,0.7,0.2,chessboard,196,1,2
146,2223,45,23,1,369,22,876,40,post_fragmentation,50,0.7,0.2,chessboard,212,1,2
146,2223,45,23,1,369,22,876,40,post_fragmentation,50,0.7,0.2,chessboard,217,1,2
146,2223,45,23,1,369,22,876,40,post_fragmentation,50,0.7,0.2,chessboard,239,1,2
146,2223,45,23,1,369,22,876,40,post_fragmentation,50,0.7,0.2,chessboard,244,1,2
146,2223,45,23,1,369,22,876,40,post_fragmentation,50,0.7,0.2,chessboard,248,1,2
146,2223,45,23,1,369,22,876,40,post_fragmentation,50,0.7,0.2,chessboard,253,1,2
146,2223,45,23,1,369,22,876,40,post_fragmentation,50,0.7,0.2,chessboard,254,1,2
146,2223,45,23,1,369,22,876,40,post_fragmentation,50,0.7,0.2,chessboard,268,2,2
146,2223,45,23,1,369,22,876,40,post_fragmentation,50,0.7,0.2,chessboard,278,2,2
146,2223,45,23,1,369,22,876,40,post_fragmentation,50,0.7,0.2,chessboard,280,1,2
146,2223,45,23,1,369,22,876,40,post_fragmentation,50,0.7,0.2,chessboard,281,1,2
146,2223,45,23,1,369,22,876,40,post_fragmentation,50,0.7,0.2,chessboard,285,1,2
146,2223,45,23,1,369,22,876,40,post_fragmentation,50,0.7,0.2,chessboard,290,2,2
146,2223,45,23,1,369,22,876,40,post_fragmentation,50,0.7,0.2,chessboard,304,1,2
146,2223,45,23,1,369,22,876,40,post_fragmentation,50,0.7,0.2,chessboard,306,1,2
146,2223,45,23,1,369,22,876,40,post_fragmentation,50,0.7,0.2,chessboard,308,2,2
146,2223,45,23,1,369,22,876,40,post_fragmentation,50,0.7,0.2,chessboard,309,1,2
146,2223,45,23,1,369,22,876,40,post_fragmentation,50,0.7,0.2,chessboard,311,1,2
146,2223,45,23,1,369,22,876,40,post_fragmentation,50,0.7,0.2,chessboard,312,1,2
146,2223,45,23,1,369,22,876,40,post_fragmentation,50,0.7,0.2,chessboard,324,2,2
146,2223,45,23,1,369,22,876,40,post_fragmentation,50,0.7,0.2,chessboard,325,1,2
146,2223,45,23,1,369,22,876,40,post_fragmentation,50,0.7,0.2,chessboard,340,1,2
146,2223,45,23,1,369,22,876,40,post_fragmentation,50,0.7,0.2,chessboard,351,1,2
146,2223,45,23,1,369,22,876,40,post_fragmentation,50,0.7,0.2,chessboard,352,1,2
146,2223,45,23,1,369,22,876,40,post_fragmentation,50,0.7,0.2,chessboard,355,2,2
146,2223,45,23,1,369,22,876,40,post_fragmentation,50,0.7,0.2,chessboard,357,1,2
146,2223,45,23,1,369,22,876,40,post_fragmentation,50,0.7,0.2,chessboard,359,1,2
146,2223,45,23,1,369,22,876,40,post_fragmentation,50,0.7,0.2,chessboard,361,1,2
146,2223,45,23,1,369,22,876,40,post_fragmentation,50,0.7,0.2,chessboard,362,2,2
147,2225,45,25,1,369,22,876,40,post_fragmentation,50,0.7,0.2,chessboard,167,1,2
147,2225,45,25,1,369,22,876,40,post_fragmentation,50,0.7,0.2,chessboard,171,1,2
147,2225,45,25,1,369,22,876,40,post_fragmentation,50,0.7,0.2,chessboard,213,1,2
147,2225,45,25,1,369,22,876,40,post_fragmentation,50,0.7,0.2,chessboard,216,1,2
147,2225,45,25,1,369,22,876,40,post_fragmentation,50,0.7,0.2,chessboard,218,1,2
147,2225,45,25,1,369,22,876,40,post_fragmentation,50,0.7,0.2,chessboard,220,3,2
147,2225,45,25,1,369,22,876,40,post_fragmentation,50,0.7,0.2,chessboard,235,2,2
147,2225,45,25,1,369,22,876,40,post_fragmentation,50,0.7,0.2,chessboard,242,1,2
147,2225,45,25,1,369,22,876,40,post_fragmentation,50,0.7,0.2,chessboard,243,1,2
147,2225,45,25,1,369,22,876,40,post_fragmentation,50,0.7,0.2,chessboard,278,2,2
147,2225,45,25,1,369,22,876,40,post_fragmentation,50,0.7,0.2,chessboard,282,3,2
147,2225,45,25,1,369,22,876,40,post_fragmentation,50,0.7,0.2,chessboard,290,1,2
147,2225,45,25,1,369,22,876,40,post_fragmentation,50,0.7,0.2,chessboard,292,2,2
147,2225,45,25,1,369,22,876,40,post_fragmentation,50,0.7,0.2,chessboard,306,1,2
147,2225,45,25,1,369,22,876,40,post_fragmentation,50,0.7,0.2,chessboard,313,2,2
147,2225,45,25,1,369,22,876,40,post_fragmentation,50,0.7,0.2,chessboard,324,1,2
147,2225,45,25,1,369,22,876,40,post_fragmentation,50,0.7,0.2,chessboard,326,1,2
147,2225,45,25,1,369,22,876,40,post_fragmentation,50,0.7,0.2,chessboard,332,1,2
147,2225,45,25,1,369,22,876,40,post_fragmentation,50,0.7,0.2,chessboard,340,3,2
147,2225,45,25,1,369,22,876,40,post_fragmentation,50,0.7,0.2,chessboard,355,1,2
147,2225,45,25,1,369,22,876,40,post_fragmentation,50,0.7,0.2,chessboard,357,1,2
147,2225,45,25,1,369,22,876,40,post_fragmentation,50,0.7,0.2,chessboard,359,2,2
147,2225,45,25,1,369,22,876,40,post_fragmentation,50,0.7,0.2,chessboard,391,2,2
147,2225,45,25,1,369,22,876,40,post_fragmentation,50,0.7,0.2,chessboard,407,1,2
148,2227,45,27,1,369,22,876,40,post_fragmentation,50,0.7,0.2,chessboard,191,1,2
148,2227,45,27,1,369,22,876,40,post_fragmentation,50,0.7,0.2,chessboard,216,1,2
148,2227,45,27,1,369,22,876,40,post_fragmentation,50,0.7,0.2,chessboard,220,2,2
148,2227,45,27,1,369,22,876,40,post_fragmentation,50,0.7,0.2,chessboard,246,1,2
148,2227,45,27,1,369,22,876,40,post_fragmentation,50,0.7,0.2,chessboard,282,1,2
148,2227,45,27,1,369,22,876,40,post_fragmentation,50,0.7,0.2,chessboard,285,4,2
148,2227,45,27,1,369,22,876,40,post_fragmentation,50,0.7,0.2,chessboard,304,1,2
148,2227,45,27,1,369,22,876,40,post_fragmentation,50,0.7,0.2,chessboard,306,1,2
148,2227,45,27,1,369,22,876,40,post_fragmentation,50,0.7,0.2,chessboard,310,1,2
148,2227,45,27,1,369,22,876,40,post_fragmentation,50,0.7,0.2,chessboard,316,1,2
148,2227,45,27,1,369,22,876,40,post_fragmentation,50,0.7,0.2,chessboard,330,1,2
148,2227,45,27,1,369,22,876,40,post_fragmentation,50,0.7,0.2,chessboard,332,1,2
148,2227,45,27,1,369,22,876,40,post_fragmentation,50,0.7,0.2,chessboard,343,1,2
148,2227,45,27,1,369,22,876,40,post_fragmentation,50,0.7,0.2,chessboard,350,1,2
148,2227,45,27,1,369,22,876,40,post_fragmentation,50,0.7,0.2,chessboard,351,2,2
148,2227,45,27,1,369,22,876,40,post_fragmentation,50,0.7,0.2,chessboard,355,1,2
148,2227,45,27,1,369,22,876,40,post_fragmentation,50,0.7,0.2,chessboard,357,2,2
148,2227,45,27,1,369,22,876,40,post_fragmentation,50,0.7,0.2,chessboard,359,2,2
148,2227,45,27,1,369,22,876,40,post_fragmentation,50,0.7,0.2,chessboard,362,1,2
148,2227,45,27,1,369,22,876,40,post_fragmentation,50,0.7,0.2,chessboard,413,3,2
148,2227,45,27,1,369,22,876,40,post_fragmentation,50,0.7,0.2,chessboard,414,3,2
148,2227,45,27,1,369,22,876,40,post_fragmentation,50,0.7,0.2,chessboard,425,2,2
148,2227,45,27,1,369,22,876,40,post_fragmentation,50,0.7,0.2,chessboard,426,1,2
148,2227,45,27,1,369,22,876,40,post_fragmentation,50,0.7,0.2,chessboard,506,1,2
149,2266,46,16,1,369,22,876,40,post_fragmentation,50,0.7,0.2,chessboard,222,1,2
149,2266,46,16,1,369,22,876,40,post_fragmentation,50,0.7,0.2,chessboard,285,1,2
149,2266,46,16,1,369,22,876,40,post_fragmentation,50,0.7,0.2,chessboard,306,2,2
149,2266,46,16,1,369,22,876,40,post_fragmentation,50,0.7,0.2,chessboard,329,2,2
149,2266,46,16,1,369,22,876,40,post_fragmentation,50,0.7,0.2,chessboard,341,1,2
149,2266,46,16,1,369,22,876,40,post_fragmentation,50,0.7,0.2,chessboard,350,5,2
149,2266,46,16,1,369,22,876,40,post_fragmentation,50,0.7,0.2,chessboard,358,1,2
149,2266,46,16,1,369,22,876,40,post_fragmentation,50,0.7,0.2,chessboard,365,1,2
149,2266,46,16,1,369,22,876,40,post_fragmentation,50,0.7,0.2,chessboard,371,4,2
149,2266,46,16,1,369,22,876,40,post_fragmentation,50,0.7,0.2,chessboard,385,1,2
149,2266,46,16,1,369,22,876,40,post_fragmentation,50,0.7,0.2,chessboard,391,3,2
149,2266,46,16,1,369,22,876,40,post_fragmentation,50,0.7,0.2,chessboard,396,1,2
149,2266,46,16,1,369,22,876,40,post_fragmentation,50,0.7,0.2,chessboard,431,1,2
149,2266,46,16,1,369,22,876,40,post_fragmentation,50,0.7,0.2,chessboard,438,1,2
149,2266,46,16,1,369,22,876,40,post_fragmentation,50,0.7,0.2,chessboard,440,1,2
149,2266,46,16,1,369,22,876,40,post_fragmentation,50,0.7,0.2,chessboard,450,3,2
149,2266,46,16,1,369,22,876,40,post_fragmentation,50,0.7,0.2,chessboard,474,1,2
149,2266,46,16,1,369,22,876,40,post_fragmentation,50,0.7,0.2,chessboard,488,3,2
149,2266,46,16,1,369,22,876,40,post_fragmentation,50,0.7,0.2,chessboard,489,1,2
149,2266,46,16,1,369,22,876,40,post_fragmentation,50,0.7,0.2,chessboard,661,1,2
150,2268,46,18,1,369,22,876,40,post_fragmentation,50,0.7,0.2,chessboard,276,1,2
150,2268,46,18,1,369,22,876,40,post_fragmentation,50,0.7,0.2,chessboard,306,1,2
150,2268,46,18,1,369,22,876,40,post_fragmentation,50,0.7,0.2,chessboard,308,1,2
150,2268,46,18,1,369,22,876,40,post_fragmentation,50,0.7,0.2,chessboard,329,2,2
150,2268,46,18,1,369,22,876,40,post_fragmentation,50,0.7,0.2,chessboard,355,2,2
150,2268,46,18,1,369,22,876,40,post_fragmentation,50,0.7,0.2,chessboard,359,1,2
150,2268,46,18,1,369,22,876,40,post_fragmentation,50,0.7,0.2,chessboard,362,2,2
150,2268,46,18,1,369,22,876,40,post_fragmentation,50,0.7,0.2,chessboard,371,6,2
150,2268,46,18,1,369,22,876,40,post_fragmentation,50,0.7,0.2,chessboard,385,3,2
150,2268,46,18,1,369,22,876,40,post_fragmentation,50,0.7,0.2,chessboard,406,2,2
150,2268,46,18,1,369,22,876,40,post_fragmentation,50,0.7,0.2,chessboard,414,2,2
150,2268,46,18,1,369,22,876,40,post_fragmentation,50,0.7,0.2,chessboard,438,3,2
150,2268,46,18,1,369,22,876,40,post_fragmentation,50,0.7,0.2,chessboard,439,2,2
150,2268,46,18,1,369,22,876,40,post_fragmentation,50,0.7,0.2,chessboard,440,1,2
150,2268,46,18,1,369,22,876,40,post_fragmentation,50,0.7,0.2,chessboard,441,1,2
150,2268,46,18,1,369,22,876,40,post_fragmentation,50,0.7,0.2,chessboard,445,1,2
150,2268,46,18,1,369,22,876,40,post_fragmentation,50,0.7,0.2,chessboard,449,2,2
150,2268,46,18,1,369,22,876,40,post_fragmentation,50,0.7,0.2,chessboard,481,1,2
150,2268,46,18,1,369,22,876,40,post_fragmentation,50,0.7,0.2,chessboard,488,1,2
150,2268,46,18,1,369,22,876,40,post_fragmentation,50,0.7,0.2,chessboard,489,1,2
150,2268,46,18,1,369,22,876,40,post_fragmentation,50,0.7,0.2,chessboard,503,1,2
151,2270,46,20,1,369,22,876,40,post_fragmentation,50,0.7,0.2,chessboard,222,1,2
151,2270,46,20,1,369,22,876,40,post_fragmentation,50,0.7,0.2,chessboard,252,1,2
151,2270,46,20,1,369,22,876,40,post_fragmentation,50,0.7,0.2,chessboard,276,2,2
151,2270,46,20,1,369,22,876,40,post_fragmentation,50,0.7,0.2,chessboard,285,1,2
151,2270,46,20,1,369,22,876,40,post_fragmentation,50,0.7,0.2,chessboard,299,1,2
151,2270,46,20,1,369,22,876,40,post_fragmentation,50,0.7,0.2,chessboard,306,1,2
151,2270,46,20,1,369,22,876,40,post_fragmentation,50,0.7,0.2,chessboard,312,1,2
151,2270,46,20,1,369,22,876,40,post_fragmentation,50,0.7,0.2,chessboard,324,2,2
151,2270,46,20,1,369,22,876,40,post_fragmentation,50,0.7,0.2,chessboard,325,1,2
151,2270,46,20,1,369,22,876,40,post_fragmentation,50,0.7,0.2,chessboard,332,3,2
151,2270,46,20,1,369,22,876,40,post_fragmentation,50,0.7,0.2,chessboard,347,3,2
151,2270,46,20,1,369,22,876,40,post_fragmentation,50,0.7,0.2,chessboard,350,2,2
151,2270,46,20,1,369,22,876,40,post_fragmentation,50,0.7,0.2,chessboard,351,3,2
151,2270,46,20,1,369,22,876,40,post_fragmentation,50,0.7,0.2,chessboard,355,3,2
151,2270,46,20,1,369,22,876,40,post_fragmentation,50,0.7,0.2,chessboard,358,1,2
151,2270,46,20,1,369,22,876,40,post_fragmentation,50,0.7,0.2,chessboard,362,1,2
151,2270,46,20,1,369,22,876,40,post_fragmentation,50,0.7,0.2,chessboard,385,1,2
151,2270,46,20,1,369,22,876,40,post_fragmentation,50,0.7,0.2,chessboard,391,1,2
151,2270,46,20,1,369,22,876,40,post_fragmentation,50,0.7,0.2,chessboard,396,1,2
151,2270,46,20,1,369,22,876,40,post_fragmentation,50,0.7,0.2,chessboard,406,1,2
151,2270,46,20,1,369,22,876,40,post_fragmentation,50,0.7,0.2,chessboard,407,1,2
151,2270,46,20,1,369,22,876,40,post_fragmentation,50,0.7,0.2,chessboard,414,1,2
151,2270,46,20,1,369,22,876,40,post_fragmentation,50,0.7,0.2,chessboard,425,2,2
151,2270,46,20,1,369,22,876,40,post_fragmentation,50,0.7,0.2,chessboard,427,1,2
151,2270,46,20,1,369,22,876,40,post_fragmentation,50,0.7,0.2,chessboard,433,1,2
151,2270,46,20,1,369,22,876,40,post_fragmentation,50,0.7,0.2,chessboard,438,1,2
151,2270,46,20,1,369,22,876,40,post_fragmentation,50,0.7,0.2,chessboard,450,1,2
151,2270,46,20,1,369,22,876,40,post_fragmentation,50,0.7,0.2,chessboard,506,1,2
151,2270,46,20,1,369,22,876,40,post_fragmentation,50,0.7,0.2,chessboard,510,1,2
152,2272,46,22,1,369,22,876,40,post_fragmentation,50,0.7,0.2,chessboard,102,1,2
152,2272,46,22,1,369,22,876,40,post_fragmentation,50,0.7,0.2,chessboard,197,1,2
152,2272,46,22,1,369,22,876,40,post_fragmentation,50,0.7,0.2,chessboard,237,1,2
152,2272,46,22,1,369,22,876,40,post_fragmentation,50,0.7,0.2,chessboard,253,1,2
152,2272,46,22,1,369,22,876,40,post_fragmentation,50,0.7,0.2,chessboard,276,1,2
152,2272,46,22,1,369,22,876,40,post_fragmentation,50,0.7,0.2,chessboard,290,1,2
152,2272,46,22,1,369,22,876,40,post_fragmentation,50,0.7,0.2,chessboard,304,1,2
152,2272,46,22,1,369,22,876,40,post_fragmentation,50,0.7,0.2,chessboard,312,3,2
152,2272,46,22,1,369,22,876,40,post_fragmentation,50,0.7,0.2,chessboard,318,1,2
152,2272,46,22,1,369,22,876,40,post_fragmentation,50,0.7,0.2,chessboard,324,1,2
152,2272,46,22,1,369,22,876,40,post_fragmentation,50,0.7,0.2,chessboard,351,2,2
152,2272,46,22,1,369,22,876,40,post_fragmentation,50,0.7,0.2,chessboard,355,1,2
152,2272,46,22,1,369,22,876,40,post_fragmentation,50,0.7,0.2,chessboard,362,1,2
152,2272,46,22,1,369,22,876,40,post_fragmentation,50,0.7,0.2,chessboard,371,1,2
152,2272,46,22,1,369,22,876,40,post_fragmentation,50,0.7,0.2,chessboard,383,3,2
152,2272,46,22,1,369,22,876,40,post_fragmentation,50,0.7,0.2,chessboard,396,1,2
152,2272,46,22,1,369,22,876,40,post_fragmentation,50,0.7,0.2,chessboard,397,2,2
152,2272,46,22,1,369,22,876,40,post_fragmentation,50,0.7,0.2,chessboard,433,1,2
152,2272,46,22,1,369,22,876,40,post_fragmentation,50,0.7,0.2,chessboard,441,1,2
152,2272,46,22,1,369,22,876,40,post_fragmentation,50,0.7,0.2,chessboard,449,2,2
152,2272,46,22,1,369,22,876,40,post_fragmentation,50,0.7,0.2,chessboard,458,1,2
153,2274,46,24,1,369,22,876,40,post_fragmentation,50,0.7,0.2,chessboard,167,1,2
153,2274,46,24,1,369,22,876,40,post_fragmentation,50,0.7,0.2,chessboard,244,2,2
153,2274,46,24,1,369,22,876,40,post_fragmentation,50,0.7,0.2,chessboard,274,1,2
153,2274,46,24,1,369,22,876,40,post_fragmentation,50,0.7,0.2,chessboard,278,1,2
153,2274,46,24,1,369,22,876,40,post_fragmentation,50,0.7,0.2,chessboard,282,1,2
153,2274,46,24,1,369,22,876,40,post_fragmentation,50,0.7,0.2,chessboard,284,1,2
153,2274,46,24,1,369,22,876,40,post_fragmentation,50,0.7,0.2,chessboard,285,1,2
153,2274,46,24,1,369,22,876,40,post_fragmentation,50,0.7,0.2,chessboard,298,1,2
153,2274,46,24,1,369,22,876,40,post_fragmentation,50,0.7,0.2,chessboard,299,2,2
153,2274,46,24,1,369,22,876,40,post_fragmentation,50,0.7,0.2,chessboard,306,2,2
153,2274,46,24,1,369,22,876,40,post_fragmentation,50,0.7,0.2,chessboard,308,5,2
153,2274,46,24,1,369,22,876,40,post_fragmentation,50,0.7,0.2,chessboard,318,1,2
153,2274,46,24,1,369,22,876,40,post_fragmentation,50,0.7,0.2,chessboard,322,1,2
153,2274,46,24,1,369,22,876,40,post_fragmentation,50,0.7,0.2,chessboard,324,1,2
153,2274,46,24,1,369,22,876,40,post_fragmentation,50,0.7,0.2,chessboard,329,1,2
153,2274,46,24,1,369,22,876,40,post_fragmentation,50,0.7,0.2,chessboard,330,1,2
153,2274,46,24,1,369,22,876,40,post_fragmentation,50,0.7,0.2,chessboard,355,4,2
153,2274,46,24,1,369,22,876,40,post_fragmentation,50,0.7,0.2,chessboard,357,2,2
153,2274,46,24,1,369,22,876,40,post_fragmentation,50,0.7,0.2,chessboard,359,2,2
153,2274,46,24,1,369,22,876,40,post_fragmentation,50,0.7,0.2,chessboard,396,1,2
153,2274,46,24,1,369,22,876,40,post_fragmentation,50,0.7,0.2,chessboard,432,1,2
153,2274,46,24,1,369,22,876,40,post_fragmentation,50,0.7,0.2,chessboard,450,2,2
154,2276,46,26,1,369,22,876,40,post_fragmentation,50,0.7,0.2,chessboard,251,1,2
154,2276,46,26,1,369,22,876,40,post_fragmentation,50,0.7,0.2,chessboard,278,1,2
154,2276,46,26,1,369,22,876,40,post_fragmentation,50,0.7,0.2,chessboard,285,1,2
154,2276,46,26,1,369,22,876,40,post_fragmentation,50,0.7,0.2,chessboard,287,1,2
154,2276,46,26,1,369,22,876,40,post_fragmentation,50,0.7,0.2,chessboard,298,1,2
154,2276,46,26,1,369,22,876,40,post_fragmentation,50,0.7,0.2,chessboard,318,3,2
154,2276,46,26,1,369,22,876,40,post_fragmentation,50,0.7,0.2,chessboard,329,1,2
154,2276,46,26,1,369,22,876,40,post_fragmentation,50,0.7,0.2,chessboard,330,1,2
154,2276,46,26,1,369,22,876,40,post_fragmentation,50,0.7,0.2,chessboard,331,1,2
154,2276,46,26,1,369,22,876,40,post_fragmentation,50,0.7,0.2,chessboard,332,2,2
154,2276,46,26,1,369,22,876,40,post_fragmentation,50,0.7,0.2,chessboard,343,1,2
154,2276,46,26,1,369,22,876,40,post_fragmentation,50,0.7,0.2,chessboard,350,2,2
154,2276,46,26,1,369,22,876,40,post_fragmentation,50,0.7,0.2,chessboard,351,1,2
154,2276,46,26,1,369,22,876,40,post_fragmentation,50,0.7,0.2,chessboard,355,1,2
154,2276,46,26,1,369,22,876,40,post_fragmentation,50,0.7,0.2,chessboard,358,1,2
154,2276,46,26,1,369,22,876,40,post_fragmentation,50,0.7,0.2,chessboard,359,1,2
154,2276,46,26,1,369,22,876,40,post_fragmentation,50,0.7,0.2,chessboard,381,1,2
154,2276,46,26,1,369,22,876,40,post_fragmentation,50,0.7,0.2,chessboard,407,1,2
154,2276,46,26,1,369,22,876,40,post_fragmentation,50,0.7,0.2,chessboard,410,1,2
154,2276,46,26,1,369,22,876,40,post_fragmentation,50,0.7,0.2,chessboard,413,1,2
154,2276,46,26,1,369,22,876,40,post_fragmentation,50,0.7,0.2,chessboard,414,3,2
154,2276,46,26,1,369,22,876,40,post_fragmentation,50,0.7,0.2,chessboard,420,1,2
154,2276,46,26,1,369,22,876,40,post_fragmentation,50,0.7,0.2,chessboard,425,2,2
154,2276,46,26,1,369,22,876,40,post_fragmentation,50,0.7,0.2,chessboard,426,1,2
154,2276,46,26,1,369,22,876,40,post_fragmentation,50,0.7,0.2,chessboard,427,1,2
154,2276,46,26,1,369,22,876,40,post_fragmentation,50,0.7,0.2,chessboard,441,1,2
154,2276,46,26,1,369,22,876,40,post_fragmentation,50,0.7,0.2,chessboard,450,2,2
154,2276,46,26,1,369,22,876,40,post_fragmentation,50,0.7,0.2,chessboard,454,1,2
155,2315,47,15,1,369,22,876,40,post_fragmentation,50,0.7,0.2,chessboard,304,1,2
155,2315,47,15,1,369,22,876,40,post_fragmentation,50,0.7,0.2,chessboard,326,2,2
155,2315,47,15,1,369,22,876,40,post_fragmentation,50,0.7,0.2,chessboard,350,1,2
155,2315,47,15,1,369,22,876,40,post_fragmentation,50,0.7,0.2,chessboard,365,1,2
155,2315,47,15,1,369,22,876,40,post_fragmentation,50,0.7,0.2,chessboard,391,3,2
155,2315,47,15,1,369,22,876,40,post_fragmentation,50,0.7,0.2,chessboard,394,1,2
155,2315,47,15,1,369,22,876,40,post_fragmentation,50,0.7,0.2,chessboard,396,1,2
155,2315,47,15,1,369,22,876,40,post_fragmentation,50,0.7,0.2,chessboard,426,1,2
155,2315,47,15,1,369,22,876,40,post_fragmentation,50,0.7,0.2,chessboard,427,1,2
155,2315,47,15,1,369,22,876,40,post_fragmentation,50,0.7,0.2,chessboard,438,1,2
155,2315,47,15,1,369,22,876,40,post_fragmentation,50,0.7,0.2,chessboard,445,1,2
155,2315,47,15,1,369,22,876,40,post_fragmentation,50,0.7,0.2,chessboard,450,4,2
155,2315,47,15,1,369,22,876,40,post_fragmentation,50,0.7,0.2,chessboard,455,1,2
155,2315,47,15,1,369,22,876,40,post_fragmentation,50,0.7,0.2,chessboard,458,1,2
155,2315,47,15,1,369,22,876,40,post_fragmentation,50,0.7,0.2,chessboard,471,3,2
155,2315,47,15,1,369,22,876,40,post_fragmentation,50,0.7,0.2,chessboard,506,1,2
155,2315,47,15,1,369,22,876,40,post_fragmentation,50,0.7,0.2,chessboard,510,1,2
155,2315,47,15,1,369,22,876,40,post_fragmentation,50,0.7,0.2,chessboard,516,1,2
155,2315,47,15,1,369,22,876,40,post_fragmentation,50,0.7,0.2,chessboard,519,1,2
155,2315,47,15,1,369,22,876,40,post_fragmentation,50,0.7,0.2,chessboard,521,1,2
155,2315,47,15,1,369,22,876,40,post_fragmentation,50,0.7,0.2,chessboard,524,1,2
155,2315,47,15,1,369,22,876,40,post_fragmentation,50,0.7,0.2,chessboard,550,1,2
155,2315,47,15,1,369,22,876,40,post_fragmentation,50,0.7,0.2,chessboard,558,1,2
155,2315,47,15,1,369,22,876,40,post_fragmentation,50,0.7,0.2,chessboard,567,1,2
155,2315,47,15,1,369,22,876,40,post_fragmentation,50,0.7,0.2,chessboard,572,1,2
156,2317,47,17,1,369,22,876,40,post_fragmentation,50,0.7,0.2,chessboard,243,1,2
156,2317,47,17,1,369,22,876,40,post_fragmentation,50,0.7,0.2,chessboard,312,2,2
156,2317,47,17,1,369,22,876,40,post_fragmentation,50,0.7,0.2,chessboard,329,1,2
156,2317,47,17,1,369,22,876,40,post_fragmentation,50,0.7,0.2,chessboard,350,2,2
156,2317,47,17,1,369,22,876,40,post_fragmentation,50,0.7,0.2,chessboard,359,1,2
156,2317,47,17,1,369,22,876,40,post_fragmentation,50,0.7,0.2,chessboard,365,1,2
156,2317,47,17,1,369,22,876,40,post_fragmentation,50,0.7,0.2,chessboard,369,1,2
156,2317,47,17,1,369,22,876,40,post_fragmentation,50,0.7,0.2,chessboard,371,1,2
156,2317,47,17,1,369,22,876,40,post_fragmentation,50,0.7,0.2,chessboard,374,1,2
156,2317,47,17,1,369,22,876,40,post_fragmentation,50,0.7,0.2,chessboard,400,1,2
156,2317,47,17,1,369,22,876,40,post_fragmentation,50,0.7,0.2,chessboard,408,1,2
156,2317,47,17,1,369,22,876,40,post_fragmentation,50,0.7,0.2,chessboard,427,2,2
156,2317,47,17,1,369,22,876,40,post_fragmentation,50,0.7,0.2,chessboard,433,1,2
156,2317,47,17,1,369,22,876,40,post_fragmentation,50,0.7,0.2,chessboard,438,3,2
156,2317,47,17,1,369,22,876,40,post_fragmentation,50,0.7,0.2,chessboard,440,1,2
156,2317,47,17,1,369,22,876,40,post_fragmentation,50,0.7,0.2,chessboard,441,2,2
156,2317,47,17,1,369,22,876,40,post_fragmentation,50,0.7,0.2,chessboard,445,2,2
156,2317,47,17,1,369,22,876,40,post_fragmentation,50,0.7,0.2,chessboard,450,1,2
156,2317,47,17,1,369,22,876,40,post_fragmentation,50,0.7,0.2,chessboard,458,1,2
156,2317,47,17,1,369,22,876,40,post_fragmentation,50,0.7,0.2,chessboard,471,3,2
156,2317,47,17,1,369,22,876,40,post_fragmentation,50,0.7,0.2,chessboard,486,6,2
156,2317,47,17,1,369,22,876,40,post_fragmentation,50,0.7,0.2,chessboard,488,1,2
156,2317,47,17,1,369,22,876,40,post_fragmentation,50,0.7,0.2,chessboard,510,3,2
156,2317,47,17,1,369,22,876,40,post_fragmentation,50,0.7,0.2,chessboard,521,1,2
156,2317,47,17,1,369,22,876,40,post_fragmentation,50,0.7,0.2,chessboard,628,1,2
157,2319,47,19,1,369,22,876,40,post_fragmentation,50,0.7,0.2,chessboard,291,1,2
157,2319,47,19,1,369,22,876,40,post_fragmentation,50,0.7,0.2,chessboard,308,1,2
157,2319,47,19,1,369,22,876,40,post_fragmentation,50,0.7,0.2,chessboard,314,1,2
157,2319,47,19,1,369,22,876,40,post_fragmentation,50,0.7,0.2,chessboard,331,2,2
157,2319,47,19,1,369,22,876,40,post_fragmentation,50,0.7,0.2,chessboard,347,2,2
157,2319,47,19,1,369,22,876,40,post_fragmentation,50,0.7,0.2,chessboard,350,4,2
157,2319,47,19,1,369,22,876,40,post_fragmentation,50,0.7,0.2,chessboard,355,1,2
157,2319,47,19,1,369,22,876,40,post_fragmentation,50,0.7,0.2,chessboard,385,1,2
157,2319,47,19,1,369,22,876,40,post_fragmentation,50,0.7,0.2,chessboard,407,1,2
157,2319,47,19,1,369,22,876,40,post_fragmentation,50,0.7,0.2,chessboard,411,1,2
157,2319,47,19,1,369,22,876,40,post_fragmentation,50,0.7,0.2,chessboard,414,2,2
157,2319,47,19,1,369,22,876,40,post_fragmentation,50,0.7,0.2,chessboard,425,4,2
157,2319,47,19,1,369,22,876,40,post_fragmentation,50,0.7,0.2,chessboard,426,3,2
157,2319,47,19,1,369,22,876,40,post_fragmentation,50,0.7,0.2,chessboard,427,1,2
157,2319,47,19,1,369,22,876,40,post_fragmentation,50,0.7,0.2,chessboard,432,3,2
157,2319,47,19,1,369,22,876,40,post_fragmentation,50,0.7,0.2,chessboard,438,2,2
157,2319,47,19,1,369,22,876,40,post_fragmentation,50,0.7,0.2,chessboard,441,1,2
157,2319,47,19,1,369,22,876,40,post_fragmentation,50,0.7,0.2,chessboard,446,1,2
157,2319,47,19,1,369,22,876,40,post_fragmentation,50,0.7,0.2,chessboard,450,1,2
157,2319,47,19,1,369,22,876,40,post_fragmentation,50,0.7,0.2,chessboard,458,1,2
157,2319,47,19,1,369,22,876,40,post_fragmentation,50,0.7,0.2,chessboard,489,1,2
157,2319,47,19,1,369,22,876,40,post_fragmentation,50,0.7,0.2,chessboard,504,1,2
157,2319,47,19,1,369,22,876,40,post_fragmentation,50,0.7,0.2,chessboard,521,1,2
158,2321,47,21,1,369,22,876,40,post_fragmentation,50,0.7,0.2,chessboard,291,2,2
158,2321,47,21,1,369,22,876,40,post_fragmentation,50,0.7,0.2,chessboard,295,1,2
158,2321,47,21,1,369,22,876,40,post_fragmentation,50,0.7,0.2,chessboard,299,1,2
158,2321,47,21,1,369,22,876,40,post_fragmentation,50,0.7,0.2,chessboard,304,1,2
158,2321,47,21,1,369,22,876,40,post_fragmentation,50,0.7,0.2,chessboard,312,2,2
158,2321,47,21,1,369,22,876,40,post_fragmentation,50,0.7,0.2,chessboard,325,1,2
158,2321,47,21,1,369,22,876,40,post_fragmentation,50,0.7,0.2,chessboard,331,1,2
158,2321,47,21,1,369,22,876,40,post_fragmentation,50,0.7,0.2,chessboard,351,2,2
158,2321,47,21,1,369,22,876,40,post_fragmentation,50,0.7,0.2,chessboard,355,3,2
158,2321,47,21,1,369,22,876,40,post_fragmentation,50,0.7,0.2,chessboard,357,1,2
158,2321,47,21,1,369,22,876,40,post_fragmentation,50,0.7,0.2,chessboard,358,1,2
158,2321,47,21,1,369,22,876,40,post_fragmentation,50,0.7,0.2,chessboard,362,1,2
158,2321,47,21,1,369,22,876,40,post_fragmentation,50,0.7,0.2,chessboard,365,1,2
158,2321,47,21,1,369,22,876,40,post_fragmentation,50,0.7,0.2,chessboard,371,1,2
158,2321,47,21,1,369,22,876,40,post_fragmentation,50,0.7,0.2,chessboard,383,1,2
158,2321,47,21,1,369,22,876,40,post_fragmentation,50,0.7,0.2,chessboard,388,1,2
158,2321,47,21,1,369,22,876,40,post_fragmentation,50,0.7,0.2,chessboard,396,2,2
158,2321,47,21,1,369,22,876,40,post_fragmentation,50,0.7,0.2,chessboard,397,1,2
158,2321,47,21,1,369,22,876,40,post_fragmentation,50,0.7,0.2,chessboard,411,2,2
158,2321,47,21,1,369,22,876,40,post_fragmentation,50,0.7,0.2,chessboard,425,1,2
158,2321,47,21,1,369,22,876,40,post_fragmentation,50,0.7,0.2,chessboard,438,1,2
158,2321,47,21,1,369,22,876,40,post_fragmentation,50,0.7,0.2,chessboard,441,1,2
158,2321,47,21,1,369,22,876,40,post_fragmentation,50,0.7,0.2,chessboard,449,3,2
158,2321,47,21,1,369,22,876,40,post_fragmentation,50,0.7,0.2,chessboard,458,6,2
159,2323,47,23,1,369,22,876,40,post_fragmentation,50,0.7,0.2,chessboard,175,1,2
159,2323,47,23,1,369,22,876,40,post_fragmentation,50,0.7,0.2,chessboard,210,1,2
159,2323,47,23,1,369,22,876,40,post_fragmentation,50,0.7,0.2,chessboard,299,1,2
159,2323,47,23,1,369,22,876,40,post_fragmentation,50,0.7,0.2,chessboard,309,1,2
159,2323,47,23,1,369,22,876,40,post_fragmentation,50,0.7,0.2,chessboard,314,1,2
159,2323,47,23,1,369,22,876,40,post_fragmentation,50,0.7,0.2,chessboard,351,4,2
159,2323,47,23,1,369,22,876,40,post_fragmentation,50,0.7,0.2,chessboard,355,3,2
159,2323,47,23,1,369,22,876,40,post_fragmentation,50,0.7,0.2,chessboard,358,1,2
159,2323,47,23,1,369,22,876,40,post_fragmentation,50,0.7,0.2,chessboard,359,1,2
159,2323,47,23,1,369,22,876,40,post_fragmentation,50,0.7,0.2,chessboard,362,2,2
159,2323,47,23,1,369,22,876,40,post_fragmentation,50,0.7,0.2,chessboard,412,2,2
159,2323,47,23,1,369,22,876,40,post_fragmentation,50,0.7,0.2,chessboard,413,1,2
159,2323,47,23,1,369,22,876,40,post_fragmentation,50,0.7,0.2,chessboard,414,1,2
159,2323,47,23,1,369,22,876,40,post_fragmentation,50,0.7,0.2,chessboard,425,1,2
159,2323,47,23,1,369,22,876,40,post_fragmentation,50,0.7,0.2,chessboard,433,1,2
159,2323,47,23,1,369,22,876,40,post_fragmentation,50,0.7,0.2,chessboard,439,1,2
159,2323,47,23,1,369,22,876,40,post_fragmentation,50,0.7,0.2,chessboard,445,3,2
159,2323,47,23,1,369,22,876,40,post_fragmentation,50,0.7,0.2,chessboard,449,1,2
159,2323,47,23,1,369,22,876,40,post_fragmentation,50,0.7,0.2,chessboard,458,1,2
159,2323,47,23,1,369,22,876,40,post_fragmentation,50,0.7,0.2,chessboard,471,1,2
159,2323,47,23,1,369,22,876,40,post_fragmentation,50,0.7,0.2,chessboard,486,1,2
159,2323,47,23,1,369,22,876,40,post_fragmentation,50,0.7,0.2,chessboard,501,2,2
159,2323,47,23,1,369,22,876,40,post_fragmentation,50,0.7,0.2,chessboard,512,1,2
159,2323,47,23,1,369,22,876,40,post_fragmentation,50,0.7,0.2,chessboard,546,1,2
160,2325,47,25,1,369,22,876,40,post_fragmentation,50,0.7,0.2,chessboard,224,1,2
160,2325,47,25,1,369,22,876,40,post_fragmentation,50,0.7,0.2,chessboard,306,1,2
160,2325,47,25,1,369,22,876,40,post_fragmentation,50,0.7,0.2,chessboard,311,1,2
160,2325,47,25,1,369,22,876,40,post_fragmentation,50,0.7,0.2,chessboard,325,1,2
160,2325,47,25,1,369,22,876,40,post_fragmentation,50,0.7,0.2,chessboard,340,1,2
160,2325,47,25,1,369,22,876,40,post_fragmentation,50,0.7,0.2,chessboard,355,1,2
160,2325,47,25,1,369,22,876,40,post_fragmentation,50,0.7,0.2,chessboard,391,1,2
160,2325,47,25,1,369,22,876,40,post_fragmentation,50,0.7,0.2,chessboard,407,4,2
160,2325,47,25,1,369,22,876,40,post_fragmentation,50,0.7,0.2,chessboard,411,3,2
160,2325,47,25,1,369,22,876,40,post_fragmentation,50,0.7,0.2,chessboard,414,1,2
160,2325,47,25,1,369,22,876,40,post_fragmentation,50,0.7,0.2,chessboard,425,2,2
160,2325,47,25,1,369,22,876,40,post_fragmentation,50,0.7,0.2,chessboard,426,1,2
160,2325,47,25,1,369,22,876,40,post_fragmentation,50,0.7,0.2,chessboard,427,1,2
160,2325,47,25,1,369,22,876,40,post_fragmentation,50,0.7,0.2,chessboard,432,1,2
160,2325,47,25,1,369,22,876,40,post_fragmentation,50,0.7,0.2,chessboard,435,2,2
160,2325,47,25,1,369,22,876,40,post_fragmentation,50,0.7,0.2,chessboard,439,1,2
160,2325,47,25,1,369,22,876,40,post_fragmentation,50,0.7,0.2,chessboard,441,1,2
160,2325,47,25,1,369,22,876,40,post_fragmentation,50,0.7,0.2,chessboard,449,2,2
160,2325,47,25,1,369,22,876,40,post_fragmentation,50,0.7,0.2,chessboard,450,1,2
160,2325,47,25,1,369,22,876,40,post_fragmentation,50,0.7,0.2,chessboard,472,1,2
160,2325,47,25,1,369,22,876,40,post_fragmentation,50,0.7,0.2,chessboard,474,1,2
160,2325,47,25,1,369,22,876,40,post_fragmentation,50,0.7,0.2,chessboard,475,2,2
160,2325,47,25,1,369,22,876,40,post_fragmentation,50,0.7,0.2,chessboard,487,1,2
160,2325,47,25,1,369,22,876,40,post_fragmentation,50,0.7,0.2,chessboard,503,2,2
160,2325,47,25,1,369,22,876,40,post_fragmentation,50,0.7,0.2,chessboard,512,1,2
160,2325,47,25,1,369,22,876,40,post_fragmentation,50,0.7,0.2,chessboard,526,2,2
160,2325,47,25,1,369,22,876,40,post_fragmentation,50,0.7,0.2,chessboard,547,2,2
160,2325,47,25,1,369,22,876,40,post_fragmentation,50,0.7,0.2,chessboard,559,1,2
160,2325,47,25,1,369,22,876,40,post_fragmentation,50,0.7,0.2,chessboard,564,1,2
160,2325,47,25,1,369,22,876,40,post_fragmentation,50,0.7,0.2,chessboard,580,1,2
161,2327,47,27,1,369,22,876,40,post_fragmentation,50,0.7,0.2,chessboard,332,1,2
161,2327,47,27,1,369,22,876,40,post_fragmentation,50,0.7,0.2,chessboard,350,1,2
161,2327,47,27,1,369,22,876,40,post_fragmentation,50,0.7,0.2,chessboard,351,1,2
161,2327,47,27,1,369,22,876,40,post_fragmentation,50,0.7,0.2,chessboard,381,1,2
161,2327,47,27,1,369,22,876,40,post_fragmentation,50,0.7,0.2,chessboard,383,1,2
161,2327,47,27,1,369,22,876,40,post_fragmentation,50,0.7,0.2,chessboard,414,2,2
161,2327,47,27,1,369,22,876,40,post_fragmentation,50,0.7,0.2,chessboard,420,1,2
161,2327,47,27,1,369,22,876,40,post_fragmentation,50,0.7,0.2,chessboard,425,1,2
161,2327,47,27,1,369,22,876,40,post_fragmentation,50,0.7,0.2,chessboard,427,1,2
161,2327,47,27,1,369,22,876,40,post_fragmentation,50,0.7,0.2,chessboard,433,2,2
161,2327,47,27,1,369,22,876,40,post_fragmentation,50,0.7,0.2,chessboard,482,1,2
161,2327,47,27,1,369,22,876,40,post_fragmentation,50,0.7,0.2,chessboard,487,3,2
161,2327,47,27,1,369,22,876,40,post_fragmentation,50,0.7,0.2,chessboard,488,2,2
161,2327,47,27,1,369,22,876,40,post_fragmentation,50,0.7,0.2,chessboard,513,1,2
161,2327,47,27,1,369,22,876,40,post_fragmentation,50,0.7,0.2,chessboard,527,4,2
161,2327,47,27,1,369,22,876,40,post_fragmentation,50,0.7,0.2,chessboard,546,2,2
161,2327,47,27,1,369,22,876,40,post_fragmentation,50,0.7,0.2,chessboard,547,6,2
161,2327,47,27,1,369,22,876,40,post_fragmentation,50,0.7,0.2,chessboard,564,3,2
161,2327,47,27,1,369,22,876,40,post_fragmentation,50,0.7,0.2,chessboard,604,1,2
162,2358,48,8,2,6,22,876,40,post_fragmentation,50,0.7,0.2,chessboard,580,1,2
162,2358,48,8,2,6,22,876,40,post_fragmentation,50,0.7,0.2,chessboard,646,1,2
162,2358,48,8,2,6,22,876,40,post_fragmentation,50,0.7,0.2,chessboard,657,1,2
162,2358,48,8,2,6,22,876,40,post_fragmentation,50,0.7,0.2,chessboard,661,1,2
162,2358,48,8,2,6,22,876,40,post_fragmentation,50,0.7,0.2,chessboard,671,1,2
162,2358,48,8,2,6,22,876,40,post_fragmentation,50,0.7,0.2,chessboard,679,1,2
162,2358,48,8,2,6,22,876,40,post_fragmentation,50,0.7,0.2,chessboard,681,1,2
162,2358,48,8,2,6,22,876,40,post_fragmentation,50,0.7,0.2,chessboard,700,5,2
162,2358,48,8,2,6,22,876,40,post_fragmentation,50,0.7,0.2,chessboard,725,1,2
162,2358,48,8,2,6,22,876,40,post_fragmentation,50,0.7,0.2,chessboard,740,2,2
162,2358,48,8,2,6,22,876,40,post_fragmentation,50,0.7,0.2,chessboard,749,1,2
162,2358,48,8,2,6,22,876,40,post_fragmentation,50,0.7,0.2,chessboard,751,5,2
162,2358,48,8,2,6,22,876,40,post_fragmentation,50,0.7,0.2,chessboard,752,1,2
162,2358,48,8,2,6,22,876,40,post_fragmentation,50,0.7,0.2,chessboard,759,3,2
162,2358,48,8,2,6,22,876,40,post_fragmentation,50,0.7,0.2,chessboard,760,1,2
162,2358,48,8,2,6,22,876,40,post_fragmentation,50,0.7,0.2,chessboard,762,2,2
162,2358,48,8,2,6,22,876,40,post_fragmentation,50,0.7,0.2,chessboard,763,1,2
162,2358,48,8,2,6,22,876,40,post_fragmentation,50,0.7,0.2,chessboard,766,1,2
162,2358,48,8,2,6,22,876,40,post_fragmentation,50,0.7,0.2,chessboard,774,1,2
162,2358,48,8,2,6,22,876,40,post_fragmentation,50,0.7,0.2,chessboard,775,1,2
162,2358,48,8,2,6,22,876,40,post_fragmentation,50,0.7,0.2,chessboard,783,1,2
162,2358,48,8,2,6,22,876,40,post_fragmentation,50,0.7,0.2,chessboard,856,2,2
162,2358,48,8,2,6,22,876,40,post_fragmentation,50,0.7,0.2,chessboard,904,1,2
163,2360,48,10,2,6,22,876,40,post_fragmentation,50,0.7,0.2,chessboard,532,1,2
163,2360,48,10,2,6,22,876,40,post_fragmentation,50,0.7,0.2,chessboard,572,1,2
163,2360,48,10,2,6,22,876,40,post_fragmentation,50,0.7,0.2,chessboard,587,1,2
163,2360,48,10,2,6,22,876,40,post_fragmentation,50,0.7,0.2,chessboard,589,1,2
163,2360,48,10,2,6,22,876,40,post_fragmentation,50,0.7,0.2,chessboard,610,1,2
163,2360,48,10,2,6,22,876,40,post_fragmentation,50,0.7,0.2,chessboard,657,1,2
163,2360,48,10,2,6,22,876,40,post_fragmentation,50,0.7,0.2,chessboard,659,1,2
163,2360,48,10,2,6,22,876,40,post_fragmentation,50,0.7,0.2,chessboard,671,1,2
163,2360,48,10,2,6,22,876,40,post_fragmentation,50,0.7,0.2,chessboard,679,2,2
163,2360,48,10,2,6,22,876,40,post_fragmentation,50,0.7,0.2,chessboard,689,1,2
163,2360,48,10,2,6,22,876,40,post_fragmentation,50,0.7,0.2,chessboard,696,1,2
163,2360,48,10,2,6,22,876,40,post_fragmentation,50,0.7,0.2,chessboard,700,3,2
163,2360,48,10,2,6,22,876,40,post_fragmentation,50,0.7,0.2,chessboard,707,3,2
163,2360,48,10,2,6,22,876,40,post_fragmentation,50,0.7,0.2,chessboard,725,2,2
163,2360,48,10,2,6,22,876,40,post_fragmentation,50,0.7,0.2,chessboard,748,2,2
163,2360,48,10,2,6,22,876,40,post_fragmentation,50,0.7,0.2,chessboard,749,1,2
163,2360,48,10,2,6,22,876,40,post_fragmentation,50,0.7,0.2,chessboard,752,1,2
163,2360,48,10,2,6,22,876,40,post_fragmentation,50,0.7,0.2,chessboard,760,1,2
163,2360,48,10,2,6,22,876,40,post_fragmentation,50,0.7,0.2,chessboard,783,1,2
163,2360,48,10,2,6,22,876,40,post_fragmentation,50,0.7,0.2,chessboard,805,2,2
164,2364,48,14,1,369,22,876,40,post_fragmentation,50,0.7,0.2,chessboard,408,3,2
164,2364,48,14,1,369,22,876,40,post_fragmentation,50,0.7,0.2,chessboard,440,1,2
164,2364,48,14,1,369,22,876,40,post_fragmentation,50,0.7,0.2,chessboard,441,2,2
164,2364,48,14,1,369,22,876,40,post_fragmentation,50,0.7,0.2,chessboard,450,2,2
164,2364,48,14,1,369,22,876,40,post_fragmentation,50,0.7,0.2,chessboard,452,1,2
164,2364,48,14,1,369,22,876,40,post_fragmentation,50,0.7,0.2,chessboard,471,2,2
164,2364,48,14,1,369,22,876,40,post_fragmentation,50,0.7,0.2,chessboard,472,2,2
164,2364,48,14,1,369,22,876,40,post_fragmentation,50,0.7,0.2,chessboard,486,1,2
164,2364,48,14,1,369,22,876,40,post_fragmentation,50,0.7,0.2,chessboard,503,1,2
164,2364,48,14,1,369,22,876,40,post_fragmentation,50,0.7,0.2,chessboard,506,1,2
164,2364,48,14,1,369,22,876,40,post_fragmentation,50,0.7,0.2,chessboard,516,1,2
164,2364,48,14,1,369,22,876,40,post_fragmentation,50,0.7,0.2,chessboard,518,1,2
164,2364,48,14,1,369,22,876,40,post_fragmentation,50,0.7,0.2,chessboard,519,6,2
164,2364,48,14,1,369,22,876,40,post_fragmentation,50,0.7,0.2,chessboard,524,4,2
164,2364,48,14,1,369,22,876,40,post_fragmentation,50,0.7,0.2,chessboard,532,2,2
164,2364,48,14,1,369,22,876,40,post_fragmentation,50,0.7,0.2,chessboard,546,2,2
164,2364,48,14,1,369,22,876,40,post_fragmentation,50,0.7,0.2,chessboard,581,2,2
164,2364,48,14,1,369,22,876,40,post_fragmentation,50,0.7,0.2,chessboard,628,1,2
164,2364,48,14,1,369,22,876,40,post_fragmentation,50,0.7,0.2,chessboard,656,1,2
164,2364,48,14,1,369,22,876,40,post_fragmentation,50,0.7,0.2,chessboard,671,1,2
164,2364,48,14,1,369,22,876,40,post_fragmentation,50,0.7,0.2,chessboard,675,2,2
165,2366,48,16,1,369,22,876,40,post_fragmentation,50,0.7,0.2,chessboard,326,1,2
165,2366,48,16,1,369,22,876,40,post_fragmentation,50,0.7,0.2,chessboard,414,2,2
165,2366,48,16,1,369,22,876,40,post_fragmentation,50,0.7,0.2,chessboard,425,1,2
165,2366,48,16,1,369,22,876,40,post_fragmentation,50,0.7,0.2,chessboard,433,5,2
165,2366,48,16,1,369,22,876,40,post_fragmentation,50,0.7,0.2,chessboard,450,5,2
165,2366,48,16,1,369,22,876,40,post_fragmentation,50,0.7,0.2,chessboard,458,2,2
165,2366,48,16,1,369,22,876,40,post_fragmentation,50,0.7,0.2,chessboard,474,1,2
165,2366,48,16,1,369,22,876,40,post_fragmentation,50,0.7,0.2,chessboard,481,2,2
165,2366,48,16,1,369,22,876,40,post_fragmentation,50,0.7,0.2,chessboard,486,1,2
165,2366,48,16,1,369,22,876,40,post_fragmentation,50,0.7,0.2,chessboard,488,3,2
165,2366,48,16,1,369,22,876,40,post_fragmentation,50,0.7,0.2,chessboard,506,3,2
165,2366,48,16,1,369,22,876,40,post_fragmentation,50,0.7,0.2,chessboard,510,2,2
165,2366,48,16,1,369,22,876,40,post_fragmentation,50,0.7,0.2,chessboard,518,1,2
165,2366,48,16,1,369,22,876,40,post_fragmentation,50,0.7,0.2,chessboard,519,1,2
165,2366,48,16,1,369,22,876,40,post_fragmentation,50,0.7,0.2,chessboard,524,3,2
165,2366,48,16,1,369,22,876,40,post_fragmentation,50,0.7,0.2,chessboard,550,3,2
165,2366,48,16,1,369,22,876,40,post_fragmentation,50,0.7,0.2,chessboard,580,1,2
165,2366,48,16,1,369,22,876,40,post_fragmentation,50,0.7,0.2,chessboard,589,2,2
166,2368,48,18,1,369,22,876,40,post_fragmentation,50,0.7,0.2,chessboard,314,1,2
166,2368,48,18,1,369,22,876,40,post_fragmentation,50,0.7,0.2,chessboard,351,1,2
166,2368,48,18,1,369,22,876,40,post_fragmentation,50,0.7,0.2,chessboard,369,1,2
166,2368,48,18,1,369,22,876,40,post_fragmentation,50,0.7,0.2,chessboard,371,2,2
166,2368,48,18,1,369,22,876,40,post_fragmentation,50,0.7,0.2,chessboard,420,2,2
166,2368,48,18,1,369,22,876,40,post_fragmentation,50,0.7,0.2,chessboard,427,1,2
166,2368,48,18,1,369,22,876,40,post_fragmentation,50,0.7,0.2,chessboard,428,1,2
166,2368,48,18,1,369,22,876,40,post_fragmentation,50,0.7,0.2,chessboard,432,1,2
166,2368,48,18,1,369,22,876,40,post_fragmentation,50,0.7,0.2,chessboard,438,1,2
166,2368,48,18,1,369,22,876,40,post_fragmentation,50,0.7,0.2,chessboard,445,1,2
166,2368,48,18,1,369,22,876,40,post_fragmentation,50,0.7,0.2,chessboard,449,1,2
166,2368,48,18,1,369,22,876,40,post_fragmentation,50,0.7,0.2,chessboard,458,1,2
166,2368,48,18,1,369,22,876,40,post_fragmentation,50,0.7,0.2,chessboard,470,1,2
166,2368,48,18,1,369,22,876,40,post_fragmentation,50,0.7,0.2,chessboard,471,2,2
166,2368,48,18,1,369,22,876,40,post_fragmentation,50,0.7,0.2,chessboard,474,2,2
166,2368,48,18,1,369,22,876,40,post_fragmentation,50,0.7,0.2,chessboard,486,3,2
166,2368,48,18,1,369,22,876,40,post_fragmentation,50,0.7,0.2,chessboard,488,1,2
166,2368,48,18,1,369,22,876,40,post_fragmentation,50,0.7,0.2,chessboard,504,1,2
166,2368,48,18,1,369,22,876,40,post_fragmentation,50,0.7,0.2,chessboard,506,3,2
166,2368,48,18,1,369,22,876,40,post_fragmentation,50,0.7,0.2,chessboard,519,2,2
166,2368,48,18,1,369,22,876,40,post_fragmentation,50,0.7,0.2,chessboard,521,1,2
166,2368,48,18,1,369,22,876,40,post_fragmentation,50,0.7,0.2,chessboard,524,2,2
166,2368,48,18,1,369,22,876,40,post_fragmentation,50,0.7,0.2,chessboard,527,1,2
166,2368,48,18,1,369,22,876,40,post_fragmentation,50,0.7,0.2,chessboard,559,2,2
166,2368,48,18,1,369,22,876,40,post_fragmentation,50,0.7,0.2,chessboard,567,1,2
166,2368,48,18,1,369,22,876,40,post_fragmentation,50,0.7,0.2,chessboard,572,1,2
166,2368,48,18,1,369,22,876,40,post_fragmentation,50,0.7,0.2,chessboard,589,1,2
166,2368,48,18,1,369,22,876,40,post_fragmentation,50,0.7,0.2,chessboard,689,1,2
167,2370,48,20,1,369,22,876,40,post_fragmentation,50,0.7,0.2,chessboard,266,1,2
167,2370,48,20,1,369,22,876,40,post_fragmentation,50,0.7,0.2,chessboard,342,1,2
167,2370,48,20,1,369,22,876,40,post_fragmentation,50,0.7,0.2,chessboard,347,2,2
167,2370,48,20,1,369,22,876,40,post_fragmentation,50,0.7,0.2,chessboard,351,3,2
167,2370,48,20,1,369,22,876,40,post_fragmentation,50,0.7,0.2,chessboard,355,2,2
167,2370,48,20,1,369,22,876,40,post_fragmentation,50,0.7,0.2,chessboard,357,1,2
167,2370,48,20,1,369,22,876,40,post_fragmentation,50,0.7,0.2,chessboard,358,2,2
167,2370,48,20,1,369,22,876,40,post_fragmentation,50,0.7,0.2,chessboard,359,1,2
167,2370,48,20,1,369,22,876,40,post_fragmentation,50,0.7,0.2,chessboard,383,1,2
167,2370,48,20,1,369,22,876,40,post_fragmentation,50,0.7,0.2,chessboard,396,1,2
167,2370,48,20,1,369,22,876,40,post_fragmentation,50,0.7,0.2,chessboard,407,1,2
167,2370,48,20,1,369,22,876,40,post_fragmentation,50,0.7,0.2,chessboard,411,4,2
167,2370,48,20,1,369,22,876,40,post_fragmentation,50,0.7,0.2,chessboard,420,2,2
167,2370,48,20,1,369,22,876,40,post_fragmentation,50,0.7,0.2,chessboard,427,1,2
167,2370,48,20,1,369,22,876,40,post_fragmentation,50,0.7,0.2,chessboard,432,1,2
167,2370,48,20,1,369,22,876,40,post_fragmentation,50,0.7,0.2,chessboard,438,1,2
167,2370,48,20,1,369,22,876,40,post_fragmentation,50,0.7,0.2,chessboard,441,3,2
167,2370,48,20,1,369,22,876,40,post_fragmentation,50,0.7,0.2,chessboard,449,4,2
167,2370,48,20,1,369,22,876,40,post_fragmentation,50,0.7,0.2,chessboard,450,1,2
167,2370,48,20,1,369,22,876,40,post_fragmentation,50,0.7,0.2,chessboard,454,1,2
167,2370,48,20,1,369,22,876,40,post_fragmentation,50,0.7,0.2,chessboard,482,1,2
167,2370,48,20,1,369,22,876,40,post_fragmentation,50,0.7,0.2,chessboard,506,1,2
167,2370,48,20,1,369,22,876,40,post_fragmentation,50,0.7,0.2,chessboard,650,1,2
168,2372,48,22,1,369,22,876,40,post_fragmentation,50,0.7,0.2,chessboard,295,1,2
168,2372,48,22,1,369,22,876,40,post_fragmentation,50,0.7,0.2,chessboard,355,3,2
168,2372,48,22,1,369,22,876,40,post_fragmentation,50,0.7,0.2,chessboard,358,3,2
168,2372,48,22,1,369,22,876,40,post_fragmentation,50,0.7,0.2,chessboard,362,1,2
168,2372,48,22,1,369,22,876,40,post_fragmentation,50,0.7,0.2,chessboard,383,1,2
168,2372,48,22,1,369,22,876,40,post_fragmentation,50,0.7,0.2,chessboard,396,1,2
168,2372,48,22,1,369,22,876,40,post_fragmentation,50,0.7,0.2,chessboard,411,1,2
168,2372,48,22,1,369,22,876,40,post_fragmentation,50,0.7,0.2,chessboard,412,2,2
168,2372,48,22,1,369,22,876,40,post_fragmentation,50,0.7,0.2,chessboard,414,2,2
168,2372,48,22,1,369,22,876,40,post_fragmentation,50,0.7,0.2,chessboard,417,1,2
168,2372,48,22,1,369,22,876,40,post_fragmentation,50,0.7,0.2,chessboard,430,1,2
168,2372,48,22,1,369,22,876,40,post_fragmentation,50,0.7,0.2,chessboard,441,1,2
168,2372,48,22,1,369,22,876,40,post_fragmentation,50,0.7,0.2,chessboard,445,5,2
168,2372,48,22,1,369,22,876,40,post_fragmentation,50,0.7,0.2,chessboard,449,3,2
168,2372,48,22,1,369,22,876,40,post_fragmentation,50,0.7,0.2,chessboard,458,5,2
168,2372,48,22,1,369,22,876,40,post_fragmentation,50,0.7,0.2,chessboard,471,1,2
168,2372,48,22,1,369,22,876,40,post_fragmentation,50,0.7,0.2,chessboard,527,2,2
168,2372,48,22,1,369,22,876,40,post_fragmentation,50,0.7,0.2,chessboard,546,1,2
168,2372,48,22,1,369,22,876,40,post_fragmentation,50,0.7,0.2,chessboard,550,1,2
168,2372,48,22,1,369,22,876,40,post_fragmentation,50,0.7,0.2,chessboard,567,1,2
169,2374,48,24,1,369,22,876,40,post_fragmentation,50,0.7,0.2,chessboard,308,1,2
169,2374,48,24,1,369,22,876,40,post_fragmentation,50,0.7,0.2,chessboard,347,1,2
169,2374,48,24,1,369,22,876,40,post_fragmentation,50,0.7,0.2,chessboard,350,1,2
169,2374,48,24,1,369,22,876,40,post_fragmentation,50,0.7,0.2,chessboard,355,1,2
169,2374,48,24,1,369,22,876,40,post_fragmentation,50,0.7,0.2,chessboard,414,1,2
169,2374,48,24,1,369,22,876,40,post_fragmentation,50,0.7,0.2,chessboard,420,1,2
169,2374,48,24,1,369,22,876,40,post_fragmentation,50,0.7,0.2,chessboard,427,2,2
169,2374,48,24,1,369,22,876,40,post_fragmentation,50,0.7,0.2,chessboard,441,1,2
169,2374,48,24,1,369,22,876,40,post_fragmentation,50,0.7,0.2,chessboard,445,3,2
169,2374,48,24,1,369,22,876,40,post_fragmentation,50,0.7,0.2,chessboard,446,1,2
169,2374,48,24,1,369,22,876,40,post_fragmentation,50,0.7,0.2,chessboard,449,2,2
169,2374,48,24,1,369,22,876,40,post_fragmentation,50,0.7,0.2,chessboard,450,1,2
169,2374,48,24,1,369,22,876,40,post_fragmentation,50,0.7,0.2,chessboard,454,1,2
169,2374,48,24,1,369,22,876,40,post_fragmentation,50,0.7,0.2,chessboard,471,2,2
169,2374,48,24,1,369,22,876,40,post_fragmentation,50,0.7,0.2,chessboard,486,1,2
169,2374,48,24,1,369,22,876,40,post_fragmentation,50,0.7,0.2,chessboard,504,2,2
169,2374,48,24,1,369,22,876,40,post_fragmentation,50,0.7,0.2,chessboard,506,3,2
169,2374,48,24,1,369,22,876,40,post_fragmentation,50,0.7,0.2,chessboard,512,2,2
169,2374,48,24,1,369,22,876,40,post_fragmentation,50,0.7,0.2,chessboard,514,1,2
169,2374,48,24,1,369,22,876,40,post_fragmentation,50,0.7,0.2,chessboard,527,2,2
169,2374,48,24,1,369,22,876,40,post_fragmentation,50,0.7,0.2,chessboard,528,1,2
169,2374,48,24,1,369,22,876,40,post_fragmentation,50,0.7,0.2,chessboard,540,1,2
169,2374,48,24,1,369,22,876,40,post_fragmentation,50,0.7,0.2,chessboard,546,1,2
169,2374,48,24,1,369,22,876,40,post_fragmentation,50,0.7,0.2,chessboard,580,2,2
169,2374,48,24,1,369,22,876,40,post_fragmentation,50,0.7,0.2,chessboard,597,2,2
169,2374,48,24,1,369,22,876,40,post_fragmentation,50,0.7,0.2,chessboard,604,1,2
170,2376,48,26,1,369,22,876,40,post_fragmentation,50,0.7,0.2,chessboard,391,1,2
170,2376,48,26,1,369,22,876,40,post_fragmentation,50,0.7,0.2,chessboard,395,1,2
170,2376,48,26,1,369,22,876,40,post_fragmentation,50,0.7,0.2,chessboard,407,1,2
170,2376,48,26,1,369,22,876,40,post_fragmentation,50,0.7,0.2,chessboard,412,1,2
170,2376,48,26,1,369,22,876,40,post_fragmentation,50,0.7,0.2,chessboard,414,1,2
170,2376,48,26,1,369,22,876,40,post_fragmentation,50,0.7,0.2,chessboard,445,1,2
170,2376,48,26,1,369,22,876,40,post_fragmentation,50,0.7,0.2,chessboard,449,1,2
170,2376,48,26,1,369,22,876,40,post_fragmentation,50,0.7,0.2,chessboard,450,3,2
170,2376,48,26,1,369,22,876,40,post_fragmentation,50,0.7,0.2,chessboard,454,1,2
170,2376,48,26,1,369,22,876,40,post_fragmentation,50,0.7,0.2,chessboard,458,2,2
170,2376,48,26,1,369,22,876,40,post_fragmentation,50,0.7,0.2,chessboard,471,1,2
170,2376,48,26,1,369,22,876,40,post_fragmentation,50,0.7,0.2,chessboard,472,2,2
170,2376,48,26,1,369,22,876,40,post_fragmentation,50,0.7,0.2,chessboard,474,1,2
170,2376,48,26,1,369,22,876,40,post_fragmentation,50,0.7,0.2,chessboard,526,1,2
170,2376,48,26,1,369,22,876,40,post_fragmentation,50,0.7,0.2,chessboard,546,3,2
170,2376,48,26,1,369,22,876,40,post_fragmentation,50,0.7,0.2,chessboard,547,6,2
170,2376,48,26,1,369,22,876,40,post_fragmentation,50,0.7,0.2,chessboard,564,1,2
170,2376,48,26,1,369,22,876,40,post_fragmentation,50,0.7,0.2,chessboard,572,2,2
170,2376,48,26,1,369,22,876,40,post_fragmentation,50,0.7,0.2,chessboard,580,3,2
170,2376,48,26,1,369,22,876,40,post_fragmentation,50,0.7,0.2,chessboard,597,1,2
170,2376,48,26,1,369,22,876,40,post_fragmentation,50,0.7,0.2,chessboard,635,2,2
170,2376,48,26,1,369,22,876,40,post_fragmentation,50,0.7,0.2,chessboard,675,1,2
170,2376,48,26,1,369,22,876,40,post_fragmentation,50,0.7,0.2,chessboard,676,1,2
170,2376,48,26,1,369,22,876,40,post_fragmentation,50,0.7,0.2,chessboard,768,1,2
171,2409,49,9,2,6,22,876,40,post_fragmentation,50,0.7,0.2,chessboard,581,1,2
171,2409,49,9,2,6,22,876,40,post_fragmentation,50,0.7,0.2,chessboard,613,1,2
171,2409,49,9,2,6,22,876,40,post_fragmentation,50,0.7,0.2,chessboard,650,2,2
171,2409,49,9,2,6,22,876,40,post_fragmentation,50,0.7,0.2,chessboard,656,1,2
171,2409,49,9,2,6,22,876,40,post_fragmentation,50,0.7,0.2,chessboard,659,1,2
171,2409,49,9,2,6,22,876,40,post_fragmentation,50,0.7,0.2,chessboard,665,2,2
171,2409,49,9,2,6,22,876,40,post_fragmentation,50,0.7,0.2,chessboard,671,2,2
171,2409,49,9,2,6,22,876,40,post_fragmentation,50,0.7,0.2,chessboard,675,5,2
171,2409,49,9,2,6,22,876,40,post_fragmentation,50,0.7,0.2,chessboard,688,1,2
171,2409,49,9,2,6,22,876,40,post_fragmentation,50,0.7,0.2,chessboard,700,2,2
171,2409,49,9,2,6,22,876,40,post_fragmentation,50,0.7,0.2,chessboard,707,1,2
171,2409,49,9,2,6,22,876,40,post_fragmentation,50,0.7,0.2,chessboard,724,1,2
171,2409,49,9,2,6,22,876,40,post_fragmentation,50,0.7,0.2,chessboard,725,1,2
171,2409,49,9,2,6,22,876,40,post_fragmentation,50,0.7,0.2,chessboard,729,1,2
171,2409,49,9,2,6,22,876,40,post_fragmentation,50,0.7,0.2,chessboard,740,2,2
171,2409,49,9,2,6,22,876,40,post_fragmentation,50,0.7,0.2,chessboard,748,3,2
171,2409,49,9,2,6,22,876,40,post_fragmentation,50,0.7,0.2,chessboard,752,1,2
171,2409,49,9,2,6,22,876,40,post_fragmentation,50,0.7,0.2,chessboard,760,1,2
171,2409,49,9,2,6,22,876,40,post_fragmentation,50,0.7,0.2,chessboard,762,3,2
171,2409,49,9,2,6,22,876,40,post_fragmentation,50,0.7,0.2,chessboard,774,1,2
171,2409,49,9,2,6,22,876,40,post_fragmentation,50,0.7,0.2,chessboard,782,1,2
171,2409,49,9,2,6,22,876,40,post_fragmentation,50,0.7,0.2,chessboard,805,1,2
171,2409,49,9,2,6,22,876,40,post_fragmentation,50,0.7,0.2,chessboard,830,1,2
171,2409,49,9,2,6,22,876,40,post_fragmentation,50,0.7,0.2,chessboard,844,1,2
171,2409,49,9,2,6,22,876,40,post_fragmentation,50,0.7,0.2,chessboard,877,2,2
171,2409,49,9,2,6,22,876,40,post_fragmentation,50,0.7,0.2,chessboard,879,1,2
171,2409,49,9,2,6,22,876,40,post_fragmentation,50,0.7,0.2,chessboard,938,1,2
172,2415,49,15,1,369,22,876,40,post_fragmentation,50,0.7,0.2,chessboard,411,1,2
172,2415,49,15,1,369,22,876,40,post_fragmentation,50,0.7,0.2,chessboard,438,1,2
172,2415,49,15,1,369,22,876,40,post_fragmentation,50,0.7,0.2,chessboard,440,1,2
172,2415,49,15,1,369,22,876,40,post_fragmentation,50,0.7,0.2,chessboard,445,1,2
172,2415,49,15,1,369,22,876,40,post_fragmentation,50,0.7,0.2,chessboard,481,1,2
172,2415,49,15,1,369,22,876,40,post_fragmentation,50,0.7,0.2,chessboard,489,1,2
172,2415,49,15,1,369,22,876,40,post_fragmentation,50,0.7,0.2,chessboard,503,1,2
172,2415,49,15,1,369,22,876,40,post_fragmentation,50,0.7,0.2,chessboard,506,1,2
172,2415,49,15,1,369,22,876,40,post_fragmentation,50,0.7,0.2,chessboard,518,2,2
172,2415,49,15,1,369,22,876,40,post_fragmentation,50,0.7,0.2,chessboard,521,3,2
172,2415,49,15,1,369,22,876,40,post_fragmentation,50,0.7,0.2,chessboard,525,2,2
172,2415,49,15,1,369,22,876,40,post_fragmentation,50,0.7,0.2,chessboard,564,3,2
172,2415,49,15,1,369,22,876,40,post_fragmentation,50,0.7,0.2,chessboard,567,3,2
172,2415,49,15,1,369,22,876,40,post_fragmentation,50,0.7,0.2,chessboard,580,1,2
172,2415,49,15,1,369,22,876,40,post_fragmentation,50,0.7,0.2,chessboard,589,1,2
172,2415,49,15,1,369,22,876,40,post_fragmentation,50,0.7,0.2,chessboard,609,1,2
172,2415,49,15,1,369,22,876,40,post_fragmentation,50,0.7,0.2,chessboard,610,1,2
172,2415,49,15,1,369,22,876,40,post_fragmentation,50,0.7,0.2,chessboard,615,1,2
172,2415,49,15,1,369,22,876,40,post_fragmentation,50,0.7,0.2,chessboard,656,2,2
172,2415,49,15,1,369,22,876,40,post_fragmentation,50,0.7,0.2,chessboard,657,1,2
172,2415,49,15,1,369,22,876,40,post_fragmentation,50,0.7,0.2,chessboard,663,1,2
172,2415,49,15,1,369,22,876,40,post_fragmentation,50,0.7,0.2,chessboard,669,2,2
172,2415,49,15,1,369,22,876,40,post_fragmentation,50,0.7,0.2,chessboard,679,4,2
172,2415,49,15,1,369,22,876,40,post_fragmentation,50,0.7,0.2,chessboard,689,1,2
172,2415,49,15,1,369,22,876,40,post_fragmentation,50,0.7,0.2,chessboard,694,1,2
172,2415,49,15,1,369,22,876,40,post_fragmentation,50,0.7,0.2,chessboard,700,1,2
173,2417,49,17,1,369,22,876,40,post_fragmentation,50,0.7,0.2,chessboard,357,1,2
173,2417,49,17,1,369,22,876,40,post_fragmentation,50,0.7,0.2,chessboard,385,1,2
173,2417,49,17,1,369,22,876,40,post_fragmentation,50,0.7,0.2,chessboard,391,1,2
173,2417,49,17,1,369,22,876,40,post_fragmentation,50,0.7,0.2,chessboard,397,1,2
173,2417,49,17,1,369,22,876,40,post_fragmentation,50,0.7,0.2,chessboard,411,1,2
173,2417,49,17,1,369,22,876,40,post_fragmentation,50,0.7,0.2,chessboard,420,1,2
173,2417,49,17,1,369,22,876,40,post_fragmentation,50,0.7,0.2,chessboard,425,1,2
173,2417,49,17,1,369,22,876,40,post_fragmentation,50,0.7,0.2,chessboard,438,1,2
173,2417,49,17,1,369,22,876,40,post_fragmentation,50,0.7,0.2,chessboard,440,1,2
173,2417,49,17,1,369,22,876,40,post_fragmentation,50,0.7,0.2,chessboard,441,2,2
173,2417,49,17,1,369,22,876,40,post_fragmentation,50,0.7,0.2,chessboard,442,1,2
173,2417,49,17,1,369,22,876,40,post_fragmentation,50,0.7,0.2,chessboard,455,1,2
173,2417,49,17,1,369,22,876,40,post_fragmentation,50,0.7,0.2,chessboard,472,1,2
173,2417,49,17,1,369,22,876,40,post_fragmentation,50,0.7,0.2,chessboard,481,1,2
173,2417,49,17,1,369,22,876,40,post_fragmentation,50,0.7,0.2,chessboard,486,3,2
173,2417,49,17,1,369,22,876,40,post_fragmentation,50,0.7,0.2,chessboard,488,2,2
173,2417,49,17,1,369,22,876,40,post_fragmentation,50,0.7,0.2,chessboard,489,1,2
173,2417,49,17,1,369,22,876,40,post_fragmentation,50,0.7,0.2,chessboard,503,2,2
173,2417,49,17,1,369,22,876,40,post_fragmentation,50,0.7,0.2,chessboard,506,1,2
173,2417,49,17,1,369,22,876,40,post_fragmentation,50,0.7,0.2,chessboard,518,1,2
173,2417,49,17,1,369,22,876,40,post_fragmentation,50,0.7,0.2,chessboard,521,5,2
173,2417,49,17,1,369,22,876,40,post_fragmentation,50,0.7,0.2,chessboard,524,2,2
173,2417,49,17,1,369,22,876,40,post_fragmentation,50,0.7,0.2,chessboard,546,3,2
173,2417,49,17,1,369,22,876,40,post_fragmentation,50,0.7,0.2,chessboard,559,1,2
173,2417,49,17,1,369,22,876,40,post_fragmentation,50,0.7,0.2,chessboard,564,1,2
173,2417,49,17,1,369,22,876,40,post_fragmentation,50,0.7,0.2,chessboard,589,3,2
173,2417,49,17,1,369,22,876,40,post_fragmentation,50,0.7,0.2,chessboard,591,1,2
174,2419,49,19,1,369,22,876,40,post_fragmentation,50,0.7,0.2,chessboard,220,1,2
174,2419,49,19,1,369,22,876,40,post_fragmentation,50,0.7,0.2,chessboard,331,1,2
174,2419,49,19,1,369,22,876,40,post_fragmentation,50,0.7,0.2,chessboard,332,1,2
174,2419,49,19,1,369,22,876,40,post_fragmentation,50,0.7,0.2,chessboard,347,1,2
174,2419,49,19,1,369,22,876,40,post_fragmentation,50,0.7,0.2,chessboard,351,1,2
174,2419,49,19,1,369,22,876,40,post_fragmentation,50,0.7,0.2,chessboard,358,1,2
174,2419,49,19,1,369,22,876,40,post_fragmentation,50,0.7,0.2,chessboard,396,3,2
174,2419,49,19,1,369,22,876,40,post_fragmentation,50,0.7,0.2,chessboard,397,2,2
174,2419,49,19,1,369,22,876,40,post_fragmentation,50,0.7,0.2,chessboard,425,1,2
174,2419,49,19,1,369,22,876,40,post_fragmentation,50,0.7,0.2,chessboard,427,1,2
174,2419,49,19,1,369,22,876,40,post_fragmentation,50,0.7,0.2,chessboard,438,2,2
174,2419,49,19,1,369,22,876,40,post_fragmentation,50,0.7,0.2,chessboard,441,2,2
174,2419,49,19,1,369,22,876,40,post_fragmentation,50,0.7,0.2,chessboard,445,2,2
174,2419,49,19,1,369,22,876,40,post_fragmentation,50,0.7,0.2,chessboard,449,1,2
174,2419,49,19,1,369,22,876,40,post_fragmentation,50,0.7,0.2,chessboard,454,1,2
174,2419,49,19,1,369,22,876,40,post_fragmentation,50,0.7,0.2,chessboard,486,1,2
174,2419,49,19,1,369,22,876,40,post_fragmentation,50,0.7,0.2,chessboard,503,2,2
174,2419,49,19,1,369,22,876,40,post_fragmentation,50,0.7,0.2,chessboard,518,2,2
174,2419,49,19,1,369,22,876,40,post_fragmentation,50,0.7,0.2,chessboard,521,1,2
174,2419,49,19,1,369,22,876,40,post_fragmentation,50,0.7,0.2,chessboard,546,2,2
174,2419,49,19,1,369,22,876,40,post_fragmentation,50,0.7,0.2,chessboard,564,1,2
175,2421,49,21,1,369,22,876,40,post_fragmentation,50,0.7,0.2,chessboard,256,1,2
175,2421,49,21,1,369,22,876,40,post_fragmentation,50,0.7,0.2,chessboard,332,2,2
175,2421,49,21,1,369,22,876,40,post_fragmentation,50,0.7,0.2,chessboard,342,1,2
175,2421,49,21,1,369,22,876,40,post_fragmentation,50,0.7,0.2,chessboard,351,2,2
175,2421,49,21,1,369,22,876,40,post_fragmentation,50,0.7,0.2,chessboard,355,3,2
175,2421,49,21,1,369,22,876,40,post_fragmentation,50,0.7,0.2,chessboard,358,1,2
175,2421,49,21,1,369,22,876,40,post_fragmentation,50,0.7,0.2,chessboard,397,2,2
175,2421,49,21,1,369,22,876,40,post_fragmentation,50,0.7,0.2,chessboard,414,2,2
175,2421,49,21,1,369,22,876,40,post_fragmentation,50,0.7,0.2,chessboard,425,1,2
175,2421,49,21,1,369,22,876,40,post_fragmentation,50,0.7,0.2,chessboard,427,1,2
175,2421,49,21,1,369,22,876,40,post_fragmentation,50,0.7,0.2,chessboard,432,2,2
175,2421,49,21,1,369,22,876,40,post_fragmentation,50,0.7,0.2,chessboard,441,1,2
175,2421,49,21,1,369,22,876,40,post_fragmentation,50,0.7,0.2,chessboard,445,2,2
175,2421,49,21,1,369,22,876,40,post_fragmentation,50,0.7,0.2,chessboard,449,6,2
175,2421,49,21,1,369,22,876,40,post_fragmentation,50,0.7,0.2,chessboard,450,2,2
175,2421,49,21,1,369,22,876,40,post_fragmentation,50,0.7,0.2,chessboard,458,2,2
175,2421,49,21,1,369,22,876,40,post_fragmentation,50,0.7,0.2,chessboard,471,1,2
175,2421,49,21,1,369,22,876,40,post_fragmentation,50,0.7,0.2,chessboard,486,1,2
175,2421,49,21,1,369,22,876,40,post_fragmentation,50,0.7,0.2,chessboard,499,1,2
175,2421,49,21,1,369,22,876,40,post_fragmentation,50,0.7,0.2,chessboard,512,1,2
175,2421,49,21,1,369,22,876,40,post_fragmentation,50,0.7,0.2,chessboard,521,1,2
175,2421,49,21,1,369,22,876,40,post_fragmentation,50,0.7,0.2,chessboard,526,1,2
175,2421,49,21,1,369,22,876,40,post_fragmentation,50,0.7,0.2,chessboard,580,1,2
176,2423,49,23,1,369,22,876,40,post_fragmentation,50,0.7,0.2,chessboard,414,2,2
176,2423,49,23,1,369,22,876,40,post_fragmentation,50,0.7,0.2,chessboard,420,1,2
176,2423,49,23,1,369,22,876,40,post_fragmentation,50,0.7,0.2,chessboard,425,2,2
176,2423,49,23,1,369,22,876,40,post_fragmentation,50,0.7,0.2,chessboard,426,2,2
176,2423,49,23,1,369,22,876,40,post_fragmentation,50,0.7,0.2,chessboard,427,1,2
176,2423,49,23,1,369,22,876,40,post_fragmentation,50,0.7,0.2,chessboard,433,1,2
176,2423,49,23,1,369,22,876,40,post_fragmentation,50,0.7,0.2,chessboard,435,1,2
176,2423,49,23,1,369,22,876,40,post_fragmentation,50,0.7,0.2,chessboard,441,1,2
176,2423,49,23,1,369,22,876,40,post_fragmentation,50,0.7,0.2,chessboard,445,1,2
176,2423,49,23,1,369,22,876,40,post_fragmentation,50,0.7,0.2,chessboard,449,5,2
176,2423,49,23,1,369,22,876,40,post_fragmentation,50,0.7,0.2,chessboard,450,1,2
176,2423,49,23,1,369,22,876,40,post_fragmentation,50,0.7,0.2,chessboard,458,2,2
176,2423,49,23,1,369,22,876,40,post_fragmentation,50,0.7,0.2,chessboard,470,1,2
176,2423,49,23,1,369,22,876,40,post_fragmentation,50,0.7,0.2,chessboard,471,1,2
176,2423,49,23,1,369,22,876,40,post_fragmentation,50,0.7,0.2,chessboard,486,1,2
176,2423,49,23,1,369,22,876,40,post_fragmentation,50,0.7,0.2,chessboard,504,1,2
176,2423,49,23,1,369,22,876,40,post_fragmentation,50,0.7,0.2,chessboard,506,1,2
176,2423,49,23,1,369,22,876,40,post_fragmentation,50,0.7,0.2,chessboard,521,2,2
176,2423,49,23,1,369,22,876,40,post_fragmentation,50,0.7,0.2,chessboard,524,3,2
176,2423,49,23,1,369,22,876,40,post_fragmentation,50,0.7,0.2,chessboard,526,1,2
176,2423,49,23,1,369,22,876,40,post_fragmentation,50,0.7,0.2,chessboard,527,1,2
176,2423,49,23,1,369,22,876,40,post_fragmentation,50,0.7,0.2,chessboard,597,2,2
176,2423,49,23,1,369,22,876,40,post_fragmentation,50,0.7,0.2,chessboard,609,2,2
176,2423,49,23,1,369,22,876,40,post_fragmentation,50,0.7,0.2,chessboard,642,1,2
177,2425,49,25,1,369,22,876,40,post_fragmentation,50,0.7,0.2,chessboard,397,1,2
177,2425,49,25,1,369,22,876,40,post_fragmentation,50,0.7,0.2,chessboard,414,1,2
177,2425,49,25,1,369,22,876,40,post_fragmentation,50,0.7,0.2,chessboard,420,1,2
177,2425,49,25,1,369,22,876,40,post_fragmentation,50,0.7,0.2,chessboard,426,1,2
177,2425,49,25,1,369,22,876,40,post_fragmentation,50,0.7,0.2,chessboard,438,1,2
177,2425,49,25,1,369,22,876,40,post_fragmentation,50,0.7,0.2,chessboard,449,1,2
177,2425,49,25,1,369,22,876,40,post_fragmentation,50,0.7,0.2,chessboard,454,1,2
177,2425,49,25,1,369,22,876,40,post_fragmentation,50,0.7,0.2,chessboard,471,1,2
177,2425,49,25,1,369,22,876,40,post_fragmentation,50,0.7,0.2,chessboard,472,4,2
177,2425,49,25,1,369,22,876,40,post_fragmentation,50,0.7,0.2,chessboard,486,1,2
177,2425,49,25,1,369,22,876,40,post_fragmentation,50,0.7,0.2,chessboard,506,2,2
177,2425,49,25,1,369,22,876,40,post_fragmentation,50,0.7,0.2,chessboard,521,1,2
177,2425,49,25,1,369,22,876,40,post_fragmentation,50,0.7,0.2,chessboard,524,1,2
177,2425,49,25,1,369,22,876,40,post_fragmentation,50,0.7,0.2,chessboard,526,1,2
177,2425,49,25,1,369,22,876,40,post_fragmentation,50,0.7,0.2,chessboard,540,6,2
177,2425,49,25,1,369,22,876,40,post_fragmentation,50,0.7,0.2,chessboard,546,2,2
177,2425,49,25,1,369,22,876,40,post_fragmentation,50,0.7,0.2,chessboard,547,5,2
177,2425,49,25,1,369,22,876,40,post_fragmentation,50,0.7,0.2,chessboard,578,1,2
177,2425,49,25,1,369,22,876,40,post_fragmentation,50,0.7,0.2,chessboard,580,1,2
177,2425,49,25,1,369,22,876,40,post_fragmentation,50,0.7,0.2,chessboard,589,1,2
177,2425,49,25,1,369,22,876,40,post_fragmentation,50,0.7,0.2,chessboard,597,4,2
177,2425,49,25,1,369,22,876,40,post_fragmentation,50,0.7,0.2,chessboard,630,1,2
177,2425,49,25,1,369,22,876,40,post_fragmentation,50,0.7,0.2,chessboard,631,1,2
177,2425,49,25,1,369,22,876,40,post_fragmentation,50,0.7,0.2,chessboard,675,1,2
177,2425,49,25,1,369,22,876,40,post_fragmentation,50,0.7,0.2,chessboard,694,1,2
178,2427,49,27,1,369,22,876,40,post_fragmentation,50,0.7,0.2,chessboard,412,1,2
178,2427,49,27,1,369,22,876,40,post_fragmentation,50,0.7,0.2,chessboard,449,1,2
178,2427,49,27,1,369,22,876,40,post_fragmentation,50,0.7,0.2,chessboard,471,1,2
178,2427,49,27,1,369,22,876,40,post_fragmentation,50,0.7,0.2,chessboard,527,1,2
178,2427,49,27,1,369,22,876,40,post_fragmentation,50,0.7,0.2,chessboard,540,1,2
178,2427,49,27,1,369,22,876,40,post_fragmentation,50,0.7,0.2,chessboard,546,1,2
178,2427,49,27,1,369,22,876,40,post_fragmentation,50,0.7,0.2,chessboard,547,2,2
178,2427,49,27,1,369,22,876,40,post_fragmentation,50,0.7,0.2,chessboard,564,2,2
178,2427,49,27,1,369,22,876,40,post_fragmentation,50,0.7,0.2,chessboard,567,3,2
178,2427,49,27,1,369,22,876,40,post_fragmentation,50,0.7,0.2,chessboard,590,1,2
178,2427,49,27,1,369,22,876,40,post_fragmentation,50,0.7,0.2,chessboard,592,1,2
178,2427,49,27,1,369,22,876,40,post_fragmentation,50,0.7,0.2,chessboard,597,6,2
178,2427,49,27,1,369,22,876,40,post_fragmentation,50,0.7,0.2,chessboard,612,1,2
178,2427,49,27,1,369,22,876,40,post_fragmentation,50,0.7,0.2,chessboard,628,1,2
178,2427,49,27,1,369,22,876,40,post_fragmentation,50,0.7,0.2,chessboard,630,1,2
178,2427,49,27,1,369,22,876,40,post_fragmentation,50,0.7,0.2,chessboard,642,3,2
178,2427,49,27,1,369,22,876,40,post_fragmentation,50,0.7,0.2,chessboard,660,1,2
178,2427,49,27,1,369,22,876,40,post_fragmentation,50,0.7,0.2,chessboard,667,1,2
178,2427,49,27,1,369,22,876,40,post_fragmentation,50,0.7,0.2,chessboard,676,5,2
178,2427,49,27,1,369,22,876,40,post_fragmentation,50,0.7,0.2,chessboard,738,1,2
178,2427,49,27,1,369,22,876,40,post_fragmentation,50,0.7,0.2,chessboard,739,1,2
178,2427,49,27,1,369,22,876,40,post_fragmentation,50,0.7,0.2,chessboard,750,3,2
178,2427,49,27,1,369,22,876,40,post_fragmentation,50,0.7,0.2,chessboard,768,1,2
179,2466,50,16,1,369,22,876,40,post_fragmentation,50,0.7,0.2,chessboard,438,2,2
179,2466,50,16,1,369,22,876,40,post_fragmentation,50,0.7,0.2,chessboard,440,1,2
179,2466,50,16,1,369,22,876,40,post_fragmentation,50,0.7,0.2,chessboard,450,1,2
179,2466,50,16,1,369,22,876,40,post_fragmentation,50,0.7,0.2,chessboard,458,1,2
179,2466,50,16,1,369,22,876,40,post_fragmentation,50,0.7,0.2,chessboard,471,1,2
179,2466,50,16,1,369,22,876,40,post_fragmentation,50,0.7,0.2,chessboard,481,1,2
179,2466,50,16,1,369,22,876,40,post_fragmentation,50,0.7,0.2,chessboard,486,2,2
179,2466,50,16,1,369,22,876,40,post_fragmentation,50,0.7,0.2,chessboard,488,1,2
179,2466,50,16,1,369,22,876,40,post_fragmentation,50,0.7,0.2,chessboard,506,3,2
179,2466,50,16,1,369,22,876,40,post_fragmentation,50,0.7,0.2,chessboard,514,1,2
179,2466,50,16,1,369,22,876,40,post_fragmentation,50,0.7,0.2,chessboard,519,1,2
179,2466,50,16,1,369,22,876,40,post_fragmentation,50,0.7,0.2,chessboard,524,2,2
179,2466,50,16,1,369,22,876,40,post_fragmentation,50,0.7,0.2,chessboard,525,1,2
179,2466,50,16,1,369,22,876,40,post_fragmentation,50,0.7,0.2,chessboard,564,1,2
179,2466,50,16,1,369,22,876,40,post_fragmentation,50,0.7,0.2,chessboard,580,3,2
179,2466,50,16,1,369,22,876,40,post_fragmentation,50,0.7,0.2,chessboard,581,1,2
179,2466,50,16,1,369,22,876,40,post_fragmentation,50,0.7,0.2,chessboard,589,4,2
179,2466,50,16,1,369,22,876,40,post_fragmentation,50,0.7,0.2,chessboard,591,1,2
179,2466,50,16,1,369,22,876,40,post_fragmentation,50,0.7,0.2,chessboard,597,1,2
179,2466,50,16,1,369,22,876,40,post_fragmentation,50,0.7,0.2,chessboard,642,1,2
179,2466,50,16,1,369,22,876,40,post_fragmentation,50,0.7,0.2,chessboard,656,1,2
179,2466,50,16,1,369,22,876,40,post_fragmentation,50,0.7,0.2,chessboard,663,2,2
179,2466,50,16,1,369,22,876,40,post_fragmentation,50,0.7,0.2,chessboard,671,1,2
179,2466,50,16,1,369,22,876,40,post_fragmentation,50,0.7,0.2,chessboard,679,1,2
179,2466,50,16,1,369,22,876,40,post_fragmentation,50,0.7,0.2,chessboard,696,1,2
179,2466,50,16,1,369,22,876,40,post_fragmentation,50,0.7,0.2,chessboard,738,1,2
179,2466,50,16,1,369,22,876,40,post_fragmentation,50,0.7,0.2,chessboard,799,1,2
180,2468,50,18,1,369,22,876,40,post_fragmentation,50,0.7,0.2,chessboard,350,1,2
180,2468,50,18,1,369,22,876,40,post_fragmentation,50,0.7,0.2,chessboard,411,1,2
180,2468,50,18,1,369,22,876,40,post_fragmentation,50,0.7,0.2,chessboard,438,1,2
180,2468,50,18,1,369,22,876,40,post_fragmentation,50,0.7,0.2,chessboard,441,1,2
180,2468,50,18,1,369,22,876,40,post_fragmentation,50,0.7,0.2,chessboard,449,1,2
180,2468,50,18,1,369,22,876,40,post_fragmentation,50,0.7,0.2,chessboard,450,2,2
180,2468,50,18,1,369,22,876,40,post_fragmentation,50,0.7,0.2,chessboard,458,1,2
180,2468,50,18,1,369,22,876,40,post_fragmentation,50,0.7,0.2,chessboard,471,2,2
180,2468,50,18,1,369,22,876,40,post_fragmentation,50,0.7,0.2,chessboard,474,3,2
180,2468,50,18,1,369,22,876,40,post_fragmentation,50,0.7,0.2,chessboard,486,2,2
180,2468,50,18,1,369,22,876,40,post_fragmentation,50,0.7,0.2,chessboard,503,5,2
180,2468,50,18,1,369,22,876,40,post_fragmentation,50,0.7,0.2,chessboard,504,1,2
180,2468,50,18,1,369,22,876,40,post_fragmentation,50,0.7,0.2,chessboard,506,2,2
180,2468,50,18,1,369,22,876,40,post_fragmentation,50,0.7,0.2,chessboard,514,1,2
180,2468,50,18,1,369,22,876,40,post_fragmentation,50,0.7,0.2,chessboard,524,1,2
180,2468,50,18,1,369,22,876,40,post_fragmentation,50,0.7,0.2,chessboard,526,2,2
180,2468,50,18,1,369,22,876,40,post_fragmentation,50,0.7,0.2,chessboard,546,2,2
180,2468,50,18,1,369,22,876,40,post_fragmentation,50,0.7,0.2,chessboard,550,2,2
180,2468,50,18,1,369,22,876,40,post_fragmentation,50,0.7,0.2,chessboard,564,2,2
180,2468,50,18,1,369,22,876,40,post_fragmentation,50,0.7,0.2,chessboard,580,3,2
180,2468,50,18,1,369,22,876,40,post_fragmentation,50,0.7,0.2,chessboard,589,1,2
180,2468,50,18,1,369,22,876,40,post_fragmentation,50,0.7,0.2,chessboard,609,4,2
180,2468,50,18,1,369,22,876,40,post_fragmentation,50,0.7,0.2,chessboard,663,1,2
181,2470,50,20,1,369,22,876,40,post_fragmentation,50,0.7,0.2,chessboard,315,1,2
181,2470,50,20,1,369,22,876,40,post_fragmentation,50,0.7,0.2,chessboard,362,1,2
181,2470,50,20,1,369,22,876,40,post_fragmentation,50,0.7,0.2,chessboard,383,1,2
181,2470,50,20,1,369,22,876,40,post_fragmentation,50,0.7,0.2,chessboard,411,1,2
181,2470,50,20,1,369,22,876,40,post_fragmentation,50,0.7,0.2,chessboard,417,1,2
181,2470,50,20,1,369,22,876,40,post_fragmentation,50,0.7,0.2,chessboard,420,1,2
181,2470,50,20,1,369,22,876,40,post_fragmentation,50,0.7,0.2,chessboard,425,4,2
181,2470,50,20,1,369,22,876,40,post_fragmentation,50,0.7,0.2,chessboard,438,1,2
181,2470,50,20,1,369,22,876,40,post_fragmentation,50,0.7,0.2,chessboard,441,2,2
181,2470,50,20,1,369,22,876,40,post_fragmentation,50,0.7,0.2,chessboard,445,2,2
181,2470,50,20,1,369,22,876,40,post_fragmentation,50,0.7,0.2,chessboard,449,3,2
181,2470,50,20,1,369,22,876,40,post_fragmentation,50,0.7,0.2,chessboard,471,2,2
181,2470,50,20,1,369,22,876,40,post_fragmentation,50,0.7,0.2,chessboard,482,1,2
181,2470,50,20,1,369,22,876,40,post_fragmentation,50,0.7,0.2,chessboard,503,1,2
181,2470,50,20,1,369,22,876,40,post_fragmentation,50,0.7,0.2,chessboard,504,2,2
181,2470,50,20,1,369,22,876,40,post_fragmentation,50,0.7,0.2,chessboard,506,1,2
181,2470,50,20,1,369,22,876,40,post_fragmentation,50,0.7,0.2,chessboard,512,1,2
181,2470,50,20,1,369,22,876,40,post_fragmentation,50,0.7,0.2,chessboard,524,1,2
181,2470,50,20,1,369,22,876,40,post_fragmentation,50,0.7,0.2,chessboard,526,3,2
181,2470,50,20,1,369,22,876,40,post_fragmentation,50,0.7,0.2,chessboard,527,1,2
181,2470,50,20,1,369,22,876,40,post_fragmentation,50,0.7,0.2,chessboard,540,1,2
181,2470,50,20,1,369,22,876,40,post_fragmentation,50,0.7,0.2,chessboard,547,1,2
181,2470,50,20,1,369,22,876,40,post_fragmentation,50,0.7,0.2,chessboard,558,1,2
181,2470,50,20,1,369,22,876,40,post_fragmentation,50,0.7,0.2,chessboard,589,1,2
181,2470,50,20,1,369,22,876,40,post_fragmentation,50,0.7,0.2,chessboard,609,1,2
181,2470,50,20,1,369,22,876,40,post_fragmentation,50,0.7,0.2,chessboard,631,1,2
181,2470,50,20,1,369,22,876,40,post_fragmentation,50,0.7,0.2,chessboard,738,1,2
182,2472,50,22,1,369,22,876,40,post_fragmentation,50,0.7,0.2,chessboard,324,1,2
182,2472,50,22,1,369,22,876,40,post_fragmentation,50,0.7,0.2,chessboard,355,1,2
182,2472,50,22,1,369,22,876,40,post_fragmentation,50,0.7,0.2,chessboard,411,1,2
182,2472,50,22,1,369,22,876,40,post_fragmentation,50,0.7,0.2,chessboard,417,1,2
182,2472,50,22,1,369,22,876,40,post_fragmentation,50,0.7,0.2,chessboard,427,1,2
182,2472,50,22,1,369,22,876,40,post_fragmentation,50,0.7,0.2,chessboard,433,1,2
182,2472,50,22,1,369,22,876,40,post_fragmentation,50,0.7,0.2,chessboard,435,2,2
182,2472,50,22,1,369,22,876,40,post_fragmentation,50,0.7,0.2,chessboard,441,3,2
182,2472,50,22,1,369,22,876,40,post_fragmentation,50,0.7,0.2,chessboard,449,2,2
182,2472,50,22,1,369,22,876,40,post_fragmentation,50,0.7,0.2,chessboard,458,3,2
182,2472,50,22,1,369,22,876,40,post_fragmentation,50,0.7,0.2,chessboard,470,1,2
182,2472,50,22,1,369,22,876,40,post_fragmentation,50,0.7,0.2,chessboard,471,1,2
182,2472,50,22,1,369,22,876,40,post_fragmentation,50,0.7,0.2,chessboard,475,1,2
182,2472,50,22,1,369,22,876,40,post_fragmentation,50,0.7,0.2,chessboard,486,1,2
182,2472,50,22,1,369,22,876,40,post_fragmentation,50,0.7,0.2,chessboard,506,2,2
182,2472,50,22,1,369,22,876,40,post_fragmentation,50,0.7,0.2,chessboard,512,4,2
182,2472,50,22,1,369,22,876,40,post_fragmentation,50,0.7,0.2,chessboard,521,2,2
182,2472,50,22,1,369,22,876,40,post_fragmentation,50,0.7,0.2,chessboard,526,2,2
182,2472,50,22,1,369,22,876,40,post_fragmentation,50,0.7,0.2,chessboard,540,1,2
182,2472,50,22,1,369,22,876,40,post_fragmentation,50,0.7,0.2,chessboard,558,2,2
182,2472,50,22,1,369,22,876,40,post_fragmentation,50,0.7,0.2,chessboard,572,2,2
182,2472,50,22,1,369,22,876,40,post_fragmentation,50,0.7,0.2,chessboard,597,1,2
183,2474,50,24,1,369,22,876,40,post_fragmentation,50,0.7,0.2,chessboard,438,1,2
183,2474,50,24,1,369,22,876,40,post_fragmentation,50,0.7,0.2,chessboard,449,3,2
183,2474,50,24,1,369,22,876,40,post_fragmentation,50,0.7,0.2,chessboard,450,1,2
183,2474,50,24,1,369,22,876,40,post_fragmentation,50,0.7,0.2,chessboard,471,1,2
183,2474,50,24,1,369,22,876,40,post_fragmentation,50,0.7,0.2,chessboard,472,1,2
183,2474,50,24,1,369,22,876,40,post_fragmentation,50,0.7,0.2,chessboard,475,1,2
183,2474,50,24,1,369,22,876,40,post_fragmentation,50,0.7,0.2,chessboard,487,1,2
183,2474,50,24,1,369,22,876,40,post_fragmentation,50,0.7,0.2,chessboard,512,1,2
183,2474,50,24,1,369,22,876,40,post_fragmentation,50,0.7,0.2,chessboard,518,1,2
183,2474,50,24,1,369,22,876,40,post_fragmentation,50,0.7,0.2,chessboard,524,3,2
183,2474,50,24,1,369,22,876,40,post_fragmentation,50,0.7,0.2,chessboard,526,1,2
183,2474,50,24,1,369,22,876,40,post_fragmentation,50,0.7,0.2,chessboard,540,1,2
183,2474,50,24,1,369,22,876,40,post_fragmentation,50,0.7,0.2,chessboard,546,4,2
183,2474,50,24,1,369,22,876,40,post_fragmentation,50,0.7,0.2,chessboard,547,2,2
183,2474,50,24,1,369,22,876,40,post_fragmentation,50,0.7,0.2,chessboard,559,1,2
183,2474,50,24,1,369,22,876,40,post_fragmentation,50,0.7,0.2,chessboard,564,1,2
183,2474,50,24,1,369,22,876,40,post_fragmentation,50,0.7,0.2,chessboard,567,1,2
183,2474,50,24,1,369,22,876,40,post_fragmentation,50,0.7,0.2,chessboard,580,2,2
183,2474,50,24,1,369,22,876,40,post_fragmentation,50,0.7,0.2,chessboard,597,4,2
183,2474,50,24,1,369,22,876,40,post_fragmentation,50,0.7,0.2,chessboard,604,3,2
183,2474,50,24,1,369,22,876,40,post_fragmentation,50,0.7,0.2,chessboard,628,1,2
183,2474,50,24,1,369,22,876,40,post_fragmentation,50,0.7,0.2,chessboard,635,1,2
183,2474,50,24,1,369,22,876,40,post_fragmentation,50,0.7,0.2,chessboard,667,1,2
183,2474,50,24,1,369,22,876,40,post_fragmentation,50,0.7,0.2,chessboard,694,1,2
183,2474,50,24,1,369,22,876,40,post_fragmentation,50,0.7,0.2,chessboard,738,1,2
183,2474,50,24,1,369,22,876,40,post_fragmentation,50,0.7,0.2,chessboard,750,1,2
184,2476,50,26,1,369,22,876,40,post_fragmentation,50,0.7,0.2,chessboard,527,1,2
184,2476,50,26,1,369,22,876,40,post_fragmentation,50,0.7,0.2,chessboard,546,4,2
184,2476,50,26,1,369,22,876,40,post_fragmentation,50,0.7,0.2,chessboard,547,2,2
184,2476,50,26,1,369,22,876,40,post_fragmentation,50,0.7,0.2,chessboard,572,3,2
184,2476,50,26,1,369,22,876,40,post_fragmentation,50,0.7,0.2,chessboard,597,4,2
184,2476,50,26,1,369,22,876,40,post_fragmentation,50,0.7,0.2,chessboard,609,1,2
184,2476,50,26,1,369,22,876,40,post_fragmentation,50,0.7,0.2,chessboard,622,1,2
184,2476,50,26,1,369,22,876,40,post_fragmentation,50,0.7,0.2,chessboard,642,2,2
184,2476,50,26,1,369,22,876,40,post_fragmentation,50,0.7,0.2,chessboard,663,1,2
184,2476,50,26,1,369,22,876,40,post_fragmentation,50,0.7,0.2,chessboard,667,5,2
184,2476,50,26,1,369,22,876,40,post_fragmentation,50,0.7,0.2,chessboard,694,1,2
184,2476,50,26,1,369,22,876,40,post_fragmentation,50,0.7,0.2,chessboard,739,2,2
184,2476,50,26,1,369,22,876,40,post_fragmentation,50,0.7,0.2,chessboard,742,3,2
184,2476,50,26,1,369,22,876,40,post_fragmentation,50,0.7,0.2,chessboard,749,1,2
184,2476,50,26,1,369,22,876,40,post_fragmentation,50,0.7,0.2,chessboard,750,4,2
184,2476,50,26,1,369,22,876,40,post_fragmentation,50,0.7,0.2,chessboard,768,3,2
184,2476,50,26,1,369,22,876,40,post_fragmentation,50,0.7,0.2,chessboard,774,1,2
185,2478,50,28,1,369,22,876,40,post_fragmentation,50,0.7,0.2,chessboard,458,1,2
185,2478,50,28,1,369,22,876,40,post_fragmentation,50,0.7,0.2,chessboard,547,1,2
185,2478,50,28,1,369,22,876,40,post_fragmentation,50,0.7,0.2,chessboard,628,2,2
185,2478,50,28,1,369,22,876,40,post_fragmentation,50,0.7,0.2,chessboard,642,2,2
185,2478,50,28,1,369,22,876,40,post_fragmentation,50,0.7,0.2,chessboard,667,1,2
185,2478,50,28,1,369,22,876,40,post_fragmentation,50,0.7,0.2,chessboard,676,2,2
185,2478,50,28,1,369,22,876,40,post_fragmentation,50,0.7,0.2,chessboard,680,1,2
185,2478,50,28,1,369,22,876,40,post_fragmentation,50,0.7,0.2,chessboard,709,1,2
185,2478,50,28,1,369,22,876,40,post_fragmentation,50,0.7,0.2,chessboard,720,1,2
185,2478,50,28,1,369,22,876,40,post_fragmentation,50,0.7,0.2,chessboard,729,1,2
185,2478,50,28,1,369,22,876,40,post_fragmentation,50,0.7,0.2,chessboard,736,2,2
185,2478,50,28,1,369,22,876,40,post_fragmentation,50,0.7,0.2,chessboard,737,2,2
185,2478,50,28,1,369,22,876,40,post_fragmentation,50,0.7,0.2,chessboard,738,2,2
185,2478,50,28,1,369,22,876,40,post_fragmentation,50,0.7,0.2,chessboard,739,3,2
185,2478,50,28,1,369,22,876,40,post_fragmentation,50,0.7,0.2,chessboard,742,1,2
185,2478,50,28,1,369,22,876,40,post_fragmentation,50,0.7,0.2,chessboard,749,1,2
185,2478,50,28,1,369,22,876,40,post_fragmentation,50,0.7,0.2,chessboard,750,4,2
185,2478,50,28,1,369,22,876,40,post_fragmentation,50,0.7,0.2,chessboard,762,1,2
185,2478,50,28,1,369,22,876,40,post_fragmentation,50,0.7,0.2,chessboard,768,2,2
185,2478,50,28,1,369,22,876,40,post_fragmentation,50,0.7,0.2,chessboard,778,3,2
185,2478,50,28,1,369,22,876,40,post_fragmentation,50,0.7,0.2,chessboard,797,2,2
185,2478,50,28,1,369,22,876,40,post_fragmentation,50,0.7,0.2,chessboard,809,2,2
185,2478,50,28,1,369,22,876,40,post_fragmentation,50,0.7,0.2,chessboard,820,1,2
185,2478,50,28,1,369,22,876,40,post_fragmentation,50,0.7,0.2,chessboard,924,1,2
1,15,1,15,1,369,22,876,100,final,50,0.7,0.2,chessboard,503,1,2
1,15,1,15,1,369,22,876,100,final,50,0.7,0.2,chessboard,521,1,2
1,15,1,15,1,369,22,876,100,final,50,0.7,0.2,chessboard,526,1,2
1,15,1,15,1,369,22,876,100,final,50,0.7,0.2,chessboard,546,1,2
1,15,1,15,1,369,22,876,100,final,50,0.7,0.2,chessboard,564,1,2
1,15,1,15,1,369,22,876,100,final,50,0.7,0.2,chessboard,580,2,2
1,15,1,15,1,369,22,876,100,final,50,0.7,0.2,chessboard,589,4,2
1,15,1,15,1,369,22,876,100,final,50,0.7,0.2,chessboard,610,1,2
1,15,1,15,1,369,22,876,100,final,50,0.7,0.2,chessboard,615,4,2
1,15,1,15,1,369,22,876,100,final,50,0.7,0.2,chessboard,628,1,2
1,15,1,15,1,369,22,876,100,final,50,0.7,0.2,chessboard,642,1,2
1,15,1,15,1,369,22,876,100,final,50,0.7,0.2,chessboard,660,1,2
1,15,1,15,1,369,22,876,100,final,50,0.7,0.2,chessboard,663,4,2
1,15,1,15,1,369,22,876,100,final,50,0.7,0.2,chessboard,669,2,2
1,15,1,15,1,369,22,876,100,final,50,0.7,0.2,chessboard,671,2,2
1,15,1,15,1,369,22,876,100,final,50,0.7,0.2,chessboard,675,2,2
1,15,1,15,1,369,22,876,100,final,50,0.7,0.2,chessboard,679,2,2
1,15,1,15,1,369,22,876,100,final,50,0.7,0.2,chessboard,696,2,2
1,15,1,15,1,369,22,876,100,final,50,0.7,0.2,chessboard,752,1,2
2,17,1,17,1,369,22,876,100,final,50,0.7,0.2,chessboard,441,2,2
2,17,1,17,1,369,22,876,100,final,50,0.7,0.2,chessboard,458,2,2
2,17,1,17,1,369,22,876,100,final,50,0.7,0.2,chessboard,471,1,2
2,17,1,17,1,369,22,876,100,final,50,0.7,0.2,chessboard,512,1,2
2,17,1,17,1,369,22,876,100,final,50,0.7,0.2,chessboard,514,1,2
2,17,1,17,1,369,22,876,100,final,50,0.7,0.2,chessboard,521,1,2
2,17,1,17,1,369,22,876,100,final,50,0.7,0.2,chessboard,524,1,2
2,17,1,17,1,369,22,876,100,final,50,0.7,0.2,chessboard,540,1,2
2,17,1,17,1,369,22,876,100,final,50,0.7,0.2,chessboard,546,2,2
2,17,1,17,1,369,22,876,100,final,50,0.7,0.2,chessboard,547,1,2
2,17,1,17,1,369,22,876,100,final,50,0.7,0.2,chessboard,550,1,2
2,17,1,17,1,369,22,876,100,final,50,0.7,0.2,chessboard,558,1,2
2,17,1,17,1,369,22,876,100,final,50,0.7,0.2,chessboard,572,1,2
2,17,1,17,1,369,22,876,100,final,50,0.7,0.2,chessboard,580,2,2
2,17,1,17,1,369,22,876,100,final,50,0.7,0.2,chessboard,581,1,2
2,17,1,17,1,369,22,876,100,final,50,0.7,0.2,chessboard,589,1,2
2,17,1,17,1,369,22,876,100,final,50,0.7,0.2,chessboard,597,1,2
2,17,1,17,1,369,22,876,100,final,50,0.7,0.2,chessboard,609,2,2
2,17,1,17,1,369,22,876,100,final,50,0.7,0.2,chessboard,615,5,2
2,17,1,17,1,369,22,876,100,final,50,0.7,0.2,chessboard,661,2,2
2,17,1,17,1,369,22,876,100,final,50,0.7,0.2,chessboard,663,2,2
2,17,1,17,1,369,22,876,100,final,50,0.7,0.2,chessboard,671,1,2
2,17,1,17,1,369,22,876,100,final,50,0.7,0.2,chessboard,675,3,2
2,17,1,17,1,369,22,876,100,final,50,0.7,0.2,chessboard,696,1,2
2,17,1,17,1,369,22,876,100,final,50,0.7,0.2,chessboard,729,1,2
2,17,1,17,1,369,22,876,100,final,50,0.7,0.2,chessboard,748,1,2
2,17,1,17,1,369,22,876,100,final,50,0.7,0.2,chessboard,749,1,2
2,17,1,17,1,369,22,876,100,final,50,0.7,0.2,chessboard,861,1,2
3,19,1,19,1,369,22,876,100,final,50,0.7,0.2,chessboard,407,1,2
3,19,1,19,1,369,22,876,100,final,50,0.7,0.2,chessboard,458,1,2
3,19,1,19,1,369,22,876,100,final,50,0.7,0.2,chessboard,481,1,2
3,19,1,19,1,369,22,876,100,final,50,0.7,0.2,chessboard,486,4,2
3,19,1,19,1,369,22,876,100,final,50,0.7,0.2,chessboard,488,1,2
3,19,1,19,1,369,22,876,100,final,50,0.7,0.2,chessboard,504,1,2
3,19,1,19,1,369,22,876,100,final,50,0.7,0.2,chessboard,514,2,2
3,19,1,19,1,369,22,876,100,final,50,0.7,0.2,chessboard,521,2,2
3,19,1,19,1,369,22,876,100,final,50,0.7,0.2,chessboard,524,1,2
3,19,1,19,1,369,22,876,100,final,50,0.7,0.2,chessboard,526,3,2
3,19,1,19,1,369,22,876,100,final,50,0.7,0.2,chessboard,529,1,2
3,19,1,19,1,369,22,876,100,final,50,0.7,0.2,chessboard,546,5,2
3,19,1,19,1,369,22,876,100,final,50,0.7,0.2,chessboard,547,1,2
3,19,1,19,1,369,22,876,100,final,50,0.7,0.2,chessboard,558,1,2
3,19,1,19,1,369,22,876,100,final,50,0.7,0.2,chessboard,564,3,2
3,19,1,19,1,369,22,876,100,final,50,0.7,0.2,chessboard,580,2,2
3,19,1,19,1,369,22,876,100,final,50,0.7,0.2,chessboard,581,1,2
3,19,1,19,1,369,22,876,100,final,50,0.7,0.2,chessboard,589,1,2
3,19,1,19,1,369,22,876,100,final,50,0.7,0.2,chessboard,615,1,2
3,19,1,19,1,369,22,876,100,final,50,0.7,0.2,chessboard,694,1,2
4,21,1,21,1,369,22,876,100,final,50,0.7,0.2,chessboard,347,1,2
4,21,1,21,1,369,22,876,100,final,50,0.7,0.2,chessboard,438,1,2
4,21,1,21,1,369,22,876,100,final,50,0.7,0.2,chessboard,440,1,2
4,21,1,21,1,369,22,876,100,final,50,0.7,0.2,chessboard,445,1,2
4,21,1,21,1,369,22,876,100,final,50,0.7,0.2,chessboard,458,1,2
4,21,1,21,1,369,22,876,100,final,50,0.7,0.2,chessboard,471,4,2
4,21,1,21,1,369,22,876,100,final,50,0.7,0.2,chessboard,475,1,2
4,21,1,21,1,369,22,876,100,final,50,0.7,0.2,chessboard,486,1,2
4,21,1,21,1,369,22,876,100,final,50,0.7,0.2,chessboard,504,1,2
4,21,1,21,1,369,22,876,100,final,50,0.7,0.2,chessboard,506,1,2
4,21,1,21,1,369,22,876,100,final,50,0.7,0.2,chessboard,512,2,2
4,21,1,21,1,369,22,876,100,final,50,0.7,0.2,chessboard,514,2,2
4,21,1,21,1,369,22,876,100,final,50,0.7,0.2,chessboard,521,1,2
4,21,1,21,1,369,22,876,100,final,50,0.7,0.2,chessboard,526,1,2
4,21,1,21,1,369,22,876,100,final,50,0.7,0.2,chessboard,540,2,2
4,21,1,21,1,369,22,876,100,final,50,0.7,0.2,chessboard,546,5,2
4,21,1,21,1,369,22,876,100,final,50,0.7,0.2,chessboard,547,3,2
4,21,1,21,1,369,22,876,100,final,50,0.7,0.2,chessboard,550,2,2
4,21,1,21,1,369,22,876,100,final,50,0.7,0.2,chessboard,558,1,2
4,21,1,21,1,369,22,876,100,final,50,0.7,0.2,chessboard,564,2,2
4,21,1,21,1,369,22,876,100,final,50,0.7,0.2,chessboard,567,1,2
4,21,1,21,1,369,22,876,100,final,50,0.7,0.2,chessboard,572,2,2
4,21,1,21,1,369,22,876,100,final,50,0.7,0.2,chessboard,578,1,2
4,21,1,21,1,369,22,876,100,final,50,0.7,0.2,chessboard,580,2,2
4,21,1,21,1,369,22,876,100,final,50,0.7,0.2,chessboard,609,3,2
4,21,1,21,1,369,22,876,100,final,50,0.7,0.2,chessboard,628,1,2
4,21,1,21,1,369,22,876,100,final,50,0.7,0.2,chessboard,671,1,2
5,23,1,23,1,369,22,876,100,final,50,0.7,0.2,chessboard,425,1,2
5,23,1,23,1,369,22,876,100,final,50,0.7,0.2,chessboard,438,1,2
5,23,1,23,1,369,22,876,100,final,50,0.7,0.2,chessboard,449,1,2
5,23,1,23,1,369,22,876,100,final,50,0.7,0.2,chessboard,458,3,2
5,23,1,23,1,369,22,876,100,final,50,0.7,0.2,chessboard,506,2,2
5,23,1,23,1,369,22,876,100,final,50,0.7,0.2,chessboard,514,1,2
5,23,1,23,1,369,22,876,100,final,50,0.7,0.2,chessboard,521,1,2
5,23,1,23,1,369,22,876,100,final,50,0.7,0.2,chessboard,524,2,2
5,23,1,23,1,369,22,876,100,final,50,0.7,0.2,chessboard,540,2,2
5,23,1,23,1,369,22,876,100,final,50,0.7,0.2,chessboard,546,4,2
5,23,1,23,1,369,22,876,100,final,50,0.7,0.2,chessboard,547,4,2
5,23,1,23,1,369,22,876,100,final,50,0.7,0.2,chessboard,564,1,2
5,23,1,23,1,369,22,876,100,final,50,0.7,0.2,chessboard,567,4,2
5,23,1,23,1,369,22,876,100,final,50,0.7,0.2,chessboard,572,2,2
5,23,1,23,1,369,22,876,100,final,50,0.7,0.2,chessboard,609,2,2
5,23,1,23,1,369,22,876,100,final,50,0.7,0.2,chessboard,610,2,2
5,23,1,23,1,369,22,876,100,final,50,0.7,0.2,chessboard,628,2,2
5,23,1,23,1,369,22,876,100,final,50,0.7,0.2,chessboard,663,1,2
5,23,1,23,1,369,22,876,100,final,50,0.7,0.2,chessboard,680,1,2
5,23,1,23,1,369,22,876,100,final,50,0.7,0.2,chessboard,751,1,2
6,25,1,25,1,369,22,876,100,final,50,0.7,0.2,chessboard,546,2,2
6,25,1,25,1,369,22,876,100,final,50,0.7,0.2,chessboard,564,1,2
6,25,1,25,1,369,22,876,100,final,50,0.7,0.2,chessboard,567,1,2
6,25,1,25,1,369,22,876,100,final,50,0.7,0.2,chessboard,572,2,2
6,25,1,25,1,369,22,876,100,final,50,0.7,0.2,chessboard,580,4,2
6,25,1,25,1,369,22,876,100,final,50,0.7,0.2,chessboard,589,1,2
6,25,1,25,1,369,22,876,100,final,50,0.7,0.2,chessboard,609,1,2
6,25,1,25,1,369,22,876,100,final,50,0.7,0.2,chessboard,635,1,2
6,25,1,25,1,369,22,876,100,final,50,0.7,0.2,chessboard,642,2,2
6,25,1,25,1,369,22,876,100,final,50,0.7,0.2,chessboard,663,2,2
6,25,1,25,1,369,22,876,100,final,50,0.7,0.2,chessboard,681,1,2
6,25,1,25,1,369,22,876,100,final,50,0.7,0.2,chessboard,696,3,2
6,25,1,25,1,369,22,876,100,final,50,0.7,0.2,chessboard,729,1,2
6,25,1,25,1,369,22,876,100,final,50,0.7,0.2,chessboard,739,2,2
6,25,1,25,1,369,22,876,100,final,50,0.7,0.2,chessboard,751,6,2
6,25,1,25,1,369,22,876,100,final,50,0.7,0.2,chessboard,756,2,2
6,25,1,25,1,369,22,876,100,final,50,0.7,0.2,chessboard,762,2,2
6,25,1,25,1,369,22,876,100,final,50,0.7,0.2,chessboard,768,2,2
6,25,1,25,1,369,22,876,100,final,50,0.7,0.2,chessboard,778,1,2
6,25,1,25,1,369,22,876,100,final,50,0.7,0.2,chessboard,784,1,2
6,25,1,25,1,369,22,876,100,final,50,0.7,0.2,chessboard,799,1,2
6,25,1,25,1,369,22,876,100,final,50,0.7,0.2,chessboard,801,1,2
6,25,1,25,1,369,22,876,100,final,50,0.7,0.2,chessboard,820,1,2
7,27,1,27,1,369,22,876,100,final,50,0.7,0.2,chessboard,547,1,2
7,27,1,27,1,369,22,876,100,final,50,0.7,0.2,chessboard,572,1,2
7,27,1,27,1,369,22,876,100,final,50,0.7,0.2,chessboard,628,1,2
7,27,1,27,1,369,22,876,100,final,50,0.7,0.2,chessboard,635,3,2
7,27,1,27,1,369,22,876,100,final,50,0.7,0.2,chessboard,667,3,2
7,27,1,27,1,369,22,876,100,final,50,0.7,0.2,chessboard,722,2,2
7,27,1,27,1,369,22,876,100,final,50,0.7,0.2,chessboard,739,4,2
7,27,1,27,1,369,22,876,100,final,50,0.7,0.2,chessboard,750,2,2
7,27,1,27,1,369,22,876,100,final,50,0.7,0.2,chessboard,751,4,2
7,27,1,27,1,369,22,876,100,final,50,0.7,0.2,chessboard,762,3,2
7,27,1,27,1,369,22,876,100,final,50,0.7,0.2,chessboard,768,2,2
7,27,1,27,1,369,22,876,100,final,50,0.7,0.2,chessboard,772,1,2
7,27,1,27,1,369,22,876,100,final,50,0.7,0.2,chessboard,784,3,2
7,27,1,27,1,369,22,876,100,final,50,0.7,0.2,chessboard,790,2,2
7,27,1,27,1,369,22,876,100,final,50,0.7,0.2,chessboard,798,2,2
7,27,1,27,1,369,22,876,100,final,50,0.7,0.2,chessboard,824,2,2
7,27,1,27,1,369,22,876,100,final,50,0.7,0.2,chessboard,825,1,2
7,27,1,27,1,369,22,876,100,final,50,0.7,0.2,chessboard,833,1,2
8,29,1,29,1,369,22,876,100,final,50,0.7,0.2,chessboard,546,1,2
8,29,1,29,1,369,22,876,100,final,50,0.7,0.2,chessboard,663,1,2
8,29,1,29,1,369,22,876,100,final,50,0.7,0.2,chessboard,680,1,2
8,29,1,29,1,369,22,876,100,final,50,0.7,0.2,chessboard,716,1,2
8,29,1,29,1,369,22,876,100,final,50,0.7,0.2,chessboard,729,4,2
8,29,1,29,1,369,22,876,100,final,50,0.7,0.2,chessboard,738,1,2
8,29,1,29,1,369,22,876,100,final,50,0.7,0.2,chessboard,739,1,2
8,29,1,29,1,369,22,876,100,final,50,0.7,0.2,chessboard,750,2,2
8,29,1,29,1,369,22,876,100,final,50,0.7,0.2,chessboard,751,2,2
8,29,1,29,1,369,22,876,100,final,50,0.7,0.2,chessboard,762,3,2
8,29,1,29,1,369,22,876,100,final,50,0.7,0.2,chessboard,766,2,2
8,29,1,29,1,369,22,876,100,final,50,0.7,0.2,chessboard,768,3,2
8,29,1,29,1,369,22,876,100,final,50,0.7,0.2,chessboard,774,2,2
8,29,1,29,1,369,22,876,100,final,50,0.7,0.2,chessboard,784,3,2
8,29,1,29,1,369,22,876,100,final,50,0.7,0.2,chessboard,798,2,2
8,29,1,29,1,369,22,876,100,final,50,0.7,0.2,chessboard,799,1,2
8,29,1,29,1,369,22,876,100,final,50,0.7,0.2,chessboard,823,1,2
8,29,1,29,1,369,22,876,100,final,50,0.7,0.2,chessboard,828,1,2
8,29,1,29,1,369,22,876,100,final,50,0.7,0.2,chessboard,861,1,2
9,58,2,8,1,369,22,876,100,final,50,0.7,0.2,chessboard,610,1,2
9,58,2,8,1,369,22,876,100,final,50,0.7,0.2,chessboard,678,1,2
9,58,2,8,1,369,22,876,100,final,50,0.7,0.2,chessboard,724,2,2
9,58,2,8,1,369,22,876,100,final,50,0.7,0.2,chessboard,740,2,2
9,58,2,8,1,369,22,876,100,final,50,0.7,0.2,chessboard,752,2,2
9,58,2,8,1,369,22,876,100,final,50,0.7,0.2,chessboard,813,7,2
9,58,2,8,1,369,22,876,100,final,50,0.7,0.2,chessboard,816,1,2
9,58,2,8,1,369,22,876,100,final,50,0.7,0.2,chessboard,828,3,2
9,58,2,8,1,369,22,876,100,final,50,0.7,0.2,chessboard,836,1,2
9,58,2,8,1,369,22,876,100,final,50,0.7,0.2,chessboard,837,1,2
9,58,2,8,1,369,22,876,100,final,50,0.7,0.2,chessboard,849,1,2
9,58,2,8,1,369,22,876,100,final,50,0.7,0.2,chessboard,850,4,2
9,58,2,8,1,369,22,876,100,final,50,0.7,0.2,chessboard,856,1,2
9,58,2,8,1,369,22,876,100,final,50,0.7,0.2,chessboard,862,3,2
9,58,2,8,1,369,22,876,100,final,50,0.7,0.2,chessboard,863,1,2
9,58,2,8,1,369,22,876,100,final,50,0.7,0.2,chessboard,877,2,2
9,58,2,8,1,369,22,876,100,final,50,0.7,0.2,chessboard,878,1,2
9,58,2,8,1,369,22,876,100,final,50,0.7,0.2,chessboard,879,1,2
9,58,2,8,1,369,22,876,100,final,50,0.7,0.2,chessboard,885,1,2
9,58,2,8,1,369,22,876,100,final,50,0.7,0.2,chessboard,888,1,2
9,58,2,8,1,369,22,876,100,final,50,0.7,0.2,chessboard,894,1,2
9,58,2,8,1,369,22,876,100,final,50,0.7,0.2,chessboard,923,2,2
10,60,2,10,1,369,22,876,100,final,50,0.7,0.2,chessboard,663,4,2
10,60,2,10,1,369,22,876,100,final,50,0.7,0.2,chessboard,669,2,2
10,60,2,10,1,369,22,876,100,final,50,0.7,0.2,chessboard,724,3,2
10,60,2,10,1,369,22,876,100,final,50,0.7,0.2,chessboard,752,1,2
10,60,2,10,1,369,22,876,100,final,50,0.7,0.2,chessboard,772,1,2
10,60,2,10,1,369,22,876,100,final,50,0.7,0.2,chessboard,783,1,2
10,60,2,10,1,369,22,876,100,final,50,0.7,0.2,chessboard,805,1,2
10,60,2,10,1,369,22,876,100,final,50,0.7,0.2,chessboard,813,4,2
10,60,2,10,1,369,22,876,100,final,50,0.7,0.2,chessboard,816,1,2
10,60,2,10,1,369,22,876,100,final,50,0.7,0.2,chessboard,817,2,2
10,60,2,10,1,369,22,876,100,final,50,0.7,0.2,chessboard,828,1,2
10,60,2,10,1,369,22,876,100,final,50,0.7,0.2,chessboard,838,2,2
10,60,2,10,1,369,22,876,100,final,50,0.7,0.2,chessboard,844,1,2
10,60,2,10,1,369,22,876,100,final,50,0.7,0.2,chessboard,850,1,2
10,60,2,10,1,369,22,876,100,final,50,0.7,0.2,chessboard,862,1,2
10,60,2,10,1,369,22,876,100,final,50,0.7,0.2,chessboard,863,1,2
10,60,2,10,1,369,22,876,100,final,50,0.7,0.2,chessboard,877,2,2
10,60,2,10,1,369,22,876,100,final,50,0.7,0.2,chessboard,914,4,2
11,64,2,14,1,369,22,876,100,final,50,0.7,0.2,chessboard,558,1,2
11,64,2,14,1,369,22,876,100,final,50,0.7,0.2,chessboard,580,1,2
11,64,2,14,1,369,22,876,100,final,50,0.7,0.2,chessboard,589,2,2
11,64,2,14,1,369,22,876,100,final,50,0.7,0.2,chessboard,650,2,2
11,64,2,14,1,369,22,876,100,final,50,0.7,0.2,chessboard,660,2,2
11,64,2,14,1,369,22,876,100,final,50,0.7,0.2,chessboard,663,6,2
11,64,2,14,1,369,22,876,100,final,50,0.7,0.2,chessboard,669,3,2
11,64,2,14,1,369,22,876,100,final,50,0.7,0.2,chessboard,671,4,2
11,64,2,14,1,369,22,876,100,final,50,0.7,0.2,chessboard,675,1,2
11,64,2,14,1,369,22,876,100,final,50,0.7,0.2,chessboard,679,2,2
11,64,2,14,1,369,22,876,100,final,50,0.7,0.2,chessboard,696,2,2
11,64,2,14,1,369,22,876,100,final,50,0.7,0.2,chessboard,700,1,2
11,64,2,14,1,369,22,876,100,final,50,0.7,0.2,chessboard,724,1,2
11,64,2,14,1,369,22,876,100,final,50,0.7,0.2,chessboard,729,3,2
11,64,2,14,1,369,22,876,100,final,50,0.7,0.2,chessboard,748,2,2
11,64,2,14,1,369,22,876,100,final,50,0.7,0.2,chessboard,749,1,2
11,64,2,14,1,369,22,876,100,final,50,0.7,0.2,chessboard,752,1,2
11,64,2,14,1,369,22,876,100,final,50,0.7,0.2,chessboard,758,1,2
11,64,2,14,1,369,22,876,100,final,50,0.7,0.2,chessboard,828,2,2
12,66,2,16,1,369,22,876,100,final,50,0.7,0.2,chessboard,471,1,2
12,66,2,16,1,369,22,876,100,final,50,0.7,0.2,chessboard,526,1,2
12,66,2,16,1,369,22,876,100,final,50,0.7,0.2,chessboard,564,1,2
12,66,2,16,1,369,22,876,100,final,50,0.7,0.2,chessboard,580,3,2
12,66,2,16,1,369,22,876,100,final,50,0.7,0.2,chessboard,581,1,2
12,66,2,16,1,369,22,876,100,final,50,0.7,0.2,chessboard,615,2,2
12,66,2,16,1,369,22,876,100,final,50,0.7,0.2,chessboard,628,4,2
12,66,2,16,1,369,22,876,100,final,50,0.7,0.2,chessboard,635,3,2
12,66,2,16,1,369,22,876,100,final,50,0.7,0.2,chessboard,663,6,2
12,66,2,16,1,369,22,876,100,final,50,0.7,0.2,chessboard,669,3,2
12,66,2,16,1,369,22,876,100,final,50,0.7,0.2,chessboard,671,1,2
12,66,2,16,1,369,22,876,100,final,50,0.7,0.2,chessboard,679,2,2
12,66,2,16,1,369,22,876,100,final,50,0.7,0.2,chessboard,680,1,2
12,66,2,16,1,369,22,876,100,final,50,0.7,0.2,chessboard,696,1,2
12,66,2,16,1,369,22,876,100,final,50,0.7,0.2,chessboard,740,1,2
12,66,2,16,1,369,22,876,100,final,50,0.7,0.2,chessboard,748,1,2
12,66,2,16,1,369,22,876,100,final,50,0.7,0.2,chessboard,751,1,2
12,66,2,16,1,369,22,876,100,final,50,0.7,0.2,chessboard,752,2,2
13,68,2,18,1,369,22,876,100,final,50,0.7,0.2,chessboard,458,1,2
13,68,2,18,1,369,22,876,100,final,50,0.7,0.2,chessboard,487,1,2
13,68,2,18,1,369,22,876,100,final,50,0.7,0.2,chessboard,514,2,2
13,68,2,18,1,369,22,876,100,final,50,0.7,0.2,chessboard,524,1,2
13,68,2,18,1,369,22,876,100,final,50,0.7,0.2,chessboard,546,6,2
13,68,2,18,1,369,22,876,100,final,50,0.7,0.2,chessboard,558,1,2
13,68,2,18,1,369,22,876,100,final,50,0.7,0.2,chessboard,578,1,2
13,68,2,18,1,369,22,876,100,final,50,0.7,0.2,chessboard,580,2,2
13,68,2,18,1,369,22,876,100,final,50,0.7,0.2,chessboard,589,2,2
13,68,2,18,1,369,22,876,100,final,50,0.7,0.2,chessboard,591,1,2
13,68,2,18,1,369,22,876,100,final,50,0.7,0.2,chessboard,609,3,2
13,68,2,18,1,369,22,876,100,final,50,0.7,0.2,chessboard,610,2,2
13,68,2,18,1,369,22,876,100,final,50,0.7,0.2,chessboard,628,1,2
13,68,2,18,1,369,22,876,100,final,50,0.7,0.2,chessboard,642,1,2
13,68,2,18,1,369,22,876,100,final,50,0.7,0.2,chessboard,663,5,2
13,68,2,18,1,369,22,876,100,final,50,0.7,0.2,chessboard,696,1,2
13,68,2,18,1,369,22,876,100,final,50,0.7,0.2,chessboard,748,2,2
14,70,2,20,1,369,22,876,100,final,50,0.7,0.2,chessboard,351,1,2
14,70,2,20,1,369,22,876,100,final,50,0.7,0.2,chessboard,458,2,2
14,70,2,20,1,369,22,876,100,final,50,0.7,0.2,chessboard,471,1,2
14,70,2,20,1,369,22,876,100,final,50,0.7,0.2,chessboard,481,1,2
14,70,2,20,1,369,22,876,100,final,50,0.7,0.2,chessboard,486,1,2
14,70,2,20,1,369,22,876,100,final,50,0.7,0.2,chessboard,503,1,2
14,70,2,20,1,369,22,876,100,final,50,0.7,0.2,chessboard,521,2,2
14,70,2,20,1,369,22,876,100,final,50,0.7,0.2,chessboard,526,2,2
14,70,2,20,1,369,22,876,100,final,50,0.7,0.2,chessboard,540,1,2
14,70,2,20,1,369,22,876,100,final,50,0.7,0.2,chessboard,546,9,2
14,70,2,20,1,369,22,876,100,final,50,0.7,0.2,chessboard,550,1,2
14,70,2,20,1,369,22,876,100,final,50,0.7,0.2,chessboard,558,1,2
14,70,2,20,1,369,22,876,100,final,50,0.7,0.2,chessboard,564,2,2
14,70,2,20,1,369,22,876,100,final,50,0.7,0.2,chessboard,567,1,2
14,70,2,20,1,369,22,876,100,final,50,0.7,0.2,chessboard,580,1,2
14,70,2,20,1,369,22,876,100,final,50,0.7,0.2,chessboard,591,2,2
14,70,2,20,1,369,22,876,100,final,50,0.7,0.2,chessboard,609,1,2
14,70,2,20,1,369,22,876,100,final,50,0.7,0.2,chessboard,615,4,2
14,70,2,20,1,369,22,876,100,final,50,0.7,0.2,chessboard,628,1,2
14,70,2,20,1,369,22,876,100,final,50,0.7,0.2,chessboard,635,1,2
14,70,2,20,1,369,22,876,100,final,50,0.7,0.2,chessboard,663,1,2
14,70,2,20,1,369,22,876,100,final,50,0.7,0.2,chessboard,675,1,2
14,70,2,20,1,369,22,876,100,final,50,0.7,0.2,chessboard,707,1,2
15,72,2,22,1,369,22,876,100,final,50,0.7,0.2,chessboard,504,1,2
15,72,2,22,1,369,22,876,100,final,50,0.7,0.2,chessboard,506,3,2
15,72,2,22,1,369,22,876,100,final,50,0.7,0.2,chessboard,521,1,2
15,72,2,22,1,369,22,876,100,final,50,0.7,0.2,chessboard,540,1,2
15,72,2,22,1,369,22,876,100,final,50,0.7,0.2,chessboard,546,2,2
15,72,2,22,1,369,22,876,100,final,50,0.7,0.2,chessboard,547,3,2
15,72,2,22,1,369,22,876,100,final,50,0.7,0.2,chessboard,558,2,2
15,72,2,22,1,369,22,876,100,final,50,0.7,0.2,chessboard,559,1,2
15,72,2,22,1,369,22,876,100,final,50,0.7,0.2,chessboard,564,2,2
15,72,2,22,1,369,22,876,100,final,50,0.7,0.2,chessboard,567,2,2
15,72,2,22,1,369,22,876,100,final,50,0.7,0.2,chessboard,578,1,2
15,72,2,22,1,369,22,876,100,final,50,0.7,0.2,chessboard,580,1,2
15,72,2,22,1,369,22,876,100,final,50,0.7,0.2,chessboard,591,1,2
15,72,2,22,1,369,22,876,100,final,50,0.7,0.2,chessboard,597,1,2
15,72,2,22,1,369,22,876,100,final,50,0.7,0.2,chessboard,609,4,2
15,72,2,22,1,369,22,876,100,final,50,0.7,0.2,chessboard,610,1,2
15,72,2,22,1,369,22,876,100,final,50,0.7,0.2,chessboard,628,2,2
15,72,2,22,1,369,22,876,100,final,50,0.7,0.2,chessboard,650,1,2
15,72,2,22,1,369,22,876,100,final,50,0.7,0.2,chessboard,663,4,2
15,72,2,22,1,369,22,876,100,final,50,0.7,0.2,chessboard,671,1,2
16,74,2,24,1,369,22,876,100,final,50,0.7,0.2,chessboard,521,1,2
16,74,2,24,1,369,22,876,100,final,50,0.7,0.2,chessboard,540,1,2
16,74,2,24,1,369,22,876,100,final,50,0.7,0.2,chessboard,546,1,2
16,74,2,24,1,369,22,876,100,final,50,0.7,0.2,chessboard,547,1,2
16,74,2,24,1,369,22,876,100,final,50,0.7,0.2,chessboard,550,1,2
16,74,2,24,1,369,22,876,100,final,50,0.7,0.2,chessboard,567,1,2
16,74,2,24,1,369,22,876,100,final,50,0.7,0.2,chessboard,572,2,2
16,74,2,24,1,369,22,876,100,final,50,0.7,0.2,chessboard,580,3,2
16,74,2,24,1,369,22,876,100,final,50,0.7,0.2,chessboard,597,2,2
16,74,2,24,1,369,22,876,100,final,50,0.7,0.2,chessboard,609,1,2
16,74,2,24,1,369,22,876,100,final,50,0.7,0.2,chessboard,635,2,2
16,74,2,24,1,369,22,876,100,final,50,0.7,0.2,chessboard,661,1,2
16,74,2,24,1,369,22,876,100,final,50,0.7,0.2,chessboard,663,3,2
16,74,2,24,1,369,22,876,100,final,50,0.7,0.2,chessboard,667,1,2
16,74,2,24,1,369,22,876,100,final,50,0.7,0.2,chessboard,669,1,2
16,74,2,24,1,369,22,876,100,final,50,0.7,0.2,chessboard,680,2,2
16,74,2,24,1,369,22,876,100,final,50,0.7,0.2,chessboard,681,1,2
16,74,2,24,1,369,22,876,100,final,50,0.7,0.2,chessboard,729,1,2
16,74,2,24,1,369,22,876,100,final,50,0.7,0.2,chessboard,738,4,2
16,74,2,24,1,369,22,876,100,final,50,0.7,0.2,chessboard,739,1,2
16,74,2,24,1,369,22,876,100,final,50,0.7,0.2,chessboard,741,1,2
16,74,2,24,1,369,22,876,100,final,50,0.7,0.2,chessboard,749,1,2
16,74,2,24,1,369,22,876,100,final,50,0.7,0.2,chessboard,750,1,2
16,74,2,24,1,369,22,876,100,final,50,0.7,0.2,chessboard,751,3,2
16,74,2,24,1,369,22,876,100,final,50,0.7,0.2,chessboard,762,1,2
16,74,2,24,1,369,22,876,100,final,50,0.7,0.2,chessboard,784,1,2
16,74,2,24,1,369,22,876,100,final,50,0.7,0.2,chessboard,815,1,2
17,76,2,26,1,369,22,876,100,final,50,0.7,0.2,chessboard,661,1,2
17,76,2,26,1,369,22,876,100,final,50,0.7,0.2,chessboard,681,1,2
17,76,2,26,1,369,22,876,100,final,50,0.7,0.2,chessboard,696,2,2
17,76,2,26,1,369,22,876,100,final,50,0.7,0.2,chessboard,738,2,2
17,76,2,26,1,369,22,876,100,final,50,0.7,0.2,chessboard,739,1,2
17,76,2,26,1,369,22,876,100,final,50,0.7,0.2,chessboard,741,1,2
17,76,2,26,1,369,22,876,100,final,50,0.7,0.2,chessboard,746,1,2
17,76,2,26,1,369,22,876,100,final,50,0.7,0.2,chessboard,750,4,2
17,76,2,26,1,369,22,876,100,final,50,0.7,0.2,chessboard,751,8,2
17,76,2,26,1,369,22,876,100,final,50,0.7,0.2,chessboard,762,1,2
17,76,2,26,1,369,22,876,100,final,50,0.7,0.2,chessboard,766,1,2
17,76,2,26,1,369,22,876,100,final,50,0.7,0.2,chessboard,768,2,2
17,76,2,26,1,369,22,876,100,final,50,0.7,0.2,chessboard,772,1,2
17,76,2,26,1,369,22,876,100,final,50,0.7,0.2,chessboard,784,1,2
17,76,2,26,1,369,22,876,100,final,50,0.7,0.2,chessboard,790,1,2
17,76,2,26,1,369,22,876,100,final,50,0.7,0.2,chessboard,798,1,2
17,76,2,26,1,369,22,876,100,final,50,0.7,0.2,chessboard,799,2,2
17,76,2,26,1,369,22,876,100,final,50,0.7,0.2,chessboard,828,2,2
17,76,2,26,1,369,22,876,100,final,50,0.7,0.2,chessboard,848,1,2
17,76,2,26,1,369,22,876,100,final,50,0.7,0.2,chessboard,891,1,2
18,78,2,28,1,369,22,876,100,final,50,0.7,0.2,chessboard,694,2,2
18,78,2,28,1,369,22,876,100,final,50,0.7,0.2,chessboard,738,1,2
18,78,2,28,1,369,22,876,100,final,50,0.7,0.2,chessboard,739,5,2
18,78,2,28,1,369,22,876,100,final,50,0.7,0.2,chessboard,746,2,2
18,78,2,28,1,369,22,876,100,final,50,0.7,0.2,chessboard,750,1,2
18,78,2,28,1,369,22,876,100,final,50,0.7,0.2,chessboard,751,2,2
18,78,2,28,1,369,22,876,100,final,50,0.7,0.2,chessboard,766,1,2
18,78,2,28,1,369,22,876,100,final,50,0.7,0.2,chessboard,768,3,2
18,78,2,28,1,369,22,876,100,final,50,0.7,0.2,chessboard,772,2,2
18,78,2,28,1,369,22,876,100,final,50,0.7,0.2,chessboard,774,1,2
18,78,2,28,1,369,22,876,100,final,50,0.7,0.2,chessboard,778,2,2
18,78,2,28,1,369,22,876,100,final,50,0.7,0.2,chessboard,784,2,2
18,78,2,28,1,369,22,876,100,final,50,0.7,0.2,chessboard,797,1,2
18,78,2,28,1,369,22,876,100,final,50,0.7,0.2,chessboard,798,3,2
18,78,2,28,1,369,22,876,100,final,50,0.7,0.2,chessboard,799,1,2
18,78,2,28,1,369,22,876,100,final,50,0.7,0.2,chessboard,801,1,2
18,78,2,28,1,369,22,876,100,final,50,0.7,0.2,chessboard,820,4,2
18,78,2,28,1,369,22,876,100,final,50,0.7,0.2,chessboard,828,1,2
18,78,2,28,1,369,22,876,100,final,50,0.7,0.2,chessboard,861,1,2
19,107,3,7,1,369,22,876,100,final,50,0.7,0.2,chessboard,696,1,2
19,107,3,7,1,369,22,876,100,final,50,0.7,0.2,chessboard,783,1,2
19,107,3,7,1,369,22,876,100,final,50,0.7,0.2,chessboard,813,2,2
19,107,3,7,1,369,22,876,100,final,50,0.7,0.2,chessboard,828,1,2
19,107,3,7,1,369,22,876,100,final,50,0.7,0.2,chessboard,832,2,2
19,107,3,7,1,369,22,876,100,final,50,0.7,0.2,chessboard,837,1,2
19,107,3,7,1,369,22,876,100,final,50,0.7,0.2,chessboard,844,2,2
19,107,3,7,1,369,22,876,100,final,50,0.7,0.2,chessboard,850,2,2
19,107,3,7,1,369,22,876,100,final,50,0.7,0.2,chessboard,856,1,2
19,107,3,7,1,369,22,876,100,final,50,0.7,0.2,chessboard,863,1,2
19,107,3,7,1,369,22,876,100,final,50,0.7,0.2,chessboard,866,1,2
19,107,3,7,1,369,22,876,100,final,50,0.7,0.2,chessboard,879,3,2
19,107,3,7,1,369,22,876,100,final,50,0.7,0.2,chessboard,882,2,2
19,107,3,7,1,369,22,876,100,final,50,0.7,0.2,chessboard,885,3,2
19,107,3,7,1,369,22,876,100,final,50,0.7,0.2,chessboard,888,2,2
19,107,3,7,1,369,22,876,100,final,50,0.7,0.2,chessboard,890,2,2
19,107,3,7,1,369,22,876,100,final,50,0.7,0.2,chessboard,895,4,2
19,107,3,7,1,369,22,876,100,final,50,0.7,0.2,chessboard,910,1,2
20,109,3,9,1,369,22,876,100,final,50,0.7,0.2,chessboard,689,1,2
20,109,3,9,1,369,22,876,100,final,50,0.7,0.2,chessboard,724,7,2
20,109,3,9,1,369,22,876,100,final,50,0.7,0.2,chessboard,748,1,2
20,109,3,9,1,369,22,876,100,final,50,0.7,0.2,chessboard,752,1,2
20,109,3,9,1,369,22,876,100,final,50,0.7,0.2,chessboard,783,3,2
20,109,3,9,1,369,22,876,100,final,50,0.7,0.2,chessboard,799,3,2
20,109,3,9,1,369,22,876,100,final,50,0.7,0.2,chessboard,805,1,2
20,109,3,9,1,369,22,876,100,final,50,0.7,0.2,chessboard,813,2,2
20,109,3,9,1,369,22,876,100,final,50,0.7,0.2,chessboard,816,2,2
20,109,3,9,1,369,22,876,100,final,50,0.7,0.2,chessboard,838,2,2
20,109,3,9,1,369,22,876,100,final,50,0.7,0.2,chessboard,850,2,2
20,109,3,9,1,369,22,876,100,final,50,0.7,0.2,chessboard,858,1,2
20,109,3,9,1,369,22,876,100,final,50,0.7,0.2,chessboard,862,1,2
20,109,3,9,1,369,22,876,100,final,50,0.7,0.2,chessboard,866,2,2
20,109,3,9,1,369,22,876,100,final,50,0.7,0.2,chessboard,879,1,2
20,109,3,9,1,369,22,876,100,final,50,0.7,0.2,chessboard,882,1,2
20,109,3,9,1,369,22,876,100,final,50,0.7,0.2,chessboard,895,1,2
20,109,3,9,1,369,22,876,100,final,50,0.7,0.2,chessboard,904,1,2
20,109,3,9,1,369,22,876,100,final,50,0.7,0.2,chessboard,905,1,2
20,109,3,9,1,369,22,876,100,final,50,0.7,0.2,chessboard,907,1,2
20,109,3,9,1,369,22,876,100,final,50,0.7,0.2,chessboard,914,1,2
20,109,3,9,1,369,22,876,100,final,50,0.7,0.2,chessboard,917,1,2
21,111,3,11,1,369,22,876,100,final,50,0.7,0.2,chessboard,756,1,2
21,111,3,11,1,369,22,876,100,final,50,0.7,0.2,chessboard,805,1,2
21,111,3,11,1,369,22,876,100,final,50,0.7,0.2,chessboard,813,3,2
21,111,3,11,1,369,22,876,100,final,50,0.7,0.2,chessboard,816,3,2
21,111,3,11,1,369,22,876,100,final,50,0.7,0.2,chessboard,838,1,2
21,111,3,11,1,369,22,876,100,final,50,0.7,0.2,chessboard,844,2,2
21,111,3,11,1,369,22,876,100,final,50,0.7,0.2,chessboard,850,2,2
21,111,3,11,1,369,22,876,100,final,50,0.7,0.2,chessboard,863,3,2
21,111,3,11,1,369,22,876,100,final,50,0.7,0.2,chessboard,866,2,2
21,111,3,11,1,369,22,876,100,final,50,0.7,0.2,chessboard,877,3,2
21,111,3,11,1,369,22,876,100,final,50,0.7,0.2,chessboard,879,4,2
21,111,3,11,1,369,22,876,100,final,50,0.7,0.2,chessboard,882,3,2
21,111,3,11,1,369,22,876,100,final,50,0.7,0.2,chessboard,888,1,2
21,111,3,11,1,369,22,876,100,final,50,0.7,0.2,chessboard,894,5,2
21,111,3,11,1,369,22,876,100,final,50,0.7,0.2,chessboard,895,1,2
21,111,3,11,1,369,22,876,100,final,50,0.7,0.2,chessboard,905,1,2
21,111,3,11,1,369,22,876,100,final,50,0.7,0.2,chessboard,907,1,2
21,111,3,11,1,369,22,876,100,final,50,0.7,0.2,chessboard,910,1,2
21,111,3,11,1,369,22,876,100,final,50,0.7,0.2,chessboard,914,1,2
21,111,3,11,1,369,22,876,100,final,50,0.7,0.2,chessboard,931,1,2
21,111,3,11,1,369,22,876,100,final,50,0.7,0.2,chessboard,938,1,2
22,113,3,13,1,369,22,876,100,final,50,0.7,0.2,chessboard,663,1,2
22,113,3,13,1,369,22,876,100,final,50,0.7,0.2,chessboard,671,1,2
22,113,3,13,1,369,22,876,100,final,50,0.7,0.2,chessboard,724,1,2
22,113,3,13,1,369,22,876,100,final,50,0.7,0.2,chessboard,729,1,2
22,113,3,13,1,369,22,876,100,final,50,0.7,0.2,chessboard,752,4,2
22,113,3,13,1,369,22,876,100,final,50,0.7,0.2,chessboard,758,2,2
22,113,3,13,1,369,22,876,100,final,50,0.7,0.2,chessboard,784,1,2
22,113,3,13,1,369,22,876,100,final,50,0.7,0.2,chessboard,790,1,2
22,113,3,13,1,369,22,876,100,final,50,0.7,0.2,chessboard,808,2,2
22,113,3,13,1,369,22,876,100,final,50,0.7,0.2,chessboard,813,1,2
22,113,3,13,1,369,22,876,100,final,50,0.7,0.2,chessboard,817,1,2
22,113,3,13,1,369,22,876,100,final,50,0.7,0.2,chessboard,832,1,2
22,113,3,13,1,369,22,876,100,final,50,0.7,0.2,chessboard,837,2,2
22,113,3,13,1,369,22,876,100,final,50,0.7,0.2,chessboard,850,2,2
22,113,3,13,1,369,22,876,100,final,50,0.7,0.2,chessboard,856,2,2
22,113,3,13,1,369,22,876,100,final,50,0.7,0.2,chessboard,858,5,2
22,113,3,13,1,369,22,876,100,final,50,0.7,0.2,chessboard,862,1,2
22,113,3,13,1,369,22,876,100,final,50,0.7,0.2,chessboard,866,1,2
22,113,3,13,1,369,22,876,100,final,50,0.7,0.2,chessboard,877,1,2
22,113,3,13,1,369,22,876,100,final,50,0.7,0.2,chessboard,895,2,2
22,113,3,13,1,369,22,876,100,final,50,0.7,0.2,chessboard,905,1,2
22,113,3,13,1,369,22,876,100,final,50,0.7,0.2,chessboard,938,1,2
23,115,3,15,1,369,22,876,100,final,50,0.7,0.2,chessboard,526,1,2
23,115,3,15,1,369,22,876,100,final,50,0.7,0.2,chessboard,564,1,2
23,115,3,15,1,369,22,876,100,final,50,0.7,0.2,chessboard,580,2,2
23,115,3,15,1,369,22,876,100,final,50,0.7,0.2,chessboard,615,2,2
23,115,3,15,1,369,22,876,100,final,50,0.7,0.2,chessboard,628,1,2
23,115,3,15,1,369,22,876,100,final,50,0.7,0.2,chessboard,642,2,2
23,115,3,15,1,369,22,876,100,final,50,0.7,0.2,chessboard,650,3,2
23,115,3,15,1,369,22,876,100,final,50,0.7,0.2,chessboard,660,1,2
23,115,3,15,1,369,22,876,100,final,50,0.7,0.2,chessboard,663,3,2
23,115,3,15,1,369,22,876,100,final,50,0.7,0.2,chessboard,669,2,2
23,115,3,15,1,369,22,876,100,final,50,0.7,0.2,chessboard,671,2,2
23,115,3,15,1,369,22,876,100,final,50,0.7,0.2,chessboard,676,2,2
23,115,3,15,1,369,22,876,100,final,50,0.7,0.2,chessboard,679,3,2
23,115,3,15,1,369,22,876,100,final,50,0.7,0.2,chessboard,689,1,2
23,115,3,15,1,369,22,876,100,final,50,0.7,0.2,chessboard,694,1,2
23,115,3,15,1,369,22,876,100,final,50,0.7,0.2,chessboard,748,2,2
23,115,3,15,1,369,22,876,100,final,50,0.7,0.2,chessboard,751,1,2
23,115,3,15,1,369,22,876,100,final,50,0.7,0.2,chessboard,756,4,2
23,115,3,15,1,369,22,876,100,final,50,0.7,0.2,chessboard,758,1,2
23,115,3,15,1,369,22,876,100,final,50,0.7,0.2,chessboard,762,1,2
23,115,3,15,1,369,22,876,100,final,50,0.7,0.2,chessboard,766,1,2
23,115,3,15,1,369,22,876,100,final,50,0.7,0.2,chessboard,784,1,2
23,115,3,15,1,369,22,876,100,final,50,0.7,0.2,chessboard,832,1,2
23,115,3,15,1,369,22,876,100,final,50,0.7,0.2,chessboard,842,1,2
23,115,3,15,1,369,22,876,100,final,50,0.7,0.2,chessboard,849,1,2
24,117,3,17,1,369,22,876,100,final,50,0.7,0.2,chessboard,510,1,2
24,117,3,17,1,369,22,876,100,final,50,0.7,0.2,chessboard,521,2,2
24,117,3,17,1,369,22,876,100,final,50,0.7,0.2,chessboard,546,2,2
24,117,3,17,1,369,22,876,100,final,50,0.7,0.2,chessboard,580,5,2
24,117,3,17,1,369,22,876,100,final,50,0.7,0.2,chessboard,589,2,2
24,117,3,17,1,369,22,876,100,final,50,0.7,0.2,chessboard,609,2,2
24,117,3,17,1,369,22,876,100,final,50,0.7,0.2,chessboard,610,1,2
24,117,3,17,1,369,22,876,100,final,50,0.7,0.2,chessboard,615,2,2
24,117,3,17,1,369,22,876,100,final,50,0.7,0.2,chessboard,628,1,2
24,117,3,17,1,369,22,876,100,final,50,0.7,0.2,chessboard,642,2,2
24,117,3,17,1,369,22,876,100,final,50,0.7,0.2,chessboard,660,1,2
24,117,3,17,1,369,22,876,100,final,50,0.7,0.2,chessboard,663,4,2
24,117,3,17,1,369,22,876,100,final,50,0.7,0.2,chessboard,669,3,2
24,117,3,17,1,369,22,876,100,final,50,0.7,0.2,chessboard,671,1,2
24,117,3,17,1,369,22,876,100,final,50,0.7,0.2,chessboard,675,4,2
24,117,3,17,1,369,22,876,100,final,50,0.7,0.2,chessboard,676,1,2
24,117,3,17,1,369,22,876,100,final,50,0.7,0.2,chessboard,738,1,2
24,117,3,17,1,369,22,876,100,final,50,0.7,0.2,chessboard,768,1,2
24,117,3,17,1,369,22,876,100,final,50,0.7,0.2,chessboard,790,1,2
24,117,3,17,1,369,22,876,100,final,50,0.7,0.2,chessboard,799,1,2
24,117,3,17,1,369,22,876,100,final,50,0.7,0.2,chessboard,813,1,2
24,117,3,17,1,369,22,876,100,final,50,0.7,0.2,chessboard,867,1,2
25,119,3,19,1,369,22,876,100,final,50,0.7,0.2,chessboard,521,2,2
25,119,3,19,1,369,22,876,100,final,50,0.7,0.2,chessboard,540,2,2
25,119,3,19,1,369,22,876,100,final,50,0.7,0.2,chessboard,546,1,2
25,119,3,19,1,369,22,876,100,final,50,0.7,0.2,chessboard,547,1,2
25,119,3,19,1,369,22,876,100,final,50,0.7,0.2,chessboard,567,1,2
25,119,3,19,1,369,22,876,100,final,50,0.7,0.2,chessboard,580,5,2
25,119,3,19,1,369,22,876,100,final,50,0.7,0.2,chessboard,589,2,2
25,119,3,19,1,369,22,876,100,final,50,0.7,0.2,chessboard,609,3,2
25,119,3,19,1,369,22,876,100,final,50,0.7,0.2,chessboard,610,1,2
25,119,3,19,1,369,22,876,100,final,50,0.7,0.2,chessboard,642,1,2
25,119,3,19,1,369,22,876,100,final,50,0.7,0.2,chessboard,663,5,2
25,119,3,19,1,369,22,876,100,final,50,0.7,0.2,chessboard,669,2,2
25,119,3,19,1,369,22,876,100,final,50,0.7,0.2,chessboard,671,2,2
25,119,3,19,1,369,22,876,100,final,50,0.7,0.2,chessboard,675,1,2
25,119,3,19,1,369,22,876,100,final,50,0.7,0.2,chessboard,680,1,2
25,119,3,19,1,369,22,876,100,final,50,0.7,0.2,chessboard,729,1,2
25,119,3,19,1,369,22,876,100,final,50,0.7,0.2,chessboard,738,1,2
25,119,3,19,1,369,22,876,100,final,50,0.7,0.2,chessboard,766,1,2
25,119,3,19,1,369,22,876,100,final,50,0.7,0.2,chessboard,785,1,2
25,119,3,19,1,369,22,876,100,final,50,0.7,0.2,chessboard,854,1,2
25,119,3,19,1,369,22,876,100,final,50,0.7,0.2,chessboard,885,1,2
26,121,3,21,1,369,22,876,100,final,50,0.7,0.2,chessboard,524,1,2
26,121,3,21,1,369,22,876,100,final,50,0.7,0.2,chessboard,526,1,2
26,121,3,21,1,369,22,876,100,final,50,0.7,0.2,chessboard,546,3,2
26,121,3,21,1,369,22,876,100,final,50,0.7,0.2,chessboard,558,1,2
26,121,3,21,1,369,22,876,100,final,50,0.7,0.2,chessboard,559,2,2
26,121,3,21,1,369,22,876,100,final,50,0.7,0.2,chessboard,564,2,2
26,121,3,21,1,369,22,876,100,final,50,0.7,0.2,chessboard,578,2,2
26,121,3,21,1,369,22,876,100,final,50,0.7,0.2,chessboard,580,4,2
26,121,3,21,1,369,22,876,100,final,50,0.7,0.2,chessboard,589,1,2
26,121,3,21,1,369,22,876,100,final,50,0.7,0.2,chessboard,609,1,2
26,121,3,21,1,369,22,876,100,final,50,0.7,0.2,chessboard,628,1,2
26,121,3,21,1,369,22,876,100,final,50,0.7,0.2,chessboard,661,1,2
26,121,3,21,1,369,22,876,100,final,50,0.7,0.2,chessboard,663,6,2
26,121,3,21,1,369,22,876,100,final,50,0.7,0.2,chessboard,669,1,2
26,121,3,21,1,369,22,876,100,final,50,0.7,0.2,chessboard,671,1,2
26,121,3,21,1,369,22,876,100,final,50,0.7,0.2,chessboard,675,2,2
26,121,3,21,1,369,22,876,100,final,50,0.7,0.2,chessboard,679,1,2
26,121,3,21,1,369,22,876,100,final,50,0.7,0.2,chessboard,680,1,2
26,121,3,21,1,369,22,876,100,final,50,0.7,0.2,chessboard,725,1,2
26,121,3,21,1,369,22,876,100,final,50,0.7,0.2,chessboard,746,1,2
26,121,3,21,1,369,22,876,100,final,50,0.7,0.2,chessboard,752,1,2
26,121,3,21,1,369,22,876,100,final,50,0.7,0.2,chessboard,772,1,2
27,123,3,23,1,369,22,876,100,final,50,0.7,0.2,chessboard,524,2,2
27,123,3,23,1,369,22,876,100,final,50,0.7,0.2,chessboard,526,1,2
27,123,3,23,1,369,22,876,100,final,50,0.7,0.2,chessboard,546,6,2
27,123,3,23,1,369,22,876,100,final,50,0.7,0.2,chessboard,547,3,2
27,123,3,23,1,369,22,876,100,final,50,0.7,0.2,chessboard,558,1,2
27,123,3,23,1,369,22,876,100,final,50,0.7,0.2,chessboard,567,1,2
27,123,3,23,1,369,22,876,100,final,50,0.7,0.2,chessboard,580,2,2
27,123,3,23,1,369,22,876,100,final,50,0.7,0.2,chessboard,589,3,2
27,123,3,23,1,369,22,876,100,final,50,0.7,0.2,chessboard,591,1,2
27,123,3,23,1,369,22,876,100,final,50,0.7,0.2,chessboard,597,1,2
27,123,3,23,1,369,22,876,100,final,50,0.7,0.2,chessboard,642,4,2
27,123,3,23,1,369,22,876,100,final,50,0.7,0.2,chessboard,660,2,2
27,123,3,23,1,369,22,876,100,final,50,0.7,0.2,chessboard,663,3,2
27,123,3,23,1,369,22,876,100,final,50,0.7,0.2,chessboard,675,1,2
27,123,3,23,1,369,22,876,100,final,50,0.7,0.2,chessboard,680,4,2
27,123,3,23,1,369,22,876,100,final,50,0.7,0.2,chessboard,681,1,2
27,123,3,23,1,369,22,876,100,final,50,0.7,0.2,chessboard,729,1,2
27,123,3,23,1,369,22,876,100,final,50,0.7,0.2,chessboard,738,1,2
27,123,3,23,1,369,22,876,100,final,50,0.7,0.2,chessboard,749,1,2
27,123,3,23,1,369,22,876,100,final,50,0.7,0.2,chessboard,751,1,2
27,123,3,23,1,369,22,876,100,final,50,0.7,0.2,chessboard,762,1,2
28,125,3,25,1,369,22,876,100,final,50,0.7,0.2,chessboard,547,1,2
28,125,3,25,1,369,22,876,100,final,50,0.7,0.2,chessboard,650,1,2
28,125,3,25,1,369,22,876,100,final,50,0.7,0.2,chessboard,696,2,2
28,125,3,25,1,369,22,876,100,final,50,0.7,0.2,chessboard,716,1,2
28,125,3,25,1,369,22,876,100,final,50,0.7,0.2,chessboard,722,1,2
28,125,3,25,1,369,22,876,100,final,50,0.7,0.2,chessboard,738,2,2
28,125,3,25,1,369,22,876,100,final,50,0.7,0.2,chessboard,739,1,2
28,125,3,25,1,369,22,876,100,final,50,0.7,0.2,chessboard,750,1,2
28,125,3,25,1,369,22,876,100,final,50,0.7,0.2,chessboard,751,3,2
28,125,3,25,1,369,22,876,100,final,50,0.7,0.2,chessboard,756,1,2
28,125,3,25,1,369,22,876,100,final,50,0.7,0.2,chessboard,768,1,2
28,125,3,25,1,369,22,876,100,final,50,0.7,0.2,chessboard,772,1,2
28,125,3,25,1,369,22,876,100,final,50,0.7,0.2,chessboard,774,1,2
28,125,3,25,1,369,22,876,100,final,50,0.7,0.2,chessboard,778,2,2
28,125,3,25,1,369,22,876,100,final,50,0.7,0.2,chessboard,784,3,2
28,125,3,25,1,369,22,876,100,final,50,0.7,0.2,chessboard,790,2,2
28,125,3,25,1,369,22,876,100,final,50,0.7,0.2,chessboard,797,3,2
28,125,3,25,1,369,22,876,100,final,50,0.7,0.2,chessboard,798,2,2
28,125,3,25,1,369,22,876,100,final,50,0.7,0.2,chessboard,799,1,2
28,125,3,25,1,369,22,876,100,final,50,0.7,0.2,chessboard,801,2,2
28,125,3,25,1,369,22,876,100,final,50,0.7,0.2,chessboard,815,1,2
28,125,3,25,1,369,22,876,100,final,50,0.7,0.2,chessboard,820,3,2
28,125,3,25,1,369,22,876,100,final,50,0.7,0.2,chessboard,824,1,2
28,125,3,25,1,369,22,876,100,final,50,0.7,0.2,chessboard,825,1,2
28,125,3,25,1,369,22,876,100,final,50,0.7,0.2,chessboard,848,1,2
29,127,3,27,1,369,22,876,100,final,50,0.7,0.2,chessboard,729,1,2
29,127,3,27,1,369,22,876,100,final,50,0.7,0.2,chessboard,742,1,2
29,127,3,27,1,369,22,876,100,final,50,0.7,0.2,chessboard,750,1,2
29,127,3,27,1,369,22,876,100,final,50,0.7,0.2,chessboard,751,1,2
29,127,3,27,1,369,22,876,100,final,50,0.7,0.2,chessboard,756,1,2
29,127,3,27,1,369,22,876,100,final,50,0.7,0.2,chessboard,766,1,2
29,127,3,27,1,369,22,876,100,final,50,0.7,0.2,chessboard,768,2,2
29,127,3,27,1,369,22,876,100,final,50,0.7,0.2,chessboard,774,1,2
29,127,3,27,1,369,22,876,100,final,50,0.7,0.2,chessboard,778,2,2
29,127,3,27,1,369,22,876,100,final,50,0.7,0.2,chessboard,784,2,2
29,127,3,27,1,369,22,876,100,final,50,0.7,0.2,chessboard,798,5,2
29,127,3,27,1,369,22,876,100,final,50,0.7,0.2,chessboard,799,3,2
29,127,3,27,1,369,22,876,100,final,50,0.7,0.2,chessboard,801,2,2
29,127,3,27,1,369,22,876,100,final,50,0.7,0.2,chessboard,815,1,2
29,127,3,27,1,369,22,876,100,final,50,0.7,0.2,chessboard,817,2,2
29,127,3,27,1,369,22,876,100,final,50,0.7,0.2,chessboard,820,4,2
29,127,3,27,1,369,22,876,100,final,50,0.7,0.2,chessboard,824,2,2
29,127,3,27,1,369,22,876,100,final,50,0.7,0.2,chessboard,825,2,2
29,127,3,27,1,369,22,876,100,final,50,0.7,0.2,chessboard,828,1,2
29,127,3,27,1,369,22,876,100,final,50,0.7,0.2,chessboard,852,1,2
30,156,4,6,1,369,22,876,100,final,50,0.7,0.2,chessboard,837,2,2
30,156,4,6,1,369,22,876,100,final,50,0.7,0.2,chessboard,838,1,2
30,156,4,6,1,369,22,876,100,final,50,0.7,0.2,chessboard,840,1,2
30,156,4,6,1,369,22,876,100,final,50,0.7,0.2,chessboard,844,1,2
30,156,4,6,1,369,22,876,100,final,50,0.7,0.2,chessboard,862,1,2
30,156,4,6,1,369,22,876,100,final,50,0.7,0.2,chessboard,865,1,2
30,156,4,6,1,369,22,876,100,final,50,0.7,0.2,chessboard,866,3,2
30,156,4,6,1,369,22,876,100,final,50,0.7,0.2,chessboard,867,1,2
30,156,4,6,1,369,22,876,100,final,50,0.7,0.2,chessboard,877,2,2
30,156,4,6,1,369,22,876,100,final,50,0.7,0.2,chessboard,879,3,2
30,156,4,6,1,369,22,876,100,final,50,0.7,0.2,chessboard,882,2,2
30,156,4,6,1,369,22,876,100,final,50,0.7,0.2,chessboard,885,6,2
30,156,4,6,1,369,22,876,100,final,50,0.7,0.2,chessboard,888,3,2
30,156,4,6,1,369,22,876,100,final,50,0.7,0.2,chessboard,894,3,2
30,156,4,6,1,369,22,876,100,final,50,0.7,0.2,chessboard,897,1,2
30,156,4,6,1,369,22,876,100,final,50,0.7,0.2,chessboard,905,1,2
30,156,4,6,1,369,22,876,100,final,50,0.7,0.2,chessboard,907,1,2
30,156,4,6,1,369,22,876,100,final,50,0.7,0.2,chessboard,914,2,2
30,156,4,6,1,369,22,876,100,final,50,0.7,0.2,chessboard,944,1,2
31,158,4,8,1,369,22,876,100,final,50,0.7,0.2,chessboard,740,1,2
31,158,4,8,1,369,22,876,100,final,50,0.7,0.2,chessboard,783,2,2
31,158,4,8,1,369,22,876,100,final,50,0.7,0.2,chessboard,790,1,2
31,158,4,8,1,369,22,876,100,final,50,0.7,0.2,chessboard,813,1,2
31,158,4,8,1,369,22,876,100,final,50,0.7,0.2,chessboard,816,1,2
31,158,4,8,1,369,22,876,100,final,50,0.7,0.2,chessboard,829,2,2
31,158,4,8,1,369,22,876,100,final,50,0.7,0.2,chessboard,832,2,2
31,158,4,8,1,369,22,876,100,final,50,0.7,0.2,chessboard,841,1,2
31,158,4,8,1,369,22,876,100,final,50,0.7,0.2,chessboard,844,1,2
31,158,4,8,1,369,22,876,100,final,50,0.7,0.2,chessboard,850,3,2
31,158,4,8,1,369,22,876,100,final,50,0.7,0.2,chessboard,856,1,2
31,158,4,8,1,369,22,876,100,final,50,0.7,0.2,chessboard,862,2,2
31,158,4,8,1,369,22,876,100,final,50,0.7,0.2,chessboard,863,1,2
31,158,4,8,1,369,22,876,100,final,50,0.7,0.2,chessboard,866,2,2
31,158,4,8,1,369,22,876,100,final,50,0.7,0.2,chessboard,867,3,2
31,158,4,8,1,369,22,876,100,final,50,0.7,0.2,chessboard,877,3,2
31,158,4,8,1,369,22,876,100,final,50,0.7,0.2,chessboard,878,1,2
31,158,4,8,1,369,22,876,100,final,50,0.7,0.2,chessboard,879,2,2
31,158,4,8,1,369,22,876,100,final,50,0.7,0.2,chessboard,882,2,2
31,158,4,8,1,369,22,876,100,final,50,0.7,0.2,chessboard,894,2,2
31,158,4,8,1,369,22,876,100,final,50,0.7,0.2,chessboard,895,3,2
31,158,4,8,1,369,22,876,100,final,50,0.7,0.2,chessboard,908,1,2
31,158,4,8,1,369,22,876,100,final,50,0.7,0.2,chessboard,914,1,2
32,160,4,10,1,369,22,876,100,final,50,0.7,0.2,chessboard,805,1,2
32,160,4,10,1,369,22,876,100,final,50,0.7,0.2,chessboard,813,1,2
32,160,4,10,1,369,22,876,100,final,50,0.7,0.2,chessboard,816,1,2
32,160,4,10,1,369,22,876,100,final,50,0.7,0.2,chessboard,832,1,2
32,160,4,10,1,369,22,876,100,final,50,0.7,0.2,chessboard,850,2,2
32,160,4,10,1,369,22,876,100,final,50,0.7,0.2,chessboard,858,2,2
32,160,4,10,1,369,22,876,100,final,50,0.7,0.2,chessboard,862,2,2
32,160,4,10,1,369,22,876,100,final,50,0.7,0.2,chessboard,863,2,2
32,160,4,10,1,369,22,876,100,final,50,0.7,0.2,chessboard,866,3,2
32,160,4,10,1,369,22,876,100,final,50,0.7,0.2,chessboard,867,3,2
32,160,4,10,1,369,22,876,100,final,50,0.7,0.2,chessboard,877,3,2
32,160,4,10,1,369,22,876,100,final,50,0.7,0.2,chessboard,879,3,2
32,160,4,10,1,369,22,876,100,final,50,0.7,0.2,chessboard,882,5,2
32,160,4,10,1,369,22,876,100,final,50,0.7,0.2,chessboard,887,1,2
32,160,4,10,1,369,22,876,100,final,50,0.7,0.2,chessboard,888,5,2
32,160,4,10,1,369,22,876,100,final,50,0.7,0.2,chessboard,895,1,2
32,160,4,10,1,369,22,876,100,final,50,0.7,0.2,chessboard,909,1,2
32,160,4,10,1,369,22,876,100,final,50,0.7,0.2,chessboard,914,1,2
32,160,4,10,1,369,22,876,100,final,50,0.7,0.2,chessboard,921,1,2
33,162,4,12,1,369,22,876,100,final,50,0.7,0.2,chessboard,748,1,2
33,162,4,12,1,369,22,876,100,final,50,0.7,0.2,chessboard,816,1,2
33,162,4,12,1,369,22,876,100,final,50,0.7,0.2,chessboard,817,1,2
33,162,4,12,1,369,22,876,100,final,50,0.7,0.2,chessboard,824,1,2
33,162,4,12,1,369,22,876,100,final,50,0.7,0.2,chessboard,828,2,2
33,162,4,12,1,369,22,876,100,final,50,0.7,0.2,chessboard,837,1,2
33,162,4,12,1,369,22,876,100,final,50,0.7,0.2,chessboard,849,1,2
33,162,4,12,1,369,22,876,100,final,50,0.7,0.2,chessboard,850,2,2
33,162,4,12,1,369,22,876,100,final,50,0.7,0.2,chessboard,856,2,2
33,162,4,12,1,369,22,876,100,final,50,0.7,0.2,chessboard,858,2,2
33,162,4,12,1,369,22,876,100,final,50,0.7,0.2,chessboard,862,2,2
33,162,4,12,1,369,22,876,100,final,50,0.7,0.2,chessboard,863,1,2
33,162,4,12,1,369,22,876,100,final,50,0.7,0.2,chessboard,879,4,2
33,162,4,12,1,369,22,876,100,final,50,0.7,0.2,chessboard,885,2,2
33,162,4,12,1,369,22,876,100,final,50,0.7,0.2,chessboard,888,2,2
33,162,4,12,1,369,22,876,100,final,50,0.7,0.2,chessboard,894,2,2
33,162,4,12,1,369,22,876,100,final,50,0.7,0.2,chessboard,895,4,2
33,162,4,12,1,369,22,876,100,final,50,0.7,0.2,chessboard,905,1,2
33,162,4,12,1,369,22,876,100,final,50,0.7,0.2,chessboard,914,2,2
33,162,4,12,1,369,22,876,100,final,50,0.7,0.2,chessboard,938,1,2
34,164,4,14,1,369,22,876,100,final,50,0.7,0.2,chessboard,663,1,2
34,164,4,14,1,369,22,876,100,final,50,0.7,0.2,chessboard,696,1,2
34,164,4,14,1,369,22,876,100,final,50,0.7,0.2,chessboard,725,3,2
34,164,4,14,1,369,22,876,100,final,50,0.7,0.2,chessboard,738,1,2
34,164,4,14,1,369,22,876,100,final,50,0.7,0.2,chessboard,740,1,2
34,164,4,14,1,369,22,876,100,final,50,0.7,0.2,chessboard,748,2,2
34,164,4,14,1,369,22,876,100,final,50,0.7,0.2,chessboard,752,3,2
34,164,4,14,1,369,22,876,100,final,50,0.7,0.2,chessboard,758,2,2
34,164,4,14,1,369,22,876,100,final,50,0.7,0.2,chessboard,778,1,2
34,164,4,14,1,369,22,876,100,final,50,0.7,0.2,chessboard,784,1,2
34,164,4,14,1,369,22,876,100,final,50,0.7,0.2,chessboard,799,2,2
34,164,4,14,1,369,22,876,100,final,50,0.7,0.2,chessboard,808,1,2
34,164,4,14,1,369,22,876,100,final,50,0.7,0.2,chessboard,813,1,2
34,164,4,14,1,369,22,876,100,final,50,0.7,0.2,chessboard,817,1,2
34,164,4,14,1,369,22,876,100,final,50,0.7,0.2,chessboard,822,1,2
34,164,4,14,1,369,22,876,100,final,50,0.7,0.2,chessboard,844,3,2
34,164,4,14,1,369,22,876,100,final,50,0.7,0.2,chessboard,848,1,2
34,164,4,14,1,369,22,876,100,final,50,0.7,0.2,chessboard,850,1,2
34,164,4,14,1,369,22,876,100,final,50,0.7,0.2,chessboard,854,1,2
34,164,4,14,1,369,22,876,100,final,50,0.7,0.2,chessboard,858,2,2
34,164,4,14,1,369,22,876,100,final,50,0.7,0.2,chessboard,863,2,2
34,164,4,14,1,369,22,876,100,final,50,0.7,0.2,chessboard,869,1,2
34,164,4,14,1,369,22,876,100,final,50,0.7,0.2,chessboard,879,1,2
35,166,4,16,1,369,22,876,100,final,50,0.7,0.2,chessboard,609,1,2
35,166,4,16,1,369,22,876,100,final,50,0.7,0.2,chessboard,650,2,2
35,166,4,16,1,369,22,876,100,final,50,0.7,0.2,chessboard,660,6,2
35,166,4,16,1,369,22,876,100,final,50,0.7,0.2,chessboard,663,1,2
35,166,4,16,1,369,22,876,100,final,50,0.7,0.2,chessboard,665,1,2
35,166,4,16,1,369,22,876,100,final,50,0.7,0.2,chessboard,669,2,2
35,166,4,16,1,369,22,876,100,final,50,0.7,0.2,chessboard,671,1,2
35,166,4,16,1,369,22,876,100,final,50,0.7,0.2,chessboard,675,4,2
35,166,4,16,1,369,22,876,100,final,50,0.7,0.2,chessboard,679,1,2
35,166,4,16,1,369,22,876,100,final,50,0.7,0.2,chessboard,694,1,2
35,166,4,16,1,369,22,876,100,final,50,0.7,0.2,chessboard,696,3,2
35,166,4,16,1,369,22,876,100,final,50,0.7,0.2,chessboard,740,2,2
35,166,4,16,1,369,22,876,100,final,50,0.7,0.2,chessboard,748,1,2
35,166,4,16,1,369,22,876,100,final,50,0.7,0.2,chessboard,751,2,2
35,166,4,16,1,369,22,876,100,final,50,0.7,0.2,chessboard,752,1,2
35,166,4,16,1,369,22,876,100,final,50,0.7,0.2,chessboard,756,3,2
35,166,4,16,1,369,22,876,100,final,50,0.7,0.2,chessboard,783,1,2
35,166,4,16,1,369,22,876,100,final,50,0.7,0.2,chessboard,790,2,2
35,166,4,16,1,369,22,876,100,final,50,0.7,0.2,chessboard,825,1,2
35,166,4,16,1,369,22,876,100,final,50,0.7,0.2,chessboard,832,1,2
35,166,4,16,1,369,22,876,100,final,50,0.7,0.2,chessboard,838,1,2
35,166,4,16,1,369,22,876,100,final,50,0.7,0.2,chessboard,862,2,2
35,166,4,16,1,369,22,876,100,final,50,0.7,0.2,chessboard,865,1,2
36,168,4,18,1,369,22,876,100,final,50,0.7,0.2,chessboard,510,1,2
36,168,4,18,1,369,22,876,100,final,50,0.7,0.2,chessboard,558,1,2
36,168,4,18,1,369,22,876,100,final,50,0.7,0.2,chessboard,609,2,2
36,168,4,18,1,369,22,876,100,final,50,0.7,0.2,chessboard,615,1,2
36,168,4,18,1,369,22,876,100,final,50,0.7,0.2,chessboard,628,1,2
36,168,4,18,1,369,22,876,100,final,50,0.7,0.2,chessboard,650,2,2
36,168,4,18,1,369,22,876,100,final,50,0.7,0.2,chessboard,661,1,2
36,168,4,18,1,369,22,876,100,final,50,0.7,0.2,chessboard,663,2,2
36,168,4,18,1,369,22,876,100,final,50,0.7,0.2,chessboard,669,1,2
36,168,4,18,1,369,22,876,100,final,50,0.7,0.2,chessboard,671,1,2
36,168,4,18,1,369,22,876,100,final,50,0.7,0.2,chessboard,675,3,2
36,168,4,18,1,369,22,876,100,final,50,0.7,0.2,chessboard,676,1,2
36,168,4,18,1,369,22,876,100,final,50,0.7,0.2,chessboard,679,2,2
36,168,4,18,1,369,22,876,100,final,50,0.7,0.2,chessboard,696,2,2
36,168,4,18,1,369,22,876,100,final,50,0.7,0.2,chessboard,707,1,2
36,168,4,18,1,369,22,876,100,final,50,0.7,0.2,chessboard,738,1,2
36,168,4,18,1,369,22,876,100,final,50,0.7,0.2,chessboard,748,2,2
36,168,4,18,1,369,22,876,100,final,50,0.7,0.2,chessboard,749,1,2
36,168,4,18,1,369,22,876,100,final,50,0.7,0.2,chessboard,751,5,2
36,168,4,18,1,369,22,876,100,final,50,0.7,0.2,chessboard,752,2,2
36,168,4,18,1,369,22,876,100,final,50,0.7,0.2,chessboard,756,1,2
36,168,4,18,1,369,22,876,100,final,50,0.7,0.2,chessboard,772,1,2
36,168,4,18,1,369,22,876,100,final,50,0.7,0.2,chessboard,784,2,2
36,168,4,18,1,369,22,876,100,final,50,0.7,0.2,chessboard,815,1,2
37,170,4,20,1,369,22,876,100,final,50,0.7,0.2,chessboard,458,1,2
37,170,4,20,1,369,22,876,100,final,50,0.7,0.2,chessboard,521,1,2
37,170,4,20,1,369,22,876,100,final,50,0.7,0.2,chessboard,580,1,2
37,170,4,20,1,369,22,876,100,final,50,0.7,0.2,chessboard,581,1,2
37,170,4,20,1,369,22,876,100,final,50,0.7,0.2,chessboard,589,2,2
37,170,4,20,1,369,22,876,100,final,50,0.7,0.2,chessboard,609,1,2
37,170,4,20,1,369,22,876,100,final,50,0.7,0.2,chessboard,615,1,2
37,170,4,20,1,369,22,876,100,final,50,0.7,0.2,chessboard,628,2,2
37,170,4,20,1,369,22,876,100,final,50,0.7,0.2,chessboard,650,1,2
37,170,4,20,1,369,22,876,100,final,50,0.7,0.2,chessboard,660,2,2
37,170,4,20,1,369,22,876,100,final,50,0.7,0.2,chessboard,661,1,2
37,170,4,20,1,369,22,876,100,final,50,0.7,0.2,chessboard,663,1,2
37,170,4,20,1,369,22,876,100,final,50,0.7,0.2,chessboard,671,2,2
37,170,4,20,1,369,22,876,100,final,50,0.7,0.2,chessboard,675,1,2
37,170,4,20,1,369,22,876,100,final,50,0.7,0.2,chessboard,679,4,2
37,170,4,20,1,369,22,876,100,final,50,0.7,0.2,chessboard,696,4,2
37,170,4,20,1,369,22,876,100,final,50,0.7,0.2,chessboard,725,1,2
37,170,4,20,1,369,22,876,100,final,50,0.7,0.2,chessboard,729,1,2
37,170,4,20,1,369,22,876,100,final,50,0.7,0.2,chessboard,738,1,2
37,170,4,20,1,369,22,876,100,final,50,0.7,0.2,chessboard,750,2,2
37,170,4,20,1,369,22,876,100,final,50,0.7,0.2,chessboard,751,1,2
37,170,4,20,1,369,22,876,100,final,50,0.7,0.2,chessboard,752,3,2
37,170,4,20,1,369,22,876,100,final,50,0.7,0.2,chessboard,772,2,2
37,170,4,20,1,369,22,876,100,final,50,0.7,0.2,chessboard,784,1,2
37,170,4,20,1,369,22,876,100,final,50,0.7,0.2,chessboard,867,1,2
38,172,4,22,1,369,22,876,100,final,50,0.7,0.2,chessboard,524,1,2
38,172,4,22,1,369,22,876,100,final,50,0.7,0.2,chessboard,546,1,2
38,172,4,22,1,369,22,876,100,final,50,0.7,0.2,chessboard,547,3,2
38,172,4,22,1,369,22,876,100,final,50,0.7,0.2,chessboard,591,1,2
38,172,4,22,1,369,22,876,100,final,50,0.7,0.2,chessboard,609,1,2
38,172,4,22,1,369,22,876,100,final,50,0.7,0.2,chessboard,628,1,2
38,172,4,22,1,369,22,876,100,final,50,0.7,0.2,chessboard,661,5,2
38,172,4,22,1,369,22,876,100,final,50,0.7,0.2,chessboard,663,6,2
38,172,4,22,1,369,22,876,100,final,50,0.7,0.2,chessboard,689,1,2
38,172,4,22,1,369,22,876,100,final,50,0.7,0.2,chessboard,696,1,2
38,172,4,22,1,369,22,876,100,final,50,0.7,0.2,chessboard,707,2,2
38,172,4,22,1,369,22,876,100,final,50,0.7,0.2,chessboard,720,1,2
38,172,4,22,1,369,22,876,100,final,50,0.7,0.2,chessboard,738,2,2
38,172,4,22,1,369,22,876,100,final,50,0.7,0.2,chessboard,746,1,2
38,172,4,22,1,369,22,876,100,final,50,0.7,0.2,chessboard,751,2,2
38,172,4,22,1,369,22,876,100,final,50,0.7,0.2,chessboard,762,3,2
38,172,4,22,1,369,22,876,100,final,50,0.7,0.2,chessboard,772,2,2
38,172,4,22,1,369,22,876,100,final,50,0.7,0.2,chessboard,799,1,2
38,172,4,22,1,369,22,876,100,final,50,0.7,0.2,chessboard,815,1,2
39,174,4,24,1,369,22,876,100,final,50,0.7,0.2,chessboard,580,2,2
39,174,4,24,1,369,22,876,100,final,50,0.7,0.2,chessboard,591,1,2
39,174,4,24,1,369,22,876,100,final,50,0.7,0.2,chessboard,661,1,2
39,174,4,24,1,369,22,876,100,final,50,0.7,0.2,chessboard,663,2,2
39,174,4,24,1,369,22,876,100,final,50,0.7,0.2,chessboard,667,1,2
39,174,4,24,1,369,22,876,100,final,50,0.7,0.2,chessboard,680,1,2
39,174,4,24,1,369,22,876,100,final,50,0.7,0.2,chessboard,696,1,2
39,174,4,24,1,369,22,876,100,final,50,0.7,0.2,chessboard,707,1,2
39,174,4,24,1,369,22,876,100,final,50,0.7,0.2,chessboard,738,2,2
39,174,4,24,1,369,22,876,100,final,50,0.7,0.2,chessboard,748,1,2
39,174,4,24,1,369,22,876,100,final,50,0.7,0.2,chessboard,750,2,2
39,174,4,24,1,369,22,876,100,final,50,0.7,0.2,chessboard,751,5,2
39,174,4,24,1,369,22,876,100,final,50,0.7,0.2,chessboard,752,3,2
39,174,4,24,1,369,22,876,100,final,50,0.7,0.2,chessboard,762,2,2
39,174,4,24,1,369,22,876,100,final,50,0.7,0.2,chessboard,766,1,2
39,174,4,24,1,369,22,876,100,final,50,0.7,0.2,chessboard,784,2,2
39,174,4,24,1,369,22,876,100,final,50,0.7,0.2,chessboard,797,1,2
39,174,4,24,1,369,22,876,100,final,50,0.7,0.2,chessboard,798,3,2
39,174,4,24,1,369,22,876,100,final,50,0.7,0.2,chessboard,799,2,2
39,174,4,24,1,369,22,876,100,final,50,0.7,0.2,chessboard,801,1,2
39,174,4,24,1,369,22,876,100,final,50,0.7,0.2,chessboard,815,1,2
39,174,4,24,1,369,22,876,100,final,50,0.7,0.2,chessboard,817,1,2
39,174,4,24,1,369,22,876,100,final,50,0.7,0.2,chessboard,820,2,2
39,174,4,24,1,369,22,876,100,final,50,0.7,0.2,chessboard,825,1,2
39,174,4,24,1,369,22,876,100,final,50,0.7,0.2,chessboard,828,1,2
39,174,4,24,1,369,22,876,100,final,50,0.7,0.2,chessboard,855,1,2
39,174,4,24,1,369,22,876,100,final,50,0.7,0.2,chessboard,858,1,2
40,176,4,26,1,369,22,876,100,final,50,0.7,0.2,chessboard,642,1,2
40,176,4,26,1,369,22,876,100,final,50,0.7,0.2,chessboard,729,1,2
40,176,4,26,1,369,22,876,100,final,50,0.7,0.2,chessboard,738,2,2
40,176,4,26,1,369,22,876,100,final,50,0.7,0.2,chessboard,742,1,2
40,176,4,26,1,369,22,876,100,final,50,0.7,0.2,chessboard,751,6,2
40,176,4,26,1,369,22,876,100,final,50,0.7,0.2,chessboard,772,2,2
40,176,4,26,1,369,22,876,100,final,50,0.7,0.2,chessboard,778,3,2
40,176,4,26,1,369,22,876,100,final,50,0.7,0.2,chessboard,784,4,2
40,176,4,26,1,369,22,876,100,final,50,0.7,0.2,chessboard,798,3,2
40,176,4,26,1,369,22,876,100,final,50,0.7,0.2,chessboard,799,4,2
40,176,4,26,1,369,22,876,100,final,50,0.7,0.2,chessboard,815,2,2
40,176,4,26,1,369,22,876,100,final,50,0.7,0.2,chessboard,820,3,2
40,176,4,26,1,369,22,876,100,final,50,0.7,0.2,chessboard,825,2,2
40,176,4,26,1,369,22,876,100,final,50,0.7,0.2,chessboard,848,1,2
40,176,4,26,1,369,22,876,100,final,50,0.7,0.2,chessboard,861,2,2
41,178,4,28,1,369,22,876,100,final,50,0.7,0.2,chessboard,707,1,2
41,178,4,28,1,369,22,876,100,final,50,0.7,0.2,chessboard,738,1,2
41,178,4,28,1,369,22,876,100,final,50,0.7,0.2,chessboard,739,1,2
41,178,4,28,1,369,22,876,100,final,50,0.7,0.2,chessboard,762,2,2
41,178,4,28,1,369,22,876,100,final,50,0.7,0.2,chessboard,772,1,2
41,178,4,28,1,369,22,876,100,final,50,0.7,0.2,chessboard,784,5,2
41,178,4,28,1,369,22,876,100,final,50,0.7,0.2,chessboard,798,3,2
41,178,4,28,1,369,22,876,100,final,50,0.7,0.2,chessboard,820,6,2
41,178,4,28,1,369,22,876,100,final,50,0.7,0.2,chessboard,823,3,2
41,178,4,28,1,369,22,876,100,final,50,0.7,0.2,chessboard,824,2,2
41,178,4,28,1,369,22,876,100,final,50,0.7,0.2,chessboard,825,7,2
41,178,4,28,1,369,22,876,100,final,50,0.7,0.2,chessboard,828,2,2
41,178,4,28,1,369,22,876,100,final,50,0.7,0.2,chessboard,849,2,2
42,205,5,5,1,369,22,876,100,final,50,0.7,0.2,chessboard,816,2,2
42,205,5,5,1,369,22,876,100,final,50,0.7,0.2,chessboard,817,1,2
42,205,5,5,1,369,22,876,100,final,50,0.7,0.2,chessboard,839,3,2
42,205,5,5,1,369,22,876,100,final,50,0.7,0.2,chessboard,844,1,2
42,205,5,5,1,369,22,876,100,final,50,0.7,0.2,chessboard,850,1,2
42,205,5,5,1,369,22,876,100,final,50,0.7,0.2,chessboard,856,1,2
42,205,5,5,1,369,22,876,100,final,50,0.7,0.2,chessboard,858,2,2
42,205,5,5,1,369,22,876,100,final,50,0.7,0.2,chessboard,862,2,2
42,205,5,5,1,369,22,876,100,final,50,0.7,0.2,chessboard,863,2,2
42,205,5,5,1,369,22,876,100,final,50,0.7,0.2,chessboard,865,2,2
42,205,5,5,1,369,22,876,100,final,50,0.7,0.2,chessboard,867,1,2
42,205,5,5,1,369,22,876,100,final,50,0.7,0.2,chessboard,876,2,2
42,205,5,5,1,369,22,876,100,final,50,0.7,0.2,chessboard,879,3,2
42,205,5,5,1,369,22,876,100,final,50,0.7,0.2,chessboard,882,1,2
42,205,5,5,1,369,22,876,100,final,50,0.7,0.2,chessboard,885,2,2
42,205,5,5,1,369,22,876,100,final,50,0.7,0.2,chessboard,890,1,2
42,205,5,5,1,369,22,876,100,final,50,0.7,0.2,chessboard,894,2,2
42,205,5,5,1,369,22,876,100,final,50,0.7,0.2,chessboard,897,1,2
42,205,5,5,1,369,22,876,100,final,50,0.7,0.2,chessboard,905,1,2
42,205,5,5,1,369,22,876,100,final,50,0.7,0.2,chessboard,907,4,2
42,205,5,5,1,369,22,876,100,final,50,0.7,0.2,chessboard,910,1,2
42,205,5,5,1,369,22,876,100,final,50,0.7,0.2,chessboard,925,2,2
42,205,5,5,1,369,22,876,100,final,50,0.7,0.2,chessboard,944,5,2
43,207,5,7,1,369,22,876,100,final,50,0.7,0.2,chessboard,752,1,2
43,207,5,7,1,369,22,876,100,final,50,0.7,0.2,chessboard,816,1,2
43,207,5,7,1,369,22,876,100,final,50,0.7,0.2,chessboard,817,2,2
43,207,5,7,1,369,22,876,100,final,50,0.7,0.2,chessboard,828,1,2
43,207,5,7,1,369,22,876,100,final,50,0.7,0.2,chessboard,832,1,2
43,207,5,7,1,369,22,876,100,final,50,0.7,0.2,chessboard,841,1,2
43,207,5,7,1,369,22,876,100,final,50,0.7,0.2,chessboard,844,1,2
43,207,5,7,1,369,22,876,100,final,50,0.7,0.2,chessboard,850,1,2
43,207,5,7,1,369,22,876,100,final,50,0.7,0.2,chessboard,862,1,2
43,207,5,7,1,369,22,876,100,final,50,0.7,0.2,chessboard,863,2,2
43,207,5,7,1,369,22,876,100,final,50,0.7,0.2,chessboard,866,5,2
43,207,5,7,1,369,22,876,100,final,50,0.7,0.2,chessboard,867,1,2
43,207,5,7,1,369,22,876,100,final,50,0.7,0.2,chessboard,877,4,2
43,207,5,7,1,369,22,876,100,final,50,0.7,0.2,chessboard,878,2,2
43,207,5,7,1,369,22,876,100,final,50,0.7,0.2,chessboard,879,2,2
43,207,5,7,1,369,22,876,100,final,50,0.7,0.2,chessboard,882,5,2
43,207,5,7,1,369,22,876,100,final,50,0.7,0.2,chessboard,885,1,2
43,207,5,7,1,369,22,876,100,final,50,0.7,0.2,chessboard,894,2,2
43,207,5,7,1,369,22,876,100,final,50,0.7,0.2,chessboard,895,3,2
43,207,5,7,1,369,22,876,100,final,50,0.7,0.2,chessboard,908,2,2
43,207,5,7,1,369,22,876,100,final,50,0.7,0.2,chessboard,917,1,2
43,207,5,7,1,369,22,876,100,final,50,0.7,0.2,chessboard,944,1,2
43,207,5,7,1,369,22,876,100,final,50,0.7,0.2,chessboard,973,1,2
44,209,5,9,1,369,22,876,100,final,50,0.7,0.2,chessboard,813,1,2
44,209,5,9,1,369,22,876,100,final,50,0.7,0.2,chessboard,830,2,2
44,209,5,9,1,369,22,876,100,final,50,0.7,0.2,chessboard,832,1,2
44,209,5,9,1,369,22,876,100,final,50,0.7,0.2,chessboard,840,1,2
44,209,5,9,1,369,22,876,100,final,50,0.7,0.2,chessboard,844,1,2
44,209,5,9,1,369,22,876,100,final,50,0.7,0.2,chessboard,850,4,2
44,209,5,9,1,369,22,876,100,final,50,0.7,0.2,chessboard,862,4,2
44,209,5,9,1,369,22,876,100,final,50,0.7,0.2,chessboard,865,2,2
44,209,5,9,1,369,22,876,100,final,50,0.7,0.2,chessboard,866,1,2
44,209,5,9,1,369,22,876,100,final,50,0.7,0.2,chessboard,867,2,2
44,209,5,9,1,369,22,876,100,final,50,0.7,0.2,chessboard,877,2,2
44,209,5,9,1,369,22,876,100,final,50,0.7,0.2,chessboard,879,2,2
44,209,5,9,1,369,22,876,100,final,50,0.7,0.2,chessboard,882,3,2
44,209,5,9,1,369,22,876,100,final,50,0.7,0.2,chessboard,885,1,2
44,209,5,9,1,369,22,876,100,final,50,0.7,0.2,chessboard,887,1,2
44,209,5,9,1,369,22,876,100,final,50,0.7,0.2,chessboard,894,1,2
44,209,5,9,1,369,22,876,100,final,50,0.7,0.2,chessboard,905,2,2
44,209,5,9,1,369,22,876,100,final,50,0.7,0.2,chessboard,908,1,2
44,209,5,9,1,369,22,876,100,final,50,0.7,0.2,chessboard,910,1,2
44,209,5,9,1,369,22,876,100,final,50,0.7,0.2,chessboard,914,3,2
44,209,5,9,1,369,22,876,100,final,50,0.7,0.2,chessboard,917,4,2
44,209,5,9,1,369,22,876,100,final,50,0.7,0.2,chessboard,938,1,2
45,211,5,11,1,369,22,876,100,final,50,0.7,0.2,chessboard,724,1,2
45,211,5,11,1,369,22,876,100,final,50,0.7,0.2,chessboard,799,1,2
45,211,5,11,1,369,22,876,100,final,50,0.7,0.2,chessboard,808,1,2
45,211,5,11,1,369,22,876,100,final,50,0.7,0.2,chessboard,817,1,2
45,211,5,11,1,369,22,876,100,final,50,0.7,0.2,chessboard,824,1,2
45,211,5,11,1,369,22,876,100,final,50,0.7,0.2,chessboard,844,7,2
45,211,5,11,1,369,22,876,100,final,50,0.7,0.2,chessboard,856,2,2
45,211,5,11,1,369,22,876,100,final,50,0.7,0.2,chessboard,863,1,2
45,211,5,11,1,369,22,876,100,final,50,0.7,0.2,chessboard,866,1,2
45,211,5,11,1,369,22,876,100,final,50,0.7,0.2,chessboard,867,5,2
45,211,5,11,1,369,22,876,100,final,50,0.7,0.2,chessboard,877,2,2
45,211,5,11,1,369,22,876,100,final,50,0.7,0.2,chessboard,879,3,2
45,211,5,11,1,369,22,876,100,final,50,0.7,0.2,chessboard,882,1,2
45,211,5,11,1,369,22,876,100,final,50,0.7,0.2,chessboard,888,2,2
45,211,5,11,1,369,22,876,100,final,50,0.7,0.2,chessboard,894,2,2
45,211,5,11,1,369,22,876,100,final,50,0.7,0.2,chessboard,895,3,2
45,211,5,11,1,369,22,876,100,final,50,0.7,0.2,chessboard,904,1,2
45,211,5,11,1,369,22,876,100,final,50,0.7,0.2,chessboard,910,1,2
45,211,5,11,1,369,22,876,100,final,50,0.7,0.2,chessboard,914,3,2
45,211,5,11,1,369,22,876,100,final,50,0.7,0.2,chessboard,917,2,2
45,211,5,11,1,369,22,876,100,final,50,0.7,0.2,chessboard,938,1,2
46,213,5,13,1,369,22,876,100,final,50,0.7,0.2,chessboard,675,1,2
46,213,5,13,1,369,22,876,100,final,50,0.7,0.2,chessboard,738,1,2
46,213,5,13,1,369,22,876,100,final,50,0.7,0.2,chessboard,813,1,2
46,213,5,13,1,369,22,876,100,final,50,0.7,0.2,chessboard,828,1,2
46,213,5,13,1,369,22,876,100,final,50,0.7,0.2,chessboard,839,1,2
46,213,5,13,1,369,22,876,100,final,50,0.7,0.2,chessboard,846,2,2
46,213,5,13,1,369,22,876,100,final,50,0.7,0.2,chessboard,850,2,2
46,213,5,13,1,369,22,876,100,final,50,0.7,0.2,chessboard,858,2,2
46,213,5,13,1,369,22,876,100,final,50,0.7,0.2,chessboard,863,1,2
46,213,5,13,1,369,22,876,100,final,50,0.7,0.2,chessboard,865,2,2
46,213,5,13,1,369,22,876,100,final,50,0.7,0.2,chessboard,866,1,2
46,213,5,13,1,369,22,876,100,final,50,0.7,0.2,chessboard,869,1,2
46,213,5,13,1,369,22,876,100,final,50,0.7,0.2,chessboard,876,1,2
46,213,5,13,1,369,22,876,100,final,50,0.7,0.2,chessboard,877,1,2
46,213,5,13,1,369,22,876,100,final,50,0.7,0.2,chessboard,879,1,2
46,213,5,13,1,369,22,876,100,final,50,0.7,0.2,chessboard,885,1,2
46,213,5,13,1,369,22,876,100,final,50,0.7,0.2,chessboard,894,3,2
46,213,5,13,1,369,22,876,100,final,50,0.7,0.2,chessboard,895,2,2
46,213,5,13,1,369,22,876,100,final,50,0.7,0.2,chessboard,897,2,2
46,213,5,13,1,369,22,876,100,final,50,0.7,0.2,chessboard,904,3,2
46,213,5,13,1,369,22,876,100,final,50,0.7,0.2,chessboard,905,1,2
46,213,5,13,1,369,22,876,100,final,50,0.7,0.2,chessboard,914,1,2
46,213,5,13,1,369,22,876,100,final,50,0.7,0.2,chessboard,915,1,2
46,213,5,13,1,369,22,876,100,final,50,0.7,0.2,chessboard,938,3,2
47,215,5,15,1,369,22,876,100,final,50,0.7,0.2,chessboard,669,2,2
47,215,5,15,1,369,22,876,100,final,50,0.7,0.2,chessboard,671,1,2
47,215,5,15,1,369,22,876,100,final,50,0.7,0.2,chessboard,696,1,2
47,215,5,15,1,369,22,876,100,final,50,0.7,0.2,chessboard,729,1,2
47,215,5,15,1,369,22,876,100,final,50,0.7,0.2,chessboard,738,1,2
47,215,5,15,1,369,22,876,100,final,50,0.7,0.2,chessboard,748,1,2
47,215,5,15,1,369,22,876,100,final,50,0.7,0.2,chessboard,750,1,2
47,215,5,15,1,369,22,876,100,final,50,0.7,0.2,chessboard,756,1,2
47,215,5,15,1,369,22,876,100,final,50,0.7,0.2,chessboard,772,1,2
47,215,5,15,1,369,22,876,100,final,50,0.7,0.2,chessboard,778,1,2
47,215,5,15,1,369,22,876,100,final,50,0.7,0.2,chessboard,784,2,2
47,215,5,15,1,369,22,876,100,final,50,0.7,0.2,chessboard,799,1,2
47,215,5,15,1,369,22,876,100,final,50,0.7,0.2,chessboard,808,4,2
47,215,5,15,1,369,22,876,100,final,50,0.7,0.2,chessboard,815,1,2
47,215,5,15,1,369,22,876,100,final,50,0.7,0.2,chessboard,822,1,2
47,215,5,15,1,369,22,876,100,final,50,0.7,0.2,chessboard,824,2,2
47,215,5,15,1,369,22,876,100,final,50,0.7,0.2,chessboard,837,1,2
47,215,5,15,1,369,22,876,100,final,50,0.7,0.2,chessboard,842,1,2
47,215,5,15,1,369,22,876,100,final,50,0.7,0.2,chessboard,850,1,2
47,215,5,15,1,369,22,876,100,final,50,0.7,0.2,chessboard,858,1,2
47,215,5,15,1,369,22,876,100,final,50,0.7,0.2,chessboard,862,1,2
47,215,5,15,1,369,22,876,100,final,50,0.7,0.2,chessboard,863,1,2
47,215,5,15,1,369,22,876,100,final,50,0.7,0.2,chessboard,877,5,2
47,215,5,15,1,369,22,876,100,final,50,0.7,0.2,chessboard,915,1,2
48,217,5,17,1,369,22,876,100,final,50,0.7,0.2,chessboard,458,1,2
48,217,5,17,1,369,22,876,100,final,50,0.7,0.2,chessboard,609,1,2
48,217,5,17,1,369,22,876,100,final,50,0.7,0.2,chessboard,628,2,2
48,217,5,17,1,369,22,876,100,final,50,0.7,0.2,chessboard,642,1,2
48,217,5,17,1,369,22,876,100,final,50,0.7,0.2,chessboard,650,3,2
48,217,5,17,1,369,22,876,100,final,50,0.7,0.2,chessboard,660,1,2
48,217,5,17,1,369,22,876,100,final,50,0.7,0.2,chessboard,669,1,2
48,217,5,17,1,369,22,876,100,final,50,0.7,0.2,chessboard,675,1,2
48,217,5,17,1,369,22,876,100,final,50,0.7,0.2,chessboard,679,4,2
48,217,5,17,1,369,22,876,100,final,50,0.7,0.2,chessboard,729,1,2
48,217,5,17,1,369,22,876,100,final,50,0.7,0.2,chessboard,738,3,2
48,217,5,17,1,369,22,876,100,final,50,0.7,0.2,chessboard,740,1,2
48,217,5,17,1,369,22,876,100,final,50,0.7,0.2,chessboard,748,1,2
48,217,5,17,1,369,22,876,100,final,50,0.7,0.2,chessboard,751,2,2
48,217,5,17,1,369,22,876,100,final,50,0.7,0.2,chessboard,758,1,2
48,217,5,17,1,369,22,876,100,final,50,0.7,0.2,chessboard,766,1,2
48,217,5,17,1,369,22,876,100,final,50,0.7,0.2,chessboard,799,2,2
48,217,5,17,1,369,22,876,100,final,50,0.7,0.2,chessboard,824,3,2
48,217,5,17,1,369,22,876,100,final,50,0.7,0.2,chessboard,832,2,2
49,219,5,19,1,369,22,876,100,final,50,0.7,0.2,chessboard,628,1,2
49,219,5,19,1,369,22,876,100,final,50,0.7,0.2,chessboard,635,1,2
49,219,5,19,1,369,22,876,100,final,50,0.7,0.2,chessboard,650,1,2
49,219,5,19,1,369,22,876,100,final,50,0.7,0.2,chessboard,663,3,2
49,219,5,19,1,369,22,876,100,final,50,0.7,0.2,chessboard,679,4,2
49,219,5,19,1,369,22,876,100,final,50,0.7,0.2,chessboard,696,1,2
49,219,5,19,1,369,22,876,100,final,50,0.7,0.2,chessboard,729,2,2
49,219,5,19,1,369,22,876,100,final,50,0.7,0.2,chessboard,738,3,2
49,219,5,19,1,369,22,876,100,final,50,0.7,0.2,chessboard,750,4,2
49,219,5,19,1,369,22,876,100,final,50,0.7,0.2,chessboard,751,3,2
49,219,5,19,1,369,22,876,100,final,50,0.7,0.2,chessboard,772,2,2
49,219,5,19,1,369,22,876,100,final,50,0.7,0.2,chessboard,784,1,2
49,219,5,19,1,369,22,876,100,final,50,0.7,0.2,chessboard,797,1,2
49,219,5,19,1,369,22,876,100,final,50,0.7,0.2,chessboard,817,1,2
49,219,5,19,1,369,22,876,100,final,50,0.7,0.2,chessboard,828,1,2
50,221,5,21,1,369,22,876,100,final,50,0.7,0.2,chessboard,564,1,2
50,221,5,21,1,369,22,876,100,final,50,0.7,0.2,chessboard,591,1,2
50,221,5,21,1,369,22,876,100,final,50,0.7,0.2,chessboard,660,1,2
50,221,5,21,1,369,22,876,100,final,50,0.7,0.2,chessboard,663,3,2
50,221,5,21,1,369,22,876,100,final,50,0.7,0.2,chessboard,671,1,2
50,221,5,21,1,369,22,876,100,final,50,0.7,0.2,chessboard,676,1,2
50,221,5,21,1,369,22,876,100,final,50,0.7,0.2,chessboard,679,1,2
50,221,5,21,1,369,22,876,100,final,50,0.7,0.2,chessboard,696,5,2
50,221,5,21,1,369,22,876,100,final,50,0.7,0.2,chessboard,738,3,2
50,221,5,21,1,369,22,876,100,final,50,0.7,0.2,chessboard,739,1,2
50,221,5,21,1,369,22,876,100,final,50,0.7,0.2,chessboard,746,3,2
50,221,5,21,1,369,22,876,100,final,50,0.7,0.2,chessboard,751,6,2
50,221,5,21,1,369,22,876,100,final,50,0.7,0.2,chessboard,766,1,2
50,221,5,21,1,369,22,876,100,final,50,0.7,0.2,chessboard,778,1,2
50,221,5,21,1,369,22,876,100,final,50,0.7,0.2,chessboard,838,2,2
50,221,5,21,1,369,22,876,100,final,50,0.7,0.2,chessboard,867,1,2
51,223,5,23,1,369,22,876,100,final,50,0.7,0.2,chessboard,547,1,2
51,223,5,23,1,369,22,876,100,final,50,0.7,0.2,chessboard,589,1,2
51,223,5,23,1,369,22,876,100,final,50,0.7,0.2,chessboard,661,1,2
51,223,5,23,1,369,22,876,100,final,50,0.7,0.2,chessboard,663,3,2
51,223,5,23,1,369,22,876,100,final,50,0.7,0.2,chessboard,689,1,2
51,223,5,23,1,369,22,876,100,final,50,0.7,0.2,chessboard,696,2,2
51,223,5,23,1,369,22,876,100,final,50,0.7,0.2,chessboard,707,1,2
51,223,5,23,1,369,22,876,100,final,50,0.7,0.2,chessboard,729,3,2
51,223,5,23,1,369,22,876,100,final,50,0.7,0.2,chessboard,738,3,2
51,223,5,23,1,369,22,876,100,final,50,0.7,0.2,chessboard,739,1,2
51,223,5,23,1,369,22,876,100,final,50,0.7,0.2,chessboard,746,1,2
51,223,5,23,1,369,22,876,100,final,50,0.7,0.2,chessboard,751,1,2
51,223,5,23,1,369,22,876,100,final,50,0.7,0.2,chessboard,766,1,2
51,223,5,23,1,369,22,876,100,final,50,0.7,0.2,chessboard,772,2,2
51,223,5,23,1,369,22,876,100,final,50,0.7,0.2,chessboard,784,1,2
51,223,5,23,1,369,22,876,100,final,50,0.7,0.2,chessboard,798,1,2
51,223,5,23,1,369,22,876,100,final,50,0.7,0.2,chessboard,799,1,2
51,223,5,23,1,369,22,876,100,final,50,0.7,0.2,chessboard,801,3,2
51,223,5,23,1,369,22,876,100,final,50,0.7,0.2,chessboard,815,2,2
51,223,5,23,1,369,22,876,100,final,50,0.7,0.2,chessboard,820,1,2
51,223,5,23,1,369,22,876,100,final,50,0.7,0.2,chessboard,823,1,2
51,223,5,23,1,369,22,876,100,final,50,0.7,0.2,chessboard,824,2,2
51,223,5,23,1,369,22,876,100,final,50,0.7,0.2,chessboard,825,1,2
51,223,5,23,1,369,22,876,100,final,50,0.7,0.2,chessboard,828,1,2
52,225,5,25,1,369,22,876,100,final,50,0.7,0.2,chessboard,661,1,2
52,225,5,25,1,369,22,876,100,final,50,0.7,0.2,chessboard,671,1,2
52,225,5,25,1,369,22,876,100,final,50,0.7,0.2,chessboard,729,1,2
52,225,5,25,1,369,22,876,100,final,50,0.7,0.2,chessboard,741,1,2
52,225,5,25,1,369,22,876,100,final,50,0.7,0.2,chessboard,748,2,2
52,225,5,25,1,369,22,876,100,final,50,0.7,0.2,chessboard,750,2,2
52,225,5,25,1,369,22,876,100,final,50,0.7,0.2,chessboard,752,1,2
52,225,5,25,1,369,22,876,100,final,50,0.7,0.2,chessboard,772,6,2
52,225,5,25,1,369,22,876,100,final,50,0.7,0.2,chessboard,784,5,2
52,225,5,25,1,369,22,876,100,final,50,0.7,0.2,chessboard,797,1,2
52,225,5,25,1,369,22,876,100,final,50,0.7,0.2,chessboard,798,2,2
52,225,5,25,1,369,22,876,100,final,50,0.7,0.2,chessboard,799,3,2
52,225,5,25,1,369,22,876,100,final,50,0.7,0.2,chessboard,811,1,2
52,225,5,25,1,369,22,876,100,final,50,0.7,0.2,chessboard,820,2,2
52,225,5,25,1,369,22,876,100,final,50,0.7,0.2,chessboard,824,2,2
52,225,5,25,1,369,22,876,100,final,50,0.7,0.2,chessboard,825,1,2
52,225,5,25,1,369,22,876,100,final,50,0.7,0.2,chessboard,828,1,2
52,225,5,25,1,369,22,876,100,final,50,0.7,0.2,chessboard,858,1,2
53,227,5,27,1,369,22,876,100,final,50,0.7,0.2,chessboard,635,1,2
53,227,5,27,1,369,22,876,100,final,50,0.7,0.2,chessboard,750,1,2
53,227,5,27,1,369,22,876,100,final,50,0.7,0.2,chessboard,751,1,2
53,227,5,27,1,369,22,876,100,final,50,0.7,0.2,chessboard,756,1,2
53,227,5,27,1,369,22,876,100,final,50,0.7,0.2,chessboard,766,1,2
53,227,5,27,1,369,22,876,100,final,50,0.7,0.2,chessboard,778,1,2
53,227,5,27,1,369,22,876,100,final,50,0.7,0.2,chessboard,784,1,2
53,227,5,27,1,369,22,876,100,final,50,0.7,0.2,chessboard,798,2,2
53,227,5,27,1,369,22,876,100,final,50,0.7,0.2,chessboard,801,1,2
53,227,5,27,1,369,22,876,100,final,50,0.7,0.2,chessboard,811,3,2
53,227,5,27,1,369,22,876,100,final,50,0.7,0.2,chessboard,815,4,2
53,227,5,27,1,369,22,876,100,final,50,0.7,0.2,chessboard,820,2,2
53,227,5,27,1,369,22,876,100,final,50,0.7,0.2,chessboard,823,6,2
53,227,5,27,1,369,22,876,100,final,50,0.7,0.2,chessboard,824,3,2
53,227,5,27,1,369,22,876,100,final,50,0.7,0.2,chessboard,825,1,2
53,227,5,27,1,369,22,876,100,final,50,0.7,0.2,chessboard,828,1,2
53,227,5,27,1,369,22,876,100,final,50,0.7,0.2,chessboard,830,2,2
53,227,5,27,1,369,22,876,100,final,50,0.7,0.2,chessboard,848,2,2
53,227,5,27,1,369,22,876,100,final,50,0.7,0.2,chessboard,849,1,2
53,227,5,27,1,369,22,876,100,final,50,0.7,0.2,chessboard,850,1,2
53,227,5,27,1,369,22,876,100,final,50,0.7,0.2,chessboard,854,1,2
53,227,5,27,1,369,22,876,100,final,50,0.7,0.2,chessboard,855,2,2
53,227,5,27,1,369,22,876,100,final,50,0.7,0.2,chessboard,858,1,2
53,227,5,27,1,369,22,876,100,final,50,0.7,0.2,chessboard,859,1,2
54,254,6,4,1,369,22,876,100,final,50,0.7,0.2,chessboard,824,3,2
54,254,6,4,1,369,22,876,100,final,50,0.7,0.2,chessboard,828,1,2
54,254,6,4,1,369,22,876,100,final,50,0.7,0.2,chessboard,829,2,2
54,254,6,4,1,369,22,876,100,final,50,0.7,0.2,chessboard,832,1,2
54,254,6,4,1,369,22,876,100,final,50,0.7,0.2,chessboard,838,1,2
54,254,6,4,1,369,22,876,100,final,50,0.7,0.2,chessboard,839,1,2
54,254,6,4,1,369,22,876,100,final,50,0.7,0.2,chessboard,842,1,2
54,254,6,4,1,369,22,876,100,final,50,0.7,0.2,chessboard,850,1,2
54,254,6,4,1,369,22,876,100,final,50,0.7,0.2,chessboard,858,3,2
54,254,6,4,1,369,22,876,100,final,50,0.7,0.2,chessboard,862,4,2
54,254,6,4,1,369,22,876,100,final,50,0.7,0.2,chessboard,865,2,2
54,254,6,4,1,369,22,876,100,final,50,0.7,0.2,chessboard,866,1,2
54,254,6,4,1,369,22,876,100,final,50,0.7,0.2,chessboard,867,1,2
54,254,6,4,1,369,22,876,100,final,50,0.7,0.2,chessboard,877,1,2
54,254,6,4,1,369,22,876,100,final,50,0.7,0.2,chessboard,879,3,2
54,254,6,4,1,369,22,876,100,final,50,0.7,0.2,chessboard,882,2,2
54,254,6,4,1,369,22,876,100,final,50,0.7,0.2,chessboard,885,2,2
54,254,6,4,1,369,22,876,100,final,50,0.7,0.2,chessboard,905,1,2
54,254,6,4,1,369,22,876,100,final,50,0.7,0.2,chessboard,907,1,2
54,254,6,4,1,369,22,876,100,final,50,0.7,0.2,chessboard,908,1,2
54,254,6,4,1,369,22,876,100,final,50,0.7,0.2,chessboard,910,1,2
54,254,6,4,1,369,22,876,100,final,50,0.7,0.2,chessboard,917,1,2
54,254,6,4,1,369,22,876,100,final,50,0.7,0.2,chessboard,921,2,2
54,254,6,4,1,369,22,876,100,final,50,0.7,0.2,chessboard,938,1,2
54,254,6,4,1,369,22,876,100,final,50,0.7,0.2,chessboard,944,1,2
55,256,6,6,1,369,22,876,100,final,50,0.7,0.2,chessboard,813,1,2
55,256,6,6,1,369,22,876,100,final,50,0.7,0.2,chessboard,838,1,2
55,256,6,6,1,369,22,876,100,final,50,0.7,0.2,chessboard,850,1,2
55,256,6,6,1,369,22,876,100,final,50,0.7,0.2,chessboard,854,1,2
55,256,6,6,1,369,22,876,100,final,50,0.7,0.2,chessboard,858,1,2
55,256,6,6,1,369,22,876,100,final,50,0.7,0.2,chessboard,862,3,2
55,256,6,6,1,369,22,876,100,final,50,0.7,0.2,chessboard,863,1,2
55,256,6,6,1,369,22,876,100,final,50,0.7,0.2,chessboard,865,1,2
55,256,6,6,1,369,22,876,100,final,50,0.7,0.2,chessboard,866,1,2
55,256,6,6,1,369,22,876,100,final,50,0.7,0.2,chessboard,877,2,2
55,256,6,6,1,369,22,876,100,final,50,0.7,0.2,chessboard,879,3,2
55,256,6,6,1,369,22,876,100,final,50,0.7,0.2,chessboard,885,1,2
55,256,6,6,1,369,22,876,100,final,50,0.7,0.2,chessboard,887,1,2
55,256,6,6,1,369,22,876,100,final,50,0.7,0.2,chessboard,888,1,2
55,256,6,6,1,369,22,876,100,final,50,0.7,0.2,chessboard,890,1,2
55,256,6,6,1,369,22,876,100,final,50,0.7,0.2,chessboard,894,1,2
55,256,6,6,1,369,22,876,100,final,50,0.7,0.2,chessboard,897,3,2
55,256,6,6,1,369,22,876,100,final,50,0.7,0.2,chessboard,904,1,2
55,256,6,6,1,369,22,876,100,final,50,0.7,0.2,chessboard,907,1,2
55,256,6,6,1,369,22,876,100,final,50,0.7,0.2,chessboard,910,4,2
55,256,6,6,1,369,22,876,100,final,50,0.7,0.2,chessboard,914,1,2
55,256,6,6,1,369,22,876,100,final,50,0.7,0.2,chessboard,925,1,2
55,256,6,6,1,369,22,876,100,final,50,0.7,0.2,chessboard,938,1,2
55,256,6,6,1,369,22,876,100,final,50,0.7,0.2,chessboard,944,1,2
55,256,6,6,1,369,22,876,100,final,50,0.7,0.2,chessboard,962,1,2
56,258,6,8,1,369,22,876,100,final,50,0.7,0.2,chessboard,817,1,2
56,258,6,8,1,369,22,876,100,final,50,0.7,0.2,chessboard,850,4,2
56,258,6,8,1,369,22,876,100,final,50,0.7,0.2,chessboard,858,1,2
56,258,6,8,1,369,22,876,100,final,50,0.7,0.2,chessboard,863,2,2
56,258,6,8,1,369,22,876,100,final,50,0.7,0.2,chessboard,865,1,2
56,258,6,8,1,369,22,876,100,final,50,0.7,0.2,chessboard,866,2,2
56,258,6,8,1,369,22,876,100,final,50,0.7,0.2,chessboard,876,1,2
56,258,6,8,1,369,22,876,100,final,50,0.7,0.2,chessboard,877,9,2
56,258,6,8,1,369,22,876,100,final,50,0.7,0.2,chessboard,878,1,2
56,258,6,8,1,369,22,876,100,final,50,0.7,0.2,chessboard,879,5,2
56,258,6,8,1,369,22,876,100,final,50,0.7,0.2,chessboard,888,1,2
56,258,6,8,1,369,22,876,100,final,50,0.7,0.2,chessboard,894,1,2
56,258,6,8,1,369,22,876,100,final,50,0.7,0.2,chessboard,905,1,2
56,258,6,8,1,369,22,876,100,final,50,0.7,0.2,chessboard,914,2,2
56,258,6,8,1,369,22,876,100,final,50,0.7,0.2,chessboard,917,1,2
56,258,6,8,1,369,22,876,100,final,50,0.7,0.2,chessboard,944,1,2
56,258,6,8,1,369,22,876,100,final,50,0.7,0.2,chessboard,962,1,2
57,260,6,10,1,369,22,876,100,final,50,0.7,0.2,chessboard,774,1,2
57,260,6,10,1,369,22,876,100,final,50,0.7,0.2,chessboard,817,1,2
57,260,6,10,1,369,22,876,100,final,50,0.7,0.2,chessboard,837,1,2
57,260,6,10,1,369,22,876,100,final,50,0.7,0.2,chessboard,844,2,2
57,260,6,10,1,369,22,876,100,final,50,0.7,0.2,chessboard,850,4,2
57,260,6,10,1,369,22,876,100,final,50,0.7,0.2,chessboard,858,3,2
57,260,6,10,1,369,22,876,100,final,50,0.7,0.2,chessboard,862,3,2
57,260,6,10,1,369,22,876,100,final,50,0.7,0.2,chessboard,863,2,2
57,260,6,10,1,369,22,876,100,final,50,0.7,0.2,chessboard,877,3,2
57,260,6,10,1,369,22,876,100,final,50,0.7,0.2,chessboard,882,1,2
57,260,6,10,1,369,22,876,100,final,50,0.7,0.2,chessboard,888,1,2
57,260,6,10,1,369,22,876,100,final,50,0.7,0.2,chessboard,894,1,2
57,260,6,10,1,369,22,876,100,final,50,0.7,0.2,chessboard,895,2,2
57,260,6,10,1,369,22,876,100,final,50,0.7,0.2,chessboard,897,1,2
57,260,6,10,1,369,22,876,100,final,50,0.7,0.2,chessboard,905,1,2
57,260,6,10,1,369,22,876,100,final,50,0.7,0.2,chessboard,907,1,2
57,260,6,10,1,369,22,876,100,final,50,0.7,0.2,chessboard,919,1,2
57,260,6,10,1,369,22,876,100,final,50,0.7,0.2,chessboard,938,3,2
58,262,6,12,1,369,22,876,100,final,50,0.7,0.2,chessboard,799,1,2
58,262,6,12,1,369,22,876,100,final,50,0.7,0.2,chessboard,816,1,2
58,262,6,12,1,369,22,876,100,final,50,0.7,0.2,chessboard,817,1,2
58,262,6,12,1,369,22,876,100,final,50,0.7,0.2,chessboard,829,1,2
58,262,6,12,1,369,22,876,100,final,50,0.7,0.2,chessboard,846,1,2
58,262,6,12,1,369,22,876,100,final,50,0.7,0.2,chessboard,850,4,2
58,262,6,12,1,369,22,876,100,final,50,0.7,0.2,chessboard,862,2,2
58,262,6,12,1,369,22,876,100,final,50,0.7,0.2,chessboard,865,1,2
58,262,6,12,1,369,22,876,100,final,50,0.7,0.2,chessboard,866,1,2
58,262,6,12,1,369,22,876,100,final,50,0.7,0.2,chessboard,867,3,2
58,262,6,12,1,369,22,876,100,final,50,0.7,0.2,chessboard,876,1,2
58,262,6,12,1,369,22,876,100,final,50,0.7,0.2,chessboard,877,2,2
58,262,6,12,1,369,22,876,100,final,50,0.7,0.2,chessboard,879,6,2
58,262,6,12,1,369,22,876,100,final,50,0.7,0.2,chessboard,888,2,2
58,262,6,12,1,369,22,876,100,final,50,0.7,0.2,chessboard,894,3,2
58,262,6,12,1,369,22,876,100,final,50,0.7,0.2,chessboard,895,3,2
58,262,6,12,1,369,22,876,100,final,50,0.7,0.2,chessboard,904,1,2
58,262,6,12,1,369,22,876,100,final,50,0.7,0.2,chessboard,909,1,2
58,262,6,12,1,369,22,876,100,final,50,0.7,0.2,chessboard,914,3,2
58,262,6,12,1,369,22,876,100,final,50,0.7,0.2,chessboard,917,2,2
58,262,6,12,1,369,22,876,100,final,50,0.7,0.2,chessboard,921,1,2
58,262,6,12,1,369,22,876,100,final,50,0.7,0.2,chessboard,938,1,2
58,262,6,12,1,369,22,876,100,final,50,0.7,0.2,chessboard,957,1,2
59,264,6,14,1,369,22,876,100,final,50,0.7,0.2,chessboard,748,1,2
59,264,6,14,1,369,22,876,100,final,50,0.7,0.2,chessboard,751,2,2
59,264,6,14,1,369,22,876,100,final,50,0.7,0.2,chessboard,758,1,2
59,264,6,14,1,369,22,876,100,final,50,0.7,0.2,chessboard,799,1,2
59,264,6,14,1,369,22,876,100,final,50,0.7,0.2,chessboard,815,1,2
59,264,6,14,1,369,22,876,100,final,50,0.7,0.2,chessboard,816,1,2
59,264,6,14,1,369,22,876,100,final,50,0.7,0.2,chessboard,828,2,2
59,264,6,14,1,369,22,876,100,final,50,0.7,0.2,chessboard,837,1,2
59,264,6,14,1,369,22,876,100,final,50,0.7,0.2,chessboard,846,1,2
59,264,6,14,1,369,22,876,100,final,50,0.7,0.2,chessboard,850,4,2
59,264,6,14,1,369,22,876,100,final,50,0.7,0.2,chessboard,858,2,2
59,264,6,14,1,369,22,876,100,final,50,0.7,0.2,chessboard,862,3,2
59,264,6,14,1,369,22,876,100,final,50,0.7,0.2,chessboard,863,5,2
59,264,6,14,1,369,22,876,100,final,50,0.7,0.2,chessboard,873,1,2
59,264,6,14,1,369,22,876,100,final,50,0.7,0.2,chessboard,877,1,2
59,264,6,14,1,369,22,876,100,final,50,0.7,0.2,chessboard,879,1,2
59,264,6,14,1,369,22,876,100,final,50,0.7,0.2,chessboard,882,1,2
59,264,6,14,1,369,22,876,100,final,50,0.7,0.2,chessboard,891,1,2
59,264,6,14,1,369,22,876,100,final,50,0.7,0.2,chessboard,894,3,2
59,264,6,14,1,369,22,876,100,final,50,0.7,0.2,chessboard,895,2,2
59,264,6,14,1,369,22,876,100,final,50,0.7,0.2,chessboard,905,2,2
59,264,6,14,1,369,22,876,100,final,50,0.7,0.2,chessboard,915,1,2
60,266,6,16,1,369,22,876,100,final,50,0.7,0.2,chessboard,660,1,2
60,266,6,16,1,369,22,876,100,final,50,0.7,0.2,chessboard,663,1,2
60,266,6,16,1,369,22,876,100,final,50,0.7,0.2,chessboard,669,3,2
60,266,6,16,1,369,22,876,100,final,50,0.7,0.2,chessboard,675,1,2
60,266,6,16,1,369,22,876,100,final,50,0.7,0.2,chessboard,725,3,2
60,266,6,16,1,369,22,876,100,final,50,0.7,0.2,chessboard,729,3,2
60,266,6,16,1,369,22,876,100,final,50,0.7,0.2,chessboard,751,2,2
60,266,6,16,1,369,22,876,100,final,50,0.7,0.2,chessboard,752,6,2
60,266,6,16,1,369,22,876,100,final,50,0.7,0.2,chessboard,756,2,2
60,266,6,16,1,369,22,876,100,final,50,0.7,0.2,chessboard,758,2,2
60,266,6,16,1,369,22,876,100,final,50,0.7,0.2,chessboard,762,1,2
60,266,6,16,1,369,22,876,100,final,50,0.7,0.2,chessboard,778,2,2
60,266,6,16,1,369,22,876,100,final,50,0.7,0.2,chessboard,784,1,2
60,266,6,16,1,369,22,876,100,final,50,0.7,0.2,chessboard,798,1,2
60,266,6,16,1,369,22,876,100,final,50,0.7,0.2,chessboard,799,1,2
60,266,6,16,1,369,22,876,100,final,50,0.7,0.2,chessboard,819,1,2
60,266,6,16,1,369,22,876,100,final,50,0.7,0.2,chessboard,831,1,2
60,266,6,16,1,369,22,876,100,final,50,0.7,0.2,chessboard,837,2,2
60,266,6,16,1,369,22,876,100,final,50,0.7,0.2,chessboard,844,1,2
60,266,6,16,1,369,22,876,100,final,50,0.7,0.2,chessboard,863,1,2
60,266,6,16,1,369,22,876,100,final,50,0.7,0.2,chessboard,877,2,2
60,266,6,16,1,369,22,876,100,final,50,0.7,0.2,chessboard,886,1,2
60,266,6,16,1,369,22,876,100,final,50,0.7,0.2,chessboard,905,1,2
61,268,6,18,1,369,22,876,100,final,50,0.7,0.2,chessboard,663,1,2
61,268,6,18,1,369,22,876,100,final,50,0.7,0.2,chessboard,669,1,2
61,268,6,18,1,369,22,876,100,final,50,0.7,0.2,chessboard,675,2,2
61,268,6,18,1,369,22,876,100,final,50,0.7,0.2,chessboard,676,1,2
61,268,6,18,1,369,22,876,100,final,50,0.7,0.2,chessboard,679,5,2
61,268,6,18,1,369,22,876,100,final,50,0.7,0.2,chessboard,696,3,2
61,268,6,18,1,369,22,876,100,final,50,0.7,0.2,chessboard,729,1,2
61,268,6,18,1,369,22,876,100,final,50,0.7,0.2,chessboard,751,3,2
61,268,6,18,1,369,22,876,100,final,50,0.7,0.2,chessboard,756,6,2
61,268,6,18,1,369,22,876,100,final,50,0.7,0.2,chessboard,762,1,2
61,268,6,18,1,369,22,876,100,final,50,0.7,0.2,chessboard,772,3,2
61,268,6,18,1,369,22,876,100,final,50,0.7,0.2,chessboard,778,1,2
61,268,6,18,1,369,22,876,100,final,50,0.7,0.2,chessboard,798,1,2
61,268,6,18,1,369,22,876,100,final,50,0.7,0.2,chessboard,799,2,2
61,268,6,18,1,369,22,876,100,final,50,0.7,0.2,chessboard,817,1,2
61,268,6,18,1,369,22,876,100,final,50,0.7,0.2,chessboard,832,1,2
61,268,6,18,1,369,22,876,100,final,50,0.7,0.2,chessboard,833,1,2
61,268,6,18,1,369,22,876,100,final,50,0.7,0.2,chessboard,843,1,2
61,268,6,18,1,369,22,876,100,final,50,0.7,0.2,chessboard,850,1,2
61,268,6,18,1,369,22,876,100,final,50,0.7,0.2,chessboard,858,1,2
61,268,6,18,1,369,22,876,100,final,50,0.7,0.2,chessboard,867,1,2
61,268,6,18,1,369,22,876,100,final,50,0.7,0.2,chessboard,886,1,2
62,270,6,20,1,369,22,876,100,final,50,0.7,0.2,chessboard,675,1,2
62,270,6,20,1,369,22,876,100,final,50,0.7,0.2,chessboard,680,1,2
62,270,6,20,1,369,22,876,100,final,50,0.7,0.2,chessboard,681,1,2
62,270,6,20,1,369,22,876,100,final,50,0.7,0.2,chessboard,729,1,2
62,270,6,20,1,369,22,876,100,final,50,0.7,0.2,chessboard,738,2,2
62,270,6,20,1,369,22,876,100,final,50,0.7,0.2,chessboard,746,1,2
62,270,6,20,1,369,22,876,100,final,50,0.7,0.2,chessboard,750,1,2
62,270,6,20,1,369,22,876,100,final,50,0.7,0.2,chessboard,751,5,2
62,270,6,20,1,369,22,876,100,final,50,0.7,0.2,chessboard,752,1,2
62,270,6,20,1,369,22,876,100,final,50,0.7,0.2,chessboard,772,1,2
62,270,6,20,1,369,22,876,100,final,50,0.7,0.2,chessboard,790,1,2
62,270,6,20,1,369,22,876,100,final,50,0.7,0.2,chessboard,798,4,2
62,270,6,20,1,369,22,876,100,final,50,0.7,0.2,chessboard,799,2,2
62,270,6,20,1,369,22,876,100,final,50,0.7,0.2,chessboard,801,1,2
62,270,6,20,1,369,22,876,100,final,50,0.7,0.2,chessboard,816,1,2
62,270,6,20,1,369,22,876,100,final,50,0.7,0.2,chessboard,817,2,2
62,270,6,20,1,369,22,876,100,final,50,0.7,0.2,chessboard,825,1,2
62,270,6,20,1,369,22,876,100,final,50,0.7,0.2,chessboard,837,4,2
62,270,6,20,1,369,22,876,100,final,50,0.7,0.2,chessboard,838,1,2
62,270,6,20,1,369,22,876,100,final,50,0.7,0.2,chessboard,850,1,2
62,270,6,20,1,369,22,876,100,final,50,0.7,0.2,chessboard,852,1,2
62,270,6,20,1,369,22,876,100,final,50,0.7,0.2,chessboard,861,1,2
62,270,6,20,1,369,22,876,100,final,50,0.7,0.2,chessboard,867,2,2
62,270,6,20,1,369,22,876,100,final,50,0.7,0.2,chessboard,891,1,2
63,272,6,22,1,369,22,876,100,final,50,0.7,0.2,chessboard,610,1,2
63,272,6,22,1,369,22,876,100,final,50,0.7,0.2,chessboard,661,1,2
63,272,6,22,1,369,22,876,100,final,50,0.7,0.2,chessboard,663,2,2
63,272,6,22,1,369,22,876,100,final,50,0.7,0.2,chessboard,689,1,2
63,272,6,22,1,369,22,876,100,final,50,0.7,0.2,chessboard,738,6,2
63,272,6,22,1,369,22,876,100,final,50,0.7,0.2,chessboard,742,1,2
63,272,6,22,1,369,22,876,100,final,50,0.7,0.2,chessboard,746,3,2
63,272,6,22,1,369,22,876,100,final,50,0.7,0.2,chessboard,750,1,2
63,272,6,22,1,369,22,876,100,final,50,0.7,0.2,chessboard,751,2,2
63,272,6,22,1,369,22,876,100,final,50,0.7,0.2,chessboard,752,2,2
63,272,6,22,1,369,22,876,100,final,50,0.7,0.2,chessboard,758,1,2
63,272,6,22,1,369,22,876,100,final,50,0.7,0.2,chessboard,768,2,2
63,272,6,22,1,369,22,876,100,final,50,0.7,0.2,chessboard,772,3,2
63,272,6,22,1,369,22,876,100,final,50,0.7,0.2,chessboard,778,1,2
63,272,6,22,1,369,22,876,100,final,50,0.7,0.2,chessboard,784,2,2
63,272,6,22,1,369,22,876,100,final,50,0.7,0.2,chessboard,797,1,2
63,272,6,22,1,369,22,876,100,final,50,0.7,0.2,chessboard,799,2,2
63,272,6,22,1,369,22,876,100,final,50,0.7,0.2,chessboard,801,3,2
63,272,6,22,1,369,22,876,100,final,50,0.7,0.2,chessboard,817,1,2
63,272,6,22,1,369,22,876,100,final,50,0.7,0.2,chessboard,819,2,2
63,272,6,22,1,369,22,876,100,final,50,0.7,0.2,chessboard,887,1,2
63,272,6,22,1,369,22,876,100,final,50,0.7,0.2,chessboard,891,1,2
64,274,6,24,1,369,22,876,100,final,50,0.7,0.2,chessboard,661,1,2
64,274,6,24,1,369,22,876,100,final,50,0.7,0.2,chessboard,696,1,2
64,274,6,24,1,369,22,876,100,final,50,0.7,0.2,chessboard,729,1,2
64,274,6,24,1,369,22,876,100,final,50,0.7,0.2,chessboard,738,3,2
64,274,6,24,1,369,22,876,100,final,50,0.7,0.2,chessboard,750,1,2
64,274,6,24,1,369,22,876,100,final,50,0.7,0.2,chessboard,751,2,2
64,274,6,24,1,369,22,876,100,final,50,0.7,0.2,chessboard,752,2,2
64,274,6,24,1,369,22,876,100,final,50,0.7,0.2,chessboard,762,3,2
64,274,6,24,1,369,22,876,100,final,50,0.7,0.2,chessboard,766,1,2
64,274,6,24,1,369,22,876,100,final,50,0.7,0.2,chessboard,775,2,2
64,274,6,24,1,369,22,876,100,final,50,0.7,0.2,chessboard,784,3,2
64,274,6,24,1,369,22,876,100,final,50,0.7,0.2,chessboard,799,4,2
64,274,6,24,1,369,22,876,100,final,50,0.7,0.2,chessboard,801,1,2
64,274,6,24,1,369,22,876,100,final,50,0.7,0.2,chessboard,820,3,2
64,274,6,24,1,369,22,876,100,final,50,0.7,0.2,chessboard,824,3,2
64,274,6,24,1,369,22,876,100,final,50,0.7,0.2,chessboard,843,1,2
64,274,6,24,1,369,22,876,100,final,50,0.7,0.2,chessboard,858,1,2
64,274,6,24,1,369,22,876,100,final,50,0.7,0.2,chessboard,861,1,2
65,276,6,26,1,369,22,876,100,final,50,0.7,0.2,chessboard,663,1,2
65,276,6,26,1,369,22,876,100,final,50,0.7,0.2,chessboard,680,1,2
65,276,6,26,1,369,22,876,100,final,50,0.7,0.2,chessboard,696,1,2
65,276,6,26,1,369,22,876,100,final,50,0.7,0.2,chessboard,707,2,2
65,276,6,26,1,369,22,876,100,final,50,0.7,0.2,chessboard,741,1,2
65,276,6,26,1,369,22,876,100,final,50,0.7,0.2,chessboard,746,1,2
65,276,6,26,1,369,22,876,100,final,50,0.7,0.2,chessboard,750,2,2
65,276,6,26,1,369,22,876,100,final,50,0.7,0.2,chessboard,762,1,2
65,276,6,26,1,369,22,876,100,final,50,0.7,0.2,chessboard,768,1,2
65,276,6,26,1,369,22,876,100,final,50,0.7,0.2,chessboard,772,8,2
65,276,6,26,1,369,22,876,100,final,50,0.7,0.2,chessboard,775,1,2
65,276,6,26,1,369,22,876,100,final,50,0.7,0.2,chessboard,778,1,2
65,276,6,26,1,369,22,876,100,final,50,0.7,0.2,chessboard,790,3,2
65,276,6,26,1,369,22,876,100,final,50,0.7,0.2,chessboard,798,2,2
65,276,6,26,1,369,22,876,100,final,50,0.7,0.2,chessboard,815,3,2
65,276,6,26,1,369,22,876,100,final,50,0.7,0.2,chessboard,819,1,2
65,276,6,26,1,369,22,876,100,final,50,0.7,0.2,chessboard,820,1,2
65,276,6,26,1,369,22,876,100,final,50,0.7,0.2,chessboard,823,1,2
65,276,6,26,1,369,22,876,100,final,50,0.7,0.2,chessboard,824,5,2
65,276,6,26,1,369,22,876,100,final,50,0.7,0.2,chessboard,825,1,2
65,276,6,26,1,369,22,876,100,final,50,0.7,0.2,chessboard,855,1,2
65,276,6,26,1,369,22,876,100,final,50,0.7,0.2,chessboard,861,1,2
66,303,7,3,1,369,22,876,100,final,50,0.7,0.2,chessboard,697,1,2
66,303,7,3,1,369,22,876,100,final,50,0.7,0.2,chessboard,708,1,2
66,303,7,3,1,369,22,876,100,final,50,0.7,0.2,chessboard,709,1,2
66,303,7,3,1,369,22,876,100,final,50,0.7,0.2,chessboard,714,1,2
66,303,7,3,1,369,22,876,100,final,50,0.7,0.2,chessboard,716,1,2
66,303,7,3,1,369,22,876,100,final,50,0.7,0.2,chessboard,725,1,2
66,303,7,3,1,369,22,876,100,final,50,0.7,0.2,chessboard,728,1,2
66,303,7,3,1,369,22,876,100,final,50,0.7,0.2,chessboard,752,1,2
66,303,7,3,1,369,22,876,100,final,50,0.7,0.2,chessboard,772,2,2
66,303,7,3,1,369,22,876,100,final,50,0.7,0.2,chessboard,805,1,2
66,303,7,3,1,369,22,876,100,final,50,0.7,0.2,chessboard,817,1,2
66,303,7,3,1,369,22,876,100,final,50,0.7,0.2,chessboard,828,2,2
66,303,7,3,1,369,22,876,100,final,50,0.7,0.2,chessboard,839,2,2
66,303,7,3,1,369,22,876,100,final,50,0.7,0.2,chessboard,850,4,2
66,303,7,3,1,369,22,876,100,final,50,0.7,0.2,chessboard,858,1,2
66,303,7,3,1,369,22,876,100,final,50,0.7,0.2,chessboard,865,1,2
66,303,7,3,1,369,22,876,100,final,50,0.7,0.2,chessboard,866,1,2
66,303,7,3,1,369,22,876,100,final,50,0.7,0.2,chessboard,878,2,2
66,303,7,3,1,369,22,876,100,final,50,0.7,0.2,chessboard,879,1,2
66,303,7,3,1,369,22,876,100,final,50,0.7,0.2,chessboard,885,4,2
66,303,7,3,1,369,22,876,100,final,50,0.7,0.2,chessboard,887,2,2
66,303,7,3,1,369,22,876,100,final,50,0.7,0.2,chessboard,890,1,2
66,303,7,3,1,369,22,876,100,final,50,0.7,0.2,chessboard,919,1,2
66,303,7,3,1,369,22,876,100,final,50,0.7,0.2,chessboard,921,1,2
67,305,7,5,1,369,22,876,100,final,50,0.7,0.2,chessboard,700,1,2
67,305,7,5,1,369,22,876,100,final,50,0.7,0.2,chessboard,709,1,2
67,305,7,5,1,369,22,876,100,final,50,0.7,0.2,chessboard,799,2,2
67,305,7,5,1,369,22,876,100,final,50,0.7,0.2,chessboard,829,5,2
67,305,7,5,1,369,22,876,100,final,50,0.7,0.2,chessboard,830,1,2
67,305,7,5,1,369,22,876,100,final,50,0.7,0.2,chessboard,838,1,2
67,305,7,5,1,369,22,876,100,final,50,0.7,0.2,chessboard,839,2,2
67,305,7,5,1,369,22,876,100,final,50,0.7,0.2,chessboard,844,1,2
67,305,7,5,1,369,22,876,100,final,50,0.7,0.2,chessboard,862,7,2
67,305,7,5,1,369,22,876,100,final,50,0.7,0.2,chessboard,865,3,2
67,305,7,5,1,369,22,876,100,final,50,0.7,0.2,chessboard,876,1,2
67,305,7,5,1,369,22,876,100,final,50,0.7,0.2,chessboard,879,3,2
67,305,7,5,1,369,22,876,100,final,50,0.7,0.2,chessboard,882,2,2
67,305,7,5,1,369,22,876,100,final,50,0.7,0.2,chessboard,885,3,2
67,305,7,5,1,369,22,876,100,final,50,0.7,0.2,chessboard,888,1,2
67,305,7,5,1,369,22,876,100,final,50,0.7,0.2,chessboard,890,1,2
67,305,7,5,1,369,22,876,100,final,50,0.7,0.2,chessboard,894,1,2
67,305,7,5,1,369,22,876,100,final,50,0.7,0.2,chessboard,925,1,2
67,305,7,5,1,369,22,876,100,final,50,0.7,0.2,chessboard,941,1,2
68,307,7,7,1,369,22,876,100,final,50,0.7,0.2,chessboard,728,1,2
68,307,7,7,1,369,22,876,100,final,50,0.7,0.2,chessboard,772,3,2
68,307,7,7,1,369,22,876,100,final,50,0.7,0.2,chessboard,798,2,2
68,307,7,7,1,369,22,876,100,final,50,0.7,0.2,chessboard,799,1,2
68,307,7,7,1,369,22,876,100,final,50,0.7,0.2,chessboard,817,1,2
68,307,7,7,1,369,22,876,100,final,50,0.7,0.2,chessboard,824,1,2
68,307,7,7,1,369,22,876,100,final,50,0.7,0.2,chessboard,829,1,2
68,307,7,7,1,369,22,876,100,final,50,0.7,0.2,chessboard,830,2,2
68,307,7,7,1,369,22,876,100,final,50,0.7,0.2,chessboard,840,1,2
68,307,7,7,1,369,22,876,100,final,50,0.7,0.2,chessboard,844,1,2
68,307,7,7,1,369,22,876,100,final,50,0.7,0.2,chessboard,850,4,2
68,307,7,7,1,369,22,876,100,final,50,0.7,0.2,chessboard,858,1,2
68,307,7,7,1,369,22,876,100,final,50,0.7,0.2,chessboard,863,2,2
68,307,7,7,1,369,22,876,100,final,50,0.7,0.2,chessboard,865,1,2
68,307,7,7,1,369,22,876,100,final,50,0.7,0.2,chessboard,866,2,2
68,307,7,7,1,369,22,876,100,final,50,0.7,0.2,chessboard,867,1,2
68,307,7,7,1,369,22,876,100,final,50,0.7,0.2,chessboard,873,1,2
68,307,7,7,1,369,22,876,100,final,50,0.7,0.2,chessboard,877,1,2
68,307,7,7,1,369,22,876,100,final,50,0.7,0.2,chessboard,878,1,2
68,307,7,7,1,369,22,876,100,final,50,0.7,0.2,chessboard,879,2,2
68,307,7,7,1,369,22,876,100,final,50,0.7,0.2,chessboard,882,1,2
68,307,7,7,1,369,22,876,100,final,50,0.7,0.2,chessboard,887,1,2
68,307,7,7,1,369,22,876,100,final,50,0.7,0.2,chessboard,888,1,2
68,307,7,7,1,369,22,876,100,final,50,0.7,0.2,chessboard,894,1,2
68,307,7,7,1,369,22,876,100,final,50,0.7,0.2,chessboard,895,1,2
68,307,7,7,1,369,22,876,100,final,50,0.7,0.2,chessboard,905,1,2
68,307,7,7,1,369,22,876,100,final,50,0.7,0.2,chessboard,908,1,2
68,307,7,7,1,369,22,876,100,final,50,0.7,0.2,chessboard,914,1,2
68,307,7,7,1,369,22,876,100,final,50,0.7,0.2,chessboard,921,1,2
68,307,7,7,1,369,22,876,100,final,50,0.7,0.2,chessboard,925,2,2
68,307,7,7,1,369,22,876,100,final,50,0.7,0.2,chessboard,938,1,2
69,309,7,9,1,369,22,876,100,final,50,0.7,0.2,chessboard,799,1,2
69,309,7,9,1,369,22,876,100,final,50,0.7,0.2,chessboard,832,1,2
69,309,7,9,1,369,22,876,100,final,50,0.7,0.2,chessboard,837,1,2
69,309,7,9,1,369,22,876,100,final,50,0.7,0.2,chessboard,839,1,2
69,309,7,9,1,369,22,876,100,final,50,0.7,0.2,chessboard,844,1,2
69,309,7,9,1,369,22,876,100,final,50,0.7,0.2,chessboard,850,2,2
69,309,7,9,1,369,22,876,100,final,50,0.7,0.2,chessboard,858,1,2
69,309,7,9,1,369,22,876,100,final,50,0.7,0.2,chessboard,862,2,2
69,309,7,9,1,369,22,876,100,final,50,0.7,0.2,chessboard,863,1,2
69,309,7,9,1,369,22,876,100,final,50,0.7,0.2,chessboard,865,2,2
69,309,7,9,1,369,22,876,100,final,50,0.7,0.2,chessboard,867,1,2
69,309,7,9,1,369,22,876,100,final,50,0.7,0.2,chessboard,876,1,2
69,309,7,9,1,369,22,876,100,final,50,0.7,0.2,chessboard,877,2,2
69,309,7,9,1,369,22,876,100,final,50,0.7,0.2,chessboard,879,2,2
69,309,7,9,1,369,22,876,100,final,50,0.7,0.2,chessboard,887,2,2
69,309,7,9,1,369,22,876,100,final,50,0.7,0.2,chessboard,888,1,2
69,309,7,9,1,369,22,876,100,final,50,0.7,0.2,chessboard,890,1,2
69,309,7,9,1,369,22,876,100,final,50,0.7,0.2,chessboard,894,2,2
69,309,7,9,1,369,22,876,100,final,50,0.7,0.2,chessboard,895,2,2
69,309,7,9,1,369,22,876,100,final,50,0.7,0.2,chessboard,897,1,2
69,309,7,9,1,369,22,876,100,final,50,0.7,0.2,chessboard,905,3,2
69,309,7,9,1,369,22,876,100,final,50,0.7,0.2,chessboard,908,1,2
69,309,7,9,1,369,22,876,100,final,50,0.7,0.2,chessboard,909,2,2
69,309,7,9,1,369,22,876,100,final,50,0.7,0.2,chessboard,917,2,2
69,309,7,9,1,369,22,876,100,final,50,0.7,0.2,chessboard,921,1,2
69,309,7,9,1,369,22,876,100,final,50,0.7,0.2,chessboard,957,1,2
70,311,7,11,1,369,22,876,100,final,50,0.7,0.2,chessboard,790,1,2
70,311,7,11,1,369,22,876,100,final,50,0.7,0.2,chessboard,821,1,2
70,311,7,11,1,369,22,876,100,final,50,0.7,0.2,chessboard,842,1,2
70,311,7,11,1,369,22,876,100,final,50,0.7,0.2,chessboard,846,1,2
70,311,7,11,1,369,22,876,100,final,50,0.7,0.2,chessboard,850,1,2
70,311,7,11,1,369,22,876,100,final,50,0.7,0.2,chessboard,858,1,2
70,311,7,11,1,369,22,876,100,final,50,0.7,0.2,chessboard,862,3,2
70,311,7,11,1,369,22,876,100,final,50,0.7,0.2,chessboard,877,2,2
70,311,7,11,1,369,22,876,100,final,50,0.7,0.2,chessboard,879,2,2
70,311,7,11,1,369,22,876,100,final,50,0.7,0.2,chessboard,888,2,2
70,311,7,11,1,369,22,876,100,final,50,0.7,0.2,chessboard,895,2,2
70,311,7,11,1,369,22,876,100,final,50,0.7,0.2,chessboard,904,1,2
70,311,7,11,1,369,22,876,100,final,50,0.7,0.2,chessboard,907,2,2
70,311,7,11,1,369,22,876,100,final,50,0.7,0.2,chessboard,913,1,2
70,311,7,11,1,369,22,876,100,final,50,0.7,0.2,chessboard,914,3,2
70,311,7,11,1,369,22,876,100,final,50,0.7,0.2,chessboard,921,2,2
70,311,7,11,1,369,22,876,100,final,50,0.7,0.2,chessboard,925,4,2
70,311,7,11,1,369,22,876,100,final,50,0.7,0.2,chessboard,932,1,2
70,311,7,11,1,369,22,876,100,final,50,0.7,0.2,chessboard,938,1,2
70,311,7,11,1,369,22,876,100,final,50,0.7,0.2,chessboard,973,1,2
71,313,7,13,1,369,22,876,100,final,50,0.7,0.2,chessboard,663,1,2
71,313,7,13,1,369,22,876,100,final,50,0.7,0.2,chessboard,748,2,2
71,313,7,13,1,369,22,876,100,final,50,0.7,0.2,chessboard,758,1,2
71,313,7,13,1,369,22,876,100,final,50,0.7,0.2,chessboard,778,1,2
71,313,7,13,1,369,22,876,100,final,50,0.7,0.2,chessboard,832,1,2
71,313,7,13,1,369,22,876,100,final,50,0.7,0.2,chessboard,837,3,2
71,313,7,13,1,369,22,876,100,final,50,0.7,0.2,chessboard,844,3,2
71,313,7,13,1,369,22,876,100,final,50,0.7,0.2,chessboard,846,1,2
71,313,7,13,1,369,22,876,100,final,50,0.7,0.2,chessboard,858,2,2
71,313,7,13,1,369,22,876,100,final,50,0.7,0.2,chessboard,864,1,2
71,313,7,13,1,369,22,876,100,final,50,0.7,0.2,chessboard,867,3,2
71,313,7,13,1,369,22,876,100,final,50,0.7,0.2,chessboard,877,5,2
71,313,7,13,1,369,22,876,100,final,50,0.7,0.2,chessboard,879,1,2
71,313,7,13,1,369,22,876,100,final,50,0.7,0.2,chessboard,887,1,2
71,313,7,13,1,369,22,876,100,final,50,0.7,0.2,chessboard,888,2,2
71,313,7,13,1,369,22,876,100,final,50,0.7,0.2,chessboard,894,1,2
71,313,7,13,1,369,22,876,100,final,50,0.7,0.2,chessboard,904,2,2
71,313,7,13,1,369,22,876,100,final,50,0.7,0.2,chessboard,905,2,2
71,313,7,13,1,369,22,876,100,final,50,0.7,0.2,chessboard,907,1,2
71,313,7,13,1,369,22,876,100,final,50,0.7,0.2,chessboard,909,2,2
71,313,7,13,1,369,22,876,100,final,50,0.7,0.2,chessboard,914,1,2
71,313,7,13,1,369,22,876,100,final,50,0.7,0.2,chessboard,919,1,2
72,315,7,15,1,369,22,876,100,final,50,0.7,0.2,chessboard,729,1,2
72,315,7,15,1,369,22,876,100,final,50,0.7,0.2,chessboard,739,1,2
72,315,7,15,1,369,22,876,100,final,50,0.7,0.2,chessboard,740,1,2
72,315,7,15,1,369,22,876,100,final,50,0.7,0.2,chessboard,749,2,2
72,315,7,15,1,369,22,876,100,final,50,0.7,0.2,chessboard,751,1,2
72,315,7,15,1,369,22,876,100,final,50,0.7,0.2,chessboard,752,4,2
72,315,7,15,1,369,22,876,100,final,50,0.7,0.2,chessboard,758,3,2
72,315,7,15,1,369,22,876,100,final,50,0.7,0.2,chessboard,772,1,2
72,315,7,15,1,369,22,876,100,final,50,0.7,0.2,chessboard,784,2,2
72,315,7,15,1,369,22,876,100,final,50,0.7,0.2,chessboard,790,1,2
72,315,7,15,1,369,22,876,100,final,50,0.7,0.2,chessboard,799,1,2
72,315,7,15,1,369,22,876,100,final,50,0.7,0.2,chessboard,813,1,2
72,315,7,15,1,369,22,876,100,final,50,0.7,0.2,chessboard,819,4,2
72,315,7,15,1,369,22,876,100,final,50,0.7,0.2,chessboard,820,1,2
72,315,7,15,1,369,22,876,100,final,50,0.7,0.2,chessboard,824,2,2
72,315,7,15,1,369,22,876,100,final,50,0.7,0.2,chessboard,837,3,2
72,315,7,15,1,369,22,876,100,final,50,0.7,0.2,chessboard,844,1,2
72,315,7,15,1,369,22,876,100,final,50,0.7,0.2,chessboard,855,1,2
72,315,7,15,1,369,22,876,100,final,50,0.7,0.2,chessboard,858,3,2
72,315,7,15,1,369,22,876,100,final,50,0.7,0.2,chessboard,867,1,2
72,315,7,15,1,369,22,876,100,final,50,0.7,0.2,chessboard,877,1,2
72,315,7,15,1,369,22,876,100,final,50,0.7,0.2,chessboard,879,5,2
72,315,7,15,1,369,22,876,100,final,50,0.7,0.2,chessboard,909,1,2
73,317,7,17,1,369,22,876,100,final,50,0.7,0.2,chessboard,650,1,2
73,317,7,17,1,369,22,876,100,final,50,0.7,0.2,chessboard,663,1,2
73,317,7,17,1,369,22,876,100,final,50,0.7,0.2,chessboard,675,2,2
73,317,7,17,1,369,22,876,100,final,50,0.7,0.2,chessboard,729,4,2
73,317,7,17,1,369,22,876,100,final,50,0.7,0.2,chessboard,738,1,2
73,317,7,17,1,369,22,876,100,final,50,0.7,0.2,chessboard,751,7,2
73,317,7,17,1,369,22,876,100,final,50,0.7,0.2,chessboard,752,6,2
73,317,7,17,1,369,22,876,100,final,50,0.7,0.2,chessboard,758,2,2
73,317,7,17,1,369,22,876,100,final,50,0.7,0.2,chessboard,772,1,2
73,317,7,17,1,369,22,876,100,final,50,0.7,0.2,chessboard,778,2,2
73,317,7,17,1,369,22,876,100,final,50,0.7,0.2,chessboard,799,1,2
73,317,7,17,1,369,22,876,100,final,50,0.7,0.2,chessboard,813,1,2
73,317,7,17,1,369,22,876,100,final,50,0.7,0.2,chessboard,837,2,2
73,317,7,17,1,369,22,876,100,final,50,0.7,0.2,chessboard,850,1,2
73,317,7,17,1,369,22,876,100,final,50,0.7,0.2,chessboard,862,1,2
73,317,7,17,1,369,22,876,100,final,50,0.7,0.2,chessboard,863,2,2
73,317,7,17,1,369,22,876,100,final,50,0.7,0.2,chessboard,877,1,2
73,317,7,17,1,369,22,876,100,final,50,0.7,0.2,chessboard,879,2,2
73,317,7,17,1,369,22,876,100,final,50,0.7,0.2,chessboard,894,1,2
74,319,7,19,1,369,22,876,100,final,50,0.7,0.2,chessboard,689,1,2
74,319,7,19,1,369,22,876,100,final,50,0.7,0.2,chessboard,729,1,2
74,319,7,19,1,369,22,876,100,final,50,0.7,0.2,chessboard,750,1,2
74,319,7,19,1,369,22,876,100,final,50,0.7,0.2,chessboard,751,5,2
74,319,7,19,1,369,22,876,100,final,50,0.7,0.2,chessboard,752,2,2
74,319,7,19,1,369,22,876,100,final,50,0.7,0.2,chessboard,762,1,2
74,319,7,19,1,369,22,876,100,final,50,0.7,0.2,chessboard,768,1,2
74,319,7,19,1,369,22,876,100,final,50,0.7,0.2,chessboard,772,1,2
74,319,7,19,1,369,22,876,100,final,50,0.7,0.2,chessboard,801,1,2
74,319,7,19,1,369,22,876,100,final,50,0.7,0.2,chessboard,813,1,2
74,319,7,19,1,369,22,876,100,final,50,0.7,0.2,chessboard,817,1,2
74,319,7,19,1,369,22,876,100,final,50,0.7,0.2,chessboard,824,3,2
74,319,7,19,1,369,22,876,100,final,50,0.7,0.2,chessboard,832,2,2
74,319,7,19,1,369,22,876,100,final,50,0.7,0.2,chessboard,837,3,2
74,319,7,19,1,369,22,876,100,final,50,0.7,0.2,chessboard,858,3,2
74,319,7,19,1,369,22,876,100,final,50,0.7,0.2,chessboard,861,2,2
74,319,7,19,1,369,22,876,100,final,50,0.7,0.2,chessboard,866,1,2
74,319,7,19,1,369,22,876,100,final,50,0.7,0.2,chessboard,867,2,2
74,319,7,19,1,369,22,876,100,final,50,0.7,0.2,chessboard,873,1,2
74,319,7,19,1,369,22,876,100,final,50,0.7,0.2,chessboard,879,1,2
74,319,7,19,1,369,22,876,100,final,50,0.7,0.2,chessboard,885,1,2
74,319,7,19,1,369,22,876,100,final,50,0.7,0.2,chessboard,895,3,2
75,321,7,21,1,369,22,876,100,final,50,0.7,0.2,chessboard,663,2,2
75,321,7,21,1,369,22,876,100,final,50,0.7,0.2,chessboard,696,2,2
75,321,7,21,1,369,22,876,100,final,50,0.7,0.2,chessboard,729,2,2
75,321,7,21,1,369,22,876,100,final,50,0.7,0.2,chessboard,750,1,2
75,321,7,21,1,369,22,876,100,final,50,0.7,0.2,chessboard,751,1,2
75,321,7,21,1,369,22,876,100,final,50,0.7,0.2,chessboard,752,2,2
75,321,7,21,1,369,22,876,100,final,50,0.7,0.2,chessboard,768,1,2
75,321,7,21,1,369,22,876,100,final,50,0.7,0.2,chessboard,790,1,2
75,321,7,21,1,369,22,876,100,final,50,0.7,0.2,chessboard,799,2,2
75,321,7,21,1,369,22,876,100,final,50,0.7,0.2,chessboard,820,3,2
75,321,7,21,1,369,22,876,100,final,50,0.7,0.2,chessboard,825,1,2
75,321,7,21,1,369,22,876,100,final,50,0.7,0.2,chessboard,828,2,2
75,321,7,21,1,369,22,876,100,final,50,0.7,0.2,chessboard,837,2,2
75,321,7,21,1,369,22,876,100,final,50,0.7,0.2,chessboard,854,2,2
75,321,7,21,1,369,22,876,100,final,50,0.7,0.2,chessboard,861,3,2
75,321,7,21,1,369,22,876,100,final,50,0.7,0.2,chessboard,863,1,2
75,321,7,21,1,369,22,876,100,final,50,0.7,0.2,chessboard,867,3,2
75,321,7,21,1,369,22,876,100,final,50,0.7,0.2,chessboard,886,1,2
75,321,7,21,1,369,22,876,100,final,50,0.7,0.2,chessboard,894,2,2
75,321,7,21,1,369,22,876,100,final,50,0.7,0.2,chessboard,895,1,2
75,321,7,21,1,369,22,876,100,final,50,0.7,0.2,chessboard,905,1,2
76,323,7,23,1,369,22,876,100,final,50,0.7,0.2,chessboard,679,1,2
76,323,7,23,1,369,22,876,100,final,50,0.7,0.2,chessboard,696,1,2
76,323,7,23,1,369,22,876,100,final,50,0.7,0.2,chessboard,739,1,2
76,323,7,23,1,369,22,876,100,final,50,0.7,0.2,chessboard,741,1,2
76,323,7,23,1,369,22,876,100,final,50,0.7,0.2,chessboard,746,1,2
76,323,7,23,1,369,22,876,100,final,50,0.7,0.2,chessboard,752,1,2
76,323,7,23,1,369,22,876,100,final,50,0.7,0.2,chessboard,756,1,2
76,323,7,23,1,369,22,876,100,final,50,0.7,0.2,chessboard,762,1,2
76,323,7,23,1,369,22,876,100,final,50,0.7,0.2,chessboard,766,1,2
76,323,7,23,1,369,22,876,100,final,50,0.7,0.2,chessboard,772,2,2
76,323,7,23,1,369,22,876,100,final,50,0.7,0.2,chessboard,778,1,2
76,323,7,23,1,369,22,876,100,final,50,0.7,0.2,chessboard,784,1,2
76,323,7,23,1,369,22,876,100,final,50,0.7,0.2,chessboard,790,1,2
76,323,7,23,1,369,22,876,100,final,50,0.7,0.2,chessboard,798,1,2
76,323,7,23,1,369,22,876,100,final,50,0.7,0.2,chessboard,799,1,2
76,323,7,23,1,369,22,876,100,final,50,0.7,0.2,chessboard,817,2,2
76,323,7,23,1,369,22,876,100,final,50,0.7,0.2,chessboard,820,3,2
76,323,7,23,1,369,22,876,100,final,50,0.7,0.2,chessboard,823,1,2
76,323,7,23,1,369,22,876,100,final,50,0.7,0.2,chessboard,855,1,2
76,323,7,23,1,369,22,876,100,final,50,0.7,0.2,chessboard,861,1,2
76,323,7,23,1,369,22,876,100,final,50,0.7,0.2,chessboard,862,2,2
76,323,7,23,1,369,22,876,100,final,50,0.7,0.2,chessboard,885,1,2
77,325,7,25,1,369,22,876,100,final,50,0.7,0.2,chessboard,681,1,2
77,325,7,25,1,369,22,876,100,final,50,0.7,0.2,chessboard,716,1,2
77,325,7,25,1,369,22,876,100,final,50,0.7,0.2,chessboard,738,3,2
77,325,7,25,1,369,22,876,100,final,50,0.7,0.2,chessboard,750,6,2
77,325,7,25,1,369,22,876,100,final,50,0.7,0.2,chessboard,751,5,2
77,325,7,25,1,369,22,876,100,final,50,0.7,0.2,chessboard,762,3,2
77,325,7,25,1,369,22,876,100,final,50,0.7,0.2,chessboard,772,2,2
77,325,7,25,1,369,22,876,100,final,50,0.7,0.2,chessboard,775,1,2
77,325,7,25,1,369,22,876,100,final,50,0.7,0.2,chessboard,784,5,2
77,325,7,25,1,369,22,876,100,final,50,0.7,0.2,chessboard,790,4,2
77,325,7,25,1,369,22,876,100,final,50,0.7,0.2,chessboard,798,3,2
77,325,7,25,1,369,22,876,100,final,50,0.7,0.2,chessboard,799,3,2
77,325,7,25,1,369,22,876,100,final,50,0.7,0.2,chessboard,820,1,2
77,325,7,25,1,369,22,876,100,final,50,0.7,0.2,chessboard,823,1,2
77,325,7,25,1,369,22,876,100,final,50,0.7,0.2,chessboard,828,1,2
77,325,7,25,1,369,22,876,100,final,50,0.7,0.2,chessboard,855,1,2
78,352,8,2,1,369,22,876,100,final,50,0.7,0.2,chessboard,611,2,2
78,352,8,2,1,369,22,876,100,final,50,0.7,0.2,chessboard,642,2,2
78,352,8,2,1,369,22,876,100,final,50,0.7,0.2,chessboard,654,1,2
78,352,8,2,1,369,22,876,100,final,50,0.7,0.2,chessboard,665,1,2
78,352,8,2,1,369,22,876,100,final,50,0.7,0.2,chessboard,669,1,2
78,352,8,2,1,369,22,876,100,final,50,0.7,0.2,chessboard,686,1,2
78,352,8,2,1,369,22,876,100,final,50,0.7,0.2,chessboard,689,1,2
78,352,8,2,1,369,22,876,100,final,50,0.7,0.2,chessboard,697,4,2
78,352,8,2,1,369,22,876,100,final,50,0.7,0.2,chessboard,708,1,2
78,352,8,2,1,369,22,876,100,final,50,0.7,0.2,chessboard,725,7,2
78,352,8,2,1,369,22,876,100,final,50,0.7,0.2,chessboard,728,1,2
78,352,8,2,1,369,22,876,100,final,50,0.7,0.2,chessboard,748,3,2
78,352,8,2,1,369,22,876,100,final,50,0.7,0.2,chessboard,752,2,2
78,352,8,2,1,369,22,876,100,final,50,0.7,0.2,chessboard,772,5,2
78,352,8,2,1,369,22,876,100,final,50,0.7,0.2,chessboard,799,1,2
78,352,8,2,1,369,22,876,100,final,50,0.7,0.2,chessboard,805,2,2
78,352,8,2,1,369,22,876,100,final,50,0.7,0.2,chessboard,828,1,2
78,352,8,2,1,369,22,876,100,final,50,0.7,0.2,chessboard,907,1,2
79,354,8,4,1,369,22,876,100,final,50,0.7,0.2,chessboard,627,1,2
79,354,8,4,1,369,22,876,100,final,50,0.7,0.2,chessboard,664,1,2
79,354,8,4,1,369,22,876,100,final,50,0.7,0.2,chessboard,678,1,2
79,354,8,4,1,369,22,876,100,final,50,0.7,0.2,chessboard,689,2,2
79,354,8,4,1,369,22,876,100,final,50,0.7,0.2,chessboard,697,1,2
79,354,8,4,1,369,22,876,100,final,50,0.7,0.2,chessboard,700,1,2
79,354,8,4,1,369,22,876,100,final,50,0.7,0.2,chessboard,703,1,2
79,354,8,4,1,369,22,876,100,final,50,0.7,0.2,chessboard,708,4,2
79,354,8,4,1,369,22,876,100,final,50,0.7,0.2,chessboard,709,2,2
79,354,8,4,1,369,22,876,100,final,50,0.7,0.2,chessboard,716,1,2
79,354,8,4,1,369,22,876,100,final,50,0.7,0.2,chessboard,723,2,2
79,354,8,4,1,369,22,876,100,final,50,0.7,0.2,chessboard,725,4,2
79,354,8,4,1,369,22,876,100,final,50,0.7,0.2,chessboard,752,4,2
79,354,8,4,1,369,22,876,100,final,50,0.7,0.2,chessboard,772,2,2
79,354,8,4,1,369,22,876,100,final,50,0.7,0.2,chessboard,774,1,2
79,354,8,4,1,369,22,876,100,final,50,0.7,0.2,chessboard,821,1,2
79,354,8,4,1,369,22,876,100,final,50,0.7,0.2,chessboard,829,1,2
79,354,8,4,1,369,22,876,100,final,50,0.7,0.2,chessboard,840,1,2
79,354,8,4,1,369,22,876,100,final,50,0.7,0.2,chessboard,844,1,2
79,354,8,4,1,369,22,876,100,final,50,0.7,0.2,chessboard,862,1,2
79,354,8,4,1,369,22,876,100,final,50,0.7,0.2,chessboard,865,1,2
79,354,8,4,1,369,22,876,100,final,50,0.7,0.2,chessboard,866,1,2
80,356,8,6,1,369,22,876,100,final,50,0.7,0.2,chessboard,651,1,2
80,356,8,6,1,369,22,876,100,final,50,0.7,0.2,chessboard,674,1,2
80,356,8,6,1,369,22,876,100,final,50,0.7,0.2,chessboard,678,1,2
80,356,8,6,1,369,22,876,100,final,50,0.7,0.2,chessboard,686,1,2
80,356,8,6,1,369,22,876,100,final,50,0.7,0.2,chessboard,700,1,2
80,356,8,6,1,369,22,876,100,final,50,0.7,0.2,chessboard,711,1,2
80,356,8,6,1,369,22,876,100,final,50,0.7,0.2,chessboard,725,1,2
80,356,8,6,1,369,22,876,100,final,50,0.7,0.2,chessboard,772,1,2
80,356,8,6,1,369,22,876,100,final,50,0.7,0.2,chessboard,798,2,2
80,356,8,6,1,369,22,876,100,final,50,0.7,0.2,chessboard,805,1,2
80,356,8,6,1,369,22,876,100,final,50,0.7,0.2,chessboard,824,1,2
80,356,8,6,1,369,22,876,100,final,50,0.7,0.2,chessboard,836,1,2
80,356,8,6,1,369,22,876,100,final,50,0.7,0.2,chessboard,838,2,2
80,356,8,6,1,369,22,876,100,final,50,0.7,0.2,chessboard,839,2,2
80,356,8,6,1,369,22,876,100,final,50,0.7,0.2,chessboard,840,2,2
80,356,8,6,1,369,22,876,100,final,50,0.7,0.2,chessboard,850,2,2
80,356,8,6,1,369,22,876,100,final,50,0.7,0.2,chessboard,858,1,2
80,356,8,6,1,369,22,876,100,final,50,0.7,0.2,chessboard,862,4,2
80,356,8,6,1,369,22,876,100,final,50,0.7,0.2,chessboard,863,1,2
80,356,8,6,1,369,22,876,100,final,50,0.7,0.2,chessboard,865,3,2
80,356,8,6,1,369,22,876,100,final,50,0.7,0.2,chessboard,879,2,2
80,356,8,6,1,369,22,876,100,final,50,0.7,0.2,chessboard,885,1,2
80,356,8,6,1,369,22,876,100,final,50,0.7,0.2,chessboard,890,3,2
80,356,8,6,1,369,22,876,100,final,50,0.7,0.2,chessboard,894,1,2
80,356,8,6,1,369,22,876,100,final,50,0.7,0.2,chessboard,908,1,2
80,356,8,6,1,369,22,876,100,final,50,0.7,0.2,chessboard,914,1,2
81,358,8,8,1,369,22,876,100,final,50,0.7,0.2,chessboard,816,1,2
81,358,8,8,1,369,22,876,100,final,50,0.7,0.2,chessboard,817,1,2
81,358,8,8,1,369,22,876,100,final,50,0.7,0.2,chessboard,836,1,2
81,358,8,8,1,369,22,876,100,final,50,0.7,0.2,chessboard,858,1,2
81,358,8,8,1,369,22,876,100,final,50,0.7,0.2,chessboard,862,2,2
81,358,8,8,1,369,22,876,100,final,50,0.7,0.2,chessboard,866,1,2
81,358,8,8,1,369,22,876,100,final,50,0.7,0.2,chessboard,867,2,2
81,358,8,8,1,369,22,876,100,final,50,0.7,0.2,chessboard,873,3,2
81,358,8,8,1,369,22,876,100,final,50,0.7,0.2,chessboard,877,2,2
81,358,8,8,1,369,22,876,100,final,50,0.7,0.2,chessboard,879,6,2
81,358,8,8,1,369,22,876,100,final,50,0.7,0.2,chessboard,882,1,2
81,358,8,8,1,369,22,876,100,final,50,0.7,0.2,chessboard,888,1,2
81,358,8,8,1,369,22,876,100,final,50,0.7,0.2,chessboard,895,4,2
81,358,8,8,1,369,22,876,100,final,50,0.7,0.2,chessboard,907,2,2
81,358,8,8,1,369,22,876,100,final,50,0.7,0.2,chessboard,909,1,2
81,358,8,8,1,369,22,876,100,final,50,0.7,0.2,chessboard,914,2,2
81,358,8,8,1,369,22,876,100,final,50,0.7,0.2,chessboard,917,1,2
81,358,8,8,1,369,22,876,100,final,50,0.7,0.2,chessboard,919,1,2
81,358,8,8,1,369,22,876,100,final,50,0.7,0.2,chessboard,923,2,2
81,358,8,8,1,369,22,876,100,final,50,0.7,0.2,chessboard,925,2,2
81,358,8,8,1,369,22,876,100,final,50,0.7,0.2,chessboard,938,1,2
81,358,8,8,1,369,22,876,100,final,50,0.7,0.2,chessboard,944,1,2
82,360,8,10,1,369,22,876,100,final,50,0.7,0.2,chessboard,816,1,2
82,360,8,10,1,369,22,876,100,final,50,0.7,0.2,chessboard,829,1,2
82,360,8,10,1,369,22,876,100,final,50,0.7,0.2,chessboard,832,1,2
82,360,8,10,1,369,22,876,100,final,50,0.7,0.2,chessboard,837,1,2
82,360,8,10,1,369,22,876,100,final,50,0.7,0.2,chessboard,841,1,2
82,360,8,10,1,369,22,876,100,final,50,0.7,0.2,chessboard,850,2,2
82,360,8,10,1,369,22,876,100,final,50,0.7,0.2,chessboard,858,1,2
82,360,8,10,1,369,22,876,100,final,50,0.7,0.2,chessboard,862,2,2
82,360,8,10,1,369,22,876,100,final,50,0.7,0.2,chessboard,877,1,2
82,360,8,10,1,369,22,876,100,final,50,0.7,0.2,chessboard,879,2,2
82,360,8,10,1,369,22,876,100,final,50,0.7,0.2,chessboard,887,4,2
82,360,8,10,1,369,22,876,100,final,50,0.7,0.2,chessboard,888,1,2
82,360,8,10,1,369,22,876,100,final,50,0.7,0.2,chessboard,890,3,2
82,360,8,10,1,369,22,876,100,final,50,0.7,0.2,chessboard,894,4,2
82,360,8,10,1,369,22,876,100,final,50,0.7,0.2,chessboard,905,2,2
82,360,8,10,1,369,22,876,100,final,50,0.7,0.2,chessboard,906,1,2
82,360,8,10,1,369,22,876,100,final,50,0.7,0.2,chessboard,907,1,2
82,360,8,10,1,369,22,876,100,final,50,0.7,0.2,chessboard,925,2,2
82,360,8,10,1,369,22,876,100,final,50,0.7,0.2,chessboard,930,1,2
82,360,8,10,1,369,22,876,100,final,50,0.7,0.2,chessboard,938,3,2
82,360,8,10,1,369,22,876,100,final,50,0.7,0.2,chessboard,957,2,2
82,360,8,10,1,369,22,876,100,final,50,0.7,0.2,chessboard,973,1,2
83,362,8,12,1,369,22,876,100,final,50,0.7,0.2,chessboard,813,1,2
83,362,8,12,1,369,22,876,100,final,50,0.7,0.2,chessboard,816,1,2
83,362,8,12,1,369,22,876,100,final,50,0.7,0.2,chessboard,824,1,2
83,362,8,12,1,369,22,876,100,final,50,0.7,0.2,chessboard,837,1,2
83,362,8,12,1,369,22,876,100,final,50,0.7,0.2,chessboard,844,3,2
83,362,8,12,1,369,22,876,100,final,50,0.7,0.2,chessboard,858,3,2
83,362,8,12,1,369,22,876,100,final,50,0.7,0.2,chessboard,862,1,2
83,362,8,12,1,369,22,876,100,final,50,0.7,0.2,chessboard,863,2,2
83,362,8,12,1,369,22,876,100,final,50,0.7,0.2,chessboard,865,1,2
83,362,8,12,1,369,22,876,100,final,50,0.7,0.2,chessboard,867,3,2
83,362,8,12,1,369,22,876,100,final,50,0.7,0.2,chessboard,876,1,2
83,362,8,12,1,369,22,876,100,final,50,0.7,0.2,chessboard,887,3,2
83,362,8,12,1,369,22,876,100,final,50,0.7,0.2,chessboard,888,2,2
83,362,8,12,1,369,22,876,100,final,50,0.7,0.2,chessboard,895,2,2
83,362,8,12,1,369,22,876,100,final,50,0.7,0.2,chessboard,905,2,2
83,362,8,12,1,369,22,876,100,final,50,0.7,0.2,chessboard,907,4,2
83,362,8,12,1,369,22,876,100,final,50,0.7,0.2,chessboard,909,1,2
83,362,8,12,1,369,22,876,100,final,50,0.7,0.2,chessboard,910,1,2
83,362,8,12,1,369,22,876,100,final,50,0.7,0.2,chessboard,914,1,2
83,362,8,12,1,369,22,876,100,final,50,0.7,0.2,chessboard,919,1,2
83,362,8,12,1,369,22,876,100,final,50,0.7,0.2,chessboard,925,1,2
83,362,8,12,1,369,22,876,100,final,50,0.7,0.2,chessboard,944,2,2
83,362,8,12,1,369,22,876,100,final,50,0.7,0.2,chessboard,973,2,2
84,364,8,14,1,369,22,876,100,final,50,0.7,0.2,chessboard,751,1,2
84,364,8,14,1,369,22,876,100,final,50,0.7,0.2,chessboard,772,3,2
84,364,8,14,1,369,22,876,100,final,50,0.7,0.2,chessboard,784,1,2
84,364,8,14,1,369,22,876,100,final,50,0.7,0.2,chessboard,799,1,2
84,364,8,14,1,369,22,876,100,final,50,0.7,0.2,chessboard,822,1,2
84,364,8,14,1,369,22,876,100,final,50,0.7,0.2,chessboard,828,2,2
84,364,8,14,1,369,22,876,100,final,50,0.7,0.2,chessboard,837,1,2
84,364,8,14,1,369,22,876,100,final,50,0.7,0.2,chessboard,842,2,2
84,364,8,14,1,369,22,876,100,final,50,0.7,0.2,chessboard,849,1,2
84,364,8,14,1,369,22,876,100,final,50,0.7,0.2,chessboard,850,4,2
84,364,8,14,1,369,22,876,100,final,50,0.7,0.2,chessboard,854,1,2
84,364,8,14,1,369,22,876,100,final,50,0.7,0.2,chessboard,858,1,2
84,364,8,14,1,369,22,876,100,final,50,0.7,0.2,chessboard,863,1,2
84,364,8,14,1,369,22,876,100,final,50,0.7,0.2,chessboard,867,1,2
84,364,8,14,1,369,22,876,100,final,50,0.7,0.2,chessboard,877,1,2
84,364,8,14,1,369,22,876,100,final,50,0.7,0.2,chessboard,887,1,2
84,364,8,14,1,369,22,876,100,final,50,0.7,0.2,chessboard,888,3,2
84,364,8,14,1,369,22,876,100,final,50,0.7,0.2,chessboard,894,1,2
84,364,8,14,1,369,22,876,100,final,50,0.7,0.2,chessboard,905,3,2
84,364,8,14,1,369,22,876,100,final,50,0.7,0.2,chessboard,907,2,2
84,364,8,14,1,369,22,876,100,final,50,0.7,0.2,chessboard,909,2,2
84,364,8,14,1,369,22,876,100,final,50,0.7,0.2,chessboard,910,1,2
84,364,8,14,1,369,22,876,100,final,50,0.7,0.2,chessboard,914,1,2
84,364,8,14,1,369,22,876,100,final,50,0.7,0.2,chessboard,925,2,2
84,364,8,14,1,369,22,876,100,final,50,0.7,0.2,chessboard,930,1,2
85,366,8,16,1,369,22,876,100,final,50,0.7,0.2,chessboard,738,1,2
85,366,8,16,1,369,22,876,100,final,50,0.7,0.2,chessboard,748,1,2
85,366,8,16,1,369,22,876,100,final,50,0.7,0.2,chessboard,750,2,2
85,366,8,16,1,369,22,876,100,final,50,0.7,0.2,chessboard,751,3,2
85,366,8,16,1,369,22,876,100,final,50,0.7,0.2,chessboard,758,1,2
85,366,8,16,1,369,22,876,100,final,50,0.7,0.2,chessboard,762,1,2
85,366,8,16,1,369,22,876,100,final,50,0.7,0.2,chessboard,772,1,2
85,366,8,16,1,369,22,876,100,final,50,0.7,0.2,chessboard,799,4,2
85,366,8,16,1,369,22,876,100,final,50,0.7,0.2,chessboard,813,4,2
85,366,8,16,1,369,22,876,100,final,50,0.7,0.2,chessboard,817,1,2
85,366,8,16,1,369,22,876,100,final,50,0.7,0.2,chessboard,828,3,2
85,366,8,16,1,369,22,876,100,final,50,0.7,0.2,chessboard,833,1,2
85,366,8,16,1,369,22,876,100,final,50,0.7,0.2,chessboard,837,1,2
85,366,8,16,1,369,22,876,100,final,50,0.7,0.2,chessboard,844,2,2
85,366,8,16,1,369,22,876,100,final,50,0.7,0.2,chessboard,855,1,2
85,366,8,16,1,369,22,876,100,final,50,0.7,0.2,chessboard,858,1,2
85,366,8,16,1,369,22,876,100,final,50,0.7,0.2,chessboard,861,1,2
85,366,8,16,1,369,22,876,100,final,50,0.7,0.2,chessboard,867,4,2
85,366,8,16,1,369,22,876,100,final,50,0.7,0.2,chessboard,869,1,2
85,366,8,16,1,369,22,876,100,final,50,0.7,0.2,chessboard,887,1,2
85,366,8,16,1,369,22,876,100,final,50,0.7,0.2,chessboard,888,1,2
85,366,8,16,1,369,22,876,100,final,50,0.7,0.2,chessboard,891,1,2
85,366,8,16,1,369,22,876,100,final,50,0.7,0.2,chessboard,895,1,2
85,366,8,16,1,369,22,876,100,final,50,0.7,0.2,chessboard,939,1,2
86,368,8,18,1,369,22,876,100,final,50,0.7,0.2,chessboard,725,4,2
86,368,8,18,1,369,22,876,100,final,50,0.7,0.2,chessboard,751,2,2
86,368,8,18,1,369,22,876,100,final,50,0.7,0.2,chessboard,752,1,2
86,368,8,18,1,369,22,876,100,final,50,0.7,0.2,chessboard,762,4,2
86,368,8,18,1,369,22,876,100,final,50,0.7,0.2,chessboard,772,1,2
86,368,8,18,1,369,22,876,100,final,50,0.7,0.2,chessboard,783,1,2
86,368,8,18,1,369,22,876,100,final,50,0.7,0.2,chessboard,799,2,2
86,368,8,18,1,369,22,876,100,final,50,0.7,0.2,chessboard,813,1,2
86,368,8,18,1,369,22,876,100,final,50,0.7,0.2,chessboard,817,2,2
86,368,8,18,1,369,22,876,100,final,50,0.7,0.2,chessboard,824,3,2
86,368,8,18,1,369,22,876,100,final,50,0.7,0.2,chessboard,828,1,2
86,368,8,18,1,369,22,876,100,final,50,0.7,0.2,chessboard,832,1,2
86,368,8,18,1,369,22,876,100,final,50,0.7,0.2,chessboard,837,1,2
86,368,8,18,1,369,22,876,100,final,50,0.7,0.2,chessboard,844,2,2
86,368,8,18,1,369,22,876,100,final,50,0.7,0.2,chessboard,855,1,2
86,368,8,18,1,369,22,876,100,final,50,0.7,0.2,chessboard,858,1,2
86,368,8,18,1,369,22,876,100,final,50,0.7,0.2,chessboard,861,6,2
86,368,8,18,1,369,22,876,100,final,50,0.7,0.2,chessboard,867,1,2
86,368,8,18,1,369,22,876,100,final,50,0.7,0.2,chessboard,877,1,2
86,368,8,18,1,369,22,876,100,final,50,0.7,0.2,chessboard,879,1,2
86,368,8,18,1,369,22,876,100,final,50,0.7,0.2,chessboard,894,1,2
86,368,8,18,1,369,22,876,100,final,50,0.7,0.2,chessboard,905,1,2
86,368,8,18,1,369,22,876,100,final,50,0.7,0.2,chessboard,925,1,2
87,370,8,20,1,369,22,876,100,final,50,0.7,0.2,chessboard,738,1,2
87,370,8,20,1,369,22,876,100,final,50,0.7,0.2,chessboard,746,1,2
87,370,8,20,1,369,22,876,100,final,50,0.7,0.2,chessboard,751,2,2
87,370,8,20,1,369,22,876,100,final,50,0.7,0.2,chessboard,762,1,2
87,370,8,20,1,369,22,876,100,final,50,0.7,0.2,chessboard,768,1,2
87,370,8,20,1,369,22,876,100,final,50,0.7,0.2,chessboard,799,1,2
87,370,8,20,1,369,22,876,100,final,50,0.7,0.2,chessboard,801,1,2
87,370,8,20,1,369,22,876,100,final,50,0.7,0.2,chessboard,817,1,2
87,370,8,20,1,369,22,876,100,final,50,0.7,0.2,chessboard,824,1,2
87,370,8,20,1,369,22,876,100,final,50,0.7,0.2,chessboard,850,1,2
87,370,8,20,1,369,22,876,100,final,50,0.7,0.2,chessboard,855,2,2
87,370,8,20,1,369,22,876,100,final,50,0.7,0.2,chessboard,858,3,2
87,370,8,20,1,369,22,876,100,final,50,0.7,0.2,chessboard,861,1,2
87,370,8,20,1,369,22,876,100,final,50,0.7,0.2,chessboard,863,2,2
87,370,8,20,1,369,22,876,100,final,50,0.7,0.2,chessboard,865,2,2
87,370,8,20,1,369,22,876,100,final,50,0.7,0.2,chessboard,867,3,2
87,370,8,20,1,369,22,876,100,final,50,0.7,0.2,chessboard,876,2,2
87,370,8,20,1,369,22,876,100,final,50,0.7,0.2,chessboard,877,1,2
87,370,8,20,1,369,22,876,100,final,50,0.7,0.2,chessboard,879,1,2
87,370,8,20,1,369,22,876,100,final,50,0.7,0.2,chessboard,885,1,2
87,370,8,20,1,369,22,876,100,final,50,0.7,0.2,chessboard,888,1,2
87,370,8,20,1,369,22,876,100,final,50,0.7,0.2,chessboard,890,1,2
87,370,8,20,1,369,22,876,100,final,50,0.7,0.2,chessboard,891,2,2
87,370,8,20,1,369,22,876,100,final,50,0.7,0.2,chessboard,894,4,2
87,370,8,20,1,369,22,876,100,final,50,0.7,0.2,chessboard,895,3,2
87,370,8,20,1,369,22,876,100,final,50,0.7,0.2,chessboard,947,1,2
88,372,8,22,1,369,22,876,100,final,50,0.7,0.2,chessboard,738,1,2
88,372,8,22,1,369,22,876,100,final,50,0.7,0.2,chessboard,739,1,2
88,372,8,22,1,369,22,876,100,final,50,0.7,0.2,chessboard,746,1,2
88,372,8,22,1,369,22,876,100,final,50,0.7,0.2,chessboard,748,2,2
88,372,8,22,1,369,22,876,100,final,50,0.7,0.2,chessboard,751,2,2
88,372,8,22,1,369,22,876,100,final,50,0.7,0.2,chessboard,758,1,2
88,372,8,22,1,369,22,876,100,final,50,0.7,0.2,chessboard,762,1,2
88,372,8,22,1,369,22,876,100,final,50,0.7,0.2,chessboard,766,1,2
88,372,8,22,1,369,22,876,100,final,50,0.7,0.2,chessboard,772,2,2
88,372,8,22,1,369,22,876,100,final,50,0.7,0.2,chessboard,790,1,2
88,372,8,22,1,369,22,876,100,final,50,0.7,0.2,chessboard,798,1,2
88,372,8,22,1,369,22,876,100,final,50,0.7,0.2,chessboard,799,2,2
88,372,8,22,1,369,22,876,100,final,50,0.7,0.2,chessboard,808,5,2
88,372,8,22,1,369,22,876,100,final,50,0.7,0.2,chessboard,811,1,2
88,372,8,22,1,369,22,876,100,final,50,0.7,0.2,chessboard,823,1,2
88,372,8,22,1,369,22,876,100,final,50,0.7,0.2,chessboard,828,1,2
88,372,8,22,1,369,22,876,100,final,50,0.7,0.2,chessboard,855,2,2
88,372,8,22,1,369,22,876,100,final,50,0.7,0.2,chessboard,861,1,2
88,372,8,22,1,369,22,876,100,final,50,0.7,0.2,chessboard,867,2,2
88,372,8,22,1,369,22,876,100,final,50,0.7,0.2,chessboard,879,1,2
88,372,8,22,1,369,22,876,100,final,50,0.7,0.2,chessboard,894,2,2
89,374,8,24,1,369,22,876,100,final,50,0.7,0.2,chessboard,661,1,2
89,374,8,24,1,369,22,876,100,final,50,0.7,0.2,chessboard,679,2,2
89,374,8,24,1,369,22,876,100,final,50,0.7,0.2,chessboard,707,1,2
89,374,8,24,1,369,22,876,100,final,50,0.7,0.2,chessboard,738,1,2
89,374,8,24,1,369,22,876,100,final,50,0.7,0.2,chessboard,742,1,2
89,374,8,24,1,369,22,876,100,final,50,0.7,0.2,chessboard,750,1,2
89,374,8,24,1,369,22,876,100,final,50,0.7,0.2,chessboard,751,2,2
89,374,8,24,1,369,22,876,100,final,50,0.7,0.2,chessboard,766,1,2
89,374,8,24,1,369,22,876,100,final,50,0.7,0.2,chessboard,768,1,2
89,374,8,24,1,369,22,876,100,final,50,0.7,0.2,chessboard,772,2,2
89,374,8,24,1,369,22,876,100,final,50,0.7,0.2,chessboard,784,1,2
89,374,8,24,1,369,22,876,100,final,50,0.7,0.2,chessboard,790,3,2
89,374,8,24,1,369,22,876,100,final,50,0.7,0.2,chessboard,798,1,2
89,374,8,24,1,369,22,876,100,final,50,0.7,0.2,chessboard,799,6,2
89,374,8,24,1,369,22,876,100,final,50,0.7,0.2,chessboard,801,1,2
89,374,8,24,1,369,22,876,100,final,50,0.7,0.2,chessboard,820,2,2
89,374,8,24,1,369,22,876,100,final,50,0.7,0.2,chessboard,830,1,2
89,374,8,24,1,369,22,876,100,final,50,0.7,0.2,chessboard,855,2,2
89,374,8,24,1,369,22,876,100,final,50,0.7,0.2,chessboard,861,4,2
89,374,8,24,1,369,22,876,100,final,50,0.7,0.2,chessboard,862,1,2
90,403,9,3,1,369,22,876,100,final,50,0.7,0.2,chessboard,651,1,2
90,403,9,3,1,369,22,876,100,final,50,0.7,0.2,chessboard,654,3,2
90,403,9,3,1,369,22,876,100,final,50,0.7,0.2,chessboard,664,2,2
90,403,9,3,1,369,22,876,100,final,50,0.7,0.2,chessboard,665,1,2
90,403,9,3,1,369,22,876,100,final,50,0.7,0.2,chessboard,669,3,2
90,403,9,3,1,369,22,876,100,final,50,0.7,0.2,chessboard,674,1,2
90,403,9,3,1,369,22,876,100,final,50,0.7,0.2,chessboard,678,1,2
90,403,9,3,1,369,22,876,100,final,50,0.7,0.2,chessboard,686,2,2
90,403,9,3,1,369,22,876,100,final,50,0.7,0.2,chessboard,689,1,2
90,403,9,3,1,369,22,876,100,final,50,0.7,0.2,chessboard,696,2,2
90,403,9,3,1,369,22,876,100,final,50,0.7,0.2,chessboard,697,4,2
90,403,9,3,1,369,22,876,100,final,50,0.7,0.2,chessboard,725,3,2
90,403,9,3,1,369,22,876,100,final,50,0.7,0.2,chessboard,752,1,2
90,403,9,3,1,369,22,876,100,final,50,0.7,0.2,chessboard,772,5,2
90,403,9,3,1,369,22,876,100,final,50,0.7,0.2,chessboard,839,1,2
91,405,9,5,1,369,22,876,100,final,50,0.7,0.2,chessboard,651,4,2
91,405,9,5,1,369,22,876,100,final,50,0.7,0.2,chessboard,654,2,2
91,405,9,5,1,369,22,876,100,final,50,0.7,0.2,chessboard,669,1,2
91,405,9,5,1,369,22,876,100,final,50,0.7,0.2,chessboard,674,1,2
91,405,9,5,1,369,22,876,100,final,50,0.7,0.2,chessboard,697,2,2
91,405,9,5,1,369,22,876,100,final,50,0.7,0.2,chessboard,708,2,2
91,405,9,5,1,369,22,876,100,final,50,0.7,0.2,chessboard,709,1,2
91,405,9,5,1,369,22,876,100,final,50,0.7,0.2,chessboard,714,1,2
91,405,9,5,1,369,22,876,100,final,50,0.7,0.2,chessboard,725,4,2
91,405,9,5,1,369,22,876,100,final,50,0.7,0.2,chessboard,752,3,2
91,405,9,5,1,369,22,876,100,final,50,0.7,0.2,chessboard,774,2,2
91,405,9,5,1,369,22,876,100,final,50,0.7,0.2,chessboard,790,2,2
91,405,9,5,1,369,22,876,100,final,50,0.7,0.2,chessboard,798,1,2
91,405,9,5,1,369,22,876,100,final,50,0.7,0.2,chessboard,799,2,2
91,405,9,5,1,369,22,876,100,final,50,0.7,0.2,chessboard,805,2,2
91,405,9,5,1,369,22,876,100,final,50,0.7,0.2,chessboard,838,1,2
91,405,9,5,1,369,22,876,100,final,50,0.7,0.2,chessboard,839,1,2
91,405,9,5,1,369,22,876,100,final,50,0.7,0.2,chessboard,850,1,2
91,405,9,5,1,369,22,876,100,final,50,0.7,0.2,chessboard,862,2,2
91,405,9,5,1,369,22,876,100,final,50,0.7,0.2,chessboard,865,1,2
91,405,9,5,1,369,22,876,100,final,50,0.7,0.2,chessboard,867,1,2
92,407,9,7,1,369,22,876,100,final,50,0.7,0.2,chessboard,708,1,2
92,407,9,7,1,369,22,876,100,final,50,0.7,0.2,chessboard,752,1,2
92,407,9,7,1,369,22,876,100,final,50,0.7,0.2,chessboard,772,1,2
92,407,9,7,1,369,22,876,100,final,50,0.7,0.2,chessboard,774,1,2
92,407,9,7,1,369,22,876,100,final,50,0.7,0.2,chessboard,805,1,2
92,407,9,7,1,369,22,876,100,final,50,0.7,0.2,chessboard,824,2,2
92,407,9,7,1,369,22,876,100,final,50,0.7,0.2,chessboard,829,1,2
92,407,9,7,1,369,22,876,100,final,50,0.7,0.2,chessboard,830,1,2
92,407,9,7,1,369,22,876,100,final,50,0.7,0.2,chessboard,836,2,2
92,407,9,7,1,369,22,876,100,final,50,0.7,0.2,chessboard,844,4,2
92,407,9,7,1,369,22,876,100,final,50,0.7,0.2,chessboard,850,3,2
92,407,9,7,1,369,22,876,100,final,50,0.7,0.2,chessboard,862,6,2
92,407,9,7,1,369,22,876,100,final,50,0.7,0.2,chessboard,863,4,2
92,407,9,7,1,369,22,876,100,final,50,0.7,0.2,chessboard,865,2,2
92,407,9,7,1,369,22,876,100,final,50,0.7,0.2,chessboard,877,1,2
92,407,9,7,1,369,22,876,100,final,50,0.7,0.2,chessboard,879,2,2
92,407,9,7,1,369,22,876,100,final,50,0.7,0.2,chessboard,882,1,2
92,407,9,7,1,369,22,876,100,final,50,0.7,0.2,chessboard,887,1,2
92,407,9,7,1,369,22,876,100,final,50,0.7,0.2,chessboard,894,3,2
92,407,9,7,1,369,22,876,100,final,50,0.7,0.2,chessboard,917,1,2
92,407,9,7,1,369,22,876,100,final,50,0.7,0.2,chessboard,930,1,2
93,409,9,9,1,369,22,876,100,final,50,0.7,0.2,chessboard,817,5,2
93,409,9,9,1,369,22,876,100,final,50,0.7,0.2,chessboard,837,1,2
93,409,9,9,1,369,22,876,100,final,50,0.7,0.2,chessboard,841,1,2
93,409,9,9,1,369,22,876,100,final,50,0.7,0.2,chessboard,850,1,2
93,409,9,9,1,369,22,876,100,final,50,0.7,0.2,chessboard,854,1,2
93,409,9,9,1,369,22,876,100,final,50,0.7,0.2,chessboard,862,1,2
93,409,9,9,1,369,22,876,100,final,50,0.7,0.2,chessboard,876,1,2
93,409,9,9,1,369,22,876,100,final,50,0.7,0.2,chessboard,877,1,2
93,409,9,9,1,369,22,876,100,final,50,0.7,0.2,chessboard,879,9,2
93,409,9,9,1,369,22,876,100,final,50,0.7,0.2,chessboard,890,2,2
93,409,9,9,1,369,22,876,100,final,50,0.7,0.2,chessboard,894,6,2
93,409,9,9,1,369,22,876,100,final,50,0.7,0.2,chessboard,905,1,2
93,409,9,9,1,369,22,876,100,final,50,0.7,0.2,chessboard,907,3,2
93,409,9,9,1,369,22,876,100,final,50,0.7,0.2,chessboard,925,3,2
93,409,9,9,1,369,22,876,100,final,50,0.7,0.2,chessboard,938,2,2
93,409,9,9,1,369,22,876,100,final,50,0.7,0.2,chessboard,947,1,2
93,409,9,9,1,369,22,876,100,final,50,0.7,0.2,chessboard,957,1,2
93,409,9,9,1,369,22,876,100,final,50,0.7,0.2,chessboard,962,2,2
93,409,9,9,1,369,22,876,100,final,50,0.7,0.2,chessboard,973,1,2
94,411,9,11,1,369,22,876,100,final,50,0.7,0.2,chessboard,815,1,2
94,411,9,11,1,369,22,876,100,final,50,0.7,0.2,chessboard,854,1,2
94,411,9,11,1,369,22,876,100,final,50,0.7,0.2,chessboard,862,3,2
94,411,9,11,1,369,22,876,100,final,50,0.7,0.2,chessboard,863,1,2
94,411,9,11,1,369,22,876,100,final,50,0.7,0.2,chessboard,867,1,2
94,411,9,11,1,369,22,876,100,final,50,0.7,0.2,chessboard,877,1,2
94,411,9,11,1,369,22,876,100,final,50,0.7,0.2,chessboard,879,2,2
94,411,9,11,1,369,22,876,100,final,50,0.7,0.2,chessboard,882,1,2
94,411,9,11,1,369,22,876,100,final,50,0.7,0.2,chessboard,887,1,2
94,411,9,11,1,369,22,876,100,final,50,0.7,0.2,chessboard,888,2,2
94,411,9,11,1,369,22,876,100,final,50,0.7,0.2,chessboard,890,2,2
94,411,9,11,1,369,22,876,100,final,50,0.7,0.2,chessboard,894,5,2
94,411,9,11,1,369,22,876,100,final,50,0.7,0.2,chessboard,895,2,2
94,411,9,11,1,369,22,876,100,final,50,0.7,0.2,chessboard,897,1,2
94,411,9,11,1,369,22,876,100,final,50,0.7,0.2,chessboard,905,1,2
94,411,9,11,1,369,22,876,100,final,50,0.7,0.2,chessboard,907,4,2
94,411,9,11,1,369,22,876,100,final,50,0.7,0.2,chessboard,925,2,2
94,411,9,11,1,369,22,876,100,final,50,0.7,0.2,chessboard,954,1,2
94,411,9,11,1,369,22,876,100,final,50,0.7,0.2,chessboard,973,1,2
95,413,9,13,1,369,22,876,100,final,50,0.7,0.2,chessboard,790,1,2
95,413,9,13,1,369,22,876,100,final,50,0.7,0.2,chessboard,811,1,2
95,413,9,13,1,369,22,876,100,final,50,0.7,0.2,chessboard,813,1,2
95,413,9,13,1,369,22,876,100,final,50,0.7,0.2,chessboard,822,1,2
95,413,9,13,1,369,22,876,100,final,50,0.7,0.2,chessboard,830,1,2
95,413,9,13,1,369,22,876,100,final,50,0.7,0.2,chessboard,832,1,2
95,413,9,13,1,369,22,876,100,final,50,0.7,0.2,chessboard,837,1,2
95,413,9,13,1,369,22,876,100,final,50,0.7,0.2,chessboard,841,1,2
95,413,9,13,1,369,22,876,100,final,50,0.7,0.2,chessboard,844,1,2
95,413,9,13,1,369,22,876,100,final,50,0.7,0.2,chessboard,850,1,2
95,413,9,13,1,369,22,876,100,final,50,0.7,0.2,chessboard,854,2,2
95,413,9,13,1,369,22,876,100,final,50,0.7,0.2,chessboard,858,2,2
95,413,9,13,1,369,22,876,100,final,50,0.7,0.2,chessboard,862,1,2
95,413,9,13,1,369,22,876,100,final,50,0.7,0.2,chessboard,867,1,2
95,413,9,13,1,369,22,876,100,final,50,0.7,0.2,chessboard,877,1,2
95,413,9,13,1,369,22,876,100,final,50,0.7,0.2,chessboard,882,2,2
95,413,9,13,1,369,22,876,100,final,50,0.7,0.2,chessboard,887,1,2
95,413,9,13,1,369,22,876,100,final,50,0.7,0.2,chessboard,888,4,2
95,413,9,13,1,369,22,876,100,final,50,0.7,0.2,chessboard,891,1,2
95,413,9,13,1,369,22,876,100,final,50,0.7,0.2,chessboard,894,2,2
95,413,9,13,1,369,22,876,100,final,50,0.7,0.2,chessboard,895,2,2
95,413,9,13,1,369,22,876,100,final,50,0.7,0.2,chessboard,905,1,2
95,413,9,13,1,369,22,876,100,final,50,0.7,0.2,chessboard,914,2,2
95,413,9,13,1,369,22,876,100,final,50,0.7,0.2,chessboard,915,1,2
95,413,9,13,1,369,22,876,100,final,50,0.7,0.2,chessboard,925,3,2
95,413,9,13,1,369,22,876,100,final,50,0.7,0.2,chessboard,930,2,2
95,413,9,13,1,369,22,876,100,final,50,0.7,0.2,chessboard,954,1,2
96,415,9,15,1,369,22,876,100,final,50,0.7,0.2,chessboard,748,1,2
96,415,9,15,1,369,22,876,100,final,50,0.7,0.2,chessboard,751,1,2
96,415,9,15,1,369,22,876,100,final,50,0.7,0.2,chessboard,758,2,2
96,415,9,15,1,369,22,876,100,final,50,0.7,0.2,chessboard,797,1,2
96,415,9,15,1,369,22,876,100,final,50,0.7,0.2,chessboard,799,1,2
96,415,9,15,1,369,22,876,100,final,50,0.7,0.2,chessboard,813,1,2
96,415,9,15,1,369,22,876,100,final,50,0.7,0.2,chessboard,819,2,2
96,415,9,15,1,369,22,876,100,final,50,0.7,0.2,chessboard,824,1,2
96,415,9,15,1,369,22,876,100,final,50,0.7,0.2,chessboard,827,1,2
96,415,9,15,1,369,22,876,100,final,50,0.7,0.2,chessboard,828,2,2
96,415,9,15,1,369,22,876,100,final,50,0.7,0.2,chessboard,837,2,2
96,415,9,15,1,369,22,876,100,final,50,0.7,0.2,chessboard,842,2,2
96,415,9,15,1,369,22,876,100,final,50,0.7,0.2,chessboard,850,1,2
96,415,9,15,1,369,22,876,100,final,50,0.7,0.2,chessboard,862,2,2
96,415,9,15,1,369,22,876,100,final,50,0.7,0.2,chessboard,863,3,2
96,415,9,15,1,369,22,876,100,final,50,0.7,0.2,chessboard,879,1,2
96,415,9,15,1,369,22,876,100,final,50,0.7,0.2,chessboard,882,1,2
96,415,9,15,1,369,22,876,100,final,50,0.7,0.2,chessboard,885,3,2
96,415,9,15,1,369,22,876,100,final,50,0.7,0.2,chessboard,888,1,2
96,415,9,15,1,369,22,876,100,final,50,0.7,0.2,chessboard,891,1,2
96,415,9,15,1,369,22,876,100,final,50,0.7,0.2,chessboard,894,1,2
96,415,9,15,1,369,22,876,100,final,50,0.7,0.2,chessboard,897,1,2
96,415,9,15,1,369,22,876,100,final,50,0.7,0.2,chessboard,905,1,2
96,415,9,15,1,369,22,876,100,final,50,0.7,0.2,chessboard,914,4,2
96,415,9,15,1,369,22,876,100,final,50,0.7,0.2,chessboard,915,1,2
97,417,9,17,1,369,22,876,100,final,50,0.7,0.2,chessboard,725,1,2
97,417,9,17,1,369,22,876,100,final,50,0.7,0.2,chessboard,738,1,2
97,417,9,17,1,369,22,876,100,final,50,0.7,0.2,chessboard,752,1,2
97,417,9,17,1,369,22,876,100,final,50,0.7,0.2,chessboard,758,1,2
97,417,9,17,1,369,22,876,100,final,50,0.7,0.2,chessboard,778,2,2
97,417,9,17,1,369,22,876,100,final,50,0.7,0.2,chessboard,790,1,2
97,417,9,17,1,369,22,876,100,final,50,0.7,0.2,chessboard,799,2,2
97,417,9,17,1,369,22,876,100,final,50,0.7,0.2,chessboard,813,1,2
97,417,9,17,1,369,22,876,100,final,50,0.7,0.2,chessboard,824,1,2
97,417,9,17,1,369,22,876,100,final,50,0.7,0.2,chessboard,828,3,2
97,417,9,17,1,369,22,876,100,final,50,0.7,0.2,chessboard,837,1,2
97,417,9,17,1,369,22,876,100,final,50,0.7,0.2,chessboard,854,2,2
97,417,9,17,1,369,22,876,100,final,50,0.7,0.2,chessboard,858,3,2
97,417,9,17,1,369,22,876,100,final,50,0.7,0.2,chessboard,867,2,2
97,417,9,17,1,369,22,876,100,final,50,0.7,0.2,chessboard,877,2,2
97,417,9,17,1,369,22,876,100,final,50,0.7,0.2,chessboard,879,3,2
97,417,9,17,1,369,22,876,100,final,50,0.7,0.2,chessboard,891,1,2
97,417,9,17,1,369,22,876,100,final,50,0.7,0.2,chessboard,895,1,2
97,417,9,17,1,369,22,876,100,final,50,0.7,0.2,chessboard,905,1,2
97,417,9,17,1,369,22,876,100,final,50,0.7,0.2,chessboard,913,1,2
97,417,9,17,1,369,22,876,100,final,50,0.7,0.2,chessboard,914,1,2
97,417,9,17,1,369,22,876,100,final,50,0.7,0.2,chessboard,973,1,2
98,419,9,19,1,369,22,876,100,final,50,0.7,0.2,chessboard,739,1,2
98,419,9,19,1,369,22,876,100,final,50,0.7,0.2,chessboard,751,1,2
98,419,9,19,1,369,22,876,100,final,50,0.7,0.2,chessboard,762,1,2
98,419,9,19,1,369,22,876,100,final,50,0.7,0.2,chessboard,772,1,2
98,419,9,19,1,369,22,876,100,final,50,0.7,0.2,chessboard,798,2,2
98,419,9,19,1,369,22,876,100,final,50,0.7,0.2,chessboard,799,1,2
98,419,9,19,1,369,22,876,100,final,50,0.7,0.2,chessboard,817,1,2
98,419,9,19,1,369,22,876,100,final,50,0.7,0.2,chessboard,837,1,2
98,419,9,19,1,369,22,876,100,final,50,0.7,0.2,chessboard,850,1,2
98,419,9,19,1,369,22,876,100,final,50,0.7,0.2,chessboard,855,1,2
98,419,9,19,1,369,22,876,100,final,50,0.7,0.2,chessboard,858,3,2
98,419,9,19,1,369,22,876,100,final,50,0.7,0.2,chessboard,866,2,2
98,419,9,19,1,369,22,876,100,final,50,0.7,0.2,chessboard,867,4,2
98,419,9,19,1,369,22,876,100,final,50,0.7,0.2,chessboard,877,3,2
98,419,9,19,1,369,22,876,100,final,50,0.7,0.2,chessboard,878,2,2
98,419,9,19,1,369,22,876,100,final,50,0.7,0.2,chessboard,879,3,2
98,419,9,19,1,369,22,876,100,final,50,0.7,0.2,chessboard,888,2,2
98,419,9,19,1,369,22,876,100,final,50,0.7,0.2,chessboard,905,1,2
98,419,9,19,1,369,22,876,100,final,50,0.7,0.2,chessboard,909,1,2
98,419,9,19,1,369,22,876,100,final,50,0.7,0.2,chessboard,914,4,2
99,421,9,21,1,369,22,876,100,final,50,0.7,0.2,chessboard,696,1,2
99,421,9,21,1,369,22,876,100,final,50,0.7,0.2,chessboard,738,1,2
99,421,9,21,1,369,22,876,100,final,50,0.7,0.2,chessboard,739,1,2
99,421,9,21,1,369,22,876,100,final,50,0.7,0.2,chessboard,778,1,2
99,421,9,21,1,369,22,876,100,final,50,0.7,0.2,chessboard,798,2,2
99,421,9,21,1,369,22,876,100,final,50,0.7,0.2,chessboard,815,1,2
99,421,9,21,1,369,22,876,100,final,50,0.7,0.2,chessboard,824,3,2
99,421,9,21,1,369,22,876,100,final,50,0.7,0.2,chessboard,827,1,2
99,421,9,21,1,369,22,876,100,final,50,0.7,0.2,chessboard,850,5,2
99,421,9,21,1,369,22,876,100,final,50,0.7,0.2,chessboard,855,2,2
99,421,9,21,1,369,22,876,100,final,50,0.7,0.2,chessboard,858,1,2
99,421,9,21,1,369,22,876,100,final,50,0.7,0.2,chessboard,861,2,2
99,421,9,21,1,369,22,876,100,final,50,0.7,0.2,chessboard,867,13,2
99,421,9,21,1,369,22,876,100,final,50,0.7,0.2,chessboard,879,1,2
99,421,9,21,1,369,22,876,100,final,50,0.7,0.2,chessboard,885,1,2
99,421,9,21,1,369,22,876,100,final,50,0.7,0.2,chessboard,887,1,2
99,421,9,21,1,369,22,876,100,final,50,0.7,0.2,chessboard,907,1,2
99,421,9,21,1,369,22,876,100,final,50,0.7,0.2,chessboard,914,1,2
99,421,9,21,1,369,22,876,100,final,50,0.7,0.2,chessboard,932,1,2
100,454,10,4,1,369,22,876,100,final,50,0.7,0.2,chessboard,651,2,2
100,454,10,4,1,369,22,876,100,final,50,0.7,0.2,chessboard,654,4,2
100,454,10,4,1,369,22,876,100,final,50,0.7,0.2,chessboard,664,3,2
100,454,10,4,1,369,22,876,100,final,50,0.7,0.2,chessboard,665,2,2
100,454,10,4,1,369,22,876,100,final,50,0.7,0.2,chessboard,672,1,2
100,454,10,4,1,369,22,876,100,final,50,0.7,0.2,chessboard,674,1,2
100,454,10,4,1,369,22,876,100,final,50,0.7,0.2,chessboard,686,5,2
100,454,10,4,1,369,22,876,100,final,50,0.7,0.2,chessboard,700,2,2
100,454,10,4,1,369,22,876,100,final,50,0.7,0.2,chessboard,708,5,2
100,454,10,4,1,369,22,876,100,final,50,0.7,0.2,chessboard,711,3,2
100,454,10,4,1,369,22,876,100,final,50,0.7,0.2,chessboard,725,1,2
100,454,10,4,1,369,22,876,100,final,50,0.7,0.2,chessboard,728,1,2
100,454,10,4,1,369,22,876,100,final,50,0.7,0.2,chessboard,748,1,2
100,454,10,4,1,369,22,876,100,final,50,0.7,0.2,chessboard,772,1,2
100,454,10,4,1,369,22,876,100,final,50,0.7,0.2,chessboard,805,1,2
100,454,10,4,1,369,22,876,100,final,50,0.7,0.2,chessboard,813,1,2
101,456,10,6,1,369,22,876,100,final,50,0.7,0.2,chessboard,665,3,2
101,456,10,6,1,369,22,876,100,final,50,0.7,0.2,chessboard,669,2,2
101,456,10,6,1,369,22,876,100,final,50,0.7,0.2,chessboard,678,1,2
101,456,10,6,1,369,22,876,100,final,50,0.7,0.2,chessboard,689,2,2
101,456,10,6,1,369,22,876,100,final,50,0.7,0.2,chessboard,708,4,2
101,456,10,6,1,369,22,876,100,final,50,0.7,0.2,chessboard,711,1,2
101,456,10,6,1,369,22,876,100,final,50,0.7,0.2,chessboard,725,1,2
101,456,10,6,1,369,22,876,100,final,50,0.7,0.2,chessboard,748,2,2
101,456,10,6,1,369,22,876,100,final,50,0.7,0.2,chessboard,752,1,2
101,456,10,6,1,369,22,876,100,final,50,0.7,0.2,chessboard,756,1,2
101,456,10,6,1,369,22,876,100,final,50,0.7,0.2,chessboard,772,2,2
101,456,10,6,1,369,22,876,100,final,50,0.7,0.2,chessboard,790,3,2
101,456,10,6,1,369,22,876,100,final,50,0.7,0.2,chessboard,805,1,2
101,456,10,6,1,369,22,876,100,final,50,0.7,0.2,chessboard,817,1,2
101,456,10,6,1,369,22,876,100,final,50,0.7,0.2,chessboard,828,1,2
101,456,10,6,1,369,22,876,100,final,50,0.7,0.2,chessboard,829,2,2
101,456,10,6,1,369,22,876,100,final,50,0.7,0.2,chessboard,830,1,2
101,456,10,6,1,369,22,876,100,final,50,0.7,0.2,chessboard,838,1,2
101,456,10,6,1,369,22,876,100,final,50,0.7,0.2,chessboard,858,1,2
101,456,10,6,1,369,22,876,100,final,50,0.7,0.2,chessboard,865,1,2
101,456,10,6,1,369,22,876,100,final,50,0.7,0.2,chessboard,878,1,2
101,456,10,6,1,369,22,876,100,final,50,0.7,0.2,chessboard,879,1,2
101,456,10,6,1,369,22,876,100,final,50,0.7,0.2,chessboard,882,1,2
101,456,10,6,1,369,22,876,100,final,50,0.7,0.2,chessboard,907,1,2
102,458,10,8,1,369,22,876,100,final,50,0.7,0.2,chessboard,772,1,2
102,458,10,8,1,369,22,876,100,final,50,0.7,0.2,chessboard,828,1,2
102,458,10,8,1,369,22,876,100,final,50,0.7,0.2,chessboard,829,2,2
102,458,10,8,1,369,22,876,100,final,50,0.7,0.2,chessboard,836,1,2
102,458,10,8,1,369,22,876,100,final,50,0.7,0.2,chessboard,842,1,2
102,458,10,8,1,369,22,876,100,final,50,0.7,0.2,chessboard,850,3,2
102,458,10,8,1,369,22,876,100,final,50,0.7,0.2,chessboard,862,3,2
102,458,10,8,1,369,22,876,100,final,50,0.7,0.2,chessboard,863,2,2
102,458,10,8,1,369,22,876,100,final,50,0.7,0.2,chessboard,865,3,2
102,458,10,8,1,369,22,876,100,final,50,0.7,0.2,chessboard,867,2,2
102,458,10,8,1,369,22,876,100,final,50,0.7,0.2,chessboard,879,4,2
102,458,10,8,1,369,22,876,100,final,50,0.7,0.2,chessboard,887,3,2
102,458,10,8,1,369,22,876,100,final,50,0.7,0.2,chessboard,890,2,2
102,458,10,8,1,369,22,876,100,final,50,0.7,0.2,chessboard,895,3,2
102,458,10,8,1,369,22,876,100,final,50,0.7,0.2,chessboard,905,3,2
102,458,10,8,1,369,22,876,100,final,50,0.7,0.2,chessboard,907,1,2
102,458,10,8,1,369,22,876,100,final,50,0.7,0.2,chessboard,913,1,2
102,458,10,8,1,369,22,876,100,final,50,0.7,0.2,chessboard,914,3,2
102,458,10,8,1,369,22,876,100,final,50,0.7,0.2,chessboard,925,2,2
102,458,10,8,1,369,22,876,100,final,50,0.7,0.2,chessboard,930,1,2
102,458,10,8,1,369,22,876,100,final,50,0.7,0.2,chessboard,944,1,2
103,460,10,10,1,369,22,876,100,final,50,0.7,0.2,chessboard,817,1,2
103,460,10,10,1,369,22,876,100,final,50,0.7,0.2,chessboard,836,1,2
103,460,10,10,1,369,22,876,100,final,50,0.7,0.2,chessboard,850,2,2
103,460,10,10,1,369,22,876,100,final,50,0.7,0.2,chessboard,862,1,2
103,460,10,10,1,369,22,876,100,final,50,0.7,0.2,chessboard,863,4,2
103,460,10,10,1,369,22,876,100,final,50,0.7,0.2,chessboard,876,1,2
103,460,10,10,1,369,22,876,100,final,50,0.7,0.2,chessboard,879,3,2
103,460,10,10,1,369,22,876,100,final,50,0.7,0.2,chessboard,882,1,2
103,460,10,10,1,369,22,876,100,final,50,0.7,0.2,chessboard,885,1,2
103,460,10,10,1,369,22,876,100,final,50,0.7,0.2,chessboard,888,3,2
103,460,10,10,1,369,22,876,100,final,50,0.7,0.2,chessboard,890,2,2
103,460,10,10,1,369,22,876,100,final,50,0.7,0.2,chessboard,894,5,2
103,460,10,10,1,369,22,876,100,final,50,0.7,0.2,chessboard,895,1,2
103,460,10,10,1,369,22,876,100,final,50,0.7,0.2,chessboard,907,1,2
103,460,10,10,1,369,22,876,100,final,50,0.7,0.2,chessboard,914,2,2
103,460,10,10,1,369,22,876,100,final,50,0.7,0.2,chessboard,919,1,2
103,460,10,10,1,369,22,876,100,final,50,0.7,0.2,chessboard,925,3,2
103,460,10,10,1,369,22,876,100,final,50,0.7,0.2,chessboard,937,1,2
103,460,10,10,1,369,22,876,100,final,50,0.7,0.2,chessboard,944,1,2
103,460,10,10,1,369,22,876,100,final,50,0.7,0.2,chessboard,957,1,2
103,460,10,10,1,369,22,876,100,final,50,0.7,0.2,chessboard,973,1,2
104,462,10,12,1,369,22,876,100,final,50,0.7,0.2,chessboard,837,2,2
104,462,10,12,1,369,22,876,100,final,50,0.7,0.2,chessboard,850,1,2
104,462,10,12,1,369,22,876,100,final,50,0.7,0.2,chessboard,863,3,2
104,462,10,12,1,369,22,876,100,final,50,0.7,0.2,chessboard,867,3,2
104,462,10,12,1,369,22,876,100,final,50,0.7,0.2,chessboard,869,4,2
104,462,10,12,1,369,22,876,100,final,50,0.7,0.2,chessboard,873,1,2
104,462,10,12,1,369,22,876,100,final,50,0.7,0.2,chessboard,877,1,2
104,462,10,12,1,369,22,876,100,final,50,0.7,0.2,chessboard,882,1,2
104,462,10,12,1,369,22,876,100,final,50,0.7,0.2,chessboard,887,2,2
104,462,10,12,1,369,22,876,100,final,50,0.7,0.2,chessboard,888,5,2
104,462,10,12,1,369,22,876,100,final,50,0.7,0.2,chessboard,890,2,2
104,462,10,12,1,369,22,876,100,final,50,0.7,0.2,chessboard,894,3,2
104,462,10,12,1,369,22,876,100,final,50,0.7,0.2,chessboard,895,1,2
104,462,10,12,1,369,22,876,100,final,50,0.7,0.2,chessboard,905,2,2
104,462,10,12,1,369,22,876,100,final,50,0.7,0.2,chessboard,909,1,2
104,462,10,12,1,369,22,876,100,final,50,0.7,0.2,chessboard,910,1,2
104,462,10,12,1,369,22,876,100,final,50,0.7,0.2,chessboard,913,2,2
104,462,10,12,1,369,22,876,100,final,50,0.7,0.2,chessboard,925,2,2
104,462,10,12,1,369,22,876,100,final,50,0.7,0.2,chessboard,931,1,2
104,462,10,12,1,369,22,876,100,final,50,0.7,0.2,chessboard,937,2,2
104,462,10,12,1,369,22,876,100,final,50,0.7,0.2,chessboard,954,2,2
104,462,10,12,1,369,22,876,100,final,50,0.7,0.2,chessboard,973,1,2
105,464,10,14,1,369,22,876,100,final,50,0.7,0.2,chessboard,827,1,2
105,464,10,14,1,369,22,876,100,final,50,0.7,0.2,chessboard,828,1,2
105,464,10,14,1,369,22,876,100,final,50,0.7,0.2,chessboard,842,1,2
105,464,10,14,1,369,22,876,100,final,50,0.7,0.2,chessboard,844,1,2
105,464,10,14,1,369,22,876,100,final,50,0.7,0.2,chessboard,850,2,2
105,464,10,14,1,369,22,876,100,final,50,0.7,0.2,chessboard,854,1,2
105,464,10,14,1,369,22,876,100,final,50,0.7,0.2,chessboard,858,1,2
105,464,10,14,1,369,22,876,100,final,50,0.7,0.2,chessboard,862,1,2
105,464,10,14,1,369,22,876,100,final,50,0.7,0.2,chessboard,863,2,2
105,464,10,14,1,369,22,876,100,final,50,0.7,0.2,chessboard,867,2,2
105,464,10,14,1,369,22,876,100,final,50,0.7,0.2,chessboard,876,2,2
105,464,10,14,1,369,22,876,100,final,50,0.7,0.2,chessboard,879,3,2
105,464,10,14,1,369,22,876,100,final,50,0.7,0.2,chessboard,885,2,2
105,464,10,14,1,369,22,876,100,final,50,0.7,0.2,chessboard,888,2,2
105,464,10,14,1,369,22,876,100,final,50,0.7,0.2,chessboard,891,1,2
105,464,10,14,1,369,22,876,100,final,50,0.7,0.2,chessboard,894,2,2
105,464,10,14,1,369,22,876,100,final,50,0.7,0.2,chessboard,895,1,2
105,464,10,14,1,369,22,876,100,final,50,0.7,0.2,chessboard,907,3,2
105,464,10,14,1,369,22,876,100,final,50,0.7,0.2,chessboard,914,3,2
105,464,10,14,1,369,22,876,100,final,50,0.7,0.2,chessboard,915,1,2
105,464,10,14,1,369,22,876,100,final,50,0.7,0.2,chessboard,921,1,2
106,466,10,16,1,369,22,876,100,final,50,0.7,0.2,chessboard,748,1,2
106,466,10,16,1,369,22,876,100,final,50,0.7,0.2,chessboard,778,1,2
106,466,10,16,1,369,22,876,100,final,50,0.7,0.2,chessboard,813,1,2
106,466,10,16,1,369,22,876,100,final,50,0.7,0.2,chessboard,817,1,2
106,466,10,16,1,369,22,876,100,final,50,0.7,0.2,chessboard,828,1,2
106,466,10,16,1,369,22,876,100,final,50,0.7,0.2,chessboard,830,1,2
106,466,10,16,1,369,22,876,100,final,50,0.7,0.2,chessboard,837,2,2
106,466,10,16,1,369,22,876,100,final,50,0.7,0.2,chessboard,844,5,2
106,466,10,16,1,369,22,876,100,final,50,0.7,0.2,chessboard,850,1,2
106,466,10,16,1,369,22,876,100,final,50,0.7,0.2,chessboard,858,1,2
106,466,10,16,1,369,22,876,100,final,50,0.7,0.2,chessboard,861,1,2
106,466,10,16,1,369,22,876,100,final,50,0.7,0.2,chessboard,862,4,2
106,466,10,16,1,369,22,876,100,final,50,0.7,0.2,chessboard,867,4,2
106,466,10,16,1,369,22,876,100,final,50,0.7,0.2,chessboard,876,1,2
106,466,10,16,1,369,22,876,100,final,50,0.7,0.2,chessboard,877,1,2
106,466,10,16,1,369,22,876,100,final,50,0.7,0.2,chessboard,882,2,2
106,466,10,16,1,369,22,876,100,final,50,0.7,0.2,chessboard,885,1,2
106,466,10,16,1,369,22,876,100,final,50,0.7,0.2,chessboard,887,1,2
106,466,10,16,1,369,22,876,100,final,50,0.7,0.2,chessboard,895,1,2
106,466,10,16,1,369,22,876,100,final,50,0.7,0.2,chessboard,905,2,2
106,466,10,16,1,369,22,876,100,final,50,0.7,0.2,chessboard,909,1,2
106,466,10,16,1,369,22,876,100,final,50,0.7,0.2,chessboard,914,1,2
106,466,10,16,1,369,22,876,100,final,50,0.7,0.2,chessboard,938,1,2
107,468,10,18,1,369,22,876,100,final,50,0.7,0.2,chessboard,778,2,2
107,468,10,18,1,369,22,876,100,final,50,0.7,0.2,chessboard,790,1,2
107,468,10,18,1,369,22,876,100,final,50,0.7,0.2,chessboard,797,1,2
107,468,10,18,1,369,22,876,100,final,50,0.7,0.2,chessboard,817,1,2
107,468,10,18,1,369,22,876,100,final,50,0.7,0.2,chessboard,819,1,2
107,468,10,18,1,369,22,876,100,final,50,0.7,0.2,chessboard,824,1,2
107,468,10,18,1,369,22,876,100,final,50,0.7,0.2,chessboard,828,1,2
107,468,10,18,1,369,22,876,100,final,50,0.7,0.2,chessboard,837,1,2
107,468,10,18,1,369,22,876,100,final,50,0.7,0.2,chessboard,854,1,2
107,468,10,18,1,369,22,876,100,final,50,0.7,0.2,chessboard,858,2,2
107,468,10,18,1,369,22,876,100,final,50,0.7,0.2,chessboard,863,1,2
107,468,10,18,1,369,22,876,100,final,50,0.7,0.2,chessboard,867,6,2
107,468,10,18,1,369,22,876,100,final,50,0.7,0.2,chessboard,873,1,2
107,468,10,18,1,369,22,876,100,final,50,0.7,0.2,chessboard,877,2,2
107,468,10,18,1,369,22,876,100,final,50,0.7,0.2,chessboard,879,1,2
107,468,10,18,1,369,22,876,100,final,50,0.7,0.2,chessboard,887,1,2
107,468,10,18,1,369,22,876,100,final,50,0.7,0.2,chessboard,890,1,2
107,468,10,18,1,369,22,876,100,final,50,0.7,0.2,chessboard,891,2,2
107,468,10,18,1,369,22,876,100,final,50,0.7,0.2,chessboard,894,3,2
107,468,10,18,1,369,22,876,100,final,50,0.7,0.2,chessboard,895,2,2
107,468,10,18,1,369,22,876,100,final,50,0.7,0.2,chessboard,897,1,2
107,468,10,18,1,369,22,876,100,final,50,0.7,0.2,chessboard,905,1,2
107,468,10,18,1,369,22,876,100,final,50,0.7,0.2,chessboard,914,4,2
107,468,10,18,1,369,22,876,100,final,50,0.7,0.2,chessboard,944,1,2
108,505,11,5,1,369,22,876,100,final,50,0.7,0.2,chessboard,627,1,2
108,505,11,5,1,369,22,876,100,final,50,0.7,0.2,chessboard,642,1,2
108,505,11,5,1,369,22,876,100,final,50,0.7,0.2,chessboard,651,2,2
108,505,11,5,1,369,22,876,100,final,50,0.7,0.2,chessboard,665,1,2
108,505,11,5,1,369,22,876,100,final,50,0.7,0.2,chessboard,669,1,2
108,505,11,5,1,369,22,876,100,final,50,0.7,0.2,chessboard,672,2,2
108,505,11,5,1,369,22,876,100,final,50,0.7,0.2,chessboard,674,2,2
108,505,11,5,1,369,22,876,100,final,50,0.7,0.2,chessboard,689,1,2
108,505,11,5,1,369,22,876,100,final,50,0.7,0.2,chessboard,708,8,2
108,505,11,5,1,369,22,876,100,final,50,0.7,0.2,chessboard,709,2,2
108,505,11,5,1,369,22,876,100,final,50,0.7,0.2,chessboard,725,1,2
108,505,11,5,1,369,22,876,100,final,50,0.7,0.2,chessboard,772,1,2
109,507,11,7,1,369,22,876,100,final,50,0.7,0.2,chessboard,686,1,2
109,507,11,7,1,369,22,876,100,final,50,0.7,0.2,chessboard,708,1,2
109,507,11,7,1,369,22,876,100,final,50,0.7,0.2,chessboard,709,2,2
109,507,11,7,1,369,22,876,100,final,50,0.7,0.2,chessboard,748,1,2
109,507,11,7,1,369,22,876,100,final,50,0.7,0.2,chessboard,752,2,2
109,507,11,7,1,369,22,876,100,final,50,0.7,0.2,chessboard,805,1,2
109,507,11,7,1,369,22,876,100,final,50,0.7,0.2,chessboard,813,1,2
109,507,11,7,1,369,22,876,100,final,50,0.7,0.2,chessboard,817,2,2
109,507,11,7,1,369,22,876,100,final,50,0.7,0.2,chessboard,839,1,2
109,507,11,7,1,369,22,876,100,final,50,0.7,0.2,chessboard,844,2,2
109,507,11,7,1,369,22,876,100,final,50,0.7,0.2,chessboard,850,2,2
109,507,11,7,1,369,22,876,100,final,50,0.7,0.2,chessboard,858,1,2
109,507,11,7,1,369,22,876,100,final,50,0.7,0.2,chessboard,863,1,2
109,507,11,7,1,369,22,876,100,final,50,0.7,0.2,chessboard,865,7,2
109,507,11,7,1,369,22,876,100,final,50,0.7,0.2,chessboard,877,1,2
109,507,11,7,1,369,22,876,100,final,50,0.7,0.2,chessboard,879,3,2
109,507,11,7,1,369,22,876,100,final,50,0.7,0.2,chessboard,888,1,2
109,507,11,7,1,369,22,876,100,final,50,0.7,0.2,chessboard,890,1,2
109,507,11,7,1,369,22,876,100,final,50,0.7,0.2,chessboard,894,1,2
109,507,11,7,1,369,22,876,100,final,50,0.7,0.2,chessboard,895,7,2
109,507,11,7,1,369,22,876,100,final,50,0.7,0.2,chessboard,909,1,2
109,507,11,7,1,369,22,876,100,final,50,0.7,0.2,chessboard,931,1,2
110,509,11,9,1,369,22,876,100,final,50,0.7,0.2,chessboard,813,3,2
110,509,11,9,1,369,22,876,100,final,50,0.7,0.2,chessboard,816,1,2
110,509,11,9,1,369,22,876,100,final,50,0.7,0.2,chessboard,828,1,2
110,509,11,9,1,369,22,876,100,final,50,0.7,0.2,chessboard,836,1,2
110,509,11,9,1,369,22,876,100,final,50,0.7,0.2,chessboard,855,1,2
110,509,11,9,1,369,22,876,100,final,50,0.7,0.2,chessboard,856,1,2
110,509,11,9,1,369,22,876,100,final,50,0.7,0.2,chessboard,858,4,2
110,509,11,9,1,369,22,876,100,final,50,0.7,0.2,chessboard,863,1,2
110,509,11,9,1,369,22,876,100,final,50,0.7,0.2,chessboard,879,3,2
110,509,11,9,1,369,22,876,100,final,50,0.7,0.2,chessboard,887,1,2
110,509,11,9,1,369,22,876,100,final,50,0.7,0.2,chessboard,888,2,2
110,509,11,9,1,369,22,876,100,final,50,0.7,0.2,chessboard,895,1,2
110,509,11,9,1,369,22,876,100,final,50,0.7,0.2,chessboard,907,3,2
110,509,11,9,1,369,22,876,100,final,50,0.7,0.2,chessboard,908,1,2
110,509,11,9,1,369,22,876,100,final,50,0.7,0.2,chessboard,909,2,2
110,509,11,9,1,369,22,876,100,final,50,0.7,0.2,chessboard,910,1,2
110,509,11,9,1,369,22,876,100,final,50,0.7,0.2,chessboard,913,3,2
110,509,11,9,1,369,22,876,100,final,50,0.7,0.2,chessboard,914,2,2
110,509,11,9,1,369,22,876,100,final,50,0.7,0.2,chessboard,917,1,2
110,509,11,9,1,369,22,876,100,final,50,0.7,0.2,chessboard,925,3,2
110,509,11,9,1,369,22,876,100,final,50,0.7,0.2,chessboard,930,2,2
110,509,11,9,1,369,22,876,100,final,50,0.7,0.2,chessboard,931,1,2
110,509,11,9,1,369,22,876,100,final,50,0.7,0.2,chessboard,944,1,2
110,509,11,9,1,369,22,876,100,final,50,0.7,0.2,chessboard,957,1,2
111,511,11,11,1,369,22,876,100,final,50,0.7,0.2,chessboard,858,1,2
111,511,11,11,1,369,22,876,100,final,50,0.7,0.2,chessboard,869,1,2
111,511,11,11,1,369,22,876,100,final,50,0.7,0.2,chessboard,873,1,2
111,511,11,11,1,369,22,876,100,final,50,0.7,0.2,chessboard,885,1,2
111,511,11,11,1,369,22,876,100,final,50,0.7,0.2,chessboard,888,2,2
111,511,11,11,1,369,22,876,100,final,50,0.7,0.2,chessboard,894,7,2
111,511,11,11,1,369,22,876,100,final,50,0.7,0.2,chessboard,895,1,2
111,511,11,11,1,369,22,876,100,final,50,0.7,0.2,chessboard,904,3,2
111,511,11,11,1,369,22,876,100,final,50,0.7,0.2,chessboard,906,1,2
111,511,11,11,1,369,22,876,100,final,50,0.7,0.2,chessboard,907,1,2
111,511,11,11,1,369,22,876,100,final,50,0.7,0.2,chessboard,925,4,2
111,511,11,11,1,369,22,876,100,final,50,0.7,0.2,chessboard,931,5,2
111,511,11,11,1,369,22,876,100,final,50,0.7,0.2,chessboard,938,2,2
111,511,11,11,1,369,22,876,100,final,50,0.7,0.2,chessboard,940,1,2
111,511,11,11,1,369,22,876,100,final,50,0.7,0.2,chessboard,957,6,2
111,511,11,11,1,369,22,876,100,final,50,0.7,0.2,chessboard,973,3,2
112,513,11,13,1,369,22,876,100,final,50,0.7,0.2,chessboard,828,1,2
112,513,11,13,1,369,22,876,100,final,50,0.7,0.2,chessboard,865,1,2
112,513,11,13,1,369,22,876,100,final,50,0.7,0.2,chessboard,866,1,2
112,513,11,13,1,369,22,876,100,final,50,0.7,0.2,chessboard,873,1,2
112,513,11,13,1,369,22,876,100,final,50,0.7,0.2,chessboard,876,4,2
112,513,11,13,1,369,22,876,100,final,50,0.7,0.2,chessboard,877,1,2
112,513,11,13,1,369,22,876,100,final,50,0.7,0.2,chessboard,879,1,2
112,513,11,13,1,369,22,876,100,final,50,0.7,0.2,chessboard,885,1,2
112,513,11,13,1,369,22,876,100,final,50,0.7,0.2,chessboard,888,2,2
112,513,11,13,1,369,22,876,100,final,50,0.7,0.2,chessboard,894,1,2
112,513,11,13,1,369,22,876,100,final,50,0.7,0.2,chessboard,895,2,2
112,513,11,13,1,369,22,876,100,final,50,0.7,0.2,chessboard,905,1,2
112,513,11,13,1,369,22,876,100,final,50,0.7,0.2,chessboard,907,2,2
112,513,11,13,1,369,22,876,100,final,50,0.7,0.2,chessboard,909,1,2
112,513,11,13,1,369,22,876,100,final,50,0.7,0.2,chessboard,914,6,2
112,513,11,13,1,369,22,876,100,final,50,0.7,0.2,chessboard,915,1,2
112,513,11,13,1,369,22,876,100,final,50,0.7,0.2,chessboard,925,5,2
112,513,11,13,1,369,22,876,100,final,50,0.7,0.2,chessboard,937,2,2
112,513,11,13,1,369,22,876,100,final,50,0.7,0.2,chessboard,938,1,2
112,513,11,13,1,369,22,876,100,final,50,0.7,0.2,chessboard,973,2,2
113,515,11,15,1,369,22,876,100,final,50,0.7,0.2,chessboard,778,1,2
113,515,11,15,1,369,22,876,100,final,50,0.7,0.2,chessboard,824,1,2
113,515,11,15,1,369,22,876,100,final,50,0.7,0.2,chessboard,837,2,2
113,515,11,15,1,369,22,876,100,final,50,0.7,0.2,chessboard,839,1,2
113,515,11,15,1,369,22,876,100,final,50,0.7,0.2,chessboard,850,3,2
113,515,11,15,1,369,22,876,100,final,50,0.7,0.2,chessboard,855,1,2
113,515,11,15,1,369,22,876,100,final,50,0.7,0.2,chessboard,858,1,2
113,515,11,15,1,369,22,876,100,final,50,0.7,0.2,chessboard,862,2,2
113,515,11,15,1,369,22,876,100,final,50,0.7,0.2,chessboard,863,2,2
113,515,11,15,1,369,22,876,100,final,50,0.7,0.2,chessboard,864,1,2
113,515,11,15,1,369,22,876,100,final,50,0.7,0.2,chessboard,866,3,2
113,515,11,15,1,369,22,876,100,final,50,0.7,0.2,chessboard,867,2,2
113,515,11,15,1,369,22,876,100,final,50,0.7,0.2,chessboard,869,1,2
113,515,11,15,1,369,22,876,100,final,50,0.7,0.2,chessboard,879,2,2
113,515,11,15,1,369,22,876,100,final,50,0.7,0.2,chessboard,894,3,2
113,515,11,15,1,369,22,876,100,final,50,0.7,0.2,chessboard,895,1,2
113,515,11,15,1,369,22,876,100,final,50,0.7,0.2,chessboard,904,1,2
113,515,11,15,1,369,22,876,100,final,50,0.7,0.2,chessboard,905,1,2
113,515,11,15,1,369,22,876,100,final,50,0.7,0.2,chessboard,910,2,2
113,515,11,15,1,369,22,876,100,final,50,0.7,0.2,chessboard,914,1,2
113,515,11,15,1,369,22,876,100,final,50,0.7,0.2,chessboard,938,1,2
114,517,11,17,1,369,22,876,100,final,50,0.7,0.2,chessboard,799,2,2
114,517,11,17,1,369,22,876,100,final,50,0.7,0.2,chessboard,819,1,2
114,517,11,17,1,369,22,876,100,final,50,0.7,0.2,chessboard,830,1,2
114,517,11,17,1,369,22,876,100,final,50,0.7,0.2,chessboard,844,2,2
114,517,11,17,1,369,22,876,100,final,50,0.7,0.2,chessboard,850,1,2
114,517,11,17,1,369,22,876,100,final,50,0.7,0.2,chessboard,861,1,2
114,517,11,17,1,369,22,876,100,final,50,0.7,0.2,chessboard,862,6,2
114,517,11,17,1,369,22,876,100,final,50,0.7,0.2,chessboard,863,3,2
114,517,11,17,1,369,22,876,100,final,50,0.7,0.2,chessboard,866,1,2
114,517,11,17,1,369,22,876,100,final,50,0.7,0.2,chessboard,867,1,2
114,517,11,17,1,369,22,876,100,final,50,0.7,0.2,chessboard,879,1,2
114,517,11,17,1,369,22,876,100,final,50,0.7,0.2,chessboard,882,1,2
114,517,11,17,1,369,22,876,100,final,50,0.7,0.2,chessboard,887,3,2
114,517,11,17,1,369,22,876,100,final,50,0.7,0.2,chessboard,891,7,2
114,517,11,17,1,369,22,876,100,final,50,0.7,0.2,chessboard,894,2,2
114,517,11,17,1,369,22,876,100,final,50,0.7,0.2,chessboard,895,1,2
114,517,11,17,1,369,22,876,100,final,50,0.7,0.2,chessboard,897,1,2
114,517,11,17,1,369,22,876,100,final,50,0.7,0.2,chessboard,905,1,2
114,517,11,17,1,369,22,876,100,final,50,0.7,0.2,chessboard,907,1,2
114,517,11,17,1,369,22,876,100,final,50,0.7,0.2,chessboard,914,2,2
114,517,11,17,1,369,22,876,100,final,50,0.7,0.2,chessboard,938,2,2
115,560,12,10,1,369,22,876,100,final,50,0.7,0.2,chessboard,829,2,2
115,560,12,10,1,369,22,876,100,final,50,0.7,0.2,chessboard,844,1,2
115,560,12,10,1,369,22,876,100,final,50,0.7,0.2,chessboard,862,3,2
115,560,12,10,1,369,22,876,100,final,50,0.7,0.2,chessboard,863,2,2
115,560,12,10,1,369,22,876,100,final,50,0.7,0.2,chessboard,865,1,2
115,560,12,10,1,369,22,876,100,final,50,0.7,0.2,chessboard,869,1,2
115,560,12,10,1,369,22,876,100,final,50,0.7,0.2,chessboard,879,2,2
115,560,12,10,1,369,22,876,100,final,50,0.7,0.2,chessboard,888,1,2
115,560,12,10,1,369,22,876,100,final,50,0.7,0.2,chessboard,890,1,2
115,560,12,10,1,369,22,876,100,final,50,0.7,0.2,chessboard,894,6,2
115,560,12,10,1,369,22,876,100,final,50,0.7,0.2,chessboard,903,1,2
115,560,12,10,1,369,22,876,100,final,50,0.7,0.2,chessboard,907,3,2
115,560,12,10,1,369,22,876,100,final,50,0.7,0.2,chessboard,913,1,2
115,560,12,10,1,369,22,876,100,final,50,0.7,0.2,chessboard,914,3,2
115,560,12,10,1,369,22,876,100,final,50,0.7,0.2,chessboard,925,6,2
115,560,12,10,1,369,22,876,100,final,50,0.7,0.2,chessboard,930,1,2
115,560,12,10,1,369,22,876,100,final,50,0.7,0.2,chessboard,937,3,2
115,560,12,10,1,369,22,876,100,final,50,0.7,0.2,chessboard,973,2,2
116,562,12,12,1,369,22,876,100,final,50,0.7,0.2,chessboard,809,1,2
116,562,12,12,1,369,22,876,100,final,50,0.7,0.2,chessboard,840,2,2
116,562,12,12,1,369,22,876,100,final,50,0.7,0.2,chessboard,867,1,2
116,562,12,12,1,369,22,876,100,final,50,0.7,0.2,chessboard,869,1,2
116,562,12,12,1,369,22,876,100,final,50,0.7,0.2,chessboard,885,1,2
116,562,12,12,1,369,22,876,100,final,50,0.7,0.2,chessboard,888,1,2
116,562,12,12,1,369,22,876,100,final,50,0.7,0.2,chessboard,890,1,2
116,562,12,12,1,369,22,876,100,final,50,0.7,0.2,chessboard,894,4,2
116,562,12,12,1,369,22,876,100,final,50,0.7,0.2,chessboard,895,1,2
116,562,12,12,1,369,22,876,100,final,50,0.7,0.2,chessboard,903,1,2
116,562,12,12,1,369,22,876,100,final,50,0.7,0.2,chessboard,907,3,2
116,562,12,12,1,369,22,876,100,final,50,0.7,0.2,chessboard,910,1,2
116,562,12,12,1,369,22,876,100,final,50,0.7,0.2,chessboard,914,4,2
116,562,12,12,1,369,22,876,100,final,50,0.7,0.2,chessboard,925,4,2
116,562,12,12,1,369,22,876,100,final,50,0.7,0.2,chessboard,931,2,2
116,562,12,12,1,369,22,876,100,final,50,0.7,0.2,chessboard,938,1,2
116,562,12,12,1,369,22,876,100,final,50,0.7,0.2,chessboard,944,4,2
116,562,12,12,1,369,22,876,100,final,50,0.7,0.2,chessboard,973,5,2
117,566,12,16,1,369,22,876,100,final,50,0.7,0.2,chessboard,842,1,2
117,566,12,16,1,369,22,876,100,final,50,0.7,0.2,chessboard,844,1,2
117,566,12,16,1,369,22,876,100,final,50,0.7,0.2,chessboard,850,1,2
117,566,12,16,1,369,22,876,100,final,50,0.7,0.2,chessboard,854,1,2
117,566,12,16,1,369,22,876,100,final,50,0.7,0.2,chessboard,858,1,2
117,566,12,16,1,369,22,876,100,final,50,0.7,0.2,chessboard,877,2,2
117,566,12,16,1,369,22,876,100,final,50,0.7,0.2,chessboard,879,1,2
117,566,12,16,1,369,22,876,100,final,50,0.7,0.2,chessboard,885,2,2
117,566,12,16,1,369,22,876,100,final,50,0.7,0.2,chessboard,890,1,2
117,566,12,16,1,369,22,876,100,final,50,0.7,0.2,chessboard,891,4,2
117,566,12,16,1,369,22,876,100,final,50,0.7,0.2,chessboard,894,5,2
117,566,12,16,1,369,22,876,100,final,50,0.7,0.2,chessboard,895,5,2
117,566,12,16,1,369,22,876,100,final,50,0.7,0.2,chessboard,897,1,2
117,566,12,16,1,369,22,876,100,final,50,0.7,0.2,chessboard,905,1,2
117,566,12,16,1,369,22,876,100,final,50,0.7,0.2,chessboard,907,3,2
117,566,12,16,1,369,22,876,100,final,50,0.7,0.2,chessboard,913,1,2
117,566,12,16,1,369,22,876,100,final,50,0.7,0.2,chessboard,914,3,2
117,566,12,16,1,369,22,876,100,final,50,0.7,0.2,chessboard,938,2,2
117,566,12,16,1,369,22,876,100,final,50,0.7,0.2,chessboard,940,3,2
118,1872,38,22,1,369,22,876,100,final,50,0.7,0.2,chessboard,136,1,2
118,1872,38,22,1,369,22,876,100,final,50,0.7,0.2,chessboard,148,1,2
118,1872,38,22,1,369,22,876,100,final,50,0.7,0.2,chessboard,165,1,2
118,1872,38,22,1,369,22,876,100,final,50,0.7,0.2,chessboard,182,3,2
118,1872,38,22,1,369,22,876,100,final,50,0.7,0.2,chessboard,202,1,2
118,1872,38,22,1,369,22,876,100,final,50,0.7,0.2,chessboard,211,6,2
118,1872,38,22,1,369,22,876,100,final,50,0.7,0.2,chessboard,216,3,2
118,1872,38,22,1,369,22,876,100,final,50,0.7,0.2,chessboard,220,2,2
118,1872,38,22,1,369,22,876,100,final,50,0.7,0.2,chessboard,226,1,2
118,1872,38,22,1,369,22,876,100,final,50,0.7,0.2,chessboard,240,1,2
118,1872,38,22,1,369,22,876,100,final,50,0.7,0.2,chessboard,245,2,2
118,1872,38,22,1,369,22,876,100,final,50,0.7,0.2,chessboard,246,1,2
118,1872,38,22,1,369,22,876,100,final,50,0.7,0.2,chessboard,264,2,2
118,1872,38,22,1,369,22,876,100,final,50,0.7,0.2,chessboard,277,1,2
118,1872,38,22,1,369,22,876,100,final,50,0.7,0.2,chessboard,281,2,2
118,1872,38,22,1,369,22,876,100,final,50,0.7,0.2,chessboard,285,1,2
119,1921,39,21,1,369,22,876,100,final,50,0.7,0.2,chessboard,133,1,2
119,1921,39,21,1,369,22,876,100,final,50,0.7,0.2,chessboard,136,1,2
119,1921,39,21,1,369,22,876,100,final,50,0.7,0.2,chessboard,148,1,2
119,1921,39,21,1,369,22,876,100,final,50,0.7,0.2,chessboard,171,2,2
119,1921,39,21,1,369,22,876,100,final,50,0.7,0.2,chessboard,197,1,2
119,1921,39,21,1,369,22,876,100,final,50,0.7,0.2,chessboard,202,1,2
119,1921,39,21,1,369,22,876,100,final,50,0.7,0.2,chessboard,208,2,2
119,1921,39,21,1,369,22,876,100,final,50,0.7,0.2,chessboard,211,4,2
119,1921,39,21,1,369,22,876,100,final,50,0.7,0.2,chessboard,212,1,2
119,1921,39,21,1,369,22,876,100,final,50,0.7,0.2,chessboard,215,2,2
119,1921,39,21,1,369,22,876,100,final,50,0.7,0.2,chessboard,216,4,2
119,1921,39,21,1,369,22,876,100,final,50,0.7,0.2,chessboard,217,2,2
119,1921,39,21,1,369,22,876,100,final,50,0.7,0.2,chessboard,220,1,2
119,1921,39,21,1,369,22,876,100,final,50,0.7,0.2,chessboard,240,1,2
119,1921,39,21,1,369,22,876,100,final,50,0.7,0.2,chessboard,242,1,2
119,1921,39,21,1,369,22,876,100,final,50,0.7,0.2,chessboard,245,2,2
119,1921,39,21,1,369,22,876,100,final,50,0.7,0.2,chessboard,246,2,2
119,1921,39,21,1,369,22,876,100,final,50,0.7,0.2,chessboard,251,2,2
119,1921,39,21,1,369,22,876,100,final,50,0.7,0.2,chessboard,253,2,2
119,1921,39,21,1,369,22,876,100,final,50,0.7,0.2,chessboard,264,2,2
119,1921,39,21,1,369,22,876,100,final,50,0.7,0.2,chessboard,266,1,2
119,1921,39,21,1,369,22,876,100,final,50,0.7,0.2,chessboard,278,1,2
119,1921,39,21,1,369,22,876,100,final,50,0.7,0.2,chessboard,287,1,2
119,1921,39,21,1,369,22,876,100,final,50,0.7,0.2,chessboard,295,1,2
119,1921,39,21,1,369,22,876,100,final,50,0.7,0.2,chessboard,342,1,2
120,1968,40,18,1,369,22,876,100,final,50,0.7,0.2,chessboard,211,1,2
120,1968,40,18,1,369,22,876,100,final,50,0.7,0.2,chessboard,215,3,2
120,1968,40,18,1,369,22,876,100,final,50,0.7,0.2,chessboard,223,1,2
120,1968,40,18,1,369,22,876,100,final,50,0.7,0.2,chessboard,233,1,2
120,1968,40,18,1,369,22,876,100,final,50,0.7,0.2,chessboard,240,1,2
120,1968,40,18,1,369,22,876,100,final,50,0.7,0.2,chessboard,245,1,2
120,1968,40,18,1,369,22,876,100,final,50,0.7,0.2,chessboard,246,1,2
120,1968,40,18,1,369,22,876,100,final,50,0.7,0.2,chessboard,258,6,2
120,1968,40,18,1,369,22,876,100,final,50,0.7,0.2,chessboard,266,1,2
120,1968,40,18,1,369,22,876,100,final,50,0.7,0.2,chessboard,268,1,2
120,1968,40,18,1,369,22,876,100,final,50,0.7,0.2,chessboard,276,1,2
120,1968,40,18,1,369,22,876,100,final,50,0.7,0.2,chessboard,278,1,2
120,1968,40,18,1,369,22,876,100,final,50,0.7,0.2,chessboard,281,1,2
120,1968,40,18,1,369,22,876,100,final,50,0.7,0.2,chessboard,287,6,2
120,1968,40,18,1,369,22,876,100,final,50,0.7,0.2,chessboard,291,1,2
120,1968,40,18,1,369,22,876,100,final,50,0.7,0.2,chessboard,304,1,2
120,1968,40,18,1,369,22,876,100,final,50,0.7,0.2,chessboard,306,1,2
120,1968,40,18,1,369,22,876,100,final,50,0.7,0.2,chessboard,308,1,2
120,1968,40,18,1,369,22,876,100,final,50,0.7,0.2,chessboard,312,1,2
120,1968,40,18,1,369,22,876,100,final,50,0.7,0.2,chessboard,342,1,2
120,1968,40,18,1,369,22,876,100,final,50,0.7,0.2,chessboard,347,1,2
120,1968,40,18,1,369,22,876,100,final,50,0.7,0.2,chessboard,350,1,2
120,1968,40,18,1,369,22,876,100,final,50,0.7,0.2,chessboard,351,1,2
120,1968,40,18,1,369,22,876,100,final,50,0.7,0.2,chessboard,355,1,2
120,1968,40,18,1,369,22,876,100,final,50,0.7,0.2,chessboard,410,1,2
121,1970,40,20,1,369,22,876,100,final,50,0.7,0.2,chessboard,188,1,2
121,1970,40,20,1,369,22,876,100,final,50,0.7,0.2,chessboard,208,1,2
121,1970,40,20,1,369,22,876,100,final,50,0.7,0.2,chessboard,211,1,2
121,1970,40,20,1,369,22,876,100,final,50,0.7,0.2,chessboard,212,6,2
121,1970,40,20,1,369,22,876,100,final,50,0.7,0.2,chessboard,215,2,2
121,1970,40,20,1,369,22,876,100,final,50,0.7,0.2,chessboard,216,1,2
121,1970,40,20,1,369,22,876,100,final,50,0.7,0.2,chessboard,246,2,2
121,1970,40,20,1,369,22,876,100,final,50,0.7,0.2,chessboard,264,2,2
121,1970,40,20,1,369,22,876,100,final,50,0.7,0.2,chessboard,266,1,2
121,1970,40,20,1,369,22,876,100,final,50,0.7,0.2,chessboard,271,2,2
121,1970,40,20,1,369,22,876,100,final,50,0.7,0.2,chessboard,276,3,2
121,1970,40,20,1,369,22,876,100,final,50,0.7,0.2,chessboard,277,1,2
121,1970,40,20,1,369,22,876,100,final,50,0.7,0.2,chessboard,278,2,2
121,1970,40,20,1,369,22,876,100,final,50,0.7,0.2,chessboard,280,3,2
121,1970,40,20,1,369,22,876,100,final,50,0.7,0.2,chessboard,281,1,2
121,1970,40,20,1,369,22,876,100,final,50,0.7,0.2,chessboard,287,1,2
121,1970,40,20,1,369,22,876,100,final,50,0.7,0.2,chessboard,306,3,2
121,1970,40,20,1,369,22,876,100,final,50,0.7,0.2,chessboard,309,1,2
121,1970,40,20,1,369,22,876,100,final,50,0.7,0.2,chessboard,322,2,2
121,1970,40,20,1,369,22,876,100,final,50,0.7,0.2,chessboard,326,1,2
121,1970,40,20,1,369,22,876,100,final,50,0.7,0.2,chessboard,414,1,2
122,1972,40,22,1,369,22,876,100,final,50,0.7,0.2,chessboard,136,2,2
122,1972,40,22,1,369,22,876,100,final,50,0.7,0.2,chessboard,143,2,2
122,1972,40,22,1,369,22,876,100,final,50,0.7,0.2,chessboard,148,3,2
122,1972,40,22,1,369,22,876,100,final,50,0.7,0.2,chessboard,165,1,2
122,1972,40,22,1,369,22,876,100,final,50,0.7,0.2,chessboard,188,4,2
122,1972,40,22,1,369,22,876,100,final,50,0.7,0.2,chessboard,197,2,2
122,1972,40,22,1,369,22,876,100,final,50,0.7,0.2,chessboard,211,1,2
122,1972,40,22,1,369,22,876,100,final,50,0.7,0.2,chessboard,215,2,2
122,1972,40,22,1,369,22,876,100,final,50,0.7,0.2,chessboard,221,1,2
122,1972,40,22,1,369,22,876,100,final,50,0.7,0.2,chessboard,223,1,2
122,1972,40,22,1,369,22,876,100,final,50,0.7,0.2,chessboard,224,1,2
122,1972,40,22,1,369,22,876,100,final,50,0.7,0.2,chessboard,225,1,2
122,1972,40,22,1,369,22,876,100,final,50,0.7,0.2,chessboard,240,1,2
122,1972,40,22,1,369,22,876,100,final,50,0.7,0.2,chessboard,245,3,2
122,1972,40,22,1,369,22,876,100,final,50,0.7,0.2,chessboard,252,1,2
122,1972,40,22,1,369,22,876,100,final,50,0.7,0.2,chessboard,254,1,2
122,1972,40,22,1,369,22,876,100,final,50,0.7,0.2,chessboard,264,2,2
122,1972,40,22,1,369,22,876,100,final,50,0.7,0.2,chessboard,268,1,2
122,1972,40,22,1,369,22,876,100,final,50,0.7,0.2,chessboard,290,1,2
122,1972,40,22,1,369,22,876,100,final,50,0.7,0.2,chessboard,304,1,2
122,1972,40,22,1,369,22,876,100,final,50,0.7,0.2,chessboard,355,1,2
122,1972,40,22,1,369,22,876,100,final,50,0.7,0.2,chessboard,358,1,2
123,2017,41,17,1,369,22,876,100,final,50,0.7,0.2,chessboard,216,1,2
123,2017,41,17,1,369,22,876,100,final,50,0.7,0.2,chessboard,221,1,2
123,2017,41,17,1,369,22,876,100,final,50,0.7,0.2,chessboard,224,1,2
123,2017,41,17,1,369,22,876,100,final,50,0.7,0.2,chessboard,228,1,2
123,2017,41,17,1,369,22,876,100,final,50,0.7,0.2,chessboard,246,4,2
123,2017,41,17,1,369,22,876,100,final,50,0.7,0.2,chessboard,253,1,2
123,2017,41,17,1,369,22,876,100,final,50,0.7,0.2,chessboard,266,1,2
123,2017,41,17,1,369,22,876,100,final,50,0.7,0.2,chessboard,271,1,2
123,2017,41,17,1,369,22,876,100,final,50,0.7,0.2,chessboard,276,1,2
123,2017,41,17,1,369,22,876,100,final,50,0.7,0.2,chessboard,277,2,2
123,2017,41,17,1,369,22,876,100,final,50,0.7,0.2,chessboard,278,3,2
123,2017,41,17,1,369,22,876,100,final,50,0.7,0.2,chessboard,287,3,2
123,2017,41,17,1,369,22,876,100,final,50,0.7,0.2,chessboard,291,3,2
123,2017,41,17,1,369,22,876,100,final,50,0.7,0.2,chessboard,304,3,2
123,2017,41,17,1,369,22,876,100,final,50,0.7,0.2,chessboard,306,1,2
123,2017,41,17,1,369,22,876,100,final,50,0.7,0.2,chessboard,310,1,2
123,2017,41,17,1,369,22,876,100,final,50,0.7,0.2,chessboard,314,1,2
123,2017,41,17,1,369,22,876,100,final,50,0.7,0.2,chessboard,329,1,2
123,2017,41,17,1,369,22,876,100,final,50,0.7,0.2,chessboard,347,4,2
123,2017,41,17,1,369,22,876,100,final,50,0.7,0.2,chessboard,351,1,2
123,2017,41,17,1,369,22,876,100,final,50,0.7,0.2,chessboard,355,2,2
123,2017,41,17,1,369,22,876,100,final,50,0.7,0.2,chessboard,359,1,2
123,2017,41,17,1,369,22,876,100,final,50,0.7,0.2,chessboard,383,1,2
124,2019,41,19,1,369,22,876,100,final,50,0.7,0.2,chessboard,171,1,2
124,2019,41,19,1,369,22,876,100,final,50,0.7,0.2,chessboard,197,1,2
124,2019,41,19,1,369,22,876,100,final,50,0.7,0.2,chessboard,215,1,2
124,2019,41,19,1,369,22,876,100,final,50,0.7,0.2,chessboard,258,1,2
124,2019,41,19,1,369,22,876,100,final,50,0.7,0.2,chessboard,264,1,2
124,2019,41,19,1,369,22,876,100,final,50,0.7,0.2,chessboard,266,1,2
124,2019,41,19,1,369,22,876,100,final,50,0.7,0.2,chessboard,268,2,2
124,2019,41,19,1,369,22,876,100,final,50,0.7,0.2,chessboard,276,2,2
124,2019,41,19,1,369,22,876,100,final,50,0.7,0.2,chessboard,278,1,2
124,2019,41,19,1,369,22,876,100,final,50,0.7,0.2,chessboard,287,2,2
124,2019,41,19,1,369,22,876,100,final,50,0.7,0.2,chessboard,291,2,2
124,2019,41,19,1,369,22,876,100,final,50,0.7,0.2,chessboard,304,2,2
124,2019,41,19,1,369,22,876,100,final,50,0.7,0.2,chessboard,316,1,2
124,2019,41,19,1,369,22,876,100,final,50,0.7,0.2,chessboard,322,2,2
124,2019,41,19,1,369,22,876,100,final,50,0.7,0.2,chessboard,326,2,2
124,2019,41,19,1,369,22,876,100,final,50,0.7,0.2,chessboard,342,1,2
124,2019,41,19,1,369,22,876,100,final,50,0.7,0.2,chessboard,343,1,2
124,2019,41,19,1,369,22,876,100,final,50,0.7,0.2,chessboard,347,2,2
124,2019,41,19,1,369,22,876,100,final,50,0.7,0.2,chessboard,358,2,2
124,2019,41,19,1,369,22,876,100,final,50,0.7,0.2,chessboard,383,1,2
124,2019,41,19,1,369,22,876,100,final,50,0.7,0.2,chessboard,396,1,2
124,2019,41,19,1,369,22,876,100,final,50,0.7,0.2,chessboard,432,1,2
125,2021,41,21,1,369,22,876,100,final,50,0.7,0.2,chessboard,163,1,2
125,2021,41,21,1,369,22,876,100,final,50,0.7,0.2,chessboard,182,1,2
125,2021,41,21,1,369,22,876,100,final,50,0.7,0.2,chessboard,196,1,2
125,2021,41,21,1,369,22,876,100,final,50,0.7,0.2,chessboard,197,1,2
125,2021,41,21,1,369,22,876,100,final,50,0.7,0.2,chessboard,211,4,2
125,2021,41,21,1,369,22,876,100,final,50,0.7,0.2,chessboard,217,1,2
125,2021,41,21,1,369,22,876,100,final,50,0.7,0.2,chessboard,221,1,2
125,2021,41,21,1,369,22,876,100,final,50,0.7,0.2,chessboard,226,1,2
125,2021,41,21,1,369,22,876,100,final,50,0.7,0.2,chessboard,228,3,2
125,2021,41,21,1,369,22,876,100,final,50,0.7,0.2,chessboard,233,2,2
125,2021,41,21,1,369,22,876,100,final,50,0.7,0.2,chessboard,246,3,2
125,2021,41,21,1,369,22,876,100,final,50,0.7,0.2,chessboard,266,1,2
125,2021,41,21,1,369,22,876,100,final,50,0.7,0.2,chessboard,268,2,2
125,2021,41,21,1,369,22,876,100,final,50,0.7,0.2,chessboard,278,1,2
125,2021,41,21,1,369,22,876,100,final,50,0.7,0.2,chessboard,281,1,2
125,2021,41,21,1,369,22,876,100,final,50,0.7,0.2,chessboard,304,2,2
125,2021,41,21,1,369,22,876,100,final,50,0.7,0.2,chessboard,326,1,2
125,2021,41,21,1,369,22,876,100,final,50,0.7,0.2,chessboard,351,2,2
125,2021,41,21,1,369,22,876,100,final,50,0.7,0.2,chessboard,358,1,2
126,2023,41,23,1,369,22,876,100,final,50,0.7,0.2,chessboard,133,1,2
126,2023,41,23,1,369,22,876,100,final,50,0.7,0.2,chessboard,136,3,2
126,2023,41,23,1,369,22,876,100,final,50,0.7,0.2,chessboard,143,1,2
126,2023,41,23,1,369,22,876,100,final,50,0.7,0.2,chessboard,148,7,2
126,2023,41,23,1,369,22,876,100,final,50,0.7,0.2,chessboard,163,1,2
126,2023,41,23,1,369,22,876,100,final,50,0.7,0.2,chessboard,165,1,2
126,2023,41,23,1,369,22,876,100,final,50,0.7,0.2,chessboard,171,1,2
126,2023,41,23,1,369,22,876,100,final,50,0.7,0.2,chessboard,182,1,2
126,2023,41,23,1,369,22,876,100,final,50,0.7,0.2,chessboard,197,5,2
126,2023,41,23,1,369,22,876,100,final,50,0.7,0.2,chessboard,208,1,2
126,2023,41,23,1,369,22,876,100,final,50,0.7,0.2,chessboard,211,2,2
126,2023,41,23,1,369,22,876,100,final,50,0.7,0.2,chessboard,212,1,2
126,2023,41,23,1,369,22,876,100,final,50,0.7,0.2,chessboard,215,1,2
126,2023,41,23,1,369,22,876,100,final,50,0.7,0.2,chessboard,225,1,2
126,2023,41,23,1,369,22,876,100,final,50,0.7,0.2,chessboard,246,1,2
126,2023,41,23,1,369,22,876,100,final,50,0.7,0.2,chessboard,252,3,2
126,2023,41,23,1,369,22,876,100,final,50,0.7,0.2,chessboard,255,1,2
126,2023,41,23,1,369,22,876,100,final,50,0.7,0.2,chessboard,264,1,2
126,2023,41,23,1,369,22,876,100,final,50,0.7,0.2,chessboard,266,1,2
126,2023,41,23,1,369,22,876,100,final,50,0.7,0.2,chessboard,268,1,2
126,2023,41,23,1,369,22,876,100,final,50,0.7,0.2,chessboard,276,1,2
126,2023,41,23,1,369,22,876,100,final,50,0.7,0.2,chessboard,277,1,2
126,2023,41,23,1,369,22,876,100,final,50,0.7,0.2,chessboard,278,1,2
126,2023,41,23,1,369,22,876,100,final,50,0.7,0.2,chessboard,291,2,2
126,2023,41,23,1,369,22,876,100,final,50,0.7,0.2,chessboard,292,1,2
126,2023,41,23,1,369,22,876,100,final,50,0.7,0.2,chessboard,318,1,2
127,2066,42,16,1,369,22,876,100,final,50,0.7,0.2,chessboard,108,1,2
127,2066,42,16,1,369,22,876,100,final,50,0.7,0.2,chessboard,197,1,2
127,2066,42,16,1,369,22,876,100,final,50,0.7,0.2,chessboard,228,2,2
127,2066,42,16,1,369,22,876,100,final,50,0.7,0.2,chessboard,245,1,2
127,2066,42,16,1,369,22,876,100,final,50,0.7,0.2,chessboard,264,1,2
127,2066,42,16,1,369,22,876,100,final,50,0.7,0.2,chessboard,266,2,2
127,2066,42,16,1,369,22,876,100,final,50,0.7,0.2,chessboard,268,3,2
127,2066,42,16,1,369,22,876,100,final,50,0.7,0.2,chessboard,276,1,2
127,2066,42,16,1,369,22,876,100,final,50,0.7,0.2,chessboard,277,1,2
127,2066,42,16,1,369,22,876,100,final,50,0.7,0.2,chessboard,287,2,2
127,2066,42,16,1,369,22,876,100,final,50,0.7,0.2,chessboard,291,1,2
127,2066,42,16,1,369,22,876,100,final,50,0.7,0.2,chessboard,299,3,2
127,2066,42,16,1,369,22,876,100,final,50,0.7,0.2,chessboard,304,1,2
127,2066,42,16,1,369,22,876,100,final,50,0.7,0.2,chessboard,316,3,2
127,2066,42,16,1,369,22,876,100,final,50,0.7,0.2,chessboard,329,2,2
127,2066,42,16,1,369,22,876,100,final,50,0.7,0.2,chessboard,342,1,2
127,2066,42,16,1,369,22,876,100,final,50,0.7,0.2,chessboard,347,2,2
127,2066,42,16,1,369,22,876,100,final,50,0.7,0.2,chessboard,352,1,2
127,2066,42,16,1,369,22,876,100,final,50,0.7,0.2,chessboard,358,2,2
127,2066,42,16,1,369,22,876,100,final,50,0.7,0.2,chessboard,383,1,2
128,2068,42,18,1,369,22,876,100,final,50,0.7,0.2,chessboard,228,1,2
128,2068,42,18,1,369,22,876,100,final,50,0.7,0.2,chessboard,258,2,2
128,2068,42,18,1,369,22,876,100,final,50,0.7,0.2,chessboard,266,1,2
128,2068,42,18,1,369,22,876,100,final,50,0.7,0.2,chessboard,268,1,2
128,2068,42,18,1,369,22,876,100,final,50,0.7,0.2,chessboard,274,1,2
128,2068,42,18,1,369,22,876,100,final,50,0.7,0.2,chessboard,276,1,2
128,2068,42,18,1,369,22,876,100,final,50,0.7,0.2,chessboard,277,1,2
128,2068,42,18,1,369,22,876,100,final,50,0.7,0.2,chessboard,278,1,2
128,2068,42,18,1,369,22,876,100,final,50,0.7,0.2,chessboard,287,3,2
128,2068,42,18,1,369,22,876,100,final,50,0.7,0.2,chessboard,295,1,2
128,2068,42,18,1,369,22,876,100,final,50,0.7,0.2,chessboard,300,1,2
128,2068,42,18,1,369,22,876,100,final,50,0.7,0.2,chessboard,306,2,2
128,2068,42,18,1,369,22,876,100,final,50,0.7,0.2,chessboard,316,2,2
128,2068,42,18,1,369,22,876,100,final,50,0.7,0.2,chessboard,322,1,2
128,2068,42,18,1,369,22,876,100,final,50,0.7,0.2,chessboard,324,1,2
128,2068,42,18,1,369,22,876,100,final,50,0.7,0.2,chessboard,326,1,2
128,2068,42,18,1,369,22,876,100,final,50,0.7,0.2,chessboard,329,1,2
128,2068,42,18,1,369,22,876,100,final,50,0.7,0.2,chessboard,331,1,2
128,2068,42,18,1,369,22,876,100,final,50,0.7,0.2,chessboard,347,4,2
128,2068,42,18,1,369,22,876,100,final,50,0.7,0.2,chessboard,350,1,2
128,2068,42,18,1,369,22,876,100,final,50,0.7,0.2,chessboard,351,1,2
128,2068,42,18,1,369,22,876,100,final,50,0.7,0.2,chessboard,358,1,2
128,2068,42,18,1,369,22,876,100,final,50,0.7,0.2,chessboard,359,1,2
128,2068,42,18,1,369,22,876,100,final,50,0.7,0.2,chessboard,383,1,2
128,2068,42,18,1,369,22,876,100,final,50,0.7,0.2,chessboard,396,1,2
128,2068,42,18,1,369,22,876,100,final,50,0.7,0.2,chessboard,408,1,2
128,2068,42,18,1,369,22,876,100,final,50,0.7,0.2,chessboard,411,3,2
128,2068,42,18,1,369,22,876,100,final,50,0.7,0.2,chessboard,432,1,2
129,2070,42,20,1,369,22,876,100,final,50,0.7,0.2,chessboard,171,1,2
129,2070,42,20,1,369,22,876,100,final,50,0.7,0.2,chessboard,197,1,2
129,2070,42,20,1,369,22,876,100,final,50,0.7,0.2,chessboard,208,1,2
129,2070,42,20,1,369,22,876,100,final,50,0.7,0.2,chessboard,216,1,2
129,2070,42,20,1,369,22,876,100,final,50,0.7,0.2,chessboard,221,1,2
129,2070,42,20,1,369,22,876,100,final,50,0.7,0.2,chessboard,233,1,2
129,2070,42,20,1,369,22,876,100,final,50,0.7,0.2,chessboard,246,6,2
129,2070,42,20,1,369,22,876,100,final,50,0.7,0.2,chessboard,264,2,2
129,2070,42,20,1,369,22,876,100,final,50,0.7,0.2,chessboard,274,1,2
129,2070,42,20,1,369,22,876,100,final,50,0.7,0.2,chessboard,278,1,2
129,2070,42,20,1,369,22,876,100,final,50,0.7,0.2,chessboard,287,3,2
129,2070,42,20,1,369,22,876,100,final,50,0.7,0.2,chessboard,291,1,2
129,2070,42,20,1,369,22,876,100,final,50,0.7,0.2,chessboard,306,1,2
129,2070,42,20,1,369,22,876,100,final,50,0.7,0.2,chessboard,312,1,2
129,2070,42,20,1,369,22,876,100,final,50,0.7,0.2,chessboard,314,2,2
129,2070,42,20,1,369,22,876,100,final,50,0.7,0.2,chessboard,316,1,2
129,2070,42,20,1,369,22,876,100,final,50,0.7,0.2,chessboard,326,2,2
129,2070,42,20,1,369,22,876,100,final,50,0.7,0.2,chessboard,342,2,2
129,2070,42,20,1,369,22,876,100,final,50,0.7,0.2,chessboard,347,1,2
129,2070,42,20,1,369,22,876,100,final,50,0.7,0.2,chessboard,350,1,2
129,2070,42,20,1,369,22,876,100,final,50,0.7,0.2,chessboard,351,1,2
129,2070,42,20,1,369,22,876,100,final,50,0.7,0.2,chessboard,359,1,2
129,2070,42,20,1,369,22,876,100,final,50,0.7,0.2,chessboard,385,1,2
129,2070,42,20,1,369,22,876,100,final,50,0.7,0.2,chessboard,396,1,2
129,2070,42,20,1,369,22,876,100,final,50,0.7,0.2,chessboard,415,1,2
129,2070,42,20,1,369,22,876,100,final,50,0.7,0.2,chessboard,439,1,2
130,2072,42,22,1,369,22,876,100,final,50,0.7,0.2,chessboard,136,1,2
130,2072,42,22,1,369,22,876,100,final,50,0.7,0.2,chessboard,148,2,2
130,2072,42,22,1,369,22,876,100,final,50,0.7,0.2,chessboard,163,1,2
130,2072,42,22,1,369,22,876,100,final,50,0.7,0.2,chessboard,182,1,2
130,2072,42,22,1,369,22,876,100,final,50,0.7,0.2,chessboard,197,3,2
130,2072,42,22,1,369,22,876,100,final,50,0.7,0.2,chessboard,202,1,2
130,2072,42,22,1,369,22,876,100,final,50,0.7,0.2,chessboard,212,1,2
130,2072,42,22,1,369,22,876,100,final,50,0.7,0.2,chessboard,221,1,2
130,2072,42,22,1,369,22,876,100,final,50,0.7,0.2,chessboard,223,1,2
130,2072,42,22,1,369,22,876,100,final,50,0.7,0.2,chessboard,225,2,2
130,2072,42,22,1,369,22,876,100,final,50,0.7,0.2,chessboard,233,2,2
130,2072,42,22,1,369,22,876,100,final,50,0.7,0.2,chessboard,246,1,2
130,2072,42,22,1,369,22,876,100,final,50,0.7,0.2,chessboard,252,1,2
130,2072,42,22,1,369,22,876,100,final,50,0.7,0.2,chessboard,255,1,2
130,2072,42,22,1,369,22,876,100,final,50,0.7,0.2,chessboard,264,1,2
130,2072,42,22,1,369,22,876,100,final,50,0.7,0.2,chessboard,266,2,2
130,2072,42,22,1,369,22,876,100,final,50,0.7,0.2,chessboard,277,2,2
130,2072,42,22,1,369,22,876,100,final,50,0.7,0.2,chessboard,278,2,2
130,2072,42,22,1,369,22,876,100,final,50,0.7,0.2,chessboard,287,1,2
130,2072,42,22,1,369,22,876,100,final,50,0.7,0.2,chessboard,291,1,2
130,2072,42,22,1,369,22,876,100,final,50,0.7,0.2,chessboard,292,1,2
130,2072,42,22,1,369,22,876,100,final,50,0.7,0.2,chessboard,304,2,2
130,2072,42,22,1,369,22,876,100,final,50,0.7,0.2,chessboard,316,2,2
130,2072,42,22,1,369,22,876,100,final,50,0.7,0.2,chessboard,347,1,2
130,2072,42,22,1,369,22,876,100,final,50,0.7,0.2,chessboard,358,1,2
131,2074,42,24,1,369,22,876,100,final,50,0.7,0.2,chessboard,133,1,2
131,2074,42,24,1,369,22,876,100,final,50,0.7,0.2,chessboard,136,4,2
131,2074,42,24,1,369,22,876,100,final,50,0.7,0.2,chessboard,163,7,2
131,2074,42,24,1,369,22,876,100,final,50,0.7,0.2,chessboard,165,2,2
131,2074,42,24,1,369,22,876,100,final,50,0.7,0.2,chessboard,182,1,2
131,2074,42,24,1,369,22,876,100,final,50,0.7,0.2,chessboard,192,2,2
131,2074,42,24,1,369,22,876,100,final,50,0.7,0.2,chessboard,197,3,2
131,2074,42,24,1,369,22,876,100,final,50,0.7,0.2,chessboard,202,2,2
131,2074,42,24,1,369,22,876,100,final,50,0.7,0.2,chessboard,221,8,2
131,2074,42,24,1,369,22,876,100,final,50,0.7,0.2,chessboard,223,1,2
131,2074,42,24,1,369,22,876,100,final,50,0.7,0.2,chessboard,224,1,2
131,2074,42,24,1,369,22,876,100,final,50,0.7,0.2,chessboard,233,1,2
131,2074,42,24,1,369,22,876,100,final,50,0.7,0.2,chessboard,245,1,2
131,2074,42,24,1,369,22,876,100,final,50,0.7,0.2,chessboard,246,1,2
131,2074,42,24,1,369,22,876,100,final,50,0.7,0.2,chessboard,264,2,2
131,2074,42,24,1,369,22,876,100,final,50,0.7,0.2,chessboard,276,2,2
131,2074,42,24,1,369,22,876,100,final,50,0.7,0.2,chessboard,287,1,2
131,2074,42,24,1,369,22,876,100,final,50,0.7,0.2,chessboard,308,1,2
132,2117,43,17,1,369,22,876,100,final,50,0.7,0.2,chessboard,266,3,2
132,2117,43,17,1,369,22,876,100,final,50,0.7,0.2,chessboard,268,1,2
132,2117,43,17,1,369,22,876,100,final,50,0.7,0.2,chessboard,277,2,2
132,2117,43,17,1,369,22,876,100,final,50,0.7,0.2,chessboard,287,2,2
132,2117,43,17,1,369,22,876,100,final,50,0.7,0.2,chessboard,304,1,2
132,2117,43,17,1,369,22,876,100,final,50,0.7,0.2,chessboard,306,3,2
132,2117,43,17,1,369,22,876,100,final,50,0.7,0.2,chessboard,310,1,2
132,2117,43,17,1,369,22,876,100,final,50,0.7,0.2,chessboard,314,1,2
132,2117,43,17,1,369,22,876,100,final,50,0.7,0.2,chessboard,316,1,2
132,2117,43,17,1,369,22,876,100,final,50,0.7,0.2,chessboard,331,2,2
132,2117,43,17,1,369,22,876,100,final,50,0.7,0.2,chessboard,347,6,2
132,2117,43,17,1,369,22,876,100,final,50,0.7,0.2,chessboard,351,3,2
132,2117,43,17,1,369,22,876,100,final,50,0.7,0.2,chessboard,358,1,2
132,2117,43,17,1,369,22,876,100,final,50,0.7,0.2,chessboard,383,2,2
132,2117,43,17,1,369,22,876,100,final,50,0.7,0.2,chessboard,385,1,2
132,2117,43,17,1,369,22,876,100,final,50,0.7,0.2,chessboard,397,1,2
132,2117,43,17,1,369,22,876,100,final,50,0.7,0.2,chessboard,414,2,2
132,2117,43,17,1,369,22,876,100,final,50,0.7,0.2,chessboard,432,2,2
132,2117,43,17,1,369,22,876,100,final,50,0.7,0.2,chessboard,439,1,2
132,2117,43,17,1,369,22,876,100,final,50,0.7,0.2,chessboard,471,1,2
132,2117,43,17,1,369,22,876,100,final,50,0.7,0.2,chessboard,487,1,2
132,2117,43,17,1,369,22,876,100,final,50,0.7,0.2,chessboard,546,2,2
133,2119,43,19,1,369,22,876,100,final,50,0.7,0.2,chessboard,171,1,2
133,2119,43,19,1,369,22,876,100,final,50,0.7,0.2,chessboard,246,1,2
133,2119,43,19,1,369,22,876,100,final,50,0.7,0.2,chessboard,274,1,2
133,2119,43,19,1,369,22,876,100,final,50,0.7,0.2,chessboard,278,1,2
133,2119,43,19,1,369,22,876,100,final,50,0.7,0.2,chessboard,287,2,2
133,2119,43,19,1,369,22,876,100,final,50,0.7,0.2,chessboard,291,1,2
133,2119,43,19,1,369,22,876,100,final,50,0.7,0.2,chessboard,306,1,2
133,2119,43,19,1,369,22,876,100,final,50,0.7,0.2,chessboard,310,1,2
133,2119,43,19,1,369,22,876,100,final,50,0.7,0.2,chessboard,312,2,2
133,2119,43,19,1,369,22,876,100,final,50,0.7,0.2,chessboard,316,2,2
133,2119,43,19,1,369,22,876,100,final,50,0.7,0.2,chessboard,326,1,2
133,2119,43,19,1,369,22,876,100,final,50,0.7,0.2,chessboard,342,2,2
133,2119,43,19,1,369,22,876,100,final,50,0.7,0.2,chessboard,347,1,2
133,2119,43,19,1,369,22,876,100,final,50,0.7,0.2,chessboard,350,2,2
133,2119,43,19,1,369,22,876,100,final,50,0.7,0.2,chessboard,351,2,2
133,2119,43,19,1,369,22,876,100,final,50,0.7,0.2,chessboard,355,3,2
133,2119,43,19,1,369,22,876,100,final,50,0.7,0.2,chessboard,396,1,2
133,2119,43,19,1,369,22,876,100,final,50,0.7,0.2,chessboard,438,1,2
134,2121,43,21,1,369,22,876,100,final,50,0.7,0.2,chessboard,197,1,2
134,2121,43,21,1,369,22,876,100,final,50,0.7,0.2,chessboard,208,1,2
134,2121,43,21,1,369,22,876,100,final,50,0.7,0.2,chessboard,217,1,2
134,2121,43,21,1,369,22,876,100,final,50,0.7,0.2,chessboard,224,1,2
134,2121,43,21,1,369,22,876,100,final,50,0.7,0.2,chessboard,225,1,2
134,2121,43,21,1,369,22,876,100,final,50,0.7,0.2,chessboard,228,1,2
134,2121,43,21,1,369,22,876,100,final,50,0.7,0.2,chessboard,252,1,2
134,2121,43,21,1,369,22,876,100,final,50,0.7,0.2,chessboard,266,1,2
134,2121,43,21,1,369,22,876,100,final,50,0.7,0.2,chessboard,274,2,2
134,2121,43,21,1,369,22,876,100,final,50,0.7,0.2,chessboard,277,4,2
134,2121,43,21,1,369,22,876,100,final,50,0.7,0.2,chessboard,278,2,2
134,2121,43,21,1,369,22,876,100,final,50,0.7,0.2,chessboard,287,1,2
134,2121,43,21,1,369,22,876,100,final,50,0.7,0.2,chessboard,304,1,2
134,2121,43,21,1,369,22,876,100,final,50,0.7,0.2,chessboard,312,2,2
134,2121,43,21,1,369,22,876,100,final,50,0.7,0.2,chessboard,316,2,2
134,2121,43,21,1,369,22,876,100,final,50,0.7,0.2,chessboard,322,2,2
134,2121,43,21,1,369,22,876,100,final,50,0.7,0.2,chessboard,329,1,2
134,2121,43,21,1,369,22,876,100,final,50,0.7,0.2,chessboard,347,1,2
134,2121,43,21,1,369,22,876,100,final,50,0.7,0.2,chessboard,352,1,2
134,2121,43,21,1,369,22,876,100,final,50,0.7,0.2,chessboard,355,1,2
134,2121,43,21,1,369,22,876,100,final,50,0.7,0.2,chessboard,358,1,2
134,2121,43,21,1,369,22,876,100,final,50,0.7,0.2,chessboard,359,1,2
134,2121,43,21,1,369,22,876,100,final,50,0.7,0.2,chessboard,397,1,2
134,2121,43,21,1,369,22,876,100,final,50,0.7,0.2,chessboard,411,1,2
135,2123,43,23,1,369,22,876,100,final,50,0.7,0.2,chessboard,136,1,2
135,2123,43,23,1,369,22,876,100,final,50,0.7,0.2,chessboard,148,2,2
135,2123,43,23,1,369,22,876,100,final,50,0.7,0.2,chessboard,163,1,2
135,2123,43,23,1,369,22,876,100,final,50,0.7,0.2,chessboard,165,2,2
135,2123,43,23,1,369,22,876,100,final,50,0.7,0.2,chessboard,197,2,2
135,2123,43,23,1,369,22,876,100,final,50,0.7,0.2,chessboard,202,3,2
135,2123,43,23,1,369,22,876,100,final,50,0.7,0.2,chessboard,215,2,2
135,2123,43,23,1,369,22,876,100,final,50,0.7,0.2,chessboard,221,2,2
135,2123,43,23,1,369,22,876,100,final,50,0.7,0.2,chessboard,223,3,2
135,2123,43,23,1,369,22,876,100,final,50,0.7,0.2,chessboard,226,1,2
135,2123,43,23,1,369,22,876,100,final,50,0.7,0.2,chessboard,240,1,2
135,2123,43,23,1,369,22,876,100,final,50,0.7,0.2,chessboard,246,2,2
135,2123,43,23,1,369,22,876,100,final,50,0.7,0.2,chessboard,266,1,2
135,2123,43,23,1,369,22,876,100,final,50,0.7,0.2,chessboard,268,1,2
135,2123,43,23,1,369,22,876,100,final,50,0.7,0.2,chessboard,276,1,2
135,2123,43,23,1,369,22,876,100,final,50,0.7,0.2,chessboard,277,1,2
135,2123,43,23,1,369,22,876,100,final,50,0.7,0.2,chessboard,278,6,2
135,2123,43,23,1,369,22,876,100,final,50,0.7,0.2,chessboard,287,1,2
135,2123,43,23,1,369,22,876,100,final,50,0.7,0.2,chessboard,304,1,2
135,2123,43,23,1,369,22,876,100,final,50,0.7,0.2,chessboard,331,1,2
135,2123,43,23,1,369,22,876,100,final,50,0.7,0.2,chessboard,347,2,2
135,2123,43,23,1,369,22,876,100,final,50,0.7,0.2,chessboard,383,1,2
135,2123,43,23,1,369,22,876,100,final,50,0.7,0.2,chessboard,458,1,2
136,2125,43,25,1,369,22,876,100,final,50,0.7,0.2,chessboard,133,4,2
136,2125,43,25,1,369,22,876,100,final,50,0.7,0.2,chessboard,136,2,2
136,2125,43,25,1,369,22,876,100,final,50,0.7,0.2,chessboard,143,2,2
136,2125,43,25,1,369,22,876,100,final,50,0.7,0.2,chessboard,148,1,2
136,2125,43,25,1,369,22,876,100,final,50,0.7,0.2,chessboard,158,1,2
136,2125,43,25,1,369,22,876,100,final,50,0.7,0.2,chessboard,163,4,2
136,2125,43,25,1,369,22,876,100,final,50,0.7,0.2,chessboard,196,1,2
136,2125,43,25,1,369,22,876,100,final,50,0.7,0.2,chessboard,197,1,2
136,2125,43,25,1,369,22,876,100,final,50,0.7,0.2,chessboard,202,2,2
136,2125,43,25,1,369,22,876,100,final,50,0.7,0.2,chessboard,208,1,2
136,2125,43,25,1,369,22,876,100,final,50,0.7,0.2,chessboard,212,1,2
136,2125,43,25,1,369,22,876,100,final,50,0.7,0.2,chessboard,215,1,2
136,2125,43,25,1,369,22,876,100,final,50,0.7,0.2,chessboard,221,3,2
136,2125,43,25,1,369,22,876,100,final,50,0.7,0.2,chessboard,225,6,2
136,2125,43,25,1,369,22,876,100,final,50,0.7,0.2,chessboard,226,1,2
136,2125,43,25,1,369,22,876,100,final,50,0.7,0.2,chessboard,233,2,2
136,2125,43,25,1,369,22,876,100,final,50,0.7,0.2,chessboard,242,1,2
136,2125,43,25,1,369,22,876,100,final,50,0.7,0.2,chessboard,252,1,2
136,2125,43,25,1,369,22,876,100,final,50,0.7,0.2,chessboard,276,1,2
136,2125,43,25,1,369,22,876,100,final,50,0.7,0.2,chessboard,278,3,2
136,2125,43,25,1,369,22,876,100,final,50,0.7,0.2,chessboard,281,1,2
137,2166,44,16,1,369,22,876,100,final,50,0.7,0.2,chessboard,233,1,2
137,2166,44,16,1,369,22,876,100,final,50,0.7,0.2,chessboard,266,1,2
137,2166,44,16,1,369,22,876,100,final,50,0.7,0.2,chessboard,268,1,2
137,2166,44,16,1,369,22,876,100,final,50,0.7,0.2,chessboard,277,2,2
137,2166,44,16,1,369,22,876,100,final,50,0.7,0.2,chessboard,278,1,2
137,2166,44,16,1,369,22,876,100,final,50,0.7,0.2,chessboard,287,3,2
137,2166,44,16,1,369,22,876,100,final,50,0.7,0.2,chessboard,291,1,2
137,2166,44,16,1,369,22,876,100,final,50,0.7,0.2,chessboard,304,4,2
137,2166,44,16,1,369,22,876,100,final,50,0.7,0.2,chessboard,310,4,2
137,2166,44,16,1,369,22,876,100,final,50,0.7,0.2,chessboard,316,3,2
137,2166,44,16,1,369,22,876,100,final,50,0.7,0.2,chessboard,326,1,2
137,2166,44,16,1,369,22,876,100,final,50,0.7,0.2,chessboard,329,1,2
137,2166,44,16,1,369,22,876,100,final,50,0.7,0.2,chessboard,350,1,2
137,2166,44,16,1,369,22,876,100,final,50,0.7,0.2,chessboard,355,2,2
137,2166,44,16,1,369,22,876,100,final,50,0.7,0.2,chessboard,358,1,2
137,2166,44,16,1,369,22,876,100,final,50,0.7,0.2,chessboard,385,1,2
137,2166,44,16,1,369,22,876,100,final,50,0.7,0.2,chessboard,396,2,2
137,2166,44,16,1,369,22,876,100,final,50,0.7,0.2,chessboard,410,1,2
137,2166,44,16,1,369,22,876,100,final,50,0.7,0.2,chessboard,414,1,2
137,2166,44,16,1,369,22,876,100,final,50,0.7,0.2,chessboard,449,1,2
137,2166,44,16,1,369,22,876,100,final,50,0.7,0.2,chessboard,516,1,2
138,2168,44,18,1,369,22,876,100,final,50,0.7,0.2,chessboard,266,1,2
138,2168,44,18,1,369,22,876,100,final,50,0.7,0.2,chessboard,287,1,2
138,2168,44,18,1,369,22,876,100,final,50,0.7,0.2,chessboard,295,2,2
138,2168,44,18,1,369,22,876,100,final,50,0.7,0.2,chessboard,299,1,2
138,2168,44,18,1,369,22,876,100,final,50,0.7,0.2,chessboard,306,3,2
138,2168,44,18,1,369,22,876,100,final,50,0.7,0.2,chessboard,316,2,2
138,2168,44,18,1,369,22,876,100,final,50,0.7,0.2,chessboard,329,2,2
138,2168,44,18,1,369,22,876,100,final,50,0.7,0.2,chessboard,347,4,2
138,2168,44,18,1,369,22,876,100,final,50,0.7,0.2,chessboard,350,3,2
138,2168,44,18,1,369,22,876,100,final,50,0.7,0.2,chessboard,351,2,2
138,2168,44,18,1,369,22,876,100,final,50,0.7,0.2,chessboard,355,2,2
138,2168,44,18,1,369,22,876,100,final,50,0.7,0.2,chessboard,358,1,2
138,2168,44,18,1,369,22,876,100,final,50,0.7,0.2,chessboard,359,1,2
138,2168,44,18,1,369,22,876,100,final,50,0.7,0.2,chessboard,383,1,2
138,2168,44,18,1,369,22,876,100,final,50,0.7,0.2,chessboard,385,2,2
138,2168,44,18,1,369,22,876,100,final,50,0.7,0.2,chessboard,396,2,2
138,2168,44,18,1,369,22,876,100,final,50,0.7,0.2,chessboard,397,1,2
138,2168,44,18,1,369,22,876,100,final,50,0.7,0.2,chessboard,411,1,2
138,2168,44,18,1,369,22,876,100,final,50,0.7,0.2,chessboard,432,1,2
138,2168,44,18,1,369,22,876,100,final,50,0.7,0.2,chessboard,441,1,2
138,2168,44,18,1,369,22,876,100,final,50,0.7,0.2,chessboard,486,1,2
139,2170,44,20,1,369,22,876,100,final,50,0.7,0.2,chessboard,233,1,2
139,2170,44,20,1,369,22,876,100,final,50,0.7,0.2,chessboard,268,1,2
139,2170,44,20,1,369,22,876,100,final,50,0.7,0.2,chessboard,274,1,2
139,2170,44,20,1,369,22,876,100,final,50,0.7,0.2,chessboard,276,2,2
139,2170,44,20,1,369,22,876,100,final,50,0.7,0.2,chessboard,278,1,2
139,2170,44,20,1,369,22,876,100,final,50,0.7,0.2,chessboard,287,3,2
139,2170,44,20,1,369,22,876,100,final,50,0.7,0.2,chessboard,291,2,2
139,2170,44,20,1,369,22,876,100,final,50,0.7,0.2,chessboard,299,1,2
139,2170,44,20,1,369,22,876,100,final,50,0.7,0.2,chessboard,304,2,2
139,2170,44,20,1,369,22,876,100,final,50,0.7,0.2,chessboard,306,2,2
139,2170,44,20,1,369,22,876,100,final,50,0.7,0.2,chessboard,312,1,2
139,2170,44,20,1,369,22,876,100,final,50,0.7,0.2,chessboard,324,1,2
139,2170,44,20,1,369,22,876,100,final,50,0.7,0.2,chessboard,326,1,2
139,2170,44,20,1,369,22,876,100,final,50,0.7,0.2,chessboard,347,1,2
139,2170,44,20,1,369,22,876,100,final,50,0.7,0.2,chessboard,351,1,2
139,2170,44,20,1,369,22,876,100,final,50,0.7,0.2,chessboard,352,2,2
139,2170,44,20,1,369,22,876,100,final,50,0.7,0.2,chessboard,355,2,2
139,2170,44,20,1,369,22,876,100,final,50,0.7,0.2,chessboard,358,3,2
139,2170,44,20,1,369,22,876,100,final,50,0.7,0.2,chessboard,359,1,2
139,2170,44,20,1,369,22,876,100,final,50,0.7,0.2,chessboard,383,1,2
139,2170,44,20,1,369,22,876,100,final,50,0.7,0.2,chessboard,396,1,2
139,2170,44,20,1,369,22,876,100,final,50,0.7,0.2,chessboard,432,1,2
139,2170,44,20,1,369,22,876,100,final,50,0.7,0.2,chessboard,439,1,2
139,2170,44,20,1,369,22,876,100,final,50,0.7,0.2,chessboard,440,1,2
139,2170,44,20,1,369,22,876,100,final,50,0.7,0.2,chessboard,503,1,2
140,2172,44,22,1,369,22,876,100,final,50,0.7,0.2,chessboard,197,2,2
140,2172,44,22,1,369,22,876,100,final,50,0.7,0.2,chessboard,215,1,2
140,2172,44,22,1,369,22,876,100,final,50,0.7,0.2,chessboard,216,1,2
140,2172,44,22,1,369,22,876,100,final,50,0.7,0.2,chessboard,246,1,2
140,2172,44,22,1,369,22,876,100,final,50,0.7,0.2,chessboard,255,1,2
140,2172,44,22,1,369,22,876,100,final,50,0.7,0.2,chessboard,268,1,2
140,2172,44,22,1,369,22,876,100,final,50,0.7,0.2,chessboard,274,1,2
140,2172,44,22,1,369,22,876,100,final,50,0.7,0.2,chessboard,276,1,2
140,2172,44,22,1,369,22,876,100,final,50,0.7,0.2,chessboard,277,2,2
140,2172,44,22,1,369,22,876,100,final,50,0.7,0.2,chessboard,287,4,2
140,2172,44,22,1,369,22,876,100,final,50,0.7,0.2,chessboard,299,1,2
140,2172,44,22,1,369,22,876,100,final,50,0.7,0.2,chessboard,304,1,2
140,2172,44,22,1,369,22,876,100,final,50,0.7,0.2,chessboard,308,1,2
140,2172,44,22,1,369,22,876,100,final,50,0.7,0.2,chessboard,316,1,2
140,2172,44,22,1,369,22,876,100,final,50,0.7,0.2,chessboard,347,1,2
140,2172,44,22,1,369,22,876,100,final,50,0.7,0.2,chessboard,350,2,2
140,2172,44,22,1,369,22,876,100,final,50,0.7,0.2,chessboard,355,2,2
140,2172,44,22,1,369,22,876,100,final,50,0.7,0.2,chessboard,357,1,2
140,2172,44,22,1,369,22,876,100,final,50,0.7,0.2,chessboard,358,1,2
140,2172,44,22,1,369,22,876,100,final,50,0.7,0.2,chessboard,359,5,2
140,2172,44,22,1,369,22,876,100,final,50,0.7,0.2,chessboard,396,2,2
140,2172,44,22,1,369,22,876,100,final,50,0.7,0.2,chessboard,397,1,2
140,2172,44,22,1,369,22,876,100,final,50,0.7,0.2,chessboard,449,1,2
141,2174,44,24,1,369,22,876,100,final,50,0.7,0.2,chessboard,148,1,2
141,2174,44,24,1,369,22,876,100,final,50,0.7,0.2,chessboard,163,1,2
141,2174,44,24,1,369,22,876,100,final,50,0.7,0.2,chessboard,197,2,2
141,2174,44,24,1,369,22,876,100,final,50,0.7,0.2,chessboard,208,1,2
141,2174,44,24,1,369,22,876,100,final,50,0.7,0.2,chessboard,220,1,2
141,2174,44,24,1,369,22,876,100,final,50,0.7,0.2,chessboard,221,1,2
141,2174,44,24,1,369,22,876,100,final,50,0.7,0.2,chessboard,223,1,2
141,2174,44,24,1,369,22,876,100,final,50,0.7,0.2,chessboard,225,3,2
141,2174,44,24,1,369,22,876,100,final,50,0.7,0.2,chessboard,226,2,2
141,2174,44,24,1,369,22,876,100,final,50,0.7,0.2,chessboard,233,2,2
141,2174,44,24,1,369,22,876,100,final,50,0.7,0.2,chessboard,242,1,2
141,2174,44,24,1,369,22,876,100,final,50,0.7,0.2,chessboard,246,3,2
141,2174,44,24,1,369,22,876,100,final,50,0.7,0.2,chessboard,248,1,2
141,2174,44,24,1,369,22,876,100,final,50,0.7,0.2,chessboard,253,1,2
141,2174,44,24,1,369,22,876,100,final,50,0.7,0.2,chessboard,255,2,2
141,2174,44,24,1,369,22,876,100,final,50,0.7,0.2,chessboard,277,1,2
141,2174,44,24,1,369,22,876,100,final,50,0.7,0.2,chessboard,281,1,2
141,2174,44,24,1,369,22,876,100,final,50,0.7,0.2,chessboard,287,2,2
141,2174,44,24,1,369,22,876,100,final,50,0.7,0.2,chessboard,292,1,2
141,2174,44,24,1,369,22,876,100,final,50,0.7,0.2,chessboard,308,1,2
141,2174,44,24,1,369,22,876,100,final,50,0.7,0.2,chessboard,316,1,2
141,2174,44,24,1,369,22,876,100,final,50,0.7,0.2,chessboard,318,1,2
141,2174,44,24,1,369,22,876,100,final,50,0.7,0.2,chessboard,326,1,2
141,2174,44,24,1,369,22,876,100,final,50,0.7,0.2,chessboard,347,1,2
141,2174,44,24,1,369,22,876,100,final,50,0.7,0.2,chessboard,352,1,2
142,2176,44,26,1,369,22,876,100,final,50,0.7,0.2,chessboard,143,1,2
142,2176,44,26,1,369,22,876,100,final,50,0.7,0.2,chessboard,148,1,2
142,2176,44,26,1,369,22,876,100,final,50,0.7,0.2,chessboard,163,1,2
142,2176,44,26,1,369,22,876,100,final,50,0.7,0.2,chessboard,188,1,2
142,2176,44,26,1,369,22,876,100,final,50,0.7,0.2,chessboard,197,1,2
142,2176,44,26,1,369,22,876,100,final,50,0.7,0.2,chessboard,223,2,2
142,2176,44,26,1,369,22,876,100,final,50,0.7,0.2,chessboard,224,1,2
142,2176,44,26,1,369,22,876,100,final,50,0.7,0.2,chessboard,225,1,2
142,2176,44,26,1,369,22,876,100,final,50,0.7,0.2,chessboard,226,1,2
142,2176,44,26,1,369,22,876,100,final,50,0.7,0.2,chessboard,233,2,2
142,2176,44,26,1,369,22,876,100,final,50,0.7,0.2,chessboard,246,1,2
142,2176,44,26,1,369,22,876,100,final,50,0.7,0.2,chessboard,253,2,2
142,2176,44,26,1,369,22,876,100,final,50,0.7,0.2,chessboard,255,3,2
142,2176,44,26,1,369,22,876,100,final,50,0.7,0.2,chessboard,276,3,2
142,2176,44,26,1,369,22,876,100,final,50,0.7,0.2,chessboard,281,2,2
142,2176,44,26,1,369,22,876,100,final,50,0.7,0.2,chessboard,285,2,2
142,2176,44,26,1,369,22,876,100,final,50,0.7,0.2,chessboard,287,1,2
142,2176,44,26,1,369,22,876,100,final,50,0.7,0.2,chessboard,291,2,2
142,2176,44,26,1,369,22,876,100,final,50,0.7,0.2,chessboard,295,1,2
142,2176,44,26,1,369,22,876,100,final,50,0.7,0.2,chessboard,300,1,2
142,2176,44,26,1,369,22,876,100,final,50,0.7,0.2,chessboard,318,5,2
142,2176,44,26,1,369,22,876,100,final,50,0.7,0.2,chessboard,343,3,2
142,2176,44,26,1,369,22,876,100,final,50,0.7,0.2,chessboard,347,1,2
143,2217,45,17,1,369,22,876,100,final,50,0.7,0.2,chessboard,266,1,2
143,2217,45,17,1,369,22,876,100,final,50,0.7,0.2,chessboard,268,1,2
143,2217,45,17,1,369,22,876,100,final,50,0.7,0.2,chessboard,277,1,2
143,2217,45,17,1,369,22,876,100,final,50,0.7,0.2,chessboard,287,2,2
143,2217,45,17,1,369,22,876,100,final,50,0.7,0.2,chessboard,291,1,2
143,2217,45,17,1,369,22,876,100,final,50,0.7,0.2,chessboard,300,1,2
143,2217,45,17,1,369,22,876,100,final,50,0.7,0.2,chessboard,304,2,2
143,2217,45,17,1,369,22,876,100,final,50,0.7,0.2,chessboard,306,1,2
143,2217,45,17,1,369,22,876,100,final,50,0.7,0.2,chessboard,308,1,2
143,2217,45,17,1,369,22,876,100,final,50,0.7,0.2,chessboard,310,1,2
143,2217,45,17,1,369,22,876,100,final,50,0.7,0.2,chessboard,329,2,2
143,2217,45,17,1,369,22,876,100,final,50,0.7,0.2,chessboard,347,7,2
143,2217,45,17,1,369,22,876,100,final,50,0.7,0.2,chessboard,352,1,2
143,2217,45,17,1,369,22,876,100,final,50,0.7,0.2,chessboard,355,2,2
143,2217,45,17,1,369,22,876,100,final,50,0.7,0.2,chessboard,396,2,2
143,2217,45,17,1,369,22,876,100,final,50,0.7,0.2,chessboard,397,2,2
143,2217,45,17,1,369,22,876,100,final,50,0.7,0.2,chessboard,407,2,2
143,2217,45,17,1,369,22,876,100,final,50,0.7,0.2,chessboard,408,1,2
143,2217,45,17,1,369,22,876,100,final,50,0.7,0.2,chessboard,410,1,2
143,2217,45,17,1,369,22,876,100,final,50,0.7,0.2,chessboard,414,2,2
143,2217,45,17,1,369,22,876,100,final,50,0.7,0.2,chessboard,450,1,2
143,2217,45,17,1,369,22,876,100,final,50,0.7,0.2,chessboard,458,2,2
143,2217,45,17,1,369,22,876,100,final,50,0.7,0.2,chessboard,487,1,2
144,2219,45,19,1,369,22,876,100,final,50,0.7,0.2,chessboard,211,1,2
144,2219,45,19,1,369,22,876,100,final,50,0.7,0.2,chessboard,276,1,2
144,2219,45,19,1,369,22,876,100,final,50,0.7,0.2,chessboard,277,1,2
144,2219,45,19,1,369,22,876,100,final,50,0.7,0.2,chessboard,278,1,2
144,2219,45,19,1,369,22,876,100,final,50,0.7,0.2,chessboard,287,2,2
144,2219,45,19,1,369,22,876,100,final,50,0.7,0.2,chessboard,291,2,2
144,2219,45,19,1,369,22,876,100,final,50,0.7,0.2,chessboard,308,1,2
144,2219,45,19,1,369,22,876,100,final,50,0.7,0.2,chessboard,316,2,2
144,2219,45,19,1,369,22,876,100,final,50,0.7,0.2,chessboard,347,3,2
144,2219,45,19,1,369,22,876,100,final,50,0.7,0.2,chessboard,350,4,2
144,2219,45,19,1,369,22,876,100,final,50,0.7,0.2,chessboard,351,2,2
144,2219,45,19,1,369,22,876,100,final,50,0.7,0.2,chessboard,355,1,2
144,2219,45,19,1,369,22,876,100,final,50,0.7,0.2,chessboard,358,1,2
144,2219,45,19,1,369,22,876,100,final,50,0.7,0.2,chessboard,359,1,2
144,2219,45,19,1,369,22,876,100,final,50,0.7,0.2,chessboard,385,1,2
144,2219,45,19,1,369,22,876,100,final,50,0.7,0.2,chessboard,396,3,2
144,2219,45,19,1,369,22,876,100,final,50,0.7,0.2,chessboard,408,1,2
144,2219,45,19,1,369,22,876,100,final,50,0.7,0.2,chessboard,425,2,2
144,2219,45,19,1,369,22,876,100,final,50,0.7,0.2,chessboard,426,1,2
144,2219,45,19,1,369,22,876,100,final,50,0.7,0.2,chessboard,427,1,2
144,2219,45,19,1,369,22,876,100,final,50,0.7,0.2,chessboard,432,1,2
144,2219,45,19,1,369,22,876,100,final,50,0.7,0.2,chessboard,438,1,2
144,2219,45,19,1,369,22,876,100,final,50,0.7,0.2,chessboard,441,2,2
144,2219,45,19,1,369,22,876,100,final,50,0.7,0.2,chessboard,449,1,2
144,2219,45,19,1,369,22,876,100,final,50,0.7,0.2,chessboard,458,1,2
145,2221,45,21,1,369,22,876,100,final,50,0.7,0.2,chessboard,197,1,2
145,2221,45,21,1,369,22,876,100,final,50,0.7,0.2,chessboard,216,1,2
145,2221,45,21,1,369,22,876,100,final,50,0.7,0.2,chessboard,223,1,2
145,2221,45,21,1,369,22,876,100,final,50,0.7,0.2,chessboard,276,1,2
145,2221,45,21,1,369,22,876,100,final,50,0.7,0.2,chessboard,278,4,2
145,2221,45,21,1,369,22,876,100,final,50,0.7,0.2,chessboard,287,1,2
145,2221,45,21,1,369,22,876,100,final,50,0.7,0.2,chessboard,304,3,2
145,2221,45,21,1,369,22,876,100,final,50,0.7,0.2,chessboard,316,1,2
145,2221,45,21,1,369,22,876,100,final,50,0.7,0.2,chessboard,324,1,2
145,2221,45,21,1,369,22,876,100,final,50,0.7,0.2,chessboard,331,1,2
145,2221,45,21,1,369,22,876,100,final,50,0.7,0.2,chessboard,343,1,2
145,2221,45,21,1,369,22,876,100,final,50,0.7,0.2,chessboard,347,1,2
145,2221,45,21,1,369,22,876,100,final,50,0.7,0.2,chessboard,350,1,2
145,2221,45,21,1,369,22,876,100,final,50,0.7,0.2,chessboard,355,1,2
145,2221,45,21,1,369,22,876,100,final,50,0.7,0.2,chessboard,358,4,2
145,2221,45,21,1,369,22,876,100,final,50,0.7,0.2,chessboard,407,1,2
145,2221,45,21,1,369,22,876,100,final,50,0.7,0.2,chessboard,410,2,2
145,2221,45,21,1,369,22,876,100,final,50,0.7,0.2,chessboard,411,1,2
145,2221,45,21,1,369,22,876,100,final,50,0.7,0.2,chessboard,425,1,2
145,2221,45,21,1,369,22,876,100,final,50,0.7,0.2,chessboard,458,1,2
145,2221,45,21,1,369,22,876,100,final,50,0.7,0.2,chessboard,642,1,2
146,2223,45,23,1,369,22,876,100,final,50,0.7,0.2,chessboard,163,1,2
146,2223,45,23,1,369,22,876,100,final,50,0.7,0.2,chessboard,221,1,2
146,2223,45,23,1,369,22,876,100,final,50,0.7,0.2,chessboard,223,1,2
146,2223,45,23,1,369,22,876,100,final,50,0.7,0.2,chessboard,225,1,2
146,2223,45,23,1,369,22,876,100,final,50,0.7,0.2,chessboard,242,1,2
146,2223,45,23,1,369,22,876,100,final,50,0.7,0.2,chessboard,246,1,2
146,2223,45,23,1,369,22,876,100,final,50,0.7,0.2,chessboard,255,1,2
146,2223,45,23,1,369,22,876,100,final,50,0.7,0.2,chessboard,266,1,2
146,2223,45,23,1,369,22,876,100,final,50,0.7,0.2,chessboard,274,2,2
146,2223,45,23,1,369,22,876,100,final,50,0.7,0.2,chessboard,276,5,2
146,2223,45,23,1,369,22,876,100,final,50,0.7,0.2,chessboard,278,6,2
146,2223,45,23,1,369,22,876,100,final,50,0.7,0.2,chessboard,285,1,2
146,2223,45,23,1,369,22,876,100,final,50,0.7,0.2,chessboard,308,1,2
146,2223,45,23,1,369,22,876,100,final,50,0.7,0.2,chessboard,312,1,2
146,2223,45,23,1,369,22,876,100,final,50,0.7,0.2,chessboard,316,3,2
146,2223,45,23,1,369,22,876,100,final,50,0.7,0.2,chessboard,331,1,2
146,2223,45,23,1,369,22,876,100,final,50,0.7,0.2,chessboard,347,1,2
146,2223,45,23,1,369,22,876,100,final,50,0.7,0.2,chessboard,350,1,2
146,2223,45,23,1,369,22,876,100,final,50,0.7,0.2,chessboard,351,1,2
146,2223,45,23,1,369,22,876,100,final,50,0.7,0.2,chessboard,359,1,2
146,2223,45,23,1,369,22,876,100,final,50,0.7,0.2,chessboard,381,1,2
146,2223,45,23,1,369,22,876,100,final,50,0.7,0.2,chessboard,383,3,2
146,2223,45,23,1,369,22,876,100,final,50,0.7,0.2,chessboard,407,1,2
146,2223,45,23,1,369,22,876,100,final,50,0.7,0.2,chessboard,426,1,2
146,2223,45,23,1,369,22,876,100,final,50,0.7,0.2,chessboard,427,1,2
146,2223,45,23,1,369,22,876,100,final,50,0.7,0.2,chessboard,449,2,2
147,2225,45,25,1,369,22,876,100,final,50,0.7,0.2,chessboard,163,1,2
147,2225,45,25,1,369,22,876,100,final,50,0.7,0.2,chessboard,196,2,2
147,2225,45,25,1,369,22,876,100,final,50,0.7,0.2,chessboard,202,1,2
147,2225,45,25,1,369,22,876,100,final,50,0.7,0.2,chessboard,225,2,2
147,2225,45,25,1,369,22,876,100,final,50,0.7,0.2,chessboard,233,3,2
147,2225,45,25,1,369,22,876,100,final,50,0.7,0.2,chessboard,246,2,2
147,2225,45,25,1,369,22,876,100,final,50,0.7,0.2,chessboard,248,1,2
147,2225,45,25,1,369,22,876,100,final,50,0.7,0.2,chessboard,255,5,2
147,2225,45,25,1,369,22,876,100,final,50,0.7,0.2,chessboard,258,1,2
147,2225,45,25,1,369,22,876,100,final,50,0.7,0.2,chessboard,266,2,2
147,2225,45,25,1,369,22,876,100,final,50,0.7,0.2,chessboard,276,1,2
147,2225,45,25,1,369,22,876,100,final,50,0.7,0.2,chessboard,278,2,2
147,2225,45,25,1,369,22,876,100,final,50,0.7,0.2,chessboard,281,3,2
147,2225,45,25,1,369,22,876,100,final,50,0.7,0.2,chessboard,285,1,2
147,2225,45,25,1,369,22,876,100,final,50,0.7,0.2,chessboard,295,1,2
147,2225,45,25,1,369,22,876,100,final,50,0.7,0.2,chessboard,308,2,2
147,2225,45,25,1,369,22,876,100,final,50,0.7,0.2,chessboard,331,2,2
147,2225,45,25,1,369,22,876,100,final,50,0.7,0.2,chessboard,343,1,2
147,2225,45,25,1,369,22,876,100,final,50,0.7,0.2,chessboard,350,1,2
147,2225,45,25,1,369,22,876,100,final,50,0.7,0.2,chessboard,355,1,2
147,2225,45,25,1,369,22,876,100,final,50,0.7,0.2,chessboard,381,1,2
147,2225,45,25,1,369,22,876,100,final,50,0.7,0.2,chessboard,383,1,2
148,2227,45,27,1,369,22,876,100,final,50,0.7,0.2,chessboard,196,1,2
148,2227,45,27,1,369,22,876,100,final,50,0.7,0.2,chessboard,220,2,2
148,2227,45,27,1,369,22,876,100,final,50,0.7,0.2,chessboard,223,1,2
148,2227,45,27,1,369,22,876,100,final,50,0.7,0.2,chessboard,242,1,2
148,2227,45,27,1,369,22,876,100,final,50,0.7,0.2,chessboard,246,1,2
148,2227,45,27,1,369,22,876,100,final,50,0.7,0.2,chessboard,255,1,2
148,2227,45,27,1,369,22,876,100,final,50,0.7,0.2,chessboard,276,1,2
148,2227,45,27,1,369,22,876,100,final,50,0.7,0.2,chessboard,281,1,2
148,2227,45,27,1,369,22,876,100,final,50,0.7,0.2,chessboard,282,1,2
148,2227,45,27,1,369,22,876,100,final,50,0.7,0.2,chessboard,291,1,2
148,2227,45,27,1,369,22,876,100,final,50,0.7,0.2,chessboard,318,1,2
148,2227,45,27,1,369,22,876,100,final,50,0.7,0.2,chessboard,343,2,2
148,2227,45,27,1,369,22,876,100,final,50,0.7,0.2,chessboard,351,1,2
148,2227,45,27,1,369,22,876,100,final,50,0.7,0.2,chessboard,355,2,2
148,2227,45,27,1,369,22,876,100,final,50,0.7,0.2,chessboard,358,1,2
148,2227,45,27,1,369,22,876,100,final,50,0.7,0.2,chessboard,359,5,2
148,2227,45,27,1,369,22,876,100,final,50,0.7,0.2,chessboard,383,6,2
148,2227,45,27,1,369,22,876,100,final,50,0.7,0.2,chessboard,414,1,2
148,2227,45,27,1,369,22,876,100,final,50,0.7,0.2,chessboard,427,1,2
148,2227,45,27,1,369,22,876,100,final,50,0.7,0.2,chessboard,441,1,2
148,2227,45,27,1,369,22,876,100,final,50,0.7,0.2,chessboard,458,3,2
148,2227,45,27,1,369,22,876,100,final,50,0.7,0.2,chessboard,471,1,2
149,2266,46,16,1,369,22,876,100,final,50,0.7,0.2,chessboard,287,2,2
149,2266,46,16,1,369,22,876,100,final,50,0.7,0.2,chessboard,304,1,2
149,2266,46,16,1,369,22,876,100,final,50,0.7,0.2,chessboard,308,2,2
149,2266,46,16,1,369,22,876,100,final,50,0.7,0.2,chessboard,310,1,2
149,2266,46,16,1,369,22,876,100,final,50,0.7,0.2,chessboard,316,1,2
149,2266,46,16,1,369,22,876,100,final,50,0.7,0.2,chessboard,326,3,2
149,2266,46,16,1,369,22,876,100,final,50,0.7,0.2,chessboard,329,1,2
149,2266,46,16,1,369,22,876,100,final,50,0.7,0.2,chessboard,347,2,2
149,2266,46,16,1,369,22,876,100,final,50,0.7,0.2,chessboard,350,3,2
149,2266,46,16,1,369,22,876,100,final,50,0.7,0.2,chessboard,358,2,2
149,2266,46,16,1,369,22,876,100,final,50,0.7,0.2,chessboard,359,1,2
149,2266,46,16,1,369,22,876,100,final,50,0.7,0.2,chessboard,369,1,2
149,2266,46,16,1,369,22,876,100,final,50,0.7,0.2,chessboard,396,1,2
149,2266,46,16,1,369,22,876,100,final,50,0.7,0.2,chessboard,408,2,2
149,2266,46,16,1,369,22,876,100,final,50,0.7,0.2,chessboard,414,4,2
149,2266,46,16,1,369,22,876,100,final,50,0.7,0.2,chessboard,420,1,2
149,2266,46,16,1,369,22,876,100,final,50,0.7,0.2,chessboard,438,1,2
149,2266,46,16,1,369,22,876,100,final,50,0.7,0.2,chessboard,458,1,2
149,2266,46,16,1,369,22,876,100,final,50,0.7,0.2,chessboard,475,1,2
149,2266,46,16,1,369,22,876,100,final,50,0.7,0.2,chessboard,481,1,2
149,2266,46,16,1,369,22,876,100,final,50,0.7,0.2,chessboard,486,3,2
149,2266,46,16,1,369,22,876,100,final,50,0.7,0.2,chessboard,487,1,2
149,2266,46,16,1,369,22,876,100,final,50,0.7,0.2,chessboard,514,4,2
149,2266,46,16,1,369,22,876,100,final,50,0.7,0.2,chessboard,516,1,2
149,2266,46,16,1,369,22,876,100,final,50,0.7,0.2,chessboard,540,1,2
150,2268,46,18,1,369,22,876,100,final,50,0.7,0.2,chessboard,216,1,2
150,2268,46,18,1,369,22,876,100,final,50,0.7,0.2,chessboard,248,1,2
150,2268,46,18,1,369,22,876,100,final,50,0.7,0.2,chessboard,268,1,2
150,2268,46,18,1,369,22,876,100,final,50,0.7,0.2,chessboard,291,3,2
150,2268,46,18,1,369,22,876,100,final,50,0.7,0.2,chessboard,324,1,2
150,2268,46,18,1,369,22,876,100,final,50,0.7,0.2,chessboard,329,3,2
150,2268,46,18,1,369,22,876,100,final,50,0.7,0.2,chessboard,347,1,2
150,2268,46,18,1,369,22,876,100,final,50,0.7,0.2,chessboard,350,1,2
150,2268,46,18,1,369,22,876,100,final,50,0.7,0.2,chessboard,355,4,2
150,2268,46,18,1,369,22,876,100,final,50,0.7,0.2,chessboard,359,1,2
150,2268,46,18,1,369,22,876,100,final,50,0.7,0.2,chessboard,383,1,2
150,2268,46,18,1,369,22,876,100,final,50,0.7,0.2,chessboard,396,2,2
150,2268,46,18,1,369,22,876,100,final,50,0.7,0.2,chessboard,397,1,2
150,2268,46,18,1,369,22,876,100,final,50,0.7,0.2,chessboard,408,1,2
150,2268,46,18,1,369,22,876,100,final,50,0.7,0.2,chessboard,412,1,2
150,2268,46,18,1,369,22,876,100,final,50,0.7,0.2,chessboard,414,1,2
150,2268,46,18,1,369,22,876,100,final,50,0.7,0.2,chessboard,432,2,2
150,2268,46,18,1,369,22,876,100,final,50,0.7,0.2,chessboard,439,4,2
150,2268,46,18,1,369,22,876,100,final,50,0.7,0.2,chessboard,449,1,2
150,2268,46,18,1,369,22,876,100,final,50,0.7,0.2,chessboard,486,4,2
150,2268,46,18,1,369,22,876,100,final,50,0.7,0.2,chessboard,487,1,2
150,2268,46,18,1,369,22,876,100,final,50,0.7,0.2,chessboard,504,1,2
150,2268,46,18,1,369,22,876,100,final,50,0.7,0.2,chessboard,514,1,2
151,2270,46,20,1,369,22,876,100,final,50,0.7,0.2,chessboard,192,1,2
151,2270,46,20,1,369,22,876,100,final,50,0.7,0.2,chessboard,287,1,2
151,2270,46,20,1,369,22,876,100,final,50,0.7,0.2,chessboard,290,1,2
151,2270,46,20,1,369,22,876,100,final,50,0.7,0.2,chessboard,291,1,2
151,2270,46,20,1,369,22,876,100,final,50,0.7,0.2,chessboard,300,1,2
151,2270,46,20,1,369,22,876,100,final,50,0.7,0.2,chessboard,325,4,2
151,2270,46,20,1,369,22,876,100,final,50,0.7,0.2,chessboard,329,1,2
151,2270,46,20,1,369,22,876,100,final,50,0.7,0.2,chessboard,347,2,2
151,2270,46,20,1,369,22,876,100,final,50,0.7,0.2,chessboard,355,3,2
151,2270,46,20,1,369,22,876,100,final,50,0.7,0.2,chessboard,359,4,2
151,2270,46,20,1,369,22,876,100,final,50,0.7,0.2,chessboard,383,1,2
151,2270,46,20,1,369,22,876,100,final,50,0.7,0.2,chessboard,396,1,2
151,2270,46,20,1,369,22,876,100,final,50,0.7,0.2,chessboard,410,1,2
151,2270,46,20,1,369,22,876,100,final,50,0.7,0.2,chessboard,412,2,2
151,2270,46,20,1,369,22,876,100,final,50,0.7,0.2,chessboard,414,1,2
151,2270,46,20,1,369,22,876,100,final,50,0.7,0.2,chessboard,432,1,2
151,2270,46,20,1,369,22,876,100,final,50,0.7,0.2,chessboard,438,4,2
151,2270,46,20,1,369,22,876,100,final,50,0.7,0.2,chessboard,439,2,2
151,2270,46,20,1,369,22,876,100,final,50,0.7,0.2,chessboard,441,1,2
151,2270,46,20,1,369,22,876,100,final,50,0.7,0.2,chessboard,458,2,2
151,2270,46,20,1,369,22,876,100,final,50,0.7,0.2,chessboard,486,1,2
152,2272,46,22,1,369,22,876,100,final,50,0.7,0.2,chessboard,225,1,2
152,2272,46,22,1,369,22,876,100,final,50,0.7,0.2,chessboard,266,1,2
152,2272,46,22,1,369,22,876,100,final,50,0.7,0.2,chessboard,274,1,2
152,2272,46,22,1,369,22,876,100,final,50,0.7,0.2,chessboard,276,1,2
152,2272,46,22,1,369,22,876,100,final,50,0.7,0.2,chessboard,277,1,2
152,2272,46,22,1,369,22,876,100,final,50,0.7,0.2,chessboard,278,1,2
152,2272,46,22,1,369,22,876,100,final,50,0.7,0.2,chessboard,285,1,2
152,2272,46,22,1,369,22,876,100,final,50,0.7,0.2,chessboard,287,1,2
152,2272,46,22,1,369,22,876,100,final,50,0.7,0.2,chessboard,291,2,2
152,2272,46,22,1,369,22,876,100,final,50,0.7,0.2,chessboard,306,2,2
152,2272,46,22,1,369,22,876,100,final,50,0.7,0.2,chessboard,308,1,2
152,2272,46,22,1,369,22,876,100,final,50,0.7,0.2,chessboard,310,1,2
152,2272,46,22,1,369,22,876,100,final,50,0.7,0.2,chessboard,312,2,2
152,2272,46,22,1,369,22,876,100,final,50,0.7,0.2,chessboard,350,3,2
152,2272,46,22,1,369,22,876,100,final,50,0.7,0.2,chessboard,351,1,2
152,2272,46,22,1,369,22,876,100,final,50,0.7,0.2,chessboard,358,2,2
152,2272,46,22,1,369,22,876,100,final,50,0.7,0.2,chessboard,369,1,2
152,2272,46,22,1,369,22,876,100,final,50,0.7,0.2,chessboard,381,1,2
152,2272,46,22,1,369,22,876,100,final,50,0.7,0.2,chessboard,383,1,2
152,2272,46,22,1,369,22,876,100,final,50,0.7,0.2,chessboard,407,2,2
152,2272,46,22,1,369,22,876,100,final,50,0.7,0.2,chessboard,410,1,2
152,2272,46,22,1,369,22,876,100,final,50,0.7,0.2,chessboard,412,1,2
152,2272,46,22,1,369,22,876,100,final,50,0.7,0.2,chessboard,414,3,2
152,2272,46,22,1,369,22,876,100,final,50,0.7,0.2,chessboard,438,1,2
152,2272,46,22,1,369,22,876,100,final,50,0.7,0.2,chessboard,441,1,2
152,2272,46,22,1,369,22,876,100,final,50,0.7,0.2,chessboard,458,2,2
152,2272,46,22,1,369,22,876,100,final,50,0.7,0.2,chessboard,486,1,2
153,2274,46,24,1,369,22,876,100,final,50,0.7,0.2,chessboard,242,1,2
153,2274,46,24,1,369,22,876,100,final,50,0.7,0.2,chessboard,255,1,2
153,2274,46,24,1,369,22,876,100,final,50,0.7,0.2,chessboard,268,1,2
153,2274,46,24,1,369,22,876,100,final,50,0.7,0.2,chessboard,276,2,2
153,2274,46,24,1,369,22,876,100,final,50,0.7,0.2,chessboard,278,1,2
153,2274,46,24,1,369,22,876,100,final,50,0.7,0.2,chessboard,285,1,2
153,2274,46,24,1,369,22,876,100,final,50,0.7,0.2,chessboard,287,1,2
153,2274,46,24,1,369,22,876,100,final,50,0.7,0.2,chessboard,291,4,2
153,2274,46,24,1,369,22,876,100,final,50,0.7,0.2,chessboard,308,1,2
153,2274,46,24,1,369,22,876,100,final,50,0.7,0.2,chessboard,312,1,2
153,2274,46,24,1,369,22,876,100,final,50,0.7,0.2,chessboard,318,2,2
153,2274,46,24,1,369,22,876,100,final,50,0.7,0.2,chessboard,331,1,2
153,2274,46,24,1,369,22,876,100,final,50,0.7,0.2,chessboard,343,1,2
153,2274,46,24,1,369,22,876,100,final,50,0.7,0.2,chessboard,351,1,2
153,2274,46,24,1,369,22,876,100,final,50,0.7,0.2,chessboard,355,2,2
153,2274,46,24,1,369,22,876,100,final,50,0.7,0.2,chessboard,359,1,2
153,2274,46,24,1,369,22,876,100,final,50,0.7,0.2,chessboard,381,1,2
153,2274,46,24,1,369,22,876,100,final,50,0.7,0.2,chessboard,383,1,2
153,2274,46,24,1,369,22,876,100,final,50,0.7,0.2,chessboard,407,2,2
153,2274,46,24,1,369,22,876,100,final,50,0.7,0.2,chessboard,425,1,2
153,2274,46,24,1,369,22,876,100,final,50,0.7,0.2,chessboard,427,1,2
153,2274,46,24,1,369,22,876,100,final,50,0.7,0.2,chessboard,449,4,2
153,2274,46,24,1,369,22,876,100,final,50,0.7,0.2,chessboard,458,2,2
153,2274,46,24,1,369,22,876,100,final,50,0.7,0.2,chessboard,471,3,2
153,2274,46,24,1,369,22,876,100,final,50,0.7,0.2,chessboard,521,1,2
153,2274,46,24,1,369,22,876,100,final,50,0.7,0.2,chessboard,540,1,2
154,2276,46,26,1,369,22,876,100,final,50,0.7,0.2,chessboard,226,1,2
154,2276,46,26,1,369,22,876,100,final,50,0.7,0.2,chessboard,274,1,2
154,2276,46,26,1,369,22,876,100,final,50,0.7,0.2,chessboard,276,1,2
154,2276,46,26,1,369,22,876,100,final,50,0.7,0.2,chessboard,278,1,2
154,2276,46,26,1,369,22,876,100,final,50,0.7,0.2,chessboard,309,1,2
154,2276,46,26,1,369,22,876,100,final,50,0.7,0.2,chessboard,312,1,2
154,2276,46,26,1,369,22,876,100,final,50,0.7,0.2,chessboard,316,1,2
154,2276,46,26,1,369,22,876,100,final,50,0.7,0.2,chessboard,331,2,2
154,2276,46,26,1,369,22,876,100,final,50,0.7,0.2,chessboard,343,4,2
154,2276,46,26,1,369,22,876,100,final,50,0.7,0.2,chessboard,358,2,2
154,2276,46,26,1,369,22,876,100,final,50,0.7,0.2,chessboard,359,3,2
154,2276,46,26,1,369,22,876,100,final,50,0.7,0.2,chessboard,381,2,2
154,2276,46,26,1,369,22,876,100,final,50,0.7,0.2,chessboard,383,1,2
154,2276,46,26,1,369,22,876,100,final,50,0.7,0.2,chessboard,397,1,2
154,2276,46,26,1,369,22,876,100,final,50,0.7,0.2,chessboard,411,1,2
154,2276,46,26,1,369,22,876,100,final,50,0.7,0.2,chessboard,414,2,2
154,2276,46,26,1,369,22,876,100,final,50,0.7,0.2,chessboard,425,1,2
154,2276,46,26,1,369,22,876,100,final,50,0.7,0.2,chessboard,438,1,2
154,2276,46,26,1,369,22,876,100,final,50,0.7,0.2,chessboard,449,8,2
154,2276,46,26,1,369,22,876,100,final,50,0.7,0.2,chessboard,450,1,2
154,2276,46,26,1,369,22,876,100,final,50,0.7,0.2,chessboard,458,2,2
154,2276,46,26,1,369,22,876,100,final,50,0.7,0.2,chessboard,475,1,2
154,2276,46,26,1,369,22,876,100,final,50,0.7,0.2,chessboard,486,1,2
154,2276,46,26,1,369,22,876,100,final,50,0.7,0.2,chessboard,487,1,2
154,2276,46,26,1,369,22,876,100,final,50,0.7,0.2,chessboard,521,1,2
155,2315,47,15,1,369,22,876,100,final,50,0.7,0.2,chessboard,369,2,2
155,2315,47,15,1,369,22,876,100,final,50,0.7,0.2,chessboard,411,3,2
155,2315,47,15,1,369,22,876,100,final,50,0.7,0.2,chessboard,414,9,2
155,2315,47,15,1,369,22,876,100,final,50,0.7,0.2,chessboard,425,1,2
155,2315,47,15,1,369,22,876,100,final,50,0.7,0.2,chessboard,426,3,2
155,2315,47,15,1,369,22,876,100,final,50,0.7,0.2,chessboard,433,1,2
155,2315,47,15,1,369,22,876,100,final,50,0.7,0.2,chessboard,438,3,2
155,2315,47,15,1,369,22,876,100,final,50,0.7,0.2,chessboard,449,4,2
155,2315,47,15,1,369,22,876,100,final,50,0.7,0.2,chessboard,450,1,2
155,2315,47,15,1,369,22,876,100,final,50,0.7,0.2,chessboard,486,2,2
155,2315,47,15,1,369,22,876,100,final,50,0.7,0.2,chessboard,496,1,2
155,2315,47,15,1,369,22,876,100,final,50,0.7,0.2,chessboard,503,1,2
155,2315,47,15,1,369,22,876,100,final,50,0.7,0.2,chessboard,516,3,2
155,2315,47,15,1,369,22,876,100,final,50,0.7,0.2,chessboard,521,1,2
155,2315,47,15,1,369,22,876,100,final,50,0.7,0.2,chessboard,544,1,2
155,2315,47,15,1,369,22,876,100,final,50,0.7,0.2,chessboard,564,1,2
156,2317,47,17,1,369,22,876,100,final,50,0.7,0.2,chessboard,350,2,2
156,2317,47,17,1,369,22,876,100,final,50,0.7,0.2,chessboard,355,1,2
156,2317,47,17,1,369,22,876,100,final,50,0.7,0.2,chessboard,358,1,2
156,2317,47,17,1,369,22,876,100,final,50,0.7,0.2,chessboard,359,1,2
156,2317,47,17,1,369,22,876,100,final,50,0.7,0.2,chessboard,396,1,2
156,2317,47,17,1,369,22,876,100,final,50,0.7,0.2,chessboard,397,1,2
156,2317,47,17,1,369,22,876,100,final,50,0.7,0.2,chessboard,407,2,2
156,2317,47,17,1,369,22,876,100,final,50,0.7,0.2,chessboard,408,1,2
156,2317,47,17,1,369,22,876,100,final,50,0.7,0.2,chessboard,414,1,2
156,2317,47,17,1,369,22,876,100,final,50,0.7,0.2,chessboard,432,1,2
156,2317,47,17,1,369,22,876,100,final,50,0.7,0.2,chessboard,433,1,2
156,2317,47,17,1,369,22,876,100,final,50,0.7,0.2,chessboard,438,5,2
156,2317,47,17,1,369,22,876,100,final,50,0.7,0.2,chessboard,439,1,2
156,2317,47,17,1,369,22,876,100,final,50,0.7,0.2,chessboard,440,2,2
156,2317,47,17,1,369,22,876,100,final,50,0.7,0.2,chessboard,441,1,2
156,2317,47,17,1,369,22,876,100,final,50,0.7,0.2,chessboard,458,2,2
156,2317,47,17,1,369,22,876,100,final,50,0.7,0.2,chessboard,471,2,2
156,2317,47,17,1,369,22,876,100,final,50,0.7,0.2,chessboard,487,1,2
156,2317,47,17,1,369,22,876,100,final,50,0.7,0.2,chessboard,514,3,2
156,2317,47,17,1,369,22,876,100,final,50,0.7,0.2,chessboard,524,1,2
156,2317,47,17,1,369,22,876,100,final,50,0.7,0.2,chessboard,529,1,2
156,2317,47,17,1,369,22,876,100,final,50,0.7,0.2,chessboard,547,1,2
156,2317,47,17,1,369,22,876,100,final,50,0.7,0.2,chessboard,558,2,2
156,2317,47,17,1,369,22,876,100,final,50,0.7,0.2,chessboard,572,1,2
157,2319,47,19,1,369,22,876,100,final,50,0.7,0.2,chessboard,276,2,2
157,2319,47,19,1,369,22,876,100,final,50,0.7,0.2,chessboard,291,1,2
157,2319,47,19,1,369,22,876,100,final,50,0.7,0.2,chessboard,312,1,2
157,2319,47,19,1,369,22,876,100,final,50,0.7,0.2,chessboard,316,1,2
157,2319,47,19,1,369,22,876,100,final,50,0.7,0.2,chessboard,342,1,2
157,2319,47,19,1,369,22,876,100,final,50,0.7,0.2,chessboard,350,1,2
157,2319,47,19,1,369,22,876,100,final,50,0.7,0.2,chessboard,351,2,2
157,2319,47,19,1,369,22,876,100,final,50,0.7,0.2,chessboard,355,1,2
157,2319,47,19,1,369,22,876,100,final,50,0.7,0.2,chessboard,358,2,2
157,2319,47,19,1,369,22,876,100,final,50,0.7,0.2,chessboard,383,2,2
157,2319,47,19,1,369,22,876,100,final,50,0.7,0.2,chessboard,396,3,2
157,2319,47,19,1,369,22,876,100,final,50,0.7,0.2,chessboard,397,1,2
157,2319,47,19,1,369,22,876,100,final,50,0.7,0.2,chessboard,407,1,2
157,2319,47,19,1,369,22,876,100,final,50,0.7,0.2,chessboard,412,1,2
157,2319,47,19,1,369,22,876,100,final,50,0.7,0.2,chessboard,420,1,2
157,2319,47,19,1,369,22,876,100,final,50,0.7,0.2,chessboard,425,1,2
157,2319,47,19,1,369,22,876,100,final,50,0.7,0.2,chessboard,445,2,2
157,2319,47,19,1,369,22,876,100,final,50,0.7,0.2,chessboard,449,1,2
157,2319,47,19,1,369,22,876,100,final,50,0.7,0.2,chessboard,458,2,2
157,2319,47,19,1,369,22,876,100,final,50,0.7,0.2,chessboard,471,2,2
157,2319,47,19,1,369,22,876,100,final,50,0.7,0.2,chessboard,488,1,2
157,2319,47,19,1,369,22,876,100,final,50,0.7,0.2,chessboard,514,4,2
157,2319,47,19,1,369,22,876,100,final,50,0.7,0.2,chessboard,546,1,2
158,2321,47,21,1,369,22,876,100,final,50,0.7,0.2,chessboard,276,1,2
158,2321,47,21,1,369,22,876,100,final,50,0.7,0.2,chessboard,304,2,2
158,2321,47,21,1,369,22,876,100,final,50,0.7,0.2,chessboard,326,1,2
158,2321,47,21,1,369,22,876,100,final,50,0.7,0.2,chessboard,340,1,2
158,2321,47,21,1,369,22,876,100,final,50,0.7,0.2,chessboard,347,3,2
158,2321,47,21,1,369,22,876,100,final,50,0.7,0.2,chessboard,350,3,2
158,2321,47,21,1,369,22,876,100,final,50,0.7,0.2,chessboard,355,2,2
158,2321,47,21,1,369,22,876,100,final,50,0.7,0.2,chessboard,358,3,2
158,2321,47,21,1,369,22,876,100,final,50,0.7,0.2,chessboard,359,3,2
158,2321,47,21,1,369,22,876,100,final,50,0.7,0.2,chessboard,383,1,2
158,2321,47,21,1,369,22,876,100,final,50,0.7,0.2,chessboard,396,1,2
158,2321,47,21,1,369,22,876,100,final,50,0.7,0.2,chessboard,407,3,2
158,2321,47,21,1,369,22,876,100,final,50,0.7,0.2,chessboard,411,1,2
158,2321,47,21,1,369,22,876,100,final,50,0.7,0.2,chessboard,414,1,2
158,2321,47,21,1,369,22,876,100,final,50,0.7,0.2,chessboard,420,1,2
158,2321,47,21,1,369,22,876,100,final,50,0.7,0.2,chessboard,425,4,2
158,2321,47,21,1,369,22,876,100,final,50,0.7,0.2,chessboard,438,1,2
158,2321,47,21,1,369,22,876,100,final,50,0.7,0.2,chessboard,449,1,2
158,2321,47,21,1,369,22,876,100,final,50,0.7,0.2,chessboard,458,3,2
158,2321,47,21,1,369,22,876,100,final,50,0.7,0.2,chessboard,471,1,2
158,2321,47,21,1,369,22,876,100,final,50,0.7,0.2,chessboard,546,1,2
159,2323,47,23,1,369,22,876,100,final,50,0.7,0.2,chessboard,276,1,2
159,2323,47,23,1,369,22,876,100,final,50,0.7,0.2,chessboard,278,5,2
159,2323,47,23,1,369,22,876,100,final,50,0.7,0.2,chessboard,282,1,2
159,2323,47,23,1,369,22,876,100,final,50,0.7,0.2,chessboard,318,1,2
159,2323,47,23,1,369,22,876,100,final,50,0.7,0.2,chessboard,347,1,2
159,2323,47,23,1,369,22,876,100,final,50,0.7,0.2,chessboard,350,1,2
159,2323,47,23,1,369,22,876,100,final,50,0.7,0.2,chessboard,352,1,2
159,2323,47,23,1,369,22,876,100,final,50,0.7,0.2,chessboard,355,1,2
159,2323,47,23,1,369,22,876,100,final,50,0.7,0.2,chessboard,359,2,2
159,2323,47,23,1,369,22,876,100,final,50,0.7,0.2,chessboard,381,2,2
159,2323,47,23,1,369,22,876,100,final,50,0.7,0.2,chessboard,383,1,2
159,2323,47,23,1,369,22,876,100,final,50,0.7,0.2,chessboard,407,2,2
159,2323,47,23,1,369,22,876,100,final,50,0.7,0.2,chessboard,414,1,2
159,2323,47,23,1,369,22,876,100,final,50,0.7,0.2,chessboard,425,2,2
159,2323,47,23,1,369,22,876,100,final,50,0.7,0.2,chessboard,432,1,2
159,2323,47,23,1,369,22,876,100,final,50,0.7,0.2,chessboard,438,1,2
159,2323,47,23,1,369,22,876,100,final,50,0.7,0.2,chessboard,441,1,2
159,2323,47,23,1,369,22,876,100,final,50,0.7,0.2,chessboard,445,1,2
159,2323,47,23,1,369,22,876,100,final,50,0.7,0.2,chessboard,458,5,2
159,2323,47,23,1,369,22,876,100,final,50,0.7,0.2,chessboard,471,2,2
159,2323,47,23,1,369,22,876,100,final,50,0.7,0.2,chessboard,486,2,2
159,2323,47,23,1,369,22,876,100,final,50,0.7,0.2,chessboard,519,1,2
159,2323,47,23,1,369,22,876,100,final,50,0.7,0.2,chessboard,521,3,2
159,2323,47,23,1,369,22,876,100,final,50,0.7,0.2,chessboard,526,2,2
159,2323,47,23,1,369,22,876,100,final,50,0.7,0.2,chessboard,547,1,2
160,2325,47,25,1,369,22,876,100,final,50,0.7,0.2,chessboard,278,1,2
160,2325,47,25,1,369,22,876,100,final,50,0.7,0.2,chessboard,309,1,2
160,2325,47,25,1,369,22,876,100,final,50,0.7,0.2,chessboard,318,1,2
160,2325,47,25,1,369,22,876,100,final,50,0.7,0.2,chessboard,329,1,2
160,2325,47,25,1,369,22,876,100,final,50,0.7,0.2,chessboard,343,1,2
160,2325,47,25,1,369,22,876,100,final,50,0.7,0.2,chessboard,352,1,2
160,2325,47,25,1,369,22,876,100,final,50,0.7,0.2,chessboard,355,2,2
160,2325,47,25,1,369,22,876,100,final,50,0.7,0.2,chessboard,414,3,2
160,2325,47,25,1,369,22,876,100,final,50,0.7,0.2,chessboard,425,2,2
160,2325,47,25,1,369,22,876,100,final,50,0.7,0.2,chessboard,426,1,2
160,2325,47,25,1,369,22,876,100,final,50,0.7,0.2,chessboard,438,1,2
160,2325,47,25,1,369,22,876,100,final,50,0.7,0.2,chessboard,449,2,2
160,2325,47,25,1,369,22,876,100,final,50,0.7,0.2,chessboard,458,2,2
160,2325,47,25,1,369,22,876,100,final,50,0.7,0.2,chessboard,471,3,2
160,2325,47,25,1,369,22,876,100,final,50,0.7,0.2,chessboard,475,1,2
160,2325,47,25,1,369,22,876,100,final,50,0.7,0.2,chessboard,486,1,2
160,2325,47,25,1,369,22,876,100,final,50,0.7,0.2,chessboard,489,2,2
160,2325,47,25,1,369,22,876,100,final,50,0.7,0.2,chessboard,504,2,2
160,2325,47,25,1,369,22,876,100,final,50,0.7,0.2,chessboard,519,1,2
160,2325,47,25,1,369,22,876,100,final,50,0.7,0.2,chessboard,521,1,2
160,2325,47,25,1,369,22,876,100,final,50,0.7,0.2,chessboard,524,1,2
160,2325,47,25,1,369,22,876,100,final,50,0.7,0.2,chessboard,540,3,2
160,2325,47,25,1,369,22,876,100,final,50,0.7,0.2,chessboard,546,3,2
160,2325,47,25,1,369,22,876,100,final,50,0.7,0.2,chessboard,547,1,2
160,2325,47,25,1,369,22,876,100,final,50,0.7,0.2,chessboard,572,1,2
160,2325,47,25,1,369,22,876,100,final,50,0.7,0.2,chessboard,580,1,2
161,2327,47,27,1,369,22,876,100,final,50,0.7,0.2,chessboard,281,1,2
161,2327,47,27,1,369,22,876,100,final,50,0.7,0.2,chessboard,414,3,2
161,2327,47,27,1,369,22,876,100,final,50,0.7,0.2,chessboard,427,2,2
161,2327,47,27,1,369,22,876,100,final,50,0.7,0.2,chessboard,449,1,2
161,2327,47,27,1,369,22,876,100,final,50,0.7,0.2,chessboard,458,6,2
161,2327,47,27,1,369,22,876,100,final,50,0.7,0.2,chessboard,471,2,2
161,2327,47,27,1,369,22,876,100,final,50,0.7,0.2,chessboard,475,6,2
161,2327,47,27,1,369,22,876,100,final,50,0.7,0.2,chessboard,486,1,2
161,2327,47,27,1,369,22,876,100,final,50,0.7,0.2,chessboard,503,1,2
161,2327,47,27,1,369,22,876,100,final,50,0.7,0.2,chessboard,506,1,2
161,2327,47,27,1,369,22,876,100,final,50,0.7,0.2,chessboard,521,2,2
161,2327,47,27,1,369,22,876,100,final,50,0.7,0.2,chessboard,524,1,2
161,2327,47,27,1,369,22,876,100,final,50,0.7,0.2,chessboard,546,1,2
161,2327,47,27,1,369,22,876,100,final,50,0.7,0.2,chessboard,572,1,2
161,2327,47,27,1,369,22,876,100,final,50,0.7,0.2,chessboard,580,1,2
161,2327,47,27,1,369,22,876,100,final,50,0.7,0.2,chessboard,597,1,2
161,2327,47,27,1,369,22,876,100,final,50,0.7,0.2,chessboard,609,2,2
162,2358,48,8,2,6,22,876,100,final,50,0.7,0.2,chessboard,700,2,2
162,2358,48,8,2,6,22,876,100,final,50,0.7,0.2,chessboard,740,1,2
162,2358,48,8,2,6,22,876,100,final,50,0.7,0.2,chessboard,742,1,2
162,2358,48,8,2,6,22,876,100,final,50,0.7,0.2,chessboard,813,1,2
162,2358,48,8,2,6,22,876,100,final,50,0.7,0.2,chessboard,837,1,2
163,2360,48,10,2,6,22,876,100,final,50,0.7,0.2,chessboard,669,3,2
163,2360,48,10,2,6,22,876,100,final,50,0.7,0.2,chessboard,671,1,2
163,2360,48,10,2,6,22,876,100,final,50,0.7,0.2,chessboard,700,2,2
163,2360,48,10,2,6,22,876,100,final,50,0.7,0.2,chessboard,707,1,2
163,2360,48,10,2,6,22,876,100,final,50,0.7,0.2,chessboard,724,1,2
163,2360,48,10,2,6,22,876,100,final,50,0.7,0.2,chessboard,748,1,2
163,2360,48,10,2,6,22,876,100,final,50,0.7,0.2,chessboard,867,1,2
164,2364,48,14,1,369,22,876,100,final,50,0.7,0.2,chessboard,414,1,2
164,2364,48,14,1,369,22,876,100,final,50,0.7,0.2,chessboard,433,2,2
164,2364,48,14,1,369,22,876,100,final,50,0.7,0.2,chessboard,438,2,2
164,2364,48,14,1,369,22,876,100,final,50,0.7,0.2,chessboard,445,1,2
164,2364,48,14,1,369,22,876,100,final,50,0.7,0.2,chessboard,458,2,2
164,2364,48,14,1,369,22,876,100,final,50,0.7,0.2,chessboard,486,3,2
164,2364,48,14,1,369,22,876,100,final,50,0.7,0.2,chessboard,487,1,2
164,2364,48,14,1,369,22,876,100,final,50,0.7,0.2,chessboard,514,1,2
164,2364,48,14,1,369,22,876,100,final,50,0.7,0.2,chessboard,516,1,2
164,2364,48,14,1,369,22,876,100,final,50,0.7,0.2,chessboard,519,1,2
164,2364,48,14,1,369,22,876,100,final,50,0.7,0.2,chessboard,521,1,2
164,2364,48,14,1,369,22,876,100,final,50,0.7,0.2,chessboard,546,2,2
164,2364,48,14,1,369,22,876,100,final,50,0.7,0.2,chessboard,550,1,2
164,2364,48,14,1,369,22,876,100,final,50,0.7,0.2,chessboard,558,3,2
164,2364,48,14,1,369,22,876,100,final,50,0.7,0.2,chessboard,567,2,2
164,2364,48,14,1,369,22,876,100,final,50,0.7,0.2,chessboard,572,1,2
164,2364,48,14,1,369,22,876,100,final,50,0.7,0.2,chessboard,578,1,2
164,2364,48,14,1,369,22,876,100,final,50,0.7,0.2,chessboard,597,2,2
164,2364,48,14,1,369,22,876,100,final,50,0.7,0.2,chessboard,609,1,2
164,2364,48,14,1,369,22,876,100,final,50,0.7,0.2,chessboard,676,1,2
165,2366,48,16,1,369,22,876,100,final,50,0.7,0.2,chessboard,306,1,2
165,2366,48,16,1,369,22,876,100,final,50,0.7,0.2,chessboard,397,1,2
165,2366,48,16,1,369,22,876,100,final,50,0.7,0.2,chessboard,411,1,2
165,2366,48,16,1,369,22,876,100,final,50,0.7,0.2,chessboard,414,1,2
165,2366,48,16,1,369,22,876,100,final,50,0.7,0.2,chessboard,432,3,2
165,2366,48,16,1,369,22,876,100,final,50,0.7,0.2,chessboard,441,2,2
165,2366,48,16,1,369,22,876,100,final,50,0.7,0.2,chessboard,458,6,2
165,2366,48,16,1,369,22,876,100,final,50,0.7,0.2,chessboard,486,3,2
165,2366,48,16,1,369,22,876,100,final,50,0.7,0.2,chessboard,487,5,2
165,2366,48,16,1,369,22,876,100,final,50,0.7,0.2,chessboard,496,1,2
165,2366,48,16,1,369,22,876,100,final,50,0.7,0.2,chessboard,516,1,2
165,2366,48,16,1,369,22,876,100,final,50,0.7,0.2,chessboard,546,1,2
165,2366,48,16,1,369,22,876,100,final,50,0.7,0.2,chessboard,547,1,2
165,2366,48,16,1,369,22,876,100,final,50,0.7,0.2,chessboard,558,1,2
165,2366,48,16,1,369,22,876,100,final,50,0.7,0.2,chessboard,559,2,2
165,2366,48,16,1,369,22,876,100,final,50,0.7,0.2,chessboard,578,1,2
165,2366,48,16,1,369,22,876,100,final,50,0.7,0.2,chessboard,580,1,2
165,2366,48,16,1,369,22,876,100,final,50,0.7,0.2,chessboard,589,1,2
166,2368,48,18,1,369,22,876,100,final,50,0.7,0.2,chessboard,355,1,2
166,2368,48,18,1,369,22,876,100,final,50,0.7,0.2,chessboard,358,3,2
166,2368,48,18,1,369,22,876,100,final,50,0.7,0.2,chessboard,410,1,2
166,2368,48,18,1,369,22,876,100,final,50,0.7,0.2,chessboard,425,1,2
166,2368,48,18,1,369,22,876,100,final,50,0.7,0.2,chessboard,426,1,2
166,2368,48,18,1,369,22,876,100,final,50,0.7,0.2,chessboard,438,1,2
166,2368,48,18,1,369,22,876,100,final,50,0.7,0.2,chessboard,439,1,2
166,2368,48,18,1,369,22,876,100,final,50,0.7,0.2,chessboard,441,1,2
166,2368,48,18,1,369,22,876,100,final,50,0.7,0.2,chessboard,445,2,2
166,2368,48,18,1,369,22,876,100,final,50,0.7,0.2,chessboard,449,2,2
166,2368,48,18,1,369,22,876,100,final,50,0.7,0.2,chessboard,450,1,2
166,2368,48,18,1,369,22,876,100,final,50,0.7,0.2,chessboard,458,1,2
166,2368,48,18,1,369,22,876,100,final,50,0.7,0.2,chessboard,486,2,2
166,2368,48,18,1,369,22,876,100,final,50,0.7,0.2,chessboard,487,1,2
166,2368,48,18,1,369,22,876,100,final,50,0.7,0.2,chessboard,514,1,2
166,2368,48,18,1,369,22,876,100,final,50,0.7,0.2,chessboard,519,1,2
166,2368,48,18,1,369,22,876,100,final,50,0.7,0.2,chessboard,521,2,2
166,2368,48,18,1,369,22,876,100,final,50,0.7,0.2,chessboard,524,1,2
166,2368,48,18,1,369,22,876,100,final,50,0.7,0.2,chessboard,526,1,2
166,2368,48,18,1,369,22,876,100,final,50,0.7,0.2,chessboard,546,2,2
166,2368,48,18,1,369,22,876,100,final,50,0.7,0.2,chessboard,564,1,2
166,2368,48,18,1,369,22,876,100,final,50,0.7,0.2,chessboard,572,2,2
166,2368,48,18,1,369,22,876,100,final,50,0.7,0.2,chessboard,578,1,2
166,2368,48,18,1,369,22,876,100,final,50,0.7,0.2,chessboard,610,1,2
167,2370,48,20,1,369,22,876,100,final,50,0.7,0.2,chessboard,326,3,2
167,2370,48,20,1,369,22,876,100,final,50,0.7,0.2,chessboard,331,1,2
167,2370,48,20,1,369,22,876,100,final,50,0.7,0.2,chessboard,350,1,2
167,2370,48,20,1,369,22,876,100,final,50,0.7,0.2,chessboard,352,1,2
167,2370,48,20,1,369,22,876,100,final,50,0.7,0.2,chessboard,355,2,2
167,2370,48,20,1,369,22,876,100,final,50,0.7,0.2,chessboard,359,2,2
167,2370,48,20,1,369,22,876,100,final,50,0.7,0.2,chessboard,383,2,2
167,2370,48,20,1,369,22,876,100,final,50,0.7,0.2,chessboard,393,1,2
167,2370,48,20,1,369,22,876,100,final,50,0.7,0.2,chessboard,397,1,2
167,2370,48,20,1,369,22,876,100,final,50,0.7,0.2,chessboard,411,3,2
167,2370,48,20,1,369,22,876,100,final,50,0.7,0.2,chessboard,412,1,2
167,2370,48,20,1,369,22,876,100,final,50,0.7,0.2,chessboard,414,5,2
167,2370,48,20,1,369,22,876,100,final,50,0.7,0.2,chessboard,425,1,2
167,2370,48,20,1,369,22,876,100,final,50,0.7,0.2,chessboard,432,1,2
167,2370,48,20,1,369,22,876,100,final,50,0.7,0.2,chessboard,438,2,2
167,2370,48,20,1,369,22,876,100,final,50,0.7,0.2,chessboard,439,3,2
167,2370,48,20,1,369,22,876,100,final,50,0.7,0.2,chessboard,449,2,2
167,2370,48,20,1,369,22,876,100,final,50,0.7,0.2,chessboard,458,1,2
167,2370,48,20,1,369,22,876,100,final,50,0.7,0.2,chessboard,470,1,2
167,2370,48,20,1,369,22,876,100,final,50,0.7,0.2,chessboard,471,3,2
167,2370,48,20,1,369,22,876,100,final,50,0.7,0.2,chessboard,486,1,2
167,2370,48,20,1,369,22,876,100,final,50,0.7,0.2,chessboard,487,2,2
167,2370,48,20,1,369,22,876,100,final,50,0.7,0.2,chessboard,526,1,2
167,2370,48,20,1,369,22,876,100,final,50,0.7,0.2,chessboard,550,1,2
168,2372,48,22,1,369,22,876,100,final,50,0.7,0.2,chessboard,318,1,2
168,2372,48,22,1,369,22,876,100,final,50,0.7,0.2,chessboard,350,1,2
168,2372,48,22,1,369,22,876,100,final,50,0.7,0.2,chessboard,351,1,2
168,2372,48,22,1,369,22,876,100,final,50,0.7,0.2,chessboard,359,1,2
168,2372,48,22,1,369,22,876,100,final,50,0.7,0.2,chessboard,383,1,2
168,2372,48,22,1,369,22,876,100,final,50,0.7,0.2,chessboard,396,1,2
168,2372,48,22,1,369,22,876,100,final,50,0.7,0.2,chessboard,407,1,2
168,2372,48,22,1,369,22,876,100,final,50,0.7,0.2,chessboard,408,1,2
168,2372,48,22,1,369,22,876,100,final,50,0.7,0.2,chessboard,410,1,2
168,2372,48,22,1,369,22,876,100,final,50,0.7,0.2,chessboard,414,1,2
168,2372,48,22,1,369,22,876,100,final,50,0.7,0.2,chessboard,425,3,2
168,2372,48,22,1,369,22,876,100,final,50,0.7,0.2,chessboard,427,2,2
168,2372,48,22,1,369,22,876,100,final,50,0.7,0.2,chessboard,432,2,2
168,2372,48,22,1,369,22,876,100,final,50,0.7,0.2,chessboard,441,2,2
168,2372,48,22,1,369,22,876,100,final,50,0.7,0.2,chessboard,449,2,2
168,2372,48,22,1,369,22,876,100,final,50,0.7,0.2,chessboard,458,4,2
168,2372,48,22,1,369,22,876,100,final,50,0.7,0.2,chessboard,471,1,2
168,2372,48,22,1,369,22,876,100,final,50,0.7,0.2,chessboard,486,2,2
168,2372,48,22,1,369,22,876,100,final,50,0.7,0.2,chessboard,503,4,2
168,2372,48,22,1,369,22,876,100,final,50,0.7,0.2,chessboard,521,3,2
168,2372,48,22,1,369,22,876,100,final,50,0.7,0.2,chessboard,540,2,2
168,2372,48,22,1,369,22,876,100,final,50,0.7,0.2,chessboard,567,2,2
169,2374,48,24,1,369,22,876,100,final,50,0.7,0.2,chessboard,381,2,2
169,2374,48,24,1,369,22,876,100,final,50,0.7,0.2,chessboard,393,1,2
169,2374,48,24,1,369,22,876,100,final,50,0.7,0.2,chessboard,425,1,2
169,2374,48,24,1,369,22,876,100,final,50,0.7,0.2,chessboard,441,1,2
169,2374,48,24,1,369,22,876,100,final,50,0.7,0.2,chessboard,458,3,2
169,2374,48,24,1,369,22,876,100,final,50,0.7,0.2,chessboard,471,1,2
169,2374,48,24,1,369,22,876,100,final,50,0.7,0.2,chessboard,475,2,2
169,2374,48,24,1,369,22,876,100,final,50,0.7,0.2,chessboard,486,1,2
169,2374,48,24,1,369,22,876,100,final,50,0.7,0.2,chessboard,503,2,2
169,2374,48,24,1,369,22,876,100,final,50,0.7,0.2,chessboard,514,2,2
169,2374,48,24,1,369,22,876,100,final,50,0.7,0.2,chessboard,518,1,2
169,2374,48,24,1,369,22,876,100,final,50,0.7,0.2,chessboard,521,2,2
169,2374,48,24,1,369,22,876,100,final,50,0.7,0.2,chessboard,526,1,2
169,2374,48,24,1,369,22,876,100,final,50,0.7,0.2,chessboard,546,4,2
169,2374,48,24,1,369,22,876,100,final,50,0.7,0.2,chessboard,547,6,2
169,2374,48,24,1,369,22,876,100,final,50,0.7,0.2,chessboard,567,2,2
169,2374,48,24,1,369,22,876,100,final,50,0.7,0.2,chessboard,572,1,2
169,2374,48,24,1,369,22,876,100,final,50,0.7,0.2,chessboard,589,2,2
169,2374,48,24,1,369,22,876,100,final,50,0.7,0.2,chessboard,661,1,2
170,2376,48,26,1,369,22,876,100,final,50,0.7,0.2,chessboard,383,1,2
170,2376,48,26,1,369,22,876,100,final,50,0.7,0.2,chessboard,414,1,2
170,2376,48,26,1,369,22,876,100,final,50,0.7,0.2,chessboard,425,1,2
170,2376,48,26,1,369,22,876,100,final,50,0.7,0.2,chessboard,426,1,2
170,2376,48,26,1,369,22,876,100,final,50,0.7,0.2,chessboard,450,1,2
170,2376,48,26,1,369,22,876,100,final,50,0.7,0.2,chessboard,458,3,2
170,2376,48,26,1,369,22,876,100,final,50,0.7,0.2,chessboard,475,5,2
170,2376,48,26,1,369,22,876,100,final,50,0.7,0.2,chessboard,503,1,2
170,2376,48,26,1,369,22,876,100,final,50,0.7,0.2,chessboard,504,1,2
170,2376,48,26,1,369,22,876,100,final,50,0.7,0.2,chessboard,506,3,2
170,2376,48,26,1,369,22,876,100,final,50,0.7,0.2,chessboard,524,2,2
170,2376,48,26,1,369,22,876,100,final,50,0.7,0.2,chessboard,526,2,2
170,2376,48,26,1,369,22,876,100,final,50,0.7,0.2,chessboard,540,2,2
170,2376,48,26,1,369,22,876,100,final,50,0.7,0.2,chessboard,546,1,2
170,2376,48,26,1,369,22,876,100,final,50,0.7,0.2,chessboard,547,2,2
170,2376,48,26,1,369,22,876,100,final,50,0.7,0.2,chessboard,567,2,2
170,2376,48,26,1,369,22,876,100,final,50,0.7,0.2,chessboard,572,2,2
170,2376,48,26,1,369,22,876,100,final,50,0.7,0.2,chessboard,580,1,2
170,2376,48,26,1,369,22,876,100,final,50,0.7,0.2,chessboard,615,1,2
170,2376,48,26,1,369,22,876,100,final,50,0.7,0.2,chessboard,635,1,2
171,2409,49,9,2,6,22,876,100,final,50,0.7,0.2,chessboard,564,1,2
171,2409,49,9,2,6,22,876,100,final,50,0.7,0.2,chessboard,615,1,2
171,2409,49,9,2,6,22,876,100,final,50,0.7,0.2,chessboard,669,4,2
171,2409,49,9,2,6,22,876,100,final,50,0.7,0.2,chessboard,700,2,2
171,2409,49,9,2,6,22,876,100,final,50,0.7,0.2,chessboard,724,1,2
171,2409,49,9,2,6,22,876,100,final,50,0.7,0.2,chessboard,740,2,2
171,2409,49,9,2,6,22,876,100,final,50,0.7,0.2,chessboard,748,5,2
171,2409,49,9,2,6,22,876,100,final,50,0.7,0.2,chessboard,752,1,2
171,2409,49,9,2,6,22,876,100,final,50,0.7,0.2,chessboard,816,2,2
172,2415,49,15,1,369,22,876,100,final,50,0.7,0.2,chessboard,426,1,2
172,2415,49,15,1,369,22,876,100,final,50,0.7,0.2,chessboard,440,1,2
172,2415,49,15,1,369,22,876,100,final,50,0.7,0.2,chessboard,475,1,2
172,2415,49,15,1,369,22,876,100,final,50,0.7,0.2,chessboard,486,2,2
172,2415,49,15,1,369,22,876,100,final,50,0.7,0.2,chessboard,521,2,2
172,2415,49,15,1,369,22,876,100,final,50,0.7,0.2,chessboard,546,3,2
172,2415,49,15,1,369,22,876,100,final,50,0.7,0.2,chessboard,550,3,2
172,2415,49,15,1,369,22,876,100,final,50,0.7,0.2,chessboard,558,3,2
172,2415,49,15,1,369,22,876,100,final,50,0.7,0.2,chessboard,567,2,2
172,2415,49,15,1,369,22,876,100,final,50,0.7,0.2,chessboard,578,1,2
172,2415,49,15,1,369,22,876,100,final,50,0.7,0.2,chessboard,580,6,2
172,2415,49,15,1,369,22,876,100,final,50,0.7,0.2,chessboard,597,3,2
172,2415,49,15,1,369,22,876,100,final,50,0.7,0.2,chessboard,609,1,2
172,2415,49,15,1,369,22,876,100,final,50,0.7,0.2,chessboard,675,5,2
173,2417,49,17,1,369,22,876,100,final,50,0.7,0.2,chessboard,352,1,2
173,2417,49,17,1,369,22,876,100,final,50,0.7,0.2,chessboard,445,1,2
173,2417,49,17,1,369,22,876,100,final,50,0.7,0.2,chessboard,458,1,2
173,2417,49,17,1,369,22,876,100,final,50,0.7,0.2,chessboard,471,1,2
173,2417,49,17,1,369,22,876,100,final,50,0.7,0.2,chessboard,481,1,2
173,2417,49,17,1,369,22,876,100,final,50,0.7,0.2,chessboard,486,2,2
173,2417,49,17,1,369,22,876,100,final,50,0.7,0.2,chessboard,487,2,2
173,2417,49,17,1,369,22,876,100,final,50,0.7,0.2,chessboard,488,2,2
173,2417,49,17,1,369,22,876,100,final,50,0.7,0.2,chessboard,514,1,2
173,2417,49,17,1,369,22,876,100,final,50,0.7,0.2,chessboard,516,1,2
173,2417,49,17,1,369,22,876,100,final,50,0.7,0.2,chessboard,519,2,2
173,2417,49,17,1,369,22,876,100,final,50,0.7,0.2,chessboard,521,3,2
173,2417,49,17,1,369,22,876,100,final,50,0.7,0.2,chessboard,524,1,2
173,2417,49,17,1,369,22,876,100,final,50,0.7,0.2,chessboard,526,1,2
173,2417,49,17,1,369,22,876,100,final,50,0.7,0.2,chessboard,547,1,2
173,2417,49,17,1,369,22,876,100,final,50,0.7,0.2,chessboard,558,1,2
173,2417,49,17,1,369,22,876,100,final,50,0.7,0.2,chessboard,559,4,2
173,2417,49,17,1,369,22,876,100,final,50,0.7,0.2,chessboard,564,2,2
173,2417,49,17,1,369,22,876,100,final,50,0.7,0.2,chessboard,580,2,2
173,2417,49,17,1,369,22,876,100,final,50,0.7,0.2,chessboard,589,1,2
173,2417,49,17,1,369,22,876,100,final,50,0.7,0.2,chessboard,609,1,2
174,2419,49,19,1,369,22,876,100,final,50,0.7,0.2,chessboard,347,2,2
174,2419,49,19,1,369,22,876,100,final,50,0.7,0.2,chessboard,350,1,2
174,2419,49,19,1,369,22,876,100,final,50,0.7,0.2,chessboard,355,1,2
174,2419,49,19,1,369,22,876,100,final,50,0.7,0.2,chessboard,383,1,2
174,2419,49,19,1,369,22,876,100,final,50,0.7,0.2,chessboard,396,1,2
174,2419,49,19,1,369,22,876,100,final,50,0.7,0.2,chessboard,410,1,2
174,2419,49,19,1,369,22,876,100,final,50,0.7,0.2,chessboard,414,1,2
174,2419,49,19,1,369,22,876,100,final,50,0.7,0.2,chessboard,425,2,2
174,2419,49,19,1,369,22,876,100,final,50,0.7,0.2,chessboard,432,4,2
174,2419,49,19,1,369,22,876,100,final,50,0.7,0.2,chessboard,441,2,2
174,2419,49,19,1,369,22,876,100,final,50,0.7,0.2,chessboard,449,4,2
174,2419,49,19,1,369,22,876,100,final,50,0.7,0.2,chessboard,458,2,2
174,2419,49,19,1,369,22,876,100,final,50,0.7,0.2,chessboard,471,2,2
174,2419,49,19,1,369,22,876,100,final,50,0.7,0.2,chessboard,486,3,2
174,2419,49,19,1,369,22,876,100,final,50,0.7,0.2,chessboard,488,2,2
174,2419,49,19,1,369,22,876,100,final,50,0.7,0.2,chessboard,514,1,2
174,2419,49,19,1,369,22,876,100,final,50,0.7,0.2,chessboard,521,3,2
174,2419,49,19,1,369,22,876,100,final,50,0.7,0.2,chessboard,540,1,2
174,2419,49,19,1,369,22,876,100,final,50,0.7,0.2,chessboard,546,2,2
174,2419,49,19,1,369,22,876,100,final,50,0.7,0.2,chessboard,547,1,2
174,2419,49,19,1,369,22,876,100,final,50,0.7,0.2,chessboard,559,2,2
174,2419,49,19,1,369,22,876,100,final,50,0.7,0.2,chessboard,580,1,2
175,2421,49,21,1,369,22,876,100,final,50,0.7,0.2,chessboard,280,1,2
175,2421,49,21,1,369,22,876,100,final,50,0.7,0.2,chessboard,281,1,2
175,2421,49,21,1,369,22,876,100,final,50,0.7,0.2,chessboard,326,1,2
175,2421,49,21,1,369,22,876,100,final,50,0.7,0.2,chessboard,347,1,2
175,2421,49,21,1,369,22,876,100,final,50,0.7,0.2,chessboard,350,4,2
175,2421,49,21,1,369,22,876,100,final,50,0.7,0.2,chessboard,358,1,2
175,2421,49,21,1,369,22,876,100,final,50,0.7,0.2,chessboard,397,1,2
175,2421,49,21,1,369,22,876,100,final,50,0.7,0.2,chessboard,414,1,2
175,2421,49,21,1,369,22,876,100,final,50,0.7,0.2,chessboard,425,1,2
175,2421,49,21,1,369,22,876,100,final,50,0.7,0.2,chessboard,433,2,2
175,2421,49,21,1,369,22,876,100,final,50,0.7,0.2,chessboard,438,2,2
175,2421,49,21,1,369,22,876,100,final,50,0.7,0.2,chessboard,439,1,2
175,2421,49,21,1,369,22,876,100,final,50,0.7,0.2,chessboard,441,3,2
175,2421,49,21,1,369,22,876,100,final,50,0.7,0.2,chessboard,445,2,2
175,2421,49,21,1,369,22,876,100,final,50,0.7,0.2,chessboard,449,1,2
175,2421,49,21,1,369,22,876,100,final,50,0.7,0.2,chessboard,458,7,2
175,2421,49,21,1,369,22,876,100,final,50,0.7,0.2,chessboard,471,1,2
175,2421,49,21,1,369,22,876,100,final,50,0.7,0.2,chessboard,486,3,2
175,2421,49,21,1,369,22,876,100,final,50,0.7,0.2,chessboard,487,1,2
175,2421,49,21,1,369,22,876,100,final,50,0.7,0.2,chessboard,489,1,2
175,2421,49,21,1,369,22,876,100,final,50,0.7,0.2,chessboard,504,1,2
175,2421,49,21,1,369,22,876,100,final,50,0.7,0.2,chessboard,521,1,2
175,2421,49,21,1,369,22,876,100,final,50,0.7,0.2,chessboard,524,1,2
175,2421,49,21,1,369,22,876,100,final,50,0.7,0.2,chessboard,550,2,2
175,2421,49,21,1,369,22,876,100,final,50,0.7,0.2,chessboard,564,1,2
175,2421,49,21,1,369,22,876,100,final,50,0.7,0.2,chessboard,663,1,2
176,2423,49,23,1,369,22,876,100,final,50,0.7,0.2,chessboard,358,1,2
176,2423,49,23,1,369,22,876,100,final,50,0.7,0.2,chessboard,407,1,2
176,2423,49,23,1,369,22,876,100,final,50,0.7,0.2,chessboard,441,4,2
176,2423,49,23,1,369,22,876,100,final,50,0.7,0.2,chessboard,445,1,2
176,2423,49,23,1,369,22,876,100,final,50,0.7,0.2,chessboard,449,3,2
176,2423,49,23,1,369,22,876,100,final,50,0.7,0.2,chessboard,458,2,2
176,2423,49,23,1,369,22,876,100,final,50,0.7,0.2,chessboard,471,2,2
176,2423,49,23,1,369,22,876,100,final,50,0.7,0.2,chessboard,486,1,2
176,2423,49,23,1,369,22,876,100,final,50,0.7,0.2,chessboard,489,1,2
176,2423,49,23,1,369,22,876,100,final,50,0.7,0.2,chessboard,503,1,2
176,2423,49,23,1,369,22,876,100,final,50,0.7,0.2,chessboard,504,1,2
176,2423,49,23,1,369,22,876,100,final,50,0.7,0.2,chessboard,521,2,2
176,2423,49,23,1,369,22,876,100,final,50,0.7,0.2,chessboard,524,3,2
176,2423,49,23,1,369,22,876,100,final,50,0.7,0.2,chessboard,546,4,2
176,2423,49,23,1,369,22,876,100,final,50,0.7,0.2,chessboard,547,2,2
176,2423,49,23,1,369,22,876,100,final,50,0.7,0.2,chessboard,558,1,2
176,2423,49,23,1,369,22,876,100,final,50,0.7,0.2,chessboard,564,2,2
176,2423,49,23,1,369,22,876,100,final,50,0.7,0.2,chessboard,567,1,2
176,2423,49,23,1,369,22,876,100,final,50,0.7,0.2,chessboard,580,2,2
176,2423,49,23,1,369,22,876,100,final,50,0.7,0.2,chessboard,597,1,2
177,2425,49,25,1,369,22,876,100,final,50,0.7,0.2,chessboard,445,1,2
177,2425,49,25,1,369,22,876,100,final,50,0.7,0.2,chessboard,471,1,2
177,2425,49,25,1,369,22,876,100,final,50,0.7,0.2,chessboard,486,1,2
177,2425,49,25,1,369,22,876,100,final,50,0.7,0.2,chessboard,504,1,2
177,2425,49,25,1,369,22,876,100,final,50,0.7,0.2,chessboard,514,1,2
177,2425,49,25,1,369,22,876,100,final,50,0.7,0.2,chessboard,521,1,2
177,2425,49,25,1,369,22,876,100,final,50,0.7,0.2,chessboard,524,1,2
177,2425,49,25,1,369,22,876,100,final,50,0.7,0.2,chessboard,526,1,2
177,2425,49,25,1,369,22,876,100,final,50,0.7,0.2,chessboard,540,4,2
177,2425,49,25,1,369,22,876,100,final,50,0.7,0.2,chessboard,546,2,2
177,2425,49,25,1,369,22,876,100,final,50,0.7,0.2,chessboard,547,1,2
177,2425,49,25,1,369,22,876,100,final,50,0.7,0.2,chessboard,564,1,2
177,2425,49,25,1,369,22,876,100,final,50,0.7,0.2,chessboard,567,2,2
177,2425,49,25,1,369,22,876,100,final,50,0.7,0.2,chessboard,572,7,2
177,2425,49,25,1,369,22,876,100,final,50,0.7,0.2,chessboard,578,3,2
177,2425,49,25,1,369,22,876,100,final,50,0.7,0.2,chessboard,580,2,2
177,2425,49,25,1,369,22,876,100,final,50,0.7,0.2,chessboard,597,2,2
177,2425,49,25,1,369,22,876,100,final,50,0.7,0.2,chessboard,609,1,2
177,2425,49,25,1,369,22,876,100,final,50,0.7,0.2,chessboard,628,2,2
177,2425,49,25,1,369,22,876,100,final,50,0.7,0.2,chessboard,642,1,2
177,2425,49,25,1,369,22,876,100,final,50,0.7,0.2,chessboard,650,1,2
177,2425,49,25,1,369,22,876,100,final,50,0.7,0.2,chessboard,661,1,2
177,2425,49,25,1,369,22,876,100,final,50,0.7,0.2,chessboard,663,1,2
177,2425,49,25,1,369,22,876,100,final,50,0.7,0.2,chessboard,768,1,2
178,2427,49,27,1,369,22,876,100,final,50,0.7,0.2,chessboard,441,1,2
178,2427,49,27,1,369,22,876,100,final,50,0.7,0.2,chessboard,458,2,2
178,2427,49,27,1,369,22,876,100,final,50,0.7,0.2,chessboard,504,2,2
178,2427,49,27,1,369,22,876,100,final,50,0.7,0.2,chessboard,524,2,2
178,2427,49,27,1,369,22,876,100,final,50,0.7,0.2,chessboard,546,3,2
178,2427,49,27,1,369,22,876,100,final,50,0.7,0.2,chessboard,547,1,2
178,2427,49,27,1,369,22,876,100,final,50,0.7,0.2,chessboard,564,4,2
178,2427,49,27,1,369,22,876,100,final,50,0.7,0.2,chessboard,567,1,2
178,2427,49,27,1,369,22,876,100,final,50,0.7,0.2,chessboard,572,1,2
178,2427,49,27,1,369,22,876,100,final,50,0.7,0.2,chessboard,580,3,2
178,2427,49,27,1,369,22,876,100,final,50,0.7,0.2,chessboard,609,3,2
178,2427,49,27,1,369,22,876,100,final,50,0.7,0.2,chessboard,642,6,2
178,2427,49,27,1,369,22,876,100,final,50,0.7,0.2,chessboard,650,1,2
178,2427,49,27,1,369,22,876,100,final,50,0.7,0.2,chessboard,729,1,2
178,2427,49,27,1,369,22,876,100,final,50,0.7,0.2,chessboard,738,1,2
178,2427,49,27,1,369,22,876,100,final,50,0.7,0.2,chessboard,750,1,2
178,2427,49,27,1,369,22,876,100,final,50,0.7,0.2,chessboard,751,1,2
178,2427,49,27,1,369,22,876,100,final,50,0.7,0.2,chessboard,772,1,2
178,2427,49,27,1,369,22,876,100,final,50,0.7,0.2,chessboard,790,1,2
178,2427,49,27,1,369,22,876,100,final,50,0.7,0.2,chessboard,798,1,2
179,2466,50,16,1,369,22,876,100,final,50,0.7,0.2,chessboard,414,1,2
179,2466,50,16,1,369,22,876,100,final,50,0.7,0.2,chessboard,445,1,2
179,2466,50,16,1,369,22,876,100,final,50,0.7,0.2,chessboard,471,1,2
179,2466,50,16,1,369,22,876,100,final,50,0.7,0.2,chessboard,486,2,2
179,2466,50,16,1,369,22,876,100,final,50,0.7,0.2,chessboard,518,1,2
179,2466,50,16,1,369,22,876,100,final,50,0.7,0.2,chessboard,519,3,2
179,2466,50,16,1,369,22,876,100,final,50,0.7,0.2,chessboard,524,1,2
179,2466,50,16,1,369,22,876,100,final,50,0.7,0.2,chessboard,546,2,2
179,2466,50,16,1,369,22,876,100,final,50,0.7,0.2,chessboard,559,1,2
179,2466,50,16,1,369,22,876,100,final,50,0.7,0.2,chessboard,572,2,2
179,2466,50,16,1,369,22,876,100,final,50,0.7,0.2,chessboard,580,6,2
179,2466,50,16,1,369,22,876,100,final,50,0.7,0.2,chessboard,609,1,2
179,2466,50,16,1,369,22,876,100,final,50,0.7,0.2,chessboard,615,1,2
179,2466,50,16,1,369,22,876,100,final,50,0.7,0.2,chessboard,656,1,2
179,2466,50,16,1,369,22,876,100,final,50,0.7,0.2,chessboard,663,3,2
179,2466,50,16,1,369,22,876,100,final,50,0.7,0.2,chessboard,689,1,2
180,2468,50,18,1,369,22,876,100,final,50,0.7,0.2,chessboard,441,1,2
180,2468,50,18,1,369,22,876,100,final,50,0.7,0.2,chessboard,458,4,2
180,2468,50,18,1,369,22,876,100,final,50,0.7,0.2,chessboard,471,3,2
180,2468,50,18,1,369,22,876,100,final,50,0.7,0.2,chessboard,481,1,2
180,2468,50,18,1,369,22,876,100,final,50,0.7,0.2,chessboard,486,3,2
180,2468,50,18,1,369,22,876,100,final,50,0.7,0.2,chessboard,487,1,2
180,2468,50,18,1,369,22,876,100,final,50,0.7,0.2,chessboard,496,6,2
180,2468,50,18,1,369,22,876,100,final,50,0.7,0.2,chessboard,506,1,2
180,2468,50,18,1,369,22,876,100,final,50,0.7,0.2,chessboard,514,1,2
180,2468,50,18,1,369,22,876,100,final,50,0.7,0.2,chessboard,521,6,2
180,2468,50,18,1,369,22,876,100,final,50,0.7,0.2,chessboard,546,4,2
180,2468,50,18,1,369,22,876,100,final,50,0.7,0.2,chessboard,547,1,2
180,2468,50,18,1,369,22,876,100,final,50,0.7,0.2,chessboard,550,2,2
180,2468,50,18,1,369,22,876,100,final,50,0.7,0.2,chessboard,564,1,2
180,2468,50,18,1,369,22,876,100,final,50,0.7,0.2,chessboard,580,1,2
180,2468,50,18,1,369,22,876,100,final,50,0.7,0.2,chessboard,581,1,2
180,2468,50,18,1,369,22,876,100,final,50,0.7,0.2,chessboard,609,1,2
180,2468,50,18,1,369,22,876,100,final,50,0.7,0.2,chessboard,663,2,2
180,2468,50,18,1,369,22,876,100,final,50,0.7,0.2,chessboard,738,1,2
181,2470,50,20,1,369,22,876,100,final,50,0.7,0.2,chessboard,355,1,2
181,2470,50,20,1,369,22,876,100,final,50,0.7,0.2,chessboard,359,2,2
181,2470,50,20,1,369,22,876,100,final,50,0.7,0.2,chessboard,383,1,2
181,2470,50,20,1,369,22,876,100,final,50,0.7,0.2,chessboard,412,1,2
181,2470,50,20,1,369,22,876,100,final,50,0.7,0.2,chessboard,414,2,2
181,2470,50,20,1,369,22,876,100,final,50,0.7,0.2,chessboard,425,1,2
181,2470,50,20,1,369,22,876,100,final,50,0.7,0.2,chessboard,427,2,2
181,2470,50,20,1,369,22,876,100,final,50,0.7,0.2,chessboard,432,1,2
181,2470,50,20,1,369,22,876,100,final,50,0.7,0.2,chessboard,441,1,2
181,2470,50,20,1,369,22,876,100,final,50,0.7,0.2,chessboard,449,1,2
181,2470,50,20,1,369,22,876,100,final,50,0.7,0.2,chessboard,458,4,2
181,2470,50,20,1,369,22,876,100,final,50,0.7,0.2,chessboard,471,2,2
181,2470,50,20,1,369,22,876,100,final,50,0.7,0.2,chessboard,486,3,2
181,2470,50,20,1,369,22,876,100,final,50,0.7,0.2,chessboard,489,1,2
181,2470,50,20,1,369,22,876,100,final,50,0.7,0.2,chessboard,514,1,2
181,2470,50,20,1,369,22,876,100,final,50,0.7,0.2,chessboard,518,1,2
181,2470,50,20,1,369,22,876,100,final,50,0.7,0.2,chessboard,521,3,2
181,2470,50,20,1,369,22,876,100,final,50,0.7,0.2,chessboard,524,1,2
181,2470,50,20,1,369,22,876,100,final,50,0.7,0.2,chessboard,526,2,2
181,2470,50,20,1,369,22,876,100,final,50,0.7,0.2,chessboard,527,1,2
181,2470,50,20,1,369,22,876,100,final,50,0.7,0.2,chessboard,550,1,2
181,2470,50,20,1,369,22,876,100,final,50,0.7,0.2,chessboard,567,3,2
181,2470,50,20,1,369,22,876,100,final,50,0.7,0.2,chessboard,578,1,2
181,2470,50,20,1,369,22,876,100,final,50,0.7,0.2,chessboard,580,2,2
181,2470,50,20,1,369,22,876,100,final,50,0.7,0.2,chessboard,609,3,2
182,2472,50,22,1,369,22,876,100,final,50,0.7,0.2,chessboard,427,1,2
182,2472,50,22,1,369,22,876,100,final,50,0.7,0.2,chessboard,441,1,2
182,2472,50,22,1,369,22,876,100,final,50,0.7,0.2,chessboard,445,3,2
182,2472,50,22,1,369,22,876,100,final,50,0.7,0.2,chessboard,449,4,2
182,2472,50,22,1,369,22,876,100,final,50,0.7,0.2,chessboard,458,2,2
182,2472,50,22,1,369,22,876,100,final,50,0.7,0.2,chessboard,471,2,2
182,2472,50,22,1,369,22,876,100,final,50,0.7,0.2,chessboard,486,1,2
182,2472,50,22,1,369,22,876,100,final,50,0.7,0.2,chessboard,487,1,2
182,2472,50,22,1,369,22,876,100,final,50,0.7,0.2,chessboard,504,1,2
182,2472,50,22,1,369,22,876,100,final,50,0.7,0.2,chessboard,521,3,2
182,2472,50,22,1,369,22,876,100,final,50,0.7,0.2,chessboard,524,1,2
182,2472,50,22,1,369,22,876,100,final,50,0.7,0.2,chessboard,526,1,2
182,2472,50,22,1,369,22,876,100,final,50,0.7,0.2,chessboard,527,2,2
182,2472,50,22,1,369,22,876,100,final,50,0.7,0.2,chessboard,546,1,2
182,2472,50,22,1,369,22,876,100,final,50,0.7,0.2,chessboard,547,2,2
182,2472,50,22,1,369,22,876,100,final,50,0.7,0.2,chessboard,558,2,2
182,2472,50,22,1,369,22,876,100,final,50,0.7,0.2,chessboard,564,2,2
182,2472,50,22,1,369,22,876,100,final,50,0.7,0.2,chessboard,567,2,2
182,2472,50,22,1,369,22,876,100,final,50,0.7,0.2,chessboard,572,1,2
182,2472,50,22,1,369,22,876,100,final,50,0.7,0.2,chessboard,597,2,2
182,2472,50,22,1,369,22,876,100,final,50,0.7,0.2,chessboard,671,1,2
183,2474,50,24,1,369,22,876,100,final,50,0.7,0.2,chessboard,425,1,2
183,2474,50,24,1,369,22,876,100,final,50,0.7,0.2,chessboard,449,1,2
183,2474,50,24,1,369,22,876,100,final,50,0.7,0.2,chessboard,458,3,2
183,2474,50,24,1,369,22,876,100,final,50,0.7,0.2,chessboard,471,4,2
183,2474,50,24,1,369,22,876,100,final,50,0.7,0.2,chessboard,504,1,2
183,2474,50,24,1,369,22,876,100,final,50,0.7,0.2,chessboard,506,1,2
183,2474,50,24,1,369,22,876,100,final,50,0.7,0.2,chessboard,521,1,2
183,2474,50,24,1,369,22,876,100,final,50,0.7,0.2,chessboard,524,1,2
183,2474,50,24,1,369,22,876,100,final,50,0.7,0.2,chessboard,526,1,2
183,2474,50,24,1,369,22,876,100,final,50,0.7,0.2,chessboard,540,3,2
183,2474,50,24,1,369,22,876,100,final,50,0.7,0.2,chessboard,546,4,2
183,2474,50,24,1,369,22,876,100,final,50,0.7,0.2,chessboard,547,6,2
183,2474,50,24,1,369,22,876,100,final,50,0.7,0.2,chessboard,572,4,2
183,2474,50,24,1,369,22,876,100,final,50,0.7,0.2,chessboard,578,2,2
183,2474,50,24,1,369,22,876,100,final,50,0.7,0.2,chessboard,580,2,2
183,2474,50,24,1,369,22,876,100,final,50,0.7,0.2,chessboard,589,2,2
183,2474,50,24,1,369,22,876,100,final,50,0.7,0.2,chessboard,597,1,2
183,2474,50,24,1,369,22,876,100,final,50,0.7,0.2,chessboard,635,1,2
183,2474,50,24,1,369,22,876,100,final,50,0.7,0.2,chessboard,663,1,2
183,2474,50,24,1,369,22,876,100,final,50,0.7,0.2,chessboard,680,1,2
183,2474,50,24,1,369,22,876,100,final,50,0.7,0.2,chessboard,729,1,2
184,2476,50,26,1,369,22,876,100,final,50,0.7,0.2,chessboard,458,1,2
184,2476,50,26,1,369,22,876,100,final,50,0.7,0.2,chessboard,540,1,2
184,2476,50,26,1,369,22,876,100,final,50,0.7,0.2,chessboard,546,5,2
184,2476,50,26,1,369,22,876,100,final,50,0.7,0.2,chessboard,547,2,2
184,2476,50,26,1,369,22,876,100,final,50,0.7,0.2,chessboard,564,1,2
184,2476,50,26,1,369,22,876,100,final,50,0.7,0.2,chessboard,567,1,2
184,2476,50,26,1,369,22,876,100,final,50,0.7,0.2,chessboard,578,1,2
184,2476,50,26,1,369,22,876,100,final,50,0.7,0.2,chessboard,580,1,2
184,2476,50,26,1,369,22,876,100,final,50,0.7,0.2,chessboard,591,1,2
184,2476,50,26,1,369,22,876,100,final,50,0.7,0.2,chessboard,597,1,2
184,2476,50,26,1,369,22,876,100,final,50,0.7,0.2,chessboard,628,1,2
184,2476,50,26,1,369,22,876,100,final,50,0.7,0.2,chessboard,635,5,2
184,2476,50,26,1,369,22,876,100,final,50,0.7,0.2,chessboard,642,3,2
184,2476,50,26,1,369,22,876,100,final,50,0.7,0.2,chessboard,650,1,2
184,2476,50,26,1,369,22,876,100,final,50,0.7,0.2,chessboard,663,1,2
184,2476,50,26,1,369,22,876,100,final,50,0.7,0.2,chessboard,667,2,2
184,2476,50,26,1,369,22,876,100,final,50,0.7,0.2,chessboard,696,2,2
184,2476,50,26,1,369,22,876,100,final,50,0.7,0.2,chessboard,729,2,2
184,2476,50,26,1,369,22,876,100,final,50,0.7,0.2,chessboard,746,1,2
184,2476,50,26,1,369,22,876,100,final,50,0.7,0.2,chessboard,751,1,2
185,2478,50,28,1,369,22,876,100,final,50,0.7,0.2,chessboard,567,1,2
185,2478,50,28,1,369,22,876,100,final,50,0.7,0.2,chessboard,642,1,2
185,2478,50,28,1,369,22,876,100,final,50,0.7,0.2,chessboard,650,1,2
185,2478,50,28,1,369,22,876,100,final,50,0.7,0.2,chessboard,663,1,2
185,2478,50,28,1,369,22,876,100,final,50,0.7,0.2,chessboard,680,1,2
185,2478,50,28,1,369,22,876,100,final,50,0.7,0.2,chessboard,696,3,2
185,2478,50,28,1,369,22,876,100,final,50,0.7,0.2,chessboard,729,1,2
185,2478,50,28,1,369,22,876,100,final,50,0.7,0.2,chessboard,738,3,2
185,2478,50,28,1,369,22,876,100,final,50,0.7,0.2,chessboard,739,1,2
185,2478,50,28,1,369,22,876,100,final,50,0.7,0.2,chessboard,750,8,2
185,2478,50,28,1,369,22,876,100,final,50,0.7,0.2,chessboard,751,2,2
185,2478,50,28,1,369,22,876,100,final,50,0.7,0.2,chessboard,752,1,2
185,2478,50,28,1,369,22,876,100,final,50,0.7,0.2,chessboard,762,1,2
185,2478,50,28,1,369,22,876,100,final,50,0.7,0.2,chessboard,772,1,2
185,2478,50,28,1,369,22,876,100,final,50,0.7,0.2,chessboard,778,3,2
185,2478,50,28,1,369,22,876,100,final,50,0.7,0.2,chessboard,784,1,2
185,2478,50,28,1,369,22,876,100,final,50,0.7,0.2,chessboard,798,1,2
185,2478,50,28,1,369,22,876,100,final,50,0.7,0.2,chessboard,799,2,2
185,2478,50,28,1,369,22,876,100,final,50,0.7,0.2,chessboard,815,1,2
185,2478,50,28,1,369,22,876,100,final,50,0.7,0.2,chessboard,825,1,2
185,2478,50,28,1,369,22,876,100,final,50,0.7,0.2,chessboard,828,2,2
