sim_id,master_seed,grid_size,fragmentation,ac_amount,habitat,niche_breadth,edge_effect,dispersal,dispersal_dist,step,step_label,samp_method,sample_id,cell_id,x_loc,y_loc,patch_id,patch_size,species_id,n
39,893,50,0.8,0.7,0.15,0.1,1,1,2,40,"post_fragmentation","chessboard",1,5,1,5,1,5,56,1
39,893,50,0.8,0.7,0.15,0.1,1,1,2,40,"post_fragmentation","chessboard",1,5,1,5,1,5,89,1
39,893,50,0.8,0.7,0.15,0.1,1,1,2,40,"post_fragmentation","chessboard",1,5,1,5,1,5,98,1
39,893,50,0.8,0.7,0.15,0.1,1,1,2,40,"post_fragmentation","chessboard",1,5,1,5,1,5,113,1
39,893,50,0.8,0.7,0.15,0.1,1,1,2,40,"post_fragmentation","chessboard",1,5,1,5,1,5,115,1
39,893,50,0.8,0.7,0.15,0.1,1,1,2,40,"post_fragmentation","chessboard",1,5,1,5,1,5,121,1
39,893,50,0.8,0.7,0.15,0.1,1,1,2,40,"post_fragmentation","chessboard",1,5,1,5,1,5,133,1
39,893,50,0.8,0.7,0.15,0.1,1,1,2,40,"post_fragmentation","chessboard",1,5,1,5,1,5,139,1
39,893,50,0.8,0.7,0.15,0.1,1,1,2,40,"post_fragmentation","chessboard",1,5,1,5,1,5,140,1
39,893,50,0.8,0.7,0.15,0.1,1,1,2,40,"post_fragmentation","chessboard",1,5,1,5,1,5,144,1
39,893,50,0.8,0.7,0.15,0.1,1,1,2,40,"post_fragmentation","chessboard",1,5,1,5,1,5,147,2
39,893,50,0.8,0.7,0.15,0.1,1,1,2,40,"post_fragmentation","chessboard",1,5,1,5,1,5,149,1
39,893,50,0.8,0.7,0.15,0.1,1,1,2,40,"post_fragmentation","chessboard",1,5,1,5,1,5,173,3
39,893,50,0.8,0.7,0.15,0.1,1,1,2,40,"post_fragmentation","chessboard",1,5,1,5,1,5,175,3
39,893,50,0.8,0.7,0.15,0.1,1,1,2,40,"post_fragmentation","chessboard",1,5,1,5,1,5,185,2
39,893,50,0.8,0.7,0.15,0.1,1,1,2,40,"post_fragmentation","chessboard",1,5,1,5,1,5,189,1
39,893,50,0.8,0.7,0.15,0.1,1,1,2,40,"post_fragmentation","chessboard",1,5,1,5,1,5,192,1
39,893,50,0.8,0.7,0.15,0.1,1,1,2,40,"post_fragmentation","chessboard",1,5,1,5,1,5,219,2
39,893,50,0.8,0.7,0.15,0.1,1,1,2,40,"post_fragmentation","chessboard",1,5,1,5,1,5,232,1
39,893,50,0.8,0.7,0.15,0.1,1,1,2,40,"post_fragmentation","chessboard",1,5,1,5,1,5,254,2
39,893,50,0.8,0.7,0.15,0.1,1,1,2,40,"post_fragmentation","chessboard",1,5,1,5,1,5,257,1
39,893,50,0.8,0.7,0.15,0.1,1,1,2,40,"post_fragmentation","chessboard",1,5,1,5,1,5,270,1
39,893,50,0.8,0.7,0.15,0.1,1,1,2,40,"post_fragmentation","chessboard",1,5,1,5,1,5,284,1
39,893,50,0.8,0.7,0.15,0.1,1,1,2,40,"post_fragmentation","chessboard",1,5,1,5,1,5,333,1
39,893,50,0.8,0.7,0.15,0.1,1,1,2,40,"post_fragmentation","chessboard",1,5,1,5,1,5,358,1
39,893,50,0.8,0.7,0.15,0.1,1,1,2,40,"post_fragmentation","chessboard",1,5,1,5,1,5,390,1
39,893,50,0.8,0.7,0.15,0.1,1,1,2,40,"post_fragmentation","chessboard",2,23,1,23,3,25,316,1
39,893,50,0.8,0.7,0.15,0.1,1,1,2,40,"post_fragmentation","chessboard",2,23,1,23,3,25,407,1
39,893,50,0.8,0.7,0.15,0.1,1,1,2,40,"post_fragmentation","chessboard",2,23,1,23,3,25,419,1
39,893,50,0.8,0.7,0.15,0.1,1,1,2,40,"post_fragmentation","chessboard",2,23,1,23,3,25,426,1
39,893,50,0.8,0.7,0.15,0.1,1,1,2,40,"post_fragmentation","chessboard",2,23,1,23,3,25,430,1
39,893,50,0.8,0.7,0.15,0.1,1,1,2,40,"post_fragmentation","chessboard",2,23,1,23,3,25,433,2
39,893,50,0.8,0.7,0.15,0.1,1,1,2,40,"post_fragmentation","chessboard",2,23,1,23,3,25,435,1
39,893,50,0.8,0.7,0.15,0.1,1,1,2,40,"post_fragmentation","chessboard",2,23,1,23,3,25,450,2
39,893,50,0.8,0.7,0.15,0.1,1,1,2,40,"post_fragmentation","chessboard",2,23,1,23,3,25,451,1
39,893,50,0.8,0.7,0.15,0.1,1,1,2,40,"post_fragmentation","chessboard",2,23,1,23,3,25,460,2
39,893,50,0.8,0.7,0.15,0.1,1,1,2,40,"post_fragmentation","chessboard",2,23,1,23,3,25,461,1
39,893,50,0.8,0.7,0.15,0.1,1,1,2,40,"post_fragmentation","chessboard",2,23,1,23,3,25,465,1
39,893,50,0.8,0.7,0.15,0.1,1,1,2,40,"post_fragmentation","chessboard",2,23,1,23,3,25,471,1
39,893,50,0.8,0.7,0.15,0.1,1,1,2,40,"post_fragmentation","chessboard",2,23,1,23,3,25,476,1
39,893,50,0.8,0.7,0.15,0.1,1,1,2,40,"post_fragmentation","chessboard",2,23,1,23,3,25,480,3
39,893,50,0.8,0.7,0.15,0.1,1,1,2,40,"post_fragmentation","chessboard",2,23,1,23,3,25,485,1
39,893,50,0.8,0.7,0.15,0.1,1,1,2,40,"post_fragmentation","chessboard",2,23,1,23,3,25,508,1
39,893,50,0.8,0.7,0.15,0.1,1,1,2,40,"post_fragmentation","chessboard",2,23,1,23,3,25,519,5
39,893,50,0.8,0.7,0.15,0.1,1,1,2,40,"post_fragmentation","chessboard",2,23,1,23,3,25,546,3
39,893,50,0.8,0.7,0.15,0.1,1,1,2,40,"post_fragmentation","chessboard",2,23,1,23,3,25,548,1
39,893,50,0.8,0.7,0.15,0.1,1,1,2,40,"post_fragmentation","chessboard",2,23,1,23,3,25,549,1
39,893,50,0.8,0.7,0.15,0.1,1,1,2,40,"post_fragmentation","chessboard",2,23,1,23,3,25,558,1
39,893,50,0.8,0.7,0.15,0.1,1,1,2,40,"post_fragmentation","chessboard",2,23,1,23,3,25,560,1
39,893,50,0.8,0.7,0.15,0.1,1,1,2,40,"post_fragmentation","chessboard",2,23,1,23,3,25,569,1
39,893,50,0.8,0.7,0.15,0.1,1,1,2,40,"post_fragmentation","chessboard",2,23,1,23,3,25,581,1
39,893,50,0.8,0.7,0.15,0.1,1,1,2,40,"post_fragmentation","chessboard",2,23,1,23,3,25,610,1
39,893,50,0.8,0.7,0.15,0.1,1,1,2,40,"post_fragmentation","chessboard",2,23,1,23,3,25,611,1
39,893,50,0.8,0.7,0.15,0.1,1,1,2,40,"post_fragmentation","chessboard",3,45,1,45,6,4,360,1
39,893,50,0.8,0.7,0.15,0.1,1,1,2,40,"post_fragmentation","chessboard",3,45,1,45,6,4,419,2
39,893,50,0.8,0.7,0.15,0.1,1,1,2,40,"post_fragmentation","chessboard",3,45,1,45,6,4,489,2
39,893,50,0.8,0.7,0.15,0.1,1,1,2,40,"post_fragmentation","chessboard",3,45,1,45,6,4,491,1
39,893,50,0.8,0.7,0.15,0.1,1,1,2,40,"post_fragmentation","chessboard",3,45,1,45,6,4,513,2
39,893,50,0.8,0.7,0.15,0.1,1,1,2,40,"post_fragmentation","chessboard",3,45,1,45,6,4,516,1
39,893,50,0.8,0.7,0.15,0.1,1,1,2,40,"post_fragmentation","chessboard",3,45,1,45,6,4,534,1
39,893,50,0.8,0.7,0.15,0.1,1,1,2,40,"post_fragmentation","chessboard",3,45,1,45,6,4,535,1
39,893,50,0.8,0.7,0.15,0.1,1,1,2,40,"post_fragmentation","chessboard",3,45,1,45,6,4,554,1
39,893,50,0.8,0.7,0.15,0.1,1,1,2,40,"post_fragmentation","chessboard",3,45,1,45,6,4,559,3
39,893,50,0.8,0.7,0.15,0.1,1,1,2,40,"post_fragmentation","chessboard",3,45,1,45,6,4,566,2
39,893,50,0.8,0.7,0.15,0.1,1,1,2,40,"post_fragmentation","chessboard",3,45,1,45,6,4,570,2
39,893,50,0.8,0.7,0.15,0.1,1,1,2,40,"post_fragmentation","chessboard",3,45,1,45,6,4,577,3
39,893,50,0.8,0.7,0.15,0.1,1,1,2,40,"post_fragmentation","chessboard",3,45,1,45,6,4,595,4
39,893,50,0.8,0.7,0.15,0.1,1,1,2,40,"post_fragmentation","chessboard",3,45,1,45,6,4,598,2
39,893,50,0.8,0.7,0.15,0.1,1,1,2,40,"post_fragmentation","chessboard",3,45,1,45,6,4,607,1
39,893,50,0.8,0.7,0.15,0.1,1,1,2,40,"post_fragmentation","chessboard",3,45,1,45,6,4,608,1
39,893,50,0.8,0.7,0.15,0.1,1,1,2,40,"post_fragmentation","chessboard",3,45,1,45,6,4,621,1
39,893,50,0.8,0.7,0.15,0.1,1,1,2,40,"post_fragmentation","chessboard",3,45,1,45,6,4,624,2
39,893,50,0.8,0.7,0.15,0.1,1,1,2,40,"post_fragmentation","chessboard",3,45,1,45,6,4,627,1
39,893,50,0.8,0.7,0.15,0.1,1,1,2,40,"post_fragmentation","chessboard",3,45,1,45,6,4,631,1
39,893,50,0.8,0.7,0.15,0.1,1,1,2,40,"post_fragmentation","chessboard",3,45,1,45,6,4,644,1
39,893,50,0.8,0.7,0.15,0.1,1,1,2,40,"post_fragmentation","chessboard",3,45,1,45,6,4,666,1
39,893,50,0.8,0.7,0.15,0.1,1,1,2,40,"post_fragmentation","chessboard",4,54,2,4,1,5,133,1
39,893,50,0.8,0.7,0.15,0.1,1,1,2,40,"post_fragmentation","chessboard",4,54,2,4,1,5,135,1
39,893,50,0.8,0.7,0.15,0.1,1,1,2,40,"post_fragmentation","chessboard",4,54,2,4,1,5,136,1
39,893,50,0.8,0.7,0.15,0.1,1,1,2,40,"post_fragmentation","chessboard",4,54,2,4,1,5,141,1
39,893,50,0.8,0.7,0.15,0.1,1,1,2,40,"post_fragmentation","chessboard",4,54,2,4,1,5,146,1
39,893,50,0.8,0.7,0.15,0.1,1,1,2,40,"post_fragmentation","chessboard",4,54,2,4,1,5,147,1
39,893,50,0.8,0.7,0.15,0.1,1,1,2,40,"post_fragmentation","chessboard",4,54,2,4,1,5,149,1
39,893,50,0.8,0.7,0.15,0.1,1,1,2,40,"post_fragmentation","chessboard",4,54,2,4,1,5,173,1
39,893,50,0.8,0.7,0.15,0.1,1,1,2,40,"post_fragmentation","chessboard",4,54,2,4,1,5,174,1
39,893,50,0.8,0.7,0.15,0.1,1,1,2,40,"post_fragmentation","chessboard",4,54,2,4,1,5,179,3
39,893,50,0.8,0.7,0.15,0.1,1,1,2,40,"post_fragmentation","chessboard",4,54,2,4,1,5,180,1
39,893,50,0.8,0.7,0.15,0.1,1,1,2,40,"post_fragmentation","chessboard",4,54,2,4,1,5,192,3
39,893,50,0.8,0.7,0.15,0.1,1,1,2,40,"post_fragmentation","chessboard",4,54,2,4,1,5,212,1
39,893,50,0.8,0.7,0.15,0.1,1,1,2,40,"post_fragmentation","chessboard",4,54,2,4,1,5,246,1
39,893,50,0.8,0.7,0.15,0.1,1,1,2,40,"post_fragmentation","chessboard",4,54,2,4,1,5,254,2
39,893,50,0.8,0.7,0.15,0.1,1,1,2,40,"post_fragmentation","chessboard",4,54,2,4,1,5,256,2
39,893,50,0.8,0.7,0.15,0.1,1,1,2,40,"post_fragmentation","chessboard",4,54,2,4,1,5,284,4
39,893,50,0.8,0.7,0.15,0.1,1,1,2,40,"post_fragmentation","chessboard",4,54,2,4,1,5,287,3
39,893,50,0.8,0.7,0.15,0.1,1,1,2,40,"post_fragmentation","chessboard",4,54,2,4,1,5,293,2
39,893,50,0.8,0.7,0.15,0.1,1,1,2,40,"post_fragmentation","chessboard",4,54,2,4,1,5,310,1
39,893,50,0.8,0.7,0.15,0.1,1,1,2,40,"post_fragmentation","chessboard",4,54,2,4,1,5,326,2
39,893,50,0.8,0.7,0.15,0.1,1,1,2,40,"post_fragmentation","chessboard",4,54,2,4,1,5,357,1
39,893,50,0.8,0.7,0.15,0.1,1,1,2,40,"post_fragmentation","chessboard",4,54,2,4,1,5,390,1
39,893,50,0.8,0.7,0.15,0.1,1,1,2,40,"post_fragmentation","chessboard",5,82,2,32,4,3,569,1
39,893,50,0.8,0.7,0.15,0.1,1,1,2,40,"post_fragmentation","chessboard",5,82,2,32,4,3,582,1
39,893,50,0.8,0.7,0.15,0.1,1,1,2,40,"post_fragmentation","chessboard",5,82,2,32,4,3,611,2
39,893,50,0.8,0.7,0.15,0.1,1,1,2,40,"post_fragmentation","chessboard",5,82,2,32,4,3,627,1
39,893,50,0.8,0.7,0.15,0.1,1,1,2,40,"post_fragmentation","chessboard",5,82,2,32,4,3,629,1
39,893,50,0.8,0.7,0.15,0.1,1,1,2,40,"post_fragmentation","chessboard",5,82,2,32,4,3,631,1
39,893,50,0.8,0.7,0.15,0.1,1,1,2,40,"post_fragmentation","chessboard",5,82,2,32,4,3,634,2
39,893,50,0.8,0.7,0.15,0.1,1,1,2,40,"post_fragmentation","chessboard",5,82,2,32,4,3,646,1
39,893,50,0.8,0.7,0.15,0.1,1,1,2,40,"post_fragmentation","chessboard",5,82,2,32,4,3,647,1
39,893,50,0.8,0.7,0.15,0.1,1,1,2,40,"post_fragmentation","chessboard",5,82,2,32,4,3,649,1
39,893,50,0.8,0.7,0.15,0.1,1,1,2,40,"post_fragmentation","chessboard",5,82,2,32,4,3,659,1
39,893,50,0.8,0.7,0.15,0.1,1,1,2,40,"post_fragmentation","chessboard",5,82,2,32,4,3,666,1
39,893,50,0.8,0.7,0.15,0.1,1,1,2,40,"post_fragmentation","chessboard",5,82,2,32,4,3,670,2
39,893,50,0.8,0.7,0.15,0.1,1,1,2,40,"post_fragmentation","chessboard",5,82,2,32,4,3,671,2
39,893,50,0.8,0.7,0.15,0.1,1,1,2,40,"post_fragmentation","chessboard",5,82,2,32,4,3,673,1
39,893,50,0.8,0.7,0.15,0.1,1,1,2,40,"post_fragmentation","chessboard",5,82,2,32,4,3,674,4
39,893,50,0.8,0.7,0.15,0.1,1,1,2,40,"post_fragmentation","chessboard",5,82,2,32,4,3,682,1
39,893,50,0.8,0.7,0.15,0.1,1,1,2,40,"post_fragmentation","chessboard",5,82,2,32,4,3,686,2
39,893,50,0.8,0.7,0.15,0.1,1,1,2,40,"post_fragmentation","chessboard",5,82,2,32,4,3,687,4
39,893,50,0.8,0.7,0.15,0.1,1,1,2,40,"post_fragmentation","chessboard",5,82,2,32,4,3,689,2
39,893,50,0.8,0.7,0.15,0.1,1,1,2,40,"post_fragmentation","chessboard",5,82,2,32,4,3,691,1
39,893,50,0.8,0.7,0.15,0.1,1,1,2,40,"post_fragmentation","chessboard",5,82,2,32,4,3,705,1
39,893,50,0.8,0.7,0.15,0.1,1,1,2,40,"post_fragmentation","chessboard",5,82,2,32,4,3,706,2
39,893,50,0.8,0.7,0.15,0.1,1,1,2,40,"post_fragmentation","chessboard",5,82,2,32,4,3,713,1
39,893,50,0.8,0.7,0.15,0.1,1,1,2,40,"post_fragmentation","chessboard",5,82,2,32,4,3,731,1
39,893,50,0.8,0.7,0.15,0.1,1,1,2,40,"post_fragmentation","chessboard",5,82,2,32,4,3,732,1
39,893,50,0.8,0.7,0.15,0.1,1,1,2,40,"post_fragmentation","chessboard",5,82,2,32,4,3,761,1
39,893,50,0.8,0.7,0.15,0.1,1,1,2,40,"post_fragmentation","chessboard",5,82,2,32,4,3,778,1
39,893,50,0.8,0.7,0.15,0.1,1,1,2,40,"post_fragmentation","chessboard",5,82,2,32,4,3,854,1
39,893,50,0.8,0.7,0.15,0.1,1,1,2,40,"post_fragmentation","chessboard",6,94,2,44,6,4,466,1
39,893,50,0.8,0.7,0.15,0.1,1,1,2,40,"post_fragmentation","chessboard",6,94,2,44,6,4,492,1
39,893,50,0.8,0.7,0.15,0.1,1,1,2,40,"post_fragmentation","chessboard",6,94,2,44,6,4,510,1
39,893,50,0.8,0.7,0.15,0.1,1,1,2,40,"post_fragmentation","chessboard",6,94,2,44,6,4,516,1
39,893,50,0.8,0.7,0.15,0.1,1,1,2,40,"post_fragmentation","chessboard",6,94,2,44,6,4,554,1
39,893,50,0.8,0.7,0.15,0.1,1,1,2,40,"post_fragmentation","chessboard",6,94,2,44,6,4,559,2
39,893,50,0.8,0.7,0.15,0.1,1,1,2,40,"post_fragmentation","chessboard",6,94,2,44,6,4,570,1
39,893,50,0.8,0.7,0.15,0.1,1,1,2,40,"post_fragmentation","chessboard",6,94,2,44,6,4,577,2
39,893,50,0.8,0.7,0.15,0.1,1,1,2,40,"post_fragmentation","chessboard",6,94,2,44,6,4,589,1
39,893,50,0.8,0.7,0.15,0.1,1,1,2,40,"post_fragmentation","chessboard",6,94,2,44,6,4,591,1
39,893,50,0.8,0.7,0.15,0.1,1,1,2,40,"post_fragmentation","chessboard",6,94,2,44,6,4,595,4
39,893,50,0.8,0.7,0.15,0.1,1,1,2,40,"post_fragmentation","chessboard",6,94,2,44,6,4,598,2
39,893,50,0.8,0.7,0.15,0.1,1,1,2,40,"post_fragmentation","chessboard",6,94,2,44,6,4,603,1
39,893,50,0.8,0.7,0.15,0.1,1,1,2,40,"post_fragmentation","chessboard",6,94,2,44,6,4,608,2
39,893,50,0.8,0.7,0.15,0.1,1,1,2,40,"post_fragmentation","chessboard",6,94,2,44,6,4,621,3
39,893,50,0.8,0.7,0.15,0.1,1,1,2,40,"post_fragmentation","chessboard",6,94,2,44,6,4,648,1
39,893,50,0.8,0.7,0.15,0.1,1,1,2,40,"post_fragmentation","chessboard",6,94,2,44,6,4,665,2
39,893,50,0.8,0.7,0.15,0.1,1,1,2,40,"post_fragmentation","chessboard",6,94,2,44,6,4,674,1
39,893,50,0.8,0.7,0.15,0.1,1,1,2,40,"post_fragmentation","chessboard",6,94,2,44,6,4,731,1
39,893,50,0.8,0.7,0.15,0.1,1,1,2,40,"post_fragmentation","chessboard",7,96,2,46,6,4,380,1
39,893,50,0.8,0.7,0.15,0.1,1,1,2,40,"post_fragmentation","chessboard",7,96,2,46,6,4,420,1
39,893,50,0.8,0.7,0.15,0.1,1,1,2,40,"post_fragmentation","chessboard",7,96,2,46,6,4,422,1
39,893,50,0.8,0.7,0.15,0.1,1,1,2,40,"post_fragmentation","chessboard",7,96,2,46,6,4,437,1
39,893,50,0.8,0.7,0.15,0.1,1,1,2,40,"post_fragmentation","chessboard",7,96,2,46,6,4,499,1
39,893,50,0.8,0.7,0.15,0.1,1,1,2,40,"post_fragmentation","chessboard",7,96,2,46,6,4,509,1
39,893,50,0.8,0.7,0.15,0.1,1,1,2,40,"post_fragmentation","chessboard",7,96,2,46,6,4,513,2
39,893,50,0.8,0.7,0.15,0.1,1,1,2,40,"post_fragmentation","chessboard",7,96,2,46,6,4,516,2
39,893,50,0.8,0.7,0.15,0.1,1,1,2,40,"post_fragmentation","chessboard",7,96,2,46,6,4,518,3
39,893,50,0.8,0.7,0.15,0.1,1,1,2,40,"post_fragmentation","chessboard",7,96,2,46,6,4,524,1
39,893,50,0.8,0.7,0.15,0.1,1,1,2,40,"post_fragmentation","chessboard",7,96,2,46,6,4,535,1
39,893,50,0.8,0.7,0.15,0.1,1,1,2,40,"post_fragmentation","chessboard",7,96,2,46,6,4,547,5
39,893,50,0.8,0.7,0.15,0.1,1,1,2,40,"post_fragmentation","chessboard",7,96,2,46,6,4,552,2
39,893,50,0.8,0.7,0.15,0.1,1,1,2,40,"post_fragmentation","chessboard",7,96,2,46,6,4,554,2
39,893,50,0.8,0.7,0.15,0.1,1,1,2,40,"post_fragmentation","chessboard",7,96,2,46,6,4,559,1
39,893,50,0.8,0.7,0.15,0.1,1,1,2,40,"post_fragmentation","chessboard",7,96,2,46,6,4,566,2
39,893,50,0.8,0.7,0.15,0.1,1,1,2,40,"post_fragmentation","chessboard",7,96,2,46,6,4,570,2
39,893,50,0.8,0.7,0.15,0.1,1,1,2,40,"post_fragmentation","chessboard",7,96,2,46,6,4,577,1
39,893,50,0.8,0.7,0.15,0.1,1,1,2,40,"post_fragmentation","chessboard",7,96,2,46,6,4,595,3
39,893,50,0.8,0.7,0.15,0.1,1,1,2,40,"post_fragmentation","chessboard",7,96,2,46,6,4,597,1
39,893,50,0.8,0.7,0.15,0.1,1,1,2,40,"post_fragmentation","chessboard",7,96,2,46,6,4,608,2
39,893,50,0.8,0.7,0.15,0.1,1,1,2,40,"post_fragmentation","chessboard",7,96,2,46,6,4,638,1
39,893,50,0.8,0.7,0.15,0.1,1,1,2,40,"post_fragmentation","chessboard",8,101,3,1,7,6,198,1
39,893,50,0.8,0.7,0.15,0.1,1,1,2,40,"post_fragmentation","chessboard",8,101,3,1,7,6,207,1
39,893,50,0.8,0.7,0.15,0.1,1,1,2,40,"post_fragmentation","chessboard",8,101,3,1,7,6,240,1
39,893,50,0.8,0.7,0.15,0.1,1,1,2,40,"post_fragmentation","chessboard",8,101,3,1,7,6,254,1
39,893,50,0.8,0.7,0.15,0.1,1,1,2,40,"post_fragmentation","chessboard",8,101,3,1,7,6,272,1
39,893,50,0.8,0.7,0.15,0.1,1,1,2,40,"post_fragmentation","chessboard",8,101,3,1,7,6,284,1
39,893,50,0.8,0.7,0.15,0.1,1,1,2,40,"post_fragmentation","chessboard",8,101,3,1,7,6,293,1
39,893,50,0.8,0.7,0.15,0.1,1,1,2,40,"post_fragmentation","chessboard",8,101,3,1,7,6,296,1
39,893,50,0.8,0.7,0.15,0.1,1,1,2,40,"post_fragmentation","chessboard",8,101,3,1,7,6,300,2
39,893,50,0.8,0.7,0.15,0.1,1,1,2,40,"post_fragmentation","chessboard",8,101,3,1,7,6,308,1
39,893,50,0.8,0.7,0.15,0.1,1,1,2,40,"post_fragmentation","chessboard",8,101,3,1,7,6,310,3
39,893,50,0.8,0.7,0.15,0.1,1,1,2,40,"post_fragmentation","chessboard",8,101,3,1,7,6,312,1
39,893,50,0.8,0.7,0.15,0.1,1,1,2,40,"post_fragmentation","chessboard",8,101,3,1,7,6,329,1
39,893,50,0.8,0.7,0.15,0.1,1,1,2,40,"post_fragmentation","chessboard",8,101,3,1,7,6,331,1
39,893,50,0.8,0.7,0.15,0.1,1,1,2,40,"post_fragmentation","chessboard",8,101,3,1,7,6,333,1
39,893,50,0.8,0.7,0.15,0.1,1,1,2,40,"post_fragmentation","chessboard",8,101,3,1,7,6,335,5
39,893,50,0.8,0.7,0.15,0.1,1,1,2,40,"post_fragmentation","chessboard",8,101,3,1,7,6,342,1
39,893,50,0.8,0.7,0.15,0.1,1,1,2,40,"post_fragmentation","chessboard",8,101,3,1,7,6,344,1
39,893,50,0.8,0.7,0.15,0.1,1,1,2,40,"post_fragmentation","chessboard",8,101,3,1,7,6,360,2
39,893,50,0.8,0.7,0.15,0.1,1,1,2,40,"post_fragmentation","chessboard",8,101,3,1,7,6,372,1
39,893,50,0.8,0.7,0.15,0.1,1,1,2,40,"post_fragmentation","chessboard",8,101,3,1,7,6,383,1
39,893,50,0.8,0.7,0.15,0.1,1,1,2,40,"post_fragmentation","chessboard",8,101,3,1,7,6,390,1
39,893,50,0.8,0.7,0.15,0.1,1,1,2,40,"post_fragmentation","chessboard",8,101,3,1,7,6,403,1
39,893,50,0.8,0.7,0.15,0.1,1,1,2,40,"post_fragmentation","chessboard",8,101,3,1,7,6,405,2
39,893,50,0.8,0.7,0.15,0.1,1,1,2,40,"post_fragmentation","chessboard",8,101,3,1,7,6,409,2
39,893,50,0.8,0.7,0.15,0.1,1,1,2,40,"post_fragmentation","chessboard",8,101,3,1,7,6,412,1
39,893,50,0.8,0.7,0.15,0.1,1,1,2,40,"post_fragmentation","chessboard",8,101,3,1,7,6,415,1
39,893,50,0.8,0.7,0.15,0.1,1,1,2,40,"post_fragmentation","chessboard",8,101,3,1,7,6,424,1
39,893,50,0.8,0.7,0.15,0.1,1,1,2,40,"post_fragmentation","chessboard",8,101,3,1,7,6,443,1
39,893,50,0.8,0.7,0.15,0.1,1,1,2,40,"post_fragmentation","chessboard",9,105,3,5,1,5,116,1
39,893,50,0.8,0.7,0.15,0.1,1,1,2,40,"post_fragmentation","chessboard",9,105,3,5,1,5,126,1
39,893,50,0.8,0.7,0.15,0.1,1,1,2,40,"post_fragmentation","chessboard",9,105,3,5,1,5,135,2
39,893,50,0.8,0.7,0.15,0.1,1,1,2,40,"post_fragmentation","chessboard",9,105,3,5,1,5,138,1
39,893,50,0.8,0.7,0.15,0.1,1,1,2,40,"post_fragmentation","chessboard",9,105,3,5,1,5,147,2
39,893,50,0.8,0.7,0.15,0.1,1,1,2,40,"post_fragmentation","chessboard",9,105,3,5,1,5,162,3
39,893,50,0.8,0.7,0.15,0.1,1,1,2,40,"post_fragmentation","chessboard",9,105,3,5,1,5,169,1
39,893,50,0.8,0.7,0.15,0.1,1,1,2,40,"post_fragmentation","chessboard",9,105,3,5,1,5,180,1
39,893,50,0.8,0.7,0.15,0.1,1,1,2,40,"post_fragmentation","chessboard",9,105,3,5,1,5,185,1
39,893,50,0.8,0.7,0.15,0.1,1,1,2,40,"post_fragmentation","chessboard",9,105,3,5,1,5,192,1
39,893,50,0.8,0.7,0.15,0.1,1,1,2,40,"post_fragmentation","chessboard",9,105,3,5,1,5,207,2
39,893,50,0.8,0.7,0.15,0.1,1,1,2,40,"post_fragmentation","chessboard",9,105,3,5,1,5,213,1
39,893,50,0.8,0.7,0.15,0.1,1,1,2,40,"post_fragmentation","chessboard",9,105,3,5,1,5,217,1
39,893,50,0.8,0.7,0.15,0.1,1,1,2,40,"post_fragmentation","chessboard",9,105,3,5,1,5,254,3
39,893,50,0.8,0.7,0.15,0.1,1,1,2,40,"post_fragmentation","chessboard",9,105,3,5,1,5,256,2
39,893,50,0.8,0.7,0.15,0.1,1,1,2,40,"post_fragmentation","chessboard",9,105,3,5,1,5,273,1
39,893,50,0.8,0.7,0.15,0.1,1,1,2,40,"post_fragmentation","chessboard",9,105,3,5,1,5,275,2
39,893,50,0.8,0.7,0.15,0.1,1,1,2,40,"post_fragmentation","chessboard",9,105,3,5,1,5,287,1
39,893,50,0.8,0.7,0.15,0.1,1,1,2,40,"post_fragmentation","chessboard",9,105,3,5,1,5,293,3
39,893,50,0.8,0.7,0.15,0.1,1,1,2,40,"post_fragmentation","chessboard",9,105,3,5,1,5,296,1
39,893,50,0.8,0.7,0.15,0.1,1,1,2,40,"post_fragmentation","chessboard",9,105,3,5,1,5,300,1
39,893,50,0.8,0.7,0.15,0.1,1,1,2,40,"post_fragmentation","chessboard",9,105,3,5,1,5,325,1
39,893,50,0.8,0.7,0.15,0.1,1,1,2,40,"post_fragmentation","chessboard",9,105,3,5,1,5,343,1
39,893,50,0.8,0.7,0.15,0.1,1,1,2,40,"post_fragmentation","chessboard",9,105,3,5,1,5,350,1
39,893,50,0.8,0.7,0.15,0.1,1,1,2,40,"post_fragmentation","chessboard",9,105,3,5,1,5,377,1
39,893,50,0.8,0.7,0.15,0.1,1,1,2,40,"post_fragmentation","chessboard",9,105,3,5,1,5,403,1
39,893,50,0.8,0.7,0.15,0.1,1,1,2,40,"post_fragmentation","chessboard",10,107,3,7,8,1,89,1
39,893,50,0.8,0.7,0.15,0.1,1,1,2,40,"post_fragmentation","chessboard",10,107,3,7,8,1,100,1
39,893,50,0.8,0.7,0.15,0.1,1,1,2,40,"post_fragmentation","chessboard",10,107,3,7,8,1,106,1
39,893,50,0.8,0.7,0.15,0.1,1,1,2,40,"post_fragmentation","chessboard",10,107,3,7,8,1,113,1
39,893,50,0.8,0.7,0.15,0.1,1,1,2,40,"post_fragmentation","chessboard",10,107,3,7,8,1,121,1
39,893,50,0.8,0.7,0.15,0.1,1,1,2,40,"post_fragmentation","chessboard",10,107,3,7,8,1,122,1
39,893,50,0.8,0.7,0.15,0.1,1,1,2,40,"post_fragmentation","chessboard",10,107,3,7,8,1,134,1
39,893,50,0.8,0.7,0.15,0.1,1,1,2,40,"post_fragmentation","chessboard",10,107,3,7,8,1,135,2
39,893,50,0.8,0.7,0.15,0.1,1,1,2,40,"post_fragmentation","chessboard",10,107,3,7,8,1,139,1
39,893,50,0.8,0.7,0.15,0.1,1,1,2,40,"post_fragmentation","chessboard",10,107,3,7,8,1,143,1
39,893,50,0.8,0.7,0.15,0.1,1,1,2,40,"post_fragmentation","chessboard",10,107,3,7,8,1,151,1
39,893,50,0.8,0.7,0.15,0.1,1,1,2,40,"post_fragmentation","chessboard",10,107,3,7,8,1,153,1
39,893,50,0.8,0.7,0.15,0.1,1,1,2,40,"post_fragmentation","chessboard",10,107,3,7,8,1,157,2
39,893,50,0.8,0.7,0.15,0.1,1,1,2,40,"post_fragmentation","chessboard",10,107,3,7,8,1,161,1
39,893,50,0.8,0.7,0.15,0.1,1,1,2,40,"post_fragmentation","chessboard",10,107,3,7,8,1,162,2
39,893,50,0.8,0.7,0.15,0.1,1,1,2,40,"post_fragmentation","chessboard",10,107,3,7,8,1,173,1
39,893,50,0.8,0.7,0.15,0.1,1,1,2,40,"post_fragmentation","chessboard",10,107,3,7,8,1,175,2
39,893,50,0.8,0.7,0.15,0.1,1,1,2,40,"post_fragmentation","chessboard",10,107,3,7,8,1,180,2
39,893,50,0.8,0.7,0.15,0.1,1,1,2,40,"post_fragmentation","chessboard",10,107,3,7,8,1,185,1
39,893,50,0.8,0.7,0.15,0.1,1,1,2,40,"post_fragmentation","chessboard",10,107,3,7,8,1,192,4
39,893,50,0.8,0.7,0.15,0.1,1,1,2,40,"post_fragmentation","chessboard",10,107,3,7,8,1,240,1
39,893,50,0.8,0.7,0.15,0.1,1,1,2,40,"post_fragmentation","chessboard",10,107,3,7,8,1,254,1
39,893,50,0.8,0.7,0.15,0.1,1,1,2,40,"post_fragmentation","chessboard",10,107,3,7,8,1,256,2
39,893,50,0.8,0.7,0.15,0.1,1,1,2,40,"post_fragmentation","chessboard",10,107,3,7,8,1,284,1
39,893,50,0.8,0.7,0.15,0.1,1,1,2,40,"post_fragmentation","chessboard",10,107,3,7,8,1,293,1
39,893,50,0.8,0.7,0.15,0.1,1,1,2,40,"post_fragmentation","chessboard",10,107,3,7,8,1,296,1
39,893,50,0.8,0.7,0.15,0.1,1,1,2,40,"post_fragmentation","chessboard",10,107,3,7,8,1,326,1
39,893,50,0.8,0.7,0.15,0.1,1,1,2,40,"post_fragmentation","chessboard",11,127,3,27,9,3,480,1
39,893,50,0.8,0.7,0.15,0.1,1,1,2,40,"post_fragmentation","chessboard",11,127,3,27,9,3,485,1
39,893,50,0.8,0.7,0.15,0.1,1,1,2,40,"post_fragmentation","chessboard",11,127,3,27,9,3,487,1
39,893,50,0.8,0.7,0.15,0.1,1,1,2,40,"post_fragmentation","chessboard",11,127,3,27,9,3,499,2
39,893,50,0.8,0.7,0.15,0.1,1,1,2,40,"post_fragmentation","chessboard",11,127,3,27,9,3,500,1
39,893,50,0.8,0.7,0.15,0.1,1,1,2,40,"post_fragmentation","chessboard",11,127,3,27,9,3,516,2
39,893,50,0.8,0.7,0.15,0.1,1,1,2,40,"post_fragmentation","chessboard",11,127,3,27,9,3,520,1
39,893,50,0.8,0.7,0.15,0.1,1,1,2,40,"post_fragmentation","chessboard",11,127,3,27,9,3,544,2
39,893,50,0.8,0.7,0.15,0.1,1,1,2,40,"post_fragmentation","chessboard",11,127,3,27,9,3,545,1
39,893,50,0.8,0.7,0.15,0.1,1,1,2,40,"post_fragmentation","chessboard",11,127,3,27,9,3,546,8
39,893,50,0.8,0.7,0.15,0.1,1,1,2,40,"post_fragmentation","chessboard",11,127,3,27,9,3,548,1
39,893,50,0.8,0.7,0.15,0.1,1,1,2,40,"post_fragmentation","chessboard",11,127,3,27,9,3,549,1
39,893,50,0.8,0.7,0.15,0.1,1,1,2,40,"post_fragmentation","chessboard",11,127,3,27,9,3,551,1
39,893,50,0.8,0.7,0.15,0.1,1,1,2,40,"post_fragmentation","chessboard",11,127,3,27,9,3,565,2
39,893,50,0.8,0.7,0.15,0.1,1,1,2,40,"post_fragmentation","chessboard",11,127,3,27,9,3,567,1
39,893,50,0.8,0.7,0.15,0.1,1,1,2,40,"post_fragmentation","chessboard",11,127,3,27,9,3,569,2
39,893,50,0.8,0.7,0.15,0.1,1,1,2,40,"post_fragmentation","chessboard",11,127,3,27,9,3,584,1
39,893,50,0.8,0.7,0.15,0.1,1,1,2,40,"post_fragmentation","chessboard",11,127,3,27,9,3,590,3
39,893,50,0.8,0.7,0.15,0.1,1,1,2,40,"post_fragmentation","chessboard",11,127,3,27,9,3,598,1
39,893,50,0.8,0.7,0.15,0.1,1,1,2,40,"post_fragmentation","chessboard",11,127,3,27,9,3,601,1
39,893,50,0.8,0.7,0.15,0.1,1,1,2,40,"post_fragmentation","chessboard",11,127,3,27,9,3,610,1
39,893,50,0.8,0.7,0.15,0.1,1,1,2,40,"post_fragmentation","chessboard",11,127,3,27,9,3,611,1
39,893,50,0.8,0.7,0.15,0.1,1,1,2,40,"post_fragmentation","chessboard",11,127,3,27,9,3,633,1
39,893,50,0.8,0.7,0.15,0.1,1,1,2,40,"post_fragmentation","chessboard",11,127,3,27,9,3,658,1
39,893,50,0.8,0.7,0.15,0.1,1,1,2,40,"post_fragmentation","chessboard",11,127,3,27,9,3,687,1
39,893,50,0.8,0.7,0.15,0.1,1,1,2,40,"post_fragmentation","chessboard",12,152,4,2,7,6,257,1
39,893,50,0.8,0.7,0.15,0.1,1,1,2,40,"post_fragmentation","chessboard",12,152,4,2,7,6,260,1
39,893,50,0.8,0.7,0.15,0.1,1,1,2,40,"post_fragmentation","chessboard",12,152,4,2,7,6,275,1
39,893,50,0.8,0.7,0.15,0.1,1,1,2,40,"post_fragmentation","chessboard",12,152,4,2,7,6,278,2
39,893,50,0.8,0.7,0.15,0.1,1,1,2,40,"post_fragmentation","chessboard",12,152,4,2,7,6,290,2
39,893,50,0.8,0.7,0.15,0.1,1,1,2,40,"post_fragmentation","chessboard",12,152,4,2,7,6,300,1
39,893,50,0.8,0.7,0.15,0.1,1,1,2,40,"post_fragmentation","chessboard",12,152,4,2,7,6,308,1
39,893,50,0.8,0.7,0.15,0.1,1,1,2,40,"post_fragmentation","chessboard",12,152,4,2,7,6,314,1
39,893,50,0.8,0.7,0.15,0.1,1,1,2,40,"post_fragmentation","chessboard",12,152,4,2,7,6,316,1
39,893,50,0.8,0.7,0.15,0.1,1,1,2,40,"post_fragmentation","chessboard",12,152,4,2,7,6,325,2
39,893,50,0.8,0.7,0.15,0.1,1,1,2,40,"post_fragmentation","chessboard",12,152,4,2,7,6,328,2
39,893,50,0.8,0.7,0.15,0.1,1,1,2,40,"post_fragmentation","chessboard",12,152,4,2,7,6,335,3
39,893,50,0.8,0.7,0.15,0.1,1,1,2,40,"post_fragmentation","chessboard",12,152,4,2,7,6,342,1
39,893,50,0.8,0.7,0.15,0.1,1,1,2,40,"post_fragmentation","chessboard",12,152,4,2,7,6,343,1
39,893,50,0.8,0.7,0.15,0.1,1,1,2,40,"post_fragmentation","chessboard",12,152,4,2,7,6,350,1
39,893,50,0.8,0.7,0.15,0.1,1,1,2,40,"post_fragmentation","chessboard",12,152,4,2,7,6,382,2
39,893,50,0.8,0.7,0.15,0.1,1,1,2,40,"post_fragmentation","chessboard",12,152,4,2,7,6,383,2
39,893,50,0.8,0.7,0.15,0.1,1,1,2,40,"post_fragmentation","chessboard",12,152,4,2,7,6,391,2
39,893,50,0.8,0.7,0.15,0.1,1,1,2,40,"post_fragmentation","chessboard",12,152,4,2,7,6,403,2
39,893,50,0.8,0.7,0.15,0.1,1,1,2,40,"post_fragmentation","chessboard",12,152,4,2,7,6,424,1
39,893,50,0.8,0.7,0.15,0.1,1,1,2,40,"post_fragmentation","chessboard",12,152,4,2,7,6,428,1
39,893,50,0.8,0.7,0.15,0.1,1,1,2,40,"post_fragmentation","chessboard",12,152,4,2,7,6,449,1
39,893,50,0.8,0.7,0.15,0.1,1,1,2,40,"post_fragmentation","chessboard",13,158,4,8,10,1,85,1
39,893,50,0.8,0.7,0.15,0.1,1,1,2,40,"post_fragmentation","chessboard",13,158,4,8,10,1,89,1
39,893,50,0.8,0.7,0.15,0.1,1,1,2,40,"post_fragmentation","chessboard",13,158,4,8,10,1,98,1
39,893,50,0.8,0.7,0.15,0.1,1,1,2,40,"post_fragmentation","chessboard",13,158,4,8,10,1,121,1
39,893,50,0.8,0.7,0.15,0.1,1,1,2,40,"post_fragmentation","chessboard",13,158,4,8,10,1,124,1
39,893,50,0.8,0.7,0.15,0.1,1,1,2,40,"post_fragmentation","chessboard",13,158,4,8,10,1,140,1
39,893,50,0.8,0.7,0.15,0.1,1,1,2,40,"post_fragmentation","chessboard",13,158,4,8,10,1,151,1
39,893,50,0.8,0.7,0.15,0.1,1,1,2,40,"post_fragmentation","chessboard",13,158,4,8,10,1,153,1
39,893,50,0.8,0.7,0.15,0.1,1,1,2,40,"post_fragmentation","chessboard",13,158,4,8,10,1,157,1
39,893,50,0.8,0.7,0.15,0.1,1,1,2,40,"post_fragmentation","chessboard",13,158,4,8,10,1,162,1
39,893,50,0.8,0.7,0.15,0.1,1,1,2,40,"post_fragmentation","chessboard",13,158,4,8,10,1,168,1
39,893,50,0.8,0.7,0.15,0.1,1,1,2,40,"post_fragmentation","chessboard",13,158,4,8,10,1,175,1
39,893,50,0.8,0.7,0.15,0.1,1,1,2,40,"post_fragmentation","chessboard",13,158,4,8,10,1,192,4
39,893,50,0.8,0.7,0.15,0.1,1,1,2,40,"post_fragmentation","chessboard",13,158,4,8,10,1,234,1
39,893,50,0.8,0.7,0.15,0.1,1,1,2,40,"post_fragmentation","chessboard",13,158,4,8,10,1,235,1
39,893,50,0.8,0.7,0.15,0.1,1,1,2,40,"post_fragmentation","chessboard",13,158,4,8,10,1,243,1
39,893,50,0.8,0.7,0.15,0.1,1,1,2,40,"post_fragmentation","chessboard",13,158,4,8,10,1,246,4
39,893,50,0.8,0.7,0.15,0.1,1,1,2,40,"post_fragmentation","chessboard",13,158,4,8,10,1,248,2
39,893,50,0.8,0.7,0.15,0.1,1,1,2,40,"post_fragmentation","chessboard",13,158,4,8,10,1,254,1
39,893,50,0.8,0.7,0.15,0.1,1,1,2,40,"post_fragmentation","chessboard",13,158,4,8,10,1,256,2
39,893,50,0.8,0.7,0.15,0.1,1,1,2,40,"post_fragmentation","chessboard",13,158,4,8,10,1,262,1
39,893,50,0.8,0.7,0.15,0.1,1,1,2,40,"post_fragmentation","chessboard",13,158,4,8,10,1,270,1
39,893,50,0.8,0.7,0.15,0.1,1,1,2,40,"post_fragmentation","chessboard",13,158,4,8,10,1,275,1
39,893,50,0.8,0.7,0.15,0.1,1,1,2,40,"post_fragmentation","chessboard",13,158,4,8,10,1,293,1
39,893,50,0.8,0.7,0.15,0.1,1,1,2,40,"post_fragmentation","chessboard",13,158,4,8,10,1,298,2
39,893,50,0.8,0.7,0.15,0.1,1,1,2,40,"post_fragmentation","chessboard",13,158,4,8,10,1,307,1
39,893,50,0.8,0.7,0.15,0.1,1,1,2,40,"post_fragmentation","chessboard",13,158,4,8,10,1,308,1
39,893,50,0.8,0.7,0.15,0.1,1,1,2,40,"post_fragmentation","chessboard",13,158,4,8,10,1,310,1
39,893,50,0.8,0.7,0.15,0.1,1,1,2,40,"post_fragmentation","chessboard",13,158,4,8,10,1,320,1
39,893,50,0.8,0.7,0.15,0.1,1,1,2,40,"post_fragmentation","chessboard",13,158,4,8,10,1,326,1
39,893,50,0.8,0.7,0.15,0.1,1,1,2,40,"post_fragmentation","chessboard",13,158,4,8,10,1,390,1
39,893,50,0.8,0.7,0.15,0.1,1,1,2,40,"post_fragmentation","chessboard",14,176,4,26,9,3,373,1
39,893,50,0.8,0.7,0.15,0.1,1,1,2,40,"post_fragmentation","chessboard",14,176,4,26,9,3,480,1
39,893,50,0.8,0.7,0.15,0.1,1,1,2,40,"post_fragmentation","chessboard",14,176,4,26,9,3,499,1
39,893,50,0.8,0.7,0.15,0.1,1,1,2,40,"post_fragmentation","chessboard",14,176,4,26,9,3,508,3
39,893,50,0.8,0.7,0.15,0.1,1,1,2,40,"post_fragmentation","chessboard",14,176,4,26,9,3,512,3
39,893,50,0.8,0.7,0.15,0.1,1,1,2,40,"post_fragmentation","chessboard",14,176,4,26,9,3,519,1
39,893,50,0.8,0.7,0.15,0.1,1,1,2,40,"post_fragmentation","chessboard",14,176,4,26,9,3,537,1
39,893,50,0.8,0.7,0.15,0.1,1,1,2,40,"post_fragmentation","chessboard",14,176,4,26,9,3,545,1
39,893,50,0.8,0.7,0.15,0.1,1,1,2,40,"post_fragmentation","chessboard",14,176,4,26,9,3,548,1
39,893,50,0.8,0.7,0.15,0.1,1,1,2,40,"post_fragmentation","chessboard",14,176,4,26,9,3,549,1
39,893,50,0.8,0.7,0.15,0.1,1,1,2,40,"post_fragmentation","chessboard",14,176,4,26,9,3,550,1
39,893,50,0.8,0.7,0.15,0.1,1,1,2,40,"post_fragmentation","chessboard",14,176,4,26,9,3,551,1
39,893,50,0.8,0.7,0.15,0.1,1,1,2,40,"post_fragmentation","chessboard",14,176,4,26,9,3,566,1
39,893,50,0.8,0.7,0.15,0.1,1,1,2,40,"post_fragmentation","chessboard",14,176,4,26,9,3,567,1
39,893,50,0.8,0.7,0.15,0.1,1,1,2,40,"post_fragmentation","chessboard",14,176,4,26,9,3,569,1
39,893,50,0.8,0.7,0.15,0.1,1,1,2,40,"post_fragmentation","chessboard",14,176,4,26,9,3,590,4
39,893,50,0.8,0.7,0.15,0.1,1,1,2,40,"post_fragmentation","chessboard",14,176,4,26,9,3,591,1
39,893,50,0.8,0.7,0.15,0.1,1,1,2,40,"post_fragmentation","chessboard",14,176,4,26,9,3,595,1
39,893,50,0.8,0.7,0.15,0.1,1,1,2,40,"post_fragmentation","chessboard",14,176,4,26,9,3,611,2
39,893,50,0.8,0.7,0.15,0.1,1,1,2,40,"post_fragmentation","chessboard",14,176,4,26,9,3,614,1
39,893,50,0.8,0.7,0.15,0.1,1,1,2,40,"post_fragmentation","chessboard",14,176,4,26,9,3,652,1
39,893,50,0.8,0.7,0.15,0.1,1,1,2,40,"post_fragmentation","chessboard",14,176,4,26,9,3,667,1
39,893,50,0.8,0.7,0.15,0.1,1,1,2,40,"post_fragmentation","chessboard",14,176,4,26,9,3,668,1
39,893,50,0.8,0.7,0.15,0.1,1,1,2,40,"post_fragmentation","chessboard",15,182,4,32,11,2,595,1
39,893,50,0.8,0.7,0.15,0.1,1,1,2,40,"post_fragmentation","chessboard",15,182,4,32,11,2,600,1
39,893,50,0.8,0.7,0.15,0.1,1,1,2,40,"post_fragmentation","chessboard",15,182,4,32,11,2,607,1
39,893,50,0.8,0.7,0.15,0.1,1,1,2,40,"post_fragmentation","chessboard",15,182,4,32,11,2,608,1
39,893,50,0.8,0.7,0.15,0.1,1,1,2,40,"post_fragmentation","chessboard",15,182,4,32,11,2,614,1
39,893,50,0.8,0.7,0.15,0.1,1,1,2,40,"post_fragmentation","chessboard",15,182,4,32,11,2,615,1
39,893,50,0.8,0.7,0.15,0.1,1,1,2,40,"post_fragmentation","chessboard",15,182,4,32,11,2,631,3
39,893,50,0.8,0.7,0.15,0.1,1,1,2,40,"post_fragmentation","chessboard",15,182,4,32,11,2,634,1
39,893,50,0.8,0.7,0.15,0.1,1,1,2,40,"post_fragmentation","chessboard",15,182,4,32,11,2,645,1
39,893,50,0.8,0.7,0.15,0.1,1,1,2,40,"post_fragmentation","chessboard",15,182,4,32,11,2,646,3
39,893,50,0.8,0.7,0.15,0.1,1,1,2,40,"post_fragmentation","chessboard",15,182,4,32,11,2,656,1
39,893,50,0.8,0.7,0.15,0.1,1,1,2,40,"post_fragmentation","chessboard",15,182,4,32,11,2,666,1
39,893,50,0.8,0.7,0.15,0.1,1,1,2,40,"post_fragmentation","chessboard",15,182,4,32,11,2,668,2
39,893,50,0.8,0.7,0.15,0.1,1,1,2,40,"post_fragmentation","chessboard",15,182,4,32,11,2,674,3
39,893,50,0.8,0.7,0.15,0.1,1,1,2,40,"post_fragmentation","chessboard",15,182,4,32,11,2,687,2
39,893,50,0.8,0.7,0.15,0.1,1,1,2,40,"post_fragmentation","chessboard",15,182,4,32,11,2,689,2
39,893,50,0.8,0.7,0.15,0.1,1,1,2,40,"post_fragmentation","chessboard",15,182,4,32,11,2,691,1
39,893,50,0.8,0.7,0.15,0.1,1,1,2,40,"post_fragmentation","chessboard",15,182,4,32,11,2,701,1
39,893,50,0.8,0.7,0.15,0.1,1,1,2,40,"post_fragmentation","chessboard",15,182,4,32,11,2,705,1
39,893,50,0.8,0.7,0.15,0.1,1,1,2,40,"post_fragmentation","chessboard",15,182,4,32,11,2,734,1
39,893,50,0.8,0.7,0.15,0.1,1,1,2,40,"post_fragmentation","chessboard",16,203,5,3,7,6,217,1
39,893,50,0.8,0.7,0.15,0.1,1,1,2,40,"post_fragmentation","chessboard",16,203,5,3,7,6,257,1
39,893,50,0.8,0.7,0.15,0.1,1,1,2,40,"post_fragmentation","chessboard",16,203,5,3,7,6,275,1
39,893,50,0.8,0.7,0.15,0.1,1,1,2,40,"post_fragmentation","chessboard",16,203,5,3,7,6,287,1
39,893,50,0.8,0.7,0.15,0.1,1,1,2,40,"post_fragmentation","chessboard",16,203,5,3,7,6,293,4
39,893,50,0.8,0.7,0.15,0.1,1,1,2,40,"post_fragmentation","chessboard",16,203,5,3,7,6,296,1
39,893,50,0.8,0.7,0.15,0.1,1,1,2,40,"post_fragmentation","chessboard",16,203,5,3,7,6,298,1
39,893,50,0.8,0.7,0.15,0.1,1,1,2,40,"post_fragmentation","chessboard",16,203,5,3,7,6,305,2
39,893,50,0.8,0.7,0.15,0.1,1,1,2,40,"post_fragmentation","chessboard",16,203,5,3,7,6,314,1
39,893,50,0.8,0.7,0.15,0.1,1,1,2,40,"post_fragmentation","chessboard",16,203,5,3,7,6,316,4
39,893,50,0.8,0.7,0.15,0.1,1,1,2,40,"post_fragmentation","chessboard",16,203,5,3,7,6,325,1
39,893,50,0.8,0.7,0.15,0.1,1,1,2,40,"post_fragmentation","chessboard",16,203,5,3,7,6,331,1
39,893,50,0.8,0.7,0.15,0.1,1,1,2,40,"post_fragmentation","chessboard",16,203,5,3,7,6,333,2
39,893,50,0.8,0.7,0.15,0.1,1,1,2,40,"post_fragmentation","chessboard",16,203,5,3,7,6,335,3
39,893,50,0.8,0.7,0.15,0.1,1,1,2,40,"post_fragmentation","chessboard",16,203,5,3,7,6,342,2
39,893,50,0.8,0.7,0.15,0.1,1,1,2,40,"post_fragmentation","chessboard",16,203,5,3,7,6,350,1
39,893,50,0.8,0.7,0.15,0.1,1,1,2,40,"post_fragmentation","chessboard",16,203,5,3,7,6,357,3
39,893,50,0.8,0.7,0.15,0.1,1,1,2,40,"post_fragmentation","chessboard",16,203,5,3,7,6,390,2
39,893,50,0.8,0.7,0.15,0.1,1,1,2,40,"post_fragmentation","chessboard",16,203,5,3,7,6,400,2
39,893,50,0.8,0.7,0.15,0.1,1,1,2,40,"post_fragmentation","chessboard",16,203,5,3,7,6,415,1
39,893,50,0.8,0.7,0.15,0.1,1,1,2,40,"post_fragmentation","chessboard",16,203,5,3,7,6,428,2
39,893,50,0.8,0.7,0.15,0.1,1,1,2,40,"post_fragmentation","chessboard",16,203,5,3,7,6,433,1
39,893,50,0.8,0.7,0.15,0.1,1,1,2,40,"post_fragmentation","chessboard",16,203,5,3,7,6,445,1
39,893,50,0.8,0.7,0.15,0.1,1,1,2,40,"post_fragmentation","chessboard",17,229,5,29,12,4,538,2
39,893,50,0.8,0.7,0.15,0.1,1,1,2,40,"post_fragmentation","chessboard",17,229,5,29,12,4,549,2
39,893,50,0.8,0.7,0.15,0.1,1,1,2,40,"post_fragmentation","chessboard",17,229,5,29,12,4,567,2
39,893,50,0.8,0.7,0.15,0.1,1,1,2,40,"post_fragmentation","chessboard",17,229,5,29,12,4,576,1
39,893,50,0.8,0.7,0.15,0.1,1,1,2,40,"post_fragmentation","chessboard",17,229,5,29,12,4,588,1
39,893,50,0.8,0.7,0.15,0.1,1,1,2,40,"post_fragmentation","chessboard",17,229,5,29,12,4,590,1
39,893,50,0.8,0.7,0.15,0.1,1,1,2,40,"post_fragmentation","chessboard",17,229,5,29,12,4,591,1
39,893,50,0.8,0.7,0.15,0.1,1,1,2,40,"post_fragmentation","chessboard",17,229,5,29,12,4,603,2
39,893,50,0.8,0.7,0.15,0.1,1,1,2,40,"post_fragmentation","chessboard",17,229,5,29,12,4,607,1
39,893,50,0.8,0.7,0.15,0.1,1,1,2,40,"post_fragmentation","chessboard",17,229,5,29,12,4,610,1
39,893,50,0.8,0.7,0.15,0.1,1,1,2,40,"post_fragmentation","chessboard",17,229,5,29,12,4,611,2
39,893,50,0.8,0.7,0.15,0.1,1,1,2,40,"post_fragmentation","chessboard",17,229,5,29,12,4,631,1
39,893,50,0.8,0.7,0.15,0.1,1,1,2,40,"post_fragmentation","chessboard",17,229,5,29,12,4,633,1
39,893,50,0.8,0.7,0.15,0.1,1,1,2,40,"post_fragmentation","chessboard",17,229,5,29,12,4,634,1
39,893,50,0.8,0.7,0.15,0.1,1,1,2,40,"post_fragmentation","chessboard",17,229,5,29,12,4,637,1
39,893,50,0.8,0.7,0.15,0.1,1,1,2,40,"post_fragmentation","chessboard",17,229,5,29,12,4,646,1
39,893,50,0.8,0.7,0.15,0.1,1,1,2,40,"post_fragmentation","chessboard",17,229,5,29,12,4,648,2
39,893,50,0.8,0.7,0.15,0.1,1,1,2,40,"post_fragmentation","chessboard",17,229,5,29,12,4,649,1
39,893,50,0.8,0.7,0.15,0.1,1,1,2,40,"post_fragmentation","chessboard",17,229,5,29,12,4,652,1
39,893,50,0.8,0.7,0.15,0.1,1,1,2,40,"post_fragmentation","chessboard",17,229,5,29,12,4,666,1
39,893,50,0.8,0.7,0.15,0.1,1,1,2,40,"post_fragmentation","chessboard",17,229,5,29,12,4,674,1
39,893,50,0.8,0.7,0.15,0.1,1,1,2,40,"post_fragmentation","chessboard",17,229,5,29,12,4,676,1
39,893,50,0.8,0.7,0.15,0.1,1,1,2,40,"post_fragmentation","chessboard",17,229,5,29,12,4,689,2
39,893,50,0.8,0.7,0.15,0.1,1,1,2,40,"post_fragmentation","chessboard",17,229,5,29,12,4,696,2
39,893,50,0.8,0.7,0.15,0.1,1,1,2,40,"post_fragmentation","chessboard",17,229,5,29,12,4,701,1
39,893,50,0.8,0.7,0.15,0.1,1,1,2,40,"post_fragmentation","chessboard",17,229,5,29,12,4,713,1
39,893,50,0.8,0.7,0.15,0.1,1,1,2,40,"post_fragmentation","chessboard",17,229,5,29,12,4,719,1
39,893,50,0.8,0.7,0.15,0.1,1,1,2,40,"post_fragmentation","chessboard",17,229,5,29,12,4,727,1
39,893,50,0.8,0.7,0.15,0.1,1,1,2,40,"post_fragmentation","chessboard",17,229,5,29,12,4,735,2
39,893,50,0.8,0.7,0.15,0.1,1,1,2,40,"post_fragmentation","chessboard",18,241,5,41,13,1,513,1
39,893,50,0.8,0.7,0.15,0.1,1,1,2,40,"post_fragmentation","chessboard",18,241,5,41,13,1,518,1
39,893,50,0.8,0.7,0.15,0.1,1,1,2,40,"post_fragmentation","chessboard",18,241,5,41,13,1,549,1
39,893,50,0.8,0.7,0.15,0.1,1,1,2,40,"post_fragmentation","chessboard",18,241,5,41,13,1,559,3
39,893,50,0.8,0.7,0.15,0.1,1,1,2,40,"post_fragmentation","chessboard",18,241,5,41,13,1,575,2
39,893,50,0.8,0.7,0.15,0.1,1,1,2,40,"post_fragmentation","chessboard",18,241,5,41,13,1,577,1
39,893,50,0.8,0.7,0.15,0.1,1,1,2,40,"post_fragmentation","chessboard",18,241,5,41,13,1,578,2
39,893,50,0.8,0.7,0.15,0.1,1,1,2,40,"post_fragmentation","chessboard",18,241,5,41,13,1,589,1
39,893,50,0.8,0.7,0.15,0.1,1,1,2,40,"post_fragmentation","chessboard",18,241,5,41,13,1,595,4
39,893,50,0.8,0.7,0.15,0.1,1,1,2,40,"post_fragmentation","chessboard",18,241,5,41,13,1,598,2
39,893,50,0.8,0.7,0.15,0.1,1,1,2,40,"post_fragmentation","chessboard",18,241,5,41,13,1,599,1
39,893,50,0.8,0.7,0.15,0.1,1,1,2,40,"post_fragmentation","chessboard",18,241,5,41,13,1,608,1
39,893,50,0.8,0.7,0.15,0.1,1,1,2,40,"post_fragmentation","chessboard",18,241,5,41,13,1,614,2
39,893,50,0.8,0.7,0.15,0.1,1,1,2,40,"post_fragmentation","chessboard",18,241,5,41,13,1,618,1
39,893,50,0.8,0.7,0.15,0.1,1,1,2,40,"post_fragmentation","chessboard",18,241,5,41,13,1,624,3
39,893,50,0.8,0.7,0.15,0.1,1,1,2,40,"post_fragmentation","chessboard",18,241,5,41,13,1,631,1
39,893,50,0.8,0.7,0.15,0.1,1,1,2,40,"post_fragmentation","chessboard",18,241,5,41,13,1,648,1
39,893,50,0.8,0.7,0.15,0.1,1,1,2,40,"post_fragmentation","chessboard",18,241,5,41,13,1,666,1
39,893,50,0.8,0.7,0.15,0.1,1,1,2,40,"post_fragmentation","chessboard",18,241,5,41,13,1,673,1
39,893,50,0.8,0.7,0.15,0.1,1,1,2,40,"post_fragmentation","chessboard",18,241,5,41,13,1,674,1
39,893,50,0.8,0.7,0.15,0.1,1,1,2,40,"post_fragmentation","chessboard",18,241,5,41,13,1,675,1
39,893,50,0.8,0.7,0.15,0.1,1,1,2,40,"post_fragmentation","chessboard",18,241,5,41,13,1,682,1
39,893,50,0.8,0.7,0.15,0.1,1,1,2,40,"post_fragmentation","chessboard",18,241,5,41,13,1,686,2
39,893,50,0.8,0.7,0.15,0.1,1,1,2,40,"post_fragmentation","chessboard",18,241,5,41,13,1,692,2
39,893,50,0.8,0.7,0.15,0.1,1,1,2,40,"post_fragmentation","chessboard",19,245,5,45,14,4,406,1
39,893,50,0.8,0.7,0.15,0.1,1,1,2,40,"post_fragmentation","chessboard",19,245,5,45,14,4,408,2
39,893,50,0.8,0.7,0.15,0.1,1,1,2,40,"post_fragmentation","chessboard",19,245,5,45,14,4,424,2
39,893,50,0.8,0.7,0.15,0.1,1,1,2,40,"post_fragmentation","chessboard",19,245,5,45,14,4,428,1
39,893,50,0.8,0.7,0.15,0.1,1,1,2,40,"post_fragmentation","chessboard",19,245,5,45,14,4,471,1
39,893,50,0.8,0.7,0.15,0.1,1,1,2,40,"post_fragmentation","chessboard",19,245,5,45,14,4,499,1
39,893,50,0.8,0.7,0.15,0.1,1,1,2,40,"post_fragmentation","chessboard",19,245,5,45,14,4,509,1
39,893,50,0.8,0.7,0.15,0.1,1,1,2,40,"post_fragmentation","chessboard",19,245,5,45,14,4,513,2
39,893,50,0.8,0.7,0.15,0.1,1,1,2,40,"post_fragmentation","chessboard",19,245,5,45,14,4,516,1
39,893,50,0.8,0.7,0.15,0.1,1,1,2,40,"post_fragmentation","chessboard",19,245,5,45,14,4,518,1
39,893,50,0.8,0.7,0.15,0.1,1,1,2,40,"post_fragmentation","chessboard",19,245,5,45,14,4,524,1
39,893,50,0.8,0.7,0.15,0.1,1,1,2,40,"post_fragmentation","chessboard",19,245,5,45,14,4,535,1
39,893,50,0.8,0.7,0.15,0.1,1,1,2,40,"post_fragmentation","chessboard",19,245,5,45,14,4,547,3
39,893,50,0.8,0.7,0.15,0.1,1,1,2,40,"post_fragmentation","chessboard",19,245,5,45,14,4,554,2
39,893,50,0.8,0.7,0.15,0.1,1,1,2,40,"post_fragmentation","chessboard",19,245,5,45,14,4,559,2
39,893,50,0.8,0.7,0.15,0.1,1,1,2,40,"post_fragmentation","chessboard",19,245,5,45,14,4,570,1
39,893,50,0.8,0.7,0.15,0.1,1,1,2,40,"post_fragmentation","chessboard",19,245,5,45,14,4,577,1
39,893,50,0.8,0.7,0.15,0.1,1,1,2,40,"post_fragmentation","chessboard",19,245,5,45,14,4,590,1
39,893,50,0.8,0.7,0.15,0.1,1,1,2,40,"post_fragmentation","chessboard",19,245,5,45,14,4,595,3
39,893,50,0.8,0.7,0.15,0.1,1,1,2,40,"post_fragmentation","chessboard",19,245,5,45,14,4,611,2
39,893,50,0.8,0.7,0.15,0.1,1,1,2,40,"post_fragmentation","chessboard",19,245,5,45,14,4,615,1
39,893,50,0.8,0.7,0.15,0.1,1,1,2,40,"post_fragmentation","chessboard",19,245,5,45,14,4,682,1
39,893,50,0.8,0.7,0.15,0.1,1,1,2,40,"post_fragmentation","chessboard",20,270,6,20,15,2,451,1
39,893,50,0.8,0.7,0.15,0.1,1,1,2,40,"post_fragmentation","chessboard",20,270,6,20,15,2,461,1
39,893,50,0.8,0.7,0.15,0.1,1,1,2,40,"post_fragmentation","chessboard",20,270,6,20,15,2,480,2
39,893,50,0.8,0.7,0.15,0.1,1,1,2,40,"post_fragmentation","chessboard",20,270,6,20,15,2,482,1
39,893,50,0.8,0.7,0.15,0.1,1,1,2,40,"post_fragmentation","chessboard",20,270,6,20,15,2,483,1
39,893,50,0.8,0.7,0.15,0.1,1,1,2,40,"post_fragmentation","chessboard",20,270,6,20,15,2,485,2
39,893,50,0.8,0.7,0.15,0.1,1,1,2,40,"post_fragmentation","chessboard",20,270,6,20,15,2,499,2
39,893,50,0.8,0.7,0.15,0.1,1,1,2,40,"post_fragmentation","chessboard",20,270,6,20,15,2,500,1
39,893,50,0.8,0.7,0.15,0.1,1,1,2,40,"post_fragmentation","chessboard",20,270,6,20,15,2,502,1
39,893,50,0.8,0.7,0.15,0.1,1,1,2,40,"post_fragmentation","chessboard",20,270,6,20,15,2,505,1
39,893,50,0.8,0.7,0.15,0.1,1,1,2,40,"post_fragmentation","chessboard",20,270,6,20,15,2,508,1
39,893,50,0.8,0.7,0.15,0.1,1,1,2,40,"post_fragmentation","chessboard",20,270,6,20,15,2,519,1
39,893,50,0.8,0.7,0.15,0.1,1,1,2,40,"post_fragmentation","chessboard",20,270,6,20,15,2,525,1
39,893,50,0.8,0.7,0.15,0.1,1,1,2,40,"post_fragmentation","chessboard",20,270,6,20,15,2,537,1
39,893,50,0.8,0.7,0.15,0.1,1,1,2,40,"post_fragmentation","chessboard",20,270,6,20,15,2,539,1
39,893,50,0.8,0.7,0.15,0.1,1,1,2,40,"post_fragmentation","chessboard",20,270,6,20,15,2,545,1
39,893,50,0.8,0.7,0.15,0.1,1,1,2,40,"post_fragmentation","chessboard",20,270,6,20,15,2,546,1
39,893,50,0.8,0.7,0.15,0.1,1,1,2,40,"post_fragmentation","chessboard",20,270,6,20,15,2,548,6
39,893,50,0.8,0.7,0.15,0.1,1,1,2,40,"post_fragmentation","chessboard",20,270,6,20,15,2,549,2
39,893,50,0.8,0.7,0.15,0.1,1,1,2,40,"post_fragmentation","chessboard",20,270,6,20,15,2,570,1
39,893,50,0.8,0.7,0.15,0.1,1,1,2,40,"post_fragmentation","chessboard",20,270,6,20,15,2,574,1
39,893,50,0.8,0.7,0.15,0.1,1,1,2,40,"post_fragmentation","chessboard",20,270,6,20,15,2,583,1
39,893,50,0.8,0.7,0.15,0.1,1,1,2,40,"post_fragmentation","chessboard",20,270,6,20,15,2,588,1
39,893,50,0.8,0.7,0.15,0.1,1,1,2,40,"post_fragmentation","chessboard",20,270,6,20,15,2,590,1
39,893,50,0.8,0.7,0.15,0.1,1,1,2,40,"post_fragmentation","chessboard",20,270,6,20,15,2,614,1
39,893,50,0.8,0.7,0.15,0.1,1,1,2,40,"post_fragmentation","chessboard",20,270,6,20,15,2,615,2
39,893,50,0.8,0.7,0.15,0.1,1,1,2,40,"post_fragmentation","chessboard",21,278,6,28,12,4,502,1
39,893,50,0.8,0.7,0.15,0.1,1,1,2,40,"post_fragmentation","chessboard",21,278,6,28,12,4,508,1
39,893,50,0.8,0.7,0.15,0.1,1,1,2,40,"post_fragmentation","chessboard",21,278,6,28,12,4,509,1
39,893,50,0.8,0.7,0.15,0.1,1,1,2,40,"post_fragmentation","chessboard",21,278,6,28,12,4,545,2
39,893,50,0.8,0.7,0.15,0.1,1,1,2,40,"post_fragmentation","chessboard",21,278,6,28,12,4,557,2
39,893,50,0.8,0.7,0.15,0.1,1,1,2,40,"post_fragmentation","chessboard",21,278,6,28,12,4,560,2
39,893,50,0.8,0.7,0.15,0.1,1,1,2,40,"post_fragmentation","chessboard",21,278,6,28,12,4,567,4
39,893,50,0.8,0.7,0.15,0.1,1,1,2,40,"post_fragmentation","chessboard",21,278,6,28,12,4,584,1
39,893,50,0.8,0.7,0.15,0.1,1,1,2,40,"post_fragmentation","chessboard",21,278,6,28,12,4,588,3
39,893,50,0.8,0.7,0.15,0.1,1,1,2,40,"post_fragmentation","chessboard",21,278,6,28,12,4,603,1
39,893,50,0.8,0.7,0.15,0.1,1,1,2,40,"post_fragmentation","chessboard",21,278,6,28,12,4,617,2
39,893,50,0.8,0.7,0.15,0.1,1,1,2,40,"post_fragmentation","chessboard",21,278,6,28,12,4,623,1
39,893,50,0.8,0.7,0.15,0.1,1,1,2,40,"post_fragmentation","chessboard",21,278,6,28,12,4,627,2
39,893,50,0.8,0.7,0.15,0.1,1,1,2,40,"post_fragmentation","chessboard",21,278,6,28,12,4,634,1
39,893,50,0.8,0.7,0.15,0.1,1,1,2,40,"post_fragmentation","chessboard",21,278,6,28,12,4,637,2
39,893,50,0.8,0.7,0.15,0.1,1,1,2,40,"post_fragmentation","chessboard",21,278,6,28,12,4,640,1
39,893,50,0.8,0.7,0.15,0.1,1,1,2,40,"post_fragmentation","chessboard",21,278,6,28,12,4,643,1
39,893,50,0.8,0.7,0.15,0.1,1,1,2,40,"post_fragmentation","chessboard",21,278,6,28,12,4,653,1
39,893,50,0.8,0.7,0.15,0.1,1,1,2,40,"post_fragmentation","chessboard",21,278,6,28,12,4,664,1
39,893,50,0.8,0.7,0.15,0.1,1,1,2,40,"post_fragmentation","chessboard",21,278,6,28,12,4,666,1
39,893,50,0.8,0.7,0.15,0.1,1,1,2,40,"post_fragmentation","chessboard",21,278,6,28,12,4,667,1
39,893,50,0.8,0.7,0.15,0.1,1,1,2,40,"post_fragmentation","chessboard",21,278,6,28,12,4,674,1
39,893,50,0.8,0.7,0.15,0.1,1,1,2,40,"post_fragmentation","chessboard",21,278,6,28,12,4,685,1
39,893,50,0.8,0.7,0.15,0.1,1,1,2,40,"post_fragmentation","chessboard",21,278,6,28,12,4,686,1
39,893,50,0.8,0.7,0.15,0.1,1,1,2,40,"post_fragmentation","chessboard",21,278,6,28,12,4,689,1
39,893,50,0.8,0.7,0.15,0.1,1,1,2,40,"post_fragmentation","chessboard",21,278,6,28,12,4,705,1
39,893,50,0.8,0.7,0.15,0.1,1,1,2,40,"post_fragmentation","chessboard",21,278,6,28,12,4,709,3
39,893,50,0.8,0.7,0.15,0.1,1,1,2,40,"post_fragmentation","chessboard",21,278,6,28,12,4,768,1
39,893,50,0.8,0.7,0.15,0.1,1,1,2,40,"post_fragmentation","chessboard",22,294,6,44,18,1,509,1
39,893,50,0.8,0.7,0.15,0.1,1,1,2,40,"post_fragmentation","chessboard",22,294,6,44,18,1,513,1
39,893,50,0.8,0.7,0.15,0.1,1,1,2,40,"post_fragmentation","chessboard",22,294,6,44,18,1,516,1
39,893,50,0.8,0.7,0.15,0.1,1,1,2,40,"post_fragmentation","chessboard",22,294,6,44,18,1,518,2
39,893,50,0.8,0.7,0.15,0.1,1,1,2,40,"post_fragmentation","chessboard",22,294,6,44,18,1,524,1
39,893,50,0.8,0.7,0.15,0.1,1,1,2,40,"post_fragmentation","chessboard",22,294,6,44,18,1,527,1
39,893,50,0.8,0.7,0.15,0.1,1,1,2,40,"post_fragmentation","chessboard",22,294,6,44,18,1,534,1
39,893,50,0.8,0.7,0.15,0.1,1,1,2,40,"post_fragmentation","chessboard",22,294,6,44,18,1,535,3
39,893,50,0.8,0.7,0.15,0.1,1,1,2,40,"post_fragmentation","chessboard",22,294,6,44,18,1,547,5
39,893,50,0.8,0.7,0.15,0.1,1,1,2,40,"post_fragmentation","chessboard",22,294,6,44,18,1,549,1
39,893,50,0.8,0.7,0.15,0.1,1,1,2,40,"post_fragmentation","chessboard",22,294,6,44,18,1,554,3
39,893,50,0.8,0.7,0.15,0.1,1,1,2,40,"post_fragmentation","chessboard",22,294,6,44,18,1,555,1
39,893,50,0.8,0.7,0.15,0.1,1,1,2,40,"post_fragmentation","chessboard",22,294,6,44,18,1,567,1
39,893,50,0.8,0.7,0.15,0.1,1,1,2,40,"post_fragmentation","chessboard",22,294,6,44,18,1,578,1
39,893,50,0.8,0.7,0.15,0.1,1,1,2,40,"post_fragmentation","chessboard",22,294,6,44,18,1,579,3
39,893,50,0.8,0.7,0.15,0.1,1,1,2,40,"post_fragmentation","chessboard",22,294,6,44,18,1,580,1
39,893,50,0.8,0.7,0.15,0.1,1,1,2,40,"post_fragmentation","chessboard",22,294,6,44,18,1,590,1
39,893,50,0.8,0.7,0.15,0.1,1,1,2,40,"post_fragmentation","chessboard",22,294,6,44,18,1,591,2
39,893,50,0.8,0.7,0.15,0.1,1,1,2,40,"post_fragmentation","chessboard",22,294,6,44,18,1,595,1
39,893,50,0.8,0.7,0.15,0.1,1,1,2,40,"post_fragmentation","chessboard",22,294,6,44,18,1,597,2
39,893,50,0.8,0.7,0.15,0.1,1,1,2,40,"post_fragmentation","chessboard",22,294,6,44,18,1,603,2
39,893,50,0.8,0.7,0.15,0.1,1,1,2,40,"post_fragmentation","chessboard",22,294,6,44,18,1,605,1
39,893,50,0.8,0.7,0.15,0.1,1,1,2,40,"post_fragmentation","chessboard",22,294,6,44,18,1,610,1
39,893,50,0.8,0.7,0.15,0.1,1,1,2,40,"post_fragmentation","chessboard",22,294,6,44,18,1,611,1
39,893,50,0.8,0.7,0.15,0.1,1,1,2,40,"post_fragmentation","chessboard",22,294,6,44,18,1,614,1
39,893,50,0.8,0.7,0.15,0.1,1,1,2,40,"post_fragmentation","chessboard",22,294,6,44,18,1,621,1
39,893,50,0.8,0.7,0.15,0.1,1,1,2,40,"post_fragmentation","chessboard",22,294,6,44,18,1,638,2
39,893,50,0.8,0.7,0.15,0.1,1,1,2,40,"post_fragmentation","chessboard",23,296,6,46,14,4,376,1
39,893,50,0.8,0.7,0.15,0.1,1,1,2,40,"post_fragmentation","chessboard",23,296,6,46,14,4,421,1
39,893,50,0.8,0.7,0.15,0.1,1,1,2,40,"post_fragmentation","chessboard",23,296,6,46,14,4,424,1
39,893,50,0.8,0.7,0.15,0.1,1,1,2,40,"post_fragmentation","chessboard",23,296,6,46,14,4,429,1
39,893,50,0.8,0.7,0.15,0.1,1,1,2,40,"post_fragmentation","chessboard",23,296,6,46,14,4,433,2
39,893,50,0.8,0.7,0.15,0.1,1,1,2,40,"post_fragmentation","chessboard",23,296,6,46,14,4,437,2
39,893,50,0.8,0.7,0.15,0.1,1,1,2,40,"post_fragmentation","chessboard",23,296,6,46,14,4,489,2
39,893,50,0.8,0.7,0.15,0.1,1,1,2,40,"post_fragmentation","chessboard",23,296,6,46,14,4,499,2
39,893,50,0.8,0.7,0.15,0.1,1,1,2,40,"post_fragmentation","chessboard",23,296,6,46,14,4,513,5
39,893,50,0.8,0.7,0.15,0.1,1,1,2,40,"post_fragmentation","chessboard",23,296,6,46,14,4,516,2
39,893,50,0.8,0.7,0.15,0.1,1,1,2,40,"post_fragmentation","chessboard",23,296,6,46,14,4,517,1
39,893,50,0.8,0.7,0.15,0.1,1,1,2,40,"post_fragmentation","chessboard",23,296,6,46,14,4,518,1
39,893,50,0.8,0.7,0.15,0.1,1,1,2,40,"post_fragmentation","chessboard",23,296,6,46,14,4,524,2
39,893,50,0.8,0.7,0.15,0.1,1,1,2,40,"post_fragmentation","chessboard",23,296,6,46,14,4,535,4
39,893,50,0.8,0.7,0.15,0.1,1,1,2,40,"post_fragmentation","chessboard",23,296,6,46,14,4,549,3
39,893,50,0.8,0.7,0.15,0.1,1,1,2,40,"post_fragmentation","chessboard",23,296,6,46,14,4,554,1
39,893,50,0.8,0.7,0.15,0.1,1,1,2,40,"post_fragmentation","chessboard",23,296,6,46,14,4,570,3
39,893,50,0.8,0.7,0.15,0.1,1,1,2,40,"post_fragmentation","chessboard",23,296,6,46,14,4,578,1
39,893,50,0.8,0.7,0.15,0.1,1,1,2,40,"post_fragmentation","chessboard",23,296,6,46,14,4,580,2
39,893,50,0.8,0.7,0.15,0.1,1,1,2,40,"post_fragmentation","chessboard",23,296,6,46,14,4,597,1
39,893,50,0.8,0.7,0.15,0.1,1,1,2,40,"post_fragmentation","chessboard",23,296,6,46,14,4,621,1
39,893,50,0.8,0.7,0.15,0.1,1,1,2,40,"post_fragmentation","chessboard",24,317,7,17,19,1,420,1
39,893,50,0.8,0.7,0.15,0.1,1,1,2,40,"post_fragmentation","chessboard",24,317,7,17,19,1,426,1
39,893,50,0.8,0.7,0.15,0.1,1,1,2,40,"post_fragmentation","chessboard",24,317,7,17,19,1,445,1
39,893,50,0.8,0.7,0.15,0.1,1,1,2,40,"post_fragmentation","chessboard",24,317,7,17,19,1,455,1
39,893,50,0.8,0.7,0.15,0.1,1,1,2,40,"post_fragmentation","chessboard",24,317,7,17,19,1,461,1
39,893,50,0.8,0.7,0.15,0.1,1,1,2,40,"post_fragmentation","chessboard",24,317,7,17,19,1,465,1
39,893,50,0.8,0.7,0.15,0.1,1,1,2,40,"post_fragmentation","chessboard",24,317,7,17,19,1,485,2
39,893,50,0.8,0.7,0.15,0.1,1,1,2,40,"post_fragmentation","chessboard",24,317,7,17,19,1,500,1
39,893,50,0.8,0.7,0.15,0.1,1,1,2,40,"post_fragmentation","chessboard",24,317,7,17,19,1,502,3
39,893,50,0.8,0.7,0.15,0.1,1,1,2,40,"post_fragmentation","chessboard",24,317,7,17,19,1,508,2
39,893,50,0.8,0.7,0.15,0.1,1,1,2,40,"post_fragmentation","chessboard",24,317,7,17,19,1,509,1
39,893,50,0.8,0.7,0.15,0.1,1,1,2,40,"post_fragmentation","chessboard",24,317,7,17,19,1,516,3
39,893,50,0.8,0.7,0.15,0.1,1,1,2,40,"post_fragmentation","chessboard",24,317,7,17,19,1,520,3
39,893,50,0.8,0.7,0.15,0.1,1,1,2,40,"post_fragmentation","chessboard",24,317,7,17,19,1,521,1
39,893,50,0.8,0.7,0.15,0.1,1,1,2,40,"post_fragmentation","chessboard",24,317,7,17,19,1,525,1
39,893,50,0.8,0.7,0.15,0.1,1,1,2,40,"post_fragmentation","chessboard",24,317,7,17,19,1,529,1
39,893,50,0.8,0.7,0.15,0.1,1,1,2,40,"post_fragmentation","chessboard",24,317,7,17,19,1,548,1
39,893,50,0.8,0.7,0.15,0.1,1,1,2,40,"post_fragmentation","chessboard",24,317,7,17,19,1,562,3
39,893,50,0.8,0.7,0.15,0.1,1,1,2,40,"post_fragmentation","chessboard",24,317,7,17,19,1,574,1
39,893,50,0.8,0.7,0.15,0.1,1,1,2,40,"post_fragmentation","chessboard",24,317,7,17,19,1,580,4
39,893,50,0.8,0.7,0.15,0.1,1,1,2,40,"post_fragmentation","chessboard",24,317,7,17,19,1,584,1
39,893,50,0.8,0.7,0.15,0.1,1,1,2,40,"post_fragmentation","chessboard",24,317,7,17,19,1,596,1
39,893,50,0.8,0.7,0.15,0.1,1,1,2,40,"post_fragmentation","chessboard",25,325,7,25,20,1,455,1
39,893,50,0.8,0.7,0.15,0.1,1,1,2,40,"post_fragmentation","chessboard",25,325,7,25,20,1,502,1
39,893,50,0.8,0.7,0.15,0.1,1,1,2,40,"post_fragmentation","chessboard",25,325,7,25,20,1,507,2
39,893,50,0.8,0.7,0.15,0.1,1,1,2,40,"post_fragmentation","chessboard",25,325,7,25,20,1,509,1
39,893,50,0.8,0.7,0.15,0.1,1,1,2,40,"post_fragmentation","chessboard",25,325,7,25,20,1,514,1
39,893,50,0.8,0.7,0.15,0.1,1,1,2,40,"post_fragmentation","chessboard",25,325,7,25,20,1,532,1
39,893,50,0.8,0.7,0.15,0.1,1,1,2,40,"post_fragmentation","chessboard",25,325,7,25,20,1,539,1
39,893,50,0.8,0.7,0.15,0.1,1,1,2,40,"post_fragmentation","chessboard",25,325,7,25,20,1,540,3
39,893,50,0.8,0.7,0.15,0.1,1,1,2,40,"post_fragmentation","chessboard",25,325,7,25,20,1,545,2
39,893,50,0.8,0.7,0.15,0.1,1,1,2,40,"post_fragmentation","chessboard",25,325,7,25,20,1,548,4
39,893,50,0.8,0.7,0.15,0.1,1,1,2,40,"post_fragmentation","chessboard",25,325,7,25,20,1,549,1
39,893,50,0.8,0.7,0.15,0.1,1,1,2,40,"post_fragmentation","chessboard",25,325,7,25,20,1,551,2
39,893,50,0.8,0.7,0.15,0.1,1,1,2,40,"post_fragmentation","chessboard",25,325,7,25,20,1,560,2
39,893,50,0.8,0.7,0.15,0.1,1,1,2,40,"post_fragmentation","chessboard",25,325,7,25,20,1,562,1
39,893,50,0.8,0.7,0.15,0.1,1,1,2,40,"post_fragmentation","chessboard",25,325,7,25,20,1,569,1
39,893,50,0.8,0.7,0.15,0.1,1,1,2,40,"post_fragmentation","chessboard",25,325,7,25,20,1,581,3
39,893,50,0.8,0.7,0.15,0.1,1,1,2,40,"post_fragmentation","chessboard",25,325,7,25,20,1,595,3
39,893,50,0.8,0.7,0.15,0.1,1,1,2,40,"post_fragmentation","chessboard",25,325,7,25,20,1,610,1
39,893,50,0.8,0.7,0.15,0.1,1,1,2,40,"post_fragmentation","chessboard",25,325,7,25,20,1,611,2
39,893,50,0.8,0.7,0.15,0.1,1,1,2,40,"post_fragmentation","chessboard",25,325,7,25,20,1,617,1
39,893,50,0.8,0.7,0.15,0.1,1,1,2,40,"post_fragmentation","chessboard",25,325,7,25,20,1,624,1
39,893,50,0.8,0.7,0.15,0.1,1,1,2,40,"post_fragmentation","chessboard",25,325,7,25,20,1,635,1
39,893,50,0.8,0.7,0.15,0.1,1,1,2,40,"post_fragmentation","chessboard",25,325,7,25,20,1,647,2
39,893,50,0.8,0.7,0.15,0.1,1,1,2,40,"post_fragmentation","chessboard",26,331,7,31,16,5,545,2
39,893,50,0.8,0.7,0.15,0.1,1,1,2,40,"post_fragmentation","chessboard",26,331,7,31,16,5,557,1
39,893,50,0.8,0.7,0.15,0.1,1,1,2,40,"post_fragmentation","chessboard",26,331,7,31,16,5,567,1
39,893,50,0.8,0.7,0.15,0.1,1,1,2,40,"post_fragmentation","chessboard",26,331,7,31,16,5,570,1
39,893,50,0.8,0.7,0.15,0.1,1,1,2,40,"post_fragmentation","chessboard",26,331,7,31,16,5,593,1
39,893,50,0.8,0.7,0.15,0.1,1,1,2,40,"post_fragmentation","chessboard",26,331,7,31,16,5,595,1
39,893,50,0.8,0.7,0.15,0.1,1,1,2,40,"post_fragmentation","chessboard",26,331,7,31,16,5,614,2
39,893,50,0.8,0.7,0.15,0.1,1,1,2,40,"post_fragmentation","chessboard",26,331,7,31,16,5,617,1
39,893,50,0.8,0.7,0.15,0.1,1,1,2,40,"post_fragmentation","chessboard",26,331,7,31,16,5,627,2
39,893,50,0.8,0.7,0.15,0.1,1,1,2,40,"post_fragmentation","chessboard",26,331,7,31,16,5,633,3
39,893,50,0.8,0.7,0.15,0.1,1,1,2,40,"post_fragmentation","chessboard",26,331,7,31,16,5,635,2
39,893,50,0.8,0.7,0.15,0.1,1,1,2,40,"post_fragmentation","chessboard",26,331,7,31,16,5,637,3
39,893,50,0.8,0.7,0.15,0.1,1,1,2,40,"post_fragmentation","chessboard",26,331,7,31,16,5,656,4
39,893,50,0.8,0.7,0.15,0.1,1,1,2,40,"post_fragmentation","chessboard",26,331,7,31,16,5,661,1
39,893,50,0.8,0.7,0.15,0.1,1,1,2,40,"post_fragmentation","chessboard",26,331,7,31,16,5,667,1
39,893,50,0.8,0.7,0.15,0.1,1,1,2,40,"post_fragmentation","chessboard",26,331,7,31,16,5,674,2
39,893,50,0.8,0.7,0.15,0.1,1,1,2,40,"post_fragmentation","chessboard",26,331,7,31,16,5,682,1
39,893,50,0.8,0.7,0.15,0.1,1,1,2,40,"post_fragmentation","chessboard",26,331,7,31,16,5,685,2
39,893,50,0.8,0.7,0.15,0.1,1,1,2,40,"post_fragmentation","chessboard",26,331,7,31,16,5,689,2
39,893,50,0.8,0.7,0.15,0.1,1,1,2,40,"post_fragmentation","chessboard",26,331,7,31,16,5,711,1
39,893,50,0.8,0.7,0.15,0.1,1,1,2,40,"post_fragmentation","chessboard",26,331,7,31,16,5,724,1
39,893,50,0.8,0.7,0.15,0.1,1,1,2,40,"post_fragmentation","chessboard",27,349,7,49,22,1,316,1
39,893,50,0.8,0.7,0.15,0.1,1,1,2,40,"post_fragmentation","chessboard",27,349,7,49,22,1,332,1
39,893,50,0.8,0.7,0.15,0.1,1,1,2,40,"post_fragmentation","chessboard",27,349,7,49,22,1,333,1
39,893,50,0.8,0.7,0.15,0.1,1,1,2,40,"post_fragmentation","chessboard",27,349,7,49,22,1,350,1
39,893,50,0.8,0.7,0.15,0.1,1,1,2,40,"post_fragmentation","chessboard",27,349,7,49,22,1,380,2
39,893,50,0.8,0.7,0.15,0.1,1,1,2,40,"post_fragmentation","chessboard",27,349,7,49,22,1,403,4
39,893,50,0.8,0.7,0.15,0.1,1,1,2,40,"post_fragmentation","chessboard",27,349,7,49,22,1,405,1
39,893,50,0.8,0.7,0.15,0.1,1,1,2,40,"post_fragmentation","chessboard",27,349,7,49,22,1,408,1
39,893,50,0.8,0.7,0.15,0.1,1,1,2,40,"post_fragmentation","chessboard",27,349,7,49,22,1,415,2
39,893,50,0.8,0.7,0.15,0.1,1,1,2,40,"post_fragmentation","chessboard",27,349,7,49,22,1,424,1
39,893,50,0.8,0.7,0.15,0.1,1,1,2,40,"post_fragmentation","chessboard",27,349,7,49,22,1,428,2
39,893,50,0.8,0.7,0.15,0.1,1,1,2,40,"post_fragmentation","chessboard",27,349,7,49,22,1,429,1
39,893,50,0.8,0.7,0.15,0.1,1,1,2,40,"post_fragmentation","chessboard",27,349,7,49,22,1,433,1
39,893,50,0.8,0.7,0.15,0.1,1,1,2,40,"post_fragmentation","chessboard",27,349,7,49,22,1,434,2
39,893,50,0.8,0.7,0.15,0.1,1,1,2,40,"post_fragmentation","chessboard",27,349,7,49,22,1,436,4
39,893,50,0.8,0.7,0.15,0.1,1,1,2,40,"post_fragmentation","chessboard",27,349,7,49,22,1,445,5
39,893,50,0.8,0.7,0.15,0.1,1,1,2,40,"post_fragmentation","chessboard",27,349,7,49,22,1,449,1
39,893,50,0.8,0.7,0.15,0.1,1,1,2,40,"post_fragmentation","chessboard",27,349,7,49,22,1,467,2
39,893,50,0.8,0.7,0.15,0.1,1,1,2,40,"post_fragmentation","chessboard",27,349,7,49,22,1,489,3
39,893,50,0.8,0.7,0.15,0.1,1,1,2,40,"post_fragmentation","chessboard",27,349,7,49,22,1,513,2
39,893,50,0.8,0.7,0.15,0.1,1,1,2,40,"post_fragmentation","chessboard",27,349,7,49,22,1,578,1
39,893,50,0.8,0.7,0.15,0.1,1,1,2,40,"post_fragmentation","chessboard",28,380,8,30,16,5,508,1
39,893,50,0.8,0.7,0.15,0.1,1,1,2,40,"post_fragmentation","chessboard",28,380,8,30,16,5,545,2
39,893,50,0.8,0.7,0.15,0.1,1,1,2,40,"post_fragmentation","chessboard",28,380,8,30,16,5,548,1
39,893,50,0.8,0.7,0.15,0.1,1,1,2,40,"post_fragmentation","chessboard",28,380,8,30,16,5,558,1
39,893,50,0.8,0.7,0.15,0.1,1,1,2,40,"post_fragmentation","chessboard",28,380,8,30,16,5,567,2
39,893,50,0.8,0.7,0.15,0.1,1,1,2,40,"post_fragmentation","chessboard",28,380,8,30,16,5,581,1
39,893,50,0.8,0.7,0.15,0.1,1,1,2,40,"post_fragmentation","chessboard",28,380,8,30,16,5,582,2
39,893,50,0.8,0.7,0.15,0.1,1,1,2,40,"post_fragmentation","chessboard",28,380,8,30,16,5,584,1
39,893,50,0.8,0.7,0.15,0.1,1,1,2,40,"post_fragmentation","chessboard",28,380,8,30,16,5,601,1
39,893,50,0.8,0.7,0.15,0.1,1,1,2,40,"post_fragmentation","chessboard",28,380,8,30,16,5,610,1
39,893,50,0.8,0.7,0.15,0.1,1,1,2,40,"post_fragmentation","chessboard",28,380,8,30,16,5,617,1
39,893,50,0.8,0.7,0.15,0.1,1,1,2,40,"post_fragmentation","chessboard",28,380,8,30,16,5,620,1
39,893,50,0.8,0.7,0.15,0.1,1,1,2,40,"post_fragmentation","chessboard",28,380,8,30,16,5,627,3
39,893,50,0.8,0.7,0.15,0.1,1,1,2,40,"post_fragmentation","chessboard",28,380,8,30,16,5,630,1
39,893,50,0.8,0.7,0.15,0.1,1,1,2,40,"post_fragmentation","chessboard",28,380,8,30,16,5,633,2
39,893,50,0.8,0.7,0.15,0.1,1,1,2,40,"post_fragmentation","chessboard",28,380,8,30,16,5,634,2
39,893,50,0.8,0.7,0.15,0.1,1,1,2,40,"post_fragmentation","chessboard",28,380,8,30,16,5,646,3
39,893,50,0.8,0.7,0.15,0.1,1,1,2,40,"post_fragmentation","chessboard",28,380,8,30,16,5,649,3
39,893,50,0.8,0.7,0.15,0.1,1,1,2,40,"post_fragmentation","chessboard",28,380,8,30,16,5,666,1
39,893,50,0.8,0.7,0.15,0.1,1,1,2,40,"post_fragmentation","chessboard",28,380,8,30,16,5,668,1
39,893,50,0.8,0.7,0.15,0.1,1,1,2,40,"post_fragmentation","chessboard",28,380,8,30,16,5,689,1
39,893,50,0.8,0.7,0.15,0.1,1,1,2,40,"post_fragmentation","chessboard",28,380,8,30,16,5,706,2
39,893,50,0.8,0.7,0.15,0.1,1,1,2,40,"post_fragmentation","chessboard",29,390,8,40,26,9,513,1
39,893,50,0.8,0.7,0.15,0.1,1,1,2,40,"post_fragmentation","chessboard",29,390,8,40,26,9,516,1
39,893,50,0.8,0.7,0.15,0.1,1,1,2,40,"post_fragmentation","chessboard",29,390,8,40,26,9,517,1
39,893,50,0.8,0.7,0.15,0.1,1,1,2,40,"post_fragmentation","chessboard",29,390,8,40,26,9,549,1
39,893,50,0.8,0.7,0.15,0.1,1,1,2,40,"post_fragmentation","chessboard",29,390,8,40,26,9,559,2
39,893,50,0.8,0.7,0.15,0.1,1,1,2,40,"post_fragmentation","chessboard",29,390,8,40,26,9,578,1
39,893,50,0.8,0.7,0.15,0.1,1,1,2,40,"post_fragmentation","chessboard",29,390,8,40,26,9,584,1
39,893,50,0.8,0.7,0.15,0.1,1,1,2,40,"post_fragmentation","chessboard",29,390,8,40,26,9,595,5
39,893,50,0.8,0.7,0.15,0.1,1,1,2,40,"post_fragmentation","chessboard",29,390,8,40,26,9,607,1
39,893,50,0.8,0.7,0.15,0.1,1,1,2,40,"post_fragmentation","chessboard",29,390,8,40,26,9,608,1
39,893,50,0.8,0.7,0.15,0.1,1,1,2,40,"post_fragmentation","chessboard",29,390,8,40,26,9,614,1
39,893,50,0.8,0.7,0.15,0.1,1,1,2,40,"post_fragmentation","chessboard",29,390,8,40,26,9,621,1
39,893,50,0.8,0.7,0.15,0.1,1,1,2,40,"post_fragmentation","chessboard",29,390,8,40,26,9,633,1
39,893,50,0.8,0.7,0.15,0.1,1,1,2,40,"post_fragmentation","chessboard",29,390,8,40,26,9,637,1
39,893,50,0.8,0.7,0.15,0.1,1,1,2,40,"post_fragmentation","chessboard",29,390,8,40,26,9,638,1
39,893,50,0.8,0.7,0.15,0.1,1,1,2,40,"post_fragmentation","chessboard",29,390,8,40,26,9,655,1
39,893,50,0.8,0.7,0.15,0.1,1,1,2,40,"post_fragmentation","chessboard",29,390,8,40,26,9,666,3
39,893,50,0.8,0.7,0.15,0.1,1,1,2,40,"post_fragmentation","chessboard",29,390,8,40,26,9,670,1
39,893,50,0.8,0.7,0.15,0.1,1,1,2,40,"post_fragmentation","chessboard",29,390,8,40,26,9,671,2
39,893,50,0.8,0.7,0.15,0.1,1,1,2,40,"post_fragmentation","chessboard",29,390,8,40,26,9,673,1
39,893,50,0.8,0.7,0.15,0.1,1,1,2,40,"post_fragmentation","chessboard",29,390,8,40,26,9,674,1
39,893,50,0.8,0.7,0.15,0.1,1,1,2,40,"post_fragmentation","chessboard",29,390,8,40,26,9,682,2
39,893,50,0.8,0.7,0.15,0.1,1,1,2,40,"post_fragmentation","chessboard",29,390,8,40,26,9,686,1
39,893,50,0.8,0.7,0.15,0.1,1,1,2,40,"post_fragmentation","chessboard",29,390,8,40,26,9,687,1
39,893,50,0.8,0.7,0.15,0.1,1,1,2,40,"post_fragmentation","chessboard",29,390,8,40,26,9,698,1
39,893,50,0.8,0.7,0.15,0.1,1,1,2,40,"post_fragmentation","chessboard",29,390,8,40,26,9,715,1
39,893,50,0.8,0.7,0.15,0.1,1,1,2,40,"post_fragmentation","chessboard",30,400,8,50,23,3,333,1
39,893,50,0.8,0.7,0.15,0.1,1,1,2,40,"post_fragmentation","chessboard",30,400,8,50,23,3,342,2
39,893,50,0.8,0.7,0.15,0.1,1,1,2,40,"post_fragmentation","chessboard",30,400,8,50,23,3,350,1
39,893,50,0.8,0.7,0.15,0.1,1,1,2,40,"post_fragmentation","chessboard",30,400,8,50,23,3,354,1
39,893,50,0.8,0.7,0.15,0.1,1,1,2,40,"post_fragmentation","chessboard",30,400,8,50,23,3,367,1
39,893,50,0.8,0.7,0.15,0.1,1,1,2,40,"post_fragmentation","chessboard",30,400,8,50,23,3,380,1
39,893,50,0.8,0.7,0.15,0.1,1,1,2,40,"post_fragmentation","chessboard",30,400,8,50,23,3,382,1
39,893,50,0.8,0.7,0.15,0.1,1,1,2,40,"post_fragmentation","chessboard",30,400,8,50,23,3,385,2
39,893,50,0.8,0.7,0.15,0.1,1,1,2,40,"post_fragmentation","chessboard",30,400,8,50,23,3,390,3
39,893,50,0.8,0.7,0.15,0.1,1,1,2,40,"post_fragmentation","chessboard",30,400,8,50,23,3,394,1
39,893,50,0.8,0.7,0.15,0.1,1,1,2,40,"post_fragmentation","chessboard",30,400,8,50,23,3,403,1
39,893,50,0.8,0.7,0.15,0.1,1,1,2,40,"post_fragmentation","chessboard",30,400,8,50,23,3,405,2
39,893,50,0.8,0.7,0.15,0.1,1,1,2,40,"post_fragmentation","chessboard",30,400,8,50,23,3,406,1
39,893,50,0.8,0.7,0.15,0.1,1,1,2,40,"post_fragmentation","chessboard",30,400,8,50,23,3,413,1
39,893,50,0.8,0.7,0.15,0.1,1,1,2,40,"post_fragmentation","chessboard",30,400,8,50,23,3,420,2
39,893,50,0.8,0.7,0.15,0.1,1,1,2,40,"post_fragmentation","chessboard",30,400,8,50,23,3,421,8
39,893,50,0.8,0.7,0.15,0.1,1,1,2,40,"post_fragmentation","chessboard",30,400,8,50,23,3,429,1
39,893,50,0.8,0.7,0.15,0.1,1,1,2,40,"post_fragmentation","chessboard",30,400,8,50,23,3,433,1
39,893,50,0.8,0.7,0.15,0.1,1,1,2,40,"post_fragmentation","chessboard",30,400,8,50,23,3,436,2
39,893,50,0.8,0.7,0.15,0.1,1,1,2,40,"post_fragmentation","chessboard",30,400,8,50,23,3,437,1
39,893,50,0.8,0.7,0.15,0.1,1,1,2,40,"post_fragmentation","chessboard",30,400,8,50,23,3,443,1
39,893,50,0.8,0.7,0.15,0.1,1,1,2,40,"post_fragmentation","chessboard",30,400,8,50,23,3,445,2
39,893,50,0.8,0.7,0.15,0.1,1,1,2,40,"post_fragmentation","chessboard",30,400,8,50,23,3,449,2
39,893,50,0.8,0.7,0.15,0.1,1,1,2,40,"post_fragmentation","chessboard",30,400,8,50,23,3,489,1
39,893,50,0.8,0.7,0.15,0.1,1,1,2,40,"post_fragmentation","chessboard",30,400,8,50,23,3,513,1
39,893,50,0.8,0.7,0.15,0.1,1,1,2,40,"post_fragmentation","chessboard",30,400,8,50,23,3,535,1
39,893,50,0.8,0.7,0.15,0.1,1,1,2,40,"post_fragmentation","chessboard",31,401,9,1,23,3,333,5
39,893,50,0.8,0.7,0.15,0.1,1,1,2,40,"post_fragmentation","chessboard",31,401,9,1,23,3,350,1
39,893,50,0.8,0.7,0.15,0.1,1,1,2,40,"post_fragmentation","chessboard",31,401,9,1,23,3,351,1
39,893,50,0.8,0.7,0.15,0.1,1,1,2,40,"post_fragmentation","chessboard",31,401,9,1,23,3,367,1
39,893,50,0.8,0.7,0.15,0.1,1,1,2,40,"post_fragmentation","chessboard",31,401,9,1,23,3,382,2
39,893,50,0.8,0.7,0.15,0.1,1,1,2,40,"post_fragmentation","chessboard",31,401,9,1,23,3,385,1
39,893,50,0.8,0.7,0.15,0.1,1,1,2,40,"post_fragmentation","chessboard",31,401,9,1,23,3,390,3
39,893,50,0.8,0.7,0.15,0.1,1,1,2,40,"post_fragmentation","chessboard",31,401,9,1,23,3,394,1
39,893,50,0.8,0.7,0.15,0.1,1,1,2,40,"post_fragmentation","chessboard",31,401,9,1,23,3,395,1
39,893,50,0.8,0.7,0.15,0.1,1,1,2,40,"post_fragmentation","chessboard",31,401,9,1,23,3,405,2
39,893,50,0.8,0.7,0.15,0.1,1,1,2,40,"post_fragmentation","chessboard",31,401,9,1,23,3,415,3
39,893,50,0.8,0.7,0.15,0.1,1,1,2,40,"post_fragmentation","chessboard",31,401,9,1,23,3,420,4
39,893,50,0.8,0.7,0.15,0.1,1,1,2,40,"post_fragmentation","chessboard",31,401,9,1,23,3,421,1
39,893,50,0.8,0.7,0.15,0.1,1,1,2,40,"post_fragmentation","chessboard",31,401,9,1,23,3,424,1
39,893,50,0.8,0.7,0.15,0.1,1,1,2,40,"post_fragmentation","chessboard",31,401,9,1,23,3,431,1
39,893,50,0.8,0.7,0.15,0.1,1,1,2,40,"post_fragmentation","chessboard",31,401,9,1,23,3,434,7
39,893,50,0.8,0.7,0.15,0.1,1,1,2,40,"post_fragmentation","chessboard",31,401,9,1,23,3,449,2
39,893,50,0.8,0.7,0.15,0.1,1,1,2,40,"post_fragmentation","chessboard",32,431,9,31,16,5,528,1
39,893,50,0.8,0.7,0.15,0.1,1,1,2,40,"post_fragmentation","chessboard",32,431,9,31,16,5,545,1
39,893,50,0.8,0.7,0.15,0.1,1,1,2,40,"post_fragmentation","chessboard",32,431,9,31,16,5,549,1
39,893,50,0.8,0.7,0.15,0.1,1,1,2,40,"post_fragmentation","chessboard",32,431,9,31,16,5,570,1
39,893,50,0.8,0.7,0.15,0.1,1,1,2,40,"post_fragmentation","chessboard",32,431,9,31,16,5,584,1
39,893,50,0.8,0.7,0.15,0.1,1,1,2,40,"post_fragmentation","chessboard",32,431,9,31,16,5,588,1
39,893,50,0.8,0.7,0.15,0.1,1,1,2,40,"post_fragmentation","chessboard",32,431,9,31,16,5,591,1
39,893,50,0.8,0.7,0.15,0.1,1,1,2,40,"post_fragmentation","chessboard",32,431,9,31,16,5,595,3
39,893,50,0.8,0.7,0.15,0.1,1,1,2,40,"post_fragmentation","chessboard",32,431,9,31,16,5,600,1
39,893,50,0.8,0.7,0.15,0.1,1,1,2,40,"post_fragmentation","chessboard",32,431,9,31,16,5,608,1
39,893,50,0.8,0.7,0.15,0.1,1,1,2,40,"post_fragmentation","chessboard",32,431,9,31,16,5,614,1
39,893,50,0.8,0.7,0.15,0.1,1,1,2,40,"post_fragmentation","chessboard",32,431,9,31,16,5,627,2
39,893,50,0.8,0.7,0.15,0.1,1,1,2,40,"post_fragmentation","chessboard",32,431,9,31,16,5,633,1
39,893,50,0.8,0.7,0.15,0.1,1,1,2,40,"post_fragmentation","chessboard",32,431,9,31,16,5,634,2
39,893,50,0.8,0.7,0.15,0.1,1,1,2,40,"post_fragmentation","chessboard",32,431,9,31,16,5,635,1
39,893,50,0.8,0.7,0.15,0.1,1,1,2,40,"post_fragmentation","chessboard",32,431,9,31,16,5,639,3
39,893,50,0.8,0.7,0.15,0.1,1,1,2,40,"post_fragmentation","chessboard",32,431,9,31,16,5,646,1
39,893,50,0.8,0.7,0.15,0.1,1,1,2,40,"post_fragmentation","chessboard",32,431,9,31,16,5,649,1
39,893,50,0.8,0.7,0.15,0.1,1,1,2,40,"post_fragmentation","chessboard",32,431,9,31,16,5,656,2
39,893,50,0.8,0.7,0.15,0.1,1,1,2,40,"post_fragmentation","chessboard",32,431,9,31,16,5,666,1
39,893,50,0.8,0.7,0.15,0.1,1,1,2,40,"post_fragmentation","chessboard",32,431,9,31,16,5,668,2
39,893,50,0.8,0.7,0.15,0.1,1,1,2,40,"post_fragmentation","chessboard",32,431,9,31,16,5,682,1
39,893,50,0.8,0.7,0.15,0.1,1,1,2,40,"post_fragmentation","chessboard",33,439,9,39,26,9,545,2
39,893,50,0.8,0.7,0.15,0.1,1,1,2,40,"post_fragmentation","chessboard",33,439,9,39,26,9,555,1
39,893,50,0.8,0.7,0.15,0.1,1,1,2,40,"post_fragmentation","chessboard",33,439,9,39,26,9,570,1
39,893,50,0.8,0.7,0.15,0.1,1,1,2,40,"post_fragmentation","chessboard",33,439,9,39,26,9,578,1
39,893,50,0.8,0.7,0.15,0.1,1,1,2,40,"post_fragmentation","chessboard",33,439,9,39,26,9,595,9
39,893,50,0.8,0.7,0.15,0.1,1,1,2,40,"post_fragmentation","chessboard",33,439,9,39,26,9,597,1
39,893,50,0.8,0.7,0.15,0.1,1,1,2,40,"post_fragmentation","chessboard",33,439,9,39,26,9,600,1
39,893,50,0.8,0.7,0.15,0.1,1,1,2,40,"post_fragmentation","chessboard",33,439,9,39,26,9,608,2
39,893,50,0.8,0.7,0.15,0.1,1,1,2,40,"post_fragmentation","chessboard",33,439,9,39,26,9,610,1
39,893,50,0.8,0.7,0.15,0.1,1,1,2,40,"post_fragmentation","chessboard",33,439,9,39,26,9,621,1
39,893,50,0.8,0.7,0.15,0.1,1,1,2,40,"post_fragmentation","chessboard",33,439,9,39,26,9,624,2
39,893,50,0.8,0.7,0.15,0.1,1,1,2,40,"post_fragmentation","chessboard",33,439,9,39,26,9,633,1
39,893,50,0.8,0.7,0.15,0.1,1,1,2,40,"post_fragmentation","chessboard",33,439,9,39,26,9,636,1
39,893,50,0.8,0.7,0.15,0.1,1,1,2,40,"post_fragmentation","chessboard",33,439,9,39,26,9,637,1
39,893,50,0.8,0.7,0.15,0.1,1,1,2,40,"post_fragmentation","chessboard",33,439,9,39,26,9,638,1
39,893,50,0.8,0.7,0.15,0.1,1,1,2,40,"post_fragmentation","chessboard",33,439,9,39,26,9,648,1
39,893,50,0.8,0.7,0.15,0.1,1,1,2,40,"post_fragmentation","chessboard",33,439,9,39,26,9,652,1
39,893,50,0.8,0.7,0.15,0.1,1,1,2,40,"post_fragmentation","chessboard",33,439,9,39,26,9,666,2
39,893,50,0.8,0.7,0.15,0.1,1,1,2,40,"post_fragmentation","chessboard",33,439,9,39,26,9,674,1
39,893,50,0.8,0.7,0.15,0.1,1,1,2,40,"post_fragmentation","chessboard",33,439,9,39,26,9,677,1
39,893,50,0.8,0.7,0.15,0.1,1,1,2,40,"post_fragmentation","chessboard",33,439,9,39,26,9,685,1
39,893,50,0.8,0.7,0.15,0.1,1,1,2,40,"post_fragmentation","chessboard",33,439,9,39,26,9,686,1
39,893,50,0.8,0.7,0.15,0.1,1,1,2,40,"post_fragmentation","chessboard",33,439,9,39,26,9,698,1
39,893,50,0.8,0.7,0.15,0.1,1,1,2,40,"post_fragmentation","chessboard",33,439,9,39,26,9,701,1
39,893,50,0.8,0.7,0.15,0.1,1,1,2,40,"post_fragmentation","chessboard",34,441,9,41,26,9,513,1
39,893,50,0.8,0.7,0.15,0.1,1,1,2,40,"post_fragmentation","chessboard",34,441,9,41,26,9,516,1
39,893,50,0.8,0.7,0.15,0.1,1,1,2,40,"post_fragmentation","chessboard",34,441,9,41,26,9,517,1
39,893,50,0.8,0.7,0.15,0.1,1,1,2,40,"post_fragmentation","chessboard",34,441,9,41,26,9,567,4
39,893,50,0.8,0.7,0.15,0.1,1,1,2,40,"post_fragmentation","chessboard",34,441,9,41,26,9,584,1
39,893,50,0.8,0.7,0.15,0.1,1,1,2,40,"post_fragmentation","chessboard",34,441,9,41,26,9,595,3
39,893,50,0.8,0.7,0.15,0.1,1,1,2,40,"post_fragmentation","chessboard",34,441,9,41,26,9,597,1
39,893,50,0.8,0.7,0.15,0.1,1,1,2,40,"post_fragmentation","chessboard",34,441,9,41,26,9,598,1
39,893,50,0.8,0.7,0.15,0.1,1,1,2,40,"post_fragmentation","chessboard",34,441,9,41,26,9,600,1
39,893,50,0.8,0.7,0.15,0.1,1,1,2,40,"post_fragmentation","chessboard",34,441,9,41,26,9,608,1
39,893,50,0.8,0.7,0.15,0.1,1,1,2,40,"post_fragmentation","chessboard",34,441,9,41,26,9,610,3
39,893,50,0.8,0.7,0.15,0.1,1,1,2,40,"post_fragmentation","chessboard",34,441,9,41,26,9,621,3
39,893,50,0.8,0.7,0.15,0.1,1,1,2,40,"post_fragmentation","chessboard",34,441,9,41,26,9,624,1
39,893,50,0.8,0.7,0.15,0.1,1,1,2,40,"post_fragmentation","chessboard",34,441,9,41,26,9,627,1
39,893,50,0.8,0.7,0.15,0.1,1,1,2,40,"post_fragmentation","chessboard",34,441,9,41,26,9,630,1
39,893,50,0.8,0.7,0.15,0.1,1,1,2,40,"post_fragmentation","chessboard",34,441,9,41,26,9,633,1
39,893,50,0.8,0.7,0.15,0.1,1,1,2,40,"post_fragmentation","chessboard",34,441,9,41,26,9,637,1
39,893,50,0.8,0.7,0.15,0.1,1,1,2,40,"post_fragmentation","chessboard",34,441,9,41,26,9,653,1
39,893,50,0.8,0.7,0.15,0.1,1,1,2,40,"post_fragmentation","chessboard",34,441,9,41,26,9,657,2
39,893,50,0.8,0.7,0.15,0.1,1,1,2,40,"post_fragmentation","chessboard",34,441,9,41,26,9,663,1
39,893,50,0.8,0.7,0.15,0.1,1,1,2,40,"post_fragmentation","chessboard",34,441,9,41,26,9,666,1
39,893,50,0.8,0.7,0.15,0.1,1,1,2,40,"post_fragmentation","chessboard",34,441,9,41,26,9,673,2
39,893,50,0.8,0.7,0.15,0.1,1,1,2,40,"post_fragmentation","chessboard",34,441,9,41,26,9,701,2
39,893,50,0.8,0.7,0.15,0.1,1,1,2,40,"post_fragmentation","chessboard",34,441,9,41,26,9,707,2
39,893,50,0.8,0.7,0.15,0.1,1,1,2,40,"post_fragmentation","chessboard",34,441,9,41,26,9,710,1
39,893,50,0.8,0.7,0.15,0.1,1,1,2,40,"post_fragmentation","chessboard",34,441,9,41,26,9,739,1
39,893,50,0.8,0.7,0.15,0.1,1,1,2,40,"post_fragmentation","chessboard",34,441,9,41,26,9,776,1
39,893,50,0.8,0.7,0.15,0.1,1,1,2,40,"post_fragmentation","chessboard",35,488,10,38,28,1,513,1
39,893,50,0.8,0.7,0.15,0.1,1,1,2,40,"post_fragmentation","chessboard",35,488,10,38,28,1,526,1
39,893,50,0.8,0.7,0.15,0.1,1,1,2,40,"post_fragmentation","chessboard",35,488,10,38,28,1,555,1
39,893,50,0.8,0.7,0.15,0.1,1,1,2,40,"post_fragmentation","chessboard",35,488,10,38,28,1,558,1
39,893,50,0.8,0.7,0.15,0.1,1,1,2,40,"post_fragmentation","chessboard",35,488,10,38,28,1,570,1
39,893,50,0.8,0.7,0.15,0.1,1,1,2,40,"post_fragmentation","chessboard",35,488,10,38,28,1,584,1
39,893,50,0.8,0.7,0.15,0.1,1,1,2,40,"post_fragmentation","chessboard",35,488,10,38,28,1,597,1
39,893,50,0.8,0.7,0.15,0.1,1,1,2,40,"post_fragmentation","chessboard",35,488,10,38,28,1,600,1
39,893,50,0.8,0.7,0.15,0.1,1,1,2,40,"post_fragmentation","chessboard",35,488,10,38,28,1,610,1
39,893,50,0.8,0.7,0.15,0.1,1,1,2,40,"post_fragmentation","chessboard",35,488,10,38,28,1,611,2
39,893,50,0.8,0.7,0.15,0.1,1,1,2,40,"post_fragmentation","chessboard",35,488,10,38,28,1,612,1
39,893,50,0.8,0.7,0.15,0.1,1,1,2,40,"post_fragmentation","chessboard",35,488,10,38,28,1,614,2
39,893,50,0.8,0.7,0.15,0.1,1,1,2,40,"post_fragmentation","chessboard",35,488,10,38,28,1,621,1
39,893,50,0.8,0.7,0.15,0.1,1,1,2,40,"post_fragmentation","chessboard",35,488,10,38,28,1,624,1
39,893,50,0.8,0.7,0.15,0.1,1,1,2,40,"post_fragmentation","chessboard",35,488,10,38,28,1,626,1
39,893,50,0.8,0.7,0.15,0.1,1,1,2,40,"post_fragmentation","chessboard",35,488,10,38,28,1,634,1
39,893,50,0.8,0.7,0.15,0.1,1,1,2,40,"post_fragmentation","chessboard",35,488,10,38,28,1,637,3
39,893,50,0.8,0.7,0.15,0.1,1,1,2,40,"post_fragmentation","chessboard",35,488,10,38,28,1,647,1
39,893,50,0.8,0.7,0.15,0.1,1,1,2,40,"post_fragmentation","chessboard",35,488,10,38,28,1,652,1
39,893,50,0.8,0.7,0.15,0.1,1,1,2,40,"post_fragmentation","chessboard",35,488,10,38,28,1,655,1
39,893,50,0.8,0.7,0.15,0.1,1,1,2,40,"post_fragmentation","chessboard",35,488,10,38,28,1,657,2
39,893,50,0.8,0.7,0.15,0.1,1,1,2,40,"post_fragmentation","chessboard",35,488,10,38,28,1,666,2
39,893,50,0.8,0.7,0.15,0.1,1,1,2,40,"post_fragmentation","chessboard",35,488,10,38,28,1,669,1
39,893,50,0.8,0.7,0.15,0.1,1,1,2,40,"post_fragmentation","chessboard",35,488,10,38,28,1,671,2
39,893,50,0.8,0.7,0.15,0.1,1,1,2,40,"post_fragmentation","chessboard",35,488,10,38,28,1,673,1
39,893,50,0.8,0.7,0.15,0.1,1,1,2,40,"post_fragmentation","chessboard",35,488,10,38,28,1,686,1
39,893,50,0.8,0.7,0.15,0.1,1,1,2,40,"post_fragmentation","chessboard",35,488,10,38,28,1,687,1
39,893,50,0.8,0.7,0.15,0.1,1,1,2,40,"post_fragmentation","chessboard",35,488,10,38,28,1,696,1
39,893,50,0.8,0.7,0.15,0.1,1,1,2,40,"post_fragmentation","chessboard",35,488,10,38,28,1,716,1
39,893,50,0.8,0.7,0.15,0.1,1,1,2,40,"post_fragmentation","chessboard",35,488,10,38,28,1,760,1
39,893,50,0.8,0.7,0.15,0.1,1,1,2,40,"post_fragmentation","chessboard",36,490,10,40,26,9,516,1
39,893,50,0.8,0.7,0.15,0.1,1,1,2,40,"post_fragmentation","chessboard",36,490,10,40,26,9,568,1
39,893,50,0.8,0.7,0.15,0.1,1,1,2,40,"post_fragmentation","chessboard",36,490,10,40,26,9,570,2
39,893,50,0.8,0.7,0.15,0.1,1,1,2,40,"post_fragmentation","chessboard",36,490,10,40,26,9,579,1
39,893,50,0.8,0.7,0.15,0.1,1,1,2,40,"post_fragmentation","chessboard",36,490,10,40,26,9,595,2
39,893,50,0.8,0.7,0.15,0.1,1,1,2,40,"post_fragmentation","chessboard",36,490,10,40,26,9,602,1
39,893,50,0.8,0.7,0.15,0.1,1,1,2,40,"post_fragmentation","chessboard",36,490,10,40,26,9,614,1
39,893,50,0.8,0.7,0.15,0.1,1,1,2,40,"post_fragmentation","chessboard",36,490,10,40,26,9,617,1
39,893,50,0.8,0.7,0.15,0.1,1,1,2,40,"post_fragmentation","chessboard",36,490,10,40,26,9,624,3
39,893,50,0.8,0.7,0.15,0.1,1,1,2,40,"post_fragmentation","chessboard",36,490,10,40,26,9,636,1
39,893,50,0.8,0.7,0.15,0.1,1,1,2,40,"post_fragmentation","chessboard",36,490,10,40,26,9,645,1
39,893,50,0.8,0.7,0.15,0.1,1,1,2,40,"post_fragmentation","chessboard",36,490,10,40,26,9,657,2
39,893,50,0.8,0.7,0.15,0.1,1,1,2,40,"post_fragmentation","chessboard",36,490,10,40,26,9,663,2
39,893,50,0.8,0.7,0.15,0.1,1,1,2,40,"post_fragmentation","chessboard",36,490,10,40,26,9,666,1
39,893,50,0.8,0.7,0.15,0.1,1,1,2,40,"post_fragmentation","chessboard",36,490,10,40,26,9,667,3
39,893,50,0.8,0.7,0.15,0.1,1,1,2,40,"post_fragmentation","chessboard",36,490,10,40,26,9,671,2
39,893,50,0.8,0.7,0.15,0.1,1,1,2,40,"post_fragmentation","chessboard",36,490,10,40,26,9,673,2
39,893,50,0.8,0.7,0.15,0.1,1,1,2,40,"post_fragmentation","chessboard",36,490,10,40,26,9,675,2
39,893,50,0.8,0.7,0.15,0.1,1,1,2,40,"post_fragmentation","chessboard",36,490,10,40,26,9,686,1
39,893,50,0.8,0.7,0.15,0.1,1,1,2,40,"post_fragmentation","chessboard",36,490,10,40,26,9,687,3
39,893,50,0.8,0.7,0.15,0.1,1,1,2,40,"post_fragmentation","chessboard",36,490,10,40,26,9,692,1
39,893,50,0.8,0.7,0.15,0.1,1,1,2,40,"post_fragmentation","chessboard",36,490,10,40,26,9,713,2
39,893,50,0.8,0.7,0.15,0.1,1,1,2,40,"post_fragmentation","chessboard",36,490,10,40,26,9,718,1
39,893,50,0.8,0.7,0.15,0.1,1,1,2,40,"post_fragmentation","chessboard",36,490,10,40,26,9,743,1
39,893,50,0.8,0.7,0.15,0.1,1,1,2,40,"post_fragmentation","chessboard",37,496,10,46,27,2,489,2
39,893,50,0.8,0.7,0.15,0.1,1,1,2,40,"post_fragmentation","chessboard",37,496,10,46,27,2,513,1
39,893,50,0.8,0.7,0.15,0.1,1,1,2,40,"post_fragmentation","chessboard",37,496,10,46,27,2,578,1
39,893,50,0.8,0.7,0.15,0.1,1,1,2,40,"post_fragmentation","chessboard",37,496,10,46,27,2,591,1
39,893,50,0.8,0.7,0.15,0.1,1,1,2,40,"post_fragmentation","chessboard",37,496,10,46,27,2,595,1
39,893,50,0.8,0.7,0.15,0.1,1,1,2,40,"post_fragmentation","chessboard",37,496,10,46,27,2,597,1
39,893,50,0.8,0.7,0.15,0.1,1,1,2,40,"post_fragmentation","chessboard",37,496,10,46,27,2,603,1
39,893,50,0.8,0.7,0.15,0.1,1,1,2,40,"post_fragmentation","chessboard",37,496,10,46,27,2,608,1
39,893,50,0.8,0.7,0.15,0.1,1,1,2,40,"post_fragmentation","chessboard",37,496,10,46,27,2,618,3
39,893,50,0.8,0.7,0.15,0.1,1,1,2,40,"post_fragmentation","chessboard",37,496,10,46,27,2,624,5
39,893,50,0.8,0.7,0.15,0.1,1,1,2,40,"post_fragmentation","chessboard",37,496,10,46,27,2,627,1
39,893,50,0.8,0.7,0.15,0.1,1,1,2,40,"post_fragmentation","chessboard",37,496,10,46,27,2,635,2
39,893,50,0.8,0.7,0.15,0.1,1,1,2,40,"post_fragmentation","chessboard",37,496,10,46,27,2,638,5
39,893,50,0.8,0.7,0.15,0.1,1,1,2,40,"post_fragmentation","chessboard",37,496,10,46,27,2,655,1
39,893,50,0.8,0.7,0.15,0.1,1,1,2,40,"post_fragmentation","chessboard",37,496,10,46,27,2,663,2
39,893,50,0.8,0.7,0.15,0.1,1,1,2,40,"post_fragmentation","chessboard",37,496,10,46,27,2,677,2
39,893,50,0.8,0.7,0.15,0.1,1,1,2,40,"post_fragmentation","chessboard",37,496,10,46,27,2,697,1
39,893,50,0.8,0.7,0.15,0.1,1,1,2,40,"post_fragmentation","chessboard",37,496,10,46,27,2,698,1
39,893,50,0.8,0.7,0.15,0.1,1,1,2,40,"post_fragmentation","chessboard",37,496,10,46,27,2,707,1
39,893,50,0.8,0.7,0.15,0.1,1,1,2,40,"post_fragmentation","chessboard",38,509,11,9,29,2,502,1
39,893,50,0.8,0.7,0.15,0.1,1,1,2,40,"post_fragmentation","chessboard",38,509,11,9,29,2,559,1
39,893,50,0.8,0.7,0.15,0.1,1,1,2,40,"post_fragmentation","chessboard",38,509,11,9,29,2,562,2
39,893,50,0.8,0.7,0.15,0.1,1,1,2,40,"post_fragmentation","chessboard",38,509,11,9,29,2,596,3
39,893,50,0.8,0.7,0.15,0.1,1,1,2,40,"post_fragmentation","chessboard",38,509,11,9,29,2,623,1
39,893,50,0.8,0.7,0.15,0.1,1,1,2,40,"post_fragmentation","chessboard",38,509,11,9,29,2,635,1
39,893,50,0.8,0.7,0.15,0.1,1,1,2,40,"post_fragmentation","chessboard",38,509,11,9,29,2,640,1
39,893,50,0.8,0.7,0.15,0.1,1,1,2,40,"post_fragmentation","chessboard",38,509,11,9,29,2,644,2
39,893,50,0.8,0.7,0.15,0.1,1,1,2,40,"post_fragmentation","chessboard",38,509,11,9,29,2,645,1
39,893,50,0.8,0.7,0.15,0.1,1,1,2,40,"post_fragmentation","chessboard",38,509,11,9,29,2,660,5
39,893,50,0.8,0.7,0.15,0.1,1,1,2,40,"post_fragmentation","chessboard",38,509,11,9,29,2,675,1
39,893,50,0.8,0.7,0.15,0.1,1,1,2,40,"post_fragmentation","chessboard",38,509,11,9,29,2,689,4
39,893,50,0.8,0.7,0.15,0.1,1,1,2,40,"post_fragmentation","chessboard",38,509,11,9,29,2,699,4
39,893,50,0.8,0.7,0.15,0.1,1,1,2,40,"post_fragmentation","chessboard",38,509,11,9,29,2,702,1
39,893,50,0.8,0.7,0.15,0.1,1,1,2,40,"post_fragmentation","chessboard",38,509,11,9,29,2,724,1
39,893,50,0.8,0.7,0.15,0.1,1,1,2,40,"post_fragmentation","chessboard",38,509,11,9,29,2,731,2
39,893,50,0.8,0.7,0.15,0.1,1,1,2,40,"post_fragmentation","chessboard",38,509,11,9,29,2,735,1
39,893,50,0.8,0.7,0.15,0.1,1,1,2,40,"post_fragmentation","chessboard",38,509,11,9,29,2,744,1
39,893,50,0.8,0.7,0.15,0.1,1,1,2,40,"post_fragmentation","chessboard",38,509,11,9,29,2,767,1
39,893,50,0.8,0.7,0.15,0.1,1,1,2,40,"post_fragmentation","chessboard",38,509,11,9,29,2,783,1
39,893,50,0.8,0.7,0.15,0.1,1,1,2,40,"post_fragmentation","chessboard",38,509,11,9,29,2,791,1
39,893,50,0.8,0.7,0.15,0.1,1,1,2,40,"post_fragmentation","chessboard",39,533,11,33,30,7,519,1
39,893,50,0.8,0.7,0.15,0.1,1,1,2,40,"post_fragmentation","chessboard",39,533,11,33,30,7,567,1
39,893,50,0.8,0.7,0.15,0.1,1,1,2,40,"post_fragmentation","chessboard",39,533,11,33,30,7,580,1
39,893,50,0.8,0.7,0.15,0.1,1,1,2,40,"post_fragmentation","chessboard",39,533,11,33,30,7,593,1
39,893,50,0.8,0.7,0.15,0.1,1,1,2,40,"post_fragmentation","chessboard",39,533,11,33,30,7,596,1
39,893,50,0.8,0.7,0.15,0.1,1,1,2,40,"post_fragmentation","chessboard",39,533,11,33,30,7,600,2
39,893,50,0.8,0.7,0.15,0.1,1,1,2,40,"post_fragmentation","chessboard",39,533,11,33,30,7,610,1
39,893,50,0.8,0.7,0.15,0.1,1,1,2,40,"post_fragmentation","chessboard",39,533,11,33,30,7,614,3
39,893,50,0.8,0.7,0.15,0.1,1,1,2,40,"post_fragmentation","chessboard",39,533,11,33,30,7,617,2
39,893,50,0.8,0.7,0.15,0.1,1,1,2,40,"post_fragmentation","chessboard",39,533,11,33,30,7,624,1
39,893,50,0.8,0.7,0.15,0.1,1,1,2,40,"post_fragmentation","chessboard",39,533,11,33,30,7,634,5
39,893,50,0.8,0.7,0.15,0.1,1,1,2,40,"post_fragmentation","chessboard",39,533,11,33,30,7,635,3
39,893,50,0.8,0.7,0.15,0.1,1,1,2,40,"post_fragmentation","chessboard",39,533,11,33,30,7,639,1
39,893,50,0.8,0.7,0.15,0.1,1,1,2,40,"post_fragmentation","chessboard",39,533,11,33,30,7,647,1
39,893,50,0.8,0.7,0.15,0.1,1,1,2,40,"post_fragmentation","chessboard",39,533,11,33,30,7,648,1
39,893,50,0.8,0.7,0.15,0.1,1,1,2,40,"post_fragmentation","chessboard",39,533,11,33,30,7,661,1
39,893,50,0.8,0.7,0.15,0.1,1,1,2,40,"post_fragmentation","chessboard",39,533,11,33,30,7,666,1
39,893,50,0.8,0.7,0.15,0.1,1,1,2,40,"post_fragmentation","chessboard",39,533,11,33,30,7,673,2
39,893,50,0.8,0.7,0.15,0.1,1,1,2,40,"post_fragmentation","chessboard",39,533,11,33,30,7,674,1
39,893,50,0.8,0.7,0.15,0.1,1,1,2,40,"post_fragmentation","chessboard",39,533,11,33,30,7,682,1
39,893,50,0.8,0.7,0.15,0.1,1,1,2,40,"post_fragmentation","chessboard",39,533,11,33,30,7,685,1
39,893,50,0.8,0.7,0.15,0.1,1,1,2,40,"post_fragmentation","chessboard",39,533,11,33,30,7,686,1
39,893,50,0.8,0.7,0.15,0.1,1,1,2,40,"post_fragmentation","chessboard",39,533,11,33,30,7,710,1
39,893,50,0.8,0.7,0.15,0.1,1,1,2,40,"post_fragmentation","chessboard",40,549,11,49,31,2,367,1
39,893,50,0.8,0.7,0.15,0.1,1,1,2,40,"post_fragmentation","chessboard",40,549,11,49,31,2,406,1
39,893,50,0.8,0.7,0.15,0.1,1,1,2,40,"post_fragmentation","chessboard",40,549,11,49,31,2,415,1
39,893,50,0.8,0.7,0.15,0.1,1,1,2,40,"post_fragmentation","chessboard",40,549,11,49,31,2,424,1
39,893,50,0.8,0.7,0.15,0.1,1,1,2,40,"post_fragmentation","chessboard",40,549,11,49,31,2,434,2
39,893,50,0.8,0.7,0.15,0.1,1,1,2,40,"post_fragmentation","chessboard",40,549,11,49,31,2,436,1
39,893,50,0.8,0.7,0.15,0.1,1,1,2,40,"post_fragmentation","chessboard",40,549,11,49,31,2,441,2
39,893,50,0.8,0.7,0.15,0.1,1,1,2,40,"post_fragmentation","chessboard",40,549,11,49,31,2,449,2
39,893,50,0.8,0.7,0.15,0.1,1,1,2,40,"post_fragmentation","chessboard",40,549,11,49,31,2,466,1
39,893,50,0.8,0.7,0.15,0.1,1,1,2,40,"post_fragmentation","chessboard",40,549,11,49,31,2,489,1
39,893,50,0.8,0.7,0.15,0.1,1,1,2,40,"post_fragmentation","chessboard",40,549,11,49,31,2,513,1
39,893,50,0.8,0.7,0.15,0.1,1,1,2,40,"post_fragmentation","chessboard",40,549,11,49,31,2,517,1
39,893,50,0.8,0.7,0.15,0.1,1,1,2,40,"post_fragmentation","chessboard",40,549,11,49,31,2,524,3
39,893,50,0.8,0.7,0.15,0.1,1,1,2,40,"post_fragmentation","chessboard",40,549,11,49,31,2,535,4
39,893,50,0.8,0.7,0.15,0.1,1,1,2,40,"post_fragmentation","chessboard",40,549,11,49,31,2,544,3
39,893,50,0.8,0.7,0.15,0.1,1,1,2,40,"post_fragmentation","chessboard",40,549,11,49,31,2,559,1
39,893,50,0.8,0.7,0.15,0.1,1,1,2,40,"post_fragmentation","chessboard",40,549,11,49,31,2,573,2
39,893,50,0.8,0.7,0.15,0.1,1,1,2,40,"post_fragmentation","chessboard",40,549,11,49,31,2,579,1
39,893,50,0.8,0.7,0.15,0.1,1,1,2,40,"post_fragmentation","chessboard",40,549,11,49,31,2,595,1
39,893,50,0.8,0.7,0.15,0.1,1,1,2,40,"post_fragmentation","chessboard",40,549,11,49,31,2,596,1
39,893,50,0.8,0.7,0.15,0.1,1,1,2,40,"post_fragmentation","chessboard",40,549,11,49,31,2,615,1
39,893,50,0.8,0.7,0.15,0.1,1,1,2,40,"post_fragmentation","chessboard",40,549,11,49,31,2,624,2
39,893,50,0.8,0.7,0.15,0.1,1,1,2,40,"post_fragmentation","chessboard",40,549,11,49,31,2,635,4
39,893,50,0.8,0.7,0.15,0.1,1,1,2,40,"post_fragmentation","chessboard",40,549,11,49,31,2,636,1
39,893,50,0.8,0.7,0.15,0.1,1,1,2,40,"post_fragmentation","chessboard",40,549,11,49,31,2,638,1
39,893,50,0.8,0.7,0.15,0.1,1,1,2,40,"post_fragmentation","chessboard",41,556,12,6,32,1,580,1
39,893,50,0.8,0.7,0.15,0.1,1,1,2,40,"post_fragmentation","chessboard",41,556,12,6,32,1,596,2
39,893,50,0.8,0.7,0.15,0.1,1,1,2,40,"post_fragmentation","chessboard",41,556,12,6,32,1,597,1
39,893,50,0.8,0.7,0.15,0.1,1,1,2,40,"post_fragmentation","chessboard",41,556,12,6,32,1,638,1
39,893,50,0.8,0.7,0.15,0.1,1,1,2,40,"post_fragmentation","chessboard",41,556,12,6,32,1,644,1
39,893,50,0.8,0.7,0.15,0.1,1,1,2,40,"post_fragmentation","chessboard",41,556,12,6,32,1,660,5
39,893,50,0.8,0.7,0.15,0.1,1,1,2,40,"post_fragmentation","chessboard",41,556,12,6,32,1,675,2
39,893,50,0.8,0.7,0.15,0.1,1,1,2,40,"post_fragmentation","chessboard",41,556,12,6,32,1,697,1
39,893,50,0.8,0.7,0.15,0.1,1,1,2,40,"post_fragmentation","chessboard",41,556,12,6,32,1,699,1
39,893,50,0.8,0.7,0.15,0.1,1,1,2,40,"post_fragmentation","chessboard",41,556,12,6,32,1,702,1
39,893,50,0.8,0.7,0.15,0.1,1,1,2,40,"post_fragmentation","chessboard",41,556,12,6,32,1,707,2
39,893,50,0.8,0.7,0.15,0.1,1,1,2,40,"post_fragmentation","chessboard",41,556,12,6,32,1,715,1
39,893,50,0.8,0.7,0.15,0.1,1,1,2,40,"post_fragmentation","chessboard",41,556,12,6,32,1,724,1
39,893,50,0.8,0.7,0.15,0.1,1,1,2,40,"post_fragmentation","chessboard",41,556,12,6,32,1,734,1
39,893,50,0.8,0.7,0.15,0.1,1,1,2,40,"post_fragmentation","chessboard",41,556,12,6,32,1,741,1
39,893,50,0.8,0.7,0.15,0.1,1,1,2,40,"post_fragmentation","chessboard",41,556,12,6,32,1,744,1
39,893,50,0.8,0.7,0.15,0.1,1,1,2,40,"post_fragmentation","chessboard",41,556,12,6,32,1,767,1
39,893,50,0.8,0.7,0.15,0.1,1,1,2,40,"post_fragmentation","chessboard",41,556,12,6,32,1,785,1
39,893,50,0.8,0.7,0.15,0.1,1,1,2,40,"post_fragmentation","chessboard",41,556,12,6,32,1,791,1
39,893,50,0.8,0.7,0.15,0.1,1,1,2,40,"post_fragmentation","chessboard",41,556,12,6,32,1,806,2
39,893,50,0.8,0.7,0.15,0.1,1,1,2,40,"post_fragmentation","chessboard",41,556,12,6,32,1,811,1
39,893,50,0.8,0.7,0.15,0.1,1,1,2,40,"post_fragmentation","chessboard",41,556,12,6,32,1,846,1
39,893,50,0.8,0.7,0.15,0.1,1,1,2,40,"post_fragmentation","chessboard",41,556,12,6,32,1,914,1
39,893,50,0.8,0.7,0.15,0.1,1,1,2,40,"post_fragmentation","chessboard",42,584,12,34,30,7,569,1
39,893,50,0.8,0.7,0.15,0.1,1,1,2,40,"post_fragmentation","chessboard",42,584,12,34,30,7,589,1
39,893,50,0.8,0.7,0.15,0.1,1,1,2,40,"post_fragmentation","chessboard",42,584,12,34,30,7,591,1
39,893,50,0.8,0.7,0.15,0.1,1,1,2,40,"post_fragmentation","chessboard",42,584,12,34,30,7,592,1
39,893,50,0.8,0.7,0.15,0.1,1,1,2,40,"post_fragmentation","chessboard",42,584,12,34,30,7,601,1
39,893,50,0.8,0.7,0.15,0.1,1,1,2,40,"post_fragmentation","chessboard",42,584,12,34,30,7,610,1
39,893,50,0.8,0.7,0.15,0.1,1,1,2,40,"post_fragmentation","chessboard",42,584,12,34,30,7,611,1
39,893,50,0.8,0.7,0.15,0.1,1,1,2,40,"post_fragmentation","chessboard",42,584,12,34,30,7,614,3
39,893,50,0.8,0.7,0.15,0.1,1,1,2,40,"post_fragmentation","chessboard",42,584,12,34,30,7,617,1
39,893,50,0.8,0.7,0.15,0.1,1,1,2,40,"post_fragmentation","chessboard",42,584,12,34,30,7,620,1
39,893,50,0.8,0.7,0.15,0.1,1,1,2,40,"post_fragmentation","chessboard",42,584,12,34,30,7,624,1
39,893,50,0.8,0.7,0.15,0.1,1,1,2,40,"post_fragmentation","chessboard",42,584,12,34,30,7,627,1
39,893,50,0.8,0.7,0.15,0.1,1,1,2,40,"post_fragmentation","chessboard",42,584,12,34,30,7,628,1
39,893,50,0.8,0.7,0.15,0.1,1,1,2,40,"post_fragmentation","chessboard",42,584,12,34,30,7,629,3
39,893,50,0.8,0.7,0.15,0.1,1,1,2,40,"post_fragmentation","chessboard",42,584,12,34,30,7,634,1
39,893,50,0.8,0.7,0.15,0.1,1,1,2,40,"post_fragmentation","chessboard",42,584,12,34,30,7,635,1
39,893,50,0.8,0.7,0.15,0.1,1,1,2,40,"post_fragmentation","chessboard",42,584,12,34,30,7,639,1
39,893,50,0.8,0.7,0.15,0.1,1,1,2,40,"post_fragmentation","chessboard",42,584,12,34,30,7,648,2
39,893,50,0.8,0.7,0.15,0.1,1,1,2,40,"post_fragmentation","chessboard",42,584,12,34,30,7,656,2
39,893,50,0.8,0.7,0.15,0.1,1,1,2,40,"post_fragmentation","chessboard",42,584,12,34,30,7,657,5
39,893,50,0.8,0.7,0.15,0.1,1,1,2,40,"post_fragmentation","chessboard",42,584,12,34,30,7,659,2
39,893,50,0.8,0.7,0.15,0.1,1,1,2,40,"post_fragmentation","chessboard",42,584,12,34,30,7,666,2
39,893,50,0.8,0.7,0.15,0.1,1,1,2,40,"post_fragmentation","chessboard",42,584,12,34,30,7,667,1
39,893,50,0.8,0.7,0.15,0.1,1,1,2,40,"post_fragmentation","chessboard",42,584,12,34,30,7,675,1
39,893,50,0.8,0.7,0.15,0.1,1,1,2,40,"post_fragmentation","chessboard",42,584,12,34,30,7,676,1
39,893,50,0.8,0.7,0.15,0.1,1,1,2,40,"post_fragmentation","chessboard",42,584,12,34,30,7,705,1
39,893,50,0.8,0.7,0.15,0.1,1,1,2,40,"post_fragmentation","chessboard",42,584,12,34,30,7,731,1
39,893,50,0.8,0.7,0.15,0.1,1,1,2,40,"post_fragmentation","chessboard",42,584,12,34,30,7,771,1
39,893,50,0.8,0.7,0.15,0.1,1,1,2,40,"post_fragmentation","chessboard",43,590,12,40,26,9,597,1
39,893,50,0.8,0.7,0.15,0.1,1,1,2,40,"post_fragmentation","chessboard",43,590,12,40,26,9,602,1
39,893,50,0.8,0.7,0.15,0.1,1,1,2,40,"post_fragmentation","chessboard",43,590,12,40,26,9,610,1
39,893,50,0.8,0.7,0.15,0.1,1,1,2,40,"post_fragmentation","chessboard",43,590,12,40,26,9,611,1
39,893,50,0.8,0.7,0.15,0.1,1,1,2,40,"post_fragmentation","chessboard",43,590,12,40,26,9,624,1
39,893,50,0.8,0.7,0.15,0.1,1,1,2,40,"post_fragmentation","chessboard",43,590,12,40,26,9,634,1
39,893,50,0.8,0.7,0.15,0.1,1,1,2,40,"post_fragmentation","chessboard",43,590,12,40,26,9,637,1
39,893,50,0.8,0.7,0.15,0.1,1,1,2,40,"post_fragmentation","chessboard",43,590,12,40,26,9,663,1
39,893,50,0.8,0.7,0.15,0.1,1,1,2,40,"post_fragmentation","chessboard",43,590,12,40,26,9,666,2
39,893,50,0.8,0.7,0.15,0.1,1,1,2,40,"post_fragmentation","chessboard",43,590,12,40,26,9,667,2
39,893,50,0.8,0.7,0.15,0.1,1,1,2,40,"post_fragmentation","chessboard",43,590,12,40,26,9,669,1
39,893,50,0.8,0.7,0.15,0.1,1,1,2,40,"post_fragmentation","chessboard",43,590,12,40,26,9,673,1
39,893,50,0.8,0.7,0.15,0.1,1,1,2,40,"post_fragmentation","chessboard",43,590,12,40,26,9,680,1
39,893,50,0.8,0.7,0.15,0.1,1,1,2,40,"post_fragmentation","chessboard",43,590,12,40,26,9,686,1
39,893,50,0.8,0.7,0.15,0.1,1,1,2,40,"post_fragmentation","chessboard",43,590,12,40,26,9,701,1
39,893,50,0.8,0.7,0.15,0.1,1,1,2,40,"post_fragmentation","chessboard",43,590,12,40,26,9,705,5
39,893,50,0.8,0.7,0.15,0.1,1,1,2,40,"post_fragmentation","chessboard",43,590,12,40,26,9,713,3
39,893,50,0.8,0.7,0.15,0.1,1,1,2,40,"post_fragmentation","chessboard",43,590,12,40,26,9,715,4
39,893,50,0.8,0.7,0.15,0.1,1,1,2,40,"post_fragmentation","chessboard",43,590,12,40,26,9,722,1
39,893,50,0.8,0.7,0.15,0.1,1,1,2,40,"post_fragmentation","chessboard",43,590,12,40,26,9,724,1
39,893,50,0.8,0.7,0.15,0.1,1,1,2,40,"post_fragmentation","chessboard",43,590,12,40,26,9,739,2
39,893,50,0.8,0.7,0.15,0.1,1,1,2,40,"post_fragmentation","chessboard",43,590,12,40,26,9,740,1
39,893,50,0.8,0.7,0.15,0.1,1,1,2,40,"post_fragmentation","chessboard",43,590,12,40,26,9,749,1
39,893,50,0.8,0.7,0.15,0.1,1,1,2,40,"post_fragmentation","chessboard",43,590,12,40,26,9,783,1
39,893,50,0.8,0.7,0.15,0.1,1,1,2,40,"post_fragmentation","chessboard",43,590,12,40,26,9,811,1
39,893,50,0.8,0.7,0.15,0.1,1,1,2,40,"post_fragmentation","chessboard",43,590,12,40,26,9,866,1
39,893,50,0.8,0.7,0.15,0.1,1,1,2,40,"post_fragmentation","chessboard",44,611,13,11,36,5,570,1
39,893,50,0.8,0.7,0.15,0.1,1,1,2,40,"post_fragmentation","chessboard",44,611,13,11,36,5,660,2
39,893,50,0.8,0.7,0.15,0.1,1,1,2,40,"post_fragmentation","chessboard",44,611,13,11,36,5,675,2
39,893,50,0.8,0.7,0.15,0.1,1,1,2,40,"post_fragmentation","chessboard",44,611,13,11,36,5,699,2
39,893,50,0.8,0.7,0.15,0.1,1,1,2,40,"post_fragmentation","chessboard",44,611,13,11,36,5,702,3
39,893,50,0.8,0.7,0.15,0.1,1,1,2,40,"post_fragmentation","chessboard",44,611,13,11,36,5,707,1
39,893,50,0.8,0.7,0.15,0.1,1,1,2,40,"post_fragmentation","chessboard",44,611,13,11,36,5,729,3
39,893,50,0.8,0.7,0.15,0.1,1,1,2,40,"post_fragmentation","chessboard",44,611,13,11,36,5,744,5
39,893,50,0.8,0.7,0.15,0.1,1,1,2,40,"post_fragmentation","chessboard",44,611,13,11,36,5,750,1
39,893,50,0.8,0.7,0.15,0.1,1,1,2,40,"post_fragmentation","chessboard",44,611,13,11,36,5,759,2
39,893,50,0.8,0.7,0.15,0.1,1,1,2,40,"post_fragmentation","chessboard",44,611,13,11,36,5,767,2
39,893,50,0.8,0.7,0.15,0.1,1,1,2,40,"post_fragmentation","chessboard",44,611,13,11,36,5,782,1
39,893,50,0.8,0.7,0.15,0.1,1,1,2,40,"post_fragmentation","chessboard",44,611,13,11,36,5,791,3
39,893,50,0.8,0.7,0.15,0.1,1,1,2,40,"post_fragmentation","chessboard",44,611,13,11,36,5,810,3
39,893,50,0.8,0.7,0.15,0.1,1,1,2,40,"post_fragmentation","chessboard",44,611,13,11,36,5,820,1
39,893,50,0.8,0.7,0.15,0.1,1,1,2,40,"post_fragmentation","chessboard",44,611,13,11,36,5,824,5
39,893,50,0.8,0.7,0.15,0.1,1,1,2,40,"post_fragmentation","chessboard",44,611,13,11,36,5,906,1
39,893,50,0.8,0.7,0.15,0.1,1,1,2,40,"post_fragmentation","chessboard",44,611,13,11,36,5,910,1
39,893,50,0.8,0.7,0.15,0.1,1,1,2,40,"post_fragmentation","chessboard",45,623,13,23,38,1,473,1
39,893,50,0.8,0.7,0.15,0.1,1,1,2,40,"post_fragmentation","chessboard",45,623,13,23,38,1,484,1
39,893,50,0.8,0.7,0.15,0.1,1,1,2,40,"post_fragmentation","chessboard",45,623,13,23,38,1,499,4
39,893,50,0.8,0.7,0.15,0.1,1,1,2,40,"post_fragmentation","chessboard",45,623,13,23,38,1,502,1
39,893,50,0.8,0.7,0.15,0.1,1,1,2,40,"post_fragmentation","chessboard",45,623,13,23,38,1,508,4
39,893,50,0.8,0.7,0.15,0.1,1,1,2,40,"post_fragmentation","chessboard",45,623,13,23,38,1,521,2
39,893,50,0.8,0.7,0.15,0.1,1,1,2,40,"post_fragmentation","chessboard",45,623,13,23,38,1,538,1
39,893,50,0.8,0.7,0.15,0.1,1,1,2,40,"post_fragmentation","chessboard",45,623,13,23,38,1,542,1
39,893,50,0.8,0.7,0.15,0.1,1,1,2,40,"post_fragmentation","chessboard",45,623,13,23,38,1,546,2
39,893,50,0.8,0.7,0.15,0.1,1,1,2,40,"post_fragmentation","chessboard",45,623,13,23,38,1,547,1
39,893,50,0.8,0.7,0.15,0.1,1,1,2,40,"post_fragmentation","chessboard",45,623,13,23,38,1,550,2
39,893,50,0.8,0.7,0.15,0.1,1,1,2,40,"post_fragmentation","chessboard",45,623,13,23,38,1,560,2
39,893,50,0.8,0.7,0.15,0.1,1,1,2,40,"post_fragmentation","chessboard",45,623,13,23,38,1,567,5
39,893,50,0.8,0.7,0.15,0.1,1,1,2,40,"post_fragmentation","chessboard",45,623,13,23,38,1,572,1
39,893,50,0.8,0.7,0.15,0.1,1,1,2,40,"post_fragmentation","chessboard",45,623,13,23,38,1,581,1
39,893,50,0.8,0.7,0.15,0.1,1,1,2,40,"post_fragmentation","chessboard",45,623,13,23,38,1,584,2
39,893,50,0.8,0.7,0.15,0.1,1,1,2,40,"post_fragmentation","chessboard",45,623,13,23,38,1,590,1
39,893,50,0.8,0.7,0.15,0.1,1,1,2,40,"post_fragmentation","chessboard",45,623,13,23,38,1,595,1
39,893,50,0.8,0.7,0.15,0.1,1,1,2,40,"post_fragmentation","chessboard",45,623,13,23,38,1,602,1
39,893,50,0.8,0.7,0.15,0.1,1,1,2,40,"post_fragmentation","chessboard",45,623,13,23,38,1,606,1
39,893,50,0.8,0.7,0.15,0.1,1,1,2,40,"post_fragmentation","chessboard",45,623,13,23,38,1,610,1
39,893,50,0.8,0.7,0.15,0.1,1,1,2,40,"post_fragmentation","chessboard",45,623,13,23,38,1,614,1
39,893,50,0.8,0.7,0.15,0.1,1,1,2,40,"post_fragmentation","chessboard",45,623,13,23,38,1,617,1
39,893,50,0.8,0.7,0.15,0.1,1,1,2,40,"post_fragmentation","chessboard",45,623,13,23,38,1,622,1
39,893,50,0.8,0.7,0.15,0.1,1,1,2,40,"post_fragmentation","chessboard",45,623,13,23,38,1,627,1
39,893,50,0.8,0.7,0.15,0.1,1,1,2,40,"post_fragmentation","chessboard",45,623,13,23,38,1,634,1
39,893,50,0.8,0.7,0.15,0.1,1,1,2,40,"post_fragmentation","chessboard",45,623,13,23,38,1,652,1
39,893,50,0.8,0.7,0.15,0.1,1,1,2,40,"post_fragmentation","chessboard",45,623,13,23,38,1,660,1
39,893,50,0.8,0.7,0.15,0.1,1,1,2,40,"post_fragmentation","chessboard",45,623,13,23,38,1,701,1
39,893,50,0.8,0.7,0.15,0.1,1,1,2,40,"post_fragmentation","chessboard",46,625,13,25,39,1,502,1
39,893,50,0.8,0.7,0.15,0.1,1,1,2,40,"post_fragmentation","chessboard",46,625,13,25,39,1,512,1
39,893,50,0.8,0.7,0.15,0.1,1,1,2,40,"post_fragmentation","chessboard",46,625,13,25,39,1,514,1
39,893,50,0.8,0.7,0.15,0.1,1,1,2,40,"post_fragmentation","chessboard",46,625,13,25,39,1,518,2
39,893,50,0.8,0.7,0.15,0.1,1,1,2,40,"post_fragmentation","chessboard",46,625,13,25,39,1,550,4
39,893,50,0.8,0.7,0.15,0.1,1,1,2,40,"post_fragmentation","chessboard",46,625,13,25,39,1,553,1
39,893,50,0.8,0.7,0.15,0.1,1,1,2,40,"post_fragmentation","chessboard",46,625,13,25,39,1,558,2
39,893,50,0.8,0.7,0.15,0.1,1,1,2,40,"post_fragmentation","chessboard",46,625,13,25,39,1,560,2
39,893,50,0.8,0.7,0.15,0.1,1,1,2,40,"post_fragmentation","chessboard",46,625,13,25,39,1,567,1
39,893,50,0.8,0.7,0.15,0.1,1,1,2,40,"post_fragmentation","chessboard",46,625,13,25,39,1,576,1
39,893,50,0.8,0.7,0.15,0.1,1,1,2,40,"post_fragmentation","chessboard",46,625,13,25,39,1,578,1
39,893,50,0.8,0.7,0.15,0.1,1,1,2,40,"post_fragmentation","chessboard",46,625,13,25,39,1,590,3
39,893,50,0.8,0.7,0.15,0.1,1,1,2,40,"post_fragmentation","chessboard",46,625,13,25,39,1,595,2
39,893,50,0.8,0.7,0.15,0.1,1,1,2,40,"post_fragmentation","chessboard",46,625,13,25,39,1,615,1
39,893,50,0.8,0.7,0.15,0.1,1,1,2,40,"post_fragmentation","chessboard",46,625,13,25,39,1,617,5
39,893,50,0.8,0.7,0.15,0.1,1,1,2,40,"post_fragmentation","chessboard",46,625,13,25,39,1,635,1
39,893,50,0.8,0.7,0.15,0.1,1,1,2,40,"post_fragmentation","chessboard",46,625,13,25,39,1,645,1
39,893,50,0.8,0.7,0.15,0.1,1,1,2,40,"post_fragmentation","chessboard",46,625,13,25,39,1,648,1
39,893,50,0.8,0.7,0.15,0.1,1,1,2,40,"post_fragmentation","chessboard",46,625,13,25,39,1,652,1
39,893,50,0.8,0.7,0.15,0.1,1,1,2,40,"post_fragmentation","chessboard",46,625,13,25,39,1,657,1
39,893,50,0.8,0.7,0.15,0.1,1,1,2,40,"post_fragmentation","chessboard",46,625,13,25,39,1,675,1
39,893,50,0.8,0.7,0.15,0.1,1,1,2,40,"post_fragmentation","chessboard",46,625,13,25,39,1,676,2
39,893,50,0.8,0.7,0.15,0.1,1,1,2,40,"post_fragmentation","chessboard",46,625,13,25,39,1,706,1
39,893,50,0.8,0.7,0.15,0.1,1,1,2,40,"post_fragmentation","chessboard",46,625,13,25,39,1,727,1
39,893,50,0.8,0.7,0.15,0.1,1,1,2,40,"post_fragmentation","chessboard",47,629,13,29,34,7,587,1
39,893,50,0.8,0.7,0.15,0.1,1,1,2,40,"post_fragmentation","chessboard",47,629,13,29,34,7,590,2
39,893,50,0.8,0.7,0.15,0.1,1,1,2,40,"post_fragmentation","chessboard",47,629,13,29,34,7,593,1
39,893,50,0.8,0.7,0.15,0.1,1,1,2,40,"post_fragmentation","chessboard",47,629,13,29,34,7,595,4
39,893,50,0.8,0.7,0.15,0.1,1,1,2,40,"post_fragmentation","chessboard",47,629,13,29,34,7,600,1
39,893,50,0.8,0.7,0.15,0.1,1,1,2,40,"post_fragmentation","chessboard",47,629,13,29,34,7,614,3
39,893,50,0.8,0.7,0.15,0.1,1,1,2,40,"post_fragmentation","chessboard",47,629,13,29,34,7,615,1
39,893,50,0.8,0.7,0.15,0.1,1,1,2,40,"post_fragmentation","chessboard",47,629,13,29,34,7,617,1
39,893,50,0.8,0.7,0.15,0.1,1,1,2,40,"post_fragmentation","chessboard",47,629,13,29,34,7,629,3
39,893,50,0.8,0.7,0.15,0.1,1,1,2,40,"post_fragmentation","chessboard",47,629,13,29,34,7,634,1
39,893,50,0.8,0.7,0.15,0.1,1,1,2,40,"post_fragmentation","chessboard",47,629,13,29,34,7,635,1
39,893,50,0.8,0.7,0.15,0.1,1,1,2,40,"post_fragmentation","chessboard",47,629,13,29,34,7,639,1
39,893,50,0.8,0.7,0.15,0.1,1,1,2,40,"post_fragmentation","chessboard",47,629,13,29,34,7,645,1
39,893,50,0.8,0.7,0.15,0.1,1,1,2,40,"post_fragmentation","chessboard",47,629,13,29,34,7,648,1
39,893,50,0.8,0.7,0.15,0.1,1,1,2,40,"post_fragmentation","chessboard",47,629,13,29,34,7,649,1
39,893,50,0.8,0.7,0.15,0.1,1,1,2,40,"post_fragmentation","chessboard",47,629,13,29,34,7,652,1
39,893,50,0.8,0.7,0.15,0.1,1,1,2,40,"post_fragmentation","chessboard",47,629,13,29,34,7,653,1
39,893,50,0.8,0.7,0.15,0.1,1,1,2,40,"post_fragmentation","chessboard",47,629,13,29,34,7,657,1
39,893,50,0.8,0.7,0.15,0.1,1,1,2,40,"post_fragmentation","chessboard",47,629,13,29,34,7,666,1
39,893,50,0.8,0.7,0.15,0.1,1,1,2,40,"post_fragmentation","chessboard",47,629,13,29,34,7,673,1
39,893,50,0.8,0.7,0.15,0.1,1,1,2,40,"post_fragmentation","chessboard",47,629,13,29,34,7,674,2
39,893,50,0.8,0.7,0.15,0.1,1,1,2,40,"post_fragmentation","chessboard",47,629,13,29,34,7,676,1
39,893,50,0.8,0.7,0.15,0.1,1,1,2,40,"post_fragmentation","chessboard",47,629,13,29,34,7,685,1
39,893,50,0.8,0.7,0.15,0.1,1,1,2,40,"post_fragmentation","chessboard",47,629,13,29,34,7,701,2
39,893,50,0.8,0.7,0.15,0.1,1,1,2,40,"post_fragmentation","chessboard",48,635,13,35,30,7,556,1
39,893,50,0.8,0.7,0.15,0.1,1,1,2,40,"post_fragmentation","chessboard",48,635,13,35,30,7,582,2
39,893,50,0.8,0.7,0.15,0.1,1,1,2,40,"post_fragmentation","chessboard",48,635,13,35,30,7,584,2
39,893,50,0.8,0.7,0.15,0.1,1,1,2,40,"post_fragmentation","chessboard",48,635,13,35,30,7,588,1
39,893,50,0.8,0.7,0.15,0.1,1,1,2,40,"post_fragmentation","chessboard",48,635,13,35,30,7,590,2
39,893,50,0.8,0.7,0.15,0.1,1,1,2,40,"post_fragmentation","chessboard",48,635,13,35,30,7,600,1
39,893,50,0.8,0.7,0.15,0.1,1,1,2,40,"post_fragmentation","chessboard",48,635,13,35,30,7,609,1
39,893,50,0.8,0.7,0.15,0.1,1,1,2,40,"post_fragmentation","chessboard",48,635,13,35,30,7,610,2
39,893,50,0.8,0.7,0.15,0.1,1,1,2,40,"post_fragmentation","chessboard",48,635,13,35,30,7,614,1
39,893,50,0.8,0.7,0.15,0.1,1,1,2,40,"post_fragmentation","chessboard",48,635,13,35,30,7,617,1
39,893,50,0.8,0.7,0.15,0.1,1,1,2,40,"post_fragmentation","chessboard",48,635,13,35,30,7,620,1
39,893,50,0.8,0.7,0.15,0.1,1,1,2,40,"post_fragmentation","chessboard",48,635,13,35,30,7,634,1
39,893,50,0.8,0.7,0.15,0.1,1,1,2,40,"post_fragmentation","chessboard",48,635,13,35,30,7,636,1
39,893,50,0.8,0.7,0.15,0.1,1,1,2,40,"post_fragmentation","chessboard",48,635,13,35,30,7,637,1
39,893,50,0.8,0.7,0.15,0.1,1,1,2,40,"post_fragmentation","chessboard",48,635,13,35,30,7,639,1
39,893,50,0.8,0.7,0.15,0.1,1,1,2,40,"post_fragmentation","chessboard",48,635,13,35,30,7,643,3
39,893,50,0.8,0.7,0.15,0.1,1,1,2,40,"post_fragmentation","chessboard",48,635,13,35,30,7,661,1
39,893,50,0.8,0.7,0.15,0.1,1,1,2,40,"post_fragmentation","chessboard",48,635,13,35,30,7,667,1
39,893,50,0.8,0.7,0.15,0.1,1,1,2,40,"post_fragmentation","chessboard",48,635,13,35,30,7,682,2
39,893,50,0.8,0.7,0.15,0.1,1,1,2,40,"post_fragmentation","chessboard",48,635,13,35,30,7,686,1
39,893,50,0.8,0.7,0.15,0.1,1,1,2,40,"post_fragmentation","chessboard",48,635,13,35,30,7,691,1
39,893,50,0.8,0.7,0.15,0.1,1,1,2,40,"post_fragmentation","chessboard",48,635,13,35,30,7,697,1
39,893,50,0.8,0.7,0.15,0.1,1,1,2,40,"post_fragmentation","chessboard",48,635,13,35,30,7,701,1
39,893,50,0.8,0.7,0.15,0.1,1,1,2,40,"post_fragmentation","chessboard",48,635,13,35,30,7,705,4
39,893,50,0.8,0.7,0.15,0.1,1,1,2,40,"post_fragmentation","chessboard",48,635,13,35,30,7,706,5
39,893,50,0.8,0.7,0.15,0.1,1,1,2,40,"post_fragmentation","chessboard",48,635,13,35,30,7,731,2
39,893,50,0.8,0.7,0.15,0.1,1,1,2,40,"post_fragmentation","chessboard",49,658,14,8,40,2,703,1
39,893,50,0.8,0.7,0.15,0.1,1,1,2,40,"post_fragmentation","chessboard",49,658,14,8,40,2,731,1
39,893,50,0.8,0.7,0.15,0.1,1,1,2,40,"post_fragmentation","chessboard",49,658,14,8,40,2,744,1
39,893,50,0.8,0.7,0.15,0.1,1,1,2,40,"post_fragmentation","chessboard",49,658,14,8,40,2,767,1
39,893,50,0.8,0.7,0.15,0.1,1,1,2,40,"post_fragmentation","chessboard",49,658,14,8,40,2,789,1
39,893,50,0.8,0.7,0.15,0.1,1,1,2,40,"post_fragmentation","chessboard",49,658,14,8,40,2,811,1
39,893,50,0.8,0.7,0.15,0.1,1,1,2,40,"post_fragmentation","chessboard",49,658,14,8,40,2,820,1
39,893,50,0.8,0.7,0.15,0.1,1,1,2,40,"post_fragmentation","chessboard",49,658,14,8,40,2,823,2
39,893,50,0.8,0.7,0.15,0.1,1,1,2,40,"post_fragmentation","chessboard",49,658,14,8,40,2,824,2
39,893,50,0.8,0.7,0.15,0.1,1,1,2,40,"post_fragmentation","chessboard",49,658,14,8,40,2,826,1
39,893,50,0.8,0.7,0.15,0.1,1,1,2,40,"post_fragmentation","chessboard",49,658,14,8,40,2,839,1
39,893,50,0.8,0.7,0.15,0.1,1,1,2,40,"post_fragmentation","chessboard",49,658,14,8,40,2,850,1
39,893,50,0.8,0.7,0.15,0.1,1,1,2,40,"post_fragmentation","chessboard",49,658,14,8,40,2,851,1
39,893,50,0.8,0.7,0.15,0.1,1,1,2,40,"post_fragmentation","chessboard",49,658,14,8,40,2,862,1
39,893,50,0.8,0.7,0.15,0.1,1,1,2,40,"post_fragmentation","chessboard",49,658,14,8,40,2,863,1
39,893,50,0.8,0.7,0.15,0.1,1,1,2,40,"post_fragmentation","chessboard",49,658,14,8,40,2,866,2
39,893,50,0.8,0.7,0.15,0.1,1,1,2,40,"post_fragmentation","chessboard",49,658,14,8,40,2,880,1
39,893,50,0.8,0.7,0.15,0.1,1,1,2,40,"post_fragmentation","chessboard",49,658,14,8,40,2,884,1
39,893,50,0.8,0.7,0.15,0.1,1,1,2,40,"post_fragmentation","chessboard",49,658,14,8,40,2,891,2
39,893,50,0.8,0.7,0.15,0.1,1,1,2,40,"post_fragmentation","chessboard",49,658,14,8,40,2,894,2
39,893,50,0.8,0.7,0.15,0.1,1,1,2,40,"post_fragmentation","chessboard",49,658,14,8,40,2,901,1
39,893,50,0.8,0.7,0.15,0.1,1,1,2,40,"post_fragmentation","chessboard",49,658,14,8,40,2,906,1
39,893,50,0.8,0.7,0.15,0.1,1,1,2,40,"post_fragmentation","chessboard",49,658,14,8,40,2,908,1
39,893,50,0.8,0.7,0.15,0.1,1,1,2,40,"post_fragmentation","chessboard",49,658,14,8,40,2,910,1
39,893,50,0.8,0.7,0.15,0.1,1,1,2,40,"post_fragmentation","chessboard",49,658,14,8,40,2,913,2
39,893,50,0.8,0.7,0.15,0.1,1,1,2,40,"post_fragmentation","chessboard",49,658,14,8,40,2,914,1
39,893,50,0.8,0.7,0.15,0.1,1,1,2,40,"post_fragmentation","chessboard",49,658,14,8,40,2,917,1
39,893,50,0.8,0.7,0.15,0.1,1,1,2,40,"post_fragmentation","chessboard",49,658,14,8,40,2,957,2
39,893,50,0.8,0.7,0.15,0.1,1,1,2,40,"post_fragmentation","chessboard",49,658,14,8,40,2,965,2
39,893,50,0.8,0.7,0.15,0.1,1,1,2,40,"post_fragmentation","chessboard",49,658,14,8,40,2,985,1
39,893,50,0.8,0.7,0.15,0.1,1,1,2,40,"post_fragmentation","chessboard",50,662,14,12,36,5,644,1
39,893,50,0.8,0.7,0.15,0.1,1,1,2,40,"post_fragmentation","chessboard",50,662,14,12,36,5,675,1
39,893,50,0.8,0.7,0.15,0.1,1,1,2,40,"post_fragmentation","chessboard",50,662,14,12,36,5,676,1
39,893,50,0.8,0.7,0.15,0.1,1,1,2,40,"post_fragmentation","chessboard",50,662,14,12,36,5,689,1
39,893,50,0.8,0.7,0.15,0.1,1,1,2,40,"post_fragmentation","chessboard",50,662,14,12,36,5,702,1
39,893,50,0.8,0.7,0.15,0.1,1,1,2,40,"post_fragmentation","chessboard",50,662,14,12,36,5,706,1
39,893,50,0.8,0.7,0.15,0.1,1,1,2,40,"post_fragmentation","chessboard",50,662,14,12,36,5,744,5
39,893,50,0.8,0.7,0.15,0.1,1,1,2,40,"post_fragmentation","chessboard",50,662,14,12,36,5,750,4
39,893,50,0.8,0.7,0.15,0.1,1,1,2,40,"post_fragmentation","chessboard",50,662,14,12,36,5,759,5
39,893,50,0.8,0.7,0.15,0.1,1,1,2,40,"post_fragmentation","chessboard",50,662,14,12,36,5,767,3
39,893,50,0.8,0.7,0.15,0.1,1,1,2,40,"post_fragmentation","chessboard",50,662,14,12,36,5,782,1
39,893,50,0.8,0.7,0.15,0.1,1,1,2,40,"post_fragmentation","chessboard",50,662,14,12,36,5,784,1
39,893,50,0.8,0.7,0.15,0.1,1,1,2,40,"post_fragmentation","chessboard",50,662,14,12,36,5,790,1
39,893,50,0.8,0.7,0.15,0.1,1,1,2,40,"post_fragmentation","chessboard",50,662,14,12,36,5,791,2
39,893,50,0.8,0.7,0.15,0.1,1,1,2,40,"post_fragmentation","chessboard",50,662,14,12,36,5,820,3
39,893,50,0.8,0.7,0.15,0.1,1,1,2,40,"post_fragmentation","chessboard",50,662,14,12,36,5,824,1
39,893,50,0.8,0.7,0.15,0.1,1,1,2,40,"post_fragmentation","chessboard",50,662,14,12,36,5,825,1
39,893,50,0.8,0.7,0.15,0.1,1,1,2,40,"post_fragmentation","chessboard",50,662,14,12,36,5,832,1
39,893,50,0.8,0.7,0.15,0.1,1,1,2,40,"post_fragmentation","chessboard",50,662,14,12,36,5,850,1
39,893,50,0.8,0.7,0.15,0.1,1,1,2,40,"post_fragmentation","chessboard",50,662,14,12,36,5,862,2
39,893,50,0.8,0.7,0.15,0.1,1,1,2,40,"post_fragmentation","chessboard",50,662,14,12,36,5,864,1
39,893,50,0.8,0.7,0.15,0.1,1,1,2,40,"post_fragmentation","chessboard",50,662,14,12,36,5,891,1
39,893,50,0.8,0.7,0.15,0.1,1,1,2,40,"post_fragmentation","chessboard",50,662,14,12,36,5,894,1
39,893,50,0.8,0.7,0.15,0.1,1,1,2,40,"post_fragmentation","chessboard",50,662,14,12,36,5,964,1
39,893,50,0.8,0.7,0.15,0.1,1,1,2,40,"post_fragmentation","chessboard",51,664,14,14,37,4,562,1
39,893,50,0.8,0.7,0.15,0.1,1,1,2,40,"post_fragmentation","chessboard",51,664,14,14,37,4,567,1
39,893,50,0.8,0.7,0.15,0.1,1,1,2,40,"post_fragmentation","chessboard",51,664,14,14,37,4,584,2
39,893,50,0.8,0.7,0.15,0.1,1,1,2,40,"post_fragmentation","chessboard",51,664,14,14,37,4,588,1
39,893,50,0.8,0.7,0.15,0.1,1,1,2,40,"post_fragmentation","chessboard",51,664,14,14,37,4,606,3
39,893,50,0.8,0.7,0.15,0.1,1,1,2,40,"post_fragmentation","chessboard",51,664,14,14,37,4,640,1
39,893,50,0.8,0.7,0.15,0.1,1,1,2,40,"post_fragmentation","chessboard",51,664,14,14,37,4,641,3
39,893,50,0.8,0.7,0.15,0.1,1,1,2,40,"post_fragmentation","chessboard",51,664,14,14,37,4,645,1
39,893,50,0.8,0.7,0.15,0.1,1,1,2,40,"post_fragmentation","chessboard",51,664,14,14,37,4,660,3
39,893,50,0.8,0.7,0.15,0.1,1,1,2,40,"post_fragmentation","chessboard",51,664,14,14,37,4,675,2
39,893,50,0.8,0.7,0.15,0.1,1,1,2,40,"post_fragmentation","chessboard",51,664,14,14,37,4,689,2
39,893,50,0.8,0.7,0.15,0.1,1,1,2,40,"post_fragmentation","chessboard",51,664,14,14,37,4,703,2
39,893,50,0.8,0.7,0.15,0.1,1,1,2,40,"post_fragmentation","chessboard",51,664,14,14,37,4,707,1
39,893,50,0.8,0.7,0.15,0.1,1,1,2,40,"post_fragmentation","chessboard",51,664,14,14,37,4,722,1
39,893,50,0.8,0.7,0.15,0.1,1,1,2,40,"post_fragmentation","chessboard",51,664,14,14,37,4,727,1
39,893,50,0.8,0.7,0.15,0.1,1,1,2,40,"post_fragmentation","chessboard",51,664,14,14,37,4,729,1
39,893,50,0.8,0.7,0.15,0.1,1,1,2,40,"post_fragmentation","chessboard",51,664,14,14,37,4,746,3
39,893,50,0.8,0.7,0.15,0.1,1,1,2,40,"post_fragmentation","chessboard",51,664,14,14,37,4,767,2
39,893,50,0.8,0.7,0.15,0.1,1,1,2,40,"post_fragmentation","chessboard",51,664,14,14,37,4,769,1
39,893,50,0.8,0.7,0.15,0.1,1,1,2,40,"post_fragmentation","chessboard",51,664,14,14,37,4,782,1
39,893,50,0.8,0.7,0.15,0.1,1,1,2,40,"post_fragmentation","chessboard",51,664,14,14,37,4,783,1
39,893,50,0.8,0.7,0.15,0.1,1,1,2,40,"post_fragmentation","chessboard",51,664,14,14,37,4,819,1
39,893,50,0.8,0.7,0.15,0.1,1,1,2,40,"post_fragmentation","chessboard",51,664,14,14,37,4,830,2
39,893,50,0.8,0.7,0.15,0.1,1,1,2,40,"post_fragmentation","chessboard",51,664,14,14,37,4,857,1
39,893,50,0.8,0.7,0.15,0.1,1,1,2,40,"post_fragmentation","chessboard",52,668,14,18,41,2,477,1
39,893,50,0.8,0.7,0.15,0.1,1,1,2,40,"post_fragmentation","chessboard",52,668,14,18,41,2,485,1
39,893,50,0.8,0.7,0.15,0.1,1,1,2,40,"post_fragmentation","chessboard",52,668,14,18,41,2,507,1
39,893,50,0.8,0.7,0.15,0.1,1,1,2,40,"post_fragmentation","chessboard",52,668,14,18,41,2,525,3
39,893,50,0.8,0.7,0.15,0.1,1,1,2,40,"post_fragmentation","chessboard",52,668,14,18,41,2,532,1
39,893,50,0.8,0.7,0.15,0.1,1,1,2,40,"post_fragmentation","chessboard",52,668,14,18,41,2,545,1
39,893,50,0.8,0.7,0.15,0.1,1,1,2,40,"post_fragmentation","chessboard",52,668,14,18,41,2,560,1
39,893,50,0.8,0.7,0.15,0.1,1,1,2,40,"post_fragmentation","chessboard",52,668,14,18,41,2,564,2
39,893,50,0.8,0.7,0.15,0.1,1,1,2,40,"post_fragmentation","chessboard",52,668,14,18,41,2,567,1
39,893,50,0.8,0.7,0.15,0.1,1,1,2,40,"post_fragmentation","chessboard",52,668,14,18,41,2,568,1
39,893,50,0.8,0.7,0.15,0.1,1,1,2,40,"post_fragmentation","chessboard",52,668,14,18,41,2,572,2
39,893,50,0.8,0.7,0.15,0.1,1,1,2,40,"post_fragmentation","chessboard",52,668,14,18,41,2,590,1
39,893,50,0.8,0.7,0.15,0.1,1,1,2,40,"post_fragmentation","chessboard",52,668,14,18,41,2,595,2
39,893,50,0.8,0.7,0.15,0.1,1,1,2,40,"post_fragmentation","chessboard",52,668,14,18,41,2,598,1
39,893,50,0.8,0.7,0.15,0.1,1,1,2,40,"post_fragmentation","chessboard",52,668,14,18,41,2,602,3
39,893,50,0.8,0.7,0.15,0.1,1,1,2,40,"post_fragmentation","chessboard",52,668,14,18,41,2,604,2
39,893,50,0.8,0.7,0.15,0.1,1,1,2,40,"post_fragmentation","chessboard",52,668,14,18,41,2,606,1
39,893,50,0.8,0.7,0.15,0.1,1,1,2,40,"post_fragmentation","chessboard",52,668,14,18,41,2,639,2
39,893,50,0.8,0.7,0.15,0.1,1,1,2,40,"post_fragmentation","chessboard",52,668,14,18,41,2,646,1
39,893,50,0.8,0.7,0.15,0.1,1,1,2,40,"post_fragmentation","chessboard",52,668,14,18,41,2,653,1
39,893,50,0.8,0.7,0.15,0.1,1,1,2,40,"post_fragmentation","chessboard",52,668,14,18,41,2,660,1
39,893,50,0.8,0.7,0.15,0.1,1,1,2,40,"post_fragmentation","chessboard",52,668,14,18,41,2,665,1
39,893,50,0.8,0.7,0.15,0.1,1,1,2,40,"post_fragmentation","chessboard",52,668,14,18,41,2,702,1
39,893,50,0.8,0.7,0.15,0.1,1,1,2,40,"post_fragmentation","chessboard",52,668,14,18,41,2,707,1
39,893,50,0.8,0.7,0.15,0.1,1,1,2,40,"post_fragmentation","chessboard",52,668,14,18,41,2,759,1
39,893,50,0.8,0.7,0.15,0.1,1,1,2,40,"post_fragmentation","chessboard",52,668,14,18,41,2,769,1
39,893,50,0.8,0.7,0.15,0.1,1,1,2,40,"post_fragmentation","chessboard",53,672,14,22,42,6,461,1
39,893,50,0.8,0.7,0.15,0.1,1,1,2,40,"post_fragmentation","chessboard",53,672,14,22,42,6,465,1
39,893,50,0.8,0.7,0.15,0.1,1,1,2,40,"post_fragmentation","chessboard",53,672,14,22,42,6,483,1
39,893,50,0.8,0.7,0.15,0.1,1,1,2,40,"post_fragmentation","chessboard",53,672,14,22,42,6,499,2
39,893,50,0.8,0.7,0.15,0.1,1,1,2,40,"post_fragmentation","chessboard",53,672,14,22,42,6,508,1
39,893,50,0.8,0.7,0.15,0.1,1,1,2,40,"post_fragmentation","chessboard",53,672,14,22,42,6,521,1
39,893,50,0.8,0.7,0.15,0.1,1,1,2,40,"post_fragmentation","chessboard",53,672,14,22,42,6,525,1
39,893,50,0.8,0.7,0.15,0.1,1,1,2,40,"post_fragmentation","chessboard",53,672,14,22,42,6,530,1
39,893,50,0.8,0.7,0.15,0.1,1,1,2,40,"post_fragmentation","chessboard",53,672,14,22,42,6,538,1
39,893,50,0.8,0.7,0.15,0.1,1,1,2,40,"post_fragmentation","chessboard",53,672,14,22,42,6,545,1
39,893,50,0.8,0.7,0.15,0.1,1,1,2,40,"post_fragmentation","chessboard",53,672,14,22,42,6,560,1
39,893,50,0.8,0.7,0.15,0.1,1,1,2,40,"post_fragmentation","chessboard",53,672,14,22,42,6,578,2
39,893,50,0.8,0.7,0.15,0.1,1,1,2,40,"post_fragmentation","chessboard",53,672,14,22,42,6,580,1
39,893,50,0.8,0.7,0.15,0.1,1,1,2,40,"post_fragmentation","chessboard",53,672,14,22,42,6,584,1
39,893,50,0.8,0.7,0.15,0.1,1,1,2,40,"post_fragmentation","chessboard",53,672,14,22,42,6,593,1
39,893,50,0.8,0.7,0.15,0.1,1,1,2,40,"post_fragmentation","chessboard",53,672,14,22,42,6,595,3
39,893,50,0.8,0.7,0.15,0.1,1,1,2,40,"post_fragmentation","chessboard",53,672,14,22,42,6,598,1
39,893,50,0.8,0.7,0.15,0.1,1,1,2,40,"post_fragmentation","chessboard",53,672,14,22,42,6,606,1
39,893,50,0.8,0.7,0.15,0.1,1,1,2,40,"post_fragmentation","chessboard",53,672,14,22,42,6,611,1
39,893,50,0.8,0.7,0.15,0.1,1,1,2,40,"post_fragmentation","chessboard",53,672,14,22,42,6,612,2
39,893,50,0.8,0.7,0.15,0.1,1,1,2,40,"post_fragmentation","chessboard",53,672,14,22,42,6,617,1
39,893,50,0.8,0.7,0.15,0.1,1,1,2,40,"post_fragmentation","chessboard",53,672,14,22,42,6,634,1
39,893,50,0.8,0.7,0.15,0.1,1,1,2,40,"post_fragmentation","chessboard",53,672,14,22,42,6,639,1
39,893,50,0.8,0.7,0.15,0.1,1,1,2,40,"post_fragmentation","chessboard",53,672,14,22,42,6,643,1
39,893,50,0.8,0.7,0.15,0.1,1,1,2,40,"post_fragmentation","chessboard",53,672,14,22,42,6,645,1
39,893,50,0.8,0.7,0.15,0.1,1,1,2,40,"post_fragmentation","chessboard",53,672,14,22,42,6,656,1
39,893,50,0.8,0.7,0.15,0.1,1,1,2,40,"post_fragmentation","chessboard",53,672,14,22,42,6,657,1
39,893,50,0.8,0.7,0.15,0.1,1,1,2,40,"post_fragmentation","chessboard",53,672,14,22,42,6,674,1
39,893,50,0.8,0.7,0.15,0.1,1,1,2,40,"post_fragmentation","chessboard",53,672,14,22,42,6,684,1
39,893,50,0.8,0.7,0.15,0.1,1,1,2,40,"post_fragmentation","chessboard",53,672,14,22,42,6,687,1
39,893,50,0.8,0.7,0.15,0.1,1,1,2,40,"post_fragmentation","chessboard",54,678,14,28,34,7,520,1
39,893,50,0.8,0.7,0.15,0.1,1,1,2,40,"post_fragmentation","chessboard",54,678,14,28,34,7,522,1
39,893,50,0.8,0.7,0.15,0.1,1,1,2,40,"post_fragmentation","chessboard",54,678,14,28,34,7,538,1
39,893,50,0.8,0.7,0.15,0.1,1,1,2,40,"post_fragmentation","chessboard",54,678,14,28,34,7,548,1
39,893,50,0.8,0.7,0.15,0.1,1,1,2,40,"post_fragmentation","chessboard",54,678,14,28,34,7,560,1
39,893,50,0.8,0.7,0.15,0.1,1,1,2,40,"post_fragmentation","chessboard",54,678,14,28,34,7,565,1
39,893,50,0.8,0.7,0.15,0.1,1,1,2,40,"post_fragmentation","chessboard",54,678,14,28,34,7,567,1
39,893,50,0.8,0.7,0.15,0.1,1,1,2,40,"post_fragmentation","chessboard",54,678,14,28,34,7,580,1
39,893,50,0.8,0.7,0.15,0.1,1,1,2,40,"post_fragmentation","chessboard",54,678,14,28,34,7,581,1
39,893,50,0.8,0.7,0.15,0.1,1,1,2,40,"post_fragmentation","chessboard",54,678,14,28,34,7,588,1
39,893,50,0.8,0.7,0.15,0.1,1,1,2,40,"post_fragmentation","chessboard",54,678,14,28,34,7,590,1
39,893,50,0.8,0.7,0.15,0.1,1,1,2,40,"post_fragmentation","chessboard",54,678,14,28,34,7,595,2
39,893,50,0.8,0.7,0.15,0.1,1,1,2,40,"post_fragmentation","chessboard",54,678,14,28,34,7,597,1
39,893,50,0.8,0.7,0.15,0.1,1,1,2,40,"post_fragmentation","chessboard",54,678,14,28,34,7,598,1
39,893,50,0.8,0.7,0.15,0.1,1,1,2,40,"post_fragmentation","chessboard",54,678,14,28,34,7,607,1
39,893,50,0.8,0.7,0.15,0.1,1,1,2,40,"post_fragmentation","chessboard",54,678,14,28,34,7,614,1
39,893,50,0.8,0.7,0.15,0.1,1,1,2,40,"post_fragmentation","chessboard",54,678,14,28,34,7,617,4
39,893,50,0.8,0.7,0.15,0.1,1,1,2,40,"post_fragmentation","chessboard",54,678,14,28,34,7,619,1
39,893,50,0.8,0.7,0.15,0.1,1,1,2,40,"post_fragmentation","chessboard",54,678,14,28,34,7,629,1
39,893,50,0.8,0.7,0.15,0.1,1,1,2,40,"post_fragmentation","chessboard",54,678,14,28,34,7,635,1
39,893,50,0.8,0.7,0.15,0.1,1,1,2,40,"post_fragmentation","chessboard",54,678,14,28,34,7,645,1
39,893,50,0.8,0.7,0.15,0.1,1,1,2,40,"post_fragmentation","chessboard",54,678,14,28,34,7,647,2
39,893,50,0.8,0.7,0.15,0.1,1,1,2,40,"post_fragmentation","chessboard",54,678,14,28,34,7,653,2
39,893,50,0.8,0.7,0.15,0.1,1,1,2,40,"post_fragmentation","chessboard",54,678,14,28,34,7,657,3
39,893,50,0.8,0.7,0.15,0.1,1,1,2,40,"post_fragmentation","chessboard",54,678,14,28,34,7,682,3
39,893,50,0.8,0.7,0.15,0.1,1,1,2,40,"post_fragmentation","chessboard",54,678,14,28,34,7,685,1
39,893,50,0.8,0.7,0.15,0.1,1,1,2,40,"post_fragmentation","chessboard",54,678,14,28,34,7,701,1
39,893,50,0.8,0.7,0.15,0.1,1,1,2,40,"post_fragmentation","chessboard",55,682,14,32,43,4,547,1
39,893,50,0.8,0.7,0.15,0.1,1,1,2,40,"post_fragmentation","chessboard",55,682,14,32,43,4,567,1
39,893,50,0.8,0.7,0.15,0.1,1,1,2,40,"post_fragmentation","chessboard",55,682,14,32,43,4,588,1
39,893,50,0.8,0.7,0.15,0.1,1,1,2,40,"post_fragmentation","chessboard",55,682,14,32,43,4,589,1
39,893,50,0.8,0.7,0.15,0.1,1,1,2,40,"post_fragmentation","chessboard",55,682,14,32,43,4,602,3
39,893,50,0.8,0.7,0.15,0.1,1,1,2,40,"post_fragmentation","chessboard",55,682,14,32,43,4,610,1
39,893,50,0.8,0.7,0.15,0.1,1,1,2,40,"post_fragmentation","chessboard",55,682,14,32,43,4,611,1
39,893,50,0.8,0.7,0.15,0.1,1,1,2,40,"post_fragmentation","chessboard",55,682,14,32,43,4,629,2
39,893,50,0.8,0.7,0.15,0.1,1,1,2,40,"post_fragmentation","chessboard",55,682,14,32,43,4,634,1
39,893,50,0.8,0.7,0.15,0.1,1,1,2,40,"post_fragmentation","chessboard",55,682,14,32,43,4,643,1
39,893,50,0.8,0.7,0.15,0.1,1,1,2,40,"post_fragmentation","chessboard",55,682,14,32,43,4,647,2
39,893,50,0.8,0.7,0.15,0.1,1,1,2,40,"post_fragmentation","chessboard",55,682,14,32,43,4,657,4
39,893,50,0.8,0.7,0.15,0.1,1,1,2,40,"post_fragmentation","chessboard",55,682,14,32,43,4,659,3
39,893,50,0.8,0.7,0.15,0.1,1,1,2,40,"post_fragmentation","chessboard",55,682,14,32,43,4,666,1
39,893,50,0.8,0.7,0.15,0.1,1,1,2,40,"post_fragmentation","chessboard",55,682,14,32,43,4,673,4
39,893,50,0.8,0.7,0.15,0.1,1,1,2,40,"post_fragmentation","chessboard",55,682,14,32,43,4,685,2
39,893,50,0.8,0.7,0.15,0.1,1,1,2,40,"post_fragmentation","chessboard",55,682,14,32,43,4,696,2
39,893,50,0.8,0.7,0.15,0.1,1,1,2,40,"post_fragmentation","chessboard",55,682,14,32,43,4,697,1
39,893,50,0.8,0.7,0.15,0.1,1,1,2,40,"post_fragmentation","chessboard",55,682,14,32,43,4,701,1
39,893,50,0.8,0.7,0.15,0.1,1,1,2,40,"post_fragmentation","chessboard",55,682,14,32,43,4,725,2
39,893,50,0.8,0.7,0.15,0.1,1,1,2,40,"post_fragmentation","chessboard",55,682,14,32,43,4,731,1
39,893,50,0.8,0.7,0.15,0.1,1,1,2,40,"post_fragmentation","chessboard",56,711,15,11,36,5,729,3
39,893,50,0.8,0.7,0.15,0.1,1,1,2,40,"post_fragmentation","chessboard",56,711,15,11,36,5,734,1
39,893,50,0.8,0.7,0.15,0.1,1,1,2,40,"post_fragmentation","chessboard",56,711,15,11,36,5,750,1
39,893,50,0.8,0.7,0.15,0.1,1,1,2,40,"post_fragmentation","chessboard",56,711,15,11,36,5,767,1
39,893,50,0.8,0.7,0.15,0.1,1,1,2,40,"post_fragmentation","chessboard",56,711,15,11,36,5,789,4
39,893,50,0.8,0.7,0.15,0.1,1,1,2,40,"post_fragmentation","chessboard",56,711,15,11,36,5,790,1
39,893,50,0.8,0.7,0.15,0.1,1,1,2,40,"post_fragmentation","chessboard",56,711,15,11,36,5,791,2
39,893,50,0.8,0.7,0.15,0.1,1,1,2,40,"post_fragmentation","chessboard",56,711,15,11,36,5,810,1
39,893,50,0.8,0.7,0.15,0.1,1,1,2,40,"post_fragmentation","chessboard",56,711,15,11,36,5,820,1
39,893,50,0.8,0.7,0.15,0.1,1,1,2,40,"post_fragmentation","chessboard",56,711,15,11,36,5,824,3
39,893,50,0.8,0.7,0.15,0.1,1,1,2,40,"post_fragmentation","chessboard",56,711,15,11,36,5,825,1
39,893,50,0.8,0.7,0.15,0.1,1,1,2,40,"post_fragmentation","chessboard",56,711,15,11,36,5,850,2
39,893,50,0.8,0.7,0.15,0.1,1,1,2,40,"post_fragmentation","chessboard",56,711,15,11,36,5,851,1
39,893,50,0.8,0.7,0.15,0.1,1,1,2,40,"post_fragmentation","chessboard",56,711,15,11,36,5,853,1
39,893,50,0.8,0.7,0.15,0.1,1,1,2,40,"post_fragmentation","chessboard",56,711,15,11,36,5,863,1
39,893,50,0.8,0.7,0.15,0.1,1,1,2,40,"post_fragmentation","chessboard",56,711,15,11,36,5,864,1
39,893,50,0.8,0.7,0.15,0.1,1,1,2,40,"post_fragmentation","chessboard",56,711,15,11,36,5,876,1
39,893,50,0.8,0.7,0.15,0.1,1,1,2,40,"post_fragmentation","chessboard",56,711,15,11,36,5,884,2
39,893,50,0.8,0.7,0.15,0.1,1,1,2,40,"post_fragmentation","chessboard",56,711,15,11,36,5,891,2
39,893,50,0.8,0.7,0.15,0.1,1,1,2,40,"post_fragmentation","chessboard",56,711,15,11,36,5,894,2
39,893,50,0.8,0.7,0.15,0.1,1,1,2,40,"post_fragmentation","chessboard",56,711,15,11,36,5,921,1
39,893,50,0.8,0.7,0.15,0.1,1,1,2,40,"post_fragmentation","chessboard",56,711,15,11,36,5,965,1
39,893,50,0.8,0.7,0.15,0.1,1,1,2,40,"post_fragmentation","chessboard",56,711,15,11,36,5,968,1
39,893,50,0.8,0.7,0.15,0.1,1,1,2,40,"post_fragmentation","chessboard",56,711,15,11,36,5,978,2
39,893,50,0.8,0.7,0.15,0.1,1,1,2,40,"post_fragmentation","chessboard",57,715,15,15,37,4,556,2
39,893,50,0.8,0.7,0.15,0.1,1,1,2,40,"post_fragmentation","chessboard",57,715,15,15,37,4,619,1
39,893,50,0.8,0.7,0.15,0.1,1,1,2,40,"post_fragmentation","chessboard",57,715,15,15,37,4,621,2
39,893,50,0.8,0.7,0.15,0.1,1,1,2,40,"post_fragmentation","chessboard",57,715,15,15,37,4,644,2
39,893,50,0.8,0.7,0.15,0.1,1,1,2,40,"post_fragmentation","chessboard",57,715,15,15,37,4,646,1
39,893,50,0.8,0.7,0.15,0.1,1,1,2,40,"post_fragmentation","chessboard",57,715,15,15,37,4,653,1
39,893,50,0.8,0.7,0.15,0.1,1,1,2,40,"post_fragmentation","chessboard",57,715,15,15,37,4,675,2
39,893,50,0.8,0.7,0.15,0.1,1,1,2,40,"post_fragmentation","chessboard",57,715,15,15,37,4,702,2
39,893,50,0.8,0.7,0.15,0.1,1,1,2,40,"post_fragmentation","chessboard",57,715,15,15,37,4,703,3
39,893,50,0.8,0.7,0.15,0.1,1,1,2,40,"post_fragmentation","chessboard",57,715,15,15,37,4,707,1
39,893,50,0.8,0.7,0.15,0.1,1,1,2,40,"post_fragmentation","chessboard",57,715,15,15,37,4,726,2
39,893,50,0.8,0.7,0.15,0.1,1,1,2,40,"post_fragmentation","chessboard",57,715,15,15,37,4,727,1
39,893,50,0.8,0.7,0.15,0.1,1,1,2,40,"post_fragmentation","chessboard",57,715,15,15,37,4,729,1
39,893,50,0.8,0.7,0.15,0.1,1,1,2,40,"post_fragmentation","chessboard",57,715,15,15,37,4,731,2
39,893,50,0.8,0.7,0.15,0.1,1,1,2,40,"post_fragmentation","chessboard",57,715,15,15,37,4,737,1
39,893,50,0.8,0.7,0.15,0.1,1,1,2,40,"post_fragmentation","chessboard",57,715,15,15,37,4,750,1
39,893,50,0.8,0.7,0.15,0.1,1,1,2,40,"post_fragmentation","chessboard",57,715,15,15,37,4,759,1
39,893,50,0.8,0.7,0.15,0.1,1,1,2,40,"post_fragmentation","chessboard",57,715,15,15,37,4,767,1
39,893,50,0.8,0.7,0.15,0.1,1,1,2,40,"post_fragmentation","chessboard",57,715,15,15,37,4,774,1
39,893,50,0.8,0.7,0.15,0.1,1,1,2,40,"post_fragmentation","chessboard",57,715,15,15,37,4,782,5
39,893,50,0.8,0.7,0.15,0.1,1,1,2,40,"post_fragmentation","chessboard",57,715,15,15,37,4,790,3
39,893,50,0.8,0.7,0.15,0.1,1,1,2,40,"post_fragmentation","chessboard",57,715,15,15,37,4,820,1
39,893,50,0.8,0.7,0.15,0.1,1,1,2,40,"post_fragmentation","chessboard",57,715,15,15,37,4,831,1
39,893,50,0.8,0.7,0.15,0.1,1,1,2,40,"post_fragmentation","chessboard",57,715,15,15,37,4,850,1
39,893,50,0.8,0.7,0.15,0.1,1,1,2,40,"post_fragmentation","chessboard",57,715,15,15,37,4,851,1
39,893,50,0.8,0.7,0.15,0.1,1,1,2,40,"post_fragmentation","chessboard",57,715,15,15,37,4,857,1
39,893,50,0.8,0.7,0.15,0.1,1,1,2,40,"post_fragmentation","chessboard",58,729,15,29,34,7,530,1
39,893,50,0.8,0.7,0.15,0.1,1,1,2,40,"post_fragmentation","chessboard",58,729,15,29,34,7,549,1
39,893,50,0.8,0.7,0.15,0.1,1,1,2,40,"post_fragmentation","chessboard",58,729,15,29,34,7,565,1
39,893,50,0.8,0.7,0.15,0.1,1,1,2,40,"post_fragmentation","chessboard",58,729,15,29,34,7,567,2
39,893,50,0.8,0.7,0.15,0.1,1,1,2,40,"post_fragmentation","chessboard",58,729,15,29,34,7,580,1
39,893,50,0.8,0.7,0.15,0.1,1,1,2,40,"post_fragmentation","chessboard",58,729,15,29,34,7,587,1
39,893,50,0.8,0.7,0.15,0.1,1,1,2,40,"post_fragmentation","chessboard",58,729,15,29,34,7,590,2
39,893,50,0.8,0.7,0.15,0.1,1,1,2,40,"post_fragmentation","chessboard",58,729,15,29,34,7,598,2
39,893,50,0.8,0.7,0.15,0.1,1,1,2,40,"post_fragmentation","chessboard",58,729,15,29,34,7,609,1
39,893,50,0.8,0.7,0.15,0.1,1,1,2,40,"post_fragmentation","chessboard",58,729,15,29,34,7,610,1
39,893,50,0.8,0.7,0.15,0.1,1,1,2,40,"post_fragmentation","chessboard",58,729,15,29,34,7,614,1
39,893,50,0.8,0.7,0.15,0.1,1,1,2,40,"post_fragmentation","chessboard",58,729,15,29,34,7,623,1
39,893,50,0.8,0.7,0.15,0.1,1,1,2,40,"post_fragmentation","chessboard",58,729,15,29,34,7,629,2
39,893,50,0.8,0.7,0.15,0.1,1,1,2,40,"post_fragmentation","chessboard",58,729,15,29,34,7,634,2
39,893,50,0.8,0.7,0.15,0.1,1,1,2,40,"post_fragmentation","chessboard",58,729,15,29,34,7,639,2
39,893,50,0.8,0.7,0.15,0.1,1,1,2,40,"post_fragmentation","chessboard",58,729,15,29,34,7,647,1
39,893,50,0.8,0.7,0.15,0.1,1,1,2,40,"post_fragmentation","chessboard",58,729,15,29,34,7,653,3
39,893,50,0.8,0.7,0.15,0.1,1,1,2,40,"post_fragmentation","chessboard",58,729,15,29,34,7,659,1
39,893,50,0.8,0.7,0.15,0.1,1,1,2,40,"post_fragmentation","chessboard",58,729,15,29,34,7,682,1
39,893,50,0.8,0.7,0.15,0.1,1,1,2,40,"post_fragmentation","chessboard",58,729,15,29,34,7,685,1
39,893,50,0.8,0.7,0.15,0.1,1,1,2,40,"post_fragmentation","chessboard",58,729,15,29,34,7,687,1
39,893,50,0.8,0.7,0.15,0.1,1,1,2,40,"post_fragmentation","chessboard",58,729,15,29,34,7,692,1
39,893,50,0.8,0.7,0.15,0.1,1,1,2,40,"post_fragmentation","chessboard",58,729,15,29,34,7,696,1
39,893,50,0.8,0.7,0.15,0.1,1,1,2,40,"post_fragmentation","chessboard",58,729,15,29,34,7,701,2
39,893,50,0.8,0.7,0.15,0.1,1,1,2,40,"post_fragmentation","chessboard",59,733,15,33,43,4,545,2
39,893,50,0.8,0.7,0.15,0.1,1,1,2,40,"post_fragmentation","chessboard",59,733,15,33,43,4,590,1
39,893,50,0.8,0.7,0.15,0.1,1,1,2,40,"post_fragmentation","chessboard",59,733,15,33,43,4,591,3
39,893,50,0.8,0.7,0.15,0.1,1,1,2,40,"post_fragmentation","chessboard",59,733,15,33,43,4,595,1
39,893,50,0.8,0.7,0.15,0.1,1,1,2,40,"post_fragmentation","chessboard",59,733,15,33,43,4,598,1
39,893,50,0.8,0.7,0.15,0.1,1,1,2,40,"post_fragmentation","chessboard",59,733,15,33,43,4,600,1
39,893,50,0.8,0.7,0.15,0.1,1,1,2,40,"post_fragmentation","chessboard",59,733,15,33,43,4,614,1
39,893,50,0.8,0.7,0.15,0.1,1,1,2,40,"post_fragmentation","chessboard",59,733,15,33,43,4,617,1
39,893,50,0.8,0.7,0.15,0.1,1,1,2,40,"post_fragmentation","chessboard",59,733,15,33,43,4,633,1
39,893,50,0.8,0.7,0.15,0.1,1,1,2,40,"post_fragmentation","chessboard",59,733,15,33,43,4,634,3
39,893,50,0.8,0.7,0.15,0.1,1,1,2,40,"post_fragmentation","chessboard",59,733,15,33,43,4,637,2
39,893,50,0.8,0.7,0.15,0.1,1,1,2,40,"post_fragmentation","chessboard",59,733,15,33,43,4,639,1
39,893,50,0.8,0.7,0.15,0.1,1,1,2,40,"post_fragmentation","chessboard",59,733,15,33,43,4,645,2
39,893,50,0.8,0.7,0.15,0.1,1,1,2,40,"post_fragmentation","chessboard",59,733,15,33,43,4,647,2
39,893,50,0.8,0.7,0.15,0.1,1,1,2,40,"post_fragmentation","chessboard",59,733,15,33,43,4,648,1
39,893,50,0.8,0.7,0.15,0.1,1,1,2,40,"post_fragmentation","chessboard",59,733,15,33,43,4,659,1
39,893,50,0.8,0.7,0.15,0.1,1,1,2,40,"post_fragmentation","chessboard",59,733,15,33,43,4,666,4
39,893,50,0.8,0.7,0.15,0.1,1,1,2,40,"post_fragmentation","chessboard",59,733,15,33,43,4,671,1
39,893,50,0.8,0.7,0.15,0.1,1,1,2,40,"post_fragmentation","chessboard",59,733,15,33,43,4,686,2
39,893,50,0.8,0.7,0.15,0.1,1,1,2,40,"post_fragmentation","chessboard",59,733,15,33,43,4,696,1
39,893,50,0.8,0.7,0.15,0.1,1,1,2,40,"post_fragmentation","chessboard",59,733,15,33,43,4,701,2
39,893,50,0.8,0.7,0.15,0.1,1,1,2,40,"post_fragmentation","chessboard",59,733,15,33,43,4,702,1
39,893,50,0.8,0.7,0.15,0.1,1,1,2,40,"post_fragmentation","chessboard",59,733,15,33,43,4,705,1
39,893,50,0.8,0.7,0.15,0.1,1,1,2,40,"post_fragmentation","chessboard",59,733,15,33,43,4,707,1
39,893,50,0.8,0.7,0.15,0.1,1,1,2,40,"post_fragmentation","chessboard",59,733,15,33,43,4,713,1
39,893,50,0.8,0.7,0.15,0.1,1,1,2,40,"post_fragmentation","chessboard",59,733,15,33,43,4,763,1
39,893,50,0.8,0.7,0.15,0.1,1,1,2,40,"post_fragmentation","chessboard",60,770,16,20,48,2,508,1
39,893,50,0.8,0.7,0.15,0.1,1,1,2,40,"post_fragmentation","chessboard",60,770,16,20,48,2,578,1
39,893,50,0.8,0.7,0.15,0.1,1,1,2,40,"post_fragmentation","chessboard",60,770,16,20,48,2,617,1
39,893,50,0.8,0.7,0.15,0.1,1,1,2,40,"post_fragmentation","chessboard",60,770,16,20,48,2,641,1
39,893,50,0.8,0.7,0.15,0.1,1,1,2,40,"post_fragmentation","chessboard",60,770,16,20,48,2,643,1
39,893,50,0.8,0.7,0.15,0.1,1,1,2,40,"post_fragmentation","chessboard",60,770,16,20,48,2,649,1
39,893,50,0.8,0.7,0.15,0.1,1,1,2,40,"post_fragmentation","chessboard",60,770,16,20,48,2,652,7
39,893,50,0.8,0.7,0.15,0.1,1,1,2,40,"post_fragmentation","chessboard",60,770,16,20,48,2,654,1
39,893,50,0.8,0.7,0.15,0.1,1,1,2,40,"post_fragmentation","chessboard",60,770,16,20,48,2,665,1
39,893,50,0.8,0.7,0.15,0.1,1,1,2,40,"post_fragmentation","chessboard",60,770,16,20,48,2,666,1
39,893,50,0.8,0.7,0.15,0.1,1,1,2,40,"post_fragmentation","chessboard",60,770,16,20,48,2,673,4
39,893,50,0.8,0.7,0.15,0.1,1,1,2,40,"post_fragmentation","chessboard",60,770,16,20,48,2,684,1
39,893,50,0.8,0.7,0.15,0.1,1,1,2,40,"post_fragmentation","chessboard",60,770,16,20,48,2,692,1
39,893,50,0.8,0.7,0.15,0.1,1,1,2,40,"post_fragmentation","chessboard",60,770,16,20,48,2,702,2
39,893,50,0.8,0.7,0.15,0.1,1,1,2,40,"post_fragmentation","chessboard",60,770,16,20,48,2,703,4
39,893,50,0.8,0.7,0.15,0.1,1,1,2,40,"post_fragmentation","chessboard",60,770,16,20,48,2,706,1
39,893,50,0.8,0.7,0.15,0.1,1,1,2,40,"post_fragmentation","chessboard",60,770,16,20,48,2,726,2
39,893,50,0.8,0.7,0.15,0.1,1,1,2,40,"post_fragmentation","chessboard",60,770,16,20,48,2,727,1
39,893,50,0.8,0.7,0.15,0.1,1,1,2,40,"post_fragmentation","chessboard",60,770,16,20,48,2,737,1
39,893,50,0.8,0.7,0.15,0.1,1,1,2,40,"post_fragmentation","chessboard",60,770,16,20,48,2,750,2
39,893,50,0.8,0.7,0.15,0.1,1,1,2,40,"post_fragmentation","chessboard",60,770,16,20,48,2,757,1
39,893,50,0.8,0.7,0.15,0.1,1,1,2,40,"post_fragmentation","chessboard",60,770,16,20,48,2,759,1
39,893,50,0.8,0.7,0.15,0.1,1,1,2,40,"post_fragmentation","chessboard",61,772,16,22,42,6,508,3
39,893,50,0.8,0.7,0.15,0.1,1,1,2,40,"post_fragmentation","chessboard",61,772,16,22,42,6,542,1
39,893,50,0.8,0.7,0.15,0.1,1,1,2,40,"post_fragmentation","chessboard",61,772,16,22,42,6,576,1
39,893,50,0.8,0.7,0.15,0.1,1,1,2,40,"post_fragmentation","chessboard",61,772,16,22,42,6,578,1
39,893,50,0.8,0.7,0.15,0.1,1,1,2,40,"post_fragmentation","chessboard",61,772,16,22,42,6,590,1
39,893,50,0.8,0.7,0.15,0.1,1,1,2,40,"post_fragmentation","chessboard",61,772,16,22,42,6,595,1
39,893,50,0.8,0.7,0.15,0.1,1,1,2,40,"post_fragmentation","chessboard",61,772,16,22,42,6,617,2
39,893,50,0.8,0.7,0.15,0.1,1,1,2,40,"post_fragmentation","chessboard",61,772,16,22,42,6,635,1
39,893,50,0.8,0.7,0.15,0.1,1,1,2,40,"post_fragmentation","chessboard",61,772,16,22,42,6,643,2
39,893,50,0.8,0.7,0.15,0.1,1,1,2,40,"post_fragmentation","chessboard",61,772,16,22,42,6,652,2
39,893,50,0.8,0.7,0.15,0.1,1,1,2,40,"post_fragmentation","chessboard",61,772,16,22,42,6,653,1
39,893,50,0.8,0.7,0.15,0.1,1,1,2,40,"post_fragmentation","chessboard",61,772,16,22,42,6,654,1
39,893,50,0.8,0.7,0.15,0.1,1,1,2,40,"post_fragmentation","chessboard",61,772,16,22,42,6,657,3
39,893,50,0.8,0.7,0.15,0.1,1,1,2,40,"post_fragmentation","chessboard",61,772,16,22,42,6,659,1
39,893,50,0.8,0.7,0.15,0.1,1,1,2,40,"post_fragmentation","chessboard",61,772,16,22,42,6,660,1
39,893,50,0.8,0.7,0.15,0.1,1,1,2,40,"post_fragmentation","chessboard",61,772,16,22,42,6,665,1
39,893,50,0.8,0.7,0.15,0.1,1,1,2,40,"post_fragmentation","chessboard",61,772,16,22,42,6,673,1
39,893,50,0.8,0.7,0.15,0.1,1,1,2,40,"post_fragmentation","chessboard",61,772,16,22,42,6,684,1
39,893,50,0.8,0.7,0.15,0.1,1,1,2,40,"post_fragmentation","chessboard",61,772,16,22,42,6,687,3
39,893,50,0.8,0.7,0.15,0.1,1,1,2,40,"post_fragmentation","chessboard",61,772,16,22,42,6,706,4
39,893,50,0.8,0.7,0.15,0.1,1,1,2,40,"post_fragmentation","chessboard",61,772,16,22,42,6,707,1
39,893,50,0.8,0.7,0.15,0.1,1,1,2,40,"post_fragmentation","chessboard",61,772,16,22,42,6,727,1
39,893,50,0.8,0.7,0.15,0.1,1,1,2,40,"post_fragmentation","chessboard",61,772,16,22,42,6,735,1
39,893,50,0.8,0.7,0.15,0.1,1,1,2,40,"post_fragmentation","chessboard",62,774,16,24,42,6,525,1
39,893,50,0.8,0.7,0.15,0.1,1,1,2,40,"post_fragmentation","chessboard",62,774,16,24,42,6,560,2
39,893,50,0.8,0.7,0.15,0.1,1,1,2,40,"post_fragmentation","chessboard",62,774,16,24,42,6,590,1
39,893,50,0.8,0.7,0.15,0.1,1,1,2,40,"post_fragmentation","chessboard",62,774,16,24,42,6,617,1
39,893,50,0.8,0.7,0.15,0.1,1,1,2,40,"post_fragmentation","chessboard",62,774,16,24,42,6,623,2
39,893,50,0.8,0.7,0.15,0.1,1,1,2,40,"post_fragmentation","chessboard",62,774,16,24,42,6,639,1
39,893,50,0.8,0.7,0.15,0.1,1,1,2,40,"post_fragmentation","chessboard",62,774,16,24,42,6,643,8
39,893,50,0.8,0.7,0.15,0.1,1,1,2,40,"post_fragmentation","chessboard",62,774,16,24,42,6,653,1
39,893,50,0.8,0.7,0.15,0.1,1,1,2,40,"post_fragmentation","chessboard",62,774,16,24,42,6,654,1
39,893,50,0.8,0.7,0.15,0.1,1,1,2,40,"post_fragmentation","chessboard",62,774,16,24,42,6,657,2
39,893,50,0.8,0.7,0.15,0.1,1,1,2,40,"post_fragmentation","chessboard",62,774,16,24,42,6,659,1
39,893,50,0.8,0.7,0.15,0.1,1,1,2,40,"post_fragmentation","chessboard",62,774,16,24,42,6,665,2
39,893,50,0.8,0.7,0.15,0.1,1,1,2,40,"post_fragmentation","chessboard",62,774,16,24,42,6,676,1
39,893,50,0.8,0.7,0.15,0.1,1,1,2,40,"post_fragmentation","chessboard",62,774,16,24,42,6,682,2
39,893,50,0.8,0.7,0.15,0.1,1,1,2,40,"post_fragmentation","chessboard",62,774,16,24,42,6,684,1
39,893,50,0.8,0.7,0.15,0.1,1,1,2,40,"post_fragmentation","chessboard",62,774,16,24,42,6,687,2
39,893,50,0.8,0.7,0.15,0.1,1,1,2,40,"post_fragmentation","chessboard",62,774,16,24,42,6,692,1
39,893,50,0.8,0.7,0.15,0.1,1,1,2,40,"post_fragmentation","chessboard",62,774,16,24,42,6,696,1
39,893,50,0.8,0.7,0.15,0.1,1,1,2,40,"post_fragmentation","chessboard",62,774,16,24,42,6,703,2
39,893,50,0.8,0.7,0.15,0.1,1,1,2,40,"post_fragmentation","chessboard",62,774,16,24,42,6,706,2
39,893,50,0.8,0.7,0.15,0.1,1,1,2,40,"post_fragmentation","chessboard",62,774,16,24,42,6,717,1
39,893,50,0.8,0.7,0.15,0.1,1,1,2,40,"post_fragmentation","chessboard",62,774,16,24,42,6,727,4
39,893,50,0.8,0.7,0.15,0.1,1,1,2,40,"post_fragmentation","chessboard",62,774,16,24,42,6,774,1
39,893,50,0.8,0.7,0.15,0.1,1,1,2,40,"post_fragmentation","chessboard",62,774,16,24,42,6,780,1
39,893,50,0.8,0.7,0.15,0.1,1,1,2,40,"post_fragmentation","chessboard",63,827,17,27,49,4,514,1
39,893,50,0.8,0.7,0.15,0.1,1,1,2,40,"post_fragmentation","chessboard",63,827,17,27,49,4,545,1
39,893,50,0.8,0.7,0.15,0.1,1,1,2,40,"post_fragmentation","chessboard",63,827,17,27,49,4,587,1
39,893,50,0.8,0.7,0.15,0.1,1,1,2,40,"post_fragmentation","chessboard",63,827,17,27,49,4,607,2
39,893,50,0.8,0.7,0.15,0.1,1,1,2,40,"post_fragmentation","chessboard",63,827,17,27,49,4,610,5
39,893,50,0.8,0.7,0.15,0.1,1,1,2,40,"post_fragmentation","chessboard",63,827,17,27,49,4,611,1
39,893,50,0.8,0.7,0.15,0.1,1,1,2,40,"post_fragmentation","chessboard",63,827,17,27,49,4,614,1
39,893,50,0.8,0.7,0.15,0.1,1,1,2,40,"post_fragmentation","chessboard",63,827,17,27,49,4,617,1
39,893,50,0.8,0.7,0.15,0.1,1,1,2,40,"post_fragmentation","chessboard",63,827,17,27,49,4,619,1
39,893,50,0.8,0.7,0.15,0.1,1,1,2,40,"post_fragmentation","chessboard",63,827,17,27,49,4,623,1
39,893,50,0.8,0.7,0.15,0.1,1,1,2,40,"post_fragmentation","chessboard",63,827,17,27,49,4,625,1
39,893,50,0.8,0.7,0.15,0.1,1,1,2,40,"post_fragmentation","chessboard",63,827,17,27,49,4,639,4
39,893,50,0.8,0.7,0.15,0.1,1,1,2,40,"post_fragmentation","chessboard",63,827,17,27,49,4,647,1
39,893,50,0.8,0.7,0.15,0.1,1,1,2,40,"post_fragmentation","chessboard",63,827,17,27,49,4,653,2
39,893,50,0.8,0.7,0.15,0.1,1,1,2,40,"post_fragmentation","chessboard",63,827,17,27,49,4,657,2
39,893,50,0.8,0.7,0.15,0.1,1,1,2,40,"post_fragmentation","chessboard",63,827,17,27,49,4,659,2
39,893,50,0.8,0.7,0.15,0.1,1,1,2,40,"post_fragmentation","chessboard",63,827,17,27,49,4,677,1
39,893,50,0.8,0.7,0.15,0.1,1,1,2,40,"post_fragmentation","chessboard",63,827,17,27,49,4,682,3
39,893,50,0.8,0.7,0.15,0.1,1,1,2,40,"post_fragmentation","chessboard",63,827,17,27,49,4,684,1
39,893,50,0.8,0.7,0.15,0.1,1,1,2,40,"post_fragmentation","chessboard",63,827,17,27,49,4,687,2
39,893,50,0.8,0.7,0.15,0.1,1,1,2,40,"post_fragmentation","chessboard",63,827,17,27,49,4,692,1
39,893,50,0.8,0.7,0.15,0.1,1,1,2,40,"post_fragmentation","chessboard",63,827,17,27,49,4,727,1
39,893,50,0.8,0.7,0.15,0.1,1,1,2,40,"post_fragmentation","chessboard",63,827,17,27,49,4,750,1
39,893,50,0.8,0.7,0.15,0.1,1,1,2,40,"post_fragmentation","chessboard",64,839,17,39,51,2,589,1
39,893,50,0.8,0.7,0.15,0.1,1,1,2,40,"post_fragmentation","chessboard",64,839,17,39,51,2,628,1
39,893,50,0.8,0.7,0.15,0.1,1,1,2,40,"post_fragmentation","chessboard",64,839,17,39,51,2,633,1
39,893,50,0.8,0.7,0.15,0.1,1,1,2,40,"post_fragmentation","chessboard",64,839,17,39,51,2,645,1
39,893,50,0.8,0.7,0.15,0.1,1,1,2,40,"post_fragmentation","chessboard",64,839,17,39,51,2,657,1
39,893,50,0.8,0.7,0.15,0.1,1,1,2,40,"post_fragmentation","chessboard",64,839,17,39,51,2,666,3
39,893,50,0.8,0.7,0.15,0.1,1,1,2,40,"post_fragmentation","chessboard",64,839,17,39,51,2,682,1
39,893,50,0.8,0.7,0.15,0.1,1,1,2,40,"post_fragmentation","chessboard",64,839,17,39,51,2,684,1
39,893,50,0.8,0.7,0.15,0.1,1,1,2,40,"post_fragmentation","chessboard",64,839,17,39,51,2,686,5
39,893,50,0.8,0.7,0.15,0.1,1,1,2,40,"post_fragmentation","chessboard",64,839,17,39,51,2,689,2
39,893,50,0.8,0.7,0.15,0.1,1,1,2,40,"post_fragmentation","chessboard",64,839,17,39,51,2,697,2
39,893,50,0.8,0.7,0.15,0.1,1,1,2,40,"post_fragmentation","chessboard",64,839,17,39,51,2,701,1
39,893,50,0.8,0.7,0.15,0.1,1,1,2,40,"post_fragmentation","chessboard",64,839,17,39,51,2,705,4
39,893,50,0.8,0.7,0.15,0.1,1,1,2,40,"post_fragmentation","chessboard",64,839,17,39,51,2,710,1
39,893,50,0.8,0.7,0.15,0.1,1,1,2,40,"post_fragmentation","chessboard",64,839,17,39,51,2,713,2
39,893,50,0.8,0.7,0.15,0.1,1,1,2,40,"post_fragmentation","chessboard",64,839,17,39,51,2,715,1
39,893,50,0.8,0.7,0.15,0.1,1,1,2,40,"post_fragmentation","chessboard",64,839,17,39,51,2,721,1
39,893,50,0.8,0.7,0.15,0.1,1,1,2,40,"post_fragmentation","chessboard",64,839,17,39,51,2,722,2
39,893,50,0.8,0.7,0.15,0.1,1,1,2,40,"post_fragmentation","chessboard",64,839,17,39,51,2,724,2
39,893,50,0.8,0.7,0.15,0.1,1,1,2,40,"post_fragmentation","chessboard",64,839,17,39,51,2,734,1
39,893,50,0.8,0.7,0.15,0.1,1,1,2,40,"post_fragmentation","chessboard",64,839,17,39,51,2,739,1
39,893,50,0.8,0.7,0.15,0.1,1,1,2,40,"post_fragmentation","chessboard",64,839,17,39,51,2,743,1
39,893,50,0.8,0.7,0.15,0.1,1,1,2,40,"post_fragmentation","chessboard",64,839,17,39,51,2,748,1
39,893,50,0.8,0.7,0.15,0.1,1,1,2,40,"post_fragmentation","chessboard",64,839,17,39,51,2,757,1
39,893,50,0.8,0.7,0.15,0.1,1,1,2,40,"post_fragmentation","chessboard",64,839,17,39,51,2,774,1
39,893,50,0.8,0.7,0.15,0.1,1,1,2,40,"post_fragmentation","chessboard",64,839,17,39,51,2,776,1
39,893,50,0.8,0.7,0.15,0.1,1,1,2,40,"post_fragmentation","chessboard",64,839,17,39,51,2,783,1
39,893,50,0.8,0.7,0.15,0.1,1,1,2,40,"post_fragmentation","chessboard",64,839,17,39,51,2,825,1
39,893,50,0.8,0.7,0.15,0.1,1,1,2,40,"post_fragmentation","chessboard",65,868,18,18,52,1,567,1
39,893,50,0.8,0.7,0.15,0.1,1,1,2,40,"post_fragmentation","chessboard",65,868,18,18,52,1,652,1
39,893,50,0.8,0.7,0.15,0.1,1,1,2,40,"post_fragmentation","chessboard",65,868,18,18,52,1,657,1
39,893,50,0.8,0.7,0.15,0.1,1,1,2,40,"post_fragmentation","chessboard",65,868,18,18,52,1,673,1
39,893,50,0.8,0.7,0.15,0.1,1,1,2,40,"post_fragmentation","chessboard",65,868,18,18,52,1,675,2
39,893,50,0.8,0.7,0.15,0.1,1,1,2,40,"post_fragmentation","chessboard",65,868,18,18,52,1,684,1
39,893,50,0.8,0.7,0.15,0.1,1,1,2,40,"post_fragmentation","chessboard",65,868,18,18,52,1,692,1
39,893,50,0.8,0.7,0.15,0.1,1,1,2,40,"post_fragmentation","chessboard",65,868,18,18,52,1,702,1
39,893,50,0.8,0.7,0.15,0.1,1,1,2,40,"post_fragmentation","chessboard",65,868,18,18,52,1,703,2
39,893,50,0.8,0.7,0.15,0.1,1,1,2,40,"post_fragmentation","chessboard",65,868,18,18,52,1,717,1
39,893,50,0.8,0.7,0.15,0.1,1,1,2,40,"post_fragmentation","chessboard",65,868,18,18,52,1,726,2
39,893,50,0.8,0.7,0.15,0.1,1,1,2,40,"post_fragmentation","chessboard",65,868,18,18,52,1,727,1
39,893,50,0.8,0.7,0.15,0.1,1,1,2,40,"post_fragmentation","chessboard",65,868,18,18,52,1,747,2
39,893,50,0.8,0.7,0.15,0.1,1,1,2,40,"post_fragmentation","chessboard",65,868,18,18,52,1,750,4
39,893,50,0.8,0.7,0.15,0.1,1,1,2,40,"post_fragmentation","chessboard",65,868,18,18,52,1,759,7
39,893,50,0.8,0.7,0.15,0.1,1,1,2,40,"post_fragmentation","chessboard",65,868,18,18,52,1,769,3
39,893,50,0.8,0.7,0.15,0.1,1,1,2,40,"post_fragmentation","chessboard",65,868,18,18,52,1,774,3
39,893,50,0.8,0.7,0.15,0.1,1,1,2,40,"post_fragmentation","chessboard",65,868,18,18,52,1,796,1
39,893,50,0.8,0.7,0.15,0.1,1,1,2,40,"post_fragmentation","chessboard",65,868,18,18,52,1,806,1
39,893,50,0.8,0.7,0.15,0.1,1,1,2,40,"post_fragmentation","chessboard",65,868,18,18,52,1,820,1
39,893,50,0.8,0.7,0.15,0.1,1,1,2,40,"post_fragmentation","chessboard",65,868,18,18,52,1,828,1
39,893,50,0.8,0.7,0.15,0.1,1,1,2,40,"post_fragmentation","chessboard",65,868,18,18,52,1,832,1
39,893,50,0.8,0.7,0.15,0.1,1,1,2,40,"post_fragmentation","chessboard",65,868,18,18,52,1,870,1
39,893,50,0.8,0.7,0.15,0.1,1,1,2,40,"post_fragmentation","chessboard",66,901,19,1,54,1,731,1
39,893,50,0.8,0.7,0.15,0.1,1,1,2,40,"post_fragmentation","chessboard",66,901,19,1,54,1,825,1
39,893,50,0.8,0.7,0.15,0.1,1,1,2,40,"post_fragmentation","chessboard",66,901,19,1,54,1,841,3
39,893,50,0.8,0.7,0.15,0.1,1,1,2,40,"post_fragmentation","chessboard",66,901,19,1,54,1,861,1
39,893,50,0.8,0.7,0.15,0.1,1,1,2,40,"post_fragmentation","chessboard",66,901,19,1,54,1,884,1
39,893,50,0.8,0.7,0.15,0.1,1,1,2,40,"post_fragmentation","chessboard",66,901,19,1,54,1,885,1
39,893,50,0.8,0.7,0.15,0.1,1,1,2,40,"post_fragmentation","chessboard",66,901,19,1,54,1,890,1
39,893,50,0.8,0.7,0.15,0.1,1,1,2,40,"post_fragmentation","chessboard",66,901,19,1,54,1,898,1
39,893,50,0.8,0.7,0.15,0.1,1,1,2,40,"post_fragmentation","chessboard",66,901,19,1,54,1,904,1
39,893,50,0.8,0.7,0.15,0.1,1,1,2,40,"post_fragmentation","chessboard",66,901,19,1,54,1,908,1
39,893,50,0.8,0.7,0.15,0.1,1,1,2,40,"post_fragmentation","chessboard",66,901,19,1,54,1,910,1
39,893,50,0.8,0.7,0.15,0.1,1,1,2,40,"post_fragmentation","chessboard",66,901,19,1,54,1,920,1
39,893,50,0.8,0.7,0.15,0.1,1,1,2,40,"post_fragmentation","chessboard",66,901,19,1,54,1,923,1
39,893,50,0.8,0.7,0.15,0.1,1,1,2,40,"post_fragmentation","chessboard",66,901,19,1,54,1,928,1
39,893,50,0.8,0.7,0.15,0.1,1,1,2,40,"post_fragmentation","chessboard",66,901,19,1,54,1,936,3
39,893,50,0.8,0.7,0.15,0.1,1,1,2,40,"post_fragmentation","chessboard",66,901,19,1,54,1,939,1
39,893,50,0.8,0.7,0.15,0.1,1,1,2,40,"post_fragmentation","chessboard",66,901,19,1,54,1,948,1
39,893,50,0.8,0.7,0.15,0.1,1,1,2,40,"post_fragmentation","chessboard",66,901,19,1,54,1,950,1
39,893,50,0.8,0.7,0.15,0.1,1,1,2,40,"post_fragmentation","chessboard",66,901,19,1,54,1,958,1
39,893,50,0.8,0.7,0.15,0.1,1,1,2,40,"post_fragmentation","chessboard",66,901,19,1,54,1,961,2
39,893,50,0.8,0.7,0.15,0.1,1,1,2,40,"post_fragmentation","chessboard",66,901,19,1,54,1,963,1
39,893,50,0.8,0.7,0.15,0.1,1,1,2,40,"post_fragmentation","chessboard",66,901,19,1,54,1,965,3
39,893,50,0.8,0.7,0.15,0.1,1,1,2,40,"post_fragmentation","chessboard",66,901,19,1,54,1,969,1
39,893,50,0.8,0.7,0.15,0.1,1,1,2,40,"post_fragmentation","chessboard",66,901,19,1,54,1,972,1
39,893,50,0.8,0.7,0.15,0.1,1,1,2,40,"post_fragmentation","chessboard",66,901,19,1,54,1,976,1
39,893,50,0.8,0.7,0.15,0.1,1,1,2,40,"post_fragmentation","chessboard",66,901,19,1,54,1,980,1
39,893,50,0.8,0.7,0.15,0.1,1,1,2,40,"post_fragmentation","chessboard",66,901,19,1,54,1,985,3
39,893,50,0.8,0.7,0.15,0.1,1,1,2,40,"post_fragmentation","chessboard",66,901,19,1,54,1,988,1
39,893,50,0.8,0.7,0.15,0.1,1,1,2,40,"post_fragmentation","chessboard",67,903,19,3,55,1,750,1
39,893,50,0.8,0.7,0.15,0.1,1,1,2,40,"post_fragmentation","chessboard",67,903,19,3,55,1,854,1
39,893,50,0.8,0.7,0.15,0.1,1,1,2,40,"post_fragmentation","chessboard",67,903,19,3,55,1,866,1
39,893,50,0.8,0.7,0.15,0.1,1,1,2,40,"post_fragmentation","chessboard",67,903,19,3,55,1,872,2
39,893,50,0.8,0.7,0.15,0.1,1,1,2,40,"post_fragmentation","chessboard",67,903,19,3,55,1,880,1
39,893,50,0.8,0.7,0.15,0.1,1,1,2,40,"post_fragmentation","chessboard",67,903,19,3,55,1,890,2
39,893,50,0.8,0.7,0.15,0.1,1,1,2,40,"post_fragmentation","chessboard",67,903,19,3,55,1,891,1
39,893,50,0.8,0.7,0.15,0.1,1,1,2,40,"post_fragmentation","chessboard",67,903,19,3,55,1,893,5
39,893,50,0.8,0.7,0.15,0.1,1,1,2,40,"post_fragmentation","chessboard",67,903,19,3,55,1,894,1
39,893,50,0.8,0.7,0.15,0.1,1,1,2,40,"post_fragmentation","chessboard",67,903,19,3,55,1,899,1
39,893,50,0.8,0.7,0.15,0.1,1,1,2,40,"post_fragmentation","chessboard",67,903,19,3,55,1,903,1
39,893,50,0.8,0.7,0.15,0.1,1,1,2,40,"post_fragmentation","chessboard",67,903,19,3,55,1,914,2
39,893,50,0.8,0.7,0.15,0.1,1,1,2,40,"post_fragmentation","chessboard",67,903,19,3,55,1,915,1
39,893,50,0.8,0.7,0.15,0.1,1,1,2,40,"post_fragmentation","chessboard",67,903,19,3,55,1,926,1
39,893,50,0.8,0.7,0.15,0.1,1,1,2,40,"post_fragmentation","chessboard",67,903,19,3,55,1,933,1
39,893,50,0.8,0.7,0.15,0.1,1,1,2,40,"post_fragmentation","chessboard",67,903,19,3,55,1,938,3
39,893,50,0.8,0.7,0.15,0.1,1,1,2,40,"post_fragmentation","chessboard",67,903,19,3,55,1,939,2
39,893,50,0.8,0.7,0.15,0.1,1,1,2,40,"post_fragmentation","chessboard",67,903,19,3,55,1,944,2
39,893,50,0.8,0.7,0.15,0.1,1,1,2,40,"post_fragmentation","chessboard",67,903,19,3,55,1,949,1
39,893,50,0.8,0.7,0.15,0.1,1,1,2,40,"post_fragmentation","chessboard",67,903,19,3,55,1,952,1
39,893,50,0.8,0.7,0.15,0.1,1,1,2,40,"post_fragmentation","chessboard",67,903,19,3,55,1,956,1
39,893,50,0.8,0.7,0.15,0.1,1,1,2,40,"post_fragmentation","chessboard",67,903,19,3,55,1,961,1
39,893,50,0.8,0.7,0.15,0.1,1,1,2,40,"post_fragmentation","chessboard",67,903,19,3,55,1,963,1
39,893,50,0.8,0.7,0.15,0.1,1,1,2,40,"post_fragmentation","chessboard",67,903,19,3,55,1,968,1
39,893,50,0.8,0.7,0.15,0.1,1,1,2,40,"post_fragmentation","chessboard",67,903,19,3,55,1,976,1
39,893,50,0.8,0.7,0.15,0.1,1,1,2,40,"post_fragmentation","chessboard",67,903,19,3,55,1,978,1
39,893,50,0.8,0.7,0.15,0.1,1,1,2,40,"post_fragmentation","chessboard",67,903,19,3,55,1,979,1
39,893,50,0.8,0.7,0.15,0.1,1,1,2,40,"post_fragmentation","chessboard",67,903,19,3,55,1,997,1
39,893,50,0.8,0.7,0.15,0.1,1,1,2,40,"post_fragmentation","chessboard",68,907,19,7,56,3,830,1
39,893,50,0.8,0.7,0.15,0.1,1,1,2,40,"post_fragmentation","chessboard",68,907,19,7,56,3,873,1
39,893,50,0.8,0.7,0.15,0.1,1,1,2,40,"post_fragmentation","chessboard",68,907,19,7,56,3,875,1
39,893,50,0.8,0.7,0.15,0.1,1,1,2,40,"post_fragmentation","chessboard",68,907,19,7,56,3,880,2
39,893,50,0.8,0.7,0.15,0.1,1,1,2,40,"post_fragmentation","chessboard",68,907,19,7,56,3,884,1
39,893,50,0.8,0.7,0.15,0.1,1,1,2,40,"post_fragmentation","chessboard",68,907,19,7,56,3,891,1
39,893,50,0.8,0.7,0.15,0.1,1,1,2,40,"post_fragmentation","chessboard",68,907,19,7,56,3,893,1
39,893,50,0.8,0.7,0.15,0.1,1,1,2,40,"post_fragmentation","chessboard",68,907,19,7,56,3,894,1
39,893,50,0.8,0.7,0.15,0.1,1,1,2,40,"post_fragmentation","chessboard",68,907,19,7,56,3,913,2
39,893,50,0.8,0.7,0.15,0.1,1,1,2,40,"post_fragmentation","chessboard",68,907,19,7,56,3,916,1
39,893,50,0.8,0.7,0.15,0.1,1,1,2,40,"post_fragmentation","chessboard",68,907,19,7,56,3,924,1
39,893,50,0.8,0.7,0.15,0.1,1,1,2,40,"post_fragmentation","chessboard",68,907,19,7,56,3,933,1
39,893,50,0.8,0.7,0.15,0.1,1,1,2,40,"post_fragmentation","chessboard",68,907,19,7,56,3,934,3
39,893,50,0.8,0.7,0.15,0.1,1,1,2,40,"post_fragmentation","chessboard",68,907,19,7,56,3,936,1
39,893,50,0.8,0.7,0.15,0.1,1,1,2,40,"post_fragmentation","chessboard",68,907,19,7,56,3,937,1
39,893,50,0.8,0.7,0.15,0.1,1,1,2,40,"post_fragmentation","chessboard",68,907,19,7,56,3,938,1
39,893,50,0.8,0.7,0.15,0.1,1,1,2,40,"post_fragmentation","chessboard",68,907,19,7,56,3,939,1
39,893,50,0.8,0.7,0.15,0.1,1,1,2,40,"post_fragmentation","chessboard",68,907,19,7,56,3,940,1
39,893,50,0.8,0.7,0.15,0.1,1,1,2,40,"post_fragmentation","chessboard",68,907,19,7,56,3,941,2
39,893,50,0.8,0.7,0.15,0.1,1,1,2,40,"post_fragmentation","chessboard",68,907,19,7,56,3,949,1
39,893,50,0.8,0.7,0.15,0.1,1,1,2,40,"post_fragmentation","chessboard",68,907,19,7,56,3,950,2
39,893,50,0.8,0.7,0.15,0.1,1,1,2,40,"post_fragmentation","chessboard",68,907,19,7,56,3,954,3
39,893,50,0.8,0.7,0.15,0.1,1,1,2,40,"post_fragmentation","chessboard",68,907,19,7,56,3,959,1
39,893,50,0.8,0.7,0.15,0.1,1,1,2,40,"post_fragmentation","chessboard",68,907,19,7,56,3,961,2
39,893,50,0.8,0.7,0.15,0.1,1,1,2,40,"post_fragmentation","chessboard",68,907,19,7,56,3,966,1
39,893,50,0.8,0.7,0.15,0.1,1,1,2,40,"post_fragmentation","chessboard",68,907,19,7,56,3,970,1
39,893,50,0.8,0.7,0.15,0.1,1,1,2,40,"post_fragmentation","chessboard",68,907,19,7,56,3,987,2
39,893,50,0.8,0.7,0.15,0.1,1,1,2,40,"post_fragmentation","chessboard",68,907,19,7,56,3,998,1
39,893,50,0.8,0.7,0.15,0.1,1,1,2,40,"post_fragmentation","chessboard",69,911,19,11,57,1,831,1
39,893,50,0.8,0.7,0.15,0.1,1,1,2,40,"post_fragmentation","chessboard",69,911,19,11,57,1,875,1
39,893,50,0.8,0.7,0.15,0.1,1,1,2,40,"post_fragmentation","chessboard",69,911,19,11,57,1,876,1
39,893,50,0.8,0.7,0.15,0.1,1,1,2,40,"post_fragmentation","chessboard",69,911,19,11,57,1,880,1
39,893,50,0.8,0.7,0.15,0.1,1,1,2,40,"post_fragmentation","chessboard",69,911,19,11,57,1,885,1
39,893,50,0.8,0.7,0.15,0.1,1,1,2,40,"post_fragmentation","chessboard",69,911,19,11,57,1,894,1
39,893,50,0.8,0.7,0.15,0.1,1,1,2,40,"post_fragmentation","chessboard",69,911,19,11,57,1,904,1
39,893,50,0.8,0.7,0.15,0.1,1,1,2,40,"post_fragmentation","chessboard",69,911,19,11,57,1,908,1
39,893,50,0.8,0.7,0.15,0.1,1,1,2,40,"post_fragmentation","chessboard",69,911,19,11,57,1,913,1
39,893,50,0.8,0.7,0.15,0.1,1,1,2,40,"post_fragmentation","chessboard",69,911,19,11,57,1,917,4
39,893,50,0.8,0.7,0.15,0.1,1,1,2,40,"post_fragmentation","chessboard",69,911,19,11,57,1,920,1
39,893,50,0.8,0.7,0.15,0.1,1,1,2,40,"post_fragmentation","chessboard",69,911,19,11,57,1,922,1
39,893,50,0.8,0.7,0.15,0.1,1,1,2,40,"post_fragmentation","chessboard",69,911,19,11,57,1,929,1
39,893,50,0.8,0.7,0.15,0.1,1,1,2,40,"post_fragmentation","chessboard",69,911,19,11,57,1,933,1
39,893,50,0.8,0.7,0.15,0.1,1,1,2,40,"post_fragmentation","chessboard",69,911,19,11,57,1,934,3
39,893,50,0.8,0.7,0.15,0.1,1,1,2,40,"post_fragmentation","chessboard",69,911,19,11,57,1,938,1
39,893,50,0.8,0.7,0.15,0.1,1,1,2,40,"post_fragmentation","chessboard",69,911,19,11,57,1,940,1
39,893,50,0.8,0.7,0.15,0.1,1,1,2,40,"post_fragmentation","chessboard",69,911,19,11,57,1,941,4
39,893,50,0.8,0.7,0.15,0.1,1,1,2,40,"post_fragmentation","chessboard",69,911,19,11,57,1,946,2
39,893,50,0.8,0.7,0.15,0.1,1,1,2,40,"post_fragmentation","chessboard",69,911,19,11,57,1,952,2
39,893,50,0.8,0.7,0.15,0.1,1,1,2,40,"post_fragmentation","chessboard",69,911,19,11,57,1,957,4
39,893,50,0.8,0.7,0.15,0.1,1,1,2,40,"post_fragmentation","chessboard",69,911,19,11,57,1,961,1
39,893,50,0.8,0.7,0.15,0.1,1,1,2,40,"post_fragmentation","chessboard",69,911,19,11,57,1,965,1
39,893,50,0.8,0.7,0.15,0.1,1,1,2,40,"post_fragmentation","chessboard",69,911,19,11,57,1,968,1
39,893,50,0.8,0.7,0.15,0.1,1,1,2,40,"post_fragmentation","chessboard",69,911,19,11,57,1,978,2
39,893,50,0.8,0.7,0.15,0.1,1,1,2,40,"post_fragmentation","chessboard",69,911,19,11,57,1,979,1
39,893,50,0.8,0.7,0.15,0.1,1,1,2,40,"post_fragmentation","chessboard",69,911,19,11,57,1,993,1
39,893,50,0.8,0.7,0.15,0.1,1,1,2,40,"post_fragmentation","chessboard",69,911,19,11,57,1,996,1
39,893,50,0.8,0.7,0.15,0.1,1,1,2,40,"post_fragmentation","chessboard",69,911,19,11,57,1,997,1
39,893,50,0.8,0.7,0.15,0.1,1,1,2,40,"post_fragmentation","chessboard",70,919,19,19,59,1,706,1
39,893,50,0.8,0.7,0.15,0.1,1,1,2,40,"post_fragmentation","chessboard",70,919,19,19,59,1,707,1
39,893,50,0.8,0.7,0.15,0.1,1,1,2,40,"post_fragmentation","chessboard",70,919,19,19,59,1,710,1
39,893,50,0.8,0.7,0.15,0.1,1,1,2,40,"post_fragmentation","chessboard",70,919,19,19,59,1,714,1
39,893,50,0.8,0.7,0.15,0.1,1,1,2,40,"post_fragmentation","chessboard",70,919,19,19,59,1,715,1
39,893,50,0.8,0.7,0.15,0.1,1,1,2,40,"post_fragmentation","chessboard",70,919,19,19,59,1,727,1
39,893,50,0.8,0.7,0.15,0.1,1,1,2,40,"post_fragmentation","chessboard",70,919,19,19,59,1,732,1
39,893,50,0.8,0.7,0.15,0.1,1,1,2,40,"post_fragmentation","chessboard",70,919,19,19,59,1,747,1
39,893,50,0.8,0.7,0.15,0.1,1,1,2,40,"post_fragmentation","chessboard",70,919,19,19,59,1,750,1
39,893,50,0.8,0.7,0.15,0.1,1,1,2,40,"post_fragmentation","chessboard",70,919,19,19,59,1,755,2
39,893,50,0.8,0.7,0.15,0.1,1,1,2,40,"post_fragmentation","chessboard",70,919,19,19,59,1,759,4
39,893,50,0.8,0.7,0.15,0.1,1,1,2,40,"post_fragmentation","chessboard",70,919,19,19,59,1,774,5
39,893,50,0.8,0.7,0.15,0.1,1,1,2,40,"post_fragmentation","chessboard",70,919,19,19,59,1,780,3
39,893,50,0.8,0.7,0.15,0.1,1,1,2,40,"post_fragmentation","chessboard",70,919,19,19,59,1,782,1
39,893,50,0.8,0.7,0.15,0.1,1,1,2,40,"post_fragmentation","chessboard",70,919,19,19,59,1,784,2
39,893,50,0.8,0.7,0.15,0.1,1,1,2,40,"post_fragmentation","chessboard",70,919,19,19,59,1,819,2
39,893,50,0.8,0.7,0.15,0.1,1,1,2,40,"post_fragmentation","chessboard",70,919,19,19,59,1,820,1
39,893,50,0.8,0.7,0.15,0.1,1,1,2,40,"post_fragmentation","chessboard",70,919,19,19,59,1,828,4
39,893,50,0.8,0.7,0.15,0.1,1,1,2,40,"post_fragmentation","chessboard",70,919,19,19,59,1,829,1
39,893,50,0.8,0.7,0.15,0.1,1,1,2,40,"post_fragmentation","chessboard",70,919,19,19,59,1,831,1
39,893,50,0.8,0.7,0.15,0.1,1,1,2,40,"post_fragmentation","chessboard",70,919,19,19,59,1,905,1
39,893,50,0.8,0.7,0.15,0.1,1,1,2,40,"post_fragmentation","chessboard",70,919,19,19,59,1,934,1
39,893,50,0.8,0.7,0.15,0.1,1,1,2,40,"post_fragmentation","chessboard",71,954,20,4,62,2,803,1
39,893,50,0.8,0.7,0.15,0.1,1,1,2,40,"post_fragmentation","chessboard",71,954,20,4,62,2,864,1
39,893,50,0.8,0.7,0.15,0.1,1,1,2,40,"post_fragmentation","chessboard",71,954,20,4,62,2,872,1
39,893,50,0.8,0.7,0.15,0.1,1,1,2,40,"post_fragmentation","chessboard",71,954,20,4,62,2,878,2
39,893,50,0.8,0.7,0.15,0.1,1,1,2,40,"post_fragmentation","chessboard",71,954,20,4,62,2,881,2
39,893,50,0.8,0.7,0.15,0.1,1,1,2,40,"post_fragmentation","chessboard",71,954,20,4,62,2,884,1
39,893,50,0.8,0.7,0.15,0.1,1,1,2,40,"post_fragmentation","chessboard",71,954,20,4,62,2,885,1
39,893,50,0.8,0.7,0.15,0.1,1,1,2,40,"post_fragmentation","chessboard",71,954,20,4,62,2,891,4
39,893,50,0.8,0.7,0.15,0.1,1,1,2,40,"post_fragmentation","chessboard",71,954,20,4,62,2,893,1
39,893,50,0.8,0.7,0.15,0.1,1,1,2,40,"post_fragmentation","chessboard",71,954,20,4,62,2,901,1
39,893,50,0.8,0.7,0.15,0.1,1,1,2,40,"post_fragmentation","chessboard",71,954,20,4,62,2,903,2
39,893,50,0.8,0.7,0.15,0.1,1,1,2,40,"post_fragmentation","chessboard",71,954,20,4,62,2,910,2
39,893,50,0.8,0.7,0.15,0.1,1,1,2,40,"post_fragmentation","chessboard",71,954,20,4,62,2,920,1
39,893,50,0.8,0.7,0.15,0.1,1,1,2,40,"post_fragmentation","chessboard",71,954,20,4,62,2,923,2
39,893,50,0.8,0.7,0.15,0.1,1,1,2,40,"post_fragmentation","chessboard",71,954,20,4,62,2,929,1
39,893,50,0.8,0.7,0.15,0.1,1,1,2,40,"post_fragmentation","chessboard",71,954,20,4,62,2,939,2
39,893,50,0.8,0.7,0.15,0.1,1,1,2,40,"post_fragmentation","chessboard",71,954,20,4,62,2,942,1
39,893,50,0.8,0.7,0.15,0.1,1,1,2,40,"post_fragmentation","chessboard",71,954,20,4,62,2,948,1
39,893,50,0.8,0.7,0.15,0.1,1,1,2,40,"post_fragmentation","chessboard",71,954,20,4,62,2,954,1
39,893,50,0.8,0.7,0.15,0.1,1,1,2,40,"post_fragmentation","chessboard",71,954,20,4,62,2,958,1
39,893,50,0.8,0.7,0.15,0.1,1,1,2,40,"post_fragmentation","chessboard",71,954,20,4,62,2,961,1
39,893,50,0.8,0.7,0.15,0.1,1,1,2,40,"post_fragmentation","chessboard",71,954,20,4,62,2,963,1
39,893,50,0.8,0.7,0.15,0.1,1,1,2,40,"post_fragmentation","chessboard",71,954,20,4,62,2,964,1
39,893,50,0.8,0.7,0.15,0.1,1,1,2,40,"post_fragmentation","chessboard",71,954,20,4,62,2,965,2
39,893,50,0.8,0.7,0.15,0.1,1,1,2,40,"post_fragmentation","chessboard",71,954,20,4,62,2,969,2
39,893,50,0.8,0.7,0.15,0.1,1,1,2,40,"post_fragmentation","chessboard",71,954,20,4,62,2,977,1
39,893,50,0.8,0.7,0.15,0.1,1,1,2,40,"post_fragmentation","chessboard",71,954,20,4,62,2,998,1
39,893,50,0.8,0.7,0.15,0.1,1,1,2,40,"post_fragmentation","chessboard",72,962,20,12,63,2,790,1
39,893,50,0.8,0.7,0.15,0.1,1,1,2,40,"post_fragmentation","chessboard",72,962,20,12,63,2,819,1
39,893,50,0.8,0.7,0.15,0.1,1,1,2,40,"post_fragmentation","chessboard",72,962,20,12,63,2,824,1
39,893,50,0.8,0.7,0.15,0.1,1,1,2,40,"post_fragmentation","chessboard",72,962,20,12,63,2,873,1
39,893,50,0.8,0.7,0.15,0.1,1,1,2,40,"post_fragmentation","chessboard",72,962,20,12,63,2,875,1
39,893,50,0.8,0.7,0.15,0.1,1,1,2,40,"post_fragmentation","chessboard",72,962,20,12,63,2,879,1
39,893,50,0.8,0.7,0.15,0.1,1,1,2,40,"post_fragmentation","chessboard",72,962,20,12,63,2,881,1
39,893,50,0.8,0.7,0.15,0.1,1,1,2,40,"post_fragmentation","chessboard",72,962,20,12,63,2,884,1
39,893,50,0.8,0.7,0.15,0.1,1,1,2,40,"post_fragmentation","chessboard",72,962,20,12,63,2,894,1
39,893,50,0.8,0.7,0.15,0.1,1,1,2,40,"post_fragmentation","chessboard",72,962,20,12,63,2,905,1
39,893,50,0.8,0.7,0.15,0.1,1,1,2,40,"post_fragmentation","chessboard",72,962,20,12,63,2,906,1
39,893,50,0.8,0.7,0.15,0.1,1,1,2,40,"post_fragmentation","chessboard",72,962,20,12,63,2,908,1
39,893,50,0.8,0.7,0.15,0.1,1,1,2,40,"post_fragmentation","chessboard",72,962,20,12,63,2,915,3
39,893,50,0.8,0.7,0.15,0.1,1,1,2,40,"post_fragmentation","chessboard",72,962,20,12,63,2,916,1
39,893,50,0.8,0.7,0.15,0.1,1,1,2,40,"post_fragmentation","chessboard",72,962,20,12,63,2,918,1
39,893,50,0.8,0.7,0.15,0.1,1,1,2,40,"post_fragmentation","chessboard",72,962,20,12,63,2,928,1
39,893,50,0.8,0.7,0.15,0.1,1,1,2,40,"post_fragmentation","chessboard",72,962,20,12,63,2,934,2
39,893,50,0.8,0.7,0.15,0.1,1,1,2,40,"post_fragmentation","chessboard",72,962,20,12,63,2,942,2
39,893,50,0.8,0.7,0.15,0.1,1,1,2,40,"post_fragmentation","chessboard",72,962,20,12,63,2,944,1
39,893,50,0.8,0.7,0.15,0.1,1,1,2,40,"post_fragmentation","chessboard",72,962,20,12,63,2,946,1
39,893,50,0.8,0.7,0.15,0.1,1,1,2,40,"post_fragmentation","chessboard",72,962,20,12,63,2,957,1
39,893,50,0.8,0.7,0.15,0.1,1,1,2,40,"post_fragmentation","chessboard",72,962,20,12,63,2,961,1
39,893,50,0.8,0.7,0.15,0.1,1,1,2,40,"post_fragmentation","chessboard",72,962,20,12,63,2,963,1
39,893,50,0.8,0.7,0.15,0.1,1,1,2,40,"post_fragmentation","chessboard",72,962,20,12,63,2,964,1
39,893,50,0.8,0.7,0.15,0.1,1,1,2,40,"post_fragmentation","chessboard",72,962,20,12,63,2,968,1
39,893,50,0.8,0.7,0.15,0.1,1,1,2,40,"post_fragmentation","chessboard",72,962,20,12,63,2,970,1
39,893,50,0.8,0.7,0.15,0.1,1,1,2,40,"post_fragmentation","chessboard",72,962,20,12,63,2,974,1
39,893,50,0.8,0.7,0.15,0.1,1,1,2,40,"post_fragmentation","chessboard",72,962,20,12,63,2,990,1
39,893,50,0.8,0.7,0.15,0.1,1,1,2,40,"post_fragmentation","chessboard",72,962,20,12,63,2,993,3
39,893,50,0.8,0.7,0.15,0.1,1,1,2,40,"post_fragmentation","chessboard",72,962,20,12,63,2,996,1
39,893,50,0.8,0.7,0.15,0.1,1,1,2,40,"post_fragmentation","chessboard",72,962,20,12,63,2,997,1
39,893,50,0.8,0.7,0.15,0.1,1,1,2,40,"post_fragmentation","chessboard",73,994,20,44,65,1,678,1
39,893,50,0.8,0.7,0.15,0.1,1,1,2,40,"post_fragmentation","chessboard",73,994,20,44,65,1,716,1
39,893,50,0.8,0.7,0.15,0.1,1,1,2,40,"post_fragmentation","chessboard",73,994,20,44,65,1,731,1
39,893,50,0.8,0.7,0.15,0.1,1,1,2,40,"post_fragmentation","chessboard",73,994,20,44,65,1,748,1
39,893,50,0.8,0.7,0.15,0.1,1,1,2,40,"post_fragmentation","chessboard",73,994,20,44,65,1,759,2
39,893,50,0.8,0.7,0.15,0.1,1,1,2,40,"post_fragmentation","chessboard",73,994,20,44,65,1,760,1
39,893,50,0.8,0.7,0.15,0.1,1,1,2,40,"post_fragmentation","chessboard",73,994,20,44,65,1,765,1
39,893,50,0.8,0.7,0.15,0.1,1,1,2,40,"post_fragmentation","chessboard",73,994,20,44,65,1,782,1
39,893,50,0.8,0.7,0.15,0.1,1,1,2,40,"post_fragmentation","chessboard",73,994,20,44,65,1,786,2
39,893,50,0.8,0.7,0.15,0.1,1,1,2,40,"post_fragmentation","chessboard",73,994,20,44,65,1,803,1
39,893,50,0.8,0.7,0.15,0.1,1,1,2,40,"post_fragmentation","chessboard",73,994,20,44,65,1,804,1
39,893,50,0.8,0.7,0.15,0.1,1,1,2,40,"post_fragmentation","chessboard",73,994,20,44,65,1,805,1
39,893,50,0.8,0.7,0.15,0.1,1,1,2,40,"post_fragmentation","chessboard",73,994,20,44,65,1,806,5
39,893,50,0.8,0.7,0.15,0.1,1,1,2,40,"post_fragmentation","chessboard",73,994,20,44,65,1,811,4
39,893,50,0.8,0.7,0.15,0.1,1,1,2,40,"post_fragmentation","chessboard",73,994,20,44,65,1,818,1
39,893,50,0.8,0.7,0.15,0.1,1,1,2,40,"post_fragmentation","chessboard",73,994,20,44,65,1,822,1
39,893,50,0.8,0.7,0.15,0.1,1,1,2,40,"post_fragmentation","chessboard",73,994,20,44,65,1,830,1
39,893,50,0.8,0.7,0.15,0.1,1,1,2,40,"post_fragmentation","chessboard",73,994,20,44,65,1,844,1
39,893,50,0.8,0.7,0.15,0.1,1,1,2,40,"post_fragmentation","chessboard",73,994,20,44,65,1,849,1
39,893,50,0.8,0.7,0.15,0.1,1,1,2,40,"post_fragmentation","chessboard",73,994,20,44,65,1,861,2
39,893,50,0.8,0.7,0.15,0.1,1,1,2,40,"post_fragmentation","chessboard",73,994,20,44,65,1,862,3
39,893,50,0.8,0.7,0.15,0.1,1,1,2,40,"post_fragmentation","chessboard",73,994,20,44,65,1,864,1
39,893,50,0.8,0.7,0.15,0.1,1,1,2,40,"post_fragmentation","chessboard",73,994,20,44,65,1,875,2
39,893,50,0.8,0.7,0.15,0.1,1,1,2,40,"post_fragmentation","chessboard",73,994,20,44,65,1,911,1
39,893,50,0.8,0.7,0.15,0.1,1,1,2,40,"post_fragmentation","chessboard",73,994,20,44,65,1,925,1
39,893,50,0.8,0.7,0.15,0.1,1,1,2,40,"post_fragmentation","chessboard",73,994,20,44,65,1,933,1
39,893,50,0.8,0.7,0.15,0.1,1,1,2,40,"post_fragmentation","chessboard",73,994,20,44,65,1,936,1
39,893,50,0.8,0.7,0.15,0.1,1,1,2,40,"post_fragmentation","chessboard",74,1009,21,9,66,3,878,2
39,893,50,0.8,0.7,0.15,0.1,1,1,2,40,"post_fragmentation","chessboard",74,1009,21,9,66,3,884,3
39,893,50,0.8,0.7,0.15,0.1,1,1,2,40,"post_fragmentation","chessboard",74,1009,21,9,66,3,891,1
39,893,50,0.8,0.7,0.15,0.1,1,1,2,40,"post_fragmentation","chessboard",74,1009,21,9,66,3,899,1
39,893,50,0.8,0.7,0.15,0.1,1,1,2,40,"post_fragmentation","chessboard",74,1009,21,9,66,3,901,1
39,893,50,0.8,0.7,0.15,0.1,1,1,2,40,"post_fragmentation","chessboard",74,1009,21,9,66,3,904,1
39,893,50,0.8,0.7,0.15,0.1,1,1,2,40,"post_fragmentation","chessboard",74,1009,21,9,66,3,908,1
39,893,50,0.8,0.7,0.15,0.1,1,1,2,40,"post_fragmentation","chessboard",74,1009,21,9,66,3,918,3
39,893,50,0.8,0.7,0.15,0.1,1,1,2,40,"post_fragmentation","chessboard",74,1009,21,9,66,3,925,2
39,893,50,0.8,0.7,0.15,0.1,1,1,2,40,"post_fragmentation","chessboard",74,1009,21,9,66,3,929,1
39,893,50,0.8,0.7,0.15,0.1,1,1,2,40,"post_fragmentation","chessboard",74,1009,21,9,66,3,932,1
39,893,50,0.8,0.7,0.15,0.1,1,1,2,40,"post_fragmentation","chessboard",74,1009,21,9,66,3,934,3
39,893,50,0.8,0.7,0.15,0.1,1,1,2,40,"post_fragmentation","chessboard",74,1009,21,9,66,3,939,1
39,893,50,0.8,0.7,0.15,0.1,1,1,2,40,"post_fragmentation","chessboard",74,1009,21,9,66,3,941,1
39,893,50,0.8,0.7,0.15,0.1,1,1,2,40,"post_fragmentation","chessboard",74,1009,21,9,66,3,944,1
39,893,50,0.8,0.7,0.15,0.1,1,1,2,40,"post_fragmentation","chessboard",74,1009,21,9,66,3,956,1
39,893,50,0.8,0.7,0.15,0.1,1,1,2,40,"post_fragmentation","chessboard",74,1009,21,9,66,3,961,2
39,893,50,0.8,0.7,0.15,0.1,1,1,2,40,"post_fragmentation","chessboard",74,1009,21,9,66,3,965,2
39,893,50,0.8,0.7,0.15,0.1,1,1,2,40,"post_fragmentation","chessboard",74,1009,21,9,66,3,968,1
39,893,50,0.8,0.7,0.15,0.1,1,1,2,40,"post_fragmentation","chessboard",74,1009,21,9,66,3,973,1
39,893,50,0.8,0.7,0.15,0.1,1,1,2,40,"post_fragmentation","chessboard",74,1009,21,9,66,3,975,1
39,893,50,0.8,0.7,0.15,0.1,1,1,2,40,"post_fragmentation","chessboard",74,1009,21,9,66,3,979,1
39,893,50,0.8,0.7,0.15,0.1,1,1,2,40,"post_fragmentation","chessboard",74,1009,21,9,66,3,984,3
39,893,50,0.8,0.7,0.15,0.1,1,1,2,40,"post_fragmentation","chessboard",74,1009,21,9,66,3,988,1
39,893,50,0.8,0.7,0.15,0.1,1,1,2,40,"post_fragmentation","chessboard",74,1009,21,9,66,3,990,2
39,893,50,0.8,0.7,0.15,0.1,1,1,2,40,"post_fragmentation","chessboard",74,1009,21,9,66,3,1000,2
39,893,50,0.8,0.7,0.15,0.1,1,1,2,40,"post_fragmentation","chessboard",75,1047,21,47,67,22,768,1
39,893,50,0.8,0.7,0.15,0.1,1,1,2,40,"post_fragmentation","chessboard",75,1047,21,47,67,22,775,1
39,893,50,0.8,0.7,0.15,0.1,1,1,2,40,"post_fragmentation","chessboard",75,1047,21,47,67,22,783,1
39,893,50,0.8,0.7,0.15,0.1,1,1,2,40,"post_fragmentation","chessboard",75,1047,21,47,67,22,806,1
39,893,50,0.8,0.7,0.15,0.1,1,1,2,40,"post_fragmentation","chessboard",75,1047,21,47,67,22,815,1
39,893,50,0.8,0.7,0.15,0.1,1,1,2,40,"post_fragmentation","chessboard",75,1047,21,47,67,22,819,1
39,893,50,0.8,0.7,0.15,0.1,1,1,2,40,"post_fragmentation","chessboard",75,1047,21,47,67,22,830,3
39,893,50,0.8,0.7,0.15,0.1,1,1,2,40,"post_fragmentation","chessboard",75,1047,21,47,67,22,839,2
39,893,50,0.8,0.7,0.15,0.1,1,1,2,40,"post_fragmentation","chessboard",75,1047,21,47,67,22,848,1
39,893,50,0.8,0.7,0.15,0.1,1,1,2,40,"post_fragmentation","chessboard",75,1047,21,47,67,22,856,1
39,893,50,0.8,0.7,0.15,0.1,1,1,2,40,"post_fragmentation","chessboard",75,1047,21,47,67,22,866,2
39,893,50,0.8,0.7,0.15,0.1,1,1,2,40,"post_fragmentation","chessboard",75,1047,21,47,67,22,872,2
39,893,50,0.8,0.7,0.15,0.1,1,1,2,40,"post_fragmentation","chessboard",75,1047,21,47,67,22,876,1
39,893,50,0.8,0.7,0.15,0.1,1,1,2,40,"post_fragmentation","chessboard",75,1047,21,47,67,22,883,1
39,893,50,0.8,0.7,0.15,0.1,1,1,2,40,"post_fragmentation","chessboard",75,1047,21,47,67,22,884,2
39,893,50,0.8,0.7,0.15,0.1,1,1,2,40,"post_fragmentation","chessboard",75,1047,21,47,67,22,887,1
39,893,50,0.8,0.7,0.15,0.1,1,1,2,40,"post_fragmentation","chessboard",75,1047,21,47,67,22,891,1
39,893,50,0.8,0.7,0.15,0.1,1,1,2,40,"post_fragmentation","chessboard",75,1047,21,47,67,22,893,2
39,893,50,0.8,0.7,0.15,0.1,1,1,2,40,"post_fragmentation","chessboard",75,1047,21,47,67,22,910,1
39,893,50,0.8,0.7,0.15,0.1,1,1,2,40,"post_fragmentation","chessboard",75,1047,21,47,67,22,915,1
39,893,50,0.8,0.7,0.15,0.1,1,1,2,40,"post_fragmentation","chessboard",75,1047,21,47,67,22,936,1
39,893,50,0.8,0.7,0.15,0.1,1,1,2,40,"post_fragmentation","chessboard",75,1047,21,47,67,22,948,2
39,893,50,0.8,0.7,0.15,0.1,1,1,2,40,"post_fragmentation","chessboard",75,1047,21,47,67,22,957,1
39,893,50,0.8,0.7,0.15,0.1,1,1,2,40,"post_fragmentation","chessboard",75,1047,21,47,67,22,972,1
39,893,50,0.8,0.7,0.15,0.1,1,1,2,40,"post_fragmentation","chessboard",75,1047,21,47,67,22,977,1
39,893,50,0.8,0.7,0.15,0.1,1,1,2,40,"post_fragmentation","chessboard",75,1047,21,47,67,22,999,1
39,893,50,0.8,0.7,0.15,0.1,1,1,2,40,"post_fragmentation","chessboard",76,1054,22,4,68,2,846,1
39,893,50,0.8,0.7,0.15,0.1,1,1,2,40,"post_fragmentation","chessboard",76,1054,22,4,68,2,894,1
39,893,50,0.8,0.7,0.15,0.1,1,1,2,40,"post_fragmentation","chessboard",76,1054,22,4,68,2,910,3
39,893,50,0.8,0.7,0.15,0.1,1,1,2,40,"post_fragmentation","chessboard",76,1054,22,4,68,2,920,2
39,893,50,0.8,0.7,0.15,0.1,1,1,2,40,"post_fragmentation","chessboard",76,1054,22,4,68,2,931,1
39,893,50,0.8,0.7,0.15,0.1,1,1,2,40,"post_fragmentation","chessboard",76,1054,22,4,68,2,939,6
39,893,50,0.8,0.7,0.15,0.1,1,1,2,40,"post_fragmentation","chessboard",76,1054,22,4,68,2,940,3
39,893,50,0.8,0.7,0.15,0.1,1,1,2,40,"post_fragmentation","chessboard",76,1054,22,4,68,2,941,2
39,893,50,0.8,0.7,0.15,0.1,1,1,2,40,"post_fragmentation","chessboard",76,1054,22,4,68,2,951,1
39,893,50,0.8,0.7,0.15,0.1,1,1,2,40,"post_fragmentation","chessboard",76,1054,22,4,68,2,952,2
39,893,50,0.8,0.7,0.15,0.1,1,1,2,40,"post_fragmentation","chessboard",76,1054,22,4,68,2,957,3
39,893,50,0.8,0.7,0.15,0.1,1,1,2,40,"post_fragmentation","chessboard",76,1054,22,4,68,2,959,1
39,893,50,0.8,0.7,0.15,0.1,1,1,2,40,"post_fragmentation","chessboard",76,1054,22,4,68,2,961,4
39,893,50,0.8,0.7,0.15,0.1,1,1,2,40,"post_fragmentation","chessboard",76,1054,22,4,68,2,965,1
39,893,50,0.8,0.7,0.15,0.1,1,1,2,40,"post_fragmentation","chessboard",76,1054,22,4,68,2,973,2
39,893,50,0.8,0.7,0.15,0.1,1,1,2,40,"post_fragmentation","chessboard",76,1054,22,4,68,2,977,1
39,893,50,0.8,0.7,0.15,0.1,1,1,2,40,"post_fragmentation","chessboard",76,1054,22,4,68,2,979,2
39,893,50,0.8,0.7,0.15,0.1,1,1,2,40,"post_fragmentation","chessboard",76,1054,22,4,68,2,984,4
39,893,50,0.8,0.7,0.15,0.1,1,1,2,40,"post_fragmentation","chessboard",76,1054,22,4,68,2,992,1
39,893,50,0.8,0.7,0.15,0.1,1,1,2,40,"post_fragmentation","chessboard",76,1054,22,4,68,2,997,3
39,893,50,0.8,0.7,0.15,0.1,1,1,2,40,"post_fragmentation","chessboard",77,1060,22,10,66,3,881,1
39,893,50,0.8,0.7,0.15,0.1,1,1,2,40,"post_fragmentation","chessboard",77,1060,22,10,66,3,891,2
39,893,50,0.8,0.7,0.15,0.1,1,1,2,40,"post_fragmentation","chessboard",77,1060,22,10,66,3,894,1
39,893,50,0.8,0.7,0.15,0.1,1,1,2,40,"post_fragmentation","chessboard",77,1060,22,10,66,3,899,1
39,893,50,0.8,0.7,0.15,0.1,1,1,2,40,"post_fragmentation","chessboard",77,1060,22,10,66,3,906,1
39,893,50,0.8,0.7,0.15,0.1,1,1,2,40,"post_fragmentation","chessboard",77,1060,22,10,66,3,915,3
39,893,50,0.8,0.7,0.15,0.1,1,1,2,40,"post_fragmentation","chessboard",77,1060,22,10,66,3,917,1
39,893,50,0.8,0.7,0.15,0.1,1,1,2,40,"post_fragmentation","chessboard",77,1060,22,10,66,3,918,1
39,893,50,0.8,0.7,0.15,0.1,1,1,2,40,"post_fragmentation","chessboard",77,1060,22,10,66,3,926,1
39,893,50,0.8,0.7,0.15,0.1,1,1,2,40,"post_fragmentation","chessboard",77,1060,22,10,66,3,927,1
39,893,50,0.8,0.7,0.15,0.1,1,1,2,40,"post_fragmentation","chessboard",77,1060,22,10,66,3,929,3
39,893,50,0.8,0.7,0.15,0.1,1,1,2,40,"post_fragmentation","chessboard",77,1060,22,10,66,3,933,1
39,893,50,0.8,0.7,0.15,0.1,1,1,2,40,"post_fragmentation","chessboard",77,1060,22,10,66,3,938,1
39,893,50,0.8,0.7,0.15,0.1,1,1,2,40,"post_fragmentation","chessboard",77,1060,22,10,66,3,940,1
39,893,50,0.8,0.7,0.15,0.1,1,1,2,40,"post_fragmentation","chessboard",77,1060,22,10,66,3,941,1
39,893,50,0.8,0.7,0.15,0.1,1,1,2,40,"post_fragmentation","chessboard",77,1060,22,10,66,3,942,1
39,893,50,0.8,0.7,0.15,0.1,1,1,2,40,"post_fragmentation","chessboard",77,1060,22,10,66,3,946,1
39,893,50,0.8,0.7,0.15,0.1,1,1,2,40,"post_fragmentation","chessboard",77,1060,22,10,66,3,954,1
39,893,50,0.8,0.7,0.15,0.1,1,1,2,40,"post_fragmentation","chessboard",77,1060,22,10,66,3,959,1
39,893,50,0.8,0.7,0.15,0.1,1,1,2,40,"post_fragmentation","chessboard",77,1060,22,10,66,3,961,1
39,893,50,0.8,0.7,0.15,0.1,1,1,2,40,"post_fragmentation","chessboard",77,1060,22,10,66,3,968,1
39,893,50,0.8,0.7,0.15,0.1,1,1,2,40,"post_fragmentation","chessboard",77,1060,22,10,66,3,970,1
39,893,50,0.8,0.7,0.15,0.1,1,1,2,40,"post_fragmentation","chessboard",77,1060,22,10,66,3,979,8
39,893,50,0.8,0.7,0.15,0.1,1,1,2,40,"post_fragmentation","chessboard",77,1060,22,10,66,3,983,1
39,893,50,0.8,0.7,0.15,0.1,1,1,2,40,"post_fragmentation","chessboard",77,1060,22,10,66,3,984,1
39,893,50,0.8,0.7,0.15,0.1,1,1,2,40,"post_fragmentation","chessboard",77,1060,22,10,66,3,990,1
39,893,50,0.8,0.7,0.15,0.1,1,1,2,40,"post_fragmentation","chessboard",78,1074,22,24,70,2,471,1
39,893,50,0.8,0.7,0.15,0.1,1,1,2,40,"post_fragmentation","chessboard",78,1074,22,24,70,2,487,1
39,893,50,0.8,0.7,0.15,0.1,1,1,2,40,"post_fragmentation","chessboard",78,1074,22,24,70,2,497,1
39,893,50,0.8,0.7,0.15,0.1,1,1,2,40,"post_fragmentation","chessboard",78,1074,22,24,70,2,531,2
39,893,50,0.8,0.7,0.15,0.1,1,1,2,40,"post_fragmentation","chessboard",78,1074,22,24,70,2,537,1
39,893,50,0.8,0.7,0.15,0.1,1,1,2,40,"post_fragmentation","chessboard",78,1074,22,24,70,2,542,2
39,893,50,0.8,0.7,0.15,0.1,1,1,2,40,"post_fragmentation","chessboard",78,1074,22,24,70,2,565,2
39,893,50,0.8,0.7,0.15,0.1,1,1,2,40,"post_fragmentation","chessboard",78,1074,22,24,70,2,566,1
39,893,50,0.8,0.7,0.15,0.1,1,1,2,40,"post_fragmentation","chessboard",78,1074,22,24,70,2,581,1
39,893,50,0.8,0.7,0.15,0.1,1,1,2,40,"post_fragmentation","chessboard",78,1074,22,24,70,2,583,1
39,893,50,0.8,0.7,0.15,0.1,1,1,2,40,"post_fragmentation","chessboard",78,1074,22,24,70,2,584,2
39,893,50,0.8,0.7,0.15,0.1,1,1,2,40,"post_fragmentation","chessboard",78,1074,22,24,70,2,588,1
39,893,50,0.8,0.7,0.15,0.1,1,1,2,40,"post_fragmentation","chessboard",78,1074,22,24,70,2,590,1
39,893,50,0.8,0.7,0.15,0.1,1,1,2,40,"post_fragmentation","chessboard",78,1074,22,24,70,2,606,1
39,893,50,0.8,0.7,0.15,0.1,1,1,2,40,"post_fragmentation","chessboard",78,1074,22,24,70,2,608,1
39,893,50,0.8,0.7,0.15,0.1,1,1,2,40,"post_fragmentation","chessboard",78,1074,22,24,70,2,612,2
39,893,50,0.8,0.7,0.15,0.1,1,1,2,40,"post_fragmentation","chessboard",78,1074,22,24,70,2,619,1
39,893,50,0.8,0.7,0.15,0.1,1,1,2,40,"post_fragmentation","chessboard",78,1074,22,24,70,2,634,3
39,893,50,0.8,0.7,0.15,0.1,1,1,2,40,"post_fragmentation","chessboard",78,1074,22,24,70,2,635,1
39,893,50,0.8,0.7,0.15,0.1,1,1,2,40,"post_fragmentation","chessboard",78,1074,22,24,70,2,639,1
39,893,50,0.8,0.7,0.15,0.1,1,1,2,40,"post_fragmentation","chessboard",78,1074,22,24,70,2,643,3
39,893,50,0.8,0.7,0.15,0.1,1,1,2,40,"post_fragmentation","chessboard",78,1074,22,24,70,2,647,1
39,893,50,0.8,0.7,0.15,0.1,1,1,2,40,"post_fragmentation","chessboard",78,1074,22,24,70,2,661,1
39,893,50,0.8,0.7,0.15,0.1,1,1,2,40,"post_fragmentation","chessboard",78,1074,22,24,70,2,677,3
39,893,50,0.8,0.7,0.15,0.1,1,1,2,40,"post_fragmentation","chessboard",78,1074,22,24,70,2,687,1
39,893,50,0.8,0.7,0.15,0.1,1,1,2,40,"post_fragmentation","chessboard",78,1074,22,24,70,2,769,1
39,893,50,0.8,0.7,0.15,0.1,1,1,2,40,"post_fragmentation","chessboard",79,1101,23,1,67,22,856,1
39,893,50,0.8,0.7,0.15,0.1,1,1,2,40,"post_fragmentation","chessboard",79,1101,23,1,67,22,893,1
39,893,50,0.8,0.7,0.15,0.1,1,1,2,40,"post_fragmentation","chessboard",79,1101,23,1,67,22,899,1
39,893,50,0.8,0.7,0.15,0.1,1,1,2,40,"post_fragmentation","chessboard",79,1101,23,1,67,22,913,1
39,893,50,0.8,0.7,0.15,0.1,1,1,2,40,"post_fragmentation","chessboard",79,1101,23,1,67,22,920,1
39,893,50,0.8,0.7,0.15,0.1,1,1,2,40,"post_fragmentation","chessboard",79,1101,23,1,67,22,921,1
39,893,50,0.8,0.7,0.15,0.1,1,1,2,40,"post_fragmentation","chessboard",79,1101,23,1,67,22,922,1
39,893,50,0.8,0.7,0.15,0.1,1,1,2,40,"post_fragmentation","chessboard",79,1101,23,1,67,22,923,1
39,893,50,0.8,0.7,0.15,0.1,1,1,2,40,"post_fragmentation","chessboard",79,1101,23,1,67,22,931,1
39,893,50,0.8,0.7,0.15,0.1,1,1,2,40,"post_fragmentation","chessboard",79,1101,23,1,67,22,932,1
39,893,50,0.8,0.7,0.15,0.1,1,1,2,40,"post_fragmentation","chessboard",79,1101,23,1,67,22,935,1
39,893,50,0.8,0.7,0.15,0.1,1,1,2,40,"post_fragmentation","chessboard",79,1101,23,1,67,22,936,1
39,893,50,0.8,0.7,0.15,0.1,1,1,2,40,"post_fragmentation","chessboard",79,1101,23,1,67,22,937,1
39,893,50,0.8,0.7,0.15,0.1,1,1,2,40,"post_fragmentation","chessboard",79,1101,23,1,67,22,939,2
39,893,50,0.8,0.7,0.15,0.1,1,1,2,40,"post_fragmentation","chessboard",79,1101,23,1,67,22,941,1
39,893,50,0.8,0.7,0.15,0.1,1,1,2,40,"post_fragmentation","chessboard",79,1101,23,1,67,22,948,1
39,893,50,0.8,0.7,0.15,0.1,1,1,2,40,"post_fragmentation","chessboard",79,1101,23,1,67,22,951,1
39,893,50,0.8,0.7,0.15,0.1,1,1,2,40,"post_fragmentation","chessboard",79,1101,23,1,67,22,961,1
39,893,50,0.8,0.7,0.15,0.1,1,1,2,40,"post_fragmentation","chessboard",79,1101,23,1,67,22,965,1
39,893,50,0.8,0.7,0.15,0.1,1,1,2,40,"post_fragmentation","chessboard",79,1101,23,1,67,22,968,1
39,893,50,0.8,0.7,0.15,0.1,1,1,2,40,"post_fragmentation","chessboard",79,1101,23,1,67,22,969,3
39,893,50,0.8,0.7,0.15,0.1,1,1,2,40,"post_fragmentation","chessboard",79,1101,23,1,67,22,971,1
39,893,50,0.8,0.7,0.15,0.1,1,1,2,40,"post_fragmentation","chessboard",79,1101,23,1,67,22,972,1
39,893,50,0.8,0.7,0.15,0.1,1,1,2,40,"post_fragmentation","chessboard",79,1101,23,1,67,22,978,1
39,893,50,0.8,0.7,0.15,0.1,1,1,2,40,"post_fragmentation","chessboard",79,1101,23,1,67,22,980,2
39,893,50,0.8,0.7,0.15,0.1,1,1,2,40,"post_fragmentation","chessboard",79,1101,23,1,67,22,982,3
39,893,50,0.8,0.7,0.15,0.1,1,1,2,40,"post_fragmentation","chessboard",79,1101,23,1,67,22,985,1
39,893,50,0.8,0.7,0.15,0.1,1,1,2,40,"post_fragmentation","chessboard",79,1101,23,1,67,22,991,1
39,893,50,0.8,0.7,0.15,0.1,1,1,2,40,"post_fragmentation","chessboard",79,1101,23,1,67,22,999,3
39,893,50,0.8,0.7,0.15,0.1,1,1,2,40,"post_fragmentation","chessboard",80,1105,23,5,71,1,878,1
39,893,50,0.8,0.7,0.15,0.1,1,1,2,40,"post_fragmentation","chessboard",80,1105,23,5,71,1,882,2
39,893,50,0.8,0.7,0.15,0.1,1,1,2,40,"post_fragmentation","chessboard",80,1105,23,5,71,1,891,2
39,893,50,0.8,0.7,0.15,0.1,1,1,2,40,"post_fragmentation","chessboard",80,1105,23,5,71,1,892,1
39,893,50,0.8,0.7,0.15,0.1,1,1,2,40,"post_fragmentation","chessboard",80,1105,23,5,71,1,893,1
39,893,50,0.8,0.7,0.15,0.1,1,1,2,40,"post_fragmentation","chessboard",80,1105,23,5,71,1,905,1
39,893,50,0.8,0.7,0.15,0.1,1,1,2,40,"post_fragmentation","chessboard",80,1105,23,5,71,1,914,1
39,893,50,0.8,0.7,0.15,0.1,1,1,2,40,"post_fragmentation","chessboard",80,1105,23,5,71,1,920,1
39,893,50,0.8,0.7,0.15,0.1,1,1,2,40,"post_fragmentation","chessboard",80,1105,23,5,71,1,921,1
39,893,50,0.8,0.7,0.15,0.1,1,1,2,40,"post_fragmentation","chessboard",80,1105,23,5,71,1,938,1
39,893,50,0.8,0.7,0.15,0.1,1,1,2,40,"post_fragmentation","chessboard",80,1105,23,5,71,1,939,4
39,893,50,0.8,0.7,0.15,0.1,1,1,2,40,"post_fragmentation","chessboard",80,1105,23,5,71,1,941,1
39,893,50,0.8,0.7,0.15,0.1,1,1,2,40,"post_fragmentation","chessboard",80,1105,23,5,71,1,948,2
39,893,50,0.8,0.7,0.15,0.1,1,1,2,40,"post_fragmentation","chessboard",80,1105,23,5,71,1,951,1
39,893,50,0.8,0.7,0.15,0.1,1,1,2,40,"post_fragmentation","chessboard",80,1105,23,5,71,1,952,1
39,893,50,0.8,0.7,0.15,0.1,1,1,2,40,"post_fragmentation","chessboard",80,1105,23,5,71,1,958,4
39,893,50,0.8,0.7,0.15,0.1,1,1,2,40,"post_fragmentation","chessboard",80,1105,23,5,71,1,961,1
39,893,50,0.8,0.7,0.15,0.1,1,1,2,40,"post_fragmentation","chessboard",80,1105,23,5,71,1,962,1
39,893,50,0.8,0.7,0.15,0.1,1,1,2,40,"post_fragmentation","chessboard",80,1105,23,5,71,1,968,1
39,893,50,0.8,0.7,0.15,0.1,1,1,2,40,"post_fragmentation","chessboard",80,1105,23,5,71,1,971,1
39,893,50,0.8,0.7,0.15,0.1,1,1,2,40,"post_fragmentation","chessboard",80,1105,23,5,71,1,975,1
39,893,50,0.8,0.7,0.15,0.1,1,1,2,40,"post_fragmentation","chessboard",80,1105,23,5,71,1,978,1
39,893,50,0.8,0.7,0.15,0.1,1,1,2,40,"post_fragmentation","chessboard",80,1105,23,5,71,1,980,1
39,893,50,0.8,0.7,0.15,0.1,1,1,2,40,"post_fragmentation","chessboard",80,1105,23,5,71,1,982,1
39,893,50,0.8,0.7,0.15,0.1,1,1,2,40,"post_fragmentation","chessboard",80,1105,23,5,71,1,984,1
39,893,50,0.8,0.7,0.15,0.1,1,1,2,40,"post_fragmentation","chessboard",80,1105,23,5,71,1,990,1
39,893,50,0.8,0.7,0.15,0.1,1,1,2,40,"post_fragmentation","chessboard",80,1105,23,5,71,1,997,2
39,893,50,0.8,0.7,0.15,0.1,1,1,2,40,"post_fragmentation","chessboard",81,1137,23,37,73,1,419,1
39,893,50,0.8,0.7,0.15,0.1,1,1,2,40,"post_fragmentation","chessboard",81,1137,23,37,73,1,460,1
39,893,50,0.8,0.7,0.15,0.1,1,1,2,40,"post_fragmentation","chessboard",81,1137,23,37,73,1,470,1
39,893,50,0.8,0.7,0.15,0.1,1,1,2,40,"post_fragmentation","chessboard",81,1137,23,37,73,1,487,1
39,893,50,0.8,0.7,0.15,0.1,1,1,2,40,"post_fragmentation","chessboard",81,1137,23,37,73,1,514,1
39,893,50,0.8,0.7,0.15,0.1,1,1,2,40,"post_fragmentation","chessboard",81,1137,23,37,73,1,515,2
39,893,50,0.8,0.7,0.15,0.1,1,1,2,40,"post_fragmentation","chessboard",81,1137,23,37,73,1,530,3
39,893,50,0.8,0.7,0.15,0.1,1,1,2,40,"post_fragmentation","chessboard",81,1137,23,37,73,1,545,4
39,893,50,0.8,0.7,0.15,0.1,1,1,2,40,"post_fragmentation","chessboard",81,1137,23,37,73,1,549,1
39,893,50,0.8,0.7,0.15,0.1,1,1,2,40,"post_fragmentation","chessboard",81,1137,23,37,73,1,553,2
39,893,50,0.8,0.7,0.15,0.1,1,1,2,40,"post_fragmentation","chessboard",81,1137,23,37,73,1,571,1
39,893,50,0.8,0.7,0.15,0.1,1,1,2,40,"post_fragmentation","chessboard",81,1137,23,37,73,1,572,1
39,893,50,0.8,0.7,0.15,0.1,1,1,2,40,"post_fragmentation","chessboard",81,1137,23,37,73,1,587,2
39,893,50,0.8,0.7,0.15,0.1,1,1,2,40,"post_fragmentation","chessboard",81,1137,23,37,73,1,588,3
39,893,50,0.8,0.7,0.15,0.1,1,1,2,40,"post_fragmentation","chessboard",81,1137,23,37,73,1,589,3
39,893,50,0.8,0.7,0.15,0.1,1,1,2,40,"post_fragmentation","chessboard",81,1137,23,37,73,1,593,2
39,893,50,0.8,0.7,0.15,0.1,1,1,2,40,"post_fragmentation","chessboard",81,1137,23,37,73,1,610,3
39,893,50,0.8,0.7,0.15,0.1,1,1,2,40,"post_fragmentation","chessboard",81,1137,23,37,73,1,623,2
39,893,50,0.8,0.7,0.15,0.1,1,1,2,40,"post_fragmentation","chessboard",81,1137,23,37,73,1,645,1
39,893,50,0.8,0.7,0.15,0.1,1,1,2,40,"post_fragmentation","chessboard",81,1137,23,37,73,1,666,1
39,893,50,0.8,0.7,0.15,0.1,1,1,2,40,"post_fragmentation","chessboard",81,1137,23,37,73,1,678,1
39,893,50,0.8,0.7,0.15,0.1,1,1,2,40,"post_fragmentation","chessboard",82,1147,23,47,67,22,760,1
39,893,50,0.8,0.7,0.15,0.1,1,1,2,40,"post_fragmentation","chessboard",82,1147,23,47,67,22,775,3
39,893,50,0.8,0.7,0.15,0.1,1,1,2,40,"post_fragmentation","chessboard",82,1147,23,47,67,22,780,1
39,893,50,0.8,0.7,0.15,0.1,1,1,2,40,"post_fragmentation","chessboard",82,1147,23,47,67,22,781,1
39,893,50,0.8,0.7,0.15,0.1,1,1,2,40,"post_fragmentation","chessboard",82,1147,23,47,67,22,800,1
39,893,50,0.8,0.7,0.15,0.1,1,1,2,40,"post_fragmentation","chessboard",82,1147,23,47,67,22,805,1
39,893,50,0.8,0.7,0.15,0.1,1,1,2,40,"post_fragmentation","chessboard",82,1147,23,47,67,22,809,1
39,893,50,0.8,0.7,0.15,0.1,1,1,2,40,"post_fragmentation","chessboard",82,1147,23,47,67,22,811,1
39,893,50,0.8,0.7,0.15,0.1,1,1,2,40,"post_fragmentation","chessboard",82,1147,23,47,67,22,818,1
39,893,50,0.8,0.7,0.15,0.1,1,1,2,40,"post_fragmentation","chessboard",82,1147,23,47,67,22,822,1
39,893,50,0.8,0.7,0.15,0.1,1,1,2,40,"post_fragmentation","chessboard",82,1147,23,47,67,22,839,1
39,893,50,0.8,0.7,0.15,0.1,1,1,2,40,"post_fragmentation","chessboard",82,1147,23,47,67,22,854,1
39,893,50,0.8,0.7,0.15,0.1,1,1,2,40,"post_fragmentation","chessboard",82,1147,23,47,67,22,862,2
39,893,50,0.8,0.7,0.15,0.1,1,1,2,40,"post_fragmentation","chessboard",82,1147,23,47,67,22,863,1
39,893,50,0.8,0.7,0.15,0.1,1,1,2,40,"post_fragmentation","chessboard",82,1147,23,47,67,22,864,1
39,893,50,0.8,0.7,0.15,0.1,1,1,2,40,"post_fragmentation","chessboard",82,1147,23,47,67,22,873,1
39,893,50,0.8,0.7,0.15,0.1,1,1,2,40,"post_fragmentation","chessboard",82,1147,23,47,67,22,884,2
39,893,50,0.8,0.7,0.15,0.1,1,1,2,40,"post_fragmentation","chessboard",82,1147,23,47,67,22,885,2
39,893,50,0.8,0.7,0.15,0.1,1,1,2,40,"post_fragmentation","chessboard",82,1147,23,47,67,22,887,1
39,893,50,0.8,0.7,0.15,0.1,1,1,2,40,"post_fragmentation","chessboard",82,1147,23,47,67,22,898,1
39,893,50,0.8,0.7,0.15,0.1,1,1,2,40,"post_fragmentation","chessboard",82,1147,23,47,67,22,899,2
39,893,50,0.8,0.7,0.15,0.1,1,1,2,40,"post_fragmentation","chessboard",82,1147,23,47,67,22,903,1
39,893,50,0.8,0.7,0.15,0.1,1,1,2,40,"post_fragmentation","chessboard",82,1147,23,47,67,22,904,2
39,893,50,0.8,0.7,0.15,0.1,1,1,2,40,"post_fragmentation","chessboard",82,1147,23,47,67,22,914,1
39,893,50,0.8,0.7,0.15,0.1,1,1,2,40,"post_fragmentation","chessboard",82,1147,23,47,67,22,928,1
39,893,50,0.8,0.7,0.15,0.1,1,1,2,40,"post_fragmentation","chessboard",82,1147,23,47,67,22,954,1
39,893,50,0.8,0.7,0.15,0.1,1,1,2,40,"post_fragmentation","chessboard",82,1147,23,47,67,22,957,1
39,893,50,0.8,0.7,0.15,0.1,1,1,2,40,"post_fragmentation","chessboard",82,1147,23,47,67,22,959,1
39,893,50,0.8,0.7,0.15,0.1,1,1,2,40,"post_fragmentation","chessboard",82,1147,23,47,67,22,961,1
39,893,50,0.8,0.7,0.15,0.1,1,1,2,40,"post_fragmentation","chessboard",83,1149,23,49,67,22,822,2
39,893,50,0.8,0.7,0.15,0.1,1,1,2,40,"post_fragmentation","chessboard",83,1149,23,49,67,22,830,1
39,893,50,0.8,0.7,0.15,0.1,1,1,2,40,"post_fragmentation","chessboard",83,1149,23,49,67,22,835,1
39,893,50,0.8,0.7,0.15,0.1,1,1,2,40,"post_fragmentation","chessboard",83,1149,23,49,67,22,836,1
39,893,50,0.8,0.7,0.15,0.1,1,1,2,40,"post_fragmentation","chessboard",83,1149,23,49,67,22,856,1
39,893,50,0.8,0.7,0.15,0.1,1,1,2,40,"post_fragmentation","chessboard",83,1149,23,49,67,22,862,1
39,893,50,0.8,0.7,0.15,0.1,1,1,2,40,"post_fragmentation","chessboard",83,1149,23,49,67,22,866,1
39,893,50,0.8,0.7,0.15,0.1,1,1,2,40,"post_fragmentation","chessboard",83,1149,23,49,67,22,876,1
39,893,50,0.8,0.7,0.15,0.1,1,1,2,40,"post_fragmentation","chessboard",83,1149,23,49,67,22,883,1
39,893,50,0.8,0.7,0.15,0.1,1,1,2,40,"post_fragmentation","chessboard",83,1149,23,49,67,22,885,2
39,893,50,0.8,0.7,0.15,0.1,1,1,2,40,"post_fragmentation","chessboard",83,1149,23,49,67,22,887,1
39,893,50,0.8,0.7,0.15,0.1,1,1,2,40,"post_fragmentation","chessboard",83,1149,23,49,67,22,895,1
39,893,50,0.8,0.7,0.15,0.1,1,1,2,40,"post_fragmentation","chessboard",83,1149,23,49,67,22,897,1
39,893,50,0.8,0.7,0.15,0.1,1,1,2,40,"post_fragmentation","chessboard",83,1149,23,49,67,22,908,4
39,893,50,0.8,0.7,0.15,0.1,1,1,2,40,"post_fragmentation","chessboard",83,1149,23,49,67,22,911,1
39,893,50,0.8,0.7,0.15,0.1,1,1,2,40,"post_fragmentation","chessboard",83,1149,23,49,67,22,928,1
39,893,50,0.8,0.7,0.15,0.1,1,1,2,40,"post_fragmentation","chessboard",83,1149,23,49,67,22,932,1
39,893,50,0.8,0.7,0.15,0.1,1,1,2,40,"post_fragmentation","chessboard",83,1149,23,49,67,22,948,1
39,893,50,0.8,0.7,0.15,0.1,1,1,2,40,"post_fragmentation","chessboard",83,1149,23,49,67,22,950,1
39,893,50,0.8,0.7,0.15,0.1,1,1,2,40,"post_fragmentation","chessboard",83,1149,23,49,67,22,951,4
39,893,50,0.8,0.7,0.15,0.1,1,1,2,40,"post_fragmentation","chessboard",83,1149,23,49,67,22,958,1
39,893,50,0.8,0.7,0.15,0.1,1,1,2,40,"post_fragmentation","chessboard",83,1149,23,49,67,22,965,2
39,893,50,0.8,0.7,0.15,0.1,1,1,2,40,"post_fragmentation","chessboard",83,1149,23,49,67,22,970,2
39,893,50,0.8,0.7,0.15,0.1,1,1,2,40,"post_fragmentation","chessboard",83,1149,23,49,67,22,971,1
39,893,50,0.8,0.7,0.15,0.1,1,1,2,40,"post_fragmentation","chessboard",83,1149,23,49,67,22,982,2
39,893,50,0.8,0.7,0.15,0.1,1,1,2,40,"post_fragmentation","chessboard",84,1152,24,2,67,22,830,1
39,893,50,0.8,0.7,0.15,0.1,1,1,2,40,"post_fragmentation","chessboard",84,1152,24,2,67,22,881,1
39,893,50,0.8,0.7,0.15,0.1,1,1,2,40,"post_fragmentation","chessboard",84,1152,24,2,67,22,890,1
39,893,50,0.8,0.7,0.15,0.1,1,1,2,40,"post_fragmentation","chessboard",84,1152,24,2,67,22,897,4
39,893,50,0.8,0.7,0.15,0.1,1,1,2,40,"post_fragmentation","chessboard",84,1152,24,2,67,22,904,1
39,893,50,0.8,0.7,0.15,0.1,1,1,2,40,"post_fragmentation","chessboard",84,1152,24,2,67,22,913,1
39,893,50,0.8,0.7,0.15,0.1,1,1,2,40,"post_fragmentation","chessboard",84,1152,24,2,67,22,921,1
39,893,50,0.8,0.7,0.15,0.1,1,1,2,40,"post_fragmentation","chessboard",84,1152,24,2,67,22,931,1
39,893,50,0.8,0.7,0.15,0.1,1,1,2,40,"post_fragmentation","chessboard",84,1152,24,2,67,22,941,1
39,893,50,0.8,0.7,0.15,0.1,1,1,2,40,"post_fragmentation","chessboard",84,1152,24,2,67,22,956,1
39,893,50,0.8,0.7,0.15,0.1,1,1,2,40,"post_fragmentation","chessboard",84,1152,24,2,67,22,958,2
39,893,50,0.8,0.7,0.15,0.1,1,1,2,40,"post_fragmentation","chessboard",84,1152,24,2,67,22,959,1
39,893,50,0.8,0.7,0.15,0.1,1,1,2,40,"post_fragmentation","chessboard",84,1152,24,2,67,22,961,1
39,893,50,0.8,0.7,0.15,0.1,1,1,2,40,"post_fragmentation","chessboard",84,1152,24,2,67,22,965,1
39,893,50,0.8,0.7,0.15,0.1,1,1,2,40,"post_fragmentation","chessboard",84,1152,24,2,67,22,969,1
39,893,50,0.8,0.7,0.15,0.1,1,1,2,40,"post_fragmentation","chessboard",84,1152,24,2,67,22,971,4
39,893,50,0.8,0.7,0.15,0.1,1,1,2,40,"post_fragmentation","chessboard",84,1152,24,2,67,22,976,1
39,893,50,0.8,0.7,0.15,0.1,1,1,2,40,"post_fragmentation","chessboard",84,1152,24,2,67,22,977,1
39,893,50,0.8,0.7,0.15,0.1,1,1,2,40,"post_fragmentation","chessboard",84,1152,24,2,67,22,979,1
39,893,50,0.8,0.7,0.15,0.1,1,1,2,40,"post_fragmentation","chessboard",84,1152,24,2,67,22,980,2
39,893,50,0.8,0.7,0.15,0.1,1,1,2,40,"post_fragmentation","chessboard",84,1152,24,2,67,22,982,3
39,893,50,0.8,0.7,0.15,0.1,1,1,2,40,"post_fragmentation","chessboard",84,1152,24,2,67,22,990,2
39,893,50,0.8,0.7,0.15,0.1,1,1,2,40,"post_fragmentation","chessboard",84,1152,24,2,67,22,991,4
39,893,50,0.8,0.7,0.15,0.1,1,1,2,40,"post_fragmentation","chessboard",84,1152,24,2,67,22,993,1
39,893,50,0.8,0.7,0.15,0.1,1,1,2,40,"post_fragmentation","chessboard",84,1152,24,2,67,22,997,1
39,893,50,0.8,0.7,0.15,0.1,1,1,2,40,"post_fragmentation","chessboard",85,1178,24,28,75,1,162,1
39,893,50,0.8,0.7,0.15,0.1,1,1,2,40,"post_fragmentation","chessboard",85,1178,24,28,75,1,279,1
39,893,50,0.8,0.7,0.15,0.1,1,1,2,40,"post_fragmentation","chessboard",85,1178,24,28,75,1,355,1
39,893,50,0.8,0.7,0.15,0.1,1,1,2,40,"post_fragmentation","chessboard",85,1178,24,28,75,1,360,1
39,893,50,0.8,0.7,0.15,0.1,1,1,2,40,"post_fragmentation","chessboard",85,1178,24,28,75,1,374,1
39,893,50,0.8,0.7,0.15,0.1,1,1,2,40,"post_fragmentation","chessboard",85,1178,24,28,75,1,375,1
39,893,50,0.8,0.7,0.15,0.1,1,1,2,40,"post_fragmentation","chessboard",85,1178,24,28,75,1,402,1
39,893,50,0.8,0.7,0.15,0.1,1,1,2,40,"post_fragmentation","chessboard",85,1178,24,28,75,1,403,1
39,893,50,0.8,0.7,0.15,0.1,1,1,2,40,"post_fragmentation","chessboard",85,1178,24,28,75,1,407,1
39,893,50,0.8,0.7,0.15,0.1,1,1,2,40,"post_fragmentation","chessboard",85,1178,24,28,75,1,408,1
39,893,50,0.8,0.7,0.15,0.1,1,1,2,40,"post_fragmentation","chessboard",85,1178,24,28,75,1,409,1
39,893,50,0.8,0.7,0.15,0.1,1,1,2,40,"post_fragmentation","chessboard",85,1178,24,28,75,1,425,3
39,893,50,0.8,0.7,0.15,0.1,1,1,2,40,"post_fragmentation","chessboard",85,1178,24,28,75,1,428,2
39,893,50,0.8,0.7,0.15,0.1,1,1,2,40,"post_fragmentation","chessboard",85,1178,24,28,75,1,460,1
39,893,50,0.8,0.7,0.15,0.1,1,1,2,40,"post_fragmentation","chessboard",85,1178,24,28,75,1,461,1
39,893,50,0.8,0.7,0.15,0.1,1,1,2,40,"post_fragmentation","chessboard",85,1178,24,28,75,1,476,1
39,893,50,0.8,0.7,0.15,0.1,1,1,2,40,"post_fragmentation","chessboard",85,1178,24,28,75,1,478,2
39,893,50,0.8,0.7,0.15,0.1,1,1,2,40,"post_fragmentation","chessboard",85,1178,24,28,75,1,487,2
39,893,50,0.8,0.7,0.15,0.1,1,1,2,40,"post_fragmentation","chessboard",85,1178,24,28,75,1,494,1
39,893,50,0.8,0.7,0.15,0.1,1,1,2,40,"post_fragmentation","chessboard",85,1178,24,28,75,1,516,3
39,893,50,0.8,0.7,0.15,0.1,1,1,2,40,"post_fragmentation","chessboard",85,1178,24,28,75,1,531,1
39,893,50,0.8,0.7,0.15,0.1,1,1,2,40,"post_fragmentation","chessboard",85,1178,24,28,75,1,542,1
39,893,50,0.8,0.7,0.15,0.1,1,1,2,40,"post_fragmentation","chessboard",85,1178,24,28,75,1,545,1
39,893,50,0.8,0.7,0.15,0.1,1,1,2,40,"post_fragmentation","chessboard",85,1178,24,28,75,1,550,1
39,893,50,0.8,0.7,0.15,0.1,1,1,2,40,"post_fragmentation","chessboard",85,1178,24,28,75,1,588,1
39,893,50,0.8,0.7,0.15,0.1,1,1,2,40,"post_fragmentation","chessboard",85,1178,24,28,75,1,591,1
39,893,50,0.8,0.7,0.15,0.1,1,1,2,40,"post_fragmentation","chessboard",85,1178,24,28,75,1,609,1
39,893,50,0.8,0.7,0.15,0.1,1,1,2,40,"post_fragmentation","chessboard",86,1200,24,50,67,22,866,1
39,893,50,0.8,0.7,0.15,0.1,1,1,2,40,"post_fragmentation","chessboard",86,1200,24,50,67,22,901,1
39,893,50,0.8,0.7,0.15,0.1,1,1,2,40,"post_fragmentation","chessboard",86,1200,24,50,67,22,914,1
39,893,50,0.8,0.7,0.15,0.1,1,1,2,40,"post_fragmentation","chessboard",86,1200,24,50,67,22,915,2
39,893,50,0.8,0.7,0.15,0.1,1,1,2,40,"post_fragmentation","chessboard",86,1200,24,50,67,22,921,2
39,893,50,0.8,0.7,0.15,0.1,1,1,2,40,"post_fragmentation","chessboard",86,1200,24,50,67,22,928,1
39,893,50,0.8,0.7,0.15,0.1,1,1,2,40,"post_fragmentation","chessboard",86,1200,24,50,67,22,932,3
39,893,50,0.8,0.7,0.15,0.1,1,1,2,40,"post_fragmentation","chessboard",86,1200,24,50,67,22,939,1
39,893,50,0.8,0.7,0.15,0.1,1,1,2,40,"post_fragmentation","chessboard",86,1200,24,50,67,22,951,2
39,893,50,0.8,0.7,0.15,0.1,1,1,2,40,"post_fragmentation","chessboard",86,1200,24,50,67,22,956,3
39,893,50,0.8,0.7,0.15,0.1,1,1,2,40,"post_fragmentation","chessboard",86,1200,24,50,67,22,959,1
39,893,50,0.8,0.7,0.15,0.1,1,1,2,40,"post_fragmentation","chessboard",86,1200,24,50,67,22,961,1
39,893,50,0.8,0.7,0.15,0.1,1,1,2,40,"post_fragmentation","chessboard",86,1200,24,50,67,22,962,1
39,893,50,0.8,0.7,0.15,0.1,1,1,2,40,"post_fragmentation","chessboard",86,1200,24,50,67,22,965,2
39,893,50,0.8,0.7,0.15,0.1,1,1,2,40,"post_fragmentation","chessboard",86,1200,24,50,67,22,969,1
39,893,50,0.8,0.7,0.15,0.1,1,1,2,40,"post_fragmentation","chessboard",86,1200,24,50,67,22,972,4
39,893,50,0.8,0.7,0.15,0.1,1,1,2,40,"post_fragmentation","chessboard",86,1200,24,50,67,22,979,1
39,893,50,0.8,0.7,0.15,0.1,1,1,2,40,"post_fragmentation","chessboard",86,1200,24,50,67,22,980,5
39,893,50,0.8,0.7,0.15,0.1,1,1,2,40,"post_fragmentation","chessboard",86,1200,24,50,67,22,982,1
39,893,50,0.8,0.7,0.15,0.1,1,1,2,40,"post_fragmentation","chessboard",86,1200,24,50,67,22,983,1
39,893,50,0.8,0.7,0.15,0.1,1,1,2,40,"post_fragmentation","chessboard",86,1200,24,50,67,22,990,1
39,893,50,0.8,0.7,0.15,0.1,1,1,2,40,"post_fragmentation","chessboard",86,1200,24,50,67,22,991,1
39,893,50,0.8,0.7,0.15,0.1,1,1,2,40,"post_fragmentation","chessboard",86,1200,24,50,67,22,1000,1
39,893,50,0.8,0.7,0.15,0.1,1,1,2,40,"post_fragmentation","chessboard",87,1217,25,17,76,1,706,1
39,893,50,0.8,0.7,0.15,0.1,1,1,2,40,"post_fragmentation","chessboard",87,1217,25,17,76,1,712,1
39,893,50,0.8,0.7,0.15,0.1,1,1,2,40,"post_fragmentation","chessboard",87,1217,25,17,76,1,759,3
39,893,50,0.8,0.7,0.15,0.1,1,1,2,40,"post_fragmentation","chessboard",87,1217,25,17,76,1,761,1
39,893,50,0.8,0.7,0.15,0.1,1,1,2,40,"post_fragmentation","chessboard",87,1217,25,17,76,1,774,2
39,893,50,0.8,0.7,0.15,0.1,1,1,2,40,"post_fragmentation","chessboard",87,1217,25,17,76,1,798,4
39,893,50,0.8,0.7,0.15,0.1,1,1,2,40,"post_fragmentation","chessboard",87,1217,25,17,76,1,811,1
39,893,50,0.8,0.7,0.15,0.1,1,1,2,40,"post_fragmentation","chessboard",87,1217,25,17,76,1,828,1
39,893,50,0.8,0.7,0.15,0.1,1,1,2,40,"post_fragmentation","chessboard",87,1217,25,17,76,1,829,2
39,893,50,0.8,0.7,0.15,0.1,1,1,2,40,"post_fragmentation","chessboard",87,1217,25,17,76,1,839,1
39,893,50,0.8,0.7,0.15,0.1,1,1,2,40,"post_fragmentation","chessboard",87,1217,25,17,76,1,842,1
39,893,50,0.8,0.7,0.15,0.1,1,1,2,40,"post_fragmentation","chessboard",87,1217,25,17,76,1,845,1
39,893,50,0.8,0.7,0.15,0.1,1,1,2,40,"post_fragmentation","chessboard",87,1217,25,17,76,1,850,1
39,893,50,0.8,0.7,0.15,0.1,1,1,2,40,"post_fragmentation","chessboard",87,1217,25,17,76,1,859,1
39,893,50,0.8,0.7,0.15,0.1,1,1,2,40,"post_fragmentation","chessboard",87,1217,25,17,76,1,866,2
39,893,50,0.8,0.7,0.15,0.1,1,1,2,40,"post_fragmentation","chessboard",87,1217,25,17,76,1,870,3
39,893,50,0.8,0.7,0.15,0.1,1,1,2,40,"post_fragmentation","chessboard",87,1217,25,17,76,1,873,3
39,893,50,0.8,0.7,0.15,0.1,1,1,2,40,"post_fragmentation","chessboard",87,1217,25,17,76,1,875,1
39,893,50,0.8,0.7,0.15,0.1,1,1,2,40,"post_fragmentation","chessboard",87,1217,25,17,76,1,879,1
39,893,50,0.8,0.7,0.15,0.1,1,1,2,40,"post_fragmentation","chessboard",87,1217,25,17,76,1,884,1
39,893,50,0.8,0.7,0.15,0.1,1,1,2,40,"post_fragmentation","chessboard",87,1217,25,17,76,1,894,1
39,893,50,0.8,0.7,0.15,0.1,1,1,2,40,"post_fragmentation","chessboard",87,1217,25,17,76,1,901,1
39,893,50,0.8,0.7,0.15,0.1,1,1,2,40,"post_fragmentation","chessboard",87,1217,25,17,76,1,904,1
39,893,50,0.8,0.7,0.15,0.1,1,1,2,40,"post_fragmentation","chessboard",87,1217,25,17,76,1,907,1
39,893,50,0.8,0.7,0.15,0.1,1,1,2,40,"post_fragmentation","chessboard",88,1245,25,45,77,1,659,1
39,893,50,0.8,0.7,0.15,0.1,1,1,2,40,"post_fragmentation","chessboard",88,1245,25,45,77,1,678,1
39,893,50,0.8,0.7,0.15,0.1,1,1,2,40,"post_fragmentation","chessboard",88,1245,25,45,77,1,683,1
39,893,50,0.8,0.7,0.15,0.1,1,1,2,40,"post_fragmentation","chessboard",88,1245,25,45,77,1,697,1
39,893,50,0.8,0.7,0.15,0.1,1,1,2,40,"post_fragmentation","chessboard",88,1245,25,45,77,1,721,1
39,893,50,0.8,0.7,0.15,0.1,1,1,2,40,"post_fragmentation","chessboard",88,1245,25,45,77,1,734,1
39,893,50,0.8,0.7,0.15,0.1,1,1,2,40,"post_fragmentation","chessboard",88,1245,25,45,77,1,760,1
39,893,50,0.8,0.7,0.15,0.1,1,1,2,40,"post_fragmentation","chessboard",88,1245,25,45,77,1,765,1
39,893,50,0.8,0.7,0.15,0.1,1,1,2,40,"post_fragmentation","chessboard",88,1245,25,45,77,1,768,2
39,893,50,0.8,0.7,0.15,0.1,1,1,2,40,"post_fragmentation","chessboard",88,1245,25,45,77,1,772,4
39,893,50,0.8,0.7,0.15,0.1,1,1,2,40,"post_fragmentation","chessboard",88,1245,25,45,77,1,777,1
39,893,50,0.8,0.7,0.15,0.1,1,1,2,40,"post_fragmentation","chessboard",88,1245,25,45,77,1,782,1
39,893,50,0.8,0.7,0.15,0.1,1,1,2,40,"post_fragmentation","chessboard",88,1245,25,45,77,1,788,1
39,893,50,0.8,0.7,0.15,0.1,1,1,2,40,"post_fragmentation","chessboard",88,1245,25,45,77,1,804,1
39,893,50,0.8,0.7,0.15,0.1,1,1,2,40,"post_fragmentation","chessboard",88,1245,25,45,77,1,806,1
39,893,50,0.8,0.7,0.15,0.1,1,1,2,40,"post_fragmentation","chessboard",88,1245,25,45,77,1,811,3
39,893,50,0.8,0.7,0.15,0.1,1,1,2,40,"post_fragmentation","chessboard",88,1245,25,45,77,1,813,2
39,893,50,0.8,0.7,0.15,0.1,1,1,2,40,"post_fragmentation","chessboard",88,1245,25,45,77,1,814,2
39,893,50,0.8,0.7,0.15,0.1,1,1,2,40,"post_fragmentation","chessboard",88,1245,25,45,77,1,816,3
39,893,50,0.8,0.7,0.15,0.1,1,1,2,40,"post_fragmentation","chessboard",88,1245,25,45,77,1,830,4
39,893,50,0.8,0.7,0.15,0.1,1,1,2,40,"post_fragmentation","chessboard",88,1245,25,45,77,1,873,1
39,893,50,0.8,0.7,0.15,0.1,1,1,2,40,"post_fragmentation","chessboard",88,1245,25,45,77,1,914,1
39,893,50,0.8,0.7,0.15,0.1,1,1,2,40,"post_fragmentation","chessboard",89,1247,25,47,67,22,697,1
39,893,50,0.8,0.7,0.15,0.1,1,1,2,40,"post_fragmentation","chessboard",89,1247,25,47,67,22,721,1
39,893,50,0.8,0.7,0.15,0.1,1,1,2,40,"post_fragmentation","chessboard",89,1247,25,47,67,22,765,1
39,893,50,0.8,0.7,0.15,0.1,1,1,2,40,"post_fragmentation","chessboard",89,1247,25,47,67,22,775,2
39,893,50,0.8,0.7,0.15,0.1,1,1,2,40,"post_fragmentation","chessboard",89,1247,25,47,67,22,780,3
39,893,50,0.8,0.7,0.15,0.1,1,1,2,40,"post_fragmentation","chessboard",89,1247,25,47,67,22,811,1
39,893,50,0.8,0.7,0.15,0.1,1,1,2,40,"post_fragmentation","chessboard",89,1247,25,47,67,22,818,1
39,893,50,0.8,0.7,0.15,0.1,1,1,2,40,"post_fragmentation","chessboard",89,1247,25,47,67,22,819,1
39,893,50,0.8,0.7,0.15,0.1,1,1,2,40,"post_fragmentation","chessboard",89,1247,25,47,67,22,822,1
39,893,50,0.8,0.7,0.15,0.1,1,1,2,40,"post_fragmentation","chessboard",89,1247,25,47,67,22,830,1
39,893,50,0.8,0.7,0.15,0.1,1,1,2,40,"post_fragmentation","chessboard",89,1247,25,47,67,22,839,3
39,893,50,0.8,0.7,0.15,0.1,1,1,2,40,"post_fragmentation","chessboard",89,1247,25,47,67,22,857,1
39,893,50,0.8,0.7,0.15,0.1,1,1,2,40,"post_fragmentation","chessboard",89,1247,25,47,67,22,861,1
39,893,50,0.8,0.7,0.15,0.1,1,1,2,40,"post_fragmentation","chessboard",89,1247,25,47,67,22,871,1
39,893,50,0.8,0.7,0.15,0.1,1,1,2,40,"post_fragmentation","chessboard",89,1247,25,47,67,22,873,2
39,893,50,0.8,0.7,0.15,0.1,1,1,2,40,"post_fragmentation","chessboard",89,1247,25,47,67,22,887,1
39,893,50,0.8,0.7,0.15,0.1,1,1,2,40,"post_fragmentation","chessboard",89,1247,25,47,67,22,888,1
39,893,50,0.8,0.7,0.15,0.1,1,1,2,40,"post_fragmentation","chessboard",89,1247,25,47,67,22,891,1
39,893,50,0.8,0.7,0.15,0.1,1,1,2,40,"post_fragmentation","chessboard",89,1247,25,47,67,22,892,2
39,893,50,0.8,0.7,0.15,0.1,1,1,2,40,"post_fragmentation","chessboard",89,1247,25,47,67,22,925,2
39,893,50,0.8,0.7,0.15,0.1,1,1,2,40,"post_fragmentation","chessboard",89,1247,25,47,67,22,949,1
39,893,50,0.8,0.7,0.15,0.1,1,1,2,40,"post_fragmentation","chessboard",89,1247,25,47,67,22,958,1
39,893,50,0.8,0.7,0.15,0.1,1,1,2,40,"post_fragmentation","chessboard",89,1247,25,47,67,22,983,1
39,893,50,0.8,0.7,0.15,0.1,1,1,2,40,"post_fragmentation","chessboard",89,1247,25,47,67,22,988,1
39,893,50,0.8,0.7,0.15,0.1,1,1,2,40,"post_fragmentation","chessboard",90,1249,25,49,67,22,809,1
39,893,50,0.8,0.7,0.15,0.1,1,1,2,40,"post_fragmentation","chessboard",90,1249,25,49,67,22,828,1
39,893,50,0.8,0.7,0.15,0.1,1,1,2,40,"post_fragmentation","chessboard",90,1249,25,49,67,22,830,1
39,893,50,0.8,0.7,0.15,0.1,1,1,2,40,"post_fragmentation","chessboard",90,1249,25,49,67,22,852,2
39,893,50,0.8,0.7,0.15,0.1,1,1,2,40,"post_fragmentation","chessboard",90,1249,25,49,67,22,857,1
39,893,50,0.8,0.7,0.15,0.1,1,1,2,40,"post_fragmentation","chessboard",90,1249,25,49,67,22,861,2
39,893,50,0.8,0.7,0.15,0.1,1,1,2,40,"post_fragmentation","chessboard",90,1249,25,49,67,22,864,1
39,893,50,0.8,0.7,0.15,0.1,1,1,2,40,"post_fragmentation","chessboard",90,1249,25,49,67,22,866,1
39,893,50,0.8,0.7,0.15,0.1,1,1,2,40,"post_fragmentation","chessboard",90,1249,25,49,67,22,871,1
39,893,50,0.8,0.7,0.15,0.1,1,1,2,40,"post_fragmentation","chessboard",90,1249,25,49,67,22,883,1
39,893,50,0.8,0.7,0.15,0.1,1,1,2,40,"post_fragmentation","chessboard",90,1249,25,49,67,22,885,2
39,893,50,0.8,0.7,0.15,0.1,1,1,2,40,"post_fragmentation","chessboard",90,1249,25,49,67,22,892,2
39,893,50,0.8,0.7,0.15,0.1,1,1,2,40,"post_fragmentation","chessboard",90,1249,25,49,67,22,899,1
39,893,50,0.8,0.7,0.15,0.1,1,1,2,40,"post_fragmentation","chessboard",90,1249,25,49,67,22,906,1
39,893,50,0.8,0.7,0.15,0.1,1,1,2,40,"post_fragmentation","chessboard",90,1249,25,49,67,22,914,2
39,893,50,0.8,0.7,0.15,0.1,1,1,2,40,"post_fragmentation","chessboard",90,1249,25,49,67,22,937,1
39,893,50,0.8,0.7,0.15,0.1,1,1,2,40,"post_fragmentation","chessboard",90,1249,25,49,67,22,939,3
39,893,50,0.8,0.7,0.15,0.1,1,1,2,40,"post_fragmentation","chessboard",90,1249,25,49,67,22,948,1
39,893,50,0.8,0.7,0.15,0.1,1,1,2,40,"post_fragmentation","chessboard",90,1249,25,49,67,22,951,2
39,893,50,0.8,0.7,0.15,0.1,1,1,2,40,"post_fragmentation","chessboard",90,1249,25,49,67,22,954,1
39,893,50,0.8,0.7,0.15,0.1,1,1,2,40,"post_fragmentation","chessboard",90,1249,25,49,67,22,957,1
39,893,50,0.8,0.7,0.15,0.1,1,1,2,40,"post_fragmentation","chessboard",90,1249,25,49,67,22,958,3
39,893,50,0.8,0.7,0.15,0.1,1,1,2,40,"post_fragmentation","chessboard",90,1249,25,49,67,22,961,1
39,893,50,0.8,0.7,0.15,0.1,1,1,2,40,"post_fragmentation","chessboard",90,1249,25,49,67,22,977,1
39,893,50,0.8,0.7,0.15,0.1,1,1,2,40,"post_fragmentation","chessboard",90,1249,25,49,67,22,979,1
39,893,50,0.8,0.7,0.15,0.1,1,1,2,40,"post_fragmentation","chessboard",90,1249,25,49,67,22,983,1
39,893,50,0.8,0.7,0.15,0.1,1,1,2,40,"post_fragmentation","chessboard",90,1249,25,49,67,22,997,1
39,893,50,0.8,0.7,0.15,0.1,1,1,2,40,"post_fragmentation","chessboard",91,1274,26,24,78,2,302,1
39,893,50,0.8,0.7,0.15,0.1,1,1,2,40,"post_fragmentation","chessboard",91,1274,26,24,78,2,313,1
39,893,50,0.8,0.7,0.15,0.1,1,1,2,40,"post_fragmentation","chessboard",91,1274,26,24,78,2,343,1
39,893,50,0.8,0.7,0.15,0.1,1,1,2,40,"post_fragmentation","chessboard",91,1274,26,24,78,2,402,1
39,893,50,0.8,0.7,0.15,0.1,1,1,2,40,"post_fragmentation","chessboard",91,1274,26,24,78,2,407,2
39,893,50,0.8,0.7,0.15,0.1,1,1,2,40,"post_fragmentation","chessboard",91,1274,26,24,78,2,437,3
39,893,50,0.8,0.7,0.15,0.1,1,1,2,40,"post_fragmentation","chessboard",91,1274,26,24,78,2,457,2
39,893,50,0.8,0.7,0.15,0.1,1,1,2,40,"post_fragmentation","chessboard",91,1274,26,24,78,2,458,1
39,893,50,0.8,0.7,0.15,0.1,1,1,2,40,"post_fragmentation","chessboard",91,1274,26,24,78,2,459,1
39,893,50,0.8,0.7,0.15,0.1,1,1,2,40,"post_fragmentation","chessboard",91,1274,26,24,78,2,467,3
39,893,50,0.8,0.7,0.15,0.1,1,1,2,40,"post_fragmentation","chessboard",91,1274,26,24,78,2,471,4
39,893,50,0.8,0.7,0.15,0.1,1,1,2,40,"post_fragmentation","chessboard",91,1274,26,24,78,2,472,2
39,893,50,0.8,0.7,0.15,0.1,1,1,2,40,"post_fragmentation","chessboard",91,1274,26,24,78,2,484,1
39,893,50,0.8,0.7,0.15,0.1,1,1,2,40,"post_fragmentation","chessboard",91,1274,26,24,78,2,486,2
39,893,50,0.8,0.7,0.15,0.1,1,1,2,40,"post_fragmentation","chessboard",91,1274,26,24,78,2,512,1
39,893,50,0.8,0.7,0.15,0.1,1,1,2,40,"post_fragmentation","chessboard",91,1274,26,24,78,2,522,4
39,893,50,0.8,0.7,0.15,0.1,1,1,2,40,"post_fragmentation","chessboard",91,1274,26,24,78,2,531,1
39,893,50,0.8,0.7,0.15,0.1,1,1,2,40,"post_fragmentation","chessboard",91,1274,26,24,78,2,542,2
39,893,50,0.8,0.7,0.15,0.1,1,1,2,40,"post_fragmentation","chessboard",91,1274,26,24,78,2,565,1
39,893,50,0.8,0.7,0.15,0.1,1,1,2,40,"post_fragmentation","chessboard",91,1274,26,24,78,2,572,1
39,893,50,0.8,0.7,0.15,0.1,1,1,2,40,"post_fragmentation","chessboard",91,1274,26,24,78,2,573,1
39,893,50,0.8,0.7,0.15,0.1,1,1,2,40,"post_fragmentation","chessboard",91,1274,26,24,78,2,581,1
39,893,50,0.8,0.7,0.15,0.1,1,1,2,40,"post_fragmentation","chessboard",92,1284,26,34,79,1,360,1
39,893,50,0.8,0.7,0.15,0.1,1,1,2,40,"post_fragmentation","chessboard",92,1284,26,34,79,1,374,1
39,893,50,0.8,0.7,0.15,0.1,1,1,2,40,"post_fragmentation","chessboard",92,1284,26,34,79,1,375,1
39,893,50,0.8,0.7,0.15,0.1,1,1,2,40,"post_fragmentation","chessboard",92,1284,26,34,79,1,402,1
39,893,50,0.8,0.7,0.15,0.1,1,1,2,40,"post_fragmentation","chessboard",92,1284,26,34,79,1,425,1
39,893,50,0.8,0.7,0.15,0.1,1,1,2,40,"post_fragmentation","chessboard",92,1284,26,34,79,1,438,1
39,893,50,0.8,0.7,0.15,0.1,1,1,2,40,"post_fragmentation","chessboard",92,1284,26,34,79,1,457,3
39,893,50,0.8,0.7,0.15,0.1,1,1,2,40,"post_fragmentation","chessboard",92,1284,26,34,79,1,458,2
39,893,50,0.8,0.7,0.15,0.1,1,1,2,40,"post_fragmentation","chessboard",92,1284,26,34,79,1,461,2
39,893,50,0.8,0.7,0.15,0.1,1,1,2,40,"post_fragmentation","chessboard",92,1284,26,34,79,1,466,2
39,893,50,0.8,0.7,0.15,0.1,1,1,2,40,"post_fragmentation","chessboard",92,1284,26,34,79,1,470,2
39,893,50,0.8,0.7,0.15,0.1,1,1,2,40,"post_fragmentation","chessboard",92,1284,26,34,79,1,483,3
39,893,50,0.8,0.7,0.15,0.1,1,1,2,40,"post_fragmentation","chessboard",92,1284,26,34,79,1,487,4
39,893,50,0.8,0.7,0.15,0.1,1,1,2,40,"post_fragmentation","chessboard",92,1284,26,34,79,1,490,4
39,893,50,0.8,0.7,0.15,0.1,1,1,2,40,"post_fragmentation","chessboard",92,1284,26,34,79,1,515,2
39,893,50,0.8,0.7,0.15,0.1,1,1,2,40,"post_fragmentation","chessboard",92,1284,26,34,79,1,530,1
39,893,50,0.8,0.7,0.15,0.1,1,1,2,40,"post_fragmentation","chessboard",92,1284,26,34,79,1,537,1
39,893,50,0.8,0.7,0.15,0.1,1,1,2,40,"post_fragmentation","chessboard",92,1284,26,34,79,1,553,1
39,893,50,0.8,0.7,0.15,0.1,1,1,2,40,"post_fragmentation","chessboard",92,1284,26,34,79,1,560,1
39,893,50,0.8,0.7,0.15,0.1,1,1,2,40,"post_fragmentation","chessboard",92,1284,26,34,79,1,571,1
39,893,50,0.8,0.7,0.15,0.1,1,1,2,40,"post_fragmentation","chessboard",92,1284,26,34,79,1,589,1
39,893,50,0.8,0.7,0.15,0.1,1,1,2,40,"post_fragmentation","chessboard",92,1284,26,34,79,1,591,1
39,893,50,0.8,0.7,0.15,0.1,1,1,2,40,"post_fragmentation","chessboard",92,1284,26,34,79,1,593,1
39,893,50,0.8,0.7,0.15,0.1,1,1,2,40,"post_fragmentation","chessboard",92,1284,26,34,79,1,611,1
39,893,50,0.8,0.7,0.15,0.1,1,1,2,40,"post_fragmentation","chessboard",93,1298,26,48,67,22,765,1
39,893,50,0.8,0.7,0.15,0.1,1,1,2,40,"post_fragmentation","chessboard",93,1298,26,48,67,22,797,1
39,893,50,0.8,0.7,0.15,0.1,1,1,2,40,"post_fragmentation","chessboard",93,1298,26,48,67,22,811,1
39,893,50,0.8,0.7,0.15,0.1,1,1,2,40,"post_fragmentation","chessboard",93,1298,26,48,67,22,818,1
39,893,50,0.8,0.7,0.15,0.1,1,1,2,40,"post_fragmentation","chessboard",93,1298,26,48,67,22,839,1
39,893,50,0.8,0.7,0.15,0.1,1,1,2,40,"post_fragmentation","chessboard",93,1298,26,48,67,22,843,1
39,893,50,0.8,0.7,0.15,0.1,1,1,2,40,"post_fragmentation","chessboard",93,1298,26,48,67,22,846,2
39,893,50,0.8,0.7,0.15,0.1,1,1,2,40,"post_fragmentation","chessboard",93,1298,26,48,67,22,849,3
39,893,50,0.8,0.7,0.15,0.1,1,1,2,40,"post_fragmentation","chessboard",93,1298,26,48,67,22,853,1
39,893,50,0.8,0.7,0.15,0.1,1,1,2,40,"post_fragmentation","chessboard",93,1298,26,48,67,22,864,1
39,893,50,0.8,0.7,0.15,0.1,1,1,2,40,"post_fragmentation","chessboard",93,1298,26,48,67,22,871,1
39,893,50,0.8,0.7,0.15,0.1,1,1,2,40,"post_fragmentation","chessboard",93,1298,26,48,67,22,873,2
39,893,50,0.8,0.7,0.15,0.1,1,1,2,40,"post_fragmentation","chessboard",93,1298,26,48,67,22,881,2
39,893,50,0.8,0.7,0.15,0.1,1,1,2,40,"post_fragmentation","chessboard",93,1298,26,48,67,22,885,2
39,893,50,0.8,0.7,0.15,0.1,1,1,2,40,"post_fragmentation","chessboard",93,1298,26,48,67,22,888,1
39,893,50,0.8,0.7,0.15,0.1,1,1,2,40,"post_fragmentation","chessboard",93,1298,26,48,67,22,898,2
39,893,50,0.8,0.7,0.15,0.1,1,1,2,40,"post_fragmentation","chessboard",93,1298,26,48,67,22,900,2
39,893,50,0.8,0.7,0.15,0.1,1,1,2,40,"post_fragmentation","chessboard",93,1298,26,48,67,22,908,1
39,893,50,0.8,0.7,0.15,0.1,1,1,2,40,"post_fragmentation","chessboard",93,1298,26,48,67,22,917,1
39,893,50,0.8,0.7,0.15,0.1,1,1,2,40,"post_fragmentation","chessboard",93,1298,26,48,67,22,925,1
39,893,50,0.8,0.7,0.15,0.1,1,1,2,40,"post_fragmentation","chessboard",93,1298,26,48,67,22,928,1
39,893,50,0.8,0.7,0.15,0.1,1,1,2,40,"post_fragmentation","chessboard",93,1298,26,48,67,22,939,3
39,893,50,0.8,0.7,0.15,0.1,1,1,2,40,"post_fragmentation","chessboard",93,1298,26,48,67,22,970,1
39,893,50,0.8,0.7,0.15,0.1,1,1,2,40,"post_fragmentation","chessboard",93,1298,26,48,67,22,991,1
39,893,50,0.8,0.7,0.15,0.1,1,1,2,40,"post_fragmentation","chessboard",93,1298,26,48,67,22,997,1
39,893,50,0.8,0.7,0.15,0.1,1,1,2,40,"post_fragmentation","chessboard",93,1298,26,48,67,22,1000,1
39,893,50,0.8,0.7,0.15,0.1,1,1,2,40,"post_fragmentation","chessboard",94,1333,27,33,84,1,360,6
39,893,50,0.8,0.7,0.15,0.1,1,1,2,40,"post_fragmentation","chessboard",94,1333,27,33,84,1,373,1
39,893,50,0.8,0.7,0.15,0.1,1,1,2,40,"post_fragmentation","chessboard",94,1333,27,33,84,1,375,3
39,893,50,0.8,0.7,0.15,0.1,1,1,2,40,"post_fragmentation","chessboard",94,1333,27,33,84,1,378,1
39,893,50,0.8,0.7,0.15,0.1,1,1,2,40,"post_fragmentation","chessboard",94,1333,27,33,84,1,381,1
39,893,50,0.8,0.7,0.15,0.1,1,1,2,40,"post_fragmentation","chessboard",94,1333,27,33,84,1,402,4
39,893,50,0.8,0.7,0.15,0.1,1,1,2,40,"post_fragmentation","chessboard",94,1333,27,33,84,1,412,1
39,893,50,0.8,0.7,0.15,0.1,1,1,2,40,"post_fragmentation","chessboard",94,1333,27,33,84,1,428,2
39,893,50,0.8,0.7,0.15,0.1,1,1,2,40,"post_fragmentation","chessboard",94,1333,27,33,84,1,438,1
39,893,50,0.8,0.7,0.15,0.1,1,1,2,40,"post_fragmentation","chessboard",94,1333,27,33,84,1,439,1
39,893,50,0.8,0.7,0.15,0.1,1,1,2,40,"post_fragmentation","chessboard",94,1333,27,33,84,1,457,1
39,893,50,0.8,0.7,0.15,0.1,1,1,2,40,"post_fragmentation","chessboard",94,1333,27,33,84,1,458,1
39,893,50,0.8,0.7,0.15,0.1,1,1,2,40,"post_fragmentation","chessboard",94,1333,27,33,84,1,461,1
39,893,50,0.8,0.7,0.15,0.1,1,1,2,40,"post_fragmentation","chessboard",94,1333,27,33,84,1,466,1
39,893,50,0.8,0.7,0.15,0.1,1,1,2,40,"post_fragmentation","chessboard",94,1333,27,33,84,1,470,2
39,893,50,0.8,0.7,0.15,0.1,1,1,2,40,"post_fragmentation","chessboard",94,1333,27,33,84,1,472,1
39,893,50,0.8,0.7,0.15,0.1,1,1,2,40,"post_fragmentation","chessboard",94,1333,27,33,84,1,478,1
39,893,50,0.8,0.7,0.15,0.1,1,1,2,40,"post_fragmentation","chessboard",94,1333,27,33,84,1,487,1
39,893,50,0.8,0.7,0.15,0.1,1,1,2,40,"post_fragmentation","chessboard",94,1333,27,33,84,1,529,1
39,893,50,0.8,0.7,0.15,0.1,1,1,2,40,"post_fragmentation","chessboard",94,1333,27,33,84,1,537,1
39,893,50,0.8,0.7,0.15,0.1,1,1,2,40,"post_fragmentation","chessboard",94,1333,27,33,84,1,549,2
39,893,50,0.8,0.7,0.15,0.1,1,1,2,40,"post_fragmentation","chessboard",94,1333,27,33,84,1,555,2
39,893,50,0.8,0.7,0.15,0.1,1,1,2,40,"post_fragmentation","chessboard",95,1341,27,41,80,10,599,1
39,893,50,0.8,0.7,0.15,0.1,1,1,2,40,"post_fragmentation","chessboard",95,1341,27,41,80,10,605,1
39,893,50,0.8,0.7,0.15,0.1,1,1,2,40,"post_fragmentation","chessboard",95,1341,27,41,80,10,610,1
39,893,50,0.8,0.7,0.15,0.1,1,1,2,40,"post_fragmentation","chessboard",95,1341,27,41,80,10,639,5
39,893,50,0.8,0.7,0.15,0.1,1,1,2,40,"post_fragmentation","chessboard",95,1341,27,41,80,10,659,1
39,893,50,0.8,0.7,0.15,0.1,1,1,2,40,"post_fragmentation","chessboard",95,1341,27,41,80,10,660,2
39,893,50,0.8,0.7,0.15,0.1,1,1,2,40,"post_fragmentation","chessboard",95,1341,27,41,80,10,677,2
39,893,50,0.8,0.7,0.15,0.1,1,1,2,40,"post_fragmentation","chessboard",95,1341,27,41,80,10,678,2
39,893,50,0.8,0.7,0.15,0.1,1,1,2,40,"post_fragmentation","chessboard",95,1341,27,41,80,10,680,1
39,893,50,0.8,0.7,0.15,0.1,1,1,2,40,"post_fragmentation","chessboard",95,1341,27,41,80,10,686,3
39,893,50,0.8,0.7,0.15,0.1,1,1,2,40,"post_fragmentation","chessboard",95,1341,27,41,80,10,689,1
39,893,50,0.8,0.7,0.15,0.1,1,1,2,40,"post_fragmentation","chessboard",95,1341,27,41,80,10,691,1
39,893,50,0.8,0.7,0.15,0.1,1,1,2,40,"post_fragmentation","chessboard",95,1341,27,41,80,10,697,2
39,893,50,0.8,0.7,0.15,0.1,1,1,2,40,"post_fragmentation","chessboard",95,1341,27,41,80,10,711,2
39,893,50,0.8,0.7,0.15,0.1,1,1,2,40,"post_fragmentation","chessboard",95,1341,27,41,80,10,721,1
39,893,50,0.8,0.7,0.15,0.1,1,1,2,40,"post_fragmentation","chessboard",95,1341,27,41,80,10,726,1
39,893,50,0.8,0.7,0.15,0.1,1,1,2,40,"post_fragmentation","chessboard",95,1341,27,41,80,10,734,1
39,893,50,0.8,0.7,0.15,0.1,1,1,2,40,"post_fragmentation","chessboard",95,1341,27,41,80,10,748,1
39,893,50,0.8,0.7,0.15,0.1,1,1,2,40,"post_fragmentation","chessboard",95,1341,27,41,80,10,749,3
39,893,50,0.8,0.7,0.15,0.1,1,1,2,40,"post_fragmentation","chessboard",95,1341,27,41,80,10,765,1
39,893,50,0.8,0.7,0.15,0.1,1,1,2,40,"post_fragmentation","chessboard",95,1341,27,41,80,10,775,1
39,893,50,0.8,0.7,0.15,0.1,1,1,2,40,"post_fragmentation","chessboard",95,1341,27,41,80,10,778,1
39,893,50,0.8,0.7,0.15,0.1,1,1,2,40,"post_fragmentation","chessboard",95,1341,27,41,80,10,803,1
39,893,50,0.8,0.7,0.15,0.1,1,1,2,40,"post_fragmentation","chessboard",96,1343,27,43,80,10,639,1
39,893,50,0.8,0.7,0.15,0.1,1,1,2,40,"post_fragmentation","chessboard",96,1343,27,43,80,10,659,3
39,893,50,0.8,0.7,0.15,0.1,1,1,2,40,"post_fragmentation","chessboard",96,1343,27,43,80,10,675,2
39,893,50,0.8,0.7,0.15,0.1,1,1,2,40,"post_fragmentation","chessboard",96,1343,27,43,80,10,678,1
39,893,50,0.8,0.7,0.15,0.1,1,1,2,40,"post_fragmentation","chessboard",96,1343,27,43,80,10,680,2
39,893,50,0.8,0.7,0.15,0.1,1,1,2,40,"post_fragmentation","chessboard",96,1343,27,43,80,10,686,1
39,893,50,0.8,0.7,0.15,0.1,1,1,2,40,"post_fragmentation","chessboard",96,1343,27,43,80,10,689,2
39,893,50,0.8,0.7,0.15,0.1,1,1,2,40,"post_fragmentation","chessboard",96,1343,27,43,80,10,695,1
39,893,50,0.8,0.7,0.15,0.1,1,1,2,40,"post_fragmentation","chessboard",96,1343,27,43,80,10,697,2
39,893,50,0.8,0.7,0.15,0.1,1,1,2,40,"post_fragmentation","chessboard",96,1343,27,43,80,10,721,1
39,893,50,0.8,0.7,0.15,0.1,1,1,2,40,"post_fragmentation","chessboard",96,1343,27,43,80,10,734,4
39,893,50,0.8,0.7,0.15,0.1,1,1,2,40,"post_fragmentation","chessboard",96,1343,27,43,80,10,738,2
39,893,50,0.8,0.7,0.15,0.1,1,1,2,40,"post_fragmentation","chessboard",96,1343,27,43,80,10,748,1
39,893,50,0.8,0.7,0.15,0.1,1,1,2,40,"post_fragmentation","chessboard",96,1343,27,43,80,10,749,4
39,893,50,0.8,0.7,0.15,0.1,1,1,2,40,"post_fragmentation","chessboard",96,1343,27,43,80,10,754,1
39,893,50,0.8,0.7,0.15,0.1,1,1,2,40,"post_fragmentation","chessboard",96,1343,27,43,80,10,778,1
39,893,50,0.8,0.7,0.15,0.1,1,1,2,40,"post_fragmentation","chessboard",96,1343,27,43,80,10,780,1
39,893,50,0.8,0.7,0.15,0.1,1,1,2,40,"post_fragmentation","chessboard",96,1343,27,43,80,10,782,1
39,893,50,0.8,0.7,0.15,0.1,1,1,2,40,"post_fragmentation","chessboard",96,1343,27,43,80,10,786,1
39,893,50,0.8,0.7,0.15,0.1,1,1,2,40,"post_fragmentation","chessboard",96,1343,27,43,80,10,818,1
39,893,50,0.8,0.7,0.15,0.1,1,1,2,40,"post_fragmentation","chessboard",96,1343,27,43,80,10,819,1
39,893,50,0.8,0.7,0.15,0.1,1,1,2,40,"post_fragmentation","chessboard",96,1343,27,43,80,10,857,1
39,893,50,0.8,0.7,0.15,0.1,1,1,2,40,"post_fragmentation","chessboard",96,1343,27,43,80,10,900,1
39,893,50,0.8,0.7,0.15,0.1,1,1,2,40,"post_fragmentation","chessboard",97,1345,27,45,85,1,675,1
39,893,50,0.8,0.7,0.15,0.1,1,1,2,40,"post_fragmentation","chessboard",97,1345,27,45,85,1,678,2
39,893,50,0.8,0.7,0.15,0.1,1,1,2,40,"post_fragmentation","chessboard",97,1345,27,45,85,1,680,1
39,893,50,0.8,0.7,0.15,0.1,1,1,2,40,"post_fragmentation","chessboard",97,1345,27,45,85,1,697,1
39,893,50,0.8,0.7,0.15,0.1,1,1,2,40,"post_fragmentation","chessboard",97,1345,27,45,85,1,711,1
39,893,50,0.8,0.7,0.15,0.1,1,1,2,40,"post_fragmentation","chessboard",97,1345,27,45,85,1,729,1
39,893,50,0.8,0.7,0.15,0.1,1,1,2,40,"post_fragmentation","chessboard",97,1345,27,45,85,1,734,3
39,893,50,0.8,0.7,0.15,0.1,1,1,2,40,"post_fragmentation","chessboard",97,1345,27,45,85,1,748,1
39,893,50,0.8,0.7,0.15,0.1,1,1,2,40,"post_fragmentation","chessboard",97,1345,27,45,85,1,749,1
39,893,50,0.8,0.7,0.15,0.1,1,1,2,40,"post_fragmentation","chessboard",97,1345,27,45,85,1,754,1
39,893,50,0.8,0.7,0.15,0.1,1,1,2,40,"post_fragmentation","chessboard",97,1345,27,45,85,1,762,1
39,893,50,0.8,0.7,0.15,0.1,1,1,2,40,"post_fragmentation","chessboard",97,1345,27,45,85,1,769,1
39,893,50,0.8,0.7,0.15,0.1,1,1,2,40,"post_fragmentation","chessboard",97,1345,27,45,85,1,772,1
39,893,50,0.8,0.7,0.15,0.1,1,1,2,40,"post_fragmentation","chessboard",97,1345,27,45,85,1,775,2
39,893,50,0.8,0.7,0.15,0.1,1,1,2,40,"post_fragmentation","chessboard",97,1345,27,45,85,1,788,2
39,893,50,0.8,0.7,0.15,0.1,1,1,2,40,"post_fragmentation","chessboard",97,1345,27,45,85,1,795,1
39,893,50,0.8,0.7,0.15,0.1,1,1,2,40,"post_fragmentation","chessboard",97,1345,27,45,85,1,804,1
39,893,50,0.8,0.7,0.15,0.1,1,1,2,40,"post_fragmentation","chessboard",97,1345,27,45,85,1,805,1
39,893,50,0.8,0.7,0.15,0.1,1,1,2,40,"post_fragmentation","chessboard",97,1345,27,45,85,1,806,1
39,893,50,0.8,0.7,0.15,0.1,1,1,2,40,"post_fragmentation","chessboard",97,1345,27,45,85,1,807,1
39,893,50,0.8,0.7,0.15,0.1,1,1,2,40,"post_fragmentation","chessboard",97,1345,27,45,85,1,809,1
39,893,50,0.8,0.7,0.15,0.1,1,1,2,40,"post_fragmentation","chessboard",97,1345,27,45,85,1,811,1
39,893,50,0.8,0.7,0.15,0.1,1,1,2,40,"post_fragmentation","chessboard",97,1345,27,45,85,1,816,1
39,893,50,0.8,0.7,0.15,0.1,1,1,2,40,"post_fragmentation","chessboard",97,1345,27,45,85,1,819,1
39,893,50,0.8,0.7,0.15,0.1,1,1,2,40,"post_fragmentation","chessboard",97,1345,27,45,85,1,826,1
39,893,50,0.8,0.7,0.15,0.1,1,1,2,40,"post_fragmentation","chessboard",97,1345,27,45,85,1,835,3
39,893,50,0.8,0.7,0.15,0.1,1,1,2,40,"post_fragmentation","chessboard",97,1345,27,45,85,1,881,1
39,893,50,0.8,0.7,0.15,0.1,1,1,2,40,"post_fragmentation","chessboard",97,1345,27,45,85,1,959,1
39,893,50,0.8,0.7,0.15,0.1,1,1,2,40,"post_fragmentation","chessboard",98,1349,27,49,67,22,806,1
39,893,50,0.8,0.7,0.15,0.1,1,1,2,40,"post_fragmentation","chessboard",98,1349,27,49,67,22,811,2
39,893,50,0.8,0.7,0.15,0.1,1,1,2,40,"post_fragmentation","chessboard",98,1349,27,49,67,22,821,1
39,893,50,0.8,0.7,0.15,0.1,1,1,2,40,"post_fragmentation","chessboard",98,1349,27,49,67,22,846,1
39,893,50,0.8,0.7,0.15,0.1,1,1,2,40,"post_fragmentation","chessboard",98,1349,27,49,67,22,848,1
39,893,50,0.8,0.7,0.15,0.1,1,1,2,40,"post_fragmentation","chessboard",98,1349,27,49,67,22,861,1
39,893,50,0.8,0.7,0.15,0.1,1,1,2,40,"post_fragmentation","chessboard",98,1349,27,49,67,22,862,2
39,893,50,0.8,0.7,0.15,0.1,1,1,2,40,"post_fragmentation","chessboard",98,1349,27,49,67,22,871,1
39,893,50,0.8,0.7,0.15,0.1,1,1,2,40,"post_fragmentation","chessboard",98,1349,27,49,67,22,873,1
39,893,50,0.8,0.7,0.15,0.1,1,1,2,40,"post_fragmentation","chessboard",98,1349,27,49,67,22,878,1
39,893,50,0.8,0.7,0.15,0.1,1,1,2,40,"post_fragmentation","chessboard",98,1349,27,49,67,22,885,1
39,893,50,0.8,0.7,0.15,0.1,1,1,2,40,"post_fragmentation","chessboard",98,1349,27,49,67,22,892,2
39,893,50,0.8,0.7,0.15,0.1,1,1,2,40,"post_fragmentation","chessboard",98,1349,27,49,67,22,898,1
39,893,50,0.8,0.7,0.15,0.1,1,1,2,40,"post_fragmentation","chessboard",98,1349,27,49,67,22,899,1
39,893,50,0.8,0.7,0.15,0.1,1,1,2,40,"post_fragmentation","chessboard",98,1349,27,49,67,22,910,2
39,893,50,0.8,0.7,0.15,0.1,1,1,2,40,"post_fragmentation","chessboard",98,1349,27,49,67,22,911,1
39,893,50,0.8,0.7,0.15,0.1,1,1,2,40,"post_fragmentation","chessboard",98,1349,27,49,67,22,919,1
39,893,50,0.8,0.7,0.15,0.1,1,1,2,40,"post_fragmentation","chessboard",98,1349,27,49,67,22,922,4
39,893,50,0.8,0.7,0.15,0.1,1,1,2,40,"post_fragmentation","chessboard",98,1349,27,49,67,22,925,2
39,893,50,0.8,0.7,0.15,0.1,1,1,2,40,"post_fragmentation","chessboard",98,1349,27,49,67,22,927,2
39,893,50,0.8,0.7,0.15,0.1,1,1,2,40,"post_fragmentation","chessboard",98,1349,27,49,67,22,932,1
39,893,50,0.8,0.7,0.15,0.1,1,1,2,40,"post_fragmentation","chessboard",98,1349,27,49,67,22,949,1
39,893,50,0.8,0.7,0.15,0.1,1,1,2,40,"post_fragmentation","chessboard",98,1349,27,49,67,22,956,1
39,893,50,0.8,0.7,0.15,0.1,1,1,2,40,"post_fragmentation","chessboard",98,1349,27,49,67,22,957,1
39,893,50,0.8,0.7,0.15,0.1,1,1,2,40,"post_fragmentation","chessboard",98,1349,27,49,67,22,959,2
39,893,50,0.8,0.7,0.15,0.1,1,1,2,40,"post_fragmentation","chessboard",98,1349,27,49,67,22,976,1
39,893,50,0.8,0.7,0.15,0.1,1,1,2,40,"post_fragmentation","chessboard",98,1349,27,49,67,22,977,1
39,893,50,0.8,0.7,0.15,0.1,1,1,2,40,"post_fragmentation","chessboard",98,1349,27,49,67,22,997,3
39,893,50,0.8,0.7,0.15,0.1,1,1,2,40,"post_fragmentation","chessboard",99,1390,28,40,80,10,553,1
39,893,50,0.8,0.7,0.15,0.1,1,1,2,40,"post_fragmentation","chessboard",99,1390,28,40,80,10,605,1
39,893,50,0.8,0.7,0.15,0.1,1,1,2,40,"post_fragmentation","chessboard",99,1390,28,40,80,10,639,5
39,893,50,0.8,0.7,0.15,0.1,1,1,2,40,"post_fragmentation","chessboard",99,1390,28,40,80,10,652,1
39,893,50,0.8,0.7,0.15,0.1,1,1,2,40,"post_fragmentation","chessboard",99,1390,28,40,80,10,659,1
39,893,50,0.8,0.7,0.15,0.1,1,1,2,40,"post_fragmentation","chessboard",99,1390,28,40,80,10,660,1
39,893,50,0.8,0.7,0.15,0.1,1,1,2,40,"post_fragmentation","chessboard",99,1390,28,40,80,10,665,4
39,893,50,0.8,0.7,0.15,0.1,1,1,2,40,"post_fragmentation","chessboard",99,1390,28,40,80,10,669,1
39,893,50,0.8,0.7,0.15,0.1,1,1,2,40,"post_fragmentation","chessboard",99,1390,28,40,80,10,678,4
39,893,50,0.8,0.7,0.15,0.1,1,1,2,40,"post_fragmentation","chessboard",99,1390,28,40,80,10,680,1
39,893,50,0.8,0.7,0.15,0.1,1,1,2,40,"post_fragmentation","chessboard",99,1390,28,40,80,10,686,1
39,893,50,0.8,0.7,0.15,0.1,1,1,2,40,"post_fragmentation","chessboard",99,1390,28,40,80,10,691,1
39,893,50,0.8,0.7,0.15,0.1,1,1,2,40,"post_fragmentation","chessboard",99,1390,28,40,80,10,697,1
39,893,50,0.8,0.7,0.15,0.1,1,1,2,40,"post_fragmentation","chessboard",99,1390,28,40,80,10,721,1
39,893,50,0.8,0.7,0.15,0.1,1,1,2,40,"post_fragmentation","chessboard",99,1390,28,40,80,10,729,1
39,893,50,0.8,0.7,0.15,0.1,1,1,2,40,"post_fragmentation","chessboard",99,1390,28,40,80,10,734,2
39,893,50,0.8,0.7,0.15,0.1,1,1,2,40,"post_fragmentation","chessboard",99,1390,28,40,80,10,749,2
39,893,50,0.8,0.7,0.15,0.1,1,1,2,40,"post_fragmentation","chessboard",99,1390,28,40,80,10,750,3
39,893,50,0.8,0.7,0.15,0.1,1,1,2,40,"post_fragmentation","chessboard",99,1390,28,40,80,10,754,1
39,893,50,0.8,0.7,0.15,0.1,1,1,2,40,"post_fragmentation","chessboard",99,1390,28,40,80,10,768,1
39,893,50,0.8,0.7,0.15,0.1,1,1,2,40,"post_fragmentation","chessboard",99,1390,28,40,80,10,775,1
39,893,50,0.8,0.7,0.15,0.1,1,1,2,40,"post_fragmentation","chessboard",99,1390,28,40,80,10,888,1
39,893,50,0.8,0.7,0.15,0.1,1,1,2,40,"post_fragmentation","chessboard",100,1392,28,42,80,10,589,1
39,893,50,0.8,0.7,0.15,0.1,1,1,2,40,"post_fragmentation","chessboard",100,1392,28,42,80,10,623,1
39,893,50,0.8,0.7,0.15,0.1,1,1,2,40,"post_fragmentation","chessboard",100,1392,28,42,80,10,631,1
39,893,50,0.8,0.7,0.15,0.1,1,1,2,40,"post_fragmentation","chessboard",100,1392,28,42,80,10,632,1
39,893,50,0.8,0.7,0.15,0.1,1,1,2,40,"post_fragmentation","chessboard",100,1392,28,42,80,10,652,3
39,893,50,0.8,0.7,0.15,0.1,1,1,2,40,"post_fragmentation","chessboard",100,1392,28,42,80,10,665,1
39,893,50,0.8,0.7,0.15,0.1,1,1,2,40,"post_fragmentation","chessboard",100,1392,28,42,80,10,678,2
39,893,50,0.8,0.7,0.15,0.1,1,1,2,40,"post_fragmentation","chessboard",100,1392,28,42,80,10,689,1
39,893,50,0.8,0.7,0.15,0.1,1,1,2,40,"post_fragmentation","chessboard",100,1392,28,42,80,10,711,1
39,893,50,0.8,0.7,0.15,0.1,1,1,2,40,"post_fragmentation","chessboard",100,1392,28,42,80,10,714,1
39,893,50,0.8,0.7,0.15,0.1,1,1,2,40,"post_fragmentation","chessboard",100,1392,28,42,80,10,731,2
39,893,50,0.8,0.7,0.15,0.1,1,1,2,40,"post_fragmentation","chessboard",100,1392,28,42,80,10,734,4
39,893,50,0.8,0.7,0.15,0.1,1,1,2,40,"post_fragmentation","chessboard",100,1392,28,42,80,10,738,1
39,893,50,0.8,0.7,0.15,0.1,1,1,2,40,"post_fragmentation","chessboard",100,1392,28,42,80,10,739,2
39,893,50,0.8,0.7,0.15,0.1,1,1,2,40,"post_fragmentation","chessboard",100,1392,28,42,80,10,749,2
39,893,50,0.8,0.7,0.15,0.1,1,1,2,40,"post_fragmentation","chessboard",100,1392,28,42,80,10,750,1
39,893,50,0.8,0.7,0.15,0.1,1,1,2,40,"post_fragmentation","chessboard",100,1392,28,42,80,10,762,1
39,893,50,0.8,0.7,0.15,0.1,1,1,2,40,"post_fragmentation","chessboard",100,1392,28,42,80,10,765,1
39,893,50,0.8,0.7,0.15,0.1,1,1,2,40,"post_fragmentation","chessboard",100,1392,28,42,80,10,768,2
39,893,50,0.8,0.7,0.15,0.1,1,1,2,40,"post_fragmentation","chessboard",100,1392,28,42,80,10,772,2
39,893,50,0.8,0.7,0.15,0.1,1,1,2,40,"post_fragmentation","chessboard",100,1392,28,42,80,10,777,1
39,893,50,0.8,0.7,0.15,0.1,1,1,2,40,"post_fragmentation","chessboard",100,1392,28,42,80,10,778,2
39,893,50,0.8,0.7,0.15,0.1,1,1,2,40,"post_fragmentation","chessboard",100,1392,28,42,80,10,782,1
39,893,50,0.8,0.7,0.15,0.1,1,1,2,40,"post_fragmentation","chessboard",100,1392,28,42,80,10,800,1
39,893,50,0.8,0.7,0.15,0.1,1,1,2,40,"post_fragmentation","chessboard",100,1392,28,42,80,10,803,1
39,893,50,0.8,0.7,0.15,0.1,1,1,2,40,"post_fragmentation","chessboard",100,1392,28,42,80,10,805,1
39,893,50,0.8,0.7,0.15,0.1,1,1,2,40,"post_fragmentation","chessboard",100,1392,28,42,80,10,814,1
39,893,50,0.8,0.7,0.15,0.1,1,1,2,40,"post_fragmentation","chessboard",100,1392,28,42,80,10,819,2
39,893,50,0.8,0.7,0.15,0.1,1,1,2,40,"post_fragmentation","chessboard",101,1423,29,23,87,9,211,1
39,893,50,0.8,0.7,0.15,0.1,1,1,2,40,"post_fragmentation","chessboard",101,1423,29,23,87,9,258,2
39,893,50,0.8,0.7,0.15,0.1,1,1,2,40,"post_fragmentation","chessboard",101,1423,29,23,87,9,276,1
39,893,50,0.8,0.7,0.15,0.1,1,1,2,40,"post_fragmentation","chessboard",101,1423,29,23,87,9,312,1
39,893,50,0.8,0.7,0.15,0.1,1,1,2,40,"post_fragmentation","chessboard",101,1423,29,23,87,9,313,2
39,893,50,0.8,0.7,0.15,0.1,1,1,2,40,"post_fragmentation","chessboard",101,1423,29,23,87,9,331,1
39,893,50,0.8,0.7,0.15,0.1,1,1,2,40,"post_fragmentation","chessboard",101,1423,29,23,87,9,337,1
39,893,50,0.8,0.7,0.15,0.1,1,1,2,40,"post_fragmentation","chessboard",101,1423,29,23,87,9,338,2
39,893,50,0.8,0.7,0.15,0.1,1,1,2,40,"post_fragmentation","chessboard",101,1423,29,23,87,9,358,2
39,893,50,0.8,0.7,0.15,0.1,1,1,2,40,"post_fragmentation","chessboard",101,1423,29,23,87,9,374,6
39,893,50,0.8,0.7,0.15,0.1,1,1,2,40,"post_fragmentation","chessboard",101,1423,29,23,87,9,380,2
39,893,50,0.8,0.7,0.15,0.1,1,1,2,40,"post_fragmentation","chessboard",101,1423,29,23,87,9,387,1
39,893,50,0.8,0.7,0.15,0.1,1,1,2,40,"post_fragmentation","chessboard",101,1423,29,23,87,9,398,1
39,893,50,0.8,0.7,0.15,0.1,1,1,2,40,"post_fragmentation","chessboard",101,1423,29,23,87,9,400,2
39,893,50,0.8,0.7,0.15,0.1,1,1,2,40,"post_fragmentation","chessboard",101,1423,29,23,87,9,402,1
39,893,50,0.8,0.7,0.15,0.1,1,1,2,40,"post_fragmentation","chessboard",101,1423,29,23,87,9,418,1
39,893,50,0.8,0.7,0.15,0.1,1,1,2,40,"post_fragmentation","chessboard",101,1423,29,23,87,9,435,4
39,893,50,0.8,0.7,0.15,0.1,1,1,2,40,"post_fragmentation","chessboard",101,1423,29,23,87,9,437,1
39,893,50,0.8,0.7,0.15,0.1,1,1,2,40,"post_fragmentation","chessboard",101,1423,29,23,87,9,459,1
39,893,50,0.8,0.7,0.15,0.1,1,1,2,40,"post_fragmentation","chessboard",101,1423,29,23,87,9,467,1
39,893,50,0.8,0.7,0.15,0.1,1,1,2,40,"post_fragmentation","chessboard",101,1423,29,23,87,9,643,1
39,893,50,0.8,0.7,0.15,0.1,1,1,2,40,"post_fragmentation","chessboard",102,1425,29,25,87,9,169,1
39,893,50,0.8,0.7,0.15,0.1,1,1,2,40,"post_fragmentation","chessboard",102,1425,29,25,87,9,200,1
39,893,50,0.8,0.7,0.15,0.1,1,1,2,40,"post_fragmentation","chessboard",102,1425,29,25,87,9,202,1
39,893,50,0.8,0.7,0.15,0.1,1,1,2,40,"post_fragmentation","chessboard",102,1425,29,25,87,9,213,1
39,893,50,0.8,0.7,0.15,0.1,1,1,2,40,"post_fragmentation","chessboard",102,1425,29,25,87,9,222,2
39,893,50,0.8,0.7,0.15,0.1,1,1,2,40,"post_fragmentation","chessboard",102,1425,29,25,87,9,235,1
39,893,50,0.8,0.7,0.15,0.1,1,1,2,40,"post_fragmentation","chessboard",102,1425,29,25,87,9,243,1
39,893,50,0.8,0.7,0.15,0.1,1,1,2,40,"post_fragmentation","chessboard",102,1425,29,25,87,9,248,1
39,893,50,0.8,0.7,0.15,0.1,1,1,2,40,"post_fragmentation","chessboard",102,1425,29,25,87,9,251,1
39,893,50,0.8,0.7,0.15,0.1,1,1,2,40,"post_fragmentation","chessboard",102,1425,29,25,87,9,268,1
39,893,50,0.8,0.7,0.15,0.1,1,1,2,40,"post_fragmentation","chessboard",102,1425,29,25,87,9,272,1
39,893,50,0.8,0.7,0.15,0.1,1,1,2,40,"post_fragmentation","chessboard",102,1425,29,25,87,9,279,1
39,893,50,0.8,0.7,0.15,0.1,1,1,2,40,"post_fragmentation","chessboard",102,1425,29,25,87,9,281,3
39,893,50,0.8,0.7,0.15,0.1,1,1,2,40,"post_fragmentation","chessboard",102,1425,29,25,87,9,301,1
39,893,50,0.8,0.7,0.15,0.1,1,1,2,40,"post_fragmentation","chessboard",102,1425,29,25,87,9,310,5
39,893,50,0.8,0.7,0.15,0.1,1,1,2,40,"post_fragmentation","chessboard",102,1425,29,25,87,9,313,1
39,893,50,0.8,0.7,0.15,0.1,1,1,2,40,"post_fragmentation","chessboard",102,1425,29,25,87,9,329,2
39,893,50,0.8,0.7,0.15,0.1,1,1,2,40,"post_fragmentation","chessboard",102,1425,29,25,87,9,338,2
39,893,50,0.8,0.7,0.15,0.1,1,1,2,40,"post_fragmentation","chessboard",102,1425,29,25,87,9,343,1
39,893,50,0.8,0.7,0.15,0.1,1,1,2,40,"post_fragmentation","chessboard",102,1425,29,25,87,9,346,1
39,893,50,0.8,0.7,0.15,0.1,1,1,2,40,"post_fragmentation","chessboard",102,1425,29,25,87,9,360,3
39,893,50,0.8,0.7,0.15,0.1,1,1,2,40,"post_fragmentation","chessboard",102,1425,29,25,87,9,374,3
39,893,50,0.8,0.7,0.15,0.1,1,1,2,40,"post_fragmentation","chessboard",102,1425,29,25,87,9,375,1
39,893,50,0.8,0.7,0.15,0.1,1,1,2,40,"post_fragmentation","chessboard",102,1425,29,25,87,9,402,1
39,893,50,0.8,0.7,0.15,0.1,1,1,2,40,"post_fragmentation","chessboard",103,1439,29,39,88,29,605,2
39,893,50,0.8,0.7,0.15,0.1,1,1,2,40,"post_fragmentation","chessboard",103,1439,29,39,88,29,623,1
39,893,50,0.8,0.7,0.15,0.1,1,1,2,40,"post_fragmentation","chessboard",103,1439,29,39,88,29,652,2
39,893,50,0.8,0.7,0.15,0.1,1,1,2,40,"post_fragmentation","chessboard",103,1439,29,39,88,29,678,5
39,893,50,0.8,0.7,0.15,0.1,1,1,2,40,"post_fragmentation","chessboard",103,1439,29,39,88,29,687,1
39,893,50,0.8,0.7,0.15,0.1,1,1,2,40,"post_fragmentation","chessboard",103,1439,29,39,88,29,688,1
39,893,50,0.8,0.7,0.15,0.1,1,1,2,40,"post_fragmentation","chessboard",103,1439,29,39,88,29,694,2
39,893,50,0.8,0.7,0.15,0.1,1,1,2,40,"post_fragmentation","chessboard",103,1439,29,39,88,29,697,4
39,893,50,0.8,0.7,0.15,0.1,1,1,2,40,"post_fragmentation","chessboard",103,1439,29,39,88,29,705,1
39,893,50,0.8,0.7,0.15,0.1,1,1,2,40,"post_fragmentation","chessboard",103,1439,29,39,88,29,724,1
39,893,50,0.8,0.7,0.15,0.1,1,1,2,40,"post_fragmentation","chessboard",103,1439,29,39,88,29,726,1
39,893,50,0.8,0.7,0.15,0.1,1,1,2,40,"post_fragmentation","chessboard",103,1439,29,39,88,29,734,3
39,893,50,0.8,0.7,0.15,0.1,1,1,2,40,"post_fragmentation","chessboard",103,1439,29,39,88,29,738,2
39,893,50,0.8,0.7,0.15,0.1,1,1,2,40,"post_fragmentation","chessboard",103,1439,29,39,88,29,739,1
39,893,50,0.8,0.7,0.15,0.1,1,1,2,40,"post_fragmentation","chessboard",103,1439,29,39,88,29,748,2
39,893,50,0.8,0.7,0.15,0.1,1,1,2,40,"post_fragmentation","chessboard",103,1439,29,39,88,29,749,2
39,893,50,0.8,0.7,0.15,0.1,1,1,2,40,"post_fragmentation","chessboard",103,1439,29,39,88,29,754,1
39,893,50,0.8,0.7,0.15,0.1,1,1,2,40,"post_fragmentation","chessboard",103,1439,29,39,88,29,759,2
39,893,50,0.8,0.7,0.15,0.1,1,1,2,40,"post_fragmentation","chessboard",103,1439,29,39,88,29,778,2
39,893,50,0.8,0.7,0.15,0.1,1,1,2,40,"post_fragmentation","chessboard",103,1439,29,39,88,29,814,1
39,893,50,0.8,0.7,0.15,0.1,1,1,2,40,"post_fragmentation","chessboard",103,1439,29,39,88,29,819,2
39,893,50,0.8,0.7,0.15,0.1,1,1,2,40,"post_fragmentation","chessboard",103,1439,29,39,88,29,822,1
39,893,50,0.8,0.7,0.15,0.1,1,1,2,40,"post_fragmentation","chessboard",104,1443,29,43,80,10,632,1
39,893,50,0.8,0.7,0.15,0.1,1,1,2,40,"post_fragmentation","chessboard",104,1443,29,43,80,10,647,1
39,893,50,0.8,0.7,0.15,0.1,1,1,2,40,"post_fragmentation","chessboard",104,1443,29,43,80,10,659,1
39,893,50,0.8,0.7,0.15,0.1,1,1,2,40,"post_fragmentation","chessboard",104,1443,29,43,80,10,665,1
39,893,50,0.8,0.7,0.15,0.1,1,1,2,40,"post_fragmentation","chessboard",104,1443,29,43,80,10,678,4
39,893,50,0.8,0.7,0.15,0.1,1,1,2,40,"post_fragmentation","chessboard",104,1443,29,43,80,10,691,5
39,893,50,0.8,0.7,0.15,0.1,1,1,2,40,"post_fragmentation","chessboard",104,1443,29,43,80,10,695,1
39,893,50,0.8,0.7,0.15,0.1,1,1,2,40,"post_fragmentation","chessboard",104,1443,29,43,80,10,697,1
39,893,50,0.8,0.7,0.15,0.1,1,1,2,40,"post_fragmentation","chessboard",104,1443,29,43,80,10,721,3
39,893,50,0.8,0.7,0.15,0.1,1,1,2,40,"post_fragmentation","chessboard",104,1443,29,43,80,10,734,3
39,893,50,0.8,0.7,0.15,0.1,1,1,2,40,"post_fragmentation","chessboard",104,1443,29,43,80,10,749,2
39,893,50,0.8,0.7,0.15,0.1,1,1,2,40,"post_fragmentation","chessboard",104,1443,29,43,80,10,754,1
39,893,50,0.8,0.7,0.15,0.1,1,1,2,40,"post_fragmentation","chessboard",104,1443,29,43,80,10,772,1
39,893,50,0.8,0.7,0.15,0.1,1,1,2,40,"post_fragmentation","chessboard",104,1443,29,43,80,10,778,2
39,893,50,0.8,0.7,0.15,0.1,1,1,2,40,"post_fragmentation","chessboard",104,1443,29,43,80,10,781,3
39,893,50,0.8,0.7,0.15,0.1,1,1,2,40,"post_fragmentation","chessboard",104,1443,29,43,80,10,782,1
39,893,50,0.8,0.7,0.15,0.1,1,1,2,40,"post_fragmentation","chessboard",104,1443,29,43,80,10,790,1
39,893,50,0.8,0.7,0.15,0.1,1,1,2,40,"post_fragmentation","chessboard",104,1443,29,43,80,10,804,1
39,893,50,0.8,0.7,0.15,0.1,1,1,2,40,"post_fragmentation","chessboard",104,1443,29,43,80,10,806,1
39,893,50,0.8,0.7,0.15,0.1,1,1,2,40,"post_fragmentation","chessboard",104,1443,29,43,80,10,819,1
39,893,50,0.8,0.7,0.15,0.1,1,1,2,40,"post_fragmentation","chessboard",104,1443,29,43,80,10,826,1
39,893,50,0.8,0.7,0.15,0.1,1,1,2,40,"post_fragmentation","chessboard",104,1443,29,43,80,10,846,1
39,893,50,0.8,0.7,0.15,0.1,1,1,2,40,"post_fragmentation","chessboard",105,1472,30,22,87,9,193,1
39,893,50,0.8,0.7,0.15,0.1,1,1,2,40,"post_fragmentation","chessboard",105,1472,30,22,87,9,338,1
39,893,50,0.8,0.7,0.15,0.1,1,1,2,40,"post_fragmentation","chessboard",105,1472,30,22,87,9,346,1
39,893,50,0.8,0.7,0.15,0.1,1,1,2,40,"post_fragmentation","chessboard",105,1472,30,22,87,9,369,1
39,893,50,0.8,0.7,0.15,0.1,1,1,2,40,"post_fragmentation","chessboard",105,1472,30,22,87,9,374,3
39,893,50,0.8,0.7,0.15,0.1,1,1,2,40,"post_fragmentation","chessboard",105,1472,30,22,87,9,399,1
39,893,50,0.8,0.7,0.15,0.1,1,1,2,40,"post_fragmentation","chessboard",105,1472,30,22,87,9,400,1
39,893,50,0.8,0.7,0.15,0.1,1,1,2,40,"post_fragmentation","chessboard",105,1472,30,22,87,9,402,1
39,893,50,0.8,0.7,0.15,0.1,1,1,2,40,"post_fragmentation","chessboard",105,1472,30,22,87,9,403,2
39,893,50,0.8,0.7,0.15,0.1,1,1,2,40,"post_fragmentation","chessboard",105,1472,30,22,87,9,407,1
39,893,50,0.8,0.7,0.15,0.1,1,1,2,40,"post_fragmentation","chessboard",105,1472,30,22,87,9,408,6
39,893,50,0.8,0.7,0.15,0.1,1,1,2,40,"post_fragmentation","chessboard",105,1472,30,22,87,9,435,1
39,893,50,0.8,0.7,0.15,0.1,1,1,2,40,"post_fragmentation","chessboard",105,1472,30,22,87,9,437,1
39,893,50,0.8,0.7,0.15,0.1,1,1,2,40,"post_fragmentation","chessboard",105,1472,30,22,87,9,439,1
39,893,50,0.8,0.7,0.15,0.1,1,1,2,40,"post_fragmentation","chessboard",105,1472,30,22,87,9,454,1
39,893,50,0.8,0.7,0.15,0.1,1,1,2,40,"post_fragmentation","chessboard",105,1472,30,22,87,9,471,3
39,893,50,0.8,0.7,0.15,0.1,1,1,2,40,"post_fragmentation","chessboard",105,1472,30,22,87,9,479,2
39,893,50,0.8,0.7,0.15,0.1,1,1,2,40,"post_fragmentation","chessboard",105,1472,30,22,87,9,484,1
39,893,50,0.8,0.7,0.15,0.1,1,1,2,40,"post_fragmentation","chessboard",105,1472,30,22,87,9,497,1
39,893,50,0.8,0.7,0.15,0.1,1,1,2,40,"post_fragmentation","chessboard",105,1472,30,22,87,9,504,3
39,893,50,0.8,0.7,0.15,0.1,1,1,2,40,"post_fragmentation","chessboard",105,1472,30,22,87,9,513,2
39,893,50,0.8,0.7,0.15,0.1,1,1,2,40,"post_fragmentation","chessboard",105,1472,30,22,87,9,550,3
39,893,50,0.8,0.7,0.15,0.1,1,1,2,40,"post_fragmentation","chessboard",106,1474,30,24,87,9,199,1
39,893,50,0.8,0.7,0.15,0.1,1,1,2,40,"post_fragmentation","chessboard",106,1474,30,24,87,9,200,1
39,893,50,0.8,0.7,0.15,0.1,1,1,2,40,"post_fragmentation","chessboard",106,1474,30,24,87,9,202,1
39,893,50,0.8,0.7,0.15,0.1,1,1,2,40,"post_fragmentation","chessboard",106,1474,30,24,87,9,213,1
39,893,50,0.8,0.7,0.15,0.1,1,1,2,40,"post_fragmentation","chessboard",106,1474,30,24,87,9,222,1
39,893,50,0.8,0.7,0.15,0.1,1,1,2,40,"post_fragmentation","chessboard",106,1474,30,24,87,9,268,1
39,893,50,0.8,0.7,0.15,0.1,1,1,2,40,"post_fragmentation","chessboard",106,1474,30,24,87,9,273,1
39,893,50,0.8,0.7,0.15,0.1,1,1,2,40,"post_fragmentation","chessboard",106,1474,30,24,87,9,276,1
39,893,50,0.8,0.7,0.15,0.1,1,1,2,40,"post_fragmentation","chessboard",106,1474,30,24,87,9,279,3
39,893,50,0.8,0.7,0.15,0.1,1,1,2,40,"post_fragmentation","chessboard",106,1474,30,24,87,9,281,1
39,893,50,0.8,0.7,0.15,0.1,1,1,2,40,"post_fragmentation","chessboard",106,1474,30,24,87,9,285,1
39,893,50,0.8,0.7,0.15,0.1,1,1,2,40,"post_fragmentation","chessboard",106,1474,30,24,87,9,287,1
39,893,50,0.8,0.7,0.15,0.1,1,1,2,40,"post_fragmentation","chessboard",106,1474,30,24,87,9,288,1
39,893,50,0.8,0.7,0.15,0.1,1,1,2,40,"post_fragmentation","chessboard",106,1474,30,24,87,9,294,2
39,893,50,0.8,0.7,0.15,0.1,1,1,2,40,"post_fragmentation","chessboard",106,1474,30,24,87,9,297,1
39,893,50,0.8,0.7,0.15,0.1,1,1,2,40,"post_fragmentation","chessboard",106,1474,30,24,87,9,298,1
39,893,50,0.8,0.7,0.15,0.1,1,1,2,40,"post_fragmentation","chessboard",106,1474,30,24,87,9,312,1
39,893,50,0.8,0.7,0.15,0.1,1,1,2,40,"post_fragmentation","chessboard",106,1474,30,24,87,9,313,1
39,893,50,0.8,0.7,0.15,0.1,1,1,2,40,"post_fragmentation","chessboard",106,1474,30,24,87,9,338,3
39,893,50,0.8,0.7,0.15,0.1,1,1,2,40,"post_fragmentation","chessboard",106,1474,30,24,87,9,350,1
39,893,50,0.8,0.7,0.15,0.1,1,1,2,40,"post_fragmentation","chessboard",106,1474,30,24,87,9,360,1
39,893,50,0.8,0.7,0.15,0.1,1,1,2,40,"post_fragmentation","chessboard",106,1474,30,24,87,9,366,1
39,893,50,0.8,0.7,0.15,0.1,1,1,2,40,"post_fragmentation","chessboard",106,1474,30,24,87,9,370,1
39,893,50,0.8,0.7,0.15,0.1,1,1,2,40,"post_fragmentation","chessboard",106,1474,30,24,87,9,375,1
39,893,50,0.8,0.7,0.15,0.1,1,1,2,40,"post_fragmentation","chessboard",106,1474,30,24,87,9,402,2
39,893,50,0.8,0.7,0.15,0.1,1,1,2,40,"post_fragmentation","chessboard",106,1474,30,24,87,9,408,1
39,893,50,0.8,0.7,0.15,0.1,1,1,2,40,"post_fragmentation","chessboard",106,1474,30,24,87,9,435,1
39,893,50,0.8,0.7,0.15,0.1,1,1,2,40,"post_fragmentation","chessboard",106,1474,30,24,87,9,437,1
39,893,50,0.8,0.7,0.15,0.1,1,1,2,40,"post_fragmentation","chessboard",106,1474,30,24,87,9,471,1
39,893,50,0.8,0.7,0.15,0.1,1,1,2,40,"post_fragmentation","chessboard",106,1474,30,24,87,9,531,1
39,893,50,0.8,0.7,0.15,0.1,1,1,2,40,"post_fragmentation","chessboard",107,1480,30,30,90,2,133,1
39,893,50,0.8,0.7,0.15,0.1,1,1,2,40,"post_fragmentation","chessboard",107,1480,30,30,90,2,157,2
39,893,50,0.8,0.7,0.15,0.1,1,1,2,40,"post_fragmentation","chessboard",107,1480,30,30,90,2,164,1
39,893,50,0.8,0.7,0.15,0.1,1,1,2,40,"post_fragmentation","chessboard",107,1480,30,30,90,2,194,1
39,893,50,0.8,0.7,0.15,0.1,1,1,2,40,"post_fragmentation","chessboard",107,1480,30,30,90,2,197,1
39,893,50,0.8,0.7,0.15,0.1,1,1,2,40,"post_fragmentation","chessboard",107,1480,30,30,90,2,201,1
39,893,50,0.8,0.7,0.15,0.1,1,1,2,40,"post_fragmentation","chessboard",107,1480,30,30,90,2,202,3
39,893,50,0.8,0.7,0.15,0.1,1,1,2,40,"post_fragmentation","chessboard",107,1480,30,30,90,2,207,1
39,893,50,0.8,0.7,0.15,0.1,1,1,2,40,"post_fragmentation","chessboard",107,1480,30,30,90,2,211,1
39,893,50,0.8,0.7,0.15,0.1,1,1,2,40,"post_fragmentation","chessboard",107,1480,30,30,90,2,213,7
39,893,50,0.8,0.7,0.15,0.1,1,1,2,40,"post_fragmentation","chessboard",107,1480,30,30,90,2,222,2
39,893,50,0.8,0.7,0.15,0.1,1,1,2,40,"post_fragmentation","chessboard",107,1480,30,30,90,2,225,1
39,893,50,0.8,0.7,0.15,0.1,1,1,2,40,"post_fragmentation","chessboard",107,1480,30,30,90,2,235,1
39,893,50,0.8,0.7,0.15,0.1,1,1,2,40,"post_fragmentation","chessboard",107,1480,30,30,90,2,240,1
39,893,50,0.8,0.7,0.15,0.1,1,1,2,40,"post_fragmentation","chessboard",107,1480,30,30,90,2,242,1
39,893,50,0.8,0.7,0.15,0.1,1,1,2,40,"post_fragmentation","chessboard",107,1480,30,30,90,2,248,1
39,893,50,0.8,0.7,0.15,0.1,1,1,2,40,"post_fragmentation","chessboard",107,1480,30,30,90,2,257,1
39,893,50,0.8,0.7,0.15,0.1,1,1,2,40,"post_fragmentation","chessboard",107,1480,30,30,90,2,258,1
39,893,50,0.8,0.7,0.15,0.1,1,1,2,40,"post_fragmentation","chessboard",107,1480,30,30,90,2,262,1
39,893,50,0.8,0.7,0.15,0.1,1,1,2,40,"post_fragmentation","chessboard",107,1480,30,30,90,2,263,1
39,893,50,0.8,0.7,0.15,0.1,1,1,2,40,"post_fragmentation","chessboard",107,1480,30,30,90,2,268,1
39,893,50,0.8,0.7,0.15,0.1,1,1,2,40,"post_fragmentation","chessboard",107,1480,30,30,90,2,279,4
39,893,50,0.8,0.7,0.15,0.1,1,1,2,40,"post_fragmentation","chessboard",107,1480,30,30,90,2,287,1
39,893,50,0.8,0.7,0.15,0.1,1,1,2,40,"post_fragmentation","chessboard",107,1480,30,30,90,2,288,1
39,893,50,0.8,0.7,0.15,0.1,1,1,2,40,"post_fragmentation","chessboard",107,1480,30,30,90,2,301,1
39,893,50,0.8,0.7,0.15,0.1,1,1,2,40,"post_fragmentation","chessboard",107,1480,30,30,90,2,330,1
39,893,50,0.8,0.7,0.15,0.1,1,1,2,40,"post_fragmentation","chessboard",108,1486,30,36,88,29,483,1
39,893,50,0.8,0.7,0.15,0.1,1,1,2,40,"post_fragmentation","chessboard",108,1486,30,36,88,29,498,1
39,893,50,0.8,0.7,0.15,0.1,1,1,2,40,"post_fragmentation","chessboard",108,1486,30,36,88,29,537,1
39,893,50,0.8,0.7,0.15,0.1,1,1,2,40,"post_fragmentation","chessboard",108,1486,30,36,88,29,553,2
39,893,50,0.8,0.7,0.15,0.1,1,1,2,40,"post_fragmentation","chessboard",108,1486,30,36,88,29,555,1
39,893,50,0.8,0.7,0.15,0.1,1,1,2,40,"post_fragmentation","chessboard",108,1486,30,36,88,29,593,1
39,893,50,0.8,0.7,0.15,0.1,1,1,2,40,"post_fragmentation","chessboard",108,1486,30,36,88,29,605,4
39,893,50,0.8,0.7,0.15,0.1,1,1,2,40,"post_fragmentation","chessboard",108,1486,30,36,88,29,618,1
39,893,50,0.8,0.7,0.15,0.1,1,1,2,40,"post_fragmentation","chessboard",108,1486,30,36,88,29,624,4
39,893,50,0.8,0.7,0.15,0.1,1,1,2,40,"post_fragmentation","chessboard",108,1486,30,36,88,29,639,2
39,893,50,0.8,0.7,0.15,0.1,1,1,2,40,"post_fragmentation","chessboard",108,1486,30,36,88,29,645,2
39,893,50,0.8,0.7,0.15,0.1,1,1,2,40,"post_fragmentation","chessboard",108,1486,30,36,88,29,652,3
39,893,50,0.8,0.7,0.15,0.1,1,1,2,40,"post_fragmentation","chessboard",108,1486,30,36,88,29,665,1
39,893,50,0.8,0.7,0.15,0.1,1,1,2,40,"post_fragmentation","chessboard",108,1486,30,36,88,29,678,1
39,893,50,0.8,0.7,0.15,0.1,1,1,2,40,"post_fragmentation","chessboard",108,1486,30,36,88,29,687,1
39,893,50,0.8,0.7,0.15,0.1,1,1,2,40,"post_fragmentation","chessboard",108,1486,30,36,88,29,689,1
39,893,50,0.8,0.7,0.15,0.1,1,1,2,40,"post_fragmentation","chessboard",108,1486,30,36,88,29,691,1
39,893,50,0.8,0.7,0.15,0.1,1,1,2,40,"post_fragmentation","chessboard",108,1486,30,36,88,29,695,1
39,893,50,0.8,0.7,0.15,0.1,1,1,2,40,"post_fragmentation","chessboard",108,1486,30,36,88,29,705,1
39,893,50,0.8,0.7,0.15,0.1,1,1,2,40,"post_fragmentation","chessboard",108,1486,30,36,88,29,721,4
39,893,50,0.8,0.7,0.15,0.1,1,1,2,40,"post_fragmentation","chessboard",108,1486,30,36,88,29,725,1
39,893,50,0.8,0.7,0.15,0.1,1,1,2,40,"post_fragmentation","chessboard",108,1486,30,36,88,29,731,1
39,893,50,0.8,0.7,0.15,0.1,1,1,2,40,"post_fragmentation","chessboard",108,1486,30,36,88,29,736,4
39,893,50,0.8,0.7,0.15,0.1,1,1,2,40,"post_fragmentation","chessboard",108,1486,30,36,88,29,749,1
39,893,50,0.8,0.7,0.15,0.1,1,1,2,40,"post_fragmentation","chessboard",108,1486,30,36,88,29,778,1
39,893,50,0.8,0.7,0.15,0.1,1,1,2,40,"post_fragmentation","chessboard",109,1488,30,38,88,29,665,3
39,893,50,0.8,0.7,0.15,0.1,1,1,2,40,"post_fragmentation","chessboard",109,1488,30,38,88,29,678,1
39,893,50,0.8,0.7,0.15,0.1,1,1,2,40,"post_fragmentation","chessboard",109,1488,30,38,88,29,684,1
39,893,50,0.8,0.7,0.15,0.1,1,1,2,40,"post_fragmentation","chessboard",109,1488,30,38,88,29,687,2
39,893,50,0.8,0.7,0.15,0.1,1,1,2,40,"post_fragmentation","chessboard",109,1488,30,38,88,29,697,1
39,893,50,0.8,0.7,0.15,0.1,1,1,2,40,"post_fragmentation","chessboard",109,1488,30,38,88,29,711,1
39,893,50,0.8,0.7,0.15,0.1,1,1,2,40,"post_fragmentation","chessboard",109,1488,30,38,88,29,719,1
39,893,50,0.8,0.7,0.15,0.1,1,1,2,40,"post_fragmentation","chessboard",109,1488,30,38,88,29,721,5
39,893,50,0.8,0.7,0.15,0.1,1,1,2,40,"post_fragmentation","chessboard",109,1488,30,38,88,29,731,1
39,893,50,0.8,0.7,0.15,0.1,1,1,2,40,"post_fragmentation","chessboard",109,1488,30,38,88,29,757,1
39,893,50,0.8,0.7,0.15,0.1,1,1,2,40,"post_fragmentation","chessboard",109,1488,30,38,88,29,759,4
39,893,50,0.8,0.7,0.15,0.1,1,1,2,40,"post_fragmentation","chessboard",109,1488,30,38,88,29,772,1
39,893,50,0.8,0.7,0.15,0.1,1,1,2,40,"post_fragmentation","chessboard",109,1488,30,38,88,29,777,1
39,893,50,0.8,0.7,0.15,0.1,1,1,2,40,"post_fragmentation","chessboard",109,1488,30,38,88,29,778,2
39,893,50,0.8,0.7,0.15,0.1,1,1,2,40,"post_fragmentation","chessboard",109,1488,30,38,88,29,784,1
39,893,50,0.8,0.7,0.15,0.1,1,1,2,40,"post_fragmentation","chessboard",109,1488,30,38,88,29,790,1
39,893,50,0.8,0.7,0.15,0.1,1,1,2,40,"post_fragmentation","chessboard",109,1488,30,38,88,29,819,1
39,893,50,0.8,0.7,0.15,0.1,1,1,2,40,"post_fragmentation","chessboard",109,1488,30,38,88,29,854,1
39,893,50,0.8,0.7,0.15,0.1,1,1,2,40,"post_fragmentation","chessboard",110,1490,30,40,91,14,645,1
39,893,50,0.8,0.7,0.15,0.1,1,1,2,40,"post_fragmentation","chessboard",110,1490,30,40,91,14,665,1
39,893,50,0.8,0.7,0.15,0.1,1,1,2,40,"post_fragmentation","chessboard",110,1490,30,40,91,14,678,4
39,893,50,0.8,0.7,0.15,0.1,1,1,2,40,"post_fragmentation","chessboard",110,1490,30,40,91,14,705,1
39,893,50,0.8,0.7,0.15,0.1,1,1,2,40,"post_fragmentation","chessboard",110,1490,30,40,91,14,711,1
39,893,50,0.8,0.7,0.15,0.1,1,1,2,40,"post_fragmentation","chessboard",110,1490,30,40,91,14,721,2
39,893,50,0.8,0.7,0.15,0.1,1,1,2,40,"post_fragmentation","chessboard",110,1490,30,40,91,14,724,2
39,893,50,0.8,0.7,0.15,0.1,1,1,2,40,"post_fragmentation","chessboard",110,1490,30,40,91,14,725,1
39,893,50,0.8,0.7,0.15,0.1,1,1,2,40,"post_fragmentation","chessboard",110,1490,30,40,91,14,729,1
39,893,50,0.8,0.7,0.15,0.1,1,1,2,40,"post_fragmentation","chessboard",110,1490,30,40,91,14,734,6
39,893,50,0.8,0.7,0.15,0.1,1,1,2,40,"post_fragmentation","chessboard",110,1490,30,40,91,14,736,1
39,893,50,0.8,0.7,0.15,0.1,1,1,2,40,"post_fragmentation","chessboard",110,1490,30,40,91,14,738,1
39,893,50,0.8,0.7,0.15,0.1,1,1,2,40,"post_fragmentation","chessboard",110,1490,30,40,91,14,749,1
39,893,50,0.8,0.7,0.15,0.1,1,1,2,40,"post_fragmentation","chessboard",110,1490,30,40,91,14,750,1
39,893,50,0.8,0.7,0.15,0.1,1,1,2,40,"post_fragmentation","chessboard",110,1490,30,40,91,14,754,2
39,893,50,0.8,0.7,0.15,0.1,1,1,2,40,"post_fragmentation","chessboard",110,1490,30,40,91,14,758,1
39,893,50,0.8,0.7,0.15,0.1,1,1,2,40,"post_fragmentation","chessboard",110,1490,30,40,91,14,759,2
39,893,50,0.8,0.7,0.15,0.1,1,1,2,40,"post_fragmentation","chessboard",110,1490,30,40,91,14,765,1
39,893,50,0.8,0.7,0.15,0.1,1,1,2,40,"post_fragmentation","chessboard",110,1490,30,40,91,14,769,1
39,893,50,0.8,0.7,0.15,0.1,1,1,2,40,"post_fragmentation","chessboard",110,1490,30,40,91,14,772,3
39,893,50,0.8,0.7,0.15,0.1,1,1,2,40,"post_fragmentation","chessboard",110,1490,30,40,91,14,786,1
39,893,50,0.8,0.7,0.15,0.1,1,1,2,40,"post_fragmentation","chessboard",110,1490,30,40,91,14,809,1
39,893,50,0.8,0.7,0.15,0.1,1,1,2,40,"post_fragmentation","chessboard",111,1492,30,42,91,14,600,1
39,893,50,0.8,0.7,0.15,0.1,1,1,2,40,"post_fragmentation","chessboard",111,1492,30,42,91,14,639,1
39,893,50,0.8,0.7,0.15,0.1,1,1,2,40,"post_fragmentation","chessboard",111,1492,30,42,91,14,678,1
39,893,50,0.8,0.7,0.15,0.1,1,1,2,40,"post_fragmentation","chessboard",111,1492,30,42,91,14,680,3
39,893,50,0.8,0.7,0.15,0.1,1,1,2,40,"post_fragmentation","chessboard",111,1492,30,42,91,14,686,1
39,893,50,0.8,0.7,0.15,0.1,1,1,2,40,"post_fragmentation","chessboard",111,1492,30,42,91,14,703,1
39,893,50,0.8,0.7,0.15,0.1,1,1,2,40,"post_fragmentation","chessboard",111,1492,30,42,91,14,711,1
39,893,50,0.8,0.7,0.15,0.1,1,1,2,40,"post_fragmentation","chessboard",111,1492,30,42,91,14,714,1
39,893,50,0.8,0.7,0.15,0.1,1,1,2,40,"post_fragmentation","chessboard",111,1492,30,42,91,14,721,1
39,893,50,0.8,0.7,0.15,0.1,1,1,2,40,"post_fragmentation","chessboard",111,1492,30,42,91,14,724,2
39,893,50,0.8,0.7,0.15,0.1,1,1,2,40,"post_fragmentation","chessboard",111,1492,30,42,91,14,734,1
39,893,50,0.8,0.7,0.15,0.1,1,1,2,40,"post_fragmentation","chessboard",111,1492,30,42,91,14,736,3
39,893,50,0.8,0.7,0.15,0.1,1,1,2,40,"post_fragmentation","chessboard",111,1492,30,42,91,14,738,1
39,893,50,0.8,0.7,0.15,0.1,1,1,2,40,"post_fragmentation","chessboard",111,1492,30,42,91,14,748,3
39,893,50,0.8,0.7,0.15,0.1,1,1,2,40,"post_fragmentation","chessboard",111,1492,30,42,91,14,749,2
39,893,50,0.8,0.7,0.15,0.1,1,1,2,40,"post_fragmentation","chessboard",111,1492,30,42,91,14,750,1
39,893,50,0.8,0.7,0.15,0.1,1,1,2,40,"post_fragmentation","chessboard",111,1492,30,42,91,14,759,1
39,893,50,0.8,0.7,0.15,0.1,1,1,2,40,"post_fragmentation","chessboard",111,1492,30,42,91,14,762,3
39,893,50,0.8,0.7,0.15,0.1,1,1,2,40,"post_fragmentation","chessboard",111,1492,30,42,91,14,769,1
39,893,50,0.8,0.7,0.15,0.1,1,1,2,40,"post_fragmentation","chessboard",111,1492,30,42,91,14,772,3
39,893,50,0.8,0.7,0.15,0.1,1,1,2,40,"post_fragmentation","chessboard",111,1492,30,42,91,14,775,1
39,893,50,0.8,0.7,0.15,0.1,1,1,2,40,"post_fragmentation","chessboard",111,1492,30,42,91,14,779,1
39,893,50,0.8,0.7,0.15,0.1,1,1,2,40,"post_fragmentation","chessboard",111,1492,30,42,91,14,782,1
39,893,50,0.8,0.7,0.15,0.1,1,1,2,40,"post_fragmentation","chessboard",111,1492,30,42,91,14,794,1
39,893,50,0.8,0.7,0.15,0.1,1,1,2,40,"post_fragmentation","chessboard",111,1492,30,42,91,14,808,1
39,893,50,0.8,0.7,0.15,0.1,1,1,2,40,"post_fragmentation","chessboard",111,1492,30,42,91,14,818,1
39,893,50,0.8,0.7,0.15,0.1,1,1,2,40,"post_fragmentation","chessboard",111,1492,30,42,91,14,839,1
39,893,50,0.8,0.7,0.15,0.1,1,1,2,40,"post_fragmentation","chessboard",111,1492,30,42,91,14,857,1
39,893,50,0.8,0.7,0.15,0.1,1,1,2,40,"post_fragmentation","chessboard",112,1500,30,50,93,1,762,1
39,893,50,0.8,0.7,0.15,0.1,1,1,2,40,"post_fragmentation","chessboard",112,1500,30,50,93,1,778,2
39,893,50,0.8,0.7,0.15,0.1,1,1,2,40,"post_fragmentation","chessboard",112,1500,30,50,93,1,818,1
39,893,50,0.8,0.7,0.15,0.1,1,1,2,40,"post_fragmentation","chessboard",112,1500,30,50,93,1,821,1
39,893,50,0.8,0.7,0.15,0.1,1,1,2,40,"post_fragmentation","chessboard",112,1500,30,50,93,1,833,1
39,893,50,0.8,0.7,0.15,0.1,1,1,2,40,"post_fragmentation","chessboard",112,1500,30,50,93,1,839,1
39,893,50,0.8,0.7,0.15,0.1,1,1,2,40,"post_fragmentation","chessboard",112,1500,30,50,93,1,841,2
39,893,50,0.8,0.7,0.15,0.1,1,1,2,40,"post_fragmentation","chessboard",112,1500,30,50,93,1,846,1
39,893,50,0.8,0.7,0.15,0.1,1,1,2,40,"post_fragmentation","chessboard",112,1500,30,50,93,1,848,2
39,893,50,0.8,0.7,0.15,0.1,1,1,2,40,"post_fragmentation","chessboard",112,1500,30,50,93,1,852,2
39,893,50,0.8,0.7,0.15,0.1,1,1,2,40,"post_fragmentation","chessboard",112,1500,30,50,93,1,862,1
39,893,50,0.8,0.7,0.15,0.1,1,1,2,40,"post_fragmentation","chessboard",112,1500,30,50,93,1,864,2
39,893,50,0.8,0.7,0.15,0.1,1,1,2,40,"post_fragmentation","chessboard",112,1500,30,50,93,1,884,2
39,893,50,0.8,0.7,0.15,0.1,1,1,2,40,"post_fragmentation","chessboard",112,1500,30,50,93,1,885,1
39,893,50,0.8,0.7,0.15,0.1,1,1,2,40,"post_fragmentation","chessboard",112,1500,30,50,93,1,888,1
39,893,50,0.8,0.7,0.15,0.1,1,1,2,40,"post_fragmentation","chessboard",112,1500,30,50,93,1,893,2
39,893,50,0.8,0.7,0.15,0.1,1,1,2,40,"post_fragmentation","chessboard",112,1500,30,50,93,1,900,1
39,893,50,0.8,0.7,0.15,0.1,1,1,2,40,"post_fragmentation","chessboard",112,1500,30,50,93,1,902,1
39,893,50,0.8,0.7,0.15,0.1,1,1,2,40,"post_fragmentation","chessboard",112,1500,30,50,93,1,910,1
39,893,50,0.8,0.7,0.15,0.1,1,1,2,40,"post_fragmentation","chessboard",112,1500,30,50,93,1,914,4
39,893,50,0.8,0.7,0.15,0.1,1,1,2,40,"post_fragmentation","chessboard",112,1500,30,50,93,1,939,1
39,893,50,0.8,0.7,0.15,0.1,1,1,2,40,"post_fragmentation","chessboard",112,1500,30,50,93,1,940,2
39,893,50,0.8,0.7,0.15,0.1,1,1,2,40,"post_fragmentation","chessboard",112,1500,30,50,93,1,956,1
39,893,50,0.8,0.7,0.15,0.1,1,1,2,40,"post_fragmentation","chessboard",112,1500,30,50,93,1,958,1
39,893,50,0.8,0.7,0.15,0.1,1,1,2,40,"post_fragmentation","chessboard",113,1535,31,35,88,29,366,1
39,893,50,0.8,0.7,0.15,0.1,1,1,2,40,"post_fragmentation","chessboard",113,1535,31,35,88,29,374,1
39,893,50,0.8,0.7,0.15,0.1,1,1,2,40,"post_fragmentation","chessboard",113,1535,31,35,88,29,403,1
39,893,50,0.8,0.7,0.15,0.1,1,1,2,40,"post_fragmentation","chessboard",113,1535,31,35,88,29,425,1
39,893,50,0.8,0.7,0.15,0.1,1,1,2,40,"post_fragmentation","chessboard",113,1535,31,35,88,29,434,1
39,893,50,0.8,0.7,0.15,0.1,1,1,2,40,"post_fragmentation","chessboard",113,1535,31,35,88,29,439,2
39,893,50,0.8,0.7,0.15,0.1,1,1,2,40,"post_fragmentation","chessboard",113,1535,31,35,88,29,450,2
39,893,50,0.8,0.7,0.15,0.1,1,1,2,40,"post_fragmentation","chessboard",113,1535,31,35,88,29,461,2
39,893,50,0.8,0.7,0.15,0.1,1,1,2,40,"post_fragmentation","chessboard",113,1535,31,35,88,29,466,1
39,893,50,0.8,0.7,0.15,0.1,1,1,2,40,"post_fragmentation","chessboard",113,1535,31,35,88,29,474,3
39,893,50,0.8,0.7,0.15,0.1,1,1,2,40,"post_fragmentation","chessboard",113,1535,31,35,88,29,490,2
39,893,50,0.8,0.7,0.15,0.1,1,1,2,40,"post_fragmentation","chessboard",113,1535,31,35,88,29,492,2
39,893,50,0.8,0.7,0.15,0.1,1,1,2,40,"post_fragmentation","chessboard",113,1535,31,35,88,29,526,2
39,893,50,0.8,0.7,0.15,0.1,1,1,2,40,"post_fragmentation","chessboard",113,1535,31,35,88,29,529,2
39,893,50,0.8,0.7,0.15,0.1,1,1,2,40,"post_fragmentation","chessboard",113,1535,31,35,88,29,545,3
39,893,50,0.8,0.7,0.15,0.1,1,1,2,40,"post_fragmentation","chessboard",113,1535,31,35,88,29,566,2
39,893,50,0.8,0.7,0.15,0.1,1,1,2,40,"post_fragmentation","chessboard",113,1535,31,35,88,29,567,2
39,893,50,0.8,0.7,0.15,0.1,1,1,2,40,"post_fragmentation","chessboard",113,1535,31,35,88,29,591,1
39,893,50,0.8,0.7,0.15,0.1,1,1,2,40,"post_fragmentation","chessboard",113,1535,31,35,88,29,608,1
39,893,50,0.8,0.7,0.15,0.1,1,1,2,40,"post_fragmentation","chessboard",113,1535,31,35,88,29,618,1
39,893,50,0.8,0.7,0.15,0.1,1,1,2,40,"post_fragmentation","chessboard",113,1535,31,35,88,29,686,1
39,893,50,0.8,0.7,0.15,0.1,1,1,2,40,"post_fragmentation","chessboard",113,1535,31,35,88,29,691,2
39,893,50,0.8,0.7,0.15,0.1,1,1,2,40,"post_fragmentation","chessboard",113,1535,31,35,88,29,703,1
39,893,50,0.8,0.7,0.15,0.1,1,1,2,40,"post_fragmentation","chessboard",113,1535,31,35,88,29,714,1
39,893,50,0.8,0.7,0.15,0.1,1,1,2,40,"post_fragmentation","chessboard",113,1535,31,35,88,29,724,1
39,893,50,0.8,0.7,0.15,0.1,1,1,2,40,"post_fragmentation","chessboard",113,1535,31,35,88,29,748,1
39,893,50,0.8,0.7,0.15,0.1,1,1,2,40,"post_fragmentation","chessboard",114,1537,31,37,88,29,584,1
39,893,50,0.8,0.7,0.15,0.1,1,1,2,40,"post_fragmentation","chessboard",114,1537,31,37,88,29,600,1
39,893,50,0.8,0.7,0.15,0.1,1,1,2,40,"post_fragmentation","chessboard",114,1537,31,37,88,29,605,2
39,893,50,0.8,0.7,0.15,0.1,1,1,2,40,"post_fragmentation","chessboard",114,1537,31,37,88,29,639,1
39,893,50,0.8,0.7,0.15,0.1,1,1,2,40,"post_fragmentation","chessboard",114,1537,31,37,88,29,645,1
39,893,50,0.8,0.7,0.15,0.1,1,1,2,40,"post_fragmentation","chessboard",114,1537,31,37,88,29,652,1
39,893,50,0.8,0.7,0.15,0.1,1,1,2,40,"post_fragmentation","chessboard",114,1537,31,37,88,29,660,2
39,893,50,0.8,0.7,0.15,0.1,1,1,2,40,"post_fragmentation","chessboard",114,1537,31,37,88,29,665,3
39,893,50,0.8,0.7,0.15,0.1,1,1,2,40,"post_fragmentation","chessboard",114,1537,31,37,88,29,678,4
39,893,50,0.8,0.7,0.15,0.1,1,1,2,40,"post_fragmentation","chessboard",114,1537,31,37,88,29,680,1
39,893,50,0.8,0.7,0.15,0.1,1,1,2,40,"post_fragmentation","chessboard",114,1537,31,37,88,29,691,1
39,893,50,0.8,0.7,0.15,0.1,1,1,2,40,"post_fragmentation","chessboard",114,1537,31,37,88,29,697,1
39,893,50,0.8,0.7,0.15,0.1,1,1,2,40,"post_fragmentation","chessboard",114,1537,31,37,88,29,711,1
39,893,50,0.8,0.7,0.15,0.1,1,1,2,40,"post_fragmentation","chessboard",114,1537,31,37,88,29,714,1
39,893,50,0.8,0.7,0.15,0.1,1,1,2,40,"post_fragmentation","chessboard",114,1537,31,37,88,29,721,4
39,893,50,0.8,0.7,0.15,0.1,1,1,2,40,"post_fragmentation","chessboard",114,1537,31,37,88,29,724,2
39,893,50,0.8,0.7,0.15,0.1,1,1,2,40,"post_fragmentation","chessboard",114,1537,31,37,88,29,729,2
39,893,50,0.8,0.7,0.15,0.1,1,1,2,40,"post_fragmentation","chessboard",114,1537,31,37,88,29,736,2
39,893,50,0.8,0.7,0.15,0.1,1,1,2,40,"post_fragmentation","chessboard",114,1537,31,37,88,29,738,2
39,893,50,0.8,0.7,0.15,0.1,1,1,2,40,"post_fragmentation","chessboard",114,1537,31,37,88,29,754,2
39,893,50,0.8,0.7,0.15,0.1,1,1,2,40,"post_fragmentation","chessboard",114,1537,31,37,88,29,759,1
39,893,50,0.8,0.7,0.15,0.1,1,1,2,40,"post_fragmentation","chessboard",114,1537,31,37,88,29,769,1
39,893,50,0.8,0.7,0.15,0.1,1,1,2,40,"post_fragmentation","chessboard",114,1537,31,37,88,29,772,1
39,893,50,0.8,0.7,0.15,0.1,1,1,2,40,"post_fragmentation","chessboard",114,1537,31,37,88,29,777,1
39,893,50,0.8,0.7,0.15,0.1,1,1,2,40,"post_fragmentation","chessboard",114,1537,31,37,88,29,780,1
39,893,50,0.8,0.7,0.15,0.1,1,1,2,40,"post_fragmentation","chessboard",114,1537,31,37,88,29,806,1
39,893,50,0.8,0.7,0.15,0.1,1,1,2,40,"post_fragmentation","chessboard",114,1537,31,37,88,29,819,1
39,893,50,0.8,0.7,0.15,0.1,1,1,2,40,"post_fragmentation","chessboard",114,1537,31,37,88,29,854,1
39,893,50,0.8,0.7,0.15,0.1,1,1,2,40,"post_fragmentation","chessboard",115,1541,31,41,91,14,550,1
39,893,50,0.8,0.7,0.15,0.1,1,1,2,40,"post_fragmentation","chessboard",115,1541,31,41,91,14,675,1
39,893,50,0.8,0.7,0.15,0.1,1,1,2,40,"post_fragmentation","chessboard",115,1541,31,41,91,14,678,1
39,893,50,0.8,0.7,0.15,0.1,1,1,2,40,"post_fragmentation","chessboard",115,1541,31,41,91,14,680,1
39,893,50,0.8,0.7,0.15,0.1,1,1,2,40,"post_fragmentation","chessboard",115,1541,31,41,91,14,689,1
39,893,50,0.8,0.7,0.15,0.1,1,1,2,40,"post_fragmentation","chessboard",115,1541,31,41,91,14,694,2
39,893,50,0.8,0.7,0.15,0.1,1,1,2,40,"post_fragmentation","chessboard",115,1541,31,41,91,14,697,1
39,893,50,0.8,0.7,0.15,0.1,1,1,2,40,"post_fragmentation","chessboard",115,1541,31,41,91,14,705,1
39,893,50,0.8,0.7,0.15,0.1,1,1,2,40,"post_fragmentation","chessboard",115,1541,31,41,91,14,711,1
39,893,50,0.8,0.7,0.15,0.1,1,1,2,40,"post_fragmentation","chessboard",115,1541,31,41,91,14,721,3
39,893,50,0.8,0.7,0.15,0.1,1,1,2,40,"post_fragmentation","chessboard",115,1541,31,41,91,14,734,1
39,893,50,0.8,0.7,0.15,0.1,1,1,2,40,"post_fragmentation","chessboard",115,1541,31,41,91,14,736,3
39,893,50,0.8,0.7,0.15,0.1,1,1,2,40,"post_fragmentation","chessboard",115,1541,31,41,91,14,748,1
39,893,50,0.8,0.7,0.15,0.1,1,1,2,40,"post_fragmentation","chessboard",115,1541,31,41,91,14,750,1
39,893,50,0.8,0.7,0.15,0.1,1,1,2,40,"post_fragmentation","chessboard",115,1541,31,41,91,14,754,2
39,893,50,0.8,0.7,0.15,0.1,1,1,2,40,"post_fragmentation","chessboard",115,1541,31,41,91,14,757,1
39,893,50,0.8,0.7,0.15,0.1,1,1,2,40,"post_fragmentation","chessboard",115,1541,31,41,91,14,762,1
39,893,50,0.8,0.7,0.15,0.1,1,1,2,40,"post_fragmentation","chessboard",115,1541,31,41,91,14,765,2
39,893,50,0.8,0.7,0.15,0.1,1,1,2,40,"post_fragmentation","chessboard",115,1541,31,41,91,14,769,4
39,893,50,0.8,0.7,0.15,0.1,1,1,2,40,"post_fragmentation","chessboard",115,1541,31,41,91,14,775,1
39,893,50,0.8,0.7,0.15,0.1,1,1,2,40,"post_fragmentation","chessboard",115,1541,31,41,91,14,790,1
39,893,50,0.8,0.7,0.15,0.1,1,1,2,40,"post_fragmentation","chessboard",115,1541,31,41,91,14,797,1
39,893,50,0.8,0.7,0.15,0.1,1,1,2,40,"post_fragmentation","chessboard",115,1541,31,41,91,14,806,2
39,893,50,0.8,0.7,0.15,0.1,1,1,2,40,"post_fragmentation","chessboard",115,1541,31,41,91,14,839,1
39,893,50,0.8,0.7,0.15,0.1,1,1,2,40,"post_fragmentation","chessboard",115,1541,31,41,91,14,857,1
39,893,50,0.8,0.7,0.15,0.1,1,1,2,40,"post_fragmentation","chessboard",115,1541,31,41,91,14,862,1
39,893,50,0.8,0.7,0.15,0.1,1,1,2,40,"post_fragmentation","chessboard",116,1570,32,20,94,1,263,1
39,893,50,0.8,0.7,0.15,0.1,1,1,2,40,"post_fragmentation","chessboard",116,1570,32,20,94,1,270,1
39,893,50,0.8,0.7,0.15,0.1,1,1,2,40,"post_fragmentation","chessboard",116,1570,32,20,94,1,287,1
39,893,50,0.8,0.7,0.15,0.1,1,1,2,40,"post_fragmentation","chessboard",116,1570,32,20,94,1,338,7
39,893,50,0.8,0.7,0.15,0.1,1,1,2,40,"post_fragmentation","chessboard",116,1570,32,20,94,1,352,2
39,893,50,0.8,0.7,0.15,0.1,1,1,2,40,"post_fragmentation","chessboard",116,1570,32,20,94,1,366,7
39,893,50,0.8,0.7,0.15,0.1,1,1,2,40,"post_fragmentation","chessboard",116,1570,32,20,94,1,374,4
39,893,50,0.8,0.7,0.15,0.1,1,1,2,40,"post_fragmentation","chessboard",116,1570,32,20,94,1,375,2
39,893,50,0.8,0.7,0.15,0.1,1,1,2,40,"post_fragmentation","chessboard",116,1570,32,20,94,1,387,1
39,893,50,0.8,0.7,0.15,0.1,1,1,2,40,"post_fragmentation","chessboard",116,1570,32,20,94,1,399,1
39,893,50,0.8,0.7,0.15,0.1,1,1,2,40,"post_fragmentation","chessboard",116,1570,32,20,94,1,400,1
39,893,50,0.8,0.7,0.15,0.1,1,1,2,40,"post_fragmentation","chessboard",116,1570,32,20,94,1,408,1
39,893,50,0.8,0.7,0.15,0.1,1,1,2,40,"post_fragmentation","chessboard",116,1570,32,20,94,1,410,2
39,893,50,0.8,0.7,0.15,0.1,1,1,2,40,"post_fragmentation","chessboard",116,1570,32,20,94,1,418,2
39,893,50,0.8,0.7,0.15,0.1,1,1,2,40,"post_fragmentation","chessboard",116,1570,32,20,94,1,440,1
39,893,50,0.8,0.7,0.15,0.1,1,1,2,40,"post_fragmentation","chessboard",116,1570,32,20,94,1,449,1
39,893,50,0.8,0.7,0.15,0.1,1,1,2,40,"post_fragmentation","chessboard",116,1570,32,20,94,1,484,1
39,893,50,0.8,0.7,0.15,0.1,1,1,2,40,"post_fragmentation","chessboard",116,1570,32,20,94,1,502,1
39,893,50,0.8,0.7,0.15,0.1,1,1,2,40,"post_fragmentation","chessboard",116,1570,32,20,94,1,504,1
39,893,50,0.8,0.7,0.15,0.1,1,1,2,40,"post_fragmentation","chessboard",116,1570,32,20,94,1,578,1
39,893,50,0.8,0.7,0.15,0.1,1,1,2,40,"post_fragmentation","chessboard",117,1582,32,32,96,1,159,1
39,893,50,0.8,0.7,0.15,0.1,1,1,2,40,"post_fragmentation","chessboard",117,1582,32,32,96,1,169,1
39,893,50,0.8,0.7,0.15,0.1,1,1,2,40,"post_fragmentation","chessboard",117,1582,32,32,96,1,201,1
39,893,50,0.8,0.7,0.15,0.1,1,1,2,40,"post_fragmentation","chessboard",117,1582,32,32,96,1,222,1
39,893,50,0.8,0.7,0.15,0.1,1,1,2,40,"post_fragmentation","chessboard",117,1582,32,32,96,1,242,3
39,893,50,0.8,0.7,0.15,0.1,1,1,2,40,"post_fragmentation","chessboard",117,1582,32,32,96,1,257,5
39,893,50,0.8,0.7,0.15,0.1,1,1,2,40,"post_fragmentation","chessboard",117,1582,32,32,96,1,272,1
39,893,50,0.8,0.7,0.15,0.1,1,1,2,40,"post_fragmentation","chessboard",117,1582,32,32,96,1,279,1
39,893,50,0.8,0.7,0.15,0.1,1,1,2,40,"post_fragmentation","chessboard",117,1582,32,32,96,1,287,2
39,893,50,0.8,0.7,0.15,0.1,1,1,2,40,"post_fragmentation","chessboard",117,1582,32,32,96,1,292,1
39,893,50,0.8,0.7,0.15,0.1,1,1,2,40,"post_fragmentation","chessboard",117,1582,32,32,96,1,294,1
39,893,50,0.8,0.7,0.15,0.1,1,1,2,40,"post_fragmentation","chessboard",117,1582,32,32,96,1,297,1
39,893,50,0.8,0.7,0.15,0.1,1,1,2,40,"post_fragmentation","chessboard",117,1582,32,32,96,1,302,6
39,893,50,0.8,0.7,0.15,0.1,1,1,2,40,"post_fragmentation","chessboard",117,1582,32,32,96,1,310,1
39,893,50,0.8,0.7,0.15,0.1,1,1,2,40,"post_fragmentation","chessboard",117,1582,32,32,96,1,322,1
39,893,50,0.8,0.7,0.15,0.1,1,1,2,40,"post_fragmentation","chessboard",117,1582,32,32,96,1,332,1
39,893,50,0.8,0.7,0.15,0.1,1,1,2,40,"post_fragmentation","chessboard",117,1582,32,32,96,1,339,1
39,893,50,0.8,0.7,0.15,0.1,1,1,2,40,"post_fragmentation","chessboard",117,1582,32,32,96,1,381,1
39,893,50,0.8,0.7,0.15,0.1,1,1,2,40,"post_fragmentation","chessboard",117,1582,32,32,96,1,425,2
39,893,50,0.8,0.7,0.15,0.1,1,1,2,40,"post_fragmentation","chessboard",117,1582,32,32,96,1,470,1
39,893,50,0.8,0.7,0.15,0.1,1,1,2,40,"post_fragmentation","chessboard",117,1582,32,32,96,1,474,1
39,893,50,0.8,0.7,0.15,0.1,1,1,2,40,"post_fragmentation","chessboard",117,1582,32,32,96,1,478,1
39,893,50,0.8,0.7,0.15,0.1,1,1,2,40,"post_fragmentation","chessboard",117,1582,32,32,96,1,481,1
39,893,50,0.8,0.7,0.15,0.1,1,1,2,40,"post_fragmentation","chessboard",118,1586,32,36,88,29,461,1
39,893,50,0.8,0.7,0.15,0.1,1,1,2,40,"post_fragmentation","chessboard",118,1586,32,36,88,29,470,1
39,893,50,0.8,0.7,0.15,0.1,1,1,2,40,"post_fragmentation","chessboard",118,1586,32,36,88,29,481,1
39,893,50,0.8,0.7,0.15,0.1,1,1,2,40,"post_fragmentation","chessboard",118,1586,32,36,88,29,490,1
39,893,50,0.8,0.7,0.15,0.1,1,1,2,40,"post_fragmentation","chessboard",118,1586,32,36,88,29,537,1
39,893,50,0.8,0.7,0.15,0.1,1,1,2,40,"post_fragmentation","chessboard",118,1586,32,36,88,29,543,1
39,893,50,0.8,0.7,0.15,0.1,1,1,2,40,"post_fragmentation","chessboard",118,1586,32,36,88,29,553,1
39,893,50,0.8,0.7,0.15,0.1,1,1,2,40,"post_fragmentation","chessboard",118,1586,32,36,88,29,558,1
39,893,50,0.8,0.7,0.15,0.1,1,1,2,40,"post_fragmentation","chessboard",118,1586,32,36,88,29,586,2
39,893,50,0.8,0.7,0.15,0.1,1,1,2,40,"post_fragmentation","chessboard",118,1586,32,36,88,29,599,1
39,893,50,0.8,0.7,0.15,0.1,1,1,2,40,"post_fragmentation","chessboard",118,1586,32,36,88,29,601,3
39,893,50,0.8,0.7,0.15,0.1,1,1,2,40,"post_fragmentation","chessboard",118,1586,32,36,88,29,605,3
39,893,50,0.8,0.7,0.15,0.1,1,1,2,40,"post_fragmentation","chessboard",118,1586,32,36,88,29,615,2
39,893,50,0.8,0.7,0.15,0.1,1,1,2,40,"post_fragmentation","chessboard",118,1586,32,36,88,29,653,1
39,893,50,0.8,0.7,0.15,0.1,1,1,2,40,"post_fragmentation","chessboard",118,1586,32,36,88,29,654,1
39,893,50,0.8,0.7,0.15,0.1,1,1,2,40,"post_fragmentation","chessboard",118,1586,32,36,88,29,659,1
39,893,50,0.8,0.7,0.15,0.1,1,1,2,40,"post_fragmentation","chessboard",118,1586,32,36,88,29,678,3
39,893,50,0.8,0.7,0.15,0.1,1,1,2,40,"post_fragmentation","chessboard",118,1586,32,36,88,29,684,1
39,893,50,0.8,0.7,0.15,0.1,1,1,2,40,"post_fragmentation","chessboard",118,1586,32,36,88,29,687,1
39,893,50,0.8,0.7,0.15,0.1,1,1,2,40,"post_fragmentation","chessboard",118,1586,32,36,88,29,689,2
39,893,50,0.8,0.7,0.15,0.1,1,1,2,40,"post_fragmentation","chessboard",118,1586,32,36,88,29,691,1
39,893,50,0.8,0.7,0.15,0.1,1,1,2,40,"post_fragmentation","chessboard",118,1586,32,36,88,29,697,4
39,893,50,0.8,0.7,0.15,0.1,1,1,2,40,"post_fragmentation","chessboard",118,1586,32,36,88,29,703,1
39,893,50,0.8,0.7,0.15,0.1,1,1,2,40,"post_fragmentation","chessboard",118,1586,32,36,88,29,721,2
39,893,50,0.8,0.7,0.15,0.1,1,1,2,40,"post_fragmentation","chessboard",118,1586,32,36,88,29,736,2
39,893,50,0.8,0.7,0.15,0.1,1,1,2,40,"post_fragmentation","chessboard",118,1586,32,36,88,29,739,1
39,893,50,0.8,0.7,0.15,0.1,1,1,2,40,"post_fragmentation","chessboard",118,1586,32,36,88,29,749,1
39,893,50,0.8,0.7,0.15,0.1,1,1,2,40,"post_fragmentation","chessboard",118,1586,32,36,88,29,797,1
39,893,50,0.8,0.7,0.15,0.1,1,1,2,40,"post_fragmentation","chessboard",119,1588,32,38,88,29,549,1
39,893,50,0.8,0.7,0.15,0.1,1,1,2,40,"post_fragmentation","chessboard",119,1588,32,38,88,29,615,1
39,893,50,0.8,0.7,0.15,0.1,1,1,2,40,"post_fragmentation","chessboard",119,1588,32,38,88,29,678,1
39,893,50,0.8,0.7,0.15,0.1,1,1,2,40,"post_fragmentation","chessboard",119,1588,32,38,88,29,711,1
39,893,50,0.8,0.7,0.15,0.1,1,1,2,40,"post_fragmentation","chessboard",119,1588,32,38,88,29,721,4
39,893,50,0.8,0.7,0.15,0.1,1,1,2,40,"post_fragmentation","chessboard",119,1588,32,38,88,29,726,1
39,893,50,0.8,0.7,0.15,0.1,1,1,2,40,"post_fragmentation","chessboard",119,1588,32,38,88,29,731,1
39,893,50,0.8,0.7,0.15,0.1,1,1,2,40,"post_fragmentation","chessboard",119,1588,32,38,88,29,734,1
39,893,50,0.8,0.7,0.15,0.1,1,1,2,40,"post_fragmentation","chessboard",119,1588,32,38,88,29,736,5
39,893,50,0.8,0.7,0.15,0.1,1,1,2,40,"post_fragmentation","chessboard",119,1588,32,38,88,29,739,1
39,893,50,0.8,0.7,0.15,0.1,1,1,2,40,"post_fragmentation","chessboard",119,1588,32,38,88,29,750,3
39,893,50,0.8,0.7,0.15,0.1,1,1,2,40,"post_fragmentation","chessboard",119,1588,32,38,88,29,754,3
39,893,50,0.8,0.7,0.15,0.1,1,1,2,40,"post_fragmentation","chessboard",119,1588,32,38,88,29,757,3
39,893,50,0.8,0.7,0.15,0.1,1,1,2,40,"post_fragmentation","chessboard",119,1588,32,38,88,29,765,2
39,893,50,0.8,0.7,0.15,0.1,1,1,2,40,"post_fragmentation","chessboard",119,1588,32,38,88,29,769,1
39,893,50,0.8,0.7,0.15,0.1,1,1,2,40,"post_fragmentation","chessboard",119,1588,32,38,88,29,780,1
39,893,50,0.8,0.7,0.15,0.1,1,1,2,40,"post_fragmentation","chessboard",119,1588,32,38,88,29,781,2
39,893,50,0.8,0.7,0.15,0.1,1,1,2,40,"post_fragmentation","chessboard",119,1588,32,38,88,29,797,3
39,893,50,0.8,0.7,0.15,0.1,1,1,2,40,"post_fragmentation","chessboard",119,1588,32,38,88,29,819,1
39,893,50,0.8,0.7,0.15,0.1,1,1,2,40,"post_fragmentation","chessboard",120,1592,32,42,91,14,680,1
39,893,50,0.8,0.7,0.15,0.1,1,1,2,40,"post_fragmentation","chessboard",120,1592,32,42,91,14,683,1
39,893,50,0.8,0.7,0.15,0.1,1,1,2,40,"post_fragmentation","chessboard",120,1592,32,42,91,14,736,2
39,893,50,0.8,0.7,0.15,0.1,1,1,2,40,"post_fragmentation","chessboard",120,1592,32,42,91,14,749,2
39,893,50,0.8,0.7,0.15,0.1,1,1,2,40,"post_fragmentation","chessboard",120,1592,32,42,91,14,750,4
39,893,50,0.8,0.7,0.15,0.1,1,1,2,40,"post_fragmentation","chessboard",120,1592,32,42,91,14,769,1
39,893,50,0.8,0.7,0.15,0.1,1,1,2,40,"post_fragmentation","chessboard",120,1592,32,42,91,14,770,2
39,893,50,0.8,0.7,0.15,0.1,1,1,2,40,"post_fragmentation","chessboard",120,1592,32,42,91,14,772,3
39,893,50,0.8,0.7,0.15,0.1,1,1,2,40,"post_fragmentation","chessboard",120,1592,32,42,91,14,778,1
39,893,50,0.8,0.7,0.15,0.1,1,1,2,40,"post_fragmentation","chessboard",120,1592,32,42,91,14,781,1
39,893,50,0.8,0.7,0.15,0.1,1,1,2,40,"post_fragmentation","chessboard",120,1592,32,42,91,14,783,1
39,893,50,0.8,0.7,0.15,0.1,1,1,2,40,"post_fragmentation","chessboard",120,1592,32,42,91,14,788,2
39,893,50,0.8,0.7,0.15,0.1,1,1,2,40,"post_fragmentation","chessboard",120,1592,32,42,91,14,789,1
39,893,50,0.8,0.7,0.15,0.1,1,1,2,40,"post_fragmentation","chessboard",120,1592,32,42,91,14,794,1
39,893,50,0.8,0.7,0.15,0.1,1,1,2,40,"post_fragmentation","chessboard",120,1592,32,42,91,14,795,1
39,893,50,0.8,0.7,0.15,0.1,1,1,2,40,"post_fragmentation","chessboard",120,1592,32,42,91,14,806,1
39,893,50,0.8,0.7,0.15,0.1,1,1,2,40,"post_fragmentation","chessboard",120,1592,32,42,91,14,814,2
39,893,50,0.8,0.7,0.15,0.1,1,1,2,40,"post_fragmentation","chessboard",120,1592,32,42,91,14,815,1
39,893,50,0.8,0.7,0.15,0.1,1,1,2,40,"post_fragmentation","chessboard",120,1592,32,42,91,14,823,2
39,893,50,0.8,0.7,0.15,0.1,1,1,2,40,"post_fragmentation","chessboard",120,1592,32,42,91,14,827,1
39,893,50,0.8,0.7,0.15,0.1,1,1,2,40,"post_fragmentation","chessboard",120,1592,32,42,91,14,854,1
39,893,50,0.8,0.7,0.15,0.1,1,1,2,40,"post_fragmentation","chessboard",121,1594,32,44,91,14,665,1
39,893,50,0.8,0.7,0.15,0.1,1,1,2,40,"post_fragmentation","chessboard",121,1594,32,44,91,14,686,1
39,893,50,0.8,0.7,0.15,0.1,1,1,2,40,"post_fragmentation","chessboard",121,1594,32,44,91,14,703,1
39,893,50,0.8,0.7,0.15,0.1,1,1,2,40,"post_fragmentation","chessboard",121,1594,32,44,91,14,721,2
39,893,50,0.8,0.7,0.15,0.1,1,1,2,40,"post_fragmentation","chessboard",121,1594,32,44,91,14,736,1
39,893,50,0.8,0.7,0.15,0.1,1,1,2,40,"post_fragmentation","chessboard",121,1594,32,44,91,14,748,1
39,893,50,0.8,0.7,0.15,0.1,1,1,2,40,"post_fragmentation","chessboard",121,1594,32,44,91,14,749,1
39,893,50,0.8,0.7,0.15,0.1,1,1,2,40,"post_fragmentation","chessboard",121,1594,32,44,91,14,765,1
39,893,50,0.8,0.7,0.15,0.1,1,1,2,40,"post_fragmentation","chessboard",121,1594,32,44,91,14,769,1
39,893,50,0.8,0.7,0.15,0.1,1,1,2,40,"post_fragmentation","chessboard",121,1594,32,44,91,14,770,1
39,893,50,0.8,0.7,0.15,0.1,1,1,2,40,"post_fragmentation","chessboard",121,1594,32,44,91,14,771,2
39,893,50,0.8,0.7,0.15,0.1,1,1,2,40,"post_fragmentation","chessboard",121,1594,32,44,91,14,772,1
39,893,50,0.8,0.7,0.15,0.1,1,1,2,40,"post_fragmentation","chessboard",121,1594,32,44,91,14,775,1
39,893,50,0.8,0.7,0.15,0.1,1,1,2,40,"post_fragmentation","chessboard",121,1594,32,44,91,14,790,2
39,893,50,0.8,0.7,0.15,0.1,1,1,2,40,"post_fragmentation","chessboard",121,1594,32,44,91,14,795,1
39,893,50,0.8,0.7,0.15,0.1,1,1,2,40,"post_fragmentation","chessboard",121,1594,32,44,91,14,803,2
39,893,50,0.8,0.7,0.15,0.1,1,1,2,40,"post_fragmentation","chessboard",121,1594,32,44,91,14,806,1
39,893,50,0.8,0.7,0.15,0.1,1,1,2,40,"post_fragmentation","chessboard",121,1594,32,44,91,14,814,3
39,893,50,0.8,0.7,0.15,0.1,1,1,2,40,"post_fragmentation","chessboard",121,1594,32,44,91,14,818,2
39,893,50,0.8,0.7,0.15,0.1,1,1,2,40,"post_fragmentation","chessboard",121,1594,32,44,91,14,819,1
39,893,50,0.8,0.7,0.15,0.1,1,1,2,40,"post_fragmentation","chessboard",121,1594,32,44,91,14,848,1
39,893,50,0.8,0.7,0.15,0.1,1,1,2,40,"post_fragmentation","chessboard",121,1594,32,44,91,14,849,1
39,893,50,0.8,0.7,0.15,0.1,1,1,2,40,"post_fragmentation","chessboard",121,1594,32,44,91,14,853,2
39,893,50,0.8,0.7,0.15,0.1,1,1,2,40,"post_fragmentation","chessboard",121,1594,32,44,91,14,879,3
39,893,50,0.8,0.7,0.15,0.1,1,1,2,40,"post_fragmentation","chessboard",121,1594,32,44,91,14,888,1
39,893,50,0.8,0.7,0.15,0.1,1,1,2,40,"post_fragmentation","chessboard",121,1594,32,44,91,14,898,1
39,893,50,0.8,0.7,0.15,0.1,1,1,2,40,"post_fragmentation","chessboard",122,1600,32,50,97,2,756,1
39,893,50,0.8,0.7,0.15,0.1,1,1,2,40,"post_fragmentation","chessboard",122,1600,32,50,97,2,772,2
39,893,50,0.8,0.7,0.15,0.1,1,1,2,40,"post_fragmentation","chessboard",122,1600,32,50,97,2,805,1
39,893,50,0.8,0.7,0.15,0.1,1,1,2,40,"post_fragmentation","chessboard",122,1600,32,50,97,2,807,1
39,893,50,0.8,0.7,0.15,0.1,1,1,2,40,"post_fragmentation","chessboard",122,1600,32,50,97,2,818,1
39,893,50,0.8,0.7,0.15,0.1,1,1,2,40,"post_fragmentation","chessboard",122,1600,32,50,97,2,822,1
39,893,50,0.8,0.7,0.15,0.1,1,1,2,40,"post_fragmentation","chessboard",122,1600,32,50,97,2,827,1
39,893,50,0.8,0.7,0.15,0.1,1,1,2,40,"post_fragmentation","chessboard",122,1600,32,50,97,2,833,2
39,893,50,0.8,0.7,0.15,0.1,1,1,2,40,"post_fragmentation","chessboard",122,1600,32,50,97,2,839,1
39,893,50,0.8,0.7,0.15,0.1,1,1,2,40,"post_fragmentation","chessboard",122,1600,32,50,97,2,841,2
39,893,50,0.8,0.7,0.15,0.1,1,1,2,40,"post_fragmentation","chessboard",122,1600,32,50,97,2,843,1
39,893,50,0.8,0.7,0.15,0.1,1,1,2,40,"post_fragmentation","chessboard",122,1600,32,50,97,2,846,1
39,893,50,0.8,0.7,0.15,0.1,1,1,2,40,"post_fragmentation","chessboard",122,1600,32,50,97,2,848,2
39,893,50,0.8,0.7,0.15,0.1,1,1,2,40,"post_fragmentation","chessboard",122,1600,32,50,97,2,852,2
39,893,50,0.8,0.7,0.15,0.1,1,1,2,40,"post_fragmentation","chessboard",122,1600,32,50,97,2,855,1
39,893,50,0.8,0.7,0.15,0.1,1,1,2,40,"post_fragmentation","chessboard",122,1600,32,50,97,2,862,1
39,893,50,0.8,0.7,0.15,0.1,1,1,2,40,"post_fragmentation","chessboard",122,1600,32,50,97,2,864,1
39,893,50,0.8,0.7,0.15,0.1,1,1,2,40,"post_fragmentation","chessboard",122,1600,32,50,97,2,866,1
39,893,50,0.8,0.7,0.15,0.1,1,1,2,40,"post_fragmentation","chessboard",122,1600,32,50,97,2,869,1
39,893,50,0.8,0.7,0.15,0.1,1,1,2,40,"post_fragmentation","chessboard",122,1600,32,50,97,2,887,1
39,893,50,0.8,0.7,0.15,0.1,1,1,2,40,"post_fragmentation","chessboard",122,1600,32,50,97,2,888,1
39,893,50,0.8,0.7,0.15,0.1,1,1,2,40,"post_fragmentation","chessboard",122,1600,32,50,97,2,892,1
39,893,50,0.8,0.7,0.15,0.1,1,1,2,40,"post_fragmentation","chessboard",122,1600,32,50,97,2,894,1
39,893,50,0.8,0.7,0.15,0.1,1,1,2,40,"post_fragmentation","chessboard",122,1600,32,50,97,2,895,1
39,893,50,0.8,0.7,0.15,0.1,1,1,2,40,"post_fragmentation","chessboard",122,1600,32,50,97,2,898,1
39,893,50,0.8,0.7,0.15,0.1,1,1,2,40,"post_fragmentation","chessboard",122,1600,32,50,97,2,902,3
39,893,50,0.8,0.7,0.15,0.1,1,1,2,40,"post_fragmentation","chessboard",122,1600,32,50,97,2,914,1
39,893,50,0.8,0.7,0.15,0.1,1,1,2,40,"post_fragmentation","chessboard",122,1600,32,50,97,2,922,1
39,893,50,0.8,0.7,0.15,0.1,1,1,2,40,"post_fragmentation","chessboard",122,1600,32,50,97,2,941,1
39,893,50,0.8,0.7,0.15,0.1,1,1,2,40,"post_fragmentation","chessboard",122,1600,32,50,97,2,962,1
39,893,50,0.8,0.7,0.15,0.1,1,1,2,40,"post_fragmentation","chessboard",122,1600,32,50,97,2,992,1
39,893,50,0.8,0.7,0.15,0.1,1,1,2,40,"post_fragmentation","chessboard",123,1605,33,5,98,2,508,1
39,893,50,0.8,0.7,0.15,0.1,1,1,2,40,"post_fragmentation","chessboard",123,1605,33,5,98,2,597,1
39,893,50,0.8,0.7,0.15,0.1,1,1,2,40,"post_fragmentation","chessboard",123,1605,33,5,98,2,612,1
39,893,50,0.8,0.7,0.15,0.1,1,1,2,40,"post_fragmentation","chessboard",123,1605,33,5,98,2,625,3
39,893,50,0.8,0.7,0.15,0.1,1,1,2,40,"post_fragmentation","chessboard",123,1605,33,5,98,2,634,1
39,893,50,0.8,0.7,0.15,0.1,1,1,2,40,"post_fragmentation","chessboard",123,1605,33,5,98,2,635,1
39,893,50,0.8,0.7,0.15,0.1,1,1,2,40,"post_fragmentation","chessboard",123,1605,33,5,98,2,638,3
39,893,50,0.8,0.7,0.15,0.1,1,1,2,40,"post_fragmentation","chessboard",123,1605,33,5,98,2,641,3
39,893,50,0.8,0.7,0.15,0.1,1,1,2,40,"post_fragmentation","chessboard",123,1605,33,5,98,2,682,3
39,893,50,0.8,0.7,0.15,0.1,1,1,2,40,"post_fragmentation","chessboard",123,1605,33,5,98,2,687,1
39,893,50,0.8,0.7,0.15,0.1,1,1,2,40,"post_fragmentation","chessboard",123,1605,33,5,98,2,689,3
39,893,50,0.8,0.7,0.15,0.1,1,1,2,40,"post_fragmentation","chessboard",123,1605,33,5,98,2,691,1
39,893,50,0.8,0.7,0.15,0.1,1,1,2,40,"post_fragmentation","chessboard",123,1605,33,5,98,2,696,1
39,893,50,0.8,0.7,0.15,0.1,1,1,2,40,"post_fragmentation","chessboard",123,1605,33,5,98,2,711,5
39,893,50,0.8,0.7,0.15,0.1,1,1,2,40,"post_fragmentation","chessboard",123,1605,33,5,98,2,749,1
39,893,50,0.8,0.7,0.15,0.1,1,1,2,40,"post_fragmentation","chessboard",123,1605,33,5,98,2,756,1
39,893,50,0.8,0.7,0.15,0.1,1,1,2,40,"post_fragmentation","chessboard",123,1605,33,5,98,2,772,2
39,893,50,0.8,0.7,0.15,0.1,1,1,2,40,"post_fragmentation","chessboard",123,1605,33,5,98,2,789,1
39,893,50,0.8,0.7,0.15,0.1,1,1,2,40,"post_fragmentation","chessboard",123,1605,33,5,98,2,843,2
39,893,50,0.8,0.7,0.15,0.1,1,1,2,40,"post_fragmentation","chessboard",123,1605,33,5,98,2,884,1
39,893,50,0.8,0.7,0.15,0.1,1,1,2,40,"post_fragmentation","chessboard",124,1617,33,17,99,2,338,1
39,893,50,0.8,0.7,0.15,0.1,1,1,2,40,"post_fragmentation","chessboard",124,1617,33,17,99,2,367,1
39,893,50,0.8,0.7,0.15,0.1,1,1,2,40,"post_fragmentation","chessboard",124,1617,33,17,99,2,407,1
39,893,50,0.8,0.7,0.15,0.1,1,1,2,40,"post_fragmentation","chessboard",124,1617,33,17,99,2,410,1
39,893,50,0.8,0.7,0.15,0.1,1,1,2,40,"post_fragmentation","chessboard",124,1617,33,17,99,2,413,1
39,893,50,0.8,0.7,0.15,0.1,1,1,2,40,"post_fragmentation","chessboard",124,1617,33,17,99,2,430,1
39,893,50,0.8,0.7,0.15,0.1,1,1,2,40,"post_fragmentation","chessboard",124,1617,33,17,99,2,446,2
39,893,50,0.8,0.7,0.15,0.1,1,1,2,40,"post_fragmentation","chessboard",124,1617,33,17,99,2,449,4
39,893,50,0.8,0.7,0.15,0.1,1,1,2,40,"post_fragmentation","chessboard",124,1617,33,17,99,2,453,1
39,893,50,0.8,0.7,0.15,0.1,1,1,2,40,"post_fragmentation","chessboard",124,1617,33,17,99,2,460,4
39,893,50,0.8,0.7,0.15,0.1,1,1,2,40,"post_fragmentation","chessboard",124,1617,33,17,99,2,461,2
39,893,50,0.8,0.7,0.15,0.1,1,1,2,40,"post_fragmentation","chessboard",124,1617,33,17,99,2,468,1
39,893,50,0.8,0.7,0.15,0.1,1,1,2,40,"post_fragmentation","chessboard",124,1617,33,17,99,2,498,1
39,893,50,0.8,0.7,0.15,0.1,1,1,2,40,"post_fragmentation","chessboard",124,1617,33,17,99,2,508,3
39,893,50,0.8,0.7,0.15,0.1,1,1,2,40,"post_fragmentation","chessboard",124,1617,33,17,99,2,513,1
39,893,50,0.8,0.7,0.15,0.1,1,1,2,40,"post_fragmentation","chessboard",124,1617,33,17,99,2,517,3
39,893,50,0.8,0.7,0.15,0.1,1,1,2,40,"post_fragmentation","chessboard",124,1617,33,17,99,2,542,1
39,893,50,0.8,0.7,0.15,0.1,1,1,2,40,"post_fragmentation","chessboard",124,1617,33,17,99,2,612,1
39,893,50,0.8,0.7,0.15,0.1,1,1,2,40,"post_fragmentation","chessboard",124,1617,33,17,99,2,648,1
39,893,50,0.8,0.7,0.15,0.1,1,1,2,40,"post_fragmentation","chessboard",125,1623,33,23,95,2,88,1
39,893,50,0.8,0.7,0.15,0.1,1,1,2,40,"post_fragmentation","chessboard",125,1623,33,23,95,2,145,1
39,893,50,0.8,0.7,0.15,0.1,1,1,2,40,"post_fragmentation","chessboard",125,1623,33,23,95,2,159,1
39,893,50,0.8,0.7,0.15,0.1,1,1,2,40,"post_fragmentation","chessboard",125,1623,33,23,95,2,201,1
39,893,50,0.8,0.7,0.15,0.1,1,1,2,40,"post_fragmentation","chessboard",125,1623,33,23,95,2,202,4
39,893,50,0.8,0.7,0.15,0.1,1,1,2,40,"post_fragmentation","chessboard",125,1623,33,23,95,2,215,2
39,893,50,0.8,0.7,0.15,0.1,1,1,2,40,"post_fragmentation","chessboard",125,1623,33,23,95,2,224,1
39,893,50,0.8,0.7,0.15,0.1,1,1,2,40,"post_fragmentation","chessboard",125,1623,33,23,95,2,234,3
39,893,50,0.8,0.7,0.15,0.1,1,1,2,40,"post_fragmentation","chessboard",125,1623,33,23,95,2,242,1
39,893,50,0.8,0.7,0.15,0.1,1,1,2,40,"post_fragmentation","chessboard",125,1623,33,23,95,2,243,2
39,893,50,0.8,0.7,0.15,0.1,1,1,2,40,"post_fragmentation","chessboard",125,1623,33,23,95,2,257,1
39,893,50,0.8,0.7,0.15,0.1,1,1,2,40,"post_fragmentation","chessboard",125,1623,33,23,95,2,263,1
39,893,50,0.8,0.7,0.15,0.1,1,1,2,40,"post_fragmentation","chessboard",125,1623,33,23,95,2,269,1
39,893,50,0.8,0.7,0.15,0.1,1,1,2,40,"post_fragmentation","chessboard",125,1623,33,23,95,2,270,1
39,893,50,0.8,0.7,0.15,0.1,1,1,2,40,"post_fragmentation","chessboard",125,1623,33,23,95,2,272,1
39,893,50,0.8,0.7,0.15,0.1,1,1,2,40,"post_fragmentation","chessboard",125,1623,33,23,95,2,282,3
39,893,50,0.8,0.7,0.15,0.1,1,1,2,40,"post_fragmentation","chessboard",125,1623,33,23,95,2,285,1
39,893,50,0.8,0.7,0.15,0.1,1,1,2,40,"post_fragmentation","chessboard",125,1623,33,23,95,2,294,1
39,893,50,0.8,0.7,0.15,0.1,1,1,2,40,"post_fragmentation","chessboard",125,1623,33,23,95,2,297,1
39,893,50,0.8,0.7,0.15,0.1,1,1,2,40,"post_fragmentation","chessboard",125,1623,33,23,95,2,302,1
39,893,50,0.8,0.7,0.15,0.1,1,1,2,40,"post_fragmentation","chessboard",125,1623,33,23,95,2,311,1
39,893,50,0.8,0.7,0.15,0.1,1,1,2,40,"post_fragmentation","chessboard",125,1623,33,23,95,2,312,2
39,893,50,0.8,0.7,0.15,0.1,1,1,2,40,"post_fragmentation","chessboard",125,1623,33,23,95,2,337,3
39,893,50,0.8,0.7,0.15,0.1,1,1,2,40,"post_fragmentation","chessboard",125,1623,33,23,95,2,338,1
39,893,50,0.8,0.7,0.15,0.1,1,1,2,40,"post_fragmentation","chessboard",126,1633,33,33,100,1,272,1
39,893,50,0.8,0.7,0.15,0.1,1,1,2,40,"post_fragmentation","chessboard",126,1633,33,33,100,1,295,1
39,893,50,0.8,0.7,0.15,0.1,1,1,2,40,"post_fragmentation","chessboard",126,1633,33,33,100,1,304,1
39,893,50,0.8,0.7,0.15,0.1,1,1,2,40,"post_fragmentation","chessboard",126,1633,33,33,100,1,339,1
39,893,50,0.8,0.7,0.15,0.1,1,1,2,40,"post_fragmentation","chessboard",126,1633,33,33,100,1,355,2
39,893,50,0.8,0.7,0.15,0.1,1,1,2,40,"post_fragmentation","chessboard",126,1633,33,33,100,1,377,2
39,893,50,0.8,0.7,0.15,0.1,1,1,2,40,"post_fragmentation","chessboard",126,1633,33,33,100,1,384,1
39,893,50,0.8,0.7,0.15,0.1,1,1,2,40,"post_fragmentation","chessboard",126,1633,33,33,100,1,404,2
39,893,50,0.8,0.7,0.15,0.1,1,1,2,40,"post_fragmentation","chessboard",126,1633,33,33,100,1,405,3
39,893,50,0.8,0.7,0.15,0.1,1,1,2,40,"post_fragmentation","chessboard",126,1633,33,33,100,1,417,2
39,893,50,0.8,0.7,0.15,0.1,1,1,2,40,"post_fragmentation","chessboard",126,1633,33,33,100,1,433,1
39,893,50,0.8,0.7,0.15,0.1,1,1,2,40,"post_fragmentation","chessboard",126,1633,33,33,100,1,436,2
39,893,50,0.8,0.7,0.15,0.1,1,1,2,40,"post_fragmentation","chessboard",126,1633,33,33,100,1,461,3
39,893,50,0.8,0.7,0.15,0.1,1,1,2,40,"post_fragmentation","chessboard",126,1633,33,33,100,1,470,8
39,893,50,0.8,0.7,0.15,0.1,1,1,2,40,"post_fragmentation","chessboard",126,1633,33,33,100,1,474,2
39,893,50,0.8,0.7,0.15,0.1,1,1,2,40,"post_fragmentation","chessboard",126,1633,33,33,100,1,487,5
39,893,50,0.8,0.7,0.15,0.1,1,1,2,40,"post_fragmentation","chessboard",126,1633,33,33,100,1,490,1
39,893,50,0.8,0.7,0.15,0.1,1,1,2,40,"post_fragmentation","chessboard",126,1633,33,33,100,1,492,2
39,893,50,0.8,0.7,0.15,0.1,1,1,2,40,"post_fragmentation","chessboard",126,1633,33,33,100,1,558,1
39,893,50,0.8,0.7,0.15,0.1,1,1,2,40,"post_fragmentation","chessboard",127,1643,33,43,91,14,678,1
39,893,50,0.8,0.7,0.15,0.1,1,1,2,40,"post_fragmentation","chessboard",127,1643,33,43,91,14,680,1
39,893,50,0.8,0.7,0.15,0.1,1,1,2,40,"post_fragmentation","chessboard",127,1643,33,43,91,14,749,1
39,893,50,0.8,0.7,0.15,0.1,1,1,2,40,"post_fragmentation","chessboard",127,1643,33,43,91,14,750,2
39,893,50,0.8,0.7,0.15,0.1,1,1,2,40,"post_fragmentation","chessboard",127,1643,33,43,91,14,756,1
39,893,50,0.8,0.7,0.15,0.1,1,1,2,40,"post_fragmentation","chessboard",127,1643,33,43,91,14,765,1
39,893,50,0.8,0.7,0.15,0.1,1,1,2,40,"post_fragmentation","chessboard",127,1643,33,43,91,14,778,1
39,893,50,0.8,0.7,0.15,0.1,1,1,2,40,"post_fragmentation","chessboard",127,1643,33,43,91,14,790,2
39,893,50,0.8,0.7,0.15,0.1,1,1,2,40,"post_fragmentation","chessboard",127,1643,33,43,91,14,794,1
39,893,50,0.8,0.7,0.15,0.1,1,1,2,40,"post_fragmentation","chessboard",127,1643,33,43,91,14,795,1
39,893,50,0.8,0.7,0.15,0.1,1,1,2,40,"post_fragmentation","chessboard",127,1643,33,43,91,14,808,2
39,893,50,0.8,0.7,0.15,0.1,1,1,2,40,"post_fragmentation","chessboard",127,1643,33,43,91,14,818,1
39,893,50,0.8,0.7,0.15,0.1,1,1,2,40,"post_fragmentation","chessboard",127,1643,33,43,91,14,819,5
39,893,50,0.8,0.7,0.15,0.1,1,1,2,40,"post_fragmentation","chessboard",127,1643,33,43,91,14,839,3
39,893,50,0.8,0.7,0.15,0.1,1,1,2,40,"post_fragmentation","chessboard",127,1643,33,43,91,14,841,1
39,893,50,0.8,0.7,0.15,0.1,1,1,2,40,"post_fragmentation","chessboard",127,1643,33,43,91,14,843,1
39,893,50,0.8,0.7,0.15,0.1,1,1,2,40,"post_fragmentation","chessboard",127,1643,33,43,91,14,848,1
39,893,50,0.8,0.7,0.15,0.1,1,1,2,40,"post_fragmentation","chessboard",127,1643,33,43,91,14,853,1
39,893,50,0.8,0.7,0.15,0.1,1,1,2,40,"post_fragmentation","chessboard",127,1643,33,43,91,14,857,1
39,893,50,0.8,0.7,0.15,0.1,1,1,2,40,"post_fragmentation","chessboard",127,1643,33,43,91,14,869,1
39,893,50,0.8,0.7,0.15,0.1,1,1,2,40,"post_fragmentation","chessboard",127,1643,33,43,91,14,875,1
39,893,50,0.8,0.7,0.15,0.1,1,1,2,40,"post_fragmentation","chessboard",127,1643,33,43,91,14,879,1
39,893,50,0.8,0.7,0.15,0.1,1,1,2,40,"post_fragmentation","chessboard",127,1643,33,43,91,14,881,1
39,893,50,0.8,0.7,0.15,0.1,1,1,2,40,"post_fragmentation","chessboard",127,1643,33,43,91,14,888,3
39,893,50,0.8,0.7,0.15,0.1,1,1,2,40,"post_fragmentation","chessboard",127,1643,33,43,91,14,890,2
39,893,50,0.8,0.7,0.15,0.1,1,1,2,40,"post_fragmentation","chessboard",127,1643,33,43,91,14,899,1
39,893,50,0.8,0.7,0.15,0.1,1,1,2,40,"post_fragmentation","chessboard",127,1643,33,43,91,14,919,1
39,893,50,0.8,0.7,0.15,0.1,1,1,2,40,"post_fragmentation","chessboard",128,1658,34,8,102,2,418,1
39,893,50,0.8,0.7,0.15,0.1,1,1,2,40,"post_fragmentation","chessboard",128,1658,34,8,102,2,501,1
39,893,50,0.8,0.7,0.15,0.1,1,1,2,40,"post_fragmentation","chessboard",128,1658,34,8,102,2,508,1
39,893,50,0.8,0.7,0.15,0.1,1,1,2,40,"post_fragmentation","chessboard",128,1658,34,8,102,2,553,1
39,893,50,0.8,0.7,0.15,0.1,1,1,2,40,"post_fragmentation","chessboard",128,1658,34,8,102,2,570,1
39,893,50,0.8,0.7,0.15,0.1,1,1,2,40,"post_fragmentation","chessboard",128,1658,34,8,102,2,576,3
39,893,50,0.8,0.7,0.15,0.1,1,1,2,40,"post_fragmentation","chessboard",128,1658,34,8,102,2,579,1
39,893,50,0.8,0.7,0.15,0.1,1,1,2,40,"post_fragmentation","chessboard",128,1658,34,8,102,2,594,2
39,893,50,0.8,0.7,0.15,0.1,1,1,2,40,"post_fragmentation","chessboard",128,1658,34,8,102,2,597,2
39,893,50,0.8,0.7,0.15,0.1,1,1,2,40,"post_fragmentation","chessboard",128,1658,34,8,102,2,611,2
39,893,50,0.8,0.7,0.15,0.1,1,1,2,40,"post_fragmentation","chessboard",128,1658,34,8,102,2,612,1
39,893,50,0.8,0.7,0.15,0.1,1,1,2,40,"post_fragmentation","chessboard",128,1658,34,8,102,2,621,1
39,893,50,0.8,0.7,0.15,0.1,1,1,2,40,"post_fragmentation","chessboard",128,1658,34,8,102,2,625,3
39,893,50,0.8,0.7,0.15,0.1,1,1,2,40,"post_fragmentation","chessboard",128,1658,34,8,102,2,634,2
39,893,50,0.8,0.7,0.15,0.1,1,1,2,40,"post_fragmentation","chessboard",128,1658,34,8,102,2,635,2
39,893,50,0.8,0.7,0.15,0.1,1,1,2,40,"post_fragmentation","chessboard",128,1658,34,8,102,2,638,6
39,893,50,0.8,0.7,0.15,0.1,1,1,2,40,"post_fragmentation","chessboard",128,1658,34,8,102,2,647,1
39,893,50,0.8,0.7,0.15,0.1,1,1,2,40,"post_fragmentation","chessboard",128,1658,34,8,102,2,660,2
39,893,50,0.8,0.7,0.15,0.1,1,1,2,40,"post_fragmentation","chessboard",128,1658,34,8,102,2,671,1
39,893,50,0.8,0.7,0.15,0.1,1,1,2,40,"post_fragmentation","chessboard",128,1658,34,8,102,2,676,1
39,893,50,0.8,0.7,0.15,0.1,1,1,2,40,"post_fragmentation","chessboard",128,1658,34,8,102,2,728,1
39,893,50,0.8,0.7,0.15,0.1,1,1,2,40,"post_fragmentation","chessboard",128,1658,34,8,102,2,768,1
39,893,50,0.8,0.7,0.15,0.1,1,1,2,40,"post_fragmentation","chessboard",128,1658,34,8,102,2,778,1
39,893,50,0.8,0.7,0.15,0.1,1,1,2,40,"post_fragmentation","chessboard",129,1662,34,12,103,2,366,1
39,893,50,0.8,0.7,0.15,0.1,1,1,2,40,"post_fragmentation","chessboard",129,1662,34,12,103,2,412,1
39,893,50,0.8,0.7,0.15,0.1,1,1,2,40,"post_fragmentation","chessboard",129,1662,34,12,103,2,435,1
39,893,50,0.8,0.7,0.15,0.1,1,1,2,40,"post_fragmentation","chessboard",129,1662,34,12,103,2,438,2
39,893,50,0.8,0.7,0.15,0.1,1,1,2,40,"post_fragmentation","chessboard",129,1662,34,12,103,2,465,2
39,893,50,0.8,0.7,0.15,0.1,1,1,2,40,"post_fragmentation","chessboard",129,1662,34,12,103,2,468,1
39,893,50,0.8,0.7,0.15,0.1,1,1,2,40,"post_fragmentation","chessboard",129,1662,34,12,103,2,493,1
39,893,50,0.8,0.7,0.15,0.1,1,1,2,40,"post_fragmentation","chessboard",129,1662,34,12,103,2,498,1
39,893,50,0.8,0.7,0.15,0.1,1,1,2,40,"post_fragmentation","chessboard",129,1662,34,12,103,2,508,4
39,893,50,0.8,0.7,0.15,0.1,1,1,2,40,"post_fragmentation","chessboard",129,1662,34,12,103,2,519,1
39,893,50,0.8,0.7,0.15,0.1,1,1,2,40,"post_fragmentation","chessboard",129,1662,34,12,103,2,528,2
39,893,50,0.8,0.7,0.15,0.1,1,1,2,40,"post_fragmentation","chessboard",129,1662,34,12,103,2,530,2
39,893,50,0.8,0.7,0.15,0.1,1,1,2,40,"post_fragmentation","chessboard",129,1662,34,12,103,2,553,1
39,893,50,0.8,0.7,0.15,0.1,1,1,2,40,"post_fragmentation","chessboard",129,1662,34,12,103,2,568,1
39,893,50,0.8,0.7,0.15,0.1,1,1,2,40,"post_fragmentation","chessboard",129,1662,34,12,103,2,570,1
39,893,50,0.8,0.7,0.15,0.1,1,1,2,40,"post_fragmentation","chessboard",129,1662,34,12,103,2,576,5
39,893,50,0.8,0.7,0.15,0.1,1,1,2,40,"post_fragmentation","chessboard",129,1662,34,12,103,2,578,4
39,893,50,0.8,0.7,0.15,0.1,1,1,2,40,"post_fragmentation","chessboard",129,1662,34,12,103,2,586,1
39,893,50,0.8,0.7,0.15,0.1,1,1,2,40,"post_fragmentation","chessboard",129,1662,34,12,103,2,594,1
39,893,50,0.8,0.7,0.15,0.1,1,1,2,40,"post_fragmentation","chessboard",129,1662,34,12,103,2,611,1
39,893,50,0.8,0.7,0.15,0.1,1,1,2,40,"post_fragmentation","chessboard",129,1662,34,12,103,2,625,2
39,893,50,0.8,0.7,0.15,0.1,1,1,2,40,"post_fragmentation","chessboard",129,1662,34,12,103,2,648,1
39,893,50,0.8,0.7,0.15,0.1,1,1,2,40,"post_fragmentation","chessboard",129,1662,34,12,103,2,691,1
39,893,50,0.8,0.7,0.15,0.1,1,1,2,40,"post_fragmentation","chessboard",129,1662,34,12,103,2,706,1
39,893,50,0.8,0.7,0.15,0.1,1,1,2,40,"post_fragmentation","chessboard",129,1662,34,12,103,2,711,1
39,893,50,0.8,0.7,0.15,0.1,1,1,2,40,"post_fragmentation","chessboard",129,1662,34,12,103,2,735,1
39,893,50,0.8,0.7,0.15,0.1,1,1,2,40,"post_fragmentation","chessboard",130,1670,34,20,104,1,135,1
39,893,50,0.8,0.7,0.15,0.1,1,1,2,40,"post_fragmentation","chessboard",130,1670,34,20,104,1,207,1
39,893,50,0.8,0.7,0.15,0.1,1,1,2,40,"post_fragmentation","chessboard",130,1670,34,20,104,1,268,1
39,893,50,0.8,0.7,0.15,0.1,1,1,2,40,"post_fragmentation","chessboard",130,1670,34,20,104,1,272,3
39,893,50,0.8,0.7,0.15,0.1,1,1,2,40,"post_fragmentation","chessboard",130,1670,34,20,104,1,279,4
39,893,50,0.8,0.7,0.15,0.1,1,1,2,40,"post_fragmentation","chessboard",130,1670,34,20,104,1,282,2
39,893,50,0.8,0.7,0.15,0.1,1,1,2,40,"post_fragmentation","chessboard",130,1670,34,20,104,1,285,5
39,893,50,0.8,0.7,0.15,0.1,1,1,2,40,"post_fragmentation","chessboard",130,1670,34,20,104,1,297,1
39,893,50,0.8,0.7,0.15,0.1,1,1,2,40,"post_fragmentation","chessboard",130,1670,34,20,104,1,309,1
39,893,50,0.8,0.7,0.15,0.1,1,1,2,40,"post_fragmentation","chessboard",130,1670,34,20,104,1,315,1
39,893,50,0.8,0.7,0.15,0.1,1,1,2,40,"post_fragmentation","chessboard",130,1670,34,20,104,1,329,3
39,893,50,0.8,0.7,0.15,0.1,1,1,2,40,"post_fragmentation","chessboard",130,1670,34,20,104,1,337,2
39,893,50,0.8,0.7,0.15,0.1,1,1,2,40,"post_fragmentation","chessboard",130,1670,34,20,104,1,351,1
39,893,50,0.8,0.7,0.15,0.1,1,1,2,40,"post_fragmentation","chessboard",130,1670,34,20,104,1,360,1
39,893,50,0.8,0.7,0.15,0.1,1,1,2,40,"post_fragmentation","chessboard",130,1670,34,20,104,1,361,1
39,893,50,0.8,0.7,0.15,0.1,1,1,2,40,"post_fragmentation","chessboard",130,1670,34,20,104,1,370,1
39,893,50,0.8,0.7,0.15,0.1,1,1,2,40,"post_fragmentation","chessboard",130,1670,34,20,104,1,374,1
39,893,50,0.8,0.7,0.15,0.1,1,1,2,40,"post_fragmentation","chessboard",130,1670,34,20,104,1,375,1
39,893,50,0.8,0.7,0.15,0.1,1,1,2,40,"post_fragmentation","chessboard",130,1670,34,20,104,1,430,1
39,893,50,0.8,0.7,0.15,0.1,1,1,2,40,"post_fragmentation","chessboard",130,1670,34,20,104,1,440,2
39,893,50,0.8,0.7,0.15,0.1,1,1,2,40,"post_fragmentation","chessboard",130,1670,34,20,104,1,449,2
39,893,50,0.8,0.7,0.15,0.1,1,1,2,40,"post_fragmentation","chessboard",131,1674,34,24,105,2,88,1
39,893,50,0.8,0.7,0.15,0.1,1,1,2,40,"post_fragmentation","chessboard",131,1674,34,24,105,2,91,1
39,893,50,0.8,0.7,0.15,0.1,1,1,2,40,"post_fragmentation","chessboard",131,1674,34,24,105,2,105,1
39,893,50,0.8,0.7,0.15,0.1,1,1,2,40,"post_fragmentation","chessboard",131,1674,34,24,105,2,107,1
39,893,50,0.8,0.7,0.15,0.1,1,1,2,40,"post_fragmentation","chessboard",131,1674,34,24,105,2,108,1
39,893,50,0.8,0.7,0.15,0.1,1,1,2,40,"post_fragmentation","chessboard",131,1674,34,24,105,2,112,1
39,893,50,0.8,0.7,0.15,0.1,1,1,2,40,"post_fragmentation","chessboard",131,1674,34,24,105,2,129,1
39,893,50,0.8,0.7,0.15,0.1,1,1,2,40,"post_fragmentation","chessboard",131,1674,34,24,105,2,132,1
39,893,50,0.8,0.7,0.15,0.1,1,1,2,40,"post_fragmentation","chessboard",131,1674,34,24,105,2,135,2
39,893,50,0.8,0.7,0.15,0.1,1,1,2,40,"post_fragmentation","chessboard",131,1674,34,24,105,2,145,1
39,893,50,0.8,0.7,0.15,0.1,1,1,2,40,"post_fragmentation","chessboard",131,1674,34,24,105,2,146,1
39,893,50,0.8,0.7,0.15,0.1,1,1,2,40,"post_fragmentation","chessboard",131,1674,34,24,105,2,147,1
39,893,50,0.8,0.7,0.15,0.1,1,1,2,40,"post_fragmentation","chessboard",131,1674,34,24,105,2,154,1
39,893,50,0.8,0.7,0.15,0.1,1,1,2,40,"post_fragmentation","chessboard",131,1674,34,24,105,2,157,1
39,893,50,0.8,0.7,0.15,0.1,1,1,2,40,"post_fragmentation","chessboard",131,1674,34,24,105,2,187,3
39,893,50,0.8,0.7,0.15,0.1,1,1,2,40,"post_fragmentation","chessboard",131,1674,34,24,105,2,192,1
39,893,50,0.8,0.7,0.15,0.1,1,1,2,40,"post_fragmentation","chessboard",131,1674,34,24,105,2,196,1
39,893,50,0.8,0.7,0.15,0.1,1,1,2,40,"post_fragmentation","chessboard",131,1674,34,24,105,2,197,2
39,893,50,0.8,0.7,0.15,0.1,1,1,2,40,"post_fragmentation","chessboard",131,1674,34,24,105,2,200,2
39,893,50,0.8,0.7,0.15,0.1,1,1,2,40,"post_fragmentation","chessboard",131,1674,34,24,105,2,202,1
39,893,50,0.8,0.7,0.15,0.1,1,1,2,40,"post_fragmentation","chessboard",131,1674,34,24,105,2,216,2
39,893,50,0.8,0.7,0.15,0.1,1,1,2,40,"post_fragmentation","chessboard",131,1674,34,24,105,2,220,1
39,893,50,0.8,0.7,0.15,0.1,1,1,2,40,"post_fragmentation","chessboard",131,1674,34,24,105,2,235,2
39,893,50,0.8,0.7,0.15,0.1,1,1,2,40,"post_fragmentation","chessboard",131,1674,34,24,105,2,237,1
39,893,50,0.8,0.7,0.15,0.1,1,1,2,40,"post_fragmentation","chessboard",131,1674,34,24,105,2,258,1
39,893,50,0.8,0.7,0.15,0.1,1,1,2,40,"post_fragmentation","chessboard",131,1674,34,24,105,2,279,1
39,893,50,0.8,0.7,0.15,0.1,1,1,2,40,"post_fragmentation","chessboard",132,1680,34,30,106,1,152,1
39,893,50,0.8,0.7,0.15,0.1,1,1,2,40,"post_fragmentation","chessboard",132,1680,34,30,106,1,165,1
39,893,50,0.8,0.7,0.15,0.1,1,1,2,40,"post_fragmentation","chessboard",132,1680,34,30,106,1,166,1
39,893,50,0.8,0.7,0.15,0.1,1,1,2,40,"post_fragmentation","chessboard",132,1680,34,30,106,1,187,2
39,893,50,0.8,0.7,0.15,0.1,1,1,2,40,"post_fragmentation","chessboard",132,1680,34,30,106,1,193,1
39,893,50,0.8,0.7,0.15,0.1,1,1,2,40,"post_fragmentation","chessboard",132,1680,34,30,106,1,197,1
39,893,50,0.8,0.7,0.15,0.1,1,1,2,40,"post_fragmentation","chessboard",132,1680,34,30,106,1,205,1
39,893,50,0.8,0.7,0.15,0.1,1,1,2,40,"post_fragmentation","chessboard",132,1680,34,30,106,1,225,2
39,893,50,0.8,0.7,0.15,0.1,1,1,2,40,"post_fragmentation","chessboard",132,1680,34,30,106,1,230,1
39,893,50,0.8,0.7,0.15,0.1,1,1,2,40,"post_fragmentation","chessboard",132,1680,34,30,106,1,235,2
39,893,50,0.8,0.7,0.15,0.1,1,1,2,40,"post_fragmentation","chessboard",132,1680,34,30,106,1,239,1
39,893,50,0.8,0.7,0.15,0.1,1,1,2,40,"post_fragmentation","chessboard",132,1680,34,30,106,1,240,1
39,893,50,0.8,0.7,0.15,0.1,1,1,2,40,"post_fragmentation","chessboard",132,1680,34,30,106,1,251,2
39,893,50,0.8,0.7,0.15,0.1,1,1,2,40,"post_fragmentation","chessboard",132,1680,34,30,106,1,270,1
39,893,50,0.8,0.7,0.15,0.1,1,1,2,40,"post_fragmentation","chessboard",132,1680,34,30,106,1,277,3
39,893,50,0.8,0.7,0.15,0.1,1,1,2,40,"post_fragmentation","chessboard",132,1680,34,30,106,1,284,1
39,893,50,0.8,0.7,0.15,0.1,1,1,2,40,"post_fragmentation","chessboard",132,1680,34,30,106,1,291,2
39,893,50,0.8,0.7,0.15,0.1,1,1,2,40,"post_fragmentation","chessboard",132,1680,34,30,106,1,302,2
39,893,50,0.8,0.7,0.15,0.1,1,1,2,40,"post_fragmentation","chessboard",132,1680,34,30,106,1,311,4
39,893,50,0.8,0.7,0.15,0.1,1,1,2,40,"post_fragmentation","chessboard",132,1680,34,30,106,1,319,2
39,893,50,0.8,0.7,0.15,0.1,1,1,2,40,"post_fragmentation","chessboard",132,1680,34,30,106,1,355,2
39,893,50,0.8,0.7,0.15,0.1,1,1,2,40,"post_fragmentation","chessboard",132,1680,34,30,106,1,374,1
39,893,50,0.8,0.7,0.15,0.1,1,1,2,40,"post_fragmentation","chessboard",133,1688,34,38,88,29,630,2
39,893,50,0.8,0.7,0.15,0.1,1,1,2,40,"post_fragmentation","chessboard",133,1688,34,38,88,29,665,1
39,893,50,0.8,0.7,0.15,0.1,1,1,2,40,"post_fragmentation","chessboard",133,1688,34,38,88,29,672,1
39,893,50,0.8,0.7,0.15,0.1,1,1,2,40,"post_fragmentation","chessboard",133,1688,34,38,88,29,673,1
39,893,50,0.8,0.7,0.15,0.1,1,1,2,40,"post_fragmentation","chessboard",133,1688,34,38,88,29,675,1
39,893,50,0.8,0.7,0.15,0.1,1,1,2,40,"post_fragmentation","chessboard",133,1688,34,38,88,29,678,1
39,893,50,0.8,0.7,0.15,0.1,1,1,2,40,"post_fragmentation","chessboard",133,1688,34,38,88,29,689,1
39,893,50,0.8,0.7,0.15,0.1,1,1,2,40,"post_fragmentation","chessboard",133,1688,34,38,88,29,700,1
39,893,50,0.8,0.7,0.15,0.1,1,1,2,40,"post_fragmentation","chessboard",133,1688,34,38,88,29,714,2
39,893,50,0.8,0.7,0.15,0.1,1,1,2,40,"post_fragmentation","chessboard",133,1688,34,38,88,29,719,1
39,893,50,0.8,0.7,0.15,0.1,1,1,2,40,"post_fragmentation","chessboard",133,1688,34,38,88,29,724,4
39,893,50,0.8,0.7,0.15,0.1,1,1,2,40,"post_fragmentation","chessboard",133,1688,34,38,88,29,725,1
39,893,50,0.8,0.7,0.15,0.1,1,1,2,40,"post_fragmentation","chessboard",133,1688,34,38,88,29,726,1
39,893,50,0.8,0.7,0.15,0.1,1,1,2,40,"post_fragmentation","chessboard",133,1688,34,38,88,29,736,2
39,893,50,0.8,0.7,0.15,0.1,1,1,2,40,"post_fragmentation","chessboard",133,1688,34,38,88,29,738,2
39,893,50,0.8,0.7,0.15,0.1,1,1,2,40,"post_fragmentation","chessboard",133,1688,34,38,88,29,739,2
39,893,50,0.8,0.7,0.15,0.1,1,1,2,40,"post_fragmentation","chessboard",133,1688,34,38,88,29,748,1
39,893,50,0.8,0.7,0.15,0.1,1,1,2,40,"post_fragmentation","chessboard",133,1688,34,38,88,29,749,3
39,893,50,0.8,0.7,0.15,0.1,1,1,2,40,"post_fragmentation","chessboard",133,1688,34,38,88,29,750,2
39,893,50,0.8,0.7,0.15,0.1,1,1,2,40,"post_fragmentation","chessboard",133,1688,34,38,88,29,754,1
39,893,50,0.8,0.7,0.15,0.1,1,1,2,40,"post_fragmentation","chessboard",133,1688,34,38,88,29,756,1
39,893,50,0.8,0.7,0.15,0.1,1,1,2,40,"post_fragmentation","chessboard",133,1688,34,38,88,29,765,1
39,893,50,0.8,0.7,0.15,0.1,1,1,2,40,"post_fragmentation","chessboard",133,1688,34,38,88,29,769,2
39,893,50,0.8,0.7,0.15,0.1,1,1,2,40,"post_fragmentation","chessboard",133,1688,34,38,88,29,797,1
39,893,50,0.8,0.7,0.15,0.1,1,1,2,40,"post_fragmentation","chessboard",133,1688,34,38,88,29,808,1
39,893,50,0.8,0.7,0.15,0.1,1,1,2,40,"post_fragmentation","chessboard",133,1688,34,38,88,29,841,1
39,893,50,0.8,0.7,0.15,0.1,1,1,2,40,"post_fragmentation","chessboard",133,1688,34,38,88,29,869,2
39,893,50,0.8,0.7,0.15,0.1,1,1,2,40,"post_fragmentation","chessboard",134,1694,34,44,91,14,734,1
39,893,50,0.8,0.7,0.15,0.1,1,1,2,40,"post_fragmentation","chessboard",134,1694,34,44,91,14,757,1
39,893,50,0.8,0.7,0.15,0.1,1,1,2,40,"post_fragmentation","chessboard",134,1694,34,44,91,14,772,3
39,893,50,0.8,0.7,0.15,0.1,1,1,2,40,"post_fragmentation","chessboard",134,1694,34,44,91,14,781,1
39,893,50,0.8,0.7,0.15,0.1,1,1,2,40,"post_fragmentation","chessboard",134,1694,34,44,91,14,784,1
39,893,50,0.8,0.7,0.15,0.1,1,1,2,40,"post_fragmentation","chessboard",134,1694,34,44,91,14,790,1
39,893,50,0.8,0.7,0.15,0.1,1,1,2,40,"post_fragmentation","chessboard",134,1694,34,44,91,14,794,1
39,893,50,0.8,0.7,0.15,0.1,1,1,2,40,"post_fragmentation","chessboard",134,1694,34,44,91,14,815,1
39,893,50,0.8,0.7,0.15,0.1,1,1,2,40,"post_fragmentation","chessboard",134,1694,34,44,91,14,830,1
39,893,50,0.8,0.7,0.15,0.1,1,1,2,40,"post_fragmentation","chessboard",134,1694,34,44,91,14,833,1
39,893,50,0.8,0.7,0.15,0.1,1,1,2,40,"post_fragmentation","chessboard",134,1694,34,44,91,14,841,1
39,893,50,0.8,0.7,0.15,0.1,1,1,2,40,"post_fragmentation","chessboard",134,1694,34,44,91,14,843,2
39,893,50,0.8,0.7,0.15,0.1,1,1,2,40,"post_fragmentation","chessboard",134,1694,34,44,91,14,846,3
39,893,50,0.8,0.7,0.15,0.1,1,1,2,40,"post_fragmentation","chessboard",134,1694,34,44,91,14,854,1
39,893,50,0.8,0.7,0.15,0.1,1,1,2,40,"post_fragmentation","chessboard",134,1694,34,44,91,14,857,1
39,893,50,0.8,0.7,0.15,0.1,1,1,2,40,"post_fragmentation","chessboard",134,1694,34,44,91,14,861,1
39,893,50,0.8,0.7,0.15,0.1,1,1,2,40,"post_fragmentation","chessboard",134,1694,34,44,91,14,869,1
39,893,50,0.8,0.7,0.15,0.1,1,1,2,40,"post_fragmentation","chessboard",134,1694,34,44,91,14,875,1
39,893,50,0.8,0.7,0.15,0.1,1,1,2,40,"post_fragmentation","chessboard",134,1694,34,44,91,14,879,1
39,893,50,0.8,0.7,0.15,0.1,1,1,2,40,"post_fragmentation","chessboard",134,1694,34,44,91,14,888,3
39,893,50,0.8,0.7,0.15,0.1,1,1,2,40,"post_fragmentation","chessboard",134,1694,34,44,91,14,899,2
39,893,50,0.8,0.7,0.15,0.1,1,1,2,40,"post_fragmentation","chessboard",134,1694,34,44,91,14,914,2
39,893,50,0.8,0.7,0.15,0.1,1,1,2,40,"post_fragmentation","chessboard",134,1694,34,44,91,14,919,1
39,893,50,0.8,0.7,0.15,0.1,1,1,2,40,"post_fragmentation","chessboard",134,1694,34,44,91,14,948,1
39,893,50,0.8,0.7,0.15,0.1,1,1,2,40,"post_fragmentation","chessboard",135,1701,35,1,107,1,597,1
39,893,50,0.8,0.7,0.15,0.1,1,1,2,40,"post_fragmentation","chessboard",135,1701,35,1,107,1,638,1
39,893,50,0.8,0.7,0.15,0.1,1,1,2,40,"post_fragmentation","chessboard",135,1701,35,1,107,1,641,1
39,893,50,0.8,0.7,0.15,0.1,1,1,2,40,"post_fragmentation","chessboard",135,1701,35,1,107,1,687,1
39,893,50,0.8,0.7,0.15,0.1,1,1,2,40,"post_fragmentation","chessboard",135,1701,35,1,107,1,760,1
39,893,50,0.8,0.7,0.15,0.1,1,1,2,40,"post_fragmentation","chessboard",135,1701,35,1,107,1,761,2
39,893,50,0.8,0.7,0.15,0.1,1,1,2,40,"post_fragmentation","chessboard",135,1701,35,1,107,1,768,1
39,893,50,0.8,0.7,0.15,0.1,1,1,2,40,"post_fragmentation","chessboard",135,1701,35,1,107,1,769,1
39,893,50,0.8,0.7,0.15,0.1,1,1,2,40,"post_fragmentation","chessboard",135,1701,35,1,107,1,772,1
39,893,50,0.8,0.7,0.15,0.1,1,1,2,40,"post_fragmentation","chessboard",135,1701,35,1,107,1,773,2
39,893,50,0.8,0.7,0.15,0.1,1,1,2,40,"post_fragmentation","chessboard",135,1701,35,1,107,1,778,4
39,893,50,0.8,0.7,0.15,0.1,1,1,2,40,"post_fragmentation","chessboard",135,1701,35,1,107,1,786,1
39,893,50,0.8,0.7,0.15,0.1,1,1,2,40,"post_fragmentation","chessboard",135,1701,35,1,107,1,789,2
39,893,50,0.8,0.7,0.15,0.1,1,1,2,40,"post_fragmentation","chessboard",135,1701,35,1,107,1,790,1
39,893,50,0.8,0.7,0.15,0.1,1,1,2,40,"post_fragmentation","chessboard",135,1701,35,1,107,1,815,1
39,893,50,0.8,0.7,0.15,0.1,1,1,2,40,"post_fragmentation","chessboard",135,1701,35,1,107,1,828,3
39,893,50,0.8,0.7,0.15,0.1,1,1,2,40,"post_fragmentation","chessboard",135,1701,35,1,107,1,841,1
39,893,50,0.8,0.7,0.15,0.1,1,1,2,40,"post_fragmentation","chessboard",135,1701,35,1,107,1,848,1
39,893,50,0.8,0.7,0.15,0.1,1,1,2,40,"post_fragmentation","chessboard",135,1701,35,1,107,1,857,1
39,893,50,0.8,0.7,0.15,0.1,1,1,2,40,"post_fragmentation","chessboard",135,1701,35,1,107,1,862,1
39,893,50,0.8,0.7,0.15,0.1,1,1,2,40,"post_fragmentation","chessboard",135,1701,35,1,107,1,864,1
39,893,50,0.8,0.7,0.15,0.1,1,1,2,40,"post_fragmentation","chessboard",135,1701,35,1,107,1,866,1
39,893,50,0.8,0.7,0.15,0.1,1,1,2,40,"post_fragmentation","chessboard",135,1701,35,1,107,1,888,1
39,893,50,0.8,0.7,0.15,0.1,1,1,2,40,"post_fragmentation","chessboard",135,1701,35,1,107,1,892,1
39,893,50,0.8,0.7,0.15,0.1,1,1,2,40,"post_fragmentation","chessboard",135,1701,35,1,107,1,899,1
39,893,50,0.8,0.7,0.15,0.1,1,1,2,40,"post_fragmentation","chessboard",136,1737,35,37,88,29,490,1
39,893,50,0.8,0.7,0.15,0.1,1,1,2,40,"post_fragmentation","chessboard",136,1737,35,37,88,29,553,2
39,893,50,0.8,0.7,0.15,0.1,1,1,2,40,"post_fragmentation","chessboard",136,1737,35,37,88,29,599,2
39,893,50,0.8,0.7,0.15,0.1,1,1,2,40,"post_fragmentation","chessboard",136,1737,35,37,88,29,600,1
39,893,50,0.8,0.7,0.15,0.1,1,1,2,40,"post_fragmentation","chessboard",136,1737,35,37,88,29,618,3
39,893,50,0.8,0.7,0.15,0.1,1,1,2,40,"post_fragmentation","chessboard",136,1737,35,37,88,29,624,1
39,893,50,0.8,0.7,0.15,0.1,1,1,2,40,"post_fragmentation","chessboard",136,1737,35,37,88,29,628,1
39,893,50,0.8,0.7,0.15,0.1,1,1,2,40,"post_fragmentation","chessboard",136,1737,35,37,88,29,630,1
39,893,50,0.8,0.7,0.15,0.1,1,1,2,40,"post_fragmentation","chessboard",136,1737,35,37,88,29,637,1
39,893,50,0.8,0.7,0.15,0.1,1,1,2,40,"post_fragmentation","chessboard",136,1737,35,37,88,29,645,1
39,893,50,0.8,0.7,0.15,0.1,1,1,2,40,"post_fragmentation","chessboard",136,1737,35,37,88,29,653,1
39,893,50,0.8,0.7,0.15,0.1,1,1,2,40,"post_fragmentation","chessboard",136,1737,35,37,88,29,665,7
39,893,50,0.8,0.7,0.15,0.1,1,1,2,40,"post_fragmentation","chessboard",136,1737,35,37,88,29,670,2
39,893,50,0.8,0.7,0.15,0.1,1,1,2,40,"post_fragmentation","chessboard",136,1737,35,37,88,29,678,2
39,893,50,0.8,0.7,0.15,0.1,1,1,2,40,"post_fragmentation","chessboard",136,1737,35,37,88,29,683,1
39,893,50,0.8,0.7,0.15,0.1,1,1,2,40,"post_fragmentation","chessboard",136,1737,35,37,88,29,684,1
39,893,50,0.8,0.7,0.15,0.1,1,1,2,40,"post_fragmentation","chessboard",136,1737,35,37,88,29,687,1
39,893,50,0.8,0.7,0.15,0.1,1,1,2,40,"post_fragmentation","chessboard",136,1737,35,37,88,29,689,2
39,893,50,0.8,0.7,0.15,0.1,1,1,2,40,"post_fragmentation","chessboard",136,1737,35,37,88,29,719,1
39,893,50,0.8,0.7,0.15,0.1,1,1,2,40,"post_fragmentation","chessboard",136,1737,35,37,88,29,721,2
39,893,50,0.8,0.7,0.15,0.1,1,1,2,40,"post_fragmentation","chessboard",136,1737,35,37,88,29,724,3
39,893,50,0.8,0.7,0.15,0.1,1,1,2,40,"post_fragmentation","chessboard",136,1737,35,37,88,29,736,2
39,893,50,0.8,0.7,0.15,0.1,1,1,2,40,"post_fragmentation","chessboard",136,1737,35,37,88,29,757,1
39,893,50,0.8,0.7,0.15,0.1,1,1,2,40,"post_fragmentation","chessboard",136,1737,35,37,88,29,762,1
39,893,50,0.8,0.7,0.15,0.1,1,1,2,40,"post_fragmentation","chessboard",137,1754,36,4,110,2,460,1
39,893,50,0.8,0.7,0.15,0.1,1,1,2,40,"post_fragmentation","chessboard",137,1754,36,4,110,2,527,2
39,893,50,0.8,0.7,0.15,0.1,1,1,2,40,"post_fragmentation","chessboard",137,1754,36,4,110,2,528,2
39,893,50,0.8,0.7,0.15,0.1,1,1,2,40,"post_fragmentation","chessboard",137,1754,36,4,110,2,576,3
39,893,50,0.8,0.7,0.15,0.1,1,1,2,40,"post_fragmentation","chessboard",137,1754,36,4,110,2,594,5
39,893,50,0.8,0.7,0.15,0.1,1,1,2,40,"post_fragmentation","chessboard",137,1754,36,4,110,2,597,12
39,893,50,0.8,0.7,0.15,0.1,1,1,2,40,"post_fragmentation","chessboard",137,1754,36,4,110,2,617,1
39,893,50,0.8,0.7,0.15,0.1,1,1,2,40,"post_fragmentation","chessboard",137,1754,36,4,110,2,625,2
39,893,50,0.8,0.7,0.15,0.1,1,1,2,40,"post_fragmentation","chessboard",137,1754,36,4,110,2,635,2
39,893,50,0.8,0.7,0.15,0.1,1,1,2,40,"post_fragmentation","chessboard",137,1754,36,4,110,2,641,2
39,893,50,0.8,0.7,0.15,0.1,1,1,2,40,"post_fragmentation","chessboard",137,1754,36,4,110,2,643,2
39,893,50,0.8,0.7,0.15,0.1,1,1,2,40,"post_fragmentation","chessboard",137,1754,36,4,110,2,650,1
39,893,50,0.8,0.7,0.15,0.1,1,1,2,40,"post_fragmentation","chessboard",137,1754,36,4,110,2,672,1
39,893,50,0.8,0.7,0.15,0.1,1,1,2,40,"post_fragmentation","chessboard",137,1754,36,4,110,2,676,1
39,893,50,0.8,0.7,0.15,0.1,1,1,2,40,"post_fragmentation","chessboard",137,1754,36,4,110,2,687,3
39,893,50,0.8,0.7,0.15,0.1,1,1,2,40,"post_fragmentation","chessboard",137,1754,36,4,110,2,892,1
39,893,50,0.8,0.7,0.15,0.1,1,1,2,40,"post_fragmentation","chessboard",138,1788,36,38,88,29,587,1
39,893,50,0.8,0.7,0.15,0.1,1,1,2,40,"post_fragmentation","chessboard",138,1788,36,38,88,29,596,1
39,893,50,0.8,0.7,0.15,0.1,1,1,2,40,"post_fragmentation","chessboard",138,1788,36,38,88,29,599,1
39,893,50,0.8,0.7,0.15,0.1,1,1,2,40,"post_fragmentation","chessboard",138,1788,36,38,88,29,601,1
39,893,50,0.8,0.7,0.15,0.1,1,1,2,40,"post_fragmentation","chessboard",138,1788,36,38,88,29,607,2
39,893,50,0.8,0.7,0.15,0.1,1,1,2,40,"post_fragmentation","chessboard",138,1788,36,38,88,29,609,1
39,893,50,0.8,0.7,0.15,0.1,1,1,2,40,"post_fragmentation","chessboard",138,1788,36,38,88,29,618,2
39,893,50,0.8,0.7,0.15,0.1,1,1,2,40,"post_fragmentation","chessboard",138,1788,36,38,88,29,621,1
39,893,50,0.8,0.7,0.15,0.1,1,1,2,40,"post_fragmentation","chessboard",138,1788,36,38,88,29,639,1
39,893,50,0.8,0.7,0.15,0.1,1,1,2,40,"post_fragmentation","chessboard",138,1788,36,38,88,29,645,3
39,893,50,0.8,0.7,0.15,0.1,1,1,2,40,"post_fragmentation","chessboard",138,1788,36,38,88,29,646,2
39,893,50,0.8,0.7,0.15,0.1,1,1,2,40,"post_fragmentation","chessboard",138,1788,36,38,88,29,653,2
39,893,50,0.8,0.7,0.15,0.1,1,1,2,40,"post_fragmentation","chessboard",138,1788,36,38,88,29,665,3
39,893,50,0.8,0.7,0.15,0.1,1,1,2,40,"post_fragmentation","chessboard",138,1788,36,38,88,29,670,1
39,893,50,0.8,0.7,0.15,0.1,1,1,2,40,"post_fragmentation","chessboard",138,1788,36,38,88,29,671,1
39,893,50,0.8,0.7,0.15,0.1,1,1,2,40,"post_fragmentation","chessboard",138,1788,36,38,88,29,673,5
39,893,50,0.8,0.7,0.15,0.1,1,1,2,40,"post_fragmentation","chessboard",138,1788,36,38,88,29,680,1
39,893,50,0.8,0.7,0.15,0.1,1,1,2,40,"post_fragmentation","chessboard",138,1788,36,38,88,29,684,1
39,893,50,0.8,0.7,0.15,0.1,1,1,2,40,"post_fragmentation","chessboard",138,1788,36,38,88,29,687,2
39,893,50,0.8,0.7,0.15,0.1,1,1,2,40,"post_fragmentation","chessboard",138,1788,36,38,88,29,695,1
39,893,50,0.8,0.7,0.15,0.1,1,1,2,40,"post_fragmentation","chessboard",138,1788,36,38,88,29,719,1
39,893,50,0.8,0.7,0.15,0.1,1,1,2,40,"post_fragmentation","chessboard",138,1788,36,38,88,29,721,1
39,893,50,0.8,0.7,0.15,0.1,1,1,2,40,"post_fragmentation","chessboard",138,1788,36,38,88,29,722,1
39,893,50,0.8,0.7,0.15,0.1,1,1,2,40,"post_fragmentation","chessboard",138,1788,36,38,88,29,749,2
39,893,50,0.8,0.7,0.15,0.1,1,1,2,40,"post_fragmentation","chessboard",138,1788,36,38,88,29,762,1
39,893,50,0.8,0.7,0.15,0.1,1,1,2,40,"post_fragmentation","chessboard",138,1788,36,38,88,29,775,1
39,893,50,0.8,0.7,0.15,0.1,1,1,2,40,"post_fragmentation","chessboard",138,1788,36,38,88,29,888,1
39,893,50,0.8,0.7,0.15,0.1,1,1,2,40,"post_fragmentation","chessboard",139,1790,36,40,88,29,653,1
39,893,50,0.8,0.7,0.15,0.1,1,1,2,40,"post_fragmentation","chessboard",139,1790,36,40,88,29,667,3
39,893,50,0.8,0.7,0.15,0.1,1,1,2,40,"post_fragmentation","chessboard",139,1790,36,40,88,29,670,3
39,893,50,0.8,0.7,0.15,0.1,1,1,2,40,"post_fragmentation","chessboard",139,1790,36,40,88,29,673,1
39,893,50,0.8,0.7,0.15,0.1,1,1,2,40,"post_fragmentation","chessboard",139,1790,36,40,88,29,675,1
39,893,50,0.8,0.7,0.15,0.1,1,1,2,40,"post_fragmentation","chessboard",139,1790,36,40,88,29,689,2
39,893,50,0.8,0.7,0.15,0.1,1,1,2,40,"post_fragmentation","chessboard",139,1790,36,40,88,29,694,1
39,893,50,0.8,0.7,0.15,0.1,1,1,2,40,"post_fragmentation","chessboard",139,1790,36,40,88,29,695,2
39,893,50,0.8,0.7,0.15,0.1,1,1,2,40,"post_fragmentation","chessboard",139,1790,36,40,88,29,697,1
39,893,50,0.8,0.7,0.15,0.1,1,1,2,40,"post_fragmentation","chessboard",139,1790,36,40,88,29,701,2
39,893,50,0.8,0.7,0.15,0.1,1,1,2,40,"post_fragmentation","chessboard",139,1790,36,40,88,29,714,1
39,893,50,0.8,0.7,0.15,0.1,1,1,2,40,"post_fragmentation","chessboard",139,1790,36,40,88,29,729,1
39,893,50,0.8,0.7,0.15,0.1,1,1,2,40,"post_fragmentation","chessboard",139,1790,36,40,88,29,749,1
39,893,50,0.8,0.7,0.15,0.1,1,1,2,40,"post_fragmentation","chessboard",139,1790,36,40,88,29,758,1
39,893,50,0.8,0.7,0.15,0.1,1,1,2,40,"post_fragmentation","chessboard",139,1790,36,40,88,29,775,2
39,893,50,0.8,0.7,0.15,0.1,1,1,2,40,"post_fragmentation","chessboard",139,1790,36,40,88,29,777,1
39,893,50,0.8,0.7,0.15,0.1,1,1,2,40,"post_fragmentation","chessboard",139,1790,36,40,88,29,781,1
39,893,50,0.8,0.7,0.15,0.1,1,1,2,40,"post_fragmentation","chessboard",139,1790,36,40,88,29,794,1
39,893,50,0.8,0.7,0.15,0.1,1,1,2,40,"post_fragmentation","chessboard",139,1790,36,40,88,29,811,1
39,893,50,0.8,0.7,0.15,0.1,1,1,2,40,"post_fragmentation","chessboard",139,1790,36,40,88,29,814,1
39,893,50,0.8,0.7,0.15,0.1,1,1,2,40,"post_fragmentation","chessboard",139,1790,36,40,88,29,819,1
39,893,50,0.8,0.7,0.15,0.1,1,1,2,40,"post_fragmentation","chessboard",139,1790,36,40,88,29,833,2
39,893,50,0.8,0.7,0.15,0.1,1,1,2,40,"post_fragmentation","chessboard",139,1790,36,40,88,29,843,1
39,893,50,0.8,0.7,0.15,0.1,1,1,2,40,"post_fragmentation","chessboard",140,1800,36,50,113,2,682,1
39,893,50,0.8,0.7,0.15,0.1,1,1,2,40,"post_fragmentation","chessboard",140,1800,36,50,113,2,736,1
39,893,50,0.8,0.7,0.15,0.1,1,1,2,40,"post_fragmentation","chessboard",140,1800,36,50,113,2,749,1
39,893,50,0.8,0.7,0.15,0.1,1,1,2,40,"post_fragmentation","chessboard",140,1800,36,50,113,2,765,1
39,893,50,0.8,0.7,0.15,0.1,1,1,2,40,"post_fragmentation","chessboard",140,1800,36,50,113,2,770,1
39,893,50,0.8,0.7,0.15,0.1,1,1,2,40,"post_fragmentation","chessboard",140,1800,36,50,113,2,772,1
39,893,50,0.8,0.7,0.15,0.1,1,1,2,40,"post_fragmentation","chessboard",140,1800,36,50,113,2,773,1
39,893,50,0.8,0.7,0.15,0.1,1,1,2,40,"post_fragmentation","chessboard",140,1800,36,50,113,2,778,1
39,893,50,0.8,0.7,0.15,0.1,1,1,2,40,"post_fragmentation","chessboard",140,1800,36,50,113,2,784,2
39,893,50,0.8,0.7,0.15,0.1,1,1,2,40,"post_fragmentation","chessboard",140,1800,36,50,113,2,786,2
39,893,50,0.8,0.7,0.15,0.1,1,1,2,40,"post_fragmentation","chessboard",140,1800,36,50,113,2,790,3
39,893,50,0.8,0.7,0.15,0.1,1,1,2,40,"post_fragmentation","chessboard",140,1800,36,50,113,2,794,1
39,893,50,0.8,0.7,0.15,0.1,1,1,2,40,"post_fragmentation","chessboard",140,1800,36,50,113,2,807,2
39,893,50,0.8,0.7,0.15,0.1,1,1,2,40,"post_fragmentation","chessboard",140,1800,36,50,113,2,815,1
39,893,50,0.8,0.7,0.15,0.1,1,1,2,40,"post_fragmentation","chessboard",140,1800,36,50,113,2,838,1
39,893,50,0.8,0.7,0.15,0.1,1,1,2,40,"post_fragmentation","chessboard",140,1800,36,50,113,2,841,7
39,893,50,0.8,0.7,0.15,0.1,1,1,2,40,"post_fragmentation","chessboard",140,1800,36,50,113,2,846,2
39,893,50,0.8,0.7,0.15,0.1,1,1,2,40,"post_fragmentation","chessboard",140,1800,36,50,113,2,848,4
39,893,50,0.8,0.7,0.15,0.1,1,1,2,40,"post_fragmentation","chessboard",140,1800,36,50,113,2,875,1
39,893,50,0.8,0.7,0.15,0.1,1,1,2,40,"post_fragmentation","chessboard",140,1800,36,50,113,2,882,2
39,893,50,0.8,0.7,0.15,0.1,1,1,2,40,"post_fragmentation","chessboard",140,1800,36,50,113,2,888,1
39,893,50,0.8,0.7,0.15,0.1,1,1,2,40,"post_fragmentation","chessboard",140,1800,36,50,113,2,927,1
39,893,50,0.8,0.7,0.15,0.1,1,1,2,40,"post_fragmentation","chessboard",140,1800,36,50,113,2,931,1
39,893,50,0.8,0.7,0.15,0.1,1,1,2,40,"post_fragmentation","chessboard",141,1811,37,11,114,2,234,1
39,893,50,0.8,0.7,0.15,0.1,1,1,2,40,"post_fragmentation","chessboard",141,1811,37,11,114,2,256,1
39,893,50,0.8,0.7,0.15,0.1,1,1,2,40,"post_fragmentation","chessboard",141,1811,37,11,114,2,276,2
39,893,50,0.8,0.7,0.15,0.1,1,1,2,40,"post_fragmentation","chessboard",141,1811,37,11,114,2,297,1
39,893,50,0.8,0.7,0.15,0.1,1,1,2,40,"post_fragmentation","chessboard",141,1811,37,11,114,2,305,1
39,893,50,0.8,0.7,0.15,0.1,1,1,2,40,"post_fragmentation","chessboard",141,1811,37,11,114,2,322,1
39,893,50,0.8,0.7,0.15,0.1,1,1,2,40,"post_fragmentation","chessboard",141,1811,37,11,114,2,326,1
39,893,50,0.8,0.7,0.15,0.1,1,1,2,40,"post_fragmentation","chessboard",141,1811,37,11,114,2,327,2
39,893,50,0.8,0.7,0.15,0.1,1,1,2,40,"post_fragmentation","chessboard",141,1811,37,11,114,2,329,4
39,893,50,0.8,0.7,0.15,0.1,1,1,2,40,"post_fragmentation","chessboard",141,1811,37,11,114,2,337,1
39,893,50,0.8,0.7,0.15,0.1,1,1,2,40,"post_fragmentation","chessboard",141,1811,37,11,114,2,347,1
39,893,50,0.8,0.7,0.15,0.1,1,1,2,40,"post_fragmentation","chessboard",141,1811,37,11,114,2,351,2
39,893,50,0.8,0.7,0.15,0.1,1,1,2,40,"post_fragmentation","chessboard",141,1811,37,11,114,2,360,1
39,893,50,0.8,0.7,0.15,0.1,1,1,2,40,"post_fragmentation","chessboard",141,1811,37,11,114,2,364,1
39,893,50,0.8,0.7,0.15,0.1,1,1,2,40,"post_fragmentation","chessboard",141,1811,37,11,114,2,366,2
39,893,50,0.8,0.7,0.15,0.1,1,1,2,40,"post_fragmentation","chessboard",141,1811,37,11,114,2,385,1
39,893,50,0.8,0.7,0.15,0.1,1,1,2,40,"post_fragmentation","chessboard",141,1811,37,11,114,2,406,2
39,893,50,0.8,0.7,0.15,0.1,1,1,2,40,"post_fragmentation","chessboard",141,1811,37,11,114,2,407,1
39,893,50,0.8,0.7,0.15,0.1,1,1,2,40,"post_fragmentation","chessboard",141,1811,37,11,114,2,410,1
39,893,50,0.8,0.7,0.15,0.1,1,1,2,40,"post_fragmentation","chessboard",141,1811,37,11,114,2,422,1
39,893,50,0.8,0.7,0.15,0.1,1,1,2,40,"post_fragmentation","chessboard",141,1811,37,11,114,2,438,1
39,893,50,0.8,0.7,0.15,0.1,1,1,2,40,"post_fragmentation","chessboard",141,1811,37,11,114,2,465,2
39,893,50,0.8,0.7,0.15,0.1,1,1,2,40,"post_fragmentation","chessboard",141,1811,37,11,114,2,482,2
39,893,50,0.8,0.7,0.15,0.1,1,1,2,40,"post_fragmentation","chessboard",141,1811,37,11,114,2,493,1
39,893,50,0.8,0.7,0.15,0.1,1,1,2,40,"post_fragmentation","chessboard",141,1811,37,11,114,2,508,1
39,893,50,0.8,0.7,0.15,0.1,1,1,2,40,"post_fragmentation","chessboard",141,1811,37,11,114,2,556,1
39,893,50,0.8,0.7,0.15,0.1,1,1,2,40,"post_fragmentation","chessboard",142,1821,37,21,116,1,118,1
39,893,50,0.8,0.7,0.15,0.1,1,1,2,40,"post_fragmentation","chessboard",142,1821,37,21,116,1,128,1
39,893,50,0.8,0.7,0.15,0.1,1,1,2,40,"post_fragmentation","chessboard",142,1821,37,21,116,1,185,2
39,893,50,0.8,0.7,0.15,0.1,1,1,2,40,"post_fragmentation","chessboard",142,1821,37,21,116,1,192,1
39,893,50,0.8,0.7,0.15,0.1,1,1,2,40,"post_fragmentation","chessboard",142,1821,37,21,116,1,205,1
39,893,50,0.8,0.7,0.15,0.1,1,1,2,40,"post_fragmentation","chessboard",142,1821,37,21,116,1,207,1
39,893,50,0.8,0.7,0.15,0.1,1,1,2,40,"post_fragmentation","chessboard",142,1821,37,21,116,1,222,1
39,893,50,0.8,0.7,0.15,0.1,1,1,2,40,"post_fragmentation","chessboard",142,1821,37,21,116,1,230,2
39,893,50,0.8,0.7,0.15,0.1,1,1,2,40,"post_fragmentation","chessboard",142,1821,37,21,116,1,237,2
39,893,50,0.8,0.7,0.15,0.1,1,1,2,40,"post_fragmentation","chessboard",142,1821,37,21,116,1,243,2
39,893,50,0.8,0.7,0.15,0.1,1,1,2,40,"post_fragmentation","chessboard",142,1821,37,21,116,1,250,2
39,893,50,0.8,0.7,0.15,0.1,1,1,2,40,"post_fragmentation","chessboard",142,1821,37,21,116,1,257,1
39,893,50,0.8,0.7,0.15,0.1,1,1,2,40,"post_fragmentation","chessboard",142,1821,37,21,116,1,263,1
39,893,50,0.8,0.7,0.15,0.1,1,1,2,40,"post_fragmentation","chessboard",142,1821,37,21,116,1,267,1
39,893,50,0.8,0.7,0.15,0.1,1,1,2,40,"post_fragmentation","chessboard",142,1821,37,21,116,1,268,1
39,893,50,0.8,0.7,0.15,0.1,1,1,2,40,"post_fragmentation","chessboard",142,1821,37,21,116,1,269,1
39,893,50,0.8,0.7,0.15,0.1,1,1,2,40,"post_fragmentation","chessboard",142,1821,37,21,116,1,273,2
39,893,50,0.8,0.7,0.15,0.1,1,1,2,40,"post_fragmentation","chessboard",142,1821,37,21,116,1,276,2
39,893,50,0.8,0.7,0.15,0.1,1,1,2,40,"post_fragmentation","chessboard",142,1821,37,21,116,1,278,1
39,893,50,0.8,0.7,0.15,0.1,1,1,2,40,"post_fragmentation","chessboard",142,1821,37,21,116,1,279,1
39,893,50,0.8,0.7,0.15,0.1,1,1,2,40,"post_fragmentation","chessboard",142,1821,37,21,116,1,298,1
39,893,50,0.8,0.7,0.15,0.1,1,1,2,40,"post_fragmentation","chessboard",142,1821,37,21,116,1,308,2
39,893,50,0.8,0.7,0.15,0.1,1,1,2,40,"post_fragmentation","chessboard",142,1821,37,21,116,1,316,1
39,893,50,0.8,0.7,0.15,0.1,1,1,2,40,"post_fragmentation","chessboard",142,1821,37,21,116,1,326,1
39,893,50,0.8,0.7,0.15,0.1,1,1,2,40,"post_fragmentation","chessboard",142,1821,37,21,116,1,338,1
39,893,50,0.8,0.7,0.15,0.1,1,1,2,40,"post_fragmentation","chessboard",142,1821,37,21,116,1,356,2
39,893,50,0.8,0.7,0.15,0.1,1,1,2,40,"post_fragmentation","chessboard",142,1821,37,21,116,1,361,1
39,893,50,0.8,0.7,0.15,0.1,1,1,2,40,"post_fragmentation","chessboard",142,1821,37,21,116,1,453,1
39,893,50,0.8,0.7,0.15,0.1,1,1,2,40,"post_fragmentation","chessboard",143,1837,37,37,88,29,534,1
39,893,50,0.8,0.7,0.15,0.1,1,1,2,40,"post_fragmentation","chessboard",143,1837,37,37,88,29,553,4
39,893,50,0.8,0.7,0.15,0.1,1,1,2,40,"post_fragmentation","chessboard",143,1837,37,37,88,29,558,1
39,893,50,0.8,0.7,0.15,0.1,1,1,2,40,"post_fragmentation","chessboard",143,1837,37,37,88,29,587,2
39,893,50,0.8,0.7,0.15,0.1,1,1,2,40,"post_fragmentation","chessboard",143,1837,37,37,88,29,589,1
39,893,50,0.8,0.7,0.15,0.1,1,1,2,40,"post_fragmentation","chessboard",143,1837,37,37,88,29,599,4
39,893,50,0.8,0.7,0.15,0.1,1,1,2,40,"post_fragmentation","chessboard",143,1837,37,37,88,29,600,3
39,893,50,0.8,0.7,0.15,0.1,1,1,2,40,"post_fragmentation","chessboard",143,1837,37,37,88,29,601,3
39,893,50,0.8,0.7,0.15,0.1,1,1,2,40,"post_fragmentation","chessboard",143,1837,37,37,88,29,605,2
39,893,50,0.8,0.7,0.15,0.1,1,1,2,40,"post_fragmentation","chessboard",143,1837,37,37,88,29,607,5
39,893,50,0.8,0.7,0.15,0.1,1,1,2,40,"post_fragmentation","chessboard",143,1837,37,37,88,29,621,2
39,893,50,0.8,0.7,0.15,0.1,1,1,2,40,"post_fragmentation","chessboard",143,1837,37,37,88,29,628,2
39,893,50,0.8,0.7,0.15,0.1,1,1,2,40,"post_fragmentation","chessboard",143,1837,37,37,88,29,630,1
39,893,50,0.8,0.7,0.15,0.1,1,1,2,40,"post_fragmentation","chessboard",143,1837,37,37,88,29,645,1
39,893,50,0.8,0.7,0.15,0.1,1,1,2,40,"post_fragmentation","chessboard",143,1837,37,37,88,29,647,1
39,893,50,0.8,0.7,0.15,0.1,1,1,2,40,"post_fragmentation","chessboard",143,1837,37,37,88,29,656,1
39,893,50,0.8,0.7,0.15,0.1,1,1,2,40,"post_fragmentation","chessboard",143,1837,37,37,88,29,678,1
39,893,50,0.8,0.7,0.15,0.1,1,1,2,40,"post_fragmentation","chessboard",143,1837,37,37,88,29,689,1
39,893,50,0.8,0.7,0.15,0.1,1,1,2,40,"post_fragmentation","chessboard",143,1837,37,37,88,29,719,1
39,893,50,0.8,0.7,0.15,0.1,1,1,2,40,"post_fragmentation","chessboard",143,1837,37,37,88,29,784,1
39,893,50,0.8,0.7,0.15,0.1,1,1,2,40,"post_fragmentation","chessboard",144,1839,37,39,88,29,455,1
39,893,50,0.8,0.7,0.15,0.1,1,1,2,40,"post_fragmentation","chessboard",144,1839,37,39,88,29,558,1
39,893,50,0.8,0.7,0.15,0.1,1,1,2,40,"post_fragmentation","chessboard",144,1839,37,39,88,29,599,1
39,893,50,0.8,0.7,0.15,0.1,1,1,2,40,"post_fragmentation","chessboard",144,1839,37,39,88,29,601,3
39,893,50,0.8,0.7,0.15,0.1,1,1,2,40,"post_fragmentation","chessboard",144,1839,37,39,88,29,607,1
39,893,50,0.8,0.7,0.15,0.1,1,1,2,40,"post_fragmentation","chessboard",144,1839,37,39,88,29,626,1
39,893,50,0.8,0.7,0.15,0.1,1,1,2,40,"post_fragmentation","chessboard",144,1839,37,39,88,29,628,1
39,893,50,0.8,0.7,0.15,0.1,1,1,2,40,"post_fragmentation","chessboard",144,1839,37,39,88,29,645,2
39,893,50,0.8,0.7,0.15,0.1,1,1,2,40,"post_fragmentation","chessboard",144,1839,37,39,88,29,647,1
39,893,50,0.8,0.7,0.15,0.1,1,1,2,40,"post_fragmentation","chessboard",144,1839,37,39,88,29,653,4
39,893,50,0.8,0.7,0.15,0.1,1,1,2,40,"post_fragmentation","chessboard",144,1839,37,39,88,29,654,1
39,893,50,0.8,0.7,0.15,0.1,1,1,2,40,"post_fragmentation","chessboard",144,1839,37,39,88,29,665,2
39,893,50,0.8,0.7,0.15,0.1,1,1,2,40,"post_fragmentation","chessboard",144,1839,37,39,88,29,667,1
39,893,50,0.8,0.7,0.15,0.1,1,1,2,40,"post_fragmentation","chessboard",144,1839,37,39,88,29,670,2
39,893,50,0.8,0.7,0.15,0.1,1,1,2,40,"post_fragmentation","chessboard",144,1839,37,39,88,29,673,2
39,893,50,0.8,0.7,0.15,0.1,1,1,2,40,"post_fragmentation","chessboard",144,1839,37,39,88,29,678,1
39,893,50,0.8,0.7,0.15,0.1,1,1,2,40,"post_fragmentation","chessboard",144,1839,37,39,88,29,684,2
39,893,50,0.8,0.7,0.15,0.1,1,1,2,40,"post_fragmentation","chessboard",144,1839,37,39,88,29,686,1
39,893,50,0.8,0.7,0.15,0.1,1,1,2,40,"post_fragmentation","chessboard",144,1839,37,39,88,29,687,1
39,893,50,0.8,0.7,0.15,0.1,1,1,2,40,"post_fragmentation","chessboard",144,1839,37,39,88,29,689,1
39,893,50,0.8,0.7,0.15,0.1,1,1,2,40,"post_fragmentation","chessboard",144,1839,37,39,88,29,695,2
39,893,50,0.8,0.7,0.15,0.1,1,1,2,40,"post_fragmentation","chessboard",144,1839,37,39,88,29,700,1
39,893,50,0.8,0.7,0.15,0.1,1,1,2,40,"post_fragmentation","chessboard",144,1839,37,39,88,29,719,2
39,893,50,0.8,0.7,0.15,0.1,1,1,2,40,"post_fragmentation","chessboard",144,1839,37,39,88,29,732,1
39,893,50,0.8,0.7,0.15,0.1,1,1,2,40,"post_fragmentation","chessboard",144,1839,37,39,88,29,738,2
39,893,50,0.8,0.7,0.15,0.1,1,1,2,40,"post_fragmentation","chessboard",144,1839,37,39,88,29,749,3
39,893,50,0.8,0.7,0.15,0.1,1,1,2,40,"post_fragmentation","chessboard",144,1839,37,39,88,29,769,1
39,893,50,0.8,0.7,0.15,0.1,1,1,2,40,"post_fragmentation","chessboard",144,1839,37,39,88,29,770,1
39,893,50,0.8,0.7,0.15,0.1,1,1,2,40,"post_fragmentation","chessboard",144,1839,37,39,88,29,788,1
39,893,50,0.8,0.7,0.15,0.1,1,1,2,40,"post_fragmentation","chessboard",144,1839,37,39,88,29,804,1
39,893,50,0.8,0.7,0.15,0.1,1,1,2,40,"post_fragmentation","chessboard",145,1845,37,45,117,1,710,1
39,893,50,0.8,0.7,0.15,0.1,1,1,2,40,"post_fragmentation","chessboard",145,1845,37,45,117,1,768,1
39,893,50,0.8,0.7,0.15,0.1,1,1,2,40,"post_fragmentation","chessboard",145,1845,37,45,117,1,772,1
39,893,50,0.8,0.7,0.15,0.1,1,1,2,40,"post_fragmentation","chessboard",145,1845,37,45,117,1,784,1
39,893,50,0.8,0.7,0.15,0.1,1,1,2,40,"post_fragmentation","chessboard",145,1845,37,45,117,1,786,1
39,893,50,0.8,0.7,0.15,0.1,1,1,2,40,"post_fragmentation","chessboard",145,1845,37,45,117,1,790,1
39,893,50,0.8,0.7,0.15,0.1,1,1,2,40,"post_fragmentation","chessboard",145,1845,37,45,117,1,804,2
39,893,50,0.8,0.7,0.15,0.1,1,1,2,40,"post_fragmentation","chessboard",145,1845,37,45,117,1,806,1
39,893,50,0.8,0.7,0.15,0.1,1,1,2,40,"post_fragmentation","chessboard",145,1845,37,45,117,1,811,1
39,893,50,0.8,0.7,0.15,0.1,1,1,2,40,"post_fragmentation","chessboard",145,1845,37,45,117,1,818,1
39,893,50,0.8,0.7,0.15,0.1,1,1,2,40,"post_fragmentation","chessboard",145,1845,37,45,117,1,827,1
39,893,50,0.8,0.7,0.15,0.1,1,1,2,40,"post_fragmentation","chessboard",145,1845,37,45,117,1,833,2
39,893,50,0.8,0.7,0.15,0.1,1,1,2,40,"post_fragmentation","chessboard",145,1845,37,45,117,1,839,1
39,893,50,0.8,0.7,0.15,0.1,1,1,2,40,"post_fragmentation","chessboard",145,1845,37,45,117,1,841,2
39,893,50,0.8,0.7,0.15,0.1,1,1,2,40,"post_fragmentation","chessboard",145,1845,37,45,117,1,853,4
39,893,50,0.8,0.7,0.15,0.1,1,1,2,40,"post_fragmentation","chessboard",145,1845,37,45,117,1,854,1
39,893,50,0.8,0.7,0.15,0.1,1,1,2,40,"post_fragmentation","chessboard",145,1845,37,45,117,1,861,1
39,893,50,0.8,0.7,0.15,0.1,1,1,2,40,"post_fragmentation","chessboard",145,1845,37,45,117,1,862,3
39,893,50,0.8,0.7,0.15,0.1,1,1,2,40,"post_fragmentation","chessboard",145,1845,37,45,117,1,869,1
39,893,50,0.8,0.7,0.15,0.1,1,1,2,40,"post_fragmentation","chessboard",145,1845,37,45,117,1,875,1
39,893,50,0.8,0.7,0.15,0.1,1,1,2,40,"post_fragmentation","chessboard",145,1845,37,45,117,1,879,1
39,893,50,0.8,0.7,0.15,0.1,1,1,2,40,"post_fragmentation","chessboard",145,1845,37,45,117,1,881,1
39,893,50,0.8,0.7,0.15,0.1,1,1,2,40,"post_fragmentation","chessboard",145,1845,37,45,117,1,892,1
39,893,50,0.8,0.7,0.15,0.1,1,1,2,40,"post_fragmentation","chessboard",145,1845,37,45,117,1,919,2
39,893,50,0.8,0.7,0.15,0.1,1,1,2,40,"post_fragmentation","chessboard",145,1845,37,45,117,1,952,1
39,893,50,0.8,0.7,0.15,0.1,1,1,2,40,"post_fragmentation","chessboard",146,1862,38,12,118,2,209,1
39,893,50,0.8,0.7,0.15,0.1,1,1,2,40,"post_fragmentation","chessboard",146,1862,38,12,118,2,267,1
39,893,50,0.8,0.7,0.15,0.1,1,1,2,40,"post_fragmentation","chessboard",146,1862,38,12,118,2,284,1
39,893,50,0.8,0.7,0.15,0.1,1,1,2,40,"post_fragmentation","chessboard",146,1862,38,12,118,2,286,1
39,893,50,0.8,0.7,0.15,0.1,1,1,2,40,"post_fragmentation","chessboard",146,1862,38,12,118,2,288,2
39,893,50,0.8,0.7,0.15,0.1,1,1,2,40,"post_fragmentation","chessboard",146,1862,38,12,118,2,293,1
39,893,50,0.8,0.7,0.15,0.1,1,1,2,40,"post_fragmentation","chessboard",146,1862,38,12,118,2,308,2
39,893,50,0.8,0.7,0.15,0.1,1,1,2,40,"post_fragmentation","chessboard",146,1862,38,12,118,2,315,1
39,893,50,0.8,0.7,0.15,0.1,1,1,2,40,"post_fragmentation","chessboard",146,1862,38,12,118,2,326,2
39,893,50,0.8,0.7,0.15,0.1,1,1,2,40,"post_fragmentation","chessboard",146,1862,38,12,118,2,327,1
39,893,50,0.8,0.7,0.15,0.1,1,1,2,40,"post_fragmentation","chessboard",146,1862,38,12,118,2,338,1
39,893,50,0.8,0.7,0.15,0.1,1,1,2,40,"post_fragmentation","chessboard",146,1862,38,12,118,2,351,3
39,893,50,0.8,0.7,0.15,0.1,1,1,2,40,"post_fragmentation","chessboard",146,1862,38,12,118,2,356,3
39,893,50,0.8,0.7,0.15,0.1,1,1,2,40,"post_fragmentation","chessboard",146,1862,38,12,118,2,360,4
39,893,50,0.8,0.7,0.15,0.1,1,1,2,40,"post_fragmentation","chessboard",146,1862,38,12,118,2,369,2
39,893,50,0.8,0.7,0.15,0.1,1,1,2,40,"post_fragmentation","chessboard",146,1862,38,12,118,2,370,1
39,893,50,0.8,0.7,0.15,0.1,1,1,2,40,"post_fragmentation","chessboard",146,1862,38,12,118,2,402,1
39,893,50,0.8,0.7,0.15,0.1,1,1,2,40,"post_fragmentation","chessboard",146,1862,38,12,118,2,413,1
39,893,50,0.8,0.7,0.15,0.1,1,1,2,40,"post_fragmentation","chessboard",146,1862,38,12,118,2,435,1
39,893,50,0.8,0.7,0.15,0.1,1,1,2,40,"post_fragmentation","chessboard",146,1862,38,12,118,2,438,1
39,893,50,0.8,0.7,0.15,0.1,1,1,2,40,"post_fragmentation","chessboard",146,1862,38,12,118,2,448,2
39,893,50,0.8,0.7,0.15,0.1,1,1,2,40,"post_fragmentation","chessboard",146,1862,38,12,118,2,449,1
39,893,50,0.8,0.7,0.15,0.1,1,1,2,40,"post_fragmentation","chessboard",146,1862,38,12,118,2,453,1
39,893,50,0.8,0.7,0.15,0.1,1,1,2,40,"post_fragmentation","chessboard",146,1862,38,12,118,2,464,1
39,893,50,0.8,0.7,0.15,0.1,1,1,2,40,"post_fragmentation","chessboard",146,1862,38,12,118,2,503,1
39,893,50,0.8,0.7,0.15,0.1,1,1,2,40,"post_fragmentation","chessboard",146,1862,38,12,118,2,528,1
39,893,50,0.8,0.7,0.15,0.1,1,1,2,40,"post_fragmentation","chessboard",147,1874,38,24,119,1,92,1
39,893,50,0.8,0.7,0.15,0.1,1,1,2,40,"post_fragmentation","chessboard",147,1874,38,24,119,1,109,1
39,893,50,0.8,0.7,0.15,0.1,1,1,2,40,"post_fragmentation","chessboard",147,1874,38,24,119,1,112,4
39,893,50,0.8,0.7,0.15,0.1,1,1,2,40,"post_fragmentation","chessboard",147,1874,38,24,119,1,128,1
39,893,50,0.8,0.7,0.15,0.1,1,1,2,40,"post_fragmentation","chessboard",147,1874,38,24,119,1,129,3
39,893,50,0.8,0.7,0.15,0.1,1,1,2,40,"post_fragmentation","chessboard",147,1874,38,24,119,1,132,1
39,893,50,0.8,0.7,0.15,0.1,1,1,2,40,"post_fragmentation","chessboard",147,1874,38,24,119,1,133,2
39,893,50,0.8,0.7,0.15,0.1,1,1,2,40,"post_fragmentation","chessboard",147,1874,38,24,119,1,146,1
39,893,50,0.8,0.7,0.15,0.1,1,1,2,40,"post_fragmentation","chessboard",147,1874,38,24,119,1,151,1
39,893,50,0.8,0.7,0.15,0.1,1,1,2,40,"post_fragmentation","chessboard",147,1874,38,24,119,1,157,1
39,893,50,0.8,0.7,0.15,0.1,1,1,2,40,"post_fragmentation","chessboard",147,1874,38,24,119,1,172,2
39,893,50,0.8,0.7,0.15,0.1,1,1,2,40,"post_fragmentation","chessboard",147,1874,38,24,119,1,196,1
39,893,50,0.8,0.7,0.15,0.1,1,1,2,40,"post_fragmentation","chessboard",147,1874,38,24,119,1,197,3
39,893,50,0.8,0.7,0.15,0.1,1,1,2,40,"post_fragmentation","chessboard",147,1874,38,24,119,1,200,3
39,893,50,0.8,0.7,0.15,0.1,1,1,2,40,"post_fragmentation","chessboard",147,1874,38,24,119,1,201,1
39,893,50,0.8,0.7,0.15,0.1,1,1,2,40,"post_fragmentation","chessboard",147,1874,38,24,119,1,202,1
39,893,50,0.8,0.7,0.15,0.1,1,1,2,40,"post_fragmentation","chessboard",147,1874,38,24,119,1,209,1
39,893,50,0.8,0.7,0.15,0.1,1,1,2,40,"post_fragmentation","chessboard",147,1874,38,24,119,1,214,1
39,893,50,0.8,0.7,0.15,0.1,1,1,2,40,"post_fragmentation","chessboard",147,1874,38,24,119,1,224,1
39,893,50,0.8,0.7,0.15,0.1,1,1,2,40,"post_fragmentation","chessboard",147,1874,38,24,119,1,231,1
39,893,50,0.8,0.7,0.15,0.1,1,1,2,40,"post_fragmentation","chessboard",147,1874,38,24,119,1,234,1
39,893,50,0.8,0.7,0.15,0.1,1,1,2,40,"post_fragmentation","chessboard",147,1874,38,24,119,1,248,1
39,893,50,0.8,0.7,0.15,0.1,1,1,2,40,"post_fragmentation","chessboard",147,1874,38,24,119,1,287,1
39,893,50,0.8,0.7,0.15,0.1,1,1,2,40,"post_fragmentation","chessboard",148,1876,38,26,120,1,53,1
39,893,50,0.8,0.7,0.15,0.1,1,1,2,40,"post_fragmentation","chessboard",148,1876,38,26,120,1,86,1
39,893,50,0.8,0.7,0.15,0.1,1,1,2,40,"post_fragmentation","chessboard",148,1876,38,26,120,1,92,1
39,893,50,0.8,0.7,0.15,0.1,1,1,2,40,"post_fragmentation","chessboard",148,1876,38,26,120,1,112,2
39,893,50,0.8,0.7,0.15,0.1,1,1,2,40,"post_fragmentation","chessboard",148,1876,38,26,120,1,118,1
39,893,50,0.8,0.7,0.15,0.1,1,1,2,40,"post_fragmentation","chessboard",148,1876,38,26,120,1,133,1
39,893,50,0.8,0.7,0.15,0.1,1,1,2,40,"post_fragmentation","chessboard",148,1876,38,26,120,1,141,3
39,893,50,0.8,0.7,0.15,0.1,1,1,2,40,"post_fragmentation","chessboard",148,1876,38,26,120,1,146,1
39,893,50,0.8,0.7,0.15,0.1,1,1,2,40,"post_fragmentation","chessboard",148,1876,38,26,120,1,148,2
39,893,50,0.8,0.7,0.15,0.1,1,1,2,40,"post_fragmentation","chessboard",148,1876,38,26,120,1,150,1
39,893,50,0.8,0.7,0.15,0.1,1,1,2,40,"post_fragmentation","chessboard",148,1876,38,26,120,1,154,1
39,893,50,0.8,0.7,0.15,0.1,1,1,2,40,"post_fragmentation","chessboard",148,1876,38,26,120,1,162,1
39,893,50,0.8,0.7,0.15,0.1,1,1,2,40,"post_fragmentation","chessboard",148,1876,38,26,120,1,166,1
39,893,50,0.8,0.7,0.15,0.1,1,1,2,40,"post_fragmentation","chessboard",148,1876,38,26,120,1,185,3
39,893,50,0.8,0.7,0.15,0.1,1,1,2,40,"post_fragmentation","chessboard",148,1876,38,26,120,1,190,1
39,893,50,0.8,0.7,0.15,0.1,1,1,2,40,"post_fragmentation","chessboard",148,1876,38,26,120,1,192,1
39,893,50,0.8,0.7,0.15,0.1,1,1,2,40,"post_fragmentation","chessboard",148,1876,38,26,120,1,196,1
39,893,50,0.8,0.7,0.15,0.1,1,1,2,40,"post_fragmentation","chessboard",148,1876,38,26,120,1,197,2
39,893,50,0.8,0.7,0.15,0.1,1,1,2,40,"post_fragmentation","chessboard",148,1876,38,26,120,1,200,1
39,893,50,0.8,0.7,0.15,0.1,1,1,2,40,"post_fragmentation","chessboard",148,1876,38,26,120,1,204,1
39,893,50,0.8,0.7,0.15,0.1,1,1,2,40,"post_fragmentation","chessboard",148,1876,38,26,120,1,211,1
39,893,50,0.8,0.7,0.15,0.1,1,1,2,40,"post_fragmentation","chessboard",148,1876,38,26,120,1,213,1
39,893,50,0.8,0.7,0.15,0.1,1,1,2,40,"post_fragmentation","chessboard",148,1876,38,26,120,1,214,1
39,893,50,0.8,0.7,0.15,0.1,1,1,2,40,"post_fragmentation","chessboard",148,1876,38,26,120,1,216,1
39,893,50,0.8,0.7,0.15,0.1,1,1,2,40,"post_fragmentation","chessboard",148,1876,38,26,120,1,222,1
39,893,50,0.8,0.7,0.15,0.1,1,1,2,40,"post_fragmentation","chessboard",148,1876,38,26,120,1,227,1
39,893,50,0.8,0.7,0.15,0.1,1,1,2,40,"post_fragmentation","chessboard",148,1876,38,26,120,1,229,1
39,893,50,0.8,0.7,0.15,0.1,1,1,2,40,"post_fragmentation","chessboard",148,1876,38,26,120,1,234,1
39,893,50,0.8,0.7,0.15,0.1,1,1,2,40,"post_fragmentation","chessboard",148,1876,38,26,120,1,239,2
39,893,50,0.8,0.7,0.15,0.1,1,1,2,40,"post_fragmentation","chessboard",148,1876,38,26,120,1,276,1
39,893,50,0.8,0.7,0.15,0.1,1,1,2,40,"post_fragmentation","chessboard",148,1876,38,26,120,1,285,1
39,893,50,0.8,0.7,0.15,0.1,1,1,2,40,"post_fragmentation","chessboard",149,1905,39,5,121,1,410,1
39,893,50,0.8,0.7,0.15,0.1,1,1,2,40,"post_fragmentation","chessboard",149,1905,39,5,121,1,422,1
39,893,50,0.8,0.7,0.15,0.1,1,1,2,40,"post_fragmentation","chessboard",149,1905,39,5,121,1,426,2
39,893,50,0.8,0.7,0.15,0.1,1,1,2,40,"post_fragmentation","chessboard",149,1905,39,5,121,1,428,1
39,893,50,0.8,0.7,0.15,0.1,1,1,2,40,"post_fragmentation","chessboard",149,1905,39,5,121,1,439,1
39,893,50,0.8,0.7,0.15,0.1,1,1,2,40,"post_fragmentation","chessboard",149,1905,39,5,121,1,442,1
39,893,50,0.8,0.7,0.15,0.1,1,1,2,40,"post_fragmentation","chessboard",149,1905,39,5,121,1,450,1
39,893,50,0.8,0.7,0.15,0.1,1,1,2,40,"post_fragmentation","chessboard",149,1905,39,5,121,1,461,1
39,893,50,0.8,0.7,0.15,0.1,1,1,2,40,"post_fragmentation","chessboard",149,1905,39,5,121,1,464,1
39,893,50,0.8,0.7,0.15,0.1,1,1,2,40,"post_fragmentation","chessboard",149,1905,39,5,121,1,466,1
39,893,50,0.8,0.7,0.15,0.1,1,1,2,40,"post_fragmentation","chessboard",149,1905,39,5,121,1,468,1
39,893,50,0.8,0.7,0.15,0.1,1,1,2,40,"post_fragmentation","chessboard",149,1905,39,5,121,1,475,1
39,893,50,0.8,0.7,0.15,0.1,1,1,2,40,"post_fragmentation","chessboard",149,1905,39,5,121,1,501,1
39,893,50,0.8,0.7,0.15,0.1,1,1,2,40,"post_fragmentation","chessboard",149,1905,39,5,121,1,503,1
39,893,50,0.8,0.7,0.15,0.1,1,1,2,40,"post_fragmentation","chessboard",149,1905,39,5,121,1,508,3
39,893,50,0.8,0.7,0.15,0.1,1,1,2,40,"post_fragmentation","chessboard",149,1905,39,5,121,1,527,1
39,893,50,0.8,0.7,0.15,0.1,1,1,2,40,"post_fragmentation","chessboard",149,1905,39,5,121,1,528,1
39,893,50,0.8,0.7,0.15,0.1,1,1,2,40,"post_fragmentation","chessboard",149,1905,39,5,121,1,546,1
39,893,50,0.8,0.7,0.15,0.1,1,1,2,40,"post_fragmentation","chessboard",149,1905,39,5,121,1,564,2
39,893,50,0.8,0.7,0.15,0.1,1,1,2,40,"post_fragmentation","chessboard",149,1905,39,5,121,1,576,5
39,893,50,0.8,0.7,0.15,0.1,1,1,2,40,"post_fragmentation","chessboard",149,1905,39,5,121,1,594,2
39,893,50,0.8,0.7,0.15,0.1,1,1,2,40,"post_fragmentation","chessboard",149,1905,39,5,121,1,597,3
39,893,50,0.8,0.7,0.15,0.1,1,1,2,40,"post_fragmentation","chessboard",149,1905,39,5,121,1,625,1
39,893,50,0.8,0.7,0.15,0.1,1,1,2,40,"post_fragmentation","chessboard",149,1905,39,5,121,1,627,1
39,893,50,0.8,0.7,0.15,0.1,1,1,2,40,"post_fragmentation","chessboard",149,1905,39,5,121,1,650,1
39,893,50,0.8,0.7,0.15,0.1,1,1,2,40,"post_fragmentation","chessboard",149,1905,39,5,121,1,660,1
39,893,50,0.8,0.7,0.15,0.1,1,1,2,40,"post_fragmentation","chessboard",149,1905,39,5,121,1,710,1
39,893,50,0.8,0.7,0.15,0.1,1,1,2,40,"post_fragmentation","chessboard",150,1909,39,9,122,6,228,1
39,893,50,0.8,0.7,0.15,0.1,1,1,2,40,"post_fragmentation","chessboard",150,1909,39,9,122,6,258,3
39,893,50,0.8,0.7,0.15,0.1,1,1,2,40,"post_fragmentation","chessboard",150,1909,39,9,122,6,286,1
39,893,50,0.8,0.7,0.15,0.1,1,1,2,40,"post_fragmentation","chessboard",150,1909,39,9,122,6,287,2
39,893,50,0.8,0.7,0.15,0.1,1,1,2,40,"post_fragmentation","chessboard",150,1909,39,9,122,6,289,1
39,893,50,0.8,0.7,0.15,0.1,1,1,2,40,"post_fragmentation","chessboard",150,1909,39,9,122,6,294,1
39,893,50,0.8,0.7,0.15,0.1,1,1,2,40,"post_fragmentation","chessboard",150,1909,39,9,122,6,305,2
39,893,50,0.8,0.7,0.15,0.1,1,1,2,40,"post_fragmentation","chessboard",150,1909,39,9,122,6,308,3
39,893,50,0.8,0.7,0.15,0.1,1,1,2,40,"post_fragmentation","chessboard",150,1909,39,9,122,6,326,2
39,893,50,0.8,0.7,0.15,0.1,1,1,2,40,"post_fragmentation","chessboard",150,1909,39,9,122,6,329,1
39,893,50,0.8,0.7,0.15,0.1,1,1,2,40,"post_fragmentation","chessboard",150,1909,39,9,122,6,333,2
39,893,50,0.8,0.7,0.15,0.1,1,1,2,40,"post_fragmentation","chessboard",150,1909,39,9,122,6,337,2
39,893,50,0.8,0.7,0.15,0.1,1,1,2,40,"post_fragmentation","chessboard",150,1909,39,9,122,6,338,2
39,893,50,0.8,0.7,0.15,0.1,1,1,2,40,"post_fragmentation","chessboard",150,1909,39,9,122,6,344,2
39,893,50,0.8,0.7,0.15,0.1,1,1,2,40,"post_fragmentation","chessboard",150,1909,39,9,122,6,347,1
39,893,50,0.8,0.7,0.15,0.1,1,1,2,40,"post_fragmentation","chessboard",150,1909,39,9,122,6,351,1
39,893,50,0.8,0.7,0.15,0.1,1,1,2,40,"post_fragmentation","chessboard",150,1909,39,9,122,6,356,2
39,893,50,0.8,0.7,0.15,0.1,1,1,2,40,"post_fragmentation","chessboard",150,1909,39,9,122,6,380,1
39,893,50,0.8,0.7,0.15,0.1,1,1,2,40,"post_fragmentation","chessboard",150,1909,39,9,122,6,382,1
39,893,50,0.8,0.7,0.15,0.1,1,1,2,40,"post_fragmentation","chessboard",150,1909,39,9,122,6,385,2
39,893,50,0.8,0.7,0.15,0.1,1,1,2,40,"post_fragmentation","chessboard",150,1909,39,9,122,6,406,1
39,893,50,0.8,0.7,0.15,0.1,1,1,2,40,"post_fragmentation","chessboard",150,1909,39,9,122,6,407,1
39,893,50,0.8,0.7,0.15,0.1,1,1,2,40,"post_fragmentation","chessboard",150,1909,39,9,122,6,435,1
39,893,50,0.8,0.7,0.15,0.1,1,1,2,40,"post_fragmentation","chessboard",150,1909,39,9,122,6,460,1
39,893,50,0.8,0.7,0.15,0.1,1,1,2,40,"post_fragmentation","chessboard",150,1909,39,9,122,6,501,1
39,893,50,0.8,0.7,0.15,0.1,1,1,2,40,"post_fragmentation","chessboard",151,1939,39,39,124,1,618,2
39,893,50,0.8,0.7,0.15,0.1,1,1,2,40,"post_fragmentation","chessboard",151,1939,39,39,124,1,624,1
39,893,50,0.8,0.7,0.15,0.1,1,1,2,40,"post_fragmentation","chessboard",151,1939,39,39,124,1,627,2
39,893,50,0.8,0.7,0.15,0.1,1,1,2,40,"post_fragmentation","chessboard",151,1939,39,39,124,1,641,1
39,893,50,0.8,0.7,0.15,0.1,1,1,2,40,"post_fragmentation","chessboard",151,1939,39,39,124,1,645,1
39,893,50,0.8,0.7,0.15,0.1,1,1,2,40,"post_fragmentation","chessboard",151,1939,39,39,124,1,653,3
39,893,50,0.8,0.7,0.15,0.1,1,1,2,40,"post_fragmentation","chessboard",151,1939,39,39,124,1,665,1
39,893,50,0.8,0.7,0.15,0.1,1,1,2,40,"post_fragmentation","chessboard",151,1939,39,39,124,1,666,1
39,893,50,0.8,0.7,0.15,0.1,1,1,2,40,"post_fragmentation","chessboard",151,1939,39,39,124,1,667,2
39,893,50,0.8,0.7,0.15,0.1,1,1,2,40,"post_fragmentation","chessboard",151,1939,39,39,124,1,670,1
39,893,50,0.8,0.7,0.15,0.1,1,1,2,40,"post_fragmentation","chessboard",151,1939,39,39,124,1,671,1
39,893,50,0.8,0.7,0.15,0.1,1,1,2,40,"post_fragmentation","chessboard",151,1939,39,39,124,1,673,5
39,893,50,0.8,0.7,0.15,0.1,1,1,2,40,"post_fragmentation","chessboard",151,1939,39,39,124,1,678,1
39,893,50,0.8,0.7,0.15,0.1,1,1,2,40,"post_fragmentation","chessboard",151,1939,39,39,124,1,684,2
39,893,50,0.8,0.7,0.15,0.1,1,1,2,40,"post_fragmentation","chessboard",151,1939,39,39,124,1,687,4
39,893,50,0.8,0.7,0.15,0.1,1,1,2,40,"post_fragmentation","chessboard",151,1939,39,39,124,1,688,1
39,893,50,0.8,0.7,0.15,0.1,1,1,2,40,"post_fragmentation","chessboard",151,1939,39,39,124,1,719,1
39,893,50,0.8,0.7,0.15,0.1,1,1,2,40,"post_fragmentation","chessboard",151,1939,39,39,124,1,727,1
39,893,50,0.8,0.7,0.15,0.1,1,1,2,40,"post_fragmentation","chessboard",151,1939,39,39,124,1,735,1
39,893,50,0.8,0.7,0.15,0.1,1,1,2,40,"post_fragmentation","chessboard",151,1939,39,39,124,1,738,2
39,893,50,0.8,0.7,0.15,0.1,1,1,2,40,"post_fragmentation","chessboard",151,1939,39,39,124,1,770,3
39,893,50,0.8,0.7,0.15,0.1,1,1,2,40,"post_fragmentation","chessboard",151,1939,39,39,124,1,775,1
39,893,50,0.8,0.7,0.15,0.1,1,1,2,40,"post_fragmentation","chessboard",151,1939,39,39,124,1,788,1
39,893,50,0.8,0.7,0.15,0.1,1,1,2,40,"post_fragmentation","chessboard",151,1939,39,39,124,1,794,1
39,893,50,0.8,0.7,0.15,0.1,1,1,2,40,"post_fragmentation","chessboard",151,1939,39,39,124,1,797,3
39,893,50,0.8,0.7,0.15,0.1,1,1,2,40,"post_fragmentation","chessboard",151,1939,39,39,124,1,857,1
39,893,50,0.8,0.7,0.15,0.1,1,1,2,40,"post_fragmentation","chessboard",152,1943,39,43,125,1,670,2
39,893,50,0.8,0.7,0.15,0.1,1,1,2,40,"post_fragmentation","chessboard",152,1943,39,43,125,1,687,1
39,893,50,0.8,0.7,0.15,0.1,1,1,2,40,"post_fragmentation","chessboard",152,1943,39,43,125,1,695,1
39,893,50,0.8,0.7,0.15,0.1,1,1,2,40,"post_fragmentation","chessboard",152,1943,39,43,125,1,719,1
39,893,50,0.8,0.7,0.15,0.1,1,1,2,40,"post_fragmentation","chessboard",152,1943,39,43,125,1,732,2
39,893,50,0.8,0.7,0.15,0.1,1,1,2,40,"post_fragmentation","chessboard",152,1943,39,43,125,1,736,1
39,893,50,0.8,0.7,0.15,0.1,1,1,2,40,"post_fragmentation","chessboard",152,1943,39,43,125,1,738,2
39,893,50,0.8,0.7,0.15,0.1,1,1,2,40,"post_fragmentation","chessboard",152,1943,39,43,125,1,750,1
39,893,50,0.8,0.7,0.15,0.1,1,1,2,40,"post_fragmentation","chessboard",152,1943,39,43,125,1,758,2
39,893,50,0.8,0.7,0.15,0.1,1,1,2,40,"post_fragmentation","chessboard",152,1943,39,43,125,1,760,1
39,893,50,0.8,0.7,0.15,0.1,1,1,2,40,"post_fragmentation","chessboard",152,1943,39,43,125,1,762,2
39,893,50,0.8,0.7,0.15,0.1,1,1,2,40,"post_fragmentation","chessboard",152,1943,39,43,125,1,769,1
39,893,50,0.8,0.7,0.15,0.1,1,1,2,40,"post_fragmentation","chessboard",152,1943,39,43,125,1,772,3
39,893,50,0.8,0.7,0.15,0.1,1,1,2,40,"post_fragmentation","chessboard",152,1943,39,43,125,1,781,1
39,893,50,0.8,0.7,0.15,0.1,1,1,2,40,"post_fragmentation","chessboard",152,1943,39,43,125,1,786,1
39,893,50,0.8,0.7,0.15,0.1,1,1,2,40,"post_fragmentation","chessboard",152,1943,39,43,125,1,789,1
39,893,50,0.8,0.7,0.15,0.1,1,1,2,40,"post_fragmentation","chessboard",152,1943,39,43,125,1,805,4
39,893,50,0.8,0.7,0.15,0.1,1,1,2,40,"post_fragmentation","chessboard",152,1943,39,43,125,1,806,3
39,893,50,0.8,0.7,0.15,0.1,1,1,2,40,"post_fragmentation","chessboard",152,1943,39,43,125,1,815,2
39,893,50,0.8,0.7,0.15,0.1,1,1,2,40,"post_fragmentation","chessboard",152,1943,39,43,125,1,818,2
39,893,50,0.8,0.7,0.15,0.1,1,1,2,40,"post_fragmentation","chessboard",152,1943,39,43,125,1,838,1
39,893,50,0.8,0.7,0.15,0.1,1,1,2,40,"post_fragmentation","chessboard",152,1943,39,43,125,1,841,1
39,893,50,0.8,0.7,0.15,0.1,1,1,2,40,"post_fragmentation","chessboard",152,1943,39,43,125,1,843,1
39,893,50,0.8,0.7,0.15,0.1,1,1,2,40,"post_fragmentation","chessboard",152,1943,39,43,125,1,888,2
39,893,50,0.8,0.7,0.15,0.1,1,1,2,40,"post_fragmentation","chessboard",152,1943,39,43,125,1,904,1
39,893,50,0.8,0.7,0.15,0.1,1,1,2,40,"post_fragmentation","chessboard",152,1943,39,43,125,1,913,1
39,893,50,0.8,0.7,0.15,0.1,1,1,2,40,"post_fragmentation","chessboard",153,1956,40,6,122,6,289,1
39,893,50,0.8,0.7,0.15,0.1,1,1,2,40,"post_fragmentation","chessboard",153,1956,40,6,122,6,315,1
39,893,50,0.8,0.7,0.15,0.1,1,1,2,40,"post_fragmentation","chessboard",153,1956,40,6,122,6,347,1
39,893,50,0.8,0.7,0.15,0.1,1,1,2,40,"post_fragmentation","chessboard",153,1956,40,6,122,6,359,1
39,893,50,0.8,0.7,0.15,0.1,1,1,2,40,"post_fragmentation","chessboard",153,1956,40,6,122,6,367,1
39,893,50,0.8,0.7,0.15,0.1,1,1,2,40,"post_fragmentation","chessboard",153,1956,40,6,122,6,380,1
39,893,50,0.8,0.7,0.15,0.1,1,1,2,40,"post_fragmentation","chessboard",153,1956,40,6,122,6,385,1
39,893,50,0.8,0.7,0.15,0.1,1,1,2,40,"post_fragmentation","chessboard",153,1956,40,6,122,6,402,6
39,893,50,0.8,0.7,0.15,0.1,1,1,2,40,"post_fragmentation","chessboard",153,1956,40,6,122,6,406,2
39,893,50,0.8,0.7,0.15,0.1,1,1,2,40,"post_fragmentation","chessboard",153,1956,40,6,122,6,407,4
39,893,50,0.8,0.7,0.15,0.1,1,1,2,40,"post_fragmentation","chessboard",153,1956,40,6,122,6,422,1
39,893,50,0.8,0.7,0.15,0.1,1,1,2,40,"post_fragmentation","chessboard",153,1956,40,6,122,6,439,1
39,893,50,0.8,0.7,0.15,0.1,1,1,2,40,"post_fragmentation","chessboard",153,1956,40,6,122,6,442,2
39,893,50,0.8,0.7,0.15,0.1,1,1,2,40,"post_fragmentation","chessboard",153,1956,40,6,122,6,450,1
39,893,50,0.8,0.7,0.15,0.1,1,1,2,40,"post_fragmentation","chessboard",153,1956,40,6,122,6,463,1
39,893,50,0.8,0.7,0.15,0.1,1,1,2,40,"post_fragmentation","chessboard",153,1956,40,6,122,6,468,1
39,893,50,0.8,0.7,0.15,0.1,1,1,2,40,"post_fragmentation","chessboard",153,1956,40,6,122,6,501,1
39,893,50,0.8,0.7,0.15,0.1,1,1,2,40,"post_fragmentation","chessboard",153,1956,40,6,122,6,503,4
39,893,50,0.8,0.7,0.15,0.1,1,1,2,40,"post_fragmentation","chessboard",153,1956,40,6,122,6,505,2
39,893,50,0.8,0.7,0.15,0.1,1,1,2,40,"post_fragmentation","chessboard",153,1956,40,6,122,6,528,1
39,893,50,0.8,0.7,0.15,0.1,1,1,2,40,"post_fragmentation","chessboard",153,1956,40,6,122,6,554,1
39,893,50,0.8,0.7,0.15,0.1,1,1,2,40,"post_fragmentation","chessboard",153,1956,40,6,122,6,576,1
39,893,50,0.8,0.7,0.15,0.1,1,1,2,40,"post_fragmentation","chessboard",153,1956,40,6,122,6,625,1
39,893,50,0.8,0.7,0.15,0.1,1,1,2,40,"post_fragmentation","chessboard",153,1956,40,6,122,6,650,1
39,893,50,0.8,0.7,0.15,0.1,1,1,2,40,"post_fragmentation","chessboard",154,1958,40,8,122,6,211,1
39,893,50,0.8,0.7,0.15,0.1,1,1,2,40,"post_fragmentation","chessboard",154,1958,40,8,122,6,246,1
39,893,50,0.8,0.7,0.15,0.1,1,1,2,40,"post_fragmentation","chessboard",154,1958,40,8,122,6,247,1
39,893,50,0.8,0.7,0.15,0.1,1,1,2,40,"post_fragmentation","chessboard",154,1958,40,8,122,6,258,5
39,893,50,0.8,0.7,0.15,0.1,1,1,2,40,"post_fragmentation","chessboard",154,1958,40,8,122,6,269,2
39,893,50,0.8,0.7,0.15,0.1,1,1,2,40,"post_fragmentation","chessboard",154,1958,40,8,122,6,286,1
39,893,50,0.8,0.7,0.15,0.1,1,1,2,40,"post_fragmentation","chessboard",154,1958,40,8,122,6,288,2
39,893,50,0.8,0.7,0.15,0.1,1,1,2,40,"post_fragmentation","chessboard",154,1958,40,8,122,6,289,1
39,893,50,0.8,0.7,0.15,0.1,1,1,2,40,"post_fragmentation","chessboard",154,1958,40,8,122,6,293,2
39,893,50,0.8,0.7,0.15,0.1,1,1,2,40,"post_fragmentation","chessboard",154,1958,40,8,122,6,294,4
39,893,50,0.8,0.7,0.15,0.1,1,1,2,40,"post_fragmentation","chessboard",154,1958,40,8,122,6,300,1
39,893,50,0.8,0.7,0.15,0.1,1,1,2,40,"post_fragmentation","chessboard",154,1958,40,8,122,6,302,2
39,893,50,0.8,0.7,0.15,0.1,1,1,2,40,"post_fragmentation","chessboard",154,1958,40,8,122,6,308,1
39,893,50,0.8,0.7,0.15,0.1,1,1,2,40,"post_fragmentation","chessboard",154,1958,40,8,122,6,326,1
39,893,50,0.8,0.7,0.15,0.1,1,1,2,40,"post_fragmentation","chessboard",154,1958,40,8,122,6,327,1
39,893,50,0.8,0.7,0.15,0.1,1,1,2,40,"post_fragmentation","chessboard",154,1958,40,8,122,6,328,2
39,893,50,0.8,0.7,0.15,0.1,1,1,2,40,"post_fragmentation","chessboard",154,1958,40,8,122,6,329,2
39,893,50,0.8,0.7,0.15,0.1,1,1,2,40,"post_fragmentation","chessboard",154,1958,40,8,122,6,333,3
39,893,50,0.8,0.7,0.15,0.1,1,1,2,40,"post_fragmentation","chessboard",154,1958,40,8,122,6,337,2
39,893,50,0.8,0.7,0.15,0.1,1,1,2,40,"post_fragmentation","chessboard",154,1958,40,8,122,6,344,2
39,893,50,0.8,0.7,0.15,0.1,1,1,2,40,"post_fragmentation","chessboard",154,1958,40,8,122,6,360,2
39,893,50,0.8,0.7,0.15,0.1,1,1,2,40,"post_fragmentation","chessboard",155,1986,40,36,123,3,464,1
39,893,50,0.8,0.7,0.15,0.1,1,1,2,40,"post_fragmentation","chessboard",155,1986,40,36,123,3,510,1
39,893,50,0.8,0.7,0.15,0.1,1,1,2,40,"post_fragmentation","chessboard",155,1986,40,36,123,3,544,1
39,893,50,0.8,0.7,0.15,0.1,1,1,2,40,"post_fragmentation","chessboard",155,1986,40,36,123,3,546,1
39,893,50,0.8,0.7,0.15,0.1,1,1,2,40,"post_fragmentation","chessboard",155,1986,40,36,123,3,566,2
39,893,50,0.8,0.7,0.15,0.1,1,1,2,40,"post_fragmentation","chessboard",155,1986,40,36,123,3,586,1
39,893,50,0.8,0.7,0.15,0.1,1,1,2,40,"post_fragmentation","chessboard",155,1986,40,36,123,3,599,1
39,893,50,0.8,0.7,0.15,0.1,1,1,2,40,"post_fragmentation","chessboard",155,1986,40,36,123,3,601,1
39,893,50,0.8,0.7,0.15,0.1,1,1,2,40,"post_fragmentation","chessboard",155,1986,40,36,123,3,607,3
39,893,50,0.8,0.7,0.15,0.1,1,1,2,40,"post_fragmentation","chessboard",155,1986,40,36,123,3,618,3
39,893,50,0.8,0.7,0.15,0.1,1,1,2,40,"post_fragmentation","chessboard",155,1986,40,36,123,3,627,1
39,893,50,0.8,0.7,0.15,0.1,1,1,2,40,"post_fragmentation","chessboard",155,1986,40,36,123,3,630,1
39,893,50,0.8,0.7,0.15,0.1,1,1,2,40,"post_fragmentation","chessboard",155,1986,40,36,123,3,637,1
39,893,50,0.8,0.7,0.15,0.1,1,1,2,40,"post_fragmentation","chessboard",155,1986,40,36,123,3,641,1
39,893,50,0.8,0.7,0.15,0.1,1,1,2,40,"post_fragmentation","chessboard",155,1986,40,36,123,3,645,4
39,893,50,0.8,0.7,0.15,0.1,1,1,2,40,"post_fragmentation","chessboard",155,1986,40,36,123,3,660,1
39,893,50,0.8,0.7,0.15,0.1,1,1,2,40,"post_fragmentation","chessboard",155,1986,40,36,123,3,668,1
39,893,50,0.8,0.7,0.15,0.1,1,1,2,40,"post_fragmentation","chessboard",155,1986,40,36,123,3,670,1
39,893,50,0.8,0.7,0.15,0.1,1,1,2,40,"post_fragmentation","chessboard",155,1986,40,36,123,3,673,1
39,893,50,0.8,0.7,0.15,0.1,1,1,2,40,"post_fragmentation","chessboard",155,1986,40,36,123,3,689,1
39,893,50,0.8,0.7,0.15,0.1,1,1,2,40,"post_fragmentation","chessboard",155,1986,40,36,123,3,692,2
39,893,50,0.8,0.7,0.15,0.1,1,1,2,40,"post_fragmentation","chessboard",155,1986,40,36,123,3,727,2
39,893,50,0.8,0.7,0.15,0.1,1,1,2,40,"post_fragmentation","chessboard",155,1986,40,36,123,3,729,3
39,893,50,0.8,0.7,0.15,0.1,1,1,2,40,"post_fragmentation","chessboard",155,1986,40,36,123,3,736,1
39,893,50,0.8,0.7,0.15,0.1,1,1,2,40,"post_fragmentation","chessboard",155,1986,40,36,123,3,779,2
39,893,50,0.8,0.7,0.15,0.1,1,1,2,40,"post_fragmentation","chessboard",156,1996,40,46,128,1,623,2
39,893,50,0.8,0.7,0.15,0.1,1,1,2,40,"post_fragmentation","chessboard",156,1996,40,46,128,1,644,1
39,893,50,0.8,0.7,0.15,0.1,1,1,2,40,"post_fragmentation","chessboard",156,1996,40,46,128,1,655,1
39,893,50,0.8,0.7,0.15,0.1,1,1,2,40,"post_fragmentation","chessboard",156,1996,40,46,128,1,657,1
39,893,50,0.8,0.7,0.15,0.1,1,1,2,40,"post_fragmentation","chessboard",156,1996,40,46,128,1,666,1
39,893,50,0.8,0.7,0.15,0.1,1,1,2,40,"post_fragmentation","chessboard",156,1996,40,46,128,1,667,1
39,893,50,0.8,0.7,0.15,0.1,1,1,2,40,"post_fragmentation","chessboard",156,1996,40,46,128,1,680,3
39,893,50,0.8,0.7,0.15,0.1,1,1,2,40,"post_fragmentation","chessboard",156,1996,40,46,128,1,684,1
39,893,50,0.8,0.7,0.15,0.1,1,1,2,40,"post_fragmentation","chessboard",156,1996,40,46,128,1,687,3
39,893,50,0.8,0.7,0.15,0.1,1,1,2,40,"post_fragmentation","chessboard",156,1996,40,46,128,1,710,4
39,893,50,0.8,0.7,0.15,0.1,1,1,2,40,"post_fragmentation","chessboard",156,1996,40,46,128,1,727,1
39,893,50,0.8,0.7,0.15,0.1,1,1,2,40,"post_fragmentation","chessboard",156,1996,40,46,128,1,736,2
39,893,50,0.8,0.7,0.15,0.1,1,1,2,40,"post_fragmentation","chessboard",156,1996,40,46,128,1,764,1
39,893,50,0.8,0.7,0.15,0.1,1,1,2,40,"post_fragmentation","chessboard",156,1996,40,46,128,1,779,5
39,893,50,0.8,0.7,0.15,0.1,1,1,2,40,"post_fragmentation","chessboard",156,1996,40,46,128,1,781,2
39,893,50,0.8,0.7,0.15,0.1,1,1,2,40,"post_fragmentation","chessboard",156,1996,40,46,128,1,794,2
39,893,50,0.8,0.7,0.15,0.1,1,1,2,40,"post_fragmentation","chessboard",156,1996,40,46,128,1,797,3
39,893,50,0.8,0.7,0.15,0.1,1,1,2,40,"post_fragmentation","chessboard",156,1996,40,46,128,1,843,1
39,893,50,0.8,0.7,0.15,0.1,1,1,2,40,"post_fragmentation","chessboard",157,2003,41,3,129,1,363,1
39,893,50,0.8,0.7,0.15,0.1,1,1,2,40,"post_fragmentation","chessboard",157,2003,41,3,129,1,401,2
39,893,50,0.8,0.7,0.15,0.1,1,1,2,40,"post_fragmentation","chessboard",157,2003,41,3,129,1,404,1
39,893,50,0.8,0.7,0.15,0.1,1,1,2,40,"post_fragmentation","chessboard",157,2003,41,3,129,1,407,1
39,893,50,0.8,0.7,0.15,0.1,1,1,2,40,"post_fragmentation","chessboard",157,2003,41,3,129,1,419,1
39,893,50,0.8,0.7,0.15,0.1,1,1,2,40,"post_fragmentation","chessboard",157,2003,41,3,129,1,422,3
39,893,50,0.8,0.7,0.15,0.1,1,1,2,40,"post_fragmentation","chessboard",157,2003,41,3,129,1,426,1
39,893,50,0.8,0.7,0.15,0.1,1,1,2,40,"post_fragmentation","chessboard",157,2003,41,3,129,1,439,3
39,893,50,0.8,0.7,0.15,0.1,1,1,2,40,"post_fragmentation","chessboard",157,2003,41,3,129,1,455,1
39,893,50,0.8,0.7,0.15,0.1,1,1,2,40,"post_fragmentation","chessboard",157,2003,41,3,129,1,456,1
39,893,50,0.8,0.7,0.15,0.1,1,1,2,40,"post_fragmentation","chessboard",157,2003,41,3,129,1,463,4
39,893,50,0.8,0.7,0.15,0.1,1,1,2,40,"post_fragmentation","chessboard",157,2003,41,3,129,1,466,1
39,893,50,0.8,0.7,0.15,0.1,1,1,2,40,"post_fragmentation","chessboard",157,2003,41,3,129,1,468,2
39,893,50,0.8,0.7,0.15,0.1,1,1,2,40,"post_fragmentation","chessboard",157,2003,41,3,129,1,473,2
39,893,50,0.8,0.7,0.15,0.1,1,1,2,40,"post_fragmentation","chessboard",157,2003,41,3,129,1,501,3
39,893,50,0.8,0.7,0.15,0.1,1,1,2,40,"post_fragmentation","chessboard",157,2003,41,3,129,1,527,3
39,893,50,0.8,0.7,0.15,0.1,1,1,2,40,"post_fragmentation","chessboard",157,2003,41,3,129,1,546,2
39,893,50,0.8,0.7,0.15,0.1,1,1,2,40,"post_fragmentation","chessboard",157,2003,41,3,129,1,558,1
39,893,50,0.8,0.7,0.15,0.1,1,1,2,40,"post_fragmentation","chessboard",157,2003,41,3,129,1,564,1
39,893,50,0.8,0.7,0.15,0.1,1,1,2,40,"post_fragmentation","chessboard",157,2003,41,3,129,1,597,1
39,893,50,0.8,0.7,0.15,0.1,1,1,2,40,"post_fragmentation","chessboard",157,2003,41,3,129,1,729,1
39,893,50,0.8,0.7,0.15,0.1,1,1,2,40,"post_fragmentation","chessboard",158,2027,41,27,127,3,129,1
39,893,50,0.8,0.7,0.15,0.1,1,1,2,40,"post_fragmentation","chessboard",158,2027,41,27,127,3,162,1
39,893,50,0.8,0.7,0.15,0.1,1,1,2,40,"post_fragmentation","chessboard",158,2027,41,27,127,3,224,1
39,893,50,0.8,0.7,0.15,0.1,1,1,2,40,"post_fragmentation","chessboard",158,2027,41,27,127,3,263,3
39,893,50,0.8,0.7,0.15,0.1,1,1,2,40,"post_fragmentation","chessboard",158,2027,41,27,127,3,270,2
39,893,50,0.8,0.7,0.15,0.1,1,1,2,40,"post_fragmentation","chessboard",158,2027,41,27,127,3,276,1
39,893,50,0.8,0.7,0.15,0.1,1,1,2,40,"post_fragmentation","chessboard",158,2027,41,27,127,3,277,1
39,893,50,0.8,0.7,0.15,0.1,1,1,2,40,"post_fragmentation","chessboard",158,2027,41,27,127,3,281,2
39,893,50,0.8,0.7,0.15,0.1,1,1,2,40,"post_fragmentation","chessboard",158,2027,41,27,127,3,283,1
39,893,50,0.8,0.7,0.15,0.1,1,1,2,40,"post_fragmentation","chessboard",158,2027,41,27,127,3,284,1
39,893,50,0.8,0.7,0.15,0.1,1,1,2,40,"post_fragmentation","chessboard",158,2027,41,27,127,3,288,1
39,893,50,0.8,0.7,0.15,0.1,1,1,2,40,"post_fragmentation","chessboard",158,2027,41,27,127,3,298,1
39,893,50,0.8,0.7,0.15,0.1,1,1,2,40,"post_fragmentation","chessboard",158,2027,41,27,127,3,322,3
39,893,50,0.8,0.7,0.15,0.1,1,1,2,40,"post_fragmentation","chessboard",158,2027,41,27,127,3,325,1
39,893,50,0.8,0.7,0.15,0.1,1,1,2,40,"post_fragmentation","chessboard",158,2027,41,27,127,3,327,1
39,893,50,0.8,0.7,0.15,0.1,1,1,2,40,"post_fragmentation","chessboard",158,2027,41,27,127,3,331,2
39,893,50,0.8,0.7,0.15,0.1,1,1,2,40,"post_fragmentation","chessboard",158,2027,41,27,127,3,339,1
39,893,50,0.8,0.7,0.15,0.1,1,1,2,40,"post_fragmentation","chessboard",158,2027,41,27,127,3,348,1
39,893,50,0.8,0.7,0.15,0.1,1,1,2,40,"post_fragmentation","chessboard",158,2027,41,27,127,3,352,2
39,893,50,0.8,0.7,0.15,0.1,1,1,2,40,"post_fragmentation","chessboard",158,2027,41,27,127,3,374,1
39,893,50,0.8,0.7,0.15,0.1,1,1,2,40,"post_fragmentation","chessboard",158,2027,41,27,127,3,389,2
39,893,50,0.8,0.7,0.15,0.1,1,1,2,40,"post_fragmentation","chessboard",158,2027,41,27,127,3,396,1
39,893,50,0.8,0.7,0.15,0.1,1,1,2,40,"post_fragmentation","chessboard",158,2027,41,27,127,3,401,2
39,893,50,0.8,0.7,0.15,0.1,1,1,2,40,"post_fragmentation","chessboard",158,2027,41,27,127,3,402,1
39,893,50,0.8,0.7,0.15,0.1,1,1,2,40,"post_fragmentation","chessboard",158,2027,41,27,127,3,418,1
39,893,50,0.8,0.7,0.15,0.1,1,1,2,40,"post_fragmentation","chessboard",158,2027,41,27,127,3,455,1
39,893,50,0.8,0.7,0.15,0.1,1,1,2,40,"post_fragmentation","chessboard",158,2027,41,27,127,3,546,1
39,893,50,0.8,0.7,0.15,0.1,1,1,2,40,"post_fragmentation","chessboard",159,2037,41,37,130,1,553,1
39,893,50,0.8,0.7,0.15,0.1,1,1,2,40,"post_fragmentation","chessboard",159,2037,41,37,130,1,566,2
39,893,50,0.8,0.7,0.15,0.1,1,1,2,40,"post_fragmentation","chessboard",159,2037,41,37,130,1,587,1
39,893,50,0.8,0.7,0.15,0.1,1,1,2,40,"post_fragmentation","chessboard",159,2037,41,37,130,1,599,1
39,893,50,0.8,0.7,0.15,0.1,1,1,2,40,"post_fragmentation","chessboard",159,2037,41,37,130,1,600,1
39,893,50,0.8,0.7,0.15,0.1,1,1,2,40,"post_fragmentation","chessboard",159,2037,41,37,130,1,601,1
39,893,50,0.8,0.7,0.15,0.1,1,1,2,40,"post_fragmentation","chessboard",159,2037,41,37,130,1,609,2
39,893,50,0.8,0.7,0.15,0.1,1,1,2,40,"post_fragmentation","chessboard",159,2037,41,37,130,1,610,1
39,893,50,0.8,0.7,0.15,0.1,1,1,2,40,"post_fragmentation","chessboard",159,2037,41,37,130,1,618,1
39,893,50,0.8,0.7,0.15,0.1,1,1,2,40,"post_fragmentation","chessboard",159,2037,41,37,130,1,621,2
39,893,50,0.8,0.7,0.15,0.1,1,1,2,40,"post_fragmentation","chessboard",159,2037,41,37,130,1,624,1
39,893,50,0.8,0.7,0.15,0.1,1,1,2,40,"post_fragmentation","chessboard",159,2037,41,37,130,1,626,1
39,893,50,0.8,0.7,0.15,0.1,1,1,2,40,"post_fragmentation","chessboard",159,2037,41,37,130,1,628,1
39,893,50,0.8,0.7,0.15,0.1,1,1,2,40,"post_fragmentation","chessboard",159,2037,41,37,130,1,630,1
39,893,50,0.8,0.7,0.15,0.1,1,1,2,40,"post_fragmentation","chessboard",159,2037,41,37,130,1,637,3
39,893,50,0.8,0.7,0.15,0.1,1,1,2,40,"post_fragmentation","chessboard",159,2037,41,37,130,1,645,2
39,893,50,0.8,0.7,0.15,0.1,1,1,2,40,"post_fragmentation","chessboard",159,2037,41,37,130,1,666,2
39,893,50,0.8,0.7,0.15,0.1,1,1,2,40,"post_fragmentation","chessboard",159,2037,41,37,130,1,670,1
39,893,50,0.8,0.7,0.15,0.1,1,1,2,40,"post_fragmentation","chessboard",159,2037,41,37,130,1,671,1
39,893,50,0.8,0.7,0.15,0.1,1,1,2,40,"post_fragmentation","chessboard",159,2037,41,37,130,1,672,1
39,893,50,0.8,0.7,0.15,0.1,1,1,2,40,"post_fragmentation","chessboard",159,2037,41,37,130,1,673,1
39,893,50,0.8,0.7,0.15,0.1,1,1,2,40,"post_fragmentation","chessboard",159,2037,41,37,130,1,678,2
39,893,50,0.8,0.7,0.15,0.1,1,1,2,40,"post_fragmentation","chessboard",159,2037,41,37,130,1,684,1
39,893,50,0.8,0.7,0.15,0.1,1,1,2,40,"post_fragmentation","chessboard",159,2037,41,37,130,1,689,1
39,893,50,0.8,0.7,0.15,0.1,1,1,2,40,"post_fragmentation","chessboard",159,2037,41,37,130,1,703,3
39,893,50,0.8,0.7,0.15,0.1,1,1,2,40,"post_fragmentation","chessboard",159,2037,41,37,130,1,721,2
39,893,50,0.8,0.7,0.15,0.1,1,1,2,40,"post_fragmentation","chessboard",159,2037,41,37,130,1,727,2
39,893,50,0.8,0.7,0.15,0.1,1,1,2,40,"post_fragmentation","chessboard",159,2037,41,37,130,1,743,1
39,893,50,0.8,0.7,0.15,0.1,1,1,2,40,"post_fragmentation","chessboard",159,2037,41,37,130,1,767,1
39,893,50,0.8,0.7,0.15,0.1,1,1,2,40,"post_fragmentation","chessboard",160,2039,41,39,131,2,596,1
39,893,50,0.8,0.7,0.15,0.1,1,1,2,40,"post_fragmentation","chessboard",160,2039,41,39,131,2,600,4
39,893,50,0.8,0.7,0.15,0.1,1,1,2,40,"post_fragmentation","chessboard",160,2039,41,39,131,2,601,3
39,893,50,0.8,0.7,0.15,0.1,1,1,2,40,"post_fragmentation","chessboard",160,2039,41,39,131,2,609,2
39,893,50,0.8,0.7,0.15,0.1,1,1,2,40,"post_fragmentation","chessboard",160,2039,41,39,131,2,624,4
39,893,50,0.8,0.7,0.15,0.1,1,1,2,40,"post_fragmentation","chessboard",160,2039,41,39,131,2,627,1
39,893,50,0.8,0.7,0.15,0.1,1,1,2,40,"post_fragmentation","chessboard",160,2039,41,39,131,2,628,2
39,893,50,0.8,0.7,0.15,0.1,1,1,2,40,"post_fragmentation","chessboard",160,2039,41,39,131,2,631,1
39,893,50,0.8,0.7,0.15,0.1,1,1,2,40,"post_fragmentation","chessboard",160,2039,41,39,131,2,641,1
39,893,50,0.8,0.7,0.15,0.1,1,1,2,40,"post_fragmentation","chessboard",160,2039,41,39,131,2,646,1
39,893,50,0.8,0.7,0.15,0.1,1,1,2,40,"post_fragmentation","chessboard",160,2039,41,39,131,2,665,1
39,893,50,0.8,0.7,0.15,0.1,1,1,2,40,"post_fragmentation","chessboard",160,2039,41,39,131,2,666,1
39,893,50,0.8,0.7,0.15,0.1,1,1,2,40,"post_fragmentation","chessboard",160,2039,41,39,131,2,670,2
39,893,50,0.8,0.7,0.15,0.1,1,1,2,40,"post_fragmentation","chessboard",160,2039,41,39,131,2,671,1
39,893,50,0.8,0.7,0.15,0.1,1,1,2,40,"post_fragmentation","chessboard",160,2039,41,39,131,2,672,1
39,893,50,0.8,0.7,0.15,0.1,1,1,2,40,"post_fragmentation","chessboard",160,2039,41,39,131,2,673,1
39,893,50,0.8,0.7,0.15,0.1,1,1,2,40,"post_fragmentation","chessboard",160,2039,41,39,131,2,675,1
39,893,50,0.8,0.7,0.15,0.1,1,1,2,40,"post_fragmentation","chessboard",160,2039,41,39,131,2,714,1
39,893,50,0.8,0.7,0.15,0.1,1,1,2,40,"post_fragmentation","chessboard",160,2039,41,39,131,2,719,1
39,893,50,0.8,0.7,0.15,0.1,1,1,2,40,"post_fragmentation","chessboard",160,2039,41,39,131,2,721,2
39,893,50,0.8,0.7,0.15,0.1,1,1,2,40,"post_fragmentation","chessboard",161,2068,42,18,133,1,195,1
39,893,50,0.8,0.7,0.15,0.1,1,1,2,40,"post_fragmentation","chessboard",161,2068,42,18,133,1,234,1
39,893,50,0.8,0.7,0.15,0.1,1,1,2,40,"post_fragmentation","chessboard",161,2068,42,18,133,1,243,4
39,893,50,0.8,0.7,0.15,0.1,1,1,2,40,"post_fragmentation","chessboard",161,2068,42,18,133,1,256,1
39,893,50,0.8,0.7,0.15,0.1,1,1,2,40,"post_fragmentation","chessboard",161,2068,42,18,133,1,272,1
39,893,50,0.8,0.7,0.15,0.1,1,1,2,40,"post_fragmentation","chessboard",161,2068,42,18,133,1,276,4
39,893,50,0.8,0.7,0.15,0.1,1,1,2,40,"post_fragmentation","chessboard",161,2068,42,18,133,1,279,2
39,893,50,0.8,0.7,0.15,0.1,1,1,2,40,"post_fragmentation","chessboard",161,2068,42,18,133,1,283,1
39,893,50,0.8,0.7,0.15,0.1,1,1,2,40,"post_fragmentation","chessboard",161,2068,42,18,133,1,290,2
39,893,50,0.8,0.7,0.15,0.1,1,1,2,40,"post_fragmentation","chessboard",161,2068,42,18,133,1,295,1
39,893,50,0.8,0.7,0.15,0.1,1,1,2,40,"post_fragmentation","chessboard",161,2068,42,18,133,1,298,2
39,893,50,0.8,0.7,0.15,0.1,1,1,2,40,"post_fragmentation","chessboard",161,2068,42,18,133,1,308,1
39,893,50,0.8,0.7,0.15,0.1,1,1,2,40,"post_fragmentation","chessboard",161,2068,42,18,133,1,321,3
39,893,50,0.8,0.7,0.15,0.1,1,1,2,40,"post_fragmentation","chessboard",161,2068,42,18,133,1,329,1
39,893,50,0.8,0.7,0.15,0.1,1,1,2,40,"post_fragmentation","chessboard",161,2068,42,18,133,1,332,1
39,893,50,0.8,0.7,0.15,0.1,1,1,2,40,"post_fragmentation","chessboard",161,2068,42,18,133,1,338,3
39,893,50,0.8,0.7,0.15,0.1,1,1,2,40,"post_fragmentation","chessboard",161,2068,42,18,133,1,344,1
39,893,50,0.8,0.7,0.15,0.1,1,1,2,40,"post_fragmentation","chessboard",161,2068,42,18,133,1,345,1
39,893,50,0.8,0.7,0.15,0.1,1,1,2,40,"post_fragmentation","chessboard",161,2068,42,18,133,1,351,1
39,893,50,0.8,0.7,0.15,0.1,1,1,2,40,"post_fragmentation","chessboard",161,2068,42,18,133,1,360,1
39,893,50,0.8,0.7,0.15,0.1,1,1,2,40,"post_fragmentation","chessboard",161,2068,42,18,133,1,366,1
39,893,50,0.8,0.7,0.15,0.1,1,1,2,40,"post_fragmentation","chessboard",161,2068,42,18,133,1,369,2
39,893,50,0.8,0.7,0.15,0.1,1,1,2,40,"post_fragmentation","chessboard",161,2068,42,18,133,1,395,1
39,893,50,0.8,0.7,0.15,0.1,1,1,2,40,"post_fragmentation","chessboard",161,2068,42,18,133,1,400,1
39,893,50,0.8,0.7,0.15,0.1,1,1,2,40,"post_fragmentation","chessboard",161,2068,42,18,133,1,438,2
39,893,50,0.8,0.7,0.15,0.1,1,1,2,40,"post_fragmentation","chessboard",162,2070,42,20,134,4,209,1
39,893,50,0.8,0.7,0.15,0.1,1,1,2,40,"post_fragmentation","chessboard",162,2070,42,20,134,4,258,3
39,893,50,0.8,0.7,0.15,0.1,1,1,2,40,"post_fragmentation","chessboard",162,2070,42,20,134,4,268,1
39,893,50,0.8,0.7,0.15,0.1,1,1,2,40,"post_fragmentation","chessboard",162,2070,42,20,134,4,276,2
39,893,50,0.8,0.7,0.15,0.1,1,1,2,40,"post_fragmentation","chessboard",162,2070,42,20,134,4,289,1
39,893,50,0.8,0.7,0.15,0.1,1,1,2,40,"post_fragmentation","chessboard",162,2070,42,20,134,4,293,1
39,893,50,0.8,0.7,0.15,0.1,1,1,2,40,"post_fragmentation","chessboard",162,2070,42,20,134,4,297,1
39,893,50,0.8,0.7,0.15,0.1,1,1,2,40,"post_fragmentation","chessboard",162,2070,42,20,134,4,302,1
39,893,50,0.8,0.7,0.15,0.1,1,1,2,40,"post_fragmentation","chessboard",162,2070,42,20,134,4,308,1
39,893,50,0.8,0.7,0.15,0.1,1,1,2,40,"post_fragmentation","chessboard",162,2070,42,20,134,4,315,1
39,893,50,0.8,0.7,0.15,0.1,1,1,2,40,"post_fragmentation","chessboard",162,2070,42,20,134,4,316,2
39,893,50,0.8,0.7,0.15,0.1,1,1,2,40,"post_fragmentation","chessboard",162,2070,42,20,134,4,319,1
39,893,50,0.8,0.7,0.15,0.1,1,1,2,40,"post_fragmentation","chessboard",162,2070,42,20,134,4,321,1
39,893,50,0.8,0.7,0.15,0.1,1,1,2,40,"post_fragmentation","chessboard",162,2070,42,20,134,4,338,2
39,893,50,0.8,0.7,0.15,0.1,1,1,2,40,"post_fragmentation","chessboard",162,2070,42,20,134,4,339,1
39,893,50,0.8,0.7,0.15,0.1,1,1,2,40,"post_fragmentation","chessboard",162,2070,42,20,134,4,352,1
39,893,50,0.8,0.7,0.15,0.1,1,1,2,40,"post_fragmentation","chessboard",162,2070,42,20,134,4,355,1
39,893,50,0.8,0.7,0.15,0.1,1,1,2,40,"post_fragmentation","chessboard",162,2070,42,20,134,4,356,2
39,893,50,0.8,0.7,0.15,0.1,1,1,2,40,"post_fragmentation","chessboard",162,2070,42,20,134,4,360,2
39,893,50,0.8,0.7,0.15,0.1,1,1,2,40,"post_fragmentation","chessboard",162,2070,42,20,134,4,362,1
39,893,50,0.8,0.7,0.15,0.1,1,1,2,40,"post_fragmentation","chessboard",162,2070,42,20,134,4,364,2
39,893,50,0.8,0.7,0.15,0.1,1,1,2,40,"post_fragmentation","chessboard",162,2070,42,20,134,4,400,1
39,893,50,0.8,0.7,0.15,0.1,1,1,2,40,"post_fragmentation","chessboard",163,2072,42,22,135,1,197,1
39,893,50,0.8,0.7,0.15,0.1,1,1,2,40,"post_fragmentation","chessboard",163,2072,42,22,135,1,227,2
39,893,50,0.8,0.7,0.15,0.1,1,1,2,40,"post_fragmentation","chessboard",163,2072,42,22,135,1,234,1
39,893,50,0.8,0.7,0.15,0.1,1,1,2,40,"post_fragmentation","chessboard",163,2072,42,22,135,1,247,1
39,893,50,0.8,0.7,0.15,0.1,1,1,2,40,"post_fragmentation","chessboard",163,2072,42,22,135,1,258,1
39,893,50,0.8,0.7,0.15,0.1,1,1,2,40,"post_fragmentation","chessboard",163,2072,42,22,135,1,263,1
39,893,50,0.8,0.7,0.15,0.1,1,1,2,40,"post_fragmentation","chessboard",163,2072,42,22,135,1,276,2
39,893,50,0.8,0.7,0.15,0.1,1,1,2,40,"post_fragmentation","chessboard",163,2072,42,22,135,1,277,1
39,893,50,0.8,0.7,0.15,0.1,1,1,2,40,"post_fragmentation","chessboard",163,2072,42,22,135,1,278,2
39,893,50,0.8,0.7,0.15,0.1,1,1,2,40,"post_fragmentation","chessboard",163,2072,42,22,135,1,279,2
39,893,50,0.8,0.7,0.15,0.1,1,1,2,40,"post_fragmentation","chessboard",163,2072,42,22,135,1,282,1
39,893,50,0.8,0.7,0.15,0.1,1,1,2,40,"post_fragmentation","chessboard",163,2072,42,22,135,1,284,2
39,893,50,0.8,0.7,0.15,0.1,1,1,2,40,"post_fragmentation","chessboard",163,2072,42,22,135,1,294,1
39,893,50,0.8,0.7,0.15,0.1,1,1,2,40,"post_fragmentation","chessboard",163,2072,42,22,135,1,295,1
39,893,50,0.8,0.7,0.15,0.1,1,1,2,40,"post_fragmentation","chessboard",163,2072,42,22,135,1,297,1
39,893,50,0.8,0.7,0.15,0.1,1,1,2,40,"post_fragmentation","chessboard",163,2072,42,22,135,1,309,2
39,893,50,0.8,0.7,0.15,0.1,1,1,2,40,"post_fragmentation","chessboard",163,2072,42,22,135,1,311,2
39,893,50,0.8,0.7,0.15,0.1,1,1,2,40,"post_fragmentation","chessboard",163,2072,42,22,135,1,314,4
39,893,50,0.8,0.7,0.15,0.1,1,1,2,40,"post_fragmentation","chessboard",163,2072,42,22,135,1,315,1
39,893,50,0.8,0.7,0.15,0.1,1,1,2,40,"post_fragmentation","chessboard",163,2072,42,22,135,1,330,1
39,893,50,0.8,0.7,0.15,0.1,1,1,2,40,"post_fragmentation","chessboard",163,2072,42,22,135,1,333,1
39,893,50,0.8,0.7,0.15,0.1,1,1,2,40,"post_fragmentation","chessboard",163,2072,42,22,135,1,337,1
39,893,50,0.8,0.7,0.15,0.1,1,1,2,40,"post_fragmentation","chessboard",163,2072,42,22,135,1,342,1
39,893,50,0.8,0.7,0.15,0.1,1,1,2,40,"post_fragmentation","chessboard",163,2072,42,22,135,1,344,1
39,893,50,0.8,0.7,0.15,0.1,1,1,2,40,"post_fragmentation","chessboard",163,2072,42,22,135,1,345,1
39,893,50,0.8,0.7,0.15,0.1,1,1,2,40,"post_fragmentation","chessboard",163,2072,42,22,135,1,366,1
39,893,50,0.8,0.7,0.15,0.1,1,1,2,40,"post_fragmentation","chessboard",163,2072,42,22,135,1,377,1
39,893,50,0.8,0.7,0.15,0.1,1,1,2,40,"post_fragmentation","chessboard",163,2072,42,22,135,1,387,1
39,893,50,0.8,0.7,0.15,0.1,1,1,2,40,"post_fragmentation","chessboard",163,2072,42,22,135,1,398,1
39,893,50,0.8,0.7,0.15,0.1,1,1,2,40,"post_fragmentation","chessboard",164,2084,42,34,136,3,452,2
39,893,50,0.8,0.7,0.15,0.1,1,1,2,40,"post_fragmentation","chessboard",164,2084,42,34,136,3,455,1
39,893,50,0.8,0.7,0.15,0.1,1,1,2,40,"post_fragmentation","chessboard",164,2084,42,34,136,3,492,1
39,893,50,0.8,0.7,0.15,0.1,1,1,2,40,"post_fragmentation","chessboard",164,2084,42,34,136,3,534,1
39,893,50,0.8,0.7,0.15,0.1,1,1,2,40,"post_fragmentation","chessboard",164,2084,42,34,136,3,537,1
39,893,50,0.8,0.7,0.15,0.1,1,1,2,40,"post_fragmentation","chessboard",164,2084,42,34,136,3,543,1
39,893,50,0.8,0.7,0.15,0.1,1,1,2,40,"post_fragmentation","chessboard",164,2084,42,34,136,3,553,1
39,893,50,0.8,0.7,0.15,0.1,1,1,2,40,"post_fragmentation","chessboard",164,2084,42,34,136,3,565,5
39,893,50,0.8,0.7,0.15,0.1,1,1,2,40,"post_fragmentation","chessboard",164,2084,42,34,136,3,567,1
39,893,50,0.8,0.7,0.15,0.1,1,1,2,40,"post_fragmentation","chessboard",164,2084,42,34,136,3,575,1
39,893,50,0.8,0.7,0.15,0.1,1,1,2,40,"post_fragmentation","chessboard",164,2084,42,34,136,3,600,1
39,893,50,0.8,0.7,0.15,0.1,1,1,2,40,"post_fragmentation","chessboard",164,2084,42,34,136,3,601,1
39,893,50,0.8,0.7,0.15,0.1,1,1,2,40,"post_fragmentation","chessboard",164,2084,42,34,136,3,604,1
39,893,50,0.8,0.7,0.15,0.1,1,1,2,40,"post_fragmentation","chessboard",164,2084,42,34,136,3,607,1
39,893,50,0.8,0.7,0.15,0.1,1,1,2,40,"post_fragmentation","chessboard",164,2084,42,34,136,3,618,3
39,893,50,0.8,0.7,0.15,0.1,1,1,2,40,"post_fragmentation","chessboard",164,2084,42,34,136,3,626,1
39,893,50,0.8,0.7,0.15,0.1,1,1,2,40,"post_fragmentation","chessboard",164,2084,42,34,136,3,631,3
39,893,50,0.8,0.7,0.15,0.1,1,1,2,40,"post_fragmentation","chessboard",164,2084,42,34,136,3,641,1
39,893,50,0.8,0.7,0.15,0.1,1,1,2,40,"post_fragmentation","chessboard",164,2084,42,34,136,3,645,1
39,893,50,0.8,0.7,0.15,0.1,1,1,2,40,"post_fragmentation","chessboard",164,2084,42,34,136,3,671,4
39,893,50,0.8,0.7,0.15,0.1,1,1,2,40,"post_fragmentation","chessboard",164,2084,42,34,136,3,674,1
39,893,50,0.8,0.7,0.15,0.1,1,1,2,40,"post_fragmentation","chessboard",164,2084,42,34,136,3,684,1
39,893,50,0.8,0.7,0.15,0.1,1,1,2,40,"post_fragmentation","chessboard",164,2084,42,34,136,3,727,1
39,893,50,0.8,0.7,0.15,0.1,1,1,2,40,"post_fragmentation","chessboard",165,2119,43,19,134,4,173,1
39,893,50,0.8,0.7,0.15,0.1,1,1,2,40,"post_fragmentation","chessboard",165,2119,43,19,134,4,219,1
39,893,50,0.8,0.7,0.15,0.1,1,1,2,40,"post_fragmentation","chessboard",165,2119,43,19,134,4,237,2
39,893,50,0.8,0.7,0.15,0.1,1,1,2,40,"post_fragmentation","chessboard",165,2119,43,19,134,4,248,1
39,893,50,0.8,0.7,0.15,0.1,1,1,2,40,"post_fragmentation","chessboard",165,2119,43,19,134,4,253,1
39,893,50,0.8,0.7,0.15,0.1,1,1,2,40,"post_fragmentation","chessboard",165,2119,43,19,134,4,258,1
39,893,50,0.8,0.7,0.15,0.1,1,1,2,40,"post_fragmentation","chessboard",165,2119,43,19,134,4,272,2
39,893,50,0.8,0.7,0.15,0.1,1,1,2,40,"post_fragmentation","chessboard",165,2119,43,19,134,4,278,3
39,893,50,0.8,0.7,0.15,0.1,1,1,2,40,"post_fragmentation","chessboard",165,2119,43,19,134,4,282,1
39,893,50,0.8,0.7,0.15,0.1,1,1,2,40,"post_fragmentation","chessboard",165,2119,43,19,134,4,284,2
39,893,50,0.8,0.7,0.15,0.1,1,1,2,40,"post_fragmentation","chessboard",165,2119,43,19,134,4,287,1
39,893,50,0.8,0.7,0.15,0.1,1,1,2,40,"post_fragmentation","chessboard",165,2119,43,19,134,4,297,3
39,893,50,0.8,0.7,0.15,0.1,1,1,2,40,"post_fragmentation","chessboard",165,2119,43,19,134,4,308,1
39,893,50,0.8,0.7,0.15,0.1,1,1,2,40,"post_fragmentation","chessboard",165,2119,43,19,134,4,309,1
39,893,50,0.8,0.7,0.15,0.1,1,1,2,40,"post_fragmentation","chessboard",165,2119,43,19,134,4,311,2
39,893,50,0.8,0.7,0.15,0.1,1,1,2,40,"post_fragmentation","chessboard",165,2119,43,19,134,4,325,1
39,893,50,0.8,0.7,0.15,0.1,1,1,2,40,"post_fragmentation","chessboard",165,2119,43,19,134,4,329,3
39,893,50,0.8,0.7,0.15,0.1,1,1,2,40,"post_fragmentation","chessboard",165,2119,43,19,134,4,331,1
39,893,50,0.8,0.7,0.15,0.1,1,1,2,40,"post_fragmentation","chessboard",165,2119,43,19,134,4,332,1
39,893,50,0.8,0.7,0.15,0.1,1,1,2,40,"post_fragmentation","chessboard",165,2119,43,19,134,4,350,1
39,893,50,0.8,0.7,0.15,0.1,1,1,2,40,"post_fragmentation","chessboard",165,2119,43,19,134,4,352,2
39,893,50,0.8,0.7,0.15,0.1,1,1,2,40,"post_fragmentation","chessboard",165,2119,43,19,134,4,360,1
39,893,50,0.8,0.7,0.15,0.1,1,1,2,40,"post_fragmentation","chessboard",165,2119,43,19,134,4,362,1
39,893,50,0.8,0.7,0.15,0.1,1,1,2,40,"post_fragmentation","chessboard",166,2133,43,33,136,3,434,1
39,893,50,0.8,0.7,0.15,0.1,1,1,2,40,"post_fragmentation","chessboard",166,2133,43,33,136,3,481,1
39,893,50,0.8,0.7,0.15,0.1,1,1,2,40,"post_fragmentation","chessboard",166,2133,43,33,136,3,492,1
39,893,50,0.8,0.7,0.15,0.1,1,1,2,40,"post_fragmentation","chessboard",166,2133,43,33,136,3,497,5
39,893,50,0.8,0.7,0.15,0.1,1,1,2,40,"post_fragmentation","chessboard",166,2133,43,33,136,3,511,1
39,893,50,0.8,0.7,0.15,0.1,1,1,2,40,"post_fragmentation","chessboard",166,2133,43,33,136,3,524,1
39,893,50,0.8,0.7,0.15,0.1,1,1,2,40,"post_fragmentation","chessboard",166,2133,43,33,136,3,526,11
39,893,50,0.8,0.7,0.15,0.1,1,1,2,40,"post_fragmentation","chessboard",166,2133,43,33,136,3,543,1
39,893,50,0.8,0.7,0.15,0.1,1,1,2,40,"post_fragmentation","chessboard",166,2133,43,33,136,3,546,2
39,893,50,0.8,0.7,0.15,0.1,1,1,2,40,"post_fragmentation","chessboard",166,2133,43,33,136,3,547,1
39,893,50,0.8,0.7,0.15,0.1,1,1,2,40,"post_fragmentation","chessboard",166,2133,43,33,136,3,565,4
39,893,50,0.8,0.7,0.15,0.1,1,1,2,40,"post_fragmentation","chessboard",166,2133,43,33,136,3,566,2
39,893,50,0.8,0.7,0.15,0.1,1,1,2,40,"post_fragmentation","chessboard",166,2133,43,33,136,3,567,1
39,893,50,0.8,0.7,0.15,0.1,1,1,2,40,"post_fragmentation","chessboard",166,2133,43,33,136,3,601,1
39,893,50,0.8,0.7,0.15,0.1,1,1,2,40,"post_fragmentation","chessboard",166,2133,43,33,136,3,607,1
39,893,50,0.8,0.7,0.15,0.1,1,1,2,40,"post_fragmentation","chessboard",166,2133,43,33,136,3,609,1
39,893,50,0.8,0.7,0.15,0.1,1,1,2,40,"post_fragmentation","chessboard",166,2133,43,33,136,3,618,2
39,893,50,0.8,0.7,0.15,0.1,1,1,2,40,"post_fragmentation","chessboard",166,2133,43,33,136,3,667,1
39,893,50,0.8,0.7,0.15,0.1,1,1,2,40,"post_fragmentation","chessboard",167,2192,44,42,140,1,589,2
39,893,50,0.8,0.7,0.15,0.1,1,1,2,40,"post_fragmentation","chessboard",167,2192,44,42,140,1,594,3
39,893,50,0.8,0.7,0.15,0.1,1,1,2,40,"post_fragmentation","chessboard",167,2192,44,42,140,1,597,1
39,893,50,0.8,0.7,0.15,0.1,1,1,2,40,"post_fragmentation","chessboard",167,2192,44,42,140,1,602,1
39,893,50,0.8,0.7,0.15,0.1,1,1,2,40,"post_fragmentation","chessboard",167,2192,44,42,140,1,624,1
39,893,50,0.8,0.7,0.15,0.1,1,1,2,40,"post_fragmentation","chessboard",167,2192,44,42,140,1,627,2
39,893,50,0.8,0.7,0.15,0.1,1,1,2,40,"post_fragmentation","chessboard",167,2192,44,42,140,1,628,1
39,893,50,0.8,0.7,0.15,0.1,1,1,2,40,"post_fragmentation","chessboard",167,2192,44,42,140,1,630,1
39,893,50,0.8,0.7,0.15,0.1,1,1,2,40,"post_fragmentation","chessboard",167,2192,44,42,140,1,641,3
39,893,50,0.8,0.7,0.15,0.1,1,1,2,40,"post_fragmentation","chessboard",167,2192,44,42,140,1,646,3
39,893,50,0.8,0.7,0.15,0.1,1,1,2,40,"post_fragmentation","chessboard",167,2192,44,42,140,1,648,2
39,893,50,0.8,0.7,0.15,0.1,1,1,2,40,"post_fragmentation","chessboard",167,2192,44,42,140,1,655,1
39,893,50,0.8,0.7,0.15,0.1,1,1,2,40,"post_fragmentation","chessboard",167,2192,44,42,140,1,663,1
39,893,50,0.8,0.7,0.15,0.1,1,1,2,40,"post_fragmentation","chessboard",167,2192,44,42,140,1,667,2
39,893,50,0.8,0.7,0.15,0.1,1,1,2,40,"post_fragmentation","chessboard",167,2192,44,42,140,1,671,2
39,893,50,0.8,0.7,0.15,0.1,1,1,2,40,"post_fragmentation","chessboard",167,2192,44,42,140,1,672,1
39,893,50,0.8,0.7,0.15,0.1,1,1,2,40,"post_fragmentation","chessboard",167,2192,44,42,140,1,673,2
39,893,50,0.8,0.7,0.15,0.1,1,1,2,40,"post_fragmentation","chessboard",167,2192,44,42,140,1,675,1
39,893,50,0.8,0.7,0.15,0.1,1,1,2,40,"post_fragmentation","chessboard",167,2192,44,42,140,1,684,1
39,893,50,0.8,0.7,0.15,0.1,1,1,2,40,"post_fragmentation","chessboard",167,2192,44,42,140,1,687,1
39,893,50,0.8,0.7,0.15,0.1,1,1,2,40,"post_fragmentation","chessboard",167,2192,44,42,140,1,691,1
39,893,50,0.8,0.7,0.15,0.1,1,1,2,40,"post_fragmentation","chessboard",167,2192,44,42,140,1,700,1
39,893,50,0.8,0.7,0.15,0.1,1,1,2,40,"post_fragmentation","chessboard",167,2192,44,42,140,1,701,1
39,893,50,0.8,0.7,0.15,0.1,1,1,2,40,"post_fragmentation","chessboard",167,2192,44,42,140,1,719,2
39,893,50,0.8,0.7,0.15,0.1,1,1,2,40,"post_fragmentation","chessboard",167,2192,44,42,140,1,721,1
39,893,50,0.8,0.7,0.15,0.1,1,1,2,40,"post_fragmentation","chessboard",167,2192,44,42,140,1,722,1
39,893,50,0.8,0.7,0.15,0.1,1,1,2,40,"post_fragmentation","chessboard",167,2192,44,42,140,1,729,1
39,893,50,0.8,0.7,0.15,0.1,1,1,2,40,"post_fragmentation","chessboard",167,2192,44,42,140,1,736,1
39,893,50,0.8,0.7,0.15,0.1,1,1,2,40,"post_fragmentation","chessboard",167,2192,44,42,140,1,758,1
39,893,50,0.8,0.7,0.15,0.1,1,1,2,40,"post_fragmentation","chessboard",167,2192,44,42,140,1,790,1
39,893,50,0.8,0.7,0.15,0.1,1,1,2,40,"post_fragmentation","chessboard",168,2225,45,25,3,25,246,1
39,893,50,0.8,0.7,0.15,0.1,1,1,2,40,"post_fragmentation","chessboard",168,2225,45,25,3,25,256,1
39,893,50,0.8,0.7,0.15,0.1,1,1,2,40,"post_fragmentation","chessboard",168,2225,45,25,3,25,258,1
39,893,50,0.8,0.7,0.15,0.1,1,1,2,40,"post_fragmentation","chessboard",168,2225,45,25,3,25,284,2
39,893,50,0.8,0.7,0.15,0.1,1,1,2,40,"post_fragmentation","chessboard",168,2225,45,25,3,25,297,1
39,893,50,0.8,0.7,0.15,0.1,1,1,2,40,"post_fragmentation","chessboard",168,2225,45,25,3,25,314,1
39,893,50,0.8,0.7,0.15,0.1,1,1,2,40,"post_fragmentation","chessboard",168,2225,45,25,3,25,315,1
39,893,50,0.8,0.7,0.15,0.1,1,1,2,40,"post_fragmentation","chessboard",168,2225,45,25,3,25,325,4
39,893,50,0.8,0.7,0.15,0.1,1,1,2,40,"post_fragmentation","chessboard",168,2225,45,25,3,25,333,2
39,893,50,0.8,0.7,0.15,0.1,1,1,2,40,"post_fragmentation","chessboard",168,2225,45,25,3,25,337,1
39,893,50,0.8,0.7,0.15,0.1,1,1,2,40,"post_fragmentation","chessboard",168,2225,45,25,3,25,344,1
39,893,50,0.8,0.7,0.15,0.1,1,1,2,40,"post_fragmentation","chessboard",168,2225,45,25,3,25,352,1
39,893,50,0.8,0.7,0.15,0.1,1,1,2,40,"post_fragmentation","chessboard",168,2225,45,25,3,25,365,1
39,893,50,0.8,0.7,0.15,0.1,1,1,2,40,"post_fragmentation","chessboard",168,2225,45,25,3,25,367,2
39,893,50,0.8,0.7,0.15,0.1,1,1,2,40,"post_fragmentation","chessboard",168,2225,45,25,3,25,374,2
39,893,50,0.8,0.7,0.15,0.1,1,1,2,40,"post_fragmentation","chessboard",168,2225,45,25,3,25,375,1
39,893,50,0.8,0.7,0.15,0.1,1,1,2,40,"post_fragmentation","chessboard",168,2225,45,25,3,25,402,2
39,893,50,0.8,0.7,0.15,0.1,1,1,2,40,"post_fragmentation","chessboard",168,2225,45,25,3,25,407,1
39,893,50,0.8,0.7,0.15,0.1,1,1,2,40,"post_fragmentation","chessboard",168,2225,45,25,3,25,423,2
39,893,50,0.8,0.7,0.15,0.1,1,1,2,40,"post_fragmentation","chessboard",168,2225,45,25,3,25,435,1
39,893,50,0.8,0.7,0.15,0.1,1,1,2,40,"post_fragmentation","chessboard",168,2225,45,25,3,25,437,1
39,893,50,0.8,0.7,0.15,0.1,1,1,2,40,"post_fragmentation","chessboard",168,2225,45,25,3,25,450,2
39,893,50,0.8,0.7,0.15,0.1,1,1,2,40,"post_fragmentation","chessboard",168,2225,45,25,3,25,458,3
39,893,50,0.8,0.7,0.15,0.1,1,1,2,40,"post_fragmentation","chessboard",168,2225,45,25,3,25,509,1
39,893,50,0.8,0.7,0.15,0.1,1,1,2,40,"post_fragmentation","chessboard",168,2225,45,25,3,25,549,1
39,893,50,0.8,0.7,0.15,0.1,1,1,2,40,"post_fragmentation","chessboard",169,2254,46,4,143,1,314,1
39,893,50,0.8,0.7,0.15,0.1,1,1,2,40,"post_fragmentation","chessboard",169,2254,46,4,143,1,327,1
39,893,50,0.8,0.7,0.15,0.1,1,1,2,40,"post_fragmentation","chessboard",169,2254,46,4,143,1,333,2
39,893,50,0.8,0.7,0.15,0.1,1,1,2,40,"post_fragmentation","chessboard",169,2254,46,4,143,1,339,1
39,893,50,0.8,0.7,0.15,0.1,1,1,2,40,"post_fragmentation","chessboard",169,2254,46,4,143,1,344,1
39,893,50,0.8,0.7,0.15,0.1,1,1,2,40,"post_fragmentation","chessboard",169,2254,46,4,143,1,358,1
39,893,50,0.8,0.7,0.15,0.1,1,1,2,40,"post_fragmentation","chessboard",169,2254,46,4,143,1,360,1
39,893,50,0.8,0.7,0.15,0.1,1,1,2,40,"post_fragmentation","chessboard",169,2254,46,4,143,1,363,1
39,893,50,0.8,0.7,0.15,0.1,1,1,2,40,"post_fragmentation","chessboard",169,2254,46,4,143,1,380,1
39,893,50,0.8,0.7,0.15,0.1,1,1,2,40,"post_fragmentation","chessboard",169,2254,46,4,143,1,383,2
39,893,50,0.8,0.7,0.15,0.1,1,1,2,40,"post_fragmentation","chessboard",169,2254,46,4,143,1,385,1
39,893,50,0.8,0.7,0.15,0.1,1,1,2,40,"post_fragmentation","chessboard",169,2254,46,4,143,1,408,2
39,893,50,0.8,0.7,0.15,0.1,1,1,2,40,"post_fragmentation","chessboard",169,2254,46,4,143,1,410,3
39,893,50,0.8,0.7,0.15,0.1,1,1,2,40,"post_fragmentation","chessboard",169,2254,46,4,143,1,412,3
39,893,50,0.8,0.7,0.15,0.1,1,1,2,40,"post_fragmentation","chessboard",169,2254,46,4,143,1,419,4
39,893,50,0.8,0.7,0.15,0.1,1,1,2,40,"post_fragmentation","chessboard",169,2254,46,4,143,1,422,1
39,893,50,0.8,0.7,0.15,0.1,1,1,2,40,"post_fragmentation","chessboard",169,2254,46,4,143,1,425,6
39,893,50,0.8,0.7,0.15,0.1,1,1,2,40,"post_fragmentation","chessboard",169,2254,46,4,143,1,429,1
39,893,50,0.8,0.7,0.15,0.1,1,1,2,40,"post_fragmentation","chessboard",169,2254,46,4,143,1,433,1
39,893,50,0.8,0.7,0.15,0.1,1,1,2,40,"post_fragmentation","chessboard",169,2254,46,4,143,1,442,1
39,893,50,0.8,0.7,0.15,0.1,1,1,2,40,"post_fragmentation","chessboard",169,2254,46,4,143,1,451,1
39,893,50,0.8,0.7,0.15,0.1,1,1,2,40,"post_fragmentation","chessboard",169,2254,46,4,143,1,464,1
39,893,50,0.8,0.7,0.15,0.1,1,1,2,40,"post_fragmentation","chessboard",169,2254,46,4,143,1,558,1
39,893,50,0.8,0.7,0.15,0.1,1,1,2,40,"post_fragmentation","chessboard",170,2274,46,24,3,25,154,1
39,893,50,0.8,0.7,0.15,0.1,1,1,2,40,"post_fragmentation","chessboard",170,2274,46,24,3,25,182,1
39,893,50,0.8,0.7,0.15,0.1,1,1,2,40,"post_fragmentation","chessboard",170,2274,46,24,3,25,266,1
39,893,50,0.8,0.7,0.15,0.1,1,1,2,40,"post_fragmentation","chessboard",170,2274,46,24,3,25,272,1
39,893,50,0.8,0.7,0.15,0.1,1,1,2,40,"post_fragmentation","chessboard",170,2274,46,24,3,25,278,1
39,893,50,0.8,0.7,0.15,0.1,1,1,2,40,"post_fragmentation","chessboard",170,2274,46,24,3,25,279,1
39,893,50,0.8,0.7,0.15,0.1,1,1,2,40,"post_fragmentation","chessboard",170,2274,46,24,3,25,295,2
39,893,50,0.8,0.7,0.15,0.1,1,1,2,40,"post_fragmentation","chessboard",170,2274,46,24,3,25,297,1
39,893,50,0.8,0.7,0.15,0.1,1,1,2,40,"post_fragmentation","chessboard",170,2274,46,24,3,25,313,1
39,893,50,0.8,0.7,0.15,0.1,1,1,2,40,"post_fragmentation","chessboard",170,2274,46,24,3,25,325,1
39,893,50,0.8,0.7,0.15,0.1,1,1,2,40,"post_fragmentation","chessboard",170,2274,46,24,3,25,342,1
39,893,50,0.8,0.7,0.15,0.1,1,1,2,40,"post_fragmentation","chessboard",170,2274,46,24,3,25,344,2
39,893,50,0.8,0.7,0.15,0.1,1,1,2,40,"post_fragmentation","chessboard",170,2274,46,24,3,25,346,1
39,893,50,0.8,0.7,0.15,0.1,1,1,2,40,"post_fragmentation","chessboard",170,2274,46,24,3,25,352,1
39,893,50,0.8,0.7,0.15,0.1,1,1,2,40,"post_fragmentation","chessboard",170,2274,46,24,3,25,360,1
39,893,50,0.8,0.7,0.15,0.1,1,1,2,40,"post_fragmentation","chessboard",170,2274,46,24,3,25,361,1
39,893,50,0.8,0.7,0.15,0.1,1,1,2,40,"post_fragmentation","chessboard",170,2274,46,24,3,25,367,2
39,893,50,0.8,0.7,0.15,0.1,1,1,2,40,"post_fragmentation","chessboard",170,2274,46,24,3,25,370,1
39,893,50,0.8,0.7,0.15,0.1,1,1,2,40,"post_fragmentation","chessboard",170,2274,46,24,3,25,372,1
39,893,50,0.8,0.7,0.15,0.1,1,1,2,40,"post_fragmentation","chessboard",170,2274,46,24,3,25,374,2
39,893,50,0.8,0.7,0.15,0.1,1,1,2,40,"post_fragmentation","chessboard",170,2274,46,24,3,25,387,1
39,893,50,0.8,0.7,0.15,0.1,1,1,2,40,"post_fragmentation","chessboard",170,2274,46,24,3,25,389,2
39,893,50,0.8,0.7,0.15,0.1,1,1,2,40,"post_fragmentation","chessboard",170,2274,46,24,3,25,402,1
39,893,50,0.8,0.7,0.15,0.1,1,1,2,40,"post_fragmentation","chessboard",170,2274,46,24,3,25,414,1
39,893,50,0.8,0.7,0.15,0.1,1,1,2,40,"post_fragmentation","chessboard",170,2274,46,24,3,25,420,1
39,893,50,0.8,0.7,0.15,0.1,1,1,2,40,"post_fragmentation","chessboard",170,2274,46,24,3,25,429,1
39,893,50,0.8,0.7,0.15,0.1,1,1,2,40,"post_fragmentation","chessboard",170,2274,46,24,3,25,430,1
39,893,50,0.8,0.7,0.15,0.1,1,1,2,40,"post_fragmentation","chessboard",170,2274,46,24,3,25,437,3
39,893,50,0.8,0.7,0.15,0.1,1,1,2,40,"post_fragmentation","chessboard",170,2274,46,24,3,25,452,1
39,893,50,0.8,0.7,0.15,0.1,1,1,2,40,"post_fragmentation","chessboard",170,2274,46,24,3,25,453,2
39,893,50,0.8,0.7,0.15,0.1,1,1,2,40,"post_fragmentation","chessboard",170,2274,46,24,3,25,465,2
39,893,50,0.8,0.7,0.15,0.1,1,1,2,40,"post_fragmentation","chessboard",170,2274,46,24,3,25,467,1
39,893,50,0.8,0.7,0.15,0.1,1,1,2,40,"post_fragmentation","chessboard",170,2274,46,24,3,25,480,2
39,893,50,0.8,0.7,0.15,0.1,1,1,2,40,"post_fragmentation","chessboard",171,2278,46,28,142,2,423,1
39,893,50,0.8,0.7,0.15,0.1,1,1,2,40,"post_fragmentation","chessboard",171,2278,46,28,142,2,437,1
39,893,50,0.8,0.7,0.15,0.1,1,1,2,40,"post_fragmentation","chessboard",171,2278,46,28,142,2,455,1
39,893,50,0.8,0.7,0.15,0.1,1,1,2,40,"post_fragmentation","chessboard",171,2278,46,28,142,2,458,1
39,893,50,0.8,0.7,0.15,0.1,1,1,2,40,"post_fragmentation","chessboard",171,2278,46,28,142,2,465,3
39,893,50,0.8,0.7,0.15,0.1,1,1,2,40,"post_fragmentation","chessboard",171,2278,46,28,142,2,471,1
39,893,50,0.8,0.7,0.15,0.1,1,1,2,40,"post_fragmentation","chessboard",171,2278,46,28,142,2,493,1
39,893,50,0.8,0.7,0.15,0.1,1,1,2,40,"post_fragmentation","chessboard",171,2278,46,28,142,2,497,2
39,893,50,0.8,0.7,0.15,0.1,1,1,2,40,"post_fragmentation","chessboard",171,2278,46,28,142,2,502,1
39,893,50,0.8,0.7,0.15,0.1,1,1,2,40,"post_fragmentation","chessboard",171,2278,46,28,142,2,510,2
39,893,50,0.8,0.7,0.15,0.1,1,1,2,40,"post_fragmentation","chessboard",171,2278,46,28,142,2,524,1
39,893,50,0.8,0.7,0.15,0.1,1,1,2,40,"post_fragmentation","chessboard",171,2278,46,28,142,2,526,1
39,893,50,0.8,0.7,0.15,0.1,1,1,2,40,"post_fragmentation","chessboard",171,2278,46,28,142,2,530,6
39,893,50,0.8,0.7,0.15,0.1,1,1,2,40,"post_fragmentation","chessboard",171,2278,46,28,142,2,534,2
39,893,50,0.8,0.7,0.15,0.1,1,1,2,40,"post_fragmentation","chessboard",171,2278,46,28,142,2,546,3
39,893,50,0.8,0.7,0.15,0.1,1,1,2,40,"post_fragmentation","chessboard",171,2278,46,28,142,2,554,1
39,893,50,0.8,0.7,0.15,0.1,1,1,2,40,"post_fragmentation","chessboard",171,2278,46,28,142,2,565,1
39,893,50,0.8,0.7,0.15,0.1,1,1,2,40,"post_fragmentation","chessboard",171,2278,46,28,142,2,566,2
39,893,50,0.8,0.7,0.15,0.1,1,1,2,40,"post_fragmentation","chessboard",171,2278,46,28,142,2,575,1
39,893,50,0.8,0.7,0.15,0.1,1,1,2,40,"post_fragmentation","chessboard",171,2278,46,28,142,2,597,1
39,893,50,0.8,0.7,0.15,0.1,1,1,2,40,"post_fragmentation","chessboard",171,2278,46,28,142,2,618,1
39,893,50,0.8,0.7,0.15,0.1,1,1,2,40,"post_fragmentation","chessboard",171,2278,46,28,142,2,687,1
39,893,50,0.8,0.7,0.15,0.1,1,1,2,40,"post_fragmentation","chessboard",171,2278,46,28,142,2,689,1
39,893,50,0.8,0.7,0.15,0.1,1,1,2,40,"post_fragmentation","chessboard",172,2323,47,23,3,25,182,1
39,893,50,0.8,0.7,0.15,0.1,1,1,2,40,"post_fragmentation","chessboard",172,2323,47,23,3,25,264,1
39,893,50,0.8,0.7,0.15,0.1,1,1,2,40,"post_fragmentation","chessboard",172,2323,47,23,3,25,277,1
39,893,50,0.8,0.7,0.15,0.1,1,1,2,40,"post_fragmentation","chessboard",172,2323,47,23,3,25,295,2
39,893,50,0.8,0.7,0.15,0.1,1,1,2,40,"post_fragmentation","chessboard",172,2323,47,23,3,25,297,1
39,893,50,0.8,0.7,0.15,0.1,1,1,2,40,"post_fragmentation","chessboard",172,2323,47,23,3,25,306,1
39,893,50,0.8,0.7,0.15,0.1,1,1,2,40,"post_fragmentation","chessboard",172,2323,47,23,3,25,351,1
39,893,50,0.8,0.7,0.15,0.1,1,1,2,40,"post_fragmentation","chessboard",172,2323,47,23,3,25,355,1
39,893,50,0.8,0.7,0.15,0.1,1,1,2,40,"post_fragmentation","chessboard",172,2323,47,23,3,25,356,1
39,893,50,0.8,0.7,0.15,0.1,1,1,2,40,"post_fragmentation","chessboard",172,2323,47,23,3,25,365,1
39,893,50,0.8,0.7,0.15,0.1,1,1,2,40,"post_fragmentation","chessboard",172,2323,47,23,3,25,367,1
39,893,50,0.8,0.7,0.15,0.1,1,1,2,40,"post_fragmentation","chessboard",172,2323,47,23,3,25,374,1
39,893,50,0.8,0.7,0.15,0.1,1,1,2,40,"post_fragmentation","chessboard",172,2323,47,23,3,25,402,1
39,893,50,0.8,0.7,0.15,0.1,1,1,2,40,"post_fragmentation","chessboard",172,2323,47,23,3,25,405,4
39,893,50,0.8,0.7,0.15,0.1,1,1,2,40,"post_fragmentation","chessboard",172,2323,47,23,3,25,414,1
39,893,50,0.8,0.7,0.15,0.1,1,1,2,40,"post_fragmentation","chessboard",172,2323,47,23,3,25,424,2
39,893,50,0.8,0.7,0.15,0.1,1,1,2,40,"post_fragmentation","chessboard",172,2323,47,23,3,25,428,1
39,893,50,0.8,0.7,0.15,0.1,1,1,2,40,"post_fragmentation","chessboard",172,2323,47,23,3,25,429,2
39,893,50,0.8,0.7,0.15,0.1,1,1,2,40,"post_fragmentation","chessboard",172,2323,47,23,3,25,430,1
39,893,50,0.8,0.7,0.15,0.1,1,1,2,40,"post_fragmentation","chessboard",172,2323,47,23,3,25,435,1
39,893,50,0.8,0.7,0.15,0.1,1,1,2,40,"post_fragmentation","chessboard",172,2323,47,23,3,25,437,1
39,893,50,0.8,0.7,0.15,0.1,1,1,2,40,"post_fragmentation","chessboard",172,2323,47,23,3,25,452,1
39,893,50,0.8,0.7,0.15,0.1,1,1,2,40,"post_fragmentation","chessboard",172,2323,47,23,3,25,480,2
39,893,50,0.8,0.7,0.15,0.1,1,1,2,40,"post_fragmentation","chessboard",172,2323,47,23,3,25,487,1
39,893,50,0.8,0.7,0.15,0.1,1,1,2,40,"post_fragmentation","chessboard",172,2323,47,23,3,25,493,1
39,893,50,0.8,0.7,0.15,0.1,1,1,2,40,"post_fragmentation","chessboard",172,2323,47,23,3,25,511,1
39,893,50,0.8,0.7,0.15,0.1,1,1,2,40,"post_fragmentation","chessboard",172,2323,47,23,3,25,539,1
39,893,50,0.8,0.7,0.15,0.1,1,1,2,40,"post_fragmentation","chessboard",173,2325,47,25,3,25,281,1
39,893,50,0.8,0.7,0.15,0.1,1,1,2,40,"post_fragmentation","chessboard",173,2325,47,25,3,25,295,1
39,893,50,0.8,0.7,0.15,0.1,1,1,2,40,"post_fragmentation","chessboard",173,2325,47,25,3,25,315,1
39,893,50,0.8,0.7,0.15,0.1,1,1,2,40,"post_fragmentation","chessboard",173,2325,47,25,3,25,325,2
39,893,50,0.8,0.7,0.15,0.1,1,1,2,40,"post_fragmentation","chessboard",173,2325,47,25,3,25,333,1
39,893,50,0.8,0.7,0.15,0.1,1,1,2,40,"post_fragmentation","chessboard",173,2325,47,25,3,25,339,1
39,893,50,0.8,0.7,0.15,0.1,1,1,2,40,"post_fragmentation","chessboard",173,2325,47,25,3,25,373,1
39,893,50,0.8,0.7,0.15,0.1,1,1,2,40,"post_fragmentation","chessboard",173,2325,47,25,3,25,375,1
39,893,50,0.8,0.7,0.15,0.1,1,1,2,40,"post_fragmentation","chessboard",173,2325,47,25,3,25,379,1
39,893,50,0.8,0.7,0.15,0.1,1,1,2,40,"post_fragmentation","chessboard",173,2325,47,25,3,25,405,1
39,893,50,0.8,0.7,0.15,0.1,1,1,2,40,"post_fragmentation","chessboard",173,2325,47,25,3,25,407,2
39,893,50,0.8,0.7,0.15,0.1,1,1,2,40,"post_fragmentation","chessboard",173,2325,47,25,3,25,419,1
39,893,50,0.8,0.7,0.15,0.1,1,1,2,40,"post_fragmentation","chessboard",173,2325,47,25,3,25,423,2
39,893,50,0.8,0.7,0.15,0.1,1,1,2,40,"post_fragmentation","chessboard",173,2325,47,25,3,25,429,1
39,893,50,0.8,0.7,0.15,0.1,1,1,2,40,"post_fragmentation","chessboard",173,2325,47,25,3,25,430,2
39,893,50,0.8,0.7,0.15,0.1,1,1,2,40,"post_fragmentation","chessboard",173,2325,47,25,3,25,437,2
39,893,50,0.8,0.7,0.15,0.1,1,1,2,40,"post_fragmentation","chessboard",173,2325,47,25,3,25,458,1
39,893,50,0.8,0.7,0.15,0.1,1,1,2,40,"post_fragmentation","chessboard",173,2325,47,25,3,25,461,1
39,893,50,0.8,0.7,0.15,0.1,1,1,2,40,"post_fragmentation","chessboard",173,2325,47,25,3,25,467,1
39,893,50,0.8,0.7,0.15,0.1,1,1,2,40,"post_fragmentation","chessboard",173,2325,47,25,3,25,471,2
39,893,50,0.8,0.7,0.15,0.1,1,1,2,40,"post_fragmentation","chessboard",173,2325,47,25,3,25,481,2
39,893,50,0.8,0.7,0.15,0.1,1,1,2,40,"post_fragmentation","chessboard",173,2325,47,25,3,25,487,2
39,893,50,0.8,0.7,0.15,0.1,1,1,2,40,"post_fragmentation","chessboard",173,2325,47,25,3,25,510,1
39,893,50,0.8,0.7,0.15,0.1,1,1,2,40,"post_fragmentation","chessboard",173,2325,47,25,3,25,512,1
39,893,50,0.8,0.7,0.15,0.1,1,1,2,40,"post_fragmentation","chessboard",173,2325,47,25,3,25,534,1
39,893,50,0.8,0.7,0.15,0.1,1,1,2,40,"post_fragmentation","chessboard",173,2325,47,25,3,25,546,1
39,893,50,0.8,0.7,0.15,0.1,1,1,2,40,"post_fragmentation","chessboard",173,2325,47,25,3,25,547,1
39,893,50,0.8,0.7,0.15,0.1,1,1,2,40,"post_fragmentation","chessboard",173,2325,47,25,3,25,565,1
39,893,50,0.8,0.7,0.15,0.1,1,1,2,40,"post_fragmentation","chessboard",173,2325,47,25,3,25,610,1
39,893,50,0.8,0.7,0.15,0.1,1,1,2,40,"post_fragmentation","chessboard",174,2327,47,27,3,25,414,1
39,893,50,0.8,0.7,0.15,0.1,1,1,2,40,"post_fragmentation","chessboard",174,2327,47,27,3,25,424,1
39,893,50,0.8,0.7,0.15,0.1,1,1,2,40,"post_fragmentation","chessboard",174,2327,47,27,3,25,455,3
39,893,50,0.8,0.7,0.15,0.1,1,1,2,40,"post_fragmentation","chessboard",174,2327,47,27,3,25,465,2
39,893,50,0.8,0.7,0.15,0.1,1,1,2,40,"post_fragmentation","chessboard",174,2327,47,27,3,25,480,2
39,893,50,0.8,0.7,0.15,0.1,1,1,2,40,"post_fragmentation","chessboard",174,2327,47,27,3,25,485,1
39,893,50,0.8,0.7,0.15,0.1,1,1,2,40,"post_fragmentation","chessboard",174,2327,47,27,3,25,487,2
39,893,50,0.8,0.7,0.15,0.1,1,1,2,40,"post_fragmentation","chessboard",174,2327,47,27,3,25,493,2
39,893,50,0.8,0.7,0.15,0.1,1,1,2,40,"post_fragmentation","chessboard",174,2327,47,27,3,25,497,2
39,893,50,0.8,0.7,0.15,0.1,1,1,2,40,"post_fragmentation","chessboard",174,2327,47,27,3,25,502,1
39,893,50,0.8,0.7,0.15,0.1,1,1,2,40,"post_fragmentation","chessboard",174,2327,47,27,3,25,514,1
39,893,50,0.8,0.7,0.15,0.1,1,1,2,40,"post_fragmentation","chessboard",174,2327,47,27,3,25,524,4
39,893,50,0.8,0.7,0.15,0.1,1,1,2,40,"post_fragmentation","chessboard",174,2327,47,27,3,25,526,3
39,893,50,0.8,0.7,0.15,0.1,1,1,2,40,"post_fragmentation","chessboard",174,2327,47,27,3,25,530,1
39,893,50,0.8,0.7,0.15,0.1,1,1,2,40,"post_fragmentation","chessboard",174,2327,47,27,3,25,534,2
39,893,50,0.8,0.7,0.15,0.1,1,1,2,40,"post_fragmentation","chessboard",174,2327,47,27,3,25,546,1
39,893,50,0.8,0.7,0.15,0.1,1,1,2,40,"post_fragmentation","chessboard",174,2327,47,27,3,25,548,1
39,893,50,0.8,0.7,0.15,0.1,1,1,2,40,"post_fragmentation","chessboard",174,2327,47,27,3,25,566,1
39,893,50,0.8,0.7,0.15,0.1,1,1,2,40,"post_fragmentation","chessboard",174,2327,47,27,3,25,567,1
39,893,50,0.8,0.7,0.15,0.1,1,1,2,40,"post_fragmentation","chessboard",174,2327,47,27,3,25,595,2
39,893,50,0.8,0.7,0.15,0.1,1,1,2,40,"post_fragmentation","chessboard",174,2327,47,27,3,25,600,2
39,893,50,0.8,0.7,0.15,0.1,1,1,2,40,"post_fragmentation","chessboard",174,2327,47,27,3,25,610,2
39,893,50,0.8,0.7,0.15,0.1,1,1,2,40,"post_fragmentation","chessboard",174,2327,47,27,3,25,631,2
39,893,50,0.8,0.7,0.15,0.1,1,1,2,40,"post_fragmentation","chessboard",174,2327,47,27,3,25,648,1
39,893,50,0.8,0.7,0.15,0.1,1,1,2,40,"post_fragmentation","chessboard",175,2337,47,37,144,2,618,1
39,893,50,0.8,0.7,0.15,0.1,1,1,2,40,"post_fragmentation","chessboard",175,2337,47,37,144,2,637,1
39,893,50,0.8,0.7,0.15,0.1,1,1,2,40,"post_fragmentation","chessboard",175,2337,47,37,144,2,654,1
39,893,50,0.8,0.7,0.15,0.1,1,1,2,40,"post_fragmentation","chessboard",175,2337,47,37,144,2,670,1
39,893,50,0.8,0.7,0.15,0.1,1,1,2,40,"post_fragmentation","chessboard",175,2337,47,37,144,2,671,2
39,893,50,0.8,0.7,0.15,0.1,1,1,2,40,"post_fragmentation","chessboard",175,2337,47,37,144,2,684,1
39,893,50,0.8,0.7,0.15,0.1,1,1,2,40,"post_fragmentation","chessboard",175,2337,47,37,144,2,688,2
39,893,50,0.8,0.7,0.15,0.1,1,1,2,40,"post_fragmentation","chessboard",175,2337,47,37,144,2,705,2
39,893,50,0.8,0.7,0.15,0.1,1,1,2,40,"post_fragmentation","chessboard",175,2337,47,37,144,2,713,1
39,893,50,0.8,0.7,0.15,0.1,1,1,2,40,"post_fragmentation","chessboard",175,2337,47,37,144,2,714,1
39,893,50,0.8,0.7,0.15,0.1,1,1,2,40,"post_fragmentation","chessboard",175,2337,47,37,144,2,722,1
39,893,50,0.8,0.7,0.15,0.1,1,1,2,40,"post_fragmentation","chessboard",175,2337,47,37,144,2,725,2
39,893,50,0.8,0.7,0.15,0.1,1,1,2,40,"post_fragmentation","chessboard",175,2337,47,37,144,2,727,1
39,893,50,0.8,0.7,0.15,0.1,1,1,2,40,"post_fragmentation","chessboard",175,2337,47,37,144,2,732,2
39,893,50,0.8,0.7,0.15,0.1,1,1,2,40,"post_fragmentation","chessboard",175,2337,47,37,144,2,735,3
39,893,50,0.8,0.7,0.15,0.1,1,1,2,40,"post_fragmentation","chessboard",175,2337,47,37,144,2,736,5
39,893,50,0.8,0.7,0.15,0.1,1,1,2,40,"post_fragmentation","chessboard",175,2337,47,37,144,2,743,2
39,893,50,0.8,0.7,0.15,0.1,1,1,2,40,"post_fragmentation","chessboard",175,2337,47,37,144,2,749,1
39,893,50,0.8,0.7,0.15,0.1,1,1,2,40,"post_fragmentation","chessboard",175,2337,47,37,144,2,760,1
39,893,50,0.8,0.7,0.15,0.1,1,1,2,40,"post_fragmentation","chessboard",175,2337,47,37,144,2,767,3
39,893,50,0.8,0.7,0.15,0.1,1,1,2,40,"post_fragmentation","chessboard",175,2337,47,37,144,2,786,1
39,893,50,0.8,0.7,0.15,0.1,1,1,2,40,"post_fragmentation","chessboard",175,2337,47,37,144,2,789,2
39,893,50,0.8,0.7,0.15,0.1,1,1,2,40,"post_fragmentation","chessboard",175,2337,47,37,144,2,796,2
39,893,50,0.8,0.7,0.15,0.1,1,1,2,40,"post_fragmentation","chessboard",175,2337,47,37,144,2,824,1
39,893,50,0.8,0.7,0.15,0.1,1,1,2,40,"post_fragmentation","chessboard",175,2337,47,37,144,2,854,1
39,893,50,0.8,0.7,0.15,0.1,1,1,2,40,"post_fragmentation","chessboard",176,2372,48,22,3,25,288,1
39,893,50,0.8,0.7,0.15,0.1,1,1,2,40,"post_fragmentation","chessboard",176,2372,48,22,3,25,308,1
39,893,50,0.8,0.7,0.15,0.1,1,1,2,40,"post_fragmentation","chessboard",176,2372,48,22,3,25,325,1
39,893,50,0.8,0.7,0.15,0.1,1,1,2,40,"post_fragmentation","chessboard",176,2372,48,22,3,25,346,1
39,893,50,0.8,0.7,0.15,0.1,1,1,2,40,"post_fragmentation","chessboard",176,2372,48,22,3,25,352,1
39,893,50,0.8,0.7,0.15,0.1,1,1,2,40,"post_fragmentation","chessboard",176,2372,48,22,3,25,355,2
39,893,50,0.8,0.7,0.15,0.1,1,1,2,40,"post_fragmentation","chessboard",176,2372,48,22,3,25,356,1
39,893,50,0.8,0.7,0.15,0.1,1,1,2,40,"post_fragmentation","chessboard",176,2372,48,22,3,25,362,1
39,893,50,0.8,0.7,0.15,0.1,1,1,2,40,"post_fragmentation","chessboard",176,2372,48,22,3,25,370,1
39,893,50,0.8,0.7,0.15,0.1,1,1,2,40,"post_fragmentation","chessboard",176,2372,48,22,3,25,374,1
39,893,50,0.8,0.7,0.15,0.1,1,1,2,40,"post_fragmentation","chessboard",176,2372,48,22,3,25,387,2
39,893,50,0.8,0.7,0.15,0.1,1,1,2,40,"post_fragmentation","chessboard",176,2372,48,22,3,25,405,1
39,893,50,0.8,0.7,0.15,0.1,1,1,2,40,"post_fragmentation","chessboard",176,2372,48,22,3,25,407,1
39,893,50,0.8,0.7,0.15,0.1,1,1,2,40,"post_fragmentation","chessboard",176,2372,48,22,3,25,414,3
39,893,50,0.8,0.7,0.15,0.1,1,1,2,40,"post_fragmentation","chessboard",176,2372,48,22,3,25,418,2
39,893,50,0.8,0.7,0.15,0.1,1,1,2,40,"post_fragmentation","chessboard",176,2372,48,22,3,25,419,1
39,893,50,0.8,0.7,0.15,0.1,1,1,2,40,"post_fragmentation","chessboard",176,2372,48,22,3,25,423,2
39,893,50,0.8,0.7,0.15,0.1,1,1,2,40,"post_fragmentation","chessboard",176,2372,48,22,3,25,428,1
39,893,50,0.8,0.7,0.15,0.1,1,1,2,40,"post_fragmentation","chessboard",176,2372,48,22,3,25,433,2
39,893,50,0.8,0.7,0.15,0.1,1,1,2,40,"post_fragmentation","chessboard",176,2372,48,22,3,25,435,1
39,893,50,0.8,0.7,0.15,0.1,1,1,2,40,"post_fragmentation","chessboard",176,2372,48,22,3,25,450,2
39,893,50,0.8,0.7,0.15,0.1,1,1,2,40,"post_fragmentation","chessboard",176,2372,48,22,3,25,452,5
39,893,50,0.8,0.7,0.15,0.1,1,1,2,40,"post_fragmentation","chessboard",176,2372,48,22,3,25,476,2
39,893,50,0.8,0.7,0.15,0.1,1,1,2,40,"post_fragmentation","chessboard",176,2372,48,22,3,25,480,3
39,893,50,0.8,0.7,0.15,0.1,1,1,2,40,"post_fragmentation","chessboard",176,2372,48,22,3,25,519,1
39,893,50,0.8,0.7,0.15,0.1,1,1,2,40,"post_fragmentation","chessboard",177,2376,48,26,3,25,329,1
39,893,50,0.8,0.7,0.15,0.1,1,1,2,40,"post_fragmentation","chessboard",177,2376,48,26,3,25,344,1
39,893,50,0.8,0.7,0.15,0.1,1,1,2,40,"post_fragmentation","chessboard",177,2376,48,26,3,25,375,1
39,893,50,0.8,0.7,0.15,0.1,1,1,2,40,"post_fragmentation","chessboard",177,2376,48,26,3,25,389,1
39,893,50,0.8,0.7,0.15,0.1,1,1,2,40,"post_fragmentation","chessboard",177,2376,48,26,3,25,405,1
39,893,50,0.8,0.7,0.15,0.1,1,1,2,40,"post_fragmentation","chessboard",177,2376,48,26,3,25,412,1
39,893,50,0.8,0.7,0.15,0.1,1,1,2,40,"post_fragmentation","chessboard",177,2376,48,26,3,25,437,2
39,893,50,0.8,0.7,0.15,0.1,1,1,2,40,"post_fragmentation","chessboard",177,2376,48,26,3,25,455,1
39,893,50,0.8,0.7,0.15,0.1,1,1,2,40,"post_fragmentation","chessboard",177,2376,48,26,3,25,465,1
39,893,50,0.8,0.7,0.15,0.1,1,1,2,40,"post_fragmentation","chessboard",177,2376,48,26,3,25,480,2
39,893,50,0.8,0.7,0.15,0.1,1,1,2,40,"post_fragmentation","chessboard",177,2376,48,26,3,25,487,1
39,893,50,0.8,0.7,0.15,0.1,1,1,2,40,"post_fragmentation","chessboard",177,2376,48,26,3,25,493,1
39,893,50,0.8,0.7,0.15,0.1,1,1,2,40,"post_fragmentation","chessboard",177,2376,48,26,3,25,510,1
39,893,50,0.8,0.7,0.15,0.1,1,1,2,40,"post_fragmentation","chessboard",177,2376,48,26,3,25,514,1
39,893,50,0.8,0.7,0.15,0.1,1,1,2,40,"post_fragmentation","chessboard",177,2376,48,26,3,25,524,1
39,893,50,0.8,0.7,0.15,0.1,1,1,2,40,"post_fragmentation","chessboard",177,2376,48,26,3,25,526,2
39,893,50,0.8,0.7,0.15,0.1,1,1,2,40,"post_fragmentation","chessboard",177,2376,48,26,3,25,530,1
39,893,50,0.8,0.7,0.15,0.1,1,1,2,40,"post_fragmentation","chessboard",177,2376,48,26,3,25,534,1
39,893,50,0.8,0.7,0.15,0.1,1,1,2,40,"post_fragmentation","chessboard",177,2376,48,26,3,25,537,3
39,893,50,0.8,0.7,0.15,0.1,1,1,2,40,"post_fragmentation","chessboard",177,2376,48,26,3,25,546,4
39,893,50,0.8,0.7,0.15,0.1,1,1,2,40,"post_fragmentation","chessboard",177,2376,48,26,3,25,547,2
39,893,50,0.8,0.7,0.15,0.1,1,1,2,40,"post_fragmentation","chessboard",177,2376,48,26,3,25,566,1
39,893,50,0.8,0.7,0.15,0.1,1,1,2,40,"post_fragmentation","chessboard",177,2376,48,26,3,25,567,4
39,893,50,0.8,0.7,0.15,0.1,1,1,2,40,"post_fragmentation","chessboard",178,2390,48,40,147,2,595,1
39,893,50,0.8,0.7,0.15,0.1,1,1,2,40,"post_fragmentation","chessboard",178,2390,48,40,147,2,626,1
39,893,50,0.8,0.7,0.15,0.1,1,1,2,40,"post_fragmentation","chessboard",178,2390,48,40,147,2,627,1
39,893,50,0.8,0.7,0.15,0.1,1,1,2,40,"post_fragmentation","chessboard",178,2390,48,40,147,2,665,2
39,893,50,0.8,0.7,0.15,0.1,1,1,2,40,"post_fragmentation","chessboard",178,2390,48,40,147,2,671,1
39,893,50,0.8,0.7,0.15,0.1,1,1,2,40,"post_fragmentation","chessboard",178,2390,48,40,147,2,673,3
39,893,50,0.8,0.7,0.15,0.1,1,1,2,40,"post_fragmentation","chessboard",178,2390,48,40,147,2,674,1
39,893,50,0.8,0.7,0.15,0.1,1,1,2,40,"post_fragmentation","chessboard",178,2390,48,40,147,2,683,1
39,893,50,0.8,0.7,0.15,0.1,1,1,2,40,"post_fragmentation","chessboard",178,2390,48,40,147,2,696,1
39,893,50,0.8,0.7,0.15,0.1,1,1,2,40,"post_fragmentation","chessboard",178,2390,48,40,147,2,699,4
39,893,50,0.8,0.7,0.15,0.1,1,1,2,40,"post_fragmentation","chessboard",178,2390,48,40,147,2,702,3
39,893,50,0.8,0.7,0.15,0.1,1,1,2,40,"post_fragmentation","chessboard",178,2390,48,40,147,2,705,1
39,893,50,0.8,0.7,0.15,0.1,1,1,2,40,"post_fragmentation","chessboard",178,2390,48,40,147,2,714,1
39,893,50,0.8,0.7,0.15,0.1,1,1,2,40,"post_fragmentation","chessboard",178,2390,48,40,147,2,722,2
39,893,50,0.8,0.7,0.15,0.1,1,1,2,40,"post_fragmentation","chessboard",178,2390,48,40,147,2,723,1
39,893,50,0.8,0.7,0.15,0.1,1,1,2,40,"post_fragmentation","chessboard",178,2390,48,40,147,2,725,1
39,893,50,0.8,0.7,0.15,0.1,1,1,2,40,"post_fragmentation","chessboard",178,2390,48,40,147,2,727,2
39,893,50,0.8,0.7,0.15,0.1,1,1,2,40,"post_fragmentation","chessboard",178,2390,48,40,147,2,729,1
39,893,50,0.8,0.7,0.15,0.1,1,1,2,40,"post_fragmentation","chessboard",178,2390,48,40,147,2,732,1
39,893,50,0.8,0.7,0.15,0.1,1,1,2,40,"post_fragmentation","chessboard",178,2390,48,40,147,2,735,1
39,893,50,0.8,0.7,0.15,0.1,1,1,2,40,"post_fragmentation","chessboard",178,2390,48,40,147,2,736,1
39,893,50,0.8,0.7,0.15,0.1,1,1,2,40,"post_fragmentation","chessboard",178,2390,48,40,147,2,754,1
39,893,50,0.8,0.7,0.15,0.1,1,1,2,40,"post_fragmentation","chessboard",178,2390,48,40,147,2,758,2
39,893,50,0.8,0.7,0.15,0.1,1,1,2,40,"post_fragmentation","chessboard",178,2390,48,40,147,2,762,1
39,893,50,0.8,0.7,0.15,0.1,1,1,2,40,"post_fragmentation","chessboard",178,2390,48,40,147,2,770,1
39,893,50,0.8,0.7,0.15,0.1,1,1,2,40,"post_fragmentation","chessboard",178,2390,48,40,147,2,796,1
39,893,50,0.8,0.7,0.15,0.1,1,1,2,40,"post_fragmentation","chessboard",178,2390,48,40,147,2,800,1
39,893,50,0.8,0.7,0.15,0.1,1,1,2,40,"post_fragmentation","chessboard",179,2398,48,48,148,1,335,1
39,893,50,0.8,0.7,0.15,0.1,1,1,2,40,"post_fragmentation","chessboard",179,2398,48,48,148,1,351,1
39,893,50,0.8,0.7,0.15,0.1,1,1,2,40,"post_fragmentation","chessboard",179,2398,48,48,148,1,367,2
39,893,50,0.8,0.7,0.15,0.1,1,1,2,40,"post_fragmentation","chessboard",179,2398,48,48,148,1,380,1
39,893,50,0.8,0.7,0.15,0.1,1,1,2,40,"post_fragmentation","chessboard",179,2398,48,48,148,1,383,1
39,893,50,0.8,0.7,0.15,0.1,1,1,2,40,"post_fragmentation","chessboard",179,2398,48,48,148,1,408,4
39,893,50,0.8,0.7,0.15,0.1,1,1,2,40,"post_fragmentation","chessboard",179,2398,48,48,148,1,410,3
39,893,50,0.8,0.7,0.15,0.1,1,1,2,40,"post_fragmentation","chessboard",179,2398,48,48,148,1,412,1
39,893,50,0.8,0.7,0.15,0.1,1,1,2,40,"post_fragmentation","chessboard",179,2398,48,48,148,1,419,1
39,893,50,0.8,0.7,0.15,0.1,1,1,2,40,"post_fragmentation","chessboard",179,2398,48,48,148,1,425,6
39,893,50,0.8,0.7,0.15,0.1,1,1,2,40,"post_fragmentation","chessboard",179,2398,48,48,148,1,426,2
39,893,50,0.8,0.7,0.15,0.1,1,1,2,40,"post_fragmentation","chessboard",179,2398,48,48,148,1,437,1
39,893,50,0.8,0.7,0.15,0.1,1,1,2,40,"post_fragmentation","chessboard",179,2398,48,48,148,1,442,1
39,893,50,0.8,0.7,0.15,0.1,1,1,2,40,"post_fragmentation","chessboard",179,2398,48,48,148,1,445,1
39,893,50,0.8,0.7,0.15,0.1,1,1,2,40,"post_fragmentation","chessboard",179,2398,48,48,148,1,449,1
39,893,50,0.8,0.7,0.15,0.1,1,1,2,40,"post_fragmentation","chessboard",179,2398,48,48,148,1,451,1
39,893,50,0.8,0.7,0.15,0.1,1,1,2,40,"post_fragmentation","chessboard",179,2398,48,48,148,1,482,3
39,893,50,0.8,0.7,0.15,0.1,1,1,2,40,"post_fragmentation","chessboard",179,2398,48,48,148,1,512,1
39,893,50,0.8,0.7,0.15,0.1,1,1,2,40,"post_fragmentation","chessboard",179,2398,48,48,148,1,516,1
39,893,50,0.8,0.7,0.15,0.1,1,1,2,40,"post_fragmentation","chessboard",179,2398,48,48,148,1,518,1
39,893,50,0.8,0.7,0.15,0.1,1,1,2,40,"post_fragmentation","chessboard",179,2398,48,48,148,1,520,1
39,893,50,0.8,0.7,0.15,0.1,1,1,2,40,"post_fragmentation","chessboard",179,2398,48,48,148,1,552,1
39,893,50,0.8,0.7,0.15,0.1,1,1,2,40,"post_fragmentation","chessboard",179,2398,48,48,148,1,558,1
39,893,50,0.8,0.7,0.15,0.1,1,1,2,40,"post_fragmentation","chessboard",179,2398,48,48,148,1,577,1
39,893,50,0.8,0.7,0.15,0.1,1,1,2,40,"post_fragmentation","chessboard",179,2398,48,48,148,1,580,1
39,893,50,0.8,0.7,0.15,0.1,1,1,2,40,"post_fragmentation","chessboard",179,2398,48,48,148,1,589,1
39,893,50,0.8,0.7,0.15,0.1,1,1,2,40,"post_fragmentation","chessboard",179,2398,48,48,148,1,644,2
39,893,50,0.8,0.7,0.15,0.1,1,1,2,40,"post_fragmentation","chessboard",180,2411,49,11,149,1,1,1
39,893,50,0.8,0.7,0.15,0.1,1,1,2,40,"post_fragmentation","chessboard",180,2411,49,11,149,1,4,1
39,893,50,0.8,0.7,0.15,0.1,1,1,2,40,"post_fragmentation","chessboard",180,2411,49,11,149,1,5,2
39,893,50,0.8,0.7,0.15,0.1,1,1,2,40,"post_fragmentation","chessboard",180,2411,49,11,149,1,9,1
39,893,50,0.8,0.7,0.15,0.1,1,1,2,40,"post_fragmentation","chessboard",180,2411,49,11,149,1,10,2
39,893,50,0.8,0.7,0.15,0.1,1,1,2,40,"post_fragmentation","chessboard",180,2411,49,11,149,1,14,3
39,893,50,0.8,0.7,0.15,0.1,1,1,2,40,"post_fragmentation","chessboard",180,2411,49,11,149,1,33,2
39,893,50,0.8,0.7,0.15,0.1,1,1,2,40,"post_fragmentation","chessboard",180,2411,49,11,149,1,36,2
39,893,50,0.8,0.7,0.15,0.1,1,1,2,40,"post_fragmentation","chessboard",180,2411,49,11,149,1,39,1
39,893,50,0.8,0.7,0.15,0.1,1,1,2,40,"post_fragmentation","chessboard",180,2411,49,11,149,1,42,1
39,893,50,0.8,0.7,0.15,0.1,1,1,2,40,"post_fragmentation","chessboard",180,2411,49,11,149,1,56,1
39,893,50,0.8,0.7,0.15,0.1,1,1,2,40,"post_fragmentation","chessboard",180,2411,49,11,149,1,61,2
39,893,50,0.8,0.7,0.15,0.1,1,1,2,40,"post_fragmentation","chessboard",180,2411,49,11,149,1,63,1
39,893,50,0.8,0.7,0.15,0.1,1,1,2,40,"post_fragmentation","chessboard",180,2411,49,11,149,1,66,1
39,893,50,0.8,0.7,0.15,0.1,1,1,2,40,"post_fragmentation","chessboard",180,2411,49,11,149,1,70,1
39,893,50,0.8,0.7,0.15,0.1,1,1,2,40,"post_fragmentation","chessboard",180,2411,49,11,149,1,71,2
39,893,50,0.8,0.7,0.15,0.1,1,1,2,40,"post_fragmentation","chessboard",180,2411,49,11,149,1,72,1
39,893,50,0.8,0.7,0.15,0.1,1,1,2,40,"post_fragmentation","chessboard",180,2411,49,11,149,1,77,1
39,893,50,0.8,0.7,0.15,0.1,1,1,2,40,"post_fragmentation","chessboard",180,2411,49,11,149,1,78,2
39,893,50,0.8,0.7,0.15,0.1,1,1,2,40,"post_fragmentation","chessboard",180,2411,49,11,149,1,82,2
39,893,50,0.8,0.7,0.15,0.1,1,1,2,40,"post_fragmentation","chessboard",180,2411,49,11,149,1,85,1
39,893,50,0.8,0.7,0.15,0.1,1,1,2,40,"post_fragmentation","chessboard",180,2411,49,11,149,1,88,1
39,893,50,0.8,0.7,0.15,0.1,1,1,2,40,"post_fragmentation","chessboard",180,2411,49,11,149,1,90,1
39,893,50,0.8,0.7,0.15,0.1,1,1,2,40,"post_fragmentation","chessboard",180,2411,49,11,149,1,96,3
39,893,50,0.8,0.7,0.15,0.1,1,1,2,40,"post_fragmentation","chessboard",180,2411,49,11,149,1,114,1
39,893,50,0.8,0.7,0.15,0.1,1,1,2,40,"post_fragmentation","chessboard",180,2411,49,11,149,1,124,1
39,893,50,0.8,0.7,0.15,0.1,1,1,2,40,"post_fragmentation","chessboard",180,2411,49,11,149,1,147,1
39,893,50,0.8,0.7,0.15,0.1,1,1,2,40,"post_fragmentation","chessboard",180,2411,49,11,149,1,163,1
39,893,50,0.8,0.7,0.15,0.1,1,1,2,40,"post_fragmentation","chessboard",180,2411,49,11,149,1,212,1
39,893,50,0.8,0.7,0.15,0.1,1,1,2,40,"post_fragmentation","chessboard",181,2421,49,21,3,25,315,1
39,893,50,0.8,0.7,0.15,0.1,1,1,2,40,"post_fragmentation","chessboard",181,2421,49,21,3,25,316,1
39,893,50,0.8,0.7,0.15,0.1,1,1,2,40,"post_fragmentation","chessboard",181,2421,49,21,3,25,325,1
39,893,50,0.8,0.7,0.15,0.1,1,1,2,40,"post_fragmentation","chessboard",181,2421,49,21,3,25,338,2
39,893,50,0.8,0.7,0.15,0.1,1,1,2,40,"post_fragmentation","chessboard",181,2421,49,21,3,25,346,2
39,893,50,0.8,0.7,0.15,0.1,1,1,2,40,"post_fragmentation","chessboard",181,2421,49,21,3,25,355,2
39,893,50,0.8,0.7,0.15,0.1,1,1,2,40,"post_fragmentation","chessboard",181,2421,49,21,3,25,370,1
39,893,50,0.8,0.7,0.15,0.1,1,1,2,40,"post_fragmentation","chessboard",181,2421,49,21,3,25,373,2
39,893,50,0.8,0.7,0.15,0.1,1,1,2,40,"post_fragmentation","chessboard",181,2421,49,21,3,25,375,1
39,893,50,0.8,0.7,0.15,0.1,1,1,2,40,"post_fragmentation","chessboard",181,2421,49,21,3,25,412,3
39,893,50,0.8,0.7,0.15,0.1,1,1,2,40,"post_fragmentation","chessboard",181,2421,49,21,3,25,414,3
39,893,50,0.8,0.7,0.15,0.1,1,1,2,40,"post_fragmentation","chessboard",181,2421,49,21,3,25,418,1
39,893,50,0.8,0.7,0.15,0.1,1,1,2,40,"post_fragmentation","chessboard",181,2421,49,21,3,25,419,3
39,893,50,0.8,0.7,0.15,0.1,1,1,2,40,"post_fragmentation","chessboard",181,2421,49,21,3,25,422,1
39,893,50,0.8,0.7,0.15,0.1,1,1,2,40,"post_fragmentation","chessboard",181,2421,49,21,3,25,423,1
39,893,50,0.8,0.7,0.15,0.1,1,1,2,40,"post_fragmentation","chessboard",181,2421,49,21,3,25,429,2
39,893,50,0.8,0.7,0.15,0.1,1,1,2,40,"post_fragmentation","chessboard",181,2421,49,21,3,25,430,1
39,893,50,0.8,0.7,0.15,0.1,1,1,2,40,"post_fragmentation","chessboard",181,2421,49,21,3,25,435,2
39,893,50,0.8,0.7,0.15,0.1,1,1,2,40,"post_fragmentation","chessboard",181,2421,49,21,3,25,437,1
39,893,50,0.8,0.7,0.15,0.1,1,1,2,40,"post_fragmentation","chessboard",181,2421,49,21,3,25,457,1
39,893,50,0.8,0.7,0.15,0.1,1,1,2,40,"post_fragmentation","chessboard",181,2421,49,21,3,25,458,2
39,893,50,0.8,0.7,0.15,0.1,1,1,2,40,"post_fragmentation","chessboard",181,2421,49,21,3,25,485,1
39,893,50,0.8,0.7,0.15,0.1,1,1,2,40,"post_fragmentation","chessboard",181,2421,49,21,3,25,508,1
39,893,50,0.8,0.7,0.15,0.1,1,1,2,40,"post_fragmentation","chessboard",181,2421,49,21,3,25,519,1
39,893,50,0.8,0.7,0.15,0.1,1,1,2,40,"post_fragmentation","chessboard",181,2421,49,21,3,25,534,1
39,893,50,0.8,0.7,0.15,0.1,1,1,2,40,"post_fragmentation","chessboard",182,2425,49,25,3,25,374,1
39,893,50,0.8,0.7,0.15,0.1,1,1,2,40,"post_fragmentation","chessboard",182,2425,49,25,3,25,405,1
39,893,50,0.8,0.7,0.15,0.1,1,1,2,40,"post_fragmentation","chessboard",182,2425,49,25,3,25,414,1
39,893,50,0.8,0.7,0.15,0.1,1,1,2,40,"post_fragmentation","chessboard",182,2425,49,25,3,25,429,1
39,893,50,0.8,0.7,0.15,0.1,1,1,2,40,"post_fragmentation","chessboard",182,2425,49,25,3,25,435,3
39,893,50,0.8,0.7,0.15,0.1,1,1,2,40,"post_fragmentation","chessboard",182,2425,49,25,3,25,462,1
39,893,50,0.8,0.7,0.15,0.1,1,1,2,40,"post_fragmentation","chessboard",182,2425,49,25,3,25,465,1
39,893,50,0.8,0.7,0.15,0.1,1,1,2,40,"post_fragmentation","chessboard",182,2425,49,25,3,25,480,4
39,893,50,0.8,0.7,0.15,0.1,1,1,2,40,"post_fragmentation","chessboard",182,2425,49,25,3,25,481,3
39,893,50,0.8,0.7,0.15,0.1,1,1,2,40,"post_fragmentation","chessboard",182,2425,49,25,3,25,490,3
39,893,50,0.8,0.7,0.15,0.1,1,1,2,40,"post_fragmentation","chessboard",182,2425,49,25,3,25,493,1
39,893,50,0.8,0.7,0.15,0.1,1,1,2,40,"post_fragmentation","chessboard",182,2425,49,25,3,25,502,1
39,893,50,0.8,0.7,0.15,0.1,1,1,2,40,"post_fragmentation","chessboard",182,2425,49,25,3,25,507,1
39,893,50,0.8,0.7,0.15,0.1,1,1,2,40,"post_fragmentation","chessboard",182,2425,49,25,3,25,510,3
39,893,50,0.8,0.7,0.15,0.1,1,1,2,40,"post_fragmentation","chessboard",182,2425,49,25,3,25,514,3
39,893,50,0.8,0.7,0.15,0.1,1,1,2,40,"post_fragmentation","chessboard",182,2425,49,25,3,25,518,1
39,893,50,0.8,0.7,0.15,0.1,1,1,2,40,"post_fragmentation","chessboard",182,2425,49,25,3,25,524,1
39,893,50,0.8,0.7,0.15,0.1,1,1,2,40,"post_fragmentation","chessboard",182,2425,49,25,3,25,530,1
39,893,50,0.8,0.7,0.15,0.1,1,1,2,40,"post_fragmentation","chessboard",182,2425,49,25,3,25,545,2
39,893,50,0.8,0.7,0.15,0.1,1,1,2,40,"post_fragmentation","chessboard",182,2425,49,25,3,25,546,1
39,893,50,0.8,0.7,0.15,0.1,1,1,2,40,"post_fragmentation","chessboard",182,2425,49,25,3,25,547,1
39,893,50,0.8,0.7,0.15,0.1,1,1,2,40,"post_fragmentation","chessboard",182,2425,49,25,3,25,567,2
39,893,50,0.8,0.7,0.15,0.1,1,1,2,40,"post_fragmentation","chessboard",182,2425,49,25,3,25,614,1
39,893,50,0.8,0.7,0.15,0.1,1,1,2,40,"post_fragmentation","chessboard",183,2433,49,33,146,2,620,1
39,893,50,0.8,0.7,0.15,0.1,1,1,2,40,"post_fragmentation","chessboard",183,2433,49,33,146,2,626,1
39,893,50,0.8,0.7,0.15,0.1,1,1,2,40,"post_fragmentation","chessboard",183,2433,49,33,146,2,627,1
39,893,50,0.8,0.7,0.15,0.1,1,1,2,40,"post_fragmentation","chessboard",183,2433,49,33,146,2,635,1
39,893,50,0.8,0.7,0.15,0.1,1,1,2,40,"post_fragmentation","chessboard",183,2433,49,33,146,2,668,1
39,893,50,0.8,0.7,0.15,0.1,1,1,2,40,"post_fragmentation","chessboard",183,2433,49,33,146,2,673,1
39,893,50,0.8,0.7,0.15,0.1,1,1,2,40,"post_fragmentation","chessboard",183,2433,49,33,146,2,674,1
39,893,50,0.8,0.7,0.15,0.1,1,1,2,40,"post_fragmentation","chessboard",183,2433,49,33,146,2,675,1
39,893,50,0.8,0.7,0.15,0.1,1,1,2,40,"post_fragmentation","chessboard",183,2433,49,33,146,2,678,1
39,893,50,0.8,0.7,0.15,0.1,1,1,2,40,"post_fragmentation","chessboard",183,2433,49,33,146,2,685,1
39,893,50,0.8,0.7,0.15,0.1,1,1,2,40,"post_fragmentation","chessboard",183,2433,49,33,146,2,687,2
39,893,50,0.8,0.7,0.15,0.1,1,1,2,40,"post_fragmentation","chessboard",183,2433,49,33,146,2,688,1
39,893,50,0.8,0.7,0.15,0.1,1,1,2,40,"post_fragmentation","chessboard",183,2433,49,33,146,2,691,3
39,893,50,0.8,0.7,0.15,0.1,1,1,2,40,"post_fragmentation","chessboard",183,2433,49,33,146,2,702,1
39,893,50,0.8,0.7,0.15,0.1,1,1,2,40,"post_fragmentation","chessboard",183,2433,49,33,146,2,713,1
39,893,50,0.8,0.7,0.15,0.1,1,1,2,40,"post_fragmentation","chessboard",183,2433,49,33,146,2,721,1
39,893,50,0.8,0.7,0.15,0.1,1,1,2,40,"post_fragmentation","chessboard",183,2433,49,33,146,2,727,1
39,893,50,0.8,0.7,0.15,0.1,1,1,2,40,"post_fragmentation","chessboard",183,2433,49,33,146,2,735,2
39,893,50,0.8,0.7,0.15,0.1,1,1,2,40,"post_fragmentation","chessboard",183,2433,49,33,146,2,736,1
39,893,50,0.8,0.7,0.15,0.1,1,1,2,40,"post_fragmentation","chessboard",183,2433,49,33,146,2,739,1
39,893,50,0.8,0.7,0.15,0.1,1,1,2,40,"post_fragmentation","chessboard",183,2433,49,33,146,2,757,1
39,893,50,0.8,0.7,0.15,0.1,1,1,2,40,"post_fragmentation","chessboard",183,2433,49,33,146,2,758,2
39,893,50,0.8,0.7,0.15,0.1,1,1,2,40,"post_fragmentation","chessboard",183,2433,49,33,146,2,767,2
39,893,50,0.8,0.7,0.15,0.1,1,1,2,40,"post_fragmentation","chessboard",183,2433,49,33,146,2,771,2
39,893,50,0.8,0.7,0.15,0.1,1,1,2,40,"post_fragmentation","chessboard",183,2433,49,33,146,2,786,1
39,893,50,0.8,0.7,0.15,0.1,1,1,2,40,"post_fragmentation","chessboard",183,2433,49,33,146,2,796,2
39,893,50,0.8,0.7,0.15,0.1,1,1,2,40,"post_fragmentation","chessboard",183,2433,49,33,146,2,815,2
39,893,50,0.8,0.7,0.15,0.1,1,1,2,40,"post_fragmentation","chessboard",184,2437,49,37,5,5,656,1
39,893,50,0.8,0.7,0.15,0.1,1,1,2,40,"post_fragmentation","chessboard",184,2437,49,37,5,5,666,2
39,893,50,0.8,0.7,0.15,0.1,1,1,2,40,"post_fragmentation","chessboard",184,2437,49,37,5,5,671,1
39,893,50,0.8,0.7,0.15,0.1,1,1,2,40,"post_fragmentation","chessboard",184,2437,49,37,5,5,688,1
39,893,50,0.8,0.7,0.15,0.1,1,1,2,40,"post_fragmentation","chessboard",184,2437,49,37,5,5,705,1
39,893,50,0.8,0.7,0.15,0.1,1,1,2,40,"post_fragmentation","chessboard",184,2437,49,37,5,5,709,3
39,893,50,0.8,0.7,0.15,0.1,1,1,2,40,"post_fragmentation","chessboard",184,2437,49,37,5,5,713,2
39,893,50,0.8,0.7,0.15,0.1,1,1,2,40,"post_fragmentation","chessboard",184,2437,49,37,5,5,714,1
39,893,50,0.8,0.7,0.15,0.1,1,1,2,40,"post_fragmentation","chessboard",184,2437,49,37,5,5,716,1
39,893,50,0.8,0.7,0.15,0.1,1,1,2,40,"post_fragmentation","chessboard",184,2437,49,37,5,5,725,1
39,893,50,0.8,0.7,0.15,0.1,1,1,2,40,"post_fragmentation","chessboard",184,2437,49,37,5,5,735,1
39,893,50,0.8,0.7,0.15,0.1,1,1,2,40,"post_fragmentation","chessboard",184,2437,49,37,5,5,736,1
39,893,50,0.8,0.7,0.15,0.1,1,1,2,40,"post_fragmentation","chessboard",184,2437,49,37,5,5,739,1
39,893,50,0.8,0.7,0.15,0.1,1,1,2,40,"post_fragmentation","chessboard",184,2437,49,37,5,5,740,3
39,893,50,0.8,0.7,0.15,0.1,1,1,2,40,"post_fragmentation","chessboard",184,2437,49,37,5,5,743,1
39,893,50,0.8,0.7,0.15,0.1,1,1,2,40,"post_fragmentation","chessboard",184,2437,49,37,5,5,749,4
39,893,50,0.8,0.7,0.15,0.1,1,1,2,40,"post_fragmentation","chessboard",184,2437,49,37,5,5,757,1
39,893,50,0.8,0.7,0.15,0.1,1,1,2,40,"post_fragmentation","chessboard",184,2437,49,37,5,5,758,3
39,893,50,0.8,0.7,0.15,0.1,1,1,2,40,"post_fragmentation","chessboard",184,2437,49,37,5,5,760,1
39,893,50,0.8,0.7,0.15,0.1,1,1,2,40,"post_fragmentation","chessboard",184,2437,49,37,5,5,767,1
39,893,50,0.8,0.7,0.15,0.1,1,1,2,40,"post_fragmentation","chessboard",184,2437,49,37,5,5,786,2
39,893,50,0.8,0.7,0.15,0.1,1,1,2,40,"post_fragmentation","chessboard",184,2437,49,37,5,5,800,1
39,893,50,0.8,0.7,0.15,0.1,1,1,2,40,"post_fragmentation","chessboard",184,2437,49,37,5,5,815,1
39,893,50,0.8,0.7,0.15,0.1,1,1,2,40,"post_fragmentation","chessboard",184,2437,49,37,5,5,824,1
39,893,50,0.8,0.7,0.15,0.1,1,1,2,40,"post_fragmentation","chessboard",185,2470,50,20,152,1,232,1
39,893,50,0.8,0.7,0.15,0.1,1,1,2,40,"post_fragmentation","chessboard",185,2470,50,20,152,1,235,1
39,893,50,0.8,0.7,0.15,0.1,1,1,2,40,"post_fragmentation","chessboard",185,2470,50,20,152,1,276,3
39,893,50,0.8,0.7,0.15,0.1,1,1,2,40,"post_fragmentation","chessboard",185,2470,50,20,152,1,294,2
39,893,50,0.8,0.7,0.15,0.1,1,1,2,40,"post_fragmentation","chessboard",185,2470,50,20,152,1,309,1
39,893,50,0.8,0.7,0.15,0.1,1,1,2,40,"post_fragmentation","chessboard",185,2470,50,20,152,1,326,1
39,893,50,0.8,0.7,0.15,0.1,1,1,2,40,"post_fragmentation","chessboard",185,2470,50,20,152,1,329,1
39,893,50,0.8,0.7,0.15,0.1,1,1,2,40,"post_fragmentation","chessboard",185,2470,50,20,152,1,346,1
39,893,50,0.8,0.7,0.15,0.1,1,1,2,40,"post_fragmentation","chessboard",185,2470,50,20,152,1,356,2
39,893,50,0.8,0.7,0.15,0.1,1,1,2,40,"post_fragmentation","chessboard",185,2470,50,20,152,1,360,3
39,893,50,0.8,0.7,0.15,0.1,1,1,2,40,"post_fragmentation","chessboard",185,2470,50,20,152,1,374,2
39,893,50,0.8,0.7,0.15,0.1,1,1,2,40,"post_fragmentation","chessboard",185,2470,50,20,152,1,379,1
39,893,50,0.8,0.7,0.15,0.1,1,1,2,40,"post_fragmentation","chessboard",185,2470,50,20,152,1,380,1
39,893,50,0.8,0.7,0.15,0.1,1,1,2,40,"post_fragmentation","chessboard",185,2470,50,20,152,1,407,1
39,893,50,0.8,0.7,0.15,0.1,1,1,2,40,"post_fragmentation","chessboard",185,2470,50,20,152,1,415,1
39,893,50,0.8,0.7,0.15,0.1,1,1,2,40,"post_fragmentation","chessboard",185,2470,50,20,152,1,422,1
39,893,50,0.8,0.7,0.15,0.1,1,1,2,40,"post_fragmentation","chessboard",185,2470,50,20,152,1,426,1
39,893,50,0.8,0.7,0.15,0.1,1,1,2,40,"post_fragmentation","chessboard",185,2470,50,20,152,1,428,2
39,893,50,0.8,0.7,0.15,0.1,1,1,2,40,"post_fragmentation","chessboard",185,2470,50,20,152,1,435,4
39,893,50,0.8,0.7,0.15,0.1,1,1,2,40,"post_fragmentation","chessboard",185,2470,50,20,152,1,457,1
39,893,50,0.8,0.7,0.15,0.1,1,1,2,40,"post_fragmentation","chessboard",185,2470,50,20,152,1,461,2
39,893,50,0.8,0.7,0.15,0.1,1,1,2,40,"post_fragmentation","chessboard",185,2470,50,20,152,1,485,1
39,893,50,0.8,0.7,0.15,0.1,1,1,2,40,"post_fragmentation","chessboard",185,2470,50,20,152,1,493,1
39,893,50,0.8,0.7,0.15,0.1,1,1,2,40,"post_fragmentation","chessboard",185,2470,50,20,152,1,502,1
39,893,50,0.8,0.7,0.15,0.1,1,1,2,40,"post_fragmentation","chessboard",185,2470,50,20,152,1,510,2
39,893,50,0.8,0.7,0.15,0.1,1,1,2,40,"post_fragmentation","chessboard",186,2472,50,22,3,25,325,1
39,893,50,0.8,0.7,0.15,0.1,1,1,2,40,"post_fragmentation","chessboard",186,2472,50,22,3,25,379,1
39,893,50,0.8,0.7,0.15,0.1,1,1,2,40,"post_fragmentation","chessboard",186,2472,50,22,3,25,407,1
39,893,50,0.8,0.7,0.15,0.1,1,1,2,40,"post_fragmentation","chessboard",186,2472,50,22,3,25,414,2
39,893,50,0.8,0.7,0.15,0.1,1,1,2,40,"post_fragmentation","chessboard",186,2472,50,22,3,25,422,1
39,893,50,0.8,0.7,0.15,0.1,1,1,2,40,"post_fragmentation","chessboard",186,2472,50,22,3,25,423,1
39,893,50,0.8,0.7,0.15,0.1,1,1,2,40,"post_fragmentation","chessboard",186,2472,50,22,3,25,435,3
39,893,50,0.8,0.7,0.15,0.1,1,1,2,40,"post_fragmentation","chessboard",186,2472,50,22,3,25,452,2
39,893,50,0.8,0.7,0.15,0.1,1,1,2,40,"post_fragmentation","chessboard",186,2472,50,22,3,25,455,2
39,893,50,0.8,0.7,0.15,0.1,1,1,2,40,"post_fragmentation","chessboard",186,2472,50,22,3,25,460,1
39,893,50,0.8,0.7,0.15,0.1,1,1,2,40,"post_fragmentation","chessboard",186,2472,50,22,3,25,461,1
39,893,50,0.8,0.7,0.15,0.1,1,1,2,40,"post_fragmentation","chessboard",186,2472,50,22,3,25,465,1
39,893,50,0.8,0.7,0.15,0.1,1,1,2,40,"post_fragmentation","chessboard",186,2472,50,22,3,25,471,2
39,893,50,0.8,0.7,0.15,0.1,1,1,2,40,"post_fragmentation","chessboard",186,2472,50,22,3,25,476,1
39,893,50,0.8,0.7,0.15,0.1,1,1,2,40,"post_fragmentation","chessboard",186,2472,50,22,3,25,480,1
39,893,50,0.8,0.7,0.15,0.1,1,1,2,40,"post_fragmentation","chessboard",186,2472,50,22,3,25,485,1
39,893,50,0.8,0.7,0.15,0.1,1,1,2,40,"post_fragmentation","chessboard",186,2472,50,22,3,25,490,1
39,893,50,0.8,0.7,0.15,0.1,1,1,2,40,"post_fragmentation","chessboard",186,2472,50,22,3,25,493,2
39,893,50,0.8,0.7,0.15,0.1,1,1,2,40,"post_fragmentation","chessboard",186,2472,50,22,3,25,502,1
39,893,50,0.8,0.7,0.15,0.1,1,1,2,40,"post_fragmentation","chessboard",186,2472,50,22,3,25,509,1
39,893,50,0.8,0.7,0.15,0.1,1,1,2,40,"post_fragmentation","chessboard",186,2472,50,22,3,25,510,2
39,893,50,0.8,0.7,0.15,0.1,1,1,2,40,"post_fragmentation","chessboard",186,2472,50,22,3,25,512,1
39,893,50,0.8,0.7,0.15,0.1,1,1,2,40,"post_fragmentation","chessboard",186,2472,50,22,3,25,525,1
39,893,50,0.8,0.7,0.15,0.1,1,1,2,40,"post_fragmentation","chessboard",186,2472,50,22,3,25,538,1
39,893,50,0.8,0.7,0.15,0.1,1,1,2,40,"post_fragmentation","chessboard",186,2472,50,22,3,25,548,1
39,893,50,0.8,0.7,0.15,0.1,1,1,2,40,"post_fragmentation","chessboard",186,2472,50,22,3,25,567,2
39,893,50,0.8,0.7,0.15,0.1,1,1,2,40,"post_fragmentation","chessboard",186,2472,50,22,3,25,569,1
39,893,50,0.8,0.7,0.15,0.1,1,1,2,40,"post_fragmentation","chessboard",186,2472,50,22,3,25,570,1
39,893,50,0.8,0.7,0.15,0.1,1,1,2,40,"post_fragmentation","chessboard",187,2474,50,24,3,25,352,1
39,893,50,0.8,0.7,0.15,0.1,1,1,2,40,"post_fragmentation","chessboard",187,2474,50,24,3,25,365,1
39,893,50,0.8,0.7,0.15,0.1,1,1,2,40,"post_fragmentation","chessboard",187,2474,50,24,3,25,372,1
39,893,50,0.8,0.7,0.15,0.1,1,1,2,40,"post_fragmentation","chessboard",187,2474,50,24,3,25,374,1
39,893,50,0.8,0.7,0.15,0.1,1,1,2,40,"post_fragmentation","chessboard",187,2474,50,24,3,25,375,1
39,893,50,0.8,0.7,0.15,0.1,1,1,2,40,"post_fragmentation","chessboard",187,2474,50,24,3,25,423,1
39,893,50,0.8,0.7,0.15,0.1,1,1,2,40,"post_fragmentation","chessboard",187,2474,50,24,3,25,424,1
39,893,50,0.8,0.7,0.15,0.1,1,1,2,40,"post_fragmentation","chessboard",187,2474,50,24,3,25,435,1
39,893,50,0.8,0.7,0.15,0.1,1,1,2,40,"post_fragmentation","chessboard",187,2474,50,24,3,25,450,3
39,893,50,0.8,0.7,0.15,0.1,1,1,2,40,"post_fragmentation","chessboard",187,2474,50,24,3,25,455,1
39,893,50,0.8,0.7,0.15,0.1,1,1,2,40,"post_fragmentation","chessboard",187,2474,50,24,3,25,460,1
39,893,50,0.8,0.7,0.15,0.1,1,1,2,40,"post_fragmentation","chessboard",187,2474,50,24,3,25,476,1
39,893,50,0.8,0.7,0.15,0.1,1,1,2,40,"post_fragmentation","chessboard",187,2474,50,24,3,25,480,4
39,893,50,0.8,0.7,0.15,0.1,1,1,2,40,"post_fragmentation","chessboard",187,2474,50,24,3,25,485,2
39,893,50,0.8,0.7,0.15,0.1,1,1,2,40,"post_fragmentation","chessboard",187,2474,50,24,3,25,487,1
39,893,50,0.8,0.7,0.15,0.1,1,1,2,40,"post_fragmentation","chessboard",187,2474,50,24,3,25,490,2
39,893,50,0.8,0.7,0.15,0.1,1,1,2,40,"post_fragmentation","chessboard",187,2474,50,24,3,25,493,4
39,893,50,0.8,0.7,0.15,0.1,1,1,2,40,"post_fragmentation","chessboard",187,2474,50,24,3,25,497,1
39,893,50,0.8,0.7,0.15,0.1,1,1,2,40,"post_fragmentation","chessboard",187,2474,50,24,3,25,500,1
39,893,50,0.8,0.7,0.15,0.1,1,1,2,40,"post_fragmentation","chessboard",187,2474,50,24,3,25,508,1
39,893,50,0.8,0.7,0.15,0.1,1,1,2,40,"post_fragmentation","chessboard",187,2474,50,24,3,25,512,1
39,893,50,0.8,0.7,0.15,0.1,1,1,2,40,"post_fragmentation","chessboard",187,2474,50,24,3,25,519,1
39,893,50,0.8,0.7,0.15,0.1,1,1,2,40,"post_fragmentation","chessboard",187,2474,50,24,3,25,540,1
39,893,50,0.8,0.7,0.15,0.1,1,1,2,40,"post_fragmentation","chessboard",187,2474,50,24,3,25,546,1
39,893,50,0.8,0.7,0.15,0.1,1,1,2,40,"post_fragmentation","chessboard",187,2474,50,24,3,25,547,1
39,893,50,0.8,0.7,0.15,0.1,1,1,2,40,"post_fragmentation","chessboard",187,2474,50,24,3,25,560,1
39,893,50,0.8,0.7,0.15,0.1,1,1,2,40,"post_fragmentation","chessboard",187,2474,50,24,3,25,567,1
39,893,50,0.8,0.7,0.15,0.1,1,1,2,40,"post_fragmentation","chessboard",187,2474,50,24,3,25,607,1
39,893,50,0.8,0.7,0.15,0.1,1,1,2,40,"post_fragmentation","chessboard",188,2488,50,38,5,5,594,1
39,893,50,0.8,0.7,0.15,0.1,1,1,2,40,"post_fragmentation","chessboard",188,2488,50,38,5,5,621,1
39,893,50,0.8,0.7,0.15,0.1,1,1,2,40,"post_fragmentation","chessboard",188,2488,50,38,5,5,628,1
39,893,50,0.8,0.7,0.15,0.1,1,1,2,40,"post_fragmentation","chessboard",188,2488,50,38,5,5,665,1
39,893,50,0.8,0.7,0.15,0.1,1,1,2,40,"post_fragmentation","chessboard",188,2488,50,38,5,5,670,1
39,893,50,0.8,0.7,0.15,0.1,1,1,2,40,"post_fragmentation","chessboard",188,2488,50,38,5,5,673,1
39,893,50,0.8,0.7,0.15,0.1,1,1,2,40,"post_fragmentation","chessboard",188,2488,50,38,5,5,674,1
39,893,50,0.8,0.7,0.15,0.1,1,1,2,40,"post_fragmentation","chessboard",188,2488,50,38,5,5,678,1
39,893,50,0.8,0.7,0.15,0.1,1,1,2,40,"post_fragmentation","chessboard",188,2488,50,38,5,5,683,1
39,893,50,0.8,0.7,0.15,0.1,1,1,2,40,"post_fragmentation","chessboard",188,2488,50,38,5,5,689,1
39,893,50,0.8,0.7,0.15,0.1,1,1,2,40,"post_fragmentation","chessboard",188,2488,50,38,5,5,701,1
39,893,50,0.8,0.7,0.15,0.1,1,1,2,40,"post_fragmentation","chessboard",188,2488,50,38,5,5,713,2
39,893,50,0.8,0.7,0.15,0.1,1,1,2,40,"post_fragmentation","chessboard",188,2488,50,38,5,5,715,1
39,893,50,0.8,0.7,0.15,0.1,1,1,2,40,"post_fragmentation","chessboard",188,2488,50,38,5,5,719,1
39,893,50,0.8,0.7,0.15,0.1,1,1,2,40,"post_fragmentation","chessboard",188,2488,50,38,5,5,725,1
39,893,50,0.8,0.7,0.15,0.1,1,1,2,40,"post_fragmentation","chessboard",188,2488,50,38,5,5,727,2
39,893,50,0.8,0.7,0.15,0.1,1,1,2,40,"post_fragmentation","chessboard",188,2488,50,38,5,5,735,3
39,893,50,0.8,0.7,0.15,0.1,1,1,2,40,"post_fragmentation","chessboard",188,2488,50,38,5,5,736,2
39,893,50,0.8,0.7,0.15,0.1,1,1,2,40,"post_fragmentation","chessboard",188,2488,50,38,5,5,738,1
39,893,50,0.8,0.7,0.15,0.1,1,1,2,40,"post_fragmentation","chessboard",188,2488,50,38,5,5,739,1
39,893,50,0.8,0.7,0.15,0.1,1,1,2,40,"post_fragmentation","chessboard",188,2488,50,38,5,5,740,2
39,893,50,0.8,0.7,0.15,0.1,1,1,2,40,"post_fragmentation","chessboard",188,2488,50,38,5,5,749,2
39,893,50,0.8,0.7,0.15,0.1,1,1,2,40,"post_fragmentation","chessboard",188,2488,50,38,5,5,755,1
39,893,50,0.8,0.7,0.15,0.1,1,1,2,40,"post_fragmentation","chessboard",188,2488,50,38,5,5,760,1
39,893,50,0.8,0.7,0.15,0.1,1,1,2,40,"post_fragmentation","chessboard",188,2488,50,38,5,5,761,1
39,893,50,0.8,0.7,0.15,0.1,1,1,2,40,"post_fragmentation","chessboard",188,2488,50,38,5,5,778,1
39,893,50,0.8,0.7,0.15,0.1,1,1,2,40,"post_fragmentation","chessboard",188,2488,50,38,5,5,796,1
39,893,50,0.8,0.7,0.15,0.1,1,1,2,40,"post_fragmentation","chessboard",188,2488,50,38,5,5,815,1
39,893,50,0.8,0.7,0.15,0.1,1,1,2,40,"post_fragmentation","chessboard",188,2488,50,38,5,5,824,1
39,893,50,0.8,0.7,0.15,0.1,1,1,2,40,"post_fragmentation","chessboard",188,2488,50,38,5,5,854,1
39,893,50,0.8,0.7,0.15,0.1,1,1,2,100,"final","chessboard",1,5,1,5,1,5,180,1
39,893,50,0.8,0.7,0.15,0.1,1,1,2,100,"final","chessboard",1,5,1,5,1,5,350,1
39,893,50,0.8,0.7,0.15,0.1,1,1,2,100,"final","chessboard",2,23,1,23,3,25,365,1
39,893,50,0.8,0.7,0.15,0.1,1,1,2,100,"final","chessboard",2,23,1,23,3,25,407,1
39,893,50,0.8,0.7,0.15,0.1,1,1,2,100,"final","chessboard",2,23,1,23,3,25,412,2
39,893,50,0.8,0.7,0.15,0.1,1,1,2,100,"final","chessboard",2,23,1,23,3,25,425,2
39,893,50,0.8,0.7,0.15,0.1,1,1,2,100,"final","chessboard",2,23,1,23,3,25,437,7
39,893,50,0.8,0.7,0.15,0.1,1,1,2,100,"final","chessboard",2,23,1,23,3,25,450,5
39,893,50,0.8,0.7,0.15,0.1,1,1,2,100,"final","chessboard",2,23,1,23,3,25,455,1
39,893,50,0.8,0.7,0.15,0.1,1,1,2,100,"final","chessboard",2,23,1,23,3,25,476,3
39,893,50,0.8,0.7,0.15,0.1,1,1,2,100,"final","chessboard",2,23,1,23,3,25,480,6
39,893,50,0.8,0.7,0.15,0.1,1,1,2,100,"final","chessboard",2,23,1,23,3,25,481,1
39,893,50,0.8,0.7,0.15,0.1,1,1,2,100,"final","chessboard",2,23,1,23,3,25,502,3
39,893,50,0.8,0.7,0.15,0.1,1,1,2,100,"final","chessboard",2,23,1,23,3,25,510,2
39,893,50,0.8,0.7,0.15,0.1,1,1,2,100,"final","chessboard",2,23,1,23,3,25,512,4
39,893,50,0.8,0.7,0.15,0.1,1,1,2,100,"final","chessboard",2,23,1,23,3,25,526,2
39,893,50,0.8,0.7,0.15,0.1,1,1,2,100,"final","chessboard",2,23,1,23,3,25,548,1
39,893,50,0.8,0.7,0.15,0.1,1,1,2,100,"final","chessboard",3,45,1,45,6,4,577,4
39,893,50,0.8,0.7,0.15,0.1,1,1,2,100,"final","chessboard",3,45,1,45,6,4,598,2
39,893,50,0.8,0.7,0.15,0.1,1,1,2,100,"final","chessboard",3,45,1,45,6,4,633,1
39,893,50,0.8,0.7,0.15,0.1,1,1,2,100,"final","chessboard",4,54,2,4,1,5,260,1
39,893,50,0.8,0.7,0.15,0.1,1,1,2,100,"final","chessboard",4,54,2,4,1,5,328,1
39,893,50,0.8,0.7,0.15,0.1,1,1,2,100,"final","chessboard",4,54,2,4,1,5,373,1
39,893,50,0.8,0.7,0.15,0.1,1,1,2,100,"final","chessboard",5,82,2,32,4,3,634,1
39,893,50,0.8,0.7,0.15,0.1,1,1,2,100,"final","chessboard",5,82,2,32,4,3,666,1
39,893,50,0.8,0.7,0.15,0.1,1,1,2,100,"final","chessboard",5,82,2,32,4,3,673,1
39,893,50,0.8,0.7,0.15,0.1,1,1,2,100,"final","chessboard",5,82,2,32,4,3,674,3
39,893,50,0.8,0.7,0.15,0.1,1,1,2,100,"final","chessboard",5,82,2,32,4,3,687,2
39,893,50,0.8,0.7,0.15,0.1,1,1,2,100,"final","chessboard",5,82,2,32,4,3,725,1
39,893,50,0.8,0.7,0.15,0.1,1,1,2,100,"final","chessboard",6,94,2,44,6,4,535,4
39,893,50,0.8,0.7,0.15,0.1,1,1,2,100,"final","chessboard",6,94,2,44,6,4,547,1
39,893,50,0.8,0.7,0.15,0.1,1,1,2,100,"final","chessboard",6,94,2,44,6,4,554,1
39,893,50,0.8,0.7,0.15,0.1,1,1,2,100,"final","chessboard",6,94,2,44,6,4,577,2
39,893,50,0.8,0.7,0.15,0.1,1,1,2,100,"final","chessboard",6,94,2,44,6,4,598,1
39,893,50,0.8,0.7,0.15,0.1,1,1,2,100,"final","chessboard",7,96,2,46,6,4,518,1
39,893,50,0.8,0.7,0.15,0.1,1,1,2,100,"final","chessboard",7,96,2,46,6,4,535,1
39,893,50,0.8,0.7,0.15,0.1,1,1,2,100,"final","chessboard",7,96,2,46,6,4,552,1
39,893,50,0.8,0.7,0.15,0.1,1,1,2,100,"final","chessboard",7,96,2,46,6,4,577,2
39,893,50,0.8,0.7,0.15,0.1,1,1,2,100,"final","chessboard",8,101,3,1,7,6,284,3
39,893,50,0.8,0.7,0.15,0.1,1,1,2,100,"final","chessboard",8,101,3,1,7,6,328,7
39,893,50,0.8,0.7,0.15,0.1,1,1,2,100,"final","chessboard",8,101,3,1,7,6,331,1
39,893,50,0.8,0.7,0.15,0.1,1,1,2,100,"final","chessboard",8,101,3,1,7,6,357,6
39,893,50,0.8,0.7,0.15,0.1,1,1,2,100,"final","chessboard",8,101,3,1,7,6,372,1
39,893,50,0.8,0.7,0.15,0.1,1,1,2,100,"final","chessboard",9,105,3,5,1,5,180,1
39,893,50,0.8,0.7,0.15,0.1,1,1,2,100,"final","chessboard",9,105,3,5,1,5,260,1
39,893,50,0.8,0.7,0.15,0.1,1,1,2,100,"final","chessboard",9,105,3,5,1,5,331,2
39,893,50,0.8,0.7,0.15,0.1,1,1,2,100,"final","chessboard",10,107,3,7,8,1,260,2
39,893,50,0.8,0.7,0.15,0.1,1,1,2,100,"final","chessboard",11,127,3,27,9,3,510,1
39,893,50,0.8,0.7,0.15,0.1,1,1,2,100,"final","chessboard",11,127,3,27,9,3,549,3
39,893,50,0.8,0.7,0.15,0.1,1,1,2,100,"final","chessboard",11,127,3,27,9,3,615,1
39,893,50,0.8,0.7,0.15,0.1,1,1,2,100,"final","chessboard",11,127,3,27,9,3,648,1
39,893,50,0.8,0.7,0.15,0.1,1,1,2,100,"final","chessboard",11,127,3,27,9,3,656,1
39,893,50,0.8,0.7,0.15,0.1,1,1,2,100,"final","chessboard",11,127,3,27,9,3,670,1
39,893,50,0.8,0.7,0.15,0.1,1,1,2,100,"final","chessboard",12,152,4,2,7,6,284,4
39,893,50,0.8,0.7,0.15,0.1,1,1,2,100,"final","chessboard",12,152,4,2,7,6,316,2
39,893,50,0.8,0.7,0.15,0.1,1,1,2,100,"final","chessboard",12,152,4,2,7,6,328,6
39,893,50,0.8,0.7,0.15,0.1,1,1,2,100,"final","chessboard",12,152,4,2,7,6,357,6
39,893,50,0.8,0.7,0.15,0.1,1,1,2,100,"final","chessboard",12,152,4,2,7,6,372,7
39,893,50,0.8,0.7,0.15,0.1,1,1,2,100,"final","chessboard",13,158,4,8,10,1,149,1
39,893,50,0.8,0.7,0.15,0.1,1,1,2,100,"final","chessboard",14,176,4,26,9,3,461,1
39,893,50,0.8,0.7,0.15,0.1,1,1,2,100,"final","chessboard",14,176,4,26,9,3,476,1
39,893,50,0.8,0.7,0.15,0.1,1,1,2,100,"final","chessboard",14,176,4,26,9,3,595,1
39,893,50,0.8,0.7,0.15,0.1,1,1,2,100,"final","chessboard",14,176,4,26,9,3,617,1
39,893,50,0.8,0.7,0.15,0.1,1,1,2,100,"final","chessboard",14,176,4,26,9,3,635,1
39,893,50,0.8,0.7,0.15,0.1,1,1,2,100,"final","chessboard",14,176,4,26,9,3,645,1
39,893,50,0.8,0.7,0.15,0.1,1,1,2,100,"final","chessboard",15,182,4,32,11,2,595,1
39,893,50,0.8,0.7,0.15,0.1,1,1,2,100,"final","chessboard",15,182,4,32,11,2,615,2
39,893,50,0.8,0.7,0.15,0.1,1,1,2,100,"final","chessboard",15,182,4,32,11,2,627,1
39,893,50,0.8,0.7,0.15,0.1,1,1,2,100,"final","chessboard",15,182,4,32,11,2,628,1
39,893,50,0.8,0.7,0.15,0.1,1,1,2,100,"final","chessboard",15,182,4,32,11,2,634,1
39,893,50,0.8,0.7,0.15,0.1,1,1,2,100,"final","chessboard",15,182,4,32,11,2,637,3
39,893,50,0.8,0.7,0.15,0.1,1,1,2,100,"final","chessboard",15,182,4,32,11,2,725,1
39,893,50,0.8,0.7,0.15,0.1,1,1,2,100,"final","chessboard",16,203,5,3,7,6,316,2
39,893,50,0.8,0.7,0.15,0.1,1,1,2,100,"final","chessboard",16,203,5,3,7,6,328,7
39,893,50,0.8,0.7,0.15,0.1,1,1,2,100,"final","chessboard",16,203,5,3,7,6,331,10
39,893,50,0.8,0.7,0.15,0.1,1,1,2,100,"final","chessboard",16,203,5,3,7,6,350,2
39,893,50,0.8,0.7,0.15,0.1,1,1,2,100,"final","chessboard",16,203,5,3,7,6,357,10
39,893,50,0.8,0.7,0.15,0.1,1,1,2,100,"final","chessboard",16,203,5,3,7,6,372,2
39,893,50,0.8,0.7,0.15,0.1,1,1,2,100,"final","chessboard",17,229,5,29,12,4,513,2
39,893,50,0.8,0.7,0.15,0.1,1,1,2,100,"final","chessboard",17,229,5,29,12,4,595,3
39,893,50,0.8,0.7,0.15,0.1,1,1,2,100,"final","chessboard",17,229,5,29,12,4,610,2
39,893,50,0.8,0.7,0.15,0.1,1,1,2,100,"final","chessboard",17,229,5,29,12,4,615,1
39,893,50,0.8,0.7,0.15,0.1,1,1,2,100,"final","chessboard",17,229,5,29,12,4,627,2
39,893,50,0.8,0.7,0.15,0.1,1,1,2,100,"final","chessboard",17,229,5,29,12,4,645,1
39,893,50,0.8,0.7,0.15,0.1,1,1,2,100,"final","chessboard",17,229,5,29,12,4,648,6
39,893,50,0.8,0.7,0.15,0.1,1,1,2,100,"final","chessboard",17,229,5,29,12,4,656,2
39,893,50,0.8,0.7,0.15,0.1,1,1,2,100,"final","chessboard",17,229,5,29,12,4,666,2
39,893,50,0.8,0.7,0.15,0.1,1,1,2,100,"final","chessboard",18,241,5,41,13,1,598,1
39,893,50,0.8,0.7,0.15,0.1,1,1,2,100,"final","chessboard",18,241,5,41,13,1,757,1
39,893,50,0.8,0.7,0.15,0.1,1,1,2,100,"final","chessboard",19,245,5,45,14,4,415,1
39,893,50,0.8,0.7,0.15,0.1,1,1,2,100,"final","chessboard",19,245,5,45,14,4,516,2
39,893,50,0.8,0.7,0.15,0.1,1,1,2,100,"final","chessboard",19,245,5,45,14,4,524,4
39,893,50,0.8,0.7,0.15,0.1,1,1,2,100,"final","chessboard",19,245,5,45,14,4,559,1
39,893,50,0.8,0.7,0.15,0.1,1,1,2,100,"final","chessboard",19,245,5,45,14,4,610,2
39,893,50,0.8,0.7,0.15,0.1,1,1,2,100,"final","chessboard",19,245,5,45,14,4,639,1
39,893,50,0.8,0.7,0.15,0.1,1,1,2,100,"final","chessboard",20,270,6,20,15,2,451,1
39,893,50,0.8,0.7,0.15,0.1,1,1,2,100,"final","chessboard",20,270,6,20,15,2,480,1
39,893,50,0.8,0.7,0.15,0.1,1,1,2,100,"final","chessboard",20,270,6,20,15,2,502,1
39,893,50,0.8,0.7,0.15,0.1,1,1,2,100,"final","chessboard",20,270,6,20,15,2,534,3
39,893,50,0.8,0.7,0.15,0.1,1,1,2,100,"final","chessboard",21,278,6,28,12,4,591,1
39,893,50,0.8,0.7,0.15,0.1,1,1,2,100,"final","chessboard",21,278,6,28,12,4,598,1
39,893,50,0.8,0.7,0.15,0.1,1,1,2,100,"final","chessboard",21,278,6,28,12,4,610,1
39,893,50,0.8,0.7,0.15,0.1,1,1,2,100,"final","chessboard",21,278,6,28,12,4,615,1
39,893,50,0.8,0.7,0.15,0.1,1,1,2,100,"final","chessboard",21,278,6,28,12,4,617,2
39,893,50,0.8,0.7,0.15,0.1,1,1,2,100,"final","chessboard",21,278,6,28,12,4,627,1
39,893,50,0.8,0.7,0.15,0.1,1,1,2,100,"final","chessboard",21,278,6,28,12,4,637,5
39,893,50,0.8,0.7,0.15,0.1,1,1,2,100,"final","chessboard",21,278,6,28,12,4,647,1
39,893,50,0.8,0.7,0.15,0.1,1,1,2,100,"final","chessboard",22,294,6,44,18,1,559,3
39,893,50,0.8,0.7,0.15,0.1,1,1,2,100,"final","chessboard",22,294,6,44,18,1,657,1
39,893,50,0.8,0.7,0.15,0.1,1,1,2,100,"final","chessboard",23,296,6,46,14,4,415,1
39,893,50,0.8,0.7,0.15,0.1,1,1,2,100,"final","chessboard",23,296,6,46,14,4,499,3
39,893,50,0.8,0.7,0.15,0.1,1,1,2,100,"final","chessboard",23,296,6,46,14,4,516,1
39,893,50,0.8,0.7,0.15,0.1,1,1,2,100,"final","chessboard",23,296,6,46,14,4,535,1
39,893,50,0.8,0.7,0.15,0.1,1,1,2,100,"final","chessboard",23,296,6,46,14,4,559,1
39,893,50,0.8,0.7,0.15,0.1,1,1,2,100,"final","chessboard",24,317,7,17,19,1,502,1
39,893,50,0.8,0.7,0.15,0.1,1,1,2,100,"final","chessboard",25,325,7,25,20,1,610,1
39,893,50,0.8,0.7,0.15,0.1,1,1,2,100,"final","chessboard",25,325,7,25,20,1,637,1
39,893,50,0.8,0.7,0.15,0.1,1,1,2,100,"final","chessboard",25,325,7,25,20,1,648,1
39,893,50,0.8,0.7,0.15,0.1,1,1,2,100,"final","chessboard",26,331,7,31,16,5,569,3
39,893,50,0.8,0.7,0.15,0.1,1,1,2,100,"final","chessboard",26,331,7,31,16,5,610,2
39,893,50,0.8,0.7,0.15,0.1,1,1,2,100,"final","chessboard",26,331,7,31,16,5,615,3
39,893,50,0.8,0.7,0.15,0.1,1,1,2,100,"final","chessboard",26,331,7,31,16,5,617,2
39,893,50,0.8,0.7,0.15,0.1,1,1,2,100,"final","chessboard",26,331,7,31,16,5,634,1
39,893,50,0.8,0.7,0.15,0.1,1,1,2,100,"final","chessboard",26,331,7,31,16,5,639,1
39,893,50,0.8,0.7,0.15,0.1,1,1,2,100,"final","chessboard",26,331,7,31,16,5,648,3
39,893,50,0.8,0.7,0.15,0.1,1,1,2,100,"final","chessboard",26,331,7,31,16,5,656,4
39,893,50,0.8,0.7,0.15,0.1,1,1,2,100,"final","chessboard",26,331,7,31,16,5,666,2
39,893,50,0.8,0.7,0.15,0.1,1,1,2,100,"final","chessboard",27,349,7,49,22,1,357,1
39,893,50,0.8,0.7,0.15,0.1,1,1,2,100,"final","chessboard",28,380,8,30,16,5,569,1
39,893,50,0.8,0.7,0.15,0.1,1,1,2,100,"final","chessboard",28,380,8,30,16,5,591,5
39,893,50,0.8,0.7,0.15,0.1,1,1,2,100,"final","chessboard",28,380,8,30,16,5,610,5
39,893,50,0.8,0.7,0.15,0.1,1,1,2,100,"final","chessboard",28,380,8,30,16,5,614,2
39,893,50,0.8,0.7,0.15,0.1,1,1,2,100,"final","chessboard",28,380,8,30,16,5,615,6
39,893,50,0.8,0.7,0.15,0.1,1,1,2,100,"final","chessboard",28,380,8,30,16,5,627,1
39,893,50,0.8,0.7,0.15,0.1,1,1,2,100,"final","chessboard",28,380,8,30,16,5,628,2
39,893,50,0.8,0.7,0.15,0.1,1,1,2,100,"final","chessboard",28,380,8,30,16,5,645,1
39,893,50,0.8,0.7,0.15,0.1,1,1,2,100,"final","chessboard",28,380,8,30,16,5,646,2
39,893,50,0.8,0.7,0.15,0.1,1,1,2,100,"final","chessboard",28,380,8,30,16,5,648,1
39,893,50,0.8,0.7,0.15,0.1,1,1,2,100,"final","chessboard",28,380,8,30,16,5,656,1
39,893,50,0.8,0.7,0.15,0.1,1,1,2,100,"final","chessboard",28,380,8,30,16,5,674,1
39,893,50,0.8,0.7,0.15,0.1,1,1,2,100,"final","chessboard",28,380,8,30,16,5,687,1
39,893,50,0.8,0.7,0.15,0.1,1,1,2,100,"final","chessboard",29,390,8,40,26,9,555,1
39,893,50,0.8,0.7,0.15,0.1,1,1,2,100,"final","chessboard",29,390,8,40,26,9,559,3
39,893,50,0.8,0.7,0.15,0.1,1,1,2,100,"final","chessboard",29,390,8,40,26,9,578,2
39,893,50,0.8,0.7,0.15,0.1,1,1,2,100,"final","chessboard",29,390,8,40,26,9,608,2
39,893,50,0.8,0.7,0.15,0.1,1,1,2,100,"final","chessboard",29,390,8,40,26,9,610,4
39,893,50,0.8,0.7,0.15,0.1,1,1,2,100,"final","chessboard",29,390,8,40,26,9,633,2
39,893,50,0.8,0.7,0.15,0.1,1,1,2,100,"final","chessboard",29,390,8,40,26,9,639,2
39,893,50,0.8,0.7,0.15,0.1,1,1,2,100,"final","chessboard",29,390,8,40,26,9,653,1
39,893,50,0.8,0.7,0.15,0.1,1,1,2,100,"final","chessboard",29,390,8,40,26,9,657,2
39,893,50,0.8,0.7,0.15,0.1,1,1,2,100,"final","chessboard",29,390,8,40,26,9,666,10
39,893,50,0.8,0.7,0.15,0.1,1,1,2,100,"final","chessboard",29,390,8,40,26,9,671,1
39,893,50,0.8,0.7,0.15,0.1,1,1,2,100,"final","chessboard",29,390,8,40,26,9,675,3
39,893,50,0.8,0.7,0.15,0.1,1,1,2,100,"final","chessboard",30,400,8,50,23,3,357,1
39,893,50,0.8,0.7,0.15,0.1,1,1,2,100,"final","chessboard",30,400,8,50,23,3,400,2
39,893,50,0.8,0.7,0.15,0.1,1,1,2,100,"final","chessboard",31,401,9,1,23,3,415,2
39,893,50,0.8,0.7,0.15,0.1,1,1,2,100,"final","chessboard",32,431,9,31,16,5,595,1
39,893,50,0.8,0.7,0.15,0.1,1,1,2,100,"final","chessboard",32,431,9,31,16,5,610,1
39,893,50,0.8,0.7,0.15,0.1,1,1,2,100,"final","chessboard",32,431,9,31,16,5,615,1
39,893,50,0.8,0.7,0.15,0.1,1,1,2,100,"final","chessboard",32,431,9,31,16,5,627,3
39,893,50,0.8,0.7,0.15,0.1,1,1,2,100,"final","chessboard",32,431,9,31,16,5,634,1
39,893,50,0.8,0.7,0.15,0.1,1,1,2,100,"final","chessboard",32,431,9,31,16,5,637,2
39,893,50,0.8,0.7,0.15,0.1,1,1,2,100,"final","chessboard",32,431,9,31,16,5,639,1
39,893,50,0.8,0.7,0.15,0.1,1,1,2,100,"final","chessboard",32,431,9,31,16,5,646,1
39,893,50,0.8,0.7,0.15,0.1,1,1,2,100,"final","chessboard",32,431,9,31,16,5,656,4
39,893,50,0.8,0.7,0.15,0.1,1,1,2,100,"final","chessboard",33,439,9,39,26,9,535,1
39,893,50,0.8,0.7,0.15,0.1,1,1,2,100,"final","chessboard",33,439,9,39,26,9,555,4
39,893,50,0.8,0.7,0.15,0.1,1,1,2,100,"final","chessboard",33,439,9,39,26,9,595,2
39,893,50,0.8,0.7,0.15,0.1,1,1,2,100,"final","chessboard",33,439,9,39,26,9,597,1
39,893,50,0.8,0.7,0.15,0.1,1,1,2,100,"final","chessboard",33,439,9,39,26,9,608,9
39,893,50,0.8,0.7,0.15,0.1,1,1,2,100,"final","chessboard",33,439,9,39,26,9,610,5
39,893,50,0.8,0.7,0.15,0.1,1,1,2,100,"final","chessboard",33,439,9,39,26,9,626,1
39,893,50,0.8,0.7,0.15,0.1,1,1,2,100,"final","chessboard",33,439,9,39,26,9,633,1
39,893,50,0.8,0.7,0.15,0.1,1,1,2,100,"final","chessboard",33,439,9,39,26,9,657,2
39,893,50,0.8,0.7,0.15,0.1,1,1,2,100,"final","chessboard",33,439,9,39,26,9,666,3
39,893,50,0.8,0.7,0.15,0.1,1,1,2,100,"final","chessboard",33,439,9,39,26,9,667,1
39,893,50,0.8,0.7,0.15,0.1,1,1,2,100,"final","chessboard",33,439,9,39,26,9,671,1
39,893,50,0.8,0.7,0.15,0.1,1,1,2,100,"final","chessboard",34,441,9,41,26,9,535,2
39,893,50,0.8,0.7,0.15,0.1,1,1,2,100,"final","chessboard",34,441,9,41,26,9,555,1
39,893,50,0.8,0.7,0.15,0.1,1,1,2,100,"final","chessboard",34,441,9,41,26,9,559,2
39,893,50,0.8,0.7,0.15,0.1,1,1,2,100,"final","chessboard",34,441,9,41,26,9,567,1
39,893,50,0.8,0.7,0.15,0.1,1,1,2,100,"final","chessboard",34,441,9,41,26,9,595,1
39,893,50,0.8,0.7,0.15,0.1,1,1,2,100,"final","chessboard",34,441,9,41,26,9,608,5
39,893,50,0.8,0.7,0.15,0.1,1,1,2,100,"final","chessboard",34,441,9,41,26,9,609,5
39,893,50,0.8,0.7,0.15,0.1,1,1,2,100,"final","chessboard",34,441,9,41,26,9,610,5
39,893,50,0.8,0.7,0.15,0.1,1,1,2,100,"final","chessboard",34,441,9,41,26,9,626,2
39,893,50,0.8,0.7,0.15,0.1,1,1,2,100,"final","chessboard",34,441,9,41,26,9,633,3
39,893,50,0.8,0.7,0.15,0.1,1,1,2,100,"final","chessboard",34,441,9,41,26,9,653,2
39,893,50,0.8,0.7,0.15,0.1,1,1,2,100,"final","chessboard",34,441,9,41,26,9,666,1
39,893,50,0.8,0.7,0.15,0.1,1,1,2,100,"final","chessboard",34,441,9,41,26,9,671,1
39,893,50,0.8,0.7,0.15,0.1,1,1,2,100,"final","chessboard",34,441,9,41,26,9,674,1
39,893,50,0.8,0.7,0.15,0.1,1,1,2,100,"final","chessboard",34,441,9,41,26,9,675,4
39,893,50,0.8,0.7,0.15,0.1,1,1,2,100,"final","chessboard",35,488,10,38,28,1,555,2
39,893,50,0.8,0.7,0.15,0.1,1,1,2,100,"final","chessboard",35,488,10,38,28,1,595,2
39,893,50,0.8,0.7,0.15,0.1,1,1,2,100,"final","chessboard",35,488,10,38,28,1,600,1
39,893,50,0.8,0.7,0.15,0.1,1,1,2,100,"final","chessboard",35,488,10,38,28,1,610,1
39,893,50,0.8,0.7,0.15,0.1,1,1,2,100,"final","chessboard",35,488,10,38,28,1,626,1
39,893,50,0.8,0.7,0.15,0.1,1,1,2,100,"final","chessboard",35,488,10,38,28,1,630,1
39,893,50,0.8,0.7,0.15,0.1,1,1,2,100,"final","chessboard",35,488,10,38,28,1,657,1
39,893,50,0.8,0.7,0.15,0.1,1,1,2,100,"final","chessboard",35,488,10,38,28,1,666,1
39,893,50,0.8,0.7,0.15,0.1,1,1,2,100,"final","chessboard",35,488,10,38,28,1,667,2
39,893,50,0.8,0.7,0.15,0.1,1,1,2,100,"final","chessboard",35,488,10,38,28,1,673,1
39,893,50,0.8,0.7,0.15,0.1,1,1,2,100,"final","chessboard",36,490,10,40,26,9,555,2
39,893,50,0.8,0.7,0.15,0.1,1,1,2,100,"final","chessboard",36,490,10,40,26,9,595,1
39,893,50,0.8,0.7,0.15,0.1,1,1,2,100,"final","chessboard",36,490,10,40,26,9,608,3
39,893,50,0.8,0.7,0.15,0.1,1,1,2,100,"final","chessboard",36,490,10,40,26,9,610,10
39,893,50,0.8,0.7,0.15,0.1,1,1,2,100,"final","chessboard",36,490,10,40,26,9,626,4
39,893,50,0.8,0.7,0.15,0.1,1,1,2,100,"final","chessboard",36,490,10,40,26,9,630,1
39,893,50,0.8,0.7,0.15,0.1,1,1,2,100,"final","chessboard",36,490,10,40,26,9,633,1
39,893,50,0.8,0.7,0.15,0.1,1,1,2,100,"final","chessboard",36,490,10,40,26,9,666,9
39,893,50,0.8,0.7,0.15,0.1,1,1,2,100,"final","chessboard",36,490,10,40,26,9,667,1
39,893,50,0.8,0.7,0.15,0.1,1,1,2,100,"final","chessboard",36,490,10,40,26,9,673,2
39,893,50,0.8,0.7,0.15,0.1,1,1,2,100,"final","chessboard",36,490,10,40,26,9,675,2
39,893,50,0.8,0.7,0.15,0.1,1,1,2,100,"final","chessboard",37,496,10,46,27,2,633,2
39,893,50,0.8,0.7,0.15,0.1,1,1,2,100,"final","chessboard",38,509,11,9,29,2,759,2
39,893,50,0.8,0.7,0.15,0.1,1,1,2,100,"final","chessboard",39,533,11,33,30,7,590,1
39,893,50,0.8,0.7,0.15,0.1,1,1,2,100,"final","chessboard",39,533,11,33,30,7,615,1
39,893,50,0.8,0.7,0.15,0.1,1,1,2,100,"final","chessboard",39,533,11,33,30,7,620,4
39,893,50,0.8,0.7,0.15,0.1,1,1,2,100,"final","chessboard",39,533,11,33,30,7,626,1
39,893,50,0.8,0.7,0.15,0.1,1,1,2,100,"final","chessboard",39,533,11,33,30,7,645,1
39,893,50,0.8,0.7,0.15,0.1,1,1,2,100,"final","chessboard",39,533,11,33,30,7,648,2
39,893,50,0.8,0.7,0.15,0.1,1,1,2,100,"final","chessboard",39,533,11,33,30,7,649,1
39,893,50,0.8,0.7,0.15,0.1,1,1,2,100,"final","chessboard",39,533,11,33,30,7,653,1
39,893,50,0.8,0.7,0.15,0.1,1,1,2,100,"final","chessboard",39,533,11,33,30,7,657,6
39,893,50,0.8,0.7,0.15,0.1,1,1,2,100,"final","chessboard",39,533,11,33,30,7,661,3
39,893,50,0.8,0.7,0.15,0.1,1,1,2,100,"final","chessboard",39,533,11,33,30,7,663,2
39,893,50,0.8,0.7,0.15,0.1,1,1,2,100,"final","chessboard",39,533,11,33,30,7,666,2
39,893,50,0.8,0.7,0.15,0.1,1,1,2,100,"final","chessboard",39,533,11,33,30,7,667,1
39,893,50,0.8,0.7,0.15,0.1,1,1,2,100,"final","chessboard",39,533,11,33,30,7,675,5
39,893,50,0.8,0.7,0.15,0.1,1,1,2,100,"final","chessboard",40,549,11,49,31,2,NA,NA
39,893,50,0.8,0.7,0.15,0.1,1,1,2,100,"final","chessboard",41,556,12,6,32,1,759,2
39,893,50,0.8,0.7,0.15,0.1,1,1,2,100,"final","chessboard",42,584,12,34,30,7,513,1
39,893,50,0.8,0.7,0.15,0.1,1,1,2,100,"final","chessboard",42,584,12,34,30,7,590,1
39,893,50,0.8,0.7,0.15,0.1,1,1,2,100,"final","chessboard",42,584,12,34,30,7,595,3
39,893,50,0.8,0.7,0.15,0.1,1,1,2,100,"final","chessboard",42,584,12,34,30,7,610,1
39,893,50,0.8,0.7,0.15,0.1,1,1,2,100,"final","chessboard",42,584,12,34,30,7,614,1
39,893,50,0.8,0.7,0.15,0.1,1,1,2,100,"final","chessboard",42,584,12,34,30,7,617,1
39,893,50,0.8,0.7,0.15,0.1,1,1,2,100,"final","chessboard",42,584,12,34,30,7,620,1
39,893,50,0.8,0.7,0.15,0.1,1,1,2,100,"final","chessboard",42,584,12,34,30,7,633,2
39,893,50,0.8,0.7,0.15,0.1,1,1,2,100,"final","chessboard",42,584,12,34,30,7,639,1
39,893,50,0.8,0.7,0.15,0.1,1,1,2,100,"final","chessboard",42,584,12,34,30,7,645,1
39,893,50,0.8,0.7,0.15,0.1,1,1,2,100,"final","chessboard",42,584,12,34,30,7,653,2
39,893,50,0.8,0.7,0.15,0.1,1,1,2,100,"final","chessboard",42,584,12,34,30,7,657,5
39,893,50,0.8,0.7,0.15,0.1,1,1,2,100,"final","chessboard",42,584,12,34,30,7,661,3
39,893,50,0.8,0.7,0.15,0.1,1,1,2,100,"final","chessboard",42,584,12,34,30,7,663,2
39,893,50,0.8,0.7,0.15,0.1,1,1,2,100,"final","chessboard",42,584,12,34,30,7,666,3
39,893,50,0.8,0.7,0.15,0.1,1,1,2,100,"final","chessboard",42,584,12,34,30,7,667,4
39,893,50,0.8,0.7,0.15,0.1,1,1,2,100,"final","chessboard",42,584,12,34,30,7,673,3
39,893,50,0.8,0.7,0.15,0.1,1,1,2,100,"final","chessboard",42,584,12,34,30,7,675,3
39,893,50,0.8,0.7,0.15,0.1,1,1,2,100,"final","chessboard",42,584,12,34,30,7,706,1
39,893,50,0.8,0.7,0.15,0.1,1,1,2,100,"final","chessboard",43,590,12,40,26,9,610,1
39,893,50,0.8,0.7,0.15,0.1,1,1,2,100,"final","chessboard",43,590,12,40,26,9,633,1
39,893,50,0.8,0.7,0.15,0.1,1,1,2,100,"final","chessboard",43,590,12,40,26,9,653,6
39,893,50,0.8,0.7,0.15,0.1,1,1,2,100,"final","chessboard",43,590,12,40,26,9,657,4
39,893,50,0.8,0.7,0.15,0.1,1,1,2,100,"final","chessboard",43,590,12,40,26,9,666,7
39,893,50,0.8,0.7,0.15,0.1,1,1,2,100,"final","chessboard",43,590,12,40,26,9,667,1
39,893,50,0.8,0.7,0.15,0.1,1,1,2,100,"final","chessboard",43,590,12,40,26,9,671,2
39,893,50,0.8,0.7,0.15,0.1,1,1,2,100,"final","chessboard",43,590,12,40,26,9,674,2
39,893,50,0.8,0.7,0.15,0.1,1,1,2,100,"final","chessboard",43,590,12,40,26,9,687,4
39,893,50,0.8,0.7,0.15,0.1,1,1,2,100,"final","chessboard",43,590,12,40,26,9,713,4
39,893,50,0.8,0.7,0.15,0.1,1,1,2,100,"final","chessboard",44,611,13,11,36,5,703,1
39,893,50,0.8,0.7,0.15,0.1,1,1,2,100,"final","chessboard",44,611,13,11,36,5,746,1
39,893,50,0.8,0.7,0.15,0.1,1,1,2,100,"final","chessboard",44,611,13,11,36,5,759,3
39,893,50,0.8,0.7,0.15,0.1,1,1,2,100,"final","chessboard",44,611,13,11,36,5,780,3
39,893,50,0.8,0.7,0.15,0.1,1,1,2,100,"final","chessboard",44,611,13,11,36,5,824,5
39,893,50,0.8,0.7,0.15,0.1,1,1,2,100,"final","chessboard",44,611,13,11,36,5,907,1
39,893,50,0.8,0.7,0.15,0.1,1,1,2,100,"final","chessboard",45,623,13,23,38,1,595,2
39,893,50,0.8,0.7,0.15,0.1,1,1,2,100,"final","chessboard",45,623,13,23,38,1,617,2
39,893,50,0.8,0.7,0.15,0.1,1,1,2,100,"final","chessboard",45,623,13,23,38,1,653,2
39,893,50,0.8,0.7,0.15,0.1,1,1,2,100,"final","chessboard",46,625,13,25,39,1,617,4
39,893,50,0.8,0.7,0.15,0.1,1,1,2,100,"final","chessboard",46,625,13,25,39,1,629,1
39,893,50,0.8,0.7,0.15,0.1,1,1,2,100,"final","chessboard",46,625,13,25,39,1,653,2
39,893,50,0.8,0.7,0.15,0.1,1,1,2,100,"final","chessboard",46,625,13,25,39,1,659,2
39,893,50,0.8,0.7,0.15,0.1,1,1,2,100,"final","chessboard",46,625,13,25,39,1,666,1
39,893,50,0.8,0.7,0.15,0.1,1,1,2,100,"final","chessboard",47,629,13,29,34,7,584,1
39,893,50,0.8,0.7,0.15,0.1,1,1,2,100,"final","chessboard",47,629,13,29,34,7,590,2
39,893,50,0.8,0.7,0.15,0.1,1,1,2,100,"final","chessboard",47,629,13,29,34,7,600,1
39,893,50,0.8,0.7,0.15,0.1,1,1,2,100,"final","chessboard",47,629,13,29,34,7,614,2
39,893,50,0.8,0.7,0.15,0.1,1,1,2,100,"final","chessboard",47,629,13,29,34,7,617,6
39,893,50,0.8,0.7,0.15,0.1,1,1,2,100,"final","chessboard",47,629,13,29,34,7,620,2
39,893,50,0.8,0.7,0.15,0.1,1,1,2,100,"final","chessboard",47,629,13,29,34,7,629,2
39,893,50,0.8,0.7,0.15,0.1,1,1,2,100,"final","chessboard",47,629,13,29,34,7,634,5
39,893,50,0.8,0.7,0.15,0.1,1,1,2,100,"final","chessboard",47,629,13,29,34,7,645,2
39,893,50,0.8,0.7,0.15,0.1,1,1,2,100,"final","chessboard",47,629,13,29,34,7,649,1
39,893,50,0.8,0.7,0.15,0.1,1,1,2,100,"final","chessboard",47,629,13,29,34,7,653,6
39,893,50,0.8,0.7,0.15,0.1,1,1,2,100,"final","chessboard",47,629,13,29,34,7,657,3
39,893,50,0.8,0.7,0.15,0.1,1,1,2,100,"final","chessboard",47,629,13,29,34,7,659,3
39,893,50,0.8,0.7,0.15,0.1,1,1,2,100,"final","chessboard",47,629,13,29,34,7,666,1
39,893,50,0.8,0.7,0.15,0.1,1,1,2,100,"final","chessboard",48,635,13,35,30,7,595,1
39,893,50,0.8,0.7,0.15,0.1,1,1,2,100,"final","chessboard",48,635,13,35,30,7,610,1
39,893,50,0.8,0.7,0.15,0.1,1,1,2,100,"final","chessboard",48,635,13,35,30,7,617,1
39,893,50,0.8,0.7,0.15,0.1,1,1,2,100,"final","chessboard",48,635,13,35,30,7,620,4
39,893,50,0.8,0.7,0.15,0.1,1,1,2,100,"final","chessboard",48,635,13,35,30,7,633,1
39,893,50,0.8,0.7,0.15,0.1,1,1,2,100,"final","chessboard",48,635,13,35,30,7,645,2
39,893,50,0.8,0.7,0.15,0.1,1,1,2,100,"final","chessboard",48,635,13,35,30,7,657,5
39,893,50,0.8,0.7,0.15,0.1,1,1,2,100,"final","chessboard",48,635,13,35,30,7,659,1
39,893,50,0.8,0.7,0.15,0.1,1,1,2,100,"final","chessboard",48,635,13,35,30,7,661,1
39,893,50,0.8,0.7,0.15,0.1,1,1,2,100,"final","chessboard",48,635,13,35,30,7,666,5
39,893,50,0.8,0.7,0.15,0.1,1,1,2,100,"final","chessboard",48,635,13,35,30,7,667,4
39,893,50,0.8,0.7,0.15,0.1,1,1,2,100,"final","chessboard",48,635,13,35,30,7,673,2
39,893,50,0.8,0.7,0.15,0.1,1,1,2,100,"final","chessboard",48,635,13,35,30,7,676,3
39,893,50,0.8,0.7,0.15,0.1,1,1,2,100,"final","chessboard",48,635,13,35,30,7,706,4
39,893,50,0.8,0.7,0.15,0.1,1,1,2,100,"final","chessboard",49,658,14,8,40,2,824,3
39,893,50,0.8,0.7,0.15,0.1,1,1,2,100,"final","chessboard",50,662,14,12,36,5,703,4
39,893,50,0.8,0.7,0.15,0.1,1,1,2,100,"final","chessboard",50,662,14,12,36,5,746,2
39,893,50,0.8,0.7,0.15,0.1,1,1,2,100,"final","chessboard",50,662,14,12,36,5,759,6
39,893,50,0.8,0.7,0.15,0.1,1,1,2,100,"final","chessboard",50,662,14,12,36,5,780,6
39,893,50,0.8,0.7,0.15,0.1,1,1,2,100,"final","chessboard",50,662,14,12,36,5,824,2
39,893,50,0.8,0.7,0.15,0.1,1,1,2,100,"final","chessboard",50,662,14,12,36,5,862,2
39,893,50,0.8,0.7,0.15,0.1,1,1,2,100,"final","chessboard",51,664,14,14,37,4,703,3
39,893,50,0.8,0.7,0.15,0.1,1,1,2,100,"final","chessboard",51,664,14,14,37,4,731,1
39,893,50,0.8,0.7,0.15,0.1,1,1,2,100,"final","chessboard",51,664,14,14,37,4,746,1
39,893,50,0.8,0.7,0.15,0.1,1,1,2,100,"final","chessboard",51,664,14,14,37,4,759,1
39,893,50,0.8,0.7,0.15,0.1,1,1,2,100,"final","chessboard",51,664,14,14,37,4,782,1
39,893,50,0.8,0.7,0.15,0.1,1,1,2,100,"final","chessboard",52,668,14,18,41,2,637,1
39,893,50,0.8,0.7,0.15,0.1,1,1,2,100,"final","chessboard",53,672,14,22,42,6,617,1
39,893,50,0.8,0.7,0.15,0.1,1,1,2,100,"final","chessboard",53,672,14,22,42,6,645,1
39,893,50,0.8,0.7,0.15,0.1,1,1,2,100,"final","chessboard",53,672,14,22,42,6,653,1
39,893,50,0.8,0.7,0.15,0.1,1,1,2,100,"final","chessboard",53,672,14,22,42,6,656,3
39,893,50,0.8,0.7,0.15,0.1,1,1,2,100,"final","chessboard",53,672,14,22,42,6,659,1
39,893,50,0.8,0.7,0.15,0.1,1,1,2,100,"final","chessboard",54,678,14,28,34,7,590,2
39,893,50,0.8,0.7,0.15,0.1,1,1,2,100,"final","chessboard",54,678,14,28,34,7,617,17
39,893,50,0.8,0.7,0.15,0.1,1,1,2,100,"final","chessboard",54,678,14,28,34,7,620,2
39,893,50,0.8,0.7,0.15,0.1,1,1,2,100,"final","chessboard",54,678,14,28,34,7,629,3
39,893,50,0.8,0.7,0.15,0.1,1,1,2,100,"final","chessboard",54,678,14,28,34,7,634,1
39,893,50,0.8,0.7,0.15,0.1,1,1,2,100,"final","chessboard",54,678,14,28,34,7,649,5
39,893,50,0.8,0.7,0.15,0.1,1,1,2,100,"final","chessboard",54,678,14,28,34,7,657,1
39,893,50,0.8,0.7,0.15,0.1,1,1,2,100,"final","chessboard",54,678,14,28,34,7,664,1
39,893,50,0.8,0.7,0.15,0.1,1,1,2,100,"final","chessboard",54,678,14,28,34,7,666,1
39,893,50,0.8,0.7,0.15,0.1,1,1,2,100,"final","chessboard",55,682,14,32,43,4,617,5
39,893,50,0.8,0.7,0.15,0.1,1,1,2,100,"final","chessboard",55,682,14,32,43,4,623,1
39,893,50,0.8,0.7,0.15,0.1,1,1,2,100,"final","chessboard",55,682,14,32,43,4,629,1
39,893,50,0.8,0.7,0.15,0.1,1,1,2,100,"final","chessboard",55,682,14,32,43,4,634,1
39,893,50,0.8,0.7,0.15,0.1,1,1,2,100,"final","chessboard",55,682,14,32,43,4,648,3
39,893,50,0.8,0.7,0.15,0.1,1,1,2,100,"final","chessboard",55,682,14,32,43,4,649,2
39,893,50,0.8,0.7,0.15,0.1,1,1,2,100,"final","chessboard",55,682,14,32,43,4,653,4
39,893,50,0.8,0.7,0.15,0.1,1,1,2,100,"final","chessboard",55,682,14,32,43,4,657,5
39,893,50,0.8,0.7,0.15,0.1,1,1,2,100,"final","chessboard",55,682,14,32,43,4,659,1
39,893,50,0.8,0.7,0.15,0.1,1,1,2,100,"final","chessboard",55,682,14,32,43,4,663,1
39,893,50,0.8,0.7,0.15,0.1,1,1,2,100,"final","chessboard",55,682,14,32,43,4,666,2
39,893,50,0.8,0.7,0.15,0.1,1,1,2,100,"final","chessboard",55,682,14,32,43,4,673,2
39,893,50,0.8,0.7,0.15,0.1,1,1,2,100,"final","chessboard",55,682,14,32,43,4,676,2
39,893,50,0.8,0.7,0.15,0.1,1,1,2,100,"final","chessboard",55,682,14,32,43,4,689,5
39,893,50,0.8,0.7,0.15,0.1,1,1,2,100,"final","chessboard",55,682,14,32,43,4,706,2
39,893,50,0.8,0.7,0.15,0.1,1,1,2,100,"final","chessboard",56,711,15,11,36,5,703,2
39,893,50,0.8,0.7,0.15,0.1,1,1,2,100,"final","chessboard",56,711,15,11,36,5,746,1
39,893,50,0.8,0.7,0.15,0.1,1,1,2,100,"final","chessboard",56,711,15,11,36,5,759,4
39,893,50,0.8,0.7,0.15,0.1,1,1,2,100,"final","chessboard",56,711,15,11,36,5,780,5
39,893,50,0.8,0.7,0.15,0.1,1,1,2,100,"final","chessboard",56,711,15,11,36,5,824,6
39,893,50,0.8,0.7,0.15,0.1,1,1,2,100,"final","chessboard",56,711,15,11,36,5,830,2
39,893,50,0.8,0.7,0.15,0.1,1,1,2,100,"final","chessboard",56,711,15,11,36,5,851,2
39,893,50,0.8,0.7,0.15,0.1,1,1,2,100,"final","chessboard",56,711,15,11,36,5,916,1
39,893,50,0.8,0.7,0.15,0.1,1,1,2,100,"final","chessboard",57,715,15,15,37,4,731,4
39,893,50,0.8,0.7,0.15,0.1,1,1,2,100,"final","chessboard",57,715,15,15,37,4,746,5
39,893,50,0.8,0.7,0.15,0.1,1,1,2,100,"final","chessboard",57,715,15,15,37,4,830,1
39,893,50,0.8,0.7,0.15,0.1,1,1,2,100,"final","chessboard",58,729,15,29,34,7,584,2
39,893,50,0.8,0.7,0.15,0.1,1,1,2,100,"final","chessboard",58,729,15,29,34,7,590,1
39,893,50,0.8,0.7,0.15,0.1,1,1,2,100,"final","chessboard",58,729,15,29,34,7,614,1
39,893,50,0.8,0.7,0.15,0.1,1,1,2,100,"final","chessboard",58,729,15,29,34,7,617,3
39,893,50,0.8,0.7,0.15,0.1,1,1,2,100,"final","chessboard",58,729,15,29,34,7,620,3
39,893,50,0.8,0.7,0.15,0.1,1,1,2,100,"final","chessboard",58,729,15,29,34,7,623,2
39,893,50,0.8,0.7,0.15,0.1,1,1,2,100,"final","chessboard",58,729,15,29,34,7,629,6
39,893,50,0.8,0.7,0.15,0.1,1,1,2,100,"final","chessboard",58,729,15,29,34,7,634,2
39,893,50,0.8,0.7,0.15,0.1,1,1,2,100,"final","chessboard",58,729,15,29,34,7,649,1
39,893,50,0.8,0.7,0.15,0.1,1,1,2,100,"final","chessboard",58,729,15,29,34,7,653,2
39,893,50,0.8,0.7,0.15,0.1,1,1,2,100,"final","chessboard",58,729,15,29,34,7,657,2
39,893,50,0.8,0.7,0.15,0.1,1,1,2,100,"final","chessboard",58,729,15,29,34,7,659,4
39,893,50,0.8,0.7,0.15,0.1,1,1,2,100,"final","chessboard",58,729,15,29,34,7,664,2
39,893,50,0.8,0.7,0.15,0.1,1,1,2,100,"final","chessboard",58,729,15,29,34,7,665,1
39,893,50,0.8,0.7,0.15,0.1,1,1,2,100,"final","chessboard",58,729,15,29,34,7,666,3
39,893,50,0.8,0.7,0.15,0.1,1,1,2,100,"final","chessboard",58,729,15,29,34,7,676,1
39,893,50,0.8,0.7,0.15,0.1,1,1,2,100,"final","chessboard",59,733,15,33,43,4,584,1
39,893,50,0.8,0.7,0.15,0.1,1,1,2,100,"final","chessboard",59,733,15,33,43,4,617,2
39,893,50,0.8,0.7,0.15,0.1,1,1,2,100,"final","chessboard",59,733,15,33,43,4,629,2
39,893,50,0.8,0.7,0.15,0.1,1,1,2,100,"final","chessboard",59,733,15,33,43,4,634,3
39,893,50,0.8,0.7,0.15,0.1,1,1,2,100,"final","chessboard",59,733,15,33,43,4,648,1
39,893,50,0.8,0.7,0.15,0.1,1,1,2,100,"final","chessboard",59,733,15,33,43,4,649,1
39,893,50,0.8,0.7,0.15,0.1,1,1,2,100,"final","chessboard",59,733,15,33,43,4,653,1
39,893,50,0.8,0.7,0.15,0.1,1,1,2,100,"final","chessboard",59,733,15,33,43,4,657,1
39,893,50,0.8,0.7,0.15,0.1,1,1,2,100,"final","chessboard",59,733,15,33,43,4,659,5
39,893,50,0.8,0.7,0.15,0.1,1,1,2,100,"final","chessboard",59,733,15,33,43,4,661,2
39,893,50,0.8,0.7,0.15,0.1,1,1,2,100,"final","chessboard",59,733,15,33,43,4,663,2
39,893,50,0.8,0.7,0.15,0.1,1,1,2,100,"final","chessboard",59,733,15,33,43,4,664,1
39,893,50,0.8,0.7,0.15,0.1,1,1,2,100,"final","chessboard",59,733,15,33,43,4,666,7
39,893,50,0.8,0.7,0.15,0.1,1,1,2,100,"final","chessboard",59,733,15,33,43,4,667,3
39,893,50,0.8,0.7,0.15,0.1,1,1,2,100,"final","chessboard",59,733,15,33,43,4,673,3
39,893,50,0.8,0.7,0.15,0.1,1,1,2,100,"final","chessboard",59,733,15,33,43,4,674,2
39,893,50,0.8,0.7,0.15,0.1,1,1,2,100,"final","chessboard",59,733,15,33,43,4,682,1
39,893,50,0.8,0.7,0.15,0.1,1,1,2,100,"final","chessboard",59,733,15,33,43,4,689,1
39,893,50,0.8,0.7,0.15,0.1,1,1,2,100,"final","chessboard",60,770,16,20,48,2,NA,NA
39,893,50,0.8,0.7,0.15,0.1,1,1,2,100,"final","chessboard",61,772,16,22,42,6,629,3
39,893,50,0.8,0.7,0.15,0.1,1,1,2,100,"final","chessboard",61,772,16,22,42,6,637,2
39,893,50,0.8,0.7,0.15,0.1,1,1,2,100,"final","chessboard",61,772,16,22,42,6,649,1
39,893,50,0.8,0.7,0.15,0.1,1,1,2,100,"final","chessboard",61,772,16,22,42,6,654,3
39,893,50,0.8,0.7,0.15,0.1,1,1,2,100,"final","chessboard",61,772,16,22,42,6,656,1
39,893,50,0.8,0.7,0.15,0.1,1,1,2,100,"final","chessboard",61,772,16,22,42,6,657,1
39,893,50,0.8,0.7,0.15,0.1,1,1,2,100,"final","chessboard",61,772,16,22,42,6,659,3
39,893,50,0.8,0.7,0.15,0.1,1,1,2,100,"final","chessboard",61,772,16,22,42,6,682,1
39,893,50,0.8,0.7,0.15,0.1,1,1,2,100,"final","chessboard",61,772,16,22,42,6,731,1
39,893,50,0.8,0.7,0.15,0.1,1,1,2,100,"final","chessboard",62,774,16,24,42,6,614,1
39,893,50,0.8,0.7,0.15,0.1,1,1,2,100,"final","chessboard",62,774,16,24,42,6,617,4
39,893,50,0.8,0.7,0.15,0.1,1,1,2,100,"final","chessboard",62,774,16,24,42,6,634,1
39,893,50,0.8,0.7,0.15,0.1,1,1,2,100,"final","chessboard",62,774,16,24,42,6,653,1
39,893,50,0.8,0.7,0.15,0.1,1,1,2,100,"final","chessboard",62,774,16,24,42,6,654,1
39,893,50,0.8,0.7,0.15,0.1,1,1,2,100,"final","chessboard",62,774,16,24,42,6,657,4
39,893,50,0.8,0.7,0.15,0.1,1,1,2,100,"final","chessboard",62,774,16,24,42,6,659,5
39,893,50,0.8,0.7,0.15,0.1,1,1,2,100,"final","chessboard",62,774,16,24,42,6,665,1
39,893,50,0.8,0.7,0.15,0.1,1,1,2,100,"final","chessboard",62,774,16,24,42,6,676,7
39,893,50,0.8,0.7,0.15,0.1,1,1,2,100,"final","chessboard",63,827,17,27,49,4,614,1
39,893,50,0.8,0.7,0.15,0.1,1,1,2,100,"final","chessboard",63,827,17,27,49,4,617,1
39,893,50,0.8,0.7,0.15,0.1,1,1,2,100,"final","chessboard",63,827,17,27,49,4,649,2
39,893,50,0.8,0.7,0.15,0.1,1,1,2,100,"final","chessboard",63,827,17,27,49,4,653,4
39,893,50,0.8,0.7,0.15,0.1,1,1,2,100,"final","chessboard",63,827,17,27,49,4,657,7
39,893,50,0.8,0.7,0.15,0.1,1,1,2,100,"final","chessboard",63,827,17,27,49,4,659,1
39,893,50,0.8,0.7,0.15,0.1,1,1,2,100,"final","chessboard",63,827,17,27,49,4,664,4
39,893,50,0.8,0.7,0.15,0.1,1,1,2,100,"final","chessboard",63,827,17,27,49,4,665,1
39,893,50,0.8,0.7,0.15,0.1,1,1,2,100,"final","chessboard",63,827,17,27,49,4,674,1
39,893,50,0.8,0.7,0.15,0.1,1,1,2,100,"final","chessboard",64,839,17,39,51,2,NA,NA
39,893,50,0.8,0.7,0.15,0.1,1,1,2,100,"final","chessboard",65,868,18,18,52,1,653,1
39,893,50,0.8,0.7,0.15,0.1,1,1,2,100,"final","chessboard",66,901,19,1,54,1,916,1
39,893,50,0.8,0.7,0.15,0.1,1,1,2,100,"final","chessboard",66,901,19,1,54,1,949,1
39,893,50,0.8,0.7,0.15,0.1,1,1,2,100,"final","chessboard",67,903,19,3,55,1,884,1
39,893,50,0.8,0.7,0.15,0.1,1,1,2,100,"final","chessboard",67,903,19,3,55,1,887,3
39,893,50,0.8,0.7,0.15,0.1,1,1,2,100,"final","chessboard",67,903,19,3,55,1,911,2
39,893,50,0.8,0.7,0.15,0.1,1,1,2,100,"final","chessboard",67,903,19,3,55,1,916,2
39,893,50,0.8,0.7,0.15,0.1,1,1,2,100,"final","chessboard",67,903,19,3,55,1,944,2
39,893,50,0.8,0.7,0.15,0.1,1,1,2,100,"final","chessboard",67,903,19,3,55,1,964,1
39,893,50,0.8,0.7,0.15,0.1,1,1,2,100,"final","chessboard",67,903,19,3,55,1,982,1
39,893,50,0.8,0.7,0.15,0.1,1,1,2,100,"final","chessboard",68,907,19,7,56,3,878,2
39,893,50,0.8,0.7,0.15,0.1,1,1,2,100,"final","chessboard",68,907,19,7,56,3,913,6
39,893,50,0.8,0.7,0.15,0.1,1,1,2,100,"final","chessboard",68,907,19,7,56,3,916,1
39,893,50,0.8,0.7,0.15,0.1,1,1,2,100,"final","chessboard",68,907,19,7,56,3,934,4
39,893,50,0.8,0.7,0.15,0.1,1,1,2,100,"final","chessboard",68,907,19,7,56,3,939,5
39,893,50,0.8,0.7,0.15,0.1,1,1,2,100,"final","chessboard",68,907,19,7,56,3,942,1
39,893,50,0.8,0.7,0.15,0.1,1,1,2,100,"final","chessboard",69,911,19,11,57,1,894,1
39,893,50,0.8,0.7,0.15,0.1,1,1,2,100,"final","chessboard",69,911,19,11,57,1,907,3
39,893,50,0.8,0.7,0.15,0.1,1,1,2,100,"final","chessboard",69,911,19,11,57,1,964,1
39,893,50,0.8,0.7,0.15,0.1,1,1,2,100,"final","chessboard",70,919,19,19,59,1,657,1
39,893,50,0.8,0.7,0.15,0.1,1,1,2,100,"final","chessboard",71,954,20,4,62,2,887,1
39,893,50,0.8,0.7,0.15,0.1,1,1,2,100,"final","chessboard",71,954,20,4,62,2,900,1
39,893,50,0.8,0.7,0.15,0.1,1,1,2,100,"final","chessboard",71,954,20,4,62,2,913,1
39,893,50,0.8,0.7,0.15,0.1,1,1,2,100,"final","chessboard",71,954,20,4,62,2,928,2
39,893,50,0.8,0.7,0.15,0.1,1,1,2,100,"final","chessboard",71,954,20,4,62,2,941,1
39,893,50,0.8,0.7,0.15,0.1,1,1,2,100,"final","chessboard",71,954,20,4,62,2,942,3
39,893,50,0.8,0.7,0.15,0.1,1,1,2,100,"final","chessboard",71,954,20,4,62,2,944,1
39,893,50,0.8,0.7,0.15,0.1,1,1,2,100,"final","chessboard",71,954,20,4,62,2,958,1
39,893,50,0.8,0.7,0.15,0.1,1,1,2,100,"final","chessboard",71,954,20,4,62,2,977,1
39,893,50,0.8,0.7,0.15,0.1,1,1,2,100,"final","chessboard",71,954,20,4,62,2,997,1
39,893,50,0.8,0.7,0.15,0.1,1,1,2,100,"final","chessboard",72,962,20,12,63,2,894,4
39,893,50,0.8,0.7,0.15,0.1,1,1,2,100,"final","chessboard",72,962,20,12,63,2,934,3
39,893,50,0.8,0.7,0.15,0.1,1,1,2,100,"final","chessboard",72,962,20,12,63,2,964,1
39,893,50,0.8,0.7,0.15,0.1,1,1,2,100,"final","chessboard",73,994,20,44,65,1,760,1
39,893,50,0.8,0.7,0.15,0.1,1,1,2,100,"final","chessboard",73,994,20,44,65,1,818,2
39,893,50,0.8,0.7,0.15,0.1,1,1,2,100,"final","chessboard",73,994,20,44,65,1,873,1
39,893,50,0.8,0.7,0.15,0.1,1,1,2,100,"final","chessboard",73,994,20,44,65,1,900,1
39,893,50,0.8,0.7,0.15,0.1,1,1,2,100,"final","chessboard",74,1009,21,9,66,3,894,1
39,893,50,0.8,0.7,0.15,0.1,1,1,2,100,"final","chessboard",74,1009,21,9,66,3,907,1
39,893,50,0.8,0.7,0.15,0.1,1,1,2,100,"final","chessboard",74,1009,21,9,66,3,934,7
39,893,50,0.8,0.7,0.15,0.1,1,1,2,100,"final","chessboard",74,1009,21,9,66,3,941,4
39,893,50,0.8,0.7,0.15,0.1,1,1,2,100,"final","chessboard",74,1009,21,9,66,3,964,1
39,893,50,0.8,0.7,0.15,0.1,1,1,2,100,"final","chessboard",75,1047,21,47,67,22,821,3
39,893,50,0.8,0.7,0.15,0.1,1,1,2,100,"final","chessboard",75,1047,21,47,67,22,828,3
39,893,50,0.8,0.7,0.15,0.1,1,1,2,100,"final","chessboard",75,1047,21,47,67,22,862,1
39,893,50,0.8,0.7,0.15,0.1,1,1,2,100,"final","chessboard",75,1047,21,47,67,22,884,1
39,893,50,0.8,0.7,0.15,0.1,1,1,2,100,"final","chessboard",75,1047,21,47,67,22,892,4
39,893,50,0.8,0.7,0.15,0.1,1,1,2,100,"final","chessboard",75,1047,21,47,67,22,893,1
39,893,50,0.8,0.7,0.15,0.1,1,1,2,100,"final","chessboard",75,1047,21,47,67,22,900,1
39,893,50,0.8,0.7,0.15,0.1,1,1,2,100,"final","chessboard",75,1047,21,47,67,22,901,1
39,893,50,0.8,0.7,0.15,0.1,1,1,2,100,"final","chessboard",75,1047,21,47,67,22,932,1
39,893,50,0.8,0.7,0.15,0.1,1,1,2,100,"final","chessboard",75,1047,21,47,67,22,941,1
39,893,50,0.8,0.7,0.15,0.1,1,1,2,100,"final","chessboard",75,1047,21,47,67,22,949,1
39,893,50,0.8,0.7,0.15,0.1,1,1,2,100,"final","chessboard",76,1054,22,4,68,2,913,3
39,893,50,0.8,0.7,0.15,0.1,1,1,2,100,"final","chessboard",76,1054,22,4,68,2,916,4
39,893,50,0.8,0.7,0.15,0.1,1,1,2,100,"final","chessboard",76,1054,22,4,68,2,942,2
39,893,50,0.8,0.7,0.15,0.1,1,1,2,100,"final","chessboard",76,1054,22,4,68,2,944,4
39,893,50,0.8,0.7,0.15,0.1,1,1,2,100,"final","chessboard",76,1054,22,4,68,2,957,2
39,893,50,0.8,0.7,0.15,0.1,1,1,2,100,"final","chessboard",76,1054,22,4,68,2,961,1
39,893,50,0.8,0.7,0.15,0.1,1,1,2,100,"final","chessboard",76,1054,22,4,68,2,977,1
39,893,50,0.8,0.7,0.15,0.1,1,1,2,100,"final","chessboard",76,1054,22,4,68,2,983,1
39,893,50,0.8,0.7,0.15,0.1,1,1,2,100,"final","chessboard",76,1054,22,4,68,2,991,2
39,893,50,0.8,0.7,0.15,0.1,1,1,2,100,"final","chessboard",76,1054,22,4,68,2,997,3
39,893,50,0.8,0.7,0.15,0.1,1,1,2,100,"final","chessboard",77,1060,22,10,66,3,911,1
39,893,50,0.8,0.7,0.15,0.1,1,1,2,100,"final","chessboard",77,1060,22,10,66,3,934,16
39,893,50,0.8,0.7,0.15,0.1,1,1,2,100,"final","chessboard",77,1060,22,10,66,3,939,1
39,893,50,0.8,0.7,0.15,0.1,1,1,2,100,"final","chessboard",77,1060,22,10,66,3,964,4
39,893,50,0.8,0.7,0.15,0.1,1,1,2,100,"final","chessboard",78,1074,22,24,70,2,542,1
39,893,50,0.8,0.7,0.15,0.1,1,1,2,100,"final","chessboard",78,1074,22,24,70,2,653,3
39,893,50,0.8,0.7,0.15,0.1,1,1,2,100,"final","chessboard",78,1074,22,24,70,2,657,1
39,893,50,0.8,0.7,0.15,0.1,1,1,2,100,"final","chessboard",79,1101,23,1,67,22,873,1
39,893,50,0.8,0.7,0.15,0.1,1,1,2,100,"final","chessboard",79,1101,23,1,67,22,887,2
39,893,50,0.8,0.7,0.15,0.1,1,1,2,100,"final","chessboard",79,1101,23,1,67,22,891,1
39,893,50,0.8,0.7,0.15,0.1,1,1,2,100,"final","chessboard",79,1101,23,1,67,22,892,3
39,893,50,0.8,0.7,0.15,0.1,1,1,2,100,"final","chessboard",79,1101,23,1,67,22,932,1
39,893,50,0.8,0.7,0.15,0.1,1,1,2,100,"final","chessboard",79,1101,23,1,67,22,939,1
39,893,50,0.8,0.7,0.15,0.1,1,1,2,100,"final","chessboard",79,1101,23,1,67,22,941,1
39,893,50,0.8,0.7,0.15,0.1,1,1,2,100,"final","chessboard",79,1101,23,1,67,22,942,1
39,893,50,0.8,0.7,0.15,0.1,1,1,2,100,"final","chessboard",79,1101,23,1,67,22,957,1
39,893,50,0.8,0.7,0.15,0.1,1,1,2,100,"final","chessboard",79,1101,23,1,67,22,958,2
39,893,50,0.8,0.7,0.15,0.1,1,1,2,100,"final","chessboard",79,1101,23,1,67,22,965,1
39,893,50,0.8,0.7,0.15,0.1,1,1,2,100,"final","chessboard",79,1101,23,1,67,22,972,1
39,893,50,0.8,0.7,0.15,0.1,1,1,2,100,"final","chessboard",79,1101,23,1,67,22,977,1
39,893,50,0.8,0.7,0.15,0.1,1,1,2,100,"final","chessboard",79,1101,23,1,67,22,980,2
39,893,50,0.8,0.7,0.15,0.1,1,1,2,100,"final","chessboard",79,1101,23,1,67,22,990,7
39,893,50,0.8,0.7,0.15,0.1,1,1,2,100,"final","chessboard",79,1101,23,1,67,22,991,4
39,893,50,0.8,0.7,0.15,0.1,1,1,2,100,"final","chessboard",79,1101,23,1,67,22,992,1
39,893,50,0.8,0.7,0.15,0.1,1,1,2,100,"final","chessboard",79,1101,23,1,67,22,997,2
39,893,50,0.8,0.7,0.15,0.1,1,1,2,100,"final","chessboard",80,1105,23,5,71,1,916,1
39,893,50,0.8,0.7,0.15,0.1,1,1,2,100,"final","chessboard",80,1105,23,5,71,1,934,1
39,893,50,0.8,0.7,0.15,0.1,1,1,2,100,"final","chessboard",80,1105,23,5,71,1,939,3
39,893,50,0.8,0.7,0.15,0.1,1,1,2,100,"final","chessboard",80,1105,23,5,71,1,944,2
39,893,50,0.8,0.7,0.15,0.1,1,1,2,100,"final","chessboard",80,1105,23,5,71,1,991,3
39,893,50,0.8,0.7,0.15,0.1,1,1,2,100,"final","chessboard",80,1105,23,5,71,1,992,4
39,893,50,0.8,0.7,0.15,0.1,1,1,2,100,"final","chessboard",81,1137,23,37,73,1,617,1
39,893,50,0.8,0.7,0.15,0.1,1,1,2,100,"final","chessboard",82,1147,23,47,67,22,721,1
39,893,50,0.8,0.7,0.15,0.1,1,1,2,100,"final","chessboard",82,1147,23,47,67,22,778,1
39,893,50,0.8,0.7,0.15,0.1,1,1,2,100,"final","chessboard",82,1147,23,47,67,22,811,1
39,893,50,0.8,0.7,0.15,0.1,1,1,2,100,"final","chessboard",82,1147,23,47,67,22,821,5
39,893,50,0.8,0.7,0.15,0.1,1,1,2,100,"final","chessboard",82,1147,23,47,67,22,830,1
39,893,50,0.8,0.7,0.15,0.1,1,1,2,100,"final","chessboard",82,1147,23,47,67,22,871,1
39,893,50,0.8,0.7,0.15,0.1,1,1,2,100,"final","chessboard",82,1147,23,47,67,22,873,1
39,893,50,0.8,0.7,0.15,0.1,1,1,2,100,"final","chessboard",82,1147,23,47,67,22,884,1
39,893,50,0.8,0.7,0.15,0.1,1,1,2,100,"final","chessboard",82,1147,23,47,67,22,887,1
39,893,50,0.8,0.7,0.15,0.1,1,1,2,100,"final","chessboard",82,1147,23,47,67,22,891,2
39,893,50,0.8,0.7,0.15,0.1,1,1,2,100,"final","chessboard",82,1147,23,47,67,22,892,1
39,893,50,0.8,0.7,0.15,0.1,1,1,2,100,"final","chessboard",82,1147,23,47,67,22,893,1
39,893,50,0.8,0.7,0.15,0.1,1,1,2,100,"final","chessboard",82,1147,23,47,67,22,898,2
39,893,50,0.8,0.7,0.15,0.1,1,1,2,100,"final","chessboard",82,1147,23,47,67,22,910,1
39,893,50,0.8,0.7,0.15,0.1,1,1,2,100,"final","chessboard",82,1147,23,47,67,22,914,2
39,893,50,0.8,0.7,0.15,0.1,1,1,2,100,"final","chessboard",82,1147,23,47,67,22,925,1
39,893,50,0.8,0.7,0.15,0.1,1,1,2,100,"final","chessboard",82,1147,23,47,67,22,941,2
39,893,50,0.8,0.7,0.15,0.1,1,1,2,100,"final","chessboard",83,1149,23,49,67,22,830,1
39,893,50,0.8,0.7,0.15,0.1,1,1,2,100,"final","chessboard",83,1149,23,49,67,22,857,3
39,893,50,0.8,0.7,0.15,0.1,1,1,2,100,"final","chessboard",83,1149,23,49,67,22,873,2
39,893,50,0.8,0.7,0.15,0.1,1,1,2,100,"final","chessboard",83,1149,23,49,67,22,878,1
39,893,50,0.8,0.7,0.15,0.1,1,1,2,100,"final","chessboard",83,1149,23,49,67,22,884,1
39,893,50,0.8,0.7,0.15,0.1,1,1,2,100,"final","chessboard",83,1149,23,49,67,22,888,1
39,893,50,0.8,0.7,0.15,0.1,1,1,2,100,"final","chessboard",83,1149,23,49,67,22,892,2
39,893,50,0.8,0.7,0.15,0.1,1,1,2,100,"final","chessboard",83,1149,23,49,67,22,910,3
39,893,50,0.8,0.7,0.15,0.1,1,1,2,100,"final","chessboard",83,1149,23,49,67,22,913,1
39,893,50,0.8,0.7,0.15,0.1,1,1,2,100,"final","chessboard",83,1149,23,49,67,22,925,1
39,893,50,0.8,0.7,0.15,0.1,1,1,2,100,"final","chessboard",83,1149,23,49,67,22,927,1
39,893,50,0.8,0.7,0.15,0.1,1,1,2,100,"final","chessboard",83,1149,23,49,67,22,932,3
39,893,50,0.8,0.7,0.15,0.1,1,1,2,100,"final","chessboard",83,1149,23,49,67,22,957,2
39,893,50,0.8,0.7,0.15,0.1,1,1,2,100,"final","chessboard",83,1149,23,49,67,22,961,4
39,893,50,0.8,0.7,0.15,0.1,1,1,2,100,"final","chessboard",83,1149,23,49,67,22,965,2
39,893,50,0.8,0.7,0.15,0.1,1,1,2,100,"final","chessboard",83,1149,23,49,67,22,972,2
39,893,50,0.8,0.7,0.15,0.1,1,1,2,100,"final","chessboard",83,1149,23,49,67,22,977,1
39,893,50,0.8,0.7,0.15,0.1,1,1,2,100,"final","chessboard",83,1149,23,49,67,22,980,1
39,893,50,0.8,0.7,0.15,0.1,1,1,2,100,"final","chessboard",83,1149,23,49,67,22,982,1
39,893,50,0.8,0.7,0.15,0.1,1,1,2,100,"final","chessboard",83,1149,23,49,67,22,990,2
39,893,50,0.8,0.7,0.15,0.1,1,1,2,100,"final","chessboard",83,1149,23,49,67,22,991,3
39,893,50,0.8,0.7,0.15,0.1,1,1,2,100,"final","chessboard",84,1152,24,2,67,22,885,1
39,893,50,0.8,0.7,0.15,0.1,1,1,2,100,"final","chessboard",84,1152,24,2,67,22,887,3
39,893,50,0.8,0.7,0.15,0.1,1,1,2,100,"final","chessboard",84,1152,24,2,67,22,925,1
39,893,50,0.8,0.7,0.15,0.1,1,1,2,100,"final","chessboard",84,1152,24,2,67,22,939,3
39,893,50,0.8,0.7,0.15,0.1,1,1,2,100,"final","chessboard",84,1152,24,2,67,22,951,1
39,893,50,0.8,0.7,0.15,0.1,1,1,2,100,"final","chessboard",84,1152,24,2,67,22,957,1
39,893,50,0.8,0.7,0.15,0.1,1,1,2,100,"final","chessboard",84,1152,24,2,67,22,958,6
39,893,50,0.8,0.7,0.15,0.1,1,1,2,100,"final","chessboard",84,1152,24,2,67,22,961,1
39,893,50,0.8,0.7,0.15,0.1,1,1,2,100,"final","chessboard",84,1152,24,2,67,22,964,4
39,893,50,0.8,0.7,0.15,0.1,1,1,2,100,"final","chessboard",84,1152,24,2,67,22,965,4
39,893,50,0.8,0.7,0.15,0.1,1,1,2,100,"final","chessboard",84,1152,24,2,67,22,972,5
39,893,50,0.8,0.7,0.15,0.1,1,1,2,100,"final","chessboard",84,1152,24,2,67,22,977,3
39,893,50,0.8,0.7,0.15,0.1,1,1,2,100,"final","chessboard",84,1152,24,2,67,22,990,2
39,893,50,0.8,0.7,0.15,0.1,1,1,2,100,"final","chessboard",84,1152,24,2,67,22,991,3
39,893,50,0.8,0.7,0.15,0.1,1,1,2,100,"final","chessboard",85,1178,24,28,75,1,NA,NA
39,893,50,0.8,0.7,0.15,0.1,1,1,2,100,"final","chessboard",86,1200,24,50,67,22,818,1
39,893,50,0.8,0.7,0.15,0.1,1,1,2,100,"final","chessboard",86,1200,24,50,67,22,873,1
39,893,50,0.8,0.7,0.15,0.1,1,1,2,100,"final","chessboard",86,1200,24,50,67,22,876,1
39,893,50,0.8,0.7,0.15,0.1,1,1,2,100,"final","chessboard",86,1200,24,50,67,22,891,2
39,893,50,0.8,0.7,0.15,0.1,1,1,2,100,"final","chessboard",86,1200,24,50,67,22,898,1
39,893,50,0.8,0.7,0.15,0.1,1,1,2,100,"final","chessboard",86,1200,24,50,67,22,913,1
39,893,50,0.8,0.7,0.15,0.1,1,1,2,100,"final","chessboard",86,1200,24,50,67,22,914,1
39,893,50,0.8,0.7,0.15,0.1,1,1,2,100,"final","chessboard",86,1200,24,50,67,22,925,1
39,893,50,0.8,0.7,0.15,0.1,1,1,2,100,"final","chessboard",86,1200,24,50,67,22,939,1
39,893,50,0.8,0.7,0.15,0.1,1,1,2,100,"final","chessboard",86,1200,24,50,67,22,941,2
39,893,50,0.8,0.7,0.15,0.1,1,1,2,100,"final","chessboard",86,1200,24,50,67,22,951,2
39,893,50,0.8,0.7,0.15,0.1,1,1,2,100,"final","chessboard",86,1200,24,50,67,22,957,2
39,893,50,0.8,0.7,0.15,0.1,1,1,2,100,"final","chessboard",86,1200,24,50,67,22,958,1
39,893,50,0.8,0.7,0.15,0.1,1,1,2,100,"final","chessboard",86,1200,24,50,67,22,961,1
39,893,50,0.8,0.7,0.15,0.1,1,1,2,100,"final","chessboard",86,1200,24,50,67,22,964,2
39,893,50,0.8,0.7,0.15,0.1,1,1,2,100,"final","chessboard",86,1200,24,50,67,22,965,5
39,893,50,0.8,0.7,0.15,0.1,1,1,2,100,"final","chessboard",86,1200,24,50,67,22,972,1
39,893,50,0.8,0.7,0.15,0.1,1,1,2,100,"final","chessboard",86,1200,24,50,67,22,977,2
39,893,50,0.8,0.7,0.15,0.1,1,1,2,100,"final","chessboard",86,1200,24,50,67,22,990,1
39,893,50,0.8,0.7,0.15,0.1,1,1,2,100,"final","chessboard",86,1200,24,50,67,22,991,2
39,893,50,0.8,0.7,0.15,0.1,1,1,2,100,"final","chessboard",86,1200,24,50,67,22,992,4
39,893,50,0.8,0.7,0.15,0.1,1,1,2,100,"final","chessboard",87,1217,25,17,76,1,NA,NA
39,893,50,0.8,0.7,0.15,0.1,1,1,2,100,"final","chessboard",88,1245,25,45,77,1,678,1
39,893,50,0.8,0.7,0.15,0.1,1,1,2,100,"final","chessboard",88,1245,25,45,77,1,719,1
39,893,50,0.8,0.7,0.15,0.1,1,1,2,100,"final","chessboard",88,1245,25,45,77,1,739,1
39,893,50,0.8,0.7,0.15,0.1,1,1,2,100,"final","chessboard",88,1245,25,45,77,1,772,2
39,893,50,0.8,0.7,0.15,0.1,1,1,2,100,"final","chessboard",88,1245,25,45,77,1,778,1
39,893,50,0.8,0.7,0.15,0.1,1,1,2,100,"final","chessboard",88,1245,25,45,77,1,814,1
39,893,50,0.8,0.7,0.15,0.1,1,1,2,100,"final","chessboard",88,1245,25,45,77,1,821,1
39,893,50,0.8,0.7,0.15,0.1,1,1,2,100,"final","chessboard",88,1245,25,45,77,1,830,1
39,893,50,0.8,0.7,0.15,0.1,1,1,2,100,"final","chessboard",88,1245,25,45,77,1,839,1
39,893,50,0.8,0.7,0.15,0.1,1,1,2,100,"final","chessboard",88,1245,25,45,77,1,932,2
39,893,50,0.8,0.7,0.15,0.1,1,1,2,100,"final","chessboard",88,1245,25,45,77,1,958,1
39,893,50,0.8,0.7,0.15,0.1,1,1,2,100,"final","chessboard",89,1247,25,47,67,22,819,1
39,893,50,0.8,0.7,0.15,0.1,1,1,2,100,"final","chessboard",89,1247,25,47,67,22,821,2
39,893,50,0.8,0.7,0.15,0.1,1,1,2,100,"final","chessboard",89,1247,25,47,67,22,828,1
39,893,50,0.8,0.7,0.15,0.1,1,1,2,100,"final","chessboard",89,1247,25,47,67,22,830,2
39,893,50,0.8,0.7,0.15,0.1,1,1,2,100,"final","chessboard",89,1247,25,47,67,22,857,2
39,893,50,0.8,0.7,0.15,0.1,1,1,2,100,"final","chessboard",89,1247,25,47,67,22,871,3
39,893,50,0.8,0.7,0.15,0.1,1,1,2,100,"final","chessboard",89,1247,25,47,67,22,873,3
39,893,50,0.8,0.7,0.15,0.1,1,1,2,100,"final","chessboard",89,1247,25,47,67,22,876,1
39,893,50,0.8,0.7,0.15,0.1,1,1,2,100,"final","chessboard",89,1247,25,47,67,22,878,3
39,893,50,0.8,0.7,0.15,0.1,1,1,2,100,"final","chessboard",89,1247,25,47,67,22,885,1
39,893,50,0.8,0.7,0.15,0.1,1,1,2,100,"final","chessboard",89,1247,25,47,67,22,888,1
39,893,50,0.8,0.7,0.15,0.1,1,1,2,100,"final","chessboard",89,1247,25,47,67,22,891,1
39,893,50,0.8,0.7,0.15,0.1,1,1,2,100,"final","chessboard",89,1247,25,47,67,22,892,1
39,893,50,0.8,0.7,0.15,0.1,1,1,2,100,"final","chessboard",89,1247,25,47,67,22,898,1
39,893,50,0.8,0.7,0.15,0.1,1,1,2,100,"final","chessboard",89,1247,25,47,67,22,900,2
39,893,50,0.8,0.7,0.15,0.1,1,1,2,100,"final","chessboard",89,1247,25,47,67,22,906,1
39,893,50,0.8,0.7,0.15,0.1,1,1,2,100,"final","chessboard",89,1247,25,47,67,22,925,2
39,893,50,0.8,0.7,0.15,0.1,1,1,2,100,"final","chessboard",89,1247,25,47,67,22,932,2
39,893,50,0.8,0.7,0.15,0.1,1,1,2,100,"final","chessboard",89,1247,25,47,67,22,949,1
39,893,50,0.8,0.7,0.15,0.1,1,1,2,100,"final","chessboard",89,1247,25,47,67,22,951,2
39,893,50,0.8,0.7,0.15,0.1,1,1,2,100,"final","chessboard",89,1247,25,47,67,22,958,2
39,893,50,0.8,0.7,0.15,0.1,1,1,2,100,"final","chessboard",89,1247,25,47,67,22,961,1
39,893,50,0.8,0.7,0.15,0.1,1,1,2,100,"final","chessboard",90,1249,25,49,67,22,833,1
39,893,50,0.8,0.7,0.15,0.1,1,1,2,100,"final","chessboard",90,1249,25,49,67,22,857,1
39,893,50,0.8,0.7,0.15,0.1,1,1,2,100,"final","chessboard",90,1249,25,49,67,22,871,4
39,893,50,0.8,0.7,0.15,0.1,1,1,2,100,"final","chessboard",90,1249,25,49,67,22,873,2
39,893,50,0.8,0.7,0.15,0.1,1,1,2,100,"final","chessboard",90,1249,25,49,67,22,878,1
39,893,50,0.8,0.7,0.15,0.1,1,1,2,100,"final","chessboard",90,1249,25,49,67,22,884,2
39,893,50,0.8,0.7,0.15,0.1,1,1,2,100,"final","chessboard",90,1249,25,49,67,22,888,4
39,893,50,0.8,0.7,0.15,0.1,1,1,2,100,"final","chessboard",90,1249,25,49,67,22,891,3
39,893,50,0.8,0.7,0.15,0.1,1,1,2,100,"final","chessboard",90,1249,25,49,67,22,892,1
39,893,50,0.8,0.7,0.15,0.1,1,1,2,100,"final","chessboard",90,1249,25,49,67,22,900,2
39,893,50,0.8,0.7,0.15,0.1,1,1,2,100,"final","chessboard",90,1249,25,49,67,22,914,1
39,893,50,0.8,0.7,0.15,0.1,1,1,2,100,"final","chessboard",90,1249,25,49,67,22,925,6
39,893,50,0.8,0.7,0.15,0.1,1,1,2,100,"final","chessboard",90,1249,25,49,67,22,941,1
39,893,50,0.8,0.7,0.15,0.1,1,1,2,100,"final","chessboard",90,1249,25,49,67,22,942,1
39,893,50,0.8,0.7,0.15,0.1,1,1,2,100,"final","chessboard",90,1249,25,49,67,22,949,3
39,893,50,0.8,0.7,0.15,0.1,1,1,2,100,"final","chessboard",90,1249,25,49,67,22,951,1
39,893,50,0.8,0.7,0.15,0.1,1,1,2,100,"final","chessboard",90,1249,25,49,67,22,958,1
39,893,50,0.8,0.7,0.15,0.1,1,1,2,100,"final","chessboard",90,1249,25,49,67,22,965,2
39,893,50,0.8,0.7,0.15,0.1,1,1,2,100,"final","chessboard",90,1249,25,49,67,22,977,2
39,893,50,0.8,0.7,0.15,0.1,1,1,2,100,"final","chessboard",90,1249,25,49,67,22,992,1
39,893,50,0.8,0.7,0.15,0.1,1,1,2,100,"final","chessboard",91,1274,26,24,78,2,366,3
39,893,50,0.8,0.7,0.15,0.1,1,1,2,100,"final","chessboard",91,1274,26,24,78,2,374,4
39,893,50,0.8,0.7,0.15,0.1,1,1,2,100,"final","chessboard",91,1274,26,24,78,2,380,1
39,893,50,0.8,0.7,0.15,0.1,1,1,2,100,"final","chessboard",91,1274,26,24,78,2,520,3
39,893,50,0.8,0.7,0.15,0.1,1,1,2,100,"final","chessboard",91,1274,26,24,78,2,522,3
39,893,50,0.8,0.7,0.15,0.1,1,1,2,100,"final","chessboard",92,1284,26,34,79,1,NA,NA
39,893,50,0.8,0.7,0.15,0.1,1,1,2,100,"final","chessboard",93,1298,26,48,67,22,805,1
39,893,50,0.8,0.7,0.15,0.1,1,1,2,100,"final","chessboard",93,1298,26,48,67,22,818,2
39,893,50,0.8,0.7,0.15,0.1,1,1,2,100,"final","chessboard",93,1298,26,48,67,22,821,1
39,893,50,0.8,0.7,0.15,0.1,1,1,2,100,"final","chessboard",93,1298,26,48,67,22,839,1
39,893,50,0.8,0.7,0.15,0.1,1,1,2,100,"final","chessboard",93,1298,26,48,67,22,857,1
39,893,50,0.8,0.7,0.15,0.1,1,1,2,100,"final","chessboard",93,1298,26,48,67,22,871,3
39,893,50,0.8,0.7,0.15,0.1,1,1,2,100,"final","chessboard",93,1298,26,48,67,22,878,4
39,893,50,0.8,0.7,0.15,0.1,1,1,2,100,"final","chessboard",93,1298,26,48,67,22,884,1
39,893,50,0.8,0.7,0.15,0.1,1,1,2,100,"final","chessboard",93,1298,26,48,67,22,888,1
39,893,50,0.8,0.7,0.15,0.1,1,1,2,100,"final","chessboard",93,1298,26,48,67,22,891,2
39,893,50,0.8,0.7,0.15,0.1,1,1,2,100,"final","chessboard",93,1298,26,48,67,22,900,6
39,893,50,0.8,0.7,0.15,0.1,1,1,2,100,"final","chessboard",93,1298,26,48,67,22,911,1
39,893,50,0.8,0.7,0.15,0.1,1,1,2,100,"final","chessboard",93,1298,26,48,67,22,914,7
39,893,50,0.8,0.7,0.15,0.1,1,1,2,100,"final","chessboard",93,1298,26,48,67,22,925,2
39,893,50,0.8,0.7,0.15,0.1,1,1,2,100,"final","chessboard",93,1298,26,48,67,22,939,1
39,893,50,0.8,0.7,0.15,0.1,1,1,2,100,"final","chessboard",93,1298,26,48,67,22,951,3
39,893,50,0.8,0.7,0.15,0.1,1,1,2,100,"final","chessboard",93,1298,26,48,67,22,965,1
39,893,50,0.8,0.7,0.15,0.1,1,1,2,100,"final","chessboard",93,1298,26,48,67,22,972,1
39,893,50,0.8,0.7,0.15,0.1,1,1,2,100,"final","chessboard",94,1333,27,33,84,1,NA,NA
39,893,50,0.8,0.7,0.15,0.1,1,1,2,100,"final","chessboard",95,1341,27,41,80,10,637,2
39,893,50,0.8,0.7,0.15,0.1,1,1,2,100,"final","chessboard",95,1341,27,41,80,10,665,4
39,893,50,0.8,0.7,0.15,0.1,1,1,2,100,"final","chessboard",95,1341,27,41,80,10,678,3
39,893,50,0.8,0.7,0.15,0.1,1,1,2,100,"final","chessboard",95,1341,27,41,80,10,680,2
39,893,50,0.8,0.7,0.15,0.1,1,1,2,100,"final","chessboard",95,1341,27,41,80,10,686,1
39,893,50,0.8,0.7,0.15,0.1,1,1,2,100,"final","chessboard",95,1341,27,41,80,10,687,3
39,893,50,0.8,0.7,0.15,0.1,1,1,2,100,"final","chessboard",95,1341,27,41,80,10,700,1
39,893,50,0.8,0.7,0.15,0.1,1,1,2,100,"final","chessboard",95,1341,27,41,80,10,714,1
39,893,50,0.8,0.7,0.15,0.1,1,1,2,100,"final","chessboard",95,1341,27,41,80,10,721,3
39,893,50,0.8,0.7,0.15,0.1,1,1,2,100,"final","chessboard",95,1341,27,41,80,10,724,5
39,893,50,0.8,0.7,0.15,0.1,1,1,2,100,"final","chessboard",95,1341,27,41,80,10,748,4
39,893,50,0.8,0.7,0.15,0.1,1,1,2,100,"final","chessboard",95,1341,27,41,80,10,772,1
39,893,50,0.8,0.7,0.15,0.1,1,1,2,100,"final","chessboard",95,1341,27,41,80,10,775,1
39,893,50,0.8,0.7,0.15,0.1,1,1,2,100,"final","chessboard",96,1343,27,43,80,10,639,1
39,893,50,0.8,0.7,0.15,0.1,1,1,2,100,"final","chessboard",96,1343,27,43,80,10,667,1
39,893,50,0.8,0.7,0.15,0.1,1,1,2,100,"final","chessboard",96,1343,27,43,80,10,678,8
39,893,50,0.8,0.7,0.15,0.1,1,1,2,100,"final","chessboard",96,1343,27,43,80,10,680,3
39,893,50,0.8,0.7,0.15,0.1,1,1,2,100,"final","chessboard",96,1343,27,43,80,10,695,3
39,893,50,0.8,0.7,0.15,0.1,1,1,2,100,"final","chessboard",96,1343,27,43,80,10,697,2
39,893,50,0.8,0.7,0.15,0.1,1,1,2,100,"final","chessboard",96,1343,27,43,80,10,700,1
39,893,50,0.8,0.7,0.15,0.1,1,1,2,100,"final","chessboard",96,1343,27,43,80,10,714,1
39,893,50,0.8,0.7,0.15,0.1,1,1,2,100,"final","chessboard",96,1343,27,43,80,10,721,2
39,893,50,0.8,0.7,0.15,0.1,1,1,2,100,"final","chessboard",96,1343,27,43,80,10,724,8
39,893,50,0.8,0.7,0.15,0.1,1,1,2,100,"final","chessboard",96,1343,27,43,80,10,726,1
39,893,50,0.8,0.7,0.15,0.1,1,1,2,100,"final","chessboard",96,1343,27,43,80,10,731,1
39,893,50,0.8,0.7,0.15,0.1,1,1,2,100,"final","chessboard",96,1343,27,43,80,10,749,1
39,893,50,0.8,0.7,0.15,0.1,1,1,2,100,"final","chessboard",96,1343,27,43,80,10,759,1
39,893,50,0.8,0.7,0.15,0.1,1,1,2,100,"final","chessboard",96,1343,27,43,80,10,762,1
39,893,50,0.8,0.7,0.15,0.1,1,1,2,100,"final","chessboard",96,1343,27,43,80,10,772,1
39,893,50,0.8,0.7,0.15,0.1,1,1,2,100,"final","chessboard",97,1345,27,45,85,1,667,1
39,893,50,0.8,0.7,0.15,0.1,1,1,2,100,"final","chessboard",97,1345,27,45,85,1,678,1
39,893,50,0.8,0.7,0.15,0.1,1,1,2,100,"final","chessboard",97,1345,27,45,85,1,680,1
39,893,50,0.8,0.7,0.15,0.1,1,1,2,100,"final","chessboard",97,1345,27,45,85,1,691,1
39,893,50,0.8,0.7,0.15,0.1,1,1,2,100,"final","chessboard",97,1345,27,45,85,1,695,4
39,893,50,0.8,0.7,0.15,0.1,1,1,2,100,"final","chessboard",97,1345,27,45,85,1,721,9
39,893,50,0.8,0.7,0.15,0.1,1,1,2,100,"final","chessboard",97,1345,27,45,85,1,724,3
39,893,50,0.8,0.7,0.15,0.1,1,1,2,100,"final","chessboard",97,1345,27,45,85,1,731,1
39,893,50,0.8,0.7,0.15,0.1,1,1,2,100,"final","chessboard",97,1345,27,45,85,1,736,8
39,893,50,0.8,0.7,0.15,0.1,1,1,2,100,"final","chessboard",97,1345,27,45,85,1,759,1
39,893,50,0.8,0.7,0.15,0.1,1,1,2,100,"final","chessboard",97,1345,27,45,85,1,790,2
39,893,50,0.8,0.7,0.15,0.1,1,1,2,100,"final","chessboard",97,1345,27,45,85,1,818,1
39,893,50,0.8,0.7,0.15,0.1,1,1,2,100,"final","chessboard",97,1345,27,45,85,1,839,1
39,893,50,0.8,0.7,0.15,0.1,1,1,2,100,"final","chessboard",97,1345,27,45,85,1,878,3
39,893,50,0.8,0.7,0.15,0.1,1,1,2,100,"final","chessboard",97,1345,27,45,85,1,891,1
39,893,50,0.8,0.7,0.15,0.1,1,1,2,100,"final","chessboard",98,1349,27,49,67,22,736,1
39,893,50,0.8,0.7,0.15,0.1,1,1,2,100,"final","chessboard",98,1349,27,49,67,22,857,4
39,893,50,0.8,0.7,0.15,0.1,1,1,2,100,"final","chessboard",98,1349,27,49,67,22,871,1
39,893,50,0.8,0.7,0.15,0.1,1,1,2,100,"final","chessboard",98,1349,27,49,67,22,872,1
39,893,50,0.8,0.7,0.15,0.1,1,1,2,100,"final","chessboard",98,1349,27,49,67,22,878,3
39,893,50,0.8,0.7,0.15,0.1,1,1,2,100,"final","chessboard",98,1349,27,49,67,22,885,2
39,893,50,0.8,0.7,0.15,0.1,1,1,2,100,"final","chessboard",98,1349,27,49,67,22,891,2
39,893,50,0.8,0.7,0.15,0.1,1,1,2,100,"final","chessboard",98,1349,27,49,67,22,892,4
39,893,50,0.8,0.7,0.15,0.1,1,1,2,100,"final","chessboard",98,1349,27,49,67,22,893,1
39,893,50,0.8,0.7,0.15,0.1,1,1,2,100,"final","chessboard",98,1349,27,49,67,22,900,1
39,893,50,0.8,0.7,0.15,0.1,1,1,2,100,"final","chessboard",98,1349,27,49,67,22,906,1
39,893,50,0.8,0.7,0.15,0.1,1,1,2,100,"final","chessboard",98,1349,27,49,67,22,914,1
39,893,50,0.8,0.7,0.15,0.1,1,1,2,100,"final","chessboard",98,1349,27,49,67,22,925,2
39,893,50,0.8,0.7,0.15,0.1,1,1,2,100,"final","chessboard",98,1349,27,49,67,22,941,1
39,893,50,0.8,0.7,0.15,0.1,1,1,2,100,"final","chessboard",98,1349,27,49,67,22,957,1
39,893,50,0.8,0.7,0.15,0.1,1,1,2,100,"final","chessboard",98,1349,27,49,67,22,958,1
39,893,50,0.8,0.7,0.15,0.1,1,1,2,100,"final","chessboard",98,1349,27,49,67,22,965,4
39,893,50,0.8,0.7,0.15,0.1,1,1,2,100,"final","chessboard",98,1349,27,49,67,22,990,1
39,893,50,0.8,0.7,0.15,0.1,1,1,2,100,"final","chessboard",98,1349,27,49,67,22,991,1
39,893,50,0.8,0.7,0.15,0.1,1,1,2,100,"final","chessboard",99,1390,28,40,80,10,618,3
39,893,50,0.8,0.7,0.15,0.1,1,1,2,100,"final","chessboard",99,1390,28,40,80,10,645,2
39,893,50,0.8,0.7,0.15,0.1,1,1,2,100,"final","chessboard",99,1390,28,40,80,10,665,3
39,893,50,0.8,0.7,0.15,0.1,1,1,2,100,"final","chessboard",99,1390,28,40,80,10,667,1
39,893,50,0.8,0.7,0.15,0.1,1,1,2,100,"final","chessboard",99,1390,28,40,80,10,678,7
39,893,50,0.8,0.7,0.15,0.1,1,1,2,100,"final","chessboard",99,1390,28,40,80,10,680,4
39,893,50,0.8,0.7,0.15,0.1,1,1,2,100,"final","chessboard",99,1390,28,40,80,10,695,3
39,893,50,0.8,0.7,0.15,0.1,1,1,2,100,"final","chessboard",99,1390,28,40,80,10,700,1
39,893,50,0.8,0.7,0.15,0.1,1,1,2,100,"final","chessboard",99,1390,28,40,80,10,721,5
39,893,50,0.8,0.7,0.15,0.1,1,1,2,100,"final","chessboard",99,1390,28,40,80,10,724,1
39,893,50,0.8,0.7,0.15,0.1,1,1,2,100,"final","chessboard",99,1390,28,40,80,10,731,1
39,893,50,0.8,0.7,0.15,0.1,1,1,2,100,"final","chessboard",99,1390,28,40,80,10,743,1
39,893,50,0.8,0.7,0.15,0.1,1,1,2,100,"final","chessboard",99,1390,28,40,80,10,748,1
39,893,50,0.8,0.7,0.15,0.1,1,1,2,100,"final","chessboard",99,1390,28,40,80,10,780,1
39,893,50,0.8,0.7,0.15,0.1,1,1,2,100,"final","chessboard",100,1392,28,42,80,10,665,6
39,893,50,0.8,0.7,0.15,0.1,1,1,2,100,"final","chessboard",100,1392,28,42,80,10,667,2
39,893,50,0.8,0.7,0.15,0.1,1,1,2,100,"final","chessboard",100,1392,28,42,80,10,678,3
39,893,50,0.8,0.7,0.15,0.1,1,1,2,100,"final","chessboard",100,1392,28,42,80,10,680,1
39,893,50,0.8,0.7,0.15,0.1,1,1,2,100,"final","chessboard",100,1392,28,42,80,10,687,2
39,893,50,0.8,0.7,0.15,0.1,1,1,2,100,"final","chessboard",100,1392,28,42,80,10,691,3
39,893,50,0.8,0.7,0.15,0.1,1,1,2,100,"final","chessboard",100,1392,28,42,80,10,695,2
39,893,50,0.8,0.7,0.15,0.1,1,1,2,100,"final","chessboard",100,1392,28,42,80,10,700,2
39,893,50,0.8,0.7,0.15,0.1,1,1,2,100,"final","chessboard",100,1392,28,42,80,10,701,1
39,893,50,0.8,0.7,0.15,0.1,1,1,2,100,"final","chessboard",100,1392,28,42,80,10,714,2
39,893,50,0.8,0.7,0.15,0.1,1,1,2,100,"final","chessboard",100,1392,28,42,80,10,719,1
39,893,50,0.8,0.7,0.15,0.1,1,1,2,100,"final","chessboard",100,1392,28,42,80,10,721,6
39,893,50,0.8,0.7,0.15,0.1,1,1,2,100,"final","chessboard",100,1392,28,42,80,10,724,3
39,893,50,0.8,0.7,0.15,0.1,1,1,2,100,"final","chessboard",100,1392,28,42,80,10,731,1
39,893,50,0.8,0.7,0.15,0.1,1,1,2,100,"final","chessboard",100,1392,28,42,80,10,772,1
39,893,50,0.8,0.7,0.15,0.1,1,1,2,100,"final","chessboard",101,1423,29,23,87,9,282,2
39,893,50,0.8,0.7,0.15,0.1,1,1,2,100,"final","chessboard",101,1423,29,23,87,9,314,5
39,893,50,0.8,0.7,0.15,0.1,1,1,2,100,"final","chessboard",101,1423,29,23,87,9,329,2
39,893,50,0.8,0.7,0.15,0.1,1,1,2,100,"final","chessboard",101,1423,29,23,87,9,338,1
39,893,50,0.8,0.7,0.15,0.1,1,1,2,100,"final","chessboard",101,1423,29,23,87,9,369,5
39,893,50,0.8,0.7,0.15,0.1,1,1,2,100,"final","chessboard",101,1423,29,23,87,9,374,4
39,893,50,0.8,0.7,0.15,0.1,1,1,2,100,"final","chessboard",101,1423,29,23,87,9,375,1
39,893,50,0.8,0.7,0.15,0.1,1,1,2,100,"final","chessboard",101,1423,29,23,87,9,380,4
39,893,50,0.8,0.7,0.15,0.1,1,1,2,100,"final","chessboard",101,1423,29,23,87,9,399,1
39,893,50,0.8,0.7,0.15,0.1,1,1,2,100,"final","chessboard",101,1423,29,23,87,9,440,1
39,893,50,0.8,0.7,0.15,0.1,1,1,2,100,"final","chessboard",101,1423,29,23,87,9,482,3
39,893,50,0.8,0.7,0.15,0.1,1,1,2,100,"final","chessboard",102,1425,29,25,87,9,287,2
39,893,50,0.8,0.7,0.15,0.1,1,1,2,100,"final","chessboard",102,1425,29,25,87,9,314,1
39,893,50,0.8,0.7,0.15,0.1,1,1,2,100,"final","chessboard",102,1425,29,25,87,9,366,1
39,893,50,0.8,0.7,0.15,0.1,1,1,2,100,"final","chessboard",102,1425,29,25,87,9,369,2
39,893,50,0.8,0.7,0.15,0.1,1,1,2,100,"final","chessboard",102,1425,29,25,87,9,374,3
39,893,50,0.8,0.7,0.15,0.1,1,1,2,100,"final","chessboard",102,1425,29,25,87,9,375,3
39,893,50,0.8,0.7,0.15,0.1,1,1,2,100,"final","chessboard",102,1425,29,25,87,9,399,2
39,893,50,0.8,0.7,0.15,0.1,1,1,2,100,"final","chessboard",103,1439,29,39,88,29,618,1
39,893,50,0.8,0.7,0.15,0.1,1,1,2,100,"final","chessboard",103,1439,29,39,88,29,665,1
39,893,50,0.8,0.7,0.15,0.1,1,1,2,100,"final","chessboard",103,1439,29,39,88,29,678,2
39,893,50,0.8,0.7,0.15,0.1,1,1,2,100,"final","chessboard",103,1439,29,39,88,29,686,1
39,893,50,0.8,0.7,0.15,0.1,1,1,2,100,"final","chessboard",103,1439,29,39,88,29,687,2
39,893,50,0.8,0.7,0.15,0.1,1,1,2,100,"final","chessboard",103,1439,29,39,88,29,695,1
39,893,50,0.8,0.7,0.15,0.1,1,1,2,100,"final","chessboard",103,1439,29,39,88,29,700,2
39,893,50,0.8,0.7,0.15,0.1,1,1,2,100,"final","chessboard",103,1439,29,39,88,29,711,1
39,893,50,0.8,0.7,0.15,0.1,1,1,2,100,"final","chessboard",103,1439,29,39,88,29,719,1
39,893,50,0.8,0.7,0.15,0.1,1,1,2,100,"final","chessboard",103,1439,29,39,88,29,721,5
39,893,50,0.8,0.7,0.15,0.1,1,1,2,100,"final","chessboard",103,1439,29,39,88,29,722,3
39,893,50,0.8,0.7,0.15,0.1,1,1,2,100,"final","chessboard",103,1439,29,39,88,29,724,6
39,893,50,0.8,0.7,0.15,0.1,1,1,2,100,"final","chessboard",103,1439,29,39,88,29,731,2
39,893,50,0.8,0.7,0.15,0.1,1,1,2,100,"final","chessboard",103,1439,29,39,88,29,735,1
39,893,50,0.8,0.7,0.15,0.1,1,1,2,100,"final","chessboard",103,1439,29,39,88,29,736,1
39,893,50,0.8,0.7,0.15,0.1,1,1,2,100,"final","chessboard",103,1439,29,39,88,29,754,1
39,893,50,0.8,0.7,0.15,0.1,1,1,2,100,"final","chessboard",103,1439,29,39,88,29,759,1
39,893,50,0.8,0.7,0.15,0.1,1,1,2,100,"final","chessboard",103,1439,29,39,88,29,762,2
39,893,50,0.8,0.7,0.15,0.1,1,1,2,100,"final","chessboard",103,1439,29,39,88,29,780,2
39,893,50,0.8,0.7,0.15,0.1,1,1,2,100,"final","chessboard",104,1443,29,43,80,10,665,3
39,893,50,0.8,0.7,0.15,0.1,1,1,2,100,"final","chessboard",104,1443,29,43,80,10,667,1
39,893,50,0.8,0.7,0.15,0.1,1,1,2,100,"final","chessboard",104,1443,29,43,80,10,678,8
39,893,50,0.8,0.7,0.15,0.1,1,1,2,100,"final","chessboard",104,1443,29,43,80,10,680,1
39,893,50,0.8,0.7,0.15,0.1,1,1,2,100,"final","chessboard",104,1443,29,43,80,10,687,5
39,893,50,0.8,0.7,0.15,0.1,1,1,2,100,"final","chessboard",104,1443,29,43,80,10,691,1
39,893,50,0.8,0.7,0.15,0.1,1,1,2,100,"final","chessboard",104,1443,29,43,80,10,711,1
39,893,50,0.8,0.7,0.15,0.1,1,1,2,100,"final","chessboard",104,1443,29,43,80,10,721,2
39,893,50,0.8,0.7,0.15,0.1,1,1,2,100,"final","chessboard",104,1443,29,43,80,10,722,1
39,893,50,0.8,0.7,0.15,0.1,1,1,2,100,"final","chessboard",104,1443,29,43,80,10,724,1
39,893,50,0.8,0.7,0.15,0.1,1,1,2,100,"final","chessboard",104,1443,29,43,80,10,736,2
39,893,50,0.8,0.7,0.15,0.1,1,1,2,100,"final","chessboard",104,1443,29,43,80,10,738,1
39,893,50,0.8,0.7,0.15,0.1,1,1,2,100,"final","chessboard",104,1443,29,43,80,10,749,2
39,893,50,0.8,0.7,0.15,0.1,1,1,2,100,"final","chessboard",104,1443,29,43,80,10,765,1
39,893,50,0.8,0.7,0.15,0.1,1,1,2,100,"final","chessboard",104,1443,29,43,80,10,772,3
39,893,50,0.8,0.7,0.15,0.1,1,1,2,100,"final","chessboard",104,1443,29,43,80,10,778,1
39,893,50,0.8,0.7,0.15,0.1,1,1,2,100,"final","chessboard",104,1443,29,43,80,10,781,1
39,893,50,0.8,0.7,0.15,0.1,1,1,2,100,"final","chessboard",104,1443,29,43,80,10,790,1
39,893,50,0.8,0.7,0.15,0.1,1,1,2,100,"final","chessboard",104,1443,29,43,80,10,814,1
39,893,50,0.8,0.7,0.15,0.1,1,1,2,100,"final","chessboard",104,1443,29,43,80,10,891,1
39,893,50,0.8,0.7,0.15,0.1,1,1,2,100,"final","chessboard",105,1472,30,22,87,9,338,1
39,893,50,0.8,0.7,0.15,0.1,1,1,2,100,"final","chessboard",105,1472,30,22,87,9,366,2
39,893,50,0.8,0.7,0.15,0.1,1,1,2,100,"final","chessboard",105,1472,30,22,87,9,369,1
39,893,50,0.8,0.7,0.15,0.1,1,1,2,100,"final","chessboard",105,1472,30,22,87,9,380,2
39,893,50,0.8,0.7,0.15,0.1,1,1,2,100,"final","chessboard",105,1472,30,22,87,9,399,5
39,893,50,0.8,0.7,0.15,0.1,1,1,2,100,"final","chessboard",105,1472,30,22,87,9,440,1
39,893,50,0.8,0.7,0.15,0.1,1,1,2,100,"final","chessboard",106,1474,30,24,87,9,301,1
39,893,50,0.8,0.7,0.15,0.1,1,1,2,100,"final","chessboard",106,1474,30,24,87,9,314,1
39,893,50,0.8,0.7,0.15,0.1,1,1,2,100,"final","chessboard",106,1474,30,24,87,9,329,1
39,893,50,0.8,0.7,0.15,0.1,1,1,2,100,"final","chessboard",106,1474,30,24,87,9,338,4
39,893,50,0.8,0.7,0.15,0.1,1,1,2,100,"final","chessboard",106,1474,30,24,87,9,369,2
39,893,50,0.8,0.7,0.15,0.1,1,1,2,100,"final","chessboard",106,1474,30,24,87,9,374,11
39,893,50,0.8,0.7,0.15,0.1,1,1,2,100,"final","chessboard",106,1474,30,24,87,9,375,1
39,893,50,0.8,0.7,0.15,0.1,1,1,2,100,"final","chessboard",106,1474,30,24,87,9,380,2
39,893,50,0.8,0.7,0.15,0.1,1,1,2,100,"final","chessboard",106,1474,30,24,87,9,399,6
39,893,50,0.8,0.7,0.15,0.1,1,1,2,100,"final","chessboard",106,1474,30,24,87,9,459,1
39,893,50,0.8,0.7,0.15,0.1,1,1,2,100,"final","chessboard",106,1474,30,24,87,9,522,1
39,893,50,0.8,0.7,0.15,0.1,1,1,2,100,"final","chessboard",107,1480,30,30,90,2,NA,NA
39,893,50,0.8,0.7,0.15,0.1,1,1,2,100,"final","chessboard",108,1486,30,36,88,29,566,1
39,893,50,0.8,0.7,0.15,0.1,1,1,2,100,"final","chessboard",108,1486,30,36,88,29,599,2
39,893,50,0.8,0.7,0.15,0.1,1,1,2,100,"final","chessboard",108,1486,30,36,88,29,618,4
39,893,50,0.8,0.7,0.15,0.1,1,1,2,100,"final","chessboard",108,1486,30,36,88,29,639,1
39,893,50,0.8,0.7,0.15,0.1,1,1,2,100,"final","chessboard",108,1486,30,36,88,29,646,2
39,893,50,0.8,0.7,0.15,0.1,1,1,2,100,"final","chessboard",108,1486,30,36,88,29,647,1
39,893,50,0.8,0.7,0.15,0.1,1,1,2,100,"final","chessboard",108,1486,30,36,88,29,673,1
39,893,50,0.8,0.7,0.15,0.1,1,1,2,100,"final","chessboard",108,1486,30,36,88,29,678,4
39,893,50,0.8,0.7,0.15,0.1,1,1,2,100,"final","chessboard",108,1486,30,36,88,29,680,5
39,893,50,0.8,0.7,0.15,0.1,1,1,2,100,"final","chessboard",108,1486,30,36,88,29,687,1
39,893,50,0.8,0.7,0.15,0.1,1,1,2,100,"final","chessboard",108,1486,30,36,88,29,721,2
39,893,50,0.8,0.7,0.15,0.1,1,1,2,100,"final","chessboard",108,1486,30,36,88,29,722,1
39,893,50,0.8,0.7,0.15,0.1,1,1,2,100,"final","chessboard",108,1486,30,36,88,29,731,2
39,893,50,0.8,0.7,0.15,0.1,1,1,2,100,"final","chessboard",108,1486,30,36,88,29,738,1
39,893,50,0.8,0.7,0.15,0.1,1,1,2,100,"final","chessboard",108,1486,30,36,88,29,754,2
39,893,50,0.8,0.7,0.15,0.1,1,1,2,100,"final","chessboard",108,1486,30,36,88,29,756,1
39,893,50,0.8,0.7,0.15,0.1,1,1,2,100,"final","chessboard",108,1486,30,36,88,29,788,1
39,893,50,0.8,0.7,0.15,0.1,1,1,2,100,"final","chessboard",109,1488,30,38,88,29,695,1
39,893,50,0.8,0.7,0.15,0.1,1,1,2,100,"final","chessboard",109,1488,30,38,88,29,700,1
39,893,50,0.8,0.7,0.15,0.1,1,1,2,100,"final","chessboard",109,1488,30,38,88,29,711,3
39,893,50,0.8,0.7,0.15,0.1,1,1,2,100,"final","chessboard",109,1488,30,38,88,29,721,8
39,893,50,0.8,0.7,0.15,0.1,1,1,2,100,"final","chessboard",109,1488,30,38,88,29,724,6
39,893,50,0.8,0.7,0.15,0.1,1,1,2,100,"final","chessboard",109,1488,30,38,88,29,725,1
39,893,50,0.8,0.7,0.15,0.1,1,1,2,100,"final","chessboard",109,1488,30,38,88,29,731,3
39,893,50,0.8,0.7,0.15,0.1,1,1,2,100,"final","chessboard",109,1488,30,38,88,29,734,1
39,893,50,0.8,0.7,0.15,0.1,1,1,2,100,"final","chessboard",109,1488,30,38,88,29,738,2
39,893,50,0.8,0.7,0.15,0.1,1,1,2,100,"final","chessboard",109,1488,30,38,88,29,759,2
39,893,50,0.8,0.7,0.15,0.1,1,1,2,100,"final","chessboard",109,1488,30,38,88,29,818,1
39,893,50,0.8,0.7,0.15,0.1,1,1,2,100,"final","chessboard",110,1490,30,40,91,14,589,1
39,893,50,0.8,0.7,0.15,0.1,1,1,2,100,"final","chessboard",110,1490,30,40,91,14,678,2
39,893,50,0.8,0.7,0.15,0.1,1,1,2,100,"final","chessboard",110,1490,30,40,91,14,687,1
39,893,50,0.8,0.7,0.15,0.1,1,1,2,100,"final","chessboard",110,1490,30,40,91,14,695,2
39,893,50,0.8,0.7,0.15,0.1,1,1,2,100,"final","chessboard",110,1490,30,40,91,14,711,1
39,893,50,0.8,0.7,0.15,0.1,1,1,2,100,"final","chessboard",110,1490,30,40,91,14,721,6
39,893,50,0.8,0.7,0.15,0.1,1,1,2,100,"final","chessboard",110,1490,30,40,91,14,722,2
39,893,50,0.8,0.7,0.15,0.1,1,1,2,100,"final","chessboard",110,1490,30,40,91,14,724,3
39,893,50,0.8,0.7,0.15,0.1,1,1,2,100,"final","chessboard",110,1490,30,40,91,14,725,1
39,893,50,0.8,0.7,0.15,0.1,1,1,2,100,"final","chessboard",110,1490,30,40,91,14,726,1
39,893,50,0.8,0.7,0.15,0.1,1,1,2,100,"final","chessboard",110,1490,30,40,91,14,731,1
39,893,50,0.8,0.7,0.15,0.1,1,1,2,100,"final","chessboard",110,1490,30,40,91,14,734,1
39,893,50,0.8,0.7,0.15,0.1,1,1,2,100,"final","chessboard",110,1490,30,40,91,14,736,3
39,893,50,0.8,0.7,0.15,0.1,1,1,2,100,"final","chessboard",110,1490,30,40,91,14,738,3
39,893,50,0.8,0.7,0.15,0.1,1,1,2,100,"final","chessboard",110,1490,30,40,91,14,749,2
39,893,50,0.8,0.7,0.15,0.1,1,1,2,100,"final","chessboard",110,1490,30,40,91,14,759,1
39,893,50,0.8,0.7,0.15,0.1,1,1,2,100,"final","chessboard",110,1490,30,40,91,14,772,1
39,893,50,0.8,0.7,0.15,0.1,1,1,2,100,"final","chessboard",110,1490,30,40,91,14,814,1
39,893,50,0.8,0.7,0.15,0.1,1,1,2,100,"final","chessboard",110,1490,30,40,91,14,839,1
39,893,50,0.8,0.7,0.15,0.1,1,1,2,100,"final","chessboard",111,1492,30,42,91,14,667,1
39,893,50,0.8,0.7,0.15,0.1,1,1,2,100,"final","chessboard",111,1492,30,42,91,14,678,3
39,893,50,0.8,0.7,0.15,0.1,1,1,2,100,"final","chessboard",111,1492,30,42,91,14,680,3
39,893,50,0.8,0.7,0.15,0.1,1,1,2,100,"final","chessboard",111,1492,30,42,91,14,687,1
39,893,50,0.8,0.7,0.15,0.1,1,1,2,100,"final","chessboard",111,1492,30,42,91,14,691,1
39,893,50,0.8,0.7,0.15,0.1,1,1,2,100,"final","chessboard",111,1492,30,42,91,14,695,2
39,893,50,0.8,0.7,0.15,0.1,1,1,2,100,"final","chessboard",111,1492,30,42,91,14,711,1
39,893,50,0.8,0.7,0.15,0.1,1,1,2,100,"final","chessboard",111,1492,30,42,91,14,719,2
39,893,50,0.8,0.7,0.15,0.1,1,1,2,100,"final","chessboard",111,1492,30,42,91,14,721,1
39,893,50,0.8,0.7,0.15,0.1,1,1,2,100,"final","chessboard",111,1492,30,42,91,14,722,5
39,893,50,0.8,0.7,0.15,0.1,1,1,2,100,"final","chessboard",111,1492,30,42,91,14,725,1
39,893,50,0.8,0.7,0.15,0.1,1,1,2,100,"final","chessboard",111,1492,30,42,91,14,736,6
39,893,50,0.8,0.7,0.15,0.1,1,1,2,100,"final","chessboard",111,1492,30,42,91,14,775,1
39,893,50,0.8,0.7,0.15,0.1,1,1,2,100,"final","chessboard",111,1492,30,42,91,14,788,1
39,893,50,0.8,0.7,0.15,0.1,1,1,2,100,"final","chessboard",111,1492,30,42,91,14,790,1
39,893,50,0.8,0.7,0.15,0.1,1,1,2,100,"final","chessboard",111,1492,30,42,91,14,818,1
39,893,50,0.8,0.7,0.15,0.1,1,1,2,100,"final","chessboard",112,1500,30,50,93,1,805,2
39,893,50,0.8,0.7,0.15,0.1,1,1,2,100,"final","chessboard",112,1500,30,50,93,1,906,2
39,893,50,0.8,0.7,0.15,0.1,1,1,2,100,"final","chessboard",112,1500,30,50,93,1,958,1
39,893,50,0.8,0.7,0.15,0.1,1,1,2,100,"final","chessboard",113,1535,31,35,88,29,566,1
39,893,50,0.8,0.7,0.15,0.1,1,1,2,100,"final","chessboard",113,1535,31,35,88,29,599,2
39,893,50,0.8,0.7,0.15,0.1,1,1,2,100,"final","chessboard",113,1535,31,35,88,29,618,4
39,893,50,0.8,0.7,0.15,0.1,1,1,2,100,"final","chessboard",113,1535,31,35,88,29,639,1
39,893,50,0.8,0.7,0.15,0.1,1,1,2,100,"final","chessboard",113,1535,31,35,88,29,647,1
39,893,50,0.8,0.7,0.15,0.1,1,1,2,100,"final","chessboard",113,1535,31,35,88,29,678,3
39,893,50,0.8,0.7,0.15,0.1,1,1,2,100,"final","chessboard",114,1537,31,37,88,29,599,1
39,893,50,0.8,0.7,0.15,0.1,1,1,2,100,"final","chessboard",114,1537,31,37,88,29,639,1
39,893,50,0.8,0.7,0.15,0.1,1,1,2,100,"final","chessboard",114,1537,31,37,88,29,647,1
39,893,50,0.8,0.7,0.15,0.1,1,1,2,100,"final","chessboard",114,1537,31,37,88,29,665,1
39,893,50,0.8,0.7,0.15,0.1,1,1,2,100,"final","chessboard",114,1537,31,37,88,29,678,1
39,893,50,0.8,0.7,0.15,0.1,1,1,2,100,"final","chessboard",114,1537,31,37,88,29,680,1
39,893,50,0.8,0.7,0.15,0.1,1,1,2,100,"final","chessboard",114,1537,31,37,88,29,687,4
39,893,50,0.8,0.7,0.15,0.1,1,1,2,100,"final","chessboard",114,1537,31,37,88,29,711,5
39,893,50,0.8,0.7,0.15,0.1,1,1,2,100,"final","chessboard",114,1537,31,37,88,29,719,1
39,893,50,0.8,0.7,0.15,0.1,1,1,2,100,"final","chessboard",114,1537,31,37,88,29,721,7
39,893,50,0.8,0.7,0.15,0.1,1,1,2,100,"final","chessboard",114,1537,31,37,88,29,722,1
39,893,50,0.8,0.7,0.15,0.1,1,1,2,100,"final","chessboard",114,1537,31,37,88,29,724,1
39,893,50,0.8,0.7,0.15,0.1,1,1,2,100,"final","chessboard",114,1537,31,37,88,29,725,1
39,893,50,0.8,0.7,0.15,0.1,1,1,2,100,"final","chessboard",114,1537,31,37,88,29,729,2
39,893,50,0.8,0.7,0.15,0.1,1,1,2,100,"final","chessboard",114,1537,31,37,88,29,731,1
39,893,50,0.8,0.7,0.15,0.1,1,1,2,100,"final","chessboard",114,1537,31,37,88,29,735,2
39,893,50,0.8,0.7,0.15,0.1,1,1,2,100,"final","chessboard",114,1537,31,37,88,29,738,2
39,893,50,0.8,0.7,0.15,0.1,1,1,2,100,"final","chessboard",114,1537,31,37,88,29,749,2
39,893,50,0.8,0.7,0.15,0.1,1,1,2,100,"final","chessboard",114,1537,31,37,88,29,754,1
39,893,50,0.8,0.7,0.15,0.1,1,1,2,100,"final","chessboard",114,1537,31,37,88,29,772,1
39,893,50,0.8,0.7,0.15,0.1,1,1,2,100,"final","chessboard",115,1541,31,41,91,14,618,2
39,893,50,0.8,0.7,0.15,0.1,1,1,2,100,"final","chessboard",115,1541,31,41,91,14,667,1
39,893,50,0.8,0.7,0.15,0.1,1,1,2,100,"final","chessboard",115,1541,31,41,91,14,673,1
39,893,50,0.8,0.7,0.15,0.1,1,1,2,100,"final","chessboard",115,1541,31,41,91,14,678,3
39,893,50,0.8,0.7,0.15,0.1,1,1,2,100,"final","chessboard",115,1541,31,41,91,14,680,1
39,893,50,0.8,0.7,0.15,0.1,1,1,2,100,"final","chessboard",115,1541,31,41,91,14,691,2
39,893,50,0.8,0.7,0.15,0.1,1,1,2,100,"final","chessboard",115,1541,31,41,91,14,711,1
39,893,50,0.8,0.7,0.15,0.1,1,1,2,100,"final","chessboard",115,1541,31,41,91,14,719,2
39,893,50,0.8,0.7,0.15,0.1,1,1,2,100,"final","chessboard",115,1541,31,41,91,14,721,9
39,893,50,0.8,0.7,0.15,0.1,1,1,2,100,"final","chessboard",115,1541,31,41,91,14,724,1
39,893,50,0.8,0.7,0.15,0.1,1,1,2,100,"final","chessboard",115,1541,31,41,91,14,734,1
39,893,50,0.8,0.7,0.15,0.1,1,1,2,100,"final","chessboard",115,1541,31,41,91,14,736,3
39,893,50,0.8,0.7,0.15,0.1,1,1,2,100,"final","chessboard",115,1541,31,41,91,14,749,2
39,893,50,0.8,0.7,0.15,0.1,1,1,2,100,"final","chessboard",115,1541,31,41,91,14,754,2
39,893,50,0.8,0.7,0.15,0.1,1,1,2,100,"final","chessboard",115,1541,31,41,91,14,759,2
39,893,50,0.8,0.7,0.15,0.1,1,1,2,100,"final","chessboard",115,1541,31,41,91,14,777,3
39,893,50,0.8,0.7,0.15,0.1,1,1,2,100,"final","chessboard",115,1541,31,41,91,14,790,1
39,893,50,0.8,0.7,0.15,0.1,1,1,2,100,"final","chessboard",115,1541,31,41,91,14,814,1
39,893,50,0.8,0.7,0.15,0.1,1,1,2,100,"final","chessboard",115,1541,31,41,91,14,818,3
39,893,50,0.8,0.7,0.15,0.1,1,1,2,100,"final","chessboard",116,1570,32,20,94,1,366,1
39,893,50,0.8,0.7,0.15,0.1,1,1,2,100,"final","chessboard",116,1570,32,20,94,1,380,1
39,893,50,0.8,0.7,0.15,0.1,1,1,2,100,"final","chessboard",116,1570,32,20,94,1,399,1
39,893,50,0.8,0.7,0.15,0.1,1,1,2,100,"final","chessboard",117,1582,32,32,96,1,NA,NA
39,893,50,0.8,0.7,0.15,0.1,1,1,2,100,"final","chessboard",118,1586,32,36,88,29,599,4
39,893,50,0.8,0.7,0.15,0.1,1,1,2,100,"final","chessboard",118,1586,32,36,88,29,612,1
39,893,50,0.8,0.7,0.15,0.1,1,1,2,100,"final","chessboard",118,1586,32,36,88,29,618,8
39,893,50,0.8,0.7,0.15,0.1,1,1,2,100,"final","chessboard",118,1586,32,36,88,29,637,2
39,893,50,0.8,0.7,0.15,0.1,1,1,2,100,"final","chessboard",118,1586,32,36,88,29,645,2
39,893,50,0.8,0.7,0.15,0.1,1,1,2,100,"final","chessboard",118,1586,32,36,88,29,646,2
39,893,50,0.8,0.7,0.15,0.1,1,1,2,100,"final","chessboard",118,1586,32,36,88,29,665,1
39,893,50,0.8,0.7,0.15,0.1,1,1,2,100,"final","chessboard",118,1586,32,36,88,29,667,4
39,893,50,0.8,0.7,0.15,0.1,1,1,2,100,"final","chessboard",118,1586,32,36,88,29,673,2
39,893,50,0.8,0.7,0.15,0.1,1,1,2,100,"final","chessboard",118,1586,32,36,88,29,678,4
39,893,50,0.8,0.7,0.15,0.1,1,1,2,100,"final","chessboard",118,1586,32,36,88,29,697,2
39,893,50,0.8,0.7,0.15,0.1,1,1,2,100,"final","chessboard",118,1586,32,36,88,29,711,2
39,893,50,0.8,0.7,0.15,0.1,1,1,2,100,"final","chessboard",118,1586,32,36,88,29,721,5
39,893,50,0.8,0.7,0.15,0.1,1,1,2,100,"final","chessboard",118,1586,32,36,88,29,722,1
39,893,50,0.8,0.7,0.15,0.1,1,1,2,100,"final","chessboard",118,1586,32,36,88,29,724,1
39,893,50,0.8,0.7,0.15,0.1,1,1,2,100,"final","chessboard",119,1588,32,38,88,29,618,1
39,893,50,0.8,0.7,0.15,0.1,1,1,2,100,"final","chessboard",119,1588,32,38,88,29,667,2
39,893,50,0.8,0.7,0.15,0.1,1,1,2,100,"final","chessboard",119,1588,32,38,88,29,673,2
39,893,50,0.8,0.7,0.15,0.1,1,1,2,100,"final","chessboard",119,1588,32,38,88,29,678,2
39,893,50,0.8,0.7,0.15,0.1,1,1,2,100,"final","chessboard",119,1588,32,38,88,29,689,2
39,893,50,0.8,0.7,0.15,0.1,1,1,2,100,"final","chessboard",119,1588,32,38,88,29,695,1
39,893,50,0.8,0.7,0.15,0.1,1,1,2,100,"final","chessboard",119,1588,32,38,88,29,714,1
39,893,50,0.8,0.7,0.15,0.1,1,1,2,100,"final","chessboard",119,1588,32,38,88,29,719,3
39,893,50,0.8,0.7,0.15,0.1,1,1,2,100,"final","chessboard",119,1588,32,38,88,29,721,9
39,893,50,0.8,0.7,0.15,0.1,1,1,2,100,"final","chessboard",119,1588,32,38,88,29,722,2
39,893,50,0.8,0.7,0.15,0.1,1,1,2,100,"final","chessboard",119,1588,32,38,88,29,724,1
39,893,50,0.8,0.7,0.15,0.1,1,1,2,100,"final","chessboard",119,1588,32,38,88,29,734,2
39,893,50,0.8,0.7,0.15,0.1,1,1,2,100,"final","chessboard",119,1588,32,38,88,29,738,1
39,893,50,0.8,0.7,0.15,0.1,1,1,2,100,"final","chessboard",119,1588,32,38,88,29,754,1
39,893,50,0.8,0.7,0.15,0.1,1,1,2,100,"final","chessboard",119,1588,32,38,88,29,777,1
39,893,50,0.8,0.7,0.15,0.1,1,1,2,100,"final","chessboard",119,1588,32,38,88,29,794,1
39,893,50,0.8,0.7,0.15,0.1,1,1,2,100,"final","chessboard",120,1592,32,42,91,14,691,1
39,893,50,0.8,0.7,0.15,0.1,1,1,2,100,"final","chessboard",120,1592,32,42,91,14,721,6
39,893,50,0.8,0.7,0.15,0.1,1,1,2,100,"final","chessboard",120,1592,32,42,91,14,722,1
39,893,50,0.8,0.7,0.15,0.1,1,1,2,100,"final","chessboard",120,1592,32,42,91,14,725,1
39,893,50,0.8,0.7,0.15,0.1,1,1,2,100,"final","chessboard",120,1592,32,42,91,14,726,1
39,893,50,0.8,0.7,0.15,0.1,1,1,2,100,"final","chessboard",120,1592,32,42,91,14,734,1
39,893,50,0.8,0.7,0.15,0.1,1,1,2,100,"final","chessboard",120,1592,32,42,91,14,739,1
39,893,50,0.8,0.7,0.15,0.1,1,1,2,100,"final","chessboard",120,1592,32,42,91,14,765,6
39,893,50,0.8,0.7,0.15,0.1,1,1,2,100,"final","chessboard",120,1592,32,42,91,14,772,3
39,893,50,0.8,0.7,0.15,0.1,1,1,2,100,"final","chessboard",120,1592,32,42,91,14,778,1
39,893,50,0.8,0.7,0.15,0.1,1,1,2,100,"final","chessboard",120,1592,32,42,91,14,782,2
39,893,50,0.8,0.7,0.15,0.1,1,1,2,100,"final","chessboard",120,1592,32,42,91,14,790,3
39,893,50,0.8,0.7,0.15,0.1,1,1,2,100,"final","chessboard",120,1592,32,42,91,14,803,1
39,893,50,0.8,0.7,0.15,0.1,1,1,2,100,"final","chessboard",120,1592,32,42,91,14,814,1
39,893,50,0.8,0.7,0.15,0.1,1,1,2,100,"final","chessboard",120,1592,32,42,91,14,818,8
39,893,50,0.8,0.7,0.15,0.1,1,1,2,100,"final","chessboard",120,1592,32,42,91,14,888,1
39,893,50,0.8,0.7,0.15,0.1,1,1,2,100,"final","chessboard",120,1592,32,42,91,14,914,1
39,893,50,0.8,0.7,0.15,0.1,1,1,2,100,"final","chessboard",121,1594,32,44,91,14,721,4
39,893,50,0.8,0.7,0.15,0.1,1,1,2,100,"final","chessboard",121,1594,32,44,91,14,759,2
39,893,50,0.8,0.7,0.15,0.1,1,1,2,100,"final","chessboard",121,1594,32,44,91,14,772,4
39,893,50,0.8,0.7,0.15,0.1,1,1,2,100,"final","chessboard",121,1594,32,44,91,14,775,2
39,893,50,0.8,0.7,0.15,0.1,1,1,2,100,"final","chessboard",121,1594,32,44,91,14,780,1
39,893,50,0.8,0.7,0.15,0.1,1,1,2,100,"final","chessboard",121,1594,32,44,91,14,781,1
39,893,50,0.8,0.7,0.15,0.1,1,1,2,100,"final","chessboard",121,1594,32,44,91,14,790,1
39,893,50,0.8,0.7,0.15,0.1,1,1,2,100,"final","chessboard",121,1594,32,44,91,14,803,1
39,893,50,0.8,0.7,0.15,0.1,1,1,2,100,"final","chessboard",121,1594,32,44,91,14,814,1
39,893,50,0.8,0.7,0.15,0.1,1,1,2,100,"final","chessboard",121,1594,32,44,91,14,818,2
39,893,50,0.8,0.7,0.15,0.1,1,1,2,100,"final","chessboard",121,1594,32,44,91,14,821,1
39,893,50,0.8,0.7,0.15,0.1,1,1,2,100,"final","chessboard",121,1594,32,44,91,14,846,4
39,893,50,0.8,0.7,0.15,0.1,1,1,2,100,"final","chessboard",121,1594,32,44,91,14,888,3
39,893,50,0.8,0.7,0.15,0.1,1,1,2,100,"final","chessboard",121,1594,32,44,91,14,914,1
39,893,50,0.8,0.7,0.15,0.1,1,1,2,100,"final","chessboard",122,1600,32,50,97,2,805,1
39,893,50,0.8,0.7,0.15,0.1,1,1,2,100,"final","chessboard",122,1600,32,50,97,2,827,2
39,893,50,0.8,0.7,0.15,0.1,1,1,2,100,"final","chessboard",123,1605,33,5,98,2,NA,NA
39,893,50,0.8,0.7,0.15,0.1,1,1,2,100,"final","chessboard",124,1617,33,17,99,2,482,1
39,893,50,0.8,0.7,0.15,0.1,1,1,2,100,"final","chessboard",125,1623,33,23,95,2,314,1
39,893,50,0.8,0.7,0.15,0.1,1,1,2,100,"final","chessboard",125,1623,33,23,95,2,338,1
39,893,50,0.8,0.7,0.15,0.1,1,1,2,100,"final","chessboard",125,1623,33,23,95,2,374,1
39,893,50,0.8,0.7,0.15,0.1,1,1,2,100,"final","chessboard",125,1623,33,23,95,2,375,1
39,893,50,0.8,0.7,0.15,0.1,1,1,2,100,"final","chessboard",125,1623,33,23,95,2,402,1
39,893,50,0.8,0.7,0.15,0.1,1,1,2,100,"final","chessboard",126,1633,33,33,100,1,NA,NA
39,893,50,0.8,0.7,0.15,0.1,1,1,2,100,"final","chessboard",127,1643,33,43,91,14,721,4
39,893,50,0.8,0.7,0.15,0.1,1,1,2,100,"final","chessboard",127,1643,33,43,91,14,749,3
39,893,50,0.8,0.7,0.15,0.1,1,1,2,100,"final","chessboard",127,1643,33,43,91,14,765,2
39,893,50,0.8,0.7,0.15,0.1,1,1,2,100,"final","chessboard",127,1643,33,43,91,14,775,2
39,893,50,0.8,0.7,0.15,0.1,1,1,2,100,"final","chessboard",127,1643,33,43,91,14,778,1
39,893,50,0.8,0.7,0.15,0.1,1,1,2,100,"final","chessboard",127,1643,33,43,91,14,790,2
39,893,50,0.8,0.7,0.15,0.1,1,1,2,100,"final","chessboard",127,1643,33,43,91,14,803,1
39,893,50,0.8,0.7,0.15,0.1,1,1,2,100,"final","chessboard",127,1643,33,43,91,14,814,4
39,893,50,0.8,0.7,0.15,0.1,1,1,2,100,"final","chessboard",127,1643,33,43,91,14,818,3
39,893,50,0.8,0.7,0.15,0.1,1,1,2,100,"final","chessboard",127,1643,33,43,91,14,846,2
39,893,50,0.8,0.7,0.15,0.1,1,1,2,100,"final","chessboard",127,1643,33,43,91,14,888,8
39,893,50,0.8,0.7,0.15,0.1,1,1,2,100,"final","chessboard",128,1658,34,8,102,2,NA,NA
39,893,50,0.8,0.7,0.15,0.1,1,1,2,100,"final","chessboard",129,1662,34,12,103,2,NA,NA
39,893,50,0.8,0.7,0.15,0.1,1,1,2,100,"final","chessboard",130,1670,34,20,104,1,311,3
39,893,50,0.8,0.7,0.15,0.1,1,1,2,100,"final","chessboard",130,1670,34,20,104,1,366,1
39,893,50,0.8,0.7,0.15,0.1,1,1,2,100,"final","chessboard",131,1674,34,24,105,2,NA,NA
39,893,50,0.8,0.7,0.15,0.1,1,1,2,100,"final","chessboard",132,1680,34,30,106,1,NA,NA
39,893,50,0.8,0.7,0.15,0.1,1,1,2,100,"final","chessboard",133,1688,34,38,88,29,618,3
39,893,50,0.8,0.7,0.15,0.1,1,1,2,100,"final","chessboard",133,1688,34,38,88,29,665,4
39,893,50,0.8,0.7,0.15,0.1,1,1,2,100,"final","chessboard",133,1688,34,38,88,29,678,1
39,893,50,0.8,0.7,0.15,0.1,1,1,2,100,"final","chessboard",133,1688,34,38,88,29,691,1
39,893,50,0.8,0.7,0.15,0.1,1,1,2,100,"final","chessboard",133,1688,34,38,88,29,711,2
39,893,50,0.8,0.7,0.15,0.1,1,1,2,100,"final","chessboard",133,1688,34,38,88,29,721,8
39,893,50,0.8,0.7,0.15,0.1,1,1,2,100,"final","chessboard",133,1688,34,38,88,29,722,2
39,893,50,0.8,0.7,0.15,0.1,1,1,2,100,"final","chessboard",133,1688,34,38,88,29,724,2
39,893,50,0.8,0.7,0.15,0.1,1,1,2,100,"final","chessboard",133,1688,34,38,88,29,725,1
39,893,50,0.8,0.7,0.15,0.1,1,1,2,100,"final","chessboard",133,1688,34,38,88,29,734,1
39,893,50,0.8,0.7,0.15,0.1,1,1,2,100,"final","chessboard",133,1688,34,38,88,29,736,1
39,893,50,0.8,0.7,0.15,0.1,1,1,2,100,"final","chessboard",133,1688,34,38,88,29,738,1
39,893,50,0.8,0.7,0.15,0.1,1,1,2,100,"final","chessboard",133,1688,34,38,88,29,743,1
39,893,50,0.8,0.7,0.15,0.1,1,1,2,100,"final","chessboard",133,1688,34,38,88,29,748,3
39,893,50,0.8,0.7,0.15,0.1,1,1,2,100,"final","chessboard",133,1688,34,38,88,29,768,1
39,893,50,0.8,0.7,0.15,0.1,1,1,2,100,"final","chessboard",133,1688,34,38,88,29,775,1
39,893,50,0.8,0.7,0.15,0.1,1,1,2,100,"final","chessboard",133,1688,34,38,88,29,794,1
39,893,50,0.8,0.7,0.15,0.1,1,1,2,100,"final","chessboard",133,1688,34,38,88,29,818,1
39,893,50,0.8,0.7,0.15,0.1,1,1,2,100,"final","chessboard",134,1694,34,44,91,14,647,1
39,893,50,0.8,0.7,0.15,0.1,1,1,2,100,"final","chessboard",134,1694,34,44,91,14,772,1
39,893,50,0.8,0.7,0.15,0.1,1,1,2,100,"final","chessboard",134,1694,34,44,91,14,814,2
39,893,50,0.8,0.7,0.15,0.1,1,1,2,100,"final","chessboard",134,1694,34,44,91,14,818,2
39,893,50,0.8,0.7,0.15,0.1,1,1,2,100,"final","chessboard",134,1694,34,44,91,14,846,5
39,893,50,0.8,0.7,0.15,0.1,1,1,2,100,"final","chessboard",134,1694,34,44,91,14,888,8
39,893,50,0.8,0.7,0.15,0.1,1,1,2,100,"final","chessboard",135,1701,35,1,107,1,846,2
39,893,50,0.8,0.7,0.15,0.1,1,1,2,100,"final","chessboard",136,1737,35,37,88,29,599,5
39,893,50,0.8,0.7,0.15,0.1,1,1,2,100,"final","chessboard",136,1737,35,37,88,29,618,10
39,893,50,0.8,0.7,0.15,0.1,1,1,2,100,"final","chessboard",136,1737,35,37,88,29,624,2
39,893,50,0.8,0.7,0.15,0.1,1,1,2,100,"final","chessboard",136,1737,35,37,88,29,639,1
39,893,50,0.8,0.7,0.15,0.1,1,1,2,100,"final","chessboard",136,1737,35,37,88,29,645,2
39,893,50,0.8,0.7,0.15,0.1,1,1,2,100,"final","chessboard",136,1737,35,37,88,29,653,1
39,893,50,0.8,0.7,0.15,0.1,1,1,2,100,"final","chessboard",136,1737,35,37,88,29,665,3
39,893,50,0.8,0.7,0.15,0.1,1,1,2,100,"final","chessboard",136,1737,35,37,88,29,667,1
39,893,50,0.8,0.7,0.15,0.1,1,1,2,100,"final","chessboard",136,1737,35,37,88,29,678,2
39,893,50,0.8,0.7,0.15,0.1,1,1,2,100,"final","chessboard",136,1737,35,37,88,29,689,1
39,893,50,0.8,0.7,0.15,0.1,1,1,2,100,"final","chessboard",136,1737,35,37,88,29,719,1
39,893,50,0.8,0.7,0.15,0.1,1,1,2,100,"final","chessboard",136,1737,35,37,88,29,721,3
39,893,50,0.8,0.7,0.15,0.1,1,1,2,100,"final","chessboard",136,1737,35,37,88,29,724,2
39,893,50,0.8,0.7,0.15,0.1,1,1,2,100,"final","chessboard",136,1737,35,37,88,29,736,2
39,893,50,0.8,0.7,0.15,0.1,1,1,2,100,"final","chessboard",137,1754,36,4,110,2,612,1
39,893,50,0.8,0.7,0.15,0.1,1,1,2,100,"final","chessboard",138,1788,36,38,88,29,589,1
39,893,50,0.8,0.7,0.15,0.1,1,1,2,100,"final","chessboard",138,1788,36,38,88,29,599,2
39,893,50,0.8,0.7,0.15,0.1,1,1,2,100,"final","chessboard",138,1788,36,38,88,29,618,6
39,893,50,0.8,0.7,0.15,0.1,1,1,2,100,"final","chessboard",138,1788,36,38,88,29,624,3
39,893,50,0.8,0.7,0.15,0.1,1,1,2,100,"final","chessboard",138,1788,36,38,88,29,628,1
39,893,50,0.8,0.7,0.15,0.1,1,1,2,100,"final","chessboard",138,1788,36,38,88,29,645,2
39,893,50,0.8,0.7,0.15,0.1,1,1,2,100,"final","chessboard",138,1788,36,38,88,29,647,2
39,893,50,0.8,0.7,0.15,0.1,1,1,2,100,"final","chessboard",138,1788,36,38,88,29,665,3
39,893,50,0.8,0.7,0.15,0.1,1,1,2,100,"final","chessboard",138,1788,36,38,88,29,667,1
39,893,50,0.8,0.7,0.15,0.1,1,1,2,100,"final","chessboard",138,1788,36,38,88,29,673,1
39,893,50,0.8,0.7,0.15,0.1,1,1,2,100,"final","chessboard",138,1788,36,38,88,29,687,3
39,893,50,0.8,0.7,0.15,0.1,1,1,2,100,"final","chessboard",138,1788,36,38,88,29,691,1
39,893,50,0.8,0.7,0.15,0.1,1,1,2,100,"final","chessboard",138,1788,36,38,88,29,697,1
39,893,50,0.8,0.7,0.15,0.1,1,1,2,100,"final","chessboard",138,1788,36,38,88,29,719,1
39,893,50,0.8,0.7,0.15,0.1,1,1,2,100,"final","chessboard",138,1788,36,38,88,29,721,3
39,893,50,0.8,0.7,0.15,0.1,1,1,2,100,"final","chessboard",138,1788,36,38,88,29,722,1
39,893,50,0.8,0.7,0.15,0.1,1,1,2,100,"final","chessboard",138,1788,36,38,88,29,726,1
39,893,50,0.8,0.7,0.15,0.1,1,1,2,100,"final","chessboard",138,1788,36,38,88,29,775,1
39,893,50,0.8,0.7,0.15,0.1,1,1,2,100,"final","chessboard",139,1790,36,40,88,29,599,2
39,893,50,0.8,0.7,0.15,0.1,1,1,2,100,"final","chessboard",139,1790,36,40,88,29,618,1
39,893,50,0.8,0.7,0.15,0.1,1,1,2,100,"final","chessboard",139,1790,36,40,88,29,645,3
39,893,50,0.8,0.7,0.15,0.1,1,1,2,100,"final","chessboard",139,1790,36,40,88,29,653,2
39,893,50,0.8,0.7,0.15,0.1,1,1,2,100,"final","chessboard",139,1790,36,40,88,29,665,2
39,893,50,0.8,0.7,0.15,0.1,1,1,2,100,"final","chessboard",139,1790,36,40,88,29,687,4
39,893,50,0.8,0.7,0.15,0.1,1,1,2,100,"final","chessboard",139,1790,36,40,88,29,714,1
39,893,50,0.8,0.7,0.15,0.1,1,1,2,100,"final","chessboard",139,1790,36,40,88,29,719,2
39,893,50,0.8,0.7,0.15,0.1,1,1,2,100,"final","chessboard",139,1790,36,40,88,29,721,4
39,893,50,0.8,0.7,0.15,0.1,1,1,2,100,"final","chessboard",139,1790,36,40,88,29,726,3
39,893,50,0.8,0.7,0.15,0.1,1,1,2,100,"final","chessboard",139,1790,36,40,88,29,729,2
39,893,50,0.8,0.7,0.15,0.1,1,1,2,100,"final","chessboard",139,1790,36,40,88,29,734,1
39,893,50,0.8,0.7,0.15,0.1,1,1,2,100,"final","chessboard",139,1790,36,40,88,29,743,3
39,893,50,0.8,0.7,0.15,0.1,1,1,2,100,"final","chessboard",139,1790,36,40,88,29,749,2
39,893,50,0.8,0.7,0.15,0.1,1,1,2,100,"final","chessboard",139,1790,36,40,88,29,756,1
39,893,50,0.8,0.7,0.15,0.1,1,1,2,100,"final","chessboard",139,1790,36,40,88,29,775,2
39,893,50,0.8,0.7,0.15,0.1,1,1,2,100,"final","chessboard",139,1790,36,40,88,29,780,1
39,893,50,0.8,0.7,0.15,0.1,1,1,2,100,"final","chessboard",139,1790,36,40,88,29,803,2
39,893,50,0.8,0.7,0.15,0.1,1,1,2,100,"final","chessboard",140,1800,36,50,113,2,789,1
39,893,50,0.8,0.7,0.15,0.1,1,1,2,100,"final","chessboard",141,1811,37,11,114,2,351,1
39,893,50,0.8,0.7,0.15,0.1,1,1,2,100,"final","chessboard",142,1821,37,21,116,1,331,1
39,893,50,0.8,0.7,0.15,0.1,1,1,2,100,"final","chessboard",143,1837,37,37,88,29,589,1
39,893,50,0.8,0.7,0.15,0.1,1,1,2,100,"final","chessboard",143,1837,37,37,88,29,599,7
39,893,50,0.8,0.7,0.15,0.1,1,1,2,100,"final","chessboard",143,1837,37,37,88,29,618,6
39,893,50,0.8,0.7,0.15,0.1,1,1,2,100,"final","chessboard",143,1837,37,37,88,29,624,3
39,893,50,0.8,0.7,0.15,0.1,1,1,2,100,"final","chessboard",143,1837,37,37,88,29,628,1
39,893,50,0.8,0.7,0.15,0.1,1,1,2,100,"final","chessboard",143,1837,37,37,88,29,639,1
39,893,50,0.8,0.7,0.15,0.1,1,1,2,100,"final","chessboard",143,1837,37,37,88,29,645,2
39,893,50,0.8,0.7,0.15,0.1,1,1,2,100,"final","chessboard",143,1837,37,37,88,29,653,1
39,893,50,0.8,0.7,0.15,0.1,1,1,2,100,"final","chessboard",143,1837,37,37,88,29,665,3
39,893,50,0.8,0.7,0.15,0.1,1,1,2,100,"final","chessboard",143,1837,37,37,88,29,667,3
39,893,50,0.8,0.7,0.15,0.1,1,1,2,100,"final","chessboard",143,1837,37,37,88,29,673,2
39,893,50,0.8,0.7,0.15,0.1,1,1,2,100,"final","chessboard",143,1837,37,37,88,29,687,2
39,893,50,0.8,0.7,0.15,0.1,1,1,2,100,"final","chessboard",143,1837,37,37,88,29,701,4
39,893,50,0.8,0.7,0.15,0.1,1,1,2,100,"final","chessboard",143,1837,37,37,88,29,721,1
39,893,50,0.8,0.7,0.15,0.1,1,1,2,100,"final","chessboard",143,1837,37,37,88,29,738,1
39,893,50,0.8,0.7,0.15,0.1,1,1,2,100,"final","chessboard",143,1837,37,37,88,29,759,1
39,893,50,0.8,0.7,0.15,0.1,1,1,2,100,"final","chessboard",144,1839,37,39,88,29,599,1
39,893,50,0.8,0.7,0.15,0.1,1,1,2,100,"final","chessboard",144,1839,37,39,88,29,637,2
39,893,50,0.8,0.7,0.15,0.1,1,1,2,100,"final","chessboard",144,1839,37,39,88,29,645,6
39,893,50,0.8,0.7,0.15,0.1,1,1,2,100,"final","chessboard",144,1839,37,39,88,29,647,2
39,893,50,0.8,0.7,0.15,0.1,1,1,2,100,"final","chessboard",144,1839,37,39,88,29,653,1
39,893,50,0.8,0.7,0.15,0.1,1,1,2,100,"final","chessboard",144,1839,37,39,88,29,665,3
39,893,50,0.8,0.7,0.15,0.1,1,1,2,100,"final","chessboard",144,1839,37,39,88,29,667,1
39,893,50,0.8,0.7,0.15,0.1,1,1,2,100,"final","chessboard",144,1839,37,39,88,29,687,3
39,893,50,0.8,0.7,0.15,0.1,1,1,2,100,"final","chessboard",144,1839,37,39,88,29,691,2
39,893,50,0.8,0.7,0.15,0.1,1,1,2,100,"final","chessboard",144,1839,37,39,88,29,697,1
39,893,50,0.8,0.7,0.15,0.1,1,1,2,100,"final","chessboard",144,1839,37,39,88,29,721,2
39,893,50,0.8,0.7,0.15,0.1,1,1,2,100,"final","chessboard",144,1839,37,39,88,29,724,1
39,893,50,0.8,0.7,0.15,0.1,1,1,2,100,"final","chessboard",144,1839,37,39,88,29,731,1
39,893,50,0.8,0.7,0.15,0.1,1,1,2,100,"final","chessboard",144,1839,37,39,88,29,738,1
39,893,50,0.8,0.7,0.15,0.1,1,1,2,100,"final","chessboard",144,1839,37,39,88,29,749,1
39,893,50,0.8,0.7,0.15,0.1,1,1,2,100,"final","chessboard",144,1839,37,39,88,29,765,3
39,893,50,0.8,0.7,0.15,0.1,1,1,2,100,"final","chessboard",145,1845,37,45,117,1,846,1
39,893,50,0.8,0.7,0.15,0.1,1,1,2,100,"final","chessboard",145,1845,37,45,117,1,888,1
39,893,50,0.8,0.7,0.15,0.1,1,1,2,100,"final","chessboard",146,1862,38,12,118,2,351,1
39,893,50,0.8,0.7,0.15,0.1,1,1,2,100,"final","chessboard",147,1874,38,24,119,1,NA,NA
39,893,50,0.8,0.7,0.15,0.1,1,1,2,100,"final","chessboard",148,1876,38,26,120,1,NA,NA
39,893,50,0.8,0.7,0.15,0.1,1,1,2,100,"final","chessboard",149,1905,39,5,121,1,NA,NA
39,893,50,0.8,0.7,0.15,0.1,1,1,2,100,"final","chessboard",150,1909,39,9,122,6,286,2
39,893,50,0.8,0.7,0.15,0.1,1,1,2,100,"final","chessboard",150,1909,39,9,122,6,351,1
39,893,50,0.8,0.7,0.15,0.1,1,1,2,100,"final","chessboard",151,1939,39,39,124,1,566,1
39,893,50,0.8,0.7,0.15,0.1,1,1,2,100,"final","chessboard",151,1939,39,39,124,1,599,2
39,893,50,0.8,0.7,0.15,0.1,1,1,2,100,"final","chessboard",151,1939,39,39,124,1,618,3
39,893,50,0.8,0.7,0.15,0.1,1,1,2,100,"final","chessboard",151,1939,39,39,124,1,624,3
39,893,50,0.8,0.7,0.15,0.1,1,1,2,100,"final","chessboard",151,1939,39,39,124,1,628,1
39,893,50,0.8,0.7,0.15,0.1,1,1,2,100,"final","chessboard",151,1939,39,39,124,1,645,2
39,893,50,0.8,0.7,0.15,0.1,1,1,2,100,"final","chessboard",151,1939,39,39,124,1,653,2
39,893,50,0.8,0.7,0.15,0.1,1,1,2,100,"final","chessboard",151,1939,39,39,124,1,665,3
39,893,50,0.8,0.7,0.15,0.1,1,1,2,100,"final","chessboard",151,1939,39,39,124,1,667,1
39,893,50,0.8,0.7,0.15,0.1,1,1,2,100,"final","chessboard",151,1939,39,39,124,1,687,1
39,893,50,0.8,0.7,0.15,0.1,1,1,2,100,"final","chessboard",151,1939,39,39,124,1,697,9
39,893,50,0.8,0.7,0.15,0.1,1,1,2,100,"final","chessboard",151,1939,39,39,124,1,721,6
39,893,50,0.8,0.7,0.15,0.1,1,1,2,100,"final","chessboard",151,1939,39,39,124,1,736,1
39,893,50,0.8,0.7,0.15,0.1,1,1,2,100,"final","chessboard",151,1939,39,39,124,1,749,1
39,893,50,0.8,0.7,0.15,0.1,1,1,2,100,"final","chessboard",151,1939,39,39,124,1,756,2
39,893,50,0.8,0.7,0.15,0.1,1,1,2,100,"final","chessboard",152,1943,39,43,125,1,647,1
39,893,50,0.8,0.7,0.15,0.1,1,1,2,100,"final","chessboard",152,1943,39,43,125,1,790,2
39,893,50,0.8,0.7,0.15,0.1,1,1,2,100,"final","chessboard",153,1956,40,6,122,6,327,1
39,893,50,0.8,0.7,0.15,0.1,1,1,2,100,"final","chessboard",153,1956,40,6,122,6,351,1
39,893,50,0.8,0.7,0.15,0.1,1,1,2,100,"final","chessboard",154,1958,40,8,122,6,286,1
39,893,50,0.8,0.7,0.15,0.1,1,1,2,100,"final","chessboard",154,1958,40,8,122,6,316,1
39,893,50,0.8,0.7,0.15,0.1,1,1,2,100,"final","chessboard",154,1958,40,8,122,6,351,1
39,893,50,0.8,0.7,0.15,0.1,1,1,2,100,"final","chessboard",155,1986,40,36,123,3,618,2
39,893,50,0.8,0.7,0.15,0.1,1,1,2,100,"final","chessboard",155,1986,40,36,123,3,624,1
39,893,50,0.8,0.7,0.15,0.1,1,1,2,100,"final","chessboard",155,1986,40,36,123,3,628,1
39,893,50,0.8,0.7,0.15,0.1,1,1,2,100,"final","chessboard",155,1986,40,36,123,3,639,4
39,893,50,0.8,0.7,0.15,0.1,1,1,2,100,"final","chessboard",155,1986,40,36,123,3,667,3
39,893,50,0.8,0.7,0.15,0.1,1,1,2,100,"final","chessboard",155,1986,40,36,123,3,687,1
39,893,50,0.8,0.7,0.15,0.1,1,1,2,100,"final","chessboard",155,1986,40,36,123,3,701,1
39,893,50,0.8,0.7,0.15,0.1,1,1,2,100,"final","chessboard",155,1986,40,36,123,3,736,1
39,893,50,0.8,0.7,0.15,0.1,1,1,2,100,"final","chessboard",156,1996,40,46,128,1,NA,NA
39,893,50,0.8,0.7,0.15,0.1,1,1,2,100,"final","chessboard",157,2003,41,3,129,1,NA,NA
39,893,50,0.8,0.7,0.15,0.1,1,1,2,100,"final","chessboard",158,2027,41,27,127,3,325,1
39,893,50,0.8,0.7,0.15,0.1,1,1,2,100,"final","chessboard",158,2027,41,27,127,3,333,1
39,893,50,0.8,0.7,0.15,0.1,1,1,2,100,"final","chessboard",158,2027,41,27,127,3,405,1
39,893,50,0.8,0.7,0.15,0.1,1,1,2,100,"final","chessboard",159,2037,41,37,130,1,599,1
39,893,50,0.8,0.7,0.15,0.1,1,1,2,100,"final","chessboard",159,2037,41,37,130,1,601,1
39,893,50,0.8,0.7,0.15,0.1,1,1,2,100,"final","chessboard",159,2037,41,37,130,1,628,1
39,893,50,0.8,0.7,0.15,0.1,1,1,2,100,"final","chessboard",159,2037,41,37,130,1,645,1
39,893,50,0.8,0.7,0.15,0.1,1,1,2,100,"final","chessboard",159,2037,41,37,130,1,667,1
39,893,50,0.8,0.7,0.15,0.1,1,1,2,100,"final","chessboard",159,2037,41,37,130,1,687,1
39,893,50,0.8,0.7,0.15,0.1,1,1,2,100,"final","chessboard",159,2037,41,37,130,1,697,1
39,893,50,0.8,0.7,0.15,0.1,1,1,2,100,"final","chessboard",159,2037,41,37,130,1,738,1
39,893,50,0.8,0.7,0.15,0.1,1,1,2,100,"final","chessboard",160,2039,41,39,131,2,599,2
39,893,50,0.8,0.7,0.15,0.1,1,1,2,100,"final","chessboard",160,2039,41,39,131,2,601,1
39,893,50,0.8,0.7,0.15,0.1,1,1,2,100,"final","chessboard",160,2039,41,39,131,2,618,2
39,893,50,0.8,0.7,0.15,0.1,1,1,2,100,"final","chessboard",160,2039,41,39,131,2,639,1
39,893,50,0.8,0.7,0.15,0.1,1,1,2,100,"final","chessboard",160,2039,41,39,131,2,645,2
39,893,50,0.8,0.7,0.15,0.1,1,1,2,100,"final","chessboard",160,2039,41,39,131,2,721,2
39,893,50,0.8,0.7,0.15,0.1,1,1,2,100,"final","chessboard",161,2068,42,18,133,1,311,3
39,893,50,0.8,0.7,0.15,0.1,1,1,2,100,"final","chessboard",161,2068,42,18,133,1,325,1
39,893,50,0.8,0.7,0.15,0.1,1,1,2,100,"final","chessboard",161,2068,42,18,133,1,331,2
39,893,50,0.8,0.7,0.15,0.1,1,1,2,100,"final","chessboard",161,2068,42,18,133,1,407,1
39,893,50,0.8,0.7,0.15,0.1,1,1,2,100,"final","chessboard",161,2068,42,18,133,1,437,2
39,893,50,0.8,0.7,0.15,0.1,1,1,2,100,"final","chessboard",162,2070,42,20,134,4,287,1
39,893,50,0.8,0.7,0.15,0.1,1,1,2,100,"final","chessboard",162,2070,42,20,134,4,290,1
39,893,50,0.8,0.7,0.15,0.1,1,1,2,100,"final","chessboard",162,2070,42,20,134,4,331,11
39,893,50,0.8,0.7,0.15,0.1,1,1,2,100,"final","chessboard",162,2070,42,20,134,4,423,2
39,893,50,0.8,0.7,0.15,0.1,1,1,2,100,"final","chessboard",163,2072,42,22,135,1,284,1
39,893,50,0.8,0.7,0.15,0.1,1,1,2,100,"final","chessboard",163,2072,42,22,135,1,331,2
39,893,50,0.8,0.7,0.15,0.1,1,1,2,100,"final","chessboard",164,2084,42,34,136,3,566,1
39,893,50,0.8,0.7,0.15,0.1,1,1,2,100,"final","chessboard",164,2084,42,34,136,3,687,1
39,893,50,0.8,0.7,0.15,0.1,1,1,2,100,"final","chessboard",164,2084,42,34,136,3,721,1
39,893,50,0.8,0.7,0.15,0.1,1,1,2,100,"final","chessboard",165,2119,43,19,134,4,284,1
39,893,50,0.8,0.7,0.15,0.1,1,1,2,100,"final","chessboard",165,2119,43,19,134,4,287,4
39,893,50,0.8,0.7,0.15,0.1,1,1,2,100,"final","chessboard",165,2119,43,19,134,4,325,1
39,893,50,0.8,0.7,0.15,0.1,1,1,2,100,"final","chessboard",165,2119,43,19,134,4,331,13
39,893,50,0.8,0.7,0.15,0.1,1,1,2,100,"final","chessboard",165,2119,43,19,134,4,344,1
39,893,50,0.8,0.7,0.15,0.1,1,1,2,100,"final","chessboard",165,2119,43,19,134,4,407,1
39,893,50,0.8,0.7,0.15,0.1,1,1,2,100,"final","chessboard",166,2133,43,33,136,3,526,2
39,893,50,0.8,0.7,0.15,0.1,1,1,2,100,"final","chessboard",166,2133,43,33,136,3,566,1
39,893,50,0.8,0.7,0.15,0.1,1,1,2,100,"final","chessboard",166,2133,43,33,136,3,601,1
39,893,50,0.8,0.7,0.15,0.1,1,1,2,100,"final","chessboard",167,2192,44,42,140,1,719,1
39,893,50,0.8,0.7,0.15,0.1,1,1,2,100,"final","chessboard",168,2225,45,25,3,25,356,1
39,893,50,0.8,0.7,0.15,0.1,1,1,2,100,"final","chessboard",168,2225,45,25,3,25,367,4
39,893,50,0.8,0.7,0.15,0.1,1,1,2,100,"final","chessboard",168,2225,45,25,3,25,374,2
39,893,50,0.8,0.7,0.15,0.1,1,1,2,100,"final","chessboard",168,2225,45,25,3,25,375,9
39,893,50,0.8,0.7,0.15,0.1,1,1,2,100,"final","chessboard",168,2225,45,25,3,25,407,1
39,893,50,0.8,0.7,0.15,0.1,1,1,2,100,"final","chessboard",168,2225,45,25,3,25,419,2
39,893,50,0.8,0.7,0.15,0.1,1,1,2,100,"final","chessboard",168,2225,45,25,3,25,425,4
39,893,50,0.8,0.7,0.15,0.1,1,1,2,100,"final","chessboard",168,2225,45,25,3,25,437,6
39,893,50,0.8,0.7,0.15,0.1,1,1,2,100,"final","chessboard",168,2225,45,25,3,25,450,1
39,893,50,0.8,0.7,0.15,0.1,1,1,2,100,"final","chessboard",168,2225,45,25,3,25,510,1
39,893,50,0.8,0.7,0.15,0.1,1,1,2,100,"final","chessboard",169,2254,46,4,143,1,NA,NA
39,893,50,0.8,0.7,0.15,0.1,1,1,2,100,"final","chessboard",170,2274,46,24,3,25,325,2
39,893,50,0.8,0.7,0.15,0.1,1,1,2,100,"final","chessboard",170,2274,46,24,3,25,367,5
39,893,50,0.8,0.7,0.15,0.1,1,1,2,100,"final","chessboard",170,2274,46,24,3,25,374,2
39,893,50,0.8,0.7,0.15,0.1,1,1,2,100,"final","chessboard",170,2274,46,24,3,25,375,2
39,893,50,0.8,0.7,0.15,0.1,1,1,2,100,"final","chessboard",170,2274,46,24,3,25,389,3
39,893,50,0.8,0.7,0.15,0.1,1,1,2,100,"final","chessboard",170,2274,46,24,3,25,405,1
39,893,50,0.8,0.7,0.15,0.1,1,1,2,100,"final","chessboard",170,2274,46,24,3,25,407,1
39,893,50,0.8,0.7,0.15,0.1,1,1,2,100,"final","chessboard",170,2274,46,24,3,25,414,1
39,893,50,0.8,0.7,0.15,0.1,1,1,2,100,"final","chessboard",170,2274,46,24,3,25,425,1
39,893,50,0.8,0.7,0.15,0.1,1,1,2,100,"final","chessboard",170,2274,46,24,3,25,428,1
39,893,50,0.8,0.7,0.15,0.1,1,1,2,100,"final","chessboard",170,2274,46,24,3,25,437,7
39,893,50,0.8,0.7,0.15,0.1,1,1,2,100,"final","chessboard",170,2274,46,24,3,25,450,3
39,893,50,0.8,0.7,0.15,0.1,1,1,2,100,"final","chessboard",170,2274,46,24,3,25,481,1
39,893,50,0.8,0.7,0.15,0.1,1,1,2,100,"final","chessboard",170,2274,46,24,3,25,510,1
39,893,50,0.8,0.7,0.15,0.1,1,1,2,100,"final","chessboard",171,2278,46,28,142,2,437,1
39,893,50,0.8,0.7,0.15,0.1,1,1,2,100,"final","chessboard",171,2278,46,28,142,2,450,3
39,893,50,0.8,0.7,0.15,0.1,1,1,2,100,"final","chessboard",171,2278,46,28,142,2,497,2
39,893,50,0.8,0.7,0.15,0.1,1,1,2,100,"final","chessboard",171,2278,46,28,142,2,510,4
39,893,50,0.8,0.7,0.15,0.1,1,1,2,100,"final","chessboard",172,2323,47,23,3,25,356,1
39,893,50,0.8,0.7,0.15,0.1,1,1,2,100,"final","chessboard",172,2323,47,23,3,25,365,3
39,893,50,0.8,0.7,0.15,0.1,1,1,2,100,"final","chessboard",172,2323,47,23,3,25,367,3
39,893,50,0.8,0.7,0.15,0.1,1,1,2,100,"final","chessboard",172,2323,47,23,3,25,374,3
39,893,50,0.8,0.7,0.15,0.1,1,1,2,100,"final","chessboard",172,2323,47,23,3,25,375,6
39,893,50,0.8,0.7,0.15,0.1,1,1,2,100,"final","chessboard",172,2323,47,23,3,25,389,4
39,893,50,0.8,0.7,0.15,0.1,1,1,2,100,"final","chessboard",172,2323,47,23,3,25,405,1
39,893,50,0.8,0.7,0.15,0.1,1,1,2,100,"final","chessboard",172,2323,47,23,3,25,407,5
39,893,50,0.8,0.7,0.15,0.1,1,1,2,100,"final","chessboard",172,2323,47,23,3,25,412,1
39,893,50,0.8,0.7,0.15,0.1,1,1,2,100,"final","chessboard",172,2323,47,23,3,25,414,1
39,893,50,0.8,0.7,0.15,0.1,1,1,2,100,"final","chessboard",172,2323,47,23,3,25,419,4
39,893,50,0.8,0.7,0.15,0.1,1,1,2,100,"final","chessboard",172,2323,47,23,3,25,425,3
39,893,50,0.8,0.7,0.15,0.1,1,1,2,100,"final","chessboard",172,2323,47,23,3,25,428,1
39,893,50,0.8,0.7,0.15,0.1,1,1,2,100,"final","chessboard",172,2323,47,23,3,25,450,1
39,893,50,0.8,0.7,0.15,0.1,1,1,2,100,"final","chessboard",173,2325,47,25,3,25,331,1
39,893,50,0.8,0.7,0.15,0.1,1,1,2,100,"final","chessboard",173,2325,47,25,3,25,374,2
39,893,50,0.8,0.7,0.15,0.1,1,1,2,100,"final","chessboard",173,2325,47,25,3,25,375,2
39,893,50,0.8,0.7,0.15,0.1,1,1,2,100,"final","chessboard",173,2325,47,25,3,25,389,2
39,893,50,0.8,0.7,0.15,0.1,1,1,2,100,"final","chessboard",173,2325,47,25,3,25,414,4
39,893,50,0.8,0.7,0.15,0.1,1,1,2,100,"final","chessboard",173,2325,47,25,3,25,425,1
39,893,50,0.8,0.7,0.15,0.1,1,1,2,100,"final","chessboard",173,2325,47,25,3,25,428,1
39,893,50,0.8,0.7,0.15,0.1,1,1,2,100,"final","chessboard",173,2325,47,25,3,25,435,3
39,893,50,0.8,0.7,0.15,0.1,1,1,2,100,"final","chessboard",173,2325,47,25,3,25,437,3
39,893,50,0.8,0.7,0.15,0.1,1,1,2,100,"final","chessboard",173,2325,47,25,3,25,450,10
39,893,50,0.8,0.7,0.15,0.1,1,1,2,100,"final","chessboard",173,2325,47,25,3,25,451,1
39,893,50,0.8,0.7,0.15,0.1,1,1,2,100,"final","chessboard",173,2325,47,25,3,25,480,1
39,893,50,0.8,0.7,0.15,0.1,1,1,2,100,"final","chessboard",173,2325,47,25,3,25,481,3
39,893,50,0.8,0.7,0.15,0.1,1,1,2,100,"final","chessboard",173,2325,47,25,3,25,497,3
39,893,50,0.8,0.7,0.15,0.1,1,1,2,100,"final","chessboard",173,2325,47,25,3,25,502,1
39,893,50,0.8,0.7,0.15,0.1,1,1,2,100,"final","chessboard",173,2325,47,25,3,25,512,1
39,893,50,0.8,0.7,0.15,0.1,1,1,2,100,"final","chessboard",173,2325,47,25,3,25,526,1
39,893,50,0.8,0.7,0.15,0.1,1,1,2,100,"final","chessboard",173,2325,47,25,3,25,558,1
39,893,50,0.8,0.7,0.15,0.1,1,1,2,100,"final","chessboard",173,2325,47,25,3,25,569,1
39,893,50,0.8,0.7,0.15,0.1,1,1,2,100,"final","chessboard",174,2327,47,27,3,25,365,1
39,893,50,0.8,0.7,0.15,0.1,1,1,2,100,"final","chessboard",174,2327,47,27,3,25,389,1
39,893,50,0.8,0.7,0.15,0.1,1,1,2,100,"final","chessboard",174,2327,47,27,3,25,419,1
39,893,50,0.8,0.7,0.15,0.1,1,1,2,100,"final","chessboard",174,2327,47,27,3,25,435,3
39,893,50,0.8,0.7,0.15,0.1,1,1,2,100,"final","chessboard",174,2327,47,27,3,25,437,2
39,893,50,0.8,0.7,0.15,0.1,1,1,2,100,"final","chessboard",174,2327,47,27,3,25,450,1
39,893,50,0.8,0.7,0.15,0.1,1,1,2,100,"final","chessboard",174,2327,47,27,3,25,451,1
39,893,50,0.8,0.7,0.15,0.1,1,1,2,100,"final","chessboard",174,2327,47,27,3,25,458,1
39,893,50,0.8,0.7,0.15,0.1,1,1,2,100,"final","chessboard",174,2327,47,27,3,25,480,1
39,893,50,0.8,0.7,0.15,0.1,1,1,2,100,"final","chessboard",174,2327,47,27,3,25,481,2
39,893,50,0.8,0.7,0.15,0.1,1,1,2,100,"final","chessboard",174,2327,47,27,3,25,502,1
39,893,50,0.8,0.7,0.15,0.1,1,1,2,100,"final","chessboard",174,2327,47,27,3,25,512,4
39,893,50,0.8,0.7,0.15,0.1,1,1,2,100,"final","chessboard",174,2327,47,27,3,25,519,3
39,893,50,0.8,0.7,0.15,0.1,1,1,2,100,"final","chessboard",174,2327,47,27,3,25,524,2
39,893,50,0.8,0.7,0.15,0.1,1,1,2,100,"final","chessboard",174,2327,47,27,3,25,526,3
39,893,50,0.8,0.7,0.15,0.1,1,1,2,100,"final","chessboard",174,2327,47,27,3,25,548,1
39,893,50,0.8,0.7,0.15,0.1,1,1,2,100,"final","chessboard",174,2327,47,27,3,25,558,1
39,893,50,0.8,0.7,0.15,0.1,1,1,2,100,"final","chessboard",175,2337,47,37,144,2,695,1
39,893,50,0.8,0.7,0.15,0.1,1,1,2,100,"final","chessboard",175,2337,47,37,144,2,725,1
39,893,50,0.8,0.7,0.15,0.1,1,1,2,100,"final","chessboard",175,2337,47,37,144,2,735,5
39,893,50,0.8,0.7,0.15,0.1,1,1,2,100,"final","chessboard",175,2337,47,37,144,2,754,2
39,893,50,0.8,0.7,0.15,0.1,1,1,2,100,"final","chessboard",175,2337,47,37,144,2,757,1
39,893,50,0.8,0.7,0.15,0.1,1,1,2,100,"final","chessboard",175,2337,47,37,144,2,760,1
39,893,50,0.8,0.7,0.15,0.1,1,1,2,100,"final","chessboard",175,2337,47,37,144,2,778,2
39,893,50,0.8,0.7,0.15,0.1,1,1,2,100,"final","chessboard",176,2372,48,22,3,25,356,1
39,893,50,0.8,0.7,0.15,0.1,1,1,2,100,"final","chessboard",176,2372,48,22,3,25,365,1
39,893,50,0.8,0.7,0.15,0.1,1,1,2,100,"final","chessboard",176,2372,48,22,3,25,367,1
39,893,50,0.8,0.7,0.15,0.1,1,1,2,100,"final","chessboard",176,2372,48,22,3,25,374,1
39,893,50,0.8,0.7,0.15,0.1,1,1,2,100,"final","chessboard",176,2372,48,22,3,25,375,2
39,893,50,0.8,0.7,0.15,0.1,1,1,2,100,"final","chessboard",176,2372,48,22,3,25,389,3
39,893,50,0.8,0.7,0.15,0.1,1,1,2,100,"final","chessboard",176,2372,48,22,3,25,405,1
39,893,50,0.8,0.7,0.15,0.1,1,1,2,100,"final","chessboard",176,2372,48,22,3,25,407,9
39,893,50,0.8,0.7,0.15,0.1,1,1,2,100,"final","chessboard",176,2372,48,22,3,25,412,1
39,893,50,0.8,0.7,0.15,0.1,1,1,2,100,"final","chessboard",176,2372,48,22,3,25,414,1
39,893,50,0.8,0.7,0.15,0.1,1,1,2,100,"final","chessboard",176,2372,48,22,3,25,419,3
39,893,50,0.8,0.7,0.15,0.1,1,1,2,100,"final","chessboard",176,2372,48,22,3,25,423,2
39,893,50,0.8,0.7,0.15,0.1,1,1,2,100,"final","chessboard",176,2372,48,22,3,25,425,1
39,893,50,0.8,0.7,0.15,0.1,1,1,2,100,"final","chessboard",176,2372,48,22,3,25,428,1
39,893,50,0.8,0.7,0.15,0.1,1,1,2,100,"final","chessboard",176,2372,48,22,3,25,435,3
39,893,50,0.8,0.7,0.15,0.1,1,1,2,100,"final","chessboard",176,2372,48,22,3,25,437,3
39,893,50,0.8,0.7,0.15,0.1,1,1,2,100,"final","chessboard",176,2372,48,22,3,25,450,3
39,893,50,0.8,0.7,0.15,0.1,1,1,2,100,"final","chessboard",176,2372,48,22,3,25,451,1
39,893,50,0.8,0.7,0.15,0.1,1,1,2,100,"final","chessboard",177,2376,48,26,3,25,356,1
39,893,50,0.8,0.7,0.15,0.1,1,1,2,100,"final","chessboard",177,2376,48,26,3,25,419,1
39,893,50,0.8,0.7,0.15,0.1,1,1,2,100,"final","chessboard",177,2376,48,26,3,25,428,1
39,893,50,0.8,0.7,0.15,0.1,1,1,2,100,"final","chessboard",177,2376,48,26,3,25,435,2
39,893,50,0.8,0.7,0.15,0.1,1,1,2,100,"final","chessboard",177,2376,48,26,3,25,437,5
39,893,50,0.8,0.7,0.15,0.1,1,1,2,100,"final","chessboard",177,2376,48,26,3,25,450,2
39,893,50,0.8,0.7,0.15,0.1,1,1,2,100,"final","chessboard",177,2376,48,26,3,25,451,1
39,893,50,0.8,0.7,0.15,0.1,1,1,2,100,"final","chessboard",177,2376,48,26,3,25,471,1
39,893,50,0.8,0.7,0.15,0.1,1,1,2,100,"final","chessboard",177,2376,48,26,3,25,487,2
39,893,50,0.8,0.7,0.15,0.1,1,1,2,100,"final","chessboard",177,2376,48,26,3,25,493,1
39,893,50,0.8,0.7,0.15,0.1,1,1,2,100,"final","chessboard",177,2376,48,26,3,25,497,6
39,893,50,0.8,0.7,0.15,0.1,1,1,2,100,"final","chessboard",177,2376,48,26,3,25,510,2
39,893,50,0.8,0.7,0.15,0.1,1,1,2,100,"final","chessboard",177,2376,48,26,3,25,512,6
39,893,50,0.8,0.7,0.15,0.1,1,1,2,100,"final","chessboard",177,2376,48,26,3,25,514,1
39,893,50,0.8,0.7,0.15,0.1,1,1,2,100,"final","chessboard",177,2376,48,26,3,25,524,2
39,893,50,0.8,0.7,0.15,0.1,1,1,2,100,"final","chessboard",177,2376,48,26,3,25,526,2
39,893,50,0.8,0.7,0.15,0.1,1,1,2,100,"final","chessboard",177,2376,48,26,3,25,548,1
39,893,50,0.8,0.7,0.15,0.1,1,1,2,100,"final","chessboard",178,2390,48,40,147,2,639,1
39,893,50,0.8,0.7,0.15,0.1,1,1,2,100,"final","chessboard",178,2390,48,40,147,2,735,1
39,893,50,0.8,0.7,0.15,0.1,1,1,2,100,"final","chessboard",178,2390,48,40,147,2,740,1
39,893,50,0.8,0.7,0.15,0.1,1,1,2,100,"final","chessboard",178,2390,48,40,147,2,754,1
39,893,50,0.8,0.7,0.15,0.1,1,1,2,100,"final","chessboard",178,2390,48,40,147,2,762,3
39,893,50,0.8,0.7,0.15,0.1,1,1,2,100,"final","chessboard",178,2390,48,40,147,2,778,1
39,893,50,0.8,0.7,0.15,0.1,1,1,2,100,"final","chessboard",179,2398,48,48,148,1,NA,NA
39,893,50,0.8,0.7,0.15,0.1,1,1,2,100,"final","chessboard",180,2411,49,11,149,1,NA,NA
39,893,50,0.8,0.7,0.15,0.1,1,1,2,100,"final","chessboard",181,2421,49,21,3,25,325,1
39,893,50,0.8,0.7,0.15,0.1,1,1,2,100,"final","chessboard",181,2421,49,21,3,25,365,1
39,893,50,0.8,0.7,0.15,0.1,1,1,2,100,"final","chessboard",181,2421,49,21,3,25,374,3
39,893,50,0.8,0.7,0.15,0.1,1,1,2,100,"final","chessboard",181,2421,49,21,3,25,375,3
39,893,50,0.8,0.7,0.15,0.1,1,1,2,100,"final","chessboard",181,2421,49,21,3,25,407,2
39,893,50,0.8,0.7,0.15,0.1,1,1,2,100,"final","chessboard",181,2421,49,21,3,25,414,3
39,893,50,0.8,0.7,0.15,0.1,1,1,2,100,"final","chessboard",181,2421,49,21,3,25,422,2
39,893,50,0.8,0.7,0.15,0.1,1,1,2,100,"final","chessboard",181,2421,49,21,3,25,428,2
39,893,50,0.8,0.7,0.15,0.1,1,1,2,100,"final","chessboard",181,2421,49,21,3,25,435,3
39,893,50,0.8,0.7,0.15,0.1,1,1,2,100,"final","chessboard",181,2421,49,21,3,25,437,5
39,893,50,0.8,0.7,0.15,0.1,1,1,2,100,"final","chessboard",181,2421,49,21,3,25,451,2
39,893,50,0.8,0.7,0.15,0.1,1,1,2,100,"final","chessboard",181,2421,49,21,3,25,476,1
39,893,50,0.8,0.7,0.15,0.1,1,1,2,100,"final","chessboard",182,2425,49,25,3,25,365,1
39,893,50,0.8,0.7,0.15,0.1,1,1,2,100,"final","chessboard",182,2425,49,25,3,25,374,1
39,893,50,0.8,0.7,0.15,0.1,1,1,2,100,"final","chessboard",182,2425,49,25,3,25,389,1
39,893,50,0.8,0.7,0.15,0.1,1,1,2,100,"final","chessboard",182,2425,49,25,3,25,412,1
39,893,50,0.8,0.7,0.15,0.1,1,1,2,100,"final","chessboard",182,2425,49,25,3,25,435,3
39,893,50,0.8,0.7,0.15,0.1,1,1,2,100,"final","chessboard",182,2425,49,25,3,25,437,6
39,893,50,0.8,0.7,0.15,0.1,1,1,2,100,"final","chessboard",182,2425,49,25,3,25,451,3
39,893,50,0.8,0.7,0.15,0.1,1,1,2,100,"final","chessboard",182,2425,49,25,3,25,458,1
39,893,50,0.8,0.7,0.15,0.1,1,1,2,100,"final","chessboard",182,2425,49,25,3,25,471,4
39,893,50,0.8,0.7,0.15,0.1,1,1,2,100,"final","chessboard",182,2425,49,25,3,25,480,6
39,893,50,0.8,0.7,0.15,0.1,1,1,2,100,"final","chessboard",182,2425,49,25,3,25,487,1
39,893,50,0.8,0.7,0.15,0.1,1,1,2,100,"final","chessboard",182,2425,49,25,3,25,493,1
39,893,50,0.8,0.7,0.15,0.1,1,1,2,100,"final","chessboard",182,2425,49,25,3,25,497,4
39,893,50,0.8,0.7,0.15,0.1,1,1,2,100,"final","chessboard",182,2425,49,25,3,25,510,1
39,893,50,0.8,0.7,0.15,0.1,1,1,2,100,"final","chessboard",182,2425,49,25,3,25,514,4
39,893,50,0.8,0.7,0.15,0.1,1,1,2,100,"final","chessboard",182,2425,49,25,3,25,524,1
39,893,50,0.8,0.7,0.15,0.1,1,1,2,100,"final","chessboard",183,2433,49,33,146,2,666,1
39,893,50,0.8,0.7,0.15,0.1,1,1,2,100,"final","chessboard",183,2433,49,33,146,2,673,1
39,893,50,0.8,0.7,0.15,0.1,1,1,2,100,"final","chessboard",183,2433,49,33,146,2,725,1
39,893,50,0.8,0.7,0.15,0.1,1,1,2,100,"final","chessboard",183,2433,49,33,146,2,735,1
39,893,50,0.8,0.7,0.15,0.1,1,1,2,100,"final","chessboard",183,2433,49,33,146,2,762,1
39,893,50,0.8,0.7,0.15,0.1,1,1,2,100,"final","chessboard",184,2437,49,37,5,5,725,4
39,893,50,0.8,0.7,0.15,0.1,1,1,2,100,"final","chessboard",184,2437,49,37,5,5,735,1
39,893,50,0.8,0.7,0.15,0.1,1,1,2,100,"final","chessboard",184,2437,49,37,5,5,740,1
39,893,50,0.8,0.7,0.15,0.1,1,1,2,100,"final","chessboard",184,2437,49,37,5,5,743,1
39,893,50,0.8,0.7,0.15,0.1,1,1,2,100,"final","chessboard",184,2437,49,37,5,5,757,1
39,893,50,0.8,0.7,0.15,0.1,1,1,2,100,"final","chessboard",184,2437,49,37,5,5,760,5
39,893,50,0.8,0.7,0.15,0.1,1,1,2,100,"final","chessboard",184,2437,49,37,5,5,762,6
39,893,50,0.8,0.7,0.15,0.1,1,1,2,100,"final","chessboard",184,2437,49,37,5,5,778,5
39,893,50,0.8,0.7,0.15,0.1,1,1,2,100,"final","chessboard",185,2470,50,20,152,1,374,2
39,893,50,0.8,0.7,0.15,0.1,1,1,2,100,"final","chessboard",185,2470,50,20,152,1,375,1
39,893,50,0.8,0.7,0.15,0.1,1,1,2,100,"final","chessboard",185,2470,50,20,152,1,389,2
39,893,50,0.8,0.7,0.15,0.1,1,1,2,100,"final","chessboard",185,2470,50,20,152,1,407,11
39,893,50,0.8,0.7,0.15,0.1,1,1,2,100,"final","chessboard",185,2470,50,20,152,1,414,1
39,893,50,0.8,0.7,0.15,0.1,1,1,2,100,"final","chessboard",185,2470,50,20,152,1,419,3
39,893,50,0.8,0.7,0.15,0.1,1,1,2,100,"final","chessboard",185,2470,50,20,152,1,422,1
39,893,50,0.8,0.7,0.15,0.1,1,1,2,100,"final","chessboard",185,2470,50,20,152,1,435,3
39,893,50,0.8,0.7,0.15,0.1,1,1,2,100,"final","chessboard",185,2470,50,20,152,1,450,1
39,893,50,0.8,0.7,0.15,0.1,1,1,2,100,"final","chessboard",185,2470,50,20,152,1,451,2
39,893,50,0.8,0.7,0.15,0.1,1,1,2,100,"final","chessboard",186,2472,50,22,3,25,365,1
39,893,50,0.8,0.7,0.15,0.1,1,1,2,100,"final","chessboard",186,2472,50,22,3,25,367,2
39,893,50,0.8,0.7,0.15,0.1,1,1,2,100,"final","chessboard",186,2472,50,22,3,25,374,1
39,893,50,0.8,0.7,0.15,0.1,1,1,2,100,"final","chessboard",186,2472,50,22,3,25,375,2
39,893,50,0.8,0.7,0.15,0.1,1,1,2,100,"final","chessboard",186,2472,50,22,3,25,407,2
39,893,50,0.8,0.7,0.15,0.1,1,1,2,100,"final","chessboard",186,2472,50,22,3,25,419,1
39,893,50,0.8,0.7,0.15,0.1,1,1,2,100,"final","chessboard",186,2472,50,22,3,25,422,2
39,893,50,0.8,0.7,0.15,0.1,1,1,2,100,"final","chessboard",186,2472,50,22,3,25,423,1
39,893,50,0.8,0.7,0.15,0.1,1,1,2,100,"final","chessboard",186,2472,50,22,3,25,425,1
39,893,50,0.8,0.7,0.15,0.1,1,1,2,100,"final","chessboard",186,2472,50,22,3,25,437,4
39,893,50,0.8,0.7,0.15,0.1,1,1,2,100,"final","chessboard",186,2472,50,22,3,25,450,2
39,893,50,0.8,0.7,0.15,0.1,1,1,2,100,"final","chessboard",186,2472,50,22,3,25,451,1
39,893,50,0.8,0.7,0.15,0.1,1,1,2,100,"final","chessboard",186,2472,50,22,3,25,480,6
39,893,50,0.8,0.7,0.15,0.1,1,1,2,100,"final","chessboard",186,2472,50,22,3,25,497,3
39,893,50,0.8,0.7,0.15,0.1,1,1,2,100,"final","chessboard",186,2472,50,22,3,25,502,4
39,893,50,0.8,0.7,0.15,0.1,1,1,2,100,"final","chessboard",187,2474,50,24,3,25,365,1
39,893,50,0.8,0.7,0.15,0.1,1,1,2,100,"final","chessboard",187,2474,50,24,3,25,405,1
39,893,50,0.8,0.7,0.15,0.1,1,1,2,100,"final","chessboard",187,2474,50,24,3,25,412,1
39,893,50,0.8,0.7,0.15,0.1,1,1,2,100,"final","chessboard",187,2474,50,24,3,25,425,2
39,893,50,0.8,0.7,0.15,0.1,1,1,2,100,"final","chessboard",187,2474,50,24,3,25,435,2
39,893,50,0.8,0.7,0.15,0.1,1,1,2,100,"final","chessboard",187,2474,50,24,3,25,437,2
39,893,50,0.8,0.7,0.15,0.1,1,1,2,100,"final","chessboard",187,2474,50,24,3,25,450,7
39,893,50,0.8,0.7,0.15,0.1,1,1,2,100,"final","chessboard",187,2474,50,24,3,25,451,2
39,893,50,0.8,0.7,0.15,0.1,1,1,2,100,"final","chessboard",187,2474,50,24,3,25,458,1
39,893,50,0.8,0.7,0.15,0.1,1,1,2,100,"final","chessboard",187,2474,50,24,3,25,461,1
39,893,50,0.8,0.7,0.15,0.1,1,1,2,100,"final","chessboard",187,2474,50,24,3,25,480,7
39,893,50,0.8,0.7,0.15,0.1,1,1,2,100,"final","chessboard",187,2474,50,24,3,25,510,5
39,893,50,0.8,0.7,0.15,0.1,1,1,2,100,"final","chessboard",187,2474,50,24,3,25,512,1
39,893,50,0.8,0.7,0.15,0.1,1,1,2,100,"final","chessboard",187,2474,50,24,3,25,519,1
39,893,50,0.8,0.7,0.15,0.1,1,1,2,100,"final","chessboard",188,2488,50,38,5,5,725,6
39,893,50,0.8,0.7,0.15,0.1,1,1,2,100,"final","chessboard",188,2488,50,38,5,5,735,5
39,893,50,0.8,0.7,0.15,0.1,1,1,2,100,"final","chessboard",188,2488,50,38,5,5,743,6
39,893,50,0.8,0.7,0.15,0.1,1,1,2,100,"final","chessboard",188,2488,50,38,5,5,757,3
39,893,50,0.8,0.7,0.15,0.1,1,1,2,100,"final","chessboard",188,2488,50,38,5,5,758,1
39,893,50,0.8,0.7,0.15,0.1,1,1,2,100,"final","chessboard",188,2488,50,38,5,5,760,1
39,893,50,0.8,0.7,0.15,0.1,1,1,2,100,"final","chessboard",188,2488,50,38,5,5,762,9
39,893,50,0.8,0.7,0.15,0.1,1,1,2,100,"final","chessboard",188,2488,50,38,5,5,778,5
