sim_id,master_seed,grid_size,fragmentation,ac_amount,habitat,niche_breadth,edge_effect,dispersal,dispersal_dist,step,step_label,samp_method,sample_id,cell_id,x_loc,y_loc,patch_id,patch_size,species_id,n
43,897,50,0.2,0.7,0.15,0.1,1,1,2,40,"post_fragmentation","random",1,2248,45,48,1,270,466,1
43,897,50,0.2,0.7,0.15,0.1,1,1,2,40,"post_fragmentation","random",1,2248,45,48,1,270,471,1
43,897,50,0.2,0.7,0.15,0.1,1,1,2,40,"post_fragmentation","random",1,2248,45,48,1,270,527,2
43,897,50,0.2,0.7,0.15,0.1,1,1,2,40,"post_fragmentation","random",1,2248,45,48,1,270,550,1
43,897,50,0.2,0.7,0.15,0.1,1,1,2,40,"post_fragmentation","random",1,2248,45,48,1,270,553,2
43,897,50,0.2,0.7,0.15,0.1,1,1,2,40,"post_fragmentation","random",1,2248,45,48,1,270,564,2
43,897,50,0.2,0.7,0.15,0.1,1,1,2,40,"post_fragmentation","random",1,2248,45,48,1,270,575,1
43,897,50,0.2,0.7,0.15,0.1,1,1,2,40,"post_fragmentation","random",1,2248,45,48,1,270,577,3
43,897,50,0.2,0.7,0.15,0.1,1,1,2,40,"post_fragmentation","random",1,2248,45,48,1,270,581,4
43,897,50,0.2,0.7,0.15,0.1,1,1,2,40,"post_fragmentation","random",1,2248,45,48,1,270,583,1
43,897,50,0.2,0.7,0.15,0.1,1,1,2,40,"post_fragmentation","random",1,2248,45,48,1,270,595,2
43,897,50,0.2,0.7,0.15,0.1,1,1,2,40,"post_fragmentation","random",1,2248,45,48,1,270,597,3
43,897,50,0.2,0.7,0.15,0.1,1,1,2,40,"post_fragmentation","random",1,2248,45,48,1,270,598,1
43,897,50,0.2,0.7,0.15,0.1,1,1,2,40,"post_fragmentation","random",1,2248,45,48,1,270,609,1
43,897,50,0.2,0.7,0.15,0.1,1,1,2,40,"post_fragmentation","random",1,2248,45,48,1,270,615,1
43,897,50,0.2,0.7,0.15,0.1,1,1,2,40,"post_fragmentation","random",1,2248,45,48,1,270,628,1
43,897,50,0.2,0.7,0.15,0.1,1,1,2,40,"post_fragmentation","random",1,2248,45,48,1,270,630,3
43,897,50,0.2,0.7,0.15,0.1,1,1,2,40,"post_fragmentation","random",1,2248,45,48,1,270,642,1
43,897,50,0.2,0.7,0.15,0.1,1,1,2,40,"post_fragmentation","random",1,2248,45,48,1,270,650,1
43,897,50,0.2,0.7,0.15,0.1,1,1,2,40,"post_fragmentation","random",1,2248,45,48,1,270,680,1
43,897,50,0.2,0.7,0.15,0.1,1,1,2,40,"post_fragmentation","random",1,2248,45,48,1,270,682,2
43,897,50,0.2,0.7,0.15,0.1,1,1,2,40,"post_fragmentation","random",1,2248,45,48,1,270,683,1
43,897,50,0.2,0.7,0.15,0.1,1,1,2,40,"post_fragmentation","random",1,2248,45,48,1,270,698,1
43,897,50,0.2,0.7,0.15,0.1,1,1,2,40,"post_fragmentation","random",1,2248,45,48,1,270,700,1
43,897,50,0.2,0.7,0.15,0.1,1,1,2,40,"post_fragmentation","random",1,2248,45,48,1,270,729,1
43,897,50,0.2,0.7,0.15,0.1,1,1,2,40,"post_fragmentation","random",2,2055,42,5,1,270,518,2
43,897,50,0.2,0.7,0.15,0.1,1,1,2,40,"post_fragmentation","random",2,2055,42,5,1,270,531,2
43,897,50,0.2,0.7,0.15,0.1,1,1,2,40,"post_fragmentation","random",2,2055,42,5,1,270,533,2
43,897,50,0.2,0.7,0.15,0.1,1,1,2,40,"post_fragmentation","random",2,2055,42,5,1,270,539,2
43,897,50,0.2,0.7,0.15,0.1,1,1,2,40,"post_fragmentation","random",2,2055,42,5,1,270,546,1
43,897,50,0.2,0.7,0.15,0.1,1,1,2,40,"post_fragmentation","random",2,2055,42,5,1,270,550,1
43,897,50,0.2,0.7,0.15,0.1,1,1,2,40,"post_fragmentation","random",2,2055,42,5,1,270,553,1
43,897,50,0.2,0.7,0.15,0.1,1,1,2,40,"post_fragmentation","random",2,2055,42,5,1,270,556,1
43,897,50,0.2,0.7,0.15,0.1,1,1,2,40,"post_fragmentation","random",2,2055,42,5,1,270,574,1
43,897,50,0.2,0.7,0.15,0.1,1,1,2,40,"post_fragmentation","random",2,2055,42,5,1,270,576,3
43,897,50,0.2,0.7,0.15,0.1,1,1,2,40,"post_fragmentation","random",2,2055,42,5,1,270,578,1
43,897,50,0.2,0.7,0.15,0.1,1,1,2,40,"post_fragmentation","random",2,2055,42,5,1,270,580,1
43,897,50,0.2,0.7,0.15,0.1,1,1,2,40,"post_fragmentation","random",2,2055,42,5,1,270,589,1
43,897,50,0.2,0.7,0.15,0.1,1,1,2,40,"post_fragmentation","random",2,2055,42,5,1,270,591,3
43,897,50,0.2,0.7,0.15,0.1,1,1,2,40,"post_fragmentation","random",2,2055,42,5,1,270,594,1
43,897,50,0.2,0.7,0.15,0.1,1,1,2,40,"post_fragmentation","random",2,2055,42,5,1,270,595,3
43,897,50,0.2,0.7,0.15,0.1,1,1,2,40,"post_fragmentation","random",2,2055,42,5,1,270,600,4
43,897,50,0.2,0.7,0.15,0.1,1,1,2,40,"post_fragmentation","random",2,2055,42,5,1,270,601,1
43,897,50,0.2,0.7,0.15,0.1,1,1,2,40,"post_fragmentation","random",2,2055,42,5,1,270,620,1
43,897,50,0.2,0.7,0.15,0.1,1,1,2,40,"post_fragmentation","random",2,2055,42,5,1,270,628,1
43,897,50,0.2,0.7,0.15,0.1,1,1,2,40,"post_fragmentation","random",2,2055,42,5,1,270,638,1
43,897,50,0.2,0.7,0.15,0.1,1,1,2,40,"post_fragmentation","random",2,2055,42,5,1,270,640,1
43,897,50,0.2,0.7,0.15,0.1,1,1,2,40,"post_fragmentation","random",2,2055,42,5,1,270,643,1
43,897,50,0.2,0.7,0.15,0.1,1,1,2,40,"post_fragmentation","random",2,2055,42,5,1,270,652,1
43,897,50,0.2,0.7,0.15,0.1,1,1,2,40,"post_fragmentation","random",2,2055,42,5,1,270,692,1
43,897,50,0.2,0.7,0.15,0.1,1,1,2,40,"post_fragmentation","random",2,2055,42,5,1,270,771,1
43,897,50,0.2,0.7,0.15,0.1,1,1,2,40,"post_fragmentation","random",3,1808,37,8,1,270,357,1
43,897,50,0.2,0.7,0.15,0.1,1,1,2,40,"post_fragmentation","random",3,1808,37,8,1,270,387,1
43,897,50,0.2,0.7,0.15,0.1,1,1,2,40,"post_fragmentation","random",3,1808,37,8,1,270,394,4
43,897,50,0.2,0.7,0.15,0.1,1,1,2,40,"post_fragmentation","random",3,1808,37,8,1,270,399,1
43,897,50,0.2,0.7,0.15,0.1,1,1,2,40,"post_fragmentation","random",3,1808,37,8,1,270,405,1
43,897,50,0.2,0.7,0.15,0.1,1,1,2,40,"post_fragmentation","random",3,1808,37,8,1,270,424,1
43,897,50,0.2,0.7,0.15,0.1,1,1,2,40,"post_fragmentation","random",3,1808,37,8,1,270,433,1
43,897,50,0.2,0.7,0.15,0.1,1,1,2,40,"post_fragmentation","random",3,1808,37,8,1,270,474,1
43,897,50,0.2,0.7,0.15,0.1,1,1,2,40,"post_fragmentation","random",3,1808,37,8,1,270,492,3
43,897,50,0.2,0.7,0.15,0.1,1,1,2,40,"post_fragmentation","random",3,1808,37,8,1,270,493,1
43,897,50,0.2,0.7,0.15,0.1,1,1,2,40,"post_fragmentation","random",3,1808,37,8,1,270,499,2
43,897,50,0.2,0.7,0.15,0.1,1,1,2,40,"post_fragmentation","random",3,1808,37,8,1,270,503,2
43,897,50,0.2,0.7,0.15,0.1,1,1,2,40,"post_fragmentation","random",3,1808,37,8,1,270,511,1
43,897,50,0.2,0.7,0.15,0.1,1,1,2,40,"post_fragmentation","random",3,1808,37,8,1,270,516,1
43,897,50,0.2,0.7,0.15,0.1,1,1,2,40,"post_fragmentation","random",3,1808,37,8,1,270,528,1
43,897,50,0.2,0.7,0.15,0.1,1,1,2,40,"post_fragmentation","random",3,1808,37,8,1,270,539,1
43,897,50,0.2,0.7,0.15,0.1,1,1,2,40,"post_fragmentation","random",3,1808,37,8,1,270,544,1
43,897,50,0.2,0.7,0.15,0.1,1,1,2,40,"post_fragmentation","random",3,1808,37,8,1,270,546,3
43,897,50,0.2,0.7,0.15,0.1,1,1,2,40,"post_fragmentation","random",3,1808,37,8,1,270,553,1
43,897,50,0.2,0.7,0.15,0.1,1,1,2,40,"post_fragmentation","random",3,1808,37,8,1,270,563,2
43,897,50,0.2,0.7,0.15,0.1,1,1,2,40,"post_fragmentation","random",3,1808,37,8,1,270,574,1
43,897,50,0.2,0.7,0.15,0.1,1,1,2,40,"post_fragmentation","random",3,1808,37,8,1,270,575,1
43,897,50,0.2,0.7,0.15,0.1,1,1,2,40,"post_fragmentation","random",3,1808,37,8,1,270,583,1
43,897,50,0.2,0.7,0.15,0.1,1,1,2,40,"post_fragmentation","random",3,1808,37,8,1,270,587,1
43,897,50,0.2,0.7,0.15,0.1,1,1,2,40,"post_fragmentation","random",3,1808,37,8,1,270,595,1
43,897,50,0.2,0.7,0.15,0.1,1,1,2,40,"post_fragmentation","random",4,1329,27,29,3,100,287,1
43,897,50,0.2,0.7,0.15,0.1,1,1,2,40,"post_fragmentation","random",4,1329,27,29,3,100,331,2
43,897,50,0.2,0.7,0.15,0.1,1,1,2,40,"post_fragmentation","random",4,1329,27,29,3,100,342,3
43,897,50,0.2,0.7,0.15,0.1,1,1,2,40,"post_fragmentation","random",4,1329,27,29,3,100,357,2
43,897,50,0.2,0.7,0.15,0.1,1,1,2,40,"post_fragmentation","random",4,1329,27,29,3,100,363,2
43,897,50,0.2,0.7,0.15,0.1,1,1,2,40,"post_fragmentation","random",4,1329,27,29,3,100,372,2
43,897,50,0.2,0.7,0.15,0.1,1,1,2,40,"post_fragmentation","random",4,1329,27,29,3,100,378,1
43,897,50,0.2,0.7,0.15,0.1,1,1,2,40,"post_fragmentation","random",4,1329,27,29,3,100,385,1
43,897,50,0.2,0.7,0.15,0.1,1,1,2,40,"post_fragmentation","random",4,1329,27,29,3,100,388,2
43,897,50,0.2,0.7,0.15,0.1,1,1,2,40,"post_fragmentation","random",4,1329,27,29,3,100,390,2
43,897,50,0.2,0.7,0.15,0.1,1,1,2,40,"post_fragmentation","random",4,1329,27,29,3,100,400,1
43,897,50,0.2,0.7,0.15,0.1,1,1,2,40,"post_fragmentation","random",4,1329,27,29,3,100,401,2
43,897,50,0.2,0.7,0.15,0.1,1,1,2,40,"post_fragmentation","random",4,1329,27,29,3,100,414,1
43,897,50,0.2,0.7,0.15,0.1,1,1,2,40,"post_fragmentation","random",4,1329,27,29,3,100,416,1
43,897,50,0.2,0.7,0.15,0.1,1,1,2,40,"post_fragmentation","random",4,1329,27,29,3,100,422,1
43,897,50,0.2,0.7,0.15,0.1,1,1,2,40,"post_fragmentation","random",4,1329,27,29,3,100,432,1
43,897,50,0.2,0.7,0.15,0.1,1,1,2,40,"post_fragmentation","random",4,1329,27,29,3,100,441,2
43,897,50,0.2,0.7,0.15,0.1,1,1,2,40,"post_fragmentation","random",4,1329,27,29,3,100,443,1
43,897,50,0.2,0.7,0.15,0.1,1,1,2,40,"post_fragmentation","random",4,1329,27,29,3,100,458,3
43,897,50,0.2,0.7,0.15,0.1,1,1,2,40,"post_fragmentation","random",4,1329,27,29,3,100,485,1
43,897,50,0.2,0.7,0.15,0.1,1,1,2,40,"post_fragmentation","random",4,1329,27,29,3,100,493,1
43,897,50,0.2,0.7,0.15,0.1,1,1,2,40,"post_fragmentation","random",5,1475,30,25,3,100,181,1
43,897,50,0.2,0.7,0.15,0.1,1,1,2,40,"post_fragmentation","random",5,1475,30,25,3,100,216,1
43,897,50,0.2,0.7,0.15,0.1,1,1,2,40,"post_fragmentation","random",5,1475,30,25,3,100,225,1
43,897,50,0.2,0.7,0.15,0.1,1,1,2,40,"post_fragmentation","random",5,1475,30,25,3,100,258,2
43,897,50,0.2,0.7,0.15,0.1,1,1,2,40,"post_fragmentation","random",5,1475,30,25,3,100,268,1
43,897,50,0.2,0.7,0.15,0.1,1,1,2,40,"post_fragmentation","random",5,1475,30,25,3,100,271,1
43,897,50,0.2,0.7,0.15,0.1,1,1,2,40,"post_fragmentation","random",5,1475,30,25,3,100,279,1
43,897,50,0.2,0.7,0.15,0.1,1,1,2,40,"post_fragmentation","random",5,1475,30,25,3,100,281,2
43,897,50,0.2,0.7,0.15,0.1,1,1,2,40,"post_fragmentation","random",5,1475,30,25,3,100,286,2
43,897,50,0.2,0.7,0.15,0.1,1,1,2,40,"post_fragmentation","random",5,1475,30,25,3,100,287,2
43,897,50,0.2,0.7,0.15,0.1,1,1,2,40,"post_fragmentation","random",5,1475,30,25,3,100,288,3
43,897,50,0.2,0.7,0.15,0.1,1,1,2,40,"post_fragmentation","random",5,1475,30,25,3,100,315,2
43,897,50,0.2,0.7,0.15,0.1,1,1,2,40,"post_fragmentation","random",5,1475,30,25,3,100,323,1
43,897,50,0.2,0.7,0.15,0.1,1,1,2,40,"post_fragmentation","random",5,1475,30,25,3,100,325,1
43,897,50,0.2,0.7,0.15,0.1,1,1,2,40,"post_fragmentation","random",5,1475,30,25,3,100,331,1
43,897,50,0.2,0.7,0.15,0.1,1,1,2,40,"post_fragmentation","random",5,1475,30,25,3,100,337,1
43,897,50,0.2,0.7,0.15,0.1,1,1,2,40,"post_fragmentation","random",5,1475,30,25,3,100,339,1
43,897,50,0.2,0.7,0.15,0.1,1,1,2,40,"post_fragmentation","random",5,1475,30,25,3,100,341,2
43,897,50,0.2,0.7,0.15,0.1,1,1,2,40,"post_fragmentation","random",5,1475,30,25,3,100,357,2
43,897,50,0.2,0.7,0.15,0.1,1,1,2,40,"post_fragmentation","random",5,1475,30,25,3,100,363,3
43,897,50,0.2,0.7,0.15,0.1,1,1,2,40,"post_fragmentation","random",5,1475,30,25,3,100,366,1
43,897,50,0.2,0.7,0.15,0.1,1,1,2,40,"post_fragmentation","random",5,1475,30,25,3,100,367,1
43,897,50,0.2,0.7,0.15,0.1,1,1,2,40,"post_fragmentation","random",5,1475,30,25,3,100,372,3
43,897,50,0.2,0.7,0.15,0.1,1,1,2,40,"post_fragmentation","random",5,1475,30,25,3,100,414,1
43,897,50,0.2,0.7,0.15,0.1,1,1,2,40,"post_fragmentation","random",5,1475,30,25,3,100,425,1
43,897,50,0.2,0.7,0.15,0.1,1,1,2,40,"post_fragmentation","random",6,2245,45,45,1,270,487,1
43,897,50,0.2,0.7,0.15,0.1,1,1,2,40,"post_fragmentation","random",6,2245,45,45,1,270,547,1
43,897,50,0.2,0.7,0.15,0.1,1,1,2,40,"post_fragmentation","random",6,2245,45,45,1,270,553,2
43,897,50,0.2,0.7,0.15,0.1,1,1,2,40,"post_fragmentation","random",6,2245,45,45,1,270,564,1
43,897,50,0.2,0.7,0.15,0.1,1,1,2,40,"post_fragmentation","random",6,2245,45,45,1,270,579,1
43,897,50,0.2,0.7,0.15,0.1,1,1,2,40,"post_fragmentation","random",6,2245,45,45,1,270,597,1
43,897,50,0.2,0.7,0.15,0.1,1,1,2,40,"post_fragmentation","random",6,2245,45,45,1,270,606,1
43,897,50,0.2,0.7,0.15,0.1,1,1,2,40,"post_fragmentation","random",6,2245,45,45,1,270,613,3
43,897,50,0.2,0.7,0.15,0.1,1,1,2,40,"post_fragmentation","random",6,2245,45,45,1,270,615,2
43,897,50,0.2,0.7,0.15,0.1,1,1,2,40,"post_fragmentation","random",6,2245,45,45,1,270,620,2
43,897,50,0.2,0.7,0.15,0.1,1,1,2,40,"post_fragmentation","random",6,2245,45,45,1,270,642,3
43,897,50,0.2,0.7,0.15,0.1,1,1,2,40,"post_fragmentation","random",6,2245,45,45,1,270,649,1
43,897,50,0.2,0.7,0.15,0.1,1,1,2,40,"post_fragmentation","random",6,2245,45,45,1,270,664,1
43,897,50,0.2,0.7,0.15,0.1,1,1,2,40,"post_fragmentation","random",6,2245,45,45,1,270,673,2
43,897,50,0.2,0.7,0.15,0.1,1,1,2,40,"post_fragmentation","random",6,2245,45,45,1,270,683,1
43,897,50,0.2,0.7,0.15,0.1,1,1,2,40,"post_fragmentation","random",6,2245,45,45,1,270,688,1
43,897,50,0.2,0.7,0.15,0.1,1,1,2,40,"post_fragmentation","random",6,2245,45,45,1,270,700,5
43,897,50,0.2,0.7,0.15,0.1,1,1,2,40,"post_fragmentation","random",6,2245,45,45,1,270,718,1
43,897,50,0.2,0.7,0.15,0.1,1,1,2,40,"post_fragmentation","random",6,2245,45,45,1,270,726,1
43,897,50,0.2,0.7,0.15,0.1,1,1,2,40,"post_fragmentation","random",6,2245,45,45,1,270,729,2
43,897,50,0.2,0.7,0.15,0.1,1,1,2,40,"post_fragmentation","random",6,2245,45,45,1,270,734,2
43,897,50,0.2,0.7,0.15,0.1,1,1,2,40,"post_fragmentation","random",6,2245,45,45,1,270,758,1
43,897,50,0.2,0.7,0.15,0.1,1,1,2,40,"post_fragmentation","random",6,2245,45,45,1,270,829,1
43,897,50,0.2,0.7,0.15,0.1,1,1,2,40,"post_fragmentation","random",7,2341,47,41,1,270,423,1
43,897,50,0.2,0.7,0.15,0.1,1,1,2,40,"post_fragmentation","random",7,2341,47,41,1,270,473,1
43,897,50,0.2,0.7,0.15,0.1,1,1,2,40,"post_fragmentation","random",7,2341,47,41,1,270,492,1
43,897,50,0.2,0.7,0.15,0.1,1,1,2,40,"post_fragmentation","random",7,2341,47,41,1,270,541,3
43,897,50,0.2,0.7,0.15,0.1,1,1,2,40,"post_fragmentation","random",7,2341,47,41,1,270,554,2
43,897,50,0.2,0.7,0.15,0.1,1,1,2,40,"post_fragmentation","random",7,2341,47,41,1,270,555,1
43,897,50,0.2,0.7,0.15,0.1,1,1,2,40,"post_fragmentation","random",7,2341,47,41,1,270,558,1
43,897,50,0.2,0.7,0.15,0.1,1,1,2,40,"post_fragmentation","random",7,2341,47,41,1,270,564,1
43,897,50,0.2,0.7,0.15,0.1,1,1,2,40,"post_fragmentation","random",7,2341,47,41,1,270,567,1
43,897,50,0.2,0.7,0.15,0.1,1,1,2,40,"post_fragmentation","random",7,2341,47,41,1,270,574,1
43,897,50,0.2,0.7,0.15,0.1,1,1,2,40,"post_fragmentation","random",7,2341,47,41,1,270,576,1
43,897,50,0.2,0.7,0.15,0.1,1,1,2,40,"post_fragmentation","random",7,2341,47,41,1,270,587,2
43,897,50,0.2,0.7,0.15,0.1,1,1,2,40,"post_fragmentation","random",7,2341,47,41,1,270,597,1
43,897,50,0.2,0.7,0.15,0.1,1,1,2,40,"post_fragmentation","random",7,2341,47,41,1,270,604,1
43,897,50,0.2,0.7,0.15,0.1,1,1,2,40,"post_fragmentation","random",7,2341,47,41,1,270,606,1
43,897,50,0.2,0.7,0.15,0.1,1,1,2,40,"post_fragmentation","random",7,2341,47,41,1,270,607,2
43,897,50,0.2,0.7,0.15,0.1,1,1,2,40,"post_fragmentation","random",7,2341,47,41,1,270,609,1
43,897,50,0.2,0.7,0.15,0.1,1,1,2,40,"post_fragmentation","random",7,2341,47,41,1,270,616,1
43,897,50,0.2,0.7,0.15,0.1,1,1,2,40,"post_fragmentation","random",7,2341,47,41,1,270,620,1
43,897,50,0.2,0.7,0.15,0.1,1,1,2,40,"post_fragmentation","random",7,2341,47,41,1,270,642,2
43,897,50,0.2,0.7,0.15,0.1,1,1,2,40,"post_fragmentation","random",7,2341,47,41,1,270,649,3
43,897,50,0.2,0.7,0.15,0.1,1,1,2,40,"post_fragmentation","random",7,2341,47,41,1,270,650,2
43,897,50,0.2,0.7,0.15,0.1,1,1,2,40,"post_fragmentation","random",7,2341,47,41,1,270,657,1
43,897,50,0.2,0.7,0.15,0.1,1,1,2,40,"post_fragmentation","random",7,2341,47,41,1,270,664,1
43,897,50,0.2,0.7,0.15,0.1,1,1,2,40,"post_fragmentation","random",7,2341,47,41,1,270,672,1
43,897,50,0.2,0.7,0.15,0.1,1,1,2,40,"post_fragmentation","random",7,2341,47,41,1,270,680,1
43,897,50,0.2,0.7,0.15,0.1,1,1,2,40,"post_fragmentation","random",7,2341,47,41,1,270,690,1
43,897,50,0.2,0.7,0.15,0.1,1,1,2,40,"post_fragmentation","random",7,2341,47,41,1,270,715,1
43,897,50,0.2,0.7,0.15,0.1,1,1,2,40,"post_fragmentation","random",8,1676,34,26,3,100,183,1
43,897,50,0.2,0.7,0.15,0.1,1,1,2,40,"post_fragmentation","random",8,1676,34,26,3,100,191,1
43,897,50,0.2,0.7,0.15,0.1,1,1,2,40,"post_fragmentation","random",8,1676,34,26,3,100,259,2
43,897,50,0.2,0.7,0.15,0.1,1,1,2,40,"post_fragmentation","random",8,1676,34,26,3,100,265,1
43,897,50,0.2,0.7,0.15,0.1,1,1,2,40,"post_fragmentation","random",8,1676,34,26,3,100,279,1
43,897,50,0.2,0.7,0.15,0.1,1,1,2,40,"post_fragmentation","random",8,1676,34,26,3,100,281,2
43,897,50,0.2,0.7,0.15,0.1,1,1,2,40,"post_fragmentation","random",8,1676,34,26,3,100,293,1
43,897,50,0.2,0.7,0.15,0.1,1,1,2,40,"post_fragmentation","random",8,1676,34,26,3,100,312,1
43,897,50,0.2,0.7,0.15,0.1,1,1,2,40,"post_fragmentation","random",8,1676,34,26,3,100,330,1
43,897,50,0.2,0.7,0.15,0.1,1,1,2,40,"post_fragmentation","random",8,1676,34,26,3,100,334,4
43,897,50,0.2,0.7,0.15,0.1,1,1,2,40,"post_fragmentation","random",8,1676,34,26,3,100,339,1
43,897,50,0.2,0.7,0.15,0.1,1,1,2,40,"post_fragmentation","random",8,1676,34,26,3,100,341,4
43,897,50,0.2,0.7,0.15,0.1,1,1,2,40,"post_fragmentation","random",8,1676,34,26,3,100,346,2
43,897,50,0.2,0.7,0.15,0.1,1,1,2,40,"post_fragmentation","random",8,1676,34,26,3,100,351,2
43,897,50,0.2,0.7,0.15,0.1,1,1,2,40,"post_fragmentation","random",8,1676,34,26,3,100,352,2
43,897,50,0.2,0.7,0.15,0.1,1,1,2,40,"post_fragmentation","random",8,1676,34,26,3,100,359,1
43,897,50,0.2,0.7,0.15,0.1,1,1,2,40,"post_fragmentation","random",8,1676,34,26,3,100,366,1
43,897,50,0.2,0.7,0.15,0.1,1,1,2,40,"post_fragmentation","random",8,1676,34,26,3,100,388,1
43,897,50,0.2,0.7,0.15,0.1,1,1,2,40,"post_fragmentation","random",8,1676,34,26,3,100,414,3
43,897,50,0.2,0.7,0.15,0.1,1,1,2,40,"post_fragmentation","random",8,1676,34,26,3,100,419,1
43,897,50,0.2,0.7,0.15,0.1,1,1,2,40,"post_fragmentation","random",8,1676,34,26,3,100,420,1
43,897,50,0.2,0.7,0.15,0.1,1,1,2,40,"post_fragmentation","random",8,1676,34,26,3,100,422,1
43,897,50,0.2,0.7,0.15,0.1,1,1,2,40,"post_fragmentation","random",8,1676,34,26,3,100,470,1
43,897,50,0.2,0.7,0.15,0.1,1,1,2,40,"post_fragmentation","random",9,1647,33,47,1,270,674,1
43,897,50,0.2,0.7,0.15,0.1,1,1,2,40,"post_fragmentation","random",9,1647,33,47,1,270,758,1
43,897,50,0.2,0.7,0.15,0.1,1,1,2,40,"post_fragmentation","random",9,1647,33,47,1,270,799,1
43,897,50,0.2,0.7,0.15,0.1,1,1,2,40,"post_fragmentation","random",9,1647,33,47,1,270,801,2
43,897,50,0.2,0.7,0.15,0.1,1,1,2,40,"post_fragmentation","random",9,1647,33,47,1,270,825,1
43,897,50,0.2,0.7,0.15,0.1,1,1,2,40,"post_fragmentation","random",9,1647,33,47,1,270,831,1
43,897,50,0.2,0.7,0.15,0.1,1,1,2,40,"post_fragmentation","random",9,1647,33,47,1,270,832,1
43,897,50,0.2,0.7,0.15,0.1,1,1,2,40,"post_fragmentation","random",9,1647,33,47,1,270,833,4
43,897,50,0.2,0.7,0.15,0.1,1,1,2,40,"post_fragmentation","random",9,1647,33,47,1,270,834,3
43,897,50,0.2,0.7,0.15,0.1,1,1,2,40,"post_fragmentation","random",9,1647,33,47,1,270,841,1
43,897,50,0.2,0.7,0.15,0.1,1,1,2,40,"post_fragmentation","random",9,1647,33,47,1,270,846,1
43,897,50,0.2,0.7,0.15,0.1,1,1,2,40,"post_fragmentation","random",9,1647,33,47,1,270,848,1
43,897,50,0.2,0.7,0.15,0.1,1,1,2,40,"post_fragmentation","random",9,1647,33,47,1,270,853,1
43,897,50,0.2,0.7,0.15,0.1,1,1,2,40,"post_fragmentation","random",9,1647,33,47,1,270,865,1
43,897,50,0.2,0.7,0.15,0.1,1,1,2,40,"post_fragmentation","random",9,1647,33,47,1,270,885,4
43,897,50,0.2,0.7,0.15,0.1,1,1,2,40,"post_fragmentation","random",9,1647,33,47,1,270,895,1
43,897,50,0.2,0.7,0.15,0.1,1,1,2,40,"post_fragmentation","random",9,1647,33,47,1,270,897,1
43,897,50,0.2,0.7,0.15,0.1,1,1,2,40,"post_fragmentation","random",9,1647,33,47,1,270,899,2
43,897,50,0.2,0.7,0.15,0.1,1,1,2,40,"post_fragmentation","random",9,1647,33,47,1,270,901,1
43,897,50,0.2,0.7,0.15,0.1,1,1,2,40,"post_fragmentation","random",9,1647,33,47,1,270,916,1
43,897,50,0.2,0.7,0.15,0.1,1,1,2,40,"post_fragmentation","random",9,1647,33,47,1,270,923,2
43,897,50,0.2,0.7,0.15,0.1,1,1,2,40,"post_fragmentation","random",10,2197,44,47,1,270,594,1
43,897,50,0.2,0.7,0.15,0.1,1,1,2,40,"post_fragmentation","random",10,2197,44,47,1,270,652,1
43,897,50,0.2,0.7,0.15,0.1,1,1,2,40,"post_fragmentation","random",10,2197,44,47,1,270,680,1
43,897,50,0.2,0.7,0.15,0.1,1,1,2,40,"post_fragmentation","random",10,2197,44,47,1,270,682,1
43,897,50,0.2,0.7,0.15,0.1,1,1,2,40,"post_fragmentation","random",10,2197,44,47,1,270,683,2
43,897,50,0.2,0.7,0.15,0.1,1,1,2,40,"post_fragmentation","random",10,2197,44,47,1,270,690,1
43,897,50,0.2,0.7,0.15,0.1,1,1,2,40,"post_fragmentation","random",10,2197,44,47,1,270,696,3
43,897,50,0.2,0.7,0.15,0.1,1,1,2,40,"post_fragmentation","random",10,2197,44,47,1,270,700,1
43,897,50,0.2,0.7,0.15,0.1,1,1,2,40,"post_fragmentation","random",10,2197,44,47,1,270,706,2
43,897,50,0.2,0.7,0.15,0.1,1,1,2,40,"post_fragmentation","random",10,2197,44,47,1,270,729,1
43,897,50,0.2,0.7,0.15,0.1,1,1,2,40,"post_fragmentation","random",10,2197,44,47,1,270,730,1
43,897,50,0.2,0.7,0.15,0.1,1,1,2,40,"post_fragmentation","random",10,2197,44,47,1,270,750,1
43,897,50,0.2,0.7,0.15,0.1,1,1,2,40,"post_fragmentation","random",10,2197,44,47,1,270,751,1
43,897,50,0.2,0.7,0.15,0.1,1,1,2,40,"post_fragmentation","random",10,2197,44,47,1,270,758,1
43,897,50,0.2,0.7,0.15,0.1,1,1,2,40,"post_fragmentation","random",10,2197,44,47,1,270,783,6
43,897,50,0.2,0.7,0.15,0.1,1,1,2,40,"post_fragmentation","random",10,2197,44,47,1,270,789,2
43,897,50,0.2,0.7,0.15,0.1,1,1,2,40,"post_fragmentation","random",10,2197,44,47,1,270,803,1
43,897,50,0.2,0.7,0.15,0.1,1,1,2,40,"post_fragmentation","random",10,2197,44,47,1,270,815,2
43,897,50,0.2,0.7,0.15,0.1,1,1,2,40,"post_fragmentation","random",10,2197,44,47,1,270,819,1
43,897,50,0.2,0.7,0.15,0.1,1,1,2,40,"post_fragmentation","random",10,2197,44,47,1,270,826,1
43,897,50,0.2,0.7,0.15,0.1,1,1,2,40,"post_fragmentation","random",10,2197,44,47,1,270,855,1
43,897,50,0.2,0.7,0.15,0.1,1,1,2,40,"post_fragmentation","random",10,2197,44,47,1,270,892,1
43,897,50,0.2,0.7,0.15,0.1,1,1,2,40,"post_fragmentation","random",10,2197,44,47,1,270,920,1
43,897,50,0.2,0.7,0.15,0.1,1,1,2,40,"post_fragmentation","random",11,2100,42,50,1,270,556,1
43,897,50,0.2,0.7,0.15,0.1,1,1,2,40,"post_fragmentation","random",11,2100,42,50,1,270,597,1
43,897,50,0.2,0.7,0.15,0.1,1,1,2,40,"post_fragmentation","random",11,2100,42,50,1,270,600,1
43,897,50,0.2,0.7,0.15,0.1,1,1,2,40,"post_fragmentation","random",11,2100,42,50,1,270,620,1
43,897,50,0.2,0.7,0.15,0.1,1,1,2,40,"post_fragmentation","random",11,2100,42,50,1,270,630,1
43,897,50,0.2,0.7,0.15,0.1,1,1,2,40,"post_fragmentation","random",11,2100,42,50,1,270,640,1
43,897,50,0.2,0.7,0.15,0.1,1,1,2,40,"post_fragmentation","random",11,2100,42,50,1,270,659,2
43,897,50,0.2,0.7,0.15,0.1,1,1,2,40,"post_fragmentation","random",11,2100,42,50,1,270,674,1
43,897,50,0.2,0.7,0.15,0.1,1,1,2,40,"post_fragmentation","random",11,2100,42,50,1,270,680,1
43,897,50,0.2,0.7,0.15,0.1,1,1,2,40,"post_fragmentation","random",11,2100,42,50,1,270,684,1
43,897,50,0.2,0.7,0.15,0.1,1,1,2,40,"post_fragmentation","random",11,2100,42,50,1,270,692,1
43,897,50,0.2,0.7,0.15,0.1,1,1,2,40,"post_fragmentation","random",11,2100,42,50,1,270,704,1
43,897,50,0.2,0.7,0.15,0.1,1,1,2,40,"post_fragmentation","random",11,2100,42,50,1,270,715,1
43,897,50,0.2,0.7,0.15,0.1,1,1,2,40,"post_fragmentation","random",11,2100,42,50,1,270,719,1
43,897,50,0.2,0.7,0.15,0.1,1,1,2,40,"post_fragmentation","random",11,2100,42,50,1,270,725,2
43,897,50,0.2,0.7,0.15,0.1,1,1,2,40,"post_fragmentation","random",11,2100,42,50,1,270,726,1
43,897,50,0.2,0.7,0.15,0.1,1,1,2,40,"post_fragmentation","random",11,2100,42,50,1,270,821,1
43,897,50,0.2,0.7,0.15,0.1,1,1,2,40,"post_fragmentation","random",11,2100,42,50,1,270,823,1
43,897,50,0.2,0.7,0.15,0.1,1,1,2,40,"post_fragmentation","random",11,2100,42,50,1,270,825,2
43,897,50,0.2,0.7,0.15,0.1,1,1,2,40,"post_fragmentation","random",11,2100,42,50,1,270,826,4
43,897,50,0.2,0.7,0.15,0.1,1,1,2,40,"post_fragmentation","random",11,2100,42,50,1,270,827,3
43,897,50,0.2,0.7,0.15,0.1,1,1,2,40,"post_fragmentation","random",11,2100,42,50,1,270,838,3
43,897,50,0.2,0.7,0.15,0.1,1,1,2,40,"post_fragmentation","random",11,2100,42,50,1,270,841,1
43,897,50,0.2,0.7,0.15,0.1,1,1,2,40,"post_fragmentation","random",11,2100,42,50,1,270,849,1
43,897,50,0.2,0.7,0.15,0.1,1,1,2,40,"post_fragmentation","random",11,2100,42,50,1,270,857,3
43,897,50,0.2,0.7,0.15,0.1,1,1,2,40,"post_fragmentation","random",11,2100,42,50,1,270,861,1
43,897,50,0.2,0.7,0.15,0.1,1,1,2,40,"post_fragmentation","random",11,2100,42,50,1,270,875,2
43,897,50,0.2,0.7,0.15,0.1,1,1,2,40,"post_fragmentation","random",11,2100,42,50,1,270,892,1
43,897,50,0.2,0.7,0.15,0.1,1,1,2,40,"post_fragmentation","random",11,2100,42,50,1,270,900,1
43,897,50,0.2,0.7,0.15,0.1,1,1,2,40,"post_fragmentation","random",11,2100,42,50,1,270,912,1
43,897,50,0.2,0.7,0.15,0.1,1,1,2,40,"post_fragmentation","random",12,1427,29,27,3,100,265,2
43,897,50,0.2,0.7,0.15,0.1,1,1,2,40,"post_fragmentation","random",12,1427,29,27,3,100,312,1
43,897,50,0.2,0.7,0.15,0.1,1,1,2,40,"post_fragmentation","random",12,1427,29,27,3,100,324,1
43,897,50,0.2,0.7,0.15,0.1,1,1,2,40,"post_fragmentation","random",12,1427,29,27,3,100,330,1
43,897,50,0.2,0.7,0.15,0.1,1,1,2,40,"post_fragmentation","random",12,1427,29,27,3,100,331,1
43,897,50,0.2,0.7,0.15,0.1,1,1,2,40,"post_fragmentation","random",12,1427,29,27,3,100,342,1
43,897,50,0.2,0.7,0.15,0.1,1,1,2,40,"post_fragmentation","random",12,1427,29,27,3,100,352,2
43,897,50,0.2,0.7,0.15,0.1,1,1,2,40,"post_fragmentation","random",12,1427,29,27,3,100,357,1
43,897,50,0.2,0.7,0.15,0.1,1,1,2,40,"post_fragmentation","random",12,1427,29,27,3,100,390,3
43,897,50,0.2,0.7,0.15,0.1,1,1,2,40,"post_fragmentation","random",12,1427,29,27,3,100,403,1
43,897,50,0.2,0.7,0.15,0.1,1,1,2,40,"post_fragmentation","random",12,1427,29,27,3,100,406,1
43,897,50,0.2,0.7,0.15,0.1,1,1,2,40,"post_fragmentation","random",12,1427,29,27,3,100,416,1
43,897,50,0.2,0.7,0.15,0.1,1,1,2,40,"post_fragmentation","random",12,1427,29,27,3,100,419,2
43,897,50,0.2,0.7,0.15,0.1,1,1,2,40,"post_fragmentation","random",12,1427,29,27,3,100,432,1
43,897,50,0.2,0.7,0.15,0.1,1,1,2,40,"post_fragmentation","random",12,1427,29,27,3,100,438,1
43,897,50,0.2,0.7,0.15,0.1,1,1,2,40,"post_fragmentation","random",12,1427,29,27,3,100,443,4
43,897,50,0.2,0.7,0.15,0.1,1,1,2,40,"post_fragmentation","random",12,1427,29,27,3,100,444,4
43,897,50,0.2,0.7,0.15,0.1,1,1,2,40,"post_fragmentation","random",12,1427,29,27,3,100,450,2
43,897,50,0.2,0.7,0.15,0.1,1,1,2,40,"post_fragmentation","random",12,1427,29,27,3,100,458,2
43,897,50,0.2,0.7,0.15,0.1,1,1,2,40,"post_fragmentation","random",12,1427,29,27,3,100,484,1
43,897,50,0.2,0.7,0.15,0.1,1,1,2,40,"post_fragmentation","random",12,1427,29,27,3,100,493,1
43,897,50,0.2,0.7,0.15,0.1,1,1,2,40,"post_fragmentation","random",12,1427,29,27,3,100,495,1
43,897,50,0.2,0.7,0.15,0.1,1,1,2,40,"post_fragmentation","random",12,1427,29,27,3,100,548,1
43,897,50,0.2,0.7,0.15,0.1,1,1,2,40,"post_fragmentation","random",13,2097,42,47,1,270,680,1
43,897,50,0.2,0.7,0.15,0.1,1,1,2,40,"post_fragmentation","random",13,2097,42,47,1,270,698,1
43,897,50,0.2,0.7,0.15,0.1,1,1,2,40,"post_fragmentation","random",13,2097,42,47,1,270,733,1
43,897,50,0.2,0.7,0.15,0.1,1,1,2,40,"post_fragmentation","random",13,2097,42,47,1,270,791,1
43,897,50,0.2,0.7,0.15,0.1,1,1,2,40,"post_fragmentation","random",13,2097,42,47,1,270,809,3
43,897,50,0.2,0.7,0.15,0.1,1,1,2,40,"post_fragmentation","random",13,2097,42,47,1,270,823,1
43,897,50,0.2,0.7,0.15,0.1,1,1,2,40,"post_fragmentation","random",13,2097,42,47,1,270,825,2
43,897,50,0.2,0.7,0.15,0.1,1,1,2,40,"post_fragmentation","random",13,2097,42,47,1,270,826,1
43,897,50,0.2,0.7,0.15,0.1,1,1,2,40,"post_fragmentation","random",13,2097,42,47,1,270,830,1
43,897,50,0.2,0.7,0.15,0.1,1,1,2,40,"post_fragmentation","random",13,2097,42,47,1,270,831,3
43,897,50,0.2,0.7,0.15,0.1,1,1,2,40,"post_fragmentation","random",13,2097,42,47,1,270,838,1
43,897,50,0.2,0.7,0.15,0.1,1,1,2,40,"post_fragmentation","random",13,2097,42,47,1,270,848,1
43,897,50,0.2,0.7,0.15,0.1,1,1,2,40,"post_fragmentation","random",13,2097,42,47,1,270,849,1
43,897,50,0.2,0.7,0.15,0.1,1,1,2,40,"post_fragmentation","random",13,2097,42,47,1,270,861,2
43,897,50,0.2,0.7,0.15,0.1,1,1,2,40,"post_fragmentation","random",13,2097,42,47,1,270,862,1
43,897,50,0.2,0.7,0.15,0.1,1,1,2,40,"post_fragmentation","random",13,2097,42,47,1,270,875,3
43,897,50,0.2,0.7,0.15,0.1,1,1,2,40,"post_fragmentation","random",13,2097,42,47,1,270,877,1
43,897,50,0.2,0.7,0.15,0.1,1,1,2,40,"post_fragmentation","random",13,2097,42,47,1,270,879,2
43,897,50,0.2,0.7,0.15,0.1,1,1,2,40,"post_fragmentation","random",13,2097,42,47,1,270,886,2
43,897,50,0.2,0.7,0.15,0.1,1,1,2,40,"post_fragmentation","random",13,2097,42,47,1,270,889,2
43,897,50,0.2,0.7,0.15,0.1,1,1,2,40,"post_fragmentation","random",13,2097,42,47,1,270,890,1
43,897,50,0.2,0.7,0.15,0.1,1,1,2,40,"post_fragmentation","random",13,2097,42,47,1,270,892,2
43,897,50,0.2,0.7,0.15,0.1,1,1,2,40,"post_fragmentation","random",13,2097,42,47,1,270,897,1
43,897,50,0.2,0.7,0.15,0.1,1,1,2,40,"post_fragmentation","random",13,2097,42,47,1,270,899,1
43,897,50,0.2,0.7,0.15,0.1,1,1,2,40,"post_fragmentation","random",13,2097,42,47,1,270,900,2
43,897,50,0.2,0.7,0.15,0.1,1,1,2,40,"post_fragmentation","random",13,2097,42,47,1,270,901,1
43,897,50,0.2,0.7,0.15,0.1,1,1,2,40,"post_fragmentation","random",13,2097,42,47,1,270,902,1
43,897,50,0.2,0.7,0.15,0.1,1,1,2,40,"post_fragmentation","random",13,2097,42,47,1,270,920,2
43,897,50,0.2,0.7,0.15,0.1,1,1,2,40,"post_fragmentation","random",14,2194,44,44,1,270,640,1
43,897,50,0.2,0.7,0.15,0.1,1,1,2,40,"post_fragmentation","random",14,2194,44,44,1,270,642,1
43,897,50,0.2,0.7,0.15,0.1,1,1,2,40,"post_fragmentation","random",14,2194,44,44,1,270,650,2
43,897,50,0.2,0.7,0.15,0.1,1,1,2,40,"post_fragmentation","random",14,2194,44,44,1,270,663,2
43,897,50,0.2,0.7,0.15,0.1,1,1,2,40,"post_fragmentation","random",14,2194,44,44,1,270,664,1
43,897,50,0.2,0.7,0.15,0.1,1,1,2,40,"post_fragmentation","random",14,2194,44,44,1,270,681,1
43,897,50,0.2,0.7,0.15,0.1,1,1,2,40,"post_fragmentation","random",14,2194,44,44,1,270,682,1
43,897,50,0.2,0.7,0.15,0.1,1,1,2,40,"post_fragmentation","random",14,2194,44,44,1,270,683,3
43,897,50,0.2,0.7,0.15,0.1,1,1,2,40,"post_fragmentation","random",14,2194,44,44,1,270,690,3
43,897,50,0.2,0.7,0.15,0.1,1,1,2,40,"post_fragmentation","random",14,2194,44,44,1,270,696,1
43,897,50,0.2,0.7,0.15,0.1,1,1,2,40,"post_fragmentation","random",14,2194,44,44,1,270,700,1
43,897,50,0.2,0.7,0.15,0.1,1,1,2,40,"post_fragmentation","random",14,2194,44,44,1,270,701,1
43,897,50,0.2,0.7,0.15,0.1,1,1,2,40,"post_fragmentation","random",14,2194,44,44,1,270,706,1
43,897,50,0.2,0.7,0.15,0.1,1,1,2,40,"post_fragmentation","random",14,2194,44,44,1,270,715,1
43,897,50,0.2,0.7,0.15,0.1,1,1,2,40,"post_fragmentation","random",14,2194,44,44,1,270,750,1
43,897,50,0.2,0.7,0.15,0.1,1,1,2,40,"post_fragmentation","random",14,2194,44,44,1,270,758,2
43,897,50,0.2,0.7,0.15,0.1,1,1,2,40,"post_fragmentation","random",14,2194,44,44,1,270,783,3
43,897,50,0.2,0.7,0.15,0.1,1,1,2,40,"post_fragmentation","random",14,2194,44,44,1,270,785,1
43,897,50,0.2,0.7,0.15,0.1,1,1,2,40,"post_fragmentation","random",14,2194,44,44,1,270,789,1
43,897,50,0.2,0.7,0.15,0.1,1,1,2,40,"post_fragmentation","random",14,2194,44,44,1,270,809,5
43,897,50,0.2,0.7,0.15,0.1,1,1,2,40,"post_fragmentation","random",14,2194,44,44,1,270,821,1
43,897,50,0.2,0.7,0.15,0.1,1,1,2,40,"post_fragmentation","random",14,2194,44,44,1,270,823,1
43,897,50,0.2,0.7,0.15,0.1,1,1,2,40,"post_fragmentation","random",14,2194,44,44,1,270,831,1
43,897,50,0.2,0.7,0.15,0.1,1,1,2,40,"post_fragmentation","random",14,2194,44,44,1,270,841,1
43,897,50,0.2,0.7,0.15,0.1,1,1,2,40,"post_fragmentation","random",14,2194,44,44,1,270,859,1
43,897,50,0.2,0.7,0.15,0.1,1,1,2,40,"post_fragmentation","random",14,2194,44,44,1,270,902,1
43,897,50,0.2,0.7,0.15,0.1,1,1,2,40,"post_fragmentation","random",15,2442,49,42,1,270,473,1
43,897,50,0.2,0.7,0.15,0.1,1,1,2,40,"post_fragmentation","random",15,2442,49,42,1,270,484,2
43,897,50,0.2,0.7,0.15,0.1,1,1,2,40,"post_fragmentation","random",15,2442,49,42,1,270,496,1
43,897,50,0.2,0.7,0.15,0.1,1,1,2,40,"post_fragmentation","random",15,2442,49,42,1,270,539,1
43,897,50,0.2,0.7,0.15,0.1,1,1,2,40,"post_fragmentation","random",15,2442,49,42,1,270,547,1
43,897,50,0.2,0.7,0.15,0.1,1,1,2,40,"post_fragmentation","random",15,2442,49,42,1,270,554,2
43,897,50,0.2,0.7,0.15,0.1,1,1,2,40,"post_fragmentation","random",15,2442,49,42,1,270,555,2
43,897,50,0.2,0.7,0.15,0.1,1,1,2,40,"post_fragmentation","random",15,2442,49,42,1,270,556,3
43,897,50,0.2,0.7,0.15,0.1,1,1,2,40,"post_fragmentation","random",15,2442,49,42,1,270,558,4
43,897,50,0.2,0.7,0.15,0.1,1,1,2,40,"post_fragmentation","random",15,2442,49,42,1,270,559,1
43,897,50,0.2,0.7,0.15,0.1,1,1,2,40,"post_fragmentation","random",15,2442,49,42,1,270,564,2
43,897,50,0.2,0.7,0.15,0.1,1,1,2,40,"post_fragmentation","random",15,2442,49,42,1,270,576,1
43,897,50,0.2,0.7,0.15,0.1,1,1,2,40,"post_fragmentation","random",15,2442,49,42,1,270,587,2
43,897,50,0.2,0.7,0.15,0.1,1,1,2,40,"post_fragmentation","random",15,2442,49,42,1,270,601,1
43,897,50,0.2,0.7,0.15,0.1,1,1,2,40,"post_fragmentation","random",15,2442,49,42,1,270,604,1
43,897,50,0.2,0.7,0.15,0.1,1,1,2,40,"post_fragmentation","random",15,2442,49,42,1,270,607,2
43,897,50,0.2,0.7,0.15,0.1,1,1,2,40,"post_fragmentation","random",15,2442,49,42,1,270,609,2
43,897,50,0.2,0.7,0.15,0.1,1,1,2,40,"post_fragmentation","random",15,2442,49,42,1,270,620,1
43,897,50,0.2,0.7,0.15,0.1,1,1,2,40,"post_fragmentation","random",15,2442,49,42,1,270,642,2
43,897,50,0.2,0.7,0.15,0.1,1,1,2,40,"post_fragmentation","random",15,2442,49,42,1,270,652,4
43,897,50,0.2,0.7,0.15,0.1,1,1,2,40,"post_fragmentation","random",15,2442,49,42,1,270,663,1
43,897,50,0.2,0.7,0.15,0.1,1,1,2,40,"post_fragmentation","random",15,2442,49,42,1,270,665,2
43,897,50,0.2,0.7,0.15,0.1,1,1,2,40,"post_fragmentation","random",15,2442,49,42,1,270,672,1
43,897,50,0.2,0.7,0.15,0.1,1,1,2,40,"post_fragmentation","random",16,1696,34,46,1,270,732,1
43,897,50,0.2,0.7,0.15,0.1,1,1,2,40,"post_fragmentation","random",16,1696,34,46,1,270,750,1
43,897,50,0.2,0.7,0.15,0.1,1,1,2,40,"post_fragmentation","random",16,1696,34,46,1,270,771,1
43,897,50,0.2,0.7,0.15,0.1,1,1,2,40,"post_fragmentation","random",16,1696,34,46,1,270,772,1
43,897,50,0.2,0.7,0.15,0.1,1,1,2,40,"post_fragmentation","random",16,1696,34,46,1,270,791,1
43,897,50,0.2,0.7,0.15,0.1,1,1,2,40,"post_fragmentation","random",16,1696,34,46,1,270,796,1
43,897,50,0.2,0.7,0.15,0.1,1,1,2,40,"post_fragmentation","random",16,1696,34,46,1,270,799,1
43,897,50,0.2,0.7,0.15,0.1,1,1,2,40,"post_fragmentation","random",16,1696,34,46,1,270,807,1
43,897,50,0.2,0.7,0.15,0.1,1,1,2,40,"post_fragmentation","random",16,1696,34,46,1,270,813,1
43,897,50,0.2,0.7,0.15,0.1,1,1,2,40,"post_fragmentation","random",16,1696,34,46,1,270,814,3
43,897,50,0.2,0.7,0.15,0.1,1,1,2,40,"post_fragmentation","random",16,1696,34,46,1,270,823,2
43,897,50,0.2,0.7,0.15,0.1,1,1,2,40,"post_fragmentation","random",16,1696,34,46,1,270,825,2
43,897,50,0.2,0.7,0.15,0.1,1,1,2,40,"post_fragmentation","random",16,1696,34,46,1,270,827,1
43,897,50,0.2,0.7,0.15,0.1,1,1,2,40,"post_fragmentation","random",16,1696,34,46,1,270,833,1
43,897,50,0.2,0.7,0.15,0.1,1,1,2,40,"post_fragmentation","random",16,1696,34,46,1,270,834,1
43,897,50,0.2,0.7,0.15,0.1,1,1,2,40,"post_fragmentation","random",16,1696,34,46,1,270,841,2
43,897,50,0.2,0.7,0.15,0.1,1,1,2,40,"post_fragmentation","random",16,1696,34,46,1,270,842,1
43,897,50,0.2,0.7,0.15,0.1,1,1,2,40,"post_fragmentation","random",16,1696,34,46,1,270,848,1
43,897,50,0.2,0.7,0.15,0.1,1,1,2,40,"post_fragmentation","random",16,1696,34,46,1,270,850,1
43,897,50,0.2,0.7,0.15,0.1,1,1,2,40,"post_fragmentation","random",16,1696,34,46,1,270,862,1
43,897,50,0.2,0.7,0.15,0.1,1,1,2,40,"post_fragmentation","random",16,1696,34,46,1,270,865,1
43,897,50,0.2,0.7,0.15,0.1,1,1,2,40,"post_fragmentation","random",16,1696,34,46,1,270,869,2
43,897,50,0.2,0.7,0.15,0.1,1,1,2,40,"post_fragmentation","random",16,1696,34,46,1,270,879,1
43,897,50,0.2,0.7,0.15,0.1,1,1,2,40,"post_fragmentation","random",16,1696,34,46,1,270,885,2
43,897,50,0.2,0.7,0.15,0.1,1,1,2,40,"post_fragmentation","random",16,1696,34,46,1,270,886,1
43,897,50,0.2,0.7,0.15,0.1,1,1,2,40,"post_fragmentation","random",16,1696,34,46,1,270,890,2
43,897,50,0.2,0.7,0.15,0.1,1,1,2,40,"post_fragmentation","random",16,1696,34,46,1,270,918,1
43,897,50,0.2,0.7,0.15,0.1,1,1,2,40,"post_fragmentation","random",16,1696,34,46,1,270,929,1
43,897,50,0.2,0.7,0.15,0.1,1,1,2,40,"post_fragmentation","random",16,1696,34,46,1,270,930,1
43,897,50,0.2,0.7,0.15,0.1,1,1,2,40,"post_fragmentation","random",16,1696,34,46,1,270,960,2
43,897,50,0.2,0.7,0.15,0.1,1,1,2,40,"post_fragmentation","random",17,2492,50,42,1,270,492,1
43,897,50,0.2,0.7,0.15,0.1,1,1,2,40,"post_fragmentation","random",17,2492,50,42,1,270,496,1
43,897,50,0.2,0.7,0.15,0.1,1,1,2,40,"post_fragmentation","random",17,2492,50,42,1,270,497,2
43,897,50,0.2,0.7,0.15,0.1,1,1,2,40,"post_fragmentation","random",17,2492,50,42,1,270,520,1
43,897,50,0.2,0.7,0.15,0.1,1,1,2,40,"post_fragmentation","random",17,2492,50,42,1,270,530,1
43,897,50,0.2,0.7,0.15,0.1,1,1,2,40,"post_fragmentation","random",17,2492,50,42,1,270,541,1
43,897,50,0.2,0.7,0.15,0.1,1,1,2,40,"post_fragmentation","random",17,2492,50,42,1,270,542,3
43,897,50,0.2,0.7,0.15,0.1,1,1,2,40,"post_fragmentation","random",17,2492,50,42,1,270,547,2
43,897,50,0.2,0.7,0.15,0.1,1,1,2,40,"post_fragmentation","random",17,2492,50,42,1,270,555,1
43,897,50,0.2,0.7,0.15,0.1,1,1,2,40,"post_fragmentation","random",17,2492,50,42,1,270,556,1
43,897,50,0.2,0.7,0.15,0.1,1,1,2,40,"post_fragmentation","random",17,2492,50,42,1,270,558,3
43,897,50,0.2,0.7,0.15,0.1,1,1,2,40,"post_fragmentation","random",17,2492,50,42,1,270,564,1
43,897,50,0.2,0.7,0.15,0.1,1,1,2,40,"post_fragmentation","random",17,2492,50,42,1,270,587,2
43,897,50,0.2,0.7,0.15,0.1,1,1,2,40,"post_fragmentation","random",17,2492,50,42,1,270,597,2
43,897,50,0.2,0.7,0.15,0.1,1,1,2,40,"post_fragmentation","random",17,2492,50,42,1,270,598,1
43,897,50,0.2,0.7,0.15,0.1,1,1,2,40,"post_fragmentation","random",17,2492,50,42,1,270,607,1
43,897,50,0.2,0.7,0.15,0.1,1,1,2,40,"post_fragmentation","random",17,2492,50,42,1,270,609,3
43,897,50,0.2,0.7,0.15,0.1,1,1,2,40,"post_fragmentation","random",17,2492,50,42,1,270,619,1
43,897,50,0.2,0.7,0.15,0.1,1,1,2,40,"post_fragmentation","random",17,2492,50,42,1,270,620,3
43,897,50,0.2,0.7,0.15,0.1,1,1,2,40,"post_fragmentation","random",17,2492,50,42,1,270,628,1
43,897,50,0.2,0.7,0.15,0.1,1,1,2,40,"post_fragmentation","random",17,2492,50,42,1,270,642,1
43,897,50,0.2,0.7,0.15,0.1,1,1,2,40,"post_fragmentation","random",17,2492,50,42,1,270,656,1
43,897,50,0.2,0.7,0.15,0.1,1,1,2,40,"post_fragmentation","random",17,2492,50,42,1,270,665,1
43,897,50,0.2,0.7,0.15,0.1,1,1,2,40,"post_fragmentation","random",17,2492,50,42,1,270,690,1
43,897,50,0.2,0.7,0.15,0.1,1,1,2,40,"post_fragmentation","random",17,2492,50,42,1,270,698,1
43,897,50,0.2,0.7,0.15,0.1,1,1,2,40,"post_fragmentation","random",17,2492,50,42,1,270,714,1
43,897,50,0.2,0.7,0.15,0.1,1,1,2,40,"post_fragmentation","random",18,1428,29,28,3,100,312,1
43,897,50,0.2,0.7,0.15,0.1,1,1,2,40,"post_fragmentation","random",18,1428,29,28,3,100,341,2
43,897,50,0.2,0.7,0.15,0.1,1,1,2,40,"post_fragmentation","random",18,1428,29,28,3,100,352,1
43,897,50,0.2,0.7,0.15,0.1,1,1,2,40,"post_fragmentation","random",18,1428,29,28,3,100,386,1
43,897,50,0.2,0.7,0.15,0.1,1,1,2,40,"post_fragmentation","random",18,1428,29,28,3,100,390,1
43,897,50,0.2,0.7,0.15,0.1,1,1,2,40,"post_fragmentation","random",18,1428,29,28,3,100,397,1
43,897,50,0.2,0.7,0.15,0.1,1,1,2,40,"post_fragmentation","random",18,1428,29,28,3,100,401,1
43,897,50,0.2,0.7,0.15,0.1,1,1,2,40,"post_fragmentation","random",18,1428,29,28,3,100,414,4
43,897,50,0.2,0.7,0.15,0.1,1,1,2,40,"post_fragmentation","random",18,1428,29,28,3,100,416,3
43,897,50,0.2,0.7,0.15,0.1,1,1,2,40,"post_fragmentation","random",18,1428,29,28,3,100,420,1
43,897,50,0.2,0.7,0.15,0.1,1,1,2,40,"post_fragmentation","random",18,1428,29,28,3,100,430,1
43,897,50,0.2,0.7,0.15,0.1,1,1,2,40,"post_fragmentation","random",18,1428,29,28,3,100,432,3
43,897,50,0.2,0.7,0.15,0.1,1,1,2,40,"post_fragmentation","random",18,1428,29,28,3,100,444,1
43,897,50,0.2,0.7,0.15,0.1,1,1,2,40,"post_fragmentation","random",18,1428,29,28,3,100,446,1
43,897,50,0.2,0.7,0.15,0.1,1,1,2,40,"post_fragmentation","random",18,1428,29,28,3,100,455,1
43,897,50,0.2,0.7,0.15,0.1,1,1,2,40,"post_fragmentation","random",18,1428,29,28,3,100,458,3
43,897,50,0.2,0.7,0.15,0.1,1,1,2,40,"post_fragmentation","random",18,1428,29,28,3,100,460,1
43,897,50,0.2,0.7,0.15,0.1,1,1,2,40,"post_fragmentation","random",18,1428,29,28,3,100,474,2
43,897,50,0.2,0.7,0.15,0.1,1,1,2,40,"post_fragmentation","random",18,1428,29,28,3,100,477,1
43,897,50,0.2,0.7,0.15,0.1,1,1,2,40,"post_fragmentation","random",18,1428,29,28,3,100,489,2
43,897,50,0.2,0.7,0.15,0.1,1,1,2,40,"post_fragmentation","random",18,1428,29,28,3,100,493,2
43,897,50,0.2,0.7,0.15,0.1,1,1,2,40,"post_fragmentation","random",18,1428,29,28,3,100,507,1
43,897,50,0.2,0.7,0.15,0.1,1,1,2,40,"post_fragmentation","random",18,1428,29,28,3,100,517,1
43,897,50,0.2,0.7,0.15,0.1,1,1,2,40,"post_fragmentation","random",18,1428,29,28,3,100,536,1
43,897,50,0.2,0.7,0.15,0.1,1,1,2,40,"post_fragmentation","random",19,1791,36,41,1,270,715,1
43,897,50,0.2,0.7,0.15,0.1,1,1,2,40,"post_fragmentation","random",19,1791,36,41,1,270,782,2
43,897,50,0.2,0.7,0.15,0.1,1,1,2,40,"post_fragmentation","random",19,1791,36,41,1,270,783,1
43,897,50,0.2,0.7,0.15,0.1,1,1,2,40,"post_fragmentation","random",19,1791,36,41,1,270,791,1
43,897,50,0.2,0.7,0.15,0.1,1,1,2,40,"post_fragmentation","random",19,1791,36,41,1,270,797,1
43,897,50,0.2,0.7,0.15,0.1,1,1,2,40,"post_fragmentation","random",19,1791,36,41,1,270,803,1
43,897,50,0.2,0.7,0.15,0.1,1,1,2,40,"post_fragmentation","random",19,1791,36,41,1,270,806,1
43,897,50,0.2,0.7,0.15,0.1,1,1,2,40,"post_fragmentation","random",19,1791,36,41,1,270,820,1
43,897,50,0.2,0.7,0.15,0.1,1,1,2,40,"post_fragmentation","random",19,1791,36,41,1,270,825,1
43,897,50,0.2,0.7,0.15,0.1,1,1,2,40,"post_fragmentation","random",19,1791,36,41,1,270,826,2
43,897,50,0.2,0.7,0.15,0.1,1,1,2,40,"post_fragmentation","random",19,1791,36,41,1,270,827,2
43,897,50,0.2,0.7,0.15,0.1,1,1,2,40,"post_fragmentation","random",19,1791,36,41,1,270,829,6
43,897,50,0.2,0.7,0.15,0.1,1,1,2,40,"post_fragmentation","random",19,1791,36,41,1,270,832,1
43,897,50,0.2,0.7,0.15,0.1,1,1,2,40,"post_fragmentation","random",19,1791,36,41,1,270,834,1
43,897,50,0.2,0.7,0.15,0.1,1,1,2,40,"post_fragmentation","random",19,1791,36,41,1,270,838,2
43,897,50,0.2,0.7,0.15,0.1,1,1,2,40,"post_fragmentation","random",19,1791,36,41,1,270,839,1
43,897,50,0.2,0.7,0.15,0.1,1,1,2,40,"post_fragmentation","random",19,1791,36,41,1,270,842,1
43,897,50,0.2,0.7,0.15,0.1,1,1,2,40,"post_fragmentation","random",19,1791,36,41,1,270,865,3
43,897,50,0.2,0.7,0.15,0.1,1,1,2,40,"post_fragmentation","random",19,1791,36,41,1,270,866,1
43,897,50,0.2,0.7,0.15,0.1,1,1,2,40,"post_fragmentation","random",19,1791,36,41,1,270,869,2
43,897,50,0.2,0.7,0.15,0.1,1,1,2,40,"post_fragmentation","random",19,1791,36,41,1,270,875,2
43,897,50,0.2,0.7,0.15,0.1,1,1,2,40,"post_fragmentation","random",19,1791,36,41,1,270,879,1
43,897,50,0.2,0.7,0.15,0.1,1,1,2,40,"post_fragmentation","random",19,1791,36,41,1,270,899,1
43,897,50,0.2,0.7,0.15,0.1,1,1,2,40,"post_fragmentation","random",19,1791,36,41,1,270,902,1
43,897,50,0.2,0.7,0.15,0.1,1,1,2,40,"post_fragmentation","random",20,2011,41,11,1,270,246,1
43,897,50,0.2,0.7,0.15,0.1,1,1,2,40,"post_fragmentation","random",20,2011,41,11,1,270,341,2
43,897,50,0.2,0.7,0.15,0.1,1,1,2,40,"post_fragmentation","random",20,2011,41,11,1,270,358,1
43,897,50,0.2,0.7,0.15,0.1,1,1,2,40,"post_fragmentation","random",20,2011,41,11,1,270,394,1
43,897,50,0.2,0.7,0.15,0.1,1,1,2,40,"post_fragmentation","random",20,2011,41,11,1,270,400,2
43,897,50,0.2,0.7,0.15,0.1,1,1,2,40,"post_fragmentation","random",20,2011,41,11,1,270,405,5
43,897,50,0.2,0.7,0.15,0.1,1,1,2,40,"post_fragmentation","random",20,2011,41,11,1,270,413,1
43,897,50,0.2,0.7,0.15,0.1,1,1,2,40,"post_fragmentation","random",20,2011,41,11,1,270,418,7
43,897,50,0.2,0.7,0.15,0.1,1,1,2,40,"post_fragmentation","random",20,2011,41,11,1,270,503,2
43,897,50,0.2,0.7,0.15,0.1,1,1,2,40,"post_fragmentation","random",20,2011,41,11,1,270,518,1
43,897,50,0.2,0.7,0.15,0.1,1,1,2,40,"post_fragmentation","random",20,2011,41,11,1,270,533,1
43,897,50,0.2,0.7,0.15,0.1,1,1,2,40,"post_fragmentation","random",20,2011,41,11,1,270,546,2
43,897,50,0.2,0.7,0.15,0.1,1,1,2,40,"post_fragmentation","random",20,2011,41,11,1,270,560,1
43,897,50,0.2,0.7,0.15,0.1,1,1,2,40,"post_fragmentation","random",20,2011,41,11,1,270,576,1
43,897,50,0.2,0.7,0.15,0.1,1,1,2,40,"post_fragmentation","random",20,2011,41,11,1,270,587,3
43,897,50,0.2,0.7,0.15,0.1,1,1,2,40,"post_fragmentation","random",20,2011,41,11,1,270,589,1
43,897,50,0.2,0.7,0.15,0.1,1,1,2,40,"post_fragmentation","random",20,2011,41,11,1,270,591,1
43,897,50,0.2,0.7,0.15,0.1,1,1,2,40,"post_fragmentation","random",20,2011,41,11,1,270,600,1
43,897,50,0.2,0.7,0.15,0.1,1,1,2,40,"post_fragmentation","random",20,2011,41,11,1,270,623,1
43,897,50,0.2,0.7,0.15,0.1,1,1,2,40,"post_fragmentation","random",20,2011,41,11,1,270,636,1
43,897,50,0.2,0.7,0.15,0.1,1,1,2,40,"post_fragmentation","random",21,1911,39,11,1,270,95,1
43,897,50,0.2,0.7,0.15,0.1,1,1,2,40,"post_fragmentation","random",21,1911,39,11,1,270,170,2
43,897,50,0.2,0.7,0.15,0.1,1,1,2,40,"post_fragmentation","random",21,1911,39,11,1,270,176,1
43,897,50,0.2,0.7,0.15,0.1,1,1,2,40,"post_fragmentation","random",21,1911,39,11,1,270,197,1
43,897,50,0.2,0.7,0.15,0.1,1,1,2,40,"post_fragmentation","random",21,1911,39,11,1,270,209,1
43,897,50,0.2,0.7,0.15,0.1,1,1,2,40,"post_fragmentation","random",21,1911,39,11,1,270,212,1
43,897,50,0.2,0.7,0.15,0.1,1,1,2,40,"post_fragmentation","random",21,1911,39,11,1,270,215,2
43,897,50,0.2,0.7,0.15,0.1,1,1,2,40,"post_fragmentation","random",21,1911,39,11,1,270,247,2
43,897,50,0.2,0.7,0.15,0.1,1,1,2,40,"post_fragmentation","random",21,1911,39,11,1,270,294,1
43,897,50,0.2,0.7,0.15,0.1,1,1,2,40,"post_fragmentation","random",21,1911,39,11,1,270,306,1
43,897,50,0.2,0.7,0.15,0.1,1,1,2,40,"post_fragmentation","random",21,1911,39,11,1,270,314,3
43,897,50,0.2,0.7,0.15,0.1,1,1,2,40,"post_fragmentation","random",21,1911,39,11,1,270,316,1
43,897,50,0.2,0.7,0.15,0.1,1,1,2,40,"post_fragmentation","random",21,1911,39,11,1,270,320,1
43,897,50,0.2,0.7,0.15,0.1,1,1,2,40,"post_fragmentation","random",21,1911,39,11,1,270,335,2
43,897,50,0.2,0.7,0.15,0.1,1,1,2,40,"post_fragmentation","random",21,1911,39,11,1,270,348,1
43,897,50,0.2,0.7,0.15,0.1,1,1,2,40,"post_fragmentation","random",21,1911,39,11,1,270,361,2
43,897,50,0.2,0.7,0.15,0.1,1,1,2,40,"post_fragmentation","random",21,1911,39,11,1,270,368,4
43,897,50,0.2,0.7,0.15,0.1,1,1,2,40,"post_fragmentation","random",21,1911,39,11,1,270,387,3
43,897,50,0.2,0.7,0.15,0.1,1,1,2,40,"post_fragmentation","random",21,1911,39,11,1,270,413,1
43,897,50,0.2,0.7,0.15,0.1,1,1,2,40,"post_fragmentation","random",21,1911,39,11,1,270,418,3
43,897,50,0.2,0.7,0.15,0.1,1,1,2,40,"post_fragmentation","random",21,1911,39,11,1,270,424,1
43,897,50,0.2,0.7,0.15,0.1,1,1,2,40,"post_fragmentation","random",21,1911,39,11,1,270,433,1
43,897,50,0.2,0.7,0.15,0.1,1,1,2,40,"post_fragmentation","random",21,1911,39,11,1,270,450,1
43,897,50,0.2,0.7,0.15,0.1,1,1,2,40,"post_fragmentation","random",21,1911,39,11,1,270,493,1
43,897,50,0.2,0.7,0.15,0.1,1,1,2,40,"post_fragmentation","random",21,1911,39,11,1,270,511,1
43,897,50,0.2,0.7,0.15,0.1,1,1,2,40,"post_fragmentation","random",22,2295,46,45,1,270,461,1
43,897,50,0.2,0.7,0.15,0.1,1,1,2,40,"post_fragmentation","random",22,2295,46,45,1,270,492,1
43,897,50,0.2,0.7,0.15,0.1,1,1,2,40,"post_fragmentation","random",22,2295,46,45,1,270,497,1
43,897,50,0.2,0.7,0.15,0.1,1,1,2,40,"post_fragmentation","random",22,2295,46,45,1,270,542,1
43,897,50,0.2,0.7,0.15,0.1,1,1,2,40,"post_fragmentation","random",22,2295,46,45,1,270,564,2
43,897,50,0.2,0.7,0.15,0.1,1,1,2,40,"post_fragmentation","random",22,2295,46,45,1,270,576,1
43,897,50,0.2,0.7,0.15,0.1,1,1,2,40,"post_fragmentation","random",22,2295,46,45,1,270,579,1
43,897,50,0.2,0.7,0.15,0.1,1,1,2,40,"post_fragmentation","random",22,2295,46,45,1,270,600,1
43,897,50,0.2,0.7,0.15,0.1,1,1,2,40,"post_fragmentation","random",22,2295,46,45,1,270,607,1
43,897,50,0.2,0.7,0.15,0.1,1,1,2,40,"post_fragmentation","random",22,2295,46,45,1,270,609,2
43,897,50,0.2,0.7,0.15,0.1,1,1,2,40,"post_fragmentation","random",22,2295,46,45,1,270,611,1
43,897,50,0.2,0.7,0.15,0.1,1,1,2,40,"post_fragmentation","random",22,2295,46,45,1,270,613,2
43,897,50,0.2,0.7,0.15,0.1,1,1,2,40,"post_fragmentation","random",22,2295,46,45,1,270,620,1
43,897,50,0.2,0.7,0.15,0.1,1,1,2,40,"post_fragmentation","random",22,2295,46,45,1,270,642,2
43,897,50,0.2,0.7,0.15,0.1,1,1,2,40,"post_fragmentation","random",22,2295,46,45,1,270,643,1
43,897,50,0.2,0.7,0.15,0.1,1,1,2,40,"post_fragmentation","random",22,2295,46,45,1,270,649,1
43,897,50,0.2,0.7,0.15,0.1,1,1,2,40,"post_fragmentation","random",22,2295,46,45,1,270,653,1
43,897,50,0.2,0.7,0.15,0.1,1,1,2,40,"post_fragmentation","random",22,2295,46,45,1,270,657,1
43,897,50,0.2,0.7,0.15,0.1,1,1,2,40,"post_fragmentation","random",22,2295,46,45,1,270,664,2
43,897,50,0.2,0.7,0.15,0.1,1,1,2,40,"post_fragmentation","random",22,2295,46,45,1,270,665,1
43,897,50,0.2,0.7,0.15,0.1,1,1,2,40,"post_fragmentation","random",22,2295,46,45,1,270,673,2
43,897,50,0.2,0.7,0.15,0.1,1,1,2,40,"post_fragmentation","random",22,2295,46,45,1,270,681,1
43,897,50,0.2,0.7,0.15,0.1,1,1,2,40,"post_fragmentation","random",22,2295,46,45,1,270,682,1
43,897,50,0.2,0.7,0.15,0.1,1,1,2,40,"post_fragmentation","random",22,2295,46,45,1,270,683,1
43,897,50,0.2,0.7,0.15,0.1,1,1,2,40,"post_fragmentation","random",22,2295,46,45,1,270,690,2
43,897,50,0.2,0.7,0.15,0.1,1,1,2,40,"post_fragmentation","random",22,2295,46,45,1,270,696,2
43,897,50,0.2,0.7,0.15,0.1,1,1,2,40,"post_fragmentation","random",22,2295,46,45,1,270,700,1
43,897,50,0.2,0.7,0.15,0.1,1,1,2,40,"post_fragmentation","random",22,2295,46,45,1,270,704,1
43,897,50,0.2,0.7,0.15,0.1,1,1,2,40,"post_fragmentation","random",22,2295,46,45,1,270,718,1
43,897,50,0.2,0.7,0.15,0.1,1,1,2,40,"post_fragmentation","random",22,2295,46,45,1,270,727,1
43,897,50,0.2,0.7,0.15,0.1,1,1,2,40,"post_fragmentation","random",22,2295,46,45,1,270,729,1
43,897,50,0.2,0.7,0.15,0.1,1,1,2,40,"post_fragmentation","random",23,1478,30,28,3,100,312,1
43,897,50,0.2,0.7,0.15,0.1,1,1,2,40,"post_fragmentation","random",23,1478,30,28,3,100,331,1
43,897,50,0.2,0.7,0.15,0.1,1,1,2,40,"post_fragmentation","random",23,1478,30,28,3,100,341,1
43,897,50,0.2,0.7,0.15,0.1,1,1,2,40,"post_fragmentation","random",23,1478,30,28,3,100,373,1
43,897,50,0.2,0.7,0.15,0.1,1,1,2,40,"post_fragmentation","random",23,1478,30,28,3,100,385,1
43,897,50,0.2,0.7,0.15,0.1,1,1,2,40,"post_fragmentation","random",23,1478,30,28,3,100,386,2
43,897,50,0.2,0.7,0.15,0.1,1,1,2,40,"post_fragmentation","random",23,1478,30,28,3,100,416,2
43,897,50,0.2,0.7,0.15,0.1,1,1,2,40,"post_fragmentation","random",23,1478,30,28,3,100,419,3
43,897,50,0.2,0.7,0.15,0.1,1,1,2,40,"post_fragmentation","random",23,1478,30,28,3,100,420,4
43,897,50,0.2,0.7,0.15,0.1,1,1,2,40,"post_fragmentation","random",23,1478,30,28,3,100,421,1
43,897,50,0.2,0.7,0.15,0.1,1,1,2,40,"post_fragmentation","random",23,1478,30,28,3,100,422,1
43,897,50,0.2,0.7,0.15,0.1,1,1,2,40,"post_fragmentation","random",23,1478,30,28,3,100,425,2
43,897,50,0.2,0.7,0.15,0.1,1,1,2,40,"post_fragmentation","random",23,1478,30,28,3,100,438,3
43,897,50,0.2,0.7,0.15,0.1,1,1,2,40,"post_fragmentation","random",23,1478,30,28,3,100,443,1
43,897,50,0.2,0.7,0.15,0.1,1,1,2,40,"post_fragmentation","random",23,1478,30,28,3,100,446,1
43,897,50,0.2,0.7,0.15,0.1,1,1,2,40,"post_fragmentation","random",23,1478,30,28,3,100,448,1
43,897,50,0.2,0.7,0.15,0.1,1,1,2,40,"post_fragmentation","random",23,1478,30,28,3,100,458,2
43,897,50,0.2,0.7,0.15,0.1,1,1,2,40,"post_fragmentation","random",23,1478,30,28,3,100,460,3
43,897,50,0.2,0.7,0.15,0.1,1,1,2,40,"post_fragmentation","random",23,1478,30,28,3,100,493,2
43,897,50,0.2,0.7,0.15,0.1,1,1,2,40,"post_fragmentation","random",23,1478,30,28,3,100,517,1
43,897,50,0.2,0.7,0.15,0.1,1,1,2,40,"post_fragmentation","random",23,1478,30,28,3,100,518,1
43,897,50,0.2,0.7,0.15,0.1,1,1,2,40,"post_fragmentation","random",23,1478,30,28,3,100,520,1
43,897,50,0.2,0.7,0.15,0.1,1,1,2,40,"post_fragmentation","random",23,1478,30,28,3,100,536,1
43,897,50,0.2,0.7,0.15,0.1,1,1,2,40,"post_fragmentation","random",23,1478,30,28,3,100,547,1
43,897,50,0.2,0.7,0.15,0.1,1,1,2,40,"post_fragmentation","random",23,1478,30,28,3,100,590,1
43,897,50,0.2,0.7,0.15,0.1,1,1,2,40,"post_fragmentation","random",24,2050,41,50,1,270,600,1
43,897,50,0.2,0.7,0.15,0.1,1,1,2,40,"post_fragmentation","random",24,2050,41,50,1,270,615,1
43,897,50,0.2,0.7,0.15,0.1,1,1,2,40,"post_fragmentation","random",24,2050,41,50,1,270,680,2
43,897,50,0.2,0.7,0.15,0.1,1,1,2,40,"post_fragmentation","random",24,2050,41,50,1,270,719,1
43,897,50,0.2,0.7,0.15,0.1,1,1,2,40,"post_fragmentation","random",24,2050,41,50,1,270,785,1
43,897,50,0.2,0.7,0.15,0.1,1,1,2,40,"post_fragmentation","random",24,2050,41,50,1,270,796,1
43,897,50,0.2,0.7,0.15,0.1,1,1,2,40,"post_fragmentation","random",24,2050,41,50,1,270,797,1
43,897,50,0.2,0.7,0.15,0.1,1,1,2,40,"post_fragmentation","random",24,2050,41,50,1,270,809,4
43,897,50,0.2,0.7,0.15,0.1,1,1,2,40,"post_fragmentation","random",24,2050,41,50,1,270,819,2
43,897,50,0.2,0.7,0.15,0.1,1,1,2,40,"post_fragmentation","random",24,2050,41,50,1,270,823,2
43,897,50,0.2,0.7,0.15,0.1,1,1,2,40,"post_fragmentation","random",24,2050,41,50,1,270,824,1
43,897,50,0.2,0.7,0.15,0.1,1,1,2,40,"post_fragmentation","random",24,2050,41,50,1,270,826,3
43,897,50,0.2,0.7,0.15,0.1,1,1,2,40,"post_fragmentation","random",24,2050,41,50,1,270,831,2
43,897,50,0.2,0.7,0.15,0.1,1,1,2,40,"post_fragmentation","random",24,2050,41,50,1,270,834,1
43,897,50,0.2,0.7,0.15,0.1,1,1,2,40,"post_fragmentation","random",24,2050,41,50,1,270,838,1
43,897,50,0.2,0.7,0.15,0.1,1,1,2,40,"post_fragmentation","random",24,2050,41,50,1,270,849,1
43,897,50,0.2,0.7,0.15,0.1,1,1,2,40,"post_fragmentation","random",24,2050,41,50,1,270,859,1
43,897,50,0.2,0.7,0.15,0.1,1,1,2,40,"post_fragmentation","random",24,2050,41,50,1,270,875,2
43,897,50,0.2,0.7,0.15,0.1,1,1,2,40,"post_fragmentation","random",24,2050,41,50,1,270,879,2
43,897,50,0.2,0.7,0.15,0.1,1,1,2,40,"post_fragmentation","random",24,2050,41,50,1,270,890,1
43,897,50,0.2,0.7,0.15,0.1,1,1,2,40,"post_fragmentation","random",24,2050,41,50,1,270,895,1
43,897,50,0.2,0.7,0.15,0.1,1,1,2,40,"post_fragmentation","random",24,2050,41,50,1,270,963,1
43,897,50,0.2,0.7,0.15,0.1,1,1,2,40,"post_fragmentation","random",25,1572,32,22,3,100,31,1
43,897,50,0.2,0.7,0.15,0.1,1,1,2,40,"post_fragmentation","random",25,1572,32,22,3,100,56,1
43,897,50,0.2,0.7,0.15,0.1,1,1,2,40,"post_fragmentation","random",25,1572,32,22,3,100,71,1
43,897,50,0.2,0.7,0.15,0.1,1,1,2,40,"post_fragmentation","random",25,1572,32,22,3,100,119,2
43,897,50,0.2,0.7,0.15,0.1,1,1,2,40,"post_fragmentation","random",25,1572,32,22,3,100,170,1
43,897,50,0.2,0.7,0.15,0.1,1,1,2,40,"post_fragmentation","random",25,1572,32,22,3,100,172,4
43,897,50,0.2,0.7,0.15,0.1,1,1,2,40,"post_fragmentation","random",25,1572,32,22,3,100,181,1
43,897,50,0.2,0.7,0.15,0.1,1,1,2,40,"post_fragmentation","random",25,1572,32,22,3,100,192,2
43,897,50,0.2,0.7,0.15,0.1,1,1,2,40,"post_fragmentation","random",25,1572,32,22,3,100,201,1
43,897,50,0.2,0.7,0.15,0.1,1,1,2,40,"post_fragmentation","random",25,1572,32,22,3,100,206,1
43,897,50,0.2,0.7,0.15,0.1,1,1,2,40,"post_fragmentation","random",25,1572,32,22,3,100,212,1
43,897,50,0.2,0.7,0.15,0.1,1,1,2,40,"post_fragmentation","random",25,1572,32,22,3,100,213,1
43,897,50,0.2,0.7,0.15,0.1,1,1,2,40,"post_fragmentation","random",25,1572,32,22,3,100,242,3
43,897,50,0.2,0.7,0.15,0.1,1,1,2,40,"post_fragmentation","random",25,1572,32,22,3,100,243,2
43,897,50,0.2,0.7,0.15,0.1,1,1,2,40,"post_fragmentation","random",25,1572,32,22,3,100,246,1
43,897,50,0.2,0.7,0.15,0.1,1,1,2,40,"post_fragmentation","random",25,1572,32,22,3,100,259,1
43,897,50,0.2,0.7,0.15,0.1,1,1,2,40,"post_fragmentation","random",25,1572,32,22,3,100,266,1
43,897,50,0.2,0.7,0.15,0.1,1,1,2,40,"post_fragmentation","random",25,1572,32,22,3,100,278,1
43,897,50,0.2,0.7,0.15,0.1,1,1,2,40,"post_fragmentation","random",25,1572,32,22,3,100,280,4
43,897,50,0.2,0.7,0.15,0.1,1,1,2,40,"post_fragmentation","random",25,1572,32,22,3,100,286,1
43,897,50,0.2,0.7,0.15,0.1,1,1,2,40,"post_fragmentation","random",25,1572,32,22,3,100,287,1
43,897,50,0.2,0.7,0.15,0.1,1,1,2,40,"post_fragmentation","random",25,1572,32,22,3,100,293,1
43,897,50,0.2,0.7,0.15,0.1,1,1,2,40,"post_fragmentation","random",25,1572,32,22,3,100,312,1
43,897,50,0.2,0.7,0.15,0.1,1,1,2,40,"post_fragmentation","random",25,1572,32,22,3,100,323,1
43,897,50,0.2,0.7,0.15,0.1,1,1,2,40,"post_fragmentation","random",25,1572,32,22,3,100,391,1
43,897,50,0.2,0.7,0.15,0.1,1,1,2,40,"post_fragmentation","random",26,1525,31,25,3,100,114,1
43,897,50,0.2,0.7,0.15,0.1,1,1,2,40,"post_fragmentation","random",26,1525,31,25,3,100,181,1
43,897,50,0.2,0.7,0.15,0.1,1,1,2,40,"post_fragmentation","random",26,1525,31,25,3,100,187,1
43,897,50,0.2,0.7,0.15,0.1,1,1,2,40,"post_fragmentation","random",26,1525,31,25,3,100,192,1
43,897,50,0.2,0.7,0.15,0.1,1,1,2,40,"post_fragmentation","random",26,1525,31,25,3,100,225,1
43,897,50,0.2,0.7,0.15,0.1,1,1,2,40,"post_fragmentation","random",26,1525,31,25,3,100,242,2
43,897,50,0.2,0.7,0.15,0.1,1,1,2,40,"post_fragmentation","random",26,1525,31,25,3,100,243,3
43,897,50,0.2,0.7,0.15,0.1,1,1,2,40,"post_fragmentation","random",26,1525,31,25,3,100,247,1
43,897,50,0.2,0.7,0.15,0.1,1,1,2,40,"post_fragmentation","random",26,1525,31,25,3,100,258,1
43,897,50,0.2,0.7,0.15,0.1,1,1,2,40,"post_fragmentation","random",26,1525,31,25,3,100,261,2
43,897,50,0.2,0.7,0.15,0.1,1,1,2,40,"post_fragmentation","random",26,1525,31,25,3,100,265,2
43,897,50,0.2,0.7,0.15,0.1,1,1,2,40,"post_fragmentation","random",26,1525,31,25,3,100,271,5
43,897,50,0.2,0.7,0.15,0.1,1,1,2,40,"post_fragmentation","random",26,1525,31,25,3,100,279,1
43,897,50,0.2,0.7,0.15,0.1,1,1,2,40,"post_fragmentation","random",26,1525,31,25,3,100,293,2
43,897,50,0.2,0.7,0.15,0.1,1,1,2,40,"post_fragmentation","random",26,1525,31,25,3,100,312,2
43,897,50,0.2,0.7,0.15,0.1,1,1,2,40,"post_fragmentation","random",26,1525,31,25,3,100,324,1
43,897,50,0.2,0.7,0.15,0.1,1,1,2,40,"post_fragmentation","random",26,1525,31,25,3,100,325,1
43,897,50,0.2,0.7,0.15,0.1,1,1,2,40,"post_fragmentation","random",26,1525,31,25,3,100,331,1
43,897,50,0.2,0.7,0.15,0.1,1,1,2,40,"post_fragmentation","random",26,1525,31,25,3,100,344,2
43,897,50,0.2,0.7,0.15,0.1,1,1,2,40,"post_fragmentation","random",26,1525,31,25,3,100,357,1
43,897,50,0.2,0.7,0.15,0.1,1,1,2,40,"post_fragmentation","random",26,1525,31,25,3,100,366,1
43,897,50,0.2,0.7,0.15,0.1,1,1,2,40,"post_fragmentation","random",26,1525,31,25,3,100,414,1
43,897,50,0.2,0.7,0.15,0.1,1,1,2,40,"post_fragmentation","random",26,1525,31,25,3,100,421,1
43,897,50,0.2,0.7,0.15,0.1,1,1,2,40,"post_fragmentation","random",27,2156,44,6,1,270,471,1
43,897,50,0.2,0.7,0.15,0.1,1,1,2,40,"post_fragmentation","random",27,2156,44,6,1,270,502,1
43,897,50,0.2,0.7,0.15,0.1,1,1,2,40,"post_fragmentation","random",27,2156,44,6,1,270,527,1
43,897,50,0.2,0.7,0.15,0.1,1,1,2,40,"post_fragmentation","random",27,2156,44,6,1,270,539,2
43,897,50,0.2,0.7,0.15,0.1,1,1,2,40,"post_fragmentation","random",27,2156,44,6,1,270,542,5
43,897,50,0.2,0.7,0.15,0.1,1,1,2,40,"post_fragmentation","random",27,2156,44,6,1,270,545,1
43,897,50,0.2,0.7,0.15,0.1,1,1,2,40,"post_fragmentation","random",27,2156,44,6,1,270,568,1
43,897,50,0.2,0.7,0.15,0.1,1,1,2,40,"post_fragmentation","random",27,2156,44,6,1,270,569,1
43,897,50,0.2,0.7,0.15,0.1,1,1,2,40,"post_fragmentation","random",27,2156,44,6,1,270,574,1
43,897,50,0.2,0.7,0.15,0.1,1,1,2,40,"post_fragmentation","random",27,2156,44,6,1,270,576,1
43,897,50,0.2,0.7,0.15,0.1,1,1,2,40,"post_fragmentation","random",27,2156,44,6,1,270,580,1
43,897,50,0.2,0.7,0.15,0.1,1,1,2,40,"post_fragmentation","random",27,2156,44,6,1,270,583,1
43,897,50,0.2,0.7,0.15,0.1,1,1,2,40,"post_fragmentation","random",27,2156,44,6,1,270,587,3
43,897,50,0.2,0.7,0.15,0.1,1,1,2,40,"post_fragmentation","random",27,2156,44,6,1,270,589,1
43,897,50,0.2,0.7,0.15,0.1,1,1,2,40,"post_fragmentation","random",27,2156,44,6,1,270,591,1
43,897,50,0.2,0.7,0.15,0.1,1,1,2,40,"post_fragmentation","random",27,2156,44,6,1,270,601,4
43,897,50,0.2,0.7,0.15,0.1,1,1,2,40,"post_fragmentation","random",27,2156,44,6,1,270,615,3
43,897,50,0.2,0.7,0.15,0.1,1,1,2,40,"post_fragmentation","random",27,2156,44,6,1,270,620,3
43,897,50,0.2,0.7,0.15,0.1,1,1,2,40,"post_fragmentation","random",27,2156,44,6,1,270,623,1
43,897,50,0.2,0.7,0.15,0.1,1,1,2,40,"post_fragmentation","random",27,2156,44,6,1,270,628,1
43,897,50,0.2,0.7,0.15,0.1,1,1,2,40,"post_fragmentation","random",27,2156,44,6,1,270,632,1
43,897,50,0.2,0.7,0.15,0.1,1,1,2,40,"post_fragmentation","random",27,2156,44,6,1,270,659,1
43,897,50,0.2,0.7,0.15,0.1,1,1,2,40,"post_fragmentation","random",27,2156,44,6,1,270,692,1
43,897,50,0.2,0.7,0.15,0.1,1,1,2,40,"post_fragmentation","random",27,2156,44,6,1,270,693,1
43,897,50,0.2,0.7,0.15,0.1,1,1,2,40,"post_fragmentation","random",27,2156,44,6,1,270,725,1
43,897,50,0.2,0.7,0.15,0.1,1,1,2,40,"post_fragmentation","random",28,1892,38,42,1,270,690,1
43,897,50,0.2,0.7,0.15,0.1,1,1,2,40,"post_fragmentation","random",28,1892,38,42,1,270,783,2
43,897,50,0.2,0.7,0.15,0.1,1,1,2,40,"post_fragmentation","random",28,1892,38,42,1,270,789,1
43,897,50,0.2,0.7,0.15,0.1,1,1,2,40,"post_fragmentation","random",28,1892,38,42,1,270,795,1
43,897,50,0.2,0.7,0.15,0.1,1,1,2,40,"post_fragmentation","random",28,1892,38,42,1,270,804,2
43,897,50,0.2,0.7,0.15,0.1,1,1,2,40,"post_fragmentation","random",28,1892,38,42,1,270,806,1
43,897,50,0.2,0.7,0.15,0.1,1,1,2,40,"post_fragmentation","random",28,1892,38,42,1,270,814,1
43,897,50,0.2,0.7,0.15,0.1,1,1,2,40,"post_fragmentation","random",28,1892,38,42,1,270,819,1
43,897,50,0.2,0.7,0.15,0.1,1,1,2,40,"post_fragmentation","random",28,1892,38,42,1,270,820,1
43,897,50,0.2,0.7,0.15,0.1,1,1,2,40,"post_fragmentation","random",28,1892,38,42,1,270,823,3
43,897,50,0.2,0.7,0.15,0.1,1,1,2,40,"post_fragmentation","random",28,1892,38,42,1,270,827,2
43,897,50,0.2,0.7,0.15,0.1,1,1,2,40,"post_fragmentation","random",28,1892,38,42,1,270,831,1
43,897,50,0.2,0.7,0.15,0.1,1,1,2,40,"post_fragmentation","random",28,1892,38,42,1,270,839,1
43,897,50,0.2,0.7,0.15,0.1,1,1,2,40,"post_fragmentation","random",28,1892,38,42,1,270,842,1
43,897,50,0.2,0.7,0.15,0.1,1,1,2,40,"post_fragmentation","random",28,1892,38,42,1,270,856,4
43,897,50,0.2,0.7,0.15,0.1,1,1,2,40,"post_fragmentation","random",28,1892,38,42,1,270,857,2
43,897,50,0.2,0.7,0.15,0.1,1,1,2,40,"post_fragmentation","random",28,1892,38,42,1,270,861,1
43,897,50,0.2,0.7,0.15,0.1,1,1,2,40,"post_fragmentation","random",28,1892,38,42,1,270,865,1
43,897,50,0.2,0.7,0.15,0.1,1,1,2,40,"post_fragmentation","random",28,1892,38,42,1,270,869,2
43,897,50,0.2,0.7,0.15,0.1,1,1,2,40,"post_fragmentation","random",28,1892,38,42,1,270,875,1
43,897,50,0.2,0.7,0.15,0.1,1,1,2,40,"post_fragmentation","random",28,1892,38,42,1,270,876,1
43,897,50,0.2,0.7,0.15,0.1,1,1,2,40,"post_fragmentation","random",28,1892,38,42,1,270,877,1
43,897,50,0.2,0.7,0.15,0.1,1,1,2,40,"post_fragmentation","random",28,1892,38,42,1,270,881,1
43,897,50,0.2,0.7,0.15,0.1,1,1,2,40,"post_fragmentation","random",28,1892,38,42,1,270,890,1
43,897,50,0.2,0.7,0.15,0.1,1,1,2,40,"post_fragmentation","random",28,1892,38,42,1,270,899,1
43,897,50,0.2,0.7,0.15,0.1,1,1,2,40,"post_fragmentation","random",28,1892,38,42,1,270,900,1
43,897,50,0.2,0.7,0.15,0.1,1,1,2,40,"post_fragmentation","random",28,1892,38,42,1,270,902,1
43,897,50,0.2,0.7,0.15,0.1,1,1,2,40,"post_fragmentation","random",28,1892,38,42,1,270,918,1
43,897,50,0.2,0.7,0.15,0.1,1,1,2,40,"post_fragmentation","random",28,1892,38,42,1,270,924,1
43,897,50,0.2,0.7,0.15,0.1,1,1,2,40,"post_fragmentation","random",28,1892,38,42,1,270,942,1
43,897,50,0.2,0.7,0.15,0.1,1,1,2,40,"post_fragmentation","random",29,2285,46,35,1,270,558,1
43,897,50,0.2,0.7,0.15,0.1,1,1,2,40,"post_fragmentation","random",29,2285,46,35,1,270,596,1
43,897,50,0.2,0.7,0.15,0.1,1,1,2,40,"post_fragmentation","random",29,2285,46,35,1,270,606,1
43,897,50,0.2,0.7,0.15,0.1,1,1,2,40,"post_fragmentation","random",29,2285,46,35,1,270,607,1
43,897,50,0.2,0.7,0.15,0.1,1,1,2,40,"post_fragmentation","random",29,2285,46,35,1,270,609,1
43,897,50,0.2,0.7,0.15,0.1,1,1,2,40,"post_fragmentation","random",29,2285,46,35,1,270,619,1
43,897,50,0.2,0.7,0.15,0.1,1,1,2,40,"post_fragmentation","random",29,2285,46,35,1,270,628,2
43,897,50,0.2,0.7,0.15,0.1,1,1,2,40,"post_fragmentation","random",29,2285,46,35,1,270,642,1
43,897,50,0.2,0.7,0.15,0.1,1,1,2,40,"post_fragmentation","random",29,2285,46,35,1,270,644,2
43,897,50,0.2,0.7,0.15,0.1,1,1,2,40,"post_fragmentation","random",29,2285,46,35,1,270,649,1
43,897,50,0.2,0.7,0.15,0.1,1,1,2,40,"post_fragmentation","random",29,2285,46,35,1,270,656,1
43,897,50,0.2,0.7,0.15,0.1,1,1,2,40,"post_fragmentation","random",29,2285,46,35,1,270,663,2
43,897,50,0.2,0.7,0.15,0.1,1,1,2,40,"post_fragmentation","random",29,2285,46,35,1,270,665,1
43,897,50,0.2,0.7,0.15,0.1,1,1,2,40,"post_fragmentation","random",29,2285,46,35,1,270,675,1
43,897,50,0.2,0.7,0.15,0.1,1,1,2,40,"post_fragmentation","random",29,2285,46,35,1,270,688,1
43,897,50,0.2,0.7,0.15,0.1,1,1,2,40,"post_fragmentation","random",29,2285,46,35,1,270,690,3
43,897,50,0.2,0.7,0.15,0.1,1,1,2,40,"post_fragmentation","random",29,2285,46,35,1,270,696,1
43,897,50,0.2,0.7,0.15,0.1,1,1,2,40,"post_fragmentation","random",29,2285,46,35,1,270,698,3
43,897,50,0.2,0.7,0.15,0.1,1,1,2,40,"post_fragmentation","random",29,2285,46,35,1,270,700,2
43,897,50,0.2,0.7,0.15,0.1,1,1,2,40,"post_fragmentation","random",29,2285,46,35,1,270,715,2
43,897,50,0.2,0.7,0.15,0.1,1,1,2,40,"post_fragmentation","random",29,2285,46,35,1,270,717,1
43,897,50,0.2,0.7,0.15,0.1,1,1,2,40,"post_fragmentation","random",29,2285,46,35,1,270,736,3
43,897,50,0.2,0.7,0.15,0.1,1,1,2,40,"post_fragmentation","random",29,2285,46,35,1,270,789,1
43,897,50,0.2,0.7,0.15,0.1,1,1,2,40,"post_fragmentation","random",30,1740,35,40,1,270,655,1
43,897,50,0.2,0.7,0.15,0.1,1,1,2,40,"post_fragmentation","random",30,1740,35,40,1,270,727,1
43,897,50,0.2,0.7,0.15,0.1,1,1,2,40,"post_fragmentation","random",30,1740,35,40,1,270,771,3
43,897,50,0.2,0.7,0.15,0.1,1,1,2,40,"post_fragmentation","random",30,1740,35,40,1,270,775,2
43,897,50,0.2,0.7,0.15,0.1,1,1,2,40,"post_fragmentation","random",30,1740,35,40,1,270,782,1
43,897,50,0.2,0.7,0.15,0.1,1,1,2,40,"post_fragmentation","random",30,1740,35,40,1,270,803,2
43,897,50,0.2,0.7,0.15,0.1,1,1,2,40,"post_fragmentation","random",30,1740,35,40,1,270,806,1
43,897,50,0.2,0.7,0.15,0.1,1,1,2,40,"post_fragmentation","random",30,1740,35,40,1,270,807,1
43,897,50,0.2,0.7,0.15,0.1,1,1,2,40,"post_fragmentation","random",30,1740,35,40,1,270,823,1
43,897,50,0.2,0.7,0.15,0.1,1,1,2,40,"post_fragmentation","random",30,1740,35,40,1,270,824,1
43,897,50,0.2,0.7,0.15,0.1,1,1,2,40,"post_fragmentation","random",30,1740,35,40,1,270,825,1
43,897,50,0.2,0.7,0.15,0.1,1,1,2,40,"post_fragmentation","random",30,1740,35,40,1,270,832,2
43,897,50,0.2,0.7,0.15,0.1,1,1,2,40,"post_fragmentation","random",30,1740,35,40,1,270,833,1
43,897,50,0.2,0.7,0.15,0.1,1,1,2,40,"post_fragmentation","random",30,1740,35,40,1,270,834,1
43,897,50,0.2,0.7,0.15,0.1,1,1,2,40,"post_fragmentation","random",30,1740,35,40,1,270,839,1
43,897,50,0.2,0.7,0.15,0.1,1,1,2,40,"post_fragmentation","random",30,1740,35,40,1,270,842,1
43,897,50,0.2,0.7,0.15,0.1,1,1,2,40,"post_fragmentation","random",30,1740,35,40,1,270,855,4
43,897,50,0.2,0.7,0.15,0.1,1,1,2,40,"post_fragmentation","random",30,1740,35,40,1,270,865,2
43,897,50,0.2,0.7,0.15,0.1,1,1,2,40,"post_fragmentation","random",30,1740,35,40,1,270,868,1
43,897,50,0.2,0.7,0.15,0.1,1,1,2,40,"post_fragmentation","random",30,1740,35,40,1,270,869,1
43,897,50,0.2,0.7,0.15,0.1,1,1,2,40,"post_fragmentation","random",30,1740,35,40,1,270,875,1
43,897,50,0.2,0.7,0.15,0.1,1,1,2,40,"post_fragmentation","random",30,1740,35,40,1,270,880,1
43,897,50,0.2,0.7,0.15,0.1,1,1,2,40,"post_fragmentation","random",30,1740,35,40,1,270,892,1
43,897,50,0.2,0.7,0.15,0.1,1,1,2,40,"post_fragmentation","random",30,1740,35,40,1,270,895,1
43,897,50,0.2,0.7,0.15,0.1,1,1,2,40,"post_fragmentation","random",30,1740,35,40,1,270,903,1
43,897,50,0.2,0.7,0.15,0.1,1,1,2,40,"post_fragmentation","random",30,1740,35,40,1,270,924,1
43,897,50,0.2,0.7,0.15,0.1,1,1,2,100,"final","random",1,2052,42,2,1,270,546,2
43,897,50,0.2,0.7,0.15,0.1,1,1,2,100,"final","random",1,2052,42,2,1,270,553,1
43,897,50,0.2,0.7,0.15,0.1,1,1,2,100,"final","random",1,2052,42,2,1,270,574,3
43,897,50,0.2,0.7,0.15,0.1,1,1,2,100,"final","random",1,2052,42,2,1,270,575,1
43,897,50,0.2,0.7,0.15,0.1,1,1,2,100,"final","random",1,2052,42,2,1,270,576,1
43,897,50,0.2,0.7,0.15,0.1,1,1,2,100,"final","random",1,2052,42,2,1,270,587,2
43,897,50,0.2,0.7,0.15,0.1,1,1,2,100,"final","random",1,2052,42,2,1,270,589,5
43,897,50,0.2,0.7,0.15,0.1,1,1,2,100,"final","random",1,2052,42,2,1,270,594,4
43,897,50,0.2,0.7,0.15,0.1,1,1,2,100,"final","random",1,2052,42,2,1,270,595,1
43,897,50,0.2,0.7,0.15,0.1,1,1,2,100,"final","random",1,2052,42,2,1,270,597,1
43,897,50,0.2,0.7,0.15,0.1,1,1,2,100,"final","random",1,2052,42,2,1,270,600,1
43,897,50,0.2,0.7,0.15,0.1,1,1,2,100,"final","random",1,2052,42,2,1,270,601,1
43,897,50,0.2,0.7,0.15,0.1,1,1,2,100,"final","random",1,2052,42,2,1,270,612,1
43,897,50,0.2,0.7,0.15,0.1,1,1,2,100,"final","random",1,2052,42,2,1,270,615,3
43,897,50,0.2,0.7,0.15,0.1,1,1,2,100,"final","random",1,2052,42,2,1,270,620,3
43,897,50,0.2,0.7,0.15,0.1,1,1,2,100,"final","random",1,2052,42,2,1,270,621,1
43,897,50,0.2,0.7,0.15,0.1,1,1,2,100,"final","random",1,2052,42,2,1,270,623,2
43,897,50,0.2,0.7,0.15,0.1,1,1,2,100,"final","random",1,2052,42,2,1,270,663,1
43,897,50,0.2,0.7,0.15,0.1,1,1,2,100,"final","random",1,2052,42,2,1,270,674,1
43,897,50,0.2,0.7,0.15,0.1,1,1,2,100,"final","random",1,2052,42,2,1,270,683,1
43,897,50,0.2,0.7,0.15,0.1,1,1,2,100,"final","random",1,2052,42,2,1,270,761,1
43,897,50,0.2,0.7,0.15,0.1,1,1,2,100,"final","random",2,2087,42,37,1,270,620,1
43,897,50,0.2,0.7,0.15,0.1,1,1,2,100,"final","random",2,2087,42,37,1,270,628,2
43,897,50,0.2,0.7,0.15,0.1,1,1,2,100,"final","random",2,2087,42,37,1,270,641,1
43,897,50,0.2,0.7,0.15,0.1,1,1,2,100,"final","random",2,2087,42,37,1,270,642,1
43,897,50,0.2,0.7,0.15,0.1,1,1,2,100,"final","random",2,2087,42,37,1,270,644,1
43,897,50,0.2,0.7,0.15,0.1,1,1,2,100,"final","random",2,2087,42,37,1,270,663,2
43,897,50,0.2,0.7,0.15,0.1,1,1,2,100,"final","random",2,2087,42,37,1,270,666,1
43,897,50,0.2,0.7,0.15,0.1,1,1,2,100,"final","random",2,2087,42,37,1,270,669,1
43,897,50,0.2,0.7,0.15,0.1,1,1,2,100,"final","random",2,2087,42,37,1,270,672,4
43,897,50,0.2,0.7,0.15,0.1,1,1,2,100,"final","random",2,2087,42,37,1,270,675,5
43,897,50,0.2,0.7,0.15,0.1,1,1,2,100,"final","random",2,2087,42,37,1,270,680,1
43,897,50,0.2,0.7,0.15,0.1,1,1,2,100,"final","random",2,2087,42,37,1,270,681,1
43,897,50,0.2,0.7,0.15,0.1,1,1,2,100,"final","random",2,2087,42,37,1,270,690,1
43,897,50,0.2,0.7,0.15,0.1,1,1,2,100,"final","random",2,2087,42,37,1,270,696,3
43,897,50,0.2,0.7,0.15,0.1,1,1,2,100,"final","random",2,2087,42,37,1,270,698,1
43,897,50,0.2,0.7,0.15,0.1,1,1,2,100,"final","random",2,2087,42,37,1,270,700,1
43,897,50,0.2,0.7,0.15,0.1,1,1,2,100,"final","random",2,2087,42,37,1,270,706,2
43,897,50,0.2,0.7,0.15,0.1,1,1,2,100,"final","random",2,2087,42,37,1,270,711,1
43,897,50,0.2,0.7,0.15,0.1,1,1,2,100,"final","random",2,2087,42,37,1,270,715,1
43,897,50,0.2,0.7,0.15,0.1,1,1,2,100,"final","random",2,2087,42,37,1,270,719,1
43,897,50,0.2,0.7,0.15,0.1,1,1,2,100,"final","random",2,2087,42,37,1,270,741,1
43,897,50,0.2,0.7,0.15,0.1,1,1,2,100,"final","random",2,2087,42,37,1,270,753,2
43,897,50,0.2,0.7,0.15,0.1,1,1,2,100,"final","random",2,2087,42,37,1,270,758,1
43,897,50,0.2,0.7,0.15,0.1,1,1,2,100,"final","random",2,2087,42,37,1,270,771,4
43,897,50,0.2,0.7,0.15,0.1,1,1,2,100,"final","random",2,2087,42,37,1,270,827,1
43,897,50,0.2,0.7,0.15,0.1,1,1,2,100,"final","random",2,2087,42,37,1,270,839,1
43,897,50,0.2,0.7,0.15,0.1,1,1,2,100,"final","random",2,2087,42,37,1,270,890,1
43,897,50,0.2,0.7,0.15,0.1,1,1,2,100,"final","random",3,2096,42,46,1,270,739,1
43,897,50,0.2,0.7,0.15,0.1,1,1,2,100,"final","random",3,2096,42,46,1,270,750,2
43,897,50,0.2,0.7,0.15,0.1,1,1,2,100,"final","random",3,2096,42,46,1,270,807,1
43,897,50,0.2,0.7,0.15,0.1,1,1,2,100,"final","random",3,2096,42,46,1,270,809,3
43,897,50,0.2,0.7,0.15,0.1,1,1,2,100,"final","random",3,2096,42,46,1,270,811,1
43,897,50,0.2,0.7,0.15,0.1,1,1,2,100,"final","random",3,2096,42,46,1,270,821,1
43,897,50,0.2,0.7,0.15,0.1,1,1,2,100,"final","random",3,2096,42,46,1,270,823,1
43,897,50,0.2,0.7,0.15,0.1,1,1,2,100,"final","random",3,2096,42,46,1,270,827,1
43,897,50,0.2,0.7,0.15,0.1,1,1,2,100,"final","random",3,2096,42,46,1,270,831,6
43,897,50,0.2,0.7,0.15,0.1,1,1,2,100,"final","random",3,2096,42,46,1,270,838,2
43,897,50,0.2,0.7,0.15,0.1,1,1,2,100,"final","random",3,2096,42,46,1,270,849,7
43,897,50,0.2,0.7,0.15,0.1,1,1,2,100,"final","random",3,2096,42,46,1,270,865,1
43,897,50,0.2,0.7,0.15,0.1,1,1,2,100,"final","random",3,2096,42,46,1,270,866,2
43,897,50,0.2,0.7,0.15,0.1,1,1,2,100,"final","random",3,2096,42,46,1,270,875,1
43,897,50,0.2,0.7,0.15,0.1,1,1,2,100,"final","random",3,2096,42,46,1,270,879,1
43,897,50,0.2,0.7,0.15,0.1,1,1,2,100,"final","random",3,2096,42,46,1,270,881,1
43,897,50,0.2,0.7,0.15,0.1,1,1,2,100,"final","random",3,2096,42,46,1,270,890,3
43,897,50,0.2,0.7,0.15,0.1,1,1,2,100,"final","random",3,2096,42,46,1,270,897,1
43,897,50,0.2,0.7,0.15,0.1,1,1,2,100,"final","random",3,2096,42,46,1,270,899,2
43,897,50,0.2,0.7,0.15,0.1,1,1,2,100,"final","random",4,2394,48,44,1,270,483,1
43,897,50,0.2,0.7,0.15,0.1,1,1,2,100,"final","random",4,2394,48,44,1,270,484,5
43,897,50,0.2,0.7,0.15,0.1,1,1,2,100,"final","random",4,2394,48,44,1,270,489,1
43,897,50,0.2,0.7,0.15,0.1,1,1,2,100,"final","random",4,2394,48,44,1,270,496,2
43,897,50,0.2,0.7,0.15,0.1,1,1,2,100,"final","random",4,2394,48,44,1,270,514,3
43,897,50,0.2,0.7,0.15,0.1,1,1,2,100,"final","random",4,2394,48,44,1,270,522,1
43,897,50,0.2,0.7,0.15,0.1,1,1,2,100,"final","random",4,2394,48,44,1,270,523,1
43,897,50,0.2,0.7,0.15,0.1,1,1,2,100,"final","random",4,2394,48,44,1,270,524,1
43,897,50,0.2,0.7,0.15,0.1,1,1,2,100,"final","random",4,2394,48,44,1,270,527,1
43,897,50,0.2,0.7,0.15,0.1,1,1,2,100,"final","random",4,2394,48,44,1,270,529,2
43,897,50,0.2,0.7,0.15,0.1,1,1,2,100,"final","random",4,2394,48,44,1,270,541,1
43,897,50,0.2,0.7,0.15,0.1,1,1,2,100,"final","random",4,2394,48,44,1,270,542,1
43,897,50,0.2,0.7,0.15,0.1,1,1,2,100,"final","random",4,2394,48,44,1,270,547,1
43,897,50,0.2,0.7,0.15,0.1,1,1,2,100,"final","random",4,2394,48,44,1,270,553,1
43,897,50,0.2,0.7,0.15,0.1,1,1,2,100,"final","random",4,2394,48,44,1,270,554,1
43,897,50,0.2,0.7,0.15,0.1,1,1,2,100,"final","random",4,2394,48,44,1,270,564,2
43,897,50,0.2,0.7,0.15,0.1,1,1,2,100,"final","random",4,2394,48,44,1,270,567,1
43,897,50,0.2,0.7,0.15,0.1,1,1,2,100,"final","random",4,2394,48,44,1,270,575,1
43,897,50,0.2,0.7,0.15,0.1,1,1,2,100,"final","random",4,2394,48,44,1,270,576,3
43,897,50,0.2,0.7,0.15,0.1,1,1,2,100,"final","random",4,2394,48,44,1,270,587,2
43,897,50,0.2,0.7,0.15,0.1,1,1,2,100,"final","random",4,2394,48,44,1,270,597,2
43,897,50,0.2,0.7,0.15,0.1,1,1,2,100,"final","random",4,2394,48,44,1,270,619,2
43,897,50,0.2,0.7,0.15,0.1,1,1,2,100,"final","random",4,2394,48,44,1,270,620,2
43,897,50,0.2,0.7,0.15,0.1,1,1,2,100,"final","random",4,2394,48,44,1,270,656,1
43,897,50,0.2,0.7,0.15,0.1,1,1,2,100,"final","random",4,2394,48,44,1,270,738,1
43,897,50,0.2,0.7,0.15,0.1,1,1,2,100,"final","random",5,2243,45,43,1,270,558,2
43,897,50,0.2,0.7,0.15,0.1,1,1,2,100,"final","random",5,2243,45,43,1,270,567,3
43,897,50,0.2,0.7,0.15,0.1,1,1,2,100,"final","random",5,2243,45,43,1,270,581,2
43,897,50,0.2,0.7,0.15,0.1,1,1,2,100,"final","random",5,2243,45,43,1,270,587,2
43,897,50,0.2,0.7,0.15,0.1,1,1,2,100,"final","random",5,2243,45,43,1,270,606,1
43,897,50,0.2,0.7,0.15,0.1,1,1,2,100,"final","random",5,2243,45,43,1,270,607,1
43,897,50,0.2,0.7,0.15,0.1,1,1,2,100,"final","random",5,2243,45,43,1,270,612,1
43,897,50,0.2,0.7,0.15,0.1,1,1,2,100,"final","random",5,2243,45,43,1,270,628,2
43,897,50,0.2,0.7,0.15,0.1,1,1,2,100,"final","random",5,2243,45,43,1,270,642,1
43,897,50,0.2,0.7,0.15,0.1,1,1,2,100,"final","random",5,2243,45,43,1,270,645,2
43,897,50,0.2,0.7,0.15,0.1,1,1,2,100,"final","random",5,2243,45,43,1,270,656,1
43,897,50,0.2,0.7,0.15,0.1,1,1,2,100,"final","random",5,2243,45,43,1,270,657,2
43,897,50,0.2,0.7,0.15,0.1,1,1,2,100,"final","random",5,2243,45,43,1,270,665,1
43,897,50,0.2,0.7,0.15,0.1,1,1,2,100,"final","random",5,2243,45,43,1,270,672,1
43,897,50,0.2,0.7,0.15,0.1,1,1,2,100,"final","random",5,2243,45,43,1,270,673,1
43,897,50,0.2,0.7,0.15,0.1,1,1,2,100,"final","random",5,2243,45,43,1,270,680,1
43,897,50,0.2,0.7,0.15,0.1,1,1,2,100,"final","random",5,2243,45,43,1,270,690,1
43,897,50,0.2,0.7,0.15,0.1,1,1,2,100,"final","random",5,2243,45,43,1,270,696,3
43,897,50,0.2,0.7,0.15,0.1,1,1,2,100,"final","random",5,2243,45,43,1,270,711,1
43,897,50,0.2,0.7,0.15,0.1,1,1,2,100,"final","random",5,2243,45,43,1,270,717,1
43,897,50,0.2,0.7,0.15,0.1,1,1,2,100,"final","random",5,2243,45,43,1,270,727,1
43,897,50,0.2,0.7,0.15,0.1,1,1,2,100,"final","random",5,2243,45,43,1,270,771,1
43,897,50,0.2,0.7,0.15,0.1,1,1,2,100,"final","random",5,2243,45,43,1,270,775,1
43,897,50,0.2,0.7,0.15,0.1,1,1,2,100,"final","random",6,1476,30,26,3,100,170,1
43,897,50,0.2,0.7,0.15,0.1,1,1,2,100,"final","random",6,1476,30,26,3,100,242,1
43,897,50,0.2,0.7,0.15,0.1,1,1,2,100,"final","random",6,1476,30,26,3,100,254,1
43,897,50,0.2,0.7,0.15,0.1,1,1,2,100,"final","random",6,1476,30,26,3,100,279,2
43,897,50,0.2,0.7,0.15,0.1,1,1,2,100,"final","random",6,1476,30,26,3,100,280,1
43,897,50,0.2,0.7,0.15,0.1,1,1,2,100,"final","random",6,1476,30,26,3,100,281,1
43,897,50,0.2,0.7,0.15,0.1,1,1,2,100,"final","random",6,1476,30,26,3,100,288,2
43,897,50,0.2,0.7,0.15,0.1,1,1,2,100,"final","random",6,1476,30,26,3,100,293,1
43,897,50,0.2,0.7,0.15,0.1,1,1,2,100,"final","random",6,1476,30,26,3,100,312,3
43,897,50,0.2,0.7,0.15,0.1,1,1,2,100,"final","random",6,1476,30,26,3,100,323,1
43,897,50,0.2,0.7,0.15,0.1,1,1,2,100,"final","random",6,1476,30,26,3,100,325,1
43,897,50,0.2,0.7,0.15,0.1,1,1,2,100,"final","random",6,1476,30,26,3,100,330,2
43,897,50,0.2,0.7,0.15,0.1,1,1,2,100,"final","random",6,1476,30,26,3,100,331,1
43,897,50,0.2,0.7,0.15,0.1,1,1,2,100,"final","random",6,1476,30,26,3,100,339,1
43,897,50,0.2,0.7,0.15,0.1,1,1,2,100,"final","random",6,1476,30,26,3,100,341,3
43,897,50,0.2,0.7,0.15,0.1,1,1,2,100,"final","random",6,1476,30,26,3,100,344,1
43,897,50,0.2,0.7,0.15,0.1,1,1,2,100,"final","random",6,1476,30,26,3,100,346,2
43,897,50,0.2,0.7,0.15,0.1,1,1,2,100,"final","random",6,1476,30,26,3,100,363,1
43,897,50,0.2,0.7,0.15,0.1,1,1,2,100,"final","random",6,1476,30,26,3,100,373,2
43,897,50,0.2,0.7,0.15,0.1,1,1,2,100,"final","random",6,1476,30,26,3,100,386,1
43,897,50,0.2,0.7,0.15,0.1,1,1,2,100,"final","random",6,1476,30,26,3,100,390,1
43,897,50,0.2,0.7,0.15,0.1,1,1,2,100,"final","random",6,1476,30,26,3,100,414,1
43,897,50,0.2,0.7,0.15,0.1,1,1,2,100,"final","random",6,1476,30,26,3,100,421,1
43,897,50,0.2,0.7,0.15,0.1,1,1,2,100,"final","random",6,1476,30,26,3,100,422,1
43,897,50,0.2,0.7,0.15,0.1,1,1,2,100,"final","random",6,1476,30,26,3,100,458,2
43,897,50,0.2,0.7,0.15,0.1,1,1,2,100,"final","random",6,1476,30,26,3,100,489,1
43,897,50,0.2,0.7,0.15,0.1,1,1,2,100,"final","random",6,1476,30,26,3,100,493,2
43,897,50,0.2,0.7,0.15,0.1,1,1,2,100,"final","random",6,1476,30,26,3,100,497,1
43,897,50,0.2,0.7,0.15,0.1,1,1,2,100,"final","random",7,1778,36,28,3,100,281,2
43,897,50,0.2,0.7,0.15,0.1,1,1,2,100,"final","random",7,1778,36,28,3,100,288,2
43,897,50,0.2,0.7,0.15,0.1,1,1,2,100,"final","random",7,1778,36,28,3,100,299,1
43,897,50,0.2,0.7,0.15,0.1,1,1,2,100,"final","random",7,1778,36,28,3,100,312,1
43,897,50,0.2,0.7,0.15,0.1,1,1,2,100,"final","random",7,1778,36,28,3,100,330,5
43,897,50,0.2,0.7,0.15,0.1,1,1,2,100,"final","random",7,1778,36,28,3,100,331,1
43,897,50,0.2,0.7,0.15,0.1,1,1,2,100,"final","random",7,1778,36,28,3,100,334,5
43,897,50,0.2,0.7,0.15,0.1,1,1,2,100,"final","random",7,1778,36,28,3,100,352,3
43,897,50,0.2,0.7,0.15,0.1,1,1,2,100,"final","random",7,1778,36,28,3,100,353,1
43,897,50,0.2,0.7,0.15,0.1,1,1,2,100,"final","random",7,1778,36,28,3,100,372,1
43,897,50,0.2,0.7,0.15,0.1,1,1,2,100,"final","random",7,1778,36,28,3,100,385,2
43,897,50,0.2,0.7,0.15,0.1,1,1,2,100,"final","random",7,1778,36,28,3,100,410,1
43,897,50,0.2,0.7,0.15,0.1,1,1,2,100,"final","random",7,1778,36,28,3,100,414,1
43,897,50,0.2,0.7,0.15,0.1,1,1,2,100,"final","random",7,1778,36,28,3,100,416,6
43,897,50,0.2,0.7,0.15,0.1,1,1,2,100,"final","random",7,1778,36,28,3,100,421,1
43,897,50,0.2,0.7,0.15,0.1,1,1,2,100,"final","random",7,1778,36,28,3,100,445,1
43,897,50,0.2,0.7,0.15,0.1,1,1,2,100,"final","random",7,1778,36,28,3,100,446,2
43,897,50,0.2,0.7,0.15,0.1,1,1,2,100,"final","random",7,1778,36,28,3,100,450,3
43,897,50,0.2,0.7,0.15,0.1,1,1,2,100,"final","random",7,1778,36,28,3,100,458,2
43,897,50,0.2,0.7,0.15,0.1,1,1,2,100,"final","random",7,1778,36,28,3,100,460,1
43,897,50,0.2,0.7,0.15,0.1,1,1,2,100,"final","random",8,2344,47,44,1,270,484,2
43,897,50,0.2,0.7,0.15,0.1,1,1,2,100,"final","random",8,2344,47,44,1,270,497,1
43,897,50,0.2,0.7,0.15,0.1,1,1,2,100,"final","random",8,2344,47,44,1,270,519,2
43,897,50,0.2,0.7,0.15,0.1,1,1,2,100,"final","random",8,2344,47,44,1,270,520,1
43,897,50,0.2,0.7,0.15,0.1,1,1,2,100,"final","random",8,2344,47,44,1,270,522,3
43,897,50,0.2,0.7,0.15,0.1,1,1,2,100,"final","random",8,2344,47,44,1,270,524,1
43,897,50,0.2,0.7,0.15,0.1,1,1,2,100,"final","random",8,2344,47,44,1,270,527,1
43,897,50,0.2,0.7,0.15,0.1,1,1,2,100,"final","random",8,2344,47,44,1,270,529,2
43,897,50,0.2,0.7,0.15,0.1,1,1,2,100,"final","random",8,2344,47,44,1,270,547,1
43,897,50,0.2,0.7,0.15,0.1,1,1,2,100,"final","random",8,2344,47,44,1,270,553,5
43,897,50,0.2,0.7,0.15,0.1,1,1,2,100,"final","random",8,2344,47,44,1,270,554,3
43,897,50,0.2,0.7,0.15,0.1,1,1,2,100,"final","random",8,2344,47,44,1,270,558,4
43,897,50,0.2,0.7,0.15,0.1,1,1,2,100,"final","random",8,2344,47,44,1,270,564,3
43,897,50,0.2,0.7,0.15,0.1,1,1,2,100,"final","random",8,2344,47,44,1,270,576,1
43,897,50,0.2,0.7,0.15,0.1,1,1,2,100,"final","random",8,2344,47,44,1,270,577,1
43,897,50,0.2,0.7,0.15,0.1,1,1,2,100,"final","random",8,2344,47,44,1,270,581,4
43,897,50,0.2,0.7,0.15,0.1,1,1,2,100,"final","random",8,2344,47,44,1,270,587,1
43,897,50,0.2,0.7,0.15,0.1,1,1,2,100,"final","random",8,2344,47,44,1,270,589,1
43,897,50,0.2,0.7,0.15,0.1,1,1,2,100,"final","random",8,2344,47,44,1,270,593,1
43,897,50,0.2,0.7,0.15,0.1,1,1,2,100,"final","random",8,2344,47,44,1,270,642,1
43,897,50,0.2,0.7,0.15,0.1,1,1,2,100,"final","random",8,2344,47,44,1,270,645,2
43,897,50,0.2,0.7,0.15,0.1,1,1,2,100,"final","random",8,2344,47,44,1,270,671,1
43,897,50,0.2,0.7,0.15,0.1,1,1,2,100,"final","random",9,2235,45,35,1,270,619,2
43,897,50,0.2,0.7,0.15,0.1,1,1,2,100,"final","random",9,2235,45,35,1,270,628,1
43,897,50,0.2,0.7,0.15,0.1,1,1,2,100,"final","random",9,2235,45,35,1,270,642,4
43,897,50,0.2,0.7,0.15,0.1,1,1,2,100,"final","random",9,2235,45,35,1,270,644,2
43,897,50,0.2,0.7,0.15,0.1,1,1,2,100,"final","random",9,2235,45,35,1,270,663,2
43,897,50,0.2,0.7,0.15,0.1,1,1,2,100,"final","random",9,2235,45,35,1,270,671,1
43,897,50,0.2,0.7,0.15,0.1,1,1,2,100,"final","random",9,2235,45,35,1,270,672,2
43,897,50,0.2,0.7,0.15,0.1,1,1,2,100,"final","random",9,2235,45,35,1,270,673,2
43,897,50,0.2,0.7,0.15,0.1,1,1,2,100,"final","random",9,2235,45,35,1,270,681,4
43,897,50,0.2,0.7,0.15,0.1,1,1,2,100,"final","random",9,2235,45,35,1,270,690,9
43,897,50,0.2,0.7,0.15,0.1,1,1,2,100,"final","random",9,2235,45,35,1,270,696,1
43,897,50,0.2,0.7,0.15,0.1,1,1,2,100,"final","random",9,2235,45,35,1,270,698,3
43,897,50,0.2,0.7,0.15,0.1,1,1,2,100,"final","random",9,2235,45,35,1,270,756,1
43,897,50,0.2,0.7,0.15,0.1,1,1,2,100,"final","random",10,1728,35,28,3,100,286,1
43,897,50,0.2,0.7,0.15,0.1,1,1,2,100,"final","random",10,1728,35,28,3,100,312,1
43,897,50,0.2,0.7,0.15,0.1,1,1,2,100,"final","random",10,1728,35,28,3,100,330,1
43,897,50,0.2,0.7,0.15,0.1,1,1,2,100,"final","random",10,1728,35,28,3,100,334,3
43,897,50,0.2,0.7,0.15,0.1,1,1,2,100,"final","random",10,1728,35,28,3,100,346,1
43,897,50,0.2,0.7,0.15,0.1,1,1,2,100,"final","random",10,1728,35,28,3,100,352,3
43,897,50,0.2,0.7,0.15,0.1,1,1,2,100,"final","random",10,1728,35,28,3,100,372,4
43,897,50,0.2,0.7,0.15,0.1,1,1,2,100,"final","random",10,1728,35,28,3,100,403,1
43,897,50,0.2,0.7,0.15,0.1,1,1,2,100,"final","random",10,1728,35,28,3,100,410,1
43,897,50,0.2,0.7,0.15,0.1,1,1,2,100,"final","random",10,1728,35,28,3,100,414,1
43,897,50,0.2,0.7,0.15,0.1,1,1,2,100,"final","random",10,1728,35,28,3,100,416,5
43,897,50,0.2,0.7,0.15,0.1,1,1,2,100,"final","random",10,1728,35,28,3,100,425,1
43,897,50,0.2,0.7,0.15,0.1,1,1,2,100,"final","random",10,1728,35,28,3,100,444,1
43,897,50,0.2,0.7,0.15,0.1,1,1,2,100,"final","random",10,1728,35,28,3,100,445,1
43,897,50,0.2,0.7,0.15,0.1,1,1,2,100,"final","random",10,1728,35,28,3,100,446,4
43,897,50,0.2,0.7,0.15,0.1,1,1,2,100,"final","random",10,1728,35,28,3,100,458,5
43,897,50,0.2,0.7,0.15,0.1,1,1,2,100,"final","random",10,1728,35,28,3,100,460,1
43,897,50,0.2,0.7,0.15,0.1,1,1,2,100,"final","random",11,1727,35,27,3,100,242,1
43,897,50,0.2,0.7,0.15,0.1,1,1,2,100,"final","random",11,1727,35,27,3,100,278,1
43,897,50,0.2,0.7,0.15,0.1,1,1,2,100,"final","random",11,1727,35,27,3,100,302,1
43,897,50,0.2,0.7,0.15,0.1,1,1,2,100,"final","random",11,1727,35,27,3,100,312,3
43,897,50,0.2,0.7,0.15,0.1,1,1,2,100,"final","random",11,1727,35,27,3,100,330,5
43,897,50,0.2,0.7,0.15,0.1,1,1,2,100,"final","random",11,1727,35,27,3,100,341,2
43,897,50,0.2,0.7,0.15,0.1,1,1,2,100,"final","random",11,1727,35,27,3,100,344,3
43,897,50,0.2,0.7,0.15,0.1,1,1,2,100,"final","random",11,1727,35,27,3,100,346,1
43,897,50,0.2,0.7,0.15,0.1,1,1,2,100,"final","random",11,1727,35,27,3,100,350,1
43,897,50,0.2,0.7,0.15,0.1,1,1,2,100,"final","random",11,1727,35,27,3,100,352,1
43,897,50,0.2,0.7,0.15,0.1,1,1,2,100,"final","random",11,1727,35,27,3,100,353,1
43,897,50,0.2,0.7,0.15,0.1,1,1,2,100,"final","random",11,1727,35,27,3,100,357,2
43,897,50,0.2,0.7,0.15,0.1,1,1,2,100,"final","random",11,1727,35,27,3,100,372,2
43,897,50,0.2,0.7,0.15,0.1,1,1,2,100,"final","random",11,1727,35,27,3,100,375,1
43,897,50,0.2,0.7,0.15,0.1,1,1,2,100,"final","random",11,1727,35,27,3,100,385,2
43,897,50,0.2,0.7,0.15,0.1,1,1,2,100,"final","random",11,1727,35,27,3,100,386,1
43,897,50,0.2,0.7,0.15,0.1,1,1,2,100,"final","random",11,1727,35,27,3,100,410,2
43,897,50,0.2,0.7,0.15,0.1,1,1,2,100,"final","random",11,1727,35,27,3,100,416,4
43,897,50,0.2,0.7,0.15,0.1,1,1,2,100,"final","random",11,1727,35,27,3,100,421,2
43,897,50,0.2,0.7,0.15,0.1,1,1,2,100,"final","random",11,1727,35,27,3,100,446,2
43,897,50,0.2,0.7,0.15,0.1,1,1,2,100,"final","random",11,1727,35,27,3,100,450,1
43,897,50,0.2,0.7,0.15,0.1,1,1,2,100,"final","random",11,1727,35,27,3,100,458,2
43,897,50,0.2,0.7,0.15,0.1,1,1,2,100,"final","random",11,1727,35,27,3,100,493,1
43,897,50,0.2,0.7,0.15,0.1,1,1,2,100,"final","random",11,1727,35,27,3,100,520,1
43,897,50,0.2,0.7,0.15,0.1,1,1,2,100,"final","random",11,1727,35,27,3,100,547,2
43,897,50,0.2,0.7,0.15,0.1,1,1,2,100,"final","random",12,2291,46,41,1,270,471,1
43,897,50,0.2,0.7,0.15,0.1,1,1,2,100,"final","random",12,2291,46,41,1,270,484,2
43,897,50,0.2,0.7,0.15,0.1,1,1,2,100,"final","random",12,2291,46,41,1,270,497,2
43,897,50,0.2,0.7,0.15,0.1,1,1,2,100,"final","random",12,2291,46,41,1,270,514,1
43,897,50,0.2,0.7,0.15,0.1,1,1,2,100,"final","random",12,2291,46,41,1,270,519,1
43,897,50,0.2,0.7,0.15,0.1,1,1,2,100,"final","random",12,2291,46,41,1,270,527,1
43,897,50,0.2,0.7,0.15,0.1,1,1,2,100,"final","random",12,2291,46,41,1,270,558,1
43,897,50,0.2,0.7,0.15,0.1,1,1,2,100,"final","random",12,2291,46,41,1,270,564,1
43,897,50,0.2,0.7,0.15,0.1,1,1,2,100,"final","random",12,2291,46,41,1,270,567,1
43,897,50,0.2,0.7,0.15,0.1,1,1,2,100,"final","random",12,2291,46,41,1,270,576,1
43,897,50,0.2,0.7,0.15,0.1,1,1,2,100,"final","random",12,2291,46,41,1,270,589,2
43,897,50,0.2,0.7,0.15,0.1,1,1,2,100,"final","random",12,2291,46,41,1,270,606,1
43,897,50,0.2,0.7,0.15,0.1,1,1,2,100,"final","random",12,2291,46,41,1,270,609,1
43,897,50,0.2,0.7,0.15,0.1,1,1,2,100,"final","random",12,2291,46,41,1,270,619,1
43,897,50,0.2,0.7,0.15,0.1,1,1,2,100,"final","random",12,2291,46,41,1,270,620,2
43,897,50,0.2,0.7,0.15,0.1,1,1,2,100,"final","random",12,2291,46,41,1,270,628,1
43,897,50,0.2,0.7,0.15,0.1,1,1,2,100,"final","random",12,2291,46,41,1,270,642,3
43,897,50,0.2,0.7,0.15,0.1,1,1,2,100,"final","random",12,2291,46,41,1,270,643,1
43,897,50,0.2,0.7,0.15,0.1,1,1,2,100,"final","random",12,2291,46,41,1,270,649,1
43,897,50,0.2,0.7,0.15,0.1,1,1,2,100,"final","random",12,2291,46,41,1,270,663,1
43,897,50,0.2,0.7,0.15,0.1,1,1,2,100,"final","random",12,2291,46,41,1,270,664,1
43,897,50,0.2,0.7,0.15,0.1,1,1,2,100,"final","random",12,2291,46,41,1,270,665,1
43,897,50,0.2,0.7,0.15,0.1,1,1,2,100,"final","random",12,2291,46,41,1,270,673,1
43,897,50,0.2,0.7,0.15,0.1,1,1,2,100,"final","random",12,2291,46,41,1,270,682,1
43,897,50,0.2,0.7,0.15,0.1,1,1,2,100,"final","random",12,2291,46,41,1,270,690,2
43,897,50,0.2,0.7,0.15,0.1,1,1,2,100,"final","random",12,2291,46,41,1,270,696,1
43,897,50,0.2,0.7,0.15,0.1,1,1,2,100,"final","random",13,2185,44,35,1,270,628,1
43,897,50,0.2,0.7,0.15,0.1,1,1,2,100,"final","random",13,2185,44,35,1,270,640,1
43,897,50,0.2,0.7,0.15,0.1,1,1,2,100,"final","random",13,2185,44,35,1,270,642,1
43,897,50,0.2,0.7,0.15,0.1,1,1,2,100,"final","random",13,2185,44,35,1,270,644,3
43,897,50,0.2,0.7,0.15,0.1,1,1,2,100,"final","random",13,2185,44,35,1,270,645,2
43,897,50,0.2,0.7,0.15,0.1,1,1,2,100,"final","random",13,2185,44,35,1,270,649,3
43,897,50,0.2,0.7,0.15,0.1,1,1,2,100,"final","random",13,2185,44,35,1,270,656,2
43,897,50,0.2,0.7,0.15,0.1,1,1,2,100,"final","random",13,2185,44,35,1,270,671,5
43,897,50,0.2,0.7,0.15,0.1,1,1,2,100,"final","random",13,2185,44,35,1,270,672,3
43,897,50,0.2,0.7,0.15,0.1,1,1,2,100,"final","random",13,2185,44,35,1,270,680,1
43,897,50,0.2,0.7,0.15,0.1,1,1,2,100,"final","random",13,2185,44,35,1,270,681,1
43,897,50,0.2,0.7,0.15,0.1,1,1,2,100,"final","random",13,2185,44,35,1,270,682,1
43,897,50,0.2,0.7,0.15,0.1,1,1,2,100,"final","random",13,2185,44,35,1,270,688,2
43,897,50,0.2,0.7,0.15,0.1,1,1,2,100,"final","random",13,2185,44,35,1,270,690,11
43,897,50,0.2,0.7,0.15,0.1,1,1,2,100,"final","random",13,2185,44,35,1,270,696,2
43,897,50,0.2,0.7,0.15,0.1,1,1,2,100,"final","random",13,2185,44,35,1,270,725,1
43,897,50,0.2,0.7,0.15,0.1,1,1,2,100,"final","random",13,2185,44,35,1,270,750,1
43,897,50,0.2,0.7,0.15,0.1,1,1,2,100,"final","random",14,2202,45,2,1,270,546,2
43,897,50,0.2,0.7,0.15,0.1,1,1,2,100,"final","random",14,2202,45,2,1,270,553,1
43,897,50,0.2,0.7,0.15,0.1,1,1,2,100,"final","random",14,2202,45,2,1,270,558,1
43,897,50,0.2,0.7,0.15,0.1,1,1,2,100,"final","random",14,2202,45,2,1,270,576,1
43,897,50,0.2,0.7,0.15,0.1,1,1,2,100,"final","random",14,2202,45,2,1,270,583,1
43,897,50,0.2,0.7,0.15,0.1,1,1,2,100,"final","random",14,2202,45,2,1,270,587,9
43,897,50,0.2,0.7,0.15,0.1,1,1,2,100,"final","random",14,2202,45,2,1,270,594,5
43,897,50,0.2,0.7,0.15,0.1,1,1,2,100,"final","random",14,2202,45,2,1,270,601,1
43,897,50,0.2,0.7,0.15,0.1,1,1,2,100,"final","random",14,2202,45,2,1,270,611,1
43,897,50,0.2,0.7,0.15,0.1,1,1,2,100,"final","random",14,2202,45,2,1,270,615,4
43,897,50,0.2,0.7,0.15,0.1,1,1,2,100,"final","random",14,2202,45,2,1,270,620,1
43,897,50,0.2,0.7,0.15,0.1,1,1,2,100,"final","random",14,2202,45,2,1,270,628,1
43,897,50,0.2,0.7,0.15,0.1,1,1,2,100,"final","random",14,2202,45,2,1,270,657,1
43,897,50,0.2,0.7,0.15,0.1,1,1,2,100,"final","random",14,2202,45,2,1,270,665,1
43,897,50,0.2,0.7,0.15,0.1,1,1,2,100,"final","random",14,2202,45,2,1,270,674,3
43,897,50,0.2,0.7,0.15,0.1,1,1,2,100,"final","random",14,2202,45,2,1,270,692,1
43,897,50,0.2,0.7,0.15,0.1,1,1,2,100,"final","random",14,2202,45,2,1,270,700,2
43,897,50,0.2,0.7,0.15,0.1,1,1,2,100,"final","random",14,2202,45,2,1,270,758,1
43,897,50,0.2,0.7,0.15,0.1,1,1,2,100,"final","random",15,2009,41,9,1,270,492,2
43,897,50,0.2,0.7,0.15,0.1,1,1,2,100,"final","random",15,2009,41,9,1,270,499,5
43,897,50,0.2,0.7,0.15,0.1,1,1,2,100,"final","random",15,2009,41,9,1,270,511,1
43,897,50,0.2,0.7,0.15,0.1,1,1,2,100,"final","random",15,2009,41,9,1,270,528,1
43,897,50,0.2,0.7,0.15,0.1,1,1,2,100,"final","random",15,2009,41,9,1,270,533,1
43,897,50,0.2,0.7,0.15,0.1,1,1,2,100,"final","random",15,2009,41,9,1,270,539,3
43,897,50,0.2,0.7,0.15,0.1,1,1,2,100,"final","random",15,2009,41,9,1,270,542,4
43,897,50,0.2,0.7,0.15,0.1,1,1,2,100,"final","random",15,2009,41,9,1,270,544,1
43,897,50,0.2,0.7,0.15,0.1,1,1,2,100,"final","random",15,2009,41,9,1,270,546,6
43,897,50,0.2,0.7,0.15,0.1,1,1,2,100,"final","random",15,2009,41,9,1,270,551,1
43,897,50,0.2,0.7,0.15,0.1,1,1,2,100,"final","random",15,2009,41,9,1,270,563,1
43,897,50,0.2,0.7,0.15,0.1,1,1,2,100,"final","random",15,2009,41,9,1,270,575,1
43,897,50,0.2,0.7,0.15,0.1,1,1,2,100,"final","random",15,2009,41,9,1,270,581,1
43,897,50,0.2,0.7,0.15,0.1,1,1,2,100,"final","random",15,2009,41,9,1,270,584,1
43,897,50,0.2,0.7,0.15,0.1,1,1,2,100,"final","random",15,2009,41,9,1,270,587,2
43,897,50,0.2,0.7,0.15,0.1,1,1,2,100,"final","random",15,2009,41,9,1,270,589,1
43,897,50,0.2,0.7,0.15,0.1,1,1,2,100,"final","random",15,2009,41,9,1,270,591,3
43,897,50,0.2,0.7,0.15,0.1,1,1,2,100,"final","random",15,2009,41,9,1,270,611,1
43,897,50,0.2,0.7,0.15,0.1,1,1,2,100,"final","random",15,2009,41,9,1,270,615,1
43,897,50,0.2,0.7,0.15,0.1,1,1,2,100,"final","random",16,1482,30,32,3,100,547,1
43,897,50,0.2,0.7,0.15,0.1,1,1,2,100,"final","random",16,1482,30,32,3,100,561,1
43,897,50,0.2,0.7,0.15,0.1,1,1,2,100,"final","random",16,1482,30,32,3,100,600,3
43,897,50,0.2,0.7,0.15,0.1,1,1,2,100,"final","random",16,1482,30,32,3,100,608,1
43,897,50,0.2,0.7,0.15,0.1,1,1,2,100,"final","random",16,1482,30,32,3,100,620,6
43,897,50,0.2,0.7,0.15,0.1,1,1,2,100,"final","random",16,1482,30,32,3,100,625,8
43,897,50,0.2,0.7,0.15,0.1,1,1,2,100,"final","random",16,1482,30,32,3,100,628,4
43,897,50,0.2,0.7,0.15,0.1,1,1,2,100,"final","random",16,1482,30,32,3,100,634,2
43,897,50,0.2,0.7,0.15,0.1,1,1,2,100,"final","random",16,1482,30,32,3,100,647,2
43,897,50,0.2,0.7,0.15,0.1,1,1,2,100,"final","random",16,1482,30,32,3,100,699,2
43,897,50,0.2,0.7,0.15,0.1,1,1,2,100,"final","random",16,1482,30,32,3,100,723,3
43,897,50,0.2,0.7,0.15,0.1,1,1,2,100,"final","random",16,1482,30,32,3,100,789,1
43,897,50,0.2,0.7,0.15,0.1,1,1,2,100,"final","random",17,1726,35,26,3,100,164,1
43,897,50,0.2,0.7,0.15,0.1,1,1,2,100,"final","random",17,1726,35,26,3,100,242,2
43,897,50,0.2,0.7,0.15,0.1,1,1,2,100,"final","random",17,1726,35,26,3,100,278,1
43,897,50,0.2,0.7,0.15,0.1,1,1,2,100,"final","random",17,1726,35,26,3,100,281,3
43,897,50,0.2,0.7,0.15,0.1,1,1,2,100,"final","random",17,1726,35,26,3,100,286,3
43,897,50,0.2,0.7,0.15,0.1,1,1,2,100,"final","random",17,1726,35,26,3,100,288,3
43,897,50,0.2,0.7,0.15,0.1,1,1,2,100,"final","random",17,1726,35,26,3,100,293,1
43,897,50,0.2,0.7,0.15,0.1,1,1,2,100,"final","random",17,1726,35,26,3,100,312,3
43,897,50,0.2,0.7,0.15,0.1,1,1,2,100,"final","random",17,1726,35,26,3,100,328,2
43,897,50,0.2,0.7,0.15,0.1,1,1,2,100,"final","random",17,1726,35,26,3,100,330,3
43,897,50,0.2,0.7,0.15,0.1,1,1,2,100,"final","random",17,1726,35,26,3,100,352,3
43,897,50,0.2,0.7,0.15,0.1,1,1,2,100,"final","random",17,1726,35,26,3,100,353,1
43,897,50,0.2,0.7,0.15,0.1,1,1,2,100,"final","random",17,1726,35,26,3,100,357,4
43,897,50,0.2,0.7,0.15,0.1,1,1,2,100,"final","random",17,1726,35,26,3,100,373,1
43,897,50,0.2,0.7,0.15,0.1,1,1,2,100,"final","random",17,1726,35,26,3,100,410,2
43,897,50,0.2,0.7,0.15,0.1,1,1,2,100,"final","random",17,1726,35,26,3,100,458,1
43,897,50,0.2,0.7,0.15,0.1,1,1,2,100,"final","random",17,1726,35,26,3,100,493,1
43,897,50,0.2,0.7,0.15,0.1,1,1,2,100,"final","random",18,1580,32,30,3,100,331,1
43,897,50,0.2,0.7,0.15,0.1,1,1,2,100,"final","random",18,1580,32,30,3,100,421,1
43,897,50,0.2,0.7,0.15,0.1,1,1,2,100,"final","random",18,1580,32,30,3,100,425,1
43,897,50,0.2,0.7,0.15,0.1,1,1,2,100,"final","random",18,1580,32,30,3,100,443,1
43,897,50,0.2,0.7,0.15,0.1,1,1,2,100,"final","random",18,1580,32,30,3,100,445,2
43,897,50,0.2,0.7,0.15,0.1,1,1,2,100,"final","random",18,1580,32,30,3,100,446,1
43,897,50,0.2,0.7,0.15,0.1,1,1,2,100,"final","random",18,1580,32,30,3,100,450,1
43,897,50,0.2,0.7,0.15,0.1,1,1,2,100,"final","random",18,1580,32,30,3,100,458,2
43,897,50,0.2,0.7,0.15,0.1,1,1,2,100,"final","random",18,1580,32,30,3,100,493,8
43,897,50,0.2,0.7,0.15,0.1,1,1,2,100,"final","random",18,1580,32,30,3,100,507,1
43,897,50,0.2,0.7,0.15,0.1,1,1,2,100,"final","random",18,1580,32,30,3,100,518,1
43,897,50,0.2,0.7,0.15,0.1,1,1,2,100,"final","random",18,1580,32,30,3,100,547,3
43,897,50,0.2,0.7,0.15,0.1,1,1,2,100,"final","random",18,1580,32,30,3,100,548,1
43,897,50,0.2,0.7,0.15,0.1,1,1,2,100,"final","random",18,1580,32,30,3,100,554,2
43,897,50,0.2,0.7,0.15,0.1,1,1,2,100,"final","random",18,1580,32,30,3,100,567,1
43,897,50,0.2,0.7,0.15,0.1,1,1,2,100,"final","random",18,1580,32,30,3,100,590,5
43,897,50,0.2,0.7,0.15,0.1,1,1,2,100,"final","random",18,1580,32,30,3,100,593,1
43,897,50,0.2,0.7,0.15,0.1,1,1,2,100,"final","random",18,1580,32,30,3,100,600,1
43,897,50,0.2,0.7,0.15,0.1,1,1,2,100,"final","random",18,1580,32,30,3,100,620,4
43,897,50,0.2,0.7,0.15,0.1,1,1,2,100,"final","random",18,1580,32,30,3,100,625,5
43,897,50,0.2,0.7,0.15,0.1,1,1,2,100,"final","random",19,2148,43,48,1,270,649,1
43,897,50,0.2,0.7,0.15,0.1,1,1,2,100,"final","random",19,2148,43,48,1,270,674,1
43,897,50,0.2,0.7,0.15,0.1,1,1,2,100,"final","random",19,2148,43,48,1,270,692,1
43,897,50,0.2,0.7,0.15,0.1,1,1,2,100,"final","random",19,2148,43,48,1,270,704,2
43,897,50,0.2,0.7,0.15,0.1,1,1,2,100,"final","random",19,2148,43,48,1,270,775,2
43,897,50,0.2,0.7,0.15,0.1,1,1,2,100,"final","random",19,2148,43,48,1,270,783,4
43,897,50,0.2,0.7,0.15,0.1,1,1,2,100,"final","random",19,2148,43,48,1,270,795,1
43,897,50,0.2,0.7,0.15,0.1,1,1,2,100,"final","random",19,2148,43,48,1,270,807,3
43,897,50,0.2,0.7,0.15,0.1,1,1,2,100,"final","random",19,2148,43,48,1,270,809,11
43,897,50,0.2,0.7,0.15,0.1,1,1,2,100,"final","random",19,2148,43,48,1,270,825,1
43,897,50,0.2,0.7,0.15,0.1,1,1,2,100,"final","random",19,2148,43,48,1,270,827,1
43,897,50,0.2,0.7,0.15,0.1,1,1,2,100,"final","random",19,2148,43,48,1,270,831,4
43,897,50,0.2,0.7,0.15,0.1,1,1,2,100,"final","random",19,2148,43,48,1,270,841,4
43,897,50,0.2,0.7,0.15,0.1,1,1,2,100,"final","random",19,2148,43,48,1,270,857,1
43,897,50,0.2,0.7,0.15,0.1,1,1,2,100,"final","random",19,2148,43,48,1,270,874,2
43,897,50,0.2,0.7,0.15,0.1,1,1,2,100,"final","random",19,2148,43,48,1,270,877,1
43,897,50,0.2,0.7,0.15,0.1,1,1,2,100,"final","random",20,2089,42,39,1,270,620,2
43,897,50,0.2,0.7,0.15,0.1,1,1,2,100,"final","random",20,2089,42,39,1,270,642,1
43,897,50,0.2,0.7,0.15,0.1,1,1,2,100,"final","random",20,2089,42,39,1,270,666,2
43,897,50,0.2,0.7,0.15,0.1,1,1,2,100,"final","random",20,2089,42,39,1,270,682,1
43,897,50,0.2,0.7,0.15,0.1,1,1,2,100,"final","random",20,2089,42,39,1,270,690,1
43,897,50,0.2,0.7,0.15,0.1,1,1,2,100,"final","random",20,2089,42,39,1,270,696,3
43,897,50,0.2,0.7,0.15,0.1,1,1,2,100,"final","random",20,2089,42,39,1,270,700,1
43,897,50,0.2,0.7,0.15,0.1,1,1,2,100,"final","random",20,2089,42,39,1,270,706,1
43,897,50,0.2,0.7,0.15,0.1,1,1,2,100,"final","random",20,2089,42,39,1,270,715,1
43,897,50,0.2,0.7,0.15,0.1,1,1,2,100,"final","random",20,2089,42,39,1,270,717,1
43,897,50,0.2,0.7,0.15,0.1,1,1,2,100,"final","random",20,2089,42,39,1,270,726,2
43,897,50,0.2,0.7,0.15,0.1,1,1,2,100,"final","random",20,2089,42,39,1,270,758,1
43,897,50,0.2,0.7,0.15,0.1,1,1,2,100,"final","random",20,2089,42,39,1,270,783,2
43,897,50,0.2,0.7,0.15,0.1,1,1,2,100,"final","random",20,2089,42,39,1,270,787,1
43,897,50,0.2,0.7,0.15,0.1,1,1,2,100,"final","random",20,2089,42,39,1,270,789,1
43,897,50,0.2,0.7,0.15,0.1,1,1,2,100,"final","random",20,2089,42,39,1,270,806,2
43,897,50,0.2,0.7,0.15,0.1,1,1,2,100,"final","random",20,2089,42,39,1,270,821,1
43,897,50,0.2,0.7,0.15,0.1,1,1,2,100,"final","random",20,2089,42,39,1,270,827,1
43,897,50,0.2,0.7,0.15,0.1,1,1,2,100,"final","random",20,2089,42,39,1,270,831,2
43,897,50,0.2,0.7,0.15,0.1,1,1,2,100,"final","random",20,2089,42,39,1,270,833,1
43,897,50,0.2,0.7,0.15,0.1,1,1,2,100,"final","random",20,2089,42,39,1,270,838,1
43,897,50,0.2,0.7,0.15,0.1,1,1,2,100,"final","random",20,2089,42,39,1,270,849,2
43,897,50,0.2,0.7,0.15,0.1,1,1,2,100,"final","random",20,2089,42,39,1,270,857,1
43,897,50,0.2,0.7,0.15,0.1,1,1,2,100,"final","random",20,2089,42,39,1,270,874,1
43,897,50,0.2,0.7,0.15,0.1,1,1,2,100,"final","random",20,2089,42,39,1,270,886,1
43,897,50,0.2,0.7,0.15,0.1,1,1,2,100,"final","random",21,1808,37,8,1,270,379,2
43,897,50,0.2,0.7,0.15,0.1,1,1,2,100,"final","random",21,1808,37,8,1,270,387,1
43,897,50,0.2,0.7,0.15,0.1,1,1,2,100,"final","random",21,1808,37,8,1,270,394,4
43,897,50,0.2,0.7,0.15,0.1,1,1,2,100,"final","random",21,1808,37,8,1,270,399,1
43,897,50,0.2,0.7,0.15,0.1,1,1,2,100,"final","random",21,1808,37,8,1,270,413,3
43,897,50,0.2,0.7,0.15,0.1,1,1,2,100,"final","random",21,1808,37,8,1,270,492,5
43,897,50,0.2,0.7,0.15,0.1,1,1,2,100,"final","random",21,1808,37,8,1,270,499,2
43,897,50,0.2,0.7,0.15,0.1,1,1,2,100,"final","random",21,1808,37,8,1,270,511,2
43,897,50,0.2,0.7,0.15,0.1,1,1,2,100,"final","random",21,1808,37,8,1,270,516,1
43,897,50,0.2,0.7,0.15,0.1,1,1,2,100,"final","random",21,1808,37,8,1,270,518,1
43,897,50,0.2,0.7,0.15,0.1,1,1,2,100,"final","random",21,1808,37,8,1,270,542,1
43,897,50,0.2,0.7,0.15,0.1,1,1,2,100,"final","random",21,1808,37,8,1,270,553,2
43,897,50,0.2,0.7,0.15,0.1,1,1,2,100,"final","random",21,1808,37,8,1,270,563,2
43,897,50,0.2,0.7,0.15,0.1,1,1,2,100,"final","random",21,1808,37,8,1,270,576,1
43,897,50,0.2,0.7,0.15,0.1,1,1,2,100,"final","random",21,1808,37,8,1,270,583,1
43,897,50,0.2,0.7,0.15,0.1,1,1,2,100,"final","random",21,1808,37,8,1,270,591,1
43,897,50,0.2,0.7,0.15,0.1,1,1,2,100,"final","random",21,1808,37,8,1,270,600,1
43,897,50,0.2,0.7,0.15,0.1,1,1,2,100,"final","random",22,2237,45,37,1,270,619,2
43,897,50,0.2,0.7,0.15,0.1,1,1,2,100,"final","random",22,2237,45,37,1,270,620,1
43,897,50,0.2,0.7,0.15,0.1,1,1,2,100,"final","random",22,2237,45,37,1,270,628,1
43,897,50,0.2,0.7,0.15,0.1,1,1,2,100,"final","random",22,2237,45,37,1,270,641,3
43,897,50,0.2,0.7,0.15,0.1,1,1,2,100,"final","random",22,2237,45,37,1,270,642,2
43,897,50,0.2,0.7,0.15,0.1,1,1,2,100,"final","random",22,2237,45,37,1,270,643,1
43,897,50,0.2,0.7,0.15,0.1,1,1,2,100,"final","random",22,2237,45,37,1,270,645,1
43,897,50,0.2,0.7,0.15,0.1,1,1,2,100,"final","random",22,2237,45,37,1,270,649,2
43,897,50,0.2,0.7,0.15,0.1,1,1,2,100,"final","random",22,2237,45,37,1,270,652,1
43,897,50,0.2,0.7,0.15,0.1,1,1,2,100,"final","random",22,2237,45,37,1,270,656,2
43,897,50,0.2,0.7,0.15,0.1,1,1,2,100,"final","random",22,2237,45,37,1,270,663,1
43,897,50,0.2,0.7,0.15,0.1,1,1,2,100,"final","random",22,2237,45,37,1,270,665,1
43,897,50,0.2,0.7,0.15,0.1,1,1,2,100,"final","random",22,2237,45,37,1,270,672,1
43,897,50,0.2,0.7,0.15,0.1,1,1,2,100,"final","random",22,2237,45,37,1,270,682,2
43,897,50,0.2,0.7,0.15,0.1,1,1,2,100,"final","random",22,2237,45,37,1,270,690,8
43,897,50,0.2,0.7,0.15,0.1,1,1,2,100,"final","random",22,2237,45,37,1,270,696,3
43,897,50,0.2,0.7,0.15,0.1,1,1,2,100,"final","random",22,2237,45,37,1,270,715,2
43,897,50,0.2,0.7,0.15,0.1,1,1,2,100,"final","random",22,2237,45,37,1,270,767,2
43,897,50,0.2,0.7,0.15,0.1,1,1,2,100,"final","random",22,2237,45,37,1,270,869,1
43,897,50,0.2,0.7,0.15,0.1,1,1,2,100,"final","random",23,1630,33,30,3,100,372,1
43,897,50,0.2,0.7,0.15,0.1,1,1,2,100,"final","random",23,1630,33,30,3,100,421,1
43,897,50,0.2,0.7,0.15,0.1,1,1,2,100,"final","random",23,1630,33,30,3,100,445,2
43,897,50,0.2,0.7,0.15,0.1,1,1,2,100,"final","random",23,1630,33,30,3,100,446,3
43,897,50,0.2,0.7,0.15,0.1,1,1,2,100,"final","random",23,1630,33,30,3,100,450,3
43,897,50,0.2,0.7,0.15,0.1,1,1,2,100,"final","random",23,1630,33,30,3,100,458,2
43,897,50,0.2,0.7,0.15,0.1,1,1,2,100,"final","random",23,1630,33,30,3,100,477,1
43,897,50,0.2,0.7,0.15,0.1,1,1,2,100,"final","random",23,1630,33,30,3,100,493,8
43,897,50,0.2,0.7,0.15,0.1,1,1,2,100,"final","random",23,1630,33,30,3,100,520,2
43,897,50,0.2,0.7,0.15,0.1,1,1,2,100,"final","random",23,1630,33,30,3,100,547,2
43,897,50,0.2,0.7,0.15,0.1,1,1,2,100,"final","random",23,1630,33,30,3,100,548,1
43,897,50,0.2,0.7,0.15,0.1,1,1,2,100,"final","random",23,1630,33,30,3,100,554,2
43,897,50,0.2,0.7,0.15,0.1,1,1,2,100,"final","random",23,1630,33,30,3,100,567,1
43,897,50,0.2,0.7,0.15,0.1,1,1,2,100,"final","random",23,1630,33,30,3,100,593,3
43,897,50,0.2,0.7,0.15,0.1,1,1,2,100,"final","random",23,1630,33,30,3,100,620,2
43,897,50,0.2,0.7,0.15,0.1,1,1,2,100,"final","random",23,1630,33,30,3,100,625,3
43,897,50,0.2,0.7,0.15,0.1,1,1,2,100,"final","random",23,1630,33,30,3,100,628,1
43,897,50,0.2,0.7,0.15,0.1,1,1,2,100,"final","random",24,2249,45,49,1,270,466,1
43,897,50,0.2,0.7,0.15,0.1,1,1,2,100,"final","random",24,2249,45,49,1,270,519,2
43,897,50,0.2,0.7,0.15,0.1,1,1,2,100,"final","random",24,2249,45,49,1,270,522,2
43,897,50,0.2,0.7,0.15,0.1,1,1,2,100,"final","random",24,2249,45,49,1,270,527,1
43,897,50,0.2,0.7,0.15,0.1,1,1,2,100,"final","random",24,2249,45,49,1,270,554,1
43,897,50,0.2,0.7,0.15,0.1,1,1,2,100,"final","random",24,2249,45,49,1,270,556,1
43,897,50,0.2,0.7,0.15,0.1,1,1,2,100,"final","random",24,2249,45,49,1,270,558,1
43,897,50,0.2,0.7,0.15,0.1,1,1,2,100,"final","random",24,2249,45,49,1,270,564,1
43,897,50,0.2,0.7,0.15,0.1,1,1,2,100,"final","random",24,2249,45,49,1,270,575,1
43,897,50,0.2,0.7,0.15,0.1,1,1,2,100,"final","random",24,2249,45,49,1,270,589,1
43,897,50,0.2,0.7,0.15,0.1,1,1,2,100,"final","random",24,2249,45,49,1,270,591,1
43,897,50,0.2,0.7,0.15,0.1,1,1,2,100,"final","random",24,2249,45,49,1,270,595,2
43,897,50,0.2,0.7,0.15,0.1,1,1,2,100,"final","random",24,2249,45,49,1,270,615,4
43,897,50,0.2,0.7,0.15,0.1,1,1,2,100,"final","random",24,2249,45,49,1,270,620,1
43,897,50,0.2,0.7,0.15,0.1,1,1,2,100,"final","random",24,2249,45,49,1,270,622,1
43,897,50,0.2,0.7,0.15,0.1,1,1,2,100,"final","random",24,2249,45,49,1,270,642,3
43,897,50,0.2,0.7,0.15,0.1,1,1,2,100,"final","random",24,2249,45,49,1,270,663,1
43,897,50,0.2,0.7,0.15,0.1,1,1,2,100,"final","random",24,2249,45,49,1,270,683,1
43,897,50,0.2,0.7,0.15,0.1,1,1,2,100,"final","random",24,2249,45,49,1,270,688,1
43,897,50,0.2,0.7,0.15,0.1,1,1,2,100,"final","random",24,2249,45,49,1,270,696,3
43,897,50,0.2,0.7,0.15,0.1,1,1,2,100,"final","random",24,2249,45,49,1,270,729,1
43,897,50,0.2,0.7,0.15,0.1,1,1,2,100,"final","random",24,2249,45,49,1,270,771,1
43,897,50,0.2,0.7,0.15,0.1,1,1,2,100,"final","random",24,2249,45,49,1,270,809,1
43,897,50,0.2,0.7,0.15,0.1,1,1,2,100,"final","random",25,2056,42,6,1,270,511,1
43,897,50,0.2,0.7,0.15,0.1,1,1,2,100,"final","random",25,2056,42,6,1,270,539,3
43,897,50,0.2,0.7,0.15,0.1,1,1,2,100,"final","random",25,2056,42,6,1,270,546,3
43,897,50,0.2,0.7,0.15,0.1,1,1,2,100,"final","random",25,2056,42,6,1,270,563,2
43,897,50,0.2,0.7,0.15,0.1,1,1,2,100,"final","random",25,2056,42,6,1,270,574,4
43,897,50,0.2,0.7,0.15,0.1,1,1,2,100,"final","random",25,2056,42,6,1,270,575,1
43,897,50,0.2,0.7,0.15,0.1,1,1,2,100,"final","random",25,2056,42,6,1,270,576,1
43,897,50,0.2,0.7,0.15,0.1,1,1,2,100,"final","random",25,2056,42,6,1,270,587,8
43,897,50,0.2,0.7,0.15,0.1,1,1,2,100,"final","random",25,2056,42,6,1,270,591,2
43,897,50,0.2,0.7,0.15,0.1,1,1,2,100,"final","random",25,2056,42,6,1,270,593,2
43,897,50,0.2,0.7,0.15,0.1,1,1,2,100,"final","random",25,2056,42,6,1,270,594,1
43,897,50,0.2,0.7,0.15,0.1,1,1,2,100,"final","random",25,2056,42,6,1,270,595,3
43,897,50,0.2,0.7,0.15,0.1,1,1,2,100,"final","random",25,2056,42,6,1,270,615,2
43,897,50,0.2,0.7,0.15,0.1,1,1,2,100,"final","random",25,2056,42,6,1,270,621,1
43,897,50,0.2,0.7,0.15,0.1,1,1,2,100,"final","random",25,2056,42,6,1,270,674,1
43,897,50,0.2,0.7,0.15,0.1,1,1,2,100,"final","random",26,2140,43,40,1,270,587,1
43,897,50,0.2,0.7,0.15,0.1,1,1,2,100,"final","random",26,2140,43,40,1,270,609,2
43,897,50,0.2,0.7,0.15,0.1,1,1,2,100,"final","random",26,2140,43,40,1,270,619,2
43,897,50,0.2,0.7,0.15,0.1,1,1,2,100,"final","random",26,2140,43,40,1,270,628,1
43,897,50,0.2,0.7,0.15,0.1,1,1,2,100,"final","random",26,2140,43,40,1,270,640,1
43,897,50,0.2,0.7,0.15,0.1,1,1,2,100,"final","random",26,2140,43,40,1,270,656,1
43,897,50,0.2,0.7,0.15,0.1,1,1,2,100,"final","random",26,2140,43,40,1,270,663,1
43,897,50,0.2,0.7,0.15,0.1,1,1,2,100,"final","random",26,2140,43,40,1,270,665,1
43,897,50,0.2,0.7,0.15,0.1,1,1,2,100,"final","random",26,2140,43,40,1,270,671,1
43,897,50,0.2,0.7,0.15,0.1,1,1,2,100,"final","random",26,2140,43,40,1,270,672,3
43,897,50,0.2,0.7,0.15,0.1,1,1,2,100,"final","random",26,2140,43,40,1,270,673,2
43,897,50,0.2,0.7,0.15,0.1,1,1,2,100,"final","random",26,2140,43,40,1,270,675,1
43,897,50,0.2,0.7,0.15,0.1,1,1,2,100,"final","random",26,2140,43,40,1,270,690,2
43,897,50,0.2,0.7,0.15,0.1,1,1,2,100,"final","random",26,2140,43,40,1,270,696,5
43,897,50,0.2,0.7,0.15,0.1,1,1,2,100,"final","random",26,2140,43,40,1,270,698,1
43,897,50,0.2,0.7,0.15,0.1,1,1,2,100,"final","random",26,2140,43,40,1,270,700,1
43,897,50,0.2,0.7,0.15,0.1,1,1,2,100,"final","random",26,2140,43,40,1,270,706,1
43,897,50,0.2,0.7,0.15,0.1,1,1,2,100,"final","random",26,2140,43,40,1,270,714,2
43,897,50,0.2,0.7,0.15,0.1,1,1,2,100,"final","random",26,2140,43,40,1,270,717,2
43,897,50,0.2,0.7,0.15,0.1,1,1,2,100,"final","random",26,2140,43,40,1,270,726,1
43,897,50,0.2,0.7,0.15,0.1,1,1,2,100,"final","random",26,2140,43,40,1,270,750,2
43,897,50,0.2,0.7,0.15,0.1,1,1,2,100,"final","random",26,2140,43,40,1,270,771,1
43,897,50,0.2,0.7,0.15,0.1,1,1,2,100,"final","random",26,2140,43,40,1,270,827,1
43,897,50,0.2,0.7,0.15,0.1,1,1,2,100,"final","random",26,2140,43,40,1,270,881,1
43,897,50,0.2,0.7,0.15,0.1,1,1,2,100,"final","random",27,1697,34,47,1,270,796,1
43,897,50,0.2,0.7,0.15,0.1,1,1,2,100,"final","random",27,1697,34,47,1,270,801,1
43,897,50,0.2,0.7,0.15,0.1,1,1,2,100,"final","random",27,1697,34,47,1,270,804,3
43,897,50,0.2,0.7,0.15,0.1,1,1,2,100,"final","random",27,1697,34,47,1,270,807,1
43,897,50,0.2,0.7,0.15,0.1,1,1,2,100,"final","random",27,1697,34,47,1,270,811,4
43,897,50,0.2,0.7,0.15,0.1,1,1,2,100,"final","random",27,1697,34,47,1,270,827,5
43,897,50,0.2,0.7,0.15,0.1,1,1,2,100,"final","random",27,1697,34,47,1,270,829,5
43,897,50,0.2,0.7,0.15,0.1,1,1,2,100,"final","random",27,1697,34,47,1,270,832,1
43,897,50,0.2,0.7,0.15,0.1,1,1,2,100,"final","random",27,1697,34,47,1,270,834,1
43,897,50,0.2,0.7,0.15,0.1,1,1,2,100,"final","random",27,1697,34,47,1,270,839,1
43,897,50,0.2,0.7,0.15,0.1,1,1,2,100,"final","random",27,1697,34,47,1,270,841,1
43,897,50,0.2,0.7,0.15,0.1,1,1,2,100,"final","random",27,1697,34,47,1,270,846,5
43,897,50,0.2,0.7,0.15,0.1,1,1,2,100,"final","random",27,1697,34,47,1,270,851,1
43,897,50,0.2,0.7,0.15,0.1,1,1,2,100,"final","random",27,1697,34,47,1,270,853,1
43,897,50,0.2,0.7,0.15,0.1,1,1,2,100,"final","random",27,1697,34,47,1,270,865,2
43,897,50,0.2,0.7,0.15,0.1,1,1,2,100,"final","random",27,1697,34,47,1,270,868,1
43,897,50,0.2,0.7,0.15,0.1,1,1,2,100,"final","random",27,1697,34,47,1,270,869,1
43,897,50,0.2,0.7,0.15,0.1,1,1,2,100,"final","random",27,1697,34,47,1,270,877,1
43,897,50,0.2,0.7,0.15,0.1,1,1,2,100,"final","random",28,1810,37,10,1,270,287,9
43,897,50,0.2,0.7,0.15,0.1,1,1,2,100,"final","random",28,1810,37,10,1,270,368,2
43,897,50,0.2,0.7,0.15,0.1,1,1,2,100,"final","random",28,1810,37,10,1,270,379,1
43,897,50,0.2,0.7,0.15,0.1,1,1,2,100,"final","random",28,1810,37,10,1,270,387,1
43,897,50,0.2,0.7,0.15,0.1,1,1,2,100,"final","random",28,1810,37,10,1,270,399,1
43,897,50,0.2,0.7,0.15,0.1,1,1,2,100,"final","random",28,1810,37,10,1,270,413,2
43,897,50,0.2,0.7,0.15,0.1,1,1,2,100,"final","random",28,1810,37,10,1,270,546,1
43,897,50,0.2,0.7,0.15,0.1,1,1,2,100,"final","random",29,2438,49,38,1,270,577,1
43,897,50,0.2,0.7,0.15,0.1,1,1,2,100,"final","random",29,2438,49,38,1,270,606,1
43,897,50,0.2,0.7,0.15,0.1,1,1,2,100,"final","random",29,2438,49,38,1,270,607,1
43,897,50,0.2,0.7,0.15,0.1,1,1,2,100,"final","random",29,2438,49,38,1,270,619,1
43,897,50,0.2,0.7,0.15,0.1,1,1,2,100,"final","random",29,2438,49,38,1,270,620,2
43,897,50,0.2,0.7,0.15,0.1,1,1,2,100,"final","random",29,2438,49,38,1,270,642,2
43,897,50,0.2,0.7,0.15,0.1,1,1,2,100,"final","random",29,2438,49,38,1,270,649,1
43,897,50,0.2,0.7,0.15,0.1,1,1,2,100,"final","random",29,2438,49,38,1,270,652,1
43,897,50,0.2,0.7,0.15,0.1,1,1,2,100,"final","random",29,2438,49,38,1,270,664,1
43,897,50,0.2,0.7,0.15,0.1,1,1,2,100,"final","random",29,2438,49,38,1,270,665,1
43,897,50,0.2,0.7,0.15,0.1,1,1,2,100,"final","random",29,2438,49,38,1,270,675,1
43,897,50,0.2,0.7,0.15,0.1,1,1,2,100,"final","random",29,2438,49,38,1,270,688,2
43,897,50,0.2,0.7,0.15,0.1,1,1,2,100,"final","random",29,2438,49,38,1,270,690,2
43,897,50,0.2,0.7,0.15,0.1,1,1,2,100,"final","random",29,2438,49,38,1,270,696,4
43,897,50,0.2,0.7,0.15,0.1,1,1,2,100,"final","random",29,2438,49,38,1,270,698,2
43,897,50,0.2,0.7,0.15,0.1,1,1,2,100,"final","random",29,2438,49,38,1,270,711,1
43,897,50,0.2,0.7,0.15,0.1,1,1,2,100,"final","random",29,2438,49,38,1,270,714,1
43,897,50,0.2,0.7,0.15,0.1,1,1,2,100,"final","random",29,2438,49,38,1,270,715,5
43,897,50,0.2,0.7,0.15,0.1,1,1,2,100,"final","random",29,2438,49,38,1,270,717,4
43,897,50,0.2,0.7,0.15,0.1,1,1,2,100,"final","random",29,2438,49,38,1,270,725,1
43,897,50,0.2,0.7,0.15,0.1,1,1,2,100,"final","random",29,2438,49,38,1,270,727,1
43,897,50,0.2,0.7,0.15,0.1,1,1,2,100,"final","random",29,2438,49,38,1,270,753,1
43,897,50,0.2,0.7,0.15,0.1,1,1,2,100,"final","random",30,1322,27,22,3,100,258,1
43,897,50,0.2,0.7,0.15,0.1,1,1,2,100,"final","random",30,1322,27,22,3,100,278,6
43,897,50,0.2,0.7,0.15,0.1,1,1,2,100,"final","random",30,1322,27,22,3,100,279,3
43,897,50,0.2,0.7,0.15,0.1,1,1,2,100,"final","random",30,1322,27,22,3,100,281,5
43,897,50,0.2,0.7,0.15,0.1,1,1,2,100,"final","random",30,1322,27,22,3,100,286,2
43,897,50,0.2,0.7,0.15,0.1,1,1,2,100,"final","random",30,1322,27,22,3,100,287,6
43,897,50,0.2,0.7,0.15,0.1,1,1,2,100,"final","random",30,1322,27,22,3,100,293,1
43,897,50,0.2,0.7,0.15,0.1,1,1,2,100,"final","random",30,1322,27,22,3,100,312,3
43,897,50,0.2,0.7,0.15,0.1,1,1,2,100,"final","random",30,1322,27,22,3,100,328,1
43,897,50,0.2,0.7,0.15,0.1,1,1,2,100,"final","random",30,1322,27,22,3,100,330,1
43,897,50,0.2,0.7,0.15,0.1,1,1,2,100,"final","random",30,1322,27,22,3,100,357,1
43,897,50,0.2,0.7,0.15,0.1,1,1,2,100,"final","random",30,1322,27,22,3,100,372,1
43,897,50,0.2,0.7,0.15,0.1,1,1,2,100,"final","random",30,1322,27,22,3,100,379,2
