sample_id,cell_id,x_loc,y_loc,patch_id,patch_size,sim_id,master_seed,step,step_label,grid_size,ac_amount,fragmentation,samp_method,species_id,n,replicate_num
1,3,1,3,1,216,44,898,40,post_fragmentation,50,0.7,0.5,chessboard,5,1,2
1,3,1,3,1,216,44,898,40,post_fragmentation,50,0.7,0.5,chessboard,8,1,2
1,3,1,3,1,216,44,898,40,post_fragmentation,50,0.7,0.5,chessboard,9,1,2
1,3,1,3,1,216,44,898,40,post_fragmentation,50,0.7,0.5,chessboard,12,1,2
1,3,1,3,1,216,44,898,40,post_fragmentation,50,0.7,0.5,chessboard,15,2,2
1,3,1,3,1,216,44,898,40,post_fragmentation,50,0.7,0.5,chessboard,24,1,2
1,3,1,3,1,216,44,898,40,post_fragmentation,50,0.7,0.5,chessboard,25,1,2
1,3,1,3,1,216,44,898,40,post_fragmentation,50,0.7,0.5,chessboard,26,2,2
1,3,1,3,1,216,44,898,40,post_fragmentation,50,0.7,0.5,chessboard,34,1,2
1,3,1,3,1,216,44,898,40,post_fragmentation,50,0.7,0.5,chessboard,40,2,2
1,3,1,3,1,216,44,898,40,post_fragmentation,50,0.7,0.5,chessboard,43,2,2
1,3,1,3,1,216,44,898,40,post_fragmentation,50,0.7,0.5,chessboard,45,1,2
1,3,1,3,1,216,44,898,40,post_fragmentation,50,0.7,0.5,chessboard,47,2,2
1,3,1,3,1,216,44,898,40,post_fragmentation,50,0.7,0.5,chessboard,49,1,2
1,3,1,3,1,216,44,898,40,post_fragmentation,50,0.7,0.5,chessboard,56,2,2
1,3,1,3,1,216,44,898,40,post_fragmentation,50,0.7,0.5,chessboard,61,3,2
1,3,1,3,1,216,44,898,40,post_fragmentation,50,0.7,0.5,chessboard,64,1,2
1,3,1,3,1,216,44,898,40,post_fragmentation,50,0.7,0.5,chessboard,69,1,2
1,3,1,3,1,216,44,898,40,post_fragmentation,50,0.7,0.5,chessboard,72,1,2
1,3,1,3,1,216,44,898,40,post_fragmentation,50,0.7,0.5,chessboard,73,2,2
1,3,1,3,1,216,44,898,40,post_fragmentation,50,0.7,0.5,chessboard,76,2,2
1,3,1,3,1,216,44,898,40,post_fragmentation,50,0.7,0.5,chessboard,78,3,2
1,3,1,3,1,216,44,898,40,post_fragmentation,50,0.7,0.5,chessboard,80,1,2
1,3,1,3,1,216,44,898,40,post_fragmentation,50,0.7,0.5,chessboard,95,1,2
1,3,1,3,1,216,44,898,40,post_fragmentation,50,0.7,0.5,chessboard,104,1,2
1,3,1,3,1,216,44,898,40,post_fragmentation,50,0.7,0.5,chessboard,115,1,2
1,3,1,3,1,216,44,898,40,post_fragmentation,50,0.7,0.5,chessboard,122,1,2
2,5,1,5,1,216,44,898,40,post_fragmentation,50,0.7,0.5,chessboard,2,1,2
2,5,1,5,1,216,44,898,40,post_fragmentation,50,0.7,0.5,chessboard,5,3,2
2,5,1,5,1,216,44,898,40,post_fragmentation,50,0.7,0.5,chessboard,7,1,2
2,5,1,5,1,216,44,898,40,post_fragmentation,50,0.7,0.5,chessboard,9,3,2
2,5,1,5,1,216,44,898,40,post_fragmentation,50,0.7,0.5,chessboard,12,1,2
2,5,1,5,1,216,44,898,40,post_fragmentation,50,0.7,0.5,chessboard,15,3,2
2,5,1,5,1,216,44,898,40,post_fragmentation,50,0.7,0.5,chessboard,22,2,2
2,5,1,5,1,216,44,898,40,post_fragmentation,50,0.7,0.5,chessboard,25,1,2
2,5,1,5,1,216,44,898,40,post_fragmentation,50,0.7,0.5,chessboard,26,1,2
2,5,1,5,1,216,44,898,40,post_fragmentation,50,0.7,0.5,chessboard,40,1,2
2,5,1,5,1,216,44,898,40,post_fragmentation,50,0.7,0.5,chessboard,42,1,2
2,5,1,5,1,216,44,898,40,post_fragmentation,50,0.7,0.5,chessboard,43,2,2
2,5,1,5,1,216,44,898,40,post_fragmentation,50,0.7,0.5,chessboard,47,2,2
2,5,1,5,1,216,44,898,40,post_fragmentation,50,0.7,0.5,chessboard,48,1,2
2,5,1,5,1,216,44,898,40,post_fragmentation,50,0.7,0.5,chessboard,49,1,2
2,5,1,5,1,216,44,898,40,post_fragmentation,50,0.7,0.5,chessboard,50,2,2
2,5,1,5,1,216,44,898,40,post_fragmentation,50,0.7,0.5,chessboard,60,1,2
2,5,1,5,1,216,44,898,40,post_fragmentation,50,0.7,0.5,chessboard,67,1,2
2,5,1,5,1,216,44,898,40,post_fragmentation,50,0.7,0.5,chessboard,83,1,2
2,5,1,5,1,216,44,898,40,post_fragmentation,50,0.7,0.5,chessboard,85,1,2
2,5,1,5,1,216,44,898,40,post_fragmentation,50,0.7,0.5,chessboard,92,2,2
2,5,1,5,1,216,44,898,40,post_fragmentation,50,0.7,0.5,chessboard,96,2,2
2,5,1,5,1,216,44,898,40,post_fragmentation,50,0.7,0.5,chessboard,112,1,2
2,5,1,5,1,216,44,898,40,post_fragmentation,50,0.7,0.5,chessboard,119,1,2
2,5,1,5,1,216,44,898,40,post_fragmentation,50,0.7,0.5,chessboard,128,1,2
2,5,1,5,1,216,44,898,40,post_fragmentation,50,0.7,0.5,chessboard,158,1,2
3,15,1,15,1,216,44,898,40,post_fragmentation,50,0.7,0.5,chessboard,187,1,2
3,15,1,15,1,216,44,898,40,post_fragmentation,50,0.7,0.5,chessboard,193,1,2
3,15,1,15,1,216,44,898,40,post_fragmentation,50,0.7,0.5,chessboard,244,1,2
3,15,1,15,1,216,44,898,40,post_fragmentation,50,0.7,0.5,chessboard,268,1,2
3,15,1,15,1,216,44,898,40,post_fragmentation,50,0.7,0.5,chessboard,269,2,2
3,15,1,15,1,216,44,898,40,post_fragmentation,50,0.7,0.5,chessboard,303,1,2
3,15,1,15,1,216,44,898,40,post_fragmentation,50,0.7,0.5,chessboard,327,4,2
3,15,1,15,1,216,44,898,40,post_fragmentation,50,0.7,0.5,chessboard,328,1,2
3,15,1,15,1,216,44,898,40,post_fragmentation,50,0.7,0.5,chessboard,348,1,2
3,15,1,15,1,216,44,898,40,post_fragmentation,50,0.7,0.5,chessboard,353,2,2
3,15,1,15,1,216,44,898,40,post_fragmentation,50,0.7,0.5,chessboard,354,1,2
3,15,1,15,1,216,44,898,40,post_fragmentation,50,0.7,0.5,chessboard,367,1,2
3,15,1,15,1,216,44,898,40,post_fragmentation,50,0.7,0.5,chessboard,411,2,2
3,15,1,15,1,216,44,898,40,post_fragmentation,50,0.7,0.5,chessboard,423,3,2
3,15,1,15,1,216,44,898,40,post_fragmentation,50,0.7,0.5,chessboard,438,1,2
3,15,1,15,1,216,44,898,40,post_fragmentation,50,0.7,0.5,chessboard,445,4,2
3,15,1,15,1,216,44,898,40,post_fragmentation,50,0.7,0.5,chessboard,446,1,2
3,15,1,15,1,216,44,898,40,post_fragmentation,50,0.7,0.5,chessboard,452,1,2
3,15,1,15,1,216,44,898,40,post_fragmentation,50,0.7,0.5,chessboard,474,2,2
3,15,1,15,1,216,44,898,40,post_fragmentation,50,0.7,0.5,chessboard,483,1,2
3,15,1,15,1,216,44,898,40,post_fragmentation,50,0.7,0.5,chessboard,501,1,2
4,17,1,17,1,216,44,898,40,post_fragmentation,50,0.7,0.5,chessboard,343,1,2
4,17,1,17,1,216,44,898,40,post_fragmentation,50,0.7,0.5,chessboard,359,1,2
4,17,1,17,1,216,44,898,40,post_fragmentation,50,0.7,0.5,chessboard,418,1,2
4,17,1,17,1,216,44,898,40,post_fragmentation,50,0.7,0.5,chessboard,423,1,2
4,17,1,17,1,216,44,898,40,post_fragmentation,50,0.7,0.5,chessboard,432,1,2
4,17,1,17,1,216,44,898,40,post_fragmentation,50,0.7,0.5,chessboard,436,3,2
4,17,1,17,1,216,44,898,40,post_fragmentation,50,0.7,0.5,chessboard,438,1,2
4,17,1,17,1,216,44,898,40,post_fragmentation,50,0.7,0.5,chessboard,445,2,2
4,17,1,17,1,216,44,898,40,post_fragmentation,50,0.7,0.5,chessboard,452,2,2
4,17,1,17,1,216,44,898,40,post_fragmentation,50,0.7,0.5,chessboard,473,2,2
4,17,1,17,1,216,44,898,40,post_fragmentation,50,0.7,0.5,chessboard,491,1,2
4,17,1,17,1,216,44,898,40,post_fragmentation,50,0.7,0.5,chessboard,501,2,2
4,17,1,17,1,216,44,898,40,post_fragmentation,50,0.7,0.5,chessboard,503,1,2
4,17,1,17,1,216,44,898,40,post_fragmentation,50,0.7,0.5,chessboard,523,1,2
4,17,1,17,1,216,44,898,40,post_fragmentation,50,0.7,0.5,chessboard,525,5,2
4,17,1,17,1,216,44,898,40,post_fragmentation,50,0.7,0.5,chessboard,526,2,2
4,17,1,17,1,216,44,898,40,post_fragmentation,50,0.7,0.5,chessboard,557,1,2
4,17,1,17,1,216,44,898,40,post_fragmentation,50,0.7,0.5,chessboard,562,1,2
4,17,1,17,1,216,44,898,40,post_fragmentation,50,0.7,0.5,chessboard,567,1,2
4,17,1,17,1,216,44,898,40,post_fragmentation,50,0.7,0.5,chessboard,578,3,2
4,17,1,17,1,216,44,898,40,post_fragmentation,50,0.7,0.5,chessboard,588,2,2
5,19,1,19,1,216,44,898,40,post_fragmentation,50,0.7,0.5,chessboard,474,2,2
5,19,1,19,1,216,44,898,40,post_fragmentation,50,0.7,0.5,chessboard,491,1,2
5,19,1,19,1,216,44,898,40,post_fragmentation,50,0.7,0.5,chessboard,514,1,2
5,19,1,19,1,216,44,898,40,post_fragmentation,50,0.7,0.5,chessboard,523,1,2
5,19,1,19,1,216,44,898,40,post_fragmentation,50,0.7,0.5,chessboard,536,1,2
5,19,1,19,1,216,44,898,40,post_fragmentation,50,0.7,0.5,chessboard,549,3,2
5,19,1,19,1,216,44,898,40,post_fragmentation,50,0.7,0.5,chessboard,551,4,2
5,19,1,19,1,216,44,898,40,post_fragmentation,50,0.7,0.5,chessboard,578,4,2
5,19,1,19,1,216,44,898,40,post_fragmentation,50,0.7,0.5,chessboard,609,3,2
5,19,1,19,1,216,44,898,40,post_fragmentation,50,0.7,0.5,chessboard,610,2,2
5,19,1,19,1,216,44,898,40,post_fragmentation,50,0.7,0.5,chessboard,625,1,2
5,19,1,19,1,216,44,898,40,post_fragmentation,50,0.7,0.5,chessboard,632,4,2
5,19,1,19,1,216,44,898,40,post_fragmentation,50,0.7,0.5,chessboard,643,3,2
5,19,1,19,1,216,44,898,40,post_fragmentation,50,0.7,0.5,chessboard,644,2,2
5,19,1,19,1,216,44,898,40,post_fragmentation,50,0.7,0.5,chessboard,669,1,2
5,19,1,19,1,216,44,898,40,post_fragmentation,50,0.7,0.5,chessboard,671,1,2
5,19,1,19,1,216,44,898,40,post_fragmentation,50,0.7,0.5,chessboard,674,1,2
5,19,1,19,1,216,44,898,40,post_fragmentation,50,0.7,0.5,chessboard,681,1,2
5,19,1,19,1,216,44,898,40,post_fragmentation,50,0.7,0.5,chessboard,685,1,2
5,19,1,19,1,216,44,898,40,post_fragmentation,50,0.7,0.5,chessboard,701,1,2
5,19,1,19,1,216,44,898,40,post_fragmentation,50,0.7,0.5,chessboard,702,1,2
5,19,1,19,1,216,44,898,40,post_fragmentation,50,0.7,0.5,chessboard,705,1,2
5,19,1,19,1,216,44,898,40,post_fragmentation,50,0.7,0.5,chessboard,785,1,2
6,21,1,21,1,216,44,898,40,post_fragmentation,50,0.7,0.5,chessboard,547,1,2
6,21,1,21,1,216,44,898,40,post_fragmentation,50,0.7,0.5,chessboard,578,1,2
6,21,1,21,1,216,44,898,40,post_fragmentation,50,0.7,0.5,chessboard,622,1,2
6,21,1,21,1,216,44,898,40,post_fragmentation,50,0.7,0.5,chessboard,625,2,2
6,21,1,21,1,216,44,898,40,post_fragmentation,50,0.7,0.5,chessboard,627,1,2
6,21,1,21,1,216,44,898,40,post_fragmentation,50,0.7,0.5,chessboard,632,1,2
6,21,1,21,1,216,44,898,40,post_fragmentation,50,0.7,0.5,chessboard,637,1,2
6,21,1,21,1,216,44,898,40,post_fragmentation,50,0.7,0.5,chessboard,643,7,2
6,21,1,21,1,216,44,898,40,post_fragmentation,50,0.7,0.5,chessboard,671,1,2
6,21,1,21,1,216,44,898,40,post_fragmentation,50,0.7,0.5,chessboard,672,2,2
6,21,1,21,1,216,44,898,40,post_fragmentation,50,0.7,0.5,chessboard,674,1,2
6,21,1,21,1,216,44,898,40,post_fragmentation,50,0.7,0.5,chessboard,686,2,2
6,21,1,21,1,216,44,898,40,post_fragmentation,50,0.7,0.5,chessboard,695,1,2
6,21,1,21,1,216,44,898,40,post_fragmentation,50,0.7,0.5,chessboard,698,2,2
6,21,1,21,1,216,44,898,40,post_fragmentation,50,0.7,0.5,chessboard,706,1,2
6,21,1,21,1,216,44,898,40,post_fragmentation,50,0.7,0.5,chessboard,712,5,2
6,21,1,21,1,216,44,898,40,post_fragmentation,50,0.7,0.5,chessboard,740,1,2
6,21,1,21,1,216,44,898,40,post_fragmentation,50,0.7,0.5,chessboard,765,1,2
6,21,1,21,1,216,44,898,40,post_fragmentation,50,0.7,0.5,chessboard,772,1,2
6,21,1,21,1,216,44,898,40,post_fragmentation,50,0.7,0.5,chessboard,797,2,2
7,23,1,23,1,216,44,898,40,post_fragmentation,50,0.7,0.5,chessboard,591,1,2
7,23,1,23,1,216,44,898,40,post_fragmentation,50,0.7,0.5,chessboard,625,1,2
7,23,1,23,1,216,44,898,40,post_fragmentation,50,0.7,0.5,chessboard,632,1,2
7,23,1,23,1,216,44,898,40,post_fragmentation,50,0.7,0.5,chessboard,644,1,2
7,23,1,23,1,216,44,898,40,post_fragmentation,50,0.7,0.5,chessboard,682,1,2
7,23,1,23,1,216,44,898,40,post_fragmentation,50,0.7,0.5,chessboard,684,1,2
7,23,1,23,1,216,44,898,40,post_fragmentation,50,0.7,0.5,chessboard,686,1,2
7,23,1,23,1,216,44,898,40,post_fragmentation,50,0.7,0.5,chessboard,687,1,2
7,23,1,23,1,216,44,898,40,post_fragmentation,50,0.7,0.5,chessboard,688,2,2
7,23,1,23,1,216,44,898,40,post_fragmentation,50,0.7,0.5,chessboard,702,3,2
7,23,1,23,1,216,44,898,40,post_fragmentation,50,0.7,0.5,chessboard,705,3,2
7,23,1,23,1,216,44,898,40,post_fragmentation,50,0.7,0.5,chessboard,706,1,2
7,23,1,23,1,216,44,898,40,post_fragmentation,50,0.7,0.5,chessboard,712,3,2
7,23,1,23,1,216,44,898,40,post_fragmentation,50,0.7,0.5,chessboard,720,2,2
7,23,1,23,1,216,44,898,40,post_fragmentation,50,0.7,0.5,chessboard,762,2,2
7,23,1,23,1,216,44,898,40,post_fragmentation,50,0.7,0.5,chessboard,768,1,2
7,23,1,23,1,216,44,898,40,post_fragmentation,50,0.7,0.5,chessboard,773,3,2
7,23,1,23,1,216,44,898,40,post_fragmentation,50,0.7,0.5,chessboard,785,3,2
7,23,1,23,1,216,44,898,40,post_fragmentation,50,0.7,0.5,chessboard,786,1,2
7,23,1,23,1,216,44,898,40,post_fragmentation,50,0.7,0.5,chessboard,790,1,2
7,23,1,23,1,216,44,898,40,post_fragmentation,50,0.7,0.5,chessboard,797,1,2
7,23,1,23,1,216,44,898,40,post_fragmentation,50,0.7,0.5,chessboard,807,1,2
7,23,1,23,1,216,44,898,40,post_fragmentation,50,0.7,0.5,chessboard,809,1,2
7,23,1,23,1,216,44,898,40,post_fragmentation,50,0.7,0.5,chessboard,843,1,2
8,25,1,25,1,216,44,898,40,post_fragmentation,50,0.7,0.5,chessboard,516,1,2
8,25,1,25,1,216,44,898,40,post_fragmentation,50,0.7,0.5,chessboard,600,1,2
8,25,1,25,1,216,44,898,40,post_fragmentation,50,0.7,0.5,chessboard,610,1,2
8,25,1,25,1,216,44,898,40,post_fragmentation,50,0.7,0.5,chessboard,617,4,2
8,25,1,25,1,216,44,898,40,post_fragmentation,50,0.7,0.5,chessboard,621,1,2
8,25,1,25,1,216,44,898,40,post_fragmentation,50,0.7,0.5,chessboard,623,1,2
8,25,1,25,1,216,44,898,40,post_fragmentation,50,0.7,0.5,chessboard,632,2,2
8,25,1,25,1,216,44,898,40,post_fragmentation,50,0.7,0.5,chessboard,671,1,2
8,25,1,25,1,216,44,898,40,post_fragmentation,50,0.7,0.5,chessboard,672,1,2
8,25,1,25,1,216,44,898,40,post_fragmentation,50,0.7,0.5,chessboard,686,1,2
8,25,1,25,1,216,44,898,40,post_fragmentation,50,0.7,0.5,chessboard,688,1,2
8,25,1,25,1,216,44,898,40,post_fragmentation,50,0.7,0.5,chessboard,701,2,2
8,25,1,25,1,216,44,898,40,post_fragmentation,50,0.7,0.5,chessboard,702,2,2
8,25,1,25,1,216,44,898,40,post_fragmentation,50,0.7,0.5,chessboard,705,5,2
8,25,1,25,1,216,44,898,40,post_fragmentation,50,0.7,0.5,chessboard,712,5,2
8,25,1,25,1,216,44,898,40,post_fragmentation,50,0.7,0.5,chessboard,724,2,2
8,25,1,25,1,216,44,898,40,post_fragmentation,50,0.7,0.5,chessboard,730,2,2
8,25,1,25,1,216,44,898,40,post_fragmentation,50,0.7,0.5,chessboard,740,1,2
8,25,1,25,1,216,44,898,40,post_fragmentation,50,0.7,0.5,chessboard,782,1,2
8,25,1,25,1,216,44,898,40,post_fragmentation,50,0.7,0.5,chessboard,790,1,2
8,25,1,25,1,216,44,898,40,post_fragmentation,50,0.7,0.5,chessboard,794,1,2
8,25,1,25,1,216,44,898,40,post_fragmentation,50,0.7,0.5,chessboard,861,1,2
8,25,1,25,1,216,44,898,40,post_fragmentation,50,0.7,0.5,chessboard,871,1,2
9,27,1,27,1,216,44,898,40,post_fragmentation,50,0.7,0.5,chessboard,565,1,2
9,27,1,27,1,216,44,898,40,post_fragmentation,50,0.7,0.5,chessboard,567,1,2
9,27,1,27,1,216,44,898,40,post_fragmentation,50,0.7,0.5,chessboard,577,1,2
9,27,1,27,1,216,44,898,40,post_fragmentation,50,0.7,0.5,chessboard,584,1,2
9,27,1,27,1,216,44,898,40,post_fragmentation,50,0.7,0.5,chessboard,597,1,2
9,27,1,27,1,216,44,898,40,post_fragmentation,50,0.7,0.5,chessboard,599,3,2
9,27,1,27,1,216,44,898,40,post_fragmentation,50,0.7,0.5,chessboard,603,1,2
9,27,1,27,1,216,44,898,40,post_fragmentation,50,0.7,0.5,chessboard,606,2,2
9,27,1,27,1,216,44,898,40,post_fragmentation,50,0.7,0.5,chessboard,609,1,2
9,27,1,27,1,216,44,898,40,post_fragmentation,50,0.7,0.5,chessboard,610,4,2
9,27,1,27,1,216,44,898,40,post_fragmentation,50,0.7,0.5,chessboard,611,1,2
9,27,1,27,1,216,44,898,40,post_fragmentation,50,0.7,0.5,chessboard,618,2,2
9,27,1,27,1,216,44,898,40,post_fragmentation,50,0.7,0.5,chessboard,619,1,2
9,27,1,27,1,216,44,898,40,post_fragmentation,50,0.7,0.5,chessboard,625,1,2
9,27,1,27,1,216,44,898,40,post_fragmentation,50,0.7,0.5,chessboard,632,1,2
9,27,1,27,1,216,44,898,40,post_fragmentation,50,0.7,0.5,chessboard,635,1,2
9,27,1,27,1,216,44,898,40,post_fragmentation,50,0.7,0.5,chessboard,643,1,2
9,27,1,27,1,216,44,898,40,post_fragmentation,50,0.7,0.5,chessboard,644,1,2
9,27,1,27,1,216,44,898,40,post_fragmentation,50,0.7,0.5,chessboard,646,1,2
9,27,1,27,1,216,44,898,40,post_fragmentation,50,0.7,0.5,chessboard,655,2,2
9,27,1,27,1,216,44,898,40,post_fragmentation,50,0.7,0.5,chessboard,672,1,2
9,27,1,27,1,216,44,898,40,post_fragmentation,50,0.7,0.5,chessboard,674,3,2
9,27,1,27,1,216,44,898,40,post_fragmentation,50,0.7,0.5,chessboard,676,2,2
9,27,1,27,1,216,44,898,40,post_fragmentation,50,0.7,0.5,chessboard,682,1,2
9,27,1,27,1,216,44,898,40,post_fragmentation,50,0.7,0.5,chessboard,685,1,2
9,27,1,27,1,216,44,898,40,post_fragmentation,50,0.7,0.5,chessboard,705,3,2
9,27,1,27,1,216,44,898,40,post_fragmentation,50,0.7,0.5,chessboard,712,1,2
9,27,1,27,1,216,44,898,40,post_fragmentation,50,0.7,0.5,chessboard,730,1,2
10,29,1,29,1,216,44,898,40,post_fragmentation,50,0.7,0.5,chessboard,428,1,2
10,29,1,29,1,216,44,898,40,post_fragmentation,50,0.7,0.5,chessboard,516,3,2
10,29,1,29,1,216,44,898,40,post_fragmentation,50,0.7,0.5,chessboard,522,1,2
10,29,1,29,1,216,44,898,40,post_fragmentation,50,0.7,0.5,chessboard,538,1,2
10,29,1,29,1,216,44,898,40,post_fragmentation,50,0.7,0.5,chessboard,542,1,2
10,29,1,29,1,216,44,898,40,post_fragmentation,50,0.7,0.5,chessboard,559,2,2
10,29,1,29,1,216,44,898,40,post_fragmentation,50,0.7,0.5,chessboard,560,2,2
10,29,1,29,1,216,44,898,40,post_fragmentation,50,0.7,0.5,chessboard,579,1,2
10,29,1,29,1,216,44,898,40,post_fragmentation,50,0.7,0.5,chessboard,584,1,2
10,29,1,29,1,216,44,898,40,post_fragmentation,50,0.7,0.5,chessboard,587,1,2
10,29,1,29,1,216,44,898,40,post_fragmentation,50,0.7,0.5,chessboard,589,1,2
10,29,1,29,1,216,44,898,40,post_fragmentation,50,0.7,0.5,chessboard,599,2,2
10,29,1,29,1,216,44,898,40,post_fragmentation,50,0.7,0.5,chessboard,600,2,2
10,29,1,29,1,216,44,898,40,post_fragmentation,50,0.7,0.5,chessboard,609,1,2
10,29,1,29,1,216,44,898,40,post_fragmentation,50,0.7,0.5,chessboard,613,1,2
10,29,1,29,1,216,44,898,40,post_fragmentation,50,0.7,0.5,chessboard,617,1,2
10,29,1,29,1,216,44,898,40,post_fragmentation,50,0.7,0.5,chessboard,619,1,2
10,29,1,29,1,216,44,898,40,post_fragmentation,50,0.7,0.5,chessboard,625,2,2
10,29,1,29,1,216,44,898,40,post_fragmentation,50,0.7,0.5,chessboard,632,1,2
10,29,1,29,1,216,44,898,40,post_fragmentation,50,0.7,0.5,chessboard,635,1,2
10,29,1,29,1,216,44,898,40,post_fragmentation,50,0.7,0.5,chessboard,643,2,2
10,29,1,29,1,216,44,898,40,post_fragmentation,50,0.7,0.5,chessboard,644,2,2
10,29,1,29,1,216,44,898,40,post_fragmentation,50,0.7,0.5,chessboard,676,1,2
10,29,1,29,1,216,44,898,40,post_fragmentation,50,0.7,0.5,chessboard,685,1,2
10,29,1,29,1,216,44,898,40,post_fragmentation,50,0.7,0.5,chessboard,689,1,2
10,29,1,29,1,216,44,898,40,post_fragmentation,50,0.7,0.5,chessboard,697,1,2
10,29,1,29,1,216,44,898,40,post_fragmentation,50,0.7,0.5,chessboard,698,1,2
11,31,1,31,1,216,44,898,40,post_fragmentation,50,0.7,0.5,chessboard,438,1,2
11,31,1,31,1,216,44,898,40,post_fragmentation,50,0.7,0.5,chessboard,439,2,2
11,31,1,31,1,216,44,898,40,post_fragmentation,50,0.7,0.5,chessboard,487,1,2
11,31,1,31,1,216,44,898,40,post_fragmentation,50,0.7,0.5,chessboard,501,1,2
11,31,1,31,1,216,44,898,40,post_fragmentation,50,0.7,0.5,chessboard,506,1,2
11,31,1,31,1,216,44,898,40,post_fragmentation,50,0.7,0.5,chessboard,516,1,2
11,31,1,31,1,216,44,898,40,post_fragmentation,50,0.7,0.5,chessboard,522,2,2
11,31,1,31,1,216,44,898,40,post_fragmentation,50,0.7,0.5,chessboard,529,1,2
11,31,1,31,1,216,44,898,40,post_fragmentation,50,0.7,0.5,chessboard,531,1,2
11,31,1,31,1,216,44,898,40,post_fragmentation,50,0.7,0.5,chessboard,539,1,2
11,31,1,31,1,216,44,898,40,post_fragmentation,50,0.7,0.5,chessboard,560,1,2
11,31,1,31,1,216,44,898,40,post_fragmentation,50,0.7,0.5,chessboard,584,2,2
11,31,1,31,1,216,44,898,40,post_fragmentation,50,0.7,0.5,chessboard,588,2,2
11,31,1,31,1,216,44,898,40,post_fragmentation,50,0.7,0.5,chessboard,589,1,2
11,31,1,31,1,216,44,898,40,post_fragmentation,50,0.7,0.5,chessboard,594,4,2
11,31,1,31,1,216,44,898,40,post_fragmentation,50,0.7,0.5,chessboard,599,1,2
11,31,1,31,1,216,44,898,40,post_fragmentation,50,0.7,0.5,chessboard,600,4,2
11,31,1,31,1,216,44,898,40,post_fragmentation,50,0.7,0.5,chessboard,606,1,2
11,31,1,31,1,216,44,898,40,post_fragmentation,50,0.7,0.5,chessboard,611,2,2
11,31,1,31,1,216,44,898,40,post_fragmentation,50,0.7,0.5,chessboard,613,2,2
11,31,1,31,1,216,44,898,40,post_fragmentation,50,0.7,0.5,chessboard,618,1,2
11,31,1,31,1,216,44,898,40,post_fragmentation,50,0.7,0.5,chessboard,625,1,2
11,31,1,31,1,216,44,898,40,post_fragmentation,50,0.7,0.5,chessboard,637,1,2
11,31,1,31,1,216,44,898,40,post_fragmentation,50,0.7,0.5,chessboard,641,1,2
11,31,1,31,1,216,44,898,40,post_fragmentation,50,0.7,0.5,chessboard,645,1,2
11,31,1,31,1,216,44,898,40,post_fragmentation,50,0.7,0.5,chessboard,653,1,2
12,49,1,49,2,7,44,898,40,post_fragmentation,50,0.7,0.5,chessboard,15,4,2
12,49,1,49,2,7,44,898,40,post_fragmentation,50,0.7,0.5,chessboard,50,1,2
12,49,1,49,2,7,44,898,40,post_fragmentation,50,0.7,0.5,chessboard,51,1,2
12,49,1,49,2,7,44,898,40,post_fragmentation,50,0.7,0.5,chessboard,67,1,2
12,49,1,49,2,7,44,898,40,post_fragmentation,50,0.7,0.5,chessboard,69,2,2
12,49,1,49,2,7,44,898,40,post_fragmentation,50,0.7,0.5,chessboard,72,1,2
12,49,1,49,2,7,44,898,40,post_fragmentation,50,0.7,0.5,chessboard,73,3,2
12,49,1,49,2,7,44,898,40,post_fragmentation,50,0.7,0.5,chessboard,75,1,2
12,49,1,49,2,7,44,898,40,post_fragmentation,50,0.7,0.5,chessboard,76,1,2
12,49,1,49,2,7,44,898,40,post_fragmentation,50,0.7,0.5,chessboard,78,1,2
12,49,1,49,2,7,44,898,40,post_fragmentation,50,0.7,0.5,chessboard,81,4,2
12,49,1,49,2,7,44,898,40,post_fragmentation,50,0.7,0.5,chessboard,83,1,2
12,49,1,49,2,7,44,898,40,post_fragmentation,50,0.7,0.5,chessboard,85,5,2
12,49,1,49,2,7,44,898,40,post_fragmentation,50,0.7,0.5,chessboard,89,1,2
12,49,1,49,2,7,44,898,40,post_fragmentation,50,0.7,0.5,chessboard,97,1,2
12,49,1,49,2,7,44,898,40,post_fragmentation,50,0.7,0.5,chessboard,103,1,2
12,49,1,49,2,7,44,898,40,post_fragmentation,50,0.7,0.5,chessboard,104,1,2
12,49,1,49,2,7,44,898,40,post_fragmentation,50,0.7,0.5,chessboard,108,2,2
12,49,1,49,2,7,44,898,40,post_fragmentation,50,0.7,0.5,chessboard,115,1,2
12,49,1,49,2,7,44,898,40,post_fragmentation,50,0.7,0.5,chessboard,173,1,2
13,64,2,14,1,216,44,898,40,post_fragmentation,50,0.7,0.5,chessboard,153,1,2
13,64,2,14,1,216,44,898,40,post_fragmentation,50,0.7,0.5,chessboard,216,2,2
13,64,2,14,1,216,44,898,40,post_fragmentation,50,0.7,0.5,chessboard,226,1,2
13,64,2,14,1,216,44,898,40,post_fragmentation,50,0.7,0.5,chessboard,236,1,2
13,64,2,14,1,216,44,898,40,post_fragmentation,50,0.7,0.5,chessboard,244,2,2
13,64,2,14,1,216,44,898,40,post_fragmentation,50,0.7,0.5,chessboard,251,1,2
13,64,2,14,1,216,44,898,40,post_fragmentation,50,0.7,0.5,chessboard,253,1,2
13,64,2,14,1,216,44,898,40,post_fragmentation,50,0.7,0.5,chessboard,268,6,2
13,64,2,14,1,216,44,898,40,post_fragmentation,50,0.7,0.5,chessboard,273,1,2
13,64,2,14,1,216,44,898,40,post_fragmentation,50,0.7,0.5,chessboard,301,2,2
13,64,2,14,1,216,44,898,40,post_fragmentation,50,0.7,0.5,chessboard,303,4,2
13,64,2,14,1,216,44,898,40,post_fragmentation,50,0.7,0.5,chessboard,315,1,2
13,64,2,14,1,216,44,898,40,post_fragmentation,50,0.7,0.5,chessboard,322,2,2
13,64,2,14,1,216,44,898,40,post_fragmentation,50,0.7,0.5,chessboard,328,1,2
13,64,2,14,1,216,44,898,40,post_fragmentation,50,0.7,0.5,chessboard,353,1,2
13,64,2,14,1,216,44,898,40,post_fragmentation,50,0.7,0.5,chessboard,354,1,2
13,64,2,14,1,216,44,898,40,post_fragmentation,50,0.7,0.5,chessboard,359,1,2
13,64,2,14,1,216,44,898,40,post_fragmentation,50,0.7,0.5,chessboard,367,1,2
13,64,2,14,1,216,44,898,40,post_fragmentation,50,0.7,0.5,chessboard,396,1,2
13,64,2,14,1,216,44,898,40,post_fragmentation,50,0.7,0.5,chessboard,411,1,2
13,64,2,14,1,216,44,898,40,post_fragmentation,50,0.7,0.5,chessboard,423,1,2
13,64,2,14,1,216,44,898,40,post_fragmentation,50,0.7,0.5,chessboard,438,1,2
14,66,2,16,1,216,44,898,40,post_fragmentation,50,0.7,0.5,chessboard,268,1,2
14,66,2,16,1,216,44,898,40,post_fragmentation,50,0.7,0.5,chessboard,303,1,2
14,66,2,16,1,216,44,898,40,post_fragmentation,50,0.7,0.5,chessboard,327,3,2
14,66,2,16,1,216,44,898,40,post_fragmentation,50,0.7,0.5,chessboard,328,1,2
14,66,2,16,1,216,44,898,40,post_fragmentation,50,0.7,0.5,chessboard,352,1,2
14,66,2,16,1,216,44,898,40,post_fragmentation,50,0.7,0.5,chessboard,353,1,2
14,66,2,16,1,216,44,898,40,post_fragmentation,50,0.7,0.5,chessboard,354,4,2
14,66,2,16,1,216,44,898,40,post_fragmentation,50,0.7,0.5,chessboard,359,5,2
14,66,2,16,1,216,44,898,40,post_fragmentation,50,0.7,0.5,chessboard,367,2,2
14,66,2,16,1,216,44,898,40,post_fragmentation,50,0.7,0.5,chessboard,396,1,2
14,66,2,16,1,216,44,898,40,post_fragmentation,50,0.7,0.5,chessboard,405,2,2
14,66,2,16,1,216,44,898,40,post_fragmentation,50,0.7,0.5,chessboard,411,2,2
14,66,2,16,1,216,44,898,40,post_fragmentation,50,0.7,0.5,chessboard,418,1,2
14,66,2,16,1,216,44,898,40,post_fragmentation,50,0.7,0.5,chessboard,419,1,2
14,66,2,16,1,216,44,898,40,post_fragmentation,50,0.7,0.5,chessboard,423,3,2
14,66,2,16,1,216,44,898,40,post_fragmentation,50,0.7,0.5,chessboard,436,1,2
14,66,2,16,1,216,44,898,40,post_fragmentation,50,0.7,0.5,chessboard,438,2,2
14,66,2,16,1,216,44,898,40,post_fragmentation,50,0.7,0.5,chessboard,473,1,2
14,66,2,16,1,216,44,898,40,post_fragmentation,50,0.7,0.5,chessboard,475,1,2
14,66,2,16,1,216,44,898,40,post_fragmentation,50,0.7,0.5,chessboard,526,1,2
15,68,2,18,1,216,44,898,40,post_fragmentation,50,0.7,0.5,chessboard,328,1,2
15,68,2,18,1,216,44,898,40,post_fragmentation,50,0.7,0.5,chessboard,343,3,2
15,68,2,18,1,216,44,898,40,post_fragmentation,50,0.7,0.5,chessboard,354,1,2
15,68,2,18,1,216,44,898,40,post_fragmentation,50,0.7,0.5,chessboard,411,2,2
15,68,2,18,1,216,44,898,40,post_fragmentation,50,0.7,0.5,chessboard,423,2,2
15,68,2,18,1,216,44,898,40,post_fragmentation,50,0.7,0.5,chessboard,438,1,2
15,68,2,18,1,216,44,898,40,post_fragmentation,50,0.7,0.5,chessboard,469,2,2
15,68,2,18,1,216,44,898,40,post_fragmentation,50,0.7,0.5,chessboard,473,2,2
15,68,2,18,1,216,44,898,40,post_fragmentation,50,0.7,0.5,chessboard,474,2,2
15,68,2,18,1,216,44,898,40,post_fragmentation,50,0.7,0.5,chessboard,491,3,2
15,68,2,18,1,216,44,898,40,post_fragmentation,50,0.7,0.5,chessboard,495,1,2
15,68,2,18,1,216,44,898,40,post_fragmentation,50,0.7,0.5,chessboard,500,5,2
15,68,2,18,1,216,44,898,40,post_fragmentation,50,0.7,0.5,chessboard,533,1,2
15,68,2,18,1,216,44,898,40,post_fragmentation,50,0.7,0.5,chessboard,551,1,2
15,68,2,18,1,216,44,898,40,post_fragmentation,50,0.7,0.5,chessboard,565,1,2
15,68,2,18,1,216,44,898,40,post_fragmentation,50,0.7,0.5,chessboard,578,4,2
15,68,2,18,1,216,44,898,40,post_fragmentation,50,0.7,0.5,chessboard,589,1,2
15,68,2,18,1,216,44,898,40,post_fragmentation,50,0.7,0.5,chessboard,594,2,2
15,68,2,18,1,216,44,898,40,post_fragmentation,50,0.7,0.5,chessboard,609,1,2
15,68,2,18,1,216,44,898,40,post_fragmentation,50,0.7,0.5,chessboard,617,2,2
15,68,2,18,1,216,44,898,40,post_fragmentation,50,0.7,0.5,chessboard,619,3,2
15,68,2,18,1,216,44,898,40,post_fragmentation,50,0.7,0.5,chessboard,632,1,2
16,70,2,20,1,216,44,898,40,post_fragmentation,50,0.7,0.5,chessboard,492,1,2
16,70,2,20,1,216,44,898,40,post_fragmentation,50,0.7,0.5,chessboard,500,1,2
16,70,2,20,1,216,44,898,40,post_fragmentation,50,0.7,0.5,chessboard,551,2,2
16,70,2,20,1,216,44,898,40,post_fragmentation,50,0.7,0.5,chessboard,562,3,2
16,70,2,20,1,216,44,898,40,post_fragmentation,50,0.7,0.5,chessboard,578,7,2
16,70,2,20,1,216,44,898,40,post_fragmentation,50,0.7,0.5,chessboard,589,1,2
16,70,2,20,1,216,44,898,40,post_fragmentation,50,0.7,0.5,chessboard,603,4,2
16,70,2,20,1,216,44,898,40,post_fragmentation,50,0.7,0.5,chessboard,609,2,2
16,70,2,20,1,216,44,898,40,post_fragmentation,50,0.7,0.5,chessboard,610,1,2
16,70,2,20,1,216,44,898,40,post_fragmentation,50,0.7,0.5,chessboard,623,1,2
16,70,2,20,1,216,44,898,40,post_fragmentation,50,0.7,0.5,chessboard,625,3,2
16,70,2,20,1,216,44,898,40,post_fragmentation,50,0.7,0.5,chessboard,632,4,2
16,70,2,20,1,216,44,898,40,post_fragmentation,50,0.7,0.5,chessboard,644,2,2
16,70,2,20,1,216,44,898,40,post_fragmentation,50,0.7,0.5,chessboard,647,1,2
16,70,2,20,1,216,44,898,40,post_fragmentation,50,0.7,0.5,chessboard,686,1,2
16,70,2,20,1,216,44,898,40,post_fragmentation,50,0.7,0.5,chessboard,790,1,2
17,72,2,22,1,216,44,898,40,post_fragmentation,50,0.7,0.5,chessboard,526,1,2
17,72,2,22,1,216,44,898,40,post_fragmentation,50,0.7,0.5,chessboard,535,1,2
17,72,2,22,1,216,44,898,40,post_fragmentation,50,0.7,0.5,chessboard,562,1,2
17,72,2,22,1,216,44,898,40,post_fragmentation,50,0.7,0.5,chessboard,627,2,2
17,72,2,22,1,216,44,898,40,post_fragmentation,50,0.7,0.5,chessboard,632,3,2
17,72,2,22,1,216,44,898,40,post_fragmentation,50,0.7,0.5,chessboard,644,3,2
17,72,2,22,1,216,44,898,40,post_fragmentation,50,0.7,0.5,chessboard,652,1,2
17,72,2,22,1,216,44,898,40,post_fragmentation,50,0.7,0.5,chessboard,674,2,2
17,72,2,22,1,216,44,898,40,post_fragmentation,50,0.7,0.5,chessboard,684,1,2
17,72,2,22,1,216,44,898,40,post_fragmentation,50,0.7,0.5,chessboard,685,1,2
17,72,2,22,1,216,44,898,40,post_fragmentation,50,0.7,0.5,chessboard,686,4,2
17,72,2,22,1,216,44,898,40,post_fragmentation,50,0.7,0.5,chessboard,705,4,2
17,72,2,22,1,216,44,898,40,post_fragmentation,50,0.7,0.5,chessboard,712,3,2
17,72,2,22,1,216,44,898,40,post_fragmentation,50,0.7,0.5,chessboard,724,2,2
17,72,2,22,1,216,44,898,40,post_fragmentation,50,0.7,0.5,chessboard,730,1,2
17,72,2,22,1,216,44,898,40,post_fragmentation,50,0.7,0.5,chessboard,768,1,2
17,72,2,22,1,216,44,898,40,post_fragmentation,50,0.7,0.5,chessboard,790,1,2
17,72,2,22,1,216,44,898,40,post_fragmentation,50,0.7,0.5,chessboard,836,1,2
18,74,2,24,1,216,44,898,40,post_fragmentation,50,0.7,0.5,chessboard,587,1,2
18,74,2,24,1,216,44,898,40,post_fragmentation,50,0.7,0.5,chessboard,625,1,2
18,74,2,24,1,216,44,898,40,post_fragmentation,50,0.7,0.5,chessboard,633,1,2
18,74,2,24,1,216,44,898,40,post_fragmentation,50,0.7,0.5,chessboard,647,2,2
18,74,2,24,1,216,44,898,40,post_fragmentation,50,0.7,0.5,chessboard,672,1,2
18,74,2,24,1,216,44,898,40,post_fragmentation,50,0.7,0.5,chessboard,674,1,2
18,74,2,24,1,216,44,898,40,post_fragmentation,50,0.7,0.5,chessboard,686,2,2
18,74,2,24,1,216,44,898,40,post_fragmentation,50,0.7,0.5,chessboard,698,1,2
18,74,2,24,1,216,44,898,40,post_fragmentation,50,0.7,0.5,chessboard,705,3,2
18,74,2,24,1,216,44,898,40,post_fragmentation,50,0.7,0.5,chessboard,712,2,2
18,74,2,24,1,216,44,898,40,post_fragmentation,50,0.7,0.5,chessboard,724,2,2
18,74,2,24,1,216,44,898,40,post_fragmentation,50,0.7,0.5,chessboard,730,1,2
18,74,2,24,1,216,44,898,40,post_fragmentation,50,0.7,0.5,chessboard,740,1,2
18,74,2,24,1,216,44,898,40,post_fragmentation,50,0.7,0.5,chessboard,762,2,2
18,74,2,24,1,216,44,898,40,post_fragmentation,50,0.7,0.5,chessboard,772,3,2
18,74,2,24,1,216,44,898,40,post_fragmentation,50,0.7,0.5,chessboard,782,1,2
18,74,2,24,1,216,44,898,40,post_fragmentation,50,0.7,0.5,chessboard,783,1,2
18,74,2,24,1,216,44,898,40,post_fragmentation,50,0.7,0.5,chessboard,790,10,2
18,74,2,24,1,216,44,898,40,post_fragmentation,50,0.7,0.5,chessboard,809,1,2
18,74,2,24,1,216,44,898,40,post_fragmentation,50,0.7,0.5,chessboard,815,1,2
19,76,2,26,1,216,44,898,40,post_fragmentation,50,0.7,0.5,chessboard,560,1,2
19,76,2,26,1,216,44,898,40,post_fragmentation,50,0.7,0.5,chessboard,565,1,2
19,76,2,26,1,216,44,898,40,post_fragmentation,50,0.7,0.5,chessboard,588,1,2
19,76,2,26,1,216,44,898,40,post_fragmentation,50,0.7,0.5,chessboard,612,1,2
19,76,2,26,1,216,44,898,40,post_fragmentation,50,0.7,0.5,chessboard,617,3,2
19,76,2,26,1,216,44,898,40,post_fragmentation,50,0.7,0.5,chessboard,618,3,2
19,76,2,26,1,216,44,898,40,post_fragmentation,50,0.7,0.5,chessboard,665,2,2
19,76,2,26,1,216,44,898,40,post_fragmentation,50,0.7,0.5,chessboard,674,4,2
19,76,2,26,1,216,44,898,40,post_fragmentation,50,0.7,0.5,chessboard,676,3,2
19,76,2,26,1,216,44,898,40,post_fragmentation,50,0.7,0.5,chessboard,682,1,2
19,76,2,26,1,216,44,898,40,post_fragmentation,50,0.7,0.5,chessboard,685,1,2
19,76,2,26,1,216,44,898,40,post_fragmentation,50,0.7,0.5,chessboard,701,3,2
19,76,2,26,1,216,44,898,40,post_fragmentation,50,0.7,0.5,chessboard,702,2,2
19,76,2,26,1,216,44,898,40,post_fragmentation,50,0.7,0.5,chessboard,705,3,2
19,76,2,26,1,216,44,898,40,post_fragmentation,50,0.7,0.5,chessboard,712,3,2
19,76,2,26,1,216,44,898,40,post_fragmentation,50,0.7,0.5,chessboard,730,1,2
19,76,2,26,1,216,44,898,40,post_fragmentation,50,0.7,0.5,chessboard,736,1,2
19,76,2,26,1,216,44,898,40,post_fragmentation,50,0.7,0.5,chessboard,750,1,2
19,76,2,26,1,216,44,898,40,post_fragmentation,50,0.7,0.5,chessboard,762,2,2
19,76,2,26,1,216,44,898,40,post_fragmentation,50,0.7,0.5,chessboard,780,1,2
19,76,2,26,1,216,44,898,40,post_fragmentation,50,0.7,0.5,chessboard,809,1,2
20,78,2,28,1,216,44,898,40,post_fragmentation,50,0.7,0.5,chessboard,506,1,2
20,78,2,28,1,216,44,898,40,post_fragmentation,50,0.7,0.5,chessboard,552,1,2
20,78,2,28,1,216,44,898,40,post_fragmentation,50,0.7,0.5,chessboard,559,1,2
20,78,2,28,1,216,44,898,40,post_fragmentation,50,0.7,0.5,chessboard,560,1,2
20,78,2,28,1,216,44,898,40,post_fragmentation,50,0.7,0.5,chessboard,577,1,2
20,78,2,28,1,216,44,898,40,post_fragmentation,50,0.7,0.5,chessboard,584,2,2
20,78,2,28,1,216,44,898,40,post_fragmentation,50,0.7,0.5,chessboard,588,1,2
20,78,2,28,1,216,44,898,40,post_fragmentation,50,0.7,0.5,chessboard,589,3,2
20,78,2,28,1,216,44,898,40,post_fragmentation,50,0.7,0.5,chessboard,594,1,2
20,78,2,28,1,216,44,898,40,post_fragmentation,50,0.7,0.5,chessboard,599,4,2
20,78,2,28,1,216,44,898,40,post_fragmentation,50,0.7,0.5,chessboard,600,1,2
20,78,2,28,1,216,44,898,40,post_fragmentation,50,0.7,0.5,chessboard,609,1,2
20,78,2,28,1,216,44,898,40,post_fragmentation,50,0.7,0.5,chessboard,610,3,2
20,78,2,28,1,216,44,898,40,post_fragmentation,50,0.7,0.5,chessboard,617,1,2
20,78,2,28,1,216,44,898,40,post_fragmentation,50,0.7,0.5,chessboard,622,1,2
20,78,2,28,1,216,44,898,40,post_fragmentation,50,0.7,0.5,chessboard,624,1,2
20,78,2,28,1,216,44,898,40,post_fragmentation,50,0.7,0.5,chessboard,629,1,2
20,78,2,28,1,216,44,898,40,post_fragmentation,50,0.7,0.5,chessboard,632,4,2
20,78,2,28,1,216,44,898,40,post_fragmentation,50,0.7,0.5,chessboard,648,1,2
20,78,2,28,1,216,44,898,40,post_fragmentation,50,0.7,0.5,chessboard,656,1,2
20,78,2,28,1,216,44,898,40,post_fragmentation,50,0.7,0.5,chessboard,671,2,2
20,78,2,28,1,216,44,898,40,post_fragmentation,50,0.7,0.5,chessboard,676,1,2
20,78,2,28,1,216,44,898,40,post_fragmentation,50,0.7,0.5,chessboard,682,2,2
20,78,2,28,1,216,44,898,40,post_fragmentation,50,0.7,0.5,chessboard,684,1,2
20,78,2,28,1,216,44,898,40,post_fragmentation,50,0.7,0.5,chessboard,685,1,2
20,78,2,28,1,216,44,898,40,post_fragmentation,50,0.7,0.5,chessboard,705,2,2
20,78,2,28,1,216,44,898,40,post_fragmentation,50,0.7,0.5,chessboard,749,1,2
21,80,2,30,1,216,44,898,40,post_fragmentation,50,0.7,0.5,chessboard,428,1,2
21,80,2,30,1,216,44,898,40,post_fragmentation,50,0.7,0.5,chessboard,495,1,2
21,80,2,30,1,216,44,898,40,post_fragmentation,50,0.7,0.5,chessboard,508,1,2
21,80,2,30,1,216,44,898,40,post_fragmentation,50,0.7,0.5,chessboard,522,1,2
21,80,2,30,1,216,44,898,40,post_fragmentation,50,0.7,0.5,chessboard,542,1,2
21,80,2,30,1,216,44,898,40,post_fragmentation,50,0.7,0.5,chessboard,544,1,2
21,80,2,30,1,216,44,898,40,post_fragmentation,50,0.7,0.5,chessboard,545,1,2
21,80,2,30,1,216,44,898,40,post_fragmentation,50,0.7,0.5,chessboard,547,1,2
21,80,2,30,1,216,44,898,40,post_fragmentation,50,0.7,0.5,chessboard,567,1,2
21,80,2,30,1,216,44,898,40,post_fragmentation,50,0.7,0.5,chessboard,579,1,2
21,80,2,30,1,216,44,898,40,post_fragmentation,50,0.7,0.5,chessboard,584,1,2
21,80,2,30,1,216,44,898,40,post_fragmentation,50,0.7,0.5,chessboard,587,2,2
21,80,2,30,1,216,44,898,40,post_fragmentation,50,0.7,0.5,chessboard,588,1,2
21,80,2,30,1,216,44,898,40,post_fragmentation,50,0.7,0.5,chessboard,589,1,2
21,80,2,30,1,216,44,898,40,post_fragmentation,50,0.7,0.5,chessboard,595,1,2
21,80,2,30,1,216,44,898,40,post_fragmentation,50,0.7,0.5,chessboard,599,2,2
21,80,2,30,1,216,44,898,40,post_fragmentation,50,0.7,0.5,chessboard,600,1,2
21,80,2,30,1,216,44,898,40,post_fragmentation,50,0.7,0.5,chessboard,609,1,2
21,80,2,30,1,216,44,898,40,post_fragmentation,50,0.7,0.5,chessboard,616,1,2
21,80,2,30,1,216,44,898,40,post_fragmentation,50,0.7,0.5,chessboard,617,3,2
21,80,2,30,1,216,44,898,40,post_fragmentation,50,0.7,0.5,chessboard,618,1,2
21,80,2,30,1,216,44,898,40,post_fragmentation,50,0.7,0.5,chessboard,619,1,2
21,80,2,30,1,216,44,898,40,post_fragmentation,50,0.7,0.5,chessboard,622,1,2
21,80,2,30,1,216,44,898,40,post_fragmentation,50,0.7,0.5,chessboard,624,3,2
21,80,2,30,1,216,44,898,40,post_fragmentation,50,0.7,0.5,chessboard,625,5,2
21,80,2,30,1,216,44,898,40,post_fragmentation,50,0.7,0.5,chessboard,633,1,2
21,80,2,30,1,216,44,898,40,post_fragmentation,50,0.7,0.5,chessboard,635,1,2
21,80,2,30,1,216,44,898,40,post_fragmentation,50,0.7,0.5,chessboard,647,1,2
21,80,2,30,1,216,44,898,40,post_fragmentation,50,0.7,0.5,chessboard,672,2,2
21,80,2,30,1,216,44,898,40,post_fragmentation,50,0.7,0.5,chessboard,702,1,2
22,82,2,32,1,216,44,898,40,post_fragmentation,50,0.7,0.5,chessboard,466,1,2
22,82,2,32,1,216,44,898,40,post_fragmentation,50,0.7,0.5,chessboard,472,1,2
22,82,2,32,1,216,44,898,40,post_fragmentation,50,0.7,0.5,chessboard,487,1,2
22,82,2,32,1,216,44,898,40,post_fragmentation,50,0.7,0.5,chessboard,488,1,2
22,82,2,32,1,216,44,898,40,post_fragmentation,50,0.7,0.5,chessboard,499,3,2
22,82,2,32,1,216,44,898,40,post_fragmentation,50,0.7,0.5,chessboard,501,1,2
22,82,2,32,1,216,44,898,40,post_fragmentation,50,0.7,0.5,chessboard,502,1,2
22,82,2,32,1,216,44,898,40,post_fragmentation,50,0.7,0.5,chessboard,504,2,2
22,82,2,32,1,216,44,898,40,post_fragmentation,50,0.7,0.5,chessboard,506,1,2
22,82,2,32,1,216,44,898,40,post_fragmentation,50,0.7,0.5,chessboard,514,1,2
22,82,2,32,1,216,44,898,40,post_fragmentation,50,0.7,0.5,chessboard,516,1,2
22,82,2,32,1,216,44,898,40,post_fragmentation,50,0.7,0.5,chessboard,547,1,2
22,82,2,32,1,216,44,898,40,post_fragmentation,50,0.7,0.5,chessboard,555,1,2
22,82,2,32,1,216,44,898,40,post_fragmentation,50,0.7,0.5,chessboard,567,1,2
22,82,2,32,1,216,44,898,40,post_fragmentation,50,0.7,0.5,chessboard,570,1,2
22,82,2,32,1,216,44,898,40,post_fragmentation,50,0.7,0.5,chessboard,575,1,2
22,82,2,32,1,216,44,898,40,post_fragmentation,50,0.7,0.5,chessboard,579,1,2
22,82,2,32,1,216,44,898,40,post_fragmentation,50,0.7,0.5,chessboard,584,1,2
22,82,2,32,1,216,44,898,40,post_fragmentation,50,0.7,0.5,chessboard,599,1,2
22,82,2,32,1,216,44,898,40,post_fragmentation,50,0.7,0.5,chessboard,600,1,2
22,82,2,32,1,216,44,898,40,post_fragmentation,50,0.7,0.5,chessboard,604,1,2
22,82,2,32,1,216,44,898,40,post_fragmentation,50,0.7,0.5,chessboard,606,1,2
22,82,2,32,1,216,44,898,40,post_fragmentation,50,0.7,0.5,chessboard,610,1,2
22,82,2,32,1,216,44,898,40,post_fragmentation,50,0.7,0.5,chessboard,617,2,2
22,82,2,32,1,216,44,898,40,post_fragmentation,50,0.7,0.5,chessboard,622,2,2
22,82,2,32,1,216,44,898,40,post_fragmentation,50,0.7,0.5,chessboard,623,1,2
22,82,2,32,1,216,44,898,40,post_fragmentation,50,0.7,0.5,chessboard,625,3,2
22,82,2,32,1,216,44,898,40,post_fragmentation,50,0.7,0.5,chessboard,632,1,2
22,82,2,32,1,216,44,898,40,post_fragmentation,50,0.7,0.5,chessboard,633,1,2
22,82,2,32,1,216,44,898,40,post_fragmentation,50,0.7,0.5,chessboard,635,1,2
23,109,3,9,3,4,44,898,40,post_fragmentation,50,0.7,0.5,chessboard,20,1,2
23,109,3,9,3,4,44,898,40,post_fragmentation,50,0.7,0.5,chessboard,24,1,2
23,109,3,9,3,4,44,898,40,post_fragmentation,50,0.7,0.5,chessboard,34,1,2
23,109,3,9,3,4,44,898,40,post_fragmentation,50,0.7,0.5,chessboard,41,1,2
23,109,3,9,3,4,44,898,40,post_fragmentation,50,0.7,0.5,chessboard,49,2,2
23,109,3,9,3,4,44,898,40,post_fragmentation,50,0.7,0.5,chessboard,59,1,2
23,109,3,9,3,4,44,898,40,post_fragmentation,50,0.7,0.5,chessboard,61,2,2
23,109,3,9,3,4,44,898,40,post_fragmentation,50,0.7,0.5,chessboard,73,1,2
23,109,3,9,3,4,44,898,40,post_fragmentation,50,0.7,0.5,chessboard,81,1,2
23,109,3,9,3,4,44,898,40,post_fragmentation,50,0.7,0.5,chessboard,82,1,2
23,109,3,9,3,4,44,898,40,post_fragmentation,50,0.7,0.5,chessboard,83,1,2
23,109,3,9,3,4,44,898,40,post_fragmentation,50,0.7,0.5,chessboard,85,2,2
23,109,3,9,3,4,44,898,40,post_fragmentation,50,0.7,0.5,chessboard,94,2,2
23,109,3,9,3,4,44,898,40,post_fragmentation,50,0.7,0.5,chessboard,96,2,2
23,109,3,9,3,4,44,898,40,post_fragmentation,50,0.7,0.5,chessboard,97,1,2
23,109,3,9,3,4,44,898,40,post_fragmentation,50,0.7,0.5,chessboard,104,3,2
23,109,3,9,3,4,44,898,40,post_fragmentation,50,0.7,0.5,chessboard,108,2,2
23,109,3,9,3,4,44,898,40,post_fragmentation,50,0.7,0.5,chessboard,115,1,2
23,109,3,9,3,4,44,898,40,post_fragmentation,50,0.7,0.5,chessboard,121,2,2
23,109,3,9,3,4,44,898,40,post_fragmentation,50,0.7,0.5,chessboard,127,1,2
23,109,3,9,3,4,44,898,40,post_fragmentation,50,0.7,0.5,chessboard,133,2,2
23,109,3,9,3,4,44,898,40,post_fragmentation,50,0.7,0.5,chessboard,149,2,2
23,109,3,9,3,4,44,898,40,post_fragmentation,50,0.7,0.5,chessboard,171,1,2
23,109,3,9,3,4,44,898,40,post_fragmentation,50,0.7,0.5,chessboard,173,1,2
23,109,3,9,3,4,44,898,40,post_fragmentation,50,0.7,0.5,chessboard,174,1,2
23,109,3,9,3,4,44,898,40,post_fragmentation,50,0.7,0.5,chessboard,180,1,2
23,109,3,9,3,4,44,898,40,post_fragmentation,50,0.7,0.5,chessboard,185,1,2
23,109,3,9,3,4,44,898,40,post_fragmentation,50,0.7,0.5,chessboard,191,1,2
23,109,3,9,3,4,44,898,40,post_fragmentation,50,0.7,0.5,chessboard,272,1,2
24,113,3,13,1,216,44,898,40,post_fragmentation,50,0.7,0.5,chessboard,169,1,2
24,113,3,13,1,216,44,898,40,post_fragmentation,50,0.7,0.5,chessboard,171,1,2
24,113,3,13,1,216,44,898,40,post_fragmentation,50,0.7,0.5,chessboard,182,1,2
24,113,3,13,1,216,44,898,40,post_fragmentation,50,0.7,0.5,chessboard,183,1,2
24,113,3,13,1,216,44,898,40,post_fragmentation,50,0.7,0.5,chessboard,185,1,2
24,113,3,13,1,216,44,898,40,post_fragmentation,50,0.7,0.5,chessboard,196,1,2
24,113,3,13,1,216,44,898,40,post_fragmentation,50,0.7,0.5,chessboard,201,1,2
24,113,3,13,1,216,44,898,40,post_fragmentation,50,0.7,0.5,chessboard,208,1,2
24,113,3,13,1,216,44,898,40,post_fragmentation,50,0.7,0.5,chessboard,217,3,2
24,113,3,13,1,216,44,898,40,post_fragmentation,50,0.7,0.5,chessboard,226,3,2
24,113,3,13,1,216,44,898,40,post_fragmentation,50,0.7,0.5,chessboard,232,1,2
24,113,3,13,1,216,44,898,40,post_fragmentation,50,0.7,0.5,chessboard,233,1,2
24,113,3,13,1,216,44,898,40,post_fragmentation,50,0.7,0.5,chessboard,234,1,2
24,113,3,13,1,216,44,898,40,post_fragmentation,50,0.7,0.5,chessboard,244,2,2
24,113,3,13,1,216,44,898,40,post_fragmentation,50,0.7,0.5,chessboard,263,4,2
24,113,3,13,1,216,44,898,40,post_fragmentation,50,0.7,0.5,chessboard,266,1,2
24,113,3,13,1,216,44,898,40,post_fragmentation,50,0.7,0.5,chessboard,268,2,2
24,113,3,13,1,216,44,898,40,post_fragmentation,50,0.7,0.5,chessboard,269,1,2
24,113,3,13,1,216,44,898,40,post_fragmentation,50,0.7,0.5,chessboard,322,2,2
24,113,3,13,1,216,44,898,40,post_fragmentation,50,0.7,0.5,chessboard,327,1,2
24,113,3,13,1,216,44,898,40,post_fragmentation,50,0.7,0.5,chessboard,328,1,2
24,113,3,13,1,216,44,898,40,post_fragmentation,50,0.7,0.5,chessboard,331,2,2
24,113,3,13,1,216,44,898,40,post_fragmentation,50,0.7,0.5,chessboard,365,1,2
24,113,3,13,1,216,44,898,40,post_fragmentation,50,0.7,0.5,chessboard,367,1,2
24,113,3,13,1,216,44,898,40,post_fragmentation,50,0.7,0.5,chessboard,396,2,2
24,113,3,13,1,216,44,898,40,post_fragmentation,50,0.7,0.5,chessboard,437,1,2
24,113,3,13,1,216,44,898,40,post_fragmentation,50,0.7,0.5,chessboard,438,1,2
25,115,3,15,1,216,44,898,40,post_fragmentation,50,0.7,0.5,chessboard,244,2,2
25,115,3,15,1,216,44,898,40,post_fragmentation,50,0.7,0.5,chessboard,263,2,2
25,115,3,15,1,216,44,898,40,post_fragmentation,50,0.7,0.5,chessboard,289,1,2
25,115,3,15,1,216,44,898,40,post_fragmentation,50,0.7,0.5,chessboard,297,1,2
25,115,3,15,1,216,44,898,40,post_fragmentation,50,0.7,0.5,chessboard,306,1,2
25,115,3,15,1,216,44,898,40,post_fragmentation,50,0.7,0.5,chessboard,322,1,2
25,115,3,15,1,216,44,898,40,post_fragmentation,50,0.7,0.5,chessboard,327,5,2
25,115,3,15,1,216,44,898,40,post_fragmentation,50,0.7,0.5,chessboard,328,3,2
25,115,3,15,1,216,44,898,40,post_fragmentation,50,0.7,0.5,chessboard,331,3,2
25,115,3,15,1,216,44,898,40,post_fragmentation,50,0.7,0.5,chessboard,337,2,2
25,115,3,15,1,216,44,898,40,post_fragmentation,50,0.7,0.5,chessboard,353,3,2
25,115,3,15,1,216,44,898,40,post_fragmentation,50,0.7,0.5,chessboard,354,1,2
25,115,3,15,1,216,44,898,40,post_fragmentation,50,0.7,0.5,chessboard,359,4,2
25,115,3,15,1,216,44,898,40,post_fragmentation,50,0.7,0.5,chessboard,365,1,2
25,115,3,15,1,216,44,898,40,post_fragmentation,50,0.7,0.5,chessboard,405,1,2
25,115,3,15,1,216,44,898,40,post_fragmentation,50,0.7,0.5,chessboard,411,2,2
25,115,3,15,1,216,44,898,40,post_fragmentation,50,0.7,0.5,chessboard,418,3,2
25,115,3,15,1,216,44,898,40,post_fragmentation,50,0.7,0.5,chessboard,438,1,2
25,115,3,15,1,216,44,898,40,post_fragmentation,50,0.7,0.5,chessboard,456,1,2
25,115,3,15,1,216,44,898,40,post_fragmentation,50,0.7,0.5,chessboard,467,1,2
25,115,3,15,1,216,44,898,40,post_fragmentation,50,0.7,0.5,chessboard,475,1,2
26,119,3,19,1,216,44,898,40,post_fragmentation,50,0.7,0.5,chessboard,418,2,2
26,119,3,19,1,216,44,898,40,post_fragmentation,50,0.7,0.5,chessboard,438,2,2
26,119,3,19,1,216,44,898,40,post_fragmentation,50,0.7,0.5,chessboard,492,2,2
26,119,3,19,1,216,44,898,40,post_fragmentation,50,0.7,0.5,chessboard,495,1,2
26,119,3,19,1,216,44,898,40,post_fragmentation,50,0.7,0.5,chessboard,501,1,2
26,119,3,19,1,216,44,898,40,post_fragmentation,50,0.7,0.5,chessboard,517,2,2
26,119,3,19,1,216,44,898,40,post_fragmentation,50,0.7,0.5,chessboard,535,1,2
26,119,3,19,1,216,44,898,40,post_fragmentation,50,0.7,0.5,chessboard,536,1,2
26,119,3,19,1,216,44,898,40,post_fragmentation,50,0.7,0.5,chessboard,549,1,2
26,119,3,19,1,216,44,898,40,post_fragmentation,50,0.7,0.5,chessboard,551,6,2
26,119,3,19,1,216,44,898,40,post_fragmentation,50,0.7,0.5,chessboard,562,1,2
26,119,3,19,1,216,44,898,40,post_fragmentation,50,0.7,0.5,chessboard,565,1,2
26,119,3,19,1,216,44,898,40,post_fragmentation,50,0.7,0.5,chessboard,578,5,2
26,119,3,19,1,216,44,898,40,post_fragmentation,50,0.7,0.5,chessboard,583,1,2
26,119,3,19,1,216,44,898,40,post_fragmentation,50,0.7,0.5,chessboard,591,1,2
26,119,3,19,1,216,44,898,40,post_fragmentation,50,0.7,0.5,chessboard,594,1,2
26,119,3,19,1,216,44,898,40,post_fragmentation,50,0.7,0.5,chessboard,625,1,2
26,119,3,19,1,216,44,898,40,post_fragmentation,50,0.7,0.5,chessboard,643,1,2
26,119,3,19,1,216,44,898,40,post_fragmentation,50,0.7,0.5,chessboard,646,2,2
26,119,3,19,1,216,44,898,40,post_fragmentation,50,0.7,0.5,chessboard,686,3,2
26,119,3,19,1,216,44,898,40,post_fragmentation,50,0.7,0.5,chessboard,705,1,2
26,119,3,19,1,216,44,898,40,post_fragmentation,50,0.7,0.5,chessboard,712,1,2
26,119,3,19,1,216,44,898,40,post_fragmentation,50,0.7,0.5,chessboard,783,1,2
27,121,3,21,1,216,44,898,40,post_fragmentation,50,0.7,0.5,chessboard,494,1,2
27,121,3,21,1,216,44,898,40,post_fragmentation,50,0.7,0.5,chessboard,500,1,2
27,121,3,21,1,216,44,898,40,post_fragmentation,50,0.7,0.5,chessboard,551,1,2
27,121,3,21,1,216,44,898,40,post_fragmentation,50,0.7,0.5,chessboard,553,1,2
27,121,3,21,1,216,44,898,40,post_fragmentation,50,0.7,0.5,chessboard,562,2,2
27,121,3,21,1,216,44,898,40,post_fragmentation,50,0.7,0.5,chessboard,565,1,2
27,121,3,21,1,216,44,898,40,post_fragmentation,50,0.7,0.5,chessboard,567,1,2
27,121,3,21,1,216,44,898,40,post_fragmentation,50,0.7,0.5,chessboard,578,3,2
27,121,3,21,1,216,44,898,40,post_fragmentation,50,0.7,0.5,chessboard,589,2,2
27,121,3,21,1,216,44,898,40,post_fragmentation,50,0.7,0.5,chessboard,594,1,2
27,121,3,21,1,216,44,898,40,post_fragmentation,50,0.7,0.5,chessboard,606,2,2
27,121,3,21,1,216,44,898,40,post_fragmentation,50,0.7,0.5,chessboard,609,1,2
27,121,3,21,1,216,44,898,40,post_fragmentation,50,0.7,0.5,chessboard,617,2,2
27,121,3,21,1,216,44,898,40,post_fragmentation,50,0.7,0.5,chessboard,625,3,2
27,121,3,21,1,216,44,898,40,post_fragmentation,50,0.7,0.5,chessboard,627,3,2
27,121,3,21,1,216,44,898,40,post_fragmentation,50,0.7,0.5,chessboard,641,2,2
27,121,3,21,1,216,44,898,40,post_fragmentation,50,0.7,0.5,chessboard,643,2,2
27,121,3,21,1,216,44,898,40,post_fragmentation,50,0.7,0.5,chessboard,652,1,2
27,121,3,21,1,216,44,898,40,post_fragmentation,50,0.7,0.5,chessboard,674,1,2
27,121,3,21,1,216,44,898,40,post_fragmentation,50,0.7,0.5,chessboard,684,2,2
27,121,3,21,1,216,44,898,40,post_fragmentation,50,0.7,0.5,chessboard,695,1,2
27,121,3,21,1,216,44,898,40,post_fragmentation,50,0.7,0.5,chessboard,712,1,2
27,121,3,21,1,216,44,898,40,post_fragmentation,50,0.7,0.5,chessboard,750,1,2
27,121,3,21,1,216,44,898,40,post_fragmentation,50,0.7,0.5,chessboard,790,1,2
28,123,3,23,1,216,44,898,40,post_fragmentation,50,0.7,0.5,chessboard,549,1,2
28,123,3,23,1,216,44,898,40,post_fragmentation,50,0.7,0.5,chessboard,589,1,2
28,123,3,23,1,216,44,898,40,post_fragmentation,50,0.7,0.5,chessboard,625,2,2
28,123,3,23,1,216,44,898,40,post_fragmentation,50,0.7,0.5,chessboard,632,3,2
28,123,3,23,1,216,44,898,40,post_fragmentation,50,0.7,0.5,chessboard,635,1,2
28,123,3,23,1,216,44,898,40,post_fragmentation,50,0.7,0.5,chessboard,643,1,2
28,123,3,23,1,216,44,898,40,post_fragmentation,50,0.7,0.5,chessboard,647,2,2
28,123,3,23,1,216,44,898,40,post_fragmentation,50,0.7,0.5,chessboard,674,2,2
28,123,3,23,1,216,44,898,40,post_fragmentation,50,0.7,0.5,chessboard,676,1,2
28,123,3,23,1,216,44,898,40,post_fragmentation,50,0.7,0.5,chessboard,686,1,2
28,123,3,23,1,216,44,898,40,post_fragmentation,50,0.7,0.5,chessboard,688,1,2
28,123,3,23,1,216,44,898,40,post_fragmentation,50,0.7,0.5,chessboard,705,2,2
28,123,3,23,1,216,44,898,40,post_fragmentation,50,0.7,0.5,chessboard,706,1,2
28,123,3,23,1,216,44,898,40,post_fragmentation,50,0.7,0.5,chessboard,712,5,2
28,123,3,23,1,216,44,898,40,post_fragmentation,50,0.7,0.5,chessboard,721,1,2
28,123,3,23,1,216,44,898,40,post_fragmentation,50,0.7,0.5,chessboard,730,1,2
28,123,3,23,1,216,44,898,40,post_fragmentation,50,0.7,0.5,chessboard,762,3,2
28,123,3,23,1,216,44,898,40,post_fragmentation,50,0.7,0.5,chessboard,768,1,2
28,123,3,23,1,216,44,898,40,post_fragmentation,50,0.7,0.5,chessboard,782,1,2
28,123,3,23,1,216,44,898,40,post_fragmentation,50,0.7,0.5,chessboard,783,1,2
28,123,3,23,1,216,44,898,40,post_fragmentation,50,0.7,0.5,chessboard,786,1,2
28,123,3,23,1,216,44,898,40,post_fragmentation,50,0.7,0.5,chessboard,790,1,2
28,123,3,23,1,216,44,898,40,post_fragmentation,50,0.7,0.5,chessboard,809,2,2
28,123,3,23,1,216,44,898,40,post_fragmentation,50,0.7,0.5,chessboard,837,1,2
29,125,3,25,1,216,44,898,40,post_fragmentation,50,0.7,0.5,chessboard,494,1,2
29,125,3,25,1,216,44,898,40,post_fragmentation,50,0.7,0.5,chessboard,578,1,2
29,125,3,25,1,216,44,898,40,post_fragmentation,50,0.7,0.5,chessboard,600,1,2
29,125,3,25,1,216,44,898,40,post_fragmentation,50,0.7,0.5,chessboard,603,1,2
29,125,3,25,1,216,44,898,40,post_fragmentation,50,0.7,0.5,chessboard,609,1,2
29,125,3,25,1,216,44,898,40,post_fragmentation,50,0.7,0.5,chessboard,623,1,2
29,125,3,25,1,216,44,898,40,post_fragmentation,50,0.7,0.5,chessboard,627,1,2
29,125,3,25,1,216,44,898,40,post_fragmentation,50,0.7,0.5,chessboard,632,1,2
29,125,3,25,1,216,44,898,40,post_fragmentation,50,0.7,0.5,chessboard,643,2,2
29,125,3,25,1,216,44,898,40,post_fragmentation,50,0.7,0.5,chessboard,644,1,2
29,125,3,25,1,216,44,898,40,post_fragmentation,50,0.7,0.5,chessboard,647,3,2
29,125,3,25,1,216,44,898,40,post_fragmentation,50,0.7,0.5,chessboard,671,1,2
29,125,3,25,1,216,44,898,40,post_fragmentation,50,0.7,0.5,chessboard,674,3,2
29,125,3,25,1,216,44,898,40,post_fragmentation,50,0.7,0.5,chessboard,676,1,2
29,125,3,25,1,216,44,898,40,post_fragmentation,50,0.7,0.5,chessboard,682,1,2
29,125,3,25,1,216,44,898,40,post_fragmentation,50,0.7,0.5,chessboard,688,1,2
29,125,3,25,1,216,44,898,40,post_fragmentation,50,0.7,0.5,chessboard,702,1,2
29,125,3,25,1,216,44,898,40,post_fragmentation,50,0.7,0.5,chessboard,705,6,2
29,125,3,25,1,216,44,898,40,post_fragmentation,50,0.7,0.5,chessboard,712,4,2
29,125,3,25,1,216,44,898,40,post_fragmentation,50,0.7,0.5,chessboard,724,1,2
29,125,3,25,1,216,44,898,40,post_fragmentation,50,0.7,0.5,chessboard,730,2,2
29,125,3,25,1,216,44,898,40,post_fragmentation,50,0.7,0.5,chessboard,762,1,2
29,125,3,25,1,216,44,898,40,post_fragmentation,50,0.7,0.5,chessboard,782,2,2
29,125,3,25,1,216,44,898,40,post_fragmentation,50,0.7,0.5,chessboard,790,1,2
30,127,3,27,1,216,44,898,40,post_fragmentation,50,0.7,0.5,chessboard,538,1,2
30,127,3,27,1,216,44,898,40,post_fragmentation,50,0.7,0.5,chessboard,579,1,2
30,127,3,27,1,216,44,898,40,post_fragmentation,50,0.7,0.5,chessboard,583,2,2
30,127,3,27,1,216,44,898,40,post_fragmentation,50,0.7,0.5,chessboard,594,1,2
30,127,3,27,1,216,44,898,40,post_fragmentation,50,0.7,0.5,chessboard,606,2,2
30,127,3,27,1,216,44,898,40,post_fragmentation,50,0.7,0.5,chessboard,609,1,2
30,127,3,27,1,216,44,898,40,post_fragmentation,50,0.7,0.5,chessboard,613,1,2
30,127,3,27,1,216,44,898,40,post_fragmentation,50,0.7,0.5,chessboard,616,4,2
30,127,3,27,1,216,44,898,40,post_fragmentation,50,0.7,0.5,chessboard,619,1,2
30,127,3,27,1,216,44,898,40,post_fragmentation,50,0.7,0.5,chessboard,631,1,2
30,127,3,27,1,216,44,898,40,post_fragmentation,50,0.7,0.5,chessboard,632,2,2
30,127,3,27,1,216,44,898,40,post_fragmentation,50,0.7,0.5,chessboard,638,1,2
30,127,3,27,1,216,44,898,40,post_fragmentation,50,0.7,0.5,chessboard,643,1,2
30,127,3,27,1,216,44,898,40,post_fragmentation,50,0.7,0.5,chessboard,645,2,2
30,127,3,27,1,216,44,898,40,post_fragmentation,50,0.7,0.5,chessboard,670,1,2
30,127,3,27,1,216,44,898,40,post_fragmentation,50,0.7,0.5,chessboard,674,2,2
30,127,3,27,1,216,44,898,40,post_fragmentation,50,0.7,0.5,chessboard,676,1,2
30,127,3,27,1,216,44,898,40,post_fragmentation,50,0.7,0.5,chessboard,682,3,2
30,127,3,27,1,216,44,898,40,post_fragmentation,50,0.7,0.5,chessboard,685,2,2
30,127,3,27,1,216,44,898,40,post_fragmentation,50,0.7,0.5,chessboard,695,2,2
30,127,3,27,1,216,44,898,40,post_fragmentation,50,0.7,0.5,chessboard,712,3,2
31,129,3,29,1,216,44,898,40,post_fragmentation,50,0.7,0.5,chessboard,559,1,2
31,129,3,29,1,216,44,898,40,post_fragmentation,50,0.7,0.5,chessboard,568,1,2
31,129,3,29,1,216,44,898,40,post_fragmentation,50,0.7,0.5,chessboard,570,1,2
31,129,3,29,1,216,44,898,40,post_fragmentation,50,0.7,0.5,chessboard,578,2,2
31,129,3,29,1,216,44,898,40,post_fragmentation,50,0.7,0.5,chessboard,587,2,2
31,129,3,29,1,216,44,898,40,post_fragmentation,50,0.7,0.5,chessboard,588,1,2
31,129,3,29,1,216,44,898,40,post_fragmentation,50,0.7,0.5,chessboard,595,2,2
31,129,3,29,1,216,44,898,40,post_fragmentation,50,0.7,0.5,chessboard,599,3,2
31,129,3,29,1,216,44,898,40,post_fragmentation,50,0.7,0.5,chessboard,600,1,2
31,129,3,29,1,216,44,898,40,post_fragmentation,50,0.7,0.5,chessboard,612,1,2
31,129,3,29,1,216,44,898,40,post_fragmentation,50,0.7,0.5,chessboard,617,2,2
31,129,3,29,1,216,44,898,40,post_fragmentation,50,0.7,0.5,chessboard,618,2,2
31,129,3,29,1,216,44,898,40,post_fragmentation,50,0.7,0.5,chessboard,624,1,2
31,129,3,29,1,216,44,898,40,post_fragmentation,50,0.7,0.5,chessboard,625,3,2
31,129,3,29,1,216,44,898,40,post_fragmentation,50,0.7,0.5,chessboard,629,3,2
31,129,3,29,1,216,44,898,40,post_fragmentation,50,0.7,0.5,chessboard,632,4,2
31,129,3,29,1,216,44,898,40,post_fragmentation,50,0.7,0.5,chessboard,643,2,2
31,129,3,29,1,216,44,898,40,post_fragmentation,50,0.7,0.5,chessboard,674,1,2
31,129,3,29,1,216,44,898,40,post_fragmentation,50,0.7,0.5,chessboard,698,1,2
31,129,3,29,1,216,44,898,40,post_fragmentation,50,0.7,0.5,chessboard,712,1,2
32,131,3,31,1,216,44,898,40,post_fragmentation,50,0.7,0.5,chessboard,488,1,2
32,131,3,31,1,216,44,898,40,post_fragmentation,50,0.7,0.5,chessboard,499,1,2
32,131,3,31,1,216,44,898,40,post_fragmentation,50,0.7,0.5,chessboard,506,1,2
32,131,3,31,1,216,44,898,40,post_fragmentation,50,0.7,0.5,chessboard,508,1,2
32,131,3,31,1,216,44,898,40,post_fragmentation,50,0.7,0.5,chessboard,516,1,2
32,131,3,31,1,216,44,898,40,post_fragmentation,50,0.7,0.5,chessboard,522,1,2
32,131,3,31,1,216,44,898,40,post_fragmentation,50,0.7,0.5,chessboard,531,1,2
32,131,3,31,1,216,44,898,40,post_fragmentation,50,0.7,0.5,chessboard,542,3,2
32,131,3,31,1,216,44,898,40,post_fragmentation,50,0.7,0.5,chessboard,544,2,2
32,131,3,31,1,216,44,898,40,post_fragmentation,50,0.7,0.5,chessboard,546,2,2
32,131,3,31,1,216,44,898,40,post_fragmentation,50,0.7,0.5,chessboard,547,1,2
32,131,3,31,1,216,44,898,40,post_fragmentation,50,0.7,0.5,chessboard,556,1,2
32,131,3,31,1,216,44,898,40,post_fragmentation,50,0.7,0.5,chessboard,567,1,2
32,131,3,31,1,216,44,898,40,post_fragmentation,50,0.7,0.5,chessboard,568,2,2
32,131,3,31,1,216,44,898,40,post_fragmentation,50,0.7,0.5,chessboard,584,1,2
32,131,3,31,1,216,44,898,40,post_fragmentation,50,0.7,0.5,chessboard,587,2,2
32,131,3,31,1,216,44,898,40,post_fragmentation,50,0.7,0.5,chessboard,590,1,2
32,131,3,31,1,216,44,898,40,post_fragmentation,50,0.7,0.5,chessboard,599,1,2
32,131,3,31,1,216,44,898,40,post_fragmentation,50,0.7,0.5,chessboard,606,2,2
32,131,3,31,1,216,44,898,40,post_fragmentation,50,0.7,0.5,chessboard,611,2,2
32,131,3,31,1,216,44,898,40,post_fragmentation,50,0.7,0.5,chessboard,616,1,2
32,131,3,31,1,216,44,898,40,post_fragmentation,50,0.7,0.5,chessboard,617,1,2
32,131,3,31,1,216,44,898,40,post_fragmentation,50,0.7,0.5,chessboard,618,1,2
32,131,3,31,1,216,44,898,40,post_fragmentation,50,0.7,0.5,chessboard,619,4,2
32,131,3,31,1,216,44,898,40,post_fragmentation,50,0.7,0.5,chessboard,624,1,2
32,131,3,31,1,216,44,898,40,post_fragmentation,50,0.7,0.5,chessboard,625,5,2
32,131,3,31,1,216,44,898,40,post_fragmentation,50,0.7,0.5,chessboard,637,1,2
32,131,3,31,1,216,44,898,40,post_fragmentation,50,0.7,0.5,chessboard,643,1,2
32,131,3,31,1,216,44,898,40,post_fragmentation,50,0.7,0.5,chessboard,653,1,2
32,131,3,31,1,216,44,898,40,post_fragmentation,50,0.7,0.5,chessboard,695,1,2
33,133,3,33,1,216,44,898,40,post_fragmentation,50,0.7,0.5,chessboard,416,1,2
33,133,3,33,1,216,44,898,40,post_fragmentation,50,0.7,0.5,chessboard,477,1,2
33,133,3,33,1,216,44,898,40,post_fragmentation,50,0.7,0.5,chessboard,487,2,2
33,133,3,33,1,216,44,898,40,post_fragmentation,50,0.7,0.5,chessboard,504,2,2
33,133,3,33,1,216,44,898,40,post_fragmentation,50,0.7,0.5,chessboard,505,1,2
33,133,3,33,1,216,44,898,40,post_fragmentation,50,0.7,0.5,chessboard,506,3,2
33,133,3,33,1,216,44,898,40,post_fragmentation,50,0.7,0.5,chessboard,511,1,2
33,133,3,33,1,216,44,898,40,post_fragmentation,50,0.7,0.5,chessboard,526,3,2
33,133,3,33,1,216,44,898,40,post_fragmentation,50,0.7,0.5,chessboard,539,3,2
33,133,3,33,1,216,44,898,40,post_fragmentation,50,0.7,0.5,chessboard,541,1,2
33,133,3,33,1,216,44,898,40,post_fragmentation,50,0.7,0.5,chessboard,544,2,2
33,133,3,33,1,216,44,898,40,post_fragmentation,50,0.7,0.5,chessboard,546,3,2
33,133,3,33,1,216,44,898,40,post_fragmentation,50,0.7,0.5,chessboard,547,2,2
33,133,3,33,1,216,44,898,40,post_fragmentation,50,0.7,0.5,chessboard,560,4,2
33,133,3,33,1,216,44,898,40,post_fragmentation,50,0.7,0.5,chessboard,565,1,2
33,133,3,33,1,216,44,898,40,post_fragmentation,50,0.7,0.5,chessboard,567,1,2
33,133,3,33,1,216,44,898,40,post_fragmentation,50,0.7,0.5,chessboard,578,1,2
33,133,3,33,1,216,44,898,40,post_fragmentation,50,0.7,0.5,chessboard,588,1,2
33,133,3,33,1,216,44,898,40,post_fragmentation,50,0.7,0.5,chessboard,594,2,2
33,133,3,33,1,216,44,898,40,post_fragmentation,50,0.7,0.5,chessboard,610,2,2
33,133,3,33,1,216,44,898,40,post_fragmentation,50,0.7,0.5,chessboard,616,1,2
33,133,3,33,1,216,44,898,40,post_fragmentation,50,0.7,0.5,chessboard,617,1,2
33,133,3,33,1,216,44,898,40,post_fragmentation,50,0.7,0.5,chessboard,622,1,2
33,133,3,33,1,216,44,898,40,post_fragmentation,50,0.7,0.5,chessboard,625,1,2
33,133,3,33,1,216,44,898,40,post_fragmentation,50,0.7,0.5,chessboard,682,1,2
34,158,4,8,3,4,44,898,40,post_fragmentation,50,0.7,0.5,chessboard,2,2,2
34,158,4,8,3,4,44,898,40,post_fragmentation,50,0.7,0.5,chessboard,28,1,2
34,158,4,8,3,4,44,898,40,post_fragmentation,50,0.7,0.5,chessboard,60,1,2
34,158,4,8,3,4,44,898,40,post_fragmentation,50,0.7,0.5,chessboard,82,1,2
34,158,4,8,3,4,44,898,40,post_fragmentation,50,0.7,0.5,chessboard,95,1,2
34,158,4,8,3,4,44,898,40,post_fragmentation,50,0.7,0.5,chessboard,96,1,2
34,158,4,8,3,4,44,898,40,post_fragmentation,50,0.7,0.5,chessboard,101,1,2
34,158,4,8,3,4,44,898,40,post_fragmentation,50,0.7,0.5,chessboard,104,1,2
34,158,4,8,3,4,44,898,40,post_fragmentation,50,0.7,0.5,chessboard,119,1,2
34,158,4,8,3,4,44,898,40,post_fragmentation,50,0.7,0.5,chessboard,120,1,2
34,158,4,8,3,4,44,898,40,post_fragmentation,50,0.7,0.5,chessboard,127,5,2
34,158,4,8,3,4,44,898,40,post_fragmentation,50,0.7,0.5,chessboard,133,1,2
34,158,4,8,3,4,44,898,40,post_fragmentation,50,0.7,0.5,chessboard,139,1,2
34,158,4,8,3,4,44,898,40,post_fragmentation,50,0.7,0.5,chessboard,140,1,2
34,158,4,8,3,4,44,898,40,post_fragmentation,50,0.7,0.5,chessboard,144,1,2
34,158,4,8,3,4,44,898,40,post_fragmentation,50,0.7,0.5,chessboard,152,1,2
34,158,4,8,3,4,44,898,40,post_fragmentation,50,0.7,0.5,chessboard,159,1,2
34,158,4,8,3,4,44,898,40,post_fragmentation,50,0.7,0.5,chessboard,167,1,2
34,158,4,8,3,4,44,898,40,post_fragmentation,50,0.7,0.5,chessboard,169,2,2
34,158,4,8,3,4,44,898,40,post_fragmentation,50,0.7,0.5,chessboard,185,2,2
34,158,4,8,3,4,44,898,40,post_fragmentation,50,0.7,0.5,chessboard,191,1,2
34,158,4,8,3,4,44,898,40,post_fragmentation,50,0.7,0.5,chessboard,200,2,2
34,158,4,8,3,4,44,898,40,post_fragmentation,50,0.7,0.5,chessboard,210,1,2
34,158,4,8,3,4,44,898,40,post_fragmentation,50,0.7,0.5,chessboard,220,1,2
34,158,4,8,3,4,44,898,40,post_fragmentation,50,0.7,0.5,chessboard,226,1,2
34,158,4,8,3,4,44,898,40,post_fragmentation,50,0.7,0.5,chessboard,232,1,2
34,158,4,8,3,4,44,898,40,post_fragmentation,50,0.7,0.5,chessboard,251,1,2
34,158,4,8,3,4,44,898,40,post_fragmentation,50,0.7,0.5,chessboard,255,2,2
35,162,4,12,1,216,44,898,40,post_fragmentation,50,0.7,0.5,chessboard,98,1,2
35,162,4,12,1,216,44,898,40,post_fragmentation,50,0.7,0.5,chessboard,108,1,2
35,162,4,12,1,216,44,898,40,post_fragmentation,50,0.7,0.5,chessboard,115,1,2
35,162,4,12,1,216,44,898,40,post_fragmentation,50,0.7,0.5,chessboard,127,1,2
35,162,4,12,1,216,44,898,40,post_fragmentation,50,0.7,0.5,chessboard,169,1,2
35,162,4,12,1,216,44,898,40,post_fragmentation,50,0.7,0.5,chessboard,172,1,2
35,162,4,12,1,216,44,898,40,post_fragmentation,50,0.7,0.5,chessboard,173,3,2
35,162,4,12,1,216,44,898,40,post_fragmentation,50,0.7,0.5,chessboard,182,2,2
35,162,4,12,1,216,44,898,40,post_fragmentation,50,0.7,0.5,chessboard,193,2,2
35,162,4,12,1,216,44,898,40,post_fragmentation,50,0.7,0.5,chessboard,197,5,2
35,162,4,12,1,216,44,898,40,post_fragmentation,50,0.7,0.5,chessboard,201,6,2
35,162,4,12,1,216,44,898,40,post_fragmentation,50,0.7,0.5,chessboard,205,1,2
35,162,4,12,1,216,44,898,40,post_fragmentation,50,0.7,0.5,chessboard,208,2,2
35,162,4,12,1,216,44,898,40,post_fragmentation,50,0.7,0.5,chessboard,217,2,2
35,162,4,12,1,216,44,898,40,post_fragmentation,50,0.7,0.5,chessboard,220,2,2
35,162,4,12,1,216,44,898,40,post_fragmentation,50,0.7,0.5,chessboard,226,4,2
35,162,4,12,1,216,44,898,40,post_fragmentation,50,0.7,0.5,chessboard,227,1,2
35,162,4,12,1,216,44,898,40,post_fragmentation,50,0.7,0.5,chessboard,234,1,2
35,162,4,12,1,216,44,898,40,post_fragmentation,50,0.7,0.5,chessboard,240,1,2
35,162,4,12,1,216,44,898,40,post_fragmentation,50,0.7,0.5,chessboard,249,1,2
35,162,4,12,1,216,44,898,40,post_fragmentation,50,0.7,0.5,chessboard,255,1,2
35,162,4,12,1,216,44,898,40,post_fragmentation,50,0.7,0.5,chessboard,256,1,2
35,162,4,12,1,216,44,898,40,post_fragmentation,50,0.7,0.5,chessboard,268,1,2
35,162,4,12,1,216,44,898,40,post_fragmentation,50,0.7,0.5,chessboard,289,2,2
36,164,4,14,1,216,44,898,40,post_fragmentation,50,0.7,0.5,chessboard,217,1,2
36,164,4,14,1,216,44,898,40,post_fragmentation,50,0.7,0.5,chessboard,220,2,2
36,164,4,14,1,216,44,898,40,post_fragmentation,50,0.7,0.5,chessboard,226,2,2
36,164,4,14,1,216,44,898,40,post_fragmentation,50,0.7,0.5,chessboard,236,1,2
36,164,4,14,1,216,44,898,40,post_fragmentation,50,0.7,0.5,chessboard,244,2,2
36,164,4,14,1,216,44,898,40,post_fragmentation,50,0.7,0.5,chessboard,262,2,2
36,164,4,14,1,216,44,898,40,post_fragmentation,50,0.7,0.5,chessboard,263,2,2
36,164,4,14,1,216,44,898,40,post_fragmentation,50,0.7,0.5,chessboard,300,1,2
36,164,4,14,1,216,44,898,40,post_fragmentation,50,0.7,0.5,chessboard,327,2,2
36,164,4,14,1,216,44,898,40,post_fragmentation,50,0.7,0.5,chessboard,328,1,2
36,164,4,14,1,216,44,898,40,post_fragmentation,50,0.7,0.5,chessboard,331,1,2
36,164,4,14,1,216,44,898,40,post_fragmentation,50,0.7,0.5,chessboard,354,1,2
36,164,4,14,1,216,44,898,40,post_fragmentation,50,0.7,0.5,chessboard,359,7,2
36,164,4,14,1,216,44,898,40,post_fragmentation,50,0.7,0.5,chessboard,367,3,2
36,164,4,14,1,216,44,898,40,post_fragmentation,50,0.7,0.5,chessboard,378,1,2
36,164,4,14,1,216,44,898,40,post_fragmentation,50,0.7,0.5,chessboard,396,1,2
36,164,4,14,1,216,44,898,40,post_fragmentation,50,0.7,0.5,chessboard,411,1,2
36,164,4,14,1,216,44,898,40,post_fragmentation,50,0.7,0.5,chessboard,418,1,2
36,164,4,14,1,216,44,898,40,post_fragmentation,50,0.7,0.5,chessboard,423,1,2
37,170,4,20,1,216,44,898,40,post_fragmentation,50,0.7,0.5,chessboard,456,2,2
37,170,4,20,1,216,44,898,40,post_fragmentation,50,0.7,0.5,chessboard,491,2,2
37,170,4,20,1,216,44,898,40,post_fragmentation,50,0.7,0.5,chessboard,492,1,2
37,170,4,20,1,216,44,898,40,post_fragmentation,50,0.7,0.5,chessboard,503,1,2
37,170,4,20,1,216,44,898,40,post_fragmentation,50,0.7,0.5,chessboard,521,1,2
37,170,4,20,1,216,44,898,40,post_fragmentation,50,0.7,0.5,chessboard,522,1,2
37,170,4,20,1,216,44,898,40,post_fragmentation,50,0.7,0.5,chessboard,525,1,2
37,170,4,20,1,216,44,898,40,post_fragmentation,50,0.7,0.5,chessboard,537,1,2
37,170,4,20,1,216,44,898,40,post_fragmentation,50,0.7,0.5,chessboard,549,1,2
37,170,4,20,1,216,44,898,40,post_fragmentation,50,0.7,0.5,chessboard,551,2,2
37,170,4,20,1,216,44,898,40,post_fragmentation,50,0.7,0.5,chessboard,562,3,2
37,170,4,20,1,216,44,898,40,post_fragmentation,50,0.7,0.5,chessboard,565,1,2
37,170,4,20,1,216,44,898,40,post_fragmentation,50,0.7,0.5,chessboard,578,7,2
37,170,4,20,1,216,44,898,40,post_fragmentation,50,0.7,0.5,chessboard,591,1,2
37,170,4,20,1,216,44,898,40,post_fragmentation,50,0.7,0.5,chessboard,594,1,2
37,170,4,20,1,216,44,898,40,post_fragmentation,50,0.7,0.5,chessboard,604,2,2
37,170,4,20,1,216,44,898,40,post_fragmentation,50,0.7,0.5,chessboard,610,1,2
37,170,4,20,1,216,44,898,40,post_fragmentation,50,0.7,0.5,chessboard,622,1,2
37,170,4,20,1,216,44,898,40,post_fragmentation,50,0.7,0.5,chessboard,623,1,2
37,170,4,20,1,216,44,898,40,post_fragmentation,50,0.7,0.5,chessboard,625,1,2
37,170,4,20,1,216,44,898,40,post_fragmentation,50,0.7,0.5,chessboard,685,1,2
37,170,4,20,1,216,44,898,40,post_fragmentation,50,0.7,0.5,chessboard,689,2,2
37,170,4,20,1,216,44,898,40,post_fragmentation,50,0.7,0.5,chessboard,701,1,2
38,172,4,22,1,216,44,898,40,post_fragmentation,50,0.7,0.5,chessboard,498,1,2
38,172,4,22,1,216,44,898,40,post_fragmentation,50,0.7,0.5,chessboard,562,1,2
38,172,4,22,1,216,44,898,40,post_fragmentation,50,0.7,0.5,chessboard,579,2,2
38,172,4,22,1,216,44,898,40,post_fragmentation,50,0.7,0.5,chessboard,584,1,2
38,172,4,22,1,216,44,898,40,post_fragmentation,50,0.7,0.5,chessboard,589,1,2
38,172,4,22,1,216,44,898,40,post_fragmentation,50,0.7,0.5,chessboard,594,1,2
38,172,4,22,1,216,44,898,40,post_fragmentation,50,0.7,0.5,chessboard,599,2,2
38,172,4,22,1,216,44,898,40,post_fragmentation,50,0.7,0.5,chessboard,601,1,2
38,172,4,22,1,216,44,898,40,post_fragmentation,50,0.7,0.5,chessboard,609,1,2
38,172,4,22,1,216,44,898,40,post_fragmentation,50,0.7,0.5,chessboard,612,2,2
38,172,4,22,1,216,44,898,40,post_fragmentation,50,0.7,0.5,chessboard,625,5,2
38,172,4,22,1,216,44,898,40,post_fragmentation,50,0.7,0.5,chessboard,632,4,2
38,172,4,22,1,216,44,898,40,post_fragmentation,50,0.7,0.5,chessboard,647,4,2
38,172,4,22,1,216,44,898,40,post_fragmentation,50,0.7,0.5,chessboard,669,1,2
38,172,4,22,1,216,44,898,40,post_fragmentation,50,0.7,0.5,chessboard,671,2,2
38,172,4,22,1,216,44,898,40,post_fragmentation,50,0.7,0.5,chessboard,674,3,2
38,172,4,22,1,216,44,898,40,post_fragmentation,50,0.7,0.5,chessboard,676,1,2
38,172,4,22,1,216,44,898,40,post_fragmentation,50,0.7,0.5,chessboard,682,1,2
38,172,4,22,1,216,44,898,40,post_fragmentation,50,0.7,0.5,chessboard,685,1,2
38,172,4,22,1,216,44,898,40,post_fragmentation,50,0.7,0.5,chessboard,701,1,2
38,172,4,22,1,216,44,898,40,post_fragmentation,50,0.7,0.5,chessboard,705,1,2
38,172,4,22,1,216,44,898,40,post_fragmentation,50,0.7,0.5,chessboard,724,1,2
38,172,4,22,1,216,44,898,40,post_fragmentation,50,0.7,0.5,chessboard,762,1,2
39,174,4,24,1,216,44,898,40,post_fragmentation,50,0.7,0.5,chessboard,578,1,2
39,174,4,24,1,216,44,898,40,post_fragmentation,50,0.7,0.5,chessboard,579,2,2
39,174,4,24,1,216,44,898,40,post_fragmentation,50,0.7,0.5,chessboard,594,1,2
39,174,4,24,1,216,44,898,40,post_fragmentation,50,0.7,0.5,chessboard,599,1,2
39,174,4,24,1,216,44,898,40,post_fragmentation,50,0.7,0.5,chessboard,625,2,2
39,174,4,24,1,216,44,898,40,post_fragmentation,50,0.7,0.5,chessboard,627,1,2
39,174,4,24,1,216,44,898,40,post_fragmentation,50,0.7,0.5,chessboard,632,1,2
39,174,4,24,1,216,44,898,40,post_fragmentation,50,0.7,0.5,chessboard,633,1,2
39,174,4,24,1,216,44,898,40,post_fragmentation,50,0.7,0.5,chessboard,645,1,2
39,174,4,24,1,216,44,898,40,post_fragmentation,50,0.7,0.5,chessboard,652,4,2
39,174,4,24,1,216,44,898,40,post_fragmentation,50,0.7,0.5,chessboard,672,2,2
39,174,4,24,1,216,44,898,40,post_fragmentation,50,0.7,0.5,chessboard,682,1,2
39,174,4,24,1,216,44,898,40,post_fragmentation,50,0.7,0.5,chessboard,685,2,2
39,174,4,24,1,216,44,898,40,post_fragmentation,50,0.7,0.5,chessboard,686,1,2
39,174,4,24,1,216,44,898,40,post_fragmentation,50,0.7,0.5,chessboard,689,1,2
39,174,4,24,1,216,44,898,40,post_fragmentation,50,0.7,0.5,chessboard,701,2,2
39,174,4,24,1,216,44,898,40,post_fragmentation,50,0.7,0.5,chessboard,705,3,2
39,174,4,24,1,216,44,898,40,post_fragmentation,50,0.7,0.5,chessboard,712,4,2
39,174,4,24,1,216,44,898,40,post_fragmentation,50,0.7,0.5,chessboard,730,3,2
39,174,4,24,1,216,44,898,40,post_fragmentation,50,0.7,0.5,chessboard,773,1,2
39,174,4,24,1,216,44,898,40,post_fragmentation,50,0.7,0.5,chessboard,782,1,2
39,174,4,24,1,216,44,898,40,post_fragmentation,50,0.7,0.5,chessboard,785,1,2
39,174,4,24,1,216,44,898,40,post_fragmentation,50,0.7,0.5,chessboard,790,1,2
40,176,4,26,1,216,44,898,40,post_fragmentation,50,0.7,0.5,chessboard,545,3,2
40,176,4,26,1,216,44,898,40,post_fragmentation,50,0.7,0.5,chessboard,546,1,2
40,176,4,26,1,216,44,898,40,post_fragmentation,50,0.7,0.5,chessboard,567,1,2
40,176,4,26,1,216,44,898,40,post_fragmentation,50,0.7,0.5,chessboard,579,1,2
40,176,4,26,1,216,44,898,40,post_fragmentation,50,0.7,0.5,chessboard,583,1,2
40,176,4,26,1,216,44,898,40,post_fragmentation,50,0.7,0.5,chessboard,594,1,2
40,176,4,26,1,216,44,898,40,post_fragmentation,50,0.7,0.5,chessboard,596,1,2
40,176,4,26,1,216,44,898,40,post_fragmentation,50,0.7,0.5,chessboard,606,1,2
40,176,4,26,1,216,44,898,40,post_fragmentation,50,0.7,0.5,chessboard,611,1,2
40,176,4,26,1,216,44,898,40,post_fragmentation,50,0.7,0.5,chessboard,616,1,2
40,176,4,26,1,216,44,898,40,post_fragmentation,50,0.7,0.5,chessboard,619,2,2
40,176,4,26,1,216,44,898,40,post_fragmentation,50,0.7,0.5,chessboard,620,1,2
40,176,4,26,1,216,44,898,40,post_fragmentation,50,0.7,0.5,chessboard,625,3,2
40,176,4,26,1,216,44,898,40,post_fragmentation,50,0.7,0.5,chessboard,632,5,2
40,176,4,26,1,216,44,898,40,post_fragmentation,50,0.7,0.5,chessboard,638,1,2
40,176,4,26,1,216,44,898,40,post_fragmentation,50,0.7,0.5,chessboard,647,1,2
40,176,4,26,1,216,44,898,40,post_fragmentation,50,0.7,0.5,chessboard,670,1,2
40,176,4,26,1,216,44,898,40,post_fragmentation,50,0.7,0.5,chessboard,674,1,2
40,176,4,26,1,216,44,898,40,post_fragmentation,50,0.7,0.5,chessboard,676,3,2
40,176,4,26,1,216,44,898,40,post_fragmentation,50,0.7,0.5,chessboard,685,1,2
40,176,4,26,1,216,44,898,40,post_fragmentation,50,0.7,0.5,chessboard,698,2,2
40,176,4,26,1,216,44,898,40,post_fragmentation,50,0.7,0.5,chessboard,701,1,2
40,176,4,26,1,216,44,898,40,post_fragmentation,50,0.7,0.5,chessboard,702,1,2
40,176,4,26,1,216,44,898,40,post_fragmentation,50,0.7,0.5,chessboard,705,1,2
40,176,4,26,1,216,44,898,40,post_fragmentation,50,0.7,0.5,chessboard,712,3,2
41,178,4,28,1,216,44,898,40,post_fragmentation,50,0.7,0.5,chessboard,500,1,2
41,178,4,28,1,216,44,898,40,post_fragmentation,50,0.7,0.5,chessboard,547,1,2
41,178,4,28,1,216,44,898,40,post_fragmentation,50,0.7,0.5,chessboard,579,1,2
41,178,4,28,1,216,44,898,40,post_fragmentation,50,0.7,0.5,chessboard,594,2,2
41,178,4,28,1,216,44,898,40,post_fragmentation,50,0.7,0.5,chessboard,595,1,2
41,178,4,28,1,216,44,898,40,post_fragmentation,50,0.7,0.5,chessboard,597,2,2
41,178,4,28,1,216,44,898,40,post_fragmentation,50,0.7,0.5,chessboard,599,2,2
41,178,4,28,1,216,44,898,40,post_fragmentation,50,0.7,0.5,chessboard,600,1,2
41,178,4,28,1,216,44,898,40,post_fragmentation,50,0.7,0.5,chessboard,606,2,2
41,178,4,28,1,216,44,898,40,post_fragmentation,50,0.7,0.5,chessboard,610,1,2
41,178,4,28,1,216,44,898,40,post_fragmentation,50,0.7,0.5,chessboard,612,1,2
41,178,4,28,1,216,44,898,40,post_fragmentation,50,0.7,0.5,chessboard,617,2,2
41,178,4,28,1,216,44,898,40,post_fragmentation,50,0.7,0.5,chessboard,625,2,2
41,178,4,28,1,216,44,898,40,post_fragmentation,50,0.7,0.5,chessboard,632,7,2
41,178,4,28,1,216,44,898,40,post_fragmentation,50,0.7,0.5,chessboard,633,3,2
41,178,4,28,1,216,44,898,40,post_fragmentation,50,0.7,0.5,chessboard,641,3,2
41,178,4,28,1,216,44,898,40,post_fragmentation,50,0.7,0.5,chessboard,648,1,2
41,178,4,28,1,216,44,898,40,post_fragmentation,50,0.7,0.5,chessboard,674,1,2
41,178,4,28,1,216,44,898,40,post_fragmentation,50,0.7,0.5,chessboard,676,2,2
41,178,4,28,1,216,44,898,40,post_fragmentation,50,0.7,0.5,chessboard,679,1,2
41,178,4,28,1,216,44,898,40,post_fragmentation,50,0.7,0.5,chessboard,682,1,2
41,178,4,28,1,216,44,898,40,post_fragmentation,50,0.7,0.5,chessboard,685,2,2
41,178,4,28,1,216,44,898,40,post_fragmentation,50,0.7,0.5,chessboard,698,1,2
41,178,4,28,1,216,44,898,40,post_fragmentation,50,0.7,0.5,chessboard,701,1,2
41,178,4,28,1,216,44,898,40,post_fragmentation,50,0.7,0.5,chessboard,712,1,2
41,178,4,28,1,216,44,898,40,post_fragmentation,50,0.7,0.5,chessboard,874,1,2
42,217,5,17,1,216,44,898,40,post_fragmentation,50,0.7,0.5,chessboard,283,1,2
42,217,5,17,1,216,44,898,40,post_fragmentation,50,0.7,0.5,chessboard,306,1,2
42,217,5,17,1,216,44,898,40,post_fragmentation,50,0.7,0.5,chessboard,359,4,2
42,217,5,17,1,216,44,898,40,post_fragmentation,50,0.7,0.5,chessboard,374,2,2
42,217,5,17,1,216,44,898,40,post_fragmentation,50,0.7,0.5,chessboard,411,1,2
42,217,5,17,1,216,44,898,40,post_fragmentation,50,0.7,0.5,chessboard,418,3,2
42,217,5,17,1,216,44,898,40,post_fragmentation,50,0.7,0.5,chessboard,443,1,2
42,217,5,17,1,216,44,898,40,post_fragmentation,50,0.7,0.5,chessboard,445,1,2
42,217,5,17,1,216,44,898,40,post_fragmentation,50,0.7,0.5,chessboard,452,1,2
42,217,5,17,1,216,44,898,40,post_fragmentation,50,0.7,0.5,chessboard,456,1,2
42,217,5,17,1,216,44,898,40,post_fragmentation,50,0.7,0.5,chessboard,467,7,2
42,217,5,17,1,216,44,898,40,post_fragmentation,50,0.7,0.5,chessboard,491,2,2
42,217,5,17,1,216,44,898,40,post_fragmentation,50,0.7,0.5,chessboard,495,1,2
42,217,5,17,1,216,44,898,40,post_fragmentation,50,0.7,0.5,chessboard,501,1,2
42,217,5,17,1,216,44,898,40,post_fragmentation,50,0.7,0.5,chessboard,514,4,2
42,217,5,17,1,216,44,898,40,post_fragmentation,50,0.7,0.5,chessboard,517,1,2
42,217,5,17,1,216,44,898,40,post_fragmentation,50,0.7,0.5,chessboard,523,2,2
42,217,5,17,1,216,44,898,40,post_fragmentation,50,0.7,0.5,chessboard,535,1,2
42,217,5,17,1,216,44,898,40,post_fragmentation,50,0.7,0.5,chessboard,536,1,2
42,217,5,17,1,216,44,898,40,post_fragmentation,50,0.7,0.5,chessboard,539,1,2
42,217,5,17,1,216,44,898,40,post_fragmentation,50,0.7,0.5,chessboard,551,3,2
42,217,5,17,1,216,44,898,40,post_fragmentation,50,0.7,0.5,chessboard,578,3,2
43,219,5,19,1,216,44,898,40,post_fragmentation,50,0.7,0.5,chessboard,418,1,2
43,219,5,19,1,216,44,898,40,post_fragmentation,50,0.7,0.5,chessboard,432,1,2
43,219,5,19,1,216,44,898,40,post_fragmentation,50,0.7,0.5,chessboard,445,1,2
43,219,5,19,1,216,44,898,40,post_fragmentation,50,0.7,0.5,chessboard,452,1,2
43,219,5,19,1,216,44,898,40,post_fragmentation,50,0.7,0.5,chessboard,475,1,2
43,219,5,19,1,216,44,898,40,post_fragmentation,50,0.7,0.5,chessboard,491,5,2
43,219,5,19,1,216,44,898,40,post_fragmentation,50,0.7,0.5,chessboard,501,2,2
43,219,5,19,1,216,44,898,40,post_fragmentation,50,0.7,0.5,chessboard,503,1,2
43,219,5,19,1,216,44,898,40,post_fragmentation,50,0.7,0.5,chessboard,523,3,2
43,219,5,19,1,216,44,898,40,post_fragmentation,50,0.7,0.5,chessboard,526,1,2
43,219,5,19,1,216,44,898,40,post_fragmentation,50,0.7,0.5,chessboard,529,2,2
43,219,5,19,1,216,44,898,40,post_fragmentation,50,0.7,0.5,chessboard,535,1,2
43,219,5,19,1,216,44,898,40,post_fragmentation,50,0.7,0.5,chessboard,551,5,2
43,219,5,19,1,216,44,898,40,post_fragmentation,50,0.7,0.5,chessboard,565,1,2
43,219,5,19,1,216,44,898,40,post_fragmentation,50,0.7,0.5,chessboard,578,1,2
43,219,5,19,1,216,44,898,40,post_fragmentation,50,0.7,0.5,chessboard,594,1,2
43,219,5,19,1,216,44,898,40,post_fragmentation,50,0.7,0.5,chessboard,604,1,2
43,219,5,19,1,216,44,898,40,post_fragmentation,50,0.7,0.5,chessboard,625,3,2
43,219,5,19,1,216,44,898,40,post_fragmentation,50,0.7,0.5,chessboard,635,2,2
43,219,5,19,1,216,44,898,40,post_fragmentation,50,0.7,0.5,chessboard,643,2,2
43,219,5,19,1,216,44,898,40,post_fragmentation,50,0.7,0.5,chessboard,684,1,2
43,219,5,19,1,216,44,898,40,post_fragmentation,50,0.7,0.5,chessboard,686,1,2
44,221,5,21,1,216,44,898,40,post_fragmentation,50,0.7,0.5,chessboard,445,1,2
44,221,5,21,1,216,44,898,40,post_fragmentation,50,0.7,0.5,chessboard,467,1,2
44,221,5,21,1,216,44,898,40,post_fragmentation,50,0.7,0.5,chessboard,498,1,2
44,221,5,21,1,216,44,898,40,post_fragmentation,50,0.7,0.5,chessboard,500,1,2
44,221,5,21,1,216,44,898,40,post_fragmentation,50,0.7,0.5,chessboard,526,2,2
44,221,5,21,1,216,44,898,40,post_fragmentation,50,0.7,0.5,chessboard,536,3,2
44,221,5,21,1,216,44,898,40,post_fragmentation,50,0.7,0.5,chessboard,538,2,2
44,221,5,21,1,216,44,898,40,post_fragmentation,50,0.7,0.5,chessboard,551,3,2
44,221,5,21,1,216,44,898,40,post_fragmentation,50,0.7,0.5,chessboard,553,1,2
44,221,5,21,1,216,44,898,40,post_fragmentation,50,0.7,0.5,chessboard,562,3,2
44,221,5,21,1,216,44,898,40,post_fragmentation,50,0.7,0.5,chessboard,565,3,2
44,221,5,21,1,216,44,898,40,post_fragmentation,50,0.7,0.5,chessboard,578,1,2
44,221,5,21,1,216,44,898,40,post_fragmentation,50,0.7,0.5,chessboard,594,1,2
44,221,5,21,1,216,44,898,40,post_fragmentation,50,0.7,0.5,chessboard,609,3,2
44,221,5,21,1,216,44,898,40,post_fragmentation,50,0.7,0.5,chessboard,619,1,2
44,221,5,21,1,216,44,898,40,post_fragmentation,50,0.7,0.5,chessboard,627,2,2
44,221,5,21,1,216,44,898,40,post_fragmentation,50,0.7,0.5,chessboard,632,1,2
44,221,5,21,1,216,44,898,40,post_fragmentation,50,0.7,0.5,chessboard,646,2,2
44,221,5,21,1,216,44,898,40,post_fragmentation,50,0.7,0.5,chessboard,652,1,2
44,221,5,21,1,216,44,898,40,post_fragmentation,50,0.7,0.5,chessboard,656,1,2
44,221,5,21,1,216,44,898,40,post_fragmentation,50,0.7,0.5,chessboard,674,1,2
44,221,5,21,1,216,44,898,40,post_fragmentation,50,0.7,0.5,chessboard,685,1,2
44,221,5,21,1,216,44,898,40,post_fragmentation,50,0.7,0.5,chessboard,688,1,2
44,221,5,21,1,216,44,898,40,post_fragmentation,50,0.7,0.5,chessboard,712,1,2
45,223,5,23,1,216,44,898,40,post_fragmentation,50,0.7,0.5,chessboard,473,1,2
45,223,5,23,1,216,44,898,40,post_fragmentation,50,0.7,0.5,chessboard,562,1,2
45,223,5,23,1,216,44,898,40,post_fragmentation,50,0.7,0.5,chessboard,565,3,2
45,223,5,23,1,216,44,898,40,post_fragmentation,50,0.7,0.5,chessboard,578,1,2
45,223,5,23,1,216,44,898,40,post_fragmentation,50,0.7,0.5,chessboard,587,1,2
45,223,5,23,1,216,44,898,40,post_fragmentation,50,0.7,0.5,chessboard,588,2,2
45,223,5,23,1,216,44,898,40,post_fragmentation,50,0.7,0.5,chessboard,591,1,2
45,223,5,23,1,216,44,898,40,post_fragmentation,50,0.7,0.5,chessboard,594,1,2
45,223,5,23,1,216,44,898,40,post_fragmentation,50,0.7,0.5,chessboard,599,1,2
45,223,5,23,1,216,44,898,40,post_fragmentation,50,0.7,0.5,chessboard,603,2,2
45,223,5,23,1,216,44,898,40,post_fragmentation,50,0.7,0.5,chessboard,609,2,2
45,223,5,23,1,216,44,898,40,post_fragmentation,50,0.7,0.5,chessboard,616,1,2
45,223,5,23,1,216,44,898,40,post_fragmentation,50,0.7,0.5,chessboard,624,3,2
45,223,5,23,1,216,44,898,40,post_fragmentation,50,0.7,0.5,chessboard,625,1,2
45,223,5,23,1,216,44,898,40,post_fragmentation,50,0.7,0.5,chessboard,629,1,2
45,223,5,23,1,216,44,898,40,post_fragmentation,50,0.7,0.5,chessboard,632,1,2
45,223,5,23,1,216,44,898,40,post_fragmentation,50,0.7,0.5,chessboard,633,1,2
45,223,5,23,1,216,44,898,40,post_fragmentation,50,0.7,0.5,chessboard,643,3,2
45,223,5,23,1,216,44,898,40,post_fragmentation,50,0.7,0.5,chessboard,671,1,2
45,223,5,23,1,216,44,898,40,post_fragmentation,50,0.7,0.5,chessboard,712,1,2
45,223,5,23,1,216,44,898,40,post_fragmentation,50,0.7,0.5,chessboard,721,1,2
46,225,5,25,1,216,44,898,40,post_fragmentation,50,0.7,0.5,chessboard,475,1,2
46,225,5,25,1,216,44,898,40,post_fragmentation,50,0.7,0.5,chessboard,523,1,2
46,225,5,25,1,216,44,898,40,post_fragmentation,50,0.7,0.5,chessboard,545,1,2
46,225,5,25,1,216,44,898,40,post_fragmentation,50,0.7,0.5,chessboard,546,1,2
46,225,5,25,1,216,44,898,40,post_fragmentation,50,0.7,0.5,chessboard,553,1,2
46,225,5,25,1,216,44,898,40,post_fragmentation,50,0.7,0.5,chessboard,567,1,2
46,225,5,25,1,216,44,898,40,post_fragmentation,50,0.7,0.5,chessboard,575,1,2
46,225,5,25,1,216,44,898,40,post_fragmentation,50,0.7,0.5,chessboard,583,3,2
46,225,5,25,1,216,44,898,40,post_fragmentation,50,0.7,0.5,chessboard,587,1,2
46,225,5,25,1,216,44,898,40,post_fragmentation,50,0.7,0.5,chessboard,591,3,2
46,225,5,25,1,216,44,898,40,post_fragmentation,50,0.7,0.5,chessboard,606,2,2
46,225,5,25,1,216,44,898,40,post_fragmentation,50,0.7,0.5,chessboard,609,2,2
46,225,5,25,1,216,44,898,40,post_fragmentation,50,0.7,0.5,chessboard,610,1,2
46,225,5,25,1,216,44,898,40,post_fragmentation,50,0.7,0.5,chessboard,623,1,2
46,225,5,25,1,216,44,898,40,post_fragmentation,50,0.7,0.5,chessboard,624,2,2
46,225,5,25,1,216,44,898,40,post_fragmentation,50,0.7,0.5,chessboard,632,3,2
46,225,5,25,1,216,44,898,40,post_fragmentation,50,0.7,0.5,chessboard,641,1,2
46,225,5,25,1,216,44,898,40,post_fragmentation,50,0.7,0.5,chessboard,647,1,2
46,225,5,25,1,216,44,898,40,post_fragmentation,50,0.7,0.5,chessboard,674,1,2
46,225,5,25,1,216,44,898,40,post_fragmentation,50,0.7,0.5,chessboard,676,1,2
46,225,5,25,1,216,44,898,40,post_fragmentation,50,0.7,0.5,chessboard,685,1,2
46,225,5,25,1,216,44,898,40,post_fragmentation,50,0.7,0.5,chessboard,689,1,2
46,225,5,25,1,216,44,898,40,post_fragmentation,50,0.7,0.5,chessboard,705,2,2
46,225,5,25,1,216,44,898,40,post_fragmentation,50,0.7,0.5,chessboard,712,3,2
47,227,5,27,1,216,44,898,40,post_fragmentation,50,0.7,0.5,chessboard,524,1,2
47,227,5,27,1,216,44,898,40,post_fragmentation,50,0.7,0.5,chessboard,565,1,2
47,227,5,27,1,216,44,898,40,post_fragmentation,50,0.7,0.5,chessboard,567,1,2
47,227,5,27,1,216,44,898,40,post_fragmentation,50,0.7,0.5,chessboard,578,4,2
47,227,5,27,1,216,44,898,40,post_fragmentation,50,0.7,0.5,chessboard,587,1,2
47,227,5,27,1,216,44,898,40,post_fragmentation,50,0.7,0.5,chessboard,599,1,2
47,227,5,27,1,216,44,898,40,post_fragmentation,50,0.7,0.5,chessboard,600,4,2
47,227,5,27,1,216,44,898,40,post_fragmentation,50,0.7,0.5,chessboard,606,1,2
47,227,5,27,1,216,44,898,40,post_fragmentation,50,0.7,0.5,chessboard,610,1,2
47,227,5,27,1,216,44,898,40,post_fragmentation,50,0.7,0.5,chessboard,612,1,2
47,227,5,27,1,216,44,898,40,post_fragmentation,50,0.7,0.5,chessboard,619,1,2
47,227,5,27,1,216,44,898,40,post_fragmentation,50,0.7,0.5,chessboard,623,3,2
47,227,5,27,1,216,44,898,40,post_fragmentation,50,0.7,0.5,chessboard,625,3,2
47,227,5,27,1,216,44,898,40,post_fragmentation,50,0.7,0.5,chessboard,629,1,2
47,227,5,27,1,216,44,898,40,post_fragmentation,50,0.7,0.5,chessboard,638,3,2
47,227,5,27,1,216,44,898,40,post_fragmentation,50,0.7,0.5,chessboard,644,1,2
47,227,5,27,1,216,44,898,40,post_fragmentation,50,0.7,0.5,chessboard,647,2,2
47,227,5,27,1,216,44,898,40,post_fragmentation,50,0.7,0.5,chessboard,648,2,2
47,227,5,27,1,216,44,898,40,post_fragmentation,50,0.7,0.5,chessboard,672,1,2
47,227,5,27,1,216,44,898,40,post_fragmentation,50,0.7,0.5,chessboard,674,2,2
47,227,5,27,1,216,44,898,40,post_fragmentation,50,0.7,0.5,chessboard,684,1,2
47,227,5,27,1,216,44,898,40,post_fragmentation,50,0.7,0.5,chessboard,685,2,2
47,227,5,27,1,216,44,898,40,post_fragmentation,50,0.7,0.5,chessboard,688,1,2
47,227,5,27,1,216,44,898,40,post_fragmentation,50,0.7,0.5,chessboard,689,1,2
47,227,5,27,1,216,44,898,40,post_fragmentation,50,0.7,0.5,chessboard,695,1,2
47,227,5,27,1,216,44,898,40,post_fragmentation,50,0.7,0.5,chessboard,696,1,2
47,227,5,27,1,216,44,898,40,post_fragmentation,50,0.7,0.5,chessboard,705,1,2
47,227,5,27,1,216,44,898,40,post_fragmentation,50,0.7,0.5,chessboard,712,1,2
48,264,6,14,4,2,44,898,40,post_fragmentation,50,0.7,0.5,chessboard,171,1,2
48,264,6,14,4,2,44,898,40,post_fragmentation,50,0.7,0.5,chessboard,196,1,2
48,264,6,14,4,2,44,898,40,post_fragmentation,50,0.7,0.5,chessboard,200,1,2
48,264,6,14,4,2,44,898,40,post_fragmentation,50,0.7,0.5,chessboard,216,1,2
48,264,6,14,4,2,44,898,40,post_fragmentation,50,0.7,0.5,chessboard,226,1,2
48,264,6,14,4,2,44,898,40,post_fragmentation,50,0.7,0.5,chessboard,227,1,2
48,264,6,14,4,2,44,898,40,post_fragmentation,50,0.7,0.5,chessboard,232,1,2
48,264,6,14,4,2,44,898,40,post_fragmentation,50,0.7,0.5,chessboard,233,3,2
48,264,6,14,4,2,44,898,40,post_fragmentation,50,0.7,0.5,chessboard,244,1,2
48,264,6,14,4,2,44,898,40,post_fragmentation,50,0.7,0.5,chessboard,255,1,2
48,264,6,14,4,2,44,898,40,post_fragmentation,50,0.7,0.5,chessboard,260,1,2
48,264,6,14,4,2,44,898,40,post_fragmentation,50,0.7,0.5,chessboard,262,1,2
48,264,6,14,4,2,44,898,40,post_fragmentation,50,0.7,0.5,chessboard,268,1,2
48,264,6,14,4,2,44,898,40,post_fragmentation,50,0.7,0.5,chessboard,289,5,2
48,264,6,14,4,2,44,898,40,post_fragmentation,50,0.7,0.5,chessboard,290,1,2
48,264,6,14,4,2,44,898,40,post_fragmentation,50,0.7,0.5,chessboard,300,1,2
48,264,6,14,4,2,44,898,40,post_fragmentation,50,0.7,0.5,chessboard,306,1,2
48,264,6,14,4,2,44,898,40,post_fragmentation,50,0.7,0.5,chessboard,322,1,2
48,264,6,14,4,2,44,898,40,post_fragmentation,50,0.7,0.5,chessboard,327,1,2
48,264,6,14,4,2,44,898,40,post_fragmentation,50,0.7,0.5,chessboard,328,1,2
48,264,6,14,4,2,44,898,40,post_fragmentation,50,0.7,0.5,chessboard,331,2,2
48,264,6,14,4,2,44,898,40,post_fragmentation,50,0.7,0.5,chessboard,351,1,2
48,264,6,14,4,2,44,898,40,post_fragmentation,50,0.7,0.5,chessboard,354,3,2
48,264,6,14,4,2,44,898,40,post_fragmentation,50,0.7,0.5,chessboard,359,4,2
48,264,6,14,4,2,44,898,40,post_fragmentation,50,0.7,0.5,chessboard,367,2,2
48,264,6,14,4,2,44,898,40,post_fragmentation,50,0.7,0.5,chessboard,411,2,2
49,272,6,22,1,216,44,898,40,post_fragmentation,50,0.7,0.5,chessboard,474,1,2
49,272,6,22,1,216,44,898,40,post_fragmentation,50,0.7,0.5,chessboard,475,3,2
49,272,6,22,1,216,44,898,40,post_fragmentation,50,0.7,0.5,chessboard,491,1,2
49,272,6,22,1,216,44,898,40,post_fragmentation,50,0.7,0.5,chessboard,498,1,2
49,272,6,22,1,216,44,898,40,post_fragmentation,50,0.7,0.5,chessboard,501,1,2
49,272,6,22,1,216,44,898,40,post_fragmentation,50,0.7,0.5,chessboard,514,1,2
49,272,6,22,1,216,44,898,40,post_fragmentation,50,0.7,0.5,chessboard,521,1,2
49,272,6,22,1,216,44,898,40,post_fragmentation,50,0.7,0.5,chessboard,524,1,2
49,272,6,22,1,216,44,898,40,post_fragmentation,50,0.7,0.5,chessboard,526,1,2
49,272,6,22,1,216,44,898,40,post_fragmentation,50,0.7,0.5,chessboard,535,1,2
49,272,6,22,1,216,44,898,40,post_fragmentation,50,0.7,0.5,chessboard,536,4,2
49,272,6,22,1,216,44,898,40,post_fragmentation,50,0.7,0.5,chessboard,549,1,2
49,272,6,22,1,216,44,898,40,post_fragmentation,50,0.7,0.5,chessboard,562,2,2
49,272,6,22,1,216,44,898,40,post_fragmentation,50,0.7,0.5,chessboard,565,1,2
49,272,6,22,1,216,44,898,40,post_fragmentation,50,0.7,0.5,chessboard,575,1,2
49,272,6,22,1,216,44,898,40,post_fragmentation,50,0.7,0.5,chessboard,578,1,2
49,272,6,22,1,216,44,898,40,post_fragmentation,50,0.7,0.5,chessboard,583,4,2
49,272,6,22,1,216,44,898,40,post_fragmentation,50,0.7,0.5,chessboard,594,3,2
49,272,6,22,1,216,44,898,40,post_fragmentation,50,0.7,0.5,chessboard,600,1,2
49,272,6,22,1,216,44,898,40,post_fragmentation,50,0.7,0.5,chessboard,609,1,2
49,272,6,22,1,216,44,898,40,post_fragmentation,50,0.7,0.5,chessboard,618,2,2
49,272,6,22,1,216,44,898,40,post_fragmentation,50,0.7,0.5,chessboard,619,4,2
49,272,6,22,1,216,44,898,40,post_fragmentation,50,0.7,0.5,chessboard,625,1,2
49,272,6,22,1,216,44,898,40,post_fragmentation,50,0.7,0.5,chessboard,637,1,2
49,272,6,22,1,216,44,898,40,post_fragmentation,50,0.7,0.5,chessboard,674,1,2
49,272,6,22,1,216,44,898,40,post_fragmentation,50,0.7,0.5,chessboard,724,1,2
50,274,6,24,1,216,44,898,40,post_fragmentation,50,0.7,0.5,chessboard,529,1,2
50,274,6,24,1,216,44,898,40,post_fragmentation,50,0.7,0.5,chessboard,545,1,2
50,274,6,24,1,216,44,898,40,post_fragmentation,50,0.7,0.5,chessboard,546,1,2
50,274,6,24,1,216,44,898,40,post_fragmentation,50,0.7,0.5,chessboard,547,3,2
50,274,6,24,1,216,44,898,40,post_fragmentation,50,0.7,0.5,chessboard,553,1,2
50,274,6,24,1,216,44,898,40,post_fragmentation,50,0.7,0.5,chessboard,560,1,2
50,274,6,24,1,216,44,898,40,post_fragmentation,50,0.7,0.5,chessboard,562,1,2
50,274,6,24,1,216,44,898,40,post_fragmentation,50,0.7,0.5,chessboard,565,6,2
50,274,6,24,1,216,44,898,40,post_fragmentation,50,0.7,0.5,chessboard,579,1,2
50,274,6,24,1,216,44,898,40,post_fragmentation,50,0.7,0.5,chessboard,583,1,2
50,274,6,24,1,216,44,898,40,post_fragmentation,50,0.7,0.5,chessboard,584,1,2
50,274,6,24,1,216,44,898,40,post_fragmentation,50,0.7,0.5,chessboard,587,1,2
50,274,6,24,1,216,44,898,40,post_fragmentation,50,0.7,0.5,chessboard,594,6,2
50,274,6,24,1,216,44,898,40,post_fragmentation,50,0.7,0.5,chessboard,603,1,2
50,274,6,24,1,216,44,898,40,post_fragmentation,50,0.7,0.5,chessboard,606,1,2
50,274,6,24,1,216,44,898,40,post_fragmentation,50,0.7,0.5,chessboard,618,1,2
50,274,6,24,1,216,44,898,40,post_fragmentation,50,0.7,0.5,chessboard,641,1,2
50,274,6,24,1,216,44,898,40,post_fragmentation,50,0.7,0.5,chessboard,652,1,2
50,274,6,24,1,216,44,898,40,post_fragmentation,50,0.7,0.5,chessboard,686,1,2
50,274,6,24,1,216,44,898,40,post_fragmentation,50,0.7,0.5,chessboard,705,2,2
50,274,6,24,1,216,44,898,40,post_fragmentation,50,0.7,0.5,chessboard,706,1,2
51,278,6,28,1,216,44,898,40,post_fragmentation,50,0.7,0.5,chessboard,529,1,2
51,278,6,28,1,216,44,898,40,post_fragmentation,50,0.7,0.5,chessboard,538,2,2
51,278,6,28,1,216,44,898,40,post_fragmentation,50,0.7,0.5,chessboard,562,1,2
51,278,6,28,1,216,44,898,40,post_fragmentation,50,0.7,0.5,chessboard,565,2,2
51,278,6,28,1,216,44,898,40,post_fragmentation,50,0.7,0.5,chessboard,587,2,2
51,278,6,28,1,216,44,898,40,post_fragmentation,50,0.7,0.5,chessboard,600,2,2
51,278,6,28,1,216,44,898,40,post_fragmentation,50,0.7,0.5,chessboard,606,1,2
51,278,6,28,1,216,44,898,40,post_fragmentation,50,0.7,0.5,chessboard,609,1,2
51,278,6,28,1,216,44,898,40,post_fragmentation,50,0.7,0.5,chessboard,611,1,2
51,278,6,28,1,216,44,898,40,post_fragmentation,50,0.7,0.5,chessboard,612,1,2
51,278,6,28,1,216,44,898,40,post_fragmentation,50,0.7,0.5,chessboard,617,1,2
51,278,6,28,1,216,44,898,40,post_fragmentation,50,0.7,0.5,chessboard,618,5,2
51,278,6,28,1,216,44,898,40,post_fragmentation,50,0.7,0.5,chessboard,619,1,2
51,278,6,28,1,216,44,898,40,post_fragmentation,50,0.7,0.5,chessboard,625,1,2
51,278,6,28,1,216,44,898,40,post_fragmentation,50,0.7,0.5,chessboard,632,6,2
51,278,6,28,1,216,44,898,40,post_fragmentation,50,0.7,0.5,chessboard,637,1,2
51,278,6,28,1,216,44,898,40,post_fragmentation,50,0.7,0.5,chessboard,638,1,2
51,278,6,28,1,216,44,898,40,post_fragmentation,50,0.7,0.5,chessboard,646,1,2
51,278,6,28,1,216,44,898,40,post_fragmentation,50,0.7,0.5,chessboard,648,1,2
51,278,6,28,1,216,44,898,40,post_fragmentation,50,0.7,0.5,chessboard,650,1,2
51,278,6,28,1,216,44,898,40,post_fragmentation,50,0.7,0.5,chessboard,656,1,2
51,278,6,28,1,216,44,898,40,post_fragmentation,50,0.7,0.5,chessboard,686,1,2
51,278,6,28,1,216,44,898,40,post_fragmentation,50,0.7,0.5,chessboard,699,3,2
51,278,6,28,1,216,44,898,40,post_fragmentation,50,0.7,0.5,chessboard,716,1,2
51,278,6,28,1,216,44,898,40,post_fragmentation,50,0.7,0.5,chessboard,797,1,2
52,321,7,21,5,4,44,898,40,post_fragmentation,50,0.7,0.5,chessboard,445,2,2
52,321,7,21,5,4,44,898,40,post_fragmentation,50,0.7,0.5,chessboard,467,1,2
52,321,7,21,5,4,44,898,40,post_fragmentation,50,0.7,0.5,chessboard,501,1,2
52,321,7,21,5,4,44,898,40,post_fragmentation,50,0.7,0.5,chessboard,503,2,2
52,321,7,21,5,4,44,898,40,post_fragmentation,50,0.7,0.5,chessboard,514,1,2
52,321,7,21,5,4,44,898,40,post_fragmentation,50,0.7,0.5,chessboard,523,1,2
52,321,7,21,5,4,44,898,40,post_fragmentation,50,0.7,0.5,chessboard,529,1,2
52,321,7,21,5,4,44,898,40,post_fragmentation,50,0.7,0.5,chessboard,536,4,2
52,321,7,21,5,4,44,898,40,post_fragmentation,50,0.7,0.5,chessboard,546,1,2
52,321,7,21,5,4,44,898,40,post_fragmentation,50,0.7,0.5,chessboard,549,1,2
52,321,7,21,5,4,44,898,40,post_fragmentation,50,0.7,0.5,chessboard,551,3,2
52,321,7,21,5,4,44,898,40,post_fragmentation,50,0.7,0.5,chessboard,562,3,2
52,321,7,21,5,4,44,898,40,post_fragmentation,50,0.7,0.5,chessboard,565,4,2
52,321,7,21,5,4,44,898,40,post_fragmentation,50,0.7,0.5,chessboard,578,5,2
52,321,7,21,5,4,44,898,40,post_fragmentation,50,0.7,0.5,chessboard,583,2,2
52,321,7,21,5,4,44,898,40,post_fragmentation,50,0.7,0.5,chessboard,603,2,2
52,321,7,21,5,4,44,898,40,post_fragmentation,50,0.7,0.5,chessboard,618,1,2
52,321,7,21,5,4,44,898,40,post_fragmentation,50,0.7,0.5,chessboard,623,1,2
52,321,7,21,5,4,44,898,40,post_fragmentation,50,0.7,0.5,chessboard,627,1,2
52,321,7,21,5,4,44,898,40,post_fragmentation,50,0.7,0.5,chessboard,646,1,2
52,321,7,21,5,4,44,898,40,post_fragmentation,50,0.7,0.5,chessboard,674,1,2
52,321,7,21,5,4,44,898,40,post_fragmentation,50,0.7,0.5,chessboard,684,1,2
52,321,7,21,5,4,44,898,40,post_fragmentation,50,0.7,0.5,chessboard,688,1,2
53,370,8,20,5,4,44,898,40,post_fragmentation,50,0.7,0.5,chessboard,462,1,2
53,370,8,20,5,4,44,898,40,post_fragmentation,50,0.7,0.5,chessboard,473,1,2
53,370,8,20,5,4,44,898,40,post_fragmentation,50,0.7,0.5,chessboard,495,1,2
53,370,8,20,5,4,44,898,40,post_fragmentation,50,0.7,0.5,chessboard,498,1,2
53,370,8,20,5,4,44,898,40,post_fragmentation,50,0.7,0.5,chessboard,501,2,2
53,370,8,20,5,4,44,898,40,post_fragmentation,50,0.7,0.5,chessboard,514,1,2
53,370,8,20,5,4,44,898,40,post_fragmentation,50,0.7,0.5,chessboard,523,1,2
53,370,8,20,5,4,44,898,40,post_fragmentation,50,0.7,0.5,chessboard,526,3,2
53,370,8,20,5,4,44,898,40,post_fragmentation,50,0.7,0.5,chessboard,537,1,2
53,370,8,20,5,4,44,898,40,post_fragmentation,50,0.7,0.5,chessboard,551,2,2
53,370,8,20,5,4,44,898,40,post_fragmentation,50,0.7,0.5,chessboard,565,5,2
53,370,8,20,5,4,44,898,40,post_fragmentation,50,0.7,0.5,chessboard,578,3,2
53,370,8,20,5,4,44,898,40,post_fragmentation,50,0.7,0.5,chessboard,583,4,2
53,370,8,20,5,4,44,898,40,post_fragmentation,50,0.7,0.5,chessboard,597,1,2
53,370,8,20,5,4,44,898,40,post_fragmentation,50,0.7,0.5,chessboard,601,1,2
53,370,8,20,5,4,44,898,40,post_fragmentation,50,0.7,0.5,chessboard,603,1,2
53,370,8,20,5,4,44,898,40,post_fragmentation,50,0.7,0.5,chessboard,609,2,2
53,370,8,20,5,4,44,898,40,post_fragmentation,50,0.7,0.5,chessboard,632,1,2
53,370,8,20,5,4,44,898,40,post_fragmentation,50,0.7,0.5,chessboard,646,1,2
53,370,8,20,5,4,44,898,40,post_fragmentation,50,0.7,0.5,chessboard,654,1,2
54,1521,31,21,6,1,44,898,40,post_fragmentation,50,0.7,0.5,chessboard,786,1,2
54,1521,31,21,6,1,44,898,40,post_fragmentation,50,0.7,0.5,chessboard,797,2,2
54,1521,31,21,6,1,44,898,40,post_fragmentation,50,0.7,0.5,chessboard,815,1,2
54,1521,31,21,6,1,44,898,40,post_fragmentation,50,0.7,0.5,chessboard,820,1,2
54,1521,31,21,6,1,44,898,40,post_fragmentation,50,0.7,0.5,chessboard,822,2,2
54,1521,31,21,6,1,44,898,40,post_fragmentation,50,0.7,0.5,chessboard,828,2,2
54,1521,31,21,6,1,44,898,40,post_fragmentation,50,0.7,0.5,chessboard,842,2,2
54,1521,31,21,6,1,44,898,40,post_fragmentation,50,0.7,0.5,chessboard,853,1,2
54,1521,31,21,6,1,44,898,40,post_fragmentation,50,0.7,0.5,chessboard,857,1,2
54,1521,31,21,6,1,44,898,40,post_fragmentation,50,0.7,0.5,chessboard,861,1,2
54,1521,31,21,6,1,44,898,40,post_fragmentation,50,0.7,0.5,chessboard,871,1,2
54,1521,31,21,6,1,44,898,40,post_fragmentation,50,0.7,0.5,chessboard,879,2,2
54,1521,31,21,6,1,44,898,40,post_fragmentation,50,0.7,0.5,chessboard,881,2,2
54,1521,31,21,6,1,44,898,40,post_fragmentation,50,0.7,0.5,chessboard,884,2,2
54,1521,31,21,6,1,44,898,40,post_fragmentation,50,0.7,0.5,chessboard,895,1,2
54,1521,31,21,6,1,44,898,40,post_fragmentation,50,0.7,0.5,chessboard,897,1,2
54,1521,31,21,6,1,44,898,40,post_fragmentation,50,0.7,0.5,chessboard,899,2,2
54,1521,31,21,6,1,44,898,40,post_fragmentation,50,0.7,0.5,chessboard,902,1,2
54,1521,31,21,6,1,44,898,40,post_fragmentation,50,0.7,0.5,chessboard,907,1,2
54,1521,31,21,6,1,44,898,40,post_fragmentation,50,0.7,0.5,chessboard,909,1,2
54,1521,31,21,6,1,44,898,40,post_fragmentation,50,0.7,0.5,chessboard,918,1,2
54,1521,31,21,6,1,44,898,40,post_fragmentation,50,0.7,0.5,chessboard,929,3,2
54,1521,31,21,6,1,44,898,40,post_fragmentation,50,0.7,0.5,chessboard,938,2,2
54,1521,31,21,6,1,44,898,40,post_fragmentation,50,0.7,0.5,chessboard,946,1,2
54,1521,31,21,6,1,44,898,40,post_fragmentation,50,0.7,0.5,chessboard,969,1,2
55,1564,32,14,7,13,44,898,40,post_fragmentation,50,0.7,0.5,chessboard,738,1,2
55,1564,32,14,7,13,44,898,40,post_fragmentation,50,0.7,0.5,chessboard,790,1,2
55,1564,32,14,7,13,44,898,40,post_fragmentation,50,0.7,0.5,chessboard,794,2,2
55,1564,32,14,7,13,44,898,40,post_fragmentation,50,0.7,0.5,chessboard,805,1,2
55,1564,32,14,7,13,44,898,40,post_fragmentation,50,0.7,0.5,chessboard,808,5,2
55,1564,32,14,7,13,44,898,40,post_fragmentation,50,0.7,0.5,chessboard,818,1,2
55,1564,32,14,7,13,44,898,40,post_fragmentation,50,0.7,0.5,chessboard,827,1,2
55,1564,32,14,7,13,44,898,40,post_fragmentation,50,0.7,0.5,chessboard,828,1,2
55,1564,32,14,7,13,44,898,40,post_fragmentation,50,0.7,0.5,chessboard,833,1,2
55,1564,32,14,7,13,44,898,40,post_fragmentation,50,0.7,0.5,chessboard,834,1,2
55,1564,32,14,7,13,44,898,40,post_fragmentation,50,0.7,0.5,chessboard,838,4,2
55,1564,32,14,7,13,44,898,40,post_fragmentation,50,0.7,0.5,chessboard,849,1,2
55,1564,32,14,7,13,44,898,40,post_fragmentation,50,0.7,0.5,chessboard,850,1,2
55,1564,32,14,7,13,44,898,40,post_fragmentation,50,0.7,0.5,chessboard,869,1,2
55,1564,32,14,7,13,44,898,40,post_fragmentation,50,0.7,0.5,chessboard,870,1,2
55,1564,32,14,7,13,44,898,40,post_fragmentation,50,0.7,0.5,chessboard,879,1,2
55,1564,32,14,7,13,44,898,40,post_fragmentation,50,0.7,0.5,chessboard,881,3,2
55,1564,32,14,7,13,44,898,40,post_fragmentation,50,0.7,0.5,chessboard,888,1,2
55,1564,32,14,7,13,44,898,40,post_fragmentation,50,0.7,0.5,chessboard,889,1,2
55,1564,32,14,7,13,44,898,40,post_fragmentation,50,0.7,0.5,chessboard,908,1,2
55,1564,32,14,7,13,44,898,40,post_fragmentation,50,0.7,0.5,chessboard,931,3,2
56,1609,33,9,8,4,44,898,40,post_fragmentation,50,0.7,0.5,chessboard,576,1,2
56,1609,33,9,8,4,44,898,40,post_fragmentation,50,0.7,0.5,chessboard,646,1,2
56,1609,33,9,8,4,44,898,40,post_fragmentation,50,0.7,0.5,chessboard,651,1,2
56,1609,33,9,8,4,44,898,40,post_fragmentation,50,0.7,0.5,chessboard,656,1,2
56,1609,33,9,8,4,44,898,40,post_fragmentation,50,0.7,0.5,chessboard,674,4,2
56,1609,33,9,8,4,44,898,40,post_fragmentation,50,0.7,0.5,chessboard,678,2,2
56,1609,33,9,8,4,44,898,40,post_fragmentation,50,0.7,0.5,chessboard,681,1,2
56,1609,33,9,8,4,44,898,40,post_fragmentation,50,0.7,0.5,chessboard,684,2,2
56,1609,33,9,8,4,44,898,40,post_fragmentation,50,0.7,0.5,chessboard,687,2,2
56,1609,33,9,8,4,44,898,40,post_fragmentation,50,0.7,0.5,chessboard,689,1,2
56,1609,33,9,8,4,44,898,40,post_fragmentation,50,0.7,0.5,chessboard,697,3,2
56,1609,33,9,8,4,44,898,40,post_fragmentation,50,0.7,0.5,chessboard,738,2,2
56,1609,33,9,8,4,44,898,40,post_fragmentation,50,0.7,0.5,chessboard,739,2,2
56,1609,33,9,8,4,44,898,40,post_fragmentation,50,0.7,0.5,chessboard,752,1,2
56,1609,33,9,8,4,44,898,40,post_fragmentation,50,0.7,0.5,chessboard,755,2,2
56,1609,33,9,8,4,44,898,40,post_fragmentation,50,0.7,0.5,chessboard,756,1,2
56,1609,33,9,8,4,44,898,40,post_fragmentation,50,0.7,0.5,chessboard,799,1,2
56,1609,33,9,8,4,44,898,40,post_fragmentation,50,0.7,0.5,chessboard,804,1,2
56,1609,33,9,8,4,44,898,40,post_fragmentation,50,0.7,0.5,chessboard,835,1,2
56,1609,33,9,8,4,44,898,40,post_fragmentation,50,0.7,0.5,chessboard,854,1,2
57,1611,33,11,8,4,44,898,40,post_fragmentation,50,0.7,0.5,chessboard,663,1,2
57,1611,33,11,8,4,44,898,40,post_fragmentation,50,0.7,0.5,chessboard,697,1,2
57,1611,33,11,8,4,44,898,40,post_fragmentation,50,0.7,0.5,chessboard,708,1,2
57,1611,33,11,8,4,44,898,40,post_fragmentation,50,0.7,0.5,chessboard,721,1,2
57,1611,33,11,8,4,44,898,40,post_fragmentation,50,0.7,0.5,chessboard,738,1,2
57,1611,33,11,8,4,44,898,40,post_fragmentation,50,0.7,0.5,chessboard,740,1,2
57,1611,33,11,8,4,44,898,40,post_fragmentation,50,0.7,0.5,chessboard,749,3,2
57,1611,33,11,8,4,44,898,40,post_fragmentation,50,0.7,0.5,chessboard,756,1,2
57,1611,33,11,8,4,44,898,40,post_fragmentation,50,0.7,0.5,chessboard,776,1,2
57,1611,33,11,8,4,44,898,40,post_fragmentation,50,0.7,0.5,chessboard,794,2,2
57,1611,33,11,8,4,44,898,40,post_fragmentation,50,0.7,0.5,chessboard,804,2,2
57,1611,33,11,8,4,44,898,40,post_fragmentation,50,0.7,0.5,chessboard,805,1,2
57,1611,33,11,8,4,44,898,40,post_fragmentation,50,0.7,0.5,chessboard,813,2,2
57,1611,33,11,8,4,44,898,40,post_fragmentation,50,0.7,0.5,chessboard,818,3,2
57,1611,33,11,8,4,44,898,40,post_fragmentation,50,0.7,0.5,chessboard,822,1,2
57,1611,33,11,8,4,44,898,40,post_fragmentation,50,0.7,0.5,chessboard,829,2,2
57,1611,33,11,8,4,44,898,40,post_fragmentation,50,0.7,0.5,chessboard,831,2,2
57,1611,33,11,8,4,44,898,40,post_fragmentation,50,0.7,0.5,chessboard,835,1,2
57,1611,33,11,8,4,44,898,40,post_fragmentation,50,0.7,0.5,chessboard,838,3,2
57,1611,33,11,8,4,44,898,40,post_fragmentation,50,0.7,0.5,chessboard,847,1,2
57,1611,33,11,8,4,44,898,40,post_fragmentation,50,0.7,0.5,chessboard,848,1,2
57,1611,33,11,8,4,44,898,40,post_fragmentation,50,0.7,0.5,chessboard,850,1,2
57,1611,33,11,8,4,44,898,40,post_fragmentation,50,0.7,0.5,chessboard,854,1,2
57,1611,33,11,8,4,44,898,40,post_fragmentation,50,0.7,0.5,chessboard,863,1,2
57,1611,33,11,8,4,44,898,40,post_fragmentation,50,0.7,0.5,chessboard,879,3,2
57,1611,33,11,8,4,44,898,40,post_fragmentation,50,0.7,0.5,chessboard,881,1,2
57,1611,33,11,8,4,44,898,40,post_fragmentation,50,0.7,0.5,chessboard,884,2,2
57,1611,33,11,8,4,44,898,40,post_fragmentation,50,0.7,0.5,chessboard,887,1,2
57,1611,33,11,8,4,44,898,40,post_fragmentation,50,0.7,0.5,chessboard,889,1,2
58,1615,33,15,7,13,44,898,40,post_fragmentation,50,0.7,0.5,chessboard,788,1,2
58,1615,33,15,7,13,44,898,40,post_fragmentation,50,0.7,0.5,chessboard,805,1,2
58,1615,33,15,7,13,44,898,40,post_fragmentation,50,0.7,0.5,chessboard,814,1,2
58,1615,33,15,7,13,44,898,40,post_fragmentation,50,0.7,0.5,chessboard,822,1,2
58,1615,33,15,7,13,44,898,40,post_fragmentation,50,0.7,0.5,chessboard,828,1,2
58,1615,33,15,7,13,44,898,40,post_fragmentation,50,0.7,0.5,chessboard,831,1,2
58,1615,33,15,7,13,44,898,40,post_fragmentation,50,0.7,0.5,chessboard,836,1,2
58,1615,33,15,7,13,44,898,40,post_fragmentation,50,0.7,0.5,chessboard,838,3,2
58,1615,33,15,7,13,44,898,40,post_fragmentation,50,0.7,0.5,chessboard,842,1,2
58,1615,33,15,7,13,44,898,40,post_fragmentation,50,0.7,0.5,chessboard,848,2,2
58,1615,33,15,7,13,44,898,40,post_fragmentation,50,0.7,0.5,chessboard,849,2,2
58,1615,33,15,7,13,44,898,40,post_fragmentation,50,0.7,0.5,chessboard,860,2,2
58,1615,33,15,7,13,44,898,40,post_fragmentation,50,0.7,0.5,chessboard,866,1,2
58,1615,33,15,7,13,44,898,40,post_fragmentation,50,0.7,0.5,chessboard,870,4,2
58,1615,33,15,7,13,44,898,40,post_fragmentation,50,0.7,0.5,chessboard,879,5,2
58,1615,33,15,7,13,44,898,40,post_fragmentation,50,0.7,0.5,chessboard,887,1,2
58,1615,33,15,7,13,44,898,40,post_fragmentation,50,0.7,0.5,chessboard,888,3,2
58,1615,33,15,7,13,44,898,40,post_fragmentation,50,0.7,0.5,chessboard,893,2,2
58,1615,33,15,7,13,44,898,40,post_fragmentation,50,0.7,0.5,chessboard,907,1,2
58,1615,33,15,7,13,44,898,40,post_fragmentation,50,0.7,0.5,chessboard,908,1,2
58,1615,33,15,7,13,44,898,40,post_fragmentation,50,0.7,0.5,chessboard,930,1,2
58,1615,33,15,7,13,44,898,40,post_fragmentation,50,0.7,0.5,chessboard,943,1,2
59,1617,33,17,7,13,44,898,40,post_fragmentation,50,0.7,0.5,chessboard,739,1,2
59,1617,33,17,7,13,44,898,40,post_fragmentation,50,0.7,0.5,chessboard,798,1,2
59,1617,33,17,7,13,44,898,40,post_fragmentation,50,0.7,0.5,chessboard,805,1,2
59,1617,33,17,7,13,44,898,40,post_fragmentation,50,0.7,0.5,chessboard,822,1,2
59,1617,33,17,7,13,44,898,40,post_fragmentation,50,0.7,0.5,chessboard,828,1,2
59,1617,33,17,7,13,44,898,40,post_fragmentation,50,0.7,0.5,chessboard,838,1,2
59,1617,33,17,7,13,44,898,40,post_fragmentation,50,0.7,0.5,chessboard,842,1,2
59,1617,33,17,7,13,44,898,40,post_fragmentation,50,0.7,0.5,chessboard,847,1,2
59,1617,33,17,7,13,44,898,40,post_fragmentation,50,0.7,0.5,chessboard,849,1,2
59,1617,33,17,7,13,44,898,40,post_fragmentation,50,0.7,0.5,chessboard,853,1,2
59,1617,33,17,7,13,44,898,40,post_fragmentation,50,0.7,0.5,chessboard,854,1,2
59,1617,33,17,7,13,44,898,40,post_fragmentation,50,0.7,0.5,chessboard,857,1,2
59,1617,33,17,7,13,44,898,40,post_fragmentation,50,0.7,0.5,chessboard,859,1,2
59,1617,33,17,7,13,44,898,40,post_fragmentation,50,0.7,0.5,chessboard,861,1,2
59,1617,33,17,7,13,44,898,40,post_fragmentation,50,0.7,0.5,chessboard,863,1,2
59,1617,33,17,7,13,44,898,40,post_fragmentation,50,0.7,0.5,chessboard,870,5,2
59,1617,33,17,7,13,44,898,40,post_fragmentation,50,0.7,0.5,chessboard,875,1,2
59,1617,33,17,7,13,44,898,40,post_fragmentation,50,0.7,0.5,chessboard,879,2,2
59,1617,33,17,7,13,44,898,40,post_fragmentation,50,0.7,0.5,chessboard,880,1,2
59,1617,33,17,7,13,44,898,40,post_fragmentation,50,0.7,0.5,chessboard,884,1,2
59,1617,33,17,7,13,44,898,40,post_fragmentation,50,0.7,0.5,chessboard,885,1,2
59,1617,33,17,7,13,44,898,40,post_fragmentation,50,0.7,0.5,chessboard,887,1,2
59,1617,33,17,7,13,44,898,40,post_fragmentation,50,0.7,0.5,chessboard,893,1,2
59,1617,33,17,7,13,44,898,40,post_fragmentation,50,0.7,0.5,chessboard,902,2,2
59,1617,33,17,7,13,44,898,40,post_fragmentation,50,0.7,0.5,chessboard,909,2,2
59,1617,33,17,7,13,44,898,40,post_fragmentation,50,0.7,0.5,chessboard,924,1,2
59,1617,33,17,7,13,44,898,40,post_fragmentation,50,0.7,0.5,chessboard,929,2,2
59,1617,33,17,7,13,44,898,40,post_fragmentation,50,0.7,0.5,chessboard,932,1,2
59,1617,33,17,7,13,44,898,40,post_fragmentation,50,0.7,0.5,chessboard,945,1,2
60,1664,34,14,7,13,44,898,40,post_fragmentation,50,0.7,0.5,chessboard,738,1,2
60,1664,34,14,7,13,44,898,40,post_fragmentation,50,0.7,0.5,chessboard,766,1,2
60,1664,34,14,7,13,44,898,40,post_fragmentation,50,0.7,0.5,chessboard,787,1,2
60,1664,34,14,7,13,44,898,40,post_fragmentation,50,0.7,0.5,chessboard,791,1,2
60,1664,34,14,7,13,44,898,40,post_fragmentation,50,0.7,0.5,chessboard,794,1,2
60,1664,34,14,7,13,44,898,40,post_fragmentation,50,0.7,0.5,chessboard,799,1,2
60,1664,34,14,7,13,44,898,40,post_fragmentation,50,0.7,0.5,chessboard,805,1,2
60,1664,34,14,7,13,44,898,40,post_fragmentation,50,0.7,0.5,chessboard,825,1,2
60,1664,34,14,7,13,44,898,40,post_fragmentation,50,0.7,0.5,chessboard,827,5,2
60,1664,34,14,7,13,44,898,40,post_fragmentation,50,0.7,0.5,chessboard,828,1,2
60,1664,34,14,7,13,44,898,40,post_fragmentation,50,0.7,0.5,chessboard,829,1,2
60,1664,34,14,7,13,44,898,40,post_fragmentation,50,0.7,0.5,chessboard,833,1,2
60,1664,34,14,7,13,44,898,40,post_fragmentation,50,0.7,0.5,chessboard,838,1,2
60,1664,34,14,7,13,44,898,40,post_fragmentation,50,0.7,0.5,chessboard,848,6,2
60,1664,34,14,7,13,44,898,40,post_fragmentation,50,0.7,0.5,chessboard,849,2,2
60,1664,34,14,7,13,44,898,40,post_fragmentation,50,0.7,0.5,chessboard,867,1,2
60,1664,34,14,7,13,44,898,40,post_fragmentation,50,0.7,0.5,chessboard,870,2,2
60,1664,34,14,7,13,44,898,40,post_fragmentation,50,0.7,0.5,chessboard,879,1,2
60,1664,34,14,7,13,44,898,40,post_fragmentation,50,0.7,0.5,chessboard,881,3,2
60,1664,34,14,7,13,44,898,40,post_fragmentation,50,0.7,0.5,chessboard,888,1,2
60,1664,34,14,7,13,44,898,40,post_fragmentation,50,0.7,0.5,chessboard,890,2,2
60,1664,34,14,7,13,44,898,40,post_fragmentation,50,0.7,0.5,chessboard,903,1,2
60,1664,34,14,7,13,44,898,40,post_fragmentation,50,0.7,0.5,chessboard,909,1,2
61,1701,35,1,9,8,44,898,40,post_fragmentation,50,0.7,0.5,chessboard,274,1,2
61,1701,35,1,9,8,44,898,40,post_fragmentation,50,0.7,0.5,chessboard,283,1,2
61,1701,35,1,9,8,44,898,40,post_fragmentation,50,0.7,0.5,chessboard,292,1,2
61,1701,35,1,9,8,44,898,40,post_fragmentation,50,0.7,0.5,chessboard,295,1,2
61,1701,35,1,9,8,44,898,40,post_fragmentation,50,0.7,0.5,chessboard,306,2,2
61,1701,35,1,9,8,44,898,40,post_fragmentation,50,0.7,0.5,chessboard,318,2,2
61,1701,35,1,9,8,44,898,40,post_fragmentation,50,0.7,0.5,chessboard,331,4,2
61,1701,35,1,9,8,44,898,40,post_fragmentation,50,0.7,0.5,chessboard,340,1,2
61,1701,35,1,9,8,44,898,40,post_fragmentation,50,0.7,0.5,chessboard,341,1,2
61,1701,35,1,9,8,44,898,40,post_fragmentation,50,0.7,0.5,chessboard,346,1,2
61,1701,35,1,9,8,44,898,40,post_fragmentation,50,0.7,0.5,chessboard,353,6,2
61,1701,35,1,9,8,44,898,40,post_fragmentation,50,0.7,0.5,chessboard,354,1,2
61,1701,35,1,9,8,44,898,40,post_fragmentation,50,0.7,0.5,chessboard,378,1,2
61,1701,35,1,9,8,44,898,40,post_fragmentation,50,0.7,0.5,chessboard,379,4,2
61,1701,35,1,9,8,44,898,40,post_fragmentation,50,0.7,0.5,chessboard,383,3,2
61,1701,35,1,9,8,44,898,40,post_fragmentation,50,0.7,0.5,chessboard,391,1,2
61,1701,35,1,9,8,44,898,40,post_fragmentation,50,0.7,0.5,chessboard,397,1,2
61,1701,35,1,9,8,44,898,40,post_fragmentation,50,0.7,0.5,chessboard,405,1,2
61,1701,35,1,9,8,44,898,40,post_fragmentation,50,0.7,0.5,chessboard,428,1,2
61,1701,35,1,9,8,44,898,40,post_fragmentation,50,0.7,0.5,chessboard,443,3,2
61,1701,35,1,9,8,44,898,40,post_fragmentation,50,0.7,0.5,chessboard,529,1,2
62,1703,35,3,9,8,44,898,40,post_fragmentation,50,0.7,0.5,chessboard,315,1,2
62,1703,35,3,9,8,44,898,40,post_fragmentation,50,0.7,0.5,chessboard,319,1,2
62,1703,35,3,9,8,44,898,40,post_fragmentation,50,0.7,0.5,chessboard,323,1,2
62,1703,35,3,9,8,44,898,40,post_fragmentation,50,0.7,0.5,chessboard,333,1,2
62,1703,35,3,9,8,44,898,40,post_fragmentation,50,0.7,0.5,chessboard,346,1,2
62,1703,35,3,9,8,44,898,40,post_fragmentation,50,0.7,0.5,chessboard,348,2,2
62,1703,35,3,9,8,44,898,40,post_fragmentation,50,0.7,0.5,chessboard,351,1,2
62,1703,35,3,9,8,44,898,40,post_fragmentation,50,0.7,0.5,chessboard,353,4,2
62,1703,35,3,9,8,44,898,40,post_fragmentation,50,0.7,0.5,chessboard,355,1,2
62,1703,35,3,9,8,44,898,40,post_fragmentation,50,0.7,0.5,chessboard,373,2,2
62,1703,35,3,9,8,44,898,40,post_fragmentation,50,0.7,0.5,chessboard,377,1,2
62,1703,35,3,9,8,44,898,40,post_fragmentation,50,0.7,0.5,chessboard,378,1,2
62,1703,35,3,9,8,44,898,40,post_fragmentation,50,0.7,0.5,chessboard,379,5,2
62,1703,35,3,9,8,44,898,40,post_fragmentation,50,0.7,0.5,chessboard,380,1,2
62,1703,35,3,9,8,44,898,40,post_fragmentation,50,0.7,0.5,chessboard,381,1,2
62,1703,35,3,9,8,44,898,40,post_fragmentation,50,0.7,0.5,chessboard,383,1,2
62,1703,35,3,9,8,44,898,40,post_fragmentation,50,0.7,0.5,chessboard,386,2,2
62,1703,35,3,9,8,44,898,40,post_fragmentation,50,0.7,0.5,chessboard,391,2,2
62,1703,35,3,9,8,44,898,40,post_fragmentation,50,0.7,0.5,chessboard,401,1,2
62,1703,35,3,9,8,44,898,40,post_fragmentation,50,0.7,0.5,chessboard,402,1,2
62,1703,35,3,9,8,44,898,40,post_fragmentation,50,0.7,0.5,chessboard,405,2,2
62,1703,35,3,9,8,44,898,40,post_fragmentation,50,0.7,0.5,chessboard,406,2,2
62,1703,35,3,9,8,44,898,40,post_fragmentation,50,0.7,0.5,chessboard,424,1,2
62,1703,35,3,9,8,44,898,40,post_fragmentation,50,0.7,0.5,chessboard,443,1,2
62,1703,35,3,9,8,44,898,40,post_fragmentation,50,0.7,0.5,chessboard,491,1,2
62,1703,35,3,9,8,44,898,40,post_fragmentation,50,0.7,0.5,chessboard,579,1,2
63,1713,35,13,7,13,44,898,40,post_fragmentation,50,0.7,0.5,chessboard,663,1,2
63,1713,35,13,7,13,44,898,40,post_fragmentation,50,0.7,0.5,chessboard,674,1,2
63,1713,35,13,7,13,44,898,40,post_fragmentation,50,0.7,0.5,chessboard,687,2,2
63,1713,35,13,7,13,44,898,40,post_fragmentation,50,0.7,0.5,chessboard,703,1,2
63,1713,35,13,7,13,44,898,40,post_fragmentation,50,0.7,0.5,chessboard,739,1,2
63,1713,35,13,7,13,44,898,40,post_fragmentation,50,0.7,0.5,chessboard,762,1,2
63,1713,35,13,7,13,44,898,40,post_fragmentation,50,0.7,0.5,chessboard,766,1,2
63,1713,35,13,7,13,44,898,40,post_fragmentation,50,0.7,0.5,chessboard,775,2,2
63,1713,35,13,7,13,44,898,40,post_fragmentation,50,0.7,0.5,chessboard,790,1,2
63,1713,35,13,7,13,44,898,40,post_fragmentation,50,0.7,0.5,chessboard,794,1,2
63,1713,35,13,7,13,44,898,40,post_fragmentation,50,0.7,0.5,chessboard,805,1,2
63,1713,35,13,7,13,44,898,40,post_fragmentation,50,0.7,0.5,chessboard,813,1,2
63,1713,35,13,7,13,44,898,40,post_fragmentation,50,0.7,0.5,chessboard,818,3,2
63,1713,35,13,7,13,44,898,40,post_fragmentation,50,0.7,0.5,chessboard,825,1,2
63,1713,35,13,7,13,44,898,40,post_fragmentation,50,0.7,0.5,chessboard,827,1,2
63,1713,35,13,7,13,44,898,40,post_fragmentation,50,0.7,0.5,chessboard,828,1,2
63,1713,35,13,7,13,44,898,40,post_fragmentation,50,0.7,0.5,chessboard,831,2,2
63,1713,35,13,7,13,44,898,40,post_fragmentation,50,0.7,0.5,chessboard,848,4,2
63,1713,35,13,7,13,44,898,40,post_fragmentation,50,0.7,0.5,chessboard,849,1,2
63,1713,35,13,7,13,44,898,40,post_fragmentation,50,0.7,0.5,chessboard,870,1,2
63,1713,35,13,7,13,44,898,40,post_fragmentation,50,0.7,0.5,chessboard,879,1,2
63,1713,35,13,7,13,44,898,40,post_fragmentation,50,0.7,0.5,chessboard,881,1,2
63,1713,35,13,7,13,44,898,40,post_fragmentation,50,0.7,0.5,chessboard,887,2,2
63,1713,35,13,7,13,44,898,40,post_fragmentation,50,0.7,0.5,chessboard,890,1,2
63,1713,35,13,7,13,44,898,40,post_fragmentation,50,0.7,0.5,chessboard,943,1,2
64,1725,35,25,10,20,44,898,40,post_fragmentation,50,0.7,0.5,chessboard,779,1,2
64,1725,35,25,10,20,44,898,40,post_fragmentation,50,0.7,0.5,chessboard,805,1,2
64,1725,35,25,10,20,44,898,40,post_fragmentation,50,0.7,0.5,chessboard,809,1,2
64,1725,35,25,10,20,44,898,40,post_fragmentation,50,0.7,0.5,chessboard,820,3,2
64,1725,35,25,10,20,44,898,40,post_fragmentation,50,0.7,0.5,chessboard,822,1,2
64,1725,35,25,10,20,44,898,40,post_fragmentation,50,0.7,0.5,chessboard,829,1,2
64,1725,35,25,10,20,44,898,40,post_fragmentation,50,0.7,0.5,chessboard,831,6,2
64,1725,35,25,10,20,44,898,40,post_fragmentation,50,0.7,0.5,chessboard,836,1,2
64,1725,35,25,10,20,44,898,40,post_fragmentation,50,0.7,0.5,chessboard,847,3,2
64,1725,35,25,10,20,44,898,40,post_fragmentation,50,0.7,0.5,chessboard,848,1,2
64,1725,35,25,10,20,44,898,40,post_fragmentation,50,0.7,0.5,chessboard,853,2,2
64,1725,35,25,10,20,44,898,40,post_fragmentation,50,0.7,0.5,chessboard,858,1,2
64,1725,35,25,10,20,44,898,40,post_fragmentation,50,0.7,0.5,chessboard,861,2,2
64,1725,35,25,10,20,44,898,40,post_fragmentation,50,0.7,0.5,chessboard,871,2,2
64,1725,35,25,10,20,44,898,40,post_fragmentation,50,0.7,0.5,chessboard,872,1,2
64,1725,35,25,10,20,44,898,40,post_fragmentation,50,0.7,0.5,chessboard,873,1,2
64,1725,35,25,10,20,44,898,40,post_fragmentation,50,0.7,0.5,chessboard,874,1,2
64,1725,35,25,10,20,44,898,40,post_fragmentation,50,0.7,0.5,chessboard,883,1,2
64,1725,35,25,10,20,44,898,40,post_fragmentation,50,0.7,0.5,chessboard,889,1,2
64,1725,35,25,10,20,44,898,40,post_fragmentation,50,0.7,0.5,chessboard,917,1,2
64,1725,35,25,10,20,44,898,40,post_fragmentation,50,0.7,0.5,chessboard,922,1,2
64,1725,35,25,10,20,44,898,40,post_fragmentation,50,0.7,0.5,chessboard,957,1,2
65,1752,36,2,9,8,44,898,40,post_fragmentation,50,0.7,0.5,chessboard,290,1,2
65,1752,36,2,9,8,44,898,40,post_fragmentation,50,0.7,0.5,chessboard,301,2,2
65,1752,36,2,9,8,44,898,40,post_fragmentation,50,0.7,0.5,chessboard,303,1,2
65,1752,36,2,9,8,44,898,40,post_fragmentation,50,0.7,0.5,chessboard,315,1,2
65,1752,36,2,9,8,44,898,40,post_fragmentation,50,0.7,0.5,chessboard,320,1,2
65,1752,36,2,9,8,44,898,40,post_fragmentation,50,0.7,0.5,chessboard,331,2,2
65,1752,36,2,9,8,44,898,40,post_fragmentation,50,0.7,0.5,chessboard,346,1,2
65,1752,36,2,9,8,44,898,40,post_fragmentation,50,0.7,0.5,chessboard,353,7,2
65,1752,36,2,9,8,44,898,40,post_fragmentation,50,0.7,0.5,chessboard,354,2,2
65,1752,36,2,9,8,44,898,40,post_fragmentation,50,0.7,0.5,chessboard,355,1,2
65,1752,36,2,9,8,44,898,40,post_fragmentation,50,0.7,0.5,chessboard,367,1,2
65,1752,36,2,9,8,44,898,40,post_fragmentation,50,0.7,0.5,chessboard,378,1,2
65,1752,36,2,9,8,44,898,40,post_fragmentation,50,0.7,0.5,chessboard,380,2,2
65,1752,36,2,9,8,44,898,40,post_fragmentation,50,0.7,0.5,chessboard,382,1,2
65,1752,36,2,9,8,44,898,40,post_fragmentation,50,0.7,0.5,chessboard,386,1,2
65,1752,36,2,9,8,44,898,40,post_fragmentation,50,0.7,0.5,chessboard,388,1,2
65,1752,36,2,9,8,44,898,40,post_fragmentation,50,0.7,0.5,chessboard,391,2,2
65,1752,36,2,9,8,44,898,40,post_fragmentation,50,0.7,0.5,chessboard,397,2,2
65,1752,36,2,9,8,44,898,40,post_fragmentation,50,0.7,0.5,chessboard,401,2,2
65,1752,36,2,9,8,44,898,40,post_fragmentation,50,0.7,0.5,chessboard,404,2,2
65,1752,36,2,9,8,44,898,40,post_fragmentation,50,0.7,0.5,chessboard,406,3,2
65,1752,36,2,9,8,44,898,40,post_fragmentation,50,0.7,0.5,chessboard,476,1,2
66,1760,36,10,11,7,44,898,40,post_fragmentation,50,0.7,0.5,chessboard,500,1,2
66,1760,36,10,11,7,44,898,40,post_fragmentation,50,0.7,0.5,chessboard,556,1,2
66,1760,36,10,11,7,44,898,40,post_fragmentation,50,0.7,0.5,chessboard,557,1,2
66,1760,36,10,11,7,44,898,40,post_fragmentation,50,0.7,0.5,chessboard,576,4,2
66,1760,36,10,11,7,44,898,40,post_fragmentation,50,0.7,0.5,chessboard,580,1,2
66,1760,36,10,11,7,44,898,40,post_fragmentation,50,0.7,0.5,chessboard,615,1,2
66,1760,36,10,11,7,44,898,40,post_fragmentation,50,0.7,0.5,chessboard,639,2,2
66,1760,36,10,11,7,44,898,40,post_fragmentation,50,0.7,0.5,chessboard,646,2,2
66,1760,36,10,11,7,44,898,40,post_fragmentation,50,0.7,0.5,chessboard,651,4,2
66,1760,36,10,11,7,44,898,40,post_fragmentation,50,0.7,0.5,chessboard,656,1,2
66,1760,36,10,11,7,44,898,40,post_fragmentation,50,0.7,0.5,chessboard,669,1,2
66,1760,36,10,11,7,44,898,40,post_fragmentation,50,0.7,0.5,chessboard,681,1,2
66,1760,36,10,11,7,44,898,40,post_fragmentation,50,0.7,0.5,chessboard,687,4,2
66,1760,36,10,11,7,44,898,40,post_fragmentation,50,0.7,0.5,chessboard,697,3,2
66,1760,36,10,11,7,44,898,40,post_fragmentation,50,0.7,0.5,chessboard,703,1,2
66,1760,36,10,11,7,44,898,40,post_fragmentation,50,0.7,0.5,chessboard,716,1,2
66,1760,36,10,11,7,44,898,40,post_fragmentation,50,0.7,0.5,chessboard,718,1,2
66,1760,36,10,11,7,44,898,40,post_fragmentation,50,0.7,0.5,chessboard,728,2,2
66,1760,36,10,11,7,44,898,40,post_fragmentation,50,0.7,0.5,chessboard,738,2,2
66,1760,36,10,11,7,44,898,40,post_fragmentation,50,0.7,0.5,chessboard,749,1,2
66,1760,36,10,11,7,44,898,40,post_fragmentation,50,0.7,0.5,chessboard,756,1,2
66,1760,36,10,11,7,44,898,40,post_fragmentation,50,0.7,0.5,chessboard,765,1,2
66,1760,36,10,11,7,44,898,40,post_fragmentation,50,0.7,0.5,chessboard,769,1,2
66,1760,36,10,11,7,44,898,40,post_fragmentation,50,0.7,0.5,chessboard,793,1,2
66,1760,36,10,11,7,44,898,40,post_fragmentation,50,0.7,0.5,chessboard,804,1,2
66,1760,36,10,11,7,44,898,40,post_fragmentation,50,0.7,0.5,chessboard,855,1,2
67,1764,36,14,7,13,44,898,40,post_fragmentation,50,0.7,0.5,chessboard,687,1,2
67,1764,36,14,7,13,44,898,40,post_fragmentation,50,0.7,0.5,chessboard,738,1,2
67,1764,36,14,7,13,44,898,40,post_fragmentation,50,0.7,0.5,chessboard,739,1,2
67,1764,36,14,7,13,44,898,40,post_fragmentation,50,0.7,0.5,chessboard,756,2,2
67,1764,36,14,7,13,44,898,40,post_fragmentation,50,0.7,0.5,chessboard,759,1,2
67,1764,36,14,7,13,44,898,40,post_fragmentation,50,0.7,0.5,chessboard,765,2,2
67,1764,36,14,7,13,44,898,40,post_fragmentation,50,0.7,0.5,chessboard,772,1,2
67,1764,36,14,7,13,44,898,40,post_fragmentation,50,0.7,0.5,chessboard,781,2,2
67,1764,36,14,7,13,44,898,40,post_fragmentation,50,0.7,0.5,chessboard,786,1,2
67,1764,36,14,7,13,44,898,40,post_fragmentation,50,0.7,0.5,chessboard,788,2,2
67,1764,36,14,7,13,44,898,40,post_fragmentation,50,0.7,0.5,chessboard,791,1,2
67,1764,36,14,7,13,44,898,40,post_fragmentation,50,0.7,0.5,chessboard,794,2,2
67,1764,36,14,7,13,44,898,40,post_fragmentation,50,0.7,0.5,chessboard,799,2,2
67,1764,36,14,7,13,44,898,40,post_fragmentation,50,0.7,0.5,chessboard,802,1,2
67,1764,36,14,7,13,44,898,40,post_fragmentation,50,0.7,0.5,chessboard,803,1,2
67,1764,36,14,7,13,44,898,40,post_fragmentation,50,0.7,0.5,chessboard,805,1,2
67,1764,36,14,7,13,44,898,40,post_fragmentation,50,0.7,0.5,chessboard,814,1,2
67,1764,36,14,7,13,44,898,40,post_fragmentation,50,0.7,0.5,chessboard,818,2,2
67,1764,36,14,7,13,44,898,40,post_fragmentation,50,0.7,0.5,chessboard,819,1,2
67,1764,36,14,7,13,44,898,40,post_fragmentation,50,0.7,0.5,chessboard,827,1,2
67,1764,36,14,7,13,44,898,40,post_fragmentation,50,0.7,0.5,chessboard,828,1,2
67,1764,36,14,7,13,44,898,40,post_fragmentation,50,0.7,0.5,chessboard,830,1,2
67,1764,36,14,7,13,44,898,40,post_fragmentation,50,0.7,0.5,chessboard,834,1,2
67,1764,36,14,7,13,44,898,40,post_fragmentation,50,0.7,0.5,chessboard,838,2,2
67,1764,36,14,7,13,44,898,40,post_fragmentation,50,0.7,0.5,chessboard,849,1,2
67,1764,36,14,7,13,44,898,40,post_fragmentation,50,0.7,0.5,chessboard,853,1,2
67,1764,36,14,7,13,44,898,40,post_fragmentation,50,0.7,0.5,chessboard,860,1,2
67,1764,36,14,7,13,44,898,40,post_fragmentation,50,0.7,0.5,chessboard,866,1,2
67,1764,36,14,7,13,44,898,40,post_fragmentation,50,0.7,0.5,chessboard,876,2,2
67,1764,36,14,7,13,44,898,40,post_fragmentation,50,0.7,0.5,chessboard,881,1,2
67,1764,36,14,7,13,44,898,40,post_fragmentation,50,0.7,0.5,chessboard,887,1,2
67,1764,36,14,7,13,44,898,40,post_fragmentation,50,0.7,0.5,chessboard,889,1,2
68,1774,36,24,10,20,44,898,40,post_fragmentation,50,0.7,0.5,chessboard,779,1,2
68,1774,36,24,10,20,44,898,40,post_fragmentation,50,0.7,0.5,chessboard,787,1,2
68,1774,36,24,10,20,44,898,40,post_fragmentation,50,0.7,0.5,chessboard,790,1,2
68,1774,36,24,10,20,44,898,40,post_fragmentation,50,0.7,0.5,chessboard,808,1,2
68,1774,36,24,10,20,44,898,40,post_fragmentation,50,0.7,0.5,chessboard,811,1,2
68,1774,36,24,10,20,44,898,40,post_fragmentation,50,0.7,0.5,chessboard,822,3,2
68,1774,36,24,10,20,44,898,40,post_fragmentation,50,0.7,0.5,chessboard,829,3,2
68,1774,36,24,10,20,44,898,40,post_fragmentation,50,0.7,0.5,chessboard,831,6,2
68,1774,36,24,10,20,44,898,40,post_fragmentation,50,0.7,0.5,chessboard,848,1,2
68,1774,36,24,10,20,44,898,40,post_fragmentation,50,0.7,0.5,chessboard,850,2,2
68,1774,36,24,10,20,44,898,40,post_fragmentation,50,0.7,0.5,chessboard,853,1,2
68,1774,36,24,10,20,44,898,40,post_fragmentation,50,0.7,0.5,chessboard,855,1,2
68,1774,36,24,10,20,44,898,40,post_fragmentation,50,0.7,0.5,chessboard,858,1,2
68,1774,36,24,10,20,44,898,40,post_fragmentation,50,0.7,0.5,chessboard,866,1,2
68,1774,36,24,10,20,44,898,40,post_fragmentation,50,0.7,0.5,chessboard,870,1,2
68,1774,36,24,10,20,44,898,40,post_fragmentation,50,0.7,0.5,chessboard,871,1,2
68,1774,36,24,10,20,44,898,40,post_fragmentation,50,0.7,0.5,chessboard,878,1,2
68,1774,36,24,10,20,44,898,40,post_fragmentation,50,0.7,0.5,chessboard,879,2,2
68,1774,36,24,10,20,44,898,40,post_fragmentation,50,0.7,0.5,chessboard,889,1,2
68,1774,36,24,10,20,44,898,40,post_fragmentation,50,0.7,0.5,chessboard,892,1,2
68,1774,36,24,10,20,44,898,40,post_fragmentation,50,0.7,0.5,chessboard,893,1,2
68,1774,36,24,10,20,44,898,40,post_fragmentation,50,0.7,0.5,chessboard,902,1,2
68,1774,36,24,10,20,44,898,40,post_fragmentation,50,0.7,0.5,chessboard,909,1,2
68,1774,36,24,10,20,44,898,40,post_fragmentation,50,0.7,0.5,chessboard,915,1,2
68,1774,36,24,10,20,44,898,40,post_fragmentation,50,0.7,0.5,chessboard,922,1,2
68,1774,36,24,10,20,44,898,40,post_fragmentation,50,0.7,0.5,chessboard,943,1,2
68,1774,36,24,10,20,44,898,40,post_fragmentation,50,0.7,0.5,chessboard,978,1,2
69,1788,36,38,12,75,44,898,40,post_fragmentation,50,0.7,0.5,chessboard,633,1,2
69,1788,36,38,12,75,44,898,40,post_fragmentation,50,0.7,0.5,chessboard,702,1,2
69,1788,36,38,12,75,44,898,40,post_fragmentation,50,0.7,0.5,chessboard,708,1,2
69,1788,36,38,12,75,44,898,40,post_fragmentation,50,0.7,0.5,chessboard,713,2,2
69,1788,36,38,12,75,44,898,40,post_fragmentation,50,0.7,0.5,chessboard,719,1,2
69,1788,36,38,12,75,44,898,40,post_fragmentation,50,0.7,0.5,chessboard,730,1,2
69,1788,36,38,12,75,44,898,40,post_fragmentation,50,0.7,0.5,chessboard,736,1,2
69,1788,36,38,12,75,44,898,40,post_fragmentation,50,0.7,0.5,chessboard,738,1,2
69,1788,36,38,12,75,44,898,40,post_fragmentation,50,0.7,0.5,chessboard,741,1,2
69,1788,36,38,12,75,44,898,40,post_fragmentation,50,0.7,0.5,chessboard,764,1,2
69,1788,36,38,12,75,44,898,40,post_fragmentation,50,0.7,0.5,chessboard,770,1,2
69,1788,36,38,12,75,44,898,40,post_fragmentation,50,0.7,0.5,chessboard,772,1,2
69,1788,36,38,12,75,44,898,40,post_fragmentation,50,0.7,0.5,chessboard,775,2,2
69,1788,36,38,12,75,44,898,40,post_fragmentation,50,0.7,0.5,chessboard,779,1,2
69,1788,36,38,12,75,44,898,40,post_fragmentation,50,0.7,0.5,chessboard,785,2,2
69,1788,36,38,12,75,44,898,40,post_fragmentation,50,0.7,0.5,chessboard,797,2,2
69,1788,36,38,12,75,44,898,40,post_fragmentation,50,0.7,0.5,chessboard,798,1,2
69,1788,36,38,12,75,44,898,40,post_fragmentation,50,0.7,0.5,chessboard,808,2,2
69,1788,36,38,12,75,44,898,40,post_fragmentation,50,0.7,0.5,chessboard,825,1,2
69,1788,36,38,12,75,44,898,40,post_fragmentation,50,0.7,0.5,chessboard,834,4,2
69,1788,36,38,12,75,44,898,40,post_fragmentation,50,0.7,0.5,chessboard,835,1,2
69,1788,36,38,12,75,44,898,40,post_fragmentation,50,0.7,0.5,chessboard,839,3,2
69,1788,36,38,12,75,44,898,40,post_fragmentation,50,0.7,0.5,chessboard,862,1,2
69,1788,36,38,12,75,44,898,40,post_fragmentation,50,0.7,0.5,chessboard,871,1,2
69,1788,36,38,12,75,44,898,40,post_fragmentation,50,0.7,0.5,chessboard,908,1,2
69,1788,36,38,12,75,44,898,40,post_fragmentation,50,0.7,0.5,chessboard,911,2,2
69,1788,36,38,12,75,44,898,40,post_fragmentation,50,0.7,0.5,chessboard,919,1,2
69,1788,36,38,12,75,44,898,40,post_fragmentation,50,0.7,0.5,chessboard,931,1,2
69,1788,36,38,12,75,44,898,40,post_fragmentation,50,0.7,0.5,chessboard,954,1,2
69,1788,36,38,12,75,44,898,40,post_fragmentation,50,0.7,0.5,chessboard,965,1,2
70,1800,36,50,9,8,44,898,40,post_fragmentation,50,0.7,0.5,chessboard,283,1,2
70,1800,36,50,9,8,44,898,40,post_fragmentation,50,0.7,0.5,chessboard,292,1,2
70,1800,36,50,9,8,44,898,40,post_fragmentation,50,0.7,0.5,chessboard,326,2,2
70,1800,36,50,9,8,44,898,40,post_fragmentation,50,0.7,0.5,chessboard,329,2,2
70,1800,36,50,9,8,44,898,40,post_fragmentation,50,0.7,0.5,chessboard,331,3,2
70,1800,36,50,9,8,44,898,40,post_fragmentation,50,0.7,0.5,chessboard,346,1,2
70,1800,36,50,9,8,44,898,40,post_fragmentation,50,0.7,0.5,chessboard,348,1,2
70,1800,36,50,9,8,44,898,40,post_fragmentation,50,0.7,0.5,chessboard,349,1,2
70,1800,36,50,9,8,44,898,40,post_fragmentation,50,0.7,0.5,chessboard,353,3,2
70,1800,36,50,9,8,44,898,40,post_fragmentation,50,0.7,0.5,chessboard,355,1,2
70,1800,36,50,9,8,44,898,40,post_fragmentation,50,0.7,0.5,chessboard,367,2,2
70,1800,36,50,9,8,44,898,40,post_fragmentation,50,0.7,0.5,chessboard,378,1,2
70,1800,36,50,9,8,44,898,40,post_fragmentation,50,0.7,0.5,chessboard,382,1,2
70,1800,36,50,9,8,44,898,40,post_fragmentation,50,0.7,0.5,chessboard,383,5,2
70,1800,36,50,9,8,44,898,40,post_fragmentation,50,0.7,0.5,chessboard,385,2,2
70,1800,36,50,9,8,44,898,40,post_fragmentation,50,0.7,0.5,chessboard,386,1,2
70,1800,36,50,9,8,44,898,40,post_fragmentation,50,0.7,0.5,chessboard,396,2,2
70,1800,36,50,9,8,44,898,40,post_fragmentation,50,0.7,0.5,chessboard,397,1,2
70,1800,36,50,9,8,44,898,40,post_fragmentation,50,0.7,0.5,chessboard,401,2,2
70,1800,36,50,9,8,44,898,40,post_fragmentation,50,0.7,0.5,chessboard,402,4,2
70,1800,36,50,9,8,44,898,40,post_fragmentation,50,0.7,0.5,chessboard,404,1,2
70,1800,36,50,9,8,44,898,40,post_fragmentation,50,0.7,0.5,chessboard,405,2,2
70,1800,36,50,9,8,44,898,40,post_fragmentation,50,0.7,0.5,chessboard,436,1,2
71,1811,37,11,11,7,44,898,40,post_fragmentation,50,0.7,0.5,chessboard,557,2,2
71,1811,37,11,11,7,44,898,40,post_fragmentation,50,0.7,0.5,chessboard,601,2,2
71,1811,37,11,11,7,44,898,40,post_fragmentation,50,0.7,0.5,chessboard,629,1,2
71,1811,37,11,11,7,44,898,40,post_fragmentation,50,0.7,0.5,chessboard,637,1,2
71,1811,37,11,11,7,44,898,40,post_fragmentation,50,0.7,0.5,chessboard,638,2,2
71,1811,37,11,11,7,44,898,40,post_fragmentation,50,0.7,0.5,chessboard,651,4,2
71,1811,37,11,11,7,44,898,40,post_fragmentation,50,0.7,0.5,chessboard,669,1,2
71,1811,37,11,11,7,44,898,40,post_fragmentation,50,0.7,0.5,chessboard,674,4,2
71,1811,37,11,11,7,44,898,40,post_fragmentation,50,0.7,0.5,chessboard,681,1,2
71,1811,37,11,11,7,44,898,40,post_fragmentation,50,0.7,0.5,chessboard,687,7,2
71,1811,37,11,11,7,44,898,40,post_fragmentation,50,0.7,0.5,chessboard,703,5,2
71,1811,37,11,11,7,44,898,40,post_fragmentation,50,0.7,0.5,chessboard,723,1,2
71,1811,37,11,11,7,44,898,40,post_fragmentation,50,0.7,0.5,chessboard,748,1,2
71,1811,37,11,11,7,44,898,40,post_fragmentation,50,0.7,0.5,chessboard,756,1,2
71,1811,37,11,11,7,44,898,40,post_fragmentation,50,0.7,0.5,chessboard,761,1,2
71,1811,37,11,11,7,44,898,40,post_fragmentation,50,0.7,0.5,chessboard,766,2,2
71,1811,37,11,11,7,44,898,40,post_fragmentation,50,0.7,0.5,chessboard,770,1,2
71,1811,37,11,11,7,44,898,40,post_fragmentation,50,0.7,0.5,chessboard,793,1,2
71,1811,37,11,11,7,44,898,40,post_fragmentation,50,0.7,0.5,chessboard,804,1,2
71,1811,37,11,11,7,44,898,40,post_fragmentation,50,0.7,0.5,chessboard,818,1,2
71,1811,37,11,11,7,44,898,40,post_fragmentation,50,0.7,0.5,chessboard,827,1,2
72,1823,37,23,10,20,44,898,40,post_fragmentation,50,0.7,0.5,chessboard,802,1,2
72,1823,37,23,10,20,44,898,40,post_fragmentation,50,0.7,0.5,chessboard,809,1,2
72,1823,37,23,10,20,44,898,40,post_fragmentation,50,0.7,0.5,chessboard,820,2,2
72,1823,37,23,10,20,44,898,40,post_fragmentation,50,0.7,0.5,chessboard,822,3,2
72,1823,37,23,10,20,44,898,40,post_fragmentation,50,0.7,0.5,chessboard,829,1,2
72,1823,37,23,10,20,44,898,40,post_fragmentation,50,0.7,0.5,chessboard,830,2,2
72,1823,37,23,10,20,44,898,40,post_fragmentation,50,0.7,0.5,chessboard,831,1,2
72,1823,37,23,10,20,44,898,40,post_fragmentation,50,0.7,0.5,chessboard,833,1,2
72,1823,37,23,10,20,44,898,40,post_fragmentation,50,0.7,0.5,chessboard,838,1,2
72,1823,37,23,10,20,44,898,40,post_fragmentation,50,0.7,0.5,chessboard,842,1,2
72,1823,37,23,10,20,44,898,40,post_fragmentation,50,0.7,0.5,chessboard,843,1,2
72,1823,37,23,10,20,44,898,40,post_fragmentation,50,0.7,0.5,chessboard,853,1,2
72,1823,37,23,10,20,44,898,40,post_fragmentation,50,0.7,0.5,chessboard,858,1,2
72,1823,37,23,10,20,44,898,40,post_fragmentation,50,0.7,0.5,chessboard,861,1,2
72,1823,37,23,10,20,44,898,40,post_fragmentation,50,0.7,0.5,chessboard,866,2,2
72,1823,37,23,10,20,44,898,40,post_fragmentation,50,0.7,0.5,chessboard,871,1,2
72,1823,37,23,10,20,44,898,40,post_fragmentation,50,0.7,0.5,chessboard,873,1,2
72,1823,37,23,10,20,44,898,40,post_fragmentation,50,0.7,0.5,chessboard,879,1,2
72,1823,37,23,10,20,44,898,40,post_fragmentation,50,0.7,0.5,chessboard,882,1,2
72,1823,37,23,10,20,44,898,40,post_fragmentation,50,0.7,0.5,chessboard,888,3,2
72,1823,37,23,10,20,44,898,40,post_fragmentation,50,0.7,0.5,chessboard,889,1,2
72,1823,37,23,10,20,44,898,40,post_fragmentation,50,0.7,0.5,chessboard,891,1,2
72,1823,37,23,10,20,44,898,40,post_fragmentation,50,0.7,0.5,chessboard,918,1,2
72,1823,37,23,10,20,44,898,40,post_fragmentation,50,0.7,0.5,chessboard,922,1,2
72,1823,37,23,10,20,44,898,40,post_fragmentation,50,0.7,0.5,chessboard,931,1,2
72,1823,37,23,10,20,44,898,40,post_fragmentation,50,0.7,0.5,chessboard,940,1,2
72,1823,37,23,10,20,44,898,40,post_fragmentation,50,0.7,0.5,chessboard,941,1,2
72,1823,37,23,10,20,44,898,40,post_fragmentation,50,0.7,0.5,chessboard,951,2,2
73,1825,37,25,10,20,44,898,40,post_fragmentation,50,0.7,0.5,chessboard,747,1,2
73,1825,37,25,10,20,44,898,40,post_fragmentation,50,0.7,0.5,chessboard,774,1,2
73,1825,37,25,10,20,44,898,40,post_fragmentation,50,0.7,0.5,chessboard,787,3,2
73,1825,37,25,10,20,44,898,40,post_fragmentation,50,0.7,0.5,chessboard,797,2,2
73,1825,37,25,10,20,44,898,40,post_fragmentation,50,0.7,0.5,chessboard,798,1,2
73,1825,37,25,10,20,44,898,40,post_fragmentation,50,0.7,0.5,chessboard,805,4,2
73,1825,37,25,10,20,44,898,40,post_fragmentation,50,0.7,0.5,chessboard,811,1,2
73,1825,37,25,10,20,44,898,40,post_fragmentation,50,0.7,0.5,chessboard,822,4,2
73,1825,37,25,10,20,44,898,40,post_fragmentation,50,0.7,0.5,chessboard,828,1,2
73,1825,37,25,10,20,44,898,40,post_fragmentation,50,0.7,0.5,chessboard,831,1,2
73,1825,37,25,10,20,44,898,40,post_fragmentation,50,0.7,0.5,chessboard,842,3,2
73,1825,37,25,10,20,44,898,40,post_fragmentation,50,0.7,0.5,chessboard,853,1,2
73,1825,37,25,10,20,44,898,40,post_fragmentation,50,0.7,0.5,chessboard,855,1,2
73,1825,37,25,10,20,44,898,40,post_fragmentation,50,0.7,0.5,chessboard,860,1,2
73,1825,37,25,10,20,44,898,40,post_fragmentation,50,0.7,0.5,chessboard,861,1,2
73,1825,37,25,10,20,44,898,40,post_fragmentation,50,0.7,0.5,chessboard,862,2,2
73,1825,37,25,10,20,44,898,40,post_fragmentation,50,0.7,0.5,chessboard,871,1,2
73,1825,37,25,10,20,44,898,40,post_fragmentation,50,0.7,0.5,chessboard,874,2,2
73,1825,37,25,10,20,44,898,40,post_fragmentation,50,0.7,0.5,chessboard,878,3,2
73,1825,37,25,10,20,44,898,40,post_fragmentation,50,0.7,0.5,chessboard,887,1,2
73,1825,37,25,10,20,44,898,40,post_fragmentation,50,0.7,0.5,chessboard,888,1,2
73,1825,37,25,10,20,44,898,40,post_fragmentation,50,0.7,0.5,chessboard,905,1,2
73,1825,37,25,10,20,44,898,40,post_fragmentation,50,0.7,0.5,chessboard,918,2,2
74,1837,37,37,12,75,44,898,40,post_fragmentation,50,0.7,0.5,chessboard,596,1,2
74,1837,37,37,12,75,44,898,40,post_fragmentation,50,0.7,0.5,chessboard,665,1,2
74,1837,37,37,12,75,44,898,40,post_fragmentation,50,0.7,0.5,chessboard,736,1,2
74,1837,37,37,12,75,44,898,40,post_fragmentation,50,0.7,0.5,chessboard,770,1,2
74,1837,37,37,12,75,44,898,40,post_fragmentation,50,0.7,0.5,chessboard,796,1,2
74,1837,37,37,12,75,44,898,40,post_fragmentation,50,0.7,0.5,chessboard,799,1,2
74,1837,37,37,12,75,44,898,40,post_fragmentation,50,0.7,0.5,chessboard,808,1,2
74,1837,37,37,12,75,44,898,40,post_fragmentation,50,0.7,0.5,chessboard,811,1,2
74,1837,37,37,12,75,44,898,40,post_fragmentation,50,0.7,0.5,chessboard,817,1,2
74,1837,37,37,12,75,44,898,40,post_fragmentation,50,0.7,0.5,chessboard,818,1,2
74,1837,37,37,12,75,44,898,40,post_fragmentation,50,0.7,0.5,chessboard,824,1,2
74,1837,37,37,12,75,44,898,40,post_fragmentation,50,0.7,0.5,chessboard,833,2,2
74,1837,37,37,12,75,44,898,40,post_fragmentation,50,0.7,0.5,chessboard,834,1,2
74,1837,37,37,12,75,44,898,40,post_fragmentation,50,0.7,0.5,chessboard,835,6,2
74,1837,37,37,12,75,44,898,40,post_fragmentation,50,0.7,0.5,chessboard,846,1,2
74,1837,37,37,12,75,44,898,40,post_fragmentation,50,0.7,0.5,chessboard,851,2,2
74,1837,37,37,12,75,44,898,40,post_fragmentation,50,0.7,0.5,chessboard,858,1,2
74,1837,37,37,12,75,44,898,40,post_fragmentation,50,0.7,0.5,chessboard,861,2,2
74,1837,37,37,12,75,44,898,40,post_fragmentation,50,0.7,0.5,chessboard,862,1,2
74,1837,37,37,12,75,44,898,40,post_fragmentation,50,0.7,0.5,chessboard,884,1,2
74,1837,37,37,12,75,44,898,40,post_fragmentation,50,0.7,0.5,chessboard,904,1,2
74,1837,37,37,12,75,44,898,40,post_fragmentation,50,0.7,0.5,chessboard,927,4,2
74,1837,37,37,12,75,44,898,40,post_fragmentation,50,0.7,0.5,chessboard,950,1,2
74,1837,37,37,12,75,44,898,40,post_fragmentation,50,0.7,0.5,chessboard,951,1,2
74,1837,37,37,12,75,44,898,40,post_fragmentation,50,0.7,0.5,chessboard,954,1,2
75,1839,37,39,12,75,44,898,40,post_fragmentation,50,0.7,0.5,chessboard,633,1,2
75,1839,37,39,12,75,44,898,40,post_fragmentation,50,0.7,0.5,chessboard,656,1,2
75,1839,37,39,12,75,44,898,40,post_fragmentation,50,0.7,0.5,chessboard,661,3,2
75,1839,37,39,12,75,44,898,40,post_fragmentation,50,0.7,0.5,chessboard,690,1,2
75,1839,37,39,12,75,44,898,40,post_fragmentation,50,0.7,0.5,chessboard,695,1,2
75,1839,37,39,12,75,44,898,40,post_fragmentation,50,0.7,0.5,chessboard,699,1,2
75,1839,37,39,12,75,44,898,40,post_fragmentation,50,0.7,0.5,chessboard,721,1,2
75,1839,37,39,12,75,44,898,40,post_fragmentation,50,0.7,0.5,chessboard,736,2,2
75,1839,37,39,12,75,44,898,40,post_fragmentation,50,0.7,0.5,chessboard,739,2,2
75,1839,37,39,12,75,44,898,40,post_fragmentation,50,0.7,0.5,chessboard,741,1,2
75,1839,37,39,12,75,44,898,40,post_fragmentation,50,0.7,0.5,chessboard,764,1,2
75,1839,37,39,12,75,44,898,40,post_fragmentation,50,0.7,0.5,chessboard,775,2,2
75,1839,37,39,12,75,44,898,40,post_fragmentation,50,0.7,0.5,chessboard,779,2,2
75,1839,37,39,12,75,44,898,40,post_fragmentation,50,0.7,0.5,chessboard,785,1,2
75,1839,37,39,12,75,44,898,40,post_fragmentation,50,0.7,0.5,chessboard,789,2,2
75,1839,37,39,12,75,44,898,40,post_fragmentation,50,0.7,0.5,chessboard,797,2,2
75,1839,37,39,12,75,44,898,40,post_fragmentation,50,0.7,0.5,chessboard,798,1,2
75,1839,37,39,12,75,44,898,40,post_fragmentation,50,0.7,0.5,chessboard,818,3,2
75,1839,37,39,12,75,44,898,40,post_fragmentation,50,0.7,0.5,chessboard,834,2,2
75,1839,37,39,12,75,44,898,40,post_fragmentation,50,0.7,0.5,chessboard,835,1,2
75,1839,37,39,12,75,44,898,40,post_fragmentation,50,0.7,0.5,chessboard,853,1,2
75,1839,37,39,12,75,44,898,40,post_fragmentation,50,0.7,0.5,chessboard,864,1,2
75,1839,37,39,12,75,44,898,40,post_fragmentation,50,0.7,0.5,chessboard,886,1,2
75,1839,37,39,12,75,44,898,40,post_fragmentation,50,0.7,0.5,chessboard,896,2,2
76,1862,38,12,11,7,44,898,40,post_fragmentation,50,0.7,0.5,chessboard,552,1,2
76,1862,38,12,11,7,44,898,40,post_fragmentation,50,0.7,0.5,chessboard,557,1,2
76,1862,38,12,11,7,44,898,40,post_fragmentation,50,0.7,0.5,chessboard,575,1,2
76,1862,38,12,11,7,44,898,40,post_fragmentation,50,0.7,0.5,chessboard,616,1,2
76,1862,38,12,11,7,44,898,40,post_fragmentation,50,0.7,0.5,chessboard,629,1,2
76,1862,38,12,11,7,44,898,40,post_fragmentation,50,0.7,0.5,chessboard,637,1,2
76,1862,38,12,11,7,44,898,40,post_fragmentation,50,0.7,0.5,chessboard,674,6,2
76,1862,38,12,11,7,44,898,40,post_fragmentation,50,0.7,0.5,chessboard,678,2,2
76,1862,38,12,11,7,44,898,40,post_fragmentation,50,0.7,0.5,chessboard,687,5,2
76,1862,38,12,11,7,44,898,40,post_fragmentation,50,0.7,0.5,chessboard,712,2,2
76,1862,38,12,11,7,44,898,40,post_fragmentation,50,0.7,0.5,chessboard,748,1,2
76,1862,38,12,11,7,44,898,40,post_fragmentation,50,0.7,0.5,chessboard,749,1,2
76,1862,38,12,11,7,44,898,40,post_fragmentation,50,0.7,0.5,chessboard,755,1,2
76,1862,38,12,11,7,44,898,40,post_fragmentation,50,0.7,0.5,chessboard,766,1,2
76,1862,38,12,11,7,44,898,40,post_fragmentation,50,0.7,0.5,chessboard,775,1,2
76,1862,38,12,11,7,44,898,40,post_fragmentation,50,0.7,0.5,chessboard,790,1,2
76,1862,38,12,11,7,44,898,40,post_fragmentation,50,0.7,0.5,chessboard,791,1,2
76,1862,38,12,11,7,44,898,40,post_fragmentation,50,0.7,0.5,chessboard,794,1,2
76,1862,38,12,11,7,44,898,40,post_fragmentation,50,0.7,0.5,chessboard,803,2,2
76,1862,38,12,11,7,44,898,40,post_fragmentation,50,0.7,0.5,chessboard,805,1,2
76,1862,38,12,11,7,44,898,40,post_fragmentation,50,0.7,0.5,chessboard,822,1,2
76,1862,38,12,11,7,44,898,40,post_fragmentation,50,0.7,0.5,chessboard,825,1,2
76,1862,38,12,11,7,44,898,40,post_fragmentation,50,0.7,0.5,chessboard,829,1,2
76,1862,38,12,11,7,44,898,40,post_fragmentation,50,0.7,0.5,chessboard,835,1,2
76,1862,38,12,11,7,44,898,40,post_fragmentation,50,0.7,0.5,chessboard,844,1,2
76,1862,38,12,11,7,44,898,40,post_fragmentation,50,0.7,0.5,chessboard,845,1,2
76,1862,38,12,11,7,44,898,40,post_fragmentation,50,0.7,0.5,chessboard,850,1,2
76,1862,38,12,11,7,44,898,40,post_fragmentation,50,0.7,0.5,chessboard,888,1,2
77,1870,38,20,13,3,44,898,40,post_fragmentation,50,0.7,0.5,chessboard,772,1,2
77,1870,38,20,13,3,44,898,40,post_fragmentation,50,0.7,0.5,chessboard,788,1,2
77,1870,38,20,13,3,44,898,40,post_fragmentation,50,0.7,0.5,chessboard,794,1,2
77,1870,38,20,13,3,44,898,40,post_fragmentation,50,0.7,0.5,chessboard,808,2,2
77,1870,38,20,13,3,44,898,40,post_fragmentation,50,0.7,0.5,chessboard,819,1,2
77,1870,38,20,13,3,44,898,40,post_fragmentation,50,0.7,0.5,chessboard,822,1,2
77,1870,38,20,13,3,44,898,40,post_fragmentation,50,0.7,0.5,chessboard,827,1,2
77,1870,38,20,13,3,44,898,40,post_fragmentation,50,0.7,0.5,chessboard,834,1,2
77,1870,38,20,13,3,44,898,40,post_fragmentation,50,0.7,0.5,chessboard,842,1,2
77,1870,38,20,13,3,44,898,40,post_fragmentation,50,0.7,0.5,chessboard,844,1,2
77,1870,38,20,13,3,44,898,40,post_fragmentation,50,0.7,0.5,chessboard,851,1,2
77,1870,38,20,13,3,44,898,40,post_fragmentation,50,0.7,0.5,chessboard,853,1,2
77,1870,38,20,13,3,44,898,40,post_fragmentation,50,0.7,0.5,chessboard,855,1,2
77,1870,38,20,13,3,44,898,40,post_fragmentation,50,0.7,0.5,chessboard,861,1,2
77,1870,38,20,13,3,44,898,40,post_fragmentation,50,0.7,0.5,chessboard,866,1,2
77,1870,38,20,13,3,44,898,40,post_fragmentation,50,0.7,0.5,chessboard,869,1,2
77,1870,38,20,13,3,44,898,40,post_fragmentation,50,0.7,0.5,chessboard,870,1,2
77,1870,38,20,13,3,44,898,40,post_fragmentation,50,0.7,0.5,chessboard,873,3,2
77,1870,38,20,13,3,44,898,40,post_fragmentation,50,0.7,0.5,chessboard,874,1,2
77,1870,38,20,13,3,44,898,40,post_fragmentation,50,0.7,0.5,chessboard,876,1,2
77,1870,38,20,13,3,44,898,40,post_fragmentation,50,0.7,0.5,chessboard,878,1,2
77,1870,38,20,13,3,44,898,40,post_fragmentation,50,0.7,0.5,chessboard,879,3,2
77,1870,38,20,13,3,44,898,40,post_fragmentation,50,0.7,0.5,chessboard,883,1,2
77,1870,38,20,13,3,44,898,40,post_fragmentation,50,0.7,0.5,chessboard,888,2,2
77,1870,38,20,13,3,44,898,40,post_fragmentation,50,0.7,0.5,chessboard,890,1,2
77,1870,38,20,13,3,44,898,40,post_fragmentation,50,0.7,0.5,chessboard,891,1,2
77,1870,38,20,13,3,44,898,40,post_fragmentation,50,0.7,0.5,chessboard,918,1,2
77,1870,38,20,13,3,44,898,40,post_fragmentation,50,0.7,0.5,chessboard,924,2,2
77,1870,38,20,13,3,44,898,40,post_fragmentation,50,0.7,0.5,chessboard,935,2,2
77,1870,38,20,13,3,44,898,40,post_fragmentation,50,0.7,0.5,chessboard,951,1,2
78,1874,38,24,10,20,44,898,40,post_fragmentation,50,0.7,0.5,chessboard,797,1,2
78,1874,38,24,10,20,44,898,40,post_fragmentation,50,0.7,0.5,chessboard,802,1,2
78,1874,38,24,10,20,44,898,40,post_fragmentation,50,0.7,0.5,chessboard,806,1,2
78,1874,38,24,10,20,44,898,40,post_fragmentation,50,0.7,0.5,chessboard,809,1,2
78,1874,38,24,10,20,44,898,40,post_fragmentation,50,0.7,0.5,chessboard,820,1,2
78,1874,38,24,10,20,44,898,40,post_fragmentation,50,0.7,0.5,chessboard,822,1,2
78,1874,38,24,10,20,44,898,40,post_fragmentation,50,0.7,0.5,chessboard,830,2,2
78,1874,38,24,10,20,44,898,40,post_fragmentation,50,0.7,0.5,chessboard,831,1,2
78,1874,38,24,10,20,44,898,40,post_fragmentation,50,0.7,0.5,chessboard,842,1,2
78,1874,38,24,10,20,44,898,40,post_fragmentation,50,0.7,0.5,chessboard,849,1,2
78,1874,38,24,10,20,44,898,40,post_fragmentation,50,0.7,0.5,chessboard,853,1,2
78,1874,38,24,10,20,44,898,40,post_fragmentation,50,0.7,0.5,chessboard,854,1,2
78,1874,38,24,10,20,44,898,40,post_fragmentation,50,0.7,0.5,chessboard,857,1,2
78,1874,38,24,10,20,44,898,40,post_fragmentation,50,0.7,0.5,chessboard,862,1,2
78,1874,38,24,10,20,44,898,40,post_fragmentation,50,0.7,0.5,chessboard,866,4,2
78,1874,38,24,10,20,44,898,40,post_fragmentation,50,0.7,0.5,chessboard,871,2,2
78,1874,38,24,10,20,44,898,40,post_fragmentation,50,0.7,0.5,chessboard,874,2,2
78,1874,38,24,10,20,44,898,40,post_fragmentation,50,0.7,0.5,chessboard,878,3,2
78,1874,38,24,10,20,44,898,40,post_fragmentation,50,0.7,0.5,chessboard,880,1,2
78,1874,38,24,10,20,44,898,40,post_fragmentation,50,0.7,0.5,chessboard,882,2,2
78,1874,38,24,10,20,44,898,40,post_fragmentation,50,0.7,0.5,chessboard,888,1,2
78,1874,38,24,10,20,44,898,40,post_fragmentation,50,0.7,0.5,chessboard,895,1,2
78,1874,38,24,10,20,44,898,40,post_fragmentation,50,0.7,0.5,chessboard,896,2,2
78,1874,38,24,10,20,44,898,40,post_fragmentation,50,0.7,0.5,chessboard,906,1,2
78,1874,38,24,10,20,44,898,40,post_fragmentation,50,0.7,0.5,chessboard,908,1,2
78,1874,38,24,10,20,44,898,40,post_fragmentation,50,0.7,0.5,chessboard,909,1,2
78,1874,38,24,10,20,44,898,40,post_fragmentation,50,0.7,0.5,chessboard,911,1,2
78,1874,38,24,10,20,44,898,40,post_fragmentation,50,0.7,0.5,chessboard,915,1,2
78,1874,38,24,10,20,44,898,40,post_fragmentation,50,0.7,0.5,chessboard,919,1,2
78,1874,38,24,10,20,44,898,40,post_fragmentation,50,0.7,0.5,chessboard,921,1,2
78,1874,38,24,10,20,44,898,40,post_fragmentation,50,0.7,0.5,chessboard,932,1,2
78,1874,38,24,10,20,44,898,40,post_fragmentation,50,0.7,0.5,chessboard,934,1,2
78,1874,38,24,10,20,44,898,40,post_fragmentation,50,0.7,0.5,chessboard,943,1,2
79,1876,38,26,10,20,44,898,40,post_fragmentation,50,0.7,0.5,chessboard,713,1,2
79,1876,38,26,10,20,44,898,40,post_fragmentation,50,0.7,0.5,chessboard,749,1,2
79,1876,38,26,10,20,44,898,40,post_fragmentation,50,0.7,0.5,chessboard,797,1,2
79,1876,38,26,10,20,44,898,40,post_fragmentation,50,0.7,0.5,chessboard,799,1,2
79,1876,38,26,10,20,44,898,40,post_fragmentation,50,0.7,0.5,chessboard,805,1,2
79,1876,38,26,10,20,44,898,40,post_fragmentation,50,0.7,0.5,chessboard,808,1,2
79,1876,38,26,10,20,44,898,40,post_fragmentation,50,0.7,0.5,chessboard,822,3,2
79,1876,38,26,10,20,44,898,40,post_fragmentation,50,0.7,0.5,chessboard,823,1,2
79,1876,38,26,10,20,44,898,40,post_fragmentation,50,0.7,0.5,chessboard,825,1,2
79,1876,38,26,10,20,44,898,40,post_fragmentation,50,0.7,0.5,chessboard,838,1,2
79,1876,38,26,10,20,44,898,40,post_fragmentation,50,0.7,0.5,chessboard,839,1,2
79,1876,38,26,10,20,44,898,40,post_fragmentation,50,0.7,0.5,chessboard,841,1,2
79,1876,38,26,10,20,44,898,40,post_fragmentation,50,0.7,0.5,chessboard,842,1,2
79,1876,38,26,10,20,44,898,40,post_fragmentation,50,0.7,0.5,chessboard,852,1,2
79,1876,38,26,10,20,44,898,40,post_fragmentation,50,0.7,0.5,chessboard,853,4,2
79,1876,38,26,10,20,44,898,40,post_fragmentation,50,0.7,0.5,chessboard,858,2,2
79,1876,38,26,10,20,44,898,40,post_fragmentation,50,0.7,0.5,chessboard,860,2,2
79,1876,38,26,10,20,44,898,40,post_fragmentation,50,0.7,0.5,chessboard,861,1,2
79,1876,38,26,10,20,44,898,40,post_fragmentation,50,0.7,0.5,chessboard,869,1,2
79,1876,38,26,10,20,44,898,40,post_fragmentation,50,0.7,0.5,chessboard,873,1,2
79,1876,38,26,10,20,44,898,40,post_fragmentation,50,0.7,0.5,chessboard,874,1,2
79,1876,38,26,10,20,44,898,40,post_fragmentation,50,0.7,0.5,chessboard,879,1,2
79,1876,38,26,10,20,44,898,40,post_fragmentation,50,0.7,0.5,chessboard,880,1,2
79,1876,38,26,10,20,44,898,40,post_fragmentation,50,0.7,0.5,chessboard,885,1,2
79,1876,38,26,10,20,44,898,40,post_fragmentation,50,0.7,0.5,chessboard,886,1,2
79,1876,38,26,10,20,44,898,40,post_fragmentation,50,0.7,0.5,chessboard,892,2,2
79,1876,38,26,10,20,44,898,40,post_fragmentation,50,0.7,0.5,chessboard,903,1,2
79,1876,38,26,10,20,44,898,40,post_fragmentation,50,0.7,0.5,chessboard,907,2,2
79,1876,38,26,10,20,44,898,40,post_fragmentation,50,0.7,0.5,chessboard,922,2,2
80,1878,38,28,10,20,44,898,40,post_fragmentation,50,0.7,0.5,chessboard,787,1,2
80,1878,38,28,10,20,44,898,40,post_fragmentation,50,0.7,0.5,chessboard,805,3,2
80,1878,38,28,10,20,44,898,40,post_fragmentation,50,0.7,0.5,chessboard,820,1,2
80,1878,38,28,10,20,44,898,40,post_fragmentation,50,0.7,0.5,chessboard,822,1,2
80,1878,38,28,10,20,44,898,40,post_fragmentation,50,0.7,0.5,chessboard,836,1,2
80,1878,38,28,10,20,44,898,40,post_fragmentation,50,0.7,0.5,chessboard,842,1,2
80,1878,38,28,10,20,44,898,40,post_fragmentation,50,0.7,0.5,chessboard,866,2,2
80,1878,38,28,10,20,44,898,40,post_fragmentation,50,0.7,0.5,chessboard,871,1,2
80,1878,38,28,10,20,44,898,40,post_fragmentation,50,0.7,0.5,chessboard,874,1,2
80,1878,38,28,10,20,44,898,40,post_fragmentation,50,0.7,0.5,chessboard,877,1,2
80,1878,38,28,10,20,44,898,40,post_fragmentation,50,0.7,0.5,chessboard,878,3,2
80,1878,38,28,10,20,44,898,40,post_fragmentation,50,0.7,0.5,chessboard,879,1,2
80,1878,38,28,10,20,44,898,40,post_fragmentation,50,0.7,0.5,chessboard,885,1,2
80,1878,38,28,10,20,44,898,40,post_fragmentation,50,0.7,0.5,chessboard,889,1,2
80,1878,38,28,10,20,44,898,40,post_fragmentation,50,0.7,0.5,chessboard,892,1,2
80,1878,38,28,10,20,44,898,40,post_fragmentation,50,0.7,0.5,chessboard,896,2,2
80,1878,38,28,10,20,44,898,40,post_fragmentation,50,0.7,0.5,chessboard,907,1,2
80,1878,38,28,10,20,44,898,40,post_fragmentation,50,0.7,0.5,chessboard,908,2,2
80,1878,38,28,10,20,44,898,40,post_fragmentation,50,0.7,0.5,chessboard,917,1,2
80,1878,38,28,10,20,44,898,40,post_fragmentation,50,0.7,0.5,chessboard,919,1,2
80,1878,38,28,10,20,44,898,40,post_fragmentation,50,0.7,0.5,chessboard,920,1,2
80,1878,38,28,10,20,44,898,40,post_fragmentation,50,0.7,0.5,chessboard,934,1,2
80,1878,38,28,10,20,44,898,40,post_fragmentation,50,0.7,0.5,chessboard,935,2,2
80,1878,38,28,10,20,44,898,40,post_fragmentation,50,0.7,0.5,chessboard,936,1,2
80,1878,38,28,10,20,44,898,40,post_fragmentation,50,0.7,0.5,chessboard,945,1,2
80,1878,38,28,10,20,44,898,40,post_fragmentation,50,0.7,0.5,chessboard,951,1,2
80,1878,38,28,10,20,44,898,40,post_fragmentation,50,0.7,0.5,chessboard,953,2,2
80,1878,38,28,10,20,44,898,40,post_fragmentation,50,0.7,0.5,chessboard,955,2,2
80,1878,38,28,10,20,44,898,40,post_fragmentation,50,0.7,0.5,chessboard,981,1,2
80,1878,38,28,10,20,44,898,40,post_fragmentation,50,0.7,0.5,chessboard,992,1,2
81,1886,38,36,12,75,44,898,40,post_fragmentation,50,0.7,0.5,chessboard,775,1,2
81,1886,38,36,12,75,44,898,40,post_fragmentation,50,0.7,0.5,chessboard,785,1,2
81,1886,38,36,12,75,44,898,40,post_fragmentation,50,0.7,0.5,chessboard,798,1,2
81,1886,38,36,12,75,44,898,40,post_fragmentation,50,0.7,0.5,chessboard,799,1,2
81,1886,38,36,12,75,44,898,40,post_fragmentation,50,0.7,0.5,chessboard,800,2,2
81,1886,38,36,12,75,44,898,40,post_fragmentation,50,0.7,0.5,chessboard,801,1,2
81,1886,38,36,12,75,44,898,40,post_fragmentation,50,0.7,0.5,chessboard,806,2,2
81,1886,38,36,12,75,44,898,40,post_fragmentation,50,0.7,0.5,chessboard,807,1,2
81,1886,38,36,12,75,44,898,40,post_fragmentation,50,0.7,0.5,chessboard,817,1,2
81,1886,38,36,12,75,44,898,40,post_fragmentation,50,0.7,0.5,chessboard,824,1,2
81,1886,38,36,12,75,44,898,40,post_fragmentation,50,0.7,0.5,chessboard,834,1,2
81,1886,38,36,12,75,44,898,40,post_fragmentation,50,0.7,0.5,chessboard,836,1,2
81,1886,38,36,12,75,44,898,40,post_fragmentation,50,0.7,0.5,chessboard,842,1,2
81,1886,38,36,12,75,44,898,40,post_fragmentation,50,0.7,0.5,chessboard,861,1,2
81,1886,38,36,12,75,44,898,40,post_fragmentation,50,0.7,0.5,chessboard,873,1,2
81,1886,38,36,12,75,44,898,40,post_fragmentation,50,0.7,0.5,chessboard,876,2,2
81,1886,38,36,12,75,44,898,40,post_fragmentation,50,0.7,0.5,chessboard,884,1,2
81,1886,38,36,12,75,44,898,40,post_fragmentation,50,0.7,0.5,chessboard,903,1,2
81,1886,38,36,12,75,44,898,40,post_fragmentation,50,0.7,0.5,chessboard,905,1,2
81,1886,38,36,12,75,44,898,40,post_fragmentation,50,0.7,0.5,chessboard,907,2,2
81,1886,38,36,12,75,44,898,40,post_fragmentation,50,0.7,0.5,chessboard,931,3,2
81,1886,38,36,12,75,44,898,40,post_fragmentation,50,0.7,0.5,chessboard,935,1,2
81,1886,38,36,12,75,44,898,40,post_fragmentation,50,0.7,0.5,chessboard,936,1,2
81,1886,38,36,12,75,44,898,40,post_fragmentation,50,0.7,0.5,chessboard,942,1,2
81,1886,38,36,12,75,44,898,40,post_fragmentation,50,0.7,0.5,chessboard,945,1,2
81,1886,38,36,12,75,44,898,40,post_fragmentation,50,0.7,0.5,chessboard,951,1,2
81,1886,38,36,12,75,44,898,40,post_fragmentation,50,0.7,0.5,chessboard,953,1,2
81,1886,38,36,12,75,44,898,40,post_fragmentation,50,0.7,0.5,chessboard,959,1,2
81,1886,38,36,12,75,44,898,40,post_fragmentation,50,0.7,0.5,chessboard,994,1,2
82,1888,38,38,12,75,44,898,40,post_fragmentation,50,0.7,0.5,chessboard,687,1,2
82,1888,38,38,12,75,44,898,40,post_fragmentation,50,0.7,0.5,chessboard,738,1,2
82,1888,38,38,12,75,44,898,40,post_fragmentation,50,0.7,0.5,chessboard,759,1,2
82,1888,38,38,12,75,44,898,40,post_fragmentation,50,0.7,0.5,chessboard,770,1,2
82,1888,38,38,12,75,44,898,40,post_fragmentation,50,0.7,0.5,chessboard,775,1,2
82,1888,38,38,12,75,44,898,40,post_fragmentation,50,0.7,0.5,chessboard,785,3,2
82,1888,38,38,12,75,44,898,40,post_fragmentation,50,0.7,0.5,chessboard,796,1,2
82,1888,38,38,12,75,44,898,40,post_fragmentation,50,0.7,0.5,chessboard,797,3,2
82,1888,38,38,12,75,44,898,40,post_fragmentation,50,0.7,0.5,chessboard,800,1,2
82,1888,38,38,12,75,44,898,40,post_fragmentation,50,0.7,0.5,chessboard,803,1,2
82,1888,38,38,12,75,44,898,40,post_fragmentation,50,0.7,0.5,chessboard,804,1,2
82,1888,38,38,12,75,44,898,40,post_fragmentation,50,0.7,0.5,chessboard,807,2,2
82,1888,38,38,12,75,44,898,40,post_fragmentation,50,0.7,0.5,chessboard,808,1,2
82,1888,38,38,12,75,44,898,40,post_fragmentation,50,0.7,0.5,chessboard,822,2,2
82,1888,38,38,12,75,44,898,40,post_fragmentation,50,0.7,0.5,chessboard,834,1,2
82,1888,38,38,12,75,44,898,40,post_fragmentation,50,0.7,0.5,chessboard,835,1,2
82,1888,38,38,12,75,44,898,40,post_fragmentation,50,0.7,0.5,chessboard,837,1,2
82,1888,38,38,12,75,44,898,40,post_fragmentation,50,0.7,0.5,chessboard,839,1,2
82,1888,38,38,12,75,44,898,40,post_fragmentation,50,0.7,0.5,chessboard,846,2,2
82,1888,38,38,12,75,44,898,40,post_fragmentation,50,0.7,0.5,chessboard,851,2,2
82,1888,38,38,12,75,44,898,40,post_fragmentation,50,0.7,0.5,chessboard,855,3,2
82,1888,38,38,12,75,44,898,40,post_fragmentation,50,0.7,0.5,chessboard,857,1,2
82,1888,38,38,12,75,44,898,40,post_fragmentation,50,0.7,0.5,chessboard,876,1,2
82,1888,38,38,12,75,44,898,40,post_fragmentation,50,0.7,0.5,chessboard,879,1,2
82,1888,38,38,12,75,44,898,40,post_fragmentation,50,0.7,0.5,chessboard,907,1,2
83,1890,38,40,12,75,44,898,40,post_fragmentation,50,0.7,0.5,chessboard,612,1,2
83,1890,38,40,12,75,44,898,40,post_fragmentation,50,0.7,0.5,chessboard,656,1,2
83,1890,38,40,12,75,44,898,40,post_fragmentation,50,0.7,0.5,chessboard,666,1,2
83,1890,38,40,12,75,44,898,40,post_fragmentation,50,0.7,0.5,chessboard,681,2,2
83,1890,38,40,12,75,44,898,40,post_fragmentation,50,0.7,0.5,chessboard,687,2,2
83,1890,38,40,12,75,44,898,40,post_fragmentation,50,0.7,0.5,chessboard,690,1,2
83,1890,38,40,12,75,44,898,40,post_fragmentation,50,0.7,0.5,chessboard,695,1,2
83,1890,38,40,12,75,44,898,40,post_fragmentation,50,0.7,0.5,chessboard,701,1,2
83,1890,38,40,12,75,44,898,40,post_fragmentation,50,0.7,0.5,chessboard,713,2,2
83,1890,38,40,12,75,44,898,40,post_fragmentation,50,0.7,0.5,chessboard,721,1,2
83,1890,38,40,12,75,44,898,40,post_fragmentation,50,0.7,0.5,chessboard,725,1,2
83,1890,38,40,12,75,44,898,40,post_fragmentation,50,0.7,0.5,chessboard,736,1,2
83,1890,38,40,12,75,44,898,40,post_fragmentation,50,0.7,0.5,chessboard,738,2,2
83,1890,38,40,12,75,44,898,40,post_fragmentation,50,0.7,0.5,chessboard,739,1,2
83,1890,38,40,12,75,44,898,40,post_fragmentation,50,0.7,0.5,chessboard,747,3,2
83,1890,38,40,12,75,44,898,40,post_fragmentation,50,0.7,0.5,chessboard,756,1,2
83,1890,38,40,12,75,44,898,40,post_fragmentation,50,0.7,0.5,chessboard,775,1,2
83,1890,38,40,12,75,44,898,40,post_fragmentation,50,0.7,0.5,chessboard,779,1,2
83,1890,38,40,12,75,44,898,40,post_fragmentation,50,0.7,0.5,chessboard,785,3,2
83,1890,38,40,12,75,44,898,40,post_fragmentation,50,0.7,0.5,chessboard,787,1,2
83,1890,38,40,12,75,44,898,40,post_fragmentation,50,0.7,0.5,chessboard,796,2,2
83,1890,38,40,12,75,44,898,40,post_fragmentation,50,0.7,0.5,chessboard,797,1,2
83,1890,38,40,12,75,44,898,40,post_fragmentation,50,0.7,0.5,chessboard,807,1,2
83,1890,38,40,12,75,44,898,40,post_fragmentation,50,0.7,0.5,chessboard,808,2,2
83,1890,38,40,12,75,44,898,40,post_fragmentation,50,0.7,0.5,chessboard,811,1,2
83,1890,38,40,12,75,44,898,40,post_fragmentation,50,0.7,0.5,chessboard,824,2,2
83,1890,38,40,12,75,44,898,40,post_fragmentation,50,0.7,0.5,chessboard,825,1,2
83,1890,38,40,12,75,44,898,40,post_fragmentation,50,0.7,0.5,chessboard,834,1,2
83,1890,38,40,12,75,44,898,40,post_fragmentation,50,0.7,0.5,chessboard,835,1,2
83,1890,38,40,12,75,44,898,40,post_fragmentation,50,0.7,0.5,chessboard,841,1,2
84,1907,39,7,1,216,44,898,40,post_fragmentation,50,0.7,0.5,chessboard,219,1,2
84,1907,39,7,1,216,44,898,40,post_fragmentation,50,0.7,0.5,chessboard,309,1,2
84,1907,39,7,1,216,44,898,40,post_fragmentation,50,0.7,0.5,chessboard,318,1,2
84,1907,39,7,1,216,44,898,40,post_fragmentation,50,0.7,0.5,chessboard,351,1,2
84,1907,39,7,1,216,44,898,40,post_fragmentation,50,0.7,0.5,chessboard,366,1,2
84,1907,39,7,1,216,44,898,40,post_fragmentation,50,0.7,0.5,chessboard,373,2,2
84,1907,39,7,1,216,44,898,40,post_fragmentation,50,0.7,0.5,chessboard,380,1,2
84,1907,39,7,1,216,44,898,40,post_fragmentation,50,0.7,0.5,chessboard,383,1,2
84,1907,39,7,1,216,44,898,40,post_fragmentation,50,0.7,0.5,chessboard,386,1,2
84,1907,39,7,1,216,44,898,40,post_fragmentation,50,0.7,0.5,chessboard,388,2,2
84,1907,39,7,1,216,44,898,40,post_fragmentation,50,0.7,0.5,chessboard,397,1,2
84,1907,39,7,1,216,44,898,40,post_fragmentation,50,0.7,0.5,chessboard,401,3,2
84,1907,39,7,1,216,44,898,40,post_fragmentation,50,0.7,0.5,chessboard,402,2,2
84,1907,39,7,1,216,44,898,40,post_fragmentation,50,0.7,0.5,chessboard,404,2,2
84,1907,39,7,1,216,44,898,40,post_fragmentation,50,0.7,0.5,chessboard,405,2,2
84,1907,39,7,1,216,44,898,40,post_fragmentation,50,0.7,0.5,chessboard,406,2,2
84,1907,39,7,1,216,44,898,40,post_fragmentation,50,0.7,0.5,chessboard,413,1,2
84,1907,39,7,1,216,44,898,40,post_fragmentation,50,0.7,0.5,chessboard,419,1,2
84,1907,39,7,1,216,44,898,40,post_fragmentation,50,0.7,0.5,chessboard,434,1,2
84,1907,39,7,1,216,44,898,40,post_fragmentation,50,0.7,0.5,chessboard,453,1,2
84,1907,39,7,1,216,44,898,40,post_fragmentation,50,0.7,0.5,chessboard,470,1,2
84,1907,39,7,1,216,44,898,40,post_fragmentation,50,0.7,0.5,chessboard,474,1,2
84,1907,39,7,1,216,44,898,40,post_fragmentation,50,0.7,0.5,chessboard,486,1,2
84,1907,39,7,1,216,44,898,40,post_fragmentation,50,0.7,0.5,chessboard,520,1,2
84,1907,39,7,1,216,44,898,40,post_fragmentation,50,0.7,0.5,chessboard,526,1,2
84,1907,39,7,1,216,44,898,40,post_fragmentation,50,0.7,0.5,chessboard,543,2,2
84,1907,39,7,1,216,44,898,40,post_fragmentation,50,0.7,0.5,chessboard,576,1,2
84,1907,39,7,1,216,44,898,40,post_fragmentation,50,0.7,0.5,chessboard,581,1,2
84,1907,39,7,1,216,44,898,40,post_fragmentation,50,0.7,0.5,chessboard,638,1,2
85,1923,39,23,10,20,44,898,40,post_fragmentation,50,0.7,0.5,chessboard,822,1,2
85,1923,39,23,10,20,44,898,40,post_fragmentation,50,0.7,0.5,chessboard,827,1,2
85,1923,39,23,10,20,44,898,40,post_fragmentation,50,0.7,0.5,chessboard,829,1,2
85,1923,39,23,10,20,44,898,40,post_fragmentation,50,0.7,0.5,chessboard,831,6,2
85,1923,39,23,10,20,44,898,40,post_fragmentation,50,0.7,0.5,chessboard,834,1,2
85,1923,39,23,10,20,44,898,40,post_fragmentation,50,0.7,0.5,chessboard,845,1,2
85,1923,39,23,10,20,44,898,40,post_fragmentation,50,0.7,0.5,chessboard,847,1,2
85,1923,39,23,10,20,44,898,40,post_fragmentation,50,0.7,0.5,chessboard,853,1,2
85,1923,39,23,10,20,44,898,40,post_fragmentation,50,0.7,0.5,chessboard,855,1,2
85,1923,39,23,10,20,44,898,40,post_fragmentation,50,0.7,0.5,chessboard,862,4,2
85,1923,39,23,10,20,44,898,40,post_fragmentation,50,0.7,0.5,chessboard,866,1,2
85,1923,39,23,10,20,44,898,40,post_fragmentation,50,0.7,0.5,chessboard,872,1,2
85,1923,39,23,10,20,44,898,40,post_fragmentation,50,0.7,0.5,chessboard,878,1,2
85,1923,39,23,10,20,44,898,40,post_fragmentation,50,0.7,0.5,chessboard,881,1,2
85,1923,39,23,10,20,44,898,40,post_fragmentation,50,0.7,0.5,chessboard,883,1,2
85,1923,39,23,10,20,44,898,40,post_fragmentation,50,0.7,0.5,chessboard,884,1,2
85,1923,39,23,10,20,44,898,40,post_fragmentation,50,0.7,0.5,chessboard,888,1,2
85,1923,39,23,10,20,44,898,40,post_fragmentation,50,0.7,0.5,chessboard,891,1,2
85,1923,39,23,10,20,44,898,40,post_fragmentation,50,0.7,0.5,chessboard,896,2,2
85,1923,39,23,10,20,44,898,40,post_fragmentation,50,0.7,0.5,chessboard,906,4,2
85,1923,39,23,10,20,44,898,40,post_fragmentation,50,0.7,0.5,chessboard,909,1,2
85,1923,39,23,10,20,44,898,40,post_fragmentation,50,0.7,0.5,chessboard,911,1,2
85,1923,39,23,10,20,44,898,40,post_fragmentation,50,0.7,0.5,chessboard,919,1,2
85,1923,39,23,10,20,44,898,40,post_fragmentation,50,0.7,0.5,chessboard,922,1,2
85,1923,39,23,10,20,44,898,40,post_fragmentation,50,0.7,0.5,chessboard,934,1,2
85,1923,39,23,10,20,44,898,40,post_fragmentation,50,0.7,0.5,chessboard,940,1,2
85,1923,39,23,10,20,44,898,40,post_fragmentation,50,0.7,0.5,chessboard,944,1,2
85,1923,39,23,10,20,44,898,40,post_fragmentation,50,0.7,0.5,chessboard,950,1,2
86,1925,39,25,10,20,44,898,40,post_fragmentation,50,0.7,0.5,chessboard,726,1,2
86,1925,39,25,10,20,44,898,40,post_fragmentation,50,0.7,0.5,chessboard,786,1,2
86,1925,39,25,10,20,44,898,40,post_fragmentation,50,0.7,0.5,chessboard,805,1,2
86,1925,39,25,10,20,44,898,40,post_fragmentation,50,0.7,0.5,chessboard,806,2,2
86,1925,39,25,10,20,44,898,40,post_fragmentation,50,0.7,0.5,chessboard,807,1,2
86,1925,39,25,10,20,44,898,40,post_fragmentation,50,0.7,0.5,chessboard,808,3,2
86,1925,39,25,10,20,44,898,40,post_fragmentation,50,0.7,0.5,chessboard,822,1,2
86,1925,39,25,10,20,44,898,40,post_fragmentation,50,0.7,0.5,chessboard,831,1,2
86,1925,39,25,10,20,44,898,40,post_fragmentation,50,0.7,0.5,chessboard,840,1,2
86,1925,39,25,10,20,44,898,40,post_fragmentation,50,0.7,0.5,chessboard,842,2,2
86,1925,39,25,10,20,44,898,40,post_fragmentation,50,0.7,0.5,chessboard,853,1,2
86,1925,39,25,10,20,44,898,40,post_fragmentation,50,0.7,0.5,chessboard,857,2,2
86,1925,39,25,10,20,44,898,40,post_fragmentation,50,0.7,0.5,chessboard,862,2,2
86,1925,39,25,10,20,44,898,40,post_fragmentation,50,0.7,0.5,chessboard,866,1,2
86,1925,39,25,10,20,44,898,40,post_fragmentation,50,0.7,0.5,chessboard,869,1,2
86,1925,39,25,10,20,44,898,40,post_fragmentation,50,0.7,0.5,chessboard,873,1,2
86,1925,39,25,10,20,44,898,40,post_fragmentation,50,0.7,0.5,chessboard,874,1,2
86,1925,39,25,10,20,44,898,40,post_fragmentation,50,0.7,0.5,chessboard,876,1,2
86,1925,39,25,10,20,44,898,40,post_fragmentation,50,0.7,0.5,chessboard,878,1,2
86,1925,39,25,10,20,44,898,40,post_fragmentation,50,0.7,0.5,chessboard,884,2,2
86,1925,39,25,10,20,44,898,40,post_fragmentation,50,0.7,0.5,chessboard,886,1,2
86,1925,39,25,10,20,44,898,40,post_fragmentation,50,0.7,0.5,chessboard,887,1,2
86,1925,39,25,10,20,44,898,40,post_fragmentation,50,0.7,0.5,chessboard,892,2,2
86,1925,39,25,10,20,44,898,40,post_fragmentation,50,0.7,0.5,chessboard,899,1,2
86,1925,39,25,10,20,44,898,40,post_fragmentation,50,0.7,0.5,chessboard,904,3,2
86,1925,39,25,10,20,44,898,40,post_fragmentation,50,0.7,0.5,chessboard,911,1,2
86,1925,39,25,10,20,44,898,40,post_fragmentation,50,0.7,0.5,chessboard,912,1,2
86,1925,39,25,10,20,44,898,40,post_fragmentation,50,0.7,0.5,chessboard,918,1,2
86,1925,39,25,10,20,44,898,40,post_fragmentation,50,0.7,0.5,chessboard,940,1,2
86,1925,39,25,10,20,44,898,40,post_fragmentation,50,0.7,0.5,chessboard,944,1,2
86,1925,39,25,10,20,44,898,40,post_fragmentation,50,0.7,0.5,chessboard,966,1,2
87,1927,39,27,10,20,44,898,40,post_fragmentation,50,0.7,0.5,chessboard,713,2,2
87,1927,39,27,10,20,44,898,40,post_fragmentation,50,0.7,0.5,chessboard,806,1,2
87,1927,39,27,10,20,44,898,40,post_fragmentation,50,0.7,0.5,chessboard,808,1,2
87,1927,39,27,10,20,44,898,40,post_fragmentation,50,0.7,0.5,chessboard,821,1,2
87,1927,39,27,10,20,44,898,40,post_fragmentation,50,0.7,0.5,chessboard,834,1,2
87,1927,39,27,10,20,44,898,40,post_fragmentation,50,0.7,0.5,chessboard,839,1,2
87,1927,39,27,10,20,44,898,40,post_fragmentation,50,0.7,0.5,chessboard,848,1,2
87,1927,39,27,10,20,44,898,40,post_fragmentation,50,0.7,0.5,chessboard,850,1,2
87,1927,39,27,10,20,44,898,40,post_fragmentation,50,0.7,0.5,chessboard,851,1,2
87,1927,39,27,10,20,44,898,40,post_fragmentation,50,0.7,0.5,chessboard,857,1,2
87,1927,39,27,10,20,44,898,40,post_fragmentation,50,0.7,0.5,chessboard,860,1,2
87,1927,39,27,10,20,44,898,40,post_fragmentation,50,0.7,0.5,chessboard,865,2,2
87,1927,39,27,10,20,44,898,40,post_fragmentation,50,0.7,0.5,chessboard,866,1,2
87,1927,39,27,10,20,44,898,40,post_fragmentation,50,0.7,0.5,chessboard,873,1,2
87,1927,39,27,10,20,44,898,40,post_fragmentation,50,0.7,0.5,chessboard,878,1,2
87,1927,39,27,10,20,44,898,40,post_fragmentation,50,0.7,0.5,chessboard,884,1,2
87,1927,39,27,10,20,44,898,40,post_fragmentation,50,0.7,0.5,chessboard,885,3,2
87,1927,39,27,10,20,44,898,40,post_fragmentation,50,0.7,0.5,chessboard,889,4,2
87,1927,39,27,10,20,44,898,40,post_fragmentation,50,0.7,0.5,chessboard,891,3,2
87,1927,39,27,10,20,44,898,40,post_fragmentation,50,0.7,0.5,chessboard,892,1,2
87,1927,39,27,10,20,44,898,40,post_fragmentation,50,0.7,0.5,chessboard,908,2,2
87,1927,39,27,10,20,44,898,40,post_fragmentation,50,0.7,0.5,chessboard,911,1,2
87,1927,39,27,10,20,44,898,40,post_fragmentation,50,0.7,0.5,chessboard,919,1,2
87,1927,39,27,10,20,44,898,40,post_fragmentation,50,0.7,0.5,chessboard,929,1,2
87,1927,39,27,10,20,44,898,40,post_fragmentation,50,0.7,0.5,chessboard,934,1,2
87,1927,39,27,10,20,44,898,40,post_fragmentation,50,0.7,0.5,chessboard,955,1,2
87,1927,39,27,10,20,44,898,40,post_fragmentation,50,0.7,0.5,chessboard,965,1,2
88,1929,39,29,10,20,44,898,40,post_fragmentation,50,0.7,0.5,chessboard,787,1,2
88,1929,39,29,10,20,44,898,40,post_fragmentation,50,0.7,0.5,chessboard,820,1,2
88,1929,39,29,10,20,44,898,40,post_fragmentation,50,0.7,0.5,chessboard,823,1,2
88,1929,39,29,10,20,44,898,40,post_fragmentation,50,0.7,0.5,chessboard,853,1,2
88,1929,39,29,10,20,44,898,40,post_fragmentation,50,0.7,0.5,chessboard,861,2,2
88,1929,39,29,10,20,44,898,40,post_fragmentation,50,0.7,0.5,chessboard,862,2,2
88,1929,39,29,10,20,44,898,40,post_fragmentation,50,0.7,0.5,chessboard,865,1,2
88,1929,39,29,10,20,44,898,40,post_fragmentation,50,0.7,0.5,chessboard,866,1,2
88,1929,39,29,10,20,44,898,40,post_fragmentation,50,0.7,0.5,chessboard,873,1,2
88,1929,39,29,10,20,44,898,40,post_fragmentation,50,0.7,0.5,chessboard,884,1,2
88,1929,39,29,10,20,44,898,40,post_fragmentation,50,0.7,0.5,chessboard,887,1,2
88,1929,39,29,10,20,44,898,40,post_fragmentation,50,0.7,0.5,chessboard,891,1,2
88,1929,39,29,10,20,44,898,40,post_fragmentation,50,0.7,0.5,chessboard,892,1,2
88,1929,39,29,10,20,44,898,40,post_fragmentation,50,0.7,0.5,chessboard,894,1,2
88,1929,39,29,10,20,44,898,40,post_fragmentation,50,0.7,0.5,chessboard,910,1,2
88,1929,39,29,10,20,44,898,40,post_fragmentation,50,0.7,0.5,chessboard,911,1,2
88,1929,39,29,10,20,44,898,40,post_fragmentation,50,0.7,0.5,chessboard,912,1,2
88,1929,39,29,10,20,44,898,40,post_fragmentation,50,0.7,0.5,chessboard,927,1,2
88,1929,39,29,10,20,44,898,40,post_fragmentation,50,0.7,0.5,chessboard,933,1,2
88,1929,39,29,10,20,44,898,40,post_fragmentation,50,0.7,0.5,chessboard,943,2,2
88,1929,39,29,10,20,44,898,40,post_fragmentation,50,0.7,0.5,chessboard,945,2,2
88,1929,39,29,10,20,44,898,40,post_fragmentation,50,0.7,0.5,chessboard,952,1,2
88,1929,39,29,10,20,44,898,40,post_fragmentation,50,0.7,0.5,chessboard,953,3,2
88,1929,39,29,10,20,44,898,40,post_fragmentation,50,0.7,0.5,chessboard,954,2,2
88,1929,39,29,10,20,44,898,40,post_fragmentation,50,0.7,0.5,chessboard,959,2,2
88,1929,39,29,10,20,44,898,40,post_fragmentation,50,0.7,0.5,chessboard,965,1,2
88,1929,39,29,10,20,44,898,40,post_fragmentation,50,0.7,0.5,chessboard,967,1,2
89,1937,39,37,12,75,44,898,40,post_fragmentation,50,0.7,0.5,chessboard,648,1,2
89,1937,39,37,12,75,44,898,40,post_fragmentation,50,0.7,0.5,chessboard,736,1,2
89,1937,39,37,12,75,44,898,40,post_fragmentation,50,0.7,0.5,chessboard,747,2,2
89,1937,39,37,12,75,44,898,40,post_fragmentation,50,0.7,0.5,chessboard,775,1,2
89,1937,39,37,12,75,44,898,40,post_fragmentation,50,0.7,0.5,chessboard,785,1,2
89,1937,39,37,12,75,44,898,40,post_fragmentation,50,0.7,0.5,chessboard,787,1,2
89,1937,39,37,12,75,44,898,40,post_fragmentation,50,0.7,0.5,chessboard,796,1,2
89,1937,39,37,12,75,44,898,40,post_fragmentation,50,0.7,0.5,chessboard,803,2,2
89,1937,39,37,12,75,44,898,40,post_fragmentation,50,0.7,0.5,chessboard,808,1,2
89,1937,39,37,12,75,44,898,40,post_fragmentation,50,0.7,0.5,chessboard,831,2,2
89,1937,39,37,12,75,44,898,40,post_fragmentation,50,0.7,0.5,chessboard,834,1,2
89,1937,39,37,12,75,44,898,40,post_fragmentation,50,0.7,0.5,chessboard,835,1,2
89,1937,39,37,12,75,44,898,40,post_fragmentation,50,0.7,0.5,chessboard,845,1,2
89,1937,39,37,12,75,44,898,40,post_fragmentation,50,0.7,0.5,chessboard,846,1,2
89,1937,39,37,12,75,44,898,40,post_fragmentation,50,0.7,0.5,chessboard,851,2,2
89,1937,39,37,12,75,44,898,40,post_fragmentation,50,0.7,0.5,chessboard,861,2,2
89,1937,39,37,12,75,44,898,40,post_fragmentation,50,0.7,0.5,chessboard,866,2,2
89,1937,39,37,12,75,44,898,40,post_fragmentation,50,0.7,0.5,chessboard,874,1,2
89,1937,39,37,12,75,44,898,40,post_fragmentation,50,0.7,0.5,chessboard,881,1,2
89,1937,39,37,12,75,44,898,40,post_fragmentation,50,0.7,0.5,chessboard,882,1,2
89,1937,39,37,12,75,44,898,40,post_fragmentation,50,0.7,0.5,chessboard,884,2,2
89,1937,39,37,12,75,44,898,40,post_fragmentation,50,0.7,0.5,chessboard,889,1,2
89,1937,39,37,12,75,44,898,40,post_fragmentation,50,0.7,0.5,chessboard,893,1,2
89,1937,39,37,12,75,44,898,40,post_fragmentation,50,0.7,0.5,chessboard,906,1,2
89,1937,39,37,12,75,44,898,40,post_fragmentation,50,0.7,0.5,chessboard,907,1,2
89,1937,39,37,12,75,44,898,40,post_fragmentation,50,0.7,0.5,chessboard,917,1,2
89,1937,39,37,12,75,44,898,40,post_fragmentation,50,0.7,0.5,chessboard,927,2,2
89,1937,39,37,12,75,44,898,40,post_fragmentation,50,0.7,0.5,chessboard,931,1,2
89,1937,39,37,12,75,44,898,40,post_fragmentation,50,0.7,0.5,chessboard,940,1,2
89,1937,39,37,12,75,44,898,40,post_fragmentation,50,0.7,0.5,chessboard,942,1,2
89,1937,39,37,12,75,44,898,40,post_fragmentation,50,0.7,0.5,chessboard,943,1,2
89,1937,39,37,12,75,44,898,40,post_fragmentation,50,0.7,0.5,chessboard,996,1,2
90,1939,39,39,12,75,44,898,40,post_fragmentation,50,0.7,0.5,chessboard,690,1,2
90,1939,39,39,12,75,44,898,40,post_fragmentation,50,0.7,0.5,chessboard,728,1,2
90,1939,39,39,12,75,44,898,40,post_fragmentation,50,0.7,0.5,chessboard,741,1,2
90,1939,39,39,12,75,44,898,40,post_fragmentation,50,0.7,0.5,chessboard,748,1,2
90,1939,39,39,12,75,44,898,40,post_fragmentation,50,0.7,0.5,chessboard,770,1,2
90,1939,39,39,12,75,44,898,40,post_fragmentation,50,0.7,0.5,chessboard,775,1,2
90,1939,39,39,12,75,44,898,40,post_fragmentation,50,0.7,0.5,chessboard,778,1,2
90,1939,39,39,12,75,44,898,40,post_fragmentation,50,0.7,0.5,chessboard,780,2,2
90,1939,39,39,12,75,44,898,40,post_fragmentation,50,0.7,0.5,chessboard,785,10,2
90,1939,39,39,12,75,44,898,40,post_fragmentation,50,0.7,0.5,chessboard,799,2,2
90,1939,39,39,12,75,44,898,40,post_fragmentation,50,0.7,0.5,chessboard,800,1,2
90,1939,39,39,12,75,44,898,40,post_fragmentation,50,0.7,0.5,chessboard,807,1,2
90,1939,39,39,12,75,44,898,40,post_fragmentation,50,0.7,0.5,chessboard,808,5,2
90,1939,39,39,12,75,44,898,40,post_fragmentation,50,0.7,0.5,chessboard,811,1,2
90,1939,39,39,12,75,44,898,40,post_fragmentation,50,0.7,0.5,chessboard,817,2,2
90,1939,39,39,12,75,44,898,40,post_fragmentation,50,0.7,0.5,chessboard,818,1,2
90,1939,39,39,12,75,44,898,40,post_fragmentation,50,0.7,0.5,chessboard,820,1,2
90,1939,39,39,12,75,44,898,40,post_fragmentation,50,0.7,0.5,chessboard,835,3,2
90,1939,39,39,12,75,44,898,40,post_fragmentation,50,0.7,0.5,chessboard,884,1,2
90,1939,39,39,12,75,44,898,40,post_fragmentation,50,0.7,0.5,chessboard,893,1,2
90,1939,39,39,12,75,44,898,40,post_fragmentation,50,0.7,0.5,chessboard,951,1,2
91,1941,39,41,12,75,44,898,40,post_fragmentation,50,0.7,0.5,chessboard,524,1,2
91,1941,39,41,12,75,44,898,40,post_fragmentation,50,0.7,0.5,chessboard,651,1,2
91,1941,39,41,12,75,44,898,40,post_fragmentation,50,0.7,0.5,chessboard,661,3,2
91,1941,39,41,12,75,44,898,40,post_fragmentation,50,0.7,0.5,chessboard,663,1,2
91,1941,39,41,12,75,44,898,40,post_fragmentation,50,0.7,0.5,chessboard,665,2,2
91,1941,39,41,12,75,44,898,40,post_fragmentation,50,0.7,0.5,chessboard,681,2,2
91,1941,39,41,12,75,44,898,40,post_fragmentation,50,0.7,0.5,chessboard,687,5,2
91,1941,39,41,12,75,44,898,40,post_fragmentation,50,0.7,0.5,chessboard,690,5,2
91,1941,39,41,12,75,44,898,40,post_fragmentation,50,0.7,0.5,chessboard,698,1,2
91,1941,39,41,12,75,44,898,40,post_fragmentation,50,0.7,0.5,chessboard,713,1,2
91,1941,39,41,12,75,44,898,40,post_fragmentation,50,0.7,0.5,chessboard,721,1,2
91,1941,39,41,12,75,44,898,40,post_fragmentation,50,0.7,0.5,chessboard,736,1,2
91,1941,39,41,12,75,44,898,40,post_fragmentation,50,0.7,0.5,chessboard,747,1,2
91,1941,39,41,12,75,44,898,40,post_fragmentation,50,0.7,0.5,chessboard,748,1,2
91,1941,39,41,12,75,44,898,40,post_fragmentation,50,0.7,0.5,chessboard,749,1,2
91,1941,39,41,12,75,44,898,40,post_fragmentation,50,0.7,0.5,chessboard,767,1,2
91,1941,39,41,12,75,44,898,40,post_fragmentation,50,0.7,0.5,chessboard,770,1,2
91,1941,39,41,12,75,44,898,40,post_fragmentation,50,0.7,0.5,chessboard,772,1,2
91,1941,39,41,12,75,44,898,40,post_fragmentation,50,0.7,0.5,chessboard,775,1,2
91,1941,39,41,12,75,44,898,40,post_fragmentation,50,0.7,0.5,chessboard,779,1,2
91,1941,39,41,12,75,44,898,40,post_fragmentation,50,0.7,0.5,chessboard,785,4,2
91,1941,39,41,12,75,44,898,40,post_fragmentation,50,0.7,0.5,chessboard,796,1,2
91,1941,39,41,12,75,44,898,40,post_fragmentation,50,0.7,0.5,chessboard,803,1,2
91,1941,39,41,12,75,44,898,40,post_fragmentation,50,0.7,0.5,chessboard,811,1,2
91,1941,39,41,12,75,44,898,40,post_fragmentation,50,0.7,0.5,chessboard,835,1,2
91,1941,39,41,12,75,44,898,40,post_fragmentation,50,0.7,0.5,chessboard,906,1,2
92,1958,40,8,1,216,44,898,40,post_fragmentation,50,0.7,0.5,chessboard,322,1,2
92,1958,40,8,1,216,44,898,40,post_fragmentation,50,0.7,0.5,chessboard,351,1,2
92,1958,40,8,1,216,44,898,40,post_fragmentation,50,0.7,0.5,chessboard,373,1,2
92,1958,40,8,1,216,44,898,40,post_fragmentation,50,0.7,0.5,chessboard,378,1,2
92,1958,40,8,1,216,44,898,40,post_fragmentation,50,0.7,0.5,chessboard,379,1,2
92,1958,40,8,1,216,44,898,40,post_fragmentation,50,0.7,0.5,chessboard,380,2,2
92,1958,40,8,1,216,44,898,40,post_fragmentation,50,0.7,0.5,chessboard,386,1,2
92,1958,40,8,1,216,44,898,40,post_fragmentation,50,0.7,0.5,chessboard,404,1,2
92,1958,40,8,1,216,44,898,40,post_fragmentation,50,0.7,0.5,chessboard,405,1,2
92,1958,40,8,1,216,44,898,40,post_fragmentation,50,0.7,0.5,chessboard,419,1,2
92,1958,40,8,1,216,44,898,40,post_fragmentation,50,0.7,0.5,chessboard,442,1,2
92,1958,40,8,1,216,44,898,40,post_fragmentation,50,0.7,0.5,chessboard,443,1,2
92,1958,40,8,1,216,44,898,40,post_fragmentation,50,0.7,0.5,chessboard,452,2,2
92,1958,40,8,1,216,44,898,40,post_fragmentation,50,0.7,0.5,chessboard,469,1,2
92,1958,40,8,1,216,44,898,40,post_fragmentation,50,0.7,0.5,chessboard,470,6,2
92,1958,40,8,1,216,44,898,40,post_fragmentation,50,0.7,0.5,chessboard,471,1,2
92,1958,40,8,1,216,44,898,40,post_fragmentation,50,0.7,0.5,chessboard,500,2,2
92,1958,40,8,1,216,44,898,40,post_fragmentation,50,0.7,0.5,chessboard,505,1,2
92,1958,40,8,1,216,44,898,40,post_fragmentation,50,0.7,0.5,chessboard,520,2,2
92,1958,40,8,1,216,44,898,40,post_fragmentation,50,0.7,0.5,chessboard,524,2,2
92,1958,40,8,1,216,44,898,40,post_fragmentation,50,0.7,0.5,chessboard,526,1,2
92,1958,40,8,1,216,44,898,40,post_fragmentation,50,0.7,0.5,chessboard,533,1,2
92,1958,40,8,1,216,44,898,40,post_fragmentation,50,0.7,0.5,chessboard,546,1,2
92,1958,40,8,1,216,44,898,40,post_fragmentation,50,0.7,0.5,chessboard,552,1,2
92,1958,40,8,1,216,44,898,40,post_fragmentation,50,0.7,0.5,chessboard,556,1,2
92,1958,40,8,1,216,44,898,40,post_fragmentation,50,0.7,0.5,chessboard,557,2,2
92,1958,40,8,1,216,44,898,40,post_fragmentation,50,0.7,0.5,chessboard,561,1,2
92,1958,40,8,1,216,44,898,40,post_fragmentation,50,0.7,0.5,chessboard,581,1,2
92,1958,40,8,1,216,44,898,40,post_fragmentation,50,0.7,0.5,chessboard,601,2,2
93,1972,40,22,14,1,44,898,40,post_fragmentation,50,0.7,0.5,chessboard,786,1,2
93,1972,40,22,14,1,44,898,40,post_fragmentation,50,0.7,0.5,chessboard,809,1,2
93,1972,40,22,14,1,44,898,40,post_fragmentation,50,0.7,0.5,chessboard,814,1,2
93,1972,40,22,14,1,44,898,40,post_fragmentation,50,0.7,0.5,chessboard,821,1,2
93,1972,40,22,14,1,44,898,40,post_fragmentation,50,0.7,0.5,chessboard,822,2,2
93,1972,40,22,14,1,44,898,40,post_fragmentation,50,0.7,0.5,chessboard,831,1,2
93,1972,40,22,14,1,44,898,40,post_fragmentation,50,0.7,0.5,chessboard,844,1,2
93,1972,40,22,14,1,44,898,40,post_fragmentation,50,0.7,0.5,chessboard,853,2,2
93,1972,40,22,14,1,44,898,40,post_fragmentation,50,0.7,0.5,chessboard,855,1,2
93,1972,40,22,14,1,44,898,40,post_fragmentation,50,0.7,0.5,chessboard,858,1,2
93,1972,40,22,14,1,44,898,40,post_fragmentation,50,0.7,0.5,chessboard,861,2,2
93,1972,40,22,14,1,44,898,40,post_fragmentation,50,0.7,0.5,chessboard,869,1,2
93,1972,40,22,14,1,44,898,40,post_fragmentation,50,0.7,0.5,chessboard,871,2,2
93,1972,40,22,14,1,44,898,40,post_fragmentation,50,0.7,0.5,chessboard,873,1,2
93,1972,40,22,14,1,44,898,40,post_fragmentation,50,0.7,0.5,chessboard,876,3,2
93,1972,40,22,14,1,44,898,40,post_fragmentation,50,0.7,0.5,chessboard,881,2,2
93,1972,40,22,14,1,44,898,40,post_fragmentation,50,0.7,0.5,chessboard,883,2,2
93,1972,40,22,14,1,44,898,40,post_fragmentation,50,0.7,0.5,chessboard,887,1,2
93,1972,40,22,14,1,44,898,40,post_fragmentation,50,0.7,0.5,chessboard,888,2,2
93,1972,40,22,14,1,44,898,40,post_fragmentation,50,0.7,0.5,chessboard,889,1,2
93,1972,40,22,14,1,44,898,40,post_fragmentation,50,0.7,0.5,chessboard,903,1,2
93,1972,40,22,14,1,44,898,40,post_fragmentation,50,0.7,0.5,chessboard,905,2,2
93,1972,40,22,14,1,44,898,40,post_fragmentation,50,0.7,0.5,chessboard,906,1,2
93,1972,40,22,14,1,44,898,40,post_fragmentation,50,0.7,0.5,chessboard,919,1,2
93,1972,40,22,14,1,44,898,40,post_fragmentation,50,0.7,0.5,chessboard,934,1,2
93,1972,40,22,14,1,44,898,40,post_fragmentation,50,0.7,0.5,chessboard,935,2,2
93,1972,40,22,14,1,44,898,40,post_fragmentation,50,0.7,0.5,chessboard,941,1,2
93,1972,40,22,14,1,44,898,40,post_fragmentation,50,0.7,0.5,chessboard,945,3,2
93,1972,40,22,14,1,44,898,40,post_fragmentation,50,0.7,0.5,chessboard,966,1,2
94,1986,40,36,12,75,44,898,40,post_fragmentation,50,0.7,0.5,chessboard,643,1,2
94,1986,40,36,12,75,44,898,40,post_fragmentation,50,0.7,0.5,chessboard,736,1,2
94,1986,40,36,12,75,44,898,40,post_fragmentation,50,0.7,0.5,chessboard,748,1,2
94,1986,40,36,12,75,44,898,40,post_fragmentation,50,0.7,0.5,chessboard,749,2,2
94,1986,40,36,12,75,44,898,40,post_fragmentation,50,0.7,0.5,chessboard,779,1,2
94,1986,40,36,12,75,44,898,40,post_fragmentation,50,0.7,0.5,chessboard,785,1,2
94,1986,40,36,12,75,44,898,40,post_fragmentation,50,0.7,0.5,chessboard,796,2,2
94,1986,40,36,12,75,44,898,40,post_fragmentation,50,0.7,0.5,chessboard,799,1,2
94,1986,40,36,12,75,44,898,40,post_fragmentation,50,0.7,0.5,chessboard,807,1,2
94,1986,40,36,12,75,44,898,40,post_fragmentation,50,0.7,0.5,chessboard,808,2,2
94,1986,40,36,12,75,44,898,40,post_fragmentation,50,0.7,0.5,chessboard,817,1,2
94,1986,40,36,12,75,44,898,40,post_fragmentation,50,0.7,0.5,chessboard,824,1,2
94,1986,40,36,12,75,44,898,40,post_fragmentation,50,0.7,0.5,chessboard,835,1,2
94,1986,40,36,12,75,44,898,40,post_fragmentation,50,0.7,0.5,chessboard,839,3,2
94,1986,40,36,12,75,44,898,40,post_fragmentation,50,0.7,0.5,chessboard,840,1,2
94,1986,40,36,12,75,44,898,40,post_fragmentation,50,0.7,0.5,chessboard,846,1,2
94,1986,40,36,12,75,44,898,40,post_fragmentation,50,0.7,0.5,chessboard,866,4,2
94,1986,40,36,12,75,44,898,40,post_fragmentation,50,0.7,0.5,chessboard,876,1,2
94,1986,40,36,12,75,44,898,40,post_fragmentation,50,0.7,0.5,chessboard,880,1,2
94,1986,40,36,12,75,44,898,40,post_fragmentation,50,0.7,0.5,chessboard,882,1,2
94,1986,40,36,12,75,44,898,40,post_fragmentation,50,0.7,0.5,chessboard,885,1,2
94,1986,40,36,12,75,44,898,40,post_fragmentation,50,0.7,0.5,chessboard,889,2,2
94,1986,40,36,12,75,44,898,40,post_fragmentation,50,0.7,0.5,chessboard,907,1,2
94,1986,40,36,12,75,44,898,40,post_fragmentation,50,0.7,0.5,chessboard,917,1,2
94,1986,40,36,12,75,44,898,40,post_fragmentation,50,0.7,0.5,chessboard,920,2,2
94,1986,40,36,12,75,44,898,40,post_fragmentation,50,0.7,0.5,chessboard,927,3,2
94,1986,40,36,12,75,44,898,40,post_fragmentation,50,0.7,0.5,chessboard,953,1,2
95,1988,40,38,12,75,44,898,40,post_fragmentation,50,0.7,0.5,chessboard,632,1,2
95,1988,40,38,12,75,44,898,40,post_fragmentation,50,0.7,0.5,chessboard,687,1,2
95,1988,40,38,12,75,44,898,40,post_fragmentation,50,0.7,0.5,chessboard,705,1,2
95,1988,40,38,12,75,44,898,40,post_fragmentation,50,0.7,0.5,chessboard,715,1,2
95,1988,40,38,12,75,44,898,40,post_fragmentation,50,0.7,0.5,chessboard,728,1,2
95,1988,40,38,12,75,44,898,40,post_fragmentation,50,0.7,0.5,chessboard,736,1,2
95,1988,40,38,12,75,44,898,40,post_fragmentation,50,0.7,0.5,chessboard,740,1,2
95,1988,40,38,12,75,44,898,40,post_fragmentation,50,0.7,0.5,chessboard,747,1,2
95,1988,40,38,12,75,44,898,40,post_fragmentation,50,0.7,0.5,chessboard,774,1,2
95,1988,40,38,12,75,44,898,40,post_fragmentation,50,0.7,0.5,chessboard,775,1,2
95,1988,40,38,12,75,44,898,40,post_fragmentation,50,0.7,0.5,chessboard,779,3,2
95,1988,40,38,12,75,44,898,40,post_fragmentation,50,0.7,0.5,chessboard,785,2,2
95,1988,40,38,12,75,44,898,40,post_fragmentation,50,0.7,0.5,chessboard,796,3,2
95,1988,40,38,12,75,44,898,40,post_fragmentation,50,0.7,0.5,chessboard,807,2,2
95,1988,40,38,12,75,44,898,40,post_fragmentation,50,0.7,0.5,chessboard,808,3,2
95,1988,40,38,12,75,44,898,40,post_fragmentation,50,0.7,0.5,chessboard,811,4,2
95,1988,40,38,12,75,44,898,40,post_fragmentation,50,0.7,0.5,chessboard,817,4,2
95,1988,40,38,12,75,44,898,40,post_fragmentation,50,0.7,0.5,chessboard,820,2,2
95,1988,40,38,12,75,44,898,40,post_fragmentation,50,0.7,0.5,chessboard,834,1,2
95,1988,40,38,12,75,44,898,40,post_fragmentation,50,0.7,0.5,chessboard,835,1,2
95,1988,40,38,12,75,44,898,40,post_fragmentation,50,0.7,0.5,chessboard,845,1,2
95,1988,40,38,12,75,44,898,40,post_fragmentation,50,0.7,0.5,chessboard,879,1,2
95,1988,40,38,12,75,44,898,40,post_fragmentation,50,0.7,0.5,chessboard,927,1,2
96,1990,40,40,12,75,44,898,40,post_fragmentation,50,0.7,0.5,chessboard,559,1,2
96,1990,40,40,12,75,44,898,40,post_fragmentation,50,0.7,0.5,chessboard,626,1,2
96,1990,40,40,12,75,44,898,40,post_fragmentation,50,0.7,0.5,chessboard,661,2,2
96,1990,40,40,12,75,44,898,40,post_fragmentation,50,0.7,0.5,chessboard,690,2,2
96,1990,40,40,12,75,44,898,40,post_fragmentation,50,0.7,0.5,chessboard,691,1,2
96,1990,40,40,12,75,44,898,40,post_fragmentation,50,0.7,0.5,chessboard,695,1,2
96,1990,40,40,12,75,44,898,40,post_fragmentation,50,0.7,0.5,chessboard,713,2,2
96,1990,40,40,12,75,44,898,40,post_fragmentation,50,0.7,0.5,chessboard,721,3,2
96,1990,40,40,12,75,44,898,40,post_fragmentation,50,0.7,0.5,chessboard,725,1,2
96,1990,40,40,12,75,44,898,40,post_fragmentation,50,0.7,0.5,chessboard,747,6,2
96,1990,40,40,12,75,44,898,40,post_fragmentation,50,0.7,0.5,chessboard,749,1,2
96,1990,40,40,12,75,44,898,40,post_fragmentation,50,0.7,0.5,chessboard,775,3,2
96,1990,40,40,12,75,44,898,40,post_fragmentation,50,0.7,0.5,chessboard,785,2,2
96,1990,40,40,12,75,44,898,40,post_fragmentation,50,0.7,0.5,chessboard,802,1,2
96,1990,40,40,12,75,44,898,40,post_fragmentation,50,0.7,0.5,chessboard,807,4,2
96,1990,40,40,12,75,44,898,40,post_fragmentation,50,0.7,0.5,chessboard,817,2,2
96,1990,40,40,12,75,44,898,40,post_fragmentation,50,0.7,0.5,chessboard,825,2,2
96,1990,40,40,12,75,44,898,40,post_fragmentation,50,0.7,0.5,chessboard,835,1,2
97,2009,41,9,1,216,44,898,40,post_fragmentation,50,0.7,0.5,chessboard,309,1,2
97,2009,41,9,1,216,44,898,40,post_fragmentation,50,0.7,0.5,chessboard,318,1,2
97,2009,41,9,1,216,44,898,40,post_fragmentation,50,0.7,0.5,chessboard,413,1,2
97,2009,41,9,1,216,44,898,40,post_fragmentation,50,0.7,0.5,chessboard,419,2,2
97,2009,41,9,1,216,44,898,40,post_fragmentation,50,0.7,0.5,chessboard,434,2,2
97,2009,41,9,1,216,44,898,40,post_fragmentation,50,0.7,0.5,chessboard,446,3,2
97,2009,41,9,1,216,44,898,40,post_fragmentation,50,0.7,0.5,chessboard,470,4,2
97,2009,41,9,1,216,44,898,40,post_fragmentation,50,0.7,0.5,chessboard,505,1,2
97,2009,41,9,1,216,44,898,40,post_fragmentation,50,0.7,0.5,chessboard,520,7,2
97,2009,41,9,1,216,44,898,40,post_fragmentation,50,0.7,0.5,chessboard,533,1,2
97,2009,41,9,1,216,44,898,40,post_fragmentation,50,0.7,0.5,chessboard,543,1,2
97,2009,41,9,1,216,44,898,40,post_fragmentation,50,0.7,0.5,chessboard,546,1,2
97,2009,41,9,1,216,44,898,40,post_fragmentation,50,0.7,0.5,chessboard,556,1,2
97,2009,41,9,1,216,44,898,40,post_fragmentation,50,0.7,0.5,chessboard,557,2,2
97,2009,41,9,1,216,44,898,40,post_fragmentation,50,0.7,0.5,chessboard,601,1,2
97,2009,41,9,1,216,44,898,40,post_fragmentation,50,0.7,0.5,chessboard,629,1,2
97,2009,41,9,1,216,44,898,40,post_fragmentation,50,0.7,0.5,chessboard,674,1,2
97,2009,41,9,1,216,44,898,40,post_fragmentation,50,0.7,0.5,chessboard,697,1,2
98,2011,41,11,1,216,44,898,40,post_fragmentation,50,0.7,0.5,chessboard,520,2,2
98,2011,41,11,1,216,44,898,40,post_fragmentation,50,0.7,0.5,chessboard,525,1,2
98,2011,41,11,1,216,44,898,40,post_fragmentation,50,0.7,0.5,chessboard,526,1,2
98,2011,41,11,1,216,44,898,40,post_fragmentation,50,0.7,0.5,chessboard,541,1,2
98,2011,41,11,1,216,44,898,40,post_fragmentation,50,0.7,0.5,chessboard,543,4,2
98,2011,41,11,1,216,44,898,40,post_fragmentation,50,0.7,0.5,chessboard,546,2,2
98,2011,41,11,1,216,44,898,40,post_fragmentation,50,0.7,0.5,chessboard,556,1,2
98,2011,41,11,1,216,44,898,40,post_fragmentation,50,0.7,0.5,chessboard,557,2,2
98,2011,41,11,1,216,44,898,40,post_fragmentation,50,0.7,0.5,chessboard,575,1,2
98,2011,41,11,1,216,44,898,40,post_fragmentation,50,0.7,0.5,chessboard,580,1,2
98,2011,41,11,1,216,44,898,40,post_fragmentation,50,0.7,0.5,chessboard,581,2,2
98,2011,41,11,1,216,44,898,40,post_fragmentation,50,0.7,0.5,chessboard,601,3,2
98,2011,41,11,1,216,44,898,40,post_fragmentation,50,0.7,0.5,chessboard,651,3,2
98,2011,41,11,1,216,44,898,40,post_fragmentation,50,0.7,0.5,chessboard,674,3,2
98,2011,41,11,1,216,44,898,40,post_fragmentation,50,0.7,0.5,chessboard,681,2,2
98,2011,41,11,1,216,44,898,40,post_fragmentation,50,0.7,0.5,chessboard,687,5,2
98,2011,41,11,1,216,44,898,40,post_fragmentation,50,0.7,0.5,chessboard,697,1,2
98,2011,41,11,1,216,44,898,40,post_fragmentation,50,0.7,0.5,chessboard,703,1,2
98,2011,41,11,1,216,44,898,40,post_fragmentation,50,0.7,0.5,chessboard,765,1,2
98,2011,41,11,1,216,44,898,40,post_fragmentation,50,0.7,0.5,chessboard,775,1,2
99,2019,41,19,15,8,44,898,40,post_fragmentation,50,0.7,0.5,chessboard,772,1,2
99,2019,41,19,15,8,44,898,40,post_fragmentation,50,0.7,0.5,chessboard,805,3,2
99,2019,41,19,15,8,44,898,40,post_fragmentation,50,0.7,0.5,chessboard,812,4,2
99,2019,41,19,15,8,44,898,40,post_fragmentation,50,0.7,0.5,chessboard,819,1,2
99,2019,41,19,15,8,44,898,40,post_fragmentation,50,0.7,0.5,chessboard,820,1,2
99,2019,41,19,15,8,44,898,40,post_fragmentation,50,0.7,0.5,chessboard,822,1,2
99,2019,41,19,15,8,44,898,40,post_fragmentation,50,0.7,0.5,chessboard,833,1,2
99,2019,41,19,15,8,44,898,40,post_fragmentation,50,0.7,0.5,chessboard,836,3,2
99,2019,41,19,15,8,44,898,40,post_fragmentation,50,0.7,0.5,chessboard,837,2,2
99,2019,41,19,15,8,44,898,40,post_fragmentation,50,0.7,0.5,chessboard,849,1,2
99,2019,41,19,15,8,44,898,40,post_fragmentation,50,0.7,0.5,chessboard,853,1,2
99,2019,41,19,15,8,44,898,40,post_fragmentation,50,0.7,0.5,chessboard,855,2,2
99,2019,41,19,15,8,44,898,40,post_fragmentation,50,0.7,0.5,chessboard,870,1,2
99,2019,41,19,15,8,44,898,40,post_fragmentation,50,0.7,0.5,chessboard,871,1,2
99,2019,41,19,15,8,44,898,40,post_fragmentation,50,0.7,0.5,chessboard,876,1,2
99,2019,41,19,15,8,44,898,40,post_fragmentation,50,0.7,0.5,chessboard,879,2,2
99,2019,41,19,15,8,44,898,40,post_fragmentation,50,0.7,0.5,chessboard,886,1,2
99,2019,41,19,15,8,44,898,40,post_fragmentation,50,0.7,0.5,chessboard,888,2,2
99,2019,41,19,15,8,44,898,40,post_fragmentation,50,0.7,0.5,chessboard,889,2,2
99,2019,41,19,15,8,44,898,40,post_fragmentation,50,0.7,0.5,chessboard,890,1,2
99,2019,41,19,15,8,44,898,40,post_fragmentation,50,0.7,0.5,chessboard,901,1,2
100,2035,41,35,12,75,44,898,40,post_fragmentation,50,0.7,0.5,chessboard,651,1,2
100,2035,41,35,12,75,44,898,40,post_fragmentation,50,0.7,0.5,chessboard,655,1,2
100,2035,41,35,12,75,44,898,40,post_fragmentation,50,0.7,0.5,chessboard,708,1,2
100,2035,41,35,12,75,44,898,40,post_fragmentation,50,0.7,0.5,chessboard,749,2,2
100,2035,41,35,12,75,44,898,40,post_fragmentation,50,0.7,0.5,chessboard,785,5,2
100,2035,41,35,12,75,44,898,40,post_fragmentation,50,0.7,0.5,chessboard,789,1,2
100,2035,41,35,12,75,44,898,40,post_fragmentation,50,0.7,0.5,chessboard,796,6,2
100,2035,41,35,12,75,44,898,40,post_fragmentation,50,0.7,0.5,chessboard,800,1,2
100,2035,41,35,12,75,44,898,40,post_fragmentation,50,0.7,0.5,chessboard,802,2,2
100,2035,41,35,12,75,44,898,40,post_fragmentation,50,0.7,0.5,chessboard,808,1,2
100,2035,41,35,12,75,44,898,40,post_fragmentation,50,0.7,0.5,chessboard,811,1,2
100,2035,41,35,12,75,44,898,40,post_fragmentation,50,0.7,0.5,chessboard,817,1,2
100,2035,41,35,12,75,44,898,40,post_fragmentation,50,0.7,0.5,chessboard,831,1,2
100,2035,41,35,12,75,44,898,40,post_fragmentation,50,0.7,0.5,chessboard,835,1,2
100,2035,41,35,12,75,44,898,40,post_fragmentation,50,0.7,0.5,chessboard,839,1,2
100,2035,41,35,12,75,44,898,40,post_fragmentation,50,0.7,0.5,chessboard,849,2,2
100,2035,41,35,12,75,44,898,40,post_fragmentation,50,0.7,0.5,chessboard,865,1,2
100,2035,41,35,12,75,44,898,40,post_fragmentation,50,0.7,0.5,chessboard,866,3,2
100,2035,41,35,12,75,44,898,40,post_fragmentation,50,0.7,0.5,chessboard,876,2,2
100,2035,41,35,12,75,44,898,40,post_fragmentation,50,0.7,0.5,chessboard,880,1,2
100,2035,41,35,12,75,44,898,40,post_fragmentation,50,0.7,0.5,chessboard,885,1,2
100,2035,41,35,12,75,44,898,40,post_fragmentation,50,0.7,0.5,chessboard,919,1,2
100,2035,41,35,12,75,44,898,40,post_fragmentation,50,0.7,0.5,chessboard,931,1,2
100,2035,41,35,12,75,44,898,40,post_fragmentation,50,0.7,0.5,chessboard,940,1,2
100,2035,41,35,12,75,44,898,40,post_fragmentation,50,0.7,0.5,chessboard,943,1,2
101,2037,41,37,12,75,44,898,40,post_fragmentation,50,0.7,0.5,chessboard,629,1,2
101,2037,41,37,12,75,44,898,40,post_fragmentation,50,0.7,0.5,chessboard,643,2,2
101,2037,41,37,12,75,44,898,40,post_fragmentation,50,0.7,0.5,chessboard,671,2,2
101,2037,41,37,12,75,44,898,40,post_fragmentation,50,0.7,0.5,chessboard,682,1,2
101,2037,41,37,12,75,44,898,40,post_fragmentation,50,0.7,0.5,chessboard,713,2,2
101,2037,41,37,12,75,44,898,40,post_fragmentation,50,0.7,0.5,chessboard,737,1,2
101,2037,41,37,12,75,44,898,40,post_fragmentation,50,0.7,0.5,chessboard,738,1,2
101,2037,41,37,12,75,44,898,40,post_fragmentation,50,0.7,0.5,chessboard,740,1,2
101,2037,41,37,12,75,44,898,40,post_fragmentation,50,0.7,0.5,chessboard,741,1,2
101,2037,41,37,12,75,44,898,40,post_fragmentation,50,0.7,0.5,chessboard,748,2,2
101,2037,41,37,12,75,44,898,40,post_fragmentation,50,0.7,0.5,chessboard,749,2,2
101,2037,41,37,12,75,44,898,40,post_fragmentation,50,0.7,0.5,chessboard,775,2,2
101,2037,41,37,12,75,44,898,40,post_fragmentation,50,0.7,0.5,chessboard,785,1,2
101,2037,41,37,12,75,44,898,40,post_fragmentation,50,0.7,0.5,chessboard,796,2,2
101,2037,41,37,12,75,44,898,40,post_fragmentation,50,0.7,0.5,chessboard,797,1,2
101,2037,41,37,12,75,44,898,40,post_fragmentation,50,0.7,0.5,chessboard,798,2,2
101,2037,41,37,12,75,44,898,40,post_fragmentation,50,0.7,0.5,chessboard,799,1,2
101,2037,41,37,12,75,44,898,40,post_fragmentation,50,0.7,0.5,chessboard,801,1,2
101,2037,41,37,12,75,44,898,40,post_fragmentation,50,0.7,0.5,chessboard,806,1,2
101,2037,41,37,12,75,44,898,40,post_fragmentation,50,0.7,0.5,chessboard,807,1,2
101,2037,41,37,12,75,44,898,40,post_fragmentation,50,0.7,0.5,chessboard,811,1,2
101,2037,41,37,12,75,44,898,40,post_fragmentation,50,0.7,0.5,chessboard,824,1,2
101,2037,41,37,12,75,44,898,40,post_fragmentation,50,0.7,0.5,chessboard,834,1,2
101,2037,41,37,12,75,44,898,40,post_fragmentation,50,0.7,0.5,chessboard,865,1,2
101,2037,41,37,12,75,44,898,40,post_fragmentation,50,0.7,0.5,chessboard,876,1,2
101,2037,41,37,12,75,44,898,40,post_fragmentation,50,0.7,0.5,chessboard,879,1,2
101,2037,41,37,12,75,44,898,40,post_fragmentation,50,0.7,0.5,chessboard,882,1,2
101,2037,41,37,12,75,44,898,40,post_fragmentation,50,0.7,0.5,chessboard,907,1,2
101,2037,41,37,12,75,44,898,40,post_fragmentation,50,0.7,0.5,chessboard,927,1,2
101,2037,41,37,12,75,44,898,40,post_fragmentation,50,0.7,0.5,chessboard,932,1,2
102,2039,41,39,12,75,44,898,40,post_fragmentation,50,0.7,0.5,chessboard,518,1,2
102,2039,41,39,12,75,44,898,40,post_fragmentation,50,0.7,0.5,chessboard,530,1,2
102,2039,41,39,12,75,44,898,40,post_fragmentation,50,0.7,0.5,chessboard,533,1,2
102,2039,41,39,12,75,44,898,40,post_fragmentation,50,0.7,0.5,chessboard,626,1,2
102,2039,41,39,12,75,44,898,40,post_fragmentation,50,0.7,0.5,chessboard,633,3,2
102,2039,41,39,12,75,44,898,40,post_fragmentation,50,0.7,0.5,chessboard,653,1,2
102,2039,41,39,12,75,44,898,40,post_fragmentation,50,0.7,0.5,chessboard,674,1,2
102,2039,41,39,12,75,44,898,40,post_fragmentation,50,0.7,0.5,chessboard,683,1,2
102,2039,41,39,12,75,44,898,40,post_fragmentation,50,0.7,0.5,chessboard,687,1,2
102,2039,41,39,12,75,44,898,40,post_fragmentation,50,0.7,0.5,chessboard,690,1,2
102,2039,41,39,12,75,44,898,40,post_fragmentation,50,0.7,0.5,chessboard,691,1,2
102,2039,41,39,12,75,44,898,40,post_fragmentation,50,0.7,0.5,chessboard,699,1,2
102,2039,41,39,12,75,44,898,40,post_fragmentation,50,0.7,0.5,chessboard,713,2,2
102,2039,41,39,12,75,44,898,40,post_fragmentation,50,0.7,0.5,chessboard,736,2,2
102,2039,41,39,12,75,44,898,40,post_fragmentation,50,0.7,0.5,chessboard,737,1,2
102,2039,41,39,12,75,44,898,40,post_fragmentation,50,0.7,0.5,chessboard,740,2,2
102,2039,41,39,12,75,44,898,40,post_fragmentation,50,0.7,0.5,chessboard,747,1,2
102,2039,41,39,12,75,44,898,40,post_fragmentation,50,0.7,0.5,chessboard,748,1,2
102,2039,41,39,12,75,44,898,40,post_fragmentation,50,0.7,0.5,chessboard,749,1,2
102,2039,41,39,12,75,44,898,40,post_fragmentation,50,0.7,0.5,chessboard,772,1,2
102,2039,41,39,12,75,44,898,40,post_fragmentation,50,0.7,0.5,chessboard,775,2,2
102,2039,41,39,12,75,44,898,40,post_fragmentation,50,0.7,0.5,chessboard,785,5,2
102,2039,41,39,12,75,44,898,40,post_fragmentation,50,0.7,0.5,chessboard,796,3,2
102,2039,41,39,12,75,44,898,40,post_fragmentation,50,0.7,0.5,chessboard,799,1,2
102,2039,41,39,12,75,44,898,40,post_fragmentation,50,0.7,0.5,chessboard,808,2,2
103,2041,41,41,12,75,44,898,40,post_fragmentation,50,0.7,0.5,chessboard,457,1,2
103,2041,41,41,12,75,44,898,40,post_fragmentation,50,0.7,0.5,chessboard,518,1,2
103,2041,41,41,12,75,44,898,40,post_fragmentation,50,0.7,0.5,chessboard,594,1,2
103,2041,41,41,12,75,44,898,40,post_fragmentation,50,0.7,0.5,chessboard,625,3,2
103,2041,41,41,12,75,44,898,40,post_fragmentation,50,0.7,0.5,chessboard,629,1,2
103,2041,41,41,12,75,44,898,40,post_fragmentation,50,0.7,0.5,chessboard,633,1,2
103,2041,41,41,12,75,44,898,40,post_fragmentation,50,0.7,0.5,chessboard,637,2,2
103,2041,41,41,12,75,44,898,40,post_fragmentation,50,0.7,0.5,chessboard,653,1,2
103,2041,41,41,12,75,44,898,40,post_fragmentation,50,0.7,0.5,chessboard,661,2,2
103,2041,41,41,12,75,44,898,40,post_fragmentation,50,0.7,0.5,chessboard,674,2,2
103,2041,41,41,12,75,44,898,40,post_fragmentation,50,0.7,0.5,chessboard,687,5,2
103,2041,41,41,12,75,44,898,40,post_fragmentation,50,0.7,0.5,chessboard,690,7,2
103,2041,41,41,12,75,44,898,40,post_fragmentation,50,0.7,0.5,chessboard,691,1,2
103,2041,41,41,12,75,44,898,40,post_fragmentation,50,0.7,0.5,chessboard,708,1,2
103,2041,41,41,12,75,44,898,40,post_fragmentation,50,0.7,0.5,chessboard,713,1,2
103,2041,41,41,12,75,44,898,40,post_fragmentation,50,0.7,0.5,chessboard,721,1,2
103,2041,41,41,12,75,44,898,40,post_fragmentation,50,0.7,0.5,chessboard,733,3,2
103,2041,41,41,12,75,44,898,40,post_fragmentation,50,0.7,0.5,chessboard,748,1,2
103,2041,41,41,12,75,44,898,40,post_fragmentation,50,0.7,0.5,chessboard,770,1,2
103,2041,41,41,12,75,44,898,40,post_fragmentation,50,0.7,0.5,chessboard,775,4,2
103,2041,41,41,12,75,44,898,40,post_fragmentation,50,0.7,0.5,chessboard,800,1,2
103,2041,41,41,12,75,44,898,40,post_fragmentation,50,0.7,0.5,chessboard,825,1,2
104,2058,42,8,1,216,44,898,40,post_fragmentation,50,0.7,0.5,chessboard,237,1,2
104,2058,42,8,1,216,44,898,40,post_fragmentation,50,0.7,0.5,chessboard,267,1,2
104,2058,42,8,1,216,44,898,40,post_fragmentation,50,0.7,0.5,chessboard,303,2,2
104,2058,42,8,1,216,44,898,40,post_fragmentation,50,0.7,0.5,chessboard,306,1,2
104,2058,42,8,1,216,44,898,40,post_fragmentation,50,0.7,0.5,chessboard,307,1,2
104,2058,42,8,1,216,44,898,40,post_fragmentation,50,0.7,0.5,chessboard,351,2,2
104,2058,42,8,1,216,44,898,40,post_fragmentation,50,0.7,0.5,chessboard,353,1,2
104,2058,42,8,1,216,44,898,40,post_fragmentation,50,0.7,0.5,chessboard,366,1,2
104,2058,42,8,1,216,44,898,40,post_fragmentation,50,0.7,0.5,chessboard,370,3,2
104,2058,42,8,1,216,44,898,40,post_fragmentation,50,0.7,0.5,chessboard,375,1,2
104,2058,42,8,1,216,44,898,40,post_fragmentation,50,0.7,0.5,chessboard,380,1,2
104,2058,42,8,1,216,44,898,40,post_fragmentation,50,0.7,0.5,chessboard,382,2,2
104,2058,42,8,1,216,44,898,40,post_fragmentation,50,0.7,0.5,chessboard,402,1,2
104,2058,42,8,1,216,44,898,40,post_fragmentation,50,0.7,0.5,chessboard,405,4,2
104,2058,42,8,1,216,44,898,40,post_fragmentation,50,0.7,0.5,chessboard,413,5,2
104,2058,42,8,1,216,44,898,40,post_fragmentation,50,0.7,0.5,chessboard,424,2,2
104,2058,42,8,1,216,44,898,40,post_fragmentation,50,0.7,0.5,chessboard,434,2,2
104,2058,42,8,1,216,44,898,40,post_fragmentation,50,0.7,0.5,chessboard,447,2,2
104,2058,42,8,1,216,44,898,40,post_fragmentation,50,0.7,0.5,chessboard,452,1,2
104,2058,42,8,1,216,44,898,40,post_fragmentation,50,0.7,0.5,chessboard,470,2,2
104,2058,42,8,1,216,44,898,40,post_fragmentation,50,0.7,0.5,chessboard,524,1,2
104,2058,42,8,1,216,44,898,40,post_fragmentation,50,0.7,0.5,chessboard,533,1,2
104,2058,42,8,1,216,44,898,40,post_fragmentation,50,0.7,0.5,chessboard,543,1,2
104,2058,42,8,1,216,44,898,40,post_fragmentation,50,0.7,0.5,chessboard,546,1,2
104,2058,42,8,1,216,44,898,40,post_fragmentation,50,0.7,0.5,chessboard,637,1,2
105,2060,42,10,1,216,44,898,40,post_fragmentation,50,0.7,0.5,chessboard,341,1,2
105,2060,42,10,1,216,44,898,40,post_fragmentation,50,0.7,0.5,chessboard,373,1,2
105,2060,42,10,1,216,44,898,40,post_fragmentation,50,0.7,0.5,chessboard,413,1,2
105,2060,42,10,1,216,44,898,40,post_fragmentation,50,0.7,0.5,chessboard,434,1,2
105,2060,42,10,1,216,44,898,40,post_fragmentation,50,0.7,0.5,chessboard,495,1,2
105,2060,42,10,1,216,44,898,40,post_fragmentation,50,0.7,0.5,chessboard,525,1,2
105,2060,42,10,1,216,44,898,40,post_fragmentation,50,0.7,0.5,chessboard,533,5,2
105,2060,42,10,1,216,44,898,40,post_fragmentation,50,0.7,0.5,chessboard,538,2,2
105,2060,42,10,1,216,44,898,40,post_fragmentation,50,0.7,0.5,chessboard,541,2,2
105,2060,42,10,1,216,44,898,40,post_fragmentation,50,0.7,0.5,chessboard,543,2,2
105,2060,42,10,1,216,44,898,40,post_fragmentation,50,0.7,0.5,chessboard,546,1,2
105,2060,42,10,1,216,44,898,40,post_fragmentation,50,0.7,0.5,chessboard,557,3,2
105,2060,42,10,1,216,44,898,40,post_fragmentation,50,0.7,0.5,chessboard,576,1,2
105,2060,42,10,1,216,44,898,40,post_fragmentation,50,0.7,0.5,chessboard,579,1,2
105,2060,42,10,1,216,44,898,40,post_fragmentation,50,0.7,0.5,chessboard,581,2,2
105,2060,42,10,1,216,44,898,40,post_fragmentation,50,0.7,0.5,chessboard,601,4,2
105,2060,42,10,1,216,44,898,40,post_fragmentation,50,0.7,0.5,chessboard,637,2,2
105,2060,42,10,1,216,44,898,40,post_fragmentation,50,0.7,0.5,chessboard,638,1,2
105,2060,42,10,1,216,44,898,40,post_fragmentation,50,0.7,0.5,chessboard,639,1,2
105,2060,42,10,1,216,44,898,40,post_fragmentation,50,0.7,0.5,chessboard,674,2,2
105,2060,42,10,1,216,44,898,40,post_fragmentation,50,0.7,0.5,chessboard,793,1,2
106,2062,42,12,1,216,44,898,40,post_fragmentation,50,0.7,0.5,chessboard,449,1,2
106,2062,42,12,1,216,44,898,40,post_fragmentation,50,0.7,0.5,chessboard,533,3,2
106,2062,42,12,1,216,44,898,40,post_fragmentation,50,0.7,0.5,chessboard,541,2,2
106,2062,42,12,1,216,44,898,40,post_fragmentation,50,0.7,0.5,chessboard,543,2,2
106,2062,42,12,1,216,44,898,40,post_fragmentation,50,0.7,0.5,chessboard,546,2,2
106,2062,42,12,1,216,44,898,40,post_fragmentation,50,0.7,0.5,chessboard,557,1,2
106,2062,42,12,1,216,44,898,40,post_fragmentation,50,0.7,0.5,chessboard,576,3,2
106,2062,42,12,1,216,44,898,40,post_fragmentation,50,0.7,0.5,chessboard,580,1,2
106,2062,42,12,1,216,44,898,40,post_fragmentation,50,0.7,0.5,chessboard,581,2,2
106,2062,42,12,1,216,44,898,40,post_fragmentation,50,0.7,0.5,chessboard,615,2,2
106,2062,42,12,1,216,44,898,40,post_fragmentation,50,0.7,0.5,chessboard,616,1,2
106,2062,42,12,1,216,44,898,40,post_fragmentation,50,0.7,0.5,chessboard,639,1,2
106,2062,42,12,1,216,44,898,40,post_fragmentation,50,0.7,0.5,chessboard,669,1,2
106,2062,42,12,1,216,44,898,40,post_fragmentation,50,0.7,0.5,chessboard,674,7,2
106,2062,42,12,1,216,44,898,40,post_fragmentation,50,0.7,0.5,chessboard,678,2,2
106,2062,42,12,1,216,44,898,40,post_fragmentation,50,0.7,0.5,chessboard,681,1,2
106,2062,42,12,1,216,44,898,40,post_fragmentation,50,0.7,0.5,chessboard,688,1,2
106,2062,42,12,1,216,44,898,40,post_fragmentation,50,0.7,0.5,chessboard,705,2,2
107,2068,42,18,15,8,44,898,40,post_fragmentation,50,0.7,0.5,chessboard,712,2,2
107,2068,42,18,15,8,44,898,40,post_fragmentation,50,0.7,0.5,chessboard,720,1,2
107,2068,42,18,15,8,44,898,40,post_fragmentation,50,0.7,0.5,chessboard,744,3,2
107,2068,42,18,15,8,44,898,40,post_fragmentation,50,0.7,0.5,chessboard,779,1,2
107,2068,42,18,15,8,44,898,40,post_fragmentation,50,0.7,0.5,chessboard,783,3,2
107,2068,42,18,15,8,44,898,40,post_fragmentation,50,0.7,0.5,chessboard,785,1,2
107,2068,42,18,15,8,44,898,40,post_fragmentation,50,0.7,0.5,chessboard,788,1,2
107,2068,42,18,15,8,44,898,40,post_fragmentation,50,0.7,0.5,chessboard,799,1,2
107,2068,42,18,15,8,44,898,40,post_fragmentation,50,0.7,0.5,chessboard,802,1,2
107,2068,42,18,15,8,44,898,40,post_fragmentation,50,0.7,0.5,chessboard,805,1,2
107,2068,42,18,15,8,44,898,40,post_fragmentation,50,0.7,0.5,chessboard,810,1,2
107,2068,42,18,15,8,44,898,40,post_fragmentation,50,0.7,0.5,chessboard,812,1,2
107,2068,42,18,15,8,44,898,40,post_fragmentation,50,0.7,0.5,chessboard,819,3,2
107,2068,42,18,15,8,44,898,40,post_fragmentation,50,0.7,0.5,chessboard,835,1,2
107,2068,42,18,15,8,44,898,40,post_fragmentation,50,0.7,0.5,chessboard,836,2,2
107,2068,42,18,15,8,44,898,40,post_fragmentation,50,0.7,0.5,chessboard,842,1,2
107,2068,42,18,15,8,44,898,40,post_fragmentation,50,0.7,0.5,chessboard,844,2,2
107,2068,42,18,15,8,44,898,40,post_fragmentation,50,0.7,0.5,chessboard,845,1,2
107,2068,42,18,15,8,44,898,40,post_fragmentation,50,0.7,0.5,chessboard,850,4,2
107,2068,42,18,15,8,44,898,40,post_fragmentation,50,0.7,0.5,chessboard,853,1,2
107,2068,42,18,15,8,44,898,40,post_fragmentation,50,0.7,0.5,chessboard,855,1,2
107,2068,42,18,15,8,44,898,40,post_fragmentation,50,0.7,0.5,chessboard,857,1,2
107,2068,42,18,15,8,44,898,40,post_fragmentation,50,0.7,0.5,chessboard,861,3,2
107,2068,42,18,15,8,44,898,40,post_fragmentation,50,0.7,0.5,chessboard,866,1,2
107,2068,42,18,15,8,44,898,40,post_fragmentation,50,0.7,0.5,chessboard,871,1,2
107,2068,42,18,15,8,44,898,40,post_fragmentation,50,0.7,0.5,chessboard,874,1,2
107,2068,42,18,15,8,44,898,40,post_fragmentation,50,0.7,0.5,chessboard,888,1,2
108,2070,42,20,15,8,44,898,40,post_fragmentation,50,0.7,0.5,chessboard,786,1,2
108,2070,42,20,15,8,44,898,40,post_fragmentation,50,0.7,0.5,chessboard,790,1,2
108,2070,42,20,15,8,44,898,40,post_fragmentation,50,0.7,0.5,chessboard,808,1,2
108,2070,42,20,15,8,44,898,40,post_fragmentation,50,0.7,0.5,chessboard,821,1,2
108,2070,42,20,15,8,44,898,40,post_fragmentation,50,0.7,0.5,chessboard,822,2,2
108,2070,42,20,15,8,44,898,40,post_fragmentation,50,0.7,0.5,chessboard,845,3,2
108,2070,42,20,15,8,44,898,40,post_fragmentation,50,0.7,0.5,chessboard,850,1,2
108,2070,42,20,15,8,44,898,40,post_fragmentation,50,0.7,0.5,chessboard,851,1,2
108,2070,42,20,15,8,44,898,40,post_fragmentation,50,0.7,0.5,chessboard,866,4,2
108,2070,42,20,15,8,44,898,40,post_fragmentation,50,0.7,0.5,chessboard,869,1,2
108,2070,42,20,15,8,44,898,40,post_fragmentation,50,0.7,0.5,chessboard,870,1,2
108,2070,42,20,15,8,44,898,40,post_fragmentation,50,0.7,0.5,chessboard,872,1,2
108,2070,42,20,15,8,44,898,40,post_fragmentation,50,0.7,0.5,chessboard,874,2,2
108,2070,42,20,15,8,44,898,40,post_fragmentation,50,0.7,0.5,chessboard,876,2,2
108,2070,42,20,15,8,44,898,40,post_fragmentation,50,0.7,0.5,chessboard,879,1,2
108,2070,42,20,15,8,44,898,40,post_fragmentation,50,0.7,0.5,chessboard,881,1,2
108,2070,42,20,15,8,44,898,40,post_fragmentation,50,0.7,0.5,chessboard,886,1,2
108,2070,42,20,15,8,44,898,40,post_fragmentation,50,0.7,0.5,chessboard,890,2,2
108,2070,42,20,15,8,44,898,40,post_fragmentation,50,0.7,0.5,chessboard,904,1,2
108,2070,42,20,15,8,44,898,40,post_fragmentation,50,0.7,0.5,chessboard,905,2,2
108,2070,42,20,15,8,44,898,40,post_fragmentation,50,0.7,0.5,chessboard,906,1,2
108,2070,42,20,15,8,44,898,40,post_fragmentation,50,0.7,0.5,chessboard,930,1,2
108,2070,42,20,15,8,44,898,40,post_fragmentation,50,0.7,0.5,chessboard,940,1,2
108,2070,42,20,15,8,44,898,40,post_fragmentation,50,0.7,0.5,chessboard,941,1,2
108,2070,42,20,15,8,44,898,40,post_fragmentation,50,0.7,0.5,chessboard,984,1,2
108,2070,42,20,15,8,44,898,40,post_fragmentation,50,0.7,0.5,chessboard,993,1,2
109,2086,42,36,12,75,44,898,40,post_fragmentation,50,0.7,0.5,chessboard,594,1,2
109,2086,42,36,12,75,44,898,40,post_fragmentation,50,0.7,0.5,chessboard,642,1,2
109,2086,42,36,12,75,44,898,40,post_fragmentation,50,0.7,0.5,chessboard,651,1,2
109,2086,42,36,12,75,44,898,40,post_fragmentation,50,0.7,0.5,chessboard,676,4,2
109,2086,42,36,12,75,44,898,40,post_fragmentation,50,0.7,0.5,chessboard,682,1,2
109,2086,42,36,12,75,44,898,40,post_fragmentation,50,0.7,0.5,chessboard,699,1,2
109,2086,42,36,12,75,44,898,40,post_fragmentation,50,0.7,0.5,chessboard,713,5,2
109,2086,42,36,12,75,44,898,40,post_fragmentation,50,0.7,0.5,chessboard,728,1,2
109,2086,42,36,12,75,44,898,40,post_fragmentation,50,0.7,0.5,chessboard,740,1,2
109,2086,42,36,12,75,44,898,40,post_fragmentation,50,0.7,0.5,chessboard,741,1,2
109,2086,42,36,12,75,44,898,40,post_fragmentation,50,0.7,0.5,chessboard,747,1,2
109,2086,42,36,12,75,44,898,40,post_fragmentation,50,0.7,0.5,chessboard,749,3,2
109,2086,42,36,12,75,44,898,40,post_fragmentation,50,0.7,0.5,chessboard,770,1,2
109,2086,42,36,12,75,44,898,40,post_fragmentation,50,0.7,0.5,chessboard,785,2,2
109,2086,42,36,12,75,44,898,40,post_fragmentation,50,0.7,0.5,chessboard,790,2,2
109,2086,42,36,12,75,44,898,40,post_fragmentation,50,0.7,0.5,chessboard,796,2,2
109,2086,42,36,12,75,44,898,40,post_fragmentation,50,0.7,0.5,chessboard,799,1,2
109,2086,42,36,12,75,44,898,40,post_fragmentation,50,0.7,0.5,chessboard,800,1,2
109,2086,42,36,12,75,44,898,40,post_fragmentation,50,0.7,0.5,chessboard,801,1,2
109,2086,42,36,12,75,44,898,40,post_fragmentation,50,0.7,0.5,chessboard,808,1,2
109,2086,42,36,12,75,44,898,40,post_fragmentation,50,0.7,0.5,chessboard,817,1,2
109,2086,42,36,12,75,44,898,40,post_fragmentation,50,0.7,0.5,chessboard,835,1,2
109,2086,42,36,12,75,44,898,40,post_fragmentation,50,0.7,0.5,chessboard,866,1,2
109,2086,42,36,12,75,44,898,40,post_fragmentation,50,0.7,0.5,chessboard,906,1,2
109,2086,42,36,12,75,44,898,40,post_fragmentation,50,0.7,0.5,chessboard,909,1,2
110,2088,42,38,12,75,44,898,40,post_fragmentation,50,0.7,0.5,chessboard,595,1,2
110,2088,42,38,12,75,44,898,40,post_fragmentation,50,0.7,0.5,chessboard,613,1,2
110,2088,42,38,12,75,44,898,40,post_fragmentation,50,0.7,0.5,chessboard,625,2,2
110,2088,42,38,12,75,44,898,40,post_fragmentation,50,0.7,0.5,chessboard,637,1,2
110,2088,42,38,12,75,44,898,40,post_fragmentation,50,0.7,0.5,chessboard,651,3,2
110,2088,42,38,12,75,44,898,40,post_fragmentation,50,0.7,0.5,chessboard,653,1,2
110,2088,42,38,12,75,44,898,40,post_fragmentation,50,0.7,0.5,chessboard,674,2,2
110,2088,42,38,12,75,44,898,40,post_fragmentation,50,0.7,0.5,chessboard,675,1,2
110,2088,42,38,12,75,44,898,40,post_fragmentation,50,0.7,0.5,chessboard,683,1,2
110,2088,42,38,12,75,44,898,40,post_fragmentation,50,0.7,0.5,chessboard,687,2,2
110,2088,42,38,12,75,44,898,40,post_fragmentation,50,0.7,0.5,chessboard,690,1,2
110,2088,42,38,12,75,44,898,40,post_fragmentation,50,0.7,0.5,chessboard,721,1,2
110,2088,42,38,12,75,44,898,40,post_fragmentation,50,0.7,0.5,chessboard,736,5,2
110,2088,42,38,12,75,44,898,40,post_fragmentation,50,0.7,0.5,chessboard,741,1,2
110,2088,42,38,12,75,44,898,40,post_fragmentation,50,0.7,0.5,chessboard,747,4,2
110,2088,42,38,12,75,44,898,40,post_fragmentation,50,0.7,0.5,chessboard,785,2,2
110,2088,42,38,12,75,44,898,40,post_fragmentation,50,0.7,0.5,chessboard,796,1,2
110,2088,42,38,12,75,44,898,40,post_fragmentation,50,0.7,0.5,chessboard,803,1,2
110,2088,42,38,12,75,44,898,40,post_fragmentation,50,0.7,0.5,chessboard,808,1,2
110,2088,42,38,12,75,44,898,40,post_fragmentation,50,0.7,0.5,chessboard,866,1,2
110,2088,42,38,12,75,44,898,40,post_fragmentation,50,0.7,0.5,chessboard,906,1,2
111,2090,42,40,12,75,44,898,40,post_fragmentation,50,0.7,0.5,chessboard,510,1,2
111,2090,42,40,12,75,44,898,40,post_fragmentation,50,0.7,0.5,chessboard,520,1,2
111,2090,42,40,12,75,44,898,40,post_fragmentation,50,0.7,0.5,chessboard,594,2,2
111,2090,42,40,12,75,44,898,40,post_fragmentation,50,0.7,0.5,chessboard,602,1,2
111,2090,42,40,12,75,44,898,40,post_fragmentation,50,0.7,0.5,chessboard,626,2,2
111,2090,42,40,12,75,44,898,40,post_fragmentation,50,0.7,0.5,chessboard,637,1,2
111,2090,42,40,12,75,44,898,40,post_fragmentation,50,0.7,0.5,chessboard,651,3,2
111,2090,42,40,12,75,44,898,40,post_fragmentation,50,0.7,0.5,chessboard,653,1,2
111,2090,42,40,12,75,44,898,40,post_fragmentation,50,0.7,0.5,chessboard,656,1,2
111,2090,42,40,12,75,44,898,40,post_fragmentation,50,0.7,0.5,chessboard,674,2,2
111,2090,42,40,12,75,44,898,40,post_fragmentation,50,0.7,0.5,chessboard,675,2,2
111,2090,42,40,12,75,44,898,40,post_fragmentation,50,0.7,0.5,chessboard,682,2,2
111,2090,42,40,12,75,44,898,40,post_fragmentation,50,0.7,0.5,chessboard,683,1,2
111,2090,42,40,12,75,44,898,40,post_fragmentation,50,0.7,0.5,chessboard,687,2,2
111,2090,42,40,12,75,44,898,40,post_fragmentation,50,0.7,0.5,chessboard,690,1,2
111,2090,42,40,12,75,44,898,40,post_fragmentation,50,0.7,0.5,chessboard,695,2,2
111,2090,42,40,12,75,44,898,40,post_fragmentation,50,0.7,0.5,chessboard,713,2,2
111,2090,42,40,12,75,44,898,40,post_fragmentation,50,0.7,0.5,chessboard,721,1,2
111,2090,42,40,12,75,44,898,40,post_fragmentation,50,0.7,0.5,chessboard,741,1,2
111,2090,42,40,12,75,44,898,40,post_fragmentation,50,0.7,0.5,chessboard,747,1,2
111,2090,42,40,12,75,44,898,40,post_fragmentation,50,0.7,0.5,chessboard,775,2,2
111,2090,42,40,12,75,44,898,40,post_fragmentation,50,0.7,0.5,chessboard,797,1,2
112,2092,42,42,12,75,44,898,40,post_fragmentation,50,0.7,0.5,chessboard,412,1,2
112,2092,42,42,12,75,44,898,40,post_fragmentation,50,0.7,0.5,chessboard,492,2,2
112,2092,42,42,12,75,44,898,40,post_fragmentation,50,0.7,0.5,chessboard,512,1,2
112,2092,42,42,12,75,44,898,40,post_fragmentation,50,0.7,0.5,chessboard,533,1,2
112,2092,42,42,12,75,44,898,40,post_fragmentation,50,0.7,0.5,chessboard,545,2,2
112,2092,42,42,12,75,44,898,40,post_fragmentation,50,0.7,0.5,chessboard,547,1,2
112,2092,42,42,12,75,44,898,40,post_fragmentation,50,0.7,0.5,chessboard,559,4,2
112,2092,42,42,12,75,44,898,40,post_fragmentation,50,0.7,0.5,chessboard,585,1,2
112,2092,42,42,12,75,44,898,40,post_fragmentation,50,0.7,0.5,chessboard,594,3,2
112,2092,42,42,12,75,44,898,40,post_fragmentation,50,0.7,0.5,chessboard,595,1,2
112,2092,42,42,12,75,44,898,40,post_fragmentation,50,0.7,0.5,chessboard,602,2,2
112,2092,42,42,12,75,44,898,40,post_fragmentation,50,0.7,0.5,chessboard,625,5,2
112,2092,42,42,12,75,44,898,40,post_fragmentation,50,0.7,0.5,chessboard,629,1,2
112,2092,42,42,12,75,44,898,40,post_fragmentation,50,0.7,0.5,chessboard,637,2,2
112,2092,42,42,12,75,44,898,40,post_fragmentation,50,0.7,0.5,chessboard,651,1,2
112,2092,42,42,12,75,44,898,40,post_fragmentation,50,0.7,0.5,chessboard,656,3,2
112,2092,42,42,12,75,44,898,40,post_fragmentation,50,0.7,0.5,chessboard,690,1,2
112,2092,42,42,12,75,44,898,40,post_fragmentation,50,0.7,0.5,chessboard,701,1,2
112,2092,42,42,12,75,44,898,40,post_fragmentation,50,0.7,0.5,chessboard,713,1,2
112,2092,42,42,12,75,44,898,40,post_fragmentation,50,0.7,0.5,chessboard,775,1,2
113,2109,43,9,1,216,44,898,40,post_fragmentation,50,0.7,0.5,chessboard,293,1,2
113,2109,43,9,1,216,44,898,40,post_fragmentation,50,0.7,0.5,chessboard,335,1,2
113,2109,43,9,1,216,44,898,40,post_fragmentation,50,0.7,0.5,chessboard,371,2,2
113,2109,43,9,1,216,44,898,40,post_fragmentation,50,0.7,0.5,chessboard,382,3,2
113,2109,43,9,1,216,44,898,40,post_fragmentation,50,0.7,0.5,chessboard,401,2,2
113,2109,43,9,1,216,44,898,40,post_fragmentation,50,0.7,0.5,chessboard,402,1,2
113,2109,43,9,1,216,44,898,40,post_fragmentation,50,0.7,0.5,chessboard,405,2,2
113,2109,43,9,1,216,44,898,40,post_fragmentation,50,0.7,0.5,chessboard,413,2,2
113,2109,43,9,1,216,44,898,40,post_fragmentation,50,0.7,0.5,chessboard,419,2,2
113,2109,43,9,1,216,44,898,40,post_fragmentation,50,0.7,0.5,chessboard,424,2,2
113,2109,43,9,1,216,44,898,40,post_fragmentation,50,0.7,0.5,chessboard,434,1,2
113,2109,43,9,1,216,44,898,40,post_fragmentation,50,0.7,0.5,chessboard,438,1,2
113,2109,43,9,1,216,44,898,40,post_fragmentation,50,0.7,0.5,chessboard,446,3,2
113,2109,43,9,1,216,44,898,40,post_fragmentation,50,0.7,0.5,chessboard,469,1,2
113,2109,43,9,1,216,44,898,40,post_fragmentation,50,0.7,0.5,chessboard,505,1,2
113,2109,43,9,1,216,44,898,40,post_fragmentation,50,0.7,0.5,chessboard,520,1,2
113,2109,43,9,1,216,44,898,40,post_fragmentation,50,0.7,0.5,chessboard,524,3,2
113,2109,43,9,1,216,44,898,40,post_fragmentation,50,0.7,0.5,chessboard,533,1,2
113,2109,43,9,1,216,44,898,40,post_fragmentation,50,0.7,0.5,chessboard,543,2,2
113,2109,43,9,1,216,44,898,40,post_fragmentation,50,0.7,0.5,chessboard,557,3,2
114,2111,43,11,1,216,44,898,40,post_fragmentation,50,0.7,0.5,chessboard,385,1,2
114,2111,43,11,1,216,44,898,40,post_fragmentation,50,0.7,0.5,chessboard,405,1,2
114,2111,43,11,1,216,44,898,40,post_fragmentation,50,0.7,0.5,chessboard,413,1,2
114,2111,43,11,1,216,44,898,40,post_fragmentation,50,0.7,0.5,chessboard,438,1,2
114,2111,43,11,1,216,44,898,40,post_fragmentation,50,0.7,0.5,chessboard,452,1,2
114,2111,43,11,1,216,44,898,40,post_fragmentation,50,0.7,0.5,chessboard,470,1,2
114,2111,43,11,1,216,44,898,40,post_fragmentation,50,0.7,0.5,chessboard,486,1,2
114,2111,43,11,1,216,44,898,40,post_fragmentation,50,0.7,0.5,chessboard,495,1,2
114,2111,43,11,1,216,44,898,40,post_fragmentation,50,0.7,0.5,chessboard,517,2,2
114,2111,43,11,1,216,44,898,40,post_fragmentation,50,0.7,0.5,chessboard,520,3,2
114,2111,43,11,1,216,44,898,40,post_fragmentation,50,0.7,0.5,chessboard,526,2,2
114,2111,43,11,1,216,44,898,40,post_fragmentation,50,0.7,0.5,chessboard,533,5,2
114,2111,43,11,1,216,44,898,40,post_fragmentation,50,0.7,0.5,chessboard,535,1,2
114,2111,43,11,1,216,44,898,40,post_fragmentation,50,0.7,0.5,chessboard,543,1,2
114,2111,43,11,1,216,44,898,40,post_fragmentation,50,0.7,0.5,chessboard,546,5,2
114,2111,43,11,1,216,44,898,40,post_fragmentation,50,0.7,0.5,chessboard,557,1,2
114,2111,43,11,1,216,44,898,40,post_fragmentation,50,0.7,0.5,chessboard,575,5,2
114,2111,43,11,1,216,44,898,40,post_fragmentation,50,0.7,0.5,chessboard,576,1,2
114,2111,43,11,1,216,44,898,40,post_fragmentation,50,0.7,0.5,chessboard,581,1,2
114,2111,43,11,1,216,44,898,40,post_fragmentation,50,0.7,0.5,chessboard,638,1,2
114,2111,43,11,1,216,44,898,40,post_fragmentation,50,0.7,0.5,chessboard,678,1,2
114,2111,43,11,1,216,44,898,40,post_fragmentation,50,0.7,0.5,chessboard,687,1,2
115,2113,43,13,1,216,44,898,40,post_fragmentation,50,0.7,0.5,chessboard,471,1,2
115,2113,43,13,1,216,44,898,40,post_fragmentation,50,0.7,0.5,chessboard,491,1,2
115,2113,43,13,1,216,44,898,40,post_fragmentation,50,0.7,0.5,chessboard,517,2,2
115,2113,43,13,1,216,44,898,40,post_fragmentation,50,0.7,0.5,chessboard,533,2,2
115,2113,43,13,1,216,44,898,40,post_fragmentation,50,0.7,0.5,chessboard,541,1,2
115,2113,43,13,1,216,44,898,40,post_fragmentation,50,0.7,0.5,chessboard,543,1,2
115,2113,43,13,1,216,44,898,40,post_fragmentation,50,0.7,0.5,chessboard,546,4,2
115,2113,43,13,1,216,44,898,40,post_fragmentation,50,0.7,0.5,chessboard,581,2,2
115,2113,43,13,1,216,44,898,40,post_fragmentation,50,0.7,0.5,chessboard,601,1,2
115,2113,43,13,1,216,44,898,40,post_fragmentation,50,0.7,0.5,chessboard,619,4,2
115,2113,43,13,1,216,44,898,40,post_fragmentation,50,0.7,0.5,chessboard,639,1,2
115,2113,43,13,1,216,44,898,40,post_fragmentation,50,0.7,0.5,chessboard,661,1,2
115,2113,43,13,1,216,44,898,40,post_fragmentation,50,0.7,0.5,chessboard,669,3,2
115,2113,43,13,1,216,44,898,40,post_fragmentation,50,0.7,0.5,chessboard,674,8,2
115,2113,43,13,1,216,44,898,40,post_fragmentation,50,0.7,0.5,chessboard,678,2,2
115,2113,43,13,1,216,44,898,40,post_fragmentation,50,0.7,0.5,chessboard,681,2,2
115,2113,43,13,1,216,44,898,40,post_fragmentation,50,0.7,0.5,chessboard,687,1,2
115,2113,43,13,1,216,44,898,40,post_fragmentation,50,0.7,0.5,chessboard,794,1,2
116,2119,43,19,15,8,44,898,40,post_fragmentation,50,0.7,0.5,chessboard,701,1,2
116,2119,43,19,15,8,44,898,40,post_fragmentation,50,0.7,0.5,chessboard,744,1,2
116,2119,43,19,15,8,44,898,40,post_fragmentation,50,0.7,0.5,chessboard,762,3,2
116,2119,43,19,15,8,44,898,40,post_fragmentation,50,0.7,0.5,chessboard,779,1,2
116,2119,43,19,15,8,44,898,40,post_fragmentation,50,0.7,0.5,chessboard,785,1,2
116,2119,43,19,15,8,44,898,40,post_fragmentation,50,0.7,0.5,chessboard,786,2,2
116,2119,43,19,15,8,44,898,40,post_fragmentation,50,0.7,0.5,chessboard,797,1,2
116,2119,43,19,15,8,44,898,40,post_fragmentation,50,0.7,0.5,chessboard,805,1,2
116,2119,43,19,15,8,44,898,40,post_fragmentation,50,0.7,0.5,chessboard,812,1,2
116,2119,43,19,15,8,44,898,40,post_fragmentation,50,0.7,0.5,chessboard,815,1,2
116,2119,43,19,15,8,44,898,40,post_fragmentation,50,0.7,0.5,chessboard,821,1,2
116,2119,43,19,15,8,44,898,40,post_fragmentation,50,0.7,0.5,chessboard,822,2,2
116,2119,43,19,15,8,44,898,40,post_fragmentation,50,0.7,0.5,chessboard,835,1,2
116,2119,43,19,15,8,44,898,40,post_fragmentation,50,0.7,0.5,chessboard,836,1,2
116,2119,43,19,15,8,44,898,40,post_fragmentation,50,0.7,0.5,chessboard,843,1,2
116,2119,43,19,15,8,44,898,40,post_fragmentation,50,0.7,0.5,chessboard,844,1,2
116,2119,43,19,15,8,44,898,40,post_fragmentation,50,0.7,0.5,chessboard,850,2,2
116,2119,43,19,15,8,44,898,40,post_fragmentation,50,0.7,0.5,chessboard,853,1,2
116,2119,43,19,15,8,44,898,40,post_fragmentation,50,0.7,0.5,chessboard,860,2,2
116,2119,43,19,15,8,44,898,40,post_fragmentation,50,0.7,0.5,chessboard,866,1,2
116,2119,43,19,15,8,44,898,40,post_fragmentation,50,0.7,0.5,chessboard,874,2,2
116,2119,43,19,15,8,44,898,40,post_fragmentation,50,0.7,0.5,chessboard,876,1,2
116,2119,43,19,15,8,44,898,40,post_fragmentation,50,0.7,0.5,chessboard,881,1,2
116,2119,43,19,15,8,44,898,40,post_fragmentation,50,0.7,0.5,chessboard,886,1,2
116,2119,43,19,15,8,44,898,40,post_fragmentation,50,0.7,0.5,chessboard,888,1,2
116,2119,43,19,15,8,44,898,40,post_fragmentation,50,0.7,0.5,chessboard,890,1,2
116,2119,43,19,15,8,44,898,40,post_fragmentation,50,0.7,0.5,chessboard,918,1,2
116,2119,43,19,15,8,44,898,40,post_fragmentation,50,0.7,0.5,chessboard,924,1,2
116,2119,43,19,15,8,44,898,40,post_fragmentation,50,0.7,0.5,chessboard,930,1,2
116,2119,43,19,15,8,44,898,40,post_fragmentation,50,0.7,0.5,chessboard,935,1,2
116,2119,43,19,15,8,44,898,40,post_fragmentation,50,0.7,0.5,chessboard,941,1,2
117,2135,43,35,12,75,44,898,40,post_fragmentation,50,0.7,0.5,chessboard,596,1,2
117,2135,43,35,12,75,44,898,40,post_fragmentation,50,0.7,0.5,chessboard,625,1,2
117,2135,43,35,12,75,44,898,40,post_fragmentation,50,0.7,0.5,chessboard,637,3,2
117,2135,43,35,12,75,44,898,40,post_fragmentation,50,0.7,0.5,chessboard,642,1,2
117,2135,43,35,12,75,44,898,40,post_fragmentation,50,0.7,0.5,chessboard,655,1,2
117,2135,43,35,12,75,44,898,40,post_fragmentation,50,0.7,0.5,chessboard,663,1,2
117,2135,43,35,12,75,44,898,40,post_fragmentation,50,0.7,0.5,chessboard,674,3,2
117,2135,43,35,12,75,44,898,40,post_fragmentation,50,0.7,0.5,chessboard,682,4,2
117,2135,43,35,12,75,44,898,40,post_fragmentation,50,0.7,0.5,chessboard,691,2,2
117,2135,43,35,12,75,44,898,40,post_fragmentation,50,0.7,0.5,chessboard,695,3,2
117,2135,43,35,12,75,44,898,40,post_fragmentation,50,0.7,0.5,chessboard,705,1,2
117,2135,43,35,12,75,44,898,40,post_fragmentation,50,0.7,0.5,chessboard,717,1,2
117,2135,43,35,12,75,44,898,40,post_fragmentation,50,0.7,0.5,chessboard,728,1,2
117,2135,43,35,12,75,44,898,40,post_fragmentation,50,0.7,0.5,chessboard,733,2,2
117,2135,43,35,12,75,44,898,40,post_fragmentation,50,0.7,0.5,chessboard,736,2,2
117,2135,43,35,12,75,44,898,40,post_fragmentation,50,0.7,0.5,chessboard,741,1,2
117,2135,43,35,12,75,44,898,40,post_fragmentation,50,0.7,0.5,chessboard,747,2,2
117,2135,43,35,12,75,44,898,40,post_fragmentation,50,0.7,0.5,chessboard,749,1,2
117,2135,43,35,12,75,44,898,40,post_fragmentation,50,0.7,0.5,chessboard,785,2,2
117,2135,43,35,12,75,44,898,40,post_fragmentation,50,0.7,0.5,chessboard,796,3,2
117,2135,43,35,12,75,44,898,40,post_fragmentation,50,0.7,0.5,chessboard,817,1,2
117,2135,43,35,12,75,44,898,40,post_fragmentation,50,0.7,0.5,chessboard,865,1,2
117,2135,43,35,12,75,44,898,40,post_fragmentation,50,0.7,0.5,chessboard,876,1,2
118,2137,43,37,12,75,44,898,40,post_fragmentation,50,0.7,0.5,chessboard,504,1,2
118,2137,43,37,12,75,44,898,40,post_fragmentation,50,0.7,0.5,chessboard,547,1,2
118,2137,43,37,12,75,44,898,40,post_fragmentation,50,0.7,0.5,chessboard,602,1,2
118,2137,43,37,12,75,44,898,40,post_fragmentation,50,0.7,0.5,chessboard,625,2,2
118,2137,43,37,12,75,44,898,40,post_fragmentation,50,0.7,0.5,chessboard,626,1,2
118,2137,43,37,12,75,44,898,40,post_fragmentation,50,0.7,0.5,chessboard,632,1,2
118,2137,43,37,12,75,44,898,40,post_fragmentation,50,0.7,0.5,chessboard,643,1,2
118,2137,43,37,12,75,44,898,40,post_fragmentation,50,0.7,0.5,chessboard,656,1,2
118,2137,43,37,12,75,44,898,40,post_fragmentation,50,0.7,0.5,chessboard,663,1,2
118,2137,43,37,12,75,44,898,40,post_fragmentation,50,0.7,0.5,chessboard,665,1,2
118,2137,43,37,12,75,44,898,40,post_fragmentation,50,0.7,0.5,chessboard,674,1,2
118,2137,43,37,12,75,44,898,40,post_fragmentation,50,0.7,0.5,chessboard,676,1,2
118,2137,43,37,12,75,44,898,40,post_fragmentation,50,0.7,0.5,chessboard,682,4,2
118,2137,43,37,12,75,44,898,40,post_fragmentation,50,0.7,0.5,chessboard,687,1,2
118,2137,43,37,12,75,44,898,40,post_fragmentation,50,0.7,0.5,chessboard,695,3,2
118,2137,43,37,12,75,44,898,40,post_fragmentation,50,0.7,0.5,chessboard,705,1,2
118,2137,43,37,12,75,44,898,40,post_fragmentation,50,0.7,0.5,chessboard,713,4,2
118,2137,43,37,12,75,44,898,40,post_fragmentation,50,0.7,0.5,chessboard,736,1,2
118,2137,43,37,12,75,44,898,40,post_fragmentation,50,0.7,0.5,chessboard,740,1,2
118,2137,43,37,12,75,44,898,40,post_fragmentation,50,0.7,0.5,chessboard,747,4,2
118,2137,43,37,12,75,44,898,40,post_fragmentation,50,0.7,0.5,chessboard,775,2,2
118,2137,43,37,12,75,44,898,40,post_fragmentation,50,0.7,0.5,chessboard,779,1,2
118,2137,43,37,12,75,44,898,40,post_fragmentation,50,0.7,0.5,chessboard,806,1,2
118,2137,43,37,12,75,44,898,40,post_fragmentation,50,0.7,0.5,chessboard,808,1,2
118,2137,43,37,12,75,44,898,40,post_fragmentation,50,0.7,0.5,chessboard,811,1,2
118,2137,43,37,12,75,44,898,40,post_fragmentation,50,0.7,0.5,chessboard,817,1,2
118,2137,43,37,12,75,44,898,40,post_fragmentation,50,0.7,0.5,chessboard,849,2,2
118,2137,43,37,12,75,44,898,40,post_fragmentation,50,0.7,0.5,chessboard,871,1,2
119,2139,43,39,12,75,44,898,40,post_fragmentation,50,0.7,0.5,chessboard,439,1,2
119,2139,43,39,12,75,44,898,40,post_fragmentation,50,0.7,0.5,chessboard,501,1,2
119,2139,43,39,12,75,44,898,40,post_fragmentation,50,0.7,0.5,chessboard,508,1,2
119,2139,43,39,12,75,44,898,40,post_fragmentation,50,0.7,0.5,chessboard,516,1,2
119,2139,43,39,12,75,44,898,40,post_fragmentation,50,0.7,0.5,chessboard,526,1,2
119,2139,43,39,12,75,44,898,40,post_fragmentation,50,0.7,0.5,chessboard,545,1,2
119,2139,43,39,12,75,44,898,40,post_fragmentation,50,0.7,0.5,chessboard,559,2,2
119,2139,43,39,12,75,44,898,40,post_fragmentation,50,0.7,0.5,chessboard,562,1,2
119,2139,43,39,12,75,44,898,40,post_fragmentation,50,0.7,0.5,chessboard,588,1,2
119,2139,43,39,12,75,44,898,40,post_fragmentation,50,0.7,0.5,chessboard,596,2,2
119,2139,43,39,12,75,44,898,40,post_fragmentation,50,0.7,0.5,chessboard,612,1,2
119,2139,43,39,12,75,44,898,40,post_fragmentation,50,0.7,0.5,chessboard,625,1,2
119,2139,43,39,12,75,44,898,40,post_fragmentation,50,0.7,0.5,chessboard,626,2,2
119,2139,43,39,12,75,44,898,40,post_fragmentation,50,0.7,0.5,chessboard,633,3,2
119,2139,43,39,12,75,44,898,40,post_fragmentation,50,0.7,0.5,chessboard,642,1,2
119,2139,43,39,12,75,44,898,40,post_fragmentation,50,0.7,0.5,chessboard,651,2,2
119,2139,43,39,12,75,44,898,40,post_fragmentation,50,0.7,0.5,chessboard,653,1,2
119,2139,43,39,12,75,44,898,40,post_fragmentation,50,0.7,0.5,chessboard,663,1,2
119,2139,43,39,12,75,44,898,40,post_fragmentation,50,0.7,0.5,chessboard,674,3,2
119,2139,43,39,12,75,44,898,40,post_fragmentation,50,0.7,0.5,chessboard,675,1,2
119,2139,43,39,12,75,44,898,40,post_fragmentation,50,0.7,0.5,chessboard,690,1,2
119,2139,43,39,12,75,44,898,40,post_fragmentation,50,0.7,0.5,chessboard,701,2,2
119,2139,43,39,12,75,44,898,40,post_fragmentation,50,0.7,0.5,chessboard,705,1,2
119,2139,43,39,12,75,44,898,40,post_fragmentation,50,0.7,0.5,chessboard,713,2,2
119,2139,43,39,12,75,44,898,40,post_fragmentation,50,0.7,0.5,chessboard,721,1,2
119,2139,43,39,12,75,44,898,40,post_fragmentation,50,0.7,0.5,chessboard,736,1,2
119,2139,43,39,12,75,44,898,40,post_fragmentation,50,0.7,0.5,chessboard,747,1,2
119,2139,43,39,12,75,44,898,40,post_fragmentation,50,0.7,0.5,chessboard,749,1,2
119,2139,43,39,12,75,44,898,40,post_fragmentation,50,0.7,0.5,chessboard,775,2,2
119,2139,43,39,12,75,44,898,40,post_fragmentation,50,0.7,0.5,chessboard,785,1,2
119,2139,43,39,12,75,44,898,40,post_fragmentation,50,0.7,0.5,chessboard,798,1,2
120,2158,44,8,1,216,44,898,40,post_fragmentation,50,0.7,0.5,chessboard,267,1,2
120,2158,44,8,1,216,44,898,40,post_fragmentation,50,0.7,0.5,chessboard,284,2,2
120,2158,44,8,1,216,44,898,40,post_fragmentation,50,0.7,0.5,chessboard,286,2,2
120,2158,44,8,1,216,44,898,40,post_fragmentation,50,0.7,0.5,chessboard,287,2,2
120,2158,44,8,1,216,44,898,40,post_fragmentation,50,0.7,0.5,chessboard,293,2,2
120,2158,44,8,1,216,44,898,40,post_fragmentation,50,0.7,0.5,chessboard,302,1,2
120,2158,44,8,1,216,44,898,40,post_fragmentation,50,0.7,0.5,chessboard,307,1,2
120,2158,44,8,1,216,44,898,40,post_fragmentation,50,0.7,0.5,chessboard,309,2,2
120,2158,44,8,1,216,44,898,40,post_fragmentation,50,0.7,0.5,chessboard,318,1,2
120,2158,44,8,1,216,44,898,40,post_fragmentation,50,0.7,0.5,chessboard,322,1,2
120,2158,44,8,1,216,44,898,40,post_fragmentation,50,0.7,0.5,chessboard,328,1,2
120,2158,44,8,1,216,44,898,40,post_fragmentation,50,0.7,0.5,chessboard,329,1,2
120,2158,44,8,1,216,44,898,40,post_fragmentation,50,0.7,0.5,chessboard,333,2,2
120,2158,44,8,1,216,44,898,40,post_fragmentation,50,0.7,0.5,chessboard,337,1,2
120,2158,44,8,1,216,44,898,40,post_fragmentation,50,0.7,0.5,chessboard,351,1,2
120,2158,44,8,1,216,44,898,40,post_fragmentation,50,0.7,0.5,chessboard,370,1,2
120,2158,44,8,1,216,44,898,40,post_fragmentation,50,0.7,0.5,chessboard,373,1,2
120,2158,44,8,1,216,44,898,40,post_fragmentation,50,0.7,0.5,chessboard,374,2,2
120,2158,44,8,1,216,44,898,40,post_fragmentation,50,0.7,0.5,chessboard,378,1,2
120,2158,44,8,1,216,44,898,40,post_fragmentation,50,0.7,0.5,chessboard,382,1,2
120,2158,44,8,1,216,44,898,40,post_fragmentation,50,0.7,0.5,chessboard,401,2,2
120,2158,44,8,1,216,44,898,40,post_fragmentation,50,0.7,0.5,chessboard,434,3,2
120,2158,44,8,1,216,44,898,40,post_fragmentation,50,0.7,0.5,chessboard,447,1,2
120,2158,44,8,1,216,44,898,40,post_fragmentation,50,0.7,0.5,chessboard,524,1,2
120,2158,44,8,1,216,44,898,40,post_fragmentation,50,0.7,0.5,chessboard,525,1,2
120,2158,44,8,1,216,44,898,40,post_fragmentation,50,0.7,0.5,chessboard,526,1,2
120,2158,44,8,1,216,44,898,40,post_fragmentation,50,0.7,0.5,chessboard,576,1,2
121,2160,44,10,1,216,44,898,40,post_fragmentation,50,0.7,0.5,chessboard,286,1,2
121,2160,44,10,1,216,44,898,40,post_fragmentation,50,0.7,0.5,chessboard,303,1,2
121,2160,44,10,1,216,44,898,40,post_fragmentation,50,0.7,0.5,chessboard,307,1,2
121,2160,44,10,1,216,44,898,40,post_fragmentation,50,0.7,0.5,chessboard,309,1,2
121,2160,44,10,1,216,44,898,40,post_fragmentation,50,0.7,0.5,chessboard,313,1,2
121,2160,44,10,1,216,44,898,40,post_fragmentation,50,0.7,0.5,chessboard,333,1,2
121,2160,44,10,1,216,44,898,40,post_fragmentation,50,0.7,0.5,chessboard,337,2,2
121,2160,44,10,1,216,44,898,40,post_fragmentation,50,0.7,0.5,chessboard,352,1,2
121,2160,44,10,1,216,44,898,40,post_fragmentation,50,0.7,0.5,chessboard,378,1,2
121,2160,44,10,1,216,44,898,40,post_fragmentation,50,0.7,0.5,chessboard,388,1,2
121,2160,44,10,1,216,44,898,40,post_fragmentation,50,0.7,0.5,chessboard,401,1,2
121,2160,44,10,1,216,44,898,40,post_fragmentation,50,0.7,0.5,chessboard,402,1,2
121,2160,44,10,1,216,44,898,40,post_fragmentation,50,0.7,0.5,chessboard,406,1,2
121,2160,44,10,1,216,44,898,40,post_fragmentation,50,0.7,0.5,chessboard,419,4,2
121,2160,44,10,1,216,44,898,40,post_fragmentation,50,0.7,0.5,chessboard,424,1,2
121,2160,44,10,1,216,44,898,40,post_fragmentation,50,0.7,0.5,chessboard,438,1,2
121,2160,44,10,1,216,44,898,40,post_fragmentation,50,0.7,0.5,chessboard,446,3,2
121,2160,44,10,1,216,44,898,40,post_fragmentation,50,0.7,0.5,chessboard,447,2,2
121,2160,44,10,1,216,44,898,40,post_fragmentation,50,0.7,0.5,chessboard,486,1,2
121,2160,44,10,1,216,44,898,40,post_fragmentation,50,0.7,0.5,chessboard,520,2,2
121,2160,44,10,1,216,44,898,40,post_fragmentation,50,0.7,0.5,chessboard,524,1,2
121,2160,44,10,1,216,44,898,40,post_fragmentation,50,0.7,0.5,chessboard,526,1,2
121,2160,44,10,1,216,44,898,40,post_fragmentation,50,0.7,0.5,chessboard,543,3,2
121,2160,44,10,1,216,44,898,40,post_fragmentation,50,0.7,0.5,chessboard,557,3,2
122,2166,44,16,1,216,44,898,40,post_fragmentation,50,0.7,0.5,chessboard,464,1,2
122,2166,44,16,1,216,44,898,40,post_fragmentation,50,0.7,0.5,chessboard,601,1,2
122,2166,44,16,1,216,44,898,40,post_fragmentation,50,0.7,0.5,chessboard,619,1,2
122,2166,44,16,1,216,44,898,40,post_fragmentation,50,0.7,0.5,chessboard,625,3,2
122,2166,44,16,1,216,44,898,40,post_fragmentation,50,0.7,0.5,chessboard,656,1,2
122,2166,44,16,1,216,44,898,40,post_fragmentation,50,0.7,0.5,chessboard,674,3,2
122,2166,44,16,1,216,44,898,40,post_fragmentation,50,0.7,0.5,chessboard,678,1,2
122,2166,44,16,1,216,44,898,40,post_fragmentation,50,0.7,0.5,chessboard,681,1,2
122,2166,44,16,1,216,44,898,40,post_fragmentation,50,0.7,0.5,chessboard,687,2,2
122,2166,44,16,1,216,44,898,40,post_fragmentation,50,0.7,0.5,chessboard,697,3,2
122,2166,44,16,1,216,44,898,40,post_fragmentation,50,0.7,0.5,chessboard,705,1,2
122,2166,44,16,1,216,44,898,40,post_fragmentation,50,0.7,0.5,chessboard,707,1,2
122,2166,44,16,1,216,44,898,40,post_fragmentation,50,0.7,0.5,chessboard,712,1,2
122,2166,44,16,1,216,44,898,40,post_fragmentation,50,0.7,0.5,chessboard,720,1,2
122,2166,44,16,1,216,44,898,40,post_fragmentation,50,0.7,0.5,chessboard,744,3,2
122,2166,44,16,1,216,44,898,40,post_fragmentation,50,0.7,0.5,chessboard,754,1,2
122,2166,44,16,1,216,44,898,40,post_fragmentation,50,0.7,0.5,chessboard,768,1,2
122,2166,44,16,1,216,44,898,40,post_fragmentation,50,0.7,0.5,chessboard,772,1,2
122,2166,44,16,1,216,44,898,40,post_fragmentation,50,0.7,0.5,chessboard,783,2,2
122,2166,44,16,1,216,44,898,40,post_fragmentation,50,0.7,0.5,chessboard,785,1,2
122,2166,44,16,1,216,44,898,40,post_fragmentation,50,0.7,0.5,chessboard,805,2,2
122,2166,44,16,1,216,44,898,40,post_fragmentation,50,0.7,0.5,chessboard,809,1,2
122,2166,44,16,1,216,44,898,40,post_fragmentation,50,0.7,0.5,chessboard,822,1,2
122,2166,44,16,1,216,44,898,40,post_fragmentation,50,0.7,0.5,chessboard,844,1,2
122,2166,44,16,1,216,44,898,40,post_fragmentation,50,0.7,0.5,chessboard,845,1,2
122,2166,44,16,1,216,44,898,40,post_fragmentation,50,0.7,0.5,chessboard,854,1,2
122,2166,44,16,1,216,44,898,40,post_fragmentation,50,0.7,0.5,chessboard,919,1,2
123,2186,44,36,12,75,44,898,40,post_fragmentation,50,0.7,0.5,chessboard,596,1,2
123,2186,44,36,12,75,44,898,40,post_fragmentation,50,0.7,0.5,chessboard,624,2,2
123,2186,44,36,12,75,44,898,40,post_fragmentation,50,0.7,0.5,chessboard,625,5,2
123,2186,44,36,12,75,44,898,40,post_fragmentation,50,0.7,0.5,chessboard,629,2,2
123,2186,44,36,12,75,44,898,40,post_fragmentation,50,0.7,0.5,chessboard,631,1,2
123,2186,44,36,12,75,44,898,40,post_fragmentation,50,0.7,0.5,chessboard,637,1,2
123,2186,44,36,12,75,44,898,40,post_fragmentation,50,0.7,0.5,chessboard,642,3,2
123,2186,44,36,12,75,44,898,40,post_fragmentation,50,0.7,0.5,chessboard,651,1,2
123,2186,44,36,12,75,44,898,40,post_fragmentation,50,0.7,0.5,chessboard,656,2,2
123,2186,44,36,12,75,44,898,40,post_fragmentation,50,0.7,0.5,chessboard,672,1,2
123,2186,44,36,12,75,44,898,40,post_fragmentation,50,0.7,0.5,chessboard,683,1,2
123,2186,44,36,12,75,44,898,40,post_fragmentation,50,0.7,0.5,chessboard,687,3,2
123,2186,44,36,12,75,44,898,40,post_fragmentation,50,0.7,0.5,chessboard,701,2,2
123,2186,44,36,12,75,44,898,40,post_fragmentation,50,0.7,0.5,chessboard,736,1,2
123,2186,44,36,12,75,44,898,40,post_fragmentation,50,0.7,0.5,chessboard,740,1,2
123,2186,44,36,12,75,44,898,40,post_fragmentation,50,0.7,0.5,chessboard,749,2,2
123,2186,44,36,12,75,44,898,40,post_fragmentation,50,0.7,0.5,chessboard,767,1,2
123,2186,44,36,12,75,44,898,40,post_fragmentation,50,0.7,0.5,chessboard,797,1,2
124,2188,44,38,12,75,44,898,40,post_fragmentation,50,0.7,0.5,chessboard,498,1,2
124,2188,44,38,12,75,44,898,40,post_fragmentation,50,0.7,0.5,chessboard,520,1,2
124,2188,44,38,12,75,44,898,40,post_fragmentation,50,0.7,0.5,chessboard,559,1,2
124,2188,44,38,12,75,44,898,40,post_fragmentation,50,0.7,0.5,chessboard,589,1,2
124,2188,44,38,12,75,44,898,40,post_fragmentation,50,0.7,0.5,chessboard,595,2,2
124,2188,44,38,12,75,44,898,40,post_fragmentation,50,0.7,0.5,chessboard,596,2,2
124,2188,44,38,12,75,44,898,40,post_fragmentation,50,0.7,0.5,chessboard,602,1,2
124,2188,44,38,12,75,44,898,40,post_fragmentation,50,0.7,0.5,chessboard,611,1,2
124,2188,44,38,12,75,44,898,40,post_fragmentation,50,0.7,0.5,chessboard,625,2,2
124,2188,44,38,12,75,44,898,40,post_fragmentation,50,0.7,0.5,chessboard,629,2,2
124,2188,44,38,12,75,44,898,40,post_fragmentation,50,0.7,0.5,chessboard,631,2,2
124,2188,44,38,12,75,44,898,40,post_fragmentation,50,0.7,0.5,chessboard,642,1,2
124,2188,44,38,12,75,44,898,40,post_fragmentation,50,0.7,0.5,chessboard,643,1,2
124,2188,44,38,12,75,44,898,40,post_fragmentation,50,0.7,0.5,chessboard,645,1,2
124,2188,44,38,12,75,44,898,40,post_fragmentation,50,0.7,0.5,chessboard,651,1,2
124,2188,44,38,12,75,44,898,40,post_fragmentation,50,0.7,0.5,chessboard,663,1,2
124,2188,44,38,12,75,44,898,40,post_fragmentation,50,0.7,0.5,chessboard,674,2,2
124,2188,44,38,12,75,44,898,40,post_fragmentation,50,0.7,0.5,chessboard,676,1,2
124,2188,44,38,12,75,44,898,40,post_fragmentation,50,0.7,0.5,chessboard,682,1,2
124,2188,44,38,12,75,44,898,40,post_fragmentation,50,0.7,0.5,chessboard,687,1,2
124,2188,44,38,12,75,44,898,40,post_fragmentation,50,0.7,0.5,chessboard,691,1,2
124,2188,44,38,12,75,44,898,40,post_fragmentation,50,0.7,0.5,chessboard,736,2,2
124,2188,44,38,12,75,44,898,40,post_fragmentation,50,0.7,0.5,chessboard,737,1,2
124,2188,44,38,12,75,44,898,40,post_fragmentation,50,0.7,0.5,chessboard,749,1,2
124,2188,44,38,12,75,44,898,40,post_fragmentation,50,0.7,0.5,chessboard,767,1,2
124,2188,44,38,12,75,44,898,40,post_fragmentation,50,0.7,0.5,chessboard,796,2,2
124,2188,44,38,12,75,44,898,40,post_fragmentation,50,0.7,0.5,chessboard,797,1,2
125,2190,44,40,12,75,44,898,40,post_fragmentation,50,0.7,0.5,chessboard,442,1,2
125,2190,44,40,12,75,44,898,40,post_fragmentation,50,0.7,0.5,chessboard,465,1,2
125,2190,44,40,12,75,44,898,40,post_fragmentation,50,0.7,0.5,chessboard,505,2,2
125,2190,44,40,12,75,44,898,40,post_fragmentation,50,0.7,0.5,chessboard,506,1,2
125,2190,44,40,12,75,44,898,40,post_fragmentation,50,0.7,0.5,chessboard,520,3,2
125,2190,44,40,12,75,44,898,40,post_fragmentation,50,0.7,0.5,chessboard,533,2,2
125,2190,44,40,12,75,44,898,40,post_fragmentation,50,0.7,0.5,chessboard,535,1,2
125,2190,44,40,12,75,44,898,40,post_fragmentation,50,0.7,0.5,chessboard,546,1,2
125,2190,44,40,12,75,44,898,40,post_fragmentation,50,0.7,0.5,chessboard,547,2,2
125,2190,44,40,12,75,44,898,40,post_fragmentation,50,0.7,0.5,chessboard,549,1,2
125,2190,44,40,12,75,44,898,40,post_fragmentation,50,0.7,0.5,chessboard,594,3,2
125,2190,44,40,12,75,44,898,40,post_fragmentation,50,0.7,0.5,chessboard,602,1,2
125,2190,44,40,12,75,44,898,40,post_fragmentation,50,0.7,0.5,chessboard,625,1,2
125,2190,44,40,12,75,44,898,40,post_fragmentation,50,0.7,0.5,chessboard,626,2,2
125,2190,44,40,12,75,44,898,40,post_fragmentation,50,0.7,0.5,chessboard,633,2,2
125,2190,44,40,12,75,44,898,40,post_fragmentation,50,0.7,0.5,chessboard,653,2,2
125,2190,44,40,12,75,44,898,40,post_fragmentation,50,0.7,0.5,chessboard,656,1,2
125,2190,44,40,12,75,44,898,40,post_fragmentation,50,0.7,0.5,chessboard,671,1,2
125,2190,44,40,12,75,44,898,40,post_fragmentation,50,0.7,0.5,chessboard,674,2,2
125,2190,44,40,12,75,44,898,40,post_fragmentation,50,0.7,0.5,chessboard,676,1,2
125,2190,44,40,12,75,44,898,40,post_fragmentation,50,0.7,0.5,chessboard,683,1,2
125,2190,44,40,12,75,44,898,40,post_fragmentation,50,0.7,0.5,chessboard,690,1,2
126,2194,44,44,16,1,44,898,40,post_fragmentation,50,0.7,0.5,chessboard,309,1,2
126,2194,44,44,16,1,44,898,40,post_fragmentation,50,0.7,0.5,chessboard,340,1,2
126,2194,44,44,16,1,44,898,40,post_fragmentation,50,0.7,0.5,chessboard,348,1,2
126,2194,44,44,16,1,44,898,40,post_fragmentation,50,0.7,0.5,chessboard,365,1,2
126,2194,44,44,16,1,44,898,40,post_fragmentation,50,0.7,0.5,chessboard,378,1,2
126,2194,44,44,16,1,44,898,40,post_fragmentation,50,0.7,0.5,chessboard,380,1,2
126,2194,44,44,16,1,44,898,40,post_fragmentation,50,0.7,0.5,chessboard,381,1,2
126,2194,44,44,16,1,44,898,40,post_fragmentation,50,0.7,0.5,chessboard,391,1,2
126,2194,44,44,16,1,44,898,40,post_fragmentation,50,0.7,0.5,chessboard,404,4,2
126,2194,44,44,16,1,44,898,40,post_fragmentation,50,0.7,0.5,chessboard,405,2,2
126,2194,44,44,16,1,44,898,40,post_fragmentation,50,0.7,0.5,chessboard,414,1,2
126,2194,44,44,16,1,44,898,40,post_fragmentation,50,0.7,0.5,chessboard,415,3,2
126,2194,44,44,16,1,44,898,40,post_fragmentation,50,0.7,0.5,chessboard,417,1,2
126,2194,44,44,16,1,44,898,40,post_fragmentation,50,0.7,0.5,chessboard,425,3,2
126,2194,44,44,16,1,44,898,40,post_fragmentation,50,0.7,0.5,chessboard,431,1,2
126,2194,44,44,16,1,44,898,40,post_fragmentation,50,0.7,0.5,chessboard,439,1,2
126,2194,44,44,16,1,44,898,40,post_fragmentation,50,0.7,0.5,chessboard,441,1,2
126,2194,44,44,16,1,44,898,40,post_fragmentation,50,0.7,0.5,chessboard,444,1,2
126,2194,44,44,16,1,44,898,40,post_fragmentation,50,0.7,0.5,chessboard,447,2,2
126,2194,44,44,16,1,44,898,40,post_fragmentation,50,0.7,0.5,chessboard,457,1,2
126,2194,44,44,16,1,44,898,40,post_fragmentation,50,0.7,0.5,chessboard,485,1,2
126,2194,44,44,16,1,44,898,40,post_fragmentation,50,0.7,0.5,chessboard,494,1,2
126,2194,44,44,16,1,44,898,40,post_fragmentation,50,0.7,0.5,chessboard,498,1,2
126,2194,44,44,16,1,44,898,40,post_fragmentation,50,0.7,0.5,chessboard,506,1,2
126,2194,44,44,16,1,44,898,40,post_fragmentation,50,0.7,0.5,chessboard,541,1,2
126,2194,44,44,16,1,44,898,40,post_fragmentation,50,0.7,0.5,chessboard,547,1,2
126,2194,44,44,16,1,44,898,40,post_fragmentation,50,0.7,0.5,chessboard,629,1,2
127,2209,45,9,1,216,44,898,40,post_fragmentation,50,0.7,0.5,chessboard,252,1,2
127,2209,45,9,1,216,44,898,40,post_fragmentation,50,0.7,0.5,chessboard,266,1,2
127,2209,45,9,1,216,44,898,40,post_fragmentation,50,0.7,0.5,chessboard,268,1,2
127,2209,45,9,1,216,44,898,40,post_fragmentation,50,0.7,0.5,chessboard,285,1,2
127,2209,45,9,1,216,44,898,40,post_fragmentation,50,0.7,0.5,chessboard,286,2,2
127,2209,45,9,1,216,44,898,40,post_fragmentation,50,0.7,0.5,chessboard,287,2,2
127,2209,45,9,1,216,44,898,40,post_fragmentation,50,0.7,0.5,chessboard,293,2,2
127,2209,45,9,1,216,44,898,40,post_fragmentation,50,0.7,0.5,chessboard,301,1,2
127,2209,45,9,1,216,44,898,40,post_fragmentation,50,0.7,0.5,chessboard,302,1,2
127,2209,45,9,1,216,44,898,40,post_fragmentation,50,0.7,0.5,chessboard,303,2,2
127,2209,45,9,1,216,44,898,40,post_fragmentation,50,0.7,0.5,chessboard,305,2,2
127,2209,45,9,1,216,44,898,40,post_fragmentation,50,0.7,0.5,chessboard,308,1,2
127,2209,45,9,1,216,44,898,40,post_fragmentation,50,0.7,0.5,chessboard,309,3,2
127,2209,45,9,1,216,44,898,40,post_fragmentation,50,0.7,0.5,chessboard,313,1,2
127,2209,45,9,1,216,44,898,40,post_fragmentation,50,0.7,0.5,chessboard,328,3,2
127,2209,45,9,1,216,44,898,40,post_fragmentation,50,0.7,0.5,chessboard,329,1,2
127,2209,45,9,1,216,44,898,40,post_fragmentation,50,0.7,0.5,chessboard,348,2,2
127,2209,45,9,1,216,44,898,40,post_fragmentation,50,0.7,0.5,chessboard,351,2,2
127,2209,45,9,1,216,44,898,40,post_fragmentation,50,0.7,0.5,chessboard,353,3,2
127,2209,45,9,1,216,44,898,40,post_fragmentation,50,0.7,0.5,chessboard,373,1,2
127,2209,45,9,1,216,44,898,40,post_fragmentation,50,0.7,0.5,chessboard,378,1,2
127,2209,45,9,1,216,44,898,40,post_fragmentation,50,0.7,0.5,chessboard,413,1,2
127,2209,45,9,1,216,44,898,40,post_fragmentation,50,0.7,0.5,chessboard,419,1,2
127,2209,45,9,1,216,44,898,40,post_fragmentation,50,0.7,0.5,chessboard,434,3,2
127,2209,45,9,1,216,44,898,40,post_fragmentation,50,0.7,0.5,chessboard,446,2,2
128,2211,45,11,1,216,44,898,40,post_fragmentation,50,0.7,0.5,chessboard,267,1,2
128,2211,45,11,1,216,44,898,40,post_fragmentation,50,0.7,0.5,chessboard,286,1,2
128,2211,45,11,1,216,44,898,40,post_fragmentation,50,0.7,0.5,chessboard,287,1,2
128,2211,45,11,1,216,44,898,40,post_fragmentation,50,0.7,0.5,chessboard,293,1,2
128,2211,45,11,1,216,44,898,40,post_fragmentation,50,0.7,0.5,chessboard,301,1,2
128,2211,45,11,1,216,44,898,40,post_fragmentation,50,0.7,0.5,chessboard,309,1,2
128,2211,45,11,1,216,44,898,40,post_fragmentation,50,0.7,0.5,chessboard,318,1,2
128,2211,45,11,1,216,44,898,40,post_fragmentation,50,0.7,0.5,chessboard,322,1,2
128,2211,45,11,1,216,44,898,40,post_fragmentation,50,0.7,0.5,chessboard,333,1,2
128,2211,45,11,1,216,44,898,40,post_fragmentation,50,0.7,0.5,chessboard,337,1,2
128,2211,45,11,1,216,44,898,40,post_fragmentation,50,0.7,0.5,chessboard,352,1,2
128,2211,45,11,1,216,44,898,40,post_fragmentation,50,0.7,0.5,chessboard,380,1,2
128,2211,45,11,1,216,44,898,40,post_fragmentation,50,0.7,0.5,chessboard,382,1,2
128,2211,45,11,1,216,44,898,40,post_fragmentation,50,0.7,0.5,chessboard,401,1,2
128,2211,45,11,1,216,44,898,40,post_fragmentation,50,0.7,0.5,chessboard,402,2,2
128,2211,45,11,1,216,44,898,40,post_fragmentation,50,0.7,0.5,chessboard,405,3,2
128,2211,45,11,1,216,44,898,40,post_fragmentation,50,0.7,0.5,chessboard,406,1,2
128,2211,45,11,1,216,44,898,40,post_fragmentation,50,0.7,0.5,chessboard,423,1,2
128,2211,45,11,1,216,44,898,40,post_fragmentation,50,0.7,0.5,chessboard,434,1,2
128,2211,45,11,1,216,44,898,40,post_fragmentation,50,0.7,0.5,chessboard,446,3,2
128,2211,45,11,1,216,44,898,40,post_fragmentation,50,0.7,0.5,chessboard,452,2,2
128,2211,45,11,1,216,44,898,40,post_fragmentation,50,0.7,0.5,chessboard,469,3,2
128,2211,45,11,1,216,44,898,40,post_fragmentation,50,0.7,0.5,chessboard,486,1,2
128,2211,45,11,1,216,44,898,40,post_fragmentation,50,0.7,0.5,chessboard,517,1,2
128,2211,45,11,1,216,44,898,40,post_fragmentation,50,0.7,0.5,chessboard,520,1,2
128,2211,45,11,1,216,44,898,40,post_fragmentation,50,0.7,0.5,chessboard,524,3,2
128,2211,45,11,1,216,44,898,40,post_fragmentation,50,0.7,0.5,chessboard,525,1,2
128,2211,45,11,1,216,44,898,40,post_fragmentation,50,0.7,0.5,chessboard,533,1,2
128,2211,45,11,1,216,44,898,40,post_fragmentation,50,0.7,0.5,chessboard,579,1,2
128,2211,45,11,1,216,44,898,40,post_fragmentation,50,0.7,0.5,chessboard,601,2,2
128,2211,45,11,1,216,44,898,40,post_fragmentation,50,0.7,0.5,chessboard,674,1,2
129,2217,45,17,1,216,44,898,40,post_fragmentation,50,0.7,0.5,chessboard,601,2,2
129,2217,45,17,1,216,44,898,40,post_fragmentation,50,0.7,0.5,chessboard,615,1,2
129,2217,45,17,1,216,44,898,40,post_fragmentation,50,0.7,0.5,chessboard,625,1,2
129,2217,45,17,1,216,44,898,40,post_fragmentation,50,0.7,0.5,chessboard,647,1,2
129,2217,45,17,1,216,44,898,40,post_fragmentation,50,0.7,0.5,chessboard,669,2,2
129,2217,45,17,1,216,44,898,40,post_fragmentation,50,0.7,0.5,chessboard,674,2,2
129,2217,45,17,1,216,44,898,40,post_fragmentation,50,0.7,0.5,chessboard,678,1,2
129,2217,45,17,1,216,44,898,40,post_fragmentation,50,0.7,0.5,chessboard,701,2,2
129,2217,45,17,1,216,44,898,40,post_fragmentation,50,0.7,0.5,chessboard,706,4,2
129,2217,45,17,1,216,44,898,40,post_fragmentation,50,0.7,0.5,chessboard,720,2,2
129,2217,45,17,1,216,44,898,40,post_fragmentation,50,0.7,0.5,chessboard,727,1,2
129,2217,45,17,1,216,44,898,40,post_fragmentation,50,0.7,0.5,chessboard,730,2,2
129,2217,45,17,1,216,44,898,40,post_fragmentation,50,0.7,0.5,chessboard,744,6,2
129,2217,45,17,1,216,44,898,40,post_fragmentation,50,0.7,0.5,chessboard,765,2,2
129,2217,45,17,1,216,44,898,40,post_fragmentation,50,0.7,0.5,chessboard,772,3,2
129,2217,45,17,1,216,44,898,40,post_fragmentation,50,0.7,0.5,chessboard,788,2,2
129,2217,45,17,1,216,44,898,40,post_fragmentation,50,0.7,0.5,chessboard,790,1,2
129,2217,45,17,1,216,44,898,40,post_fragmentation,50,0.7,0.5,chessboard,797,3,2
129,2217,45,17,1,216,44,898,40,post_fragmentation,50,0.7,0.5,chessboard,809,1,2
129,2217,45,17,1,216,44,898,40,post_fragmentation,50,0.7,0.5,chessboard,822,1,2
129,2217,45,17,1,216,44,898,40,post_fragmentation,50,0.7,0.5,chessboard,836,2,2
130,2237,45,37,12,75,44,898,40,post_fragmentation,50,0.7,0.5,chessboard,491,1,2
130,2237,45,37,12,75,44,898,40,post_fragmentation,50,0.7,0.5,chessboard,504,2,2
130,2237,45,37,12,75,44,898,40,post_fragmentation,50,0.7,0.5,chessboard,508,1,2
130,2237,45,37,12,75,44,898,40,post_fragmentation,50,0.7,0.5,chessboard,555,1,2
130,2237,45,37,12,75,44,898,40,post_fragmentation,50,0.7,0.5,chessboard,567,2,2
130,2237,45,37,12,75,44,898,40,post_fragmentation,50,0.7,0.5,chessboard,577,1,2
130,2237,45,37,12,75,44,898,40,post_fragmentation,50,0.7,0.5,chessboard,584,1,2
130,2237,45,37,12,75,44,898,40,post_fragmentation,50,0.7,0.5,chessboard,588,1,2
130,2237,45,37,12,75,44,898,40,post_fragmentation,50,0.7,0.5,chessboard,594,1,2
130,2237,45,37,12,75,44,898,40,post_fragmentation,50,0.7,0.5,chessboard,595,1,2
130,2237,45,37,12,75,44,898,40,post_fragmentation,50,0.7,0.5,chessboard,596,1,2
130,2237,45,37,12,75,44,898,40,post_fragmentation,50,0.7,0.5,chessboard,602,2,2
130,2237,45,37,12,75,44,898,40,post_fragmentation,50,0.7,0.5,chessboard,611,3,2
130,2237,45,37,12,75,44,898,40,post_fragmentation,50,0.7,0.5,chessboard,622,1,2
130,2237,45,37,12,75,44,898,40,post_fragmentation,50,0.7,0.5,chessboard,625,4,2
130,2237,45,37,12,75,44,898,40,post_fragmentation,50,0.7,0.5,chessboard,629,2,2
130,2237,45,37,12,75,44,898,40,post_fragmentation,50,0.7,0.5,chessboard,637,1,2
130,2237,45,37,12,75,44,898,40,post_fragmentation,50,0.7,0.5,chessboard,645,2,2
130,2237,45,37,12,75,44,898,40,post_fragmentation,50,0.7,0.5,chessboard,656,1,2
130,2237,45,37,12,75,44,898,40,post_fragmentation,50,0.7,0.5,chessboard,663,1,2
130,2237,45,37,12,75,44,898,40,post_fragmentation,50,0.7,0.5,chessboard,665,1,2
130,2237,45,37,12,75,44,898,40,post_fragmentation,50,0.7,0.5,chessboard,676,2,2
130,2237,45,37,12,75,44,898,40,post_fragmentation,50,0.7,0.5,chessboard,682,2,2
130,2237,45,37,12,75,44,898,40,post_fragmentation,50,0.7,0.5,chessboard,740,1,2
130,2237,45,37,12,75,44,898,40,post_fragmentation,50,0.7,0.5,chessboard,775,1,2
130,2237,45,37,12,75,44,898,40,post_fragmentation,50,0.7,0.5,chessboard,796,1,2
131,2239,45,39,12,75,44,898,40,post_fragmentation,50,0.7,0.5,chessboard,415,1,2
131,2239,45,39,12,75,44,898,40,post_fragmentation,50,0.7,0.5,chessboard,453,1,2
131,2239,45,39,12,75,44,898,40,post_fragmentation,50,0.7,0.5,chessboard,466,1,2
131,2239,45,39,12,75,44,898,40,post_fragmentation,50,0.7,0.5,chessboard,470,1,2
131,2239,45,39,12,75,44,898,40,post_fragmentation,50,0.7,0.5,chessboard,472,1,2
131,2239,45,39,12,75,44,898,40,post_fragmentation,50,0.7,0.5,chessboard,491,1,2
131,2239,45,39,12,75,44,898,40,post_fragmentation,50,0.7,0.5,chessboard,504,1,2
131,2239,45,39,12,75,44,898,40,post_fragmentation,50,0.7,0.5,chessboard,506,2,2
131,2239,45,39,12,75,44,898,40,post_fragmentation,50,0.7,0.5,chessboard,508,3,2
131,2239,45,39,12,75,44,898,40,post_fragmentation,50,0.7,0.5,chessboard,510,1,2
131,2239,45,39,12,75,44,898,40,post_fragmentation,50,0.7,0.5,chessboard,512,1,2
131,2239,45,39,12,75,44,898,40,post_fragmentation,50,0.7,0.5,chessboard,520,4,2
131,2239,45,39,12,75,44,898,40,post_fragmentation,50,0.7,0.5,chessboard,521,1,2
131,2239,45,39,12,75,44,898,40,post_fragmentation,50,0.7,0.5,chessboard,525,1,2
131,2239,45,39,12,75,44,898,40,post_fragmentation,50,0.7,0.5,chessboard,531,2,2
131,2239,45,39,12,75,44,898,40,post_fragmentation,50,0.7,0.5,chessboard,546,1,2
131,2239,45,39,12,75,44,898,40,post_fragmentation,50,0.7,0.5,chessboard,547,1,2
131,2239,45,39,12,75,44,898,40,post_fragmentation,50,0.7,0.5,chessboard,600,1,2
131,2239,45,39,12,75,44,898,40,post_fragmentation,50,0.7,0.5,chessboard,602,1,2
131,2239,45,39,12,75,44,898,40,post_fragmentation,50,0.7,0.5,chessboard,625,6,2
131,2239,45,39,12,75,44,898,40,post_fragmentation,50,0.7,0.5,chessboard,626,1,2
131,2239,45,39,12,75,44,898,40,post_fragmentation,50,0.7,0.5,chessboard,642,1,2
131,2239,45,39,12,75,44,898,40,post_fragmentation,50,0.7,0.5,chessboard,656,3,2
131,2239,45,39,12,75,44,898,40,post_fragmentation,50,0.7,0.5,chessboard,661,1,2
131,2239,45,39,12,75,44,898,40,post_fragmentation,50,0.7,0.5,chessboard,690,1,2
131,2239,45,39,12,75,44,898,40,post_fragmentation,50,0.7,0.5,chessboard,721,1,2
131,2239,45,39,12,75,44,898,40,post_fragmentation,50,0.7,0.5,chessboard,780,1,2
132,2241,45,41,12,75,44,898,40,post_fragmentation,50,0.7,0.5,chessboard,306,2,2
132,2241,45,41,12,75,44,898,40,post_fragmentation,50,0.7,0.5,chessboard,322,1,2
132,2241,45,41,12,75,44,898,40,post_fragmentation,50,0.7,0.5,chessboard,415,2,2
132,2241,45,41,12,75,44,898,40,post_fragmentation,50,0.7,0.5,chessboard,417,3,2
132,2241,45,41,12,75,44,898,40,post_fragmentation,50,0.7,0.5,chessboard,428,2,2
132,2241,45,41,12,75,44,898,40,post_fragmentation,50,0.7,0.5,chessboard,437,1,2
132,2241,45,41,12,75,44,898,40,post_fragmentation,50,0.7,0.5,chessboard,439,2,2
132,2241,45,41,12,75,44,898,40,post_fragmentation,50,0.7,0.5,chessboard,441,2,2
132,2241,45,41,12,75,44,898,40,post_fragmentation,50,0.7,0.5,chessboard,442,3,2
132,2241,45,41,12,75,44,898,40,post_fragmentation,50,0.7,0.5,chessboard,449,2,2
132,2241,45,41,12,75,44,898,40,post_fragmentation,50,0.7,0.5,chessboard,463,1,2
132,2241,45,41,12,75,44,898,40,post_fragmentation,50,0.7,0.5,chessboard,465,1,2
132,2241,45,41,12,75,44,898,40,post_fragmentation,50,0.7,0.5,chessboard,492,1,2
132,2241,45,41,12,75,44,898,40,post_fragmentation,50,0.7,0.5,chessboard,495,1,2
132,2241,45,41,12,75,44,898,40,post_fragmentation,50,0.7,0.5,chessboard,503,1,2
132,2241,45,41,12,75,44,898,40,post_fragmentation,50,0.7,0.5,chessboard,512,1,2
132,2241,45,41,12,75,44,898,40,post_fragmentation,50,0.7,0.5,chessboard,520,2,2
132,2241,45,41,12,75,44,898,40,post_fragmentation,50,0.7,0.5,chessboard,533,1,2
132,2241,45,41,12,75,44,898,40,post_fragmentation,50,0.7,0.5,chessboard,540,1,2
132,2241,45,41,12,75,44,898,40,post_fragmentation,50,0.7,0.5,chessboard,546,1,2
132,2241,45,41,12,75,44,898,40,post_fragmentation,50,0.7,0.5,chessboard,547,2,2
132,2241,45,41,12,75,44,898,40,post_fragmentation,50,0.7,0.5,chessboard,559,1,2
132,2241,45,41,12,75,44,898,40,post_fragmentation,50,0.7,0.5,chessboard,588,1,2
132,2241,45,41,12,75,44,898,40,post_fragmentation,50,0.7,0.5,chessboard,602,1,2
132,2241,45,41,12,75,44,898,40,post_fragmentation,50,0.7,0.5,chessboard,625,1,2
132,2241,45,41,12,75,44,898,40,post_fragmentation,50,0.7,0.5,chessboard,661,1,2
132,2241,45,41,12,75,44,898,40,post_fragmentation,50,0.7,0.5,chessboard,736,1,2
133,2243,45,43,12,75,44,898,40,post_fragmentation,50,0.7,0.5,chessboard,270,1,2
133,2243,45,43,12,75,44,898,40,post_fragmentation,50,0.7,0.5,chessboard,323,1,2
133,2243,45,43,12,75,44,898,40,post_fragmentation,50,0.7,0.5,chessboard,345,1,2
133,2243,45,43,12,75,44,898,40,post_fragmentation,50,0.7,0.5,chessboard,349,1,2
133,2243,45,43,12,75,44,898,40,post_fragmentation,50,0.7,0.5,chessboard,351,1,2
133,2243,45,43,12,75,44,898,40,post_fragmentation,50,0.7,0.5,chessboard,365,1,2
133,2243,45,43,12,75,44,898,40,post_fragmentation,50,0.7,0.5,chessboard,380,1,2
133,2243,45,43,12,75,44,898,40,post_fragmentation,50,0.7,0.5,chessboard,387,1,2
133,2243,45,43,12,75,44,898,40,post_fragmentation,50,0.7,0.5,chessboard,401,1,2
133,2243,45,43,12,75,44,898,40,post_fragmentation,50,0.7,0.5,chessboard,414,1,2
133,2243,45,43,12,75,44,898,40,post_fragmentation,50,0.7,0.5,chessboard,415,1,2
133,2243,45,43,12,75,44,898,40,post_fragmentation,50,0.7,0.5,chessboard,419,1,2
133,2243,45,43,12,75,44,898,40,post_fragmentation,50,0.7,0.5,chessboard,431,3,2
133,2243,45,43,12,75,44,898,40,post_fragmentation,50,0.7,0.5,chessboard,442,1,2
133,2243,45,43,12,75,44,898,40,post_fragmentation,50,0.7,0.5,chessboard,457,6,2
133,2243,45,43,12,75,44,898,40,post_fragmentation,50,0.7,0.5,chessboard,463,1,2
133,2243,45,43,12,75,44,898,40,post_fragmentation,50,0.7,0.5,chessboard,498,2,2
133,2243,45,43,12,75,44,898,40,post_fragmentation,50,0.7,0.5,chessboard,505,1,2
133,2243,45,43,12,75,44,898,40,post_fragmentation,50,0.7,0.5,chessboard,520,2,2
133,2243,45,43,12,75,44,898,40,post_fragmentation,50,0.7,0.5,chessboard,521,1,2
133,2243,45,43,12,75,44,898,40,post_fragmentation,50,0.7,0.5,chessboard,525,1,2
133,2243,45,43,12,75,44,898,40,post_fragmentation,50,0.7,0.5,chessboard,533,1,2
133,2243,45,43,12,75,44,898,40,post_fragmentation,50,0.7,0.5,chessboard,535,1,2
133,2243,45,43,12,75,44,898,40,post_fragmentation,50,0.7,0.5,chessboard,545,1,2
133,2243,45,43,12,75,44,898,40,post_fragmentation,50,0.7,0.5,chessboard,547,2,2
133,2243,45,43,12,75,44,898,40,post_fragmentation,50,0.7,0.5,chessboard,559,1,2
133,2243,45,43,12,75,44,898,40,post_fragmentation,50,0.7,0.5,chessboard,651,1,2
134,2258,46,8,1,216,44,898,40,post_fragmentation,50,0.7,0.5,chessboard,72,1,2
134,2258,46,8,1,216,44,898,40,post_fragmentation,50,0.7,0.5,chessboard,81,1,2
134,2258,46,8,1,216,44,898,40,post_fragmentation,50,0.7,0.5,chessboard,93,1,2
134,2258,46,8,1,216,44,898,40,post_fragmentation,50,0.7,0.5,chessboard,115,3,2
134,2258,46,8,1,216,44,898,40,post_fragmentation,50,0.7,0.5,chessboard,128,1,2
134,2258,46,8,1,216,44,898,40,post_fragmentation,50,0.7,0.5,chessboard,132,1,2
134,2258,46,8,1,216,44,898,40,post_fragmentation,50,0.7,0.5,chessboard,133,1,2
134,2258,46,8,1,216,44,898,40,post_fragmentation,50,0.7,0.5,chessboard,143,1,2
134,2258,46,8,1,216,44,898,40,post_fragmentation,50,0.7,0.5,chessboard,144,1,2
134,2258,46,8,1,216,44,898,40,post_fragmentation,50,0.7,0.5,chessboard,153,1,2
134,2258,46,8,1,216,44,898,40,post_fragmentation,50,0.7,0.5,chessboard,168,1,2
134,2258,46,8,1,216,44,898,40,post_fragmentation,50,0.7,0.5,chessboard,169,1,2
134,2258,46,8,1,216,44,898,40,post_fragmentation,50,0.7,0.5,chessboard,174,2,2
134,2258,46,8,1,216,44,898,40,post_fragmentation,50,0.7,0.5,chessboard,191,1,2
134,2258,46,8,1,216,44,898,40,post_fragmentation,50,0.7,0.5,chessboard,198,6,2
134,2258,46,8,1,216,44,898,40,post_fragmentation,50,0.7,0.5,chessboard,203,2,2
134,2258,46,8,1,216,44,898,40,post_fragmentation,50,0.7,0.5,chessboard,205,1,2
134,2258,46,8,1,216,44,898,40,post_fragmentation,50,0.7,0.5,chessboard,217,2,2
134,2258,46,8,1,216,44,898,40,post_fragmentation,50,0.7,0.5,chessboard,220,1,2
134,2258,46,8,1,216,44,898,40,post_fragmentation,50,0.7,0.5,chessboard,224,1,2
134,2258,46,8,1,216,44,898,40,post_fragmentation,50,0.7,0.5,chessboard,267,1,2
134,2258,46,8,1,216,44,898,40,post_fragmentation,50,0.7,0.5,chessboard,284,2,2
134,2258,46,8,1,216,44,898,40,post_fragmentation,50,0.7,0.5,chessboard,286,1,2
134,2258,46,8,1,216,44,898,40,post_fragmentation,50,0.7,0.5,chessboard,287,1,2
134,2258,46,8,1,216,44,898,40,post_fragmentation,50,0.7,0.5,chessboard,293,1,2
134,2258,46,8,1,216,44,898,40,post_fragmentation,50,0.7,0.5,chessboard,307,1,2
134,2258,46,8,1,216,44,898,40,post_fragmentation,50,0.7,0.5,chessboard,322,1,2
134,2258,46,8,1,216,44,898,40,post_fragmentation,50,0.7,0.5,chessboard,328,2,2
134,2258,46,8,1,216,44,898,40,post_fragmentation,50,0.7,0.5,chessboard,413,1,2
134,2258,46,8,1,216,44,898,40,post_fragmentation,50,0.7,0.5,chessboard,434,1,2
135,2260,46,10,1,216,44,898,40,post_fragmentation,50,0.7,0.5,chessboard,96,1,2
135,2260,46,10,1,216,44,898,40,post_fragmentation,50,0.7,0.5,chessboard,144,1,2
135,2260,46,10,1,216,44,898,40,post_fragmentation,50,0.7,0.5,chessboard,145,1,2
135,2260,46,10,1,216,44,898,40,post_fragmentation,50,0.7,0.5,chessboard,150,1,2
135,2260,46,10,1,216,44,898,40,post_fragmentation,50,0.7,0.5,chessboard,177,1,2
135,2260,46,10,1,216,44,898,40,post_fragmentation,50,0.7,0.5,chessboard,191,4,2
135,2260,46,10,1,216,44,898,40,post_fragmentation,50,0.7,0.5,chessboard,197,2,2
135,2260,46,10,1,216,44,898,40,post_fragmentation,50,0.7,0.5,chessboard,198,2,2
135,2260,46,10,1,216,44,898,40,post_fragmentation,50,0.7,0.5,chessboard,217,2,2
135,2260,46,10,1,216,44,898,40,post_fragmentation,50,0.7,0.5,chessboard,228,1,2
135,2260,46,10,1,216,44,898,40,post_fragmentation,50,0.7,0.5,chessboard,232,2,2
135,2260,46,10,1,216,44,898,40,post_fragmentation,50,0.7,0.5,chessboard,234,1,2
135,2260,46,10,1,216,44,898,40,post_fragmentation,50,0.7,0.5,chessboard,267,4,2
135,2260,46,10,1,216,44,898,40,post_fragmentation,50,0.7,0.5,chessboard,286,1,2
135,2260,46,10,1,216,44,898,40,post_fragmentation,50,0.7,0.5,chessboard,287,4,2
135,2260,46,10,1,216,44,898,40,post_fragmentation,50,0.7,0.5,chessboard,293,3,2
135,2260,46,10,1,216,44,898,40,post_fragmentation,50,0.7,0.5,chessboard,296,1,2
135,2260,46,10,1,216,44,898,40,post_fragmentation,50,0.7,0.5,chessboard,301,2,2
135,2260,46,10,1,216,44,898,40,post_fragmentation,50,0.7,0.5,chessboard,303,1,2
135,2260,46,10,1,216,44,898,40,post_fragmentation,50,0.7,0.5,chessboard,322,1,2
135,2260,46,10,1,216,44,898,40,post_fragmentation,50,0.7,0.5,chessboard,328,2,2
135,2260,46,10,1,216,44,898,40,post_fragmentation,50,0.7,0.5,chessboard,333,1,2
135,2260,46,10,1,216,44,898,40,post_fragmentation,50,0.7,0.5,chessboard,353,1,2
135,2260,46,10,1,216,44,898,40,post_fragmentation,50,0.7,0.5,chessboard,374,1,2
135,2260,46,10,1,216,44,898,40,post_fragmentation,50,0.7,0.5,chessboard,378,1,2
135,2260,46,10,1,216,44,898,40,post_fragmentation,50,0.7,0.5,chessboard,580,1,2
136,2262,46,12,1,216,44,898,40,post_fragmentation,50,0.7,0.5,chessboard,177,1,2
136,2262,46,12,1,216,44,898,40,post_fragmentation,50,0.7,0.5,chessboard,217,1,2
136,2262,46,12,1,216,44,898,40,post_fragmentation,50,0.7,0.5,chessboard,253,1,2
136,2262,46,12,1,216,44,898,40,post_fragmentation,50,0.7,0.5,chessboard,268,1,2
136,2262,46,12,1,216,44,898,40,post_fragmentation,50,0.7,0.5,chessboard,297,1,2
136,2262,46,12,1,216,44,898,40,post_fragmentation,50,0.7,0.5,chessboard,309,1,2
136,2262,46,12,1,216,44,898,40,post_fragmentation,50,0.7,0.5,chessboard,328,2,2
136,2262,46,12,1,216,44,898,40,post_fragmentation,50,0.7,0.5,chessboard,374,1,2
136,2262,46,12,1,216,44,898,40,post_fragmentation,50,0.7,0.5,chessboard,378,2,2
136,2262,46,12,1,216,44,898,40,post_fragmentation,50,0.7,0.5,chessboard,382,2,2
136,2262,46,12,1,216,44,898,40,post_fragmentation,50,0.7,0.5,chessboard,401,3,2
136,2262,46,12,1,216,44,898,40,post_fragmentation,50,0.7,0.5,chessboard,402,1,2
136,2262,46,12,1,216,44,898,40,post_fragmentation,50,0.7,0.5,chessboard,404,1,2
136,2262,46,12,1,216,44,898,40,post_fragmentation,50,0.7,0.5,chessboard,405,3,2
136,2262,46,12,1,216,44,898,40,post_fragmentation,50,0.7,0.5,chessboard,423,1,2
136,2262,46,12,1,216,44,898,40,post_fragmentation,50,0.7,0.5,chessboard,445,2,2
136,2262,46,12,1,216,44,898,40,post_fragmentation,50,0.7,0.5,chessboard,452,1,2
136,2262,46,12,1,216,44,898,40,post_fragmentation,50,0.7,0.5,chessboard,469,2,2
136,2262,46,12,1,216,44,898,40,post_fragmentation,50,0.7,0.5,chessboard,486,4,2
136,2262,46,12,1,216,44,898,40,post_fragmentation,50,0.7,0.5,chessboard,524,1,2
136,2262,46,12,1,216,44,898,40,post_fragmentation,50,0.7,0.5,chessboard,533,1,2
136,2262,46,12,1,216,44,898,40,post_fragmentation,50,0.7,0.5,chessboard,543,1,2
136,2262,46,12,1,216,44,898,40,post_fragmentation,50,0.7,0.5,chessboard,546,2,2
137,2266,46,16,1,216,44,898,40,post_fragmentation,50,0.7,0.5,chessboard,524,2,2
137,2266,46,16,1,216,44,898,40,post_fragmentation,50,0.7,0.5,chessboard,525,1,2
137,2266,46,16,1,216,44,898,40,post_fragmentation,50,0.7,0.5,chessboard,533,1,2
137,2266,46,16,1,216,44,898,40,post_fragmentation,50,0.7,0.5,chessboard,535,1,2
137,2266,46,16,1,216,44,898,40,post_fragmentation,50,0.7,0.5,chessboard,547,2,2
137,2266,46,16,1,216,44,898,40,post_fragmentation,50,0.7,0.5,chessboard,565,1,2
137,2266,46,16,1,216,44,898,40,post_fragmentation,50,0.7,0.5,chessboard,578,1,2
137,2266,46,16,1,216,44,898,40,post_fragmentation,50,0.7,0.5,chessboard,581,2,2
137,2266,46,16,1,216,44,898,40,post_fragmentation,50,0.7,0.5,chessboard,601,1,2
137,2266,46,16,1,216,44,898,40,post_fragmentation,50,0.7,0.5,chessboard,615,3,2
137,2266,46,16,1,216,44,898,40,post_fragmentation,50,0.7,0.5,chessboard,619,3,2
137,2266,46,16,1,216,44,898,40,post_fragmentation,50,0.7,0.5,chessboard,669,4,2
137,2266,46,16,1,216,44,898,40,post_fragmentation,50,0.7,0.5,chessboard,674,2,2
137,2266,46,16,1,216,44,898,40,post_fragmentation,50,0.7,0.5,chessboard,697,1,2
137,2266,46,16,1,216,44,898,40,post_fragmentation,50,0.7,0.5,chessboard,701,1,2
137,2266,46,16,1,216,44,898,40,post_fragmentation,50,0.7,0.5,chessboard,705,1,2
137,2266,46,16,1,216,44,898,40,post_fragmentation,50,0.7,0.5,chessboard,740,1,2
137,2266,46,16,1,216,44,898,40,post_fragmentation,50,0.7,0.5,chessboard,744,2,2
137,2266,46,16,1,216,44,898,40,post_fragmentation,50,0.7,0.5,chessboard,768,1,2
137,2266,46,16,1,216,44,898,40,post_fragmentation,50,0.7,0.5,chessboard,779,1,2
137,2266,46,16,1,216,44,898,40,post_fragmentation,50,0.7,0.5,chessboard,785,1,2
137,2266,46,16,1,216,44,898,40,post_fragmentation,50,0.7,0.5,chessboard,797,2,2
137,2266,46,16,1,216,44,898,40,post_fragmentation,50,0.7,0.5,chessboard,814,1,2
137,2266,46,16,1,216,44,898,40,post_fragmentation,50,0.7,0.5,chessboard,817,1,2
138,2268,46,18,1,216,44,898,40,post_fragmentation,50,0.7,0.5,chessboard,619,1,2
138,2268,46,18,1,216,44,898,40,post_fragmentation,50,0.7,0.5,chessboard,674,2,2
138,2268,46,18,1,216,44,898,40,post_fragmentation,50,0.7,0.5,chessboard,684,1,2
138,2268,46,18,1,216,44,898,40,post_fragmentation,50,0.7,0.5,chessboard,698,2,2
138,2268,46,18,1,216,44,898,40,post_fragmentation,50,0.7,0.5,chessboard,701,2,2
138,2268,46,18,1,216,44,898,40,post_fragmentation,50,0.7,0.5,chessboard,712,1,2
138,2268,46,18,1,216,44,898,40,post_fragmentation,50,0.7,0.5,chessboard,727,1,2
138,2268,46,18,1,216,44,898,40,post_fragmentation,50,0.7,0.5,chessboard,730,1,2
138,2268,46,18,1,216,44,898,40,post_fragmentation,50,0.7,0.5,chessboard,740,1,2
138,2268,46,18,1,216,44,898,40,post_fragmentation,50,0.7,0.5,chessboard,744,1,2
138,2268,46,18,1,216,44,898,40,post_fragmentation,50,0.7,0.5,chessboard,765,2,2
138,2268,46,18,1,216,44,898,40,post_fragmentation,50,0.7,0.5,chessboard,768,8,2
138,2268,46,18,1,216,44,898,40,post_fragmentation,50,0.7,0.5,chessboard,772,1,2
138,2268,46,18,1,216,44,898,40,post_fragmentation,50,0.7,0.5,chessboard,785,1,2
138,2268,46,18,1,216,44,898,40,post_fragmentation,50,0.7,0.5,chessboard,794,1,2
138,2268,46,18,1,216,44,898,40,post_fragmentation,50,0.7,0.5,chessboard,807,1,2
138,2268,46,18,1,216,44,898,40,post_fragmentation,50,0.7,0.5,chessboard,809,1,2
138,2268,46,18,1,216,44,898,40,post_fragmentation,50,0.7,0.5,chessboard,815,5,2
138,2268,46,18,1,216,44,898,40,post_fragmentation,50,0.7,0.5,chessboard,836,1,2
138,2268,46,18,1,216,44,898,40,post_fragmentation,50,0.7,0.5,chessboard,848,1,2
138,2268,46,18,1,216,44,898,40,post_fragmentation,50,0.7,0.5,chessboard,853,1,2
138,2268,46,18,1,216,44,898,40,post_fragmentation,50,0.7,0.5,chessboard,878,1,2
138,2268,46,18,1,216,44,898,40,post_fragmentation,50,0.7,0.5,chessboard,924,1,2
139,2286,46,36,12,75,44,898,40,post_fragmentation,50,0.7,0.5,chessboard,491,1,2
139,2286,46,36,12,75,44,898,40,post_fragmentation,50,0.7,0.5,chessboard,496,1,2
139,2286,46,36,12,75,44,898,40,post_fragmentation,50,0.7,0.5,chessboard,505,1,2
139,2286,46,36,12,75,44,898,40,post_fragmentation,50,0.7,0.5,chessboard,512,1,2
139,2286,46,36,12,75,44,898,40,post_fragmentation,50,0.7,0.5,chessboard,520,1,2
139,2286,46,36,12,75,44,898,40,post_fragmentation,50,0.7,0.5,chessboard,559,2,2
139,2286,46,36,12,75,44,898,40,post_fragmentation,50,0.7,0.5,chessboard,562,1,2
139,2286,46,36,12,75,44,898,40,post_fragmentation,50,0.7,0.5,chessboard,610,1,2
139,2286,46,36,12,75,44,898,40,post_fragmentation,50,0.7,0.5,chessboard,611,4,2
139,2286,46,36,12,75,44,898,40,post_fragmentation,50,0.7,0.5,chessboard,625,5,2
139,2286,46,36,12,75,44,898,40,post_fragmentation,50,0.7,0.5,chessboard,629,1,2
139,2286,46,36,12,75,44,898,40,post_fragmentation,50,0.7,0.5,chessboard,637,2,2
139,2286,46,36,12,75,44,898,40,post_fragmentation,50,0.7,0.5,chessboard,645,1,2
139,2286,46,36,12,75,44,898,40,post_fragmentation,50,0.7,0.5,chessboard,656,1,2
139,2286,46,36,12,75,44,898,40,post_fragmentation,50,0.7,0.5,chessboard,663,2,2
139,2286,46,36,12,75,44,898,40,post_fragmentation,50,0.7,0.5,chessboard,672,1,2
139,2286,46,36,12,75,44,898,40,post_fragmentation,50,0.7,0.5,chessboard,674,1,2
139,2286,46,36,12,75,44,898,40,post_fragmentation,50,0.7,0.5,chessboard,676,1,2
139,2286,46,36,12,75,44,898,40,post_fragmentation,50,0.7,0.5,chessboard,682,1,2
139,2286,46,36,12,75,44,898,40,post_fragmentation,50,0.7,0.5,chessboard,708,1,2
139,2286,46,36,12,75,44,898,40,post_fragmentation,50,0.7,0.5,chessboard,713,1,2
139,2286,46,36,12,75,44,898,40,post_fragmentation,50,0.7,0.5,chessboard,740,1,2
140,2288,46,38,12,75,44,898,40,post_fragmentation,50,0.7,0.5,chessboard,415,1,2
140,2288,46,38,12,75,44,898,40,post_fragmentation,50,0.7,0.5,chessboard,439,1,2
140,2288,46,38,12,75,44,898,40,post_fragmentation,50,0.7,0.5,chessboard,466,3,2
140,2288,46,38,12,75,44,898,40,post_fragmentation,50,0.7,0.5,chessboard,493,1,2
140,2288,46,38,12,75,44,898,40,post_fragmentation,50,0.7,0.5,chessboard,508,1,2
140,2288,46,38,12,75,44,898,40,post_fragmentation,50,0.7,0.5,chessboard,516,2,2
140,2288,46,38,12,75,44,898,40,post_fragmentation,50,0.7,0.5,chessboard,518,3,2
140,2288,46,38,12,75,44,898,40,post_fragmentation,50,0.7,0.5,chessboard,521,3,2
140,2288,46,38,12,75,44,898,40,post_fragmentation,50,0.7,0.5,chessboard,533,1,2
140,2288,46,38,12,75,44,898,40,post_fragmentation,50,0.7,0.5,chessboard,541,1,2
140,2288,46,38,12,75,44,898,40,post_fragmentation,50,0.7,0.5,chessboard,549,1,2
140,2288,46,38,12,75,44,898,40,post_fragmentation,50,0.7,0.5,chessboard,559,1,2
140,2288,46,38,12,75,44,898,40,post_fragmentation,50,0.7,0.5,chessboard,602,4,2
140,2288,46,38,12,75,44,898,40,post_fragmentation,50,0.7,0.5,chessboard,611,1,2
140,2288,46,38,12,75,44,898,40,post_fragmentation,50,0.7,0.5,chessboard,625,2,2
140,2288,46,38,12,75,44,898,40,post_fragmentation,50,0.7,0.5,chessboard,629,1,2
140,2288,46,38,12,75,44,898,40,post_fragmentation,50,0.7,0.5,chessboard,632,2,2
140,2288,46,38,12,75,44,898,40,post_fragmentation,50,0.7,0.5,chessboard,656,3,2
140,2288,46,38,12,75,44,898,40,post_fragmentation,50,0.7,0.5,chessboard,661,3,2
140,2288,46,38,12,75,44,898,40,post_fragmentation,50,0.7,0.5,chessboard,674,2,2
140,2288,46,38,12,75,44,898,40,post_fragmentation,50,0.7,0.5,chessboard,682,1,2
140,2288,46,38,12,75,44,898,40,post_fragmentation,50,0.7,0.5,chessboard,695,1,2
141,2290,46,40,12,75,44,898,40,post_fragmentation,50,0.7,0.5,chessboard,366,2,2
141,2290,46,40,12,75,44,898,40,post_fragmentation,50,0.7,0.5,chessboard,415,1,2
141,2290,46,40,12,75,44,898,40,post_fragmentation,50,0.7,0.5,chessboard,437,1,2
141,2290,46,40,12,75,44,898,40,post_fragmentation,50,0.7,0.5,chessboard,439,3,2
141,2290,46,40,12,75,44,898,40,post_fragmentation,50,0.7,0.5,chessboard,444,1,2
141,2290,46,40,12,75,44,898,40,post_fragmentation,50,0.7,0.5,chessboard,454,1,2
141,2290,46,40,12,75,44,898,40,post_fragmentation,50,0.7,0.5,chessboard,457,1,2
141,2290,46,40,12,75,44,898,40,post_fragmentation,50,0.7,0.5,chessboard,466,1,2
141,2290,46,40,12,75,44,898,40,post_fragmentation,50,0.7,0.5,chessboard,472,1,2
141,2290,46,40,12,75,44,898,40,post_fragmentation,50,0.7,0.5,chessboard,492,2,2
141,2290,46,40,12,75,44,898,40,post_fragmentation,50,0.7,0.5,chessboard,493,2,2
141,2290,46,40,12,75,44,898,40,post_fragmentation,50,0.7,0.5,chessboard,495,1,2
141,2290,46,40,12,75,44,898,40,post_fragmentation,50,0.7,0.5,chessboard,508,2,2
141,2290,46,40,12,75,44,898,40,post_fragmentation,50,0.7,0.5,chessboard,512,1,2
141,2290,46,40,12,75,44,898,40,post_fragmentation,50,0.7,0.5,chessboard,516,2,2
141,2290,46,40,12,75,44,898,40,post_fragmentation,50,0.7,0.5,chessboard,520,1,2
141,2290,46,40,12,75,44,898,40,post_fragmentation,50,0.7,0.5,chessboard,521,1,2
141,2290,46,40,12,75,44,898,40,post_fragmentation,50,0.7,0.5,chessboard,546,2,2
141,2290,46,40,12,75,44,898,40,post_fragmentation,50,0.7,0.5,chessboard,547,1,2
141,2290,46,40,12,75,44,898,40,post_fragmentation,50,0.7,0.5,chessboard,555,1,2
141,2290,46,40,12,75,44,898,40,post_fragmentation,50,0.7,0.5,chessboard,559,3,2
141,2290,46,40,12,75,44,898,40,post_fragmentation,50,0.7,0.5,chessboard,577,1,2
141,2290,46,40,12,75,44,898,40,post_fragmentation,50,0.7,0.5,chessboard,595,1,2
141,2290,46,40,12,75,44,898,40,post_fragmentation,50,0.7,0.5,chessboard,633,1,2
141,2290,46,40,12,75,44,898,40,post_fragmentation,50,0.7,0.5,chessboard,701,1,2
142,2292,46,42,12,75,44,898,40,post_fragmentation,50,0.7,0.5,chessboard,335,1,2
142,2292,46,42,12,75,44,898,40,post_fragmentation,50,0.7,0.5,chessboard,362,1,2
142,2292,46,42,12,75,44,898,40,post_fragmentation,50,0.7,0.5,chessboard,365,1,2
142,2292,46,42,12,75,44,898,40,post_fragmentation,50,0.7,0.5,chessboard,391,1,2
142,2292,46,42,12,75,44,898,40,post_fragmentation,50,0.7,0.5,chessboard,414,1,2
142,2292,46,42,12,75,44,898,40,post_fragmentation,50,0.7,0.5,chessboard,415,4,2
142,2292,46,42,12,75,44,898,40,post_fragmentation,50,0.7,0.5,chessboard,417,1,2
142,2292,46,42,12,75,44,898,40,post_fragmentation,50,0.7,0.5,chessboard,418,1,2
142,2292,46,42,12,75,44,898,40,post_fragmentation,50,0.7,0.5,chessboard,419,1,2
142,2292,46,42,12,75,44,898,40,post_fragmentation,50,0.7,0.5,chessboard,425,1,2
142,2292,46,42,12,75,44,898,40,post_fragmentation,50,0.7,0.5,chessboard,428,3,2
142,2292,46,42,12,75,44,898,40,post_fragmentation,50,0.7,0.5,chessboard,439,5,2
142,2292,46,42,12,75,44,898,40,post_fragmentation,50,0.7,0.5,chessboard,442,2,2
142,2292,46,42,12,75,44,898,40,post_fragmentation,50,0.7,0.5,chessboard,447,2,2
142,2292,46,42,12,75,44,898,40,post_fragmentation,50,0.7,0.5,chessboard,454,1,2
142,2292,46,42,12,75,44,898,40,post_fragmentation,50,0.7,0.5,chessboard,457,1,2
142,2292,46,42,12,75,44,898,40,post_fragmentation,50,0.7,0.5,chessboard,466,2,2
142,2292,46,42,12,75,44,898,40,post_fragmentation,50,0.7,0.5,chessboard,492,1,2
142,2292,46,42,12,75,44,898,40,post_fragmentation,50,0.7,0.5,chessboard,498,1,2
142,2292,46,42,12,75,44,898,40,post_fragmentation,50,0.7,0.5,chessboard,508,2,2
142,2292,46,42,12,75,44,898,40,post_fragmentation,50,0.7,0.5,chessboard,520,3,2
142,2292,46,42,12,75,44,898,40,post_fragmentation,50,0.7,0.5,chessboard,521,1,2
142,2292,46,42,12,75,44,898,40,post_fragmentation,50,0.7,0.5,chessboard,530,2,2
142,2292,46,42,12,75,44,898,40,post_fragmentation,50,0.7,0.5,chessboard,559,1,2
142,2292,46,42,12,75,44,898,40,post_fragmentation,50,0.7,0.5,chessboard,577,2,2
143,2294,46,44,12,75,44,898,40,post_fragmentation,50,0.7,0.5,chessboard,186,2,2
143,2294,46,44,12,75,44,898,40,post_fragmentation,50,0.7,0.5,chessboard,220,1,2
143,2294,46,44,12,75,44,898,40,post_fragmentation,50,0.7,0.5,chessboard,238,1,2
143,2294,46,44,12,75,44,898,40,post_fragmentation,50,0.7,0.5,chessboard,241,1,2
143,2294,46,44,12,75,44,898,40,post_fragmentation,50,0.7,0.5,chessboard,261,3,2
143,2294,46,44,12,75,44,898,40,post_fragmentation,50,0.7,0.5,chessboard,287,1,2
143,2294,46,44,12,75,44,898,40,post_fragmentation,50,0.7,0.5,chessboard,298,1,2
143,2294,46,44,12,75,44,898,40,post_fragmentation,50,0.7,0.5,chessboard,301,2,2
143,2294,46,44,12,75,44,898,40,post_fragmentation,50,0.7,0.5,chessboard,303,2,2
143,2294,46,44,12,75,44,898,40,post_fragmentation,50,0.7,0.5,chessboard,306,1,2
143,2294,46,44,12,75,44,898,40,post_fragmentation,50,0.7,0.5,chessboard,318,1,2
143,2294,46,44,12,75,44,898,40,post_fragmentation,50,0.7,0.5,chessboard,322,1,2
143,2294,46,44,12,75,44,898,40,post_fragmentation,50,0.7,0.5,chessboard,323,3,2
143,2294,46,44,12,75,44,898,40,post_fragmentation,50,0.7,0.5,chessboard,333,1,2
143,2294,46,44,12,75,44,898,40,post_fragmentation,50,0.7,0.5,chessboard,335,1,2
143,2294,46,44,12,75,44,898,40,post_fragmentation,50,0.7,0.5,chessboard,341,1,2
143,2294,46,44,12,75,44,898,40,post_fragmentation,50,0.7,0.5,chessboard,345,1,2
143,2294,46,44,12,75,44,898,40,post_fragmentation,50,0.7,0.5,chessboard,351,6,2
143,2294,46,44,12,75,44,898,40,post_fragmentation,50,0.7,0.5,chessboard,374,1,2
143,2294,46,44,12,75,44,898,40,post_fragmentation,50,0.7,0.5,chessboard,405,1,2
143,2294,46,44,12,75,44,898,40,post_fragmentation,50,0.7,0.5,chessboard,415,4,2
143,2294,46,44,12,75,44,898,40,post_fragmentation,50,0.7,0.5,chessboard,425,2,2
143,2294,46,44,12,75,44,898,40,post_fragmentation,50,0.7,0.5,chessboard,444,1,2
143,2294,46,44,12,75,44,898,40,post_fragmentation,50,0.7,0.5,chessboard,492,1,2
143,2294,46,44,12,75,44,898,40,post_fragmentation,50,0.7,0.5,chessboard,506,1,2
143,2294,46,44,12,75,44,898,40,post_fragmentation,50,0.7,0.5,chessboard,555,1,2
144,2305,47,5,1,216,44,898,40,post_fragmentation,50,0.7,0.5,chessboard,5,1,2
144,2305,47,5,1,216,44,898,40,post_fragmentation,50,0.7,0.5,chessboard,18,3,2
144,2305,47,5,1,216,44,898,40,post_fragmentation,50,0.7,0.5,chessboard,28,1,2
144,2305,47,5,1,216,44,898,40,post_fragmentation,50,0.7,0.5,chessboard,46,1,2
144,2305,47,5,1,216,44,898,40,post_fragmentation,50,0.7,0.5,chessboard,47,2,2
144,2305,47,5,1,216,44,898,40,post_fragmentation,50,0.7,0.5,chessboard,58,1,2
144,2305,47,5,1,216,44,898,40,post_fragmentation,50,0.7,0.5,chessboard,69,5,2
144,2305,47,5,1,216,44,898,40,post_fragmentation,50,0.7,0.5,chessboard,72,1,2
144,2305,47,5,1,216,44,898,40,post_fragmentation,50,0.7,0.5,chessboard,73,1,2
144,2305,47,5,1,216,44,898,40,post_fragmentation,50,0.7,0.5,chessboard,77,1,2
144,2305,47,5,1,216,44,898,40,post_fragmentation,50,0.7,0.5,chessboard,78,2,2
144,2305,47,5,1,216,44,898,40,post_fragmentation,50,0.7,0.5,chessboard,81,2,2
144,2305,47,5,1,216,44,898,40,post_fragmentation,50,0.7,0.5,chessboard,93,1,2
144,2305,47,5,1,216,44,898,40,post_fragmentation,50,0.7,0.5,chessboard,96,3,2
144,2305,47,5,1,216,44,898,40,post_fragmentation,50,0.7,0.5,chessboard,108,1,2
144,2305,47,5,1,216,44,898,40,post_fragmentation,50,0.7,0.5,chessboard,112,1,2
144,2305,47,5,1,216,44,898,40,post_fragmentation,50,0.7,0.5,chessboard,122,1,2
144,2305,47,5,1,216,44,898,40,post_fragmentation,50,0.7,0.5,chessboard,125,1,2
144,2305,47,5,1,216,44,898,40,post_fragmentation,50,0.7,0.5,chessboard,127,1,2
144,2305,47,5,1,216,44,898,40,post_fragmentation,50,0.7,0.5,chessboard,131,1,2
144,2305,47,5,1,216,44,898,40,post_fragmentation,50,0.7,0.5,chessboard,132,4,2
144,2305,47,5,1,216,44,898,40,post_fragmentation,50,0.7,0.5,chessboard,141,5,2
144,2305,47,5,1,216,44,898,40,post_fragmentation,50,0.7,0.5,chessboard,150,1,2
144,2305,47,5,1,216,44,898,40,post_fragmentation,50,0.7,0.5,chessboard,152,1,2
144,2305,47,5,1,216,44,898,40,post_fragmentation,50,0.7,0.5,chessboard,169,1,2
144,2305,47,5,1,216,44,898,40,post_fragmentation,50,0.7,0.5,chessboard,171,1,2
144,2305,47,5,1,216,44,898,40,post_fragmentation,50,0.7,0.5,chessboard,268,1,2
144,2305,47,5,1,216,44,898,40,post_fragmentation,50,0.7,0.5,chessboard,320,1,2
145,2315,47,15,1,216,44,898,40,post_fragmentation,50,0.7,0.5,chessboard,402,1,2
145,2315,47,15,1,216,44,898,40,post_fragmentation,50,0.7,0.5,chessboard,423,1,2
145,2315,47,15,1,216,44,898,40,post_fragmentation,50,0.7,0.5,chessboard,452,2,2
145,2315,47,15,1,216,44,898,40,post_fragmentation,50,0.7,0.5,chessboard,469,1,2
145,2315,47,15,1,216,44,898,40,post_fragmentation,50,0.7,0.5,chessboard,500,1,2
145,2315,47,15,1,216,44,898,40,post_fragmentation,50,0.7,0.5,chessboard,517,3,2
145,2315,47,15,1,216,44,898,40,post_fragmentation,50,0.7,0.5,chessboard,524,3,2
145,2315,47,15,1,216,44,898,40,post_fragmentation,50,0.7,0.5,chessboard,525,6,2
145,2315,47,15,1,216,44,898,40,post_fragmentation,50,0.7,0.5,chessboard,526,3,2
145,2315,47,15,1,216,44,898,40,post_fragmentation,50,0.7,0.5,chessboard,535,2,2
145,2315,47,15,1,216,44,898,40,post_fragmentation,50,0.7,0.5,chessboard,543,1,2
145,2315,47,15,1,216,44,898,40,post_fragmentation,50,0.7,0.5,chessboard,546,2,2
145,2315,47,15,1,216,44,898,40,post_fragmentation,50,0.7,0.5,chessboard,557,1,2
145,2315,47,15,1,216,44,898,40,post_fragmentation,50,0.7,0.5,chessboard,601,4,2
145,2315,47,15,1,216,44,898,40,post_fragmentation,50,0.7,0.5,chessboard,615,1,2
145,2315,47,15,1,216,44,898,40,post_fragmentation,50,0.7,0.5,chessboard,619,1,2
145,2315,47,15,1,216,44,898,40,post_fragmentation,50,0.7,0.5,chessboard,625,1,2
145,2315,47,15,1,216,44,898,40,post_fragmentation,50,0.7,0.5,chessboard,639,1,2
145,2315,47,15,1,216,44,898,40,post_fragmentation,50,0.7,0.5,chessboard,669,1,2
146,2321,47,21,1,216,44,898,40,post_fragmentation,50,0.7,0.5,chessboard,661,1,2
146,2321,47,21,1,216,44,898,40,post_fragmentation,50,0.7,0.5,chessboard,669,1,2
146,2321,47,21,1,216,44,898,40,post_fragmentation,50,0.7,0.5,chessboard,720,1,2
146,2321,47,21,1,216,44,898,40,post_fragmentation,50,0.7,0.5,chessboard,730,1,2
146,2321,47,21,1,216,44,898,40,post_fragmentation,50,0.7,0.5,chessboard,740,1,2
146,2321,47,21,1,216,44,898,40,post_fragmentation,50,0.7,0.5,chessboard,762,1,2
146,2321,47,21,1,216,44,898,40,post_fragmentation,50,0.7,0.5,chessboard,768,1,2
146,2321,47,21,1,216,44,898,40,post_fragmentation,50,0.7,0.5,chessboard,772,3,2
146,2321,47,21,1,216,44,898,40,post_fragmentation,50,0.7,0.5,chessboard,773,2,2
146,2321,47,21,1,216,44,898,40,post_fragmentation,50,0.7,0.5,chessboard,783,1,2
146,2321,47,21,1,216,44,898,40,post_fragmentation,50,0.7,0.5,chessboard,784,2,2
146,2321,47,21,1,216,44,898,40,post_fragmentation,50,0.7,0.5,chessboard,785,2,2
146,2321,47,21,1,216,44,898,40,post_fragmentation,50,0.7,0.5,chessboard,794,1,2
146,2321,47,21,1,216,44,898,40,post_fragmentation,50,0.7,0.5,chessboard,797,2,2
146,2321,47,21,1,216,44,898,40,post_fragmentation,50,0.7,0.5,chessboard,800,1,2
146,2321,47,21,1,216,44,898,40,post_fragmentation,50,0.7,0.5,chessboard,809,1,2
146,2321,47,21,1,216,44,898,40,post_fragmentation,50,0.7,0.5,chessboard,812,2,2
146,2321,47,21,1,216,44,898,40,post_fragmentation,50,0.7,0.5,chessboard,815,2,2
146,2321,47,21,1,216,44,898,40,post_fragmentation,50,0.7,0.5,chessboard,821,3,2
146,2321,47,21,1,216,44,898,40,post_fragmentation,50,0.7,0.5,chessboard,828,1,2
146,2321,47,21,1,216,44,898,40,post_fragmentation,50,0.7,0.5,chessboard,844,1,2
146,2321,47,21,1,216,44,898,40,post_fragmentation,50,0.7,0.5,chessboard,863,1,2
146,2321,47,21,1,216,44,898,40,post_fragmentation,50,0.7,0.5,chessboard,871,1,2
146,2321,47,21,1,216,44,898,40,post_fragmentation,50,0.7,0.5,chessboard,902,1,2
146,2321,47,21,1,216,44,898,40,post_fragmentation,50,0.7,0.5,chessboard,905,2,2
146,2321,47,21,1,216,44,898,40,post_fragmentation,50,0.7,0.5,chessboard,918,1,2
147,2323,47,23,1,216,44,898,40,post_fragmentation,50,0.7,0.5,chessboard,701,1,2
147,2323,47,23,1,216,44,898,40,post_fragmentation,50,0.7,0.5,chessboard,762,1,2
147,2323,47,23,1,216,44,898,40,post_fragmentation,50,0.7,0.5,chessboard,768,1,2
147,2323,47,23,1,216,44,898,40,post_fragmentation,50,0.7,0.5,chessboard,783,2,2
147,2323,47,23,1,216,44,898,40,post_fragmentation,50,0.7,0.5,chessboard,785,1,2
147,2323,47,23,1,216,44,898,40,post_fragmentation,50,0.7,0.5,chessboard,787,1,2
147,2323,47,23,1,216,44,898,40,post_fragmentation,50,0.7,0.5,chessboard,794,1,2
147,2323,47,23,1,216,44,898,40,post_fragmentation,50,0.7,0.5,chessboard,809,1,2
147,2323,47,23,1,216,44,898,40,post_fragmentation,50,0.7,0.5,chessboard,811,1,2
147,2323,47,23,1,216,44,898,40,post_fragmentation,50,0.7,0.5,chessboard,812,1,2
147,2323,47,23,1,216,44,898,40,post_fragmentation,50,0.7,0.5,chessboard,815,2,2
147,2323,47,23,1,216,44,898,40,post_fragmentation,50,0.7,0.5,chessboard,821,7,2
147,2323,47,23,1,216,44,898,40,post_fragmentation,50,0.7,0.5,chessboard,836,1,2
147,2323,47,23,1,216,44,898,40,post_fragmentation,50,0.7,0.5,chessboard,840,1,2
147,2323,47,23,1,216,44,898,40,post_fragmentation,50,0.7,0.5,chessboard,845,1,2
147,2323,47,23,1,216,44,898,40,post_fragmentation,50,0.7,0.5,chessboard,857,1,2
147,2323,47,23,1,216,44,898,40,post_fragmentation,50,0.7,0.5,chessboard,866,2,2
147,2323,47,23,1,216,44,898,40,post_fragmentation,50,0.7,0.5,chessboard,874,4,2
147,2323,47,23,1,216,44,898,40,post_fragmentation,50,0.7,0.5,chessboard,876,1,2
147,2323,47,23,1,216,44,898,40,post_fragmentation,50,0.7,0.5,chessboard,885,1,2
147,2323,47,23,1,216,44,898,40,post_fragmentation,50,0.7,0.5,chessboard,887,1,2
147,2323,47,23,1,216,44,898,40,post_fragmentation,50,0.7,0.5,chessboard,890,1,2
147,2323,47,23,1,216,44,898,40,post_fragmentation,50,0.7,0.5,chessboard,900,1,2
147,2323,47,23,1,216,44,898,40,post_fragmentation,50,0.7,0.5,chessboard,905,1,2
147,2323,47,23,1,216,44,898,40,post_fragmentation,50,0.7,0.5,chessboard,920,2,2
147,2323,47,23,1,216,44,898,40,post_fragmentation,50,0.7,0.5,chessboard,932,1,2
148,2325,47,25,1,216,44,898,40,post_fragmentation,50,0.7,0.5,chessboard,577,1,2
148,2325,47,25,1,216,44,898,40,post_fragmentation,50,0.7,0.5,chessboard,688,2,2
148,2325,47,25,1,216,44,898,40,post_fragmentation,50,0.7,0.5,chessboard,719,1,2
148,2325,47,25,1,216,44,898,40,post_fragmentation,50,0.7,0.5,chessboard,740,2,2
148,2325,47,25,1,216,44,898,40,post_fragmentation,50,0.7,0.5,chessboard,749,1,2
148,2325,47,25,1,216,44,898,40,post_fragmentation,50,0.7,0.5,chessboard,762,1,2
148,2325,47,25,1,216,44,898,40,post_fragmentation,50,0.7,0.5,chessboard,765,1,2
148,2325,47,25,1,216,44,898,40,post_fragmentation,50,0.7,0.5,chessboard,780,1,2
148,2325,47,25,1,216,44,898,40,post_fragmentation,50,0.7,0.5,chessboard,782,1,2
148,2325,47,25,1,216,44,898,40,post_fragmentation,50,0.7,0.5,chessboard,785,1,2
148,2325,47,25,1,216,44,898,40,post_fragmentation,50,0.7,0.5,chessboard,790,2,2
148,2325,47,25,1,216,44,898,40,post_fragmentation,50,0.7,0.5,chessboard,809,1,2
148,2325,47,25,1,216,44,898,40,post_fragmentation,50,0.7,0.5,chessboard,812,1,2
148,2325,47,25,1,216,44,898,40,post_fragmentation,50,0.7,0.5,chessboard,815,5,2
148,2325,47,25,1,216,44,898,40,post_fragmentation,50,0.7,0.5,chessboard,835,1,2
148,2325,47,25,1,216,44,898,40,post_fragmentation,50,0.7,0.5,chessboard,836,1,2
148,2325,47,25,1,216,44,898,40,post_fragmentation,50,0.7,0.5,chessboard,839,4,2
148,2325,47,25,1,216,44,898,40,post_fragmentation,50,0.7,0.5,chessboard,852,1,2
148,2325,47,25,1,216,44,898,40,post_fragmentation,50,0.7,0.5,chessboard,862,1,2
148,2325,47,25,1,216,44,898,40,post_fragmentation,50,0.7,0.5,chessboard,866,2,2
148,2325,47,25,1,216,44,898,40,post_fragmentation,50,0.7,0.5,chessboard,876,1,2
148,2325,47,25,1,216,44,898,40,post_fragmentation,50,0.7,0.5,chessboard,896,1,2
148,2325,47,25,1,216,44,898,40,post_fragmentation,50,0.7,0.5,chessboard,949,1,2
149,2341,47,41,12,75,44,898,40,post_fragmentation,50,0.7,0.5,chessboard,323,1,2
149,2341,47,41,12,75,44,898,40,post_fragmentation,50,0.7,0.5,chessboard,386,1,2
149,2341,47,41,12,75,44,898,40,post_fragmentation,50,0.7,0.5,chessboard,415,1,2
149,2341,47,41,12,75,44,898,40,post_fragmentation,50,0.7,0.5,chessboard,425,2,2
149,2341,47,41,12,75,44,898,40,post_fragmentation,50,0.7,0.5,chessboard,428,1,2
149,2341,47,41,12,75,44,898,40,post_fragmentation,50,0.7,0.5,chessboard,431,1,2
149,2341,47,41,12,75,44,898,40,post_fragmentation,50,0.7,0.5,chessboard,437,2,2
149,2341,47,41,12,75,44,898,40,post_fragmentation,50,0.7,0.5,chessboard,439,1,2
149,2341,47,41,12,75,44,898,40,post_fragmentation,50,0.7,0.5,chessboard,441,2,2
149,2341,47,41,12,75,44,898,40,post_fragmentation,50,0.7,0.5,chessboard,442,1,2
149,2341,47,41,12,75,44,898,40,post_fragmentation,50,0.7,0.5,chessboard,454,2,2
149,2341,47,41,12,75,44,898,40,post_fragmentation,50,0.7,0.5,chessboard,457,1,2
149,2341,47,41,12,75,44,898,40,post_fragmentation,50,0.7,0.5,chessboard,463,1,2
149,2341,47,41,12,75,44,898,40,post_fragmentation,50,0.7,0.5,chessboard,466,2,2
149,2341,47,41,12,75,44,898,40,post_fragmentation,50,0.7,0.5,chessboard,472,1,2
149,2341,47,41,12,75,44,898,40,post_fragmentation,50,0.7,0.5,chessboard,486,2,2
149,2341,47,41,12,75,44,898,40,post_fragmentation,50,0.7,0.5,chessboard,493,1,2
149,2341,47,41,12,75,44,898,40,post_fragmentation,50,0.7,0.5,chessboard,506,3,2
149,2341,47,41,12,75,44,898,40,post_fragmentation,50,0.7,0.5,chessboard,518,3,2
149,2341,47,41,12,75,44,898,40,post_fragmentation,50,0.7,0.5,chessboard,520,1,2
149,2341,47,41,12,75,44,898,40,post_fragmentation,50,0.7,0.5,chessboard,530,1,2
149,2341,47,41,12,75,44,898,40,post_fragmentation,50,0.7,0.5,chessboard,533,1,2
149,2341,47,41,12,75,44,898,40,post_fragmentation,50,0.7,0.5,chessboard,540,1,2
149,2341,47,41,12,75,44,898,40,post_fragmentation,50,0.7,0.5,chessboard,549,1,2
149,2341,47,41,12,75,44,898,40,post_fragmentation,50,0.7,0.5,chessboard,602,1,2
150,2354,48,4,1,216,44,898,40,post_fragmentation,50,0.7,0.5,chessboard,24,1,2
150,2354,48,4,1,216,44,898,40,post_fragmentation,50,0.7,0.5,chessboard,28,1,2
150,2354,48,4,1,216,44,898,40,post_fragmentation,50,0.7,0.5,chessboard,29,1,2
150,2354,48,4,1,216,44,898,40,post_fragmentation,50,0.7,0.5,chessboard,40,1,2
150,2354,48,4,1,216,44,898,40,post_fragmentation,50,0.7,0.5,chessboard,41,1,2
150,2354,48,4,1,216,44,898,40,post_fragmentation,50,0.7,0.5,chessboard,58,2,2
150,2354,48,4,1,216,44,898,40,post_fragmentation,50,0.7,0.5,chessboard,64,2,2
150,2354,48,4,1,216,44,898,40,post_fragmentation,50,0.7,0.5,chessboard,69,2,2
150,2354,48,4,1,216,44,898,40,post_fragmentation,50,0.7,0.5,chessboard,73,1,2
150,2354,48,4,1,216,44,898,40,post_fragmentation,50,0.7,0.5,chessboard,76,1,2
150,2354,48,4,1,216,44,898,40,post_fragmentation,50,0.7,0.5,chessboard,77,1,2
150,2354,48,4,1,216,44,898,40,post_fragmentation,50,0.7,0.5,chessboard,81,2,2
150,2354,48,4,1,216,44,898,40,post_fragmentation,50,0.7,0.5,chessboard,83,4,2
150,2354,48,4,1,216,44,898,40,post_fragmentation,50,0.7,0.5,chessboard,85,2,2
150,2354,48,4,1,216,44,898,40,post_fragmentation,50,0.7,0.5,chessboard,92,3,2
150,2354,48,4,1,216,44,898,40,post_fragmentation,50,0.7,0.5,chessboard,93,1,2
150,2354,48,4,1,216,44,898,40,post_fragmentation,50,0.7,0.5,chessboard,99,1,2
150,2354,48,4,1,216,44,898,40,post_fragmentation,50,0.7,0.5,chessboard,115,1,2
150,2354,48,4,1,216,44,898,40,post_fragmentation,50,0.7,0.5,chessboard,131,1,2
150,2354,48,4,1,216,44,898,40,post_fragmentation,50,0.7,0.5,chessboard,132,3,2
150,2354,48,4,1,216,44,898,40,post_fragmentation,50,0.7,0.5,chessboard,133,2,2
150,2354,48,4,1,216,44,898,40,post_fragmentation,50,0.7,0.5,chessboard,141,1,2
150,2354,48,4,1,216,44,898,40,post_fragmentation,50,0.7,0.5,chessboard,144,1,2
150,2354,48,4,1,216,44,898,40,post_fragmentation,50,0.7,0.5,chessboard,147,1,2
150,2354,48,4,1,216,44,898,40,post_fragmentation,50,0.7,0.5,chessboard,152,1,2
151,2356,48,6,1,216,44,898,40,post_fragmentation,50,0.7,0.5,chessboard,4,3,2
151,2356,48,6,1,216,44,898,40,post_fragmentation,50,0.7,0.5,chessboard,15,1,2
151,2356,48,6,1,216,44,898,40,post_fragmentation,50,0.7,0.5,chessboard,28,1,2
151,2356,48,6,1,216,44,898,40,post_fragmentation,50,0.7,0.5,chessboard,29,1,2
151,2356,48,6,1,216,44,898,40,post_fragmentation,50,0.7,0.5,chessboard,43,2,2
151,2356,48,6,1,216,44,898,40,post_fragmentation,50,0.7,0.5,chessboard,46,2,2
151,2356,48,6,1,216,44,898,40,post_fragmentation,50,0.7,0.5,chessboard,47,1,2
151,2356,48,6,1,216,44,898,40,post_fragmentation,50,0.7,0.5,chessboard,48,1,2
151,2356,48,6,1,216,44,898,40,post_fragmentation,50,0.7,0.5,chessboard,61,1,2
151,2356,48,6,1,216,44,898,40,post_fragmentation,50,0.7,0.5,chessboard,73,2,2
151,2356,48,6,1,216,44,898,40,post_fragmentation,50,0.7,0.5,chessboard,77,1,2
151,2356,48,6,1,216,44,898,40,post_fragmentation,50,0.7,0.5,chessboard,78,2,2
151,2356,48,6,1,216,44,898,40,post_fragmentation,50,0.7,0.5,chessboard,82,1,2
151,2356,48,6,1,216,44,898,40,post_fragmentation,50,0.7,0.5,chessboard,83,1,2
151,2356,48,6,1,216,44,898,40,post_fragmentation,50,0.7,0.5,chessboard,92,1,2
151,2356,48,6,1,216,44,898,40,post_fragmentation,50,0.7,0.5,chessboard,100,1,2
151,2356,48,6,1,216,44,898,40,post_fragmentation,50,0.7,0.5,chessboard,109,1,2
151,2356,48,6,1,216,44,898,40,post_fragmentation,50,0.7,0.5,chessboard,110,1,2
151,2356,48,6,1,216,44,898,40,post_fragmentation,50,0.7,0.5,chessboard,114,2,2
151,2356,48,6,1,216,44,898,40,post_fragmentation,50,0.7,0.5,chessboard,115,2,2
151,2356,48,6,1,216,44,898,40,post_fragmentation,50,0.7,0.5,chessboard,119,1,2
151,2356,48,6,1,216,44,898,40,post_fragmentation,50,0.7,0.5,chessboard,122,4,2
151,2356,48,6,1,216,44,898,40,post_fragmentation,50,0.7,0.5,chessboard,131,3,2
151,2356,48,6,1,216,44,898,40,post_fragmentation,50,0.7,0.5,chessboard,141,1,2
151,2356,48,6,1,216,44,898,40,post_fragmentation,50,0.7,0.5,chessboard,150,1,2
151,2356,48,6,1,216,44,898,40,post_fragmentation,50,0.7,0.5,chessboard,152,1,2
151,2356,48,6,1,216,44,898,40,post_fragmentation,50,0.7,0.5,chessboard,157,1,2
151,2356,48,6,1,216,44,898,40,post_fragmentation,50,0.7,0.5,chessboard,191,1,2
151,2356,48,6,1,216,44,898,40,post_fragmentation,50,0.7,0.5,chessboard,201,1,2
151,2356,48,6,1,216,44,898,40,post_fragmentation,50,0.7,0.5,chessboard,309,1,2
152,2360,48,10,1,216,44,898,40,post_fragmentation,50,0.7,0.5,chessboard,4,1,2
152,2360,48,10,1,216,44,898,40,post_fragmentation,50,0.7,0.5,chessboard,41,1,2
152,2360,48,10,1,216,44,898,40,post_fragmentation,50,0.7,0.5,chessboard,54,1,2
152,2360,48,10,1,216,44,898,40,post_fragmentation,50,0.7,0.5,chessboard,73,2,2
152,2360,48,10,1,216,44,898,40,post_fragmentation,50,0.7,0.5,chessboard,93,1,2
152,2360,48,10,1,216,44,898,40,post_fragmentation,50,0.7,0.5,chessboard,95,1,2
152,2360,48,10,1,216,44,898,40,post_fragmentation,50,0.7,0.5,chessboard,128,1,2
152,2360,48,10,1,216,44,898,40,post_fragmentation,50,0.7,0.5,chessboard,131,3,2
152,2360,48,10,1,216,44,898,40,post_fragmentation,50,0.7,0.5,chessboard,133,1,2
152,2360,48,10,1,216,44,898,40,post_fragmentation,50,0.7,0.5,chessboard,140,2,2
152,2360,48,10,1,216,44,898,40,post_fragmentation,50,0.7,0.5,chessboard,141,5,2
152,2360,48,10,1,216,44,898,40,post_fragmentation,50,0.7,0.5,chessboard,147,2,2
152,2360,48,10,1,216,44,898,40,post_fragmentation,50,0.7,0.5,chessboard,148,1,2
152,2360,48,10,1,216,44,898,40,post_fragmentation,50,0.7,0.5,chessboard,150,3,2
152,2360,48,10,1,216,44,898,40,post_fragmentation,50,0.7,0.5,chessboard,153,1,2
152,2360,48,10,1,216,44,898,40,post_fragmentation,50,0.7,0.5,chessboard,167,1,2
152,2360,48,10,1,216,44,898,40,post_fragmentation,50,0.7,0.5,chessboard,171,2,2
152,2360,48,10,1,216,44,898,40,post_fragmentation,50,0.7,0.5,chessboard,172,1,2
152,2360,48,10,1,216,44,898,40,post_fragmentation,50,0.7,0.5,chessboard,174,1,2
152,2360,48,10,1,216,44,898,40,post_fragmentation,50,0.7,0.5,chessboard,183,1,2
152,2360,48,10,1,216,44,898,40,post_fragmentation,50,0.7,0.5,chessboard,191,2,2
152,2360,48,10,1,216,44,898,40,post_fragmentation,50,0.7,0.5,chessboard,198,1,2
152,2360,48,10,1,216,44,898,40,post_fragmentation,50,0.7,0.5,chessboard,199,1,2
152,2360,48,10,1,216,44,898,40,post_fragmentation,50,0.7,0.5,chessboard,215,1,2
152,2360,48,10,1,216,44,898,40,post_fragmentation,50,0.7,0.5,chessboard,217,1,2
152,2360,48,10,1,216,44,898,40,post_fragmentation,50,0.7,0.5,chessboard,234,1,2
152,2360,48,10,1,216,44,898,40,post_fragmentation,50,0.7,0.5,chessboard,268,1,2
152,2360,48,10,1,216,44,898,40,post_fragmentation,50,0.7,0.5,chessboard,315,1,2
153,2362,48,12,1,216,44,898,40,post_fragmentation,50,0.7,0.5,chessboard,9,1,2
153,2362,48,12,1,216,44,898,40,post_fragmentation,50,0.7,0.5,chessboard,93,1,2
153,2362,48,12,1,216,44,898,40,post_fragmentation,50,0.7,0.5,chessboard,103,2,2
153,2362,48,12,1,216,44,898,40,post_fragmentation,50,0.7,0.5,chessboard,121,1,2
153,2362,48,12,1,216,44,898,40,post_fragmentation,50,0.7,0.5,chessboard,127,2,2
153,2362,48,12,1,216,44,898,40,post_fragmentation,50,0.7,0.5,chessboard,143,1,2
153,2362,48,12,1,216,44,898,40,post_fragmentation,50,0.7,0.5,chessboard,148,1,2
153,2362,48,12,1,216,44,898,40,post_fragmentation,50,0.7,0.5,chessboard,150,1,2
153,2362,48,12,1,216,44,898,40,post_fragmentation,50,0.7,0.5,chessboard,173,1,2
153,2362,48,12,1,216,44,898,40,post_fragmentation,50,0.7,0.5,chessboard,174,2,2
153,2362,48,12,1,216,44,898,40,post_fragmentation,50,0.7,0.5,chessboard,182,1,2
153,2362,48,12,1,216,44,898,40,post_fragmentation,50,0.7,0.5,chessboard,191,3,2
153,2362,48,12,1,216,44,898,40,post_fragmentation,50,0.7,0.5,chessboard,216,4,2
153,2362,48,12,1,216,44,898,40,post_fragmentation,50,0.7,0.5,chessboard,217,2,2
153,2362,48,12,1,216,44,898,40,post_fragmentation,50,0.7,0.5,chessboard,232,1,2
153,2362,48,12,1,216,44,898,40,post_fragmentation,50,0.7,0.5,chessboard,246,2,2
153,2362,48,12,1,216,44,898,40,post_fragmentation,50,0.7,0.5,chessboard,258,3,2
153,2362,48,12,1,216,44,898,40,post_fragmentation,50,0.7,0.5,chessboard,293,3,2
153,2362,48,12,1,216,44,898,40,post_fragmentation,50,0.7,0.5,chessboard,297,1,2
153,2362,48,12,1,216,44,898,40,post_fragmentation,50,0.7,0.5,chessboard,328,1,2
153,2362,48,12,1,216,44,898,40,post_fragmentation,50,0.7,0.5,chessboard,353,2,2
153,2362,48,12,1,216,44,898,40,post_fragmentation,50,0.7,0.5,chessboard,359,1,2
153,2362,48,12,1,216,44,898,40,post_fragmentation,50,0.7,0.5,chessboard,363,2,2
153,2362,48,12,1,216,44,898,40,post_fragmentation,50,0.7,0.5,chessboard,370,1,2
154,2364,48,14,1,216,44,898,40,post_fragmentation,50,0.7,0.5,chessboard,232,2,2
154,2364,48,14,1,216,44,898,40,post_fragmentation,50,0.7,0.5,chessboard,234,2,2
154,2364,48,14,1,216,44,898,40,post_fragmentation,50,0.7,0.5,chessboard,260,1,2
154,2364,48,14,1,216,44,898,40,post_fragmentation,50,0.7,0.5,chessboard,263,1,2
154,2364,48,14,1,216,44,898,40,post_fragmentation,50,0.7,0.5,chessboard,269,1,2
154,2364,48,14,1,216,44,898,40,post_fragmentation,50,0.7,0.5,chessboard,292,1,2
154,2364,48,14,1,216,44,898,40,post_fragmentation,50,0.7,0.5,chessboard,293,2,2
154,2364,48,14,1,216,44,898,40,post_fragmentation,50,0.7,0.5,chessboard,301,1,2
154,2364,48,14,1,216,44,898,40,post_fragmentation,50,0.7,0.5,chessboard,328,1,2
154,2364,48,14,1,216,44,898,40,post_fragmentation,50,0.7,0.5,chessboard,343,1,2
154,2364,48,14,1,216,44,898,40,post_fragmentation,50,0.7,0.5,chessboard,353,2,2
154,2364,48,14,1,216,44,898,40,post_fragmentation,50,0.7,0.5,chessboard,367,1,2
154,2364,48,14,1,216,44,898,40,post_fragmentation,50,0.7,0.5,chessboard,378,2,2
154,2364,48,14,1,216,44,898,40,post_fragmentation,50,0.7,0.5,chessboard,383,1,2
154,2364,48,14,1,216,44,898,40,post_fragmentation,50,0.7,0.5,chessboard,405,2,2
154,2364,48,14,1,216,44,898,40,post_fragmentation,50,0.7,0.5,chessboard,423,2,2
154,2364,48,14,1,216,44,898,40,post_fragmentation,50,0.7,0.5,chessboard,425,1,2
154,2364,48,14,1,216,44,898,40,post_fragmentation,50,0.7,0.5,chessboard,438,2,2
154,2364,48,14,1,216,44,898,40,post_fragmentation,50,0.7,0.5,chessboard,452,2,2
154,2364,48,14,1,216,44,898,40,post_fragmentation,50,0.7,0.5,chessboard,457,1,2
154,2364,48,14,1,216,44,898,40,post_fragmentation,50,0.7,0.5,chessboard,486,1,2
154,2364,48,14,1,216,44,898,40,post_fragmentation,50,0.7,0.5,chessboard,491,1,2
154,2364,48,14,1,216,44,898,40,post_fragmentation,50,0.7,0.5,chessboard,500,1,2
154,2364,48,14,1,216,44,898,40,post_fragmentation,50,0.7,0.5,chessboard,524,5,2
154,2364,48,14,1,216,44,898,40,post_fragmentation,50,0.7,0.5,chessboard,525,2,2
154,2364,48,14,1,216,44,898,40,post_fragmentation,50,0.7,0.5,chessboard,557,1,2
155,2366,48,16,1,216,44,898,40,post_fragmentation,50,0.7,0.5,chessboard,438,1,2
155,2366,48,16,1,216,44,898,40,post_fragmentation,50,0.7,0.5,chessboard,446,1,2
155,2366,48,16,1,216,44,898,40,post_fragmentation,50,0.7,0.5,chessboard,452,1,2
155,2366,48,16,1,216,44,898,40,post_fragmentation,50,0.7,0.5,chessboard,501,1,2
155,2366,48,16,1,216,44,898,40,post_fragmentation,50,0.7,0.5,chessboard,520,1,2
155,2366,48,16,1,216,44,898,40,post_fragmentation,50,0.7,0.5,chessboard,523,1,2
155,2366,48,16,1,216,44,898,40,post_fragmentation,50,0.7,0.5,chessboard,524,6,2
155,2366,48,16,1,216,44,898,40,post_fragmentation,50,0.7,0.5,chessboard,525,2,2
155,2366,48,16,1,216,44,898,40,post_fragmentation,50,0.7,0.5,chessboard,535,2,2
155,2366,48,16,1,216,44,898,40,post_fragmentation,50,0.7,0.5,chessboard,536,3,2
155,2366,48,16,1,216,44,898,40,post_fragmentation,50,0.7,0.5,chessboard,543,1,2
155,2366,48,16,1,216,44,898,40,post_fragmentation,50,0.7,0.5,chessboard,547,3,2
155,2366,48,16,1,216,44,898,40,post_fragmentation,50,0.7,0.5,chessboard,578,4,2
155,2366,48,16,1,216,44,898,40,post_fragmentation,50,0.7,0.5,chessboard,601,1,2
155,2366,48,16,1,216,44,898,40,post_fragmentation,50,0.7,0.5,chessboard,627,1,2
155,2366,48,16,1,216,44,898,40,post_fragmentation,50,0.7,0.5,chessboard,669,3,2
155,2366,48,16,1,216,44,898,40,post_fragmentation,50,0.7,0.5,chessboard,671,1,2
155,2366,48,16,1,216,44,898,40,post_fragmentation,50,0.7,0.5,chessboard,674,1,2
155,2366,48,16,1,216,44,898,40,post_fragmentation,50,0.7,0.5,chessboard,678,2,2
155,2366,48,16,1,216,44,898,40,post_fragmentation,50,0.7,0.5,chessboard,681,2,2
155,2366,48,16,1,216,44,898,40,post_fragmentation,50,0.7,0.5,chessboard,701,1,2
155,2366,48,16,1,216,44,898,40,post_fragmentation,50,0.7,0.5,chessboard,740,1,2
155,2366,48,16,1,216,44,898,40,post_fragmentation,50,0.7,0.5,chessboard,762,1,2
156,2368,48,18,1,216,44,898,40,post_fragmentation,50,0.7,0.5,chessboard,517,1,2
156,2368,48,18,1,216,44,898,40,post_fragmentation,50,0.7,0.5,chessboard,546,2,2
156,2368,48,18,1,216,44,898,40,post_fragmentation,50,0.7,0.5,chessboard,610,3,2
156,2368,48,18,1,216,44,898,40,post_fragmentation,50,0.7,0.5,chessboard,619,1,2
156,2368,48,18,1,216,44,898,40,post_fragmentation,50,0.7,0.5,chessboard,627,1,2
156,2368,48,18,1,216,44,898,40,post_fragmentation,50,0.7,0.5,chessboard,653,1,2
156,2368,48,18,1,216,44,898,40,post_fragmentation,50,0.7,0.5,chessboard,661,1,2
156,2368,48,18,1,216,44,898,40,post_fragmentation,50,0.7,0.5,chessboard,669,6,2
156,2368,48,18,1,216,44,898,40,post_fragmentation,50,0.7,0.5,chessboard,671,1,2
156,2368,48,18,1,216,44,898,40,post_fragmentation,50,0.7,0.5,chessboard,674,1,2
156,2368,48,18,1,216,44,898,40,post_fragmentation,50,0.7,0.5,chessboard,678,2,2
156,2368,48,18,1,216,44,898,40,post_fragmentation,50,0.7,0.5,chessboard,681,1,2
156,2368,48,18,1,216,44,898,40,post_fragmentation,50,0.7,0.5,chessboard,687,2,2
156,2368,48,18,1,216,44,898,40,post_fragmentation,50,0.7,0.5,chessboard,688,1,2
156,2368,48,18,1,216,44,898,40,post_fragmentation,50,0.7,0.5,chessboard,701,1,2
156,2368,48,18,1,216,44,898,40,post_fragmentation,50,0.7,0.5,chessboard,702,3,2
156,2368,48,18,1,216,44,898,40,post_fragmentation,50,0.7,0.5,chessboard,706,2,2
156,2368,48,18,1,216,44,898,40,post_fragmentation,50,0.7,0.5,chessboard,720,1,2
156,2368,48,18,1,216,44,898,40,post_fragmentation,50,0.7,0.5,chessboard,730,1,2
156,2368,48,18,1,216,44,898,40,post_fragmentation,50,0.7,0.5,chessboard,768,1,2
156,2368,48,18,1,216,44,898,40,post_fragmentation,50,0.7,0.5,chessboard,785,1,2
156,2368,48,18,1,216,44,898,40,post_fragmentation,50,0.7,0.5,chessboard,821,1,2
156,2368,48,18,1,216,44,898,40,post_fragmentation,50,0.7,0.5,chessboard,902,1,2
157,2370,48,20,1,216,44,898,40,post_fragmentation,50,0.7,0.5,chessboard,653,2,2
157,2370,48,20,1,216,44,898,40,post_fragmentation,50,0.7,0.5,chessboard,672,1,2
157,2370,48,20,1,216,44,898,40,post_fragmentation,50,0.7,0.5,chessboard,678,1,2
157,2370,48,20,1,216,44,898,40,post_fragmentation,50,0.7,0.5,chessboard,701,1,2
157,2370,48,20,1,216,44,898,40,post_fragmentation,50,0.7,0.5,chessboard,705,1,2
157,2370,48,20,1,216,44,898,40,post_fragmentation,50,0.7,0.5,chessboard,712,1,2
157,2370,48,20,1,216,44,898,40,post_fragmentation,50,0.7,0.5,chessboard,724,2,2
157,2370,48,20,1,216,44,898,40,post_fragmentation,50,0.7,0.5,chessboard,730,1,2
157,2370,48,20,1,216,44,898,40,post_fragmentation,50,0.7,0.5,chessboard,765,2,2
157,2370,48,20,1,216,44,898,40,post_fragmentation,50,0.7,0.5,chessboard,768,3,2
157,2370,48,20,1,216,44,898,40,post_fragmentation,50,0.7,0.5,chessboard,772,2,2
157,2370,48,20,1,216,44,898,40,post_fragmentation,50,0.7,0.5,chessboard,773,2,2
157,2370,48,20,1,216,44,898,40,post_fragmentation,50,0.7,0.5,chessboard,782,1,2
157,2370,48,20,1,216,44,898,40,post_fragmentation,50,0.7,0.5,chessboard,783,1,2
157,2370,48,20,1,216,44,898,40,post_fragmentation,50,0.7,0.5,chessboard,785,1,2
157,2370,48,20,1,216,44,898,40,post_fragmentation,50,0.7,0.5,chessboard,803,1,2
157,2370,48,20,1,216,44,898,40,post_fragmentation,50,0.7,0.5,chessboard,808,2,2
157,2370,48,20,1,216,44,898,40,post_fragmentation,50,0.7,0.5,chessboard,809,1,2
157,2370,48,20,1,216,44,898,40,post_fragmentation,50,0.7,0.5,chessboard,812,1,2
157,2370,48,20,1,216,44,898,40,post_fragmentation,50,0.7,0.5,chessboard,815,2,2
157,2370,48,20,1,216,44,898,40,post_fragmentation,50,0.7,0.5,chessboard,837,1,2
157,2370,48,20,1,216,44,898,40,post_fragmentation,50,0.7,0.5,chessboard,844,1,2
157,2370,48,20,1,216,44,898,40,post_fragmentation,50,0.7,0.5,chessboard,863,2,2
157,2370,48,20,1,216,44,898,40,post_fragmentation,50,0.7,0.5,chessboard,881,1,2
157,2370,48,20,1,216,44,898,40,post_fragmentation,50,0.7,0.5,chessboard,892,1,2
158,2372,48,22,1,216,44,898,40,post_fragmentation,50,0.7,0.5,chessboard,625,1,2
158,2372,48,22,1,216,44,898,40,post_fragmentation,50,0.7,0.5,chessboard,674,1,2
158,2372,48,22,1,216,44,898,40,post_fragmentation,50,0.7,0.5,chessboard,702,1,2
158,2372,48,22,1,216,44,898,40,post_fragmentation,50,0.7,0.5,chessboard,740,1,2
158,2372,48,22,1,216,44,898,40,post_fragmentation,50,0.7,0.5,chessboard,768,1,2
158,2372,48,22,1,216,44,898,40,post_fragmentation,50,0.7,0.5,chessboard,783,1,2
158,2372,48,22,1,216,44,898,40,post_fragmentation,50,0.7,0.5,chessboard,784,1,2
158,2372,48,22,1,216,44,898,40,post_fragmentation,50,0.7,0.5,chessboard,794,2,2
158,2372,48,22,1,216,44,898,40,post_fragmentation,50,0.7,0.5,chessboard,807,2,2
158,2372,48,22,1,216,44,898,40,post_fragmentation,50,0.7,0.5,chessboard,815,4,2
158,2372,48,22,1,216,44,898,40,post_fragmentation,50,0.7,0.5,chessboard,817,2,2
158,2372,48,22,1,216,44,898,40,post_fragmentation,50,0.7,0.5,chessboard,821,4,2
158,2372,48,22,1,216,44,898,40,post_fragmentation,50,0.7,0.5,chessboard,839,1,2
158,2372,48,22,1,216,44,898,40,post_fragmentation,50,0.7,0.5,chessboard,841,1,2
158,2372,48,22,1,216,44,898,40,post_fragmentation,50,0.7,0.5,chessboard,844,1,2
158,2372,48,22,1,216,44,898,40,post_fragmentation,50,0.7,0.5,chessboard,863,2,2
158,2372,48,22,1,216,44,898,40,post_fragmentation,50,0.7,0.5,chessboard,869,3,2
158,2372,48,22,1,216,44,898,40,post_fragmentation,50,0.7,0.5,chessboard,876,1,2
158,2372,48,22,1,216,44,898,40,post_fragmentation,50,0.7,0.5,chessboard,885,2,2
158,2372,48,22,1,216,44,898,40,post_fragmentation,50,0.7,0.5,chessboard,890,1,2
158,2372,48,22,1,216,44,898,40,post_fragmentation,50,0.7,0.5,chessboard,904,1,2
159,2374,48,24,1,216,44,898,40,post_fragmentation,50,0.7,0.5,chessboard,674,1,2
159,2374,48,24,1,216,44,898,40,post_fragmentation,50,0.7,0.5,chessboard,701,3,2
159,2374,48,24,1,216,44,898,40,post_fragmentation,50,0.7,0.5,chessboard,740,2,2
159,2374,48,24,1,216,44,898,40,post_fragmentation,50,0.7,0.5,chessboard,768,1,2
159,2374,48,24,1,216,44,898,40,post_fragmentation,50,0.7,0.5,chessboard,773,1,2
159,2374,48,24,1,216,44,898,40,post_fragmentation,50,0.7,0.5,chessboard,782,1,2
159,2374,48,24,1,216,44,898,40,post_fragmentation,50,0.7,0.5,chessboard,785,2,2
159,2374,48,24,1,216,44,898,40,post_fragmentation,50,0.7,0.5,chessboard,786,1,2
159,2374,48,24,1,216,44,898,40,post_fragmentation,50,0.7,0.5,chessboard,788,1,2
159,2374,48,24,1,216,44,898,40,post_fragmentation,50,0.7,0.5,chessboard,790,3,2
159,2374,48,24,1,216,44,898,40,post_fragmentation,50,0.7,0.5,chessboard,794,2,2
159,2374,48,24,1,216,44,898,40,post_fragmentation,50,0.7,0.5,chessboard,809,2,2
159,2374,48,24,1,216,44,898,40,post_fragmentation,50,0.7,0.5,chessboard,810,1,2
159,2374,48,24,1,216,44,898,40,post_fragmentation,50,0.7,0.5,chessboard,812,2,2
159,2374,48,24,1,216,44,898,40,post_fragmentation,50,0.7,0.5,chessboard,815,4,2
159,2374,48,24,1,216,44,898,40,post_fragmentation,50,0.7,0.5,chessboard,821,3,2
159,2374,48,24,1,216,44,898,40,post_fragmentation,50,0.7,0.5,chessboard,822,1,2
159,2374,48,24,1,216,44,898,40,post_fragmentation,50,0.7,0.5,chessboard,836,1,2
159,2374,48,24,1,216,44,898,40,post_fragmentation,50,0.7,0.5,chessboard,840,1,2
159,2374,48,24,1,216,44,898,40,post_fragmentation,50,0.7,0.5,chessboard,848,1,2
159,2374,48,24,1,216,44,898,40,post_fragmentation,50,0.7,0.5,chessboard,855,1,2
159,2374,48,24,1,216,44,898,40,post_fragmentation,50,0.7,0.5,chessboard,862,1,2
159,2374,48,24,1,216,44,898,40,post_fragmentation,50,0.7,0.5,chessboard,874,1,2
159,2374,48,24,1,216,44,898,40,post_fragmentation,50,0.7,0.5,chessboard,905,1,2
160,2386,48,36,12,75,44,898,40,post_fragmentation,50,0.7,0.5,chessboard,425,1,2
160,2386,48,36,12,75,44,898,40,post_fragmentation,50,0.7,0.5,chessboard,439,3,2
160,2386,48,36,12,75,44,898,40,post_fragmentation,50,0.7,0.5,chessboard,442,1,2
160,2386,48,36,12,75,44,898,40,post_fragmentation,50,0.7,0.5,chessboard,447,1,2
160,2386,48,36,12,75,44,898,40,post_fragmentation,50,0.7,0.5,chessboard,454,2,2
160,2386,48,36,12,75,44,898,40,post_fragmentation,50,0.7,0.5,chessboard,457,1,2
160,2386,48,36,12,75,44,898,40,post_fragmentation,50,0.7,0.5,chessboard,460,1,2
160,2386,48,36,12,75,44,898,40,post_fragmentation,50,0.7,0.5,chessboard,467,1,2
160,2386,48,36,12,75,44,898,40,post_fragmentation,50,0.7,0.5,chessboard,472,1,2
160,2386,48,36,12,75,44,898,40,post_fragmentation,50,0.7,0.5,chessboard,474,1,2
160,2386,48,36,12,75,44,898,40,post_fragmentation,50,0.7,0.5,chessboard,476,1,2
160,2386,48,36,12,75,44,898,40,post_fragmentation,50,0.7,0.5,chessboard,477,1,2
160,2386,48,36,12,75,44,898,40,post_fragmentation,50,0.7,0.5,chessboard,485,1,2
160,2386,48,36,12,75,44,898,40,post_fragmentation,50,0.7,0.5,chessboard,486,2,2
160,2386,48,36,12,75,44,898,40,post_fragmentation,50,0.7,0.5,chessboard,492,2,2
160,2386,48,36,12,75,44,898,40,post_fragmentation,50,0.7,0.5,chessboard,502,1,2
160,2386,48,36,12,75,44,898,40,post_fragmentation,50,0.7,0.5,chessboard,504,1,2
160,2386,48,36,12,75,44,898,40,post_fragmentation,50,0.7,0.5,chessboard,505,1,2
160,2386,48,36,12,75,44,898,40,post_fragmentation,50,0.7,0.5,chessboard,516,1,2
160,2386,48,36,12,75,44,898,40,post_fragmentation,50,0.7,0.5,chessboard,520,1,2
160,2386,48,36,12,75,44,898,40,post_fragmentation,50,0.7,0.5,chessboard,524,3,2
160,2386,48,36,12,75,44,898,40,post_fragmentation,50,0.7,0.5,chessboard,531,2,2
160,2386,48,36,12,75,44,898,40,post_fragmentation,50,0.7,0.5,chessboard,547,1,2
160,2386,48,36,12,75,44,898,40,post_fragmentation,50,0.7,0.5,chessboard,577,3,2
160,2386,48,36,12,75,44,898,40,post_fragmentation,50,0.7,0.5,chessboard,589,1,2
160,2386,48,36,12,75,44,898,40,post_fragmentation,50,0.7,0.5,chessboard,625,1,2
160,2386,48,36,12,75,44,898,40,post_fragmentation,50,0.7,0.5,chessboard,631,1,2
160,2386,48,36,12,75,44,898,40,post_fragmentation,50,0.7,0.5,chessboard,663,1,2
161,2392,48,42,12,75,44,898,40,post_fragmentation,50,0.7,0.5,chessboard,292,1,2
161,2392,48,42,12,75,44,898,40,post_fragmentation,50,0.7,0.5,chessboard,322,1,2
161,2392,48,42,12,75,44,898,40,post_fragmentation,50,0.7,0.5,chessboard,332,1,2
161,2392,48,42,12,75,44,898,40,post_fragmentation,50,0.7,0.5,chessboard,363,1,2
161,2392,48,42,12,75,44,898,40,post_fragmentation,50,0.7,0.5,chessboard,366,3,2
161,2392,48,42,12,75,44,898,40,post_fragmentation,50,0.7,0.5,chessboard,387,1,2
161,2392,48,42,12,75,44,898,40,post_fragmentation,50,0.7,0.5,chessboard,401,1,2
161,2392,48,42,12,75,44,898,40,post_fragmentation,50,0.7,0.5,chessboard,403,1,2
161,2392,48,42,12,75,44,898,40,post_fragmentation,50,0.7,0.5,chessboard,404,3,2
161,2392,48,42,12,75,44,898,40,post_fragmentation,50,0.7,0.5,chessboard,414,2,2
161,2392,48,42,12,75,44,898,40,post_fragmentation,50,0.7,0.5,chessboard,428,2,2
161,2392,48,42,12,75,44,898,40,post_fragmentation,50,0.7,0.5,chessboard,439,2,2
161,2392,48,42,12,75,44,898,40,post_fragmentation,50,0.7,0.5,chessboard,442,2,2
161,2392,48,42,12,75,44,898,40,post_fragmentation,50,0.7,0.5,chessboard,451,3,2
161,2392,48,42,12,75,44,898,40,post_fragmentation,50,0.7,0.5,chessboard,466,2,2
161,2392,48,42,12,75,44,898,40,post_fragmentation,50,0.7,0.5,chessboard,472,1,2
161,2392,48,42,12,75,44,898,40,post_fragmentation,50,0.7,0.5,chessboard,484,1,2
161,2392,48,42,12,75,44,898,40,post_fragmentation,50,0.7,0.5,chessboard,491,1,2
161,2392,48,42,12,75,44,898,40,post_fragmentation,50,0.7,0.5,chessboard,498,1,2
161,2392,48,42,12,75,44,898,40,post_fragmentation,50,0.7,0.5,chessboard,506,1,2
161,2392,48,42,12,75,44,898,40,post_fragmentation,50,0.7,0.5,chessboard,511,1,2
162,2401,49,1,1,216,44,898,40,post_fragmentation,50,0.7,0.5,chessboard,4,1,2
162,2401,49,1,1,216,44,898,40,post_fragmentation,50,0.7,0.5,chessboard,12,1,2
162,2401,49,1,1,216,44,898,40,post_fragmentation,50,0.7,0.5,chessboard,15,2,2
162,2401,49,1,1,216,44,898,40,post_fragmentation,50,0.7,0.5,chessboard,18,1,2
162,2401,49,1,1,216,44,898,40,post_fragmentation,50,0.7,0.5,chessboard,24,1,2
162,2401,49,1,1,216,44,898,40,post_fragmentation,50,0.7,0.5,chessboard,25,2,2
162,2401,49,1,1,216,44,898,40,post_fragmentation,50,0.7,0.5,chessboard,49,2,2
162,2401,49,1,1,216,44,898,40,post_fragmentation,50,0.7,0.5,chessboard,56,2,2
162,2401,49,1,1,216,44,898,40,post_fragmentation,50,0.7,0.5,chessboard,61,3,2
162,2401,49,1,1,216,44,898,40,post_fragmentation,50,0.7,0.5,chessboard,64,1,2
162,2401,49,1,1,216,44,898,40,post_fragmentation,50,0.7,0.5,chessboard,67,1,2
162,2401,49,1,1,216,44,898,40,post_fragmentation,50,0.7,0.5,chessboard,69,1,2
162,2401,49,1,1,216,44,898,40,post_fragmentation,50,0.7,0.5,chessboard,81,1,2
162,2401,49,1,1,216,44,898,40,post_fragmentation,50,0.7,0.5,chessboard,87,1,2
162,2401,49,1,1,216,44,898,40,post_fragmentation,50,0.7,0.5,chessboard,90,1,2
162,2401,49,1,1,216,44,898,40,post_fragmentation,50,0.7,0.5,chessboard,91,1,2
162,2401,49,1,1,216,44,898,40,post_fragmentation,50,0.7,0.5,chessboard,103,3,2
162,2401,49,1,1,216,44,898,40,post_fragmentation,50,0.7,0.5,chessboard,104,2,2
162,2401,49,1,1,216,44,898,40,post_fragmentation,50,0.7,0.5,chessboard,114,1,2
162,2401,49,1,1,216,44,898,40,post_fragmentation,50,0.7,0.5,chessboard,119,5,2
162,2401,49,1,1,216,44,898,40,post_fragmentation,50,0.7,0.5,chessboard,131,1,2
162,2401,49,1,1,216,44,898,40,post_fragmentation,50,0.7,0.5,chessboard,143,1,2
162,2401,49,1,1,216,44,898,40,post_fragmentation,50,0.7,0.5,chessboard,147,1,2
162,2401,49,1,1,216,44,898,40,post_fragmentation,50,0.7,0.5,chessboard,207,1,2
162,2401,49,1,1,216,44,898,40,post_fragmentation,50,0.7,0.5,chessboard,217,1,2
163,2403,49,3,1,216,44,898,40,post_fragmentation,50,0.7,0.5,chessboard,5,1,2
163,2403,49,3,1,216,44,898,40,post_fragmentation,50,0.7,0.5,chessboard,8,1,2
163,2403,49,3,1,216,44,898,40,post_fragmentation,50,0.7,0.5,chessboard,27,1,2
163,2403,49,3,1,216,44,898,40,post_fragmentation,50,0.7,0.5,chessboard,29,1,2
163,2403,49,3,1,216,44,898,40,post_fragmentation,50,0.7,0.5,chessboard,43,1,2
163,2403,49,3,1,216,44,898,40,post_fragmentation,50,0.7,0.5,chessboard,44,1,2
163,2403,49,3,1,216,44,898,40,post_fragmentation,50,0.7,0.5,chessboard,45,1,2
163,2403,49,3,1,216,44,898,40,post_fragmentation,50,0.7,0.5,chessboard,46,2,2
163,2403,49,3,1,216,44,898,40,post_fragmentation,50,0.7,0.5,chessboard,49,1,2
163,2403,49,3,1,216,44,898,40,post_fragmentation,50,0.7,0.5,chessboard,50,1,2
163,2403,49,3,1,216,44,898,40,post_fragmentation,50,0.7,0.5,chessboard,59,1,2
163,2403,49,3,1,216,44,898,40,post_fragmentation,50,0.7,0.5,chessboard,61,1,2
163,2403,49,3,1,216,44,898,40,post_fragmentation,50,0.7,0.5,chessboard,69,2,2
163,2403,49,3,1,216,44,898,40,post_fragmentation,50,0.7,0.5,chessboard,73,2,2
163,2403,49,3,1,216,44,898,40,post_fragmentation,50,0.7,0.5,chessboard,78,2,2
163,2403,49,3,1,216,44,898,40,post_fragmentation,50,0.7,0.5,chessboard,81,2,2
163,2403,49,3,1,216,44,898,40,post_fragmentation,50,0.7,0.5,chessboard,83,1,2
163,2403,49,3,1,216,44,898,40,post_fragmentation,50,0.7,0.5,chessboard,93,2,2
163,2403,49,3,1,216,44,898,40,post_fragmentation,50,0.7,0.5,chessboard,103,3,2
163,2403,49,3,1,216,44,898,40,post_fragmentation,50,0.7,0.5,chessboard,106,3,2
163,2403,49,3,1,216,44,898,40,post_fragmentation,50,0.7,0.5,chessboard,110,2,2
163,2403,49,3,1,216,44,898,40,post_fragmentation,50,0.7,0.5,chessboard,113,1,2
163,2403,49,3,1,216,44,898,40,post_fragmentation,50,0.7,0.5,chessboard,115,1,2
163,2403,49,3,1,216,44,898,40,post_fragmentation,50,0.7,0.5,chessboard,122,1,2
163,2403,49,3,1,216,44,898,40,post_fragmentation,50,0.7,0.5,chessboard,125,1,2
163,2403,49,3,1,216,44,898,40,post_fragmentation,50,0.7,0.5,chessboard,127,1,2
163,2403,49,3,1,216,44,898,40,post_fragmentation,50,0.7,0.5,chessboard,140,2,2
163,2403,49,3,1,216,44,898,40,post_fragmentation,50,0.7,0.5,chessboard,153,1,2
163,2403,49,3,1,216,44,898,40,post_fragmentation,50,0.7,0.5,chessboard,209,1,2
164,2405,49,5,1,216,44,898,40,post_fragmentation,50,0.7,0.5,chessboard,4,1,2
164,2405,49,5,1,216,44,898,40,post_fragmentation,50,0.7,0.5,chessboard,18,1,2
164,2405,49,5,1,216,44,898,40,post_fragmentation,50,0.7,0.5,chessboard,24,1,2
164,2405,49,5,1,216,44,898,40,post_fragmentation,50,0.7,0.5,chessboard,25,1,2
164,2405,49,5,1,216,44,898,40,post_fragmentation,50,0.7,0.5,chessboard,26,1,2
164,2405,49,5,1,216,44,898,40,post_fragmentation,50,0.7,0.5,chessboard,33,1,2
164,2405,49,5,1,216,44,898,40,post_fragmentation,50,0.7,0.5,chessboard,40,1,2
164,2405,49,5,1,216,44,898,40,post_fragmentation,50,0.7,0.5,chessboard,46,1,2
164,2405,49,5,1,216,44,898,40,post_fragmentation,50,0.7,0.5,chessboard,48,1,2
164,2405,49,5,1,216,44,898,40,post_fragmentation,50,0.7,0.5,chessboard,50,1,2
164,2405,49,5,1,216,44,898,40,post_fragmentation,50,0.7,0.5,chessboard,59,2,2
164,2405,49,5,1,216,44,898,40,post_fragmentation,50,0.7,0.5,chessboard,63,1,2
164,2405,49,5,1,216,44,898,40,post_fragmentation,50,0.7,0.5,chessboard,73,1,2
164,2405,49,5,1,216,44,898,40,post_fragmentation,50,0.7,0.5,chessboard,76,1,2
164,2405,49,5,1,216,44,898,40,post_fragmentation,50,0.7,0.5,chessboard,83,1,2
164,2405,49,5,1,216,44,898,40,post_fragmentation,50,0.7,0.5,chessboard,85,1,2
164,2405,49,5,1,216,44,898,40,post_fragmentation,50,0.7,0.5,chessboard,90,1,2
164,2405,49,5,1,216,44,898,40,post_fragmentation,50,0.7,0.5,chessboard,92,2,2
164,2405,49,5,1,216,44,898,40,post_fragmentation,50,0.7,0.5,chessboard,93,3,2
164,2405,49,5,1,216,44,898,40,post_fragmentation,50,0.7,0.5,chessboard,103,1,2
164,2405,49,5,1,216,44,898,40,post_fragmentation,50,0.7,0.5,chessboard,104,1,2
164,2405,49,5,1,216,44,898,40,post_fragmentation,50,0.7,0.5,chessboard,109,1,2
164,2405,49,5,1,216,44,898,40,post_fragmentation,50,0.7,0.5,chessboard,110,1,2
164,2405,49,5,1,216,44,898,40,post_fragmentation,50,0.7,0.5,chessboard,114,3,2
164,2405,49,5,1,216,44,898,40,post_fragmentation,50,0.7,0.5,chessboard,131,1,2
164,2405,49,5,1,216,44,898,40,post_fragmentation,50,0.7,0.5,chessboard,136,1,2
164,2405,49,5,1,216,44,898,40,post_fragmentation,50,0.7,0.5,chessboard,144,2,2
164,2405,49,5,1,216,44,898,40,post_fragmentation,50,0.7,0.5,chessboard,152,1,2
164,2405,49,5,1,216,44,898,40,post_fragmentation,50,0.7,0.5,chessboard,171,1,2
165,2407,49,7,1,216,44,898,40,post_fragmentation,50,0.7,0.5,chessboard,4,1,2
165,2407,49,7,1,216,44,898,40,post_fragmentation,50,0.7,0.5,chessboard,5,1,2
165,2407,49,7,1,216,44,898,40,post_fragmentation,50,0.7,0.5,chessboard,14,1,2
165,2407,49,7,1,216,44,898,40,post_fragmentation,50,0.7,0.5,chessboard,24,3,2
165,2407,49,7,1,216,44,898,40,post_fragmentation,50,0.7,0.5,chessboard,26,1,2
165,2407,49,7,1,216,44,898,40,post_fragmentation,50,0.7,0.5,chessboard,40,2,2
165,2407,49,7,1,216,44,898,40,post_fragmentation,50,0.7,0.5,chessboard,43,1,2
165,2407,49,7,1,216,44,898,40,post_fragmentation,50,0.7,0.5,chessboard,44,1,2
165,2407,49,7,1,216,44,898,40,post_fragmentation,50,0.7,0.5,chessboard,46,1,2
165,2407,49,7,1,216,44,898,40,post_fragmentation,50,0.7,0.5,chessboard,50,1,2
165,2407,49,7,1,216,44,898,40,post_fragmentation,50,0.7,0.5,chessboard,56,1,2
165,2407,49,7,1,216,44,898,40,post_fragmentation,50,0.7,0.5,chessboard,59,3,2
165,2407,49,7,1,216,44,898,40,post_fragmentation,50,0.7,0.5,chessboard,60,1,2
165,2407,49,7,1,216,44,898,40,post_fragmentation,50,0.7,0.5,chessboard,69,1,2
165,2407,49,7,1,216,44,898,40,post_fragmentation,50,0.7,0.5,chessboard,73,3,2
165,2407,49,7,1,216,44,898,40,post_fragmentation,50,0.7,0.5,chessboard,77,1,2
165,2407,49,7,1,216,44,898,40,post_fragmentation,50,0.7,0.5,chessboard,82,1,2
165,2407,49,7,1,216,44,898,40,post_fragmentation,50,0.7,0.5,chessboard,83,1,2
165,2407,49,7,1,216,44,898,40,post_fragmentation,50,0.7,0.5,chessboard,93,1,2
165,2407,49,7,1,216,44,898,40,post_fragmentation,50,0.7,0.5,chessboard,96,4,2
165,2407,49,7,1,216,44,898,40,post_fragmentation,50,0.7,0.5,chessboard,97,2,2
165,2407,49,7,1,216,44,898,40,post_fragmentation,50,0.7,0.5,chessboard,103,1,2
165,2407,49,7,1,216,44,898,40,post_fragmentation,50,0.7,0.5,chessboard,114,1,2
165,2407,49,7,1,216,44,898,40,post_fragmentation,50,0.7,0.5,chessboard,115,1,2
165,2407,49,7,1,216,44,898,40,post_fragmentation,50,0.7,0.5,chessboard,119,1,2
165,2407,49,7,1,216,44,898,40,post_fragmentation,50,0.7,0.5,chessboard,127,2,2
165,2407,49,7,1,216,44,898,40,post_fragmentation,50,0.7,0.5,chessboard,132,1,2
165,2407,49,7,1,216,44,898,40,post_fragmentation,50,0.7,0.5,chessboard,154,1,2
165,2407,49,7,1,216,44,898,40,post_fragmentation,50,0.7,0.5,chessboard,167,1,2
166,2409,49,9,1,216,44,898,40,post_fragmentation,50,0.7,0.5,chessboard,24,1,2
166,2409,49,9,1,216,44,898,40,post_fragmentation,50,0.7,0.5,chessboard,28,1,2
166,2409,49,9,1,216,44,898,40,post_fragmentation,50,0.7,0.5,chessboard,41,2,2
166,2409,49,9,1,216,44,898,40,post_fragmentation,50,0.7,0.5,chessboard,43,1,2
166,2409,49,9,1,216,44,898,40,post_fragmentation,50,0.7,0.5,chessboard,48,1,2
166,2409,49,9,1,216,44,898,40,post_fragmentation,50,0.7,0.5,chessboard,61,2,2
166,2409,49,9,1,216,44,898,40,post_fragmentation,50,0.7,0.5,chessboard,73,4,2
166,2409,49,9,1,216,44,898,40,post_fragmentation,50,0.7,0.5,chessboard,78,1,2
166,2409,49,9,1,216,44,898,40,post_fragmentation,50,0.7,0.5,chessboard,83,3,2
166,2409,49,9,1,216,44,898,40,post_fragmentation,50,0.7,0.5,chessboard,85,2,2
166,2409,49,9,1,216,44,898,40,post_fragmentation,50,0.7,0.5,chessboard,93,1,2
166,2409,49,9,1,216,44,898,40,post_fragmentation,50,0.7,0.5,chessboard,95,1,2
166,2409,49,9,1,216,44,898,40,post_fragmentation,50,0.7,0.5,chessboard,96,2,2
166,2409,49,9,1,216,44,898,40,post_fragmentation,50,0.7,0.5,chessboard,115,1,2
166,2409,49,9,1,216,44,898,40,post_fragmentation,50,0.7,0.5,chessboard,119,1,2
166,2409,49,9,1,216,44,898,40,post_fragmentation,50,0.7,0.5,chessboard,120,1,2
166,2409,49,9,1,216,44,898,40,post_fragmentation,50,0.7,0.5,chessboard,127,1,2
166,2409,49,9,1,216,44,898,40,post_fragmentation,50,0.7,0.5,chessboard,128,1,2
166,2409,49,9,1,216,44,898,40,post_fragmentation,50,0.7,0.5,chessboard,140,1,2
166,2409,49,9,1,216,44,898,40,post_fragmentation,50,0.7,0.5,chessboard,153,1,2
166,2409,49,9,1,216,44,898,40,post_fragmentation,50,0.7,0.5,chessboard,154,2,2
166,2409,49,9,1,216,44,898,40,post_fragmentation,50,0.7,0.5,chessboard,172,1,2
166,2409,49,9,1,216,44,898,40,post_fragmentation,50,0.7,0.5,chessboard,191,1,2
166,2409,49,9,1,216,44,898,40,post_fragmentation,50,0.7,0.5,chessboard,198,1,2
166,2409,49,9,1,216,44,898,40,post_fragmentation,50,0.7,0.5,chessboard,200,1,2
167,2415,49,15,1,216,44,898,40,post_fragmentation,50,0.7,0.5,chessboard,293,1,2
167,2415,49,15,1,216,44,898,40,post_fragmentation,50,0.7,0.5,chessboard,328,3,2
167,2415,49,15,1,216,44,898,40,post_fragmentation,50,0.7,0.5,chessboard,343,1,2
167,2415,49,15,1,216,44,898,40,post_fragmentation,50,0.7,0.5,chessboard,349,1,2
167,2415,49,15,1,216,44,898,40,post_fragmentation,50,0.7,0.5,chessboard,402,1,2
167,2415,49,15,1,216,44,898,40,post_fragmentation,50,0.7,0.5,chessboard,405,1,2
167,2415,49,15,1,216,44,898,40,post_fragmentation,50,0.7,0.5,chessboard,411,3,2
167,2415,49,15,1,216,44,898,40,post_fragmentation,50,0.7,0.5,chessboard,423,1,2
167,2415,49,15,1,216,44,898,40,post_fragmentation,50,0.7,0.5,chessboard,432,1,2
167,2415,49,15,1,216,44,898,40,post_fragmentation,50,0.7,0.5,chessboard,438,1,2
167,2415,49,15,1,216,44,898,40,post_fragmentation,50,0.7,0.5,chessboard,446,2,2
167,2415,49,15,1,216,44,898,40,post_fragmentation,50,0.7,0.5,chessboard,452,3,2
167,2415,49,15,1,216,44,898,40,post_fragmentation,50,0.7,0.5,chessboard,486,3,2
167,2415,49,15,1,216,44,898,40,post_fragmentation,50,0.7,0.5,chessboard,491,1,2
167,2415,49,15,1,216,44,898,40,post_fragmentation,50,0.7,0.5,chessboard,495,3,2
167,2415,49,15,1,216,44,898,40,post_fragmentation,50,0.7,0.5,chessboard,517,8,2
167,2415,49,15,1,216,44,898,40,post_fragmentation,50,0.7,0.5,chessboard,525,1,2
167,2415,49,15,1,216,44,898,40,post_fragmentation,50,0.7,0.5,chessboard,526,1,2
167,2415,49,15,1,216,44,898,40,post_fragmentation,50,0.7,0.5,chessboard,533,2,2
167,2415,49,15,1,216,44,898,40,post_fragmentation,50,0.7,0.5,chessboard,541,1,2
167,2415,49,15,1,216,44,898,40,post_fragmentation,50,0.7,0.5,chessboard,547,1,2
167,2415,49,15,1,216,44,898,40,post_fragmentation,50,0.7,0.5,chessboard,551,1,2
167,2415,49,15,1,216,44,898,40,post_fragmentation,50,0.7,0.5,chessboard,557,1,2
168,2417,49,17,1,216,44,898,40,post_fragmentation,50,0.7,0.5,chessboard,395,1,2
168,2417,49,17,1,216,44,898,40,post_fragmentation,50,0.7,0.5,chessboard,438,2,2
168,2417,49,17,1,216,44,898,40,post_fragmentation,50,0.7,0.5,chessboard,452,1,2
168,2417,49,17,1,216,44,898,40,post_fragmentation,50,0.7,0.5,chessboard,491,2,2
168,2417,49,17,1,216,44,898,40,post_fragmentation,50,0.7,0.5,chessboard,492,1,2
168,2417,49,17,1,216,44,898,40,post_fragmentation,50,0.7,0.5,chessboard,501,1,2
168,2417,49,17,1,216,44,898,40,post_fragmentation,50,0.7,0.5,chessboard,517,2,2
168,2417,49,17,1,216,44,898,40,post_fragmentation,50,0.7,0.5,chessboard,523,3,2
168,2417,49,17,1,216,44,898,40,post_fragmentation,50,0.7,0.5,chessboard,525,1,2
168,2417,49,17,1,216,44,898,40,post_fragmentation,50,0.7,0.5,chessboard,526,2,2
168,2417,49,17,1,216,44,898,40,post_fragmentation,50,0.7,0.5,chessboard,533,1,2
168,2417,49,17,1,216,44,898,40,post_fragmentation,50,0.7,0.5,chessboard,535,3,2
168,2417,49,17,1,216,44,898,40,post_fragmentation,50,0.7,0.5,chessboard,536,1,2
168,2417,49,17,1,216,44,898,40,post_fragmentation,50,0.7,0.5,chessboard,547,1,2
168,2417,49,17,1,216,44,898,40,post_fragmentation,50,0.7,0.5,chessboard,557,1,2
168,2417,49,17,1,216,44,898,40,post_fragmentation,50,0.7,0.5,chessboard,565,2,2
168,2417,49,17,1,216,44,898,40,post_fragmentation,50,0.7,0.5,chessboard,578,4,2
168,2417,49,17,1,216,44,898,40,post_fragmentation,50,0.7,0.5,chessboard,589,1,2
168,2417,49,17,1,216,44,898,40,post_fragmentation,50,0.7,0.5,chessboard,594,2,2
168,2417,49,17,1,216,44,898,40,post_fragmentation,50,0.7,0.5,chessboard,609,1,2
168,2417,49,17,1,216,44,898,40,post_fragmentation,50,0.7,0.5,chessboard,610,1,2
168,2417,49,17,1,216,44,898,40,post_fragmentation,50,0.7,0.5,chessboard,615,2,2
168,2417,49,17,1,216,44,898,40,post_fragmentation,50,0.7,0.5,chessboard,637,1,2
168,2417,49,17,1,216,44,898,40,post_fragmentation,50,0.7,0.5,chessboard,685,1,2
168,2417,49,17,1,216,44,898,40,post_fragmentation,50,0.7,0.5,chessboard,701,1,2
168,2417,49,17,1,216,44,898,40,post_fragmentation,50,0.7,0.5,chessboard,853,1,2
169,2419,49,19,1,216,44,898,40,post_fragmentation,50,0.7,0.5,chessboard,517,1,2
169,2419,49,19,1,216,44,898,40,post_fragmentation,50,0.7,0.5,chessboard,536,1,2
169,2419,49,19,1,216,44,898,40,post_fragmentation,50,0.7,0.5,chessboard,578,1,2
169,2419,49,19,1,216,44,898,40,post_fragmentation,50,0.7,0.5,chessboard,601,2,2
169,2419,49,19,1,216,44,898,40,post_fragmentation,50,0.7,0.5,chessboard,625,3,2
169,2419,49,19,1,216,44,898,40,post_fragmentation,50,0.7,0.5,chessboard,637,1,2
169,2419,49,19,1,216,44,898,40,post_fragmentation,50,0.7,0.5,chessboard,669,1,2
169,2419,49,19,1,216,44,898,40,post_fragmentation,50,0.7,0.5,chessboard,684,1,2
169,2419,49,19,1,216,44,898,40,post_fragmentation,50,0.7,0.5,chessboard,685,1,2
169,2419,49,19,1,216,44,898,40,post_fragmentation,50,0.7,0.5,chessboard,686,3,2
169,2419,49,19,1,216,44,898,40,post_fragmentation,50,0.7,0.5,chessboard,687,1,2
169,2419,49,19,1,216,44,898,40,post_fragmentation,50,0.7,0.5,chessboard,701,2,2
169,2419,49,19,1,216,44,898,40,post_fragmentation,50,0.7,0.5,chessboard,702,1,2
169,2419,49,19,1,216,44,898,40,post_fragmentation,50,0.7,0.5,chessboard,720,1,2
169,2419,49,19,1,216,44,898,40,post_fragmentation,50,0.7,0.5,chessboard,730,1,2
169,2419,49,19,1,216,44,898,40,post_fragmentation,50,0.7,0.5,chessboard,740,2,2
169,2419,49,19,1,216,44,898,40,post_fragmentation,50,0.7,0.5,chessboard,762,1,2
169,2419,49,19,1,216,44,898,40,post_fragmentation,50,0.7,0.5,chessboard,772,1,2
169,2419,49,19,1,216,44,898,40,post_fragmentation,50,0.7,0.5,chessboard,785,2,2
169,2419,49,19,1,216,44,898,40,post_fragmentation,50,0.7,0.5,chessboard,797,3,2
169,2419,49,19,1,216,44,898,40,post_fragmentation,50,0.7,0.5,chessboard,807,1,2
169,2419,49,19,1,216,44,898,40,post_fragmentation,50,0.7,0.5,chessboard,808,1,2
169,2419,49,19,1,216,44,898,40,post_fragmentation,50,0.7,0.5,chessboard,809,1,2
169,2419,49,19,1,216,44,898,40,post_fragmentation,50,0.7,0.5,chessboard,811,1,2
169,2419,49,19,1,216,44,898,40,post_fragmentation,50,0.7,0.5,chessboard,825,1,2
169,2419,49,19,1,216,44,898,40,post_fragmentation,50,0.7,0.5,chessboard,853,1,2
169,2419,49,19,1,216,44,898,40,post_fragmentation,50,0.7,0.5,chessboard,866,1,2
170,2421,49,21,1,216,44,898,40,post_fragmentation,50,0.7,0.5,chessboard,578,1,2
170,2421,49,21,1,216,44,898,40,post_fragmentation,50,0.7,0.5,chessboard,661,1,2
170,2421,49,21,1,216,44,898,40,post_fragmentation,50,0.7,0.5,chessboard,669,1,2
170,2421,49,21,1,216,44,898,40,post_fragmentation,50,0.7,0.5,chessboard,686,3,2
170,2421,49,21,1,216,44,898,40,post_fragmentation,50,0.7,0.5,chessboard,701,1,2
170,2421,49,21,1,216,44,898,40,post_fragmentation,50,0.7,0.5,chessboard,705,1,2
170,2421,49,21,1,216,44,898,40,post_fragmentation,50,0.7,0.5,chessboard,712,2,2
170,2421,49,21,1,216,44,898,40,post_fragmentation,50,0.7,0.5,chessboard,724,1,2
170,2421,49,21,1,216,44,898,40,post_fragmentation,50,0.7,0.5,chessboard,730,2,2
170,2421,49,21,1,216,44,898,40,post_fragmentation,50,0.7,0.5,chessboard,750,1,2
170,2421,49,21,1,216,44,898,40,post_fragmentation,50,0.7,0.5,chessboard,762,1,2
170,2421,49,21,1,216,44,898,40,post_fragmentation,50,0.7,0.5,chessboard,768,1,2
170,2421,49,21,1,216,44,898,40,post_fragmentation,50,0.7,0.5,chessboard,772,2,2
170,2421,49,21,1,216,44,898,40,post_fragmentation,50,0.7,0.5,chessboard,773,1,2
170,2421,49,21,1,216,44,898,40,post_fragmentation,50,0.7,0.5,chessboard,785,2,2
170,2421,49,21,1,216,44,898,40,post_fragmentation,50,0.7,0.5,chessboard,794,2,2
170,2421,49,21,1,216,44,898,40,post_fragmentation,50,0.7,0.5,chessboard,797,1,2
170,2421,49,21,1,216,44,898,40,post_fragmentation,50,0.7,0.5,chessboard,809,3,2
170,2421,49,21,1,216,44,898,40,post_fragmentation,50,0.7,0.5,chessboard,815,6,2
170,2421,49,21,1,216,44,898,40,post_fragmentation,50,0.7,0.5,chessboard,817,2,2
170,2421,49,21,1,216,44,898,40,post_fragmentation,50,0.7,0.5,chessboard,821,2,2
170,2421,49,21,1,216,44,898,40,post_fragmentation,50,0.7,0.5,chessboard,839,1,2
170,2421,49,21,1,216,44,898,40,post_fragmentation,50,0.7,0.5,chessboard,843,1,2
170,2421,49,21,1,216,44,898,40,post_fragmentation,50,0.7,0.5,chessboard,848,1,2
170,2421,49,21,1,216,44,898,40,post_fragmentation,50,0.7,0.5,chessboard,874,2,2
171,2423,49,23,1,216,44,898,40,post_fragmentation,50,0.7,0.5,chessboard,632,1,2
171,2423,49,23,1,216,44,898,40,post_fragmentation,50,0.7,0.5,chessboard,701,1,2
171,2423,49,23,1,216,44,898,40,post_fragmentation,50,0.7,0.5,chessboard,712,1,2
171,2423,49,23,1,216,44,898,40,post_fragmentation,50,0.7,0.5,chessboard,721,1,2
171,2423,49,23,1,216,44,898,40,post_fragmentation,50,0.7,0.5,chessboard,730,2,2
171,2423,49,23,1,216,44,898,40,post_fragmentation,50,0.7,0.5,chessboard,736,1,2
171,2423,49,23,1,216,44,898,40,post_fragmentation,50,0.7,0.5,chessboard,749,1,2
171,2423,49,23,1,216,44,898,40,post_fragmentation,50,0.7,0.5,chessboard,762,3,2
171,2423,49,23,1,216,44,898,40,post_fragmentation,50,0.7,0.5,chessboard,782,2,2
171,2423,49,23,1,216,44,898,40,post_fragmentation,50,0.7,0.5,chessboard,783,2,2
171,2423,49,23,1,216,44,898,40,post_fragmentation,50,0.7,0.5,chessboard,784,1,2
171,2423,49,23,1,216,44,898,40,post_fragmentation,50,0.7,0.5,chessboard,785,1,2
171,2423,49,23,1,216,44,898,40,post_fragmentation,50,0.7,0.5,chessboard,786,1,2
171,2423,49,23,1,216,44,898,40,post_fragmentation,50,0.7,0.5,chessboard,788,1,2
171,2423,49,23,1,216,44,898,40,post_fragmentation,50,0.7,0.5,chessboard,790,1,2
171,2423,49,23,1,216,44,898,40,post_fragmentation,50,0.7,0.5,chessboard,794,4,2
171,2423,49,23,1,216,44,898,40,post_fragmentation,50,0.7,0.5,chessboard,797,2,2
171,2423,49,23,1,216,44,898,40,post_fragmentation,50,0.7,0.5,chessboard,808,1,2
171,2423,49,23,1,216,44,898,40,post_fragmentation,50,0.7,0.5,chessboard,809,2,2
171,2423,49,23,1,216,44,898,40,post_fragmentation,50,0.7,0.5,chessboard,815,3,2
171,2423,49,23,1,216,44,898,40,post_fragmentation,50,0.7,0.5,chessboard,821,2,2
171,2423,49,23,1,216,44,898,40,post_fragmentation,50,0.7,0.5,chessboard,825,1,2
171,2423,49,23,1,216,44,898,40,post_fragmentation,50,0.7,0.5,chessboard,839,2,2
171,2423,49,23,1,216,44,898,40,post_fragmentation,50,0.7,0.5,chessboard,876,1,2
172,2425,49,25,1,216,44,898,40,post_fragmentation,50,0.7,0.5,chessboard,555,1,2
172,2425,49,25,1,216,44,898,40,post_fragmentation,50,0.7,0.5,chessboard,587,1,2
172,2425,49,25,1,216,44,898,40,post_fragmentation,50,0.7,0.5,chessboard,625,2,2
172,2425,49,25,1,216,44,898,40,post_fragmentation,50,0.7,0.5,chessboard,647,1,2
172,2425,49,25,1,216,44,898,40,post_fragmentation,50,0.7,0.5,chessboard,670,2,2
172,2425,49,25,1,216,44,898,40,post_fragmentation,50,0.7,0.5,chessboard,676,1,2
172,2425,49,25,1,216,44,898,40,post_fragmentation,50,0.7,0.5,chessboard,685,1,2
172,2425,49,25,1,216,44,898,40,post_fragmentation,50,0.7,0.5,chessboard,696,1,2
172,2425,49,25,1,216,44,898,40,post_fragmentation,50,0.7,0.5,chessboard,701,1,2
172,2425,49,25,1,216,44,898,40,post_fragmentation,50,0.7,0.5,chessboard,705,3,2
172,2425,49,25,1,216,44,898,40,post_fragmentation,50,0.7,0.5,chessboard,712,5,2
172,2425,49,25,1,216,44,898,40,post_fragmentation,50,0.7,0.5,chessboard,721,2,2
172,2425,49,25,1,216,44,898,40,post_fragmentation,50,0.7,0.5,chessboard,730,3,2
172,2425,49,25,1,216,44,898,40,post_fragmentation,50,0.7,0.5,chessboard,736,2,2
172,2425,49,25,1,216,44,898,40,post_fragmentation,50,0.7,0.5,chessboard,740,1,2
172,2425,49,25,1,216,44,898,40,post_fragmentation,50,0.7,0.5,chessboard,772,2,2
172,2425,49,25,1,216,44,898,40,post_fragmentation,50,0.7,0.5,chessboard,780,3,2
172,2425,49,25,1,216,44,898,40,post_fragmentation,50,0.7,0.5,chessboard,797,1,2
172,2425,49,25,1,216,44,898,40,post_fragmentation,50,0.7,0.5,chessboard,815,2,2
172,2425,49,25,1,216,44,898,40,post_fragmentation,50,0.7,0.5,chessboard,821,1,2
173,2427,49,27,1,216,44,898,40,post_fragmentation,50,0.7,0.5,chessboard,584,1,2
173,2427,49,27,1,216,44,898,40,post_fragmentation,50,0.7,0.5,chessboard,596,1,2
173,2427,49,27,1,216,44,898,40,post_fragmentation,50,0.7,0.5,chessboard,600,1,2
173,2427,49,27,1,216,44,898,40,post_fragmentation,50,0.7,0.5,chessboard,603,1,2
173,2427,49,27,1,216,44,898,40,post_fragmentation,50,0.7,0.5,chessboard,606,1,2
173,2427,49,27,1,216,44,898,40,post_fragmentation,50,0.7,0.5,chessboard,610,1,2
173,2427,49,27,1,216,44,898,40,post_fragmentation,50,0.7,0.5,chessboard,618,3,2
173,2427,49,27,1,216,44,898,40,post_fragmentation,50,0.7,0.5,chessboard,622,2,2
173,2427,49,27,1,216,44,898,40,post_fragmentation,50,0.7,0.5,chessboard,623,2,2
173,2427,49,27,1,216,44,898,40,post_fragmentation,50,0.7,0.5,chessboard,635,1,2
173,2427,49,27,1,216,44,898,40,post_fragmentation,50,0.7,0.5,chessboard,643,2,2
173,2427,49,27,1,216,44,898,40,post_fragmentation,50,0.7,0.5,chessboard,656,1,2
173,2427,49,27,1,216,44,898,40,post_fragmentation,50,0.7,0.5,chessboard,676,2,2
173,2427,49,27,1,216,44,898,40,post_fragmentation,50,0.7,0.5,chessboard,682,1,2
173,2427,49,27,1,216,44,898,40,post_fragmentation,50,0.7,0.5,chessboard,686,3,2
173,2427,49,27,1,216,44,898,40,post_fragmentation,50,0.7,0.5,chessboard,688,1,2
173,2427,49,27,1,216,44,898,40,post_fragmentation,50,0.7,0.5,chessboard,689,1,2
173,2427,49,27,1,216,44,898,40,post_fragmentation,50,0.7,0.5,chessboard,701,1,2
173,2427,49,27,1,216,44,898,40,post_fragmentation,50,0.7,0.5,chessboard,702,2,2
173,2427,49,27,1,216,44,898,40,post_fragmentation,50,0.7,0.5,chessboard,705,1,2
173,2427,49,27,1,216,44,898,40,post_fragmentation,50,0.7,0.5,chessboard,712,6,2
173,2427,49,27,1,216,44,898,40,post_fragmentation,50,0.7,0.5,chessboard,730,1,2
173,2427,49,27,1,216,44,898,40,post_fragmentation,50,0.7,0.5,chessboard,762,1,2
173,2427,49,27,1,216,44,898,40,post_fragmentation,50,0.7,0.5,chessboard,807,1,2
173,2427,49,27,1,216,44,898,40,post_fragmentation,50,0.7,0.5,chessboard,861,1,2
174,2429,49,29,1,216,44,898,40,post_fragmentation,50,0.7,0.5,chessboard,516,1,2
174,2429,49,29,1,216,44,898,40,post_fragmentation,50,0.7,0.5,chessboard,538,1,2
174,2429,49,29,1,216,44,898,40,post_fragmentation,50,0.7,0.5,chessboard,544,1,2
174,2429,49,29,1,216,44,898,40,post_fragmentation,50,0.7,0.5,chessboard,547,1,2
174,2429,49,29,1,216,44,898,40,post_fragmentation,50,0.7,0.5,chessboard,559,1,2
174,2429,49,29,1,216,44,898,40,post_fragmentation,50,0.7,0.5,chessboard,573,2,2
174,2429,49,29,1,216,44,898,40,post_fragmentation,50,0.7,0.5,chessboard,577,1,2
174,2429,49,29,1,216,44,898,40,post_fragmentation,50,0.7,0.5,chessboard,579,1,2
174,2429,49,29,1,216,44,898,40,post_fragmentation,50,0.7,0.5,chessboard,588,3,2
174,2429,49,29,1,216,44,898,40,post_fragmentation,50,0.7,0.5,chessboard,589,1,2
174,2429,49,29,1,216,44,898,40,post_fragmentation,50,0.7,0.5,chessboard,596,2,2
174,2429,49,29,1,216,44,898,40,post_fragmentation,50,0.7,0.5,chessboard,599,1,2
174,2429,49,29,1,216,44,898,40,post_fragmentation,50,0.7,0.5,chessboard,610,6,2
174,2429,49,29,1,216,44,898,40,post_fragmentation,50,0.7,0.5,chessboard,613,2,2
174,2429,49,29,1,216,44,898,40,post_fragmentation,50,0.7,0.5,chessboard,617,1,2
174,2429,49,29,1,216,44,898,40,post_fragmentation,50,0.7,0.5,chessboard,618,2,2
174,2429,49,29,1,216,44,898,40,post_fragmentation,50,0.7,0.5,chessboard,625,3,2
174,2429,49,29,1,216,44,898,40,post_fragmentation,50,0.7,0.5,chessboard,629,1,2
174,2429,49,29,1,216,44,898,40,post_fragmentation,50,0.7,0.5,chessboard,631,1,2
174,2429,49,29,1,216,44,898,40,post_fragmentation,50,0.7,0.5,chessboard,632,1,2
174,2429,49,29,1,216,44,898,40,post_fragmentation,50,0.7,0.5,chessboard,635,1,2
174,2429,49,29,1,216,44,898,40,post_fragmentation,50,0.7,0.5,chessboard,655,2,2
174,2429,49,29,1,216,44,898,40,post_fragmentation,50,0.7,0.5,chessboard,668,1,2
174,2429,49,29,1,216,44,898,40,post_fragmentation,50,0.7,0.5,chessboard,730,2,2
175,2449,49,49,2,7,44,898,40,post_fragmentation,50,0.7,0.5,chessboard,25,1,2
175,2449,49,49,2,7,44,898,40,post_fragmentation,50,0.7,0.5,chessboard,29,3,2
175,2449,49,49,2,7,44,898,40,post_fragmentation,50,0.7,0.5,chessboard,69,1,2
175,2449,49,49,2,7,44,898,40,post_fragmentation,50,0.7,0.5,chessboard,73,2,2
175,2449,49,49,2,7,44,898,40,post_fragmentation,50,0.7,0.5,chessboard,76,1,2
175,2449,49,49,2,7,44,898,40,post_fragmentation,50,0.7,0.5,chessboard,81,4,2
175,2449,49,49,2,7,44,898,40,post_fragmentation,50,0.7,0.5,chessboard,83,1,2
175,2449,49,49,2,7,44,898,40,post_fragmentation,50,0.7,0.5,chessboard,84,1,2
175,2449,49,49,2,7,44,898,40,post_fragmentation,50,0.7,0.5,chessboard,93,1,2
175,2449,49,49,2,7,44,898,40,post_fragmentation,50,0.7,0.5,chessboard,97,2,2
175,2449,49,49,2,7,44,898,40,post_fragmentation,50,0.7,0.5,chessboard,100,1,2
175,2449,49,49,2,7,44,898,40,post_fragmentation,50,0.7,0.5,chessboard,103,4,2
175,2449,49,49,2,7,44,898,40,post_fragmentation,50,0.7,0.5,chessboard,104,1,2
175,2449,49,49,2,7,44,898,40,post_fragmentation,50,0.7,0.5,chessboard,108,1,2
175,2449,49,49,2,7,44,898,40,post_fragmentation,50,0.7,0.5,chessboard,115,2,2
175,2449,49,49,2,7,44,898,40,post_fragmentation,50,0.7,0.5,chessboard,118,2,2
175,2449,49,49,2,7,44,898,40,post_fragmentation,50,0.7,0.5,chessboard,124,2,2
175,2449,49,49,2,7,44,898,40,post_fragmentation,50,0.7,0.5,chessboard,125,1,2
175,2449,49,49,2,7,44,898,40,post_fragmentation,50,0.7,0.5,chessboard,133,1,2
175,2449,49,49,2,7,44,898,40,post_fragmentation,50,0.7,0.5,chessboard,147,3,2
175,2449,49,49,2,7,44,898,40,post_fragmentation,50,0.7,0.5,chessboard,171,1,2
175,2449,49,49,2,7,44,898,40,post_fragmentation,50,0.7,0.5,chessboard,174,1,2
175,2449,49,49,2,7,44,898,40,post_fragmentation,50,0.7,0.5,chessboard,220,2,2
175,2449,49,49,2,7,44,898,40,post_fragmentation,50,0.7,0.5,chessboard,233,1,2
176,2452,50,2,1,216,44,898,40,post_fragmentation,50,0.7,0.5,chessboard,24,2,2
176,2452,50,2,1,216,44,898,40,post_fragmentation,50,0.7,0.5,chessboard,25,1,2
176,2452,50,2,1,216,44,898,40,post_fragmentation,50,0.7,0.5,chessboard,28,2,2
176,2452,50,2,1,216,44,898,40,post_fragmentation,50,0.7,0.5,chessboard,43,1,2
176,2452,50,2,1,216,44,898,40,post_fragmentation,50,0.7,0.5,chessboard,47,1,2
176,2452,50,2,1,216,44,898,40,post_fragmentation,50,0.7,0.5,chessboard,61,2,2
176,2452,50,2,1,216,44,898,40,post_fragmentation,50,0.7,0.5,chessboard,69,1,2
176,2452,50,2,1,216,44,898,40,post_fragmentation,50,0.7,0.5,chessboard,73,2,2
176,2452,50,2,1,216,44,898,40,post_fragmentation,50,0.7,0.5,chessboard,76,1,2
176,2452,50,2,1,216,44,898,40,post_fragmentation,50,0.7,0.5,chessboard,78,2,2
176,2452,50,2,1,216,44,898,40,post_fragmentation,50,0.7,0.5,chessboard,81,3,2
176,2452,50,2,1,216,44,898,40,post_fragmentation,50,0.7,0.5,chessboard,83,1,2
176,2452,50,2,1,216,44,898,40,post_fragmentation,50,0.7,0.5,chessboard,85,1,2
176,2452,50,2,1,216,44,898,40,post_fragmentation,50,0.7,0.5,chessboard,87,1,2
176,2452,50,2,1,216,44,898,40,post_fragmentation,50,0.7,0.5,chessboard,91,1,2
176,2452,50,2,1,216,44,898,40,post_fragmentation,50,0.7,0.5,chessboard,103,1,2
176,2452,50,2,1,216,44,898,40,post_fragmentation,50,0.7,0.5,chessboard,106,2,2
176,2452,50,2,1,216,44,898,40,post_fragmentation,50,0.7,0.5,chessboard,108,1,2
176,2452,50,2,1,216,44,898,40,post_fragmentation,50,0.7,0.5,chessboard,112,1,2
176,2452,50,2,1,216,44,898,40,post_fragmentation,50,0.7,0.5,chessboard,115,1,2
176,2452,50,2,1,216,44,898,40,post_fragmentation,50,0.7,0.5,chessboard,127,1,2
176,2452,50,2,1,216,44,898,40,post_fragmentation,50,0.7,0.5,chessboard,132,1,2
177,2454,50,4,1,216,44,898,40,post_fragmentation,50,0.7,0.5,chessboard,4,1,2
177,2454,50,4,1,216,44,898,40,post_fragmentation,50,0.7,0.5,chessboard,5,1,2
177,2454,50,4,1,216,44,898,40,post_fragmentation,50,0.7,0.5,chessboard,9,2,2
177,2454,50,4,1,216,44,898,40,post_fragmentation,50,0.7,0.5,chessboard,18,1,2
177,2454,50,4,1,216,44,898,40,post_fragmentation,50,0.7,0.5,chessboard,24,2,2
177,2454,50,4,1,216,44,898,40,post_fragmentation,50,0.7,0.5,chessboard,26,2,2
177,2454,50,4,1,216,44,898,40,post_fragmentation,50,0.7,0.5,chessboard,29,1,2
177,2454,50,4,1,216,44,898,40,post_fragmentation,50,0.7,0.5,chessboard,43,1,2
177,2454,50,4,1,216,44,898,40,post_fragmentation,50,0.7,0.5,chessboard,48,2,2
177,2454,50,4,1,216,44,898,40,post_fragmentation,50,0.7,0.5,chessboard,59,2,2
177,2454,50,4,1,216,44,898,40,post_fragmentation,50,0.7,0.5,chessboard,63,1,2
177,2454,50,4,1,216,44,898,40,post_fragmentation,50,0.7,0.5,chessboard,64,1,2
177,2454,50,4,1,216,44,898,40,post_fragmentation,50,0.7,0.5,chessboard,69,4,2
177,2454,50,4,1,216,44,898,40,post_fragmentation,50,0.7,0.5,chessboard,70,2,2
177,2454,50,4,1,216,44,898,40,post_fragmentation,50,0.7,0.5,chessboard,73,1,2
177,2454,50,4,1,216,44,898,40,post_fragmentation,50,0.7,0.5,chessboard,74,1,2
177,2454,50,4,1,216,44,898,40,post_fragmentation,50,0.7,0.5,chessboard,81,1,2
177,2454,50,4,1,216,44,898,40,post_fragmentation,50,0.7,0.5,chessboard,82,1,2
177,2454,50,4,1,216,44,898,40,post_fragmentation,50,0.7,0.5,chessboard,83,1,2
177,2454,50,4,1,216,44,898,40,post_fragmentation,50,0.7,0.5,chessboard,85,1,2
177,2454,50,4,1,216,44,898,40,post_fragmentation,50,0.7,0.5,chessboard,86,1,2
177,2454,50,4,1,216,44,898,40,post_fragmentation,50,0.7,0.5,chessboard,92,1,2
177,2454,50,4,1,216,44,898,40,post_fragmentation,50,0.7,0.5,chessboard,97,1,2
177,2454,50,4,1,216,44,898,40,post_fragmentation,50,0.7,0.5,chessboard,110,1,2
177,2454,50,4,1,216,44,898,40,post_fragmentation,50,0.7,0.5,chessboard,127,1,2
177,2454,50,4,1,216,44,898,40,post_fragmentation,50,0.7,0.5,chessboard,132,1,2
177,2454,50,4,1,216,44,898,40,post_fragmentation,50,0.7,0.5,chessboard,153,2,2
177,2454,50,4,1,216,44,898,40,post_fragmentation,50,0.7,0.5,chessboard,158,1,2
177,2454,50,4,1,216,44,898,40,post_fragmentation,50,0.7,0.5,chessboard,182,1,2
178,2456,50,6,1,216,44,898,40,post_fragmentation,50,0.7,0.5,chessboard,4,1,2
178,2456,50,6,1,216,44,898,40,post_fragmentation,50,0.7,0.5,chessboard,24,2,2
178,2456,50,6,1,216,44,898,40,post_fragmentation,50,0.7,0.5,chessboard,25,3,2
178,2456,50,6,1,216,44,898,40,post_fragmentation,50,0.7,0.5,chessboard,40,1,2
178,2456,50,6,1,216,44,898,40,post_fragmentation,50,0.7,0.5,chessboard,41,1,2
178,2456,50,6,1,216,44,898,40,post_fragmentation,50,0.7,0.5,chessboard,43,1,2
178,2456,50,6,1,216,44,898,40,post_fragmentation,50,0.7,0.5,chessboard,44,1,2
178,2456,50,6,1,216,44,898,40,post_fragmentation,50,0.7,0.5,chessboard,47,1,2
178,2456,50,6,1,216,44,898,40,post_fragmentation,50,0.7,0.5,chessboard,49,2,2
178,2456,50,6,1,216,44,898,40,post_fragmentation,50,0.7,0.5,chessboard,58,1,2
178,2456,50,6,1,216,44,898,40,post_fragmentation,50,0.7,0.5,chessboard,59,1,2
178,2456,50,6,1,216,44,898,40,post_fragmentation,50,0.7,0.5,chessboard,61,1,2
178,2456,50,6,1,216,44,898,40,post_fragmentation,50,0.7,0.5,chessboard,63,4,2
178,2456,50,6,1,216,44,898,40,post_fragmentation,50,0.7,0.5,chessboard,69,1,2
178,2456,50,6,1,216,44,898,40,post_fragmentation,50,0.7,0.5,chessboard,72,1,2
178,2456,50,6,1,216,44,898,40,post_fragmentation,50,0.7,0.5,chessboard,83,4,2
178,2456,50,6,1,216,44,898,40,post_fragmentation,50,0.7,0.5,chessboard,90,2,2
178,2456,50,6,1,216,44,898,40,post_fragmentation,50,0.7,0.5,chessboard,96,1,2
178,2456,50,6,1,216,44,898,40,post_fragmentation,50,0.7,0.5,chessboard,106,1,2
178,2456,50,6,1,216,44,898,40,post_fragmentation,50,0.7,0.5,chessboard,113,1,2
178,2456,50,6,1,216,44,898,40,post_fragmentation,50,0.7,0.5,chessboard,127,2,2
178,2456,50,6,1,216,44,898,40,post_fragmentation,50,0.7,0.5,chessboard,132,1,2
178,2456,50,6,1,216,44,898,40,post_fragmentation,50,0.7,0.5,chessboard,173,1,2
179,2458,50,8,1,216,44,898,40,post_fragmentation,50,0.7,0.5,chessboard,14,1,2
179,2458,50,8,1,216,44,898,40,post_fragmentation,50,0.7,0.5,chessboard,22,1,2
179,2458,50,8,1,216,44,898,40,post_fragmentation,50,0.7,0.5,chessboard,34,4,2
179,2458,50,8,1,216,44,898,40,post_fragmentation,50,0.7,0.5,chessboard,41,2,2
179,2458,50,8,1,216,44,898,40,post_fragmentation,50,0.7,0.5,chessboard,47,2,2
179,2458,50,8,1,216,44,898,40,post_fragmentation,50,0.7,0.5,chessboard,49,1,2
179,2458,50,8,1,216,44,898,40,post_fragmentation,50,0.7,0.5,chessboard,56,1,2
179,2458,50,8,1,216,44,898,40,post_fragmentation,50,0.7,0.5,chessboard,60,1,2
179,2458,50,8,1,216,44,898,40,post_fragmentation,50,0.7,0.5,chessboard,61,1,2
179,2458,50,8,1,216,44,898,40,post_fragmentation,50,0.7,0.5,chessboard,69,1,2
179,2458,50,8,1,216,44,898,40,post_fragmentation,50,0.7,0.5,chessboard,76,1,2
179,2458,50,8,1,216,44,898,40,post_fragmentation,50,0.7,0.5,chessboard,81,1,2
179,2458,50,8,1,216,44,898,40,post_fragmentation,50,0.7,0.5,chessboard,83,1,2
179,2458,50,8,1,216,44,898,40,post_fragmentation,50,0.7,0.5,chessboard,85,2,2
179,2458,50,8,1,216,44,898,40,post_fragmentation,50,0.7,0.5,chessboard,89,1,2
179,2458,50,8,1,216,44,898,40,post_fragmentation,50,0.7,0.5,chessboard,96,2,2
179,2458,50,8,1,216,44,898,40,post_fragmentation,50,0.7,0.5,chessboard,98,2,2
179,2458,50,8,1,216,44,898,40,post_fragmentation,50,0.7,0.5,chessboard,115,2,2
179,2458,50,8,1,216,44,898,40,post_fragmentation,50,0.7,0.5,chessboard,119,1,2
179,2458,50,8,1,216,44,898,40,post_fragmentation,50,0.7,0.5,chessboard,127,1,2
179,2458,50,8,1,216,44,898,40,post_fragmentation,50,0.7,0.5,chessboard,132,1,2
179,2458,50,8,1,216,44,898,40,post_fragmentation,50,0.7,0.5,chessboard,145,1,2
179,2458,50,8,1,216,44,898,40,post_fragmentation,50,0.7,0.5,chessboard,146,1,2
179,2458,50,8,1,216,44,898,40,post_fragmentation,50,0.7,0.5,chessboard,169,1,2
180,2460,50,10,1,216,44,898,40,post_fragmentation,50,0.7,0.5,chessboard,4,1,2
180,2460,50,10,1,216,44,898,40,post_fragmentation,50,0.7,0.5,chessboard,14,1,2
180,2460,50,10,1,216,44,898,40,post_fragmentation,50,0.7,0.5,chessboard,42,1,2
180,2460,50,10,1,216,44,898,40,post_fragmentation,50,0.7,0.5,chessboard,43,2,2
180,2460,50,10,1,216,44,898,40,post_fragmentation,50,0.7,0.5,chessboard,44,2,2
180,2460,50,10,1,216,44,898,40,post_fragmentation,50,0.7,0.5,chessboard,59,1,2
180,2460,50,10,1,216,44,898,40,post_fragmentation,50,0.7,0.5,chessboard,60,2,2
180,2460,50,10,1,216,44,898,40,post_fragmentation,50,0.7,0.5,chessboard,61,1,2
180,2460,50,10,1,216,44,898,40,post_fragmentation,50,0.7,0.5,chessboard,73,1,2
180,2460,50,10,1,216,44,898,40,post_fragmentation,50,0.7,0.5,chessboard,81,1,2
180,2460,50,10,1,216,44,898,40,post_fragmentation,50,0.7,0.5,chessboard,83,4,2
180,2460,50,10,1,216,44,898,40,post_fragmentation,50,0.7,0.5,chessboard,93,1,2
180,2460,50,10,1,216,44,898,40,post_fragmentation,50,0.7,0.5,chessboard,95,1,2
180,2460,50,10,1,216,44,898,40,post_fragmentation,50,0.7,0.5,chessboard,103,1,2
180,2460,50,10,1,216,44,898,40,post_fragmentation,50,0.7,0.5,chessboard,108,2,2
180,2460,50,10,1,216,44,898,40,post_fragmentation,50,0.7,0.5,chessboard,115,1,2
180,2460,50,10,1,216,44,898,40,post_fragmentation,50,0.7,0.5,chessboard,119,1,2
180,2460,50,10,1,216,44,898,40,post_fragmentation,50,0.7,0.5,chessboard,121,1,2
180,2460,50,10,1,216,44,898,40,post_fragmentation,50,0.7,0.5,chessboard,131,1,2
180,2460,50,10,1,216,44,898,40,post_fragmentation,50,0.7,0.5,chessboard,149,1,2
180,2460,50,10,1,216,44,898,40,post_fragmentation,50,0.7,0.5,chessboard,153,1,2
180,2460,50,10,1,216,44,898,40,post_fragmentation,50,0.7,0.5,chessboard,158,1,2
180,2460,50,10,1,216,44,898,40,post_fragmentation,50,0.7,0.5,chessboard,169,1,2
180,2460,50,10,1,216,44,898,40,post_fragmentation,50,0.7,0.5,chessboard,174,1,2
180,2460,50,10,1,216,44,898,40,post_fragmentation,50,0.7,0.5,chessboard,182,2,2
180,2460,50,10,1,216,44,898,40,post_fragmentation,50,0.7,0.5,chessboard,198,1,2
180,2460,50,10,1,216,44,898,40,post_fragmentation,50,0.7,0.5,chessboard,234,2,2
180,2460,50,10,1,216,44,898,40,post_fragmentation,50,0.7,0.5,chessboard,287,1,2
181,2464,50,14,1,216,44,898,40,post_fragmentation,50,0.7,0.5,chessboard,159,1,2
181,2464,50,14,1,216,44,898,40,post_fragmentation,50,0.7,0.5,chessboard,173,1,2
181,2464,50,14,1,216,44,898,40,post_fragmentation,50,0.7,0.5,chessboard,193,1,2
181,2464,50,14,1,216,44,898,40,post_fragmentation,50,0.7,0.5,chessboard,244,2,2
181,2464,50,14,1,216,44,898,40,post_fragmentation,50,0.7,0.5,chessboard,253,3,2
181,2464,50,14,1,216,44,898,40,post_fragmentation,50,0.7,0.5,chessboard,255,2,2
181,2464,50,14,1,216,44,898,40,post_fragmentation,50,0.7,0.5,chessboard,260,1,2
181,2464,50,14,1,216,44,898,40,post_fragmentation,50,0.7,0.5,chessboard,262,4,2
181,2464,50,14,1,216,44,898,40,post_fragmentation,50,0.7,0.5,chessboard,263,3,2
181,2464,50,14,1,216,44,898,40,post_fragmentation,50,0.7,0.5,chessboard,266,1,2
181,2464,50,14,1,216,44,898,40,post_fragmentation,50,0.7,0.5,chessboard,293,1,2
181,2464,50,14,1,216,44,898,40,post_fragmentation,50,0.7,0.5,chessboard,297,1,2
181,2464,50,14,1,216,44,898,40,post_fragmentation,50,0.7,0.5,chessboard,301,1,2
181,2464,50,14,1,216,44,898,40,post_fragmentation,50,0.7,0.5,chessboard,322,1,2
181,2464,50,14,1,216,44,898,40,post_fragmentation,50,0.7,0.5,chessboard,327,2,2
181,2464,50,14,1,216,44,898,40,post_fragmentation,50,0.7,0.5,chessboard,337,2,2
181,2464,50,14,1,216,44,898,40,post_fragmentation,50,0.7,0.5,chessboard,353,1,2
181,2464,50,14,1,216,44,898,40,post_fragmentation,50,0.7,0.5,chessboard,355,1,2
181,2464,50,14,1,216,44,898,40,post_fragmentation,50,0.7,0.5,chessboard,367,3,2
181,2464,50,14,1,216,44,898,40,post_fragmentation,50,0.7,0.5,chessboard,401,2,2
181,2464,50,14,1,216,44,898,40,post_fragmentation,50,0.7,0.5,chessboard,402,1,2
181,2464,50,14,1,216,44,898,40,post_fragmentation,50,0.7,0.5,chessboard,423,2,2
181,2464,50,14,1,216,44,898,40,post_fragmentation,50,0.7,0.5,chessboard,436,2,2
181,2464,50,14,1,216,44,898,40,post_fragmentation,50,0.7,0.5,chessboard,438,1,2
182,2466,50,16,1,216,44,898,40,post_fragmentation,50,0.7,0.5,chessboard,303,1,2
182,2466,50,16,1,216,44,898,40,post_fragmentation,50,0.7,0.5,chessboard,352,1,2
182,2466,50,16,1,216,44,898,40,post_fragmentation,50,0.7,0.5,chessboard,359,1,2
182,2466,50,16,1,216,44,898,40,post_fragmentation,50,0.7,0.5,chessboard,396,1,2
182,2466,50,16,1,216,44,898,40,post_fragmentation,50,0.7,0.5,chessboard,418,1,2
182,2466,50,16,1,216,44,898,40,post_fragmentation,50,0.7,0.5,chessboard,423,1,2
182,2466,50,16,1,216,44,898,40,post_fragmentation,50,0.7,0.5,chessboard,438,5,2
182,2466,50,16,1,216,44,898,40,post_fragmentation,50,0.7,0.5,chessboard,452,1,2
182,2466,50,16,1,216,44,898,40,post_fragmentation,50,0.7,0.5,chessboard,456,1,2
182,2466,50,16,1,216,44,898,40,post_fragmentation,50,0.7,0.5,chessboard,473,2,2
182,2466,50,16,1,216,44,898,40,post_fragmentation,50,0.7,0.5,chessboard,486,1,2
182,2466,50,16,1,216,44,898,40,post_fragmentation,50,0.7,0.5,chessboard,491,1,2
182,2466,50,16,1,216,44,898,40,post_fragmentation,50,0.7,0.5,chessboard,495,2,2
182,2466,50,16,1,216,44,898,40,post_fragmentation,50,0.7,0.5,chessboard,503,1,2
182,2466,50,16,1,216,44,898,40,post_fragmentation,50,0.7,0.5,chessboard,517,6,2
182,2466,50,16,1,216,44,898,40,post_fragmentation,50,0.7,0.5,chessboard,523,1,2
182,2466,50,16,1,216,44,898,40,post_fragmentation,50,0.7,0.5,chessboard,526,2,2
182,2466,50,16,1,216,44,898,40,post_fragmentation,50,0.7,0.5,chessboard,536,1,2
182,2466,50,16,1,216,44,898,40,post_fragmentation,50,0.7,0.5,chessboard,541,1,2
182,2466,50,16,1,216,44,898,40,post_fragmentation,50,0.7,0.5,chessboard,557,2,2
182,2466,50,16,1,216,44,898,40,post_fragmentation,50,0.7,0.5,chessboard,589,1,2
182,2466,50,16,1,216,44,898,40,post_fragmentation,50,0.7,0.5,chessboard,674,1,2
183,2468,50,18,1,216,44,898,40,post_fragmentation,50,0.7,0.5,chessboard,331,1,2
183,2468,50,18,1,216,44,898,40,post_fragmentation,50,0.7,0.5,chessboard,423,1,2
183,2468,50,18,1,216,44,898,40,post_fragmentation,50,0.7,0.5,chessboard,445,1,2
183,2468,50,18,1,216,44,898,40,post_fragmentation,50,0.7,0.5,chessboard,446,1,2
183,2468,50,18,1,216,44,898,40,post_fragmentation,50,0.7,0.5,chessboard,467,1,2
183,2468,50,18,1,216,44,898,40,post_fragmentation,50,0.7,0.5,chessboard,472,1,2
183,2468,50,18,1,216,44,898,40,post_fragmentation,50,0.7,0.5,chessboard,501,2,2
183,2468,50,18,1,216,44,898,40,post_fragmentation,50,0.7,0.5,chessboard,517,2,2
183,2468,50,18,1,216,44,898,40,post_fragmentation,50,0.7,0.5,chessboard,521,2,2
183,2468,50,18,1,216,44,898,40,post_fragmentation,50,0.7,0.5,chessboard,523,2,2
183,2468,50,18,1,216,44,898,40,post_fragmentation,50,0.7,0.5,chessboard,536,2,2
183,2468,50,18,1,216,44,898,40,post_fragmentation,50,0.7,0.5,chessboard,542,1,2
183,2468,50,18,1,216,44,898,40,post_fragmentation,50,0.7,0.5,chessboard,549,1,2
183,2468,50,18,1,216,44,898,40,post_fragmentation,50,0.7,0.5,chessboard,551,1,2
183,2468,50,18,1,216,44,898,40,post_fragmentation,50,0.7,0.5,chessboard,562,1,2
183,2468,50,18,1,216,44,898,40,post_fragmentation,50,0.7,0.5,chessboard,578,3,2
183,2468,50,18,1,216,44,898,40,post_fragmentation,50,0.7,0.5,chessboard,591,1,2
183,2468,50,18,1,216,44,898,40,post_fragmentation,50,0.7,0.5,chessboard,606,2,2
183,2468,50,18,1,216,44,898,40,post_fragmentation,50,0.7,0.5,chessboard,609,1,2
183,2468,50,18,1,216,44,898,40,post_fragmentation,50,0.7,0.5,chessboard,610,2,2
183,2468,50,18,1,216,44,898,40,post_fragmentation,50,0.7,0.5,chessboard,625,2,2
183,2468,50,18,1,216,44,898,40,post_fragmentation,50,0.7,0.5,chessboard,632,3,2
183,2468,50,18,1,216,44,898,40,post_fragmentation,50,0.7,0.5,chessboard,674,1,2
183,2468,50,18,1,216,44,898,40,post_fragmentation,50,0.7,0.5,chessboard,686,1,2
183,2468,50,18,1,216,44,898,40,post_fragmentation,50,0.7,0.5,chessboard,705,1,2
184,2470,50,20,1,216,44,898,40,post_fragmentation,50,0.7,0.5,chessboard,523,1,2
184,2470,50,20,1,216,44,898,40,post_fragmentation,50,0.7,0.5,chessboard,578,1,2
184,2470,50,20,1,216,44,898,40,post_fragmentation,50,0.7,0.5,chessboard,589,1,2
184,2470,50,20,1,216,44,898,40,post_fragmentation,50,0.7,0.5,chessboard,625,1,2
184,2470,50,20,1,216,44,898,40,post_fragmentation,50,0.7,0.5,chessboard,637,1,2
184,2470,50,20,1,216,44,898,40,post_fragmentation,50,0.7,0.5,chessboard,643,3,2
184,2470,50,20,1,216,44,898,40,post_fragmentation,50,0.7,0.5,chessboard,646,2,2
184,2470,50,20,1,216,44,898,40,post_fragmentation,50,0.7,0.5,chessboard,661,1,2
184,2470,50,20,1,216,44,898,40,post_fragmentation,50,0.7,0.5,chessboard,674,3,2
184,2470,50,20,1,216,44,898,40,post_fragmentation,50,0.7,0.5,chessboard,686,3,2
184,2470,50,20,1,216,44,898,40,post_fragmentation,50,0.7,0.5,chessboard,701,1,2
184,2470,50,20,1,216,44,898,40,post_fragmentation,50,0.7,0.5,chessboard,702,1,2
184,2470,50,20,1,216,44,898,40,post_fragmentation,50,0.7,0.5,chessboard,705,2,2
184,2470,50,20,1,216,44,898,40,post_fragmentation,50,0.7,0.5,chessboard,712,1,2
184,2470,50,20,1,216,44,898,40,post_fragmentation,50,0.7,0.5,chessboard,720,2,2
184,2470,50,20,1,216,44,898,40,post_fragmentation,50,0.7,0.5,chessboard,772,2,2
184,2470,50,20,1,216,44,898,40,post_fragmentation,50,0.7,0.5,chessboard,794,1,2
184,2470,50,20,1,216,44,898,40,post_fragmentation,50,0.7,0.5,chessboard,797,2,2
184,2470,50,20,1,216,44,898,40,post_fragmentation,50,0.7,0.5,chessboard,800,1,2
184,2470,50,20,1,216,44,898,40,post_fragmentation,50,0.7,0.5,chessboard,815,2,2
184,2470,50,20,1,216,44,898,40,post_fragmentation,50,0.7,0.5,chessboard,829,2,2
185,2472,50,22,1,216,44,898,40,post_fragmentation,50,0.7,0.5,chessboard,625,1,2
185,2472,50,22,1,216,44,898,40,post_fragmentation,50,0.7,0.5,chessboard,627,1,2
185,2472,50,22,1,216,44,898,40,post_fragmentation,50,0.7,0.5,chessboard,647,1,2
185,2472,50,22,1,216,44,898,40,post_fragmentation,50,0.7,0.5,chessboard,671,1,2
185,2472,50,22,1,216,44,898,40,post_fragmentation,50,0.7,0.5,chessboard,684,1,2
185,2472,50,22,1,216,44,898,40,post_fragmentation,50,0.7,0.5,chessboard,688,1,2
185,2472,50,22,1,216,44,898,40,post_fragmentation,50,0.7,0.5,chessboard,696,1,2
185,2472,50,22,1,216,44,898,40,post_fragmentation,50,0.7,0.5,chessboard,701,2,2
185,2472,50,22,1,216,44,898,40,post_fragmentation,50,0.7,0.5,chessboard,702,2,2
185,2472,50,22,1,216,44,898,40,post_fragmentation,50,0.7,0.5,chessboard,705,2,2
185,2472,50,22,1,216,44,898,40,post_fragmentation,50,0.7,0.5,chessboard,712,3,2
185,2472,50,22,1,216,44,898,40,post_fragmentation,50,0.7,0.5,chessboard,724,5,2
185,2472,50,22,1,216,44,898,40,post_fragmentation,50,0.7,0.5,chessboard,740,1,2
185,2472,50,22,1,216,44,898,40,post_fragmentation,50,0.7,0.5,chessboard,785,1,2
185,2472,50,22,1,216,44,898,40,post_fragmentation,50,0.7,0.5,chessboard,786,1,2
185,2472,50,22,1,216,44,898,40,post_fragmentation,50,0.7,0.5,chessboard,790,2,2
185,2472,50,22,1,216,44,898,40,post_fragmentation,50,0.7,0.5,chessboard,794,3,2
185,2472,50,22,1,216,44,898,40,post_fragmentation,50,0.7,0.5,chessboard,797,1,2
185,2472,50,22,1,216,44,898,40,post_fragmentation,50,0.7,0.5,chessboard,811,2,2
185,2472,50,22,1,216,44,898,40,post_fragmentation,50,0.7,0.5,chessboard,815,2,2
185,2472,50,22,1,216,44,898,40,post_fragmentation,50,0.7,0.5,chessboard,853,1,2
186,2474,50,24,1,216,44,898,40,post_fragmentation,50,0.7,0.5,chessboard,617,1,2
186,2474,50,24,1,216,44,898,40,post_fragmentation,50,0.7,0.5,chessboard,623,1,2
186,2474,50,24,1,216,44,898,40,post_fragmentation,50,0.7,0.5,chessboard,632,1,2
186,2474,50,24,1,216,44,898,40,post_fragmentation,50,0.7,0.5,chessboard,643,1,2
186,2474,50,24,1,216,44,898,40,post_fragmentation,50,0.7,0.5,chessboard,671,1,2
186,2474,50,24,1,216,44,898,40,post_fragmentation,50,0.7,0.5,chessboard,672,2,2
186,2474,50,24,1,216,44,898,40,post_fragmentation,50,0.7,0.5,chessboard,674,1,2
186,2474,50,24,1,216,44,898,40,post_fragmentation,50,0.7,0.5,chessboard,688,2,2
186,2474,50,24,1,216,44,898,40,post_fragmentation,50,0.7,0.5,chessboard,701,1,2
186,2474,50,24,1,216,44,898,40,post_fragmentation,50,0.7,0.5,chessboard,705,3,2
186,2474,50,24,1,216,44,898,40,post_fragmentation,50,0.7,0.5,chessboard,712,3,2
186,2474,50,24,1,216,44,898,40,post_fragmentation,50,0.7,0.5,chessboard,724,2,2
186,2474,50,24,1,216,44,898,40,post_fragmentation,50,0.7,0.5,chessboard,730,2,2
186,2474,50,24,1,216,44,898,40,post_fragmentation,50,0.7,0.5,chessboard,736,1,2
186,2474,50,24,1,216,44,898,40,post_fragmentation,50,0.7,0.5,chessboard,762,1,2
186,2474,50,24,1,216,44,898,40,post_fragmentation,50,0.7,0.5,chessboard,772,1,2
186,2474,50,24,1,216,44,898,40,post_fragmentation,50,0.7,0.5,chessboard,773,1,2
186,2474,50,24,1,216,44,898,40,post_fragmentation,50,0.7,0.5,chessboard,782,3,2
186,2474,50,24,1,216,44,898,40,post_fragmentation,50,0.7,0.5,chessboard,783,1,2
186,2474,50,24,1,216,44,898,40,post_fragmentation,50,0.7,0.5,chessboard,785,2,2
186,2474,50,24,1,216,44,898,40,post_fragmentation,50,0.7,0.5,chessboard,788,1,2
186,2474,50,24,1,216,44,898,40,post_fragmentation,50,0.7,0.5,chessboard,797,1,2
186,2474,50,24,1,216,44,898,40,post_fragmentation,50,0.7,0.5,chessboard,807,1,2
186,2474,50,24,1,216,44,898,40,post_fragmentation,50,0.7,0.5,chessboard,815,2,2
186,2474,50,24,1,216,44,898,40,post_fragmentation,50,0.7,0.5,chessboard,821,2,2
186,2474,50,24,1,216,44,898,40,post_fragmentation,50,0.7,0.5,chessboard,835,2,2
186,2474,50,24,1,216,44,898,40,post_fragmentation,50,0.7,0.5,chessboard,840,1,2
186,2474,50,24,1,216,44,898,40,post_fragmentation,50,0.7,0.5,chessboard,844,1,2
186,2474,50,24,1,216,44,898,40,post_fragmentation,50,0.7,0.5,chessboard,866,1,2
186,2474,50,24,1,216,44,898,40,post_fragmentation,50,0.7,0.5,chessboard,878,2,2
187,2476,50,26,1,216,44,898,40,post_fragmentation,50,0.7,0.5,chessboard,588,1,2
187,2476,50,26,1,216,44,898,40,post_fragmentation,50,0.7,0.5,chessboard,606,1,2
187,2476,50,26,1,216,44,898,40,post_fragmentation,50,0.7,0.5,chessboard,610,2,2
187,2476,50,26,1,216,44,898,40,post_fragmentation,50,0.7,0.5,chessboard,611,1,2
187,2476,50,26,1,216,44,898,40,post_fragmentation,50,0.7,0.5,chessboard,617,4,2
187,2476,50,26,1,216,44,898,40,post_fragmentation,50,0.7,0.5,chessboard,618,2,2
187,2476,50,26,1,216,44,898,40,post_fragmentation,50,0.7,0.5,chessboard,619,1,2
187,2476,50,26,1,216,44,898,40,post_fragmentation,50,0.7,0.5,chessboard,622,2,2
187,2476,50,26,1,216,44,898,40,post_fragmentation,50,0.7,0.5,chessboard,629,1,2
187,2476,50,26,1,216,44,898,40,post_fragmentation,50,0.7,0.5,chessboard,631,1,2
187,2476,50,26,1,216,44,898,40,post_fragmentation,50,0.7,0.5,chessboard,632,1,2
187,2476,50,26,1,216,44,898,40,post_fragmentation,50,0.7,0.5,chessboard,644,1,2
187,2476,50,26,1,216,44,898,40,post_fragmentation,50,0.7,0.5,chessboard,647,1,2
187,2476,50,26,1,216,44,898,40,post_fragmentation,50,0.7,0.5,chessboard,648,1,2
187,2476,50,26,1,216,44,898,40,post_fragmentation,50,0.7,0.5,chessboard,672,1,2
187,2476,50,26,1,216,44,898,40,post_fragmentation,50,0.7,0.5,chessboard,674,3,2
187,2476,50,26,1,216,44,898,40,post_fragmentation,50,0.7,0.5,chessboard,676,3,2
187,2476,50,26,1,216,44,898,40,post_fragmentation,50,0.7,0.5,chessboard,686,1,2
187,2476,50,26,1,216,44,898,40,post_fragmentation,50,0.7,0.5,chessboard,688,1,2
187,2476,50,26,1,216,44,898,40,post_fragmentation,50,0.7,0.5,chessboard,689,1,2
187,2476,50,26,1,216,44,898,40,post_fragmentation,50,0.7,0.5,chessboard,701,1,2
187,2476,50,26,1,216,44,898,40,post_fragmentation,50,0.7,0.5,chessboard,705,4,2
187,2476,50,26,1,216,44,898,40,post_fragmentation,50,0.7,0.5,chessboard,712,3,2
187,2476,50,26,1,216,44,898,40,post_fragmentation,50,0.7,0.5,chessboard,762,1,2
187,2476,50,26,1,216,44,898,40,post_fragmentation,50,0.7,0.5,chessboard,765,1,2
187,2476,50,26,1,216,44,898,40,post_fragmentation,50,0.7,0.5,chessboard,801,1,2
188,2478,50,28,1,216,44,898,40,post_fragmentation,50,0.7,0.5,chessboard,419,1,2
188,2478,50,28,1,216,44,898,40,post_fragmentation,50,0.7,0.5,chessboard,504,1,2
188,2478,50,28,1,216,44,898,40,post_fragmentation,50,0.7,0.5,chessboard,542,2,2
188,2478,50,28,1,216,44,898,40,post_fragmentation,50,0.7,0.5,chessboard,547,1,2
188,2478,50,28,1,216,44,898,40,post_fragmentation,50,0.7,0.5,chessboard,577,1,2
188,2478,50,28,1,216,44,898,40,post_fragmentation,50,0.7,0.5,chessboard,584,1,2
188,2478,50,28,1,216,44,898,40,post_fragmentation,50,0.7,0.5,chessboard,599,1,2
188,2478,50,28,1,216,44,898,40,post_fragmentation,50,0.7,0.5,chessboard,606,1,2
188,2478,50,28,1,216,44,898,40,post_fragmentation,50,0.7,0.5,chessboard,610,4,2
188,2478,50,28,1,216,44,898,40,post_fragmentation,50,0.7,0.5,chessboard,611,2,2
188,2478,50,28,1,216,44,898,40,post_fragmentation,50,0.7,0.5,chessboard,616,3,2
188,2478,50,28,1,216,44,898,40,post_fragmentation,50,0.7,0.5,chessboard,617,3,2
188,2478,50,28,1,216,44,898,40,post_fragmentation,50,0.7,0.5,chessboard,618,1,2
188,2478,50,28,1,216,44,898,40,post_fragmentation,50,0.7,0.5,chessboard,619,5,2
188,2478,50,28,1,216,44,898,40,post_fragmentation,50,0.7,0.5,chessboard,623,1,2
188,2478,50,28,1,216,44,898,40,post_fragmentation,50,0.7,0.5,chessboard,624,1,2
188,2478,50,28,1,216,44,898,40,post_fragmentation,50,0.7,0.5,chessboard,625,1,2
188,2478,50,28,1,216,44,898,40,post_fragmentation,50,0.7,0.5,chessboard,631,2,2
188,2478,50,28,1,216,44,898,40,post_fragmentation,50,0.7,0.5,chessboard,632,1,2
188,2478,50,28,1,216,44,898,40,post_fragmentation,50,0.7,0.5,chessboard,635,1,2
188,2478,50,28,1,216,44,898,40,post_fragmentation,50,0.7,0.5,chessboard,647,1,2
188,2478,50,28,1,216,44,898,40,post_fragmentation,50,0.7,0.5,chessboard,653,1,2
188,2478,50,28,1,216,44,898,40,post_fragmentation,50,0.7,0.5,chessboard,671,1,2
188,2478,50,28,1,216,44,898,40,post_fragmentation,50,0.7,0.5,chessboard,684,1,2
188,2478,50,28,1,216,44,898,40,post_fragmentation,50,0.7,0.5,chessboard,688,1,2
188,2478,50,28,1,216,44,898,40,post_fragmentation,50,0.7,0.5,chessboard,702,1,2
189,2498,50,48,2,7,44,898,40,post_fragmentation,50,0.7,0.5,chessboard,29,2,2
189,2498,50,48,2,7,44,898,40,post_fragmentation,50,0.7,0.5,chessboard,47,1,2
189,2498,50,48,2,7,44,898,40,post_fragmentation,50,0.7,0.5,chessboard,49,1,2
189,2498,50,48,2,7,44,898,40,post_fragmentation,50,0.7,0.5,chessboard,69,1,2
189,2498,50,48,2,7,44,898,40,post_fragmentation,50,0.7,0.5,chessboard,79,1,2
189,2498,50,48,2,7,44,898,40,post_fragmentation,50,0.7,0.5,chessboard,81,1,2
189,2498,50,48,2,7,44,898,40,post_fragmentation,50,0.7,0.5,chessboard,85,1,2
189,2498,50,48,2,7,44,898,40,post_fragmentation,50,0.7,0.5,chessboard,92,2,2
189,2498,50,48,2,7,44,898,40,post_fragmentation,50,0.7,0.5,chessboard,95,1,2
189,2498,50,48,2,7,44,898,40,post_fragmentation,50,0.7,0.5,chessboard,97,1,2
189,2498,50,48,2,7,44,898,40,post_fragmentation,50,0.7,0.5,chessboard,99,1,2
189,2498,50,48,2,7,44,898,40,post_fragmentation,50,0.7,0.5,chessboard,100,2,2
189,2498,50,48,2,7,44,898,40,post_fragmentation,50,0.7,0.5,chessboard,103,2,2
189,2498,50,48,2,7,44,898,40,post_fragmentation,50,0.7,0.5,chessboard,104,1,2
189,2498,50,48,2,7,44,898,40,post_fragmentation,50,0.7,0.5,chessboard,108,1,2
189,2498,50,48,2,7,44,898,40,post_fragmentation,50,0.7,0.5,chessboard,112,1,2
189,2498,50,48,2,7,44,898,40,post_fragmentation,50,0.7,0.5,chessboard,120,1,2
189,2498,50,48,2,7,44,898,40,post_fragmentation,50,0.7,0.5,chessboard,125,3,2
189,2498,50,48,2,7,44,898,40,post_fragmentation,50,0.7,0.5,chessboard,126,1,2
189,2498,50,48,2,7,44,898,40,post_fragmentation,50,0.7,0.5,chessboard,132,2,2
189,2498,50,48,2,7,44,898,40,post_fragmentation,50,0.7,0.5,chessboard,144,2,2
189,2498,50,48,2,7,44,898,40,post_fragmentation,50,0.7,0.5,chessboard,147,1,2
189,2498,50,48,2,7,44,898,40,post_fragmentation,50,0.7,0.5,chessboard,153,1,2
189,2498,50,48,2,7,44,898,40,post_fragmentation,50,0.7,0.5,chessboard,154,2,2
189,2498,50,48,2,7,44,898,40,post_fragmentation,50,0.7,0.5,chessboard,159,1,2
189,2498,50,48,2,7,44,898,40,post_fragmentation,50,0.7,0.5,chessboard,165,1,2
189,2498,50,48,2,7,44,898,40,post_fragmentation,50,0.7,0.5,chessboard,173,1,2
189,2498,50,48,2,7,44,898,40,post_fragmentation,50,0.7,0.5,chessboard,207,1,2
189,2498,50,48,2,7,44,898,40,post_fragmentation,50,0.7,0.5,chessboard,217,1,2
189,2498,50,48,2,7,44,898,40,post_fragmentation,50,0.7,0.5,chessboard,220,1,2
189,2498,50,48,2,7,44,898,40,post_fragmentation,50,0.7,0.5,chessboard,241,1,2
1,3,1,3,1,216,44,898,100,final,50,0.7,0.5,chessboard,15,2,2
1,3,1,3,1,216,44,898,100,final,50,0.7,0.5,chessboard,29,1,2
1,3,1,3,1,216,44,898,100,final,50,0.7,0.5,chessboard,34,1,2
1,3,1,3,1,216,44,898,100,final,50,0.7,0.5,chessboard,40,5,2
1,3,1,3,1,216,44,898,100,final,50,0.7,0.5,chessboard,46,1,2
1,3,1,3,1,216,44,898,100,final,50,0.7,0.5,chessboard,47,1,2
1,3,1,3,1,216,44,898,100,final,50,0.7,0.5,chessboard,48,1,2
1,3,1,3,1,216,44,898,100,final,50,0.7,0.5,chessboard,56,4,2
1,3,1,3,1,216,44,898,100,final,50,0.7,0.5,chessboard,61,2,2
1,3,1,3,1,216,44,898,100,final,50,0.7,0.5,chessboard,63,1,2
1,3,1,3,1,216,44,898,100,final,50,0.7,0.5,chessboard,67,1,2
1,3,1,3,1,216,44,898,100,final,50,0.7,0.5,chessboard,73,1,2
1,3,1,3,1,216,44,898,100,final,50,0.7,0.5,chessboard,76,1,2
1,3,1,3,1,216,44,898,100,final,50,0.7,0.5,chessboard,81,1,2
1,3,1,3,1,216,44,898,100,final,50,0.7,0.5,chessboard,83,5,2
1,3,1,3,1,216,44,898,100,final,50,0.7,0.5,chessboard,85,1,2
1,3,1,3,1,216,44,898,100,final,50,0.7,0.5,chessboard,89,1,2
1,3,1,3,1,216,44,898,100,final,50,0.7,0.5,chessboard,95,2,2
1,3,1,3,1,216,44,898,100,final,50,0.7,0.5,chessboard,96,4,2
1,3,1,3,1,216,44,898,100,final,50,0.7,0.5,chessboard,97,2,2
1,3,1,3,1,216,44,898,100,final,50,0.7,0.5,chessboard,100,1,2
2,5,1,5,1,216,44,898,100,final,50,0.7,0.5,chessboard,7,1,2
2,5,1,5,1,216,44,898,100,final,50,0.7,0.5,chessboard,9,1,2
2,5,1,5,1,216,44,898,100,final,50,0.7,0.5,chessboard,15,1,2
2,5,1,5,1,216,44,898,100,final,50,0.7,0.5,chessboard,29,1,2
2,5,1,5,1,216,44,898,100,final,50,0.7,0.5,chessboard,40,5,2
2,5,1,5,1,216,44,898,100,final,50,0.7,0.5,chessboard,43,1,2
2,5,1,5,1,216,44,898,100,final,50,0.7,0.5,chessboard,44,2,2
2,5,1,5,1,216,44,898,100,final,50,0.7,0.5,chessboard,47,1,2
2,5,1,5,1,216,44,898,100,final,50,0.7,0.5,chessboard,56,4,2
2,5,1,5,1,216,44,898,100,final,50,0.7,0.5,chessboard,64,1,2
2,5,1,5,1,216,44,898,100,final,50,0.7,0.5,chessboard,67,1,2
2,5,1,5,1,216,44,898,100,final,50,0.7,0.5,chessboard,73,1,2
2,5,1,5,1,216,44,898,100,final,50,0.7,0.5,chessboard,76,1,2
2,5,1,5,1,216,44,898,100,final,50,0.7,0.5,chessboard,79,4,2
2,5,1,5,1,216,44,898,100,final,50,0.7,0.5,chessboard,81,1,2
2,5,1,5,1,216,44,898,100,final,50,0.7,0.5,chessboard,83,1,2
2,5,1,5,1,216,44,898,100,final,50,0.7,0.5,chessboard,90,1,2
2,5,1,5,1,216,44,898,100,final,50,0.7,0.5,chessboard,95,2,2
2,5,1,5,1,216,44,898,100,final,50,0.7,0.5,chessboard,96,1,2
3,15,1,15,1,216,44,898,100,final,50,0.7,0.5,chessboard,244,1,2
3,15,1,15,1,216,44,898,100,final,50,0.7,0.5,chessboard,263,1,2
3,15,1,15,1,216,44,898,100,final,50,0.7,0.5,chessboard,287,1,2
3,15,1,15,1,216,44,898,100,final,50,0.7,0.5,chessboard,297,2,2
3,15,1,15,1,216,44,898,100,final,50,0.7,0.5,chessboard,327,5,2
3,15,1,15,1,216,44,898,100,final,50,0.7,0.5,chessboard,353,3,2
3,15,1,15,1,216,44,898,100,final,50,0.7,0.5,chessboard,354,5,2
3,15,1,15,1,216,44,898,100,final,50,0.7,0.5,chessboard,355,1,2
3,15,1,15,1,216,44,898,100,final,50,0.7,0.5,chessboard,378,2,2
3,15,1,15,1,216,44,898,100,final,50,0.7,0.5,chessboard,382,5,2
3,15,1,15,1,216,44,898,100,final,50,0.7,0.5,chessboard,396,5,2
3,15,1,15,1,216,44,898,100,final,50,0.7,0.5,chessboard,402,4,2
3,15,1,15,1,216,44,898,100,final,50,0.7,0.5,chessboard,419,2,2
3,15,1,15,1,216,44,898,100,final,50,0.7,0.5,chessboard,517,1,2
4,17,1,17,1,216,44,898,100,final,50,0.7,0.5,chessboard,353,1,2
4,17,1,17,1,216,44,898,100,final,50,0.7,0.5,chessboard,402,5,2
4,17,1,17,1,216,44,898,100,final,50,0.7,0.5,chessboard,411,5,2
4,17,1,17,1,216,44,898,100,final,50,0.7,0.5,chessboard,419,3,2
4,17,1,17,1,216,44,898,100,final,50,0.7,0.5,chessboard,423,1,2
4,17,1,17,1,216,44,898,100,final,50,0.7,0.5,chessboard,436,1,2
4,17,1,17,1,216,44,898,100,final,50,0.7,0.5,chessboard,474,2,2
4,17,1,17,1,216,44,898,100,final,50,0.7,0.5,chessboard,524,1,2
4,17,1,17,1,216,44,898,100,final,50,0.7,0.5,chessboard,536,2,2
4,17,1,17,1,216,44,898,100,final,50,0.7,0.5,chessboard,537,2,2
4,17,1,17,1,216,44,898,100,final,50,0.7,0.5,chessboard,541,1,2
4,17,1,17,1,216,44,898,100,final,50,0.7,0.5,chessboard,549,1,2
4,17,1,17,1,216,44,898,100,final,50,0.7,0.5,chessboard,551,2,2
4,17,1,17,1,216,44,898,100,final,50,0.7,0.5,chessboard,565,2,2
4,17,1,17,1,216,44,898,100,final,50,0.7,0.5,chessboard,578,7,2
4,17,1,17,1,216,44,898,100,final,50,0.7,0.5,chessboard,591,2,2
4,17,1,17,1,216,44,898,100,final,50,0.7,0.5,chessboard,686,1,2
5,19,1,19,1,216,44,898,100,final,50,0.7,0.5,chessboard,423,1,2
5,19,1,19,1,216,44,898,100,final,50,0.7,0.5,chessboard,536,1,2
5,19,1,19,1,216,44,898,100,final,50,0.7,0.5,chessboard,537,2,2
5,19,1,19,1,216,44,898,100,final,50,0.7,0.5,chessboard,551,2,2
5,19,1,19,1,216,44,898,100,final,50,0.7,0.5,chessboard,565,5,2
5,19,1,19,1,216,44,898,100,final,50,0.7,0.5,chessboard,578,4,2
5,19,1,19,1,216,44,898,100,final,50,0.7,0.5,chessboard,591,3,2
5,19,1,19,1,216,44,898,100,final,50,0.7,0.5,chessboard,601,1,2
5,19,1,19,1,216,44,898,100,final,50,0.7,0.5,chessboard,603,2,2
5,19,1,19,1,216,44,898,100,final,50,0.7,0.5,chessboard,606,2,2
5,19,1,19,1,216,44,898,100,final,50,0.7,0.5,chessboard,615,2,2
5,19,1,19,1,216,44,898,100,final,50,0.7,0.5,chessboard,627,2,2
5,19,1,19,1,216,44,898,100,final,50,0.7,0.5,chessboard,637,1,2
5,19,1,19,1,216,44,898,100,final,50,0.7,0.5,chessboard,644,2,2
5,19,1,19,1,216,44,898,100,final,50,0.7,0.5,chessboard,655,1,2
5,19,1,19,1,216,44,898,100,final,50,0.7,0.5,chessboard,669,1,2
5,19,1,19,1,216,44,898,100,final,50,0.7,0.5,chessboard,685,1,2
5,19,1,19,1,216,44,898,100,final,50,0.7,0.5,chessboard,712,1,2
5,19,1,19,1,216,44,898,100,final,50,0.7,0.5,chessboard,773,1,2
5,19,1,19,1,216,44,898,100,final,50,0.7,0.5,chessboard,782,1,2
6,21,1,21,1,216,44,898,100,final,50,0.7,0.5,chessboard,578,1,2
6,21,1,21,1,216,44,898,100,final,50,0.7,0.5,chessboard,627,1,2
6,21,1,21,1,216,44,898,100,final,50,0.7,0.5,chessboard,632,1,2
6,21,1,21,1,216,44,898,100,final,50,0.7,0.5,chessboard,637,1,2
6,21,1,21,1,216,44,898,100,final,50,0.7,0.5,chessboard,641,1,2
6,21,1,21,1,216,44,898,100,final,50,0.7,0.5,chessboard,647,1,2
6,21,1,21,1,216,44,898,100,final,50,0.7,0.5,chessboard,671,1,2
6,21,1,21,1,216,44,898,100,final,50,0.7,0.5,chessboard,674,2,2
6,21,1,21,1,216,44,898,100,final,50,0.7,0.5,chessboard,676,1,2
6,21,1,21,1,216,44,898,100,final,50,0.7,0.5,chessboard,686,3,2
6,21,1,21,1,216,44,898,100,final,50,0.7,0.5,chessboard,698,1,2
6,21,1,21,1,216,44,898,100,final,50,0.7,0.5,chessboard,702,1,2
6,21,1,21,1,216,44,898,100,final,50,0.7,0.5,chessboard,705,1,2
6,21,1,21,1,216,44,898,100,final,50,0.7,0.5,chessboard,712,3,2
6,21,1,21,1,216,44,898,100,final,50,0.7,0.5,chessboard,724,5,2
6,21,1,21,1,216,44,898,100,final,50,0.7,0.5,chessboard,730,1,2
6,21,1,21,1,216,44,898,100,final,50,0.7,0.5,chessboard,740,3,2
6,21,1,21,1,216,44,898,100,final,50,0.7,0.5,chessboard,762,1,2
6,21,1,21,1,216,44,898,100,final,50,0.7,0.5,chessboard,794,2,2
7,23,1,23,1,216,44,898,100,final,50,0.7,0.5,chessboard,609,2,2
7,23,1,23,1,216,44,898,100,final,50,0.7,0.5,chessboard,625,1,2
7,23,1,23,1,216,44,898,100,final,50,0.7,0.5,chessboard,641,1,2
7,23,1,23,1,216,44,898,100,final,50,0.7,0.5,chessboard,643,1,2
7,23,1,23,1,216,44,898,100,final,50,0.7,0.5,chessboard,668,1,2
7,23,1,23,1,216,44,898,100,final,50,0.7,0.5,chessboard,672,1,2
7,23,1,23,1,216,44,898,100,final,50,0.7,0.5,chessboard,701,1,2
7,23,1,23,1,216,44,898,100,final,50,0.7,0.5,chessboard,702,2,2
7,23,1,23,1,216,44,898,100,final,50,0.7,0.5,chessboard,705,2,2
7,23,1,23,1,216,44,898,100,final,50,0.7,0.5,chessboard,712,4,2
7,23,1,23,1,216,44,898,100,final,50,0.7,0.5,chessboard,724,3,2
7,23,1,23,1,216,44,898,100,final,50,0.7,0.5,chessboard,740,4,2
7,23,1,23,1,216,44,898,100,final,50,0.7,0.5,chessboard,768,2,2
7,23,1,23,1,216,44,898,100,final,50,0.7,0.5,chessboard,784,1,2
7,23,1,23,1,216,44,898,100,final,50,0.7,0.5,chessboard,794,2,2
7,23,1,23,1,216,44,898,100,final,50,0.7,0.5,chessboard,805,2,2
7,23,1,23,1,216,44,898,100,final,50,0.7,0.5,chessboard,807,2,2
8,25,1,25,1,216,44,898,100,final,50,0.7,0.5,chessboard,599,1,2
8,25,1,25,1,216,44,898,100,final,50,0.7,0.5,chessboard,610,1,2
8,25,1,25,1,216,44,898,100,final,50,0.7,0.5,chessboard,616,1,2
8,25,1,25,1,216,44,898,100,final,50,0.7,0.5,chessboard,625,1,2
8,25,1,25,1,216,44,898,100,final,50,0.7,0.5,chessboard,632,1,2
8,25,1,25,1,216,44,898,100,final,50,0.7,0.5,chessboard,643,1,2
8,25,1,25,1,216,44,898,100,final,50,0.7,0.5,chessboard,644,1,2
8,25,1,25,1,216,44,898,100,final,50,0.7,0.5,chessboard,668,1,2
8,25,1,25,1,216,44,898,100,final,50,0.7,0.5,chessboard,670,1,2
8,25,1,25,1,216,44,898,100,final,50,0.7,0.5,chessboard,672,1,2
8,25,1,25,1,216,44,898,100,final,50,0.7,0.5,chessboard,674,5,2
8,25,1,25,1,216,44,898,100,final,50,0.7,0.5,chessboard,676,2,2
8,25,1,25,1,216,44,898,100,final,50,0.7,0.5,chessboard,702,2,2
8,25,1,25,1,216,44,898,100,final,50,0.7,0.5,chessboard,705,5,2
8,25,1,25,1,216,44,898,100,final,50,0.7,0.5,chessboard,712,2,2
8,25,1,25,1,216,44,898,100,final,50,0.7,0.5,chessboard,719,2,2
8,25,1,25,1,216,44,898,100,final,50,0.7,0.5,chessboard,730,2,2
8,25,1,25,1,216,44,898,100,final,50,0.7,0.5,chessboard,772,1,2
8,25,1,25,1,216,44,898,100,final,50,0.7,0.5,chessboard,782,3,2
8,25,1,25,1,216,44,898,100,final,50,0.7,0.5,chessboard,784,2,2
8,25,1,25,1,216,44,898,100,final,50,0.7,0.5,chessboard,794,3,2
8,25,1,25,1,216,44,898,100,final,50,0.7,0.5,chessboard,807,1,2
8,25,1,25,1,216,44,898,100,final,50,0.7,0.5,chessboard,808,1,2
8,25,1,25,1,216,44,898,100,final,50,0.7,0.5,chessboard,888,1,2
9,27,1,27,1,216,44,898,100,final,50,0.7,0.5,chessboard,506,1,2
9,27,1,27,1,216,44,898,100,final,50,0.7,0.5,chessboard,584,2,2
9,27,1,27,1,216,44,898,100,final,50,0.7,0.5,chessboard,587,1,2
9,27,1,27,1,216,44,898,100,final,50,0.7,0.5,chessboard,589,1,2
9,27,1,27,1,216,44,898,100,final,50,0.7,0.5,chessboard,599,1,2
9,27,1,27,1,216,44,898,100,final,50,0.7,0.5,chessboard,609,1,2
9,27,1,27,1,216,44,898,100,final,50,0.7,0.5,chessboard,610,2,2
9,27,1,27,1,216,44,898,100,final,50,0.7,0.5,chessboard,615,1,2
9,27,1,27,1,216,44,898,100,final,50,0.7,0.5,chessboard,625,2,2
9,27,1,27,1,216,44,898,100,final,50,0.7,0.5,chessboard,629,1,2
9,27,1,27,1,216,44,898,100,final,50,0.7,0.5,chessboard,632,4,2
9,27,1,27,1,216,44,898,100,final,50,0.7,0.5,chessboard,637,3,2
9,27,1,27,1,216,44,898,100,final,50,0.7,0.5,chessboard,643,4,2
9,27,1,27,1,216,44,898,100,final,50,0.7,0.5,chessboard,646,2,2
9,27,1,27,1,216,44,898,100,final,50,0.7,0.5,chessboard,672,1,2
9,27,1,27,1,216,44,898,100,final,50,0.7,0.5,chessboard,674,2,2
9,27,1,27,1,216,44,898,100,final,50,0.7,0.5,chessboard,682,1,2
9,27,1,27,1,216,44,898,100,final,50,0.7,0.5,chessboard,702,1,2
9,27,1,27,1,216,44,898,100,final,50,0.7,0.5,chessboard,705,1,2
9,27,1,27,1,216,44,898,100,final,50,0.7,0.5,chessboard,712,1,2
9,27,1,27,1,216,44,898,100,final,50,0.7,0.5,chessboard,720,1,2
9,27,1,27,1,216,44,898,100,final,50,0.7,0.5,chessboard,812,1,2
10,29,1,29,1,216,44,898,100,final,50,0.7,0.5,chessboard,529,2,2
10,29,1,29,1,216,44,898,100,final,50,0.7,0.5,chessboard,575,1,2
10,29,1,29,1,216,44,898,100,final,50,0.7,0.5,chessboard,584,3,2
10,29,1,29,1,216,44,898,100,final,50,0.7,0.5,chessboard,587,2,2
10,29,1,29,1,216,44,898,100,final,50,0.7,0.5,chessboard,594,1,2
10,29,1,29,1,216,44,898,100,final,50,0.7,0.5,chessboard,599,2,2
10,29,1,29,1,216,44,898,100,final,50,0.7,0.5,chessboard,600,1,2
10,29,1,29,1,216,44,898,100,final,50,0.7,0.5,chessboard,606,1,2
10,29,1,29,1,216,44,898,100,final,50,0.7,0.5,chessboard,609,2,2
10,29,1,29,1,216,44,898,100,final,50,0.7,0.5,chessboard,617,1,2
10,29,1,29,1,216,44,898,100,final,50,0.7,0.5,chessboard,618,7,2
10,29,1,29,1,216,44,898,100,final,50,0.7,0.5,chessboard,625,2,2
10,29,1,29,1,216,44,898,100,final,50,0.7,0.5,chessboard,629,1,2
10,29,1,29,1,216,44,898,100,final,50,0.7,0.5,chessboard,632,4,2
10,29,1,29,1,216,44,898,100,final,50,0.7,0.5,chessboard,643,2,2
11,31,1,31,1,216,44,898,100,final,50,0.7,0.5,chessboard,457,1,2
11,31,1,31,1,216,44,898,100,final,50,0.7,0.5,chessboard,493,1,2
11,31,1,31,1,216,44,898,100,final,50,0.7,0.5,chessboard,506,1,2
11,31,1,31,1,216,44,898,100,final,50,0.7,0.5,chessboard,524,1,2
11,31,1,31,1,216,44,898,100,final,50,0.7,0.5,chessboard,526,1,2
11,31,1,31,1,216,44,898,100,final,50,0.7,0.5,chessboard,546,1,2
11,31,1,31,1,216,44,898,100,final,50,0.7,0.5,chessboard,562,1,2
11,31,1,31,1,216,44,898,100,final,50,0.7,0.5,chessboard,583,1,2
11,31,1,31,1,216,44,898,100,final,50,0.7,0.5,chessboard,584,2,2
11,31,1,31,1,216,44,898,100,final,50,0.7,0.5,chessboard,587,1,2
11,31,1,31,1,216,44,898,100,final,50,0.7,0.5,chessboard,589,2,2
11,31,1,31,1,216,44,898,100,final,50,0.7,0.5,chessboard,599,1,2
11,31,1,31,1,216,44,898,100,final,50,0.7,0.5,chessboard,600,3,2
11,31,1,31,1,216,44,898,100,final,50,0.7,0.5,chessboard,609,1,2
11,31,1,31,1,216,44,898,100,final,50,0.7,0.5,chessboard,613,3,2
11,31,1,31,1,216,44,898,100,final,50,0.7,0.5,chessboard,617,1,2
11,31,1,31,1,216,44,898,100,final,50,0.7,0.5,chessboard,618,3,2
11,31,1,31,1,216,44,898,100,final,50,0.7,0.5,chessboard,631,1,2
11,31,1,31,1,216,44,898,100,final,50,0.7,0.5,chessboard,632,6,2
11,31,1,31,1,216,44,898,100,final,50,0.7,0.5,chessboard,633,1,2
11,31,1,31,1,216,44,898,100,final,50,0.7,0.5,chessboard,656,1,2
11,31,1,31,1,216,44,898,100,final,50,0.7,0.5,chessboard,672,1,2
11,31,1,31,1,216,44,898,100,final,50,0.7,0.5,chessboard,698,2,2
12,49,1,49,2,7,44,898,100,final,50,0.7,0.5,chessboard,15,2,2
12,49,1,49,2,7,44,898,100,final,50,0.7,0.5,chessboard,40,2,2
12,49,1,49,2,7,44,898,100,final,50,0.7,0.5,chessboard,43,2,2
12,49,1,49,2,7,44,898,100,final,50,0.7,0.5,chessboard,47,1,2
12,49,1,49,2,7,44,898,100,final,50,0.7,0.5,chessboard,61,2,2
12,49,1,49,2,7,44,898,100,final,50,0.7,0.5,chessboard,73,1,2
12,49,1,49,2,7,44,898,100,final,50,0.7,0.5,chessboard,79,1,2
12,49,1,49,2,7,44,898,100,final,50,0.7,0.5,chessboard,81,2,2
12,49,1,49,2,7,44,898,100,final,50,0.7,0.5,chessboard,83,1,2
12,49,1,49,2,7,44,898,100,final,50,0.7,0.5,chessboard,95,1,2
12,49,1,49,2,7,44,898,100,final,50,0.7,0.5,chessboard,97,7,2
12,49,1,49,2,7,44,898,100,final,50,0.7,0.5,chessboard,98,1,2
12,49,1,49,2,7,44,898,100,final,50,0.7,0.5,chessboard,100,7,2
12,49,1,49,2,7,44,898,100,final,50,0.7,0.5,chessboard,103,3,2
12,49,1,49,2,7,44,898,100,final,50,0.7,0.5,chessboard,104,3,2
12,49,1,49,2,7,44,898,100,final,50,0.7,0.5,chessboard,131,1,2
12,49,1,49,2,7,44,898,100,final,50,0.7,0.5,chessboard,154,1,2
13,64,2,14,1,216,44,898,100,final,50,0.7,0.5,chessboard,244,4,2
13,64,2,14,1,216,44,898,100,final,50,0.7,0.5,chessboard,251,1,2
13,64,2,14,1,216,44,898,100,final,50,0.7,0.5,chessboard,255,1,2
13,64,2,14,1,216,44,898,100,final,50,0.7,0.5,chessboard,263,1,2
13,64,2,14,1,216,44,898,100,final,50,0.7,0.5,chessboard,268,3,2
13,64,2,14,1,216,44,898,100,final,50,0.7,0.5,chessboard,287,2,2
13,64,2,14,1,216,44,898,100,final,50,0.7,0.5,chessboard,297,6,2
13,64,2,14,1,216,44,898,100,final,50,0.7,0.5,chessboard,315,3,2
13,64,2,14,1,216,44,898,100,final,50,0.7,0.5,chessboard,327,4,2
13,64,2,14,1,216,44,898,100,final,50,0.7,0.5,chessboard,351,2,2
13,64,2,14,1,216,44,898,100,final,50,0.7,0.5,chessboard,353,2,2
13,64,2,14,1,216,44,898,100,final,50,0.7,0.5,chessboard,354,4,2
13,64,2,14,1,216,44,898,100,final,50,0.7,0.5,chessboard,355,1,2
13,64,2,14,1,216,44,898,100,final,50,0.7,0.5,chessboard,359,2,2
13,64,2,14,1,216,44,898,100,final,50,0.7,0.5,chessboard,367,1,2
13,64,2,14,1,216,44,898,100,final,50,0.7,0.5,chessboard,402,1,2
13,64,2,14,1,216,44,898,100,final,50,0.7,0.5,chessboard,419,1,2
13,64,2,14,1,216,44,898,100,final,50,0.7,0.5,chessboard,578,1,2
14,66,2,16,1,216,44,898,100,final,50,0.7,0.5,chessboard,244,1,2
14,66,2,16,1,216,44,898,100,final,50,0.7,0.5,chessboard,315,2,2
14,66,2,16,1,216,44,898,100,final,50,0.7,0.5,chessboard,327,2,2
14,66,2,16,1,216,44,898,100,final,50,0.7,0.5,chessboard,353,1,2
14,66,2,16,1,216,44,898,100,final,50,0.7,0.5,chessboard,355,2,2
14,66,2,16,1,216,44,898,100,final,50,0.7,0.5,chessboard,367,1,2
14,66,2,16,1,216,44,898,100,final,50,0.7,0.5,chessboard,396,7,2
14,66,2,16,1,216,44,898,100,final,50,0.7,0.5,chessboard,402,4,2
14,66,2,16,1,216,44,898,100,final,50,0.7,0.5,chessboard,411,3,2
14,66,2,16,1,216,44,898,100,final,50,0.7,0.5,chessboard,419,1,2
14,66,2,16,1,216,44,898,100,final,50,0.7,0.5,chessboard,423,3,2
14,66,2,16,1,216,44,898,100,final,50,0.7,0.5,chessboard,456,1,2
14,66,2,16,1,216,44,898,100,final,50,0.7,0.5,chessboard,473,1,2
14,66,2,16,1,216,44,898,100,final,50,0.7,0.5,chessboard,474,1,2
14,66,2,16,1,216,44,898,100,final,50,0.7,0.5,chessboard,486,1,2
14,66,2,16,1,216,44,898,100,final,50,0.7,0.5,chessboard,526,2,2
15,68,2,18,1,216,44,898,100,final,50,0.7,0.5,chessboard,268,1,2
15,68,2,18,1,216,44,898,100,final,50,0.7,0.5,chessboard,353,1,2
15,68,2,18,1,216,44,898,100,final,50,0.7,0.5,chessboard,359,2,2
15,68,2,18,1,216,44,898,100,final,50,0.7,0.5,chessboard,419,2,2
15,68,2,18,1,216,44,898,100,final,50,0.7,0.5,chessboard,474,1,2
15,68,2,18,1,216,44,898,100,final,50,0.7,0.5,chessboard,523,1,2
15,68,2,18,1,216,44,898,100,final,50,0.7,0.5,chessboard,524,1,2
15,68,2,18,1,216,44,898,100,final,50,0.7,0.5,chessboard,525,1,2
15,68,2,18,1,216,44,898,100,final,50,0.7,0.5,chessboard,526,4,2
15,68,2,18,1,216,44,898,100,final,50,0.7,0.5,chessboard,535,1,2
15,68,2,18,1,216,44,898,100,final,50,0.7,0.5,chessboard,536,1,2
15,68,2,18,1,216,44,898,100,final,50,0.7,0.5,chessboard,537,1,2
15,68,2,18,1,216,44,898,100,final,50,0.7,0.5,chessboard,549,2,2
15,68,2,18,1,216,44,898,100,final,50,0.7,0.5,chessboard,551,4,2
15,68,2,18,1,216,44,898,100,final,50,0.7,0.5,chessboard,565,1,2
15,68,2,18,1,216,44,898,100,final,50,0.7,0.5,chessboard,578,7,2
15,68,2,18,1,216,44,898,100,final,50,0.7,0.5,chessboard,589,1,2
15,68,2,18,1,216,44,898,100,final,50,0.7,0.5,chessboard,591,2,2
15,68,2,18,1,216,44,898,100,final,50,0.7,0.5,chessboard,600,1,2
15,68,2,18,1,216,44,898,100,final,50,0.7,0.5,chessboard,603,1,2
15,68,2,18,1,216,44,898,100,final,50,0.7,0.5,chessboard,615,1,2
15,68,2,18,1,216,44,898,100,final,50,0.7,0.5,chessboard,625,1,2
15,68,2,18,1,216,44,898,100,final,50,0.7,0.5,chessboard,632,1,2
16,70,2,20,1,216,44,898,100,final,50,0.7,0.5,chessboard,452,1,2
16,70,2,20,1,216,44,898,100,final,50,0.7,0.5,chessboard,486,1,2
16,70,2,20,1,216,44,898,100,final,50,0.7,0.5,chessboard,501,1,2
16,70,2,20,1,216,44,898,100,final,50,0.7,0.5,chessboard,524,1,2
16,70,2,20,1,216,44,898,100,final,50,0.7,0.5,chessboard,526,2,2
16,70,2,20,1,216,44,898,100,final,50,0.7,0.5,chessboard,551,5,2
16,70,2,20,1,216,44,898,100,final,50,0.7,0.5,chessboard,578,6,2
16,70,2,20,1,216,44,898,100,final,50,0.7,0.5,chessboard,594,1,2
16,70,2,20,1,216,44,898,100,final,50,0.7,0.5,chessboard,600,2,2
16,70,2,20,1,216,44,898,100,final,50,0.7,0.5,chessboard,601,2,2
16,70,2,20,1,216,44,898,100,final,50,0.7,0.5,chessboard,606,1,2
16,70,2,20,1,216,44,898,100,final,50,0.7,0.5,chessboard,609,2,2
16,70,2,20,1,216,44,898,100,final,50,0.7,0.5,chessboard,615,3,2
16,70,2,20,1,216,44,898,100,final,50,0.7,0.5,chessboard,625,1,2
16,70,2,20,1,216,44,898,100,final,50,0.7,0.5,chessboard,627,2,2
16,70,2,20,1,216,44,898,100,final,50,0.7,0.5,chessboard,632,1,2
16,70,2,20,1,216,44,898,100,final,50,0.7,0.5,chessboard,643,1,2
16,70,2,20,1,216,44,898,100,final,50,0.7,0.5,chessboard,655,2,2
16,70,2,20,1,216,44,898,100,final,50,0.7,0.5,chessboard,671,1,2
16,70,2,20,1,216,44,898,100,final,50,0.7,0.5,chessboard,705,1,2
16,70,2,20,1,216,44,898,100,final,50,0.7,0.5,chessboard,712,1,2
16,70,2,20,1,216,44,898,100,final,50,0.7,0.5,chessboard,773,1,2
17,72,2,22,1,216,44,898,100,final,50,0.7,0.5,chessboard,551,2,2
17,72,2,22,1,216,44,898,100,final,50,0.7,0.5,chessboard,578,1,2
17,72,2,22,1,216,44,898,100,final,50,0.7,0.5,chessboard,587,1,2
17,72,2,22,1,216,44,898,100,final,50,0.7,0.5,chessboard,589,3,2
17,72,2,22,1,216,44,898,100,final,50,0.7,0.5,chessboard,600,2,2
17,72,2,22,1,216,44,898,100,final,50,0.7,0.5,chessboard,610,1,2
17,72,2,22,1,216,44,898,100,final,50,0.7,0.5,chessboard,625,1,2
17,72,2,22,1,216,44,898,100,final,50,0.7,0.5,chessboard,627,1,2
17,72,2,22,1,216,44,898,100,final,50,0.7,0.5,chessboard,637,1,2
17,72,2,22,1,216,44,898,100,final,50,0.7,0.5,chessboard,638,1,2
17,72,2,22,1,216,44,898,100,final,50,0.7,0.5,chessboard,643,4,2
17,72,2,22,1,216,44,898,100,final,50,0.7,0.5,chessboard,646,1,2
17,72,2,22,1,216,44,898,100,final,50,0.7,0.5,chessboard,653,2,2
17,72,2,22,1,216,44,898,100,final,50,0.7,0.5,chessboard,668,1,2
17,72,2,22,1,216,44,898,100,final,50,0.7,0.5,chessboard,669,1,2
17,72,2,22,1,216,44,898,100,final,50,0.7,0.5,chessboard,671,1,2
17,72,2,22,1,216,44,898,100,final,50,0.7,0.5,chessboard,676,3,2
17,72,2,22,1,216,44,898,100,final,50,0.7,0.5,chessboard,688,1,2
17,72,2,22,1,216,44,898,100,final,50,0.7,0.5,chessboard,701,2,2
17,72,2,22,1,216,44,898,100,final,50,0.7,0.5,chessboard,702,1,2
17,72,2,22,1,216,44,898,100,final,50,0.7,0.5,chessboard,712,2,2
17,72,2,22,1,216,44,898,100,final,50,0.7,0.5,chessboard,730,2,2
17,72,2,22,1,216,44,898,100,final,50,0.7,0.5,chessboard,773,1,2
17,72,2,22,1,216,44,898,100,final,50,0.7,0.5,chessboard,794,2,2
18,74,2,24,1,216,44,898,100,final,50,0.7,0.5,chessboard,635,1,2
18,74,2,24,1,216,44,898,100,final,50,0.7,0.5,chessboard,637,1,2
18,74,2,24,1,216,44,898,100,final,50,0.7,0.5,chessboard,655,3,2
18,74,2,24,1,216,44,898,100,final,50,0.7,0.5,chessboard,668,1,2
18,74,2,24,1,216,44,898,100,final,50,0.7,0.5,chessboard,685,1,2
18,74,2,24,1,216,44,898,100,final,50,0.7,0.5,chessboard,702,3,2
18,74,2,24,1,216,44,898,100,final,50,0.7,0.5,chessboard,705,1,2
18,74,2,24,1,216,44,898,100,final,50,0.7,0.5,chessboard,712,2,2
18,74,2,24,1,216,44,898,100,final,50,0.7,0.5,chessboard,719,2,2
18,74,2,24,1,216,44,898,100,final,50,0.7,0.5,chessboard,720,1,2
18,74,2,24,1,216,44,898,100,final,50,0.7,0.5,chessboard,724,1,2
18,74,2,24,1,216,44,898,100,final,50,0.7,0.5,chessboard,730,5,2
18,74,2,24,1,216,44,898,100,final,50,0.7,0.5,chessboard,762,1,2
18,74,2,24,1,216,44,898,100,final,50,0.7,0.5,chessboard,772,4,2
18,74,2,24,1,216,44,898,100,final,50,0.7,0.5,chessboard,784,2,2
18,74,2,24,1,216,44,898,100,final,50,0.7,0.5,chessboard,794,3,2
18,74,2,24,1,216,44,898,100,final,50,0.7,0.5,chessboard,797,4,2
18,74,2,24,1,216,44,898,100,final,50,0.7,0.5,chessboard,821,1,2
19,76,2,26,1,216,44,898,100,final,50,0.7,0.5,chessboard,578,1,2
19,76,2,26,1,216,44,898,100,final,50,0.7,0.5,chessboard,583,1,2
19,76,2,26,1,216,44,898,100,final,50,0.7,0.5,chessboard,606,1,2
19,76,2,26,1,216,44,898,100,final,50,0.7,0.5,chessboard,610,1,2
19,76,2,26,1,216,44,898,100,final,50,0.7,0.5,chessboard,618,1,2
19,76,2,26,1,216,44,898,100,final,50,0.7,0.5,chessboard,624,2,2
19,76,2,26,1,216,44,898,100,final,50,0.7,0.5,chessboard,627,1,2
19,76,2,26,1,216,44,898,100,final,50,0.7,0.5,chessboard,629,1,2
19,76,2,26,1,216,44,898,100,final,50,0.7,0.5,chessboard,632,1,2
19,76,2,26,1,216,44,898,100,final,50,0.7,0.5,chessboard,633,2,2
19,76,2,26,1,216,44,898,100,final,50,0.7,0.5,chessboard,637,1,2
19,76,2,26,1,216,44,898,100,final,50,0.7,0.5,chessboard,643,1,2
19,76,2,26,1,216,44,898,100,final,50,0.7,0.5,chessboard,670,5,2
19,76,2,26,1,216,44,898,100,final,50,0.7,0.5,chessboard,674,1,2
19,76,2,26,1,216,44,898,100,final,50,0.7,0.5,chessboard,676,3,2
19,76,2,26,1,216,44,898,100,final,50,0.7,0.5,chessboard,688,2,2
19,76,2,26,1,216,44,898,100,final,50,0.7,0.5,chessboard,689,1,2
19,76,2,26,1,216,44,898,100,final,50,0.7,0.5,chessboard,701,1,2
19,76,2,26,1,216,44,898,100,final,50,0.7,0.5,chessboard,702,2,2
19,76,2,26,1,216,44,898,100,final,50,0.7,0.5,chessboard,705,3,2
19,76,2,26,1,216,44,898,100,final,50,0.7,0.5,chessboard,719,1,2
19,76,2,26,1,216,44,898,100,final,50,0.7,0.5,chessboard,720,1,2
19,76,2,26,1,216,44,898,100,final,50,0.7,0.5,chessboard,724,1,2
19,76,2,26,1,216,44,898,100,final,50,0.7,0.5,chessboard,730,1,2
19,76,2,26,1,216,44,898,100,final,50,0.7,0.5,chessboard,741,1,2
20,78,2,28,1,216,44,898,100,final,50,0.7,0.5,chessboard,542,1,2
20,78,2,28,1,216,44,898,100,final,50,0.7,0.5,chessboard,583,1,2
20,78,2,28,1,216,44,898,100,final,50,0.7,0.5,chessboard,584,2,2
20,78,2,28,1,216,44,898,100,final,50,0.7,0.5,chessboard,587,2,2
20,78,2,28,1,216,44,898,100,final,50,0.7,0.5,chessboard,594,1,2
20,78,2,28,1,216,44,898,100,final,50,0.7,0.5,chessboard,599,2,2
20,78,2,28,1,216,44,898,100,final,50,0.7,0.5,chessboard,600,3,2
20,78,2,28,1,216,44,898,100,final,50,0.7,0.5,chessboard,606,1,2
20,78,2,28,1,216,44,898,100,final,50,0.7,0.5,chessboard,610,1,2
20,78,2,28,1,216,44,898,100,final,50,0.7,0.5,chessboard,618,3,2
20,78,2,28,1,216,44,898,100,final,50,0.7,0.5,chessboard,619,1,2
20,78,2,28,1,216,44,898,100,final,50,0.7,0.5,chessboard,624,1,2
20,78,2,28,1,216,44,898,100,final,50,0.7,0.5,chessboard,625,2,2
20,78,2,28,1,216,44,898,100,final,50,0.7,0.5,chessboard,629,1,2
20,78,2,28,1,216,44,898,100,final,50,0.7,0.5,chessboard,631,2,2
20,78,2,28,1,216,44,898,100,final,50,0.7,0.5,chessboard,632,4,2
20,78,2,28,1,216,44,898,100,final,50,0.7,0.5,chessboard,633,1,2
20,78,2,28,1,216,44,898,100,final,50,0.7,0.5,chessboard,637,1,2
20,78,2,28,1,216,44,898,100,final,50,0.7,0.5,chessboard,643,1,2
20,78,2,28,1,216,44,898,100,final,50,0.7,0.5,chessboard,644,1,2
20,78,2,28,1,216,44,898,100,final,50,0.7,0.5,chessboard,650,1,2
20,78,2,28,1,216,44,898,100,final,50,0.7,0.5,chessboard,656,1,2
20,78,2,28,1,216,44,898,100,final,50,0.7,0.5,chessboard,670,1,2
20,78,2,28,1,216,44,898,100,final,50,0.7,0.5,chessboard,705,2,2
21,80,2,30,1,216,44,898,100,final,50,0.7,0.5,chessboard,524,1,2
21,80,2,30,1,216,44,898,100,final,50,0.7,0.5,chessboard,538,1,2
21,80,2,30,1,216,44,898,100,final,50,0.7,0.5,chessboard,575,1,2
21,80,2,30,1,216,44,898,100,final,50,0.7,0.5,chessboard,584,1,2
21,80,2,30,1,216,44,898,100,final,50,0.7,0.5,chessboard,587,1,2
21,80,2,30,1,216,44,898,100,final,50,0.7,0.5,chessboard,589,5,2
21,80,2,30,1,216,44,898,100,final,50,0.7,0.5,chessboard,594,5,2
21,80,2,30,1,216,44,898,100,final,50,0.7,0.5,chessboard,597,1,2
21,80,2,30,1,216,44,898,100,final,50,0.7,0.5,chessboard,609,2,2
21,80,2,30,1,216,44,898,100,final,50,0.7,0.5,chessboard,610,1,2
21,80,2,30,1,216,44,898,100,final,50,0.7,0.5,chessboard,617,2,2
21,80,2,30,1,216,44,898,100,final,50,0.7,0.5,chessboard,618,7,2
21,80,2,30,1,216,44,898,100,final,50,0.7,0.5,chessboard,625,3,2
21,80,2,30,1,216,44,898,100,final,50,0.7,0.5,chessboard,632,5,2
21,80,2,30,1,216,44,898,100,final,50,0.7,0.5,chessboard,637,1,2
21,80,2,30,1,216,44,898,100,final,50,0.7,0.5,chessboard,670,2,2
21,80,2,30,1,216,44,898,100,final,50,0.7,0.5,chessboard,712,1,2
21,80,2,30,1,216,44,898,100,final,50,0.7,0.5,chessboard,768,1,2
22,82,2,32,1,216,44,898,100,final,50,0.7,0.5,chessboard,493,1,2
22,82,2,32,1,216,44,898,100,final,50,0.7,0.5,chessboard,526,1,2
22,82,2,32,1,216,44,898,100,final,50,0.7,0.5,chessboard,538,2,2
22,82,2,32,1,216,44,898,100,final,50,0.7,0.5,chessboard,546,1,2
22,82,2,32,1,216,44,898,100,final,50,0.7,0.5,chessboard,584,5,2
22,82,2,32,1,216,44,898,100,final,50,0.7,0.5,chessboard,587,2,2
22,82,2,32,1,216,44,898,100,final,50,0.7,0.5,chessboard,594,1,2
22,82,2,32,1,216,44,898,100,final,50,0.7,0.5,chessboard,599,2,2
22,82,2,32,1,216,44,898,100,final,50,0.7,0.5,chessboard,600,2,2
22,82,2,32,1,216,44,898,100,final,50,0.7,0.5,chessboard,606,1,2
22,82,2,32,1,216,44,898,100,final,50,0.7,0.5,chessboard,609,1,2
22,82,2,32,1,216,44,898,100,final,50,0.7,0.5,chessboard,610,1,2
22,82,2,32,1,216,44,898,100,final,50,0.7,0.5,chessboard,617,3,2
22,82,2,32,1,216,44,898,100,final,50,0.7,0.5,chessboard,618,4,2
22,82,2,32,1,216,44,898,100,final,50,0.7,0.5,chessboard,624,4,2
22,82,2,32,1,216,44,898,100,final,50,0.7,0.5,chessboard,625,1,2
22,82,2,32,1,216,44,898,100,final,50,0.7,0.5,chessboard,629,1,2
22,82,2,32,1,216,44,898,100,final,50,0.7,0.5,chessboard,632,3,2
22,82,2,32,1,216,44,898,100,final,50,0.7,0.5,chessboard,633,1,2
22,82,2,32,1,216,44,898,100,final,50,0.7,0.5,chessboard,643,1,2
22,82,2,32,1,216,44,898,100,final,50,0.7,0.5,chessboard,650,1,2
22,82,2,32,1,216,44,898,100,final,50,0.7,0.5,chessboard,676,1,2
23,109,3,9,3,4,44,898,100,final,50,0.7,0.5,chessboard,47,2,2
23,109,3,9,3,4,44,898,100,final,50,0.7,0.5,chessboard,70,1,2
23,109,3,9,3,4,44,898,100,final,50,0.7,0.5,chessboard,83,3,2
23,109,3,9,3,4,44,898,100,final,50,0.7,0.5,chessboard,97,1,2
24,113,3,13,1,216,44,898,100,final,50,0.7,0.5,chessboard,182,2,2
24,113,3,13,1,216,44,898,100,final,50,0.7,0.5,chessboard,198,1,2
24,113,3,13,1,216,44,898,100,final,50,0.7,0.5,chessboard,244,5,2
24,113,3,13,1,216,44,898,100,final,50,0.7,0.5,chessboard,255,5,2
24,113,3,13,1,216,44,898,100,final,50,0.7,0.5,chessboard,263,1,2
24,113,3,13,1,216,44,898,100,final,50,0.7,0.5,chessboard,268,3,2
24,113,3,13,1,216,44,898,100,final,50,0.7,0.5,chessboard,285,2,2
24,113,3,13,1,216,44,898,100,final,50,0.7,0.5,chessboard,287,4,2
24,113,3,13,1,216,44,898,100,final,50,0.7,0.5,chessboard,297,1,2
24,113,3,13,1,216,44,898,100,final,50,0.7,0.5,chessboard,327,5,2
24,113,3,13,1,216,44,898,100,final,50,0.7,0.5,chessboard,328,1,2
24,113,3,13,1,216,44,898,100,final,50,0.7,0.5,chessboard,353,2,2
24,113,3,13,1,216,44,898,100,final,50,0.7,0.5,chessboard,359,1,2
24,113,3,13,1,216,44,898,100,final,50,0.7,0.5,chessboard,367,2,2
25,115,3,15,1,216,44,898,100,final,50,0.7,0.5,chessboard,244,1,2
25,115,3,15,1,216,44,898,100,final,50,0.7,0.5,chessboard,255,1,2
25,115,3,15,1,216,44,898,100,final,50,0.7,0.5,chessboard,263,2,2
25,115,3,15,1,216,44,898,100,final,50,0.7,0.5,chessboard,268,1,2
25,115,3,15,1,216,44,898,100,final,50,0.7,0.5,chessboard,287,2,2
25,115,3,15,1,216,44,898,100,final,50,0.7,0.5,chessboard,297,2,2
25,115,3,15,1,216,44,898,100,final,50,0.7,0.5,chessboard,315,3,2
25,115,3,15,1,216,44,898,100,final,50,0.7,0.5,chessboard,327,1,2
25,115,3,15,1,216,44,898,100,final,50,0.7,0.5,chessboard,351,1,2
25,115,3,15,1,216,44,898,100,final,50,0.7,0.5,chessboard,353,4,2
25,115,3,15,1,216,44,898,100,final,50,0.7,0.5,chessboard,354,3,2
25,115,3,15,1,216,44,898,100,final,50,0.7,0.5,chessboard,359,6,2
25,115,3,15,1,216,44,898,100,final,50,0.7,0.5,chessboard,367,2,2
25,115,3,15,1,216,44,898,100,final,50,0.7,0.5,chessboard,382,4,2
25,115,3,15,1,216,44,898,100,final,50,0.7,0.5,chessboard,402,3,2
25,115,3,15,1,216,44,898,100,final,50,0.7,0.5,chessboard,411,2,2
25,115,3,15,1,216,44,898,100,final,50,0.7,0.5,chessboard,419,2,2
25,115,3,15,1,216,44,898,100,final,50,0.7,0.5,chessboard,473,1,2
26,119,3,19,1,216,44,898,100,final,50,0.7,0.5,chessboard,486,1,2
26,119,3,19,1,216,44,898,100,final,50,0.7,0.5,chessboard,501,2,2
26,119,3,19,1,216,44,898,100,final,50,0.7,0.5,chessboard,517,1,2
26,119,3,19,1,216,44,898,100,final,50,0.7,0.5,chessboard,523,1,2
26,119,3,19,1,216,44,898,100,final,50,0.7,0.5,chessboard,526,1,2
26,119,3,19,1,216,44,898,100,final,50,0.7,0.5,chessboard,536,1,2
26,119,3,19,1,216,44,898,100,final,50,0.7,0.5,chessboard,549,1,2
26,119,3,19,1,216,44,898,100,final,50,0.7,0.5,chessboard,551,7,2
26,119,3,19,1,216,44,898,100,final,50,0.7,0.5,chessboard,565,3,2
26,119,3,19,1,216,44,898,100,final,50,0.7,0.5,chessboard,578,5,2
26,119,3,19,1,216,44,898,100,final,50,0.7,0.5,chessboard,589,1,2
26,119,3,19,1,216,44,898,100,final,50,0.7,0.5,chessboard,599,1,2
26,119,3,19,1,216,44,898,100,final,50,0.7,0.5,chessboard,600,3,2
26,119,3,19,1,216,44,898,100,final,50,0.7,0.5,chessboard,610,1,2
26,119,3,19,1,216,44,898,100,final,50,0.7,0.5,chessboard,625,1,2
26,119,3,19,1,216,44,898,100,final,50,0.7,0.5,chessboard,632,2,2
26,119,3,19,1,216,44,898,100,final,50,0.7,0.5,chessboard,641,1,2
26,119,3,19,1,216,44,898,100,final,50,0.7,0.5,chessboard,645,1,2
26,119,3,19,1,216,44,898,100,final,50,0.7,0.5,chessboard,655,1,2
26,119,3,19,1,216,44,898,100,final,50,0.7,0.5,chessboard,706,1,2
27,121,3,21,1,216,44,898,100,final,50,0.7,0.5,chessboard,526,1,2
27,121,3,21,1,216,44,898,100,final,50,0.7,0.5,chessboard,551,2,2
27,121,3,21,1,216,44,898,100,final,50,0.7,0.5,chessboard,565,1,2
27,121,3,21,1,216,44,898,100,final,50,0.7,0.5,chessboard,578,3,2
27,121,3,21,1,216,44,898,100,final,50,0.7,0.5,chessboard,589,1,2
27,121,3,21,1,216,44,898,100,final,50,0.7,0.5,chessboard,599,4,2
27,121,3,21,1,216,44,898,100,final,50,0.7,0.5,chessboard,600,2,2
27,121,3,21,1,216,44,898,100,final,50,0.7,0.5,chessboard,601,1,2
27,121,3,21,1,216,44,898,100,final,50,0.7,0.5,chessboard,603,1,2
27,121,3,21,1,216,44,898,100,final,50,0.7,0.5,chessboard,606,2,2
27,121,3,21,1,216,44,898,100,final,50,0.7,0.5,chessboard,609,2,2
27,121,3,21,1,216,44,898,100,final,50,0.7,0.5,chessboard,618,1,2
27,121,3,21,1,216,44,898,100,final,50,0.7,0.5,chessboard,625,2,2
27,121,3,21,1,216,44,898,100,final,50,0.7,0.5,chessboard,627,2,2
27,121,3,21,1,216,44,898,100,final,50,0.7,0.5,chessboard,632,2,2
27,121,3,21,1,216,44,898,100,final,50,0.7,0.5,chessboard,644,1,2
27,121,3,21,1,216,44,898,100,final,50,0.7,0.5,chessboard,653,1,2
27,121,3,21,1,216,44,898,100,final,50,0.7,0.5,chessboard,674,1,2
27,121,3,21,1,216,44,898,100,final,50,0.7,0.5,chessboard,684,1,2
27,121,3,21,1,216,44,898,100,final,50,0.7,0.5,chessboard,686,1,2
27,121,3,21,1,216,44,898,100,final,50,0.7,0.5,chessboard,688,1,2
27,121,3,21,1,216,44,898,100,final,50,0.7,0.5,chessboard,705,1,2
27,121,3,21,1,216,44,898,100,final,50,0.7,0.5,chessboard,772,1,2
28,123,3,23,1,216,44,898,100,final,50,0.7,0.5,chessboard,578,1,2
28,123,3,23,1,216,44,898,100,final,50,0.7,0.5,chessboard,589,1,2
28,123,3,23,1,216,44,898,100,final,50,0.7,0.5,chessboard,600,1,2
28,123,3,23,1,216,44,898,100,final,50,0.7,0.5,chessboard,603,1,2
28,123,3,23,1,216,44,898,100,final,50,0.7,0.5,chessboard,606,1,2
28,123,3,23,1,216,44,898,100,final,50,0.7,0.5,chessboard,609,1,2
28,123,3,23,1,216,44,898,100,final,50,0.7,0.5,chessboard,610,1,2
28,123,3,23,1,216,44,898,100,final,50,0.7,0.5,chessboard,625,2,2
28,123,3,23,1,216,44,898,100,final,50,0.7,0.5,chessboard,632,1,2
28,123,3,23,1,216,44,898,100,final,50,0.7,0.5,chessboard,643,1,2
28,123,3,23,1,216,44,898,100,final,50,0.7,0.5,chessboard,646,1,2
28,123,3,23,1,216,44,898,100,final,50,0.7,0.5,chessboard,670,2,2
28,123,3,23,1,216,44,898,100,final,50,0.7,0.5,chessboard,672,2,2
28,123,3,23,1,216,44,898,100,final,50,0.7,0.5,chessboard,674,1,2
28,123,3,23,1,216,44,898,100,final,50,0.7,0.5,chessboard,686,4,2
28,123,3,23,1,216,44,898,100,final,50,0.7,0.5,chessboard,701,1,2
28,123,3,23,1,216,44,898,100,final,50,0.7,0.5,chessboard,705,7,2
28,123,3,23,1,216,44,898,100,final,50,0.7,0.5,chessboard,719,1,2
28,123,3,23,1,216,44,898,100,final,50,0.7,0.5,chessboard,720,1,2
28,123,3,23,1,216,44,898,100,final,50,0.7,0.5,chessboard,724,2,2
28,123,3,23,1,216,44,898,100,final,50,0.7,0.5,chessboard,768,1,2
28,123,3,23,1,216,44,898,100,final,50,0.7,0.5,chessboard,773,2,2
28,123,3,23,1,216,44,898,100,final,50,0.7,0.5,chessboard,782,1,2
28,123,3,23,1,216,44,898,100,final,50,0.7,0.5,chessboard,794,1,2
29,125,3,25,1,216,44,898,100,final,50,0.7,0.5,chessboard,578,1,2
29,125,3,25,1,216,44,898,100,final,50,0.7,0.5,chessboard,599,1,2
29,125,3,25,1,216,44,898,100,final,50,0.7,0.5,chessboard,603,1,2
29,125,3,25,1,216,44,898,100,final,50,0.7,0.5,chessboard,617,1,2
29,125,3,25,1,216,44,898,100,final,50,0.7,0.5,chessboard,625,3,2
29,125,3,25,1,216,44,898,100,final,50,0.7,0.5,chessboard,629,1,2
29,125,3,25,1,216,44,898,100,final,50,0.7,0.5,chessboard,632,5,2
29,125,3,25,1,216,44,898,100,final,50,0.7,0.5,chessboard,646,1,2
29,125,3,25,1,216,44,898,100,final,50,0.7,0.5,chessboard,647,1,2
29,125,3,25,1,216,44,898,100,final,50,0.7,0.5,chessboard,656,2,2
29,125,3,25,1,216,44,898,100,final,50,0.7,0.5,chessboard,668,1,2
29,125,3,25,1,216,44,898,100,final,50,0.7,0.5,chessboard,670,2,2
29,125,3,25,1,216,44,898,100,final,50,0.7,0.5,chessboard,686,2,2
29,125,3,25,1,216,44,898,100,final,50,0.7,0.5,chessboard,688,1,2
29,125,3,25,1,216,44,898,100,final,50,0.7,0.5,chessboard,701,2,2
29,125,3,25,1,216,44,898,100,final,50,0.7,0.5,chessboard,705,3,2
29,125,3,25,1,216,44,898,100,final,50,0.7,0.5,chessboard,712,2,2
29,125,3,25,1,216,44,898,100,final,50,0.7,0.5,chessboard,724,1,2
29,125,3,25,1,216,44,898,100,final,50,0.7,0.5,chessboard,730,1,2
29,125,3,25,1,216,44,898,100,final,50,0.7,0.5,chessboard,762,1,2
29,125,3,25,1,216,44,898,100,final,50,0.7,0.5,chessboard,768,1,2
29,125,3,25,1,216,44,898,100,final,50,0.7,0.5,chessboard,772,1,2
29,125,3,25,1,216,44,898,100,final,50,0.7,0.5,chessboard,773,1,2
29,125,3,25,1,216,44,898,100,final,50,0.7,0.5,chessboard,784,1,2
29,125,3,25,1,216,44,898,100,final,50,0.7,0.5,chessboard,794,1,2
30,127,3,27,1,216,44,898,100,final,50,0.7,0.5,chessboard,584,1,2
30,127,3,27,1,216,44,898,100,final,50,0.7,0.5,chessboard,587,2,2
30,127,3,27,1,216,44,898,100,final,50,0.7,0.5,chessboard,597,1,2
30,127,3,27,1,216,44,898,100,final,50,0.7,0.5,chessboard,599,1,2
30,127,3,27,1,216,44,898,100,final,50,0.7,0.5,chessboard,600,3,2
30,127,3,27,1,216,44,898,100,final,50,0.7,0.5,chessboard,606,2,2
30,127,3,27,1,216,44,898,100,final,50,0.7,0.5,chessboard,609,1,2
30,127,3,27,1,216,44,898,100,final,50,0.7,0.5,chessboard,610,1,2
30,127,3,27,1,216,44,898,100,final,50,0.7,0.5,chessboard,613,1,2
30,127,3,27,1,216,44,898,100,final,50,0.7,0.5,chessboard,618,2,2
30,127,3,27,1,216,44,898,100,final,50,0.7,0.5,chessboard,619,3,2
30,127,3,27,1,216,44,898,100,final,50,0.7,0.5,chessboard,625,1,2
30,127,3,27,1,216,44,898,100,final,50,0.7,0.5,chessboard,632,2,2
30,127,3,27,1,216,44,898,100,final,50,0.7,0.5,chessboard,635,1,2
30,127,3,27,1,216,44,898,100,final,50,0.7,0.5,chessboard,637,1,2
30,127,3,27,1,216,44,898,100,final,50,0.7,0.5,chessboard,643,2,2
30,127,3,27,1,216,44,898,100,final,50,0.7,0.5,chessboard,646,1,2
30,127,3,27,1,216,44,898,100,final,50,0.7,0.5,chessboard,648,1,2
30,127,3,27,1,216,44,898,100,final,50,0.7,0.5,chessboard,655,3,2
30,127,3,27,1,216,44,898,100,final,50,0.7,0.5,chessboard,668,1,2
30,127,3,27,1,216,44,898,100,final,50,0.7,0.5,chessboard,676,2,2
30,127,3,27,1,216,44,898,100,final,50,0.7,0.5,chessboard,684,2,2
30,127,3,27,1,216,44,898,100,final,50,0.7,0.5,chessboard,712,2,2
30,127,3,27,1,216,44,898,100,final,50,0.7,0.5,chessboard,730,1,2
30,127,3,27,1,216,44,898,100,final,50,0.7,0.5,chessboard,740,1,2
31,129,3,29,1,216,44,898,100,final,50,0.7,0.5,chessboard,506,1,2
31,129,3,29,1,216,44,898,100,final,50,0.7,0.5,chessboard,575,1,2
31,129,3,29,1,216,44,898,100,final,50,0.7,0.5,chessboard,584,1,2
31,129,3,29,1,216,44,898,100,final,50,0.7,0.5,chessboard,587,3,2
31,129,3,29,1,216,44,898,100,final,50,0.7,0.5,chessboard,599,2,2
31,129,3,29,1,216,44,898,100,final,50,0.7,0.5,chessboard,600,1,2
31,129,3,29,1,216,44,898,100,final,50,0.7,0.5,chessboard,603,4,2
31,129,3,29,1,216,44,898,100,final,50,0.7,0.5,chessboard,610,1,2
31,129,3,29,1,216,44,898,100,final,50,0.7,0.5,chessboard,617,1,2
31,129,3,29,1,216,44,898,100,final,50,0.7,0.5,chessboard,618,5,2
31,129,3,29,1,216,44,898,100,final,50,0.7,0.5,chessboard,624,1,2
31,129,3,29,1,216,44,898,100,final,50,0.7,0.5,chessboard,625,2,2
31,129,3,29,1,216,44,898,100,final,50,0.7,0.5,chessboard,629,3,2
31,129,3,29,1,216,44,898,100,final,50,0.7,0.5,chessboard,632,5,2
31,129,3,29,1,216,44,898,100,final,50,0.7,0.5,chessboard,643,2,2
31,129,3,29,1,216,44,898,100,final,50,0.7,0.5,chessboard,656,2,2
31,129,3,29,1,216,44,898,100,final,50,0.7,0.5,chessboard,669,1,2
31,129,3,29,1,216,44,898,100,final,50,0.7,0.5,chessboard,676,1,2
31,129,3,29,1,216,44,898,100,final,50,0.7,0.5,chessboard,740,1,2
32,131,3,31,1,216,44,898,100,final,50,0.7,0.5,chessboard,524,1,2
32,131,3,31,1,216,44,898,100,final,50,0.7,0.5,chessboard,584,8,2
32,131,3,31,1,216,44,898,100,final,50,0.7,0.5,chessboard,589,1,2
32,131,3,31,1,216,44,898,100,final,50,0.7,0.5,chessboard,594,3,2
32,131,3,31,1,216,44,898,100,final,50,0.7,0.5,chessboard,599,1,2
32,131,3,31,1,216,44,898,100,final,50,0.7,0.5,chessboard,600,1,2
32,131,3,31,1,216,44,898,100,final,50,0.7,0.5,chessboard,606,2,2
32,131,3,31,1,216,44,898,100,final,50,0.7,0.5,chessboard,609,1,2
32,131,3,31,1,216,44,898,100,final,50,0.7,0.5,chessboard,613,1,2
32,131,3,31,1,216,44,898,100,final,50,0.7,0.5,chessboard,617,1,2
32,131,3,31,1,216,44,898,100,final,50,0.7,0.5,chessboard,618,1,2
32,131,3,31,1,216,44,898,100,final,50,0.7,0.5,chessboard,623,3,2
32,131,3,31,1,216,44,898,100,final,50,0.7,0.5,chessboard,625,1,2
32,131,3,31,1,216,44,898,100,final,50,0.7,0.5,chessboard,632,6,2
32,131,3,31,1,216,44,898,100,final,50,0.7,0.5,chessboard,637,2,2
32,131,3,31,1,216,44,898,100,final,50,0.7,0.5,chessboard,638,1,2
32,131,3,31,1,216,44,898,100,final,50,0.7,0.5,chessboard,655,1,2
32,131,3,31,1,216,44,898,100,final,50,0.7,0.5,chessboard,676,1,2
33,133,3,33,1,216,44,898,100,final,50,0.7,0.5,chessboard,524,4,2
33,133,3,33,1,216,44,898,100,final,50,0.7,0.5,chessboard,526,1,2
33,133,3,33,1,216,44,898,100,final,50,0.7,0.5,chessboard,538,1,2
33,133,3,33,1,216,44,898,100,final,50,0.7,0.5,chessboard,546,2,2
33,133,3,33,1,216,44,898,100,final,50,0.7,0.5,chessboard,562,1,2
33,133,3,33,1,216,44,898,100,final,50,0.7,0.5,chessboard,565,1,2
33,133,3,33,1,216,44,898,100,final,50,0.7,0.5,chessboard,583,1,2
33,133,3,33,1,216,44,898,100,final,50,0.7,0.5,chessboard,594,5,2
33,133,3,33,1,216,44,898,100,final,50,0.7,0.5,chessboard,599,2,2
33,133,3,33,1,216,44,898,100,final,50,0.7,0.5,chessboard,609,3,2
33,133,3,33,1,216,44,898,100,final,50,0.7,0.5,chessboard,618,1,2
33,133,3,33,1,216,44,898,100,final,50,0.7,0.5,chessboard,632,2,2
33,133,3,33,1,216,44,898,100,final,50,0.7,0.5,chessboard,656,2,2
34,158,4,8,3,4,44,898,100,final,50,0.7,0.5,chessboard,49,1,2
34,158,4,8,3,4,44,898,100,final,50,0.7,0.5,chessboard,73,1,2
34,158,4,8,3,4,44,898,100,final,50,0.7,0.5,chessboard,100,1,2
34,158,4,8,3,4,44,898,100,final,50,0.7,0.5,chessboard,149,1,2
35,162,4,12,1,216,44,898,100,final,50,0.7,0.5,chessboard,64,2,2
35,162,4,12,1,216,44,898,100,final,50,0.7,0.5,chessboard,182,5,2
35,162,4,12,1,216,44,898,100,final,50,0.7,0.5,chessboard,198,3,2
35,162,4,12,1,216,44,898,100,final,50,0.7,0.5,chessboard,234,3,2
35,162,4,12,1,216,44,898,100,final,50,0.7,0.5,chessboard,244,3,2
35,162,4,12,1,216,44,898,100,final,50,0.7,0.5,chessboard,246,2,2
35,162,4,12,1,216,44,898,100,final,50,0.7,0.5,chessboard,251,2,2
35,162,4,12,1,216,44,898,100,final,50,0.7,0.5,chessboard,255,2,2
35,162,4,12,1,216,44,898,100,final,50,0.7,0.5,chessboard,263,1,2
35,162,4,12,1,216,44,898,100,final,50,0.7,0.5,chessboard,268,7,2
35,162,4,12,1,216,44,898,100,final,50,0.7,0.5,chessboard,287,1,2
35,162,4,12,1,216,44,898,100,final,50,0.7,0.5,chessboard,327,2,2
35,162,4,12,1,216,44,898,100,final,50,0.7,0.5,chessboard,359,2,2
35,162,4,12,1,216,44,898,100,final,50,0.7,0.5,chessboard,402,1,2
36,164,4,14,1,216,44,898,100,final,50,0.7,0.5,chessboard,198,2,2
36,164,4,14,1,216,44,898,100,final,50,0.7,0.5,chessboard,244,5,2
36,164,4,14,1,216,44,898,100,final,50,0.7,0.5,chessboard,251,1,2
36,164,4,14,1,216,44,898,100,final,50,0.7,0.5,chessboard,255,5,2
36,164,4,14,1,216,44,898,100,final,50,0.7,0.5,chessboard,268,2,2
36,164,4,14,1,216,44,898,100,final,50,0.7,0.5,chessboard,269,1,2
36,164,4,14,1,216,44,898,100,final,50,0.7,0.5,chessboard,285,1,2
36,164,4,14,1,216,44,898,100,final,50,0.7,0.5,chessboard,287,2,2
36,164,4,14,1,216,44,898,100,final,50,0.7,0.5,chessboard,297,2,2
36,164,4,14,1,216,44,898,100,final,50,0.7,0.5,chessboard,315,1,2
36,164,4,14,1,216,44,898,100,final,50,0.7,0.5,chessboard,327,5,2
36,164,4,14,1,216,44,898,100,final,50,0.7,0.5,chessboard,328,1,2
36,164,4,14,1,216,44,898,100,final,50,0.7,0.5,chessboard,353,1,2
36,164,4,14,1,216,44,898,100,final,50,0.7,0.5,chessboard,359,4,2
36,164,4,14,1,216,44,898,100,final,50,0.7,0.5,chessboard,367,2,2
36,164,4,14,1,216,44,898,100,final,50,0.7,0.5,chessboard,382,1,2
36,164,4,14,1,216,44,898,100,final,50,0.7,0.5,chessboard,396,1,2
36,164,4,14,1,216,44,898,100,final,50,0.7,0.5,chessboard,402,1,2
36,164,4,14,1,216,44,898,100,final,50,0.7,0.5,chessboard,405,1,2
37,170,4,20,1,216,44,898,100,final,50,0.7,0.5,chessboard,486,1,2
37,170,4,20,1,216,44,898,100,final,50,0.7,0.5,chessboard,501,1,2
37,170,4,20,1,216,44,898,100,final,50,0.7,0.5,chessboard,523,1,2
37,170,4,20,1,216,44,898,100,final,50,0.7,0.5,chessboard,526,1,2
37,170,4,20,1,216,44,898,100,final,50,0.7,0.5,chessboard,536,2,2
37,170,4,20,1,216,44,898,100,final,50,0.7,0.5,chessboard,551,3,2
37,170,4,20,1,216,44,898,100,final,50,0.7,0.5,chessboard,565,6,2
37,170,4,20,1,216,44,898,100,final,50,0.7,0.5,chessboard,578,8,2
37,170,4,20,1,216,44,898,100,final,50,0.7,0.5,chessboard,583,1,2
37,170,4,20,1,216,44,898,100,final,50,0.7,0.5,chessboard,589,2,2
37,170,4,20,1,216,44,898,100,final,50,0.7,0.5,chessboard,599,1,2
37,170,4,20,1,216,44,898,100,final,50,0.7,0.5,chessboard,603,2,2
37,170,4,20,1,216,44,898,100,final,50,0.7,0.5,chessboard,606,1,2
37,170,4,20,1,216,44,898,100,final,50,0.7,0.5,chessboard,609,1,2
37,170,4,20,1,216,44,898,100,final,50,0.7,0.5,chessboard,627,1,2
37,170,4,20,1,216,44,898,100,final,50,0.7,0.5,chessboard,637,1,2
37,170,4,20,1,216,44,898,100,final,50,0.7,0.5,chessboard,643,1,2
37,170,4,20,1,216,44,898,100,final,50,0.7,0.5,chessboard,669,1,2
37,170,4,20,1,216,44,898,100,final,50,0.7,0.5,chessboard,672,1,2
37,170,4,20,1,216,44,898,100,final,50,0.7,0.5,chessboard,712,1,2
38,172,4,22,1,216,44,898,100,final,50,0.7,0.5,chessboard,523,1,2
38,172,4,22,1,216,44,898,100,final,50,0.7,0.5,chessboard,535,1,2
38,172,4,22,1,216,44,898,100,final,50,0.7,0.5,chessboard,565,2,2
38,172,4,22,1,216,44,898,100,final,50,0.7,0.5,chessboard,578,6,2
38,172,4,22,1,216,44,898,100,final,50,0.7,0.5,chessboard,583,2,2
38,172,4,22,1,216,44,898,100,final,50,0.7,0.5,chessboard,599,1,2
38,172,4,22,1,216,44,898,100,final,50,0.7,0.5,chessboard,606,2,2
38,172,4,22,1,216,44,898,100,final,50,0.7,0.5,chessboard,632,4,2
38,172,4,22,1,216,44,898,100,final,50,0.7,0.5,chessboard,643,1,2
38,172,4,22,1,216,44,898,100,final,50,0.7,0.5,chessboard,670,1,2
38,172,4,22,1,216,44,898,100,final,50,0.7,0.5,chessboard,671,2,2
38,172,4,22,1,216,44,898,100,final,50,0.7,0.5,chessboard,672,2,2
38,172,4,22,1,216,44,898,100,final,50,0.7,0.5,chessboard,674,3,2
38,172,4,22,1,216,44,898,100,final,50,0.7,0.5,chessboard,676,1,2
38,172,4,22,1,216,44,898,100,final,50,0.7,0.5,chessboard,686,1,2
38,172,4,22,1,216,44,898,100,final,50,0.7,0.5,chessboard,698,2,2
38,172,4,22,1,216,44,898,100,final,50,0.7,0.5,chessboard,712,2,2
38,172,4,22,1,216,44,898,100,final,50,0.7,0.5,chessboard,730,1,2
38,172,4,22,1,216,44,898,100,final,50,0.7,0.5,chessboard,740,1,2
38,172,4,22,1,216,44,898,100,final,50,0.7,0.5,chessboard,782,1,2
39,174,4,24,1,216,44,898,100,final,50,0.7,0.5,chessboard,565,1,2
39,174,4,24,1,216,44,898,100,final,50,0.7,0.5,chessboard,583,1,2
39,174,4,24,1,216,44,898,100,final,50,0.7,0.5,chessboard,587,1,2
39,174,4,24,1,216,44,898,100,final,50,0.7,0.5,chessboard,597,2,2
39,174,4,24,1,216,44,898,100,final,50,0.7,0.5,chessboard,599,1,2
39,174,4,24,1,216,44,898,100,final,50,0.7,0.5,chessboard,606,1,2
39,174,4,24,1,216,44,898,100,final,50,0.7,0.5,chessboard,609,2,2
39,174,4,24,1,216,44,898,100,final,50,0.7,0.5,chessboard,610,1,2
39,174,4,24,1,216,44,898,100,final,50,0.7,0.5,chessboard,625,1,2
39,174,4,24,1,216,44,898,100,final,50,0.7,0.5,chessboard,632,1,2
39,174,4,24,1,216,44,898,100,final,50,0.7,0.5,chessboard,635,1,2
39,174,4,24,1,216,44,898,100,final,50,0.7,0.5,chessboard,643,1,2
39,174,4,24,1,216,44,898,100,final,50,0.7,0.5,chessboard,646,1,2
39,174,4,24,1,216,44,898,100,final,50,0.7,0.5,chessboard,671,2,2
39,174,4,24,1,216,44,898,100,final,50,0.7,0.5,chessboard,674,3,2
39,174,4,24,1,216,44,898,100,final,50,0.7,0.5,chessboard,676,1,2
39,174,4,24,1,216,44,898,100,final,50,0.7,0.5,chessboard,684,1,2
39,174,4,24,1,216,44,898,100,final,50,0.7,0.5,chessboard,686,1,2
39,174,4,24,1,216,44,898,100,final,50,0.7,0.5,chessboard,689,2,2
39,174,4,24,1,216,44,898,100,final,50,0.7,0.5,chessboard,698,1,2
39,174,4,24,1,216,44,898,100,final,50,0.7,0.5,chessboard,701,1,2
39,174,4,24,1,216,44,898,100,final,50,0.7,0.5,chessboard,702,1,2
39,174,4,24,1,216,44,898,100,final,50,0.7,0.5,chessboard,712,2,2
39,174,4,24,1,216,44,898,100,final,50,0.7,0.5,chessboard,719,1,2
39,174,4,24,1,216,44,898,100,final,50,0.7,0.5,chessboard,720,1,2
39,174,4,24,1,216,44,898,100,final,50,0.7,0.5,chessboard,740,2,2
39,174,4,24,1,216,44,898,100,final,50,0.7,0.5,chessboard,762,1,2
39,174,4,24,1,216,44,898,100,final,50,0.7,0.5,chessboard,794,1,2
40,176,4,26,1,216,44,898,100,final,50,0.7,0.5,chessboard,551,1,2
40,176,4,26,1,216,44,898,100,final,50,0.7,0.5,chessboard,565,2,2
40,176,4,26,1,216,44,898,100,final,50,0.7,0.5,chessboard,584,1,2
40,176,4,26,1,216,44,898,100,final,50,0.7,0.5,chessboard,594,1,2
40,176,4,26,1,216,44,898,100,final,50,0.7,0.5,chessboard,600,1,2
40,176,4,26,1,216,44,898,100,final,50,0.7,0.5,chessboard,606,1,2
40,176,4,26,1,216,44,898,100,final,50,0.7,0.5,chessboard,613,1,2
40,176,4,26,1,216,44,898,100,final,50,0.7,0.5,chessboard,615,1,2
40,176,4,26,1,216,44,898,100,final,50,0.7,0.5,chessboard,624,2,2
40,176,4,26,1,216,44,898,100,final,50,0.7,0.5,chessboard,625,5,2
40,176,4,26,1,216,44,898,100,final,50,0.7,0.5,chessboard,632,2,2
40,176,4,26,1,216,44,898,100,final,50,0.7,0.5,chessboard,637,3,2
40,176,4,26,1,216,44,898,100,final,50,0.7,0.5,chessboard,643,2,2
40,176,4,26,1,216,44,898,100,final,50,0.7,0.5,chessboard,650,1,2
40,176,4,26,1,216,44,898,100,final,50,0.7,0.5,chessboard,655,1,2
40,176,4,26,1,216,44,898,100,final,50,0.7,0.5,chessboard,670,3,2
40,176,4,26,1,216,44,898,100,final,50,0.7,0.5,chessboard,674,3,2
40,176,4,26,1,216,44,898,100,final,50,0.7,0.5,chessboard,684,1,2
40,176,4,26,1,216,44,898,100,final,50,0.7,0.5,chessboard,686,2,2
40,176,4,26,1,216,44,898,100,final,50,0.7,0.5,chessboard,701,1,2
40,176,4,26,1,216,44,898,100,final,50,0.7,0.5,chessboard,730,1,2
40,176,4,26,1,216,44,898,100,final,50,0.7,0.5,chessboard,740,1,2
40,176,4,26,1,216,44,898,100,final,50,0.7,0.5,chessboard,794,1,2
41,178,4,28,1,216,44,898,100,final,50,0.7,0.5,chessboard,523,1,2
41,178,4,28,1,216,44,898,100,final,50,0.7,0.5,chessboard,575,1,2
41,178,4,28,1,216,44,898,100,final,50,0.7,0.5,chessboard,578,1,2
41,178,4,28,1,216,44,898,100,final,50,0.7,0.5,chessboard,589,1,2
41,178,4,28,1,216,44,898,100,final,50,0.7,0.5,chessboard,594,2,2
41,178,4,28,1,216,44,898,100,final,50,0.7,0.5,chessboard,597,1,2
41,178,4,28,1,216,44,898,100,final,50,0.7,0.5,chessboard,606,2,2
41,178,4,28,1,216,44,898,100,final,50,0.7,0.5,chessboard,609,2,2
41,178,4,28,1,216,44,898,100,final,50,0.7,0.5,chessboard,610,2,2
41,178,4,28,1,216,44,898,100,final,50,0.7,0.5,chessboard,616,1,2
41,178,4,28,1,216,44,898,100,final,50,0.7,0.5,chessboard,618,3,2
41,178,4,28,1,216,44,898,100,final,50,0.7,0.5,chessboard,619,1,2
41,178,4,28,1,216,44,898,100,final,50,0.7,0.5,chessboard,624,1,2
41,178,4,28,1,216,44,898,100,final,50,0.7,0.5,chessboard,625,3,2
41,178,4,28,1,216,44,898,100,final,50,0.7,0.5,chessboard,629,2,2
41,178,4,28,1,216,44,898,100,final,50,0.7,0.5,chessboard,632,2,2
41,178,4,28,1,216,44,898,100,final,50,0.7,0.5,chessboard,635,1,2
41,178,4,28,1,216,44,898,100,final,50,0.7,0.5,chessboard,637,1,2
41,178,4,28,1,216,44,898,100,final,50,0.7,0.5,chessboard,643,3,2
41,178,4,28,1,216,44,898,100,final,50,0.7,0.5,chessboard,655,2,2
41,178,4,28,1,216,44,898,100,final,50,0.7,0.5,chessboard,674,2,2
41,178,4,28,1,216,44,898,100,final,50,0.7,0.5,chessboard,730,1,2
42,217,5,17,1,216,44,898,100,final,50,0.7,0.5,chessboard,353,3,2
42,217,5,17,1,216,44,898,100,final,50,0.7,0.5,chessboard,423,1,2
42,217,5,17,1,216,44,898,100,final,50,0.7,0.5,chessboard,452,1,2
42,217,5,17,1,216,44,898,100,final,50,0.7,0.5,chessboard,473,1,2
42,217,5,17,1,216,44,898,100,final,50,0.7,0.5,chessboard,474,1,2
42,217,5,17,1,216,44,898,100,final,50,0.7,0.5,chessboard,486,3,2
42,217,5,17,1,216,44,898,100,final,50,0.7,0.5,chessboard,494,3,2
42,217,5,17,1,216,44,898,100,final,50,0.7,0.5,chessboard,517,1,2
42,217,5,17,1,216,44,898,100,final,50,0.7,0.5,chessboard,526,1,2
42,217,5,17,1,216,44,898,100,final,50,0.7,0.5,chessboard,551,4,2
42,217,5,17,1,216,44,898,100,final,50,0.7,0.5,chessboard,557,1,2
42,217,5,17,1,216,44,898,100,final,50,0.7,0.5,chessboard,565,1,2
42,217,5,17,1,216,44,898,100,final,50,0.7,0.5,chessboard,578,3,2
42,217,5,17,1,216,44,898,100,final,50,0.7,0.5,chessboard,589,1,2
42,217,5,17,1,216,44,898,100,final,50,0.7,0.5,chessboard,603,1,2
42,217,5,17,1,216,44,898,100,final,50,0.7,0.5,chessboard,606,1,2
42,217,5,17,1,216,44,898,100,final,50,0.7,0.5,chessboard,646,1,2
43,219,5,19,1,216,44,898,100,final,50,0.7,0.5,chessboard,473,1,2
43,219,5,19,1,216,44,898,100,final,50,0.7,0.5,chessboard,486,1,2
43,219,5,19,1,216,44,898,100,final,50,0.7,0.5,chessboard,523,3,2
43,219,5,19,1,216,44,898,100,final,50,0.7,0.5,chessboard,535,2,2
43,219,5,19,1,216,44,898,100,final,50,0.7,0.5,chessboard,547,1,2
43,219,5,19,1,216,44,898,100,final,50,0.7,0.5,chessboard,549,1,2
43,219,5,19,1,216,44,898,100,final,50,0.7,0.5,chessboard,551,7,2
43,219,5,19,1,216,44,898,100,final,50,0.7,0.5,chessboard,562,1,2
43,219,5,19,1,216,44,898,100,final,50,0.7,0.5,chessboard,565,1,2
43,219,5,19,1,216,44,898,100,final,50,0.7,0.5,chessboard,578,7,2
43,219,5,19,1,216,44,898,100,final,50,0.7,0.5,chessboard,589,3,2
43,219,5,19,1,216,44,898,100,final,50,0.7,0.5,chessboard,600,1,2
43,219,5,19,1,216,44,898,100,final,50,0.7,0.5,chessboard,625,5,2
43,219,5,19,1,216,44,898,100,final,50,0.7,0.5,chessboard,632,1,2
43,219,5,19,1,216,44,898,100,final,50,0.7,0.5,chessboard,643,1,2
43,219,5,19,1,216,44,898,100,final,50,0.7,0.5,chessboard,653,1,2
43,219,5,19,1,216,44,898,100,final,50,0.7,0.5,chessboard,670,1,2
43,219,5,19,1,216,44,898,100,final,50,0.7,0.5,chessboard,671,1,2
43,219,5,19,1,216,44,898,100,final,50,0.7,0.5,chessboard,674,1,2
44,221,5,21,1,216,44,898,100,final,50,0.7,0.5,chessboard,536,1,2
44,221,5,21,1,216,44,898,100,final,50,0.7,0.5,chessboard,537,1,2
44,221,5,21,1,216,44,898,100,final,50,0.7,0.5,chessboard,551,1,2
44,221,5,21,1,216,44,898,100,final,50,0.7,0.5,chessboard,565,2,2
44,221,5,21,1,216,44,898,100,final,50,0.7,0.5,chessboard,578,4,2
44,221,5,21,1,216,44,898,100,final,50,0.7,0.5,chessboard,589,3,2
44,221,5,21,1,216,44,898,100,final,50,0.7,0.5,chessboard,600,2,2
44,221,5,21,1,216,44,898,100,final,50,0.7,0.5,chessboard,603,5,2
44,221,5,21,1,216,44,898,100,final,50,0.7,0.5,chessboard,610,1,2
44,221,5,21,1,216,44,898,100,final,50,0.7,0.5,chessboard,618,1,2
44,221,5,21,1,216,44,898,100,final,50,0.7,0.5,chessboard,625,1,2
44,221,5,21,1,216,44,898,100,final,50,0.7,0.5,chessboard,632,1,2
44,221,5,21,1,216,44,898,100,final,50,0.7,0.5,chessboard,637,4,2
44,221,5,21,1,216,44,898,100,final,50,0.7,0.5,chessboard,674,1,2
44,221,5,21,1,216,44,898,100,final,50,0.7,0.5,chessboard,686,4,2
44,221,5,21,1,216,44,898,100,final,50,0.7,0.5,chessboard,698,1,2
44,221,5,21,1,216,44,898,100,final,50,0.7,0.5,chessboard,702,1,2
45,223,5,23,1,216,44,898,100,final,50,0.7,0.5,chessboard,557,1,2
45,223,5,23,1,216,44,898,100,final,50,0.7,0.5,chessboard,565,2,2
45,223,5,23,1,216,44,898,100,final,50,0.7,0.5,chessboard,578,4,2
45,223,5,23,1,216,44,898,100,final,50,0.7,0.5,chessboard,583,2,2
45,223,5,23,1,216,44,898,100,final,50,0.7,0.5,chessboard,601,1,2
45,223,5,23,1,216,44,898,100,final,50,0.7,0.5,chessboard,603,1,2
45,223,5,23,1,216,44,898,100,final,50,0.7,0.5,chessboard,606,3,2
45,223,5,23,1,216,44,898,100,final,50,0.7,0.5,chessboard,609,2,2
45,223,5,23,1,216,44,898,100,final,50,0.7,0.5,chessboard,616,1,2
45,223,5,23,1,216,44,898,100,final,50,0.7,0.5,chessboard,625,2,2
45,223,5,23,1,216,44,898,100,final,50,0.7,0.5,chessboard,632,2,2
45,223,5,23,1,216,44,898,100,final,50,0.7,0.5,chessboard,633,2,2
45,223,5,23,1,216,44,898,100,final,50,0.7,0.5,chessboard,638,1,2
45,223,5,23,1,216,44,898,100,final,50,0.7,0.5,chessboard,643,1,2
45,223,5,23,1,216,44,898,100,final,50,0.7,0.5,chessboard,644,1,2
45,223,5,23,1,216,44,898,100,final,50,0.7,0.5,chessboard,671,2,2
45,223,5,23,1,216,44,898,100,final,50,0.7,0.5,chessboard,674,1,2
45,223,5,23,1,216,44,898,100,final,50,0.7,0.5,chessboard,686,1,2
45,223,5,23,1,216,44,898,100,final,50,0.7,0.5,chessboard,701,1,2
45,223,5,23,1,216,44,898,100,final,50,0.7,0.5,chessboard,705,1,2
45,223,5,23,1,216,44,898,100,final,50,0.7,0.5,chessboard,712,1,2
45,223,5,23,1,216,44,898,100,final,50,0.7,0.5,chessboard,762,1,2
46,225,5,25,1,216,44,898,100,final,50,0.7,0.5,chessboard,535,1,2
46,225,5,25,1,216,44,898,100,final,50,0.7,0.5,chessboard,551,1,2
46,225,5,25,1,216,44,898,100,final,50,0.7,0.5,chessboard,565,4,2
46,225,5,25,1,216,44,898,100,final,50,0.7,0.5,chessboard,609,3,2
46,225,5,25,1,216,44,898,100,final,50,0.7,0.5,chessboard,616,1,2
46,225,5,25,1,216,44,898,100,final,50,0.7,0.5,chessboard,619,1,2
46,225,5,25,1,216,44,898,100,final,50,0.7,0.5,chessboard,625,4,2
46,225,5,25,1,216,44,898,100,final,50,0.7,0.5,chessboard,632,1,2
46,225,5,25,1,216,44,898,100,final,50,0.7,0.5,chessboard,635,1,2
46,225,5,25,1,216,44,898,100,final,50,0.7,0.5,chessboard,637,2,2
46,225,5,25,1,216,44,898,100,final,50,0.7,0.5,chessboard,643,1,2
46,225,5,25,1,216,44,898,100,final,50,0.7,0.5,chessboard,655,1,2
46,225,5,25,1,216,44,898,100,final,50,0.7,0.5,chessboard,670,2,2
46,225,5,25,1,216,44,898,100,final,50,0.7,0.5,chessboard,671,1,2
46,225,5,25,1,216,44,898,100,final,50,0.7,0.5,chessboard,674,2,2
46,225,5,25,1,216,44,898,100,final,50,0.7,0.5,chessboard,676,1,2
46,225,5,25,1,216,44,898,100,final,50,0.7,0.5,chessboard,684,2,2
46,225,5,25,1,216,44,898,100,final,50,0.7,0.5,chessboard,685,1,2
46,225,5,25,1,216,44,898,100,final,50,0.7,0.5,chessboard,686,4,2
46,225,5,25,1,216,44,898,100,final,50,0.7,0.5,chessboard,719,1,2
46,225,5,25,1,216,44,898,100,final,50,0.7,0.5,chessboard,762,1,2
46,225,5,25,1,216,44,898,100,final,50,0.7,0.5,chessboard,784,1,2
47,227,5,27,1,216,44,898,100,final,50,0.7,0.5,chessboard,562,1,2
47,227,5,27,1,216,44,898,100,final,50,0.7,0.5,chessboard,594,2,2
47,227,5,27,1,216,44,898,100,final,50,0.7,0.5,chessboard,597,1,2
47,227,5,27,1,216,44,898,100,final,50,0.7,0.5,chessboard,600,1,2
47,227,5,27,1,216,44,898,100,final,50,0.7,0.5,chessboard,603,1,2
47,227,5,27,1,216,44,898,100,final,50,0.7,0.5,chessboard,613,1,2
47,227,5,27,1,216,44,898,100,final,50,0.7,0.5,chessboard,619,1,2
47,227,5,27,1,216,44,898,100,final,50,0.7,0.5,chessboard,625,2,2
47,227,5,27,1,216,44,898,100,final,50,0.7,0.5,chessboard,629,4,2
47,227,5,27,1,216,44,898,100,final,50,0.7,0.5,chessboard,632,6,2
47,227,5,27,1,216,44,898,100,final,50,0.7,0.5,chessboard,635,2,2
47,227,5,27,1,216,44,898,100,final,50,0.7,0.5,chessboard,637,4,2
47,227,5,27,1,216,44,898,100,final,50,0.7,0.5,chessboard,643,2,2
47,227,5,27,1,216,44,898,100,final,50,0.7,0.5,chessboard,646,3,2
47,227,5,27,1,216,44,898,100,final,50,0.7,0.5,chessboard,648,2,2
47,227,5,27,1,216,44,898,100,final,50,0.7,0.5,chessboard,674,2,2
47,227,5,27,1,216,44,898,100,final,50,0.7,0.5,chessboard,712,1,2
47,227,5,27,1,216,44,898,100,final,50,0.7,0.5,chessboard,730,4,2
48,264,6,14,4,2,44,898,100,final,50,0.7,0.5,chessboard,226,1,2
48,264,6,14,4,2,44,898,100,final,50,0.7,0.5,chessboard,234,2,2
48,264,6,14,4,2,44,898,100,final,50,0.7,0.5,chessboard,255,2,2
48,264,6,14,4,2,44,898,100,final,50,0.7,0.5,chessboard,268,2,2
48,264,6,14,4,2,44,898,100,final,50,0.7,0.5,chessboard,292,1,2
48,264,6,14,4,2,44,898,100,final,50,0.7,0.5,chessboard,327,3,2
48,264,6,14,4,2,44,898,100,final,50,0.7,0.5,chessboard,331,1,2
48,264,6,14,4,2,44,898,100,final,50,0.7,0.5,chessboard,353,1,2
48,264,6,14,4,2,44,898,100,final,50,0.7,0.5,chessboard,359,5,2
48,264,6,14,4,2,44,898,100,final,50,0.7,0.5,chessboard,367,2,2
49,272,6,22,1,216,44,898,100,final,50,0.7,0.5,chessboard,523,2,2
49,272,6,22,1,216,44,898,100,final,50,0.7,0.5,chessboard,536,2,2
49,272,6,22,1,216,44,898,100,final,50,0.7,0.5,chessboard,551,1,2
49,272,6,22,1,216,44,898,100,final,50,0.7,0.5,chessboard,557,1,2
49,272,6,22,1,216,44,898,100,final,50,0.7,0.5,chessboard,565,4,2
49,272,6,22,1,216,44,898,100,final,50,0.7,0.5,chessboard,577,3,2
49,272,6,22,1,216,44,898,100,final,50,0.7,0.5,chessboard,578,5,2
49,272,6,22,1,216,44,898,100,final,50,0.7,0.5,chessboard,583,1,2
49,272,6,22,1,216,44,898,100,final,50,0.7,0.5,chessboard,594,3,2
49,272,6,22,1,216,44,898,100,final,50,0.7,0.5,chessboard,599,2,2
49,272,6,22,1,216,44,898,100,final,50,0.7,0.5,chessboard,610,3,2
49,272,6,22,1,216,44,898,100,final,50,0.7,0.5,chessboard,625,1,2
49,272,6,22,1,216,44,898,100,final,50,0.7,0.5,chessboard,629,2,2
49,272,6,22,1,216,44,898,100,final,50,0.7,0.5,chessboard,632,2,2
49,272,6,22,1,216,44,898,100,final,50,0.7,0.5,chessboard,638,1,2
49,272,6,22,1,216,44,898,100,final,50,0.7,0.5,chessboard,653,1,2
49,272,6,22,1,216,44,898,100,final,50,0.7,0.5,chessboard,671,1,2
49,272,6,22,1,216,44,898,100,final,50,0.7,0.5,chessboard,686,2,2
49,272,6,22,1,216,44,898,100,final,50,0.7,0.5,chessboard,730,1,2
50,274,6,24,1,216,44,898,100,final,50,0.7,0.5,chessboard,535,1,2
50,274,6,24,1,216,44,898,100,final,50,0.7,0.5,chessboard,562,1,2
50,274,6,24,1,216,44,898,100,final,50,0.7,0.5,chessboard,565,3,2
50,274,6,24,1,216,44,898,100,final,50,0.7,0.5,chessboard,577,3,2
50,274,6,24,1,216,44,898,100,final,50,0.7,0.5,chessboard,578,2,2
50,274,6,24,1,216,44,898,100,final,50,0.7,0.5,chessboard,583,4,2
50,274,6,24,1,216,44,898,100,final,50,0.7,0.5,chessboard,587,2,2
50,274,6,24,1,216,44,898,100,final,50,0.7,0.5,chessboard,599,1,2
50,274,6,24,1,216,44,898,100,final,50,0.7,0.5,chessboard,600,1,2
50,274,6,24,1,216,44,898,100,final,50,0.7,0.5,chessboard,603,3,2
50,274,6,24,1,216,44,898,100,final,50,0.7,0.5,chessboard,609,3,2
50,274,6,24,1,216,44,898,100,final,50,0.7,0.5,chessboard,610,3,2
50,274,6,24,1,216,44,898,100,final,50,0.7,0.5,chessboard,632,5,2
50,274,6,24,1,216,44,898,100,final,50,0.7,0.5,chessboard,646,1,2
50,274,6,24,1,216,44,898,100,final,50,0.7,0.5,chessboard,671,1,2
50,274,6,24,1,216,44,898,100,final,50,0.7,0.5,chessboard,674,2,2
51,278,6,28,1,216,44,898,100,final,50,0.7,0.5,chessboard,584,4,2
51,278,6,28,1,216,44,898,100,final,50,0.7,0.5,chessboard,591,1,2
51,278,6,28,1,216,44,898,100,final,50,0.7,0.5,chessboard,594,4,2
51,278,6,28,1,216,44,898,100,final,50,0.7,0.5,chessboard,597,1,2
51,278,6,28,1,216,44,898,100,final,50,0.7,0.5,chessboard,599,2,2
51,278,6,28,1,216,44,898,100,final,50,0.7,0.5,chessboard,600,3,2
51,278,6,28,1,216,44,898,100,final,50,0.7,0.5,chessboard,603,1,2
51,278,6,28,1,216,44,898,100,final,50,0.7,0.5,chessboard,609,4,2
51,278,6,28,1,216,44,898,100,final,50,0.7,0.5,chessboard,610,2,2
51,278,6,28,1,216,44,898,100,final,50,0.7,0.5,chessboard,618,1,2
51,278,6,28,1,216,44,898,100,final,50,0.7,0.5,chessboard,619,1,2
51,278,6,28,1,216,44,898,100,final,50,0.7,0.5,chessboard,625,1,2
51,278,6,28,1,216,44,898,100,final,50,0.7,0.5,chessboard,627,2,2
51,278,6,28,1,216,44,898,100,final,50,0.7,0.5,chessboard,632,4,2
51,278,6,28,1,216,44,898,100,final,50,0.7,0.5,chessboard,655,1,2
51,278,6,28,1,216,44,898,100,final,50,0.7,0.5,chessboard,674,4,2
51,278,6,28,1,216,44,898,100,final,50,0.7,0.5,chessboard,712,1,2
51,278,6,28,1,216,44,898,100,final,50,0.7,0.5,chessboard,740,1,2
52,321,7,21,5,4,44,898,100,final,50,0.7,0.5,chessboard,494,1,2
52,321,7,21,5,4,44,898,100,final,50,0.7,0.5,chessboard,524,1,2
52,321,7,21,5,4,44,898,100,final,50,0.7,0.5,chessboard,526,2,2
52,321,7,21,5,4,44,898,100,final,50,0.7,0.5,chessboard,549,3,2
52,321,7,21,5,4,44,898,100,final,50,0.7,0.5,chessboard,551,2,2
52,321,7,21,5,4,44,898,100,final,50,0.7,0.5,chessboard,557,5,2
52,321,7,21,5,4,44,898,100,final,50,0.7,0.5,chessboard,565,2,2
52,321,7,21,5,4,44,898,100,final,50,0.7,0.5,chessboard,578,5,2
52,321,7,21,5,4,44,898,100,final,50,0.7,0.5,chessboard,589,1,2
52,321,7,21,5,4,44,898,100,final,50,0.7,0.5,chessboard,591,1,2
52,321,7,21,5,4,44,898,100,final,50,0.7,0.5,chessboard,594,1,2
52,321,7,21,5,4,44,898,100,final,50,0.7,0.5,chessboard,600,1,2
52,321,7,21,5,4,44,898,100,final,50,0.7,0.5,chessboard,603,3,2
52,321,7,21,5,4,44,898,100,final,50,0.7,0.5,chessboard,610,2,2
52,321,7,21,5,4,44,898,100,final,50,0.7,0.5,chessboard,632,1,2
52,321,7,21,5,4,44,898,100,final,50,0.7,0.5,chessboard,773,1,2
53,370,8,20,5,4,44,898,100,final,50,0.7,0.5,chessboard,494,1,2
53,370,8,20,5,4,44,898,100,final,50,0.7,0.5,chessboard,524,1,2
53,370,8,20,5,4,44,898,100,final,50,0.7,0.5,chessboard,535,1,2
53,370,8,20,5,4,44,898,100,final,50,0.7,0.5,chessboard,551,1,2
53,370,8,20,5,4,44,898,100,final,50,0.7,0.5,chessboard,562,4,2
53,370,8,20,5,4,44,898,100,final,50,0.7,0.5,chessboard,565,3,2
53,370,8,20,5,4,44,898,100,final,50,0.7,0.5,chessboard,578,6,2
53,370,8,20,5,4,44,898,100,final,50,0.7,0.5,chessboard,583,2,2
53,370,8,20,5,4,44,898,100,final,50,0.7,0.5,chessboard,589,1,2
53,370,8,20,5,4,44,898,100,final,50,0.7,0.5,chessboard,600,1,2
53,370,8,20,5,4,44,898,100,final,50,0.7,0.5,chessboard,603,1,2
53,370,8,20,5,4,44,898,100,final,50,0.7,0.5,chessboard,606,1,2
53,370,8,20,5,4,44,898,100,final,50,0.7,0.5,chessboard,610,2,2
53,370,8,20,5,4,44,898,100,final,50,0.7,0.5,chessboard,625,2,2
54,1521,31,21,6,1,44,898,100,final,50,0.7,0.5,chessboard,878,5,2
54,1521,31,21,6,1,44,898,100,final,50,0.7,0.5,chessboard,881,1,2
54,1521,31,21,6,1,44,898,100,final,50,0.7,0.5,chessboard,928,2,2
55,1564,32,14,7,13,44,898,100,final,50,0.7,0.5,chessboard,752,1,2
55,1564,32,14,7,13,44,898,100,final,50,0.7,0.5,chessboard,803,1,2
55,1564,32,14,7,13,44,898,100,final,50,0.7,0.5,chessboard,804,1,2
55,1564,32,14,7,13,44,898,100,final,50,0.7,0.5,chessboard,808,4,2
55,1564,32,14,7,13,44,898,100,final,50,0.7,0.5,chessboard,827,3,2
55,1564,32,14,7,13,44,898,100,final,50,0.7,0.5,chessboard,837,1,2
55,1564,32,14,7,13,44,898,100,final,50,0.7,0.5,chessboard,847,1,2
55,1564,32,14,7,13,44,898,100,final,50,0.7,0.5,chessboard,849,5,2
55,1564,32,14,7,13,44,898,100,final,50,0.7,0.5,chessboard,854,4,2
55,1564,32,14,7,13,44,898,100,final,50,0.7,0.5,chessboard,861,1,2
55,1564,32,14,7,13,44,898,100,final,50,0.7,0.5,chessboard,870,1,2
55,1564,32,14,7,13,44,898,100,final,50,0.7,0.5,chessboard,879,3,2
55,1564,32,14,7,13,44,898,100,final,50,0.7,0.5,chessboard,882,1,2
55,1564,32,14,7,13,44,898,100,final,50,0.7,0.5,chessboard,885,3,2
55,1564,32,14,7,13,44,898,100,final,50,0.7,0.5,chessboard,887,1,2
55,1564,32,14,7,13,44,898,100,final,50,0.7,0.5,chessboard,888,9,2
55,1564,32,14,7,13,44,898,100,final,50,0.7,0.5,chessboard,909,1,2
56,1609,33,9,8,4,44,898,100,final,50,0.7,0.5,chessboard,678,1,2
56,1609,33,9,8,4,44,898,100,final,50,0.7,0.5,chessboard,703,2,2
56,1609,33,9,8,4,44,898,100,final,50,0.7,0.5,chessboard,765,3,2
56,1609,33,9,8,4,44,898,100,final,50,0.7,0.5,chessboard,786,1,2
56,1609,33,9,8,4,44,898,100,final,50,0.7,0.5,chessboard,799,2,2
57,1611,33,11,8,4,44,898,100,final,50,0.7,0.5,chessboard,678,1,2
57,1611,33,11,8,4,44,898,100,final,50,0.7,0.5,chessboard,697,1,2
57,1611,33,11,8,4,44,898,100,final,50,0.7,0.5,chessboard,703,2,2
57,1611,33,11,8,4,44,898,100,final,50,0.7,0.5,chessboard,765,1,2
57,1611,33,11,8,4,44,898,100,final,50,0.7,0.5,chessboard,786,4,2
57,1611,33,11,8,4,44,898,100,final,50,0.7,0.5,chessboard,799,1,2
57,1611,33,11,8,4,44,898,100,final,50,0.7,0.5,chessboard,803,1,2
57,1611,33,11,8,4,44,898,100,final,50,0.7,0.5,chessboard,804,3,2
57,1611,33,11,8,4,44,898,100,final,50,0.7,0.5,chessboard,818,3,2
57,1611,33,11,8,4,44,898,100,final,50,0.7,0.5,chessboard,828,1,2
57,1611,33,11,8,4,44,898,100,final,50,0.7,0.5,chessboard,835,4,2
57,1611,33,11,8,4,44,898,100,final,50,0.7,0.5,chessboard,861,2,2
57,1611,33,11,8,4,44,898,100,final,50,0.7,0.5,chessboard,881,1,2
57,1611,33,11,8,4,44,898,100,final,50,0.7,0.5,chessboard,882,1,2
58,1615,33,15,7,13,44,898,100,final,50,0.7,0.5,chessboard,786,1,2
58,1615,33,15,7,13,44,898,100,final,50,0.7,0.5,chessboard,802,1,2
58,1615,33,15,7,13,44,898,100,final,50,0.7,0.5,chessboard,803,1,2
58,1615,33,15,7,13,44,898,100,final,50,0.7,0.5,chessboard,818,2,2
58,1615,33,15,7,13,44,898,100,final,50,0.7,0.5,chessboard,828,1,2
58,1615,33,15,7,13,44,898,100,final,50,0.7,0.5,chessboard,831,2,2
58,1615,33,15,7,13,44,898,100,final,50,0.7,0.5,chessboard,835,1,2
58,1615,33,15,7,13,44,898,100,final,50,0.7,0.5,chessboard,849,3,2
58,1615,33,15,7,13,44,898,100,final,50,0.7,0.5,chessboard,854,4,2
58,1615,33,15,7,13,44,898,100,final,50,0.7,0.5,chessboard,855,2,2
58,1615,33,15,7,13,44,898,100,final,50,0.7,0.5,chessboard,861,1,2
58,1615,33,15,7,13,44,898,100,final,50,0.7,0.5,chessboard,871,1,2
58,1615,33,15,7,13,44,898,100,final,50,0.7,0.5,chessboard,881,3,2
58,1615,33,15,7,13,44,898,100,final,50,0.7,0.5,chessboard,883,3,2
58,1615,33,15,7,13,44,898,100,final,50,0.7,0.5,chessboard,885,2,2
58,1615,33,15,7,13,44,898,100,final,50,0.7,0.5,chessboard,887,3,2
58,1615,33,15,7,13,44,898,100,final,50,0.7,0.5,chessboard,888,1,2
58,1615,33,15,7,13,44,898,100,final,50,0.7,0.5,chessboard,891,1,2
58,1615,33,15,7,13,44,898,100,final,50,0.7,0.5,chessboard,909,1,2
59,1617,33,17,7,13,44,898,100,final,50,0.7,0.5,chessboard,849,2,2
59,1617,33,17,7,13,44,898,100,final,50,0.7,0.5,chessboard,853,2,2
59,1617,33,17,7,13,44,898,100,final,50,0.7,0.5,chessboard,854,2,2
59,1617,33,17,7,13,44,898,100,final,50,0.7,0.5,chessboard,870,1,2
59,1617,33,17,7,13,44,898,100,final,50,0.7,0.5,chessboard,881,1,2
59,1617,33,17,7,13,44,898,100,final,50,0.7,0.5,chessboard,887,2,2
59,1617,33,17,7,13,44,898,100,final,50,0.7,0.5,chessboard,888,5,2
59,1617,33,17,7,13,44,898,100,final,50,0.7,0.5,chessboard,909,1,2
59,1617,33,17,7,13,44,898,100,final,50,0.7,0.5,chessboard,928,1,2
60,1664,34,14,7,13,44,898,100,final,50,0.7,0.5,chessboard,752,2,2
60,1664,34,14,7,13,44,898,100,final,50,0.7,0.5,chessboard,786,3,2
60,1664,34,14,7,13,44,898,100,final,50,0.7,0.5,chessboard,799,2,2
60,1664,34,14,7,13,44,898,100,final,50,0.7,0.5,chessboard,803,1,2
60,1664,34,14,7,13,44,898,100,final,50,0.7,0.5,chessboard,808,2,2
60,1664,34,14,7,13,44,898,100,final,50,0.7,0.5,chessboard,818,1,2
60,1664,34,14,7,13,44,898,100,final,50,0.7,0.5,chessboard,828,1,2
60,1664,34,14,7,13,44,898,100,final,50,0.7,0.5,chessboard,835,1,2
60,1664,34,14,7,13,44,898,100,final,50,0.7,0.5,chessboard,837,2,2
60,1664,34,14,7,13,44,898,100,final,50,0.7,0.5,chessboard,847,2,2
60,1664,34,14,7,13,44,898,100,final,50,0.7,0.5,chessboard,849,1,2
60,1664,34,14,7,13,44,898,100,final,50,0.7,0.5,chessboard,854,1,2
60,1664,34,14,7,13,44,898,100,final,50,0.7,0.5,chessboard,855,7,2
60,1664,34,14,7,13,44,898,100,final,50,0.7,0.5,chessboard,861,1,2
60,1664,34,14,7,13,44,898,100,final,50,0.7,0.5,chessboard,879,4,2
60,1664,34,14,7,13,44,898,100,final,50,0.7,0.5,chessboard,881,1,2
60,1664,34,14,7,13,44,898,100,final,50,0.7,0.5,chessboard,883,1,2
60,1664,34,14,7,13,44,898,100,final,50,0.7,0.5,chessboard,885,1,2
60,1664,34,14,7,13,44,898,100,final,50,0.7,0.5,chessboard,888,1,2
60,1664,34,14,7,13,44,898,100,final,50,0.7,0.5,chessboard,909,1,2
61,1701,35,1,9,8,44,898,100,final,50,0.7,0.5,chessboard,306,1,2
61,1701,35,1,9,8,44,898,100,final,50,0.7,0.5,chessboard,331,7,2
61,1701,35,1,9,8,44,898,100,final,50,0.7,0.5,chessboard,351,1,2
61,1701,35,1,9,8,44,898,100,final,50,0.7,0.5,chessboard,353,5,2
61,1701,35,1,9,8,44,898,100,final,50,0.7,0.5,chessboard,373,5,2
61,1701,35,1,9,8,44,898,100,final,50,0.7,0.5,chessboard,383,9,2
61,1701,35,1,9,8,44,898,100,final,50,0.7,0.5,chessboard,406,1,2
61,1701,35,1,9,8,44,898,100,final,50,0.7,0.5,chessboard,443,1,2
62,1703,35,3,9,8,44,898,100,final,50,0.7,0.5,chessboard,301,1,2
62,1703,35,3,9,8,44,898,100,final,50,0.7,0.5,chessboard,306,2,2
62,1703,35,3,9,8,44,898,100,final,50,0.7,0.5,chessboard,329,1,2
62,1703,35,3,9,8,44,898,100,final,50,0.7,0.5,chessboard,331,1,2
62,1703,35,3,9,8,44,898,100,final,50,0.7,0.5,chessboard,351,4,2
62,1703,35,3,9,8,44,898,100,final,50,0.7,0.5,chessboard,353,5,2
62,1703,35,3,9,8,44,898,100,final,50,0.7,0.5,chessboard,373,2,2
62,1703,35,3,9,8,44,898,100,final,50,0.7,0.5,chessboard,379,5,2
62,1703,35,3,9,8,44,898,100,final,50,0.7,0.5,chessboard,383,16,2
62,1703,35,3,9,8,44,898,100,final,50,0.7,0.5,chessboard,401,2,2
62,1703,35,3,9,8,44,898,100,final,50,0.7,0.5,chessboard,406,1,2
63,1713,35,13,7,13,44,898,100,final,50,0.7,0.5,chessboard,687,1,2
63,1713,35,13,7,13,44,898,100,final,50,0.7,0.5,chessboard,765,1,2
63,1713,35,13,7,13,44,898,100,final,50,0.7,0.5,chessboard,799,1,2
63,1713,35,13,7,13,44,898,100,final,50,0.7,0.5,chessboard,803,4,2
63,1713,35,13,7,13,44,898,100,final,50,0.7,0.5,chessboard,804,2,2
63,1713,35,13,7,13,44,898,100,final,50,0.7,0.5,chessboard,808,1,2
63,1713,35,13,7,13,44,898,100,final,50,0.7,0.5,chessboard,818,6,2
63,1713,35,13,7,13,44,898,100,final,50,0.7,0.5,chessboard,827,2,2
63,1713,35,13,7,13,44,898,100,final,50,0.7,0.5,chessboard,835,1,2
63,1713,35,13,7,13,44,898,100,final,50,0.7,0.5,chessboard,837,1,2
63,1713,35,13,7,13,44,898,100,final,50,0.7,0.5,chessboard,847,3,2
63,1713,35,13,7,13,44,898,100,final,50,0.7,0.5,chessboard,854,4,2
63,1713,35,13,7,13,44,898,100,final,50,0.7,0.5,chessboard,855,2,2
63,1713,35,13,7,13,44,898,100,final,50,0.7,0.5,chessboard,879,1,2
63,1713,35,13,7,13,44,898,100,final,50,0.7,0.5,chessboard,883,1,2
63,1713,35,13,7,13,44,898,100,final,50,0.7,0.5,chessboard,885,5,2
64,1725,35,25,10,20,44,898,100,final,50,0.7,0.5,chessboard,812,2,2
64,1725,35,25,10,20,44,898,100,final,50,0.7,0.5,chessboard,823,1,2
64,1725,35,25,10,20,44,898,100,final,50,0.7,0.5,chessboard,831,3,2
64,1725,35,25,10,20,44,898,100,final,50,0.7,0.5,chessboard,834,2,2
64,1725,35,25,10,20,44,898,100,final,50,0.7,0.5,chessboard,842,3,2
64,1725,35,25,10,20,44,898,100,final,50,0.7,0.5,chessboard,853,5,2
64,1725,35,25,10,20,44,898,100,final,50,0.7,0.5,chessboard,855,2,2
64,1725,35,25,10,20,44,898,100,final,50,0.7,0.5,chessboard,878,1,2
64,1725,35,25,10,20,44,898,100,final,50,0.7,0.5,chessboard,879,2,2
64,1725,35,25,10,20,44,898,100,final,50,0.7,0.5,chessboard,883,2,2
64,1725,35,25,10,20,44,898,100,final,50,0.7,0.5,chessboard,884,3,2
65,1752,36,2,9,8,44,898,100,final,50,0.7,0.5,chessboard,320,1,2
65,1752,36,2,9,8,44,898,100,final,50,0.7,0.5,chessboard,331,7,2
65,1752,36,2,9,8,44,898,100,final,50,0.7,0.5,chessboard,346,1,2
65,1752,36,2,9,8,44,898,100,final,50,0.7,0.5,chessboard,353,4,2
65,1752,36,2,9,8,44,898,100,final,50,0.7,0.5,chessboard,373,2,2
65,1752,36,2,9,8,44,898,100,final,50,0.7,0.5,chessboard,379,1,2
65,1752,36,2,9,8,44,898,100,final,50,0.7,0.5,chessboard,383,13,2
65,1752,36,2,9,8,44,898,100,final,50,0.7,0.5,chessboard,402,1,2
65,1752,36,2,9,8,44,898,100,final,50,0.7,0.5,chessboard,434,3,2
66,1760,36,10,11,7,44,898,100,final,50,0.7,0.5,chessboard,601,1,2
66,1760,36,10,11,7,44,898,100,final,50,0.7,0.5,chessboard,674,2,2
66,1760,36,10,11,7,44,898,100,final,50,0.7,0.5,chessboard,678,4,2
66,1760,36,10,11,7,44,898,100,final,50,0.7,0.5,chessboard,687,3,2
66,1760,36,10,11,7,44,898,100,final,50,0.7,0.5,chessboard,698,2,2
66,1760,36,10,11,7,44,898,100,final,50,0.7,0.5,chessboard,703,5,2
66,1760,36,10,11,7,44,898,100,final,50,0.7,0.5,chessboard,849,1,2
67,1764,36,14,7,13,44,898,100,final,50,0.7,0.5,chessboard,697,2,2
67,1764,36,14,7,13,44,898,100,final,50,0.7,0.5,chessboard,703,4,2
67,1764,36,14,7,13,44,898,100,final,50,0.7,0.5,chessboard,755,2,2
67,1764,36,14,7,13,44,898,100,final,50,0.7,0.5,chessboard,756,1,2
67,1764,36,14,7,13,44,898,100,final,50,0.7,0.5,chessboard,799,3,2
67,1764,36,14,7,13,44,898,100,final,50,0.7,0.5,chessboard,803,2,2
67,1764,36,14,7,13,44,898,100,final,50,0.7,0.5,chessboard,808,1,2
67,1764,36,14,7,13,44,898,100,final,50,0.7,0.5,chessboard,818,6,2
67,1764,36,14,7,13,44,898,100,final,50,0.7,0.5,chessboard,827,1,2
67,1764,36,14,7,13,44,898,100,final,50,0.7,0.5,chessboard,828,2,2
67,1764,36,14,7,13,44,898,100,final,50,0.7,0.5,chessboard,847,1,2
67,1764,36,14,7,13,44,898,100,final,50,0.7,0.5,chessboard,849,2,2
67,1764,36,14,7,13,44,898,100,final,50,0.7,0.5,chessboard,854,1,2
67,1764,36,14,7,13,44,898,100,final,50,0.7,0.5,chessboard,855,5,2
67,1764,36,14,7,13,44,898,100,final,50,0.7,0.5,chessboard,882,1,2
67,1764,36,14,7,13,44,898,100,final,50,0.7,0.5,chessboard,883,1,2
68,1774,36,24,10,20,44,898,100,final,50,0.7,0.5,chessboard,798,1,2
68,1774,36,24,10,20,44,898,100,final,50,0.7,0.5,chessboard,823,1,2
68,1774,36,24,10,20,44,898,100,final,50,0.7,0.5,chessboard,831,3,2
68,1774,36,24,10,20,44,898,100,final,50,0.7,0.5,chessboard,834,2,2
68,1774,36,24,10,20,44,898,100,final,50,0.7,0.5,chessboard,853,1,2
68,1774,36,24,10,20,44,898,100,final,50,0.7,0.5,chessboard,861,1,2
68,1774,36,24,10,20,44,898,100,final,50,0.7,0.5,chessboard,866,2,2
68,1774,36,24,10,20,44,898,100,final,50,0.7,0.5,chessboard,867,6,2
68,1774,36,24,10,20,44,898,100,final,50,0.7,0.5,chessboard,869,1,2
68,1774,36,24,10,20,44,898,100,final,50,0.7,0.5,chessboard,874,1,2
68,1774,36,24,10,20,44,898,100,final,50,0.7,0.5,chessboard,876,3,2
68,1774,36,24,10,20,44,898,100,final,50,0.7,0.5,chessboard,878,1,2
68,1774,36,24,10,20,44,898,100,final,50,0.7,0.5,chessboard,879,1,2
68,1774,36,24,10,20,44,898,100,final,50,0.7,0.5,chessboard,884,1,2
68,1774,36,24,10,20,44,898,100,final,50,0.7,0.5,chessboard,886,1,2
68,1774,36,24,10,20,44,898,100,final,50,0.7,0.5,chessboard,895,1,2
68,1774,36,24,10,20,44,898,100,final,50,0.7,0.5,chessboard,909,1,2
68,1774,36,24,10,20,44,898,100,final,50,0.7,0.5,chessboard,911,1,2
68,1774,36,24,10,20,44,898,100,final,50,0.7,0.5,chessboard,912,1,2
69,1788,36,38,12,75,44,898,100,final,50,0.7,0.5,chessboard,738,1,2
69,1788,36,38,12,75,44,898,100,final,50,0.7,0.5,chessboard,740,1,2
69,1788,36,38,12,75,44,898,100,final,50,0.7,0.5,chessboard,747,1,2
69,1788,36,38,12,75,44,898,100,final,50,0.7,0.5,chessboard,772,1,2
69,1788,36,38,12,75,44,898,100,final,50,0.7,0.5,chessboard,775,7,2
69,1788,36,38,12,75,44,898,100,final,50,0.7,0.5,chessboard,779,4,2
69,1788,36,38,12,75,44,898,100,final,50,0.7,0.5,chessboard,785,5,2
69,1788,36,38,12,75,44,898,100,final,50,0.7,0.5,chessboard,790,1,2
69,1788,36,38,12,75,44,898,100,final,50,0.7,0.5,chessboard,796,2,2
69,1788,36,38,12,75,44,898,100,final,50,0.7,0.5,chessboard,797,5,2
69,1788,36,38,12,75,44,898,100,final,50,0.7,0.5,chessboard,799,2,2
69,1788,36,38,12,75,44,898,100,final,50,0.7,0.5,chessboard,800,2,2
69,1788,36,38,12,75,44,898,100,final,50,0.7,0.5,chessboard,804,1,2
69,1788,36,38,12,75,44,898,100,final,50,0.7,0.5,chessboard,811,3,2
69,1788,36,38,12,75,44,898,100,final,50,0.7,0.5,chessboard,834,1,2
70,1800,36,50,9,8,44,898,100,final,50,0.7,0.5,chessboard,301,1,2
70,1800,36,50,9,8,44,898,100,final,50,0.7,0.5,chessboard,320,1,2
70,1800,36,50,9,8,44,898,100,final,50,0.7,0.5,chessboard,331,5,2
70,1800,36,50,9,8,44,898,100,final,50,0.7,0.5,chessboard,353,8,2
70,1800,36,50,9,8,44,898,100,final,50,0.7,0.5,chessboard,379,1,2
70,1800,36,50,9,8,44,898,100,final,50,0.7,0.5,chessboard,383,7,2
70,1800,36,50,9,8,44,898,100,final,50,0.7,0.5,chessboard,391,3,2
70,1800,36,50,9,8,44,898,100,final,50,0.7,0.5,chessboard,401,2,2
70,1800,36,50,9,8,44,898,100,final,50,0.7,0.5,chessboard,402,3,2
70,1800,36,50,9,8,44,898,100,final,50,0.7,0.5,chessboard,443,2,2
71,1811,37,11,11,7,44,898,100,final,50,0.7,0.5,chessboard,601,1,2
71,1811,37,11,11,7,44,898,100,final,50,0.7,0.5,chessboard,651,1,2
71,1811,37,11,11,7,44,898,100,final,50,0.7,0.5,chessboard,653,1,2
71,1811,37,11,11,7,44,898,100,final,50,0.7,0.5,chessboard,678,1,2
71,1811,37,11,11,7,44,898,100,final,50,0.7,0.5,chessboard,687,18,2
71,1811,37,11,11,7,44,898,100,final,50,0.7,0.5,chessboard,697,5,2
71,1811,37,11,11,7,44,898,100,final,50,0.7,0.5,chessboard,698,4,2
71,1811,37,11,11,7,44,898,100,final,50,0.7,0.5,chessboard,703,5,2
71,1811,37,11,11,7,44,898,100,final,50,0.7,0.5,chessboard,775,2,2
71,1811,37,11,11,7,44,898,100,final,50,0.7,0.5,chessboard,804,1,2
72,1823,37,23,10,20,44,898,100,final,50,0.7,0.5,chessboard,794,1,2
72,1823,37,23,10,20,44,898,100,final,50,0.7,0.5,chessboard,820,1,2
72,1823,37,23,10,20,44,898,100,final,50,0.7,0.5,chessboard,822,2,2
72,1823,37,23,10,20,44,898,100,final,50,0.7,0.5,chessboard,823,2,2
72,1823,37,23,10,20,44,898,100,final,50,0.7,0.5,chessboard,831,1,2
72,1823,37,23,10,20,44,898,100,final,50,0.7,0.5,chessboard,834,1,2
72,1823,37,23,10,20,44,898,100,final,50,0.7,0.5,chessboard,850,1,2
72,1823,37,23,10,20,44,898,100,final,50,0.7,0.5,chessboard,853,2,2
72,1823,37,23,10,20,44,898,100,final,50,0.7,0.5,chessboard,854,3,2
72,1823,37,23,10,20,44,898,100,final,50,0.7,0.5,chessboard,866,4,2
72,1823,37,23,10,20,44,898,100,final,50,0.7,0.5,chessboard,867,6,2
72,1823,37,23,10,20,44,898,100,final,50,0.7,0.5,chessboard,874,2,2
72,1823,37,23,10,20,44,898,100,final,50,0.7,0.5,chessboard,876,1,2
72,1823,37,23,10,20,44,898,100,final,50,0.7,0.5,chessboard,878,2,2
72,1823,37,23,10,20,44,898,100,final,50,0.7,0.5,chessboard,879,2,2
72,1823,37,23,10,20,44,898,100,final,50,0.7,0.5,chessboard,882,2,2
72,1823,37,23,10,20,44,898,100,final,50,0.7,0.5,chessboard,883,1,2
72,1823,37,23,10,20,44,898,100,final,50,0.7,0.5,chessboard,892,6,2
73,1825,37,25,10,20,44,898,100,final,50,0.7,0.5,chessboard,822,4,2
73,1825,37,25,10,20,44,898,100,final,50,0.7,0.5,chessboard,823,3,2
73,1825,37,25,10,20,44,898,100,final,50,0.7,0.5,chessboard,827,1,2
73,1825,37,25,10,20,44,898,100,final,50,0.7,0.5,chessboard,831,5,2
73,1825,37,25,10,20,44,898,100,final,50,0.7,0.5,chessboard,834,2,2
73,1825,37,25,10,20,44,898,100,final,50,0.7,0.5,chessboard,853,1,2
73,1825,37,25,10,20,44,898,100,final,50,0.7,0.5,chessboard,860,1,2
73,1825,37,25,10,20,44,898,100,final,50,0.7,0.5,chessboard,863,1,2
73,1825,37,25,10,20,44,898,100,final,50,0.7,0.5,chessboard,866,2,2
73,1825,37,25,10,20,44,898,100,final,50,0.7,0.5,chessboard,867,4,2
73,1825,37,25,10,20,44,898,100,final,50,0.7,0.5,chessboard,874,1,2
73,1825,37,25,10,20,44,898,100,final,50,0.7,0.5,chessboard,878,1,2
73,1825,37,25,10,20,44,898,100,final,50,0.7,0.5,chessboard,879,1,2
73,1825,37,25,10,20,44,898,100,final,50,0.7,0.5,chessboard,882,6,2
73,1825,37,25,10,20,44,898,100,final,50,0.7,0.5,chessboard,883,1,2
73,1825,37,25,10,20,44,898,100,final,50,0.7,0.5,chessboard,884,2,2
73,1825,37,25,10,20,44,898,100,final,50,0.7,0.5,chessboard,892,1,2
73,1825,37,25,10,20,44,898,100,final,50,0.7,0.5,chessboard,895,1,2
73,1825,37,25,10,20,44,898,100,final,50,0.7,0.5,chessboard,908,4,2
74,1837,37,37,12,75,44,898,100,final,50,0.7,0.5,chessboard,747,1,2
74,1837,37,37,12,75,44,898,100,final,50,0.7,0.5,chessboard,775,3,2
74,1837,37,37,12,75,44,898,100,final,50,0.7,0.5,chessboard,779,3,2
74,1837,37,37,12,75,44,898,100,final,50,0.7,0.5,chessboard,787,1,2
74,1837,37,37,12,75,44,898,100,final,50,0.7,0.5,chessboard,796,3,2
74,1837,37,37,12,75,44,898,100,final,50,0.7,0.5,chessboard,797,3,2
74,1837,37,37,12,75,44,898,100,final,50,0.7,0.5,chessboard,798,1,2
74,1837,37,37,12,75,44,898,100,final,50,0.7,0.5,chessboard,799,2,2
74,1837,37,37,12,75,44,898,100,final,50,0.7,0.5,chessboard,806,1,2
74,1837,37,37,12,75,44,898,100,final,50,0.7,0.5,chessboard,807,2,2
74,1837,37,37,12,75,44,898,100,final,50,0.7,0.5,chessboard,811,2,2
74,1837,37,37,12,75,44,898,100,final,50,0.7,0.5,chessboard,817,1,2
74,1837,37,37,12,75,44,898,100,final,50,0.7,0.5,chessboard,827,2,2
74,1837,37,37,12,75,44,898,100,final,50,0.7,0.5,chessboard,834,1,2
74,1837,37,37,12,75,44,898,100,final,50,0.7,0.5,chessboard,835,3,2
74,1837,37,37,12,75,44,898,100,final,50,0.7,0.5,chessboard,851,2,2
74,1837,37,37,12,75,44,898,100,final,50,0.7,0.5,chessboard,879,1,2
74,1837,37,37,12,75,44,898,100,final,50,0.7,0.5,chessboard,880,2,2
75,1839,37,39,12,75,44,898,100,final,50,0.7,0.5,chessboard,736,2,2
75,1839,37,39,12,75,44,898,100,final,50,0.7,0.5,chessboard,738,4,2
75,1839,37,39,12,75,44,898,100,final,50,0.7,0.5,chessboard,740,3,2
75,1839,37,39,12,75,44,898,100,final,50,0.7,0.5,chessboard,747,1,2
75,1839,37,39,12,75,44,898,100,final,50,0.7,0.5,chessboard,775,4,2
75,1839,37,39,12,75,44,898,100,final,50,0.7,0.5,chessboard,785,2,2
75,1839,37,39,12,75,44,898,100,final,50,0.7,0.5,chessboard,790,2,2
75,1839,37,39,12,75,44,898,100,final,50,0.7,0.5,chessboard,796,4,2
75,1839,37,39,12,75,44,898,100,final,50,0.7,0.5,chessboard,797,1,2
75,1839,37,39,12,75,44,898,100,final,50,0.7,0.5,chessboard,799,4,2
75,1839,37,39,12,75,44,898,100,final,50,0.7,0.5,chessboard,801,1,2
75,1839,37,39,12,75,44,898,100,final,50,0.7,0.5,chessboard,804,1,2
75,1839,37,39,12,75,44,898,100,final,50,0.7,0.5,chessboard,808,2,2
75,1839,37,39,12,75,44,898,100,final,50,0.7,0.5,chessboard,811,1,2
75,1839,37,39,12,75,44,898,100,final,50,0.7,0.5,chessboard,817,1,2
75,1839,37,39,12,75,44,898,100,final,50,0.7,0.5,chessboard,818,1,2
75,1839,37,39,12,75,44,898,100,final,50,0.7,0.5,chessboard,834,3,2
76,1862,38,12,11,7,44,898,100,final,50,0.7,0.5,chessboard,575,1,2
76,1862,38,12,11,7,44,898,100,final,50,0.7,0.5,chessboard,674,1,2
76,1862,38,12,11,7,44,898,100,final,50,0.7,0.5,chessboard,687,7,2
76,1862,38,12,11,7,44,898,100,final,50,0.7,0.5,chessboard,697,4,2
76,1862,38,12,11,7,44,898,100,final,50,0.7,0.5,chessboard,698,2,2
76,1862,38,12,11,7,44,898,100,final,50,0.7,0.5,chessboard,703,3,2
76,1862,38,12,11,7,44,898,100,final,50,0.7,0.5,chessboard,775,4,2
76,1862,38,12,11,7,44,898,100,final,50,0.7,0.5,chessboard,818,2,2
77,1870,38,20,13,3,44,898,100,final,50,0.7,0.5,chessboard,762,3,2
77,1870,38,20,13,3,44,898,100,final,50,0.7,0.5,chessboard,790,2,2
77,1870,38,20,13,3,44,898,100,final,50,0.7,0.5,chessboard,822,3,2
77,1870,38,20,13,3,44,898,100,final,50,0.7,0.5,chessboard,823,1,2
77,1870,38,20,13,3,44,898,100,final,50,0.7,0.5,chessboard,827,5,2
77,1870,38,20,13,3,44,898,100,final,50,0.7,0.5,chessboard,834,3,2
77,1870,38,20,13,3,44,898,100,final,50,0.7,0.5,chessboard,855,2,2
77,1870,38,20,13,3,44,898,100,final,50,0.7,0.5,chessboard,860,1,2
77,1870,38,20,13,3,44,898,100,final,50,0.7,0.5,chessboard,867,3,2
77,1870,38,20,13,3,44,898,100,final,50,0.7,0.5,chessboard,876,1,2
77,1870,38,20,13,3,44,898,100,final,50,0.7,0.5,chessboard,883,2,2
77,1870,38,20,13,3,44,898,100,final,50,0.7,0.5,chessboard,885,1,2
77,1870,38,20,13,3,44,898,100,final,50,0.7,0.5,chessboard,891,2,2
77,1870,38,20,13,3,44,898,100,final,50,0.7,0.5,chessboard,892,1,2
78,1874,38,24,10,20,44,898,100,final,50,0.7,0.5,chessboard,783,1,2
78,1874,38,24,10,20,44,898,100,final,50,0.7,0.5,chessboard,834,3,2
78,1874,38,24,10,20,44,898,100,final,50,0.7,0.5,chessboard,853,4,2
78,1874,38,24,10,20,44,898,100,final,50,0.7,0.5,chessboard,860,1,2
78,1874,38,24,10,20,44,898,100,final,50,0.7,0.5,chessboard,866,1,2
78,1874,38,24,10,20,44,898,100,final,50,0.7,0.5,chessboard,867,4,2
78,1874,38,24,10,20,44,898,100,final,50,0.7,0.5,chessboard,874,2,2
78,1874,38,24,10,20,44,898,100,final,50,0.7,0.5,chessboard,876,3,2
78,1874,38,24,10,20,44,898,100,final,50,0.7,0.5,chessboard,878,2,2
78,1874,38,24,10,20,44,898,100,final,50,0.7,0.5,chessboard,879,1,2
78,1874,38,24,10,20,44,898,100,final,50,0.7,0.5,chessboard,882,5,2
78,1874,38,24,10,20,44,898,100,final,50,0.7,0.5,chessboard,883,4,2
78,1874,38,24,10,20,44,898,100,final,50,0.7,0.5,chessboard,892,4,2
78,1874,38,24,10,20,44,898,100,final,50,0.7,0.5,chessboard,895,2,2
78,1874,38,24,10,20,44,898,100,final,50,0.7,0.5,chessboard,908,1,2
78,1874,38,24,10,20,44,898,100,final,50,0.7,0.5,chessboard,909,2,2
79,1876,38,26,10,20,44,898,100,final,50,0.7,0.5,chessboard,779,1,2
79,1876,38,26,10,20,44,898,100,final,50,0.7,0.5,chessboard,820,1,2
79,1876,38,26,10,20,44,898,100,final,50,0.7,0.5,chessboard,823,1,2
79,1876,38,26,10,20,44,898,100,final,50,0.7,0.5,chessboard,834,2,2
79,1876,38,26,10,20,44,898,100,final,50,0.7,0.5,chessboard,845,1,2
79,1876,38,26,10,20,44,898,100,final,50,0.7,0.5,chessboard,855,1,2
79,1876,38,26,10,20,44,898,100,final,50,0.7,0.5,chessboard,866,2,2
79,1876,38,26,10,20,44,898,100,final,50,0.7,0.5,chessboard,867,1,2
79,1876,38,26,10,20,44,898,100,final,50,0.7,0.5,chessboard,876,3,2
79,1876,38,26,10,20,44,898,100,final,50,0.7,0.5,chessboard,878,2,2
79,1876,38,26,10,20,44,898,100,final,50,0.7,0.5,chessboard,879,1,2
79,1876,38,26,10,20,44,898,100,final,50,0.7,0.5,chessboard,882,4,2
79,1876,38,26,10,20,44,898,100,final,50,0.7,0.5,chessboard,892,4,2
79,1876,38,26,10,20,44,898,100,final,50,0.7,0.5,chessboard,909,1,2
79,1876,38,26,10,20,44,898,100,final,50,0.7,0.5,chessboard,912,2,2
80,1878,38,28,10,20,44,898,100,final,50,0.7,0.5,chessboard,822,3,2
80,1878,38,28,10,20,44,898,100,final,50,0.7,0.5,chessboard,831,2,2
80,1878,38,28,10,20,44,898,100,final,50,0.7,0.5,chessboard,834,3,2
80,1878,38,28,10,20,44,898,100,final,50,0.7,0.5,chessboard,866,1,2
80,1878,38,28,10,20,44,898,100,final,50,0.7,0.5,chessboard,869,1,2
80,1878,38,28,10,20,44,898,100,final,50,0.7,0.5,chessboard,879,12,2
80,1878,38,28,10,20,44,898,100,final,50,0.7,0.5,chessboard,884,5,2
80,1878,38,28,10,20,44,898,100,final,50,0.7,0.5,chessboard,892,1,2
80,1878,38,28,10,20,44,898,100,final,50,0.7,0.5,chessboard,895,3,2
81,1886,38,36,12,75,44,898,100,final,50,0.7,0.5,chessboard,728,1,2
81,1886,38,36,12,75,44,898,100,final,50,0.7,0.5,chessboard,779,1,2
81,1886,38,36,12,75,44,898,100,final,50,0.7,0.5,chessboard,785,8,2
81,1886,38,36,12,75,44,898,100,final,50,0.7,0.5,chessboard,796,1,2
81,1886,38,36,12,75,44,898,100,final,50,0.7,0.5,chessboard,797,1,2
81,1886,38,36,12,75,44,898,100,final,50,0.7,0.5,chessboard,798,3,2
81,1886,38,36,12,75,44,898,100,final,50,0.7,0.5,chessboard,799,7,2
81,1886,38,36,12,75,44,898,100,final,50,0.7,0.5,chessboard,807,1,2
81,1886,38,36,12,75,44,898,100,final,50,0.7,0.5,chessboard,808,4,2
81,1886,38,36,12,75,44,898,100,final,50,0.7,0.5,chessboard,811,4,2
81,1886,38,36,12,75,44,898,100,final,50,0.7,0.5,chessboard,817,5,2
81,1886,38,36,12,75,44,898,100,final,50,0.7,0.5,chessboard,834,2,2
81,1886,38,36,12,75,44,898,100,final,50,0.7,0.5,chessboard,835,3,2
82,1888,38,38,12,75,44,898,100,final,50,0.7,0.5,chessboard,676,1,2
82,1888,38,38,12,75,44,898,100,final,50,0.7,0.5,chessboard,759,1,2
82,1888,38,38,12,75,44,898,100,final,50,0.7,0.5,chessboard,775,3,2
82,1888,38,38,12,75,44,898,100,final,50,0.7,0.5,chessboard,779,2,2
82,1888,38,38,12,75,44,898,100,final,50,0.7,0.5,chessboard,785,3,2
82,1888,38,38,12,75,44,898,100,final,50,0.7,0.5,chessboard,790,1,2
82,1888,38,38,12,75,44,898,100,final,50,0.7,0.5,chessboard,797,2,2
82,1888,38,38,12,75,44,898,100,final,50,0.7,0.5,chessboard,798,2,2
82,1888,38,38,12,75,44,898,100,final,50,0.7,0.5,chessboard,799,2,2
82,1888,38,38,12,75,44,898,100,final,50,0.7,0.5,chessboard,804,3,2
82,1888,38,38,12,75,44,898,100,final,50,0.7,0.5,chessboard,806,1,2
82,1888,38,38,12,75,44,898,100,final,50,0.7,0.5,chessboard,807,2,2
82,1888,38,38,12,75,44,898,100,final,50,0.7,0.5,chessboard,808,4,2
82,1888,38,38,12,75,44,898,100,final,50,0.7,0.5,chessboard,817,6,2
82,1888,38,38,12,75,44,898,100,final,50,0.7,0.5,chessboard,845,1,2
82,1888,38,38,12,75,44,898,100,final,50,0.7,0.5,chessboard,851,1,2
82,1888,38,38,12,75,44,898,100,final,50,0.7,0.5,chessboard,861,1,2
82,1888,38,38,12,75,44,898,100,final,50,0.7,0.5,chessboard,879,1,2
83,1890,38,40,12,75,44,898,100,final,50,0.7,0.5,chessboard,626,1,2
83,1890,38,40,12,75,44,898,100,final,50,0.7,0.5,chessboard,651,3,2
83,1890,38,40,12,75,44,898,100,final,50,0.7,0.5,chessboard,661,1,2
83,1890,38,40,12,75,44,898,100,final,50,0.7,0.5,chessboard,674,1,2
83,1890,38,40,12,75,44,898,100,final,50,0.7,0.5,chessboard,682,2,2
83,1890,38,40,12,75,44,898,100,final,50,0.7,0.5,chessboard,736,2,2
83,1890,38,40,12,75,44,898,100,final,50,0.7,0.5,chessboard,738,6,2
83,1890,38,40,12,75,44,898,100,final,50,0.7,0.5,chessboard,775,3,2
83,1890,38,40,12,75,44,898,100,final,50,0.7,0.5,chessboard,779,4,2
83,1890,38,40,12,75,44,898,100,final,50,0.7,0.5,chessboard,785,2,2
83,1890,38,40,12,75,44,898,100,final,50,0.7,0.5,chessboard,787,1,2
83,1890,38,40,12,75,44,898,100,final,50,0.7,0.5,chessboard,790,2,2
83,1890,38,40,12,75,44,898,100,final,50,0.7,0.5,chessboard,797,4,2
83,1890,38,40,12,75,44,898,100,final,50,0.7,0.5,chessboard,799,3,2
83,1890,38,40,12,75,44,898,100,final,50,0.7,0.5,chessboard,801,1,2
83,1890,38,40,12,75,44,898,100,final,50,0.7,0.5,chessboard,807,1,2
83,1890,38,40,12,75,44,898,100,final,50,0.7,0.5,chessboard,811,1,2
84,1907,39,7,1,216,44,898,100,final,50,0.7,0.5,chessboard,353,1,2
84,1907,39,7,1,216,44,898,100,final,50,0.7,0.5,chessboard,359,1,2
84,1907,39,7,1,216,44,898,100,final,50,0.7,0.5,chessboard,378,2,2
84,1907,39,7,1,216,44,898,100,final,50,0.7,0.5,chessboard,383,4,2
84,1907,39,7,1,216,44,898,100,final,50,0.7,0.5,chessboard,402,4,2
84,1907,39,7,1,216,44,898,100,final,50,0.7,0.5,chessboard,413,2,2
84,1907,39,7,1,216,44,898,100,final,50,0.7,0.5,chessboard,419,1,2
84,1907,39,7,1,216,44,898,100,final,50,0.7,0.5,chessboard,434,4,2
84,1907,39,7,1,216,44,898,100,final,50,0.7,0.5,chessboard,470,1,2
84,1907,39,7,1,216,44,898,100,final,50,0.7,0.5,chessboard,475,1,2
84,1907,39,7,1,216,44,898,100,final,50,0.7,0.5,chessboard,543,1,2
84,1907,39,7,1,216,44,898,100,final,50,0.7,0.5,chessboard,546,2,2
84,1907,39,7,1,216,44,898,100,final,50,0.7,0.5,chessboard,601,1,2
85,1923,39,23,10,20,44,898,100,final,50,0.7,0.5,chessboard,808,1,2
85,1923,39,23,10,20,44,898,100,final,50,0.7,0.5,chessboard,809,1,2
85,1923,39,23,10,20,44,898,100,final,50,0.7,0.5,chessboard,851,1,2
85,1923,39,23,10,20,44,898,100,final,50,0.7,0.5,chessboard,853,2,2
85,1923,39,23,10,20,44,898,100,final,50,0.7,0.5,chessboard,854,1,2
85,1923,39,23,10,20,44,898,100,final,50,0.7,0.5,chessboard,866,3,2
85,1923,39,23,10,20,44,898,100,final,50,0.7,0.5,chessboard,867,8,2
85,1923,39,23,10,20,44,898,100,final,50,0.7,0.5,chessboard,874,1,2
85,1923,39,23,10,20,44,898,100,final,50,0.7,0.5,chessboard,876,3,2
85,1923,39,23,10,20,44,898,100,final,50,0.7,0.5,chessboard,878,3,2
85,1923,39,23,10,20,44,898,100,final,50,0.7,0.5,chessboard,882,2,2
85,1923,39,23,10,20,44,898,100,final,50,0.7,0.5,chessboard,883,1,2
85,1923,39,23,10,20,44,898,100,final,50,0.7,0.5,chessboard,884,3,2
85,1923,39,23,10,20,44,898,100,final,50,0.7,0.5,chessboard,891,2,2
85,1923,39,23,10,20,44,898,100,final,50,0.7,0.5,chessboard,892,1,2
85,1923,39,23,10,20,44,898,100,final,50,0.7,0.5,chessboard,908,2,2
85,1923,39,23,10,20,44,898,100,final,50,0.7,0.5,chessboard,909,4,2
86,1925,39,25,10,20,44,898,100,final,50,0.7,0.5,chessboard,831,4,2
86,1925,39,25,10,20,44,898,100,final,50,0.7,0.5,chessboard,834,2,2
86,1925,39,25,10,20,44,898,100,final,50,0.7,0.5,chessboard,853,3,2
86,1925,39,25,10,20,44,898,100,final,50,0.7,0.5,chessboard,866,2,2
86,1925,39,25,10,20,44,898,100,final,50,0.7,0.5,chessboard,867,5,2
86,1925,39,25,10,20,44,898,100,final,50,0.7,0.5,chessboard,873,1,2
86,1925,39,25,10,20,44,898,100,final,50,0.7,0.5,chessboard,874,1,2
86,1925,39,25,10,20,44,898,100,final,50,0.7,0.5,chessboard,876,1,2
86,1925,39,25,10,20,44,898,100,final,50,0.7,0.5,chessboard,878,1,2
86,1925,39,25,10,20,44,898,100,final,50,0.7,0.5,chessboard,879,2,2
86,1925,39,25,10,20,44,898,100,final,50,0.7,0.5,chessboard,882,5,2
86,1925,39,25,10,20,44,898,100,final,50,0.7,0.5,chessboard,892,4,2
86,1925,39,25,10,20,44,898,100,final,50,0.7,0.5,chessboard,909,4,2
87,1927,39,27,10,20,44,898,100,final,50,0.7,0.5,chessboard,796,1,2
87,1927,39,27,10,20,44,898,100,final,50,0.7,0.5,chessboard,822,2,2
87,1927,39,27,10,20,44,898,100,final,50,0.7,0.5,chessboard,831,3,2
87,1927,39,27,10,20,44,898,100,final,50,0.7,0.5,chessboard,834,2,2
87,1927,39,27,10,20,44,898,100,final,50,0.7,0.5,chessboard,854,1,2
87,1927,39,27,10,20,44,898,100,final,50,0.7,0.5,chessboard,866,1,2
87,1927,39,27,10,20,44,898,100,final,50,0.7,0.5,chessboard,869,4,2
87,1927,39,27,10,20,44,898,100,final,50,0.7,0.5,chessboard,876,2,2
87,1927,39,27,10,20,44,898,100,final,50,0.7,0.5,chessboard,878,1,2
87,1927,39,27,10,20,44,898,100,final,50,0.7,0.5,chessboard,879,3,2
87,1927,39,27,10,20,44,898,100,final,50,0.7,0.5,chessboard,883,2,2
87,1927,39,27,10,20,44,898,100,final,50,0.7,0.5,chessboard,884,2,2
87,1927,39,27,10,20,44,898,100,final,50,0.7,0.5,chessboard,892,6,2
87,1927,39,27,10,20,44,898,100,final,50,0.7,0.5,chessboard,895,6,2
88,1929,39,29,10,20,44,898,100,final,50,0.7,0.5,chessboard,815,3,2
88,1929,39,29,10,20,44,898,100,final,50,0.7,0.5,chessboard,831,3,2
88,1929,39,29,10,20,44,898,100,final,50,0.7,0.5,chessboard,863,1,2
88,1929,39,29,10,20,44,898,100,final,50,0.7,0.5,chessboard,869,3,2
88,1929,39,29,10,20,44,898,100,final,50,0.7,0.5,chessboard,876,1,2
88,1929,39,29,10,20,44,898,100,final,50,0.7,0.5,chessboard,878,1,2
88,1929,39,29,10,20,44,898,100,final,50,0.7,0.5,chessboard,879,2,2
88,1929,39,29,10,20,44,898,100,final,50,0.7,0.5,chessboard,882,3,2
88,1929,39,29,10,20,44,898,100,final,50,0.7,0.5,chessboard,883,1,2
88,1929,39,29,10,20,44,898,100,final,50,0.7,0.5,chessboard,884,1,2
88,1929,39,29,10,20,44,898,100,final,50,0.7,0.5,chessboard,895,6,2
88,1929,39,29,10,20,44,898,100,final,50,0.7,0.5,chessboard,896,4,2
88,1929,39,29,10,20,44,898,100,final,50,0.7,0.5,chessboard,908,1,2
88,1929,39,29,10,20,44,898,100,final,50,0.7,0.5,chessboard,909,1,2
89,1937,39,37,12,75,44,898,100,final,50,0.7,0.5,chessboard,740,1,2
89,1937,39,37,12,75,44,898,100,final,50,0.7,0.5,chessboard,748,2,2
89,1937,39,37,12,75,44,898,100,final,50,0.7,0.5,chessboard,779,4,2
89,1937,39,37,12,75,44,898,100,final,50,0.7,0.5,chessboard,785,7,2
89,1937,39,37,12,75,44,898,100,final,50,0.7,0.5,chessboard,787,1,2
89,1937,39,37,12,75,44,898,100,final,50,0.7,0.5,chessboard,790,1,2
89,1937,39,37,12,75,44,898,100,final,50,0.7,0.5,chessboard,797,1,2
89,1937,39,37,12,75,44,898,100,final,50,0.7,0.5,chessboard,798,2,2
89,1937,39,37,12,75,44,898,100,final,50,0.7,0.5,chessboard,799,1,2
89,1937,39,37,12,75,44,898,100,final,50,0.7,0.5,chessboard,804,3,2
89,1937,39,37,12,75,44,898,100,final,50,0.7,0.5,chessboard,807,1,2
89,1937,39,37,12,75,44,898,100,final,50,0.7,0.5,chessboard,808,2,2
89,1937,39,37,12,75,44,898,100,final,50,0.7,0.5,chessboard,811,1,2
89,1937,39,37,12,75,44,898,100,final,50,0.7,0.5,chessboard,817,5,2
89,1937,39,37,12,75,44,898,100,final,50,0.7,0.5,chessboard,818,2,2
89,1937,39,37,12,75,44,898,100,final,50,0.7,0.5,chessboard,834,1,2
89,1937,39,37,12,75,44,898,100,final,50,0.7,0.5,chessboard,850,1,2
89,1937,39,37,12,75,44,898,100,final,50,0.7,0.5,chessboard,851,1,2
89,1937,39,37,12,75,44,898,100,final,50,0.7,0.5,chessboard,866,1,2
90,1939,39,39,12,75,44,898,100,final,50,0.7,0.5,chessboard,629,3,2
90,1939,39,39,12,75,44,898,100,final,50,0.7,0.5,chessboard,642,1,2
90,1939,39,39,12,75,44,898,100,final,50,0.7,0.5,chessboard,736,2,2
90,1939,39,39,12,75,44,898,100,final,50,0.7,0.5,chessboard,738,1,2
90,1939,39,39,12,75,44,898,100,final,50,0.7,0.5,chessboard,740,1,2
90,1939,39,39,12,75,44,898,100,final,50,0.7,0.5,chessboard,747,2,2
90,1939,39,39,12,75,44,898,100,final,50,0.7,0.5,chessboard,770,1,2
90,1939,39,39,12,75,44,898,100,final,50,0.7,0.5,chessboard,775,4,2
90,1939,39,39,12,75,44,898,100,final,50,0.7,0.5,chessboard,785,2,2
90,1939,39,39,12,75,44,898,100,final,50,0.7,0.5,chessboard,797,3,2
90,1939,39,39,12,75,44,898,100,final,50,0.7,0.5,chessboard,798,1,2
90,1939,39,39,12,75,44,898,100,final,50,0.7,0.5,chessboard,799,1,2
90,1939,39,39,12,75,44,898,100,final,50,0.7,0.5,chessboard,801,2,2
90,1939,39,39,12,75,44,898,100,final,50,0.7,0.5,chessboard,808,2,2
90,1939,39,39,12,75,44,898,100,final,50,0.7,0.5,chessboard,811,3,2
90,1939,39,39,12,75,44,898,100,final,50,0.7,0.5,chessboard,817,1,2
90,1939,39,39,12,75,44,898,100,final,50,0.7,0.5,chessboard,834,2,2
90,1939,39,39,12,75,44,898,100,final,50,0.7,0.5,chessboard,845,1,2
90,1939,39,39,12,75,44,898,100,final,50,0.7,0.5,chessboard,866,1,2
91,1941,39,41,12,75,44,898,100,final,50,0.7,0.5,chessboard,611,2,2
91,1941,39,41,12,75,44,898,100,final,50,0.7,0.5,chessboard,651,2,2
91,1941,39,41,12,75,44,898,100,final,50,0.7,0.5,chessboard,656,1,2
91,1941,39,41,12,75,44,898,100,final,50,0.7,0.5,chessboard,661,1,2
91,1941,39,41,12,75,44,898,100,final,50,0.7,0.5,chessboard,708,2,2
91,1941,39,41,12,75,44,898,100,final,50,0.7,0.5,chessboard,736,2,2
91,1941,39,41,12,75,44,898,100,final,50,0.7,0.5,chessboard,738,7,2
91,1941,39,41,12,75,44,898,100,final,50,0.7,0.5,chessboard,740,3,2
91,1941,39,41,12,75,44,898,100,final,50,0.7,0.5,chessboard,748,1,2
91,1941,39,41,12,75,44,898,100,final,50,0.7,0.5,chessboard,759,1,2
91,1941,39,41,12,75,44,898,100,final,50,0.7,0.5,chessboard,770,1,2
91,1941,39,41,12,75,44,898,100,final,50,0.7,0.5,chessboard,779,1,2
91,1941,39,41,12,75,44,898,100,final,50,0.7,0.5,chessboard,785,6,2
91,1941,39,41,12,75,44,898,100,final,50,0.7,0.5,chessboard,796,1,2
91,1941,39,41,12,75,44,898,100,final,50,0.7,0.5,chessboard,797,2,2
91,1941,39,41,12,75,44,898,100,final,50,0.7,0.5,chessboard,799,2,2
91,1941,39,41,12,75,44,898,100,final,50,0.7,0.5,chessboard,834,1,2
92,1958,40,8,1,216,44,898,100,final,50,0.7,0.5,chessboard,378,1,2
92,1958,40,8,1,216,44,898,100,final,50,0.7,0.5,chessboard,383,1,2
92,1958,40,8,1,216,44,898,100,final,50,0.7,0.5,chessboard,402,1,2
92,1958,40,8,1,216,44,898,100,final,50,0.7,0.5,chessboard,405,2,2
92,1958,40,8,1,216,44,898,100,final,50,0.7,0.5,chessboard,434,5,2
92,1958,40,8,1,216,44,898,100,final,50,0.7,0.5,chessboard,446,5,2
92,1958,40,8,1,216,44,898,100,final,50,0.7,0.5,chessboard,452,2,2
92,1958,40,8,1,216,44,898,100,final,50,0.7,0.5,chessboard,500,1,2
92,1958,40,8,1,216,44,898,100,final,50,0.7,0.5,chessboard,535,1,2
92,1958,40,8,1,216,44,898,100,final,50,0.7,0.5,chessboard,538,3,2
92,1958,40,8,1,216,44,898,100,final,50,0.7,0.5,chessboard,546,1,2
92,1958,40,8,1,216,44,898,100,final,50,0.7,0.5,chessboard,557,2,2
92,1958,40,8,1,216,44,898,100,final,50,0.7,0.5,chessboard,575,2,2
92,1958,40,8,1,216,44,898,100,final,50,0.7,0.5,chessboard,581,3,2
92,1958,40,8,1,216,44,898,100,final,50,0.7,0.5,chessboard,609,1,2
92,1958,40,8,1,216,44,898,100,final,50,0.7,0.5,chessboard,678,1,2
93,1972,40,22,14,1,44,898,100,final,50,0.7,0.5,chessboard,823,1,2
93,1972,40,22,14,1,44,898,100,final,50,0.7,0.5,chessboard,834,4,2
93,1972,40,22,14,1,44,898,100,final,50,0.7,0.5,chessboard,853,3,2
93,1972,40,22,14,1,44,898,100,final,50,0.7,0.5,chessboard,867,6,2
93,1972,40,22,14,1,44,898,100,final,50,0.7,0.5,chessboard,876,1,2
93,1972,40,22,14,1,44,898,100,final,50,0.7,0.5,chessboard,884,1,2
93,1972,40,22,14,1,44,898,100,final,50,0.7,0.5,chessboard,892,3,2
93,1972,40,22,14,1,44,898,100,final,50,0.7,0.5,chessboard,908,1,2
93,1972,40,22,14,1,44,898,100,final,50,0.7,0.5,chessboard,909,14,2
94,1986,40,36,12,75,44,898,100,final,50,0.7,0.5,chessboard,661,1,2
94,1986,40,36,12,75,44,898,100,final,50,0.7,0.5,chessboard,736,1,2
94,1986,40,36,12,75,44,898,100,final,50,0.7,0.5,chessboard,738,1,2
94,1986,40,36,12,75,44,898,100,final,50,0.7,0.5,chessboard,775,3,2
94,1986,40,36,12,75,44,898,100,final,50,0.7,0.5,chessboard,779,2,2
94,1986,40,36,12,75,44,898,100,final,50,0.7,0.5,chessboard,785,1,2
94,1986,40,36,12,75,44,898,100,final,50,0.7,0.5,chessboard,796,1,2
94,1986,40,36,12,75,44,898,100,final,50,0.7,0.5,chessboard,799,1,2
94,1986,40,36,12,75,44,898,100,final,50,0.7,0.5,chessboard,800,2,2
94,1986,40,36,12,75,44,898,100,final,50,0.7,0.5,chessboard,804,1,2
94,1986,40,36,12,75,44,898,100,final,50,0.7,0.5,chessboard,811,6,2
94,1986,40,36,12,75,44,898,100,final,50,0.7,0.5,chessboard,817,6,2
94,1986,40,36,12,75,44,898,100,final,50,0.7,0.5,chessboard,834,3,2
94,1986,40,36,12,75,44,898,100,final,50,0.7,0.5,chessboard,835,1,2
94,1986,40,36,12,75,44,898,100,final,50,0.7,0.5,chessboard,861,1,2
94,1986,40,36,12,75,44,898,100,final,50,0.7,0.5,chessboard,882,1,2
95,1988,40,38,12,75,44,898,100,final,50,0.7,0.5,chessboard,674,1,2
95,1988,40,38,12,75,44,898,100,final,50,0.7,0.5,chessboard,682,1,2
95,1988,40,38,12,75,44,898,100,final,50,0.7,0.5,chessboard,690,1,2
95,1988,40,38,12,75,44,898,100,final,50,0.7,0.5,chessboard,728,2,2
95,1988,40,38,12,75,44,898,100,final,50,0.7,0.5,chessboard,740,3,2
95,1988,40,38,12,75,44,898,100,final,50,0.7,0.5,chessboard,747,2,2
95,1988,40,38,12,75,44,898,100,final,50,0.7,0.5,chessboard,770,1,2
95,1988,40,38,12,75,44,898,100,final,50,0.7,0.5,chessboard,779,6,2
95,1988,40,38,12,75,44,898,100,final,50,0.7,0.5,chessboard,785,7,2
95,1988,40,38,12,75,44,898,100,final,50,0.7,0.5,chessboard,801,1,2
95,1988,40,38,12,75,44,898,100,final,50,0.7,0.5,chessboard,804,2,2
95,1988,40,38,12,75,44,898,100,final,50,0.7,0.5,chessboard,808,2,2
95,1988,40,38,12,75,44,898,100,final,50,0.7,0.5,chessboard,811,3,2
95,1988,40,38,12,75,44,898,100,final,50,0.7,0.5,chessboard,817,1,2
95,1988,40,38,12,75,44,898,100,final,50,0.7,0.5,chessboard,851,1,2
95,1988,40,38,12,75,44,898,100,final,50,0.7,0.5,chessboard,861,1,2
95,1988,40,38,12,75,44,898,100,final,50,0.7,0.5,chessboard,879,1,2
96,1990,40,40,12,75,44,898,100,final,50,0.7,0.5,chessboard,626,1,2
96,1990,40,40,12,75,44,898,100,final,50,0.7,0.5,chessboard,653,1,2
96,1990,40,40,12,75,44,898,100,final,50,0.7,0.5,chessboard,656,2,2
96,1990,40,40,12,75,44,898,100,final,50,0.7,0.5,chessboard,661,1,2
96,1990,40,40,12,75,44,898,100,final,50,0.7,0.5,chessboard,676,2,2
96,1990,40,40,12,75,44,898,100,final,50,0.7,0.5,chessboard,682,2,2
96,1990,40,40,12,75,44,898,100,final,50,0.7,0.5,chessboard,683,1,2
96,1990,40,40,12,75,44,898,100,final,50,0.7,0.5,chessboard,708,1,2
96,1990,40,40,12,75,44,898,100,final,50,0.7,0.5,chessboard,712,1,2
96,1990,40,40,12,75,44,898,100,final,50,0.7,0.5,chessboard,736,4,2
96,1990,40,40,12,75,44,898,100,final,50,0.7,0.5,chessboard,738,2,2
96,1990,40,40,12,75,44,898,100,final,50,0.7,0.5,chessboard,740,1,2
96,1990,40,40,12,75,44,898,100,final,50,0.7,0.5,chessboard,748,2,2
96,1990,40,40,12,75,44,898,100,final,50,0.7,0.5,chessboard,775,2,2
96,1990,40,40,12,75,44,898,100,final,50,0.7,0.5,chessboard,779,1,2
96,1990,40,40,12,75,44,898,100,final,50,0.7,0.5,chessboard,785,4,2
96,1990,40,40,12,75,44,898,100,final,50,0.7,0.5,chessboard,790,2,2
96,1990,40,40,12,75,44,898,100,final,50,0.7,0.5,chessboard,797,1,2
96,1990,40,40,12,75,44,898,100,final,50,0.7,0.5,chessboard,800,1,2
96,1990,40,40,12,75,44,898,100,final,50,0.7,0.5,chessboard,803,1,2
96,1990,40,40,12,75,44,898,100,final,50,0.7,0.5,chessboard,808,1,2
96,1990,40,40,12,75,44,898,100,final,50,0.7,0.5,chessboard,811,2,2
96,1990,40,40,12,75,44,898,100,final,50,0.7,0.5,chessboard,817,1,2
97,2009,41,9,1,216,44,898,100,final,50,0.7,0.5,chessboard,434,2,2
97,2009,41,9,1,216,44,898,100,final,50,0.7,0.5,chessboard,440,1,2
97,2009,41,9,1,216,44,898,100,final,50,0.7,0.5,chessboard,452,2,2
97,2009,41,9,1,216,44,898,100,final,50,0.7,0.5,chessboard,470,1,2
97,2009,41,9,1,216,44,898,100,final,50,0.7,0.5,chessboard,510,1,2
97,2009,41,9,1,216,44,898,100,final,50,0.7,0.5,chessboard,517,6,2
97,2009,41,9,1,216,44,898,100,final,50,0.7,0.5,chessboard,533,3,2
97,2009,41,9,1,216,44,898,100,final,50,0.7,0.5,chessboard,535,1,2
97,2009,41,9,1,216,44,898,100,final,50,0.7,0.5,chessboard,541,1,2
97,2009,41,9,1,216,44,898,100,final,50,0.7,0.5,chessboard,543,2,2
97,2009,41,9,1,216,44,898,100,final,50,0.7,0.5,chessboard,546,2,2
97,2009,41,9,1,216,44,898,100,final,50,0.7,0.5,chessboard,557,1,2
97,2009,41,9,1,216,44,898,100,final,50,0.7,0.5,chessboard,575,3,2
97,2009,41,9,1,216,44,898,100,final,50,0.7,0.5,chessboard,576,3,2
97,2009,41,9,1,216,44,898,100,final,50,0.7,0.5,chessboard,581,1,2
97,2009,41,9,1,216,44,898,100,final,50,0.7,0.5,chessboard,609,2,2
97,2009,41,9,1,216,44,898,100,final,50,0.7,0.5,chessboard,651,2,2
98,2011,41,11,1,216,44,898,100,final,50,0.7,0.5,chessboard,517,1,2
98,2011,41,11,1,216,44,898,100,final,50,0.7,0.5,chessboard,524,1,2
98,2011,41,11,1,216,44,898,100,final,50,0.7,0.5,chessboard,535,1,2
98,2011,41,11,1,216,44,898,100,final,50,0.7,0.5,chessboard,541,2,2
98,2011,41,11,1,216,44,898,100,final,50,0.7,0.5,chessboard,543,1,2
98,2011,41,11,1,216,44,898,100,final,50,0.7,0.5,chessboard,557,5,2
98,2011,41,11,1,216,44,898,100,final,50,0.7,0.5,chessboard,575,6,2
98,2011,41,11,1,216,44,898,100,final,50,0.7,0.5,chessboard,576,6,2
98,2011,41,11,1,216,44,898,100,final,50,0.7,0.5,chessboard,581,1,2
98,2011,41,11,1,216,44,898,100,final,50,0.7,0.5,chessboard,615,3,2
98,2011,41,11,1,216,44,898,100,final,50,0.7,0.5,chessboard,616,2,2
98,2011,41,11,1,216,44,898,100,final,50,0.7,0.5,chessboard,651,1,2
98,2011,41,11,1,216,44,898,100,final,50,0.7,0.5,chessboard,697,1,2
98,2011,41,11,1,216,44,898,100,final,50,0.7,0.5,chessboard,775,2,2
99,2019,41,19,15,8,44,898,100,final,50,0.7,0.5,chessboard,678,1,2
99,2019,41,19,15,8,44,898,100,final,50,0.7,0.5,chessboard,783,1,2
99,2019,41,19,15,8,44,898,100,final,50,0.7,0.5,chessboard,794,1,2
99,2019,41,19,15,8,44,898,100,final,50,0.7,0.5,chessboard,821,1,2
99,2019,41,19,15,8,44,898,100,final,50,0.7,0.5,chessboard,822,1,2
99,2019,41,19,15,8,44,898,100,final,50,0.7,0.5,chessboard,831,1,2
99,2019,41,19,15,8,44,898,100,final,50,0.7,0.5,chessboard,836,1,2
99,2019,41,19,15,8,44,898,100,final,50,0.7,0.5,chessboard,842,3,2
99,2019,41,19,15,8,44,898,100,final,50,0.7,0.5,chessboard,853,10,2
99,2019,41,19,15,8,44,898,100,final,50,0.7,0.5,chessboard,860,2,2
99,2019,41,19,15,8,44,898,100,final,50,0.7,0.5,chessboard,866,4,2
99,2019,41,19,15,8,44,898,100,final,50,0.7,0.5,chessboard,873,1,2
99,2019,41,19,15,8,44,898,100,final,50,0.7,0.5,chessboard,874,2,2
99,2019,41,19,15,8,44,898,100,final,50,0.7,0.5,chessboard,878,2,2
99,2019,41,19,15,8,44,898,100,final,50,0.7,0.5,chessboard,888,1,2
99,2019,41,19,15,8,44,898,100,final,50,0.7,0.5,chessboard,889,1,2
99,2019,41,19,15,8,44,898,100,final,50,0.7,0.5,chessboard,891,1,2
99,2019,41,19,15,8,44,898,100,final,50,0.7,0.5,chessboard,909,1,2
100,2035,41,35,12,75,44,898,100,final,50,0.7,0.5,chessboard,675,1,2
100,2035,41,35,12,75,44,898,100,final,50,0.7,0.5,chessboard,713,2,2
100,2035,41,35,12,75,44,898,100,final,50,0.7,0.5,chessboard,738,5,2
100,2035,41,35,12,75,44,898,100,final,50,0.7,0.5,chessboard,748,2,2
100,2035,41,35,12,75,44,898,100,final,50,0.7,0.5,chessboard,759,1,2
100,2035,41,35,12,75,44,898,100,final,50,0.7,0.5,chessboard,775,5,2
100,2035,41,35,12,75,44,898,100,final,50,0.7,0.5,chessboard,779,1,2
100,2035,41,35,12,75,44,898,100,final,50,0.7,0.5,chessboard,785,1,2
100,2035,41,35,12,75,44,898,100,final,50,0.7,0.5,chessboard,790,2,2
100,2035,41,35,12,75,44,898,100,final,50,0.7,0.5,chessboard,797,4,2
100,2035,41,35,12,75,44,898,100,final,50,0.7,0.5,chessboard,799,1,2
100,2035,41,35,12,75,44,898,100,final,50,0.7,0.5,chessboard,808,1,2
100,2035,41,35,12,75,44,898,100,final,50,0.7,0.5,chessboard,811,2,2
100,2035,41,35,12,75,44,898,100,final,50,0.7,0.5,chessboard,817,10,2
100,2035,41,35,12,75,44,898,100,final,50,0.7,0.5,chessboard,837,1,2
100,2035,41,35,12,75,44,898,100,final,50,0.7,0.5,chessboard,851,2,2
101,2037,41,37,12,75,44,898,100,final,50,0.7,0.5,chessboard,596,1,2
101,2037,41,37,12,75,44,898,100,final,50,0.7,0.5,chessboard,675,1,2
101,2037,41,37,12,75,44,898,100,final,50,0.7,0.5,chessboard,739,1,2
101,2037,41,37,12,75,44,898,100,final,50,0.7,0.5,chessboard,740,1,2
101,2037,41,37,12,75,44,898,100,final,50,0.7,0.5,chessboard,747,2,2
101,2037,41,37,12,75,44,898,100,final,50,0.7,0.5,chessboard,772,1,2
101,2037,41,37,12,75,44,898,100,final,50,0.7,0.5,chessboard,775,3,2
101,2037,41,37,12,75,44,898,100,final,50,0.7,0.5,chessboard,779,4,2
101,2037,41,37,12,75,44,898,100,final,50,0.7,0.5,chessboard,785,4,2
101,2037,41,37,12,75,44,898,100,final,50,0.7,0.5,chessboard,790,1,2
101,2037,41,37,12,75,44,898,100,final,50,0.7,0.5,chessboard,796,1,2
101,2037,41,37,12,75,44,898,100,final,50,0.7,0.5,chessboard,797,1,2
101,2037,41,37,12,75,44,898,100,final,50,0.7,0.5,chessboard,803,2,2
101,2037,41,37,12,75,44,898,100,final,50,0.7,0.5,chessboard,804,1,2
101,2037,41,37,12,75,44,898,100,final,50,0.7,0.5,chessboard,807,2,2
101,2037,41,37,12,75,44,898,100,final,50,0.7,0.5,chessboard,817,6,2
101,2037,41,37,12,75,44,898,100,final,50,0.7,0.5,chessboard,834,1,2
101,2037,41,37,12,75,44,898,100,final,50,0.7,0.5,chessboard,851,1,2
102,2039,41,39,12,75,44,898,100,final,50,0.7,0.5,chessboard,625,2,2
102,2039,41,39,12,75,44,898,100,final,50,0.7,0.5,chessboard,651,1,2
102,2039,41,39,12,75,44,898,100,final,50,0.7,0.5,chessboard,656,1,2
102,2039,41,39,12,75,44,898,100,final,50,0.7,0.5,chessboard,674,1,2
102,2039,41,39,12,75,44,898,100,final,50,0.7,0.5,chessboard,683,1,2
102,2039,41,39,12,75,44,898,100,final,50,0.7,0.5,chessboard,708,1,2
102,2039,41,39,12,75,44,898,100,final,50,0.7,0.5,chessboard,713,1,2
102,2039,41,39,12,75,44,898,100,final,50,0.7,0.5,chessboard,728,2,2
102,2039,41,39,12,75,44,898,100,final,50,0.7,0.5,chessboard,736,3,2
102,2039,41,39,12,75,44,898,100,final,50,0.7,0.5,chessboard,740,3,2
102,2039,41,39,12,75,44,898,100,final,50,0.7,0.5,chessboard,747,2,2
102,2039,41,39,12,75,44,898,100,final,50,0.7,0.5,chessboard,775,2,2
102,2039,41,39,12,75,44,898,100,final,50,0.7,0.5,chessboard,779,1,2
102,2039,41,39,12,75,44,898,100,final,50,0.7,0.5,chessboard,785,2,2
102,2039,41,39,12,75,44,898,100,final,50,0.7,0.5,chessboard,796,1,2
102,2039,41,39,12,75,44,898,100,final,50,0.7,0.5,chessboard,797,1,2
102,2039,41,39,12,75,44,898,100,final,50,0.7,0.5,chessboard,798,2,2
102,2039,41,39,12,75,44,898,100,final,50,0.7,0.5,chessboard,811,1,2
102,2039,41,39,12,75,44,898,100,final,50,0.7,0.5,chessboard,825,1,2
102,2039,41,39,12,75,44,898,100,final,50,0.7,0.5,chessboard,834,2,2
102,2039,41,39,12,75,44,898,100,final,50,0.7,0.5,chessboard,835,1,2
102,2039,41,39,12,75,44,898,100,final,50,0.7,0.5,chessboard,837,1,2
102,2039,41,39,12,75,44,898,100,final,50,0.7,0.5,chessboard,845,4,2
102,2039,41,39,12,75,44,898,100,final,50,0.7,0.5,chessboard,879,1,2
103,2041,41,41,12,75,44,898,100,final,50,0.7,0.5,chessboard,520,1,2
103,2041,41,41,12,75,44,898,100,final,50,0.7,0.5,chessboard,559,1,2
103,2041,41,41,12,75,44,898,100,final,50,0.7,0.5,chessboard,567,2,2
103,2041,41,41,12,75,44,898,100,final,50,0.7,0.5,chessboard,594,1,2
103,2041,41,41,12,75,44,898,100,final,50,0.7,0.5,chessboard,596,1,2
103,2041,41,41,12,75,44,898,100,final,50,0.7,0.5,chessboard,610,1,2
103,2041,41,41,12,75,44,898,100,final,50,0.7,0.5,chessboard,625,2,2
103,2041,41,41,12,75,44,898,100,final,50,0.7,0.5,chessboard,626,1,2
103,2041,41,41,12,75,44,898,100,final,50,0.7,0.5,chessboard,629,1,2
103,2041,41,41,12,75,44,898,100,final,50,0.7,0.5,chessboard,655,2,2
103,2041,41,41,12,75,44,898,100,final,50,0.7,0.5,chessboard,656,1,2
103,2041,41,41,12,75,44,898,100,final,50,0.7,0.5,chessboard,661,3,2
103,2041,41,41,12,75,44,898,100,final,50,0.7,0.5,chessboard,674,5,2
103,2041,41,41,12,75,44,898,100,final,50,0.7,0.5,chessboard,675,1,2
103,2041,41,41,12,75,44,898,100,final,50,0.7,0.5,chessboard,676,1,2
103,2041,41,41,12,75,44,898,100,final,50,0.7,0.5,chessboard,682,1,2
103,2041,41,41,12,75,44,898,100,final,50,0.7,0.5,chessboard,683,1,2
103,2041,41,41,12,75,44,898,100,final,50,0.7,0.5,chessboard,712,1,2
103,2041,41,41,12,75,44,898,100,final,50,0.7,0.5,chessboard,736,1,2
103,2041,41,41,12,75,44,898,100,final,50,0.7,0.5,chessboard,747,1,2
103,2041,41,41,12,75,44,898,100,final,50,0.7,0.5,chessboard,775,1,2
103,2041,41,41,12,75,44,898,100,final,50,0.7,0.5,chessboard,811,1,2
103,2041,41,41,12,75,44,898,100,final,50,0.7,0.5,chessboard,817,2,2
103,2041,41,41,12,75,44,898,100,final,50,0.7,0.5,chessboard,837,1,2
104,2058,42,8,1,216,44,898,100,final,50,0.7,0.5,chessboard,293,1,2
104,2058,42,8,1,216,44,898,100,final,50,0.7,0.5,chessboard,333,2,2
104,2058,42,8,1,216,44,898,100,final,50,0.7,0.5,chessboard,375,1,2
104,2058,42,8,1,216,44,898,100,final,50,0.7,0.5,chessboard,402,4,2
104,2058,42,8,1,216,44,898,100,final,50,0.7,0.5,chessboard,405,4,2
104,2058,42,8,1,216,44,898,100,final,50,0.7,0.5,chessboard,419,1,2
104,2058,42,8,1,216,44,898,100,final,50,0.7,0.5,chessboard,424,2,2
104,2058,42,8,1,216,44,898,100,final,50,0.7,0.5,chessboard,434,8,2
104,2058,42,8,1,216,44,898,100,final,50,0.7,0.5,chessboard,440,1,2
104,2058,42,8,1,216,44,898,100,final,50,0.7,0.5,chessboard,446,3,2
104,2058,42,8,1,216,44,898,100,final,50,0.7,0.5,chessboard,452,3,2
104,2058,42,8,1,216,44,898,100,final,50,0.7,0.5,chessboard,541,1,2
104,2058,42,8,1,216,44,898,100,final,50,0.7,0.5,chessboard,546,2,2
104,2058,42,8,1,216,44,898,100,final,50,0.7,0.5,chessboard,576,2,2
105,2060,42,10,1,216,44,898,100,final,50,0.7,0.5,chessboard,434,1,2
105,2060,42,10,1,216,44,898,100,final,50,0.7,0.5,chessboard,440,3,2
105,2060,42,10,1,216,44,898,100,final,50,0.7,0.5,chessboard,446,1,2
105,2060,42,10,1,216,44,898,100,final,50,0.7,0.5,chessboard,510,2,2
105,2060,42,10,1,216,44,898,100,final,50,0.7,0.5,chessboard,517,2,2
105,2060,42,10,1,216,44,898,100,final,50,0.7,0.5,chessboard,520,1,2
105,2060,42,10,1,216,44,898,100,final,50,0.7,0.5,chessboard,525,1,2
105,2060,42,10,1,216,44,898,100,final,50,0.7,0.5,chessboard,538,2,2
105,2060,42,10,1,216,44,898,100,final,50,0.7,0.5,chessboard,541,1,2
105,2060,42,10,1,216,44,898,100,final,50,0.7,0.5,chessboard,546,4,2
105,2060,42,10,1,216,44,898,100,final,50,0.7,0.5,chessboard,556,2,2
105,2060,42,10,1,216,44,898,100,final,50,0.7,0.5,chessboard,557,4,2
105,2060,42,10,1,216,44,898,100,final,50,0.7,0.5,chessboard,575,9,2
105,2060,42,10,1,216,44,898,100,final,50,0.7,0.5,chessboard,576,3,2
105,2060,42,10,1,216,44,898,100,final,50,0.7,0.5,chessboard,581,3,2
105,2060,42,10,1,216,44,898,100,final,50,0.7,0.5,chessboard,609,2,2
105,2060,42,10,1,216,44,898,100,final,50,0.7,0.5,chessboard,616,1,2
106,2062,42,12,1,216,44,898,100,final,50,0.7,0.5,chessboard,452,1,2
106,2062,42,12,1,216,44,898,100,final,50,0.7,0.5,chessboard,543,2,2
106,2062,42,12,1,216,44,898,100,final,50,0.7,0.5,chessboard,556,1,2
106,2062,42,12,1,216,44,898,100,final,50,0.7,0.5,chessboard,557,4,2
106,2062,42,12,1,216,44,898,100,final,50,0.7,0.5,chessboard,575,4,2
106,2062,42,12,1,216,44,898,100,final,50,0.7,0.5,chessboard,576,1,2
106,2062,42,12,1,216,44,898,100,final,50,0.7,0.5,chessboard,581,4,2
106,2062,42,12,1,216,44,898,100,final,50,0.7,0.5,chessboard,594,2,2
106,2062,42,12,1,216,44,898,100,final,50,0.7,0.5,chessboard,601,2,2
106,2062,42,12,1,216,44,898,100,final,50,0.7,0.5,chessboard,616,3,2
106,2062,42,12,1,216,44,898,100,final,50,0.7,0.5,chessboard,651,5,2
106,2062,42,12,1,216,44,898,100,final,50,0.7,0.5,chessboard,687,4,2
107,2068,42,18,15,8,44,898,100,final,50,0.7,0.5,chessboard,701,1,2
107,2068,42,18,15,8,44,898,100,final,50,0.7,0.5,chessboard,720,1,2
107,2068,42,18,15,8,44,898,100,final,50,0.7,0.5,chessboard,724,1,2
107,2068,42,18,15,8,44,898,100,final,50,0.7,0.5,chessboard,744,1,2
107,2068,42,18,15,8,44,898,100,final,50,0.7,0.5,chessboard,783,1,2
107,2068,42,18,15,8,44,898,100,final,50,0.7,0.5,chessboard,784,1,2
107,2068,42,18,15,8,44,898,100,final,50,0.7,0.5,chessboard,821,3,2
107,2068,42,18,15,8,44,898,100,final,50,0.7,0.5,chessboard,822,3,2
107,2068,42,18,15,8,44,898,100,final,50,0.7,0.5,chessboard,836,3,2
107,2068,42,18,15,8,44,898,100,final,50,0.7,0.5,chessboard,842,1,2
107,2068,42,18,15,8,44,898,100,final,50,0.7,0.5,chessboard,845,3,2
107,2068,42,18,15,8,44,898,100,final,50,0.7,0.5,chessboard,850,2,2
107,2068,42,18,15,8,44,898,100,final,50,0.7,0.5,chessboard,853,9,2
107,2068,42,18,15,8,44,898,100,final,50,0.7,0.5,chessboard,860,1,2
107,2068,42,18,15,8,44,898,100,final,50,0.7,0.5,chessboard,866,3,2
107,2068,42,18,15,8,44,898,100,final,50,0.7,0.5,chessboard,874,1,2
107,2068,42,18,15,8,44,898,100,final,50,0.7,0.5,chessboard,881,1,2
107,2068,42,18,15,8,44,898,100,final,50,0.7,0.5,chessboard,885,1,2
107,2068,42,18,15,8,44,898,100,final,50,0.7,0.5,chessboard,888,3,2
107,2068,42,18,15,8,44,898,100,final,50,0.7,0.5,chessboard,891,2,2
107,2068,42,18,15,8,44,898,100,final,50,0.7,0.5,chessboard,908,1,2
108,2070,42,20,15,8,44,898,100,final,50,0.7,0.5,chessboard,687,1,2
108,2070,42,20,15,8,44,898,100,final,50,0.7,0.5,chessboard,821,1,2
108,2070,42,20,15,8,44,898,100,final,50,0.7,0.5,chessboard,831,2,2
108,2070,42,20,15,8,44,898,100,final,50,0.7,0.5,chessboard,836,2,2
108,2070,42,20,15,8,44,898,100,final,50,0.7,0.5,chessboard,842,5,2
108,2070,42,20,15,8,44,898,100,final,50,0.7,0.5,chessboard,844,1,2
108,2070,42,20,15,8,44,898,100,final,50,0.7,0.5,chessboard,853,2,2
108,2070,42,20,15,8,44,898,100,final,50,0.7,0.5,chessboard,860,2,2
108,2070,42,20,15,8,44,898,100,final,50,0.7,0.5,chessboard,866,3,2
108,2070,42,20,15,8,44,898,100,final,50,0.7,0.5,chessboard,874,5,2
108,2070,42,20,15,8,44,898,100,final,50,0.7,0.5,chessboard,878,3,2
108,2070,42,20,15,8,44,898,100,final,50,0.7,0.5,chessboard,885,4,2
108,2070,42,20,15,8,44,898,100,final,50,0.7,0.5,chessboard,889,2,2
108,2070,42,20,15,8,44,898,100,final,50,0.7,0.5,chessboard,908,2,2
109,2086,42,36,12,75,44,898,100,final,50,0.7,0.5,chessboard,559,1,2
109,2086,42,36,12,75,44,898,100,final,50,0.7,0.5,chessboard,610,1,2
109,2086,42,36,12,75,44,898,100,final,50,0.7,0.5,chessboard,675,1,2
109,2086,42,36,12,75,44,898,100,final,50,0.7,0.5,chessboard,676,1,2
109,2086,42,36,12,75,44,898,100,final,50,0.7,0.5,chessboard,690,2,2
109,2086,42,36,12,75,44,898,100,final,50,0.7,0.5,chessboard,701,2,2
109,2086,42,36,12,75,44,898,100,final,50,0.7,0.5,chessboard,713,2,2
109,2086,42,36,12,75,44,898,100,final,50,0.7,0.5,chessboard,736,3,2
109,2086,42,36,12,75,44,898,100,final,50,0.7,0.5,chessboard,740,2,2
109,2086,42,36,12,75,44,898,100,final,50,0.7,0.5,chessboard,747,2,2
109,2086,42,36,12,75,44,898,100,final,50,0.7,0.5,chessboard,748,1,2
109,2086,42,36,12,75,44,898,100,final,50,0.7,0.5,chessboard,749,4,2
109,2086,42,36,12,75,44,898,100,final,50,0.7,0.5,chessboard,785,3,2
109,2086,42,36,12,75,44,898,100,final,50,0.7,0.5,chessboard,796,1,2
109,2086,42,36,12,75,44,898,100,final,50,0.7,0.5,chessboard,798,2,2
109,2086,42,36,12,75,44,898,100,final,50,0.7,0.5,chessboard,804,2,2
109,2086,42,36,12,75,44,898,100,final,50,0.7,0.5,chessboard,811,1,2
109,2086,42,36,12,75,44,898,100,final,50,0.7,0.5,chessboard,817,2,2
109,2086,42,36,12,75,44,898,100,final,50,0.7,0.5,chessboard,851,3,2
110,2088,42,38,12,75,44,898,100,final,50,0.7,0.5,chessboard,596,5,2
110,2088,42,38,12,75,44,898,100,final,50,0.7,0.5,chessboard,625,1,2
110,2088,42,38,12,75,44,898,100,final,50,0.7,0.5,chessboard,637,1,2
110,2088,42,38,12,75,44,898,100,final,50,0.7,0.5,chessboard,642,1,2
110,2088,42,38,12,75,44,898,100,final,50,0.7,0.5,chessboard,645,1,2
110,2088,42,38,12,75,44,898,100,final,50,0.7,0.5,chessboard,674,3,2
110,2088,42,38,12,75,44,898,100,final,50,0.7,0.5,chessboard,676,4,2
110,2088,42,38,12,75,44,898,100,final,50,0.7,0.5,chessboard,682,1,2
110,2088,42,38,12,75,44,898,100,final,50,0.7,0.5,chessboard,683,7,2
110,2088,42,38,12,75,44,898,100,final,50,0.7,0.5,chessboard,701,1,2
110,2088,42,38,12,75,44,898,100,final,50,0.7,0.5,chessboard,713,3,2
110,2088,42,38,12,75,44,898,100,final,50,0.7,0.5,chessboard,747,1,2
110,2088,42,38,12,75,44,898,100,final,50,0.7,0.5,chessboard,779,1,2
110,2088,42,38,12,75,44,898,100,final,50,0.7,0.5,chessboard,785,1,2
110,2088,42,38,12,75,44,898,100,final,50,0.7,0.5,chessboard,796,1,2
110,2088,42,38,12,75,44,898,100,final,50,0.7,0.5,chessboard,799,1,2
110,2088,42,38,12,75,44,898,100,final,50,0.7,0.5,chessboard,800,3,2
110,2088,42,38,12,75,44,898,100,final,50,0.7,0.5,chessboard,817,2,2
111,2090,42,40,12,75,44,898,100,final,50,0.7,0.5,chessboard,559,1,2
111,2090,42,40,12,75,44,898,100,final,50,0.7,0.5,chessboard,610,1,2
111,2090,42,40,12,75,44,898,100,final,50,0.7,0.5,chessboard,625,2,2
111,2090,42,40,12,75,44,898,100,final,50,0.7,0.5,chessboard,633,3,2
111,2090,42,40,12,75,44,898,100,final,50,0.7,0.5,chessboard,642,4,2
111,2090,42,40,12,75,44,898,100,final,50,0.7,0.5,chessboard,651,1,2
111,2090,42,40,12,75,44,898,100,final,50,0.7,0.5,chessboard,661,1,2
111,2090,42,40,12,75,44,898,100,final,50,0.7,0.5,chessboard,674,9,2
111,2090,42,40,12,75,44,898,100,final,50,0.7,0.5,chessboard,675,2,2
111,2090,42,40,12,75,44,898,100,final,50,0.7,0.5,chessboard,708,2,2
111,2090,42,40,12,75,44,898,100,final,50,0.7,0.5,chessboard,736,3,2
111,2090,42,40,12,75,44,898,100,final,50,0.7,0.5,chessboard,738,2,2
111,2090,42,40,12,75,44,898,100,final,50,0.7,0.5,chessboard,747,1,2
111,2090,42,40,12,75,44,898,100,final,50,0.7,0.5,chessboard,749,1,2
111,2090,42,40,12,75,44,898,100,final,50,0.7,0.5,chessboard,775,2,2
111,2090,42,40,12,75,44,898,100,final,50,0.7,0.5,chessboard,779,1,2
111,2090,42,40,12,75,44,898,100,final,50,0.7,0.5,chessboard,787,1,2
111,2090,42,40,12,75,44,898,100,final,50,0.7,0.5,chessboard,800,1,2
112,2092,42,42,12,75,44,898,100,final,50,0.7,0.5,chessboard,508,1,2
112,2092,42,42,12,75,44,898,100,final,50,0.7,0.5,chessboard,520,1,2
112,2092,42,42,12,75,44,898,100,final,50,0.7,0.5,chessboard,547,1,2
112,2092,42,42,12,75,44,898,100,final,50,0.7,0.5,chessboard,559,3,2
112,2092,42,42,12,75,44,898,100,final,50,0.7,0.5,chessboard,567,1,2
112,2092,42,42,12,75,44,898,100,final,50,0.7,0.5,chessboard,577,2,2
112,2092,42,42,12,75,44,898,100,final,50,0.7,0.5,chessboard,594,6,2
112,2092,42,42,12,75,44,898,100,final,50,0.7,0.5,chessboard,596,2,2
112,2092,42,42,12,75,44,898,100,final,50,0.7,0.5,chessboard,611,1,2
112,2092,42,42,12,75,44,898,100,final,50,0.7,0.5,chessboard,625,1,2
112,2092,42,42,12,75,44,898,100,final,50,0.7,0.5,chessboard,626,6,2
112,2092,42,42,12,75,44,898,100,final,50,0.7,0.5,chessboard,629,2,2
112,2092,42,42,12,75,44,898,100,final,50,0.7,0.5,chessboard,642,2,2
112,2092,42,42,12,75,44,898,100,final,50,0.7,0.5,chessboard,674,3,2
112,2092,42,42,12,75,44,898,100,final,50,0.7,0.5,chessboard,675,1,2
112,2092,42,42,12,75,44,898,100,final,50,0.7,0.5,chessboard,683,1,2
112,2092,42,42,12,75,44,898,100,final,50,0.7,0.5,chessboard,772,1,2
113,2109,43,9,1,216,44,898,100,final,50,0.7,0.5,chessboard,335,1,2
113,2109,43,9,1,216,44,898,100,final,50,0.7,0.5,chessboard,378,2,2
113,2109,43,9,1,216,44,898,100,final,50,0.7,0.5,chessboard,388,1,2
113,2109,43,9,1,216,44,898,100,final,50,0.7,0.5,chessboard,402,4,2
113,2109,43,9,1,216,44,898,100,final,50,0.7,0.5,chessboard,405,1,2
113,2109,43,9,1,216,44,898,100,final,50,0.7,0.5,chessboard,419,1,2
113,2109,43,9,1,216,44,898,100,final,50,0.7,0.5,chessboard,434,5,2
113,2109,43,9,1,216,44,898,100,final,50,0.7,0.5,chessboard,440,3,2
113,2109,43,9,1,216,44,898,100,final,50,0.7,0.5,chessboard,452,2,2
113,2109,43,9,1,216,44,898,100,final,50,0.7,0.5,chessboard,470,5,2
113,2109,43,9,1,216,44,898,100,final,50,0.7,0.5,chessboard,517,1,2
113,2109,43,9,1,216,44,898,100,final,50,0.7,0.5,chessboard,538,1,2
113,2109,43,9,1,216,44,898,100,final,50,0.7,0.5,chessboard,541,2,2
113,2109,43,9,1,216,44,898,100,final,50,0.7,0.5,chessboard,546,1,2
113,2109,43,9,1,216,44,898,100,final,50,0.7,0.5,chessboard,575,3,2
113,2109,43,9,1,216,44,898,100,final,50,0.7,0.5,chessboard,581,1,2
113,2109,43,9,1,216,44,898,100,final,50,0.7,0.5,chessboard,616,1,2
114,2111,43,11,1,216,44,898,100,final,50,0.7,0.5,chessboard,363,1,2
114,2111,43,11,1,216,44,898,100,final,50,0.7,0.5,chessboard,382,1,2
114,2111,43,11,1,216,44,898,100,final,50,0.7,0.5,chessboard,434,2,2
114,2111,43,11,1,216,44,898,100,final,50,0.7,0.5,chessboard,440,1,2
114,2111,43,11,1,216,44,898,100,final,50,0.7,0.5,chessboard,452,1,2
114,2111,43,11,1,216,44,898,100,final,50,0.7,0.5,chessboard,474,2,2
114,2111,43,11,1,216,44,898,100,final,50,0.7,0.5,chessboard,520,2,2
114,2111,43,11,1,216,44,898,100,final,50,0.7,0.5,chessboard,533,3,2
114,2111,43,11,1,216,44,898,100,final,50,0.7,0.5,chessboard,535,1,2
114,2111,43,11,1,216,44,898,100,final,50,0.7,0.5,chessboard,538,3,2
114,2111,43,11,1,216,44,898,100,final,50,0.7,0.5,chessboard,543,4,2
114,2111,43,11,1,216,44,898,100,final,50,0.7,0.5,chessboard,557,4,2
114,2111,43,11,1,216,44,898,100,final,50,0.7,0.5,chessboard,575,5,2
114,2111,43,11,1,216,44,898,100,final,50,0.7,0.5,chessboard,578,1,2
114,2111,43,11,1,216,44,898,100,final,50,0.7,0.5,chessboard,581,4,2
114,2111,43,11,1,216,44,898,100,final,50,0.7,0.5,chessboard,601,1,2
115,2113,43,13,1,216,44,898,100,final,50,0.7,0.5,chessboard,452,1,2
115,2113,43,13,1,216,44,898,100,final,50,0.7,0.5,chessboard,517,1,2
115,2113,43,13,1,216,44,898,100,final,50,0.7,0.5,chessboard,520,1,2
115,2113,43,13,1,216,44,898,100,final,50,0.7,0.5,chessboard,533,1,2
115,2113,43,13,1,216,44,898,100,final,50,0.7,0.5,chessboard,557,1,2
115,2113,43,13,1,216,44,898,100,final,50,0.7,0.5,chessboard,565,1,2
115,2113,43,13,1,216,44,898,100,final,50,0.7,0.5,chessboard,575,2,2
115,2113,43,13,1,216,44,898,100,final,50,0.7,0.5,chessboard,581,3,2
115,2113,43,13,1,216,44,898,100,final,50,0.7,0.5,chessboard,616,2,2
115,2113,43,13,1,216,44,898,100,final,50,0.7,0.5,chessboard,687,1,2
115,2113,43,13,1,216,44,898,100,final,50,0.7,0.5,chessboard,712,1,2
116,2119,43,19,15,8,44,898,100,final,50,0.7,0.5,chessboard,705,1,2
116,2119,43,19,15,8,44,898,100,final,50,0.7,0.5,chessboard,737,1,2
116,2119,43,19,15,8,44,898,100,final,50,0.7,0.5,chessboard,821,2,2
116,2119,43,19,15,8,44,898,100,final,50,0.7,0.5,chessboard,822,1,2
116,2119,43,19,15,8,44,898,100,final,50,0.7,0.5,chessboard,836,2,2
116,2119,43,19,15,8,44,898,100,final,50,0.7,0.5,chessboard,842,5,2
116,2119,43,19,15,8,44,898,100,final,50,0.7,0.5,chessboard,844,1,2
116,2119,43,19,15,8,44,898,100,final,50,0.7,0.5,chessboard,845,1,2
116,2119,43,19,15,8,44,898,100,final,50,0.7,0.5,chessboard,853,1,2
116,2119,43,19,15,8,44,898,100,final,50,0.7,0.5,chessboard,866,2,2
116,2119,43,19,15,8,44,898,100,final,50,0.7,0.5,chessboard,874,1,2
116,2119,43,19,15,8,44,898,100,final,50,0.7,0.5,chessboard,878,1,2
116,2119,43,19,15,8,44,898,100,final,50,0.7,0.5,chessboard,885,2,2
116,2119,43,19,15,8,44,898,100,final,50,0.7,0.5,chessboard,889,1,2
116,2119,43,19,15,8,44,898,100,final,50,0.7,0.5,chessboard,891,3,2
117,2135,43,35,12,75,44,898,100,final,50,0.7,0.5,chessboard,642,1,2
117,2135,43,35,12,75,44,898,100,final,50,0.7,0.5,chessboard,655,1,2
117,2135,43,35,12,75,44,898,100,final,50,0.7,0.5,chessboard,674,2,2
117,2135,43,35,12,75,44,898,100,final,50,0.7,0.5,chessboard,675,3,2
117,2135,43,35,12,75,44,898,100,final,50,0.7,0.5,chessboard,676,3,2
117,2135,43,35,12,75,44,898,100,final,50,0.7,0.5,chessboard,682,1,2
117,2135,43,35,12,75,44,898,100,final,50,0.7,0.5,chessboard,683,3,2
117,2135,43,35,12,75,44,898,100,final,50,0.7,0.5,chessboard,690,1,2
117,2135,43,35,12,75,44,898,100,final,50,0.7,0.5,chessboard,701,2,2
117,2135,43,35,12,75,44,898,100,final,50,0.7,0.5,chessboard,713,2,2
117,2135,43,35,12,75,44,898,100,final,50,0.7,0.5,chessboard,736,3,2
117,2135,43,35,12,75,44,898,100,final,50,0.7,0.5,chessboard,738,1,2
117,2135,43,35,12,75,44,898,100,final,50,0.7,0.5,chessboard,748,3,2
117,2135,43,35,12,75,44,898,100,final,50,0.7,0.5,chessboard,775,2,2
117,2135,43,35,12,75,44,898,100,final,50,0.7,0.5,chessboard,779,1,2
117,2135,43,35,12,75,44,898,100,final,50,0.7,0.5,chessboard,796,1,2
117,2135,43,35,12,75,44,898,100,final,50,0.7,0.5,chessboard,798,1,2
117,2135,43,35,12,75,44,898,100,final,50,0.7,0.5,chessboard,804,2,2
117,2135,43,35,12,75,44,898,100,final,50,0.7,0.5,chessboard,811,4,2
117,2135,43,35,12,75,44,898,100,final,50,0.7,0.5,chessboard,817,3,2
117,2135,43,35,12,75,44,898,100,final,50,0.7,0.5,chessboard,882,1,2
118,2137,43,37,12,75,44,898,100,final,50,0.7,0.5,chessboard,533,1,2
118,2137,43,37,12,75,44,898,100,final,50,0.7,0.5,chessboard,559,1,2
118,2137,43,37,12,75,44,898,100,final,50,0.7,0.5,chessboard,596,1,2
118,2137,43,37,12,75,44,898,100,final,50,0.7,0.5,chessboard,610,2,2
118,2137,43,37,12,75,44,898,100,final,50,0.7,0.5,chessboard,625,1,2
118,2137,43,37,12,75,44,898,100,final,50,0.7,0.5,chessboard,629,1,2
118,2137,43,37,12,75,44,898,100,final,50,0.7,0.5,chessboard,645,2,2
118,2137,43,37,12,75,44,898,100,final,50,0.7,0.5,chessboard,651,2,2
118,2137,43,37,12,75,44,898,100,final,50,0.7,0.5,chessboard,653,2,2
118,2137,43,37,12,75,44,898,100,final,50,0.7,0.5,chessboard,665,1,2
118,2137,43,37,12,75,44,898,100,final,50,0.7,0.5,chessboard,674,5,2
118,2137,43,37,12,75,44,898,100,final,50,0.7,0.5,chessboard,676,2,2
118,2137,43,37,12,75,44,898,100,final,50,0.7,0.5,chessboard,682,2,2
118,2137,43,37,12,75,44,898,100,final,50,0.7,0.5,chessboard,683,4,2
118,2137,43,37,12,75,44,898,100,final,50,0.7,0.5,chessboard,701,1,2
118,2137,43,37,12,75,44,898,100,final,50,0.7,0.5,chessboard,713,1,2
118,2137,43,37,12,75,44,898,100,final,50,0.7,0.5,chessboard,747,1,2
118,2137,43,37,12,75,44,898,100,final,50,0.7,0.5,chessboard,748,2,2
118,2137,43,37,12,75,44,898,100,final,50,0.7,0.5,chessboard,749,1,2
118,2137,43,37,12,75,44,898,100,final,50,0.7,0.5,chessboard,775,2,2
118,2137,43,37,12,75,44,898,100,final,50,0.7,0.5,chessboard,779,2,2
118,2137,43,37,12,75,44,898,100,final,50,0.7,0.5,chessboard,785,3,2
118,2137,43,37,12,75,44,898,100,final,50,0.7,0.5,chessboard,799,1,2
118,2137,43,37,12,75,44,898,100,final,50,0.7,0.5,chessboard,811,1,2
118,2137,43,37,12,75,44,898,100,final,50,0.7,0.5,chessboard,817,1,2
118,2137,43,37,12,75,44,898,100,final,50,0.7,0.5,chessboard,825,1,2
119,2139,43,39,12,75,44,898,100,final,50,0.7,0.5,chessboard,508,1,2
119,2139,43,39,12,75,44,898,100,final,50,0.7,0.5,chessboard,526,1,2
119,2139,43,39,12,75,44,898,100,final,50,0.7,0.5,chessboard,559,1,2
119,2139,43,39,12,75,44,898,100,final,50,0.7,0.5,chessboard,567,2,2
119,2139,43,39,12,75,44,898,100,final,50,0.7,0.5,chessboard,577,1,2
119,2139,43,39,12,75,44,898,100,final,50,0.7,0.5,chessboard,596,3,2
119,2139,43,39,12,75,44,898,100,final,50,0.7,0.5,chessboard,624,1,2
119,2139,43,39,12,75,44,898,100,final,50,0.7,0.5,chessboard,625,3,2
119,2139,43,39,12,75,44,898,100,final,50,0.7,0.5,chessboard,629,1,2
119,2139,43,39,12,75,44,898,100,final,50,0.7,0.5,chessboard,631,1,2
119,2139,43,39,12,75,44,898,100,final,50,0.7,0.5,chessboard,633,2,2
119,2139,43,39,12,75,44,898,100,final,50,0.7,0.5,chessboard,642,1,2
119,2139,43,39,12,75,44,898,100,final,50,0.7,0.5,chessboard,645,1,2
119,2139,43,39,12,75,44,898,100,final,50,0.7,0.5,chessboard,653,1,2
119,2139,43,39,12,75,44,898,100,final,50,0.7,0.5,chessboard,655,2,2
119,2139,43,39,12,75,44,898,100,final,50,0.7,0.5,chessboard,661,1,2
119,2139,43,39,12,75,44,898,100,final,50,0.7,0.5,chessboard,674,2,2
119,2139,43,39,12,75,44,898,100,final,50,0.7,0.5,chessboard,675,1,2
119,2139,43,39,12,75,44,898,100,final,50,0.7,0.5,chessboard,676,7,2
119,2139,43,39,12,75,44,898,100,final,50,0.7,0.5,chessboard,701,1,2
119,2139,43,39,12,75,44,898,100,final,50,0.7,0.5,chessboard,708,1,2
119,2139,43,39,12,75,44,898,100,final,50,0.7,0.5,chessboard,713,2,2
119,2139,43,39,12,75,44,898,100,final,50,0.7,0.5,chessboard,736,1,2
119,2139,43,39,12,75,44,898,100,final,50,0.7,0.5,chessboard,747,1,2
119,2139,43,39,12,75,44,898,100,final,50,0.7,0.5,chessboard,759,1,2
119,2139,43,39,12,75,44,898,100,final,50,0.7,0.5,chessboard,775,1,2
119,2139,43,39,12,75,44,898,100,final,50,0.7,0.5,chessboard,779,1,2
120,2158,44,8,1,216,44,898,100,final,50,0.7,0.5,chessboard,232,1,2
120,2158,44,8,1,216,44,898,100,final,50,0.7,0.5,chessboard,286,1,2
120,2158,44,8,1,216,44,898,100,final,50,0.7,0.5,chessboard,287,1,2
120,2158,44,8,1,216,44,898,100,final,50,0.7,0.5,chessboard,293,1,2
120,2158,44,8,1,216,44,898,100,final,50,0.7,0.5,chessboard,322,2,2
120,2158,44,8,1,216,44,898,100,final,50,0.7,0.5,chessboard,335,1,2
120,2158,44,8,1,216,44,898,100,final,50,0.7,0.5,chessboard,351,1,2
120,2158,44,8,1,216,44,898,100,final,50,0.7,0.5,chessboard,363,2,2
120,2158,44,8,1,216,44,898,100,final,50,0.7,0.5,chessboard,375,1,2
120,2158,44,8,1,216,44,898,100,final,50,0.7,0.5,chessboard,378,6,2
120,2158,44,8,1,216,44,898,100,final,50,0.7,0.5,chessboard,402,4,2
120,2158,44,8,1,216,44,898,100,final,50,0.7,0.5,chessboard,405,1,2
120,2158,44,8,1,216,44,898,100,final,50,0.7,0.5,chessboard,419,1,2
120,2158,44,8,1,216,44,898,100,final,50,0.7,0.5,chessboard,424,3,2
120,2158,44,8,1,216,44,898,100,final,50,0.7,0.5,chessboard,434,5,2
120,2158,44,8,1,216,44,898,100,final,50,0.7,0.5,chessboard,440,4,2
120,2158,44,8,1,216,44,898,100,final,50,0.7,0.5,chessboard,452,1,2
121,2160,44,10,1,216,44,898,100,final,50,0.7,0.5,chessboard,246,1,2
121,2160,44,10,1,216,44,898,100,final,50,0.7,0.5,chessboard,322,1,2
121,2160,44,10,1,216,44,898,100,final,50,0.7,0.5,chessboard,327,1,2
121,2160,44,10,1,216,44,898,100,final,50,0.7,0.5,chessboard,333,1,2
121,2160,44,10,1,216,44,898,100,final,50,0.7,0.5,chessboard,375,2,2
121,2160,44,10,1,216,44,898,100,final,50,0.7,0.5,chessboard,378,3,2
121,2160,44,10,1,216,44,898,100,final,50,0.7,0.5,chessboard,382,1,2
121,2160,44,10,1,216,44,898,100,final,50,0.7,0.5,chessboard,402,4,2
121,2160,44,10,1,216,44,898,100,final,50,0.7,0.5,chessboard,405,2,2
121,2160,44,10,1,216,44,898,100,final,50,0.7,0.5,chessboard,413,1,2
121,2160,44,10,1,216,44,898,100,final,50,0.7,0.5,chessboard,419,1,2
121,2160,44,10,1,216,44,898,100,final,50,0.7,0.5,chessboard,434,7,2
121,2160,44,10,1,216,44,898,100,final,50,0.7,0.5,chessboard,440,6,2
121,2160,44,10,1,216,44,898,100,final,50,0.7,0.5,chessboard,446,1,2
121,2160,44,10,1,216,44,898,100,final,50,0.7,0.5,chessboard,452,5,2
121,2160,44,10,1,216,44,898,100,final,50,0.7,0.5,chessboard,517,1,2
121,2160,44,10,1,216,44,898,100,final,50,0.7,0.5,chessboard,535,1,2
121,2160,44,10,1,216,44,898,100,final,50,0.7,0.5,chessboard,575,2,2
121,2160,44,10,1,216,44,898,100,final,50,0.7,0.5,chessboard,610,1,2
122,2166,44,16,1,216,44,898,100,final,50,0.7,0.5,chessboard,578,2,2
122,2166,44,16,1,216,44,898,100,final,50,0.7,0.5,chessboard,616,2,2
122,2166,44,16,1,216,44,898,100,final,50,0.7,0.5,chessboard,632,2,2
122,2166,44,16,1,216,44,898,100,final,50,0.7,0.5,chessboard,638,2,2
122,2166,44,16,1,216,44,898,100,final,50,0.7,0.5,chessboard,653,1,2
122,2166,44,16,1,216,44,898,100,final,50,0.7,0.5,chessboard,674,2,2
122,2166,44,16,1,216,44,898,100,final,50,0.7,0.5,chessboard,678,3,2
122,2166,44,16,1,216,44,898,100,final,50,0.7,0.5,chessboard,687,1,2
122,2166,44,16,1,216,44,898,100,final,50,0.7,0.5,chessboard,701,2,2
122,2166,44,16,1,216,44,898,100,final,50,0.7,0.5,chessboard,703,1,2
122,2166,44,16,1,216,44,898,100,final,50,0.7,0.5,chessboard,720,1,2
122,2166,44,16,1,216,44,898,100,final,50,0.7,0.5,chessboard,730,2,2
122,2166,44,16,1,216,44,898,100,final,50,0.7,0.5,chessboard,737,1,2
122,2166,44,16,1,216,44,898,100,final,50,0.7,0.5,chessboard,744,1,2
122,2166,44,16,1,216,44,898,100,final,50,0.7,0.5,chessboard,782,1,2
122,2166,44,16,1,216,44,898,100,final,50,0.7,0.5,chessboard,805,1,2
122,2166,44,16,1,216,44,898,100,final,50,0.7,0.5,chessboard,845,1,2
123,2186,44,36,12,75,44,898,100,final,50,0.7,0.5,chessboard,594,1,2
123,2186,44,36,12,75,44,898,100,final,50,0.7,0.5,chessboard,618,1,2
123,2186,44,36,12,75,44,898,100,final,50,0.7,0.5,chessboard,624,2,2
123,2186,44,36,12,75,44,898,100,final,50,0.7,0.5,chessboard,629,2,2
123,2186,44,36,12,75,44,898,100,final,50,0.7,0.5,chessboard,632,1,2
123,2186,44,36,12,75,44,898,100,final,50,0.7,0.5,chessboard,637,1,2
123,2186,44,36,12,75,44,898,100,final,50,0.7,0.5,chessboard,651,1,2
123,2186,44,36,12,75,44,898,100,final,50,0.7,0.5,chessboard,653,2,2
123,2186,44,36,12,75,44,898,100,final,50,0.7,0.5,chessboard,656,1,2
123,2186,44,36,12,75,44,898,100,final,50,0.7,0.5,chessboard,674,1,2
123,2186,44,36,12,75,44,898,100,final,50,0.7,0.5,chessboard,675,1,2
123,2186,44,36,12,75,44,898,100,final,50,0.7,0.5,chessboard,676,2,2
123,2186,44,36,12,75,44,898,100,final,50,0.7,0.5,chessboard,682,2,2
123,2186,44,36,12,75,44,898,100,final,50,0.7,0.5,chessboard,683,3,2
123,2186,44,36,12,75,44,898,100,final,50,0.7,0.5,chessboard,713,1,2
123,2186,44,36,12,75,44,898,100,final,50,0.7,0.5,chessboard,736,1,2
123,2186,44,36,12,75,44,898,100,final,50,0.7,0.5,chessboard,747,2,2
123,2186,44,36,12,75,44,898,100,final,50,0.7,0.5,chessboard,798,1,2
123,2186,44,36,12,75,44,898,100,final,50,0.7,0.5,chessboard,818,2,2
124,2188,44,38,12,75,44,898,100,final,50,0.7,0.5,chessboard,524,1,2
124,2188,44,38,12,75,44,898,100,final,50,0.7,0.5,chessboard,559,1,2
124,2188,44,38,12,75,44,898,100,final,50,0.7,0.5,chessboard,594,1,2
124,2188,44,38,12,75,44,898,100,final,50,0.7,0.5,chessboard,596,2,2
124,2188,44,38,12,75,44,898,100,final,50,0.7,0.5,chessboard,602,1,2
124,2188,44,38,12,75,44,898,100,final,50,0.7,0.5,chessboard,610,3,2
124,2188,44,38,12,75,44,898,100,final,50,0.7,0.5,chessboard,624,1,2
124,2188,44,38,12,75,44,898,100,final,50,0.7,0.5,chessboard,625,5,2
124,2188,44,38,12,75,44,898,100,final,50,0.7,0.5,chessboard,631,2,2
124,2188,44,38,12,75,44,898,100,final,50,0.7,0.5,chessboard,633,1,2
124,2188,44,38,12,75,44,898,100,final,50,0.7,0.5,chessboard,642,2,2
124,2188,44,38,12,75,44,898,100,final,50,0.7,0.5,chessboard,651,1,2
124,2188,44,38,12,75,44,898,100,final,50,0.7,0.5,chessboard,653,1,2
124,2188,44,38,12,75,44,898,100,final,50,0.7,0.5,chessboard,674,3,2
124,2188,44,38,12,75,44,898,100,final,50,0.7,0.5,chessboard,675,3,2
124,2188,44,38,12,75,44,898,100,final,50,0.7,0.5,chessboard,682,3,2
124,2188,44,38,12,75,44,898,100,final,50,0.7,0.5,chessboard,683,3,2
124,2188,44,38,12,75,44,898,100,final,50,0.7,0.5,chessboard,713,3,2
124,2188,44,38,12,75,44,898,100,final,50,0.7,0.5,chessboard,779,1,2
124,2188,44,38,12,75,44,898,100,final,50,0.7,0.5,chessboard,785,2,2
124,2188,44,38,12,75,44,898,100,final,50,0.7,0.5,chessboard,796,1,2
125,2190,44,40,12,75,44,898,100,final,50,0.7,0.5,chessboard,454,1,2
125,2190,44,40,12,75,44,898,100,final,50,0.7,0.5,chessboard,493,1,2
125,2190,44,40,12,75,44,898,100,final,50,0.7,0.5,chessboard,506,3,2
125,2190,44,40,12,75,44,898,100,final,50,0.7,0.5,chessboard,516,1,2
125,2190,44,40,12,75,44,898,100,final,50,0.7,0.5,chessboard,518,1,2
125,2190,44,40,12,75,44,898,100,final,50,0.7,0.5,chessboard,520,5,2
125,2190,44,40,12,75,44,898,100,final,50,0.7,0.5,chessboard,524,1,2
125,2190,44,40,12,75,44,898,100,final,50,0.7,0.5,chessboard,533,1,2
125,2190,44,40,12,75,44,898,100,final,50,0.7,0.5,chessboard,567,2,2
125,2190,44,40,12,75,44,898,100,final,50,0.7,0.5,chessboard,577,3,2
125,2190,44,40,12,75,44,898,100,final,50,0.7,0.5,chessboard,594,1,2
125,2190,44,40,12,75,44,898,100,final,50,0.7,0.5,chessboard,618,1,2
125,2190,44,40,12,75,44,898,100,final,50,0.7,0.5,chessboard,625,3,2
125,2190,44,40,12,75,44,898,100,final,50,0.7,0.5,chessboard,632,2,2
125,2190,44,40,12,75,44,898,100,final,50,0.7,0.5,chessboard,633,1,2
125,2190,44,40,12,75,44,898,100,final,50,0.7,0.5,chessboard,637,1,2
125,2190,44,40,12,75,44,898,100,final,50,0.7,0.5,chessboard,655,2,2
125,2190,44,40,12,75,44,898,100,final,50,0.7,0.5,chessboard,661,2,2
125,2190,44,40,12,75,44,898,100,final,50,0.7,0.5,chessboard,663,2,2
125,2190,44,40,12,75,44,898,100,final,50,0.7,0.5,chessboard,683,2,2
125,2190,44,40,12,75,44,898,100,final,50,0.7,0.5,chessboard,701,3,2
126,2194,44,44,16,1,44,898,100,final,50,0.7,0.5,chessboard,373,1,2
126,2194,44,44,16,1,44,898,100,final,50,0.7,0.5,chessboard,412,1,2
126,2194,44,44,16,1,44,898,100,final,50,0.7,0.5,chessboard,419,2,2
126,2194,44,44,16,1,44,898,100,final,50,0.7,0.5,chessboard,437,2,2
126,2194,44,44,16,1,44,898,100,final,50,0.7,0.5,chessboard,457,1,2
126,2194,44,44,16,1,44,898,100,final,50,0.7,0.5,chessboard,465,1,2
126,2194,44,44,16,1,44,898,100,final,50,0.7,0.5,chessboard,506,2,2
126,2194,44,44,16,1,44,898,100,final,50,0.7,0.5,chessboard,516,8,2
127,2209,45,9,1,216,44,898,100,final,50,0.7,0.5,chessboard,191,1,2
127,2209,45,9,1,216,44,898,100,final,50,0.7,0.5,chessboard,205,1,2
127,2209,45,9,1,216,44,898,100,final,50,0.7,0.5,chessboard,217,2,2
127,2209,45,9,1,216,44,898,100,final,50,0.7,0.5,chessboard,232,2,2
127,2209,45,9,1,216,44,898,100,final,50,0.7,0.5,chessboard,246,1,2
127,2209,45,9,1,216,44,898,100,final,50,0.7,0.5,chessboard,268,3,2
127,2209,45,9,1,216,44,898,100,final,50,0.7,0.5,chessboard,286,2,2
127,2209,45,9,1,216,44,898,100,final,50,0.7,0.5,chessboard,293,2,2
127,2209,45,9,1,216,44,898,100,final,50,0.7,0.5,chessboard,327,3,2
127,2209,45,9,1,216,44,898,100,final,50,0.7,0.5,chessboard,335,2,2
127,2209,45,9,1,216,44,898,100,final,50,0.7,0.5,chessboard,375,2,2
127,2209,45,9,1,216,44,898,100,final,50,0.7,0.5,chessboard,378,7,2
127,2209,45,9,1,216,44,898,100,final,50,0.7,0.5,chessboard,388,1,2
127,2209,45,9,1,216,44,898,100,final,50,0.7,0.5,chessboard,402,3,2
127,2209,45,9,1,216,44,898,100,final,50,0.7,0.5,chessboard,405,1,2
127,2209,45,9,1,216,44,898,100,final,50,0.7,0.5,chessboard,434,2,2
127,2209,45,9,1,216,44,898,100,final,50,0.7,0.5,chessboard,452,1,2
128,2211,45,11,1,216,44,898,100,final,50,0.7,0.5,chessboard,205,1,2
128,2211,45,11,1,216,44,898,100,final,50,0.7,0.5,chessboard,293,1,2
128,2211,45,11,1,216,44,898,100,final,50,0.7,0.5,chessboard,322,1,2
128,2211,45,11,1,216,44,898,100,final,50,0.7,0.5,chessboard,327,1,2
128,2211,45,11,1,216,44,898,100,final,50,0.7,0.5,chessboard,351,1,2
128,2211,45,11,1,216,44,898,100,final,50,0.7,0.5,chessboard,354,1,2
128,2211,45,11,1,216,44,898,100,final,50,0.7,0.5,chessboard,359,2,2
128,2211,45,11,1,216,44,898,100,final,50,0.7,0.5,chessboard,363,1,2
128,2211,45,11,1,216,44,898,100,final,50,0.7,0.5,chessboard,378,5,2
128,2211,45,11,1,216,44,898,100,final,50,0.7,0.5,chessboard,402,5,2
128,2211,45,11,1,216,44,898,100,final,50,0.7,0.5,chessboard,411,1,2
128,2211,45,11,1,216,44,898,100,final,50,0.7,0.5,chessboard,413,1,2
128,2211,45,11,1,216,44,898,100,final,50,0.7,0.5,chessboard,423,1,2
128,2211,45,11,1,216,44,898,100,final,50,0.7,0.5,chessboard,434,3,2
128,2211,45,11,1,216,44,898,100,final,50,0.7,0.5,chessboard,438,3,2
128,2211,45,11,1,216,44,898,100,final,50,0.7,0.5,chessboard,452,1,2
128,2211,45,11,1,216,44,898,100,final,50,0.7,0.5,chessboard,470,1,2
128,2211,45,11,1,216,44,898,100,final,50,0.7,0.5,chessboard,506,3,2
128,2211,45,11,1,216,44,898,100,final,50,0.7,0.5,chessboard,535,1,2
128,2211,45,11,1,216,44,898,100,final,50,0.7,0.5,chessboard,557,1,2
128,2211,45,11,1,216,44,898,100,final,50,0.7,0.5,chessboard,575,1,2
129,2217,45,17,1,216,44,898,100,final,50,0.7,0.5,chessboard,615,1,2
129,2217,45,17,1,216,44,898,100,final,50,0.7,0.5,chessboard,627,1,2
129,2217,45,17,1,216,44,898,100,final,50,0.7,0.5,chessboard,653,1,2
129,2217,45,17,1,216,44,898,100,final,50,0.7,0.5,chessboard,676,1,2
129,2217,45,17,1,216,44,898,100,final,50,0.7,0.5,chessboard,678,10,2
129,2217,45,17,1,216,44,898,100,final,50,0.7,0.5,chessboard,701,7,2
129,2217,45,17,1,216,44,898,100,final,50,0.7,0.5,chessboard,712,1,2
129,2217,45,17,1,216,44,898,100,final,50,0.7,0.5,chessboard,720,7,2
129,2217,45,17,1,216,44,898,100,final,50,0.7,0.5,chessboard,737,3,2
129,2217,45,17,1,216,44,898,100,final,50,0.7,0.5,chessboard,744,2,2
129,2217,45,17,1,216,44,898,100,final,50,0.7,0.5,chessboard,762,3,2
130,2237,45,37,12,75,44,898,100,final,50,0.7,0.5,chessboard,542,1,2
130,2237,45,37,12,75,44,898,100,final,50,0.7,0.5,chessboard,567,1,2
130,2237,45,37,12,75,44,898,100,final,50,0.7,0.5,chessboard,577,1,2
130,2237,45,37,12,75,44,898,100,final,50,0.7,0.5,chessboard,594,4,2
130,2237,45,37,12,75,44,898,100,final,50,0.7,0.5,chessboard,596,3,2
130,2237,45,37,12,75,44,898,100,final,50,0.7,0.5,chessboard,602,1,2
130,2237,45,37,12,75,44,898,100,final,50,0.7,0.5,chessboard,610,2,2
130,2237,45,37,12,75,44,898,100,final,50,0.7,0.5,chessboard,611,1,2
130,2237,45,37,12,75,44,898,100,final,50,0.7,0.5,chessboard,618,2,2
130,2237,45,37,12,75,44,898,100,final,50,0.7,0.5,chessboard,624,2,2
130,2237,45,37,12,75,44,898,100,final,50,0.7,0.5,chessboard,625,2,2
130,2237,45,37,12,75,44,898,100,final,50,0.7,0.5,chessboard,645,2,2
130,2237,45,37,12,75,44,898,100,final,50,0.7,0.5,chessboard,656,5,2
130,2237,45,37,12,75,44,898,100,final,50,0.7,0.5,chessboard,665,1,2
130,2237,45,37,12,75,44,898,100,final,50,0.7,0.5,chessboard,674,3,2
130,2237,45,37,12,75,44,898,100,final,50,0.7,0.5,chessboard,676,1,2
130,2237,45,37,12,75,44,898,100,final,50,0.7,0.5,chessboard,683,1,2
130,2237,45,37,12,75,44,898,100,final,50,0.7,0.5,chessboard,701,3,2
130,2237,45,37,12,75,44,898,100,final,50,0.7,0.5,chessboard,713,1,2
130,2237,45,37,12,75,44,898,100,final,50,0.7,0.5,chessboard,736,1,2
130,2237,45,37,12,75,44,898,100,final,50,0.7,0.5,chessboard,747,1,2
131,2239,45,39,12,75,44,898,100,final,50,0.7,0.5,chessboard,447,1,2
131,2239,45,39,12,75,44,898,100,final,50,0.7,0.5,chessboard,466,1,2
131,2239,45,39,12,75,44,898,100,final,50,0.7,0.5,chessboard,518,1,2
131,2239,45,39,12,75,44,898,100,final,50,0.7,0.5,chessboard,520,5,2
131,2239,45,39,12,75,44,898,100,final,50,0.7,0.5,chessboard,559,2,2
131,2239,45,39,12,75,44,898,100,final,50,0.7,0.5,chessboard,567,3,2
131,2239,45,39,12,75,44,898,100,final,50,0.7,0.5,chessboard,577,1,2
131,2239,45,39,12,75,44,898,100,final,50,0.7,0.5,chessboard,596,2,2
131,2239,45,39,12,75,44,898,100,final,50,0.7,0.5,chessboard,602,1,2
131,2239,45,39,12,75,44,898,100,final,50,0.7,0.5,chessboard,610,1,2
131,2239,45,39,12,75,44,898,100,final,50,0.7,0.5,chessboard,614,3,2
131,2239,45,39,12,75,44,898,100,final,50,0.7,0.5,chessboard,625,4,2
131,2239,45,39,12,75,44,898,100,final,50,0.7,0.5,chessboard,629,2,2
131,2239,45,39,12,75,44,898,100,final,50,0.7,0.5,chessboard,632,1,2
131,2239,45,39,12,75,44,898,100,final,50,0.7,0.5,chessboard,645,1,2
131,2239,45,39,12,75,44,898,100,final,50,0.7,0.5,chessboard,651,2,2
131,2239,45,39,12,75,44,898,100,final,50,0.7,0.5,chessboard,653,1,2
131,2239,45,39,12,75,44,898,100,final,50,0.7,0.5,chessboard,674,2,2
131,2239,45,39,12,75,44,898,100,final,50,0.7,0.5,chessboard,683,1,2
132,2241,45,41,12,75,44,898,100,final,50,0.7,0.5,chessboard,419,2,2
132,2241,45,41,12,75,44,898,100,final,50,0.7,0.5,chessboard,447,1,2
132,2241,45,41,12,75,44,898,100,final,50,0.7,0.5,chessboard,451,1,2
132,2241,45,41,12,75,44,898,100,final,50,0.7,0.5,chessboard,454,5,2
132,2241,45,41,12,75,44,898,100,final,50,0.7,0.5,chessboard,457,2,2
132,2241,45,41,12,75,44,898,100,final,50,0.7,0.5,chessboard,466,1,2
132,2241,45,41,12,75,44,898,100,final,50,0.7,0.5,chessboard,472,4,2
132,2241,45,41,12,75,44,898,100,final,50,0.7,0.5,chessboard,506,6,2
132,2241,45,41,12,75,44,898,100,final,50,0.7,0.5,chessboard,508,3,2
132,2241,45,41,12,75,44,898,100,final,50,0.7,0.5,chessboard,512,1,2
132,2241,45,41,12,75,44,898,100,final,50,0.7,0.5,chessboard,516,1,2
132,2241,45,41,12,75,44,898,100,final,50,0.7,0.5,chessboard,520,5,2
132,2241,45,41,12,75,44,898,100,final,50,0.7,0.5,chessboard,547,1,2
132,2241,45,41,12,75,44,898,100,final,50,0.7,0.5,chessboard,559,3,2
132,2241,45,41,12,75,44,898,100,final,50,0.7,0.5,chessboard,577,1,2
132,2241,45,41,12,75,44,898,100,final,50,0.7,0.5,chessboard,596,1,2
132,2241,45,41,12,75,44,898,100,final,50,0.7,0.5,chessboard,632,1,2
133,2243,45,43,12,75,44,898,100,final,50,0.7,0.5,chessboard,373,2,2
133,2243,45,43,12,75,44,898,100,final,50,0.7,0.5,chessboard,405,1,2
133,2243,45,43,12,75,44,898,100,final,50,0.7,0.5,chessboard,412,1,2
133,2243,45,43,12,75,44,898,100,final,50,0.7,0.5,chessboard,414,7,2
133,2243,45,43,12,75,44,898,100,final,50,0.7,0.5,chessboard,437,3,2
133,2243,45,43,12,75,44,898,100,final,50,0.7,0.5,chessboard,442,2,2
133,2243,45,43,12,75,44,898,100,final,50,0.7,0.5,chessboard,447,1,2
133,2243,45,43,12,75,44,898,100,final,50,0.7,0.5,chessboard,454,5,2
133,2243,45,43,12,75,44,898,100,final,50,0.7,0.5,chessboard,457,4,2
133,2243,45,43,12,75,44,898,100,final,50,0.7,0.5,chessboard,465,2,2
133,2243,45,43,12,75,44,898,100,final,50,0.7,0.5,chessboard,466,3,2
133,2243,45,43,12,75,44,898,100,final,50,0.7,0.5,chessboard,472,1,2
133,2243,45,43,12,75,44,898,100,final,50,0.7,0.5,chessboard,506,1,2
133,2243,45,43,12,75,44,898,100,final,50,0.7,0.5,chessboard,520,1,2
133,2243,45,43,12,75,44,898,100,final,50,0.7,0.5,chessboard,618,1,2
134,2258,46,8,1,216,44,898,100,final,50,0.7,0.5,chessboard,191,6,2
134,2258,46,8,1,216,44,898,100,final,50,0.7,0.5,chessboard,217,2,2
134,2258,46,8,1,216,44,898,100,final,50,0.7,0.5,chessboard,246,5,2
134,2258,46,8,1,216,44,898,100,final,50,0.7,0.5,chessboard,293,1,2
134,2258,46,8,1,216,44,898,100,final,50,0.7,0.5,chessboard,297,1,2
134,2258,46,8,1,216,44,898,100,final,50,0.7,0.5,chessboard,351,1,2
134,2258,46,8,1,216,44,898,100,final,50,0.7,0.5,chessboard,370,1,2
134,2258,46,8,1,216,44,898,100,final,50,0.7,0.5,chessboard,510,1,2
135,2260,46,10,1,216,44,898,100,final,50,0.7,0.5,chessboard,58,1,2
135,2260,46,10,1,216,44,898,100,final,50,0.7,0.5,chessboard,115,1,2
135,2260,46,10,1,216,44,898,100,final,50,0.7,0.5,chessboard,191,2,2
135,2260,46,10,1,216,44,898,100,final,50,0.7,0.5,chessboard,205,1,2
135,2260,46,10,1,216,44,898,100,final,50,0.7,0.5,chessboard,232,8,2
135,2260,46,10,1,216,44,898,100,final,50,0.7,0.5,chessboard,246,1,2
135,2260,46,10,1,216,44,898,100,final,50,0.7,0.5,chessboard,255,1,2
135,2260,46,10,1,216,44,898,100,final,50,0.7,0.5,chessboard,286,2,2
135,2260,46,10,1,216,44,898,100,final,50,0.7,0.5,chessboard,287,1,2
135,2260,46,10,1,216,44,898,100,final,50,0.7,0.5,chessboard,293,1,2
135,2260,46,10,1,216,44,898,100,final,50,0.7,0.5,chessboard,322,5,2
135,2260,46,10,1,216,44,898,100,final,50,0.7,0.5,chessboard,327,1,2
135,2260,46,10,1,216,44,898,100,final,50,0.7,0.5,chessboard,333,1,2
135,2260,46,10,1,216,44,898,100,final,50,0.7,0.5,chessboard,335,3,2
135,2260,46,10,1,216,44,898,100,final,50,0.7,0.5,chessboard,351,1,2
135,2260,46,10,1,216,44,898,100,final,50,0.7,0.5,chessboard,402,3,2
135,2260,46,10,1,216,44,898,100,final,50,0.7,0.5,chessboard,405,1,2
135,2260,46,10,1,216,44,898,100,final,50,0.7,0.5,chessboard,440,1,2
135,2260,46,10,1,216,44,898,100,final,50,0.7,0.5,chessboard,486,2,2
136,2262,46,12,1,216,44,898,100,final,50,0.7,0.5,chessboard,327,2,2
136,2262,46,12,1,216,44,898,100,final,50,0.7,0.5,chessboard,351,1,2
136,2262,46,12,1,216,44,898,100,final,50,0.7,0.5,chessboard,355,1,2
136,2262,46,12,1,216,44,898,100,final,50,0.7,0.5,chessboard,378,6,2
136,2262,46,12,1,216,44,898,100,final,50,0.7,0.5,chessboard,402,6,2
136,2262,46,12,1,216,44,898,100,final,50,0.7,0.5,chessboard,405,9,2
136,2262,46,12,1,216,44,898,100,final,50,0.7,0.5,chessboard,436,1,2
136,2262,46,12,1,216,44,898,100,final,50,0.7,0.5,chessboard,438,4,2
136,2262,46,12,1,216,44,898,100,final,50,0.7,0.5,chessboard,452,2,2
136,2262,46,12,1,216,44,898,100,final,50,0.7,0.5,chessboard,486,1,2
137,2266,46,16,1,216,44,898,100,final,50,0.7,0.5,chessboard,525,4,2
137,2266,46,16,1,216,44,898,100,final,50,0.7,0.5,chessboard,557,1,2
137,2266,46,16,1,216,44,898,100,final,50,0.7,0.5,chessboard,565,3,2
137,2266,46,16,1,216,44,898,100,final,50,0.7,0.5,chessboard,578,3,2
137,2266,46,16,1,216,44,898,100,final,50,0.7,0.5,chessboard,589,4,2
137,2266,46,16,1,216,44,898,100,final,50,0.7,0.5,chessboard,610,3,2
137,2266,46,16,1,216,44,898,100,final,50,0.7,0.5,chessboard,615,3,2
137,2266,46,16,1,216,44,898,100,final,50,0.7,0.5,chessboard,627,1,2
137,2266,46,16,1,216,44,898,100,final,50,0.7,0.5,chessboard,632,3,2
137,2266,46,16,1,216,44,898,100,final,50,0.7,0.5,chessboard,653,1,2
137,2266,46,16,1,216,44,898,100,final,50,0.7,0.5,chessboard,671,1,2
137,2266,46,16,1,216,44,898,100,final,50,0.7,0.5,chessboard,678,7,2
137,2266,46,16,1,216,44,898,100,final,50,0.7,0.5,chessboard,686,1,2
137,2266,46,16,1,216,44,898,100,final,50,0.7,0.5,chessboard,687,3,2
137,2266,46,16,1,216,44,898,100,final,50,0.7,0.5,chessboard,712,1,2
137,2266,46,16,1,216,44,898,100,final,50,0.7,0.5,chessboard,720,2,2
137,2266,46,16,1,216,44,898,100,final,50,0.7,0.5,chessboard,794,1,2
138,2268,46,18,1,216,44,898,100,final,50,0.7,0.5,chessboard,578,1,2
138,2268,46,18,1,216,44,898,100,final,50,0.7,0.5,chessboard,632,1,2
138,2268,46,18,1,216,44,898,100,final,50,0.7,0.5,chessboard,653,1,2
138,2268,46,18,1,216,44,898,100,final,50,0.7,0.5,chessboard,671,1,2
138,2268,46,18,1,216,44,898,100,final,50,0.7,0.5,chessboard,676,1,2
138,2268,46,18,1,216,44,898,100,final,50,0.7,0.5,chessboard,678,1,2
138,2268,46,18,1,216,44,898,100,final,50,0.7,0.5,chessboard,701,3,2
138,2268,46,18,1,216,44,898,100,final,50,0.7,0.5,chessboard,703,1,2
138,2268,46,18,1,216,44,898,100,final,50,0.7,0.5,chessboard,705,3,2
138,2268,46,18,1,216,44,898,100,final,50,0.7,0.5,chessboard,712,2,2
138,2268,46,18,1,216,44,898,100,final,50,0.7,0.5,chessboard,719,1,2
138,2268,46,18,1,216,44,898,100,final,50,0.7,0.5,chessboard,720,6,2
138,2268,46,18,1,216,44,898,100,final,50,0.7,0.5,chessboard,730,2,2
138,2268,46,18,1,216,44,898,100,final,50,0.7,0.5,chessboard,737,1,2
138,2268,46,18,1,216,44,898,100,final,50,0.7,0.5,chessboard,740,1,2
138,2268,46,18,1,216,44,898,100,final,50,0.7,0.5,chessboard,744,1,2
138,2268,46,18,1,216,44,898,100,final,50,0.7,0.5,chessboard,768,1,2
138,2268,46,18,1,216,44,898,100,final,50,0.7,0.5,chessboard,772,2,2
138,2268,46,18,1,216,44,898,100,final,50,0.7,0.5,chessboard,821,1,2
138,2268,46,18,1,216,44,898,100,final,50,0.7,0.5,chessboard,845,1,2
139,2286,46,36,12,75,44,898,100,final,50,0.7,0.5,chessboard,508,2,2
139,2286,46,36,12,75,44,898,100,final,50,0.7,0.5,chessboard,542,5,2
139,2286,46,36,12,75,44,898,100,final,50,0.7,0.5,chessboard,547,3,2
139,2286,46,36,12,75,44,898,100,final,50,0.7,0.5,chessboard,559,1,2
139,2286,46,36,12,75,44,898,100,final,50,0.7,0.5,chessboard,577,1,2
139,2286,46,36,12,75,44,898,100,final,50,0.7,0.5,chessboard,594,2,2
139,2286,46,36,12,75,44,898,100,final,50,0.7,0.5,chessboard,602,2,2
139,2286,46,36,12,75,44,898,100,final,50,0.7,0.5,chessboard,610,4,2
139,2286,46,36,12,75,44,898,100,final,50,0.7,0.5,chessboard,614,1,2
139,2286,46,36,12,75,44,898,100,final,50,0.7,0.5,chessboard,618,1,2
139,2286,46,36,12,75,44,898,100,final,50,0.7,0.5,chessboard,625,1,2
139,2286,46,36,12,75,44,898,100,final,50,0.7,0.5,chessboard,632,3,2
139,2286,46,36,12,75,44,898,100,final,50,0.7,0.5,chessboard,642,1,2
139,2286,46,36,12,75,44,898,100,final,50,0.7,0.5,chessboard,655,2,2
139,2286,46,36,12,75,44,898,100,final,50,0.7,0.5,chessboard,674,2,2
139,2286,46,36,12,75,44,898,100,final,50,0.7,0.5,chessboard,675,1,2
139,2286,46,36,12,75,44,898,100,final,50,0.7,0.5,chessboard,676,1,2
139,2286,46,36,12,75,44,898,100,final,50,0.7,0.5,chessboard,683,2,2
140,2288,46,38,12,75,44,898,100,final,50,0.7,0.5,chessboard,439,1,2
140,2288,46,38,12,75,44,898,100,final,50,0.7,0.5,chessboard,454,1,2
140,2288,46,38,12,75,44,898,100,final,50,0.7,0.5,chessboard,465,1,2
140,2288,46,38,12,75,44,898,100,final,50,0.7,0.5,chessboard,466,1,2
140,2288,46,38,12,75,44,898,100,final,50,0.7,0.5,chessboard,506,2,2
140,2288,46,38,12,75,44,898,100,final,50,0.7,0.5,chessboard,520,4,2
140,2288,46,38,12,75,44,898,100,final,50,0.7,0.5,chessboard,567,1,2
140,2288,46,38,12,75,44,898,100,final,50,0.7,0.5,chessboard,594,4,2
140,2288,46,38,12,75,44,898,100,final,50,0.7,0.5,chessboard,596,1,2
140,2288,46,38,12,75,44,898,100,final,50,0.7,0.5,chessboard,599,1,2
140,2288,46,38,12,75,44,898,100,final,50,0.7,0.5,chessboard,602,2,2
140,2288,46,38,12,75,44,898,100,final,50,0.7,0.5,chessboard,611,1,2
140,2288,46,38,12,75,44,898,100,final,50,0.7,0.5,chessboard,614,1,2
140,2288,46,38,12,75,44,898,100,final,50,0.7,0.5,chessboard,618,2,2
140,2288,46,38,12,75,44,898,100,final,50,0.7,0.5,chessboard,625,2,2
140,2288,46,38,12,75,44,898,100,final,50,0.7,0.5,chessboard,629,1,2
140,2288,46,38,12,75,44,898,100,final,50,0.7,0.5,chessboard,632,1,2
140,2288,46,38,12,75,44,898,100,final,50,0.7,0.5,chessboard,637,1,2
140,2288,46,38,12,75,44,898,100,final,50,0.7,0.5,chessboard,642,4,2
140,2288,46,38,12,75,44,898,100,final,50,0.7,0.5,chessboard,656,1,2
140,2288,46,38,12,75,44,898,100,final,50,0.7,0.5,chessboard,661,1,2
140,2288,46,38,12,75,44,898,100,final,50,0.7,0.5,chessboard,674,1,2
140,2288,46,38,12,75,44,898,100,final,50,0.7,0.5,chessboard,675,2,2
140,2288,46,38,12,75,44,898,100,final,50,0.7,0.5,chessboard,683,1,2
141,2290,46,40,12,75,44,898,100,final,50,0.7,0.5,chessboard,412,1,2
141,2290,46,40,12,75,44,898,100,final,50,0.7,0.5,chessboard,442,2,2
141,2290,46,40,12,75,44,898,100,final,50,0.7,0.5,chessboard,447,2,2
141,2290,46,40,12,75,44,898,100,final,50,0.7,0.5,chessboard,454,2,2
141,2290,46,40,12,75,44,898,100,final,50,0.7,0.5,chessboard,457,1,2
141,2290,46,40,12,75,44,898,100,final,50,0.7,0.5,chessboard,472,2,2
141,2290,46,40,12,75,44,898,100,final,50,0.7,0.5,chessboard,491,1,2
141,2290,46,40,12,75,44,898,100,final,50,0.7,0.5,chessboard,493,2,2
141,2290,46,40,12,75,44,898,100,final,50,0.7,0.5,chessboard,506,1,2
141,2290,46,40,12,75,44,898,100,final,50,0.7,0.5,chessboard,508,2,2
141,2290,46,40,12,75,44,898,100,final,50,0.7,0.5,chessboard,516,1,2
141,2290,46,40,12,75,44,898,100,final,50,0.7,0.5,chessboard,518,2,2
141,2290,46,40,12,75,44,898,100,final,50,0.7,0.5,chessboard,520,3,2
141,2290,46,40,12,75,44,898,100,final,50,0.7,0.5,chessboard,533,2,2
141,2290,46,40,12,75,44,898,100,final,50,0.7,0.5,chessboard,559,3,2
141,2290,46,40,12,75,44,898,100,final,50,0.7,0.5,chessboard,567,1,2
141,2290,46,40,12,75,44,898,100,final,50,0.7,0.5,chessboard,577,1,2
141,2290,46,40,12,75,44,898,100,final,50,0.7,0.5,chessboard,596,1,2
141,2290,46,40,12,75,44,898,100,final,50,0.7,0.5,chessboard,625,1,2
141,2290,46,40,12,75,44,898,100,final,50,0.7,0.5,chessboard,653,1,2
142,2292,46,42,12,75,44,898,100,final,50,0.7,0.5,chessboard,405,4,2
142,2292,46,42,12,75,44,898,100,final,50,0.7,0.5,chessboard,414,4,2
142,2292,46,42,12,75,44,898,100,final,50,0.7,0.5,chessboard,442,3,2
142,2292,46,42,12,75,44,898,100,final,50,0.7,0.5,chessboard,447,5,2
142,2292,46,42,12,75,44,898,100,final,50,0.7,0.5,chessboard,451,2,2
142,2292,46,42,12,75,44,898,100,final,50,0.7,0.5,chessboard,454,8,2
142,2292,46,42,12,75,44,898,100,final,50,0.7,0.5,chessboard,457,4,2
142,2292,46,42,12,75,44,898,100,final,50,0.7,0.5,chessboard,465,2,2
142,2292,46,42,12,75,44,898,100,final,50,0.7,0.5,chessboard,466,1,2
142,2292,46,42,12,75,44,898,100,final,50,0.7,0.5,chessboard,472,2,2
142,2292,46,42,12,75,44,898,100,final,50,0.7,0.5,chessboard,493,1,2
142,2292,46,42,12,75,44,898,100,final,50,0.7,0.5,chessboard,506,1,2
142,2292,46,42,12,75,44,898,100,final,50,0.7,0.5,chessboard,516,1,2
142,2292,46,42,12,75,44,898,100,final,50,0.7,0.5,chessboard,533,2,2
142,2292,46,42,12,75,44,898,100,final,50,0.7,0.5,chessboard,559,1,2
143,2294,46,44,12,75,44,898,100,final,50,0.7,0.5,chessboard,391,1,2
143,2294,46,44,12,75,44,898,100,final,50,0.7,0.5,chessboard,412,2,2
143,2294,46,44,12,75,44,898,100,final,50,0.7,0.5,chessboard,414,2,2
143,2294,46,44,12,75,44,898,100,final,50,0.7,0.5,chessboard,447,2,2
143,2294,46,44,12,75,44,898,100,final,50,0.7,0.5,chessboard,454,3,2
143,2294,46,44,12,75,44,898,100,final,50,0.7,0.5,chessboard,457,1,2
143,2294,46,44,12,75,44,898,100,final,50,0.7,0.5,chessboard,466,2,2
143,2294,46,44,12,75,44,898,100,final,50,0.7,0.5,chessboard,472,1,2
144,2305,47,5,1,216,44,898,100,final,50,0.7,0.5,chessboard,18,2,2
144,2305,47,5,1,216,44,898,100,final,50,0.7,0.5,chessboard,34,2,2
144,2305,47,5,1,216,44,898,100,final,50,0.7,0.5,chessboard,47,1,2
144,2305,47,5,1,216,44,898,100,final,50,0.7,0.5,chessboard,48,2,2
144,2305,47,5,1,216,44,898,100,final,50,0.7,0.5,chessboard,56,2,2
144,2305,47,5,1,216,44,898,100,final,50,0.7,0.5,chessboard,58,1,2
144,2305,47,5,1,216,44,898,100,final,50,0.7,0.5,chessboard,61,5,2
144,2305,47,5,1,216,44,898,100,final,50,0.7,0.5,chessboard,64,1,2
144,2305,47,5,1,216,44,898,100,final,50,0.7,0.5,chessboard,67,1,2
144,2305,47,5,1,216,44,898,100,final,50,0.7,0.5,chessboard,73,5,2
144,2305,47,5,1,216,44,898,100,final,50,0.7,0.5,chessboard,77,1,2
144,2305,47,5,1,216,44,898,100,final,50,0.7,0.5,chessboard,79,1,2
144,2305,47,5,1,216,44,898,100,final,50,0.7,0.5,chessboard,81,1,2
144,2305,47,5,1,216,44,898,100,final,50,0.7,0.5,chessboard,85,1,2
144,2305,47,5,1,216,44,898,100,final,50,0.7,0.5,chessboard,90,1,2
144,2305,47,5,1,216,44,898,100,final,50,0.7,0.5,chessboard,103,1,2
144,2305,47,5,1,216,44,898,100,final,50,0.7,0.5,chessboard,110,2,2
144,2305,47,5,1,216,44,898,100,final,50,0.7,0.5,chessboard,112,4,2
144,2305,47,5,1,216,44,898,100,final,50,0.7,0.5,chessboard,115,1,2
144,2305,47,5,1,216,44,898,100,final,50,0.7,0.5,chessboard,127,2,2
144,2305,47,5,1,216,44,898,100,final,50,0.7,0.5,chessboard,191,2,2
144,2305,47,5,1,216,44,898,100,final,50,0.7,0.5,chessboard,370,1,2
145,2315,47,15,1,216,44,898,100,final,50,0.7,0.5,chessboard,402,2,2
145,2315,47,15,1,216,44,898,100,final,50,0.7,0.5,chessboard,473,1,2
145,2315,47,15,1,216,44,898,100,final,50,0.7,0.5,chessboard,474,4,2
145,2315,47,15,1,216,44,898,100,final,50,0.7,0.5,chessboard,491,2,2
145,2315,47,15,1,216,44,898,100,final,50,0.7,0.5,chessboard,520,1,2
145,2315,47,15,1,216,44,898,100,final,50,0.7,0.5,chessboard,525,2,2
145,2315,47,15,1,216,44,898,100,final,50,0.7,0.5,chessboard,533,1,2
145,2315,47,15,1,216,44,898,100,final,50,0.7,0.5,chessboard,535,2,2
145,2315,47,15,1,216,44,898,100,final,50,0.7,0.5,chessboard,536,2,2
145,2315,47,15,1,216,44,898,100,final,50,0.7,0.5,chessboard,549,2,2
145,2315,47,15,1,216,44,898,100,final,50,0.7,0.5,chessboard,551,1,2
145,2315,47,15,1,216,44,898,100,final,50,0.7,0.5,chessboard,556,2,2
145,2315,47,15,1,216,44,898,100,final,50,0.7,0.5,chessboard,557,1,2
145,2315,47,15,1,216,44,898,100,final,50,0.7,0.5,chessboard,565,3,2
145,2315,47,15,1,216,44,898,100,final,50,0.7,0.5,chessboard,575,1,2
145,2315,47,15,1,216,44,898,100,final,50,0.7,0.5,chessboard,578,1,2
145,2315,47,15,1,216,44,898,100,final,50,0.7,0.5,chessboard,589,4,2
145,2315,47,15,1,216,44,898,100,final,50,0.7,0.5,chessboard,615,1,2
145,2315,47,15,1,216,44,898,100,final,50,0.7,0.5,chessboard,647,1,2
146,2321,47,21,1,216,44,898,100,final,50,0.7,0.5,chessboard,712,1,2
146,2321,47,21,1,216,44,898,100,final,50,0.7,0.5,chessboard,724,2,2
146,2321,47,21,1,216,44,898,100,final,50,0.7,0.5,chessboard,744,4,2
146,2321,47,21,1,216,44,898,100,final,50,0.7,0.5,chessboard,762,3,2
146,2321,47,21,1,216,44,898,100,final,50,0.7,0.5,chessboard,768,2,2
146,2321,47,21,1,216,44,898,100,final,50,0.7,0.5,chessboard,773,4,2
146,2321,47,21,1,216,44,898,100,final,50,0.7,0.5,chessboard,782,2,2
146,2321,47,21,1,216,44,898,100,final,50,0.7,0.5,chessboard,784,1,2
146,2321,47,21,1,216,44,898,100,final,50,0.7,0.5,chessboard,785,1,2
146,2321,47,21,1,216,44,898,100,final,50,0.7,0.5,chessboard,794,2,2
146,2321,47,21,1,216,44,898,100,final,50,0.7,0.5,chessboard,805,2,2
146,2321,47,21,1,216,44,898,100,final,50,0.7,0.5,chessboard,807,3,2
146,2321,47,21,1,216,44,898,100,final,50,0.7,0.5,chessboard,808,2,2
146,2321,47,21,1,216,44,898,100,final,50,0.7,0.5,chessboard,821,1,2
146,2321,47,21,1,216,44,898,100,final,50,0.7,0.5,chessboard,839,2,2
146,2321,47,21,1,216,44,898,100,final,50,0.7,0.5,chessboard,908,1,2
147,2323,47,23,1,216,44,898,100,final,50,0.7,0.5,chessboard,684,1,2
147,2323,47,23,1,216,44,898,100,final,50,0.7,0.5,chessboard,686,1,2
147,2323,47,23,1,216,44,898,100,final,50,0.7,0.5,chessboard,705,2,2
147,2323,47,23,1,216,44,898,100,final,50,0.7,0.5,chessboard,720,1,2
147,2323,47,23,1,216,44,898,100,final,50,0.7,0.5,chessboard,724,1,2
147,2323,47,23,1,216,44,898,100,final,50,0.7,0.5,chessboard,730,2,2
147,2323,47,23,1,216,44,898,100,final,50,0.7,0.5,chessboard,772,2,2
147,2323,47,23,1,216,44,898,100,final,50,0.7,0.5,chessboard,773,1,2
147,2323,47,23,1,216,44,898,100,final,50,0.7,0.5,chessboard,782,5,2
147,2323,47,23,1,216,44,898,100,final,50,0.7,0.5,chessboard,784,2,2
147,2323,47,23,1,216,44,898,100,final,50,0.7,0.5,chessboard,785,1,2
147,2323,47,23,1,216,44,898,100,final,50,0.7,0.5,chessboard,786,2,2
147,2323,47,23,1,216,44,898,100,final,50,0.7,0.5,chessboard,790,2,2
147,2323,47,23,1,216,44,898,100,final,50,0.7,0.5,chessboard,794,3,2
147,2323,47,23,1,216,44,898,100,final,50,0.7,0.5,chessboard,804,4,2
147,2323,47,23,1,216,44,898,100,final,50,0.7,0.5,chessboard,815,2,2
147,2323,47,23,1,216,44,898,100,final,50,0.7,0.5,chessboard,821,4,2
147,2323,47,23,1,216,44,898,100,final,50,0.7,0.5,chessboard,848,2,2
148,2325,47,25,1,216,44,898,100,final,50,0.7,0.5,chessboard,719,1,2
148,2325,47,25,1,216,44,898,100,final,50,0.7,0.5,chessboard,720,1,2
148,2325,47,25,1,216,44,898,100,final,50,0.7,0.5,chessboard,730,4,2
148,2325,47,25,1,216,44,898,100,final,50,0.7,0.5,chessboard,762,1,2
148,2325,47,25,1,216,44,898,100,final,50,0.7,0.5,chessboard,768,2,2
148,2325,47,25,1,216,44,898,100,final,50,0.7,0.5,chessboard,782,1,2
148,2325,47,25,1,216,44,898,100,final,50,0.7,0.5,chessboard,784,3,2
148,2325,47,25,1,216,44,898,100,final,50,0.7,0.5,chessboard,785,2,2
148,2325,47,25,1,216,44,898,100,final,50,0.7,0.5,chessboard,790,2,2
148,2325,47,25,1,216,44,898,100,final,50,0.7,0.5,chessboard,794,3,2
148,2325,47,25,1,216,44,898,100,final,50,0.7,0.5,chessboard,801,2,2
148,2325,47,25,1,216,44,898,100,final,50,0.7,0.5,chessboard,804,1,2
148,2325,47,25,1,216,44,898,100,final,50,0.7,0.5,chessboard,805,2,2
148,2325,47,25,1,216,44,898,100,final,50,0.7,0.5,chessboard,808,2,2
148,2325,47,25,1,216,44,898,100,final,50,0.7,0.5,chessboard,821,2,2
149,2341,47,41,12,75,44,898,100,final,50,0.7,0.5,chessboard,415,1,2
149,2341,47,41,12,75,44,898,100,final,50,0.7,0.5,chessboard,442,2,2
149,2341,47,41,12,75,44,898,100,final,50,0.7,0.5,chessboard,447,5,2
149,2341,47,41,12,75,44,898,100,final,50,0.7,0.5,chessboard,451,1,2
149,2341,47,41,12,75,44,898,100,final,50,0.7,0.5,chessboard,454,2,2
149,2341,47,41,12,75,44,898,100,final,50,0.7,0.5,chessboard,457,4,2
149,2341,47,41,12,75,44,898,100,final,50,0.7,0.5,chessboard,472,2,2
149,2341,47,41,12,75,44,898,100,final,50,0.7,0.5,chessboard,491,2,2
149,2341,47,41,12,75,44,898,100,final,50,0.7,0.5,chessboard,493,2,2
149,2341,47,41,12,75,44,898,100,final,50,0.7,0.5,chessboard,506,1,2
149,2341,47,41,12,75,44,898,100,final,50,0.7,0.5,chessboard,508,1,2
149,2341,47,41,12,75,44,898,100,final,50,0.7,0.5,chessboard,520,1,2
149,2341,47,41,12,75,44,898,100,final,50,0.7,0.5,chessboard,533,5,2
149,2341,47,41,12,75,44,898,100,final,50,0.7,0.5,chessboard,642,2,2
149,2341,47,41,12,75,44,898,100,final,50,0.7,0.5,chessboard,675,1,2
150,2354,48,4,1,216,44,898,100,final,50,0.7,0.5,chessboard,9,2,2
150,2354,48,4,1,216,44,898,100,final,50,0.7,0.5,chessboard,15,1,2
150,2354,48,4,1,216,44,898,100,final,50,0.7,0.5,chessboard,29,2,2
150,2354,48,4,1,216,44,898,100,final,50,0.7,0.5,chessboard,34,1,2
150,2354,48,4,1,216,44,898,100,final,50,0.7,0.5,chessboard,40,1,2
150,2354,48,4,1,216,44,898,100,final,50,0.7,0.5,chessboard,47,1,2
150,2354,48,4,1,216,44,898,100,final,50,0.7,0.5,chessboard,48,2,2
150,2354,48,4,1,216,44,898,100,final,50,0.7,0.5,chessboard,61,4,2
150,2354,48,4,1,216,44,898,100,final,50,0.7,0.5,chessboard,67,1,2
150,2354,48,4,1,216,44,898,100,final,50,0.7,0.5,chessboard,70,1,2
150,2354,48,4,1,216,44,898,100,final,50,0.7,0.5,chessboard,73,2,2
150,2354,48,4,1,216,44,898,100,final,50,0.7,0.5,chessboard,81,4,2
150,2354,48,4,1,216,44,898,100,final,50,0.7,0.5,chessboard,83,5,2
150,2354,48,4,1,216,44,898,100,final,50,0.7,0.5,chessboard,85,1,2
150,2354,48,4,1,216,44,898,100,final,50,0.7,0.5,chessboard,90,1,2
150,2354,48,4,1,216,44,898,100,final,50,0.7,0.5,chessboard,104,3,2
150,2354,48,4,1,216,44,898,100,final,50,0.7,0.5,chessboard,112,3,2
150,2354,48,4,1,216,44,898,100,final,50,0.7,0.5,chessboard,115,1,2
150,2354,48,4,1,216,44,898,100,final,50,0.7,0.5,chessboard,127,2,2
150,2354,48,4,1,216,44,898,100,final,50,0.7,0.5,chessboard,131,1,2
151,2356,48,6,1,216,44,898,100,final,50,0.7,0.5,chessboard,34,1,2
151,2356,48,6,1,216,44,898,100,final,50,0.7,0.5,chessboard,48,2,2
151,2356,48,6,1,216,44,898,100,final,50,0.7,0.5,chessboard,56,2,2
151,2356,48,6,1,216,44,898,100,final,50,0.7,0.5,chessboard,58,1,2
151,2356,48,6,1,216,44,898,100,final,50,0.7,0.5,chessboard,61,2,2
151,2356,48,6,1,216,44,898,100,final,50,0.7,0.5,chessboard,70,4,2
151,2356,48,6,1,216,44,898,100,final,50,0.7,0.5,chessboard,77,2,2
151,2356,48,6,1,216,44,898,100,final,50,0.7,0.5,chessboard,78,1,2
151,2356,48,6,1,216,44,898,100,final,50,0.7,0.5,chessboard,81,3,2
151,2356,48,6,1,216,44,898,100,final,50,0.7,0.5,chessboard,83,2,2
151,2356,48,6,1,216,44,898,100,final,50,0.7,0.5,chessboard,85,7,2
151,2356,48,6,1,216,44,898,100,final,50,0.7,0.5,chessboard,90,1,2
151,2356,48,6,1,216,44,898,100,final,50,0.7,0.5,chessboard,96,1,2
151,2356,48,6,1,216,44,898,100,final,50,0.7,0.5,chessboard,108,1,2
151,2356,48,6,1,216,44,898,100,final,50,0.7,0.5,chessboard,112,2,2
151,2356,48,6,1,216,44,898,100,final,50,0.7,0.5,chessboard,115,1,2
151,2356,48,6,1,216,44,898,100,final,50,0.7,0.5,chessboard,121,1,2
151,2356,48,6,1,216,44,898,100,final,50,0.7,0.5,chessboard,127,3,2
151,2356,48,6,1,216,44,898,100,final,50,0.7,0.5,chessboard,173,1,2
151,2356,48,6,1,216,44,898,100,final,50,0.7,0.5,chessboard,191,1,2
152,2360,48,10,1,216,44,898,100,final,50,0.7,0.5,chessboard,40,1,2
152,2360,48,10,1,216,44,898,100,final,50,0.7,0.5,chessboard,46,1,2
152,2360,48,10,1,216,44,898,100,final,50,0.7,0.5,chessboard,47,1,2
152,2360,48,10,1,216,44,898,100,final,50,0.7,0.5,chessboard,48,2,2
152,2360,48,10,1,216,44,898,100,final,50,0.7,0.5,chessboard,58,1,2
152,2360,48,10,1,216,44,898,100,final,50,0.7,0.5,chessboard,77,2,2
152,2360,48,10,1,216,44,898,100,final,50,0.7,0.5,chessboard,78,1,2
152,2360,48,10,1,216,44,898,100,final,50,0.7,0.5,chessboard,81,1,2
152,2360,48,10,1,216,44,898,100,final,50,0.7,0.5,chessboard,103,1,2
152,2360,48,10,1,216,44,898,100,final,50,0.7,0.5,chessboard,108,2,2
152,2360,48,10,1,216,44,898,100,final,50,0.7,0.5,chessboard,115,4,2
152,2360,48,10,1,216,44,898,100,final,50,0.7,0.5,chessboard,120,3,2
152,2360,48,10,1,216,44,898,100,final,50,0.7,0.5,chessboard,128,3,2
152,2360,48,10,1,216,44,898,100,final,50,0.7,0.5,chessboard,171,4,2
152,2360,48,10,1,216,44,898,100,final,50,0.7,0.5,chessboard,191,4,2
152,2360,48,10,1,216,44,898,100,final,50,0.7,0.5,chessboard,205,1,2
152,2360,48,10,1,216,44,898,100,final,50,0.7,0.5,chessboard,232,1,2
152,2360,48,10,1,216,44,898,100,final,50,0.7,0.5,chessboard,297,1,2
152,2360,48,10,1,216,44,898,100,final,50,0.7,0.5,chessboard,335,1,2
152,2360,48,10,1,216,44,898,100,final,50,0.7,0.5,chessboard,375,1,2
153,2362,48,12,1,216,44,898,100,final,50,0.7,0.5,chessboard,70,2,2
153,2362,48,12,1,216,44,898,100,final,50,0.7,0.5,chessboard,85,1,2
153,2362,48,12,1,216,44,898,100,final,50,0.7,0.5,chessboard,115,2,2
153,2362,48,12,1,216,44,898,100,final,50,0.7,0.5,chessboard,128,1,2
153,2362,48,12,1,216,44,898,100,final,50,0.7,0.5,chessboard,191,2,2
153,2362,48,12,1,216,44,898,100,final,50,0.7,0.5,chessboard,198,1,2
153,2362,48,12,1,216,44,898,100,final,50,0.7,0.5,chessboard,205,6,2
153,2362,48,12,1,216,44,898,100,final,50,0.7,0.5,chessboard,232,4,2
153,2362,48,12,1,216,44,898,100,final,50,0.7,0.5,chessboard,305,1,2
153,2362,48,12,1,216,44,898,100,final,50,0.7,0.5,chessboard,315,2,2
153,2362,48,12,1,216,44,898,100,final,50,0.7,0.5,chessboard,378,1,2
153,2362,48,12,1,216,44,898,100,final,50,0.7,0.5,chessboard,402,1,2
154,2364,48,14,1,216,44,898,100,final,50,0.7,0.5,chessboard,260,2,2
154,2364,48,14,1,216,44,898,100,final,50,0.7,0.5,chessboard,333,1,2
154,2364,48,14,1,216,44,898,100,final,50,0.7,0.5,chessboard,354,1,2
154,2364,48,14,1,216,44,898,100,final,50,0.7,0.5,chessboard,355,3,2
154,2364,48,14,1,216,44,898,100,final,50,0.7,0.5,chessboard,359,1,2
154,2364,48,14,1,216,44,898,100,final,50,0.7,0.5,chessboard,402,6,2
154,2364,48,14,1,216,44,898,100,final,50,0.7,0.5,chessboard,411,2,2
154,2364,48,14,1,216,44,898,100,final,50,0.7,0.5,chessboard,419,5,2
154,2364,48,14,1,216,44,898,100,final,50,0.7,0.5,chessboard,438,1,2
154,2364,48,14,1,216,44,898,100,final,50,0.7,0.5,chessboard,467,1,2
154,2364,48,14,1,216,44,898,100,final,50,0.7,0.5,chessboard,470,1,2
154,2364,48,14,1,216,44,898,100,final,50,0.7,0.5,chessboard,473,1,2
154,2364,48,14,1,216,44,898,100,final,50,0.7,0.5,chessboard,474,3,2
154,2364,48,14,1,216,44,898,100,final,50,0.7,0.5,chessboard,491,2,2
154,2364,48,14,1,216,44,898,100,final,50,0.7,0.5,chessboard,520,1,2
154,2364,48,14,1,216,44,898,100,final,50,0.7,0.5,chessboard,524,1,2
154,2364,48,14,1,216,44,898,100,final,50,0.7,0.5,chessboard,525,1,2
154,2364,48,14,1,216,44,898,100,final,50,0.7,0.5,chessboard,536,1,2
155,2366,48,16,1,216,44,898,100,final,50,0.7,0.5,chessboard,402,1,2
155,2366,48,16,1,216,44,898,100,final,50,0.7,0.5,chessboard,473,1,2
155,2366,48,16,1,216,44,898,100,final,50,0.7,0.5,chessboard,491,1,2
155,2366,48,16,1,216,44,898,100,final,50,0.7,0.5,chessboard,522,1,2
155,2366,48,16,1,216,44,898,100,final,50,0.7,0.5,chessboard,524,2,2
155,2366,48,16,1,216,44,898,100,final,50,0.7,0.5,chessboard,525,1,2
155,2366,48,16,1,216,44,898,100,final,50,0.7,0.5,chessboard,533,2,2
155,2366,48,16,1,216,44,898,100,final,50,0.7,0.5,chessboard,536,2,2
155,2366,48,16,1,216,44,898,100,final,50,0.7,0.5,chessboard,547,1,2
155,2366,48,16,1,216,44,898,100,final,50,0.7,0.5,chessboard,549,1,2
155,2366,48,16,1,216,44,898,100,final,50,0.7,0.5,chessboard,551,1,2
155,2366,48,16,1,216,44,898,100,final,50,0.7,0.5,chessboard,565,7,2
155,2366,48,16,1,216,44,898,100,final,50,0.7,0.5,chessboard,578,1,2
155,2366,48,16,1,216,44,898,100,final,50,0.7,0.5,chessboard,589,2,2
155,2366,48,16,1,216,44,898,100,final,50,0.7,0.5,chessboard,606,3,2
155,2366,48,16,1,216,44,898,100,final,50,0.7,0.5,chessboard,615,1,2
155,2366,48,16,1,216,44,898,100,final,50,0.7,0.5,chessboard,619,1,2
155,2366,48,16,1,216,44,898,100,final,50,0.7,0.5,chessboard,632,2,2
155,2366,48,16,1,216,44,898,100,final,50,0.7,0.5,chessboard,643,1,2
155,2366,48,16,1,216,44,898,100,final,50,0.7,0.5,chessboard,647,1,2
155,2366,48,16,1,216,44,898,100,final,50,0.7,0.5,chessboard,676,1,2
155,2366,48,16,1,216,44,898,100,final,50,0.7,0.5,chessboard,678,1,2
155,2366,48,16,1,216,44,898,100,final,50,0.7,0.5,chessboard,712,1,2
156,2368,48,18,1,216,44,898,100,final,50,0.7,0.5,chessboard,524,1,2
156,2368,48,18,1,216,44,898,100,final,50,0.7,0.5,chessboard,578,1,2
156,2368,48,18,1,216,44,898,100,final,50,0.7,0.5,chessboard,606,1,2
156,2368,48,18,1,216,44,898,100,final,50,0.7,0.5,chessboard,632,2,2
156,2368,48,18,1,216,44,898,100,final,50,0.7,0.5,chessboard,650,1,2
156,2368,48,18,1,216,44,898,100,final,50,0.7,0.5,chessboard,669,2,2
156,2368,48,18,1,216,44,898,100,final,50,0.7,0.5,chessboard,674,3,2
156,2368,48,18,1,216,44,898,100,final,50,0.7,0.5,chessboard,676,1,2
156,2368,48,18,1,216,44,898,100,final,50,0.7,0.5,chessboard,678,1,2
156,2368,48,18,1,216,44,898,100,final,50,0.7,0.5,chessboard,686,3,2
156,2368,48,18,1,216,44,898,100,final,50,0.7,0.5,chessboard,687,1,2
156,2368,48,18,1,216,44,898,100,final,50,0.7,0.5,chessboard,701,5,2
156,2368,48,18,1,216,44,898,100,final,50,0.7,0.5,chessboard,712,5,2
156,2368,48,18,1,216,44,898,100,final,50,0.7,0.5,chessboard,724,1,2
156,2368,48,18,1,216,44,898,100,final,50,0.7,0.5,chessboard,730,1,2
156,2368,48,18,1,216,44,898,100,final,50,0.7,0.5,chessboard,740,3,2
156,2368,48,18,1,216,44,898,100,final,50,0.7,0.5,chessboard,762,1,2
156,2368,48,18,1,216,44,898,100,final,50,0.7,0.5,chessboard,768,1,2
156,2368,48,18,1,216,44,898,100,final,50,0.7,0.5,chessboard,786,1,2
156,2368,48,18,1,216,44,898,100,final,50,0.7,0.5,chessboard,794,2,2
157,2370,48,20,1,216,44,898,100,final,50,0.7,0.5,chessboard,618,1,2
157,2370,48,20,1,216,44,898,100,final,50,0.7,0.5,chessboard,619,1,2
157,2370,48,20,1,216,44,898,100,final,50,0.7,0.5,chessboard,669,1,2
157,2370,48,20,1,216,44,898,100,final,50,0.7,0.5,chessboard,674,6,2
157,2370,48,20,1,216,44,898,100,final,50,0.7,0.5,chessboard,701,2,2
157,2370,48,20,1,216,44,898,100,final,50,0.7,0.5,chessboard,703,1,2
157,2370,48,20,1,216,44,898,100,final,50,0.7,0.5,chessboard,706,1,2
157,2370,48,20,1,216,44,898,100,final,50,0.7,0.5,chessboard,719,1,2
157,2370,48,20,1,216,44,898,100,final,50,0.7,0.5,chessboard,720,1,2
157,2370,48,20,1,216,44,898,100,final,50,0.7,0.5,chessboard,724,1,2
157,2370,48,20,1,216,44,898,100,final,50,0.7,0.5,chessboard,740,1,2
157,2370,48,20,1,216,44,898,100,final,50,0.7,0.5,chessboard,768,6,2
157,2370,48,20,1,216,44,898,100,final,50,0.7,0.5,chessboard,772,1,2
157,2370,48,20,1,216,44,898,100,final,50,0.7,0.5,chessboard,794,8,2
157,2370,48,20,1,216,44,898,100,final,50,0.7,0.5,chessboard,801,1,2
157,2370,48,20,1,216,44,898,100,final,50,0.7,0.5,chessboard,807,2,2
157,2370,48,20,1,216,44,898,100,final,50,0.7,0.5,chessboard,808,1,2
157,2370,48,20,1,216,44,898,100,final,50,0.7,0.5,chessboard,821,2,2
158,2372,48,22,1,216,44,898,100,final,50,0.7,0.5,chessboard,701,1,2
158,2372,48,22,1,216,44,898,100,final,50,0.7,0.5,chessboard,702,1,2
158,2372,48,22,1,216,44,898,100,final,50,0.7,0.5,chessboard,712,1,2
158,2372,48,22,1,216,44,898,100,final,50,0.7,0.5,chessboard,730,1,2
158,2372,48,22,1,216,44,898,100,final,50,0.7,0.5,chessboard,739,1,2
158,2372,48,22,1,216,44,898,100,final,50,0.7,0.5,chessboard,740,2,2
158,2372,48,22,1,216,44,898,100,final,50,0.7,0.5,chessboard,768,2,2
158,2372,48,22,1,216,44,898,100,final,50,0.7,0.5,chessboard,773,1,2
158,2372,48,22,1,216,44,898,100,final,50,0.7,0.5,chessboard,782,7,2
158,2372,48,22,1,216,44,898,100,final,50,0.7,0.5,chessboard,784,3,2
158,2372,48,22,1,216,44,898,100,final,50,0.7,0.5,chessboard,794,5,2
158,2372,48,22,1,216,44,898,100,final,50,0.7,0.5,chessboard,797,1,2
158,2372,48,22,1,216,44,898,100,final,50,0.7,0.5,chessboard,801,1,2
158,2372,48,22,1,216,44,898,100,final,50,0.7,0.5,chessboard,804,1,2
158,2372,48,22,1,216,44,898,100,final,50,0.7,0.5,chessboard,805,1,2
158,2372,48,22,1,216,44,898,100,final,50,0.7,0.5,chessboard,807,1,2
158,2372,48,22,1,216,44,898,100,final,50,0.7,0.5,chessboard,809,1,2
158,2372,48,22,1,216,44,898,100,final,50,0.7,0.5,chessboard,815,2,2
158,2372,48,22,1,216,44,898,100,final,50,0.7,0.5,chessboard,821,3,2
158,2372,48,22,1,216,44,898,100,final,50,0.7,0.5,chessboard,839,3,2
159,2374,48,24,1,216,44,898,100,final,50,0.7,0.5,chessboard,632,1,2
159,2374,48,24,1,216,44,898,100,final,50,0.7,0.5,chessboard,669,2,2
159,2374,48,24,1,216,44,898,100,final,50,0.7,0.5,chessboard,670,1,2
159,2374,48,24,1,216,44,898,100,final,50,0.7,0.5,chessboard,672,3,2
159,2374,48,24,1,216,44,898,100,final,50,0.7,0.5,chessboard,686,2,2
159,2374,48,24,1,216,44,898,100,final,50,0.7,0.5,chessboard,701,1,2
159,2374,48,24,1,216,44,898,100,final,50,0.7,0.5,chessboard,705,1,2
159,2374,48,24,1,216,44,898,100,final,50,0.7,0.5,chessboard,730,1,2
159,2374,48,24,1,216,44,898,100,final,50,0.7,0.5,chessboard,740,1,2
159,2374,48,24,1,216,44,898,100,final,50,0.7,0.5,chessboard,768,1,2
159,2374,48,24,1,216,44,898,100,final,50,0.7,0.5,chessboard,772,1,2
159,2374,48,24,1,216,44,898,100,final,50,0.7,0.5,chessboard,779,1,2
159,2374,48,24,1,216,44,898,100,final,50,0.7,0.5,chessboard,782,3,2
159,2374,48,24,1,216,44,898,100,final,50,0.7,0.5,chessboard,784,2,2
159,2374,48,24,1,216,44,898,100,final,50,0.7,0.5,chessboard,786,1,2
159,2374,48,24,1,216,44,898,100,final,50,0.7,0.5,chessboard,794,2,2
159,2374,48,24,1,216,44,898,100,final,50,0.7,0.5,chessboard,801,2,2
159,2374,48,24,1,216,44,898,100,final,50,0.7,0.5,chessboard,805,1,2
159,2374,48,24,1,216,44,898,100,final,50,0.7,0.5,chessboard,807,1,2
159,2374,48,24,1,216,44,898,100,final,50,0.7,0.5,chessboard,810,1,2
159,2374,48,24,1,216,44,898,100,final,50,0.7,0.5,chessboard,812,1,2
159,2374,48,24,1,216,44,898,100,final,50,0.7,0.5,chessboard,821,2,2
159,2374,48,24,1,216,44,898,100,final,50,0.7,0.5,chessboard,853,1,2
160,2386,48,36,12,75,44,898,100,final,50,0.7,0.5,chessboard,439,1,2
160,2386,48,36,12,75,44,898,100,final,50,0.7,0.5,chessboard,472,4,2
160,2386,48,36,12,75,44,898,100,final,50,0.7,0.5,chessboard,516,2,2
160,2386,48,36,12,75,44,898,100,final,50,0.7,0.5,chessboard,520,3,2
160,2386,48,36,12,75,44,898,100,final,50,0.7,0.5,chessboard,546,1,2
160,2386,48,36,12,75,44,898,100,final,50,0.7,0.5,chessboard,547,2,2
160,2386,48,36,12,75,44,898,100,final,50,0.7,0.5,chessboard,567,1,2
160,2386,48,36,12,75,44,898,100,final,50,0.7,0.5,chessboard,577,1,2
160,2386,48,36,12,75,44,898,100,final,50,0.7,0.5,chessboard,596,1,2
160,2386,48,36,12,75,44,898,100,final,50,0.7,0.5,chessboard,602,1,2
160,2386,48,36,12,75,44,898,100,final,50,0.7,0.5,chessboard,632,1,2
160,2386,48,36,12,75,44,898,100,final,50,0.7,0.5,chessboard,637,1,2
160,2386,48,36,12,75,44,898,100,final,50,0.7,0.5,chessboard,675,1,2
161,2392,48,42,12,75,44,898,100,final,50,0.7,0.5,chessboard,405,4,2
161,2392,48,42,12,75,44,898,100,final,50,0.7,0.5,chessboard,414,4,2
161,2392,48,42,12,75,44,898,100,final,50,0.7,0.5,chessboard,415,2,2
161,2392,48,42,12,75,44,898,100,final,50,0.7,0.5,chessboard,447,4,2
161,2392,48,42,12,75,44,898,100,final,50,0.7,0.5,chessboard,451,1,2
161,2392,48,42,12,75,44,898,100,final,50,0.7,0.5,chessboard,454,4,2
161,2392,48,42,12,75,44,898,100,final,50,0.7,0.5,chessboard,457,8,2
161,2392,48,42,12,75,44,898,100,final,50,0.7,0.5,chessboard,472,2,2
161,2392,48,42,12,75,44,898,100,final,50,0.7,0.5,chessboard,493,1,2
161,2392,48,42,12,75,44,898,100,final,50,0.7,0.5,chessboard,506,2,2
161,2392,48,42,12,75,44,898,100,final,50,0.7,0.5,chessboard,516,5,2
161,2392,48,42,12,75,44,898,100,final,50,0.7,0.5,chessboard,533,1,2
161,2392,48,42,12,75,44,898,100,final,50,0.7,0.5,chessboard,625,2,2
162,2401,49,1,1,216,44,898,100,final,50,0.7,0.5,chessboard,15,1,2
162,2401,49,1,1,216,44,898,100,final,50,0.7,0.5,chessboard,29,1,2
162,2401,49,1,1,216,44,898,100,final,50,0.7,0.5,chessboard,34,3,2
162,2401,49,1,1,216,44,898,100,final,50,0.7,0.5,chessboard,40,2,2
162,2401,49,1,1,216,44,898,100,final,50,0.7,0.5,chessboard,43,1,2
162,2401,49,1,1,216,44,898,100,final,50,0.7,0.5,chessboard,46,1,2
162,2401,49,1,1,216,44,898,100,final,50,0.7,0.5,chessboard,56,1,2
162,2401,49,1,1,216,44,898,100,final,50,0.7,0.5,chessboard,61,3,2
162,2401,49,1,1,216,44,898,100,final,50,0.7,0.5,chessboard,63,1,2
162,2401,49,1,1,216,44,898,100,final,50,0.7,0.5,chessboard,64,1,2
162,2401,49,1,1,216,44,898,100,final,50,0.7,0.5,chessboard,76,3,2
162,2401,49,1,1,216,44,898,100,final,50,0.7,0.5,chessboard,78,2,2
162,2401,49,1,1,216,44,898,100,final,50,0.7,0.5,chessboard,85,4,2
162,2401,49,1,1,216,44,898,100,final,50,0.7,0.5,chessboard,97,2,2
162,2401,49,1,1,216,44,898,100,final,50,0.7,0.5,chessboard,98,2,2
162,2401,49,1,1,216,44,898,100,final,50,0.7,0.5,chessboard,100,3,2
162,2401,49,1,1,216,44,898,100,final,50,0.7,0.5,chessboard,103,1,2
162,2401,49,1,1,216,44,898,100,final,50,0.7,0.5,chessboard,104,4,2
162,2401,49,1,1,216,44,898,100,final,50,0.7,0.5,chessboard,108,1,2
162,2401,49,1,1,216,44,898,100,final,50,0.7,0.5,chessboard,127,1,2
162,2401,49,1,1,216,44,898,100,final,50,0.7,0.5,chessboard,149,2,2
163,2403,49,3,1,216,44,898,100,final,50,0.7,0.5,chessboard,29,3,2
163,2403,49,3,1,216,44,898,100,final,50,0.7,0.5,chessboard,40,1,2
163,2403,49,3,1,216,44,898,100,final,50,0.7,0.5,chessboard,45,1,2
163,2403,49,3,1,216,44,898,100,final,50,0.7,0.5,chessboard,47,1,2
163,2403,49,3,1,216,44,898,100,final,50,0.7,0.5,chessboard,56,6,2
163,2403,49,3,1,216,44,898,100,final,50,0.7,0.5,chessboard,61,6,2
163,2403,49,3,1,216,44,898,100,final,50,0.7,0.5,chessboard,64,2,2
163,2403,49,3,1,216,44,898,100,final,50,0.7,0.5,chessboard,73,2,2
163,2403,49,3,1,216,44,898,100,final,50,0.7,0.5,chessboard,77,4,2
163,2403,49,3,1,216,44,898,100,final,50,0.7,0.5,chessboard,79,4,2
163,2403,49,3,1,216,44,898,100,final,50,0.7,0.5,chessboard,90,1,2
163,2403,49,3,1,216,44,898,100,final,50,0.7,0.5,chessboard,95,1,2
163,2403,49,3,1,216,44,898,100,final,50,0.7,0.5,chessboard,96,1,2
163,2403,49,3,1,216,44,898,100,final,50,0.7,0.5,chessboard,100,1,2
163,2403,49,3,1,216,44,898,100,final,50,0.7,0.5,chessboard,104,3,2
163,2403,49,3,1,216,44,898,100,final,50,0.7,0.5,chessboard,131,1,2
164,2405,49,5,1,216,44,898,100,final,50,0.7,0.5,chessboard,7,1,2
164,2405,49,5,1,216,44,898,100,final,50,0.7,0.5,chessboard,9,1,2
164,2405,49,5,1,216,44,898,100,final,50,0.7,0.5,chessboard,34,2,2
164,2405,49,5,1,216,44,898,100,final,50,0.7,0.5,chessboard,40,3,2
164,2405,49,5,1,216,44,898,100,final,50,0.7,0.5,chessboard,43,1,2
164,2405,49,5,1,216,44,898,100,final,50,0.7,0.5,chessboard,44,1,2
164,2405,49,5,1,216,44,898,100,final,50,0.7,0.5,chessboard,46,2,2
164,2405,49,5,1,216,44,898,100,final,50,0.7,0.5,chessboard,47,1,2
164,2405,49,5,1,216,44,898,100,final,50,0.7,0.5,chessboard,48,2,2
164,2405,49,5,1,216,44,898,100,final,50,0.7,0.5,chessboard,64,4,2
164,2405,49,5,1,216,44,898,100,final,50,0.7,0.5,chessboard,67,3,2
164,2405,49,5,1,216,44,898,100,final,50,0.7,0.5,chessboard,73,3,2
164,2405,49,5,1,216,44,898,100,final,50,0.7,0.5,chessboard,77,1,2
164,2405,49,5,1,216,44,898,100,final,50,0.7,0.5,chessboard,78,2,2
164,2405,49,5,1,216,44,898,100,final,50,0.7,0.5,chessboard,90,1,2
164,2405,49,5,1,216,44,898,100,final,50,0.7,0.5,chessboard,103,1,2
164,2405,49,5,1,216,44,898,100,final,50,0.7,0.5,chessboard,112,5,2
164,2405,49,5,1,216,44,898,100,final,50,0.7,0.5,chessboard,121,1,2
165,2407,49,7,1,216,44,898,100,final,50,0.7,0.5,chessboard,9,2,2
165,2407,49,7,1,216,44,898,100,final,50,0.7,0.5,chessboard,40,1,2
165,2407,49,7,1,216,44,898,100,final,50,0.7,0.5,chessboard,47,4,2
165,2407,49,7,1,216,44,898,100,final,50,0.7,0.5,chessboard,48,1,2
165,2407,49,7,1,216,44,898,100,final,50,0.7,0.5,chessboard,56,1,2
165,2407,49,7,1,216,44,898,100,final,50,0.7,0.5,chessboard,58,1,2
165,2407,49,7,1,216,44,898,100,final,50,0.7,0.5,chessboard,61,1,2
165,2407,49,7,1,216,44,898,100,final,50,0.7,0.5,chessboard,67,5,2
165,2407,49,7,1,216,44,898,100,final,50,0.7,0.5,chessboard,70,2,2
165,2407,49,7,1,216,44,898,100,final,50,0.7,0.5,chessboard,74,1,2
165,2407,49,7,1,216,44,898,100,final,50,0.7,0.5,chessboard,77,5,2
165,2407,49,7,1,216,44,898,100,final,50,0.7,0.5,chessboard,78,4,2
165,2407,49,7,1,216,44,898,100,final,50,0.7,0.5,chessboard,81,3,2
165,2407,49,7,1,216,44,898,100,final,50,0.7,0.5,chessboard,90,1,2
165,2407,49,7,1,216,44,898,100,final,50,0.7,0.5,chessboard,119,1,2
165,2407,49,7,1,216,44,898,100,final,50,0.7,0.5,chessboard,128,1,2
166,2409,49,9,1,216,44,898,100,final,50,0.7,0.5,chessboard,9,3,2
166,2409,49,9,1,216,44,898,100,final,50,0.7,0.5,chessboard,29,1,2
166,2409,49,9,1,216,44,898,100,final,50,0.7,0.5,chessboard,40,3,2
166,2409,49,9,1,216,44,898,100,final,50,0.7,0.5,chessboard,43,1,2
166,2409,49,9,1,216,44,898,100,final,50,0.7,0.5,chessboard,46,1,2
166,2409,49,9,1,216,44,898,100,final,50,0.7,0.5,chessboard,48,1,2
166,2409,49,9,1,216,44,898,100,final,50,0.7,0.5,chessboard,49,1,2
166,2409,49,9,1,216,44,898,100,final,50,0.7,0.5,chessboard,58,1,2
166,2409,49,9,1,216,44,898,100,final,50,0.7,0.5,chessboard,64,2,2
166,2409,49,9,1,216,44,898,100,final,50,0.7,0.5,chessboard,70,2,2
166,2409,49,9,1,216,44,898,100,final,50,0.7,0.5,chessboard,77,3,2
166,2409,49,9,1,216,44,898,100,final,50,0.7,0.5,chessboard,81,1,2
166,2409,49,9,1,216,44,898,100,final,50,0.7,0.5,chessboard,103,4,2
166,2409,49,9,1,216,44,898,100,final,50,0.7,0.5,chessboard,108,1,2
166,2409,49,9,1,216,44,898,100,final,50,0.7,0.5,chessboard,115,1,2
166,2409,49,9,1,216,44,898,100,final,50,0.7,0.5,chessboard,119,5,2
166,2409,49,9,1,216,44,898,100,final,50,0.7,0.5,chessboard,120,1,2
166,2409,49,9,1,216,44,898,100,final,50,0.7,0.5,chessboard,128,2,2
166,2409,49,9,1,216,44,898,100,final,50,0.7,0.5,chessboard,191,1,2
166,2409,49,9,1,216,44,898,100,final,50,0.7,0.5,chessboard,232,1,2
167,2415,49,15,1,216,44,898,100,final,50,0.7,0.5,chessboard,268,1,2
167,2415,49,15,1,216,44,898,100,final,50,0.7,0.5,chessboard,331,1,2
167,2415,49,15,1,216,44,898,100,final,50,0.7,0.5,chessboard,353,1,2
167,2415,49,15,1,216,44,898,100,final,50,0.7,0.5,chessboard,359,1,2
167,2415,49,15,1,216,44,898,100,final,50,0.7,0.5,chessboard,382,1,2
167,2415,49,15,1,216,44,898,100,final,50,0.7,0.5,chessboard,402,10,2
167,2415,49,15,1,216,44,898,100,final,50,0.7,0.5,chessboard,411,4,2
167,2415,49,15,1,216,44,898,100,final,50,0.7,0.5,chessboard,423,3,2
167,2415,49,15,1,216,44,898,100,final,50,0.7,0.5,chessboard,438,4,2
167,2415,49,15,1,216,44,898,100,final,50,0.7,0.5,chessboard,452,1,2
167,2415,49,15,1,216,44,898,100,final,50,0.7,0.5,chessboard,467,1,2
167,2415,49,15,1,216,44,898,100,final,50,0.7,0.5,chessboard,473,3,2
167,2415,49,15,1,216,44,898,100,final,50,0.7,0.5,chessboard,520,2,2
167,2415,49,15,1,216,44,898,100,final,50,0.7,0.5,chessboard,524,1,2
167,2415,49,15,1,216,44,898,100,final,50,0.7,0.5,chessboard,533,1,2
167,2415,49,15,1,216,44,898,100,final,50,0.7,0.5,chessboard,536,1,2
167,2415,49,15,1,216,44,898,100,final,50,0.7,0.5,chessboard,551,1,2
167,2415,49,15,1,216,44,898,100,final,50,0.7,0.5,chessboard,581,1,2
167,2415,49,15,1,216,44,898,100,final,50,0.7,0.5,chessboard,632,1,2
168,2417,49,17,1,216,44,898,100,final,50,0.7,0.5,chessboard,353,1,2
168,2417,49,17,1,216,44,898,100,final,50,0.7,0.5,chessboard,473,1,2
168,2417,49,17,1,216,44,898,100,final,50,0.7,0.5,chessboard,486,1,2
168,2417,49,17,1,216,44,898,100,final,50,0.7,0.5,chessboard,522,1,2
168,2417,49,17,1,216,44,898,100,final,50,0.7,0.5,chessboard,525,2,2
168,2417,49,17,1,216,44,898,100,final,50,0.7,0.5,chessboard,536,1,2
168,2417,49,17,1,216,44,898,100,final,50,0.7,0.5,chessboard,547,2,2
168,2417,49,17,1,216,44,898,100,final,50,0.7,0.5,chessboard,551,3,2
168,2417,49,17,1,216,44,898,100,final,50,0.7,0.5,chessboard,565,4,2
168,2417,49,17,1,216,44,898,100,final,50,0.7,0.5,chessboard,578,7,2
168,2417,49,17,1,216,44,898,100,final,50,0.7,0.5,chessboard,589,4,2
168,2417,49,17,1,216,44,898,100,final,50,0.7,0.5,chessboard,591,1,2
168,2417,49,17,1,216,44,898,100,final,50,0.7,0.5,chessboard,606,1,2
168,2417,49,17,1,216,44,898,100,final,50,0.7,0.5,chessboard,625,1,2
168,2417,49,17,1,216,44,898,100,final,50,0.7,0.5,chessboard,632,2,2
168,2417,49,17,1,216,44,898,100,final,50,0.7,0.5,chessboard,643,3,2
168,2417,49,17,1,216,44,898,100,final,50,0.7,0.5,chessboard,647,1,2
168,2417,49,17,1,216,44,898,100,final,50,0.7,0.5,chessboard,674,1,2
168,2417,49,17,1,216,44,898,100,final,50,0.7,0.5,chessboard,712,1,2
169,2419,49,19,1,216,44,898,100,final,50,0.7,0.5,chessboard,551,1,2
169,2419,49,19,1,216,44,898,100,final,50,0.7,0.5,chessboard,565,1,2
169,2419,49,19,1,216,44,898,100,final,50,0.7,0.5,chessboard,578,1,2
169,2419,49,19,1,216,44,898,100,final,50,0.7,0.5,chessboard,589,3,2
169,2419,49,19,1,216,44,898,100,final,50,0.7,0.5,chessboard,591,1,2
169,2419,49,19,1,216,44,898,100,final,50,0.7,0.5,chessboard,599,1,2
169,2419,49,19,1,216,44,898,100,final,50,0.7,0.5,chessboard,606,3,2
169,2419,49,19,1,216,44,898,100,final,50,0.7,0.5,chessboard,618,1,2
169,2419,49,19,1,216,44,898,100,final,50,0.7,0.5,chessboard,632,1,2
169,2419,49,19,1,216,44,898,100,final,50,0.7,0.5,chessboard,647,1,2
169,2419,49,19,1,216,44,898,100,final,50,0.7,0.5,chessboard,669,4,2
169,2419,49,19,1,216,44,898,100,final,50,0.7,0.5,chessboard,674,1,2
169,2419,49,19,1,216,44,898,100,final,50,0.7,0.5,chessboard,678,1,2
169,2419,49,19,1,216,44,898,100,final,50,0.7,0.5,chessboard,686,1,2
169,2419,49,19,1,216,44,898,100,final,50,0.7,0.5,chessboard,702,1,2
169,2419,49,19,1,216,44,898,100,final,50,0.7,0.5,chessboard,705,1,2
169,2419,49,19,1,216,44,898,100,final,50,0.7,0.5,chessboard,712,1,2
169,2419,49,19,1,216,44,898,100,final,50,0.7,0.5,chessboard,720,1,2
169,2419,49,19,1,216,44,898,100,final,50,0.7,0.5,chessboard,724,3,2
169,2419,49,19,1,216,44,898,100,final,50,0.7,0.5,chessboard,740,1,2
169,2419,49,19,1,216,44,898,100,final,50,0.7,0.5,chessboard,772,1,2
169,2419,49,19,1,216,44,898,100,final,50,0.7,0.5,chessboard,773,1,2
169,2419,49,19,1,216,44,898,100,final,50,0.7,0.5,chessboard,794,1,2
169,2419,49,19,1,216,44,898,100,final,50,0.7,0.5,chessboard,812,1,2
169,2419,49,19,1,216,44,898,100,final,50,0.7,0.5,chessboard,869,1,2
170,2421,49,21,1,216,44,898,100,final,50,0.7,0.5,chessboard,609,1,2
170,2421,49,21,1,216,44,898,100,final,50,0.7,0.5,chessboard,625,1,2
170,2421,49,21,1,216,44,898,100,final,50,0.7,0.5,chessboard,632,2,2
170,2421,49,21,1,216,44,898,100,final,50,0.7,0.5,chessboard,655,1,2
170,2421,49,21,1,216,44,898,100,final,50,0.7,0.5,chessboard,669,1,2
170,2421,49,21,1,216,44,898,100,final,50,0.7,0.5,chessboard,674,1,2
170,2421,49,21,1,216,44,898,100,final,50,0.7,0.5,chessboard,678,3,2
170,2421,49,21,1,216,44,898,100,final,50,0.7,0.5,chessboard,698,1,2
170,2421,49,21,1,216,44,898,100,final,50,0.7,0.5,chessboard,705,1,2
170,2421,49,21,1,216,44,898,100,final,50,0.7,0.5,chessboard,712,1,2
170,2421,49,21,1,216,44,898,100,final,50,0.7,0.5,chessboard,724,3,2
170,2421,49,21,1,216,44,898,100,final,50,0.7,0.5,chessboard,740,2,2
170,2421,49,21,1,216,44,898,100,final,50,0.7,0.5,chessboard,762,5,2
170,2421,49,21,1,216,44,898,100,final,50,0.7,0.5,chessboard,768,1,2
170,2421,49,21,1,216,44,898,100,final,50,0.7,0.5,chessboard,773,2,2
170,2421,49,21,1,216,44,898,100,final,50,0.7,0.5,chessboard,782,2,2
170,2421,49,21,1,216,44,898,100,final,50,0.7,0.5,chessboard,785,1,2
170,2421,49,21,1,216,44,898,100,final,50,0.7,0.5,chessboard,786,1,2
170,2421,49,21,1,216,44,898,100,final,50,0.7,0.5,chessboard,790,4,2
170,2421,49,21,1,216,44,898,100,final,50,0.7,0.5,chessboard,794,3,2
170,2421,49,21,1,216,44,898,100,final,50,0.7,0.5,chessboard,805,1,2
170,2421,49,21,1,216,44,898,100,final,50,0.7,0.5,chessboard,821,1,2
171,2423,49,23,1,216,44,898,100,final,50,0.7,0.5,chessboard,578,1,2
171,2423,49,23,1,216,44,898,100,final,50,0.7,0.5,chessboard,610,1,2
171,2423,49,23,1,216,44,898,100,final,50,0.7,0.5,chessboard,702,1,2
171,2423,49,23,1,216,44,898,100,final,50,0.7,0.5,chessboard,705,1,2
171,2423,49,23,1,216,44,898,100,final,50,0.7,0.5,chessboard,720,3,2
171,2423,49,23,1,216,44,898,100,final,50,0.7,0.5,chessboard,730,5,2
171,2423,49,23,1,216,44,898,100,final,50,0.7,0.5,chessboard,740,1,2
171,2423,49,23,1,216,44,898,100,final,50,0.7,0.5,chessboard,768,6,2
171,2423,49,23,1,216,44,898,100,final,50,0.7,0.5,chessboard,772,1,2
171,2423,49,23,1,216,44,898,100,final,50,0.7,0.5,chessboard,782,3,2
171,2423,49,23,1,216,44,898,100,final,50,0.7,0.5,chessboard,784,3,2
171,2423,49,23,1,216,44,898,100,final,50,0.7,0.5,chessboard,794,2,2
171,2423,49,23,1,216,44,898,100,final,50,0.7,0.5,chessboard,805,1,2
171,2423,49,23,1,216,44,898,100,final,50,0.7,0.5,chessboard,809,1,2
171,2423,49,23,1,216,44,898,100,final,50,0.7,0.5,chessboard,810,1,2
171,2423,49,23,1,216,44,898,100,final,50,0.7,0.5,chessboard,812,1,2
171,2423,49,23,1,216,44,898,100,final,50,0.7,0.5,chessboard,815,3,2
171,2423,49,23,1,216,44,898,100,final,50,0.7,0.5,chessboard,821,3,2
172,2425,49,25,1,216,44,898,100,final,50,0.7,0.5,chessboard,610,2,2
172,2425,49,25,1,216,44,898,100,final,50,0.7,0.5,chessboard,625,1,2
172,2425,49,25,1,216,44,898,100,final,50,0.7,0.5,chessboard,632,1,2
172,2425,49,25,1,216,44,898,100,final,50,0.7,0.5,chessboard,645,1,2
172,2425,49,25,1,216,44,898,100,final,50,0.7,0.5,chessboard,655,1,2
172,2425,49,25,1,216,44,898,100,final,50,0.7,0.5,chessboard,674,1,2
172,2425,49,25,1,216,44,898,100,final,50,0.7,0.5,chessboard,701,1,2
172,2425,49,25,1,216,44,898,100,final,50,0.7,0.5,chessboard,702,2,2
172,2425,49,25,1,216,44,898,100,final,50,0.7,0.5,chessboard,705,1,2
172,2425,49,25,1,216,44,898,100,final,50,0.7,0.5,chessboard,712,5,2
172,2425,49,25,1,216,44,898,100,final,50,0.7,0.5,chessboard,724,2,2
172,2425,49,25,1,216,44,898,100,final,50,0.7,0.5,chessboard,730,6,2
172,2425,49,25,1,216,44,898,100,final,50,0.7,0.5,chessboard,740,2,2
172,2425,49,25,1,216,44,898,100,final,50,0.7,0.5,chessboard,744,1,2
172,2425,49,25,1,216,44,898,100,final,50,0.7,0.5,chessboard,772,5,2
172,2425,49,25,1,216,44,898,100,final,50,0.7,0.5,chessboard,782,2,2
172,2425,49,25,1,216,44,898,100,final,50,0.7,0.5,chessboard,783,1,2
172,2425,49,25,1,216,44,898,100,final,50,0.7,0.5,chessboard,794,1,2
172,2425,49,25,1,216,44,898,100,final,50,0.7,0.5,chessboard,804,1,2
172,2425,49,25,1,216,44,898,100,final,50,0.7,0.5,chessboard,807,3,2
172,2425,49,25,1,216,44,898,100,final,50,0.7,0.5,chessboard,808,1,2
172,2425,49,25,1,216,44,898,100,final,50,0.7,0.5,chessboard,815,1,2
173,2427,49,27,1,216,44,898,100,final,50,0.7,0.5,chessboard,599,3,2
173,2427,49,27,1,216,44,898,100,final,50,0.7,0.5,chessboard,606,1,2
173,2427,49,27,1,216,44,898,100,final,50,0.7,0.5,chessboard,609,1,2
173,2427,49,27,1,216,44,898,100,final,50,0.7,0.5,chessboard,616,1,2
173,2427,49,27,1,216,44,898,100,final,50,0.7,0.5,chessboard,617,1,2
173,2427,49,27,1,216,44,898,100,final,50,0.7,0.5,chessboard,624,3,2
173,2427,49,27,1,216,44,898,100,final,50,0.7,0.5,chessboard,625,1,2
173,2427,49,27,1,216,44,898,100,final,50,0.7,0.5,chessboard,632,2,2
173,2427,49,27,1,216,44,898,100,final,50,0.7,0.5,chessboard,637,1,2
173,2427,49,27,1,216,44,898,100,final,50,0.7,0.5,chessboard,643,3,2
173,2427,49,27,1,216,44,898,100,final,50,0.7,0.5,chessboard,644,1,2
173,2427,49,27,1,216,44,898,100,final,50,0.7,0.5,chessboard,650,2,2
173,2427,49,27,1,216,44,898,100,final,50,0.7,0.5,chessboard,668,2,2
173,2427,49,27,1,216,44,898,100,final,50,0.7,0.5,chessboard,674,2,2
173,2427,49,27,1,216,44,898,100,final,50,0.7,0.5,chessboard,676,1,2
173,2427,49,27,1,216,44,898,100,final,50,0.7,0.5,chessboard,698,1,2
173,2427,49,27,1,216,44,898,100,final,50,0.7,0.5,chessboard,705,2,2
173,2427,49,27,1,216,44,898,100,final,50,0.7,0.5,chessboard,706,2,2
173,2427,49,27,1,216,44,898,100,final,50,0.7,0.5,chessboard,724,1,2
173,2427,49,27,1,216,44,898,100,final,50,0.7,0.5,chessboard,740,1,2
173,2427,49,27,1,216,44,898,100,final,50,0.7,0.5,chessboard,784,1,2
173,2427,49,27,1,216,44,898,100,final,50,0.7,0.5,chessboard,839,1,2
174,2429,49,29,1,216,44,898,100,final,50,0.7,0.5,chessboard,538,1,2
174,2429,49,29,1,216,44,898,100,final,50,0.7,0.5,chessboard,546,1,2
174,2429,49,29,1,216,44,898,100,final,50,0.7,0.5,chessboard,562,2,2
174,2429,49,29,1,216,44,898,100,final,50,0.7,0.5,chessboard,583,3,2
174,2429,49,29,1,216,44,898,100,final,50,0.7,0.5,chessboard,587,4,2
174,2429,49,29,1,216,44,898,100,final,50,0.7,0.5,chessboard,599,3,2
174,2429,49,29,1,216,44,898,100,final,50,0.7,0.5,chessboard,600,1,2
174,2429,49,29,1,216,44,898,100,final,50,0.7,0.5,chessboard,606,1,2
174,2429,49,29,1,216,44,898,100,final,50,0.7,0.5,chessboard,610,1,2
174,2429,49,29,1,216,44,898,100,final,50,0.7,0.5,chessboard,617,1,2
174,2429,49,29,1,216,44,898,100,final,50,0.7,0.5,chessboard,619,1,2
174,2429,49,29,1,216,44,898,100,final,50,0.7,0.5,chessboard,625,1,2
174,2429,49,29,1,216,44,898,100,final,50,0.7,0.5,chessboard,629,1,2
174,2429,49,29,1,216,44,898,100,final,50,0.7,0.5,chessboard,632,1,2
174,2429,49,29,1,216,44,898,100,final,50,0.7,0.5,chessboard,637,2,2
174,2429,49,29,1,216,44,898,100,final,50,0.7,0.5,chessboard,643,2,2
174,2429,49,29,1,216,44,898,100,final,50,0.7,0.5,chessboard,644,1,2
174,2429,49,29,1,216,44,898,100,final,50,0.7,0.5,chessboard,650,1,2
174,2429,49,29,1,216,44,898,100,final,50,0.7,0.5,chessboard,676,1,2
174,2429,49,29,1,216,44,898,100,final,50,0.7,0.5,chessboard,783,1,2
175,2449,49,49,2,7,44,898,100,final,50,0.7,0.5,chessboard,15,1,2
175,2449,49,49,2,7,44,898,100,final,50,0.7,0.5,chessboard,56,1,2
175,2449,49,49,2,7,44,898,100,final,50,0.7,0.5,chessboard,61,1,2
175,2449,49,49,2,7,44,898,100,final,50,0.7,0.5,chessboard,78,4,2
175,2449,49,49,2,7,44,898,100,final,50,0.7,0.5,chessboard,83,1,2
175,2449,49,49,2,7,44,898,100,final,50,0.7,0.5,chessboard,85,4,2
175,2449,49,49,2,7,44,898,100,final,50,0.7,0.5,chessboard,97,4,2
175,2449,49,49,2,7,44,898,100,final,50,0.7,0.5,chessboard,98,9,2
175,2449,49,49,2,7,44,898,100,final,50,0.7,0.5,chessboard,103,2,2
175,2449,49,49,2,7,44,898,100,final,50,0.7,0.5,chessboard,104,3,2
175,2449,49,49,2,7,44,898,100,final,50,0.7,0.5,chessboard,108,1,2
175,2449,49,49,2,7,44,898,100,final,50,0.7,0.5,chessboard,121,7,2
175,2449,49,49,2,7,44,898,100,final,50,0.7,0.5,chessboard,131,1,2
176,2452,50,2,1,216,44,898,100,final,50,0.7,0.5,chessboard,15,2,2
176,2452,50,2,1,216,44,898,100,final,50,0.7,0.5,chessboard,34,2,2
176,2452,50,2,1,216,44,898,100,final,50,0.7,0.5,chessboard,40,1,2
176,2452,50,2,1,216,44,898,100,final,50,0.7,0.5,chessboard,43,1,2
176,2452,50,2,1,216,44,898,100,final,50,0.7,0.5,chessboard,46,1,2
176,2452,50,2,1,216,44,898,100,final,50,0.7,0.5,chessboard,48,1,2
176,2452,50,2,1,216,44,898,100,final,50,0.7,0.5,chessboard,56,3,2
176,2452,50,2,1,216,44,898,100,final,50,0.7,0.5,chessboard,61,1,2
176,2452,50,2,1,216,44,898,100,final,50,0.7,0.5,chessboard,64,1,2
176,2452,50,2,1,216,44,898,100,final,50,0.7,0.5,chessboard,70,2,2
176,2452,50,2,1,216,44,898,100,final,50,0.7,0.5,chessboard,73,2,2
176,2452,50,2,1,216,44,898,100,final,50,0.7,0.5,chessboard,78,2,2
176,2452,50,2,1,216,44,898,100,final,50,0.7,0.5,chessboard,83,5,2
176,2452,50,2,1,216,44,898,100,final,50,0.7,0.5,chessboard,89,1,2
176,2452,50,2,1,216,44,898,100,final,50,0.7,0.5,chessboard,90,3,2
176,2452,50,2,1,216,44,898,100,final,50,0.7,0.5,chessboard,95,1,2
176,2452,50,2,1,216,44,898,100,final,50,0.7,0.5,chessboard,97,3,2
176,2452,50,2,1,216,44,898,100,final,50,0.7,0.5,chessboard,98,1,2
176,2452,50,2,1,216,44,898,100,final,50,0.7,0.5,chessboard,104,2,2
176,2452,50,2,1,216,44,898,100,final,50,0.7,0.5,chessboard,108,1,2
176,2452,50,2,1,216,44,898,100,final,50,0.7,0.5,chessboard,121,1,2
176,2452,50,2,1,216,44,898,100,final,50,0.7,0.5,chessboard,131,1,2
176,2452,50,2,1,216,44,898,100,final,50,0.7,0.5,chessboard,154,1,2
177,2454,50,4,1,216,44,898,100,final,50,0.7,0.5,chessboard,18,2,2
177,2454,50,4,1,216,44,898,100,final,50,0.7,0.5,chessboard,29,1,2
177,2454,50,4,1,216,44,898,100,final,50,0.7,0.5,chessboard,34,2,2
177,2454,50,4,1,216,44,898,100,final,50,0.7,0.5,chessboard,40,4,2
177,2454,50,4,1,216,44,898,100,final,50,0.7,0.5,chessboard,41,1,2
177,2454,50,4,1,216,44,898,100,final,50,0.7,0.5,chessboard,43,3,2
177,2454,50,4,1,216,44,898,100,final,50,0.7,0.5,chessboard,46,3,2
177,2454,50,4,1,216,44,898,100,final,50,0.7,0.5,chessboard,47,2,2
177,2454,50,4,1,216,44,898,100,final,50,0.7,0.5,chessboard,48,1,2
177,2454,50,4,1,216,44,898,100,final,50,0.7,0.5,chessboard,56,1,2
177,2454,50,4,1,216,44,898,100,final,50,0.7,0.5,chessboard,61,2,2
177,2454,50,4,1,216,44,898,100,final,50,0.7,0.5,chessboard,70,3,2
177,2454,50,4,1,216,44,898,100,final,50,0.7,0.5,chessboard,73,3,2
177,2454,50,4,1,216,44,898,100,final,50,0.7,0.5,chessboard,83,1,2
177,2454,50,4,1,216,44,898,100,final,50,0.7,0.5,chessboard,85,2,2
177,2454,50,4,1,216,44,898,100,final,50,0.7,0.5,chessboard,91,3,2
177,2454,50,4,1,216,44,898,100,final,50,0.7,0.5,chessboard,96,1,2
177,2454,50,4,1,216,44,898,100,final,50,0.7,0.5,chessboard,103,1,2
177,2454,50,4,1,216,44,898,100,final,50,0.7,0.5,chessboard,104,1,2
177,2454,50,4,1,216,44,898,100,final,50,0.7,0.5,chessboard,112,1,2
177,2454,50,4,1,216,44,898,100,final,50,0.7,0.5,chessboard,121,2,2
178,2456,50,6,1,216,44,898,100,final,50,0.7,0.5,chessboard,29,1,2
178,2456,50,6,1,216,44,898,100,final,50,0.7,0.5,chessboard,40,2,2
178,2456,50,6,1,216,44,898,100,final,50,0.7,0.5,chessboard,43,5,2
178,2456,50,6,1,216,44,898,100,final,50,0.7,0.5,chessboard,44,2,2
178,2456,50,6,1,216,44,898,100,final,50,0.7,0.5,chessboard,47,3,2
178,2456,50,6,1,216,44,898,100,final,50,0.7,0.5,chessboard,49,1,2
178,2456,50,6,1,216,44,898,100,final,50,0.7,0.5,chessboard,56,2,2
178,2456,50,6,1,216,44,898,100,final,50,0.7,0.5,chessboard,58,1,2
178,2456,50,6,1,216,44,898,100,final,50,0.7,0.5,chessboard,61,1,2
178,2456,50,6,1,216,44,898,100,final,50,0.7,0.5,chessboard,64,2,2
178,2456,50,6,1,216,44,898,100,final,50,0.7,0.5,chessboard,67,1,2
178,2456,50,6,1,216,44,898,100,final,50,0.7,0.5,chessboard,70,1,2
178,2456,50,6,1,216,44,898,100,final,50,0.7,0.5,chessboard,73,2,2
178,2456,50,6,1,216,44,898,100,final,50,0.7,0.5,chessboard,74,1,2
178,2456,50,6,1,216,44,898,100,final,50,0.7,0.5,chessboard,77,3,2
178,2456,50,6,1,216,44,898,100,final,50,0.7,0.5,chessboard,79,3,2
178,2456,50,6,1,216,44,898,100,final,50,0.7,0.5,chessboard,85,1,2
178,2456,50,6,1,216,44,898,100,final,50,0.7,0.5,chessboard,88,1,2
178,2456,50,6,1,216,44,898,100,final,50,0.7,0.5,chessboard,90,1,2
178,2456,50,6,1,216,44,898,100,final,50,0.7,0.5,chessboard,91,1,2
178,2456,50,6,1,216,44,898,100,final,50,0.7,0.5,chessboard,100,1,2
178,2456,50,6,1,216,44,898,100,final,50,0.7,0.5,chessboard,115,1,2
178,2456,50,6,1,216,44,898,100,final,50,0.7,0.5,chessboard,127,1,2
179,2458,50,8,1,216,44,898,100,final,50,0.7,0.5,chessboard,9,8,2
179,2458,50,8,1,216,44,898,100,final,50,0.7,0.5,chessboard,29,3,2
179,2458,50,8,1,216,44,898,100,final,50,0.7,0.5,chessboard,40,1,2
179,2458,50,8,1,216,44,898,100,final,50,0.7,0.5,chessboard,49,1,2
179,2458,50,8,1,216,44,898,100,final,50,0.7,0.5,chessboard,56,1,2
179,2458,50,8,1,216,44,898,100,final,50,0.7,0.5,chessboard,61,1,2
179,2458,50,8,1,216,44,898,100,final,50,0.7,0.5,chessboard,64,4,2
179,2458,50,8,1,216,44,898,100,final,50,0.7,0.5,chessboard,70,1,2
179,2458,50,8,1,216,44,898,100,final,50,0.7,0.5,chessboard,76,1,2
179,2458,50,8,1,216,44,898,100,final,50,0.7,0.5,chessboard,77,2,2
179,2458,50,8,1,216,44,898,100,final,50,0.7,0.5,chessboard,79,2,2
179,2458,50,8,1,216,44,898,100,final,50,0.7,0.5,chessboard,85,3,2
179,2458,50,8,1,216,44,898,100,final,50,0.7,0.5,chessboard,90,1,2
179,2458,50,8,1,216,44,898,100,final,50,0.7,0.5,chessboard,97,1,2
179,2458,50,8,1,216,44,898,100,final,50,0.7,0.5,chessboard,112,1,2
179,2458,50,8,1,216,44,898,100,final,50,0.7,0.5,chessboard,115,1,2
179,2458,50,8,1,216,44,898,100,final,50,0.7,0.5,chessboard,119,1,2
179,2458,50,8,1,216,44,898,100,final,50,0.7,0.5,chessboard,128,2,2
180,2460,50,10,1,216,44,898,100,final,50,0.7,0.5,chessboard,9,1,2
180,2460,50,10,1,216,44,898,100,final,50,0.7,0.5,chessboard,47,2,2
180,2460,50,10,1,216,44,898,100,final,50,0.7,0.5,chessboard,64,1,2
180,2460,50,10,1,216,44,898,100,final,50,0.7,0.5,chessboard,70,2,2
180,2460,50,10,1,216,44,898,100,final,50,0.7,0.5,chessboard,77,8,2
180,2460,50,10,1,216,44,898,100,final,50,0.7,0.5,chessboard,81,4,2
180,2460,50,10,1,216,44,898,100,final,50,0.7,0.5,chessboard,112,2,2
180,2460,50,10,1,216,44,898,100,final,50,0.7,0.5,chessboard,119,2,2
180,2460,50,10,1,216,44,898,100,final,50,0.7,0.5,chessboard,121,1,2
180,2460,50,10,1,216,44,898,100,final,50,0.7,0.5,chessboard,127,2,2
180,2460,50,10,1,216,44,898,100,final,50,0.7,0.5,chessboard,128,2,2
180,2460,50,10,1,216,44,898,100,final,50,0.7,0.5,chessboard,191,1,2
181,2464,50,14,1,216,44,898,100,final,50,0.7,0.5,chessboard,244,1,2
181,2464,50,14,1,216,44,898,100,final,50,0.7,0.5,chessboard,255,1,2
181,2464,50,14,1,216,44,898,100,final,50,0.7,0.5,chessboard,260,1,2
181,2464,50,14,1,216,44,898,100,final,50,0.7,0.5,chessboard,268,2,2
181,2464,50,14,1,216,44,898,100,final,50,0.7,0.5,chessboard,287,4,2
181,2464,50,14,1,216,44,898,100,final,50,0.7,0.5,chessboard,293,1,2
181,2464,50,14,1,216,44,898,100,final,50,0.7,0.5,chessboard,297,8,2
181,2464,50,14,1,216,44,898,100,final,50,0.7,0.5,chessboard,315,2,2
181,2464,50,14,1,216,44,898,100,final,50,0.7,0.5,chessboard,327,2,2
181,2464,50,14,1,216,44,898,100,final,50,0.7,0.5,chessboard,352,2,2
181,2464,50,14,1,216,44,898,100,final,50,0.7,0.5,chessboard,353,3,2
181,2464,50,14,1,216,44,898,100,final,50,0.7,0.5,chessboard,355,1,2
181,2464,50,14,1,216,44,898,100,final,50,0.7,0.5,chessboard,359,1,2
181,2464,50,14,1,216,44,898,100,final,50,0.7,0.5,chessboard,402,3,2
181,2464,50,14,1,216,44,898,100,final,50,0.7,0.5,chessboard,405,1,2
181,2464,50,14,1,216,44,898,100,final,50,0.7,0.5,chessboard,423,3,2
181,2464,50,14,1,216,44,898,100,final,50,0.7,0.5,chessboard,473,1,2
181,2464,50,14,1,216,44,898,100,final,50,0.7,0.5,chessboard,536,1,2
182,2466,50,16,1,216,44,898,100,final,50,0.7,0.5,chessboard,322,1,2
182,2466,50,16,1,216,44,898,100,final,50,0.7,0.5,chessboard,351,1,2
182,2466,50,16,1,216,44,898,100,final,50,0.7,0.5,chessboard,367,2,2
182,2466,50,16,1,216,44,898,100,final,50,0.7,0.5,chessboard,378,2,2
182,2466,50,16,1,216,44,898,100,final,50,0.7,0.5,chessboard,396,4,2
182,2466,50,16,1,216,44,898,100,final,50,0.7,0.5,chessboard,402,2,2
182,2466,50,16,1,216,44,898,100,final,50,0.7,0.5,chessboard,405,1,2
182,2466,50,16,1,216,44,898,100,final,50,0.7,0.5,chessboard,423,6,2
182,2466,50,16,1,216,44,898,100,final,50,0.7,0.5,chessboard,452,2,2
182,2466,50,16,1,216,44,898,100,final,50,0.7,0.5,chessboard,473,5,2
182,2466,50,16,1,216,44,898,100,final,50,0.7,0.5,chessboard,474,2,2
182,2466,50,16,1,216,44,898,100,final,50,0.7,0.5,chessboard,491,1,2
182,2466,50,16,1,216,44,898,100,final,50,0.7,0.5,chessboard,524,2,2
182,2466,50,16,1,216,44,898,100,final,50,0.7,0.5,chessboard,526,2,2
182,2466,50,16,1,216,44,898,100,final,50,0.7,0.5,chessboard,546,1,2
182,2466,50,16,1,216,44,898,100,final,50,0.7,0.5,chessboard,565,1,2
182,2466,50,16,1,216,44,898,100,final,50,0.7,0.5,chessboard,578,1,2
182,2466,50,16,1,216,44,898,100,final,50,0.7,0.5,chessboard,609,1,2
182,2466,50,16,1,216,44,898,100,final,50,0.7,0.5,chessboard,610,1,2
182,2466,50,16,1,216,44,898,100,final,50,0.7,0.5,chessboard,632,2,2
183,2468,50,18,1,216,44,898,100,final,50,0.7,0.5,chessboard,355,1,2
183,2468,50,18,1,216,44,898,100,final,50,0.7,0.5,chessboard,452,1,2
183,2468,50,18,1,216,44,898,100,final,50,0.7,0.5,chessboard,491,1,2
183,2468,50,18,1,216,44,898,100,final,50,0.7,0.5,chessboard,524,1,2
183,2468,50,18,1,216,44,898,100,final,50,0.7,0.5,chessboard,536,3,2
183,2468,50,18,1,216,44,898,100,final,50,0.7,0.5,chessboard,537,1,2
183,2468,50,18,1,216,44,898,100,final,50,0.7,0.5,chessboard,551,3,2
183,2468,50,18,1,216,44,898,100,final,50,0.7,0.5,chessboard,565,3,2
183,2468,50,18,1,216,44,898,100,final,50,0.7,0.5,chessboard,578,3,2
183,2468,50,18,1,216,44,898,100,final,50,0.7,0.5,chessboard,589,3,2
183,2468,50,18,1,216,44,898,100,final,50,0.7,0.5,chessboard,591,2,2
183,2468,50,18,1,216,44,898,100,final,50,0.7,0.5,chessboard,632,1,2
183,2468,50,18,1,216,44,898,100,final,50,0.7,0.5,chessboard,633,1,2
183,2468,50,18,1,216,44,898,100,final,50,0.7,0.5,chessboard,643,1,2
183,2468,50,18,1,216,44,898,100,final,50,0.7,0.5,chessboard,650,1,2
183,2468,50,18,1,216,44,898,100,final,50,0.7,0.5,chessboard,655,1,2
183,2468,50,18,1,216,44,898,100,final,50,0.7,0.5,chessboard,672,1,2
183,2468,50,18,1,216,44,898,100,final,50,0.7,0.5,chessboard,685,3,2
183,2468,50,18,1,216,44,898,100,final,50,0.7,0.5,chessboard,702,1,2
183,2468,50,18,1,216,44,898,100,final,50,0.7,0.5,chessboard,705,2,2
183,2468,50,18,1,216,44,898,100,final,50,0.7,0.5,chessboard,712,1,2
184,2470,50,20,1,216,44,898,100,final,50,0.7,0.5,chessboard,517,1,2
184,2470,50,20,1,216,44,898,100,final,50,0.7,0.5,chessboard,524,1,2
184,2470,50,20,1,216,44,898,100,final,50,0.7,0.5,chessboard,535,1,2
184,2470,50,20,1,216,44,898,100,final,50,0.7,0.5,chessboard,565,1,2
184,2470,50,20,1,216,44,898,100,final,50,0.7,0.5,chessboard,578,1,2
184,2470,50,20,1,216,44,898,100,final,50,0.7,0.5,chessboard,589,1,2
184,2470,50,20,1,216,44,898,100,final,50,0.7,0.5,chessboard,618,1,2
184,2470,50,20,1,216,44,898,100,final,50,0.7,0.5,chessboard,625,2,2
184,2470,50,20,1,216,44,898,100,final,50,0.7,0.5,chessboard,627,1,2
184,2470,50,20,1,216,44,898,100,final,50,0.7,0.5,chessboard,632,3,2
184,2470,50,20,1,216,44,898,100,final,50,0.7,0.5,chessboard,641,1,2
184,2470,50,20,1,216,44,898,100,final,50,0.7,0.5,chessboard,645,1,2
184,2470,50,20,1,216,44,898,100,final,50,0.7,0.5,chessboard,653,2,2
184,2470,50,20,1,216,44,898,100,final,50,0.7,0.5,chessboard,669,2,2
184,2470,50,20,1,216,44,898,100,final,50,0.7,0.5,chessboard,674,2,2
184,2470,50,20,1,216,44,898,100,final,50,0.7,0.5,chessboard,686,1,2
184,2470,50,20,1,216,44,898,100,final,50,0.7,0.5,chessboard,698,4,2
184,2470,50,20,1,216,44,898,100,final,50,0.7,0.5,chessboard,701,1,2
184,2470,50,20,1,216,44,898,100,final,50,0.7,0.5,chessboard,712,1,2
184,2470,50,20,1,216,44,898,100,final,50,0.7,0.5,chessboard,739,1,2
184,2470,50,20,1,216,44,898,100,final,50,0.7,0.5,chessboard,740,2,2
184,2470,50,20,1,216,44,898,100,final,50,0.7,0.5,chessboard,772,1,2
184,2470,50,20,1,216,44,898,100,final,50,0.7,0.5,chessboard,790,1,2
184,2470,50,20,1,216,44,898,100,final,50,0.7,0.5,chessboard,810,1,2
184,2470,50,20,1,216,44,898,100,final,50,0.7,0.5,chessboard,815,2,2
185,2472,50,22,1,216,44,898,100,final,50,0.7,0.5,chessboard,643,1,2
185,2472,50,22,1,216,44,898,100,final,50,0.7,0.5,chessboard,674,2,2
185,2472,50,22,1,216,44,898,100,final,50,0.7,0.5,chessboard,676,1,2
185,2472,50,22,1,216,44,898,100,final,50,0.7,0.5,chessboard,686,1,2
185,2472,50,22,1,216,44,898,100,final,50,0.7,0.5,chessboard,701,2,2
185,2472,50,22,1,216,44,898,100,final,50,0.7,0.5,chessboard,702,1,2
185,2472,50,22,1,216,44,898,100,final,50,0.7,0.5,chessboard,705,1,2
185,2472,50,22,1,216,44,898,100,final,50,0.7,0.5,chessboard,719,2,2
185,2472,50,22,1,216,44,898,100,final,50,0.7,0.5,chessboard,720,1,2
185,2472,50,22,1,216,44,898,100,final,50,0.7,0.5,chessboard,724,3,2
185,2472,50,22,1,216,44,898,100,final,50,0.7,0.5,chessboard,740,2,2
185,2472,50,22,1,216,44,898,100,final,50,0.7,0.5,chessboard,768,1,2
185,2472,50,22,1,216,44,898,100,final,50,0.7,0.5,chessboard,773,1,2
185,2472,50,22,1,216,44,898,100,final,50,0.7,0.5,chessboard,782,9,2
185,2472,50,22,1,216,44,898,100,final,50,0.7,0.5,chessboard,786,2,2
185,2472,50,22,1,216,44,898,100,final,50,0.7,0.5,chessboard,790,1,2
185,2472,50,22,1,216,44,898,100,final,50,0.7,0.5,chessboard,794,3,2
185,2472,50,22,1,216,44,898,100,final,50,0.7,0.5,chessboard,801,2,2
185,2472,50,22,1,216,44,898,100,final,50,0.7,0.5,chessboard,807,1,2
186,2474,50,24,1,216,44,898,100,final,50,0.7,0.5,chessboard,599,1,2
186,2474,50,24,1,216,44,898,100,final,50,0.7,0.5,chessboard,632,1,2
186,2474,50,24,1,216,44,898,100,final,50,0.7,0.5,chessboard,670,1,2
186,2474,50,24,1,216,44,898,100,final,50,0.7,0.5,chessboard,686,1,2
186,2474,50,24,1,216,44,898,100,final,50,0.7,0.5,chessboard,701,1,2
186,2474,50,24,1,216,44,898,100,final,50,0.7,0.5,chessboard,705,1,2
186,2474,50,24,1,216,44,898,100,final,50,0.7,0.5,chessboard,712,3,2
186,2474,50,24,1,216,44,898,100,final,50,0.7,0.5,chessboard,720,1,2
186,2474,50,24,1,216,44,898,100,final,50,0.7,0.5,chessboard,724,4,2
186,2474,50,24,1,216,44,898,100,final,50,0.7,0.5,chessboard,730,4,2
186,2474,50,24,1,216,44,898,100,final,50,0.7,0.5,chessboard,772,6,2
186,2474,50,24,1,216,44,898,100,final,50,0.7,0.5,chessboard,773,2,2
186,2474,50,24,1,216,44,898,100,final,50,0.7,0.5,chessboard,782,2,2
186,2474,50,24,1,216,44,898,100,final,50,0.7,0.5,chessboard,784,2,2
186,2474,50,24,1,216,44,898,100,final,50,0.7,0.5,chessboard,790,1,2
186,2474,50,24,1,216,44,898,100,final,50,0.7,0.5,chessboard,794,4,2
186,2474,50,24,1,216,44,898,100,final,50,0.7,0.5,chessboard,801,1,2
186,2474,50,24,1,216,44,898,100,final,50,0.7,0.5,chessboard,807,2,2
187,2476,50,26,1,216,44,898,100,final,50,0.7,0.5,chessboard,571,6,2
187,2476,50,26,1,216,44,898,100,final,50,0.7,0.5,chessboard,584,1,2
187,2476,50,26,1,216,44,898,100,final,50,0.7,0.5,chessboard,599,1,2
187,2476,50,26,1,216,44,898,100,final,50,0.7,0.5,chessboard,625,2,2
187,2476,50,26,1,216,44,898,100,final,50,0.7,0.5,chessboard,629,1,2
187,2476,50,26,1,216,44,898,100,final,50,0.7,0.5,chessboard,632,4,2
187,2476,50,26,1,216,44,898,100,final,50,0.7,0.5,chessboard,633,1,2
187,2476,50,26,1,216,44,898,100,final,50,0.7,0.5,chessboard,637,1,2
187,2476,50,26,1,216,44,898,100,final,50,0.7,0.5,chessboard,643,1,2
187,2476,50,26,1,216,44,898,100,final,50,0.7,0.5,chessboard,650,1,2
187,2476,50,26,1,216,44,898,100,final,50,0.7,0.5,chessboard,655,2,2
187,2476,50,26,1,216,44,898,100,final,50,0.7,0.5,chessboard,668,2,2
187,2476,50,26,1,216,44,898,100,final,50,0.7,0.5,chessboard,672,1,2
187,2476,50,26,1,216,44,898,100,final,50,0.7,0.5,chessboard,674,1,2
187,2476,50,26,1,216,44,898,100,final,50,0.7,0.5,chessboard,676,1,2
187,2476,50,26,1,216,44,898,100,final,50,0.7,0.5,chessboard,688,1,2
187,2476,50,26,1,216,44,898,100,final,50,0.7,0.5,chessboard,701,1,2
187,2476,50,26,1,216,44,898,100,final,50,0.7,0.5,chessboard,702,1,2
187,2476,50,26,1,216,44,898,100,final,50,0.7,0.5,chessboard,705,4,2
187,2476,50,26,1,216,44,898,100,final,50,0.7,0.5,chessboard,730,1,2
187,2476,50,26,1,216,44,898,100,final,50,0.7,0.5,chessboard,773,1,2
187,2476,50,26,1,216,44,898,100,final,50,0.7,0.5,chessboard,785,1,2
188,2478,50,28,1,216,44,898,100,final,50,0.7,0.5,chessboard,529,1,2
188,2478,50,28,1,216,44,898,100,final,50,0.7,0.5,chessboard,562,1,2
188,2478,50,28,1,216,44,898,100,final,50,0.7,0.5,chessboard,584,2,2
188,2478,50,28,1,216,44,898,100,final,50,0.7,0.5,chessboard,594,2,2
188,2478,50,28,1,216,44,898,100,final,50,0.7,0.5,chessboard,599,4,2
188,2478,50,28,1,216,44,898,100,final,50,0.7,0.5,chessboard,600,1,2
188,2478,50,28,1,216,44,898,100,final,50,0.7,0.5,chessboard,616,3,2
188,2478,50,28,1,216,44,898,100,final,50,0.7,0.5,chessboard,618,4,2
188,2478,50,28,1,216,44,898,100,final,50,0.7,0.5,chessboard,625,2,2
188,2478,50,28,1,216,44,898,100,final,50,0.7,0.5,chessboard,632,9,2
188,2478,50,28,1,216,44,898,100,final,50,0.7,0.5,chessboard,643,2,2
188,2478,50,28,1,216,44,898,100,final,50,0.7,0.5,chessboard,644,2,2
188,2478,50,28,1,216,44,898,100,final,50,0.7,0.5,chessboard,648,2,2
188,2478,50,28,1,216,44,898,100,final,50,0.7,0.5,chessboard,650,1,2
188,2478,50,28,1,216,44,898,100,final,50,0.7,0.5,chessboard,670,1,2
188,2478,50,28,1,216,44,898,100,final,50,0.7,0.5,chessboard,701,1,2
189,2498,50,48,2,7,44,898,100,final,50,0.7,0.5,chessboard,61,2,2
189,2498,50,48,2,7,44,898,100,final,50,0.7,0.5,chessboard,73,1,2
189,2498,50,48,2,7,44,898,100,final,50,0.7,0.5,chessboard,76,1,2
189,2498,50,48,2,7,44,898,100,final,50,0.7,0.5,chessboard,77,1,2
189,2498,50,48,2,7,44,898,100,final,50,0.7,0.5,chessboard,78,2,2
189,2498,50,48,2,7,44,898,100,final,50,0.7,0.5,chessboard,79,2,2
189,2498,50,48,2,7,44,898,100,final,50,0.7,0.5,chessboard,81,2,2
189,2498,50,48,2,7,44,898,100,final,50,0.7,0.5,chessboard,83,1,2
189,2498,50,48,2,7,44,898,100,final,50,0.7,0.5,chessboard,85,2,2
189,2498,50,48,2,7,44,898,100,final,50,0.7,0.5,chessboard,95,2,2
189,2498,50,48,2,7,44,898,100,final,50,0.7,0.5,chessboard,97,5,2
189,2498,50,48,2,7,44,898,100,final,50,0.7,0.5,chessboard,98,4,2
189,2498,50,48,2,7,44,898,100,final,50,0.7,0.5,chessboard,100,2,2
189,2498,50,48,2,7,44,898,100,final,50,0.7,0.5,chessboard,103,2,2
189,2498,50,48,2,7,44,898,100,final,50,0.7,0.5,chessboard,104,7,2
189,2498,50,48,2,7,44,898,100,final,50,0.7,0.5,chessboard,108,1,2
189,2498,50,48,2,7,44,898,100,final,50,0.7,0.5,chessboard,121,1,2
189,2498,50,48,2,7,44,898,100,final,50,0.7,0.5,chessboard,127,1,2
