sim_id,master_seed,grid_size,fragmentation,ac_amount,habitat,niche_breadth,edge_effect,dispersal,dispersal_dist,step,step_label,samp_method,sample_id,cell_id,x_loc,y_loc,patch_id,patch_size,species_id,n
52,542,50,NA,0.7,0.15,0.1,1,1,2,0,"start","random",1,631,13,31,1,2499,361,1
52,542,50,NA,0.7,0.15,0.1,1,1,2,0,"start","random",2,2462,50,12,1,2499,341,1
52,542,50,NA,0.7,0.15,0.1,1,1,2,0,"start","random",3,2001,41,1,1,2499,355,1
52,542,50,NA,0.7,0.15,0.1,1,1,2,0,"start","random",3,2001,41,1,1,2499,413,1
52,542,50,NA,0.7,0.15,0.1,1,1,2,0,"start","random",4,837,17,37,1,2499,NA,NA
52,542,50,NA,0.7,0.15,0.1,1,1,2,0,"start","random",5,283,6,33,1,2499,358,1
52,542,50,NA,0.7,0.15,0.1,1,1,2,0,"start","random",6,2413,49,13,1,2499,281,1
52,542,50,NA,0.7,0.15,0.1,1,1,2,0,"start","random",6,2413,49,13,1,2499,407,1
52,542,50,NA,0.7,0.15,0.1,1,1,2,0,"start","random",7,1359,28,9,1,2499,788,1
52,542,50,NA,0.7,0.15,0.1,1,1,2,0,"start","random",7,1359,28,9,1,2499,809,1
52,542,50,NA,0.7,0.15,0.1,1,1,2,0,"start","random",7,1359,28,9,1,2499,885,1
52,542,50,NA,0.7,0.15,0.1,1,1,2,0,"start","random",7,1359,28,9,1,2499,896,1
52,542,50,NA,0.7,0.15,0.1,1,1,2,0,"start","random",7,1359,28,9,1,2499,913,1
52,542,50,NA,0.7,0.15,0.1,1,1,2,0,"start","random",7,1359,28,9,1,2499,918,1
52,542,50,NA,0.7,0.15,0.1,1,1,2,0,"start","random",8,452,10,2,1,2499,625,1
52,542,50,NA,0.7,0.15,0.1,1,1,2,0,"start","random",8,452,10,2,1,2499,658,1
52,542,50,NA,0.7,0.15,0.1,1,1,2,0,"start","random",8,452,10,2,1,2499,672,1
52,542,50,NA,0.7,0.15,0.1,1,1,2,0,"start","random",8,452,10,2,1,2499,707,1
52,542,50,NA,0.7,0.15,0.1,1,1,2,0,"start","random",8,452,10,2,1,2499,792,1
52,542,50,NA,0.7,0.15,0.1,1,1,2,0,"start","random",9,979,20,29,1,2499,NA,NA
52,542,50,NA,0.7,0.15,0.1,1,1,2,0,"start","random",10,1931,39,31,1,2499,10,1
52,542,50,NA,0.7,0.15,0.1,1,1,2,0,"start","random",10,1931,39,31,1,2499,12,1
52,542,50,NA,0.7,0.15,0.1,1,1,2,0,"start","random",10,1931,39,31,1,2499,31,2
52,542,50,NA,0.7,0.15,0.1,1,1,2,0,"start","random",10,1931,39,31,1,2499,54,1
52,542,50,NA,0.7,0.15,0.1,1,1,2,0,"start","random",10,1931,39,31,1,2499,82,1
52,542,50,NA,0.7,0.15,0.1,1,1,2,0,"start","random",10,1931,39,31,1,2499,119,1
52,542,50,NA,0.7,0.15,0.1,1,1,2,0,"start","random",11,1485,30,35,1,2499,193,1
52,542,50,NA,0.7,0.15,0.1,1,1,2,0,"start","random",11,1485,30,35,1,2499,258,1
52,542,50,NA,0.7,0.15,0.1,1,1,2,0,"start","random",12,730,15,30,1,2499,329,1
52,542,50,NA,0.7,0.15,0.1,1,1,2,0,"start","random",12,730,15,30,1,2499,465,1
52,542,50,NA,0.7,0.15,0.1,1,1,2,0,"start","random",13,1488,30,38,1,2499,96,1
52,542,50,NA,0.7,0.15,0.1,1,1,2,0,"start","random",13,1488,30,38,1,2499,128,1
52,542,50,NA,0.7,0.15,0.1,1,1,2,0,"start","random",13,1488,30,38,1,2499,216,1
52,542,50,NA,0.7,0.15,0.1,1,1,2,0,"start","random",13,1488,30,38,1,2499,268,1
52,542,50,NA,0.7,0.15,0.1,1,1,2,0,"start","random",14,1334,27,34,1,2499,NA,NA
52,542,50,NA,0.7,0.15,0.1,1,1,2,0,"start","random",15,1437,29,37,1,2499,130,1
52,542,50,NA,0.7,0.15,0.1,1,1,2,0,"start","random",15,1437,29,37,1,2499,209,1
52,542,50,NA,0.7,0.15,0.1,1,1,2,0,"start","random",15,1437,29,37,1,2499,214,1
52,542,50,NA,0.7,0.15,0.1,1,1,2,0,"start","random",16,565,12,15,1,2499,914,1
52,542,50,NA,0.7,0.15,0.1,1,1,2,0,"start","random",16,565,12,15,1,2499,922,1
52,542,50,NA,0.7,0.15,0.1,1,1,2,0,"start","random",16,565,12,15,1,2499,960,1
52,542,50,NA,0.7,0.15,0.1,1,1,2,0,"start","random",16,565,12,15,1,2499,966,1
52,542,50,NA,0.7,0.15,0.1,1,1,2,0,"start","random",16,565,12,15,1,2499,997,1
52,542,50,NA,0.7,0.15,0.1,1,1,2,0,"start","random",17,2064,42,14,1,2499,NA,NA
52,542,50,NA,0.7,0.15,0.1,1,1,2,0,"start","random",18,1007,21,7,1,2499,920,1
52,542,50,NA,0.7,0.15,0.1,1,1,2,0,"start","random",18,1007,21,7,1,2499,958,1
52,542,50,NA,0.7,0.15,0.1,1,1,2,0,"start","random",19,1897,38,47,1,2499,371,1
52,542,50,NA,0.7,0.15,0.1,1,1,2,0,"start","random",20,2023,41,23,1,2499,141,1
52,542,50,NA,0.7,0.15,0.1,1,1,2,0,"start","random",20,2023,41,23,1,2499,169,1
52,542,50,NA,0.7,0.15,0.1,1,1,2,0,"start","random",21,1150,23,50,1,2499,NA,NA
52,542,50,NA,0.7,0.15,0.1,1,1,2,0,"start","random",22,989,20,39,1,2499,NA,NA
52,542,50,NA,0.7,0.15,0.1,1,1,2,0,"start","random",23,2179,44,29,1,2499,183,1
52,542,50,NA,0.7,0.15,0.1,1,1,2,0,"start","random",23,2179,44,29,1,2499,240,1
52,542,50,NA,0.7,0.15,0.1,1,1,2,0,"start","random",23,2179,44,29,1,2499,262,1
52,542,50,NA,0.7,0.15,0.1,1,1,2,0,"start","random",23,2179,44,29,1,2499,286,1
52,542,50,NA,0.7,0.15,0.1,1,1,2,0,"start","random",24,2302,47,2,1,2499,450,1
52,542,50,NA,0.7,0.15,0.1,1,1,2,0,"start","random",24,2302,47,2,1,2499,546,1
52,542,50,NA,0.7,0.15,0.1,1,1,2,0,"start","random",24,2302,47,2,1,2499,598,1
52,542,50,NA,0.7,0.15,0.1,1,1,2,0,"start","random",24,2302,47,2,1,2499,607,1
52,542,50,NA,0.7,0.15,0.1,1,1,2,0,"start","random",25,972,20,22,1,2499,681,1
52,542,50,NA,0.7,0.15,0.1,1,1,2,0,"start","random",25,972,20,22,1,2499,683,1
52,542,50,NA,0.7,0.15,0.1,1,1,2,0,"start","random",25,972,20,22,1,2499,684,1
52,542,50,NA,0.7,0.15,0.1,1,1,2,0,"start","random",26,927,19,27,1,2499,492,1
52,542,50,NA,0.7,0.15,0.1,1,1,2,0,"start","random",26,927,19,27,1,2499,602,1
52,542,50,NA,0.7,0.15,0.1,1,1,2,0,"start","random",27,290,6,40,1,2499,NA,NA
52,542,50,NA,0.7,0.15,0.1,1,1,2,0,"start","random",28,557,12,7,1,2499,737,1
52,542,50,NA,0.7,0.15,0.1,1,1,2,0,"start","random",28,557,12,7,1,2499,777,1
52,542,50,NA,0.7,0.15,0.1,1,1,2,0,"start","random",28,557,12,7,1,2499,896,1
52,542,50,NA,0.7,0.15,0.1,1,1,2,0,"start","random",29,2417,49,17,1,2499,NA,NA
52,542,50,NA,0.7,0.15,0.1,1,1,2,0,"start","random",30,1687,34,37,1,2499,NA,NA
52,542,50,NA,0.7,0.15,0.1,1,1,2,40,"pre_fragmentation","random",1,1620,33,20,1,2499,158,1
52,542,50,NA,0.7,0.15,0.1,1,1,2,40,"pre_fragmentation","random",1,1620,33,20,1,2499,172,1
52,542,50,NA,0.7,0.15,0.1,1,1,2,40,"pre_fragmentation","random",1,1620,33,20,1,2499,183,1
52,542,50,NA,0.7,0.15,0.1,1,1,2,40,"pre_fragmentation","random",1,1620,33,20,1,2499,225,1
52,542,50,NA,0.7,0.15,0.1,1,1,2,40,"pre_fragmentation","random",1,1620,33,20,1,2499,238,2
52,542,50,NA,0.7,0.15,0.1,1,1,2,40,"pre_fragmentation","random",1,1620,33,20,1,2499,240,1
52,542,50,NA,0.7,0.15,0.1,1,1,2,40,"pre_fragmentation","random",1,1620,33,20,1,2499,243,1
52,542,50,NA,0.7,0.15,0.1,1,1,2,40,"pre_fragmentation","random",1,1620,33,20,1,2499,247,2
52,542,50,NA,0.7,0.15,0.1,1,1,2,40,"pre_fragmentation","random",1,1620,33,20,1,2499,250,4
52,542,50,NA,0.7,0.15,0.1,1,1,2,40,"pre_fragmentation","random",1,1620,33,20,1,2499,252,6
52,542,50,NA,0.7,0.15,0.1,1,1,2,40,"pre_fragmentation","random",1,1620,33,20,1,2499,255,2
52,542,50,NA,0.7,0.15,0.1,1,1,2,40,"pre_fragmentation","random",1,1620,33,20,1,2499,257,1
52,542,50,NA,0.7,0.15,0.1,1,1,2,40,"pre_fragmentation","random",1,1620,33,20,1,2499,260,3
52,542,50,NA,0.7,0.15,0.1,1,1,2,40,"pre_fragmentation","random",1,1620,33,20,1,2499,261,2
52,542,50,NA,0.7,0.15,0.1,1,1,2,40,"pre_fragmentation","random",1,1620,33,20,1,2499,271,4
52,542,50,NA,0.7,0.15,0.1,1,1,2,40,"pre_fragmentation","random",1,1620,33,20,1,2499,272,1
52,542,50,NA,0.7,0.15,0.1,1,1,2,40,"pre_fragmentation","random",1,1620,33,20,1,2499,273,1
52,542,50,NA,0.7,0.15,0.1,1,1,2,40,"pre_fragmentation","random",1,1620,33,20,1,2499,311,1
52,542,50,NA,0.7,0.15,0.1,1,1,2,40,"pre_fragmentation","random",1,1620,33,20,1,2499,342,1
52,542,50,NA,0.7,0.15,0.1,1,1,2,40,"pre_fragmentation","random",1,1620,33,20,1,2499,358,1
52,542,50,NA,0.7,0.15,0.1,1,1,2,40,"pre_fragmentation","random",1,1620,33,20,1,2499,364,1
52,542,50,NA,0.7,0.15,0.1,1,1,2,40,"pre_fragmentation","random",1,1620,33,20,1,2499,386,1
52,542,50,NA,0.7,0.15,0.1,1,1,2,40,"pre_fragmentation","random",1,1620,33,20,1,2499,435,1
52,542,50,NA,0.7,0.15,0.1,1,1,2,40,"pre_fragmentation","random",2,1357,28,7,1,2499,632,1
52,542,50,NA,0.7,0.15,0.1,1,1,2,40,"pre_fragmentation","random",2,1357,28,7,1,2499,693,1
52,542,50,NA,0.7,0.15,0.1,1,1,2,40,"pre_fragmentation","random",2,1357,28,7,1,2499,695,1
52,542,50,NA,0.7,0.15,0.1,1,1,2,40,"pre_fragmentation","random",2,1357,28,7,1,2499,713,1
52,542,50,NA,0.7,0.15,0.1,1,1,2,40,"pre_fragmentation","random",2,1357,28,7,1,2499,730,1
52,542,50,NA,0.7,0.15,0.1,1,1,2,40,"pre_fragmentation","random",2,1357,28,7,1,2499,731,1
52,542,50,NA,0.7,0.15,0.1,1,1,2,40,"pre_fragmentation","random",2,1357,28,7,1,2499,737,1
52,542,50,NA,0.7,0.15,0.1,1,1,2,40,"pre_fragmentation","random",2,1357,28,7,1,2499,742,1
52,542,50,NA,0.7,0.15,0.1,1,1,2,40,"pre_fragmentation","random",2,1357,28,7,1,2499,744,1
52,542,50,NA,0.7,0.15,0.1,1,1,2,40,"pre_fragmentation","random",2,1357,28,7,1,2499,752,2
52,542,50,NA,0.7,0.15,0.1,1,1,2,40,"pre_fragmentation","random",2,1357,28,7,1,2499,754,3
52,542,50,NA,0.7,0.15,0.1,1,1,2,40,"pre_fragmentation","random",2,1357,28,7,1,2499,767,2
52,542,50,NA,0.7,0.15,0.1,1,1,2,40,"pre_fragmentation","random",2,1357,28,7,1,2499,774,3
52,542,50,NA,0.7,0.15,0.1,1,1,2,40,"pre_fragmentation","random",2,1357,28,7,1,2499,779,2
52,542,50,NA,0.7,0.15,0.1,1,1,2,40,"pre_fragmentation","random",2,1357,28,7,1,2499,781,1
52,542,50,NA,0.7,0.15,0.1,1,1,2,40,"pre_fragmentation","random",2,1357,28,7,1,2499,800,3
52,542,50,NA,0.7,0.15,0.1,1,1,2,40,"pre_fragmentation","random",2,1357,28,7,1,2499,801,2
52,542,50,NA,0.7,0.15,0.1,1,1,2,40,"pre_fragmentation","random",2,1357,28,7,1,2499,817,1
52,542,50,NA,0.7,0.15,0.1,1,1,2,40,"pre_fragmentation","random",2,1357,28,7,1,2499,820,1
52,542,50,NA,0.7,0.15,0.1,1,1,2,40,"pre_fragmentation","random",2,1357,28,7,1,2499,825,1
52,542,50,NA,0.7,0.15,0.1,1,1,2,40,"pre_fragmentation","random",2,1357,28,7,1,2499,829,1
52,542,50,NA,0.7,0.15,0.1,1,1,2,40,"pre_fragmentation","random",2,1357,28,7,1,2499,830,4
52,542,50,NA,0.7,0.15,0.1,1,1,2,40,"pre_fragmentation","random",2,1357,28,7,1,2499,859,1
52,542,50,NA,0.7,0.15,0.1,1,1,2,40,"pre_fragmentation","random",2,1357,28,7,1,2499,878,1
52,542,50,NA,0.7,0.15,0.1,1,1,2,40,"pre_fragmentation","random",2,1357,28,7,1,2499,887,1
52,542,50,NA,0.7,0.15,0.1,1,1,2,40,"pre_fragmentation","random",2,1357,28,7,1,2499,894,1
52,542,50,NA,0.7,0.15,0.1,1,1,2,40,"pre_fragmentation","random",2,1357,28,7,1,2499,923,1
52,542,50,NA,0.7,0.15,0.1,1,1,2,40,"pre_fragmentation","random",3,485,10,35,1,2499,250,1
52,542,50,NA,0.7,0.15,0.1,1,1,2,40,"pre_fragmentation","random",3,485,10,35,1,2499,362,1
52,542,50,NA,0.7,0.15,0.1,1,1,2,40,"pre_fragmentation","random",3,485,10,35,1,2499,364,1
52,542,50,NA,0.7,0.15,0.1,1,1,2,40,"pre_fragmentation","random",3,485,10,35,1,2499,372,1
52,542,50,NA,0.7,0.15,0.1,1,1,2,40,"pre_fragmentation","random",3,485,10,35,1,2499,377,2
52,542,50,NA,0.7,0.15,0.1,1,1,2,40,"pre_fragmentation","random",3,485,10,35,1,2499,387,1
52,542,50,NA,0.7,0.15,0.1,1,1,2,40,"pre_fragmentation","random",3,485,10,35,1,2499,389,1
52,542,50,NA,0.7,0.15,0.1,1,1,2,40,"pre_fragmentation","random",3,485,10,35,1,2499,394,1
52,542,50,NA,0.7,0.15,0.1,1,1,2,40,"pre_fragmentation","random",3,485,10,35,1,2499,399,1
52,542,50,NA,0.7,0.15,0.1,1,1,2,40,"pre_fragmentation","random",3,485,10,35,1,2499,403,1
52,542,50,NA,0.7,0.15,0.1,1,1,2,40,"pre_fragmentation","random",3,485,10,35,1,2499,404,4
52,542,50,NA,0.7,0.15,0.1,1,1,2,40,"pre_fragmentation","random",3,485,10,35,1,2499,406,1
52,542,50,NA,0.7,0.15,0.1,1,1,2,40,"pre_fragmentation","random",3,485,10,35,1,2499,408,2
52,542,50,NA,0.7,0.15,0.1,1,1,2,40,"pre_fragmentation","random",3,485,10,35,1,2499,413,1
52,542,50,NA,0.7,0.15,0.1,1,1,2,40,"pre_fragmentation","random",3,485,10,35,1,2499,418,1
52,542,50,NA,0.7,0.15,0.1,1,1,2,40,"pre_fragmentation","random",3,485,10,35,1,2499,428,1
52,542,50,NA,0.7,0.15,0.1,1,1,2,40,"pre_fragmentation","random",3,485,10,35,1,2499,435,1
52,542,50,NA,0.7,0.15,0.1,1,1,2,40,"pre_fragmentation","random",3,485,10,35,1,2499,440,1
52,542,50,NA,0.7,0.15,0.1,1,1,2,40,"pre_fragmentation","random",3,485,10,35,1,2499,444,2
52,542,50,NA,0.7,0.15,0.1,1,1,2,40,"pre_fragmentation","random",3,485,10,35,1,2499,458,2
52,542,50,NA,0.7,0.15,0.1,1,1,2,40,"pre_fragmentation","random",3,485,10,35,1,2499,460,2
52,542,50,NA,0.7,0.15,0.1,1,1,2,40,"pre_fragmentation","random",3,485,10,35,1,2499,486,1
52,542,50,NA,0.7,0.15,0.1,1,1,2,40,"pre_fragmentation","random",3,485,10,35,1,2499,497,2
52,542,50,NA,0.7,0.15,0.1,1,1,2,40,"pre_fragmentation","random",3,485,10,35,1,2499,499,1
52,542,50,NA,0.7,0.15,0.1,1,1,2,40,"pre_fragmentation","random",3,485,10,35,1,2499,517,1
52,542,50,NA,0.7,0.15,0.1,1,1,2,40,"pre_fragmentation","random",4,1626,33,26,1,2499,87,1
52,542,50,NA,0.7,0.15,0.1,1,1,2,40,"pre_fragmentation","random",4,1626,33,26,1,2499,94,1
52,542,50,NA,0.7,0.15,0.1,1,1,2,40,"pre_fragmentation","random",4,1626,33,26,1,2499,117,1
52,542,50,NA,0.7,0.15,0.1,1,1,2,40,"pre_fragmentation","random",4,1626,33,26,1,2499,136,1
52,542,50,NA,0.7,0.15,0.1,1,1,2,40,"pre_fragmentation","random",4,1626,33,26,1,2499,148,1
52,542,50,NA,0.7,0.15,0.1,1,1,2,40,"pre_fragmentation","random",4,1626,33,26,1,2499,153,1
52,542,50,NA,0.7,0.15,0.1,1,1,2,40,"pre_fragmentation","random",4,1626,33,26,1,2499,155,2
52,542,50,NA,0.7,0.15,0.1,1,1,2,40,"pre_fragmentation","random",4,1626,33,26,1,2499,156,1
52,542,50,NA,0.7,0.15,0.1,1,1,2,40,"pre_fragmentation","random",4,1626,33,26,1,2499,158,2
52,542,50,NA,0.7,0.15,0.1,1,1,2,40,"pre_fragmentation","random",4,1626,33,26,1,2499,159,1
52,542,50,NA,0.7,0.15,0.1,1,1,2,40,"pre_fragmentation","random",4,1626,33,26,1,2499,175,1
52,542,50,NA,0.7,0.15,0.1,1,1,2,40,"pre_fragmentation","random",4,1626,33,26,1,2499,177,1
52,542,50,NA,0.7,0.15,0.1,1,1,2,40,"pre_fragmentation","random",4,1626,33,26,1,2499,178,1
52,542,50,NA,0.7,0.15,0.1,1,1,2,40,"pre_fragmentation","random",4,1626,33,26,1,2499,179,1
52,542,50,NA,0.7,0.15,0.1,1,1,2,40,"pre_fragmentation","random",4,1626,33,26,1,2499,182,2
52,542,50,NA,0.7,0.15,0.1,1,1,2,40,"pre_fragmentation","random",4,1626,33,26,1,2499,195,2
52,542,50,NA,0.7,0.15,0.1,1,1,2,40,"pre_fragmentation","random",4,1626,33,26,1,2499,204,1
52,542,50,NA,0.7,0.15,0.1,1,1,2,40,"pre_fragmentation","random",4,1626,33,26,1,2499,207,3
52,542,50,NA,0.7,0.15,0.1,1,1,2,40,"pre_fragmentation","random",4,1626,33,26,1,2499,212,2
52,542,50,NA,0.7,0.15,0.1,1,1,2,40,"pre_fragmentation","random",4,1626,33,26,1,2499,219,3
52,542,50,NA,0.7,0.15,0.1,1,1,2,40,"pre_fragmentation","random",4,1626,33,26,1,2499,234,1
52,542,50,NA,0.7,0.15,0.1,1,1,2,40,"pre_fragmentation","random",4,1626,33,26,1,2499,249,2
52,542,50,NA,0.7,0.15,0.1,1,1,2,40,"pre_fragmentation","random",4,1626,33,26,1,2499,253,1
52,542,50,NA,0.7,0.15,0.1,1,1,2,40,"pre_fragmentation","random",4,1626,33,26,1,2499,255,1
52,542,50,NA,0.7,0.15,0.1,1,1,2,40,"pre_fragmentation","random",4,1626,33,26,1,2499,257,1
52,542,50,NA,0.7,0.15,0.1,1,1,2,40,"pre_fragmentation","random",4,1626,33,26,1,2499,296,1
52,542,50,NA,0.7,0.15,0.1,1,1,2,40,"pre_fragmentation","random",4,1626,33,26,1,2499,299,1
52,542,50,NA,0.7,0.15,0.1,1,1,2,40,"pre_fragmentation","random",5,1367,28,17,1,2499,386,1
52,542,50,NA,0.7,0.15,0.1,1,1,2,40,"pre_fragmentation","random",5,1367,28,17,1,2499,399,1
52,542,50,NA,0.7,0.15,0.1,1,1,2,40,"pre_fragmentation","random",5,1367,28,17,1,2499,406,1
52,542,50,NA,0.7,0.15,0.1,1,1,2,40,"pre_fragmentation","random",5,1367,28,17,1,2499,413,1
52,542,50,NA,0.7,0.15,0.1,1,1,2,40,"pre_fragmentation","random",5,1367,28,17,1,2499,430,1
52,542,50,NA,0.7,0.15,0.1,1,1,2,40,"pre_fragmentation","random",5,1367,28,17,1,2499,442,1
52,542,50,NA,0.7,0.15,0.1,1,1,2,40,"pre_fragmentation","random",5,1367,28,17,1,2499,443,1
52,542,50,NA,0.7,0.15,0.1,1,1,2,40,"pre_fragmentation","random",5,1367,28,17,1,2499,445,1
52,542,50,NA,0.7,0.15,0.1,1,1,2,40,"pre_fragmentation","random",5,1367,28,17,1,2499,452,1
52,542,50,NA,0.7,0.15,0.1,1,1,2,40,"pre_fragmentation","random",5,1367,28,17,1,2499,453,1
52,542,50,NA,0.7,0.15,0.1,1,1,2,40,"pre_fragmentation","random",5,1367,28,17,1,2499,461,1
52,542,50,NA,0.7,0.15,0.1,1,1,2,40,"pre_fragmentation","random",5,1367,28,17,1,2499,463,2
52,542,50,NA,0.7,0.15,0.1,1,1,2,40,"pre_fragmentation","random",5,1367,28,17,1,2499,465,1
52,542,50,NA,0.7,0.15,0.1,1,1,2,40,"pre_fragmentation","random",5,1367,28,17,1,2499,490,1
52,542,50,NA,0.7,0.15,0.1,1,1,2,40,"pre_fragmentation","random",5,1367,28,17,1,2499,506,2
52,542,50,NA,0.7,0.15,0.1,1,1,2,40,"pre_fragmentation","random",5,1367,28,17,1,2499,510,1
52,542,50,NA,0.7,0.15,0.1,1,1,2,40,"pre_fragmentation","random",5,1367,28,17,1,2499,532,2
52,542,50,NA,0.7,0.15,0.1,1,1,2,40,"pre_fragmentation","random",5,1367,28,17,1,2499,549,2
52,542,50,NA,0.7,0.15,0.1,1,1,2,40,"pre_fragmentation","random",5,1367,28,17,1,2499,552,1
52,542,50,NA,0.7,0.15,0.1,1,1,2,40,"pre_fragmentation","random",5,1367,28,17,1,2499,556,2
52,542,50,NA,0.7,0.15,0.1,1,1,2,40,"pre_fragmentation","random",5,1367,28,17,1,2499,558,1
52,542,50,NA,0.7,0.15,0.1,1,1,2,40,"pre_fragmentation","random",5,1367,28,17,1,2499,563,2
52,542,50,NA,0.7,0.15,0.1,1,1,2,40,"pre_fragmentation","random",5,1367,28,17,1,2499,567,1
52,542,50,NA,0.7,0.15,0.1,1,1,2,40,"pre_fragmentation","random",5,1367,28,17,1,2499,569,1
52,542,50,NA,0.7,0.15,0.1,1,1,2,40,"pre_fragmentation","random",5,1367,28,17,1,2499,600,7
52,542,50,NA,0.7,0.15,0.1,1,1,2,40,"pre_fragmentation","random",5,1367,28,17,1,2499,613,2
52,542,50,NA,0.7,0.15,0.1,1,1,2,40,"pre_fragmentation","random",5,1367,28,17,1,2499,623,1
52,542,50,NA,0.7,0.15,0.1,1,1,2,40,"pre_fragmentation","random",5,1367,28,17,1,2499,629,1
52,542,50,NA,0.7,0.15,0.1,1,1,2,40,"pre_fragmentation","random",5,1367,28,17,1,2499,632,1
52,542,50,NA,0.7,0.15,0.1,1,1,2,40,"pre_fragmentation","random",5,1367,28,17,1,2499,767,1
52,542,50,NA,0.7,0.15,0.1,1,1,2,40,"pre_fragmentation","random",5,1367,28,17,1,2499,802,1
52,542,50,NA,0.7,0.15,0.1,1,1,2,40,"pre_fragmentation","random",6,2340,47,40,1,2499,187,1
52,542,50,NA,0.7,0.15,0.1,1,1,2,40,"pre_fragmentation","random",6,2340,47,40,1,2499,192,1
52,542,50,NA,0.7,0.15,0.1,1,1,2,40,"pre_fragmentation","random",6,2340,47,40,1,2499,234,1
52,542,50,NA,0.7,0.15,0.1,1,1,2,40,"pre_fragmentation","random",6,2340,47,40,1,2499,237,2
52,542,50,NA,0.7,0.15,0.1,1,1,2,40,"pre_fragmentation","random",6,2340,47,40,1,2499,238,1
52,542,50,NA,0.7,0.15,0.1,1,1,2,40,"pre_fragmentation","random",6,2340,47,40,1,2499,244,1
52,542,50,NA,0.7,0.15,0.1,1,1,2,40,"pre_fragmentation","random",6,2340,47,40,1,2499,245,1
52,542,50,NA,0.7,0.15,0.1,1,1,2,40,"pre_fragmentation","random",6,2340,47,40,1,2499,248,1
52,542,50,NA,0.7,0.15,0.1,1,1,2,40,"pre_fragmentation","random",6,2340,47,40,1,2499,251,1
52,542,50,NA,0.7,0.15,0.1,1,1,2,40,"pre_fragmentation","random",6,2340,47,40,1,2499,255,1
52,542,50,NA,0.7,0.15,0.1,1,1,2,40,"pre_fragmentation","random",6,2340,47,40,1,2499,256,1
52,542,50,NA,0.7,0.15,0.1,1,1,2,40,"pre_fragmentation","random",6,2340,47,40,1,2499,277,1
52,542,50,NA,0.7,0.15,0.1,1,1,2,40,"pre_fragmentation","random",6,2340,47,40,1,2499,281,1
52,542,50,NA,0.7,0.15,0.1,1,1,2,40,"pre_fragmentation","random",6,2340,47,40,1,2499,298,1
52,542,50,NA,0.7,0.15,0.1,1,1,2,40,"pre_fragmentation","random",6,2340,47,40,1,2499,308,2
52,542,50,NA,0.7,0.15,0.1,1,1,2,40,"pre_fragmentation","random",6,2340,47,40,1,2499,311,1
52,542,50,NA,0.7,0.15,0.1,1,1,2,40,"pre_fragmentation","random",6,2340,47,40,1,2499,315,1
52,542,50,NA,0.7,0.15,0.1,1,1,2,40,"pre_fragmentation","random",6,2340,47,40,1,2499,342,1
52,542,50,NA,0.7,0.15,0.1,1,1,2,40,"pre_fragmentation","random",6,2340,47,40,1,2499,343,2
52,542,50,NA,0.7,0.15,0.1,1,1,2,40,"pre_fragmentation","random",6,2340,47,40,1,2499,347,1
52,542,50,NA,0.7,0.15,0.1,1,1,2,40,"pre_fragmentation","random",6,2340,47,40,1,2499,349,1
52,542,50,NA,0.7,0.15,0.1,1,1,2,40,"pre_fragmentation","random",6,2340,47,40,1,2499,350,1
52,542,50,NA,0.7,0.15,0.1,1,1,2,40,"pre_fragmentation","random",6,2340,47,40,1,2499,353,3
52,542,50,NA,0.7,0.15,0.1,1,1,2,40,"pre_fragmentation","random",6,2340,47,40,1,2499,365,1
52,542,50,NA,0.7,0.15,0.1,1,1,2,40,"pre_fragmentation","random",6,2340,47,40,1,2499,368,1
52,542,50,NA,0.7,0.15,0.1,1,1,2,40,"pre_fragmentation","random",6,2340,47,40,1,2499,378,1
52,542,50,NA,0.7,0.15,0.1,1,1,2,40,"pre_fragmentation","random",6,2340,47,40,1,2499,385,1
52,542,50,NA,0.7,0.15,0.1,1,1,2,40,"pre_fragmentation","random",6,2340,47,40,1,2499,388,1
52,542,50,NA,0.7,0.15,0.1,1,1,2,40,"pre_fragmentation","random",6,2340,47,40,1,2499,389,1
52,542,50,NA,0.7,0.15,0.1,1,1,2,40,"pre_fragmentation","random",6,2340,47,40,1,2499,408,1
52,542,50,NA,0.7,0.15,0.1,1,1,2,40,"pre_fragmentation","random",6,2340,47,40,1,2499,413,1
52,542,50,NA,0.7,0.15,0.1,1,1,2,40,"pre_fragmentation","random",6,2340,47,40,1,2499,430,1
52,542,50,NA,0.7,0.15,0.1,1,1,2,40,"pre_fragmentation","random",7,2403,49,3,1,2499,430,2
52,542,50,NA,0.7,0.15,0.1,1,1,2,40,"pre_fragmentation","random",7,2403,49,3,1,2499,436,1
52,542,50,NA,0.7,0.15,0.1,1,1,2,40,"pre_fragmentation","random",7,2403,49,3,1,2499,449,2
52,542,50,NA,0.7,0.15,0.1,1,1,2,40,"pre_fragmentation","random",7,2403,49,3,1,2499,453,1
52,542,50,NA,0.7,0.15,0.1,1,1,2,40,"pre_fragmentation","random",7,2403,49,3,1,2499,461,1
52,542,50,NA,0.7,0.15,0.1,1,1,2,40,"pre_fragmentation","random",7,2403,49,3,1,2499,462,1
52,542,50,NA,0.7,0.15,0.1,1,1,2,40,"pre_fragmentation","random",7,2403,49,3,1,2499,469,1
52,542,50,NA,0.7,0.15,0.1,1,1,2,40,"pre_fragmentation","random",7,2403,49,3,1,2499,476,4
52,542,50,NA,0.7,0.15,0.1,1,1,2,40,"pre_fragmentation","random",7,2403,49,3,1,2499,478,2
52,542,50,NA,0.7,0.15,0.1,1,1,2,40,"pre_fragmentation","random",7,2403,49,3,1,2499,483,1
52,542,50,NA,0.7,0.15,0.1,1,1,2,40,"pre_fragmentation","random",7,2403,49,3,1,2499,485,1
52,542,50,NA,0.7,0.15,0.1,1,1,2,40,"pre_fragmentation","random",7,2403,49,3,1,2499,486,1
52,542,50,NA,0.7,0.15,0.1,1,1,2,40,"pre_fragmentation","random",7,2403,49,3,1,2499,491,1
52,542,50,NA,0.7,0.15,0.1,1,1,2,40,"pre_fragmentation","random",7,2403,49,3,1,2499,494,2
52,542,50,NA,0.7,0.15,0.1,1,1,2,40,"pre_fragmentation","random",7,2403,49,3,1,2499,501,3
52,542,50,NA,0.7,0.15,0.1,1,1,2,40,"pre_fragmentation","random",7,2403,49,3,1,2499,511,1
52,542,50,NA,0.7,0.15,0.1,1,1,2,40,"pre_fragmentation","random",7,2403,49,3,1,2499,524,1
52,542,50,NA,0.7,0.15,0.1,1,1,2,40,"pre_fragmentation","random",7,2403,49,3,1,2499,536,1
52,542,50,NA,0.7,0.15,0.1,1,1,2,40,"pre_fragmentation","random",7,2403,49,3,1,2499,542,1
52,542,50,NA,0.7,0.15,0.1,1,1,2,40,"pre_fragmentation","random",7,2403,49,3,1,2499,559,1
52,542,50,NA,0.7,0.15,0.1,1,1,2,40,"pre_fragmentation","random",7,2403,49,3,1,2499,563,1
52,542,50,NA,0.7,0.15,0.1,1,1,2,40,"pre_fragmentation","random",7,2403,49,3,1,2499,565,1
52,542,50,NA,0.7,0.15,0.1,1,1,2,40,"pre_fragmentation","random",7,2403,49,3,1,2499,582,2
52,542,50,NA,0.7,0.15,0.1,1,1,2,40,"pre_fragmentation","random",7,2403,49,3,1,2499,608,1
52,542,50,NA,0.7,0.15,0.1,1,1,2,40,"pre_fragmentation","random",8,1375,28,25,1,2499,168,2
52,542,50,NA,0.7,0.15,0.1,1,1,2,40,"pre_fragmentation","random",8,1375,28,25,1,2499,195,1
52,542,50,NA,0.7,0.15,0.1,1,1,2,40,"pre_fragmentation","random",8,1375,28,25,1,2499,200,1
52,542,50,NA,0.7,0.15,0.1,1,1,2,40,"pre_fragmentation","random",8,1375,28,25,1,2499,214,2
52,542,50,NA,0.7,0.15,0.1,1,1,2,40,"pre_fragmentation","random",8,1375,28,25,1,2499,238,1
52,542,50,NA,0.7,0.15,0.1,1,1,2,40,"pre_fragmentation","random",8,1375,28,25,1,2499,243,3
52,542,50,NA,0.7,0.15,0.1,1,1,2,40,"pre_fragmentation","random",8,1375,28,25,1,2499,245,1
52,542,50,NA,0.7,0.15,0.1,1,1,2,40,"pre_fragmentation","random",8,1375,28,25,1,2499,246,3
52,542,50,NA,0.7,0.15,0.1,1,1,2,40,"pre_fragmentation","random",8,1375,28,25,1,2499,249,2
52,542,50,NA,0.7,0.15,0.1,1,1,2,40,"pre_fragmentation","random",8,1375,28,25,1,2499,252,1
52,542,50,NA,0.7,0.15,0.1,1,1,2,40,"pre_fragmentation","random",8,1375,28,25,1,2499,255,2
52,542,50,NA,0.7,0.15,0.1,1,1,2,40,"pre_fragmentation","random",8,1375,28,25,1,2499,258,1
52,542,50,NA,0.7,0.15,0.1,1,1,2,40,"pre_fragmentation","random",8,1375,28,25,1,2499,264,2
52,542,50,NA,0.7,0.15,0.1,1,1,2,40,"pre_fragmentation","random",8,1375,28,25,1,2499,269,2
52,542,50,NA,0.7,0.15,0.1,1,1,2,40,"pre_fragmentation","random",8,1375,28,25,1,2499,274,1
52,542,50,NA,0.7,0.15,0.1,1,1,2,40,"pre_fragmentation","random",8,1375,28,25,1,2499,288,2
52,542,50,NA,0.7,0.15,0.1,1,1,2,40,"pre_fragmentation","random",8,1375,28,25,1,2499,322,1
52,542,50,NA,0.7,0.15,0.1,1,1,2,40,"pre_fragmentation","random",8,1375,28,25,1,2499,361,1
52,542,50,NA,0.7,0.15,0.1,1,1,2,40,"pre_fragmentation","random",8,1375,28,25,1,2499,441,1
52,542,50,NA,0.7,0.15,0.1,1,1,2,40,"pre_fragmentation","random",9,2456,50,6,1,2499,380,1
52,542,50,NA,0.7,0.15,0.1,1,1,2,40,"pre_fragmentation","random",9,2456,50,6,1,2499,381,1
52,542,50,NA,0.7,0.15,0.1,1,1,2,40,"pre_fragmentation","random",9,2456,50,6,1,2499,390,1
52,542,50,NA,0.7,0.15,0.1,1,1,2,40,"pre_fragmentation","random",9,2456,50,6,1,2499,391,1
52,542,50,NA,0.7,0.15,0.1,1,1,2,40,"pre_fragmentation","random",9,2456,50,6,1,2499,393,2
52,542,50,NA,0.7,0.15,0.1,1,1,2,40,"pre_fragmentation","random",9,2456,50,6,1,2499,436,1
52,542,50,NA,0.7,0.15,0.1,1,1,2,40,"pre_fragmentation","random",9,2456,50,6,1,2499,451,2
52,542,50,NA,0.7,0.15,0.1,1,1,2,40,"pre_fragmentation","random",9,2456,50,6,1,2499,461,1
52,542,50,NA,0.7,0.15,0.1,1,1,2,40,"pre_fragmentation","random",9,2456,50,6,1,2499,462,2
52,542,50,NA,0.7,0.15,0.1,1,1,2,40,"pre_fragmentation","random",9,2456,50,6,1,2499,485,1
52,542,50,NA,0.7,0.15,0.1,1,1,2,40,"pre_fragmentation","random",9,2456,50,6,1,2499,494,1
52,542,50,NA,0.7,0.15,0.1,1,1,2,40,"pre_fragmentation","random",9,2456,50,6,1,2499,514,3
52,542,50,NA,0.7,0.15,0.1,1,1,2,40,"pre_fragmentation","random",9,2456,50,6,1,2499,517,2
52,542,50,NA,0.7,0.15,0.1,1,1,2,40,"pre_fragmentation","random",9,2456,50,6,1,2499,536,1
52,542,50,NA,0.7,0.15,0.1,1,1,2,40,"pre_fragmentation","random",9,2456,50,6,1,2499,548,1
52,542,50,NA,0.7,0.15,0.1,1,1,2,40,"pre_fragmentation","random",9,2456,50,6,1,2499,552,1
52,542,50,NA,0.7,0.15,0.1,1,1,2,40,"pre_fragmentation","random",9,2456,50,6,1,2499,565,2
52,542,50,NA,0.7,0.15,0.1,1,1,2,40,"pre_fragmentation","random",9,2456,50,6,1,2499,571,2
52,542,50,NA,0.7,0.15,0.1,1,1,2,40,"pre_fragmentation","random",9,2456,50,6,1,2499,576,1
52,542,50,NA,0.7,0.15,0.1,1,1,2,40,"pre_fragmentation","random",9,2456,50,6,1,2499,578,3
52,542,50,NA,0.7,0.15,0.1,1,1,2,40,"pre_fragmentation","random",9,2456,50,6,1,2499,594,1
52,542,50,NA,0.7,0.15,0.1,1,1,2,40,"pre_fragmentation","random",9,2456,50,6,1,2499,610,2
52,542,50,NA,0.7,0.15,0.1,1,1,2,40,"pre_fragmentation","random",10,336,7,36,1,2499,291,1
52,542,50,NA,0.7,0.15,0.1,1,1,2,40,"pre_fragmentation","random",10,336,7,36,1,2499,336,1
52,542,50,NA,0.7,0.15,0.1,1,1,2,40,"pre_fragmentation","random",10,336,7,36,1,2499,337,1
52,542,50,NA,0.7,0.15,0.1,1,1,2,40,"pre_fragmentation","random",10,336,7,36,1,2499,348,1
52,542,50,NA,0.7,0.15,0.1,1,1,2,40,"pre_fragmentation","random",10,336,7,36,1,2499,358,2
52,542,50,NA,0.7,0.15,0.1,1,1,2,40,"pre_fragmentation","random",10,336,7,36,1,2499,359,1
52,542,50,NA,0.7,0.15,0.1,1,1,2,40,"pre_fragmentation","random",10,336,7,36,1,2499,366,1
52,542,50,NA,0.7,0.15,0.1,1,1,2,40,"pre_fragmentation","random",10,336,7,36,1,2499,369,1
52,542,50,NA,0.7,0.15,0.1,1,1,2,40,"pre_fragmentation","random",10,336,7,36,1,2499,372,5
52,542,50,NA,0.7,0.15,0.1,1,1,2,40,"pre_fragmentation","random",10,336,7,36,1,2499,376,1
52,542,50,NA,0.7,0.15,0.1,1,1,2,40,"pre_fragmentation","random",10,336,7,36,1,2499,377,1
52,542,50,NA,0.7,0.15,0.1,1,1,2,40,"pre_fragmentation","random",10,336,7,36,1,2499,385,2
52,542,50,NA,0.7,0.15,0.1,1,1,2,40,"pre_fragmentation","random",10,336,7,36,1,2499,389,1
52,542,50,NA,0.7,0.15,0.1,1,1,2,40,"pre_fragmentation","random",10,336,7,36,1,2499,391,1
52,542,50,NA,0.7,0.15,0.1,1,1,2,40,"pre_fragmentation","random",10,336,7,36,1,2499,394,3
52,542,50,NA,0.7,0.15,0.1,1,1,2,40,"pre_fragmentation","random",10,336,7,36,1,2499,395,1
52,542,50,NA,0.7,0.15,0.1,1,1,2,40,"pre_fragmentation","random",10,336,7,36,1,2499,399,1
52,542,50,NA,0.7,0.15,0.1,1,1,2,40,"pre_fragmentation","random",10,336,7,36,1,2499,403,3
52,542,50,NA,0.7,0.15,0.1,1,1,2,40,"pre_fragmentation","random",10,336,7,36,1,2499,404,2
52,542,50,NA,0.7,0.15,0.1,1,1,2,40,"pre_fragmentation","random",10,336,7,36,1,2499,410,1
52,542,50,NA,0.7,0.15,0.1,1,1,2,40,"pre_fragmentation","random",10,336,7,36,1,2499,413,2
52,542,50,NA,0.7,0.15,0.1,1,1,2,40,"pre_fragmentation","random",10,336,7,36,1,2499,414,1
52,542,50,NA,0.7,0.15,0.1,1,1,2,40,"pre_fragmentation","random",10,336,7,36,1,2499,438,1
52,542,50,NA,0.7,0.15,0.1,1,1,2,40,"pre_fragmentation","random",10,336,7,36,1,2499,444,2
52,542,50,NA,0.7,0.15,0.1,1,1,2,40,"pre_fragmentation","random",10,336,7,36,1,2499,453,2
52,542,50,NA,0.7,0.15,0.1,1,1,2,40,"pre_fragmentation","random",10,336,7,36,1,2499,471,1
52,542,50,NA,0.7,0.15,0.1,1,1,2,40,"pre_fragmentation","random",11,912,19,12,1,2499,762,1
52,542,50,NA,0.7,0.15,0.1,1,1,2,40,"pre_fragmentation","random",11,912,19,12,1,2499,823,1
52,542,50,NA,0.7,0.15,0.1,1,1,2,40,"pre_fragmentation","random",11,912,19,12,1,2499,840,1
52,542,50,NA,0.7,0.15,0.1,1,1,2,40,"pre_fragmentation","random",11,912,19,12,1,2499,853,1
52,542,50,NA,0.7,0.15,0.1,1,1,2,40,"pre_fragmentation","random",11,912,19,12,1,2499,859,2
52,542,50,NA,0.7,0.15,0.1,1,1,2,40,"pre_fragmentation","random",11,912,19,12,1,2499,866,3
52,542,50,NA,0.7,0.15,0.1,1,1,2,40,"pre_fragmentation","random",11,912,19,12,1,2499,868,3
52,542,50,NA,0.7,0.15,0.1,1,1,2,40,"pre_fragmentation","random",11,912,19,12,1,2499,877,1
52,542,50,NA,0.7,0.15,0.1,1,1,2,40,"pre_fragmentation","random",11,912,19,12,1,2499,882,1
52,542,50,NA,0.7,0.15,0.1,1,1,2,40,"pre_fragmentation","random",11,912,19,12,1,2499,883,2
52,542,50,NA,0.7,0.15,0.1,1,1,2,40,"pre_fragmentation","random",11,912,19,12,1,2499,886,3
52,542,50,NA,0.7,0.15,0.1,1,1,2,40,"pre_fragmentation","random",11,912,19,12,1,2499,887,3
52,542,50,NA,0.7,0.15,0.1,1,1,2,40,"pre_fragmentation","random",11,912,19,12,1,2499,888,1
52,542,50,NA,0.7,0.15,0.1,1,1,2,40,"pre_fragmentation","random",11,912,19,12,1,2499,893,1
52,542,50,NA,0.7,0.15,0.1,1,1,2,40,"pre_fragmentation","random",11,912,19,12,1,2499,898,1
52,542,50,NA,0.7,0.15,0.1,1,1,2,40,"pre_fragmentation","random",11,912,19,12,1,2499,900,2
52,542,50,NA,0.7,0.15,0.1,1,1,2,40,"pre_fragmentation","random",11,912,19,12,1,2499,914,1
52,542,50,NA,0.7,0.15,0.1,1,1,2,40,"pre_fragmentation","random",11,912,19,12,1,2499,918,2
52,542,50,NA,0.7,0.15,0.1,1,1,2,40,"pre_fragmentation","random",11,912,19,12,1,2499,923,2
52,542,50,NA,0.7,0.15,0.1,1,1,2,40,"pre_fragmentation","random",11,912,19,12,1,2499,931,1
52,542,50,NA,0.7,0.15,0.1,1,1,2,40,"pre_fragmentation","random",11,912,19,12,1,2499,932,1
52,542,50,NA,0.7,0.15,0.1,1,1,2,40,"pre_fragmentation","random",11,912,19,12,1,2499,936,1
52,542,50,NA,0.7,0.15,0.1,1,1,2,40,"pre_fragmentation","random",11,912,19,12,1,2499,942,2
52,542,50,NA,0.7,0.15,0.1,1,1,2,40,"pre_fragmentation","random",11,912,19,12,1,2499,945,1
52,542,50,NA,0.7,0.15,0.1,1,1,2,40,"pre_fragmentation","random",11,912,19,12,1,2499,979,1
52,542,50,NA,0.7,0.15,0.1,1,1,2,40,"pre_fragmentation","random",11,912,19,12,1,2499,998,1
52,542,50,NA,0.7,0.15,0.1,1,1,2,40,"pre_fragmentation","random",12,1254,26,4,1,2499,558,1
52,542,50,NA,0.7,0.15,0.1,1,1,2,40,"pre_fragmentation","random",12,1254,26,4,1,2499,575,2
52,542,50,NA,0.7,0.15,0.1,1,1,2,40,"pre_fragmentation","random",12,1254,26,4,1,2499,594,3
52,542,50,NA,0.7,0.15,0.1,1,1,2,40,"pre_fragmentation","random",12,1254,26,4,1,2499,611,1
52,542,50,NA,0.7,0.15,0.1,1,1,2,40,"pre_fragmentation","random",12,1254,26,4,1,2499,613,1
52,542,50,NA,0.7,0.15,0.1,1,1,2,40,"pre_fragmentation","random",12,1254,26,4,1,2499,616,1
52,542,50,NA,0.7,0.15,0.1,1,1,2,40,"pre_fragmentation","random",12,1254,26,4,1,2499,629,1
52,542,50,NA,0.7,0.15,0.1,1,1,2,40,"pre_fragmentation","random",12,1254,26,4,1,2499,632,1
52,542,50,NA,0.7,0.15,0.1,1,1,2,40,"pre_fragmentation","random",12,1254,26,4,1,2499,636,1
52,542,50,NA,0.7,0.15,0.1,1,1,2,40,"pre_fragmentation","random",12,1254,26,4,1,2499,642,1
52,542,50,NA,0.7,0.15,0.1,1,1,2,40,"pre_fragmentation","random",12,1254,26,4,1,2499,645,1
52,542,50,NA,0.7,0.15,0.1,1,1,2,40,"pre_fragmentation","random",12,1254,26,4,1,2499,647,2
52,542,50,NA,0.7,0.15,0.1,1,1,2,40,"pre_fragmentation","random",12,1254,26,4,1,2499,652,2
52,542,50,NA,0.7,0.15,0.1,1,1,2,40,"pre_fragmentation","random",12,1254,26,4,1,2499,655,1
52,542,50,NA,0.7,0.15,0.1,1,1,2,40,"pre_fragmentation","random",12,1254,26,4,1,2499,656,2
52,542,50,NA,0.7,0.15,0.1,1,1,2,40,"pre_fragmentation","random",12,1254,26,4,1,2499,663,1
52,542,50,NA,0.7,0.15,0.1,1,1,2,40,"pre_fragmentation","random",12,1254,26,4,1,2499,678,3
52,542,50,NA,0.7,0.15,0.1,1,1,2,40,"pre_fragmentation","random",12,1254,26,4,1,2499,688,2
52,542,50,NA,0.7,0.15,0.1,1,1,2,40,"pre_fragmentation","random",12,1254,26,4,1,2499,690,3
52,542,50,NA,0.7,0.15,0.1,1,1,2,40,"pre_fragmentation","random",12,1254,26,4,1,2499,719,1
52,542,50,NA,0.7,0.15,0.1,1,1,2,40,"pre_fragmentation","random",12,1254,26,4,1,2499,723,1
52,542,50,NA,0.7,0.15,0.1,1,1,2,40,"pre_fragmentation","random",12,1254,26,4,1,2499,731,1
52,542,50,NA,0.7,0.15,0.1,1,1,2,40,"pre_fragmentation","random",12,1254,26,4,1,2499,747,1
52,542,50,NA,0.7,0.15,0.1,1,1,2,40,"pre_fragmentation","random",12,1254,26,4,1,2499,751,2
52,542,50,NA,0.7,0.15,0.1,1,1,2,40,"pre_fragmentation","random",12,1254,26,4,1,2499,773,1
52,542,50,NA,0.7,0.15,0.1,1,1,2,40,"pre_fragmentation","random",12,1254,26,4,1,2499,779,1
52,542,50,NA,0.7,0.15,0.1,1,1,2,40,"pre_fragmentation","random",12,1254,26,4,1,2499,781,1
52,542,50,NA,0.7,0.15,0.1,1,1,2,40,"pre_fragmentation","random",12,1254,26,4,1,2499,808,1
52,542,50,NA,0.7,0.15,0.1,1,1,2,40,"pre_fragmentation","random",13,654,14,4,1,2499,651,1
52,542,50,NA,0.7,0.15,0.1,1,1,2,40,"pre_fragmentation","random",13,654,14,4,1,2499,659,1
52,542,50,NA,0.7,0.15,0.1,1,1,2,40,"pre_fragmentation","random",13,654,14,4,1,2499,683,1
52,542,50,NA,0.7,0.15,0.1,1,1,2,40,"pre_fragmentation","random",13,654,14,4,1,2499,712,1
52,542,50,NA,0.7,0.15,0.1,1,1,2,40,"pre_fragmentation","random",13,654,14,4,1,2499,718,1
52,542,50,NA,0.7,0.15,0.1,1,1,2,40,"pre_fragmentation","random",13,654,14,4,1,2499,719,1
52,542,50,NA,0.7,0.15,0.1,1,1,2,40,"pre_fragmentation","random",13,654,14,4,1,2499,721,1
52,542,50,NA,0.7,0.15,0.1,1,1,2,40,"pre_fragmentation","random",13,654,14,4,1,2499,725,4
52,542,50,NA,0.7,0.15,0.1,1,1,2,40,"pre_fragmentation","random",13,654,14,4,1,2499,743,1
52,542,50,NA,0.7,0.15,0.1,1,1,2,40,"pre_fragmentation","random",13,654,14,4,1,2499,752,1
52,542,50,NA,0.7,0.15,0.1,1,1,2,40,"pre_fragmentation","random",13,654,14,4,1,2499,753,1
52,542,50,NA,0.7,0.15,0.1,1,1,2,40,"pre_fragmentation","random",13,654,14,4,1,2499,773,1
52,542,50,NA,0.7,0.15,0.1,1,1,2,40,"pre_fragmentation","random",13,654,14,4,1,2499,783,1
52,542,50,NA,0.7,0.15,0.1,1,1,2,40,"pre_fragmentation","random",13,654,14,4,1,2499,790,1
52,542,50,NA,0.7,0.15,0.1,1,1,2,40,"pre_fragmentation","random",13,654,14,4,1,2499,791,1
52,542,50,NA,0.7,0.15,0.1,1,1,2,40,"pre_fragmentation","random",13,654,14,4,1,2499,794,1
52,542,50,NA,0.7,0.15,0.1,1,1,2,40,"pre_fragmentation","random",13,654,14,4,1,2499,795,1
52,542,50,NA,0.7,0.15,0.1,1,1,2,40,"pre_fragmentation","random",13,654,14,4,1,2499,800,3
52,542,50,NA,0.7,0.15,0.1,1,1,2,40,"pre_fragmentation","random",13,654,14,4,1,2499,802,1
52,542,50,NA,0.7,0.15,0.1,1,1,2,40,"pre_fragmentation","random",13,654,14,4,1,2499,803,1
52,542,50,NA,0.7,0.15,0.1,1,1,2,40,"pre_fragmentation","random",13,654,14,4,1,2499,815,1
52,542,50,NA,0.7,0.15,0.1,1,1,2,40,"pre_fragmentation","random",13,654,14,4,1,2499,825,2
52,542,50,NA,0.7,0.15,0.1,1,1,2,40,"pre_fragmentation","random",13,654,14,4,1,2499,830,1
52,542,50,NA,0.7,0.15,0.1,1,1,2,40,"pre_fragmentation","random",13,654,14,4,1,2499,839,1
52,542,50,NA,0.7,0.15,0.1,1,1,2,40,"pre_fragmentation","random",13,654,14,4,1,2499,842,1
52,542,50,NA,0.7,0.15,0.1,1,1,2,40,"pre_fragmentation","random",13,654,14,4,1,2499,849,1
52,542,50,NA,0.7,0.15,0.1,1,1,2,40,"pre_fragmentation","random",13,654,14,4,1,2499,854,1
52,542,50,NA,0.7,0.15,0.1,1,1,2,40,"pre_fragmentation","random",13,654,14,4,1,2499,863,2
52,542,50,NA,0.7,0.15,0.1,1,1,2,40,"pre_fragmentation","random",13,654,14,4,1,2499,865,5
52,542,50,NA,0.7,0.15,0.1,1,1,2,40,"pre_fragmentation","random",13,654,14,4,1,2499,867,1
52,542,50,NA,0.7,0.15,0.1,1,1,2,40,"pre_fragmentation","random",13,654,14,4,1,2499,882,1
52,542,50,NA,0.7,0.15,0.1,1,1,2,40,"pre_fragmentation","random",14,1003,21,3,1,2499,505,1
52,542,50,NA,0.7,0.15,0.1,1,1,2,40,"pre_fragmentation","random",14,1003,21,3,1,2499,552,1
52,542,50,NA,0.7,0.15,0.1,1,1,2,40,"pre_fragmentation","random",14,1003,21,3,1,2499,567,1
52,542,50,NA,0.7,0.15,0.1,1,1,2,40,"pre_fragmentation","random",14,1003,21,3,1,2499,586,1
52,542,50,NA,0.7,0.15,0.1,1,1,2,40,"pre_fragmentation","random",14,1003,21,3,1,2499,629,3
52,542,50,NA,0.7,0.15,0.1,1,1,2,40,"pre_fragmentation","random",14,1003,21,3,1,2499,646,1
52,542,50,NA,0.7,0.15,0.1,1,1,2,40,"pre_fragmentation","random",14,1003,21,3,1,2499,647,1
52,542,50,NA,0.7,0.15,0.1,1,1,2,40,"pre_fragmentation","random",14,1003,21,3,1,2499,656,1
52,542,50,NA,0.7,0.15,0.1,1,1,2,40,"pre_fragmentation","random",14,1003,21,3,1,2499,664,2
52,542,50,NA,0.7,0.15,0.1,1,1,2,40,"pre_fragmentation","random",14,1003,21,3,1,2499,677,1
52,542,50,NA,0.7,0.15,0.1,1,1,2,40,"pre_fragmentation","random",14,1003,21,3,1,2499,690,1
52,542,50,NA,0.7,0.15,0.1,1,1,2,40,"pre_fragmentation","random",14,1003,21,3,1,2499,704,1
52,542,50,NA,0.7,0.15,0.1,1,1,2,40,"pre_fragmentation","random",14,1003,21,3,1,2499,715,1
52,542,50,NA,0.7,0.15,0.1,1,1,2,40,"pre_fragmentation","random",14,1003,21,3,1,2499,718,1
52,542,50,NA,0.7,0.15,0.1,1,1,2,40,"pre_fragmentation","random",14,1003,21,3,1,2499,731,2
52,542,50,NA,0.7,0.15,0.1,1,1,2,40,"pre_fragmentation","random",14,1003,21,3,1,2499,740,1
52,542,50,NA,0.7,0.15,0.1,1,1,2,40,"pre_fragmentation","random",14,1003,21,3,1,2499,741,1
52,542,50,NA,0.7,0.15,0.1,1,1,2,40,"pre_fragmentation","random",14,1003,21,3,1,2499,752,1
52,542,50,NA,0.7,0.15,0.1,1,1,2,40,"pre_fragmentation","random",14,1003,21,3,1,2499,754,1
52,542,50,NA,0.7,0.15,0.1,1,1,2,40,"pre_fragmentation","random",14,1003,21,3,1,2499,759,1
52,542,50,NA,0.7,0.15,0.1,1,1,2,40,"pre_fragmentation","random",14,1003,21,3,1,2499,768,1
52,542,50,NA,0.7,0.15,0.1,1,1,2,40,"pre_fragmentation","random",14,1003,21,3,1,2499,774,2
52,542,50,NA,0.7,0.15,0.1,1,1,2,40,"pre_fragmentation","random",14,1003,21,3,1,2499,779,1
52,542,50,NA,0.7,0.15,0.1,1,1,2,40,"pre_fragmentation","random",14,1003,21,3,1,2499,792,1
52,542,50,NA,0.7,0.15,0.1,1,1,2,40,"pre_fragmentation","random",14,1003,21,3,1,2499,812,1
52,542,50,NA,0.7,0.15,0.1,1,1,2,40,"pre_fragmentation","random",14,1003,21,3,1,2499,829,1
52,542,50,NA,0.7,0.15,0.1,1,1,2,40,"pre_fragmentation","random",14,1003,21,3,1,2499,830,1
52,542,50,NA,0.7,0.15,0.1,1,1,2,40,"pre_fragmentation","random",14,1003,21,3,1,2499,862,1
52,542,50,NA,0.7,0.15,0.1,1,1,2,40,"pre_fragmentation","random",14,1003,21,3,1,2499,866,1
52,542,50,NA,0.7,0.15,0.1,1,1,2,40,"pre_fragmentation","random",14,1003,21,3,1,2499,889,1
52,542,50,NA,0.7,0.15,0.1,1,1,2,40,"pre_fragmentation","random",15,1268,26,18,1,2499,526,2
52,542,50,NA,0.7,0.15,0.1,1,1,2,40,"pre_fragmentation","random",15,1268,26,18,1,2499,556,1
52,542,50,NA,0.7,0.15,0.1,1,1,2,40,"pre_fragmentation","random",15,1268,26,18,1,2499,558,2
52,542,50,NA,0.7,0.15,0.1,1,1,2,40,"pre_fragmentation","random",15,1268,26,18,1,2499,563,3
52,542,50,NA,0.7,0.15,0.1,1,1,2,40,"pre_fragmentation","random",15,1268,26,18,1,2499,567,4
52,542,50,NA,0.7,0.15,0.1,1,1,2,40,"pre_fragmentation","random",15,1268,26,18,1,2499,572,1
52,542,50,NA,0.7,0.15,0.1,1,1,2,40,"pre_fragmentation","random",15,1268,26,18,1,2499,600,4
52,542,50,NA,0.7,0.15,0.1,1,1,2,40,"pre_fragmentation","random",15,1268,26,18,1,2499,607,2
52,542,50,NA,0.7,0.15,0.1,1,1,2,40,"pre_fragmentation","random",15,1268,26,18,1,2499,623,1
52,542,50,NA,0.7,0.15,0.1,1,1,2,40,"pre_fragmentation","random",15,1268,26,18,1,2499,629,1
52,542,50,NA,0.7,0.15,0.1,1,1,2,40,"pre_fragmentation","random",15,1268,26,18,1,2499,636,3
52,542,50,NA,0.7,0.15,0.1,1,1,2,40,"pre_fragmentation","random",15,1268,26,18,1,2499,653,3
52,542,50,NA,0.7,0.15,0.1,1,1,2,40,"pre_fragmentation","random",15,1268,26,18,1,2499,667,2
52,542,50,NA,0.7,0.15,0.1,1,1,2,40,"pre_fragmentation","random",15,1268,26,18,1,2499,681,1
52,542,50,NA,0.7,0.15,0.1,1,1,2,40,"pre_fragmentation","random",15,1268,26,18,1,2499,683,1
52,542,50,NA,0.7,0.15,0.1,1,1,2,40,"pre_fragmentation","random",15,1268,26,18,1,2499,707,1
52,542,50,NA,0.7,0.15,0.1,1,1,2,40,"pre_fragmentation","random",15,1268,26,18,1,2499,742,3
52,542,50,NA,0.7,0.15,0.1,1,1,2,40,"pre_fragmentation","random",16,488,10,38,1,2499,151,1
52,542,50,NA,0.7,0.15,0.1,1,1,2,40,"pre_fragmentation","random",16,488,10,38,1,2499,301,2
52,542,50,NA,0.7,0.15,0.1,1,1,2,40,"pre_fragmentation","random",16,488,10,38,1,2499,335,1
52,542,50,NA,0.7,0.15,0.1,1,1,2,40,"pre_fragmentation","random",16,488,10,38,1,2499,336,1
52,542,50,NA,0.7,0.15,0.1,1,1,2,40,"pre_fragmentation","random",16,488,10,38,1,2499,344,1
52,542,50,NA,0.7,0.15,0.1,1,1,2,40,"pre_fragmentation","random",16,488,10,38,1,2499,348,1
52,542,50,NA,0.7,0.15,0.1,1,1,2,40,"pre_fragmentation","random",16,488,10,38,1,2499,358,1
52,542,50,NA,0.7,0.15,0.1,1,1,2,40,"pre_fragmentation","random",16,488,10,38,1,2499,359,4
52,542,50,NA,0.7,0.15,0.1,1,1,2,40,"pre_fragmentation","random",16,488,10,38,1,2499,364,5
52,542,50,NA,0.7,0.15,0.1,1,1,2,40,"pre_fragmentation","random",16,488,10,38,1,2499,365,1
52,542,50,NA,0.7,0.15,0.1,1,1,2,40,"pre_fragmentation","random",16,488,10,38,1,2499,372,3
52,542,50,NA,0.7,0.15,0.1,1,1,2,40,"pre_fragmentation","random",16,488,10,38,1,2499,377,3
52,542,50,NA,0.7,0.15,0.1,1,1,2,40,"pre_fragmentation","random",16,488,10,38,1,2499,385,1
52,542,50,NA,0.7,0.15,0.1,1,1,2,40,"pre_fragmentation","random",16,488,10,38,1,2499,387,3
52,542,50,NA,0.7,0.15,0.1,1,1,2,40,"pre_fragmentation","random",16,488,10,38,1,2499,389,1
52,542,50,NA,0.7,0.15,0.1,1,1,2,40,"pre_fragmentation","random",16,488,10,38,1,2499,391,2
52,542,50,NA,0.7,0.15,0.1,1,1,2,40,"pre_fragmentation","random",16,488,10,38,1,2499,393,1
52,542,50,NA,0.7,0.15,0.1,1,1,2,40,"pre_fragmentation","random",16,488,10,38,1,2499,403,1
52,542,50,NA,0.7,0.15,0.1,1,1,2,40,"pre_fragmentation","random",16,488,10,38,1,2499,404,4
52,542,50,NA,0.7,0.15,0.1,1,1,2,40,"pre_fragmentation","random",16,488,10,38,1,2499,406,2
52,542,50,NA,0.7,0.15,0.1,1,1,2,40,"pre_fragmentation","random",16,488,10,38,1,2499,444,1
52,542,50,NA,0.7,0.15,0.1,1,1,2,40,"pre_fragmentation","random",16,488,10,38,1,2499,488,1
52,542,50,NA,0.7,0.15,0.1,1,1,2,40,"pre_fragmentation","random",17,794,16,44,1,2499,364,1
52,542,50,NA,0.7,0.15,0.1,1,1,2,40,"pre_fragmentation","random",17,794,16,44,1,2499,370,1
52,542,50,NA,0.7,0.15,0.1,1,1,2,40,"pre_fragmentation","random",17,794,16,44,1,2499,375,1
52,542,50,NA,0.7,0.15,0.1,1,1,2,40,"pre_fragmentation","random",17,794,16,44,1,2499,385,1
52,542,50,NA,0.7,0.15,0.1,1,1,2,40,"pre_fragmentation","random",17,794,16,44,1,2499,387,1
52,542,50,NA,0.7,0.15,0.1,1,1,2,40,"pre_fragmentation","random",17,794,16,44,1,2499,389,1
52,542,50,NA,0.7,0.15,0.1,1,1,2,40,"pre_fragmentation","random",17,794,16,44,1,2499,391,2
52,542,50,NA,0.7,0.15,0.1,1,1,2,40,"pre_fragmentation","random",17,794,16,44,1,2499,404,1
52,542,50,NA,0.7,0.15,0.1,1,1,2,40,"pre_fragmentation","random",17,794,16,44,1,2499,409,2
52,542,50,NA,0.7,0.15,0.1,1,1,2,40,"pre_fragmentation","random",17,794,16,44,1,2499,418,2
52,542,50,NA,0.7,0.15,0.1,1,1,2,40,"pre_fragmentation","random",17,794,16,44,1,2499,420,1
52,542,50,NA,0.7,0.15,0.1,1,1,2,40,"pre_fragmentation","random",17,794,16,44,1,2499,423,3
52,542,50,NA,0.7,0.15,0.1,1,1,2,40,"pre_fragmentation","random",17,794,16,44,1,2499,428,1
52,542,50,NA,0.7,0.15,0.1,1,1,2,40,"pre_fragmentation","random",17,794,16,44,1,2499,429,1
52,542,50,NA,0.7,0.15,0.1,1,1,2,40,"pre_fragmentation","random",17,794,16,44,1,2499,431,1
52,542,50,NA,0.7,0.15,0.1,1,1,2,40,"pre_fragmentation","random",17,794,16,44,1,2499,435,3
52,542,50,NA,0.7,0.15,0.1,1,1,2,40,"pre_fragmentation","random",17,794,16,44,1,2499,439,3
52,542,50,NA,0.7,0.15,0.1,1,1,2,40,"pre_fragmentation","random",17,794,16,44,1,2499,445,2
52,542,50,NA,0.7,0.15,0.1,1,1,2,40,"pre_fragmentation","random",17,794,16,44,1,2499,447,1
52,542,50,NA,0.7,0.15,0.1,1,1,2,40,"pre_fragmentation","random",17,794,16,44,1,2499,448,1
52,542,50,NA,0.7,0.15,0.1,1,1,2,40,"pre_fragmentation","random",17,794,16,44,1,2499,450,2
52,542,50,NA,0.7,0.15,0.1,1,1,2,40,"pre_fragmentation","random",17,794,16,44,1,2499,453,1
52,542,50,NA,0.7,0.15,0.1,1,1,2,40,"pre_fragmentation","random",17,794,16,44,1,2499,454,1
52,542,50,NA,0.7,0.15,0.1,1,1,2,40,"pre_fragmentation","random",17,794,16,44,1,2499,488,1
52,542,50,NA,0.7,0.15,0.1,1,1,2,40,"pre_fragmentation","random",17,794,16,44,1,2499,517,1
52,542,50,NA,0.7,0.15,0.1,1,1,2,40,"pre_fragmentation","random",17,794,16,44,1,2499,552,1
52,542,50,NA,0.7,0.15,0.1,1,1,2,40,"pre_fragmentation","random",18,1065,22,15,1,2499,752,1
52,542,50,NA,0.7,0.15,0.1,1,1,2,40,"pre_fragmentation","random",18,1065,22,15,1,2499,802,1
52,542,50,NA,0.7,0.15,0.1,1,1,2,40,"pre_fragmentation","random",18,1065,22,15,1,2499,818,2
52,542,50,NA,0.7,0.15,0.1,1,1,2,40,"pre_fragmentation","random",18,1065,22,15,1,2499,827,1
52,542,50,NA,0.7,0.15,0.1,1,1,2,40,"pre_fragmentation","random",18,1065,22,15,1,2499,832,1
52,542,50,NA,0.7,0.15,0.1,1,1,2,40,"pre_fragmentation","random",18,1065,22,15,1,2499,836,1
52,542,50,NA,0.7,0.15,0.1,1,1,2,40,"pre_fragmentation","random",18,1065,22,15,1,2499,839,1
52,542,50,NA,0.7,0.15,0.1,1,1,2,40,"pre_fragmentation","random",18,1065,22,15,1,2499,842,1
52,542,50,NA,0.7,0.15,0.1,1,1,2,40,"pre_fragmentation","random",18,1065,22,15,1,2499,843,1
52,542,50,NA,0.7,0.15,0.1,1,1,2,40,"pre_fragmentation","random",18,1065,22,15,1,2499,851,1
52,542,50,NA,0.7,0.15,0.1,1,1,2,40,"pre_fragmentation","random",18,1065,22,15,1,2499,854,1
52,542,50,NA,0.7,0.15,0.1,1,1,2,40,"pre_fragmentation","random",18,1065,22,15,1,2499,856,1
52,542,50,NA,0.7,0.15,0.1,1,1,2,40,"pre_fragmentation","random",18,1065,22,15,1,2499,862,1
52,542,50,NA,0.7,0.15,0.1,1,1,2,40,"pre_fragmentation","random",18,1065,22,15,1,2499,866,1
52,542,50,NA,0.7,0.15,0.1,1,1,2,40,"pre_fragmentation","random",18,1065,22,15,1,2499,877,1
52,542,50,NA,0.7,0.15,0.1,1,1,2,40,"pre_fragmentation","random",18,1065,22,15,1,2499,889,1
52,542,50,NA,0.7,0.15,0.1,1,1,2,40,"pre_fragmentation","random",18,1065,22,15,1,2499,895,1
52,542,50,NA,0.7,0.15,0.1,1,1,2,40,"pre_fragmentation","random",18,1065,22,15,1,2499,900,2
52,542,50,NA,0.7,0.15,0.1,1,1,2,40,"pre_fragmentation","random",18,1065,22,15,1,2499,903,1
52,542,50,NA,0.7,0.15,0.1,1,1,2,40,"pre_fragmentation","random",18,1065,22,15,1,2499,905,4
52,542,50,NA,0.7,0.15,0.1,1,1,2,40,"pre_fragmentation","random",18,1065,22,15,1,2499,923,1
52,542,50,NA,0.7,0.15,0.1,1,1,2,40,"pre_fragmentation","random",18,1065,22,15,1,2499,929,1
52,542,50,NA,0.7,0.15,0.1,1,1,2,40,"pre_fragmentation","random",18,1065,22,15,1,2499,930,1
52,542,50,NA,0.7,0.15,0.1,1,1,2,40,"pre_fragmentation","random",18,1065,22,15,1,2499,934,1
52,542,50,NA,0.7,0.15,0.1,1,1,2,40,"pre_fragmentation","random",18,1065,22,15,1,2499,942,1
52,542,50,NA,0.7,0.15,0.1,1,1,2,40,"pre_fragmentation","random",18,1065,22,15,1,2499,946,1
52,542,50,NA,0.7,0.15,0.1,1,1,2,40,"pre_fragmentation","random",18,1065,22,15,1,2499,957,1
52,542,50,NA,0.7,0.15,0.1,1,1,2,40,"pre_fragmentation","random",18,1065,22,15,1,2499,978,1
52,542,50,NA,0.7,0.15,0.1,1,1,2,40,"pre_fragmentation","random",18,1065,22,15,1,2499,998,1
52,542,50,NA,0.7,0.15,0.1,1,1,2,40,"pre_fragmentation","random",19,2031,41,31,1,2499,5,2
52,542,50,NA,0.7,0.15,0.1,1,1,2,40,"pre_fragmentation","random",19,2031,41,31,1,2499,11,1
52,542,50,NA,0.7,0.15,0.1,1,1,2,40,"pre_fragmentation","random",19,2031,41,31,1,2499,13,1
52,542,50,NA,0.7,0.15,0.1,1,1,2,40,"pre_fragmentation","random",19,2031,41,31,1,2499,27,1
52,542,50,NA,0.7,0.15,0.1,1,1,2,40,"pre_fragmentation","random",19,2031,41,31,1,2499,31,1
52,542,50,NA,0.7,0.15,0.1,1,1,2,40,"pre_fragmentation","random",19,2031,41,31,1,2499,37,1
52,542,50,NA,0.7,0.15,0.1,1,1,2,40,"pre_fragmentation","random",19,2031,41,31,1,2499,45,1
52,542,50,NA,0.7,0.15,0.1,1,1,2,40,"pre_fragmentation","random",19,2031,41,31,1,2499,47,3
52,542,50,NA,0.7,0.15,0.1,1,1,2,40,"pre_fragmentation","random",19,2031,41,31,1,2499,53,1
52,542,50,NA,0.7,0.15,0.1,1,1,2,40,"pre_fragmentation","random",19,2031,41,31,1,2499,57,2
52,542,50,NA,0.7,0.15,0.1,1,1,2,40,"pre_fragmentation","random",19,2031,41,31,1,2499,62,2
52,542,50,NA,0.7,0.15,0.1,1,1,2,40,"pre_fragmentation","random",19,2031,41,31,1,2499,68,1
52,542,50,NA,0.7,0.15,0.1,1,1,2,40,"pre_fragmentation","random",19,2031,41,31,1,2499,78,1
52,542,50,NA,0.7,0.15,0.1,1,1,2,40,"pre_fragmentation","random",19,2031,41,31,1,2499,79,1
52,542,50,NA,0.7,0.15,0.1,1,1,2,40,"pre_fragmentation","random",19,2031,41,31,1,2499,83,1
52,542,50,NA,0.7,0.15,0.1,1,1,2,40,"pre_fragmentation","random",19,2031,41,31,1,2499,85,1
52,542,50,NA,0.7,0.15,0.1,1,1,2,40,"pre_fragmentation","random",19,2031,41,31,1,2499,87,1
52,542,50,NA,0.7,0.15,0.1,1,1,2,40,"pre_fragmentation","random",19,2031,41,31,1,2499,94,3
52,542,50,NA,0.7,0.15,0.1,1,1,2,40,"pre_fragmentation","random",19,2031,41,31,1,2499,97,1
52,542,50,NA,0.7,0.15,0.1,1,1,2,40,"pre_fragmentation","random",19,2031,41,31,1,2499,99,1
52,542,50,NA,0.7,0.15,0.1,1,1,2,40,"pre_fragmentation","random",19,2031,41,31,1,2499,104,3
52,542,50,NA,0.7,0.15,0.1,1,1,2,40,"pre_fragmentation","random",19,2031,41,31,1,2499,106,1
52,542,50,NA,0.7,0.15,0.1,1,1,2,40,"pre_fragmentation","random",19,2031,41,31,1,2499,116,1
52,542,50,NA,0.7,0.15,0.1,1,1,2,40,"pre_fragmentation","random",19,2031,41,31,1,2499,121,1
52,542,50,NA,0.7,0.15,0.1,1,1,2,40,"pre_fragmentation","random",19,2031,41,31,1,2499,148,1
52,542,50,NA,0.7,0.15,0.1,1,1,2,40,"pre_fragmentation","random",19,2031,41,31,1,2499,170,1
52,542,50,NA,0.7,0.15,0.1,1,1,2,40,"pre_fragmentation","random",19,2031,41,31,1,2499,217,1
52,542,50,NA,0.7,0.15,0.1,1,1,2,40,"pre_fragmentation","random",19,2031,41,31,1,2499,237,1
52,542,50,NA,0.7,0.15,0.1,1,1,2,40,"pre_fragmentation","random",20,547,11,47,1,2499,359,1
52,542,50,NA,0.7,0.15,0.1,1,1,2,40,"pre_fragmentation","random",20,547,11,47,1,2499,369,1
52,542,50,NA,0.7,0.15,0.1,1,1,2,40,"pre_fragmentation","random",20,547,11,47,1,2499,376,1
52,542,50,NA,0.7,0.15,0.1,1,1,2,40,"pre_fragmentation","random",20,547,11,47,1,2499,414,1
52,542,50,NA,0.7,0.15,0.1,1,1,2,40,"pre_fragmentation","random",20,547,11,47,1,2499,417,1
52,542,50,NA,0.7,0.15,0.1,1,1,2,40,"pre_fragmentation","random",20,547,11,47,1,2499,420,1
52,542,50,NA,0.7,0.15,0.1,1,1,2,40,"pre_fragmentation","random",20,547,11,47,1,2499,428,1
52,542,50,NA,0.7,0.15,0.1,1,1,2,40,"pre_fragmentation","random",20,547,11,47,1,2499,436,3
52,542,50,NA,0.7,0.15,0.1,1,1,2,40,"pre_fragmentation","random",20,547,11,47,1,2499,440,1
52,542,50,NA,0.7,0.15,0.1,1,1,2,40,"pre_fragmentation","random",20,547,11,47,1,2499,445,2
52,542,50,NA,0.7,0.15,0.1,1,1,2,40,"pre_fragmentation","random",20,547,11,47,1,2499,448,1
52,542,50,NA,0.7,0.15,0.1,1,1,2,40,"pre_fragmentation","random",20,547,11,47,1,2499,454,1
52,542,50,NA,0.7,0.15,0.1,1,1,2,40,"pre_fragmentation","random",20,547,11,47,1,2499,491,2
52,542,50,NA,0.7,0.15,0.1,1,1,2,40,"pre_fragmentation","random",20,547,11,47,1,2499,504,1
52,542,50,NA,0.7,0.15,0.1,1,1,2,40,"pre_fragmentation","random",20,547,11,47,1,2499,505,1
52,542,50,NA,0.7,0.15,0.1,1,1,2,40,"pre_fragmentation","random",20,547,11,47,1,2499,542,3
52,542,50,NA,0.7,0.15,0.1,1,1,2,40,"pre_fragmentation","random",20,547,11,47,1,2499,548,1
52,542,50,NA,0.7,0.15,0.1,1,1,2,40,"pre_fragmentation","random",20,547,11,47,1,2499,558,4
52,542,50,NA,0.7,0.15,0.1,1,1,2,40,"pre_fragmentation","random",20,547,11,47,1,2499,564,1
52,542,50,NA,0.7,0.15,0.1,1,1,2,40,"pre_fragmentation","random",20,547,11,47,1,2499,567,1
52,542,50,NA,0.7,0.15,0.1,1,1,2,40,"pre_fragmentation","random",20,547,11,47,1,2499,575,1
52,542,50,NA,0.7,0.15,0.1,1,1,2,40,"pre_fragmentation","random",20,547,11,47,1,2499,581,1
52,542,50,NA,0.7,0.15,0.1,1,1,2,40,"pre_fragmentation","random",20,547,11,47,1,2499,582,1
52,542,50,NA,0.7,0.15,0.1,1,1,2,40,"pre_fragmentation","random",20,547,11,47,1,2499,585,1
52,542,50,NA,0.7,0.15,0.1,1,1,2,40,"pre_fragmentation","random",20,547,11,47,1,2499,586,1
52,542,50,NA,0.7,0.15,0.1,1,1,2,40,"pre_fragmentation","random",20,547,11,47,1,2499,588,1
52,542,50,NA,0.7,0.15,0.1,1,1,2,40,"pre_fragmentation","random",20,547,11,47,1,2499,592,1
52,542,50,NA,0.7,0.15,0.1,1,1,2,40,"pre_fragmentation","random",20,547,11,47,1,2499,721,1
52,542,50,NA,0.7,0.15,0.1,1,1,2,40,"pre_fragmentation","random",21,703,15,3,1,2499,659,1
52,542,50,NA,0.7,0.15,0.1,1,1,2,40,"pre_fragmentation","random",21,703,15,3,1,2499,663,1
52,542,50,NA,0.7,0.15,0.1,1,1,2,40,"pre_fragmentation","random",21,703,15,3,1,2499,672,2
52,542,50,NA,0.7,0.15,0.1,1,1,2,40,"pre_fragmentation","random",21,703,15,3,1,2499,689,1
52,542,50,NA,0.7,0.15,0.1,1,1,2,40,"pre_fragmentation","random",21,703,15,3,1,2499,704,2
52,542,50,NA,0.7,0.15,0.1,1,1,2,40,"pre_fragmentation","random",21,703,15,3,1,2499,712,1
52,542,50,NA,0.7,0.15,0.1,1,1,2,40,"pre_fragmentation","random",21,703,15,3,1,2499,715,1
52,542,50,NA,0.7,0.15,0.1,1,1,2,40,"pre_fragmentation","random",21,703,15,3,1,2499,725,2
52,542,50,NA,0.7,0.15,0.1,1,1,2,40,"pre_fragmentation","random",21,703,15,3,1,2499,726,1
52,542,50,NA,0.7,0.15,0.1,1,1,2,40,"pre_fragmentation","random",21,703,15,3,1,2499,732,2
52,542,50,NA,0.7,0.15,0.1,1,1,2,40,"pre_fragmentation","random",21,703,15,3,1,2499,750,1
52,542,50,NA,0.7,0.15,0.1,1,1,2,40,"pre_fragmentation","random",21,703,15,3,1,2499,753,1
52,542,50,NA,0.7,0.15,0.1,1,1,2,40,"pre_fragmentation","random",21,703,15,3,1,2499,760,2
52,542,50,NA,0.7,0.15,0.1,1,1,2,40,"pre_fragmentation","random",21,703,15,3,1,2499,769,1
52,542,50,NA,0.7,0.15,0.1,1,1,2,40,"pre_fragmentation","random",21,703,15,3,1,2499,774,1
52,542,50,NA,0.7,0.15,0.1,1,1,2,40,"pre_fragmentation","random",21,703,15,3,1,2499,790,1
52,542,50,NA,0.7,0.15,0.1,1,1,2,40,"pre_fragmentation","random",21,703,15,3,1,2499,792,2
52,542,50,NA,0.7,0.15,0.1,1,1,2,40,"pre_fragmentation","random",21,703,15,3,1,2499,794,2
52,542,50,NA,0.7,0.15,0.1,1,1,2,40,"pre_fragmentation","random",21,703,15,3,1,2499,799,1
52,542,50,NA,0.7,0.15,0.1,1,1,2,40,"pre_fragmentation","random",21,703,15,3,1,2499,800,1
52,542,50,NA,0.7,0.15,0.1,1,1,2,40,"pre_fragmentation","random",21,703,15,3,1,2499,802,1
52,542,50,NA,0.7,0.15,0.1,1,1,2,40,"pre_fragmentation","random",21,703,15,3,1,2499,805,1
52,542,50,NA,0.7,0.15,0.1,1,1,2,40,"pre_fragmentation","random",21,703,15,3,1,2499,807,1
52,542,50,NA,0.7,0.15,0.1,1,1,2,40,"pre_fragmentation","random",21,703,15,3,1,2499,812,1
52,542,50,NA,0.7,0.15,0.1,1,1,2,40,"pre_fragmentation","random",21,703,15,3,1,2499,815,1
52,542,50,NA,0.7,0.15,0.1,1,1,2,40,"pre_fragmentation","random",21,703,15,3,1,2499,830,1
52,542,50,NA,0.7,0.15,0.1,1,1,2,40,"pre_fragmentation","random",21,703,15,3,1,2499,847,2
52,542,50,NA,0.7,0.15,0.1,1,1,2,40,"pre_fragmentation","random",21,703,15,3,1,2499,912,1
52,542,50,NA,0.7,0.15,0.1,1,1,2,40,"pre_fragmentation","random",22,307,7,7,1,2499,590,1
52,542,50,NA,0.7,0.15,0.1,1,1,2,40,"pre_fragmentation","random",22,307,7,7,1,2499,591,1
52,542,50,NA,0.7,0.15,0.1,1,1,2,40,"pre_fragmentation","random",22,307,7,7,1,2499,610,2
52,542,50,NA,0.7,0.15,0.1,1,1,2,40,"pre_fragmentation","random",22,307,7,7,1,2499,624,1
52,542,50,NA,0.7,0.15,0.1,1,1,2,40,"pre_fragmentation","random",22,307,7,7,1,2499,629,1
52,542,50,NA,0.7,0.15,0.1,1,1,2,40,"pre_fragmentation","random",22,307,7,7,1,2499,643,1
52,542,50,NA,0.7,0.15,0.1,1,1,2,40,"pre_fragmentation","random",22,307,7,7,1,2499,647,1
52,542,50,NA,0.7,0.15,0.1,1,1,2,40,"pre_fragmentation","random",22,307,7,7,1,2499,686,1
52,542,50,NA,0.7,0.15,0.1,1,1,2,40,"pre_fragmentation","random",22,307,7,7,1,2499,704,2
52,542,50,NA,0.7,0.15,0.1,1,1,2,40,"pre_fragmentation","random",22,307,7,7,1,2499,712,2
52,542,50,NA,0.7,0.15,0.1,1,1,2,40,"pre_fragmentation","random",22,307,7,7,1,2499,718,1
52,542,50,NA,0.7,0.15,0.1,1,1,2,40,"pre_fragmentation","random",22,307,7,7,1,2499,719,1
52,542,50,NA,0.7,0.15,0.1,1,1,2,40,"pre_fragmentation","random",22,307,7,7,1,2499,721,5
52,542,50,NA,0.7,0.15,0.1,1,1,2,40,"pre_fragmentation","random",22,307,7,7,1,2499,725,1
52,542,50,NA,0.7,0.15,0.1,1,1,2,40,"pre_fragmentation","random",22,307,7,7,1,2499,745,1
52,542,50,NA,0.7,0.15,0.1,1,1,2,40,"pre_fragmentation","random",22,307,7,7,1,2499,751,2
52,542,50,NA,0.7,0.15,0.1,1,1,2,40,"pre_fragmentation","random",22,307,7,7,1,2499,753,3
52,542,50,NA,0.7,0.15,0.1,1,1,2,40,"pre_fragmentation","random",22,307,7,7,1,2499,758,1
52,542,50,NA,0.7,0.15,0.1,1,1,2,40,"pre_fragmentation","random",22,307,7,7,1,2499,769,1
52,542,50,NA,0.7,0.15,0.1,1,1,2,40,"pre_fragmentation","random",22,307,7,7,1,2499,774,3
52,542,50,NA,0.7,0.15,0.1,1,1,2,40,"pre_fragmentation","random",22,307,7,7,1,2499,776,1
52,542,50,NA,0.7,0.15,0.1,1,1,2,40,"pre_fragmentation","random",22,307,7,7,1,2499,797,1
52,542,50,NA,0.7,0.15,0.1,1,1,2,40,"pre_fragmentation","random",22,307,7,7,1,2499,813,1
52,542,50,NA,0.7,0.15,0.1,1,1,2,40,"pre_fragmentation","random",23,456,10,6,1,2499,644,1
52,542,50,NA,0.7,0.15,0.1,1,1,2,40,"pre_fragmentation","random",23,456,10,6,1,2499,666,2
52,542,50,NA,0.7,0.15,0.1,1,1,2,40,"pre_fragmentation","random",23,456,10,6,1,2499,668,1
52,542,50,NA,0.7,0.15,0.1,1,1,2,40,"pre_fragmentation","random",23,456,10,6,1,2499,677,1
52,542,50,NA,0.7,0.15,0.1,1,1,2,40,"pre_fragmentation","random",23,456,10,6,1,2499,709,1
52,542,50,NA,0.7,0.15,0.1,1,1,2,40,"pre_fragmentation","random",23,456,10,6,1,2499,712,1
52,542,50,NA,0.7,0.15,0.1,1,1,2,40,"pre_fragmentation","random",23,456,10,6,1,2499,715,1
52,542,50,NA,0.7,0.15,0.1,1,1,2,40,"pre_fragmentation","random",23,456,10,6,1,2499,716,2
52,542,50,NA,0.7,0.15,0.1,1,1,2,40,"pre_fragmentation","random",23,456,10,6,1,2499,737,4
52,542,50,NA,0.7,0.15,0.1,1,1,2,40,"pre_fragmentation","random",23,456,10,6,1,2499,739,1
52,542,50,NA,0.7,0.15,0.1,1,1,2,40,"pre_fragmentation","random",23,456,10,6,1,2499,745,1
52,542,50,NA,0.7,0.15,0.1,1,1,2,40,"pre_fragmentation","random",23,456,10,6,1,2499,748,1
52,542,50,NA,0.7,0.15,0.1,1,1,2,40,"pre_fragmentation","random",23,456,10,6,1,2499,751,1
52,542,50,NA,0.7,0.15,0.1,1,1,2,40,"pre_fragmentation","random",23,456,10,6,1,2499,752,1
52,542,50,NA,0.7,0.15,0.1,1,1,2,40,"pre_fragmentation","random",23,456,10,6,1,2499,769,2
52,542,50,NA,0.7,0.15,0.1,1,1,2,40,"pre_fragmentation","random",23,456,10,6,1,2499,778,1
52,542,50,NA,0.7,0.15,0.1,1,1,2,40,"pre_fragmentation","random",23,456,10,6,1,2499,791,1
52,542,50,NA,0.7,0.15,0.1,1,1,2,40,"pre_fragmentation","random",23,456,10,6,1,2499,792,2
52,542,50,NA,0.7,0.15,0.1,1,1,2,40,"pre_fragmentation","random",23,456,10,6,1,2499,795,2
52,542,50,NA,0.7,0.15,0.1,1,1,2,40,"pre_fragmentation","random",23,456,10,6,1,2499,799,2
52,542,50,NA,0.7,0.15,0.1,1,1,2,40,"pre_fragmentation","random",23,456,10,6,1,2499,813,1
52,542,50,NA,0.7,0.15,0.1,1,1,2,40,"pre_fragmentation","random",23,456,10,6,1,2499,814,1
52,542,50,NA,0.7,0.15,0.1,1,1,2,40,"pre_fragmentation","random",23,456,10,6,1,2499,825,1
52,542,50,NA,0.7,0.15,0.1,1,1,2,40,"pre_fragmentation","random",23,456,10,6,1,2499,834,1
52,542,50,NA,0.7,0.15,0.1,1,1,2,40,"pre_fragmentation","random",23,456,10,6,1,2499,838,1
52,542,50,NA,0.7,0.15,0.1,1,1,2,40,"pre_fragmentation","random",23,456,10,6,1,2499,839,1
52,542,50,NA,0.7,0.15,0.1,1,1,2,40,"pre_fragmentation","random",23,456,10,6,1,2499,840,1
52,542,50,NA,0.7,0.15,0.1,1,1,2,40,"pre_fragmentation","random",24,802,17,2,1,2499,543,1
52,542,50,NA,0.7,0.15,0.1,1,1,2,40,"pre_fragmentation","random",24,802,17,2,1,2499,558,1
52,542,50,NA,0.7,0.15,0.1,1,1,2,40,"pre_fragmentation","random",24,802,17,2,1,2499,581,1
52,542,50,NA,0.7,0.15,0.1,1,1,2,40,"pre_fragmentation","random",24,802,17,2,1,2499,583,1
52,542,50,NA,0.7,0.15,0.1,1,1,2,40,"pre_fragmentation","random",24,802,17,2,1,2499,588,2
52,542,50,NA,0.7,0.15,0.1,1,1,2,40,"pre_fragmentation","random",24,802,17,2,1,2499,613,2
52,542,50,NA,0.7,0.15,0.1,1,1,2,40,"pre_fragmentation","random",24,802,17,2,1,2499,614,1
52,542,50,NA,0.7,0.15,0.1,1,1,2,40,"pre_fragmentation","random",24,802,17,2,1,2499,624,1
52,542,50,NA,0.7,0.15,0.1,1,1,2,40,"pre_fragmentation","random",24,802,17,2,1,2499,644,1
52,542,50,NA,0.7,0.15,0.1,1,1,2,40,"pre_fragmentation","random",24,802,17,2,1,2499,645,1
52,542,50,NA,0.7,0.15,0.1,1,1,2,40,"pre_fragmentation","random",24,802,17,2,1,2499,647,1
52,542,50,NA,0.7,0.15,0.1,1,1,2,40,"pre_fragmentation","random",24,802,17,2,1,2499,651,2
52,542,50,NA,0.7,0.15,0.1,1,1,2,40,"pre_fragmentation","random",24,802,17,2,1,2499,652,1
52,542,50,NA,0.7,0.15,0.1,1,1,2,40,"pre_fragmentation","random",24,802,17,2,1,2499,654,1
52,542,50,NA,0.7,0.15,0.1,1,1,2,40,"pre_fragmentation","random",24,802,17,2,1,2499,658,1
52,542,50,NA,0.7,0.15,0.1,1,1,2,40,"pre_fragmentation","random",24,802,17,2,1,2499,659,1
52,542,50,NA,0.7,0.15,0.1,1,1,2,40,"pre_fragmentation","random",24,802,17,2,1,2499,663,1
52,542,50,NA,0.7,0.15,0.1,1,1,2,40,"pre_fragmentation","random",24,802,17,2,1,2499,670,2
52,542,50,NA,0.7,0.15,0.1,1,1,2,40,"pre_fragmentation","random",24,802,17,2,1,2499,672,1
52,542,50,NA,0.7,0.15,0.1,1,1,2,40,"pre_fragmentation","random",24,802,17,2,1,2499,679,1
52,542,50,NA,0.7,0.15,0.1,1,1,2,40,"pre_fragmentation","random",24,802,17,2,1,2499,715,2
52,542,50,NA,0.7,0.15,0.1,1,1,2,40,"pre_fragmentation","random",24,802,17,2,1,2499,719,4
52,542,50,NA,0.7,0.15,0.1,1,1,2,40,"pre_fragmentation","random",24,802,17,2,1,2499,723,2
52,542,50,NA,0.7,0.15,0.1,1,1,2,40,"pre_fragmentation","random",24,802,17,2,1,2499,725,2
52,542,50,NA,0.7,0.15,0.1,1,1,2,40,"pre_fragmentation","random",24,802,17,2,1,2499,741,1
52,542,50,NA,0.7,0.15,0.1,1,1,2,40,"pre_fragmentation","random",24,802,17,2,1,2499,752,1
52,542,50,NA,0.7,0.15,0.1,1,1,2,40,"pre_fragmentation","random",24,802,17,2,1,2499,764,1
52,542,50,NA,0.7,0.15,0.1,1,1,2,40,"pre_fragmentation","random",24,802,17,2,1,2499,799,1
52,542,50,NA,0.7,0.15,0.1,1,1,2,40,"pre_fragmentation","random",24,802,17,2,1,2499,834,1
52,542,50,NA,0.7,0.15,0.1,1,1,2,40,"pre_fragmentation","random",25,774,16,24,1,2499,455,1
52,542,50,NA,0.7,0.15,0.1,1,1,2,40,"pre_fragmentation","random",25,774,16,24,1,2499,465,2
52,542,50,NA,0.7,0.15,0.1,1,1,2,40,"pre_fragmentation","random",25,774,16,24,1,2499,479,1
52,542,50,NA,0.7,0.15,0.1,1,1,2,40,"pre_fragmentation","random",25,774,16,24,1,2499,480,1
52,542,50,NA,0.7,0.15,0.1,1,1,2,40,"pre_fragmentation","random",25,774,16,24,1,2499,483,1
52,542,50,NA,0.7,0.15,0.1,1,1,2,40,"pre_fragmentation","random",25,774,16,24,1,2499,490,2
52,542,50,NA,0.7,0.15,0.1,1,1,2,40,"pre_fragmentation","random",25,774,16,24,1,2499,499,1
52,542,50,NA,0.7,0.15,0.1,1,1,2,40,"pre_fragmentation","random",25,774,16,24,1,2499,517,3
52,542,50,NA,0.7,0.15,0.1,1,1,2,40,"pre_fragmentation","random",25,774,16,24,1,2499,521,1
52,542,50,NA,0.7,0.15,0.1,1,1,2,40,"pre_fragmentation","random",25,774,16,24,1,2499,526,1
52,542,50,NA,0.7,0.15,0.1,1,1,2,40,"pre_fragmentation","random",25,774,16,24,1,2499,530,2
52,542,50,NA,0.7,0.15,0.1,1,1,2,40,"pre_fragmentation","random",25,774,16,24,1,2499,535,1
52,542,50,NA,0.7,0.15,0.1,1,1,2,40,"pre_fragmentation","random",25,774,16,24,1,2499,554,1
52,542,50,NA,0.7,0.15,0.1,1,1,2,40,"pre_fragmentation","random",25,774,16,24,1,2499,558,2
52,542,50,NA,0.7,0.15,0.1,1,1,2,40,"pre_fragmentation","random",25,774,16,24,1,2499,566,1
52,542,50,NA,0.7,0.15,0.1,1,1,2,40,"pre_fragmentation","random",25,774,16,24,1,2499,585,1
52,542,50,NA,0.7,0.15,0.1,1,1,2,40,"pre_fragmentation","random",25,774,16,24,1,2499,587,3
52,542,50,NA,0.7,0.15,0.1,1,1,2,40,"pre_fragmentation","random",25,774,16,24,1,2499,609,1
52,542,50,NA,0.7,0.15,0.1,1,1,2,40,"pre_fragmentation","random",25,774,16,24,1,2499,612,1
52,542,50,NA,0.7,0.15,0.1,1,1,2,40,"pre_fragmentation","random",25,774,16,24,1,2499,620,1
52,542,50,NA,0.7,0.15,0.1,1,1,2,40,"pre_fragmentation","random",25,774,16,24,1,2499,632,1
52,542,50,NA,0.7,0.15,0.1,1,1,2,40,"pre_fragmentation","random",25,774,16,24,1,2499,636,2
52,542,50,NA,0.7,0.15,0.1,1,1,2,40,"pre_fragmentation","random",25,774,16,24,1,2499,668,1
52,542,50,NA,0.7,0.15,0.1,1,1,2,40,"pre_fragmentation","random",26,1821,37,21,1,2499,106,1
52,542,50,NA,0.7,0.15,0.1,1,1,2,40,"pre_fragmentation","random",26,1821,37,21,1,2499,140,2
52,542,50,NA,0.7,0.15,0.1,1,1,2,40,"pre_fragmentation","random",26,1821,37,21,1,2499,146,1
52,542,50,NA,0.7,0.15,0.1,1,1,2,40,"pre_fragmentation","random",26,1821,37,21,1,2499,160,1
52,542,50,NA,0.7,0.15,0.1,1,1,2,40,"pre_fragmentation","random",26,1821,37,21,1,2499,165,2
52,542,50,NA,0.7,0.15,0.1,1,1,2,40,"pre_fragmentation","random",26,1821,37,21,1,2499,167,1
52,542,50,NA,0.7,0.15,0.1,1,1,2,40,"pre_fragmentation","random",26,1821,37,21,1,2499,169,2
52,542,50,NA,0.7,0.15,0.1,1,1,2,40,"pre_fragmentation","random",26,1821,37,21,1,2499,170,1
52,542,50,NA,0.7,0.15,0.1,1,1,2,40,"pre_fragmentation","random",26,1821,37,21,1,2499,172,1
52,542,50,NA,0.7,0.15,0.1,1,1,2,40,"pre_fragmentation","random",26,1821,37,21,1,2499,183,3
52,542,50,NA,0.7,0.15,0.1,1,1,2,40,"pre_fragmentation","random",26,1821,37,21,1,2499,184,1
52,542,50,NA,0.7,0.15,0.1,1,1,2,40,"pre_fragmentation","random",26,1821,37,21,1,2499,192,1
52,542,50,NA,0.7,0.15,0.1,1,1,2,40,"pre_fragmentation","random",26,1821,37,21,1,2499,203,1
52,542,50,NA,0.7,0.15,0.1,1,1,2,40,"pre_fragmentation","random",26,1821,37,21,1,2499,214,1
52,542,50,NA,0.7,0.15,0.1,1,1,2,40,"pre_fragmentation","random",26,1821,37,21,1,2499,227,1
52,542,50,NA,0.7,0.15,0.1,1,1,2,40,"pre_fragmentation","random",26,1821,37,21,1,2499,228,3
52,542,50,NA,0.7,0.15,0.1,1,1,2,40,"pre_fragmentation","random",26,1821,37,21,1,2499,237,1
52,542,50,NA,0.7,0.15,0.1,1,1,2,40,"pre_fragmentation","random",26,1821,37,21,1,2499,238,1
52,542,50,NA,0.7,0.15,0.1,1,1,2,40,"pre_fragmentation","random",26,1821,37,21,1,2499,245,1
52,542,50,NA,0.7,0.15,0.1,1,1,2,40,"pre_fragmentation","random",26,1821,37,21,1,2499,252,1
52,542,50,NA,0.7,0.15,0.1,1,1,2,40,"pre_fragmentation","random",26,1821,37,21,1,2499,255,2
52,542,50,NA,0.7,0.15,0.1,1,1,2,40,"pre_fragmentation","random",26,1821,37,21,1,2499,258,1
52,542,50,NA,0.7,0.15,0.1,1,1,2,40,"pre_fragmentation","random",26,1821,37,21,1,2499,259,1
52,542,50,NA,0.7,0.15,0.1,1,1,2,40,"pre_fragmentation","random",26,1821,37,21,1,2499,271,1
52,542,50,NA,0.7,0.15,0.1,1,1,2,40,"pre_fragmentation","random",26,1821,37,21,1,2499,297,1
52,542,50,NA,0.7,0.15,0.1,1,1,2,40,"pre_fragmentation","random",26,1821,37,21,1,2499,303,1
52,542,50,NA,0.7,0.15,0.1,1,1,2,40,"pre_fragmentation","random",26,1821,37,21,1,2499,306,1
52,542,50,NA,0.7,0.15,0.1,1,1,2,40,"pre_fragmentation","random",26,1821,37,21,1,2499,311,1
52,542,50,NA,0.7,0.15,0.1,1,1,2,40,"pre_fragmentation","random",26,1821,37,21,1,2499,338,1
52,542,50,NA,0.7,0.15,0.1,1,1,2,40,"pre_fragmentation","random",26,1821,37,21,1,2499,345,1
52,542,50,NA,0.7,0.15,0.1,1,1,2,40,"pre_fragmentation","random",27,1027,21,27,1,2499,372,1
52,542,50,NA,0.7,0.15,0.1,1,1,2,40,"pre_fragmentation","random",27,1027,21,27,1,2499,373,1
52,542,50,NA,0.7,0.15,0.1,1,1,2,40,"pre_fragmentation","random",27,1027,21,27,1,2499,384,1
52,542,50,NA,0.7,0.15,0.1,1,1,2,40,"pre_fragmentation","random",27,1027,21,27,1,2499,408,1
52,542,50,NA,0.7,0.15,0.1,1,1,2,40,"pre_fragmentation","random",27,1027,21,27,1,2499,413,1
52,542,50,NA,0.7,0.15,0.1,1,1,2,40,"pre_fragmentation","random",27,1027,21,27,1,2499,417,1
52,542,50,NA,0.7,0.15,0.1,1,1,2,40,"pre_fragmentation","random",27,1027,21,27,1,2499,424,1
52,542,50,NA,0.7,0.15,0.1,1,1,2,40,"pre_fragmentation","random",27,1027,21,27,1,2499,426,1
52,542,50,NA,0.7,0.15,0.1,1,1,2,40,"pre_fragmentation","random",27,1027,21,27,1,2499,429,1
52,542,50,NA,0.7,0.15,0.1,1,1,2,40,"pre_fragmentation","random",27,1027,21,27,1,2499,438,1
52,542,50,NA,0.7,0.15,0.1,1,1,2,40,"pre_fragmentation","random",27,1027,21,27,1,2499,440,2
52,542,50,NA,0.7,0.15,0.1,1,1,2,40,"pre_fragmentation","random",27,1027,21,27,1,2499,441,2
52,542,50,NA,0.7,0.15,0.1,1,1,2,40,"pre_fragmentation","random",27,1027,21,27,1,2499,445,2
52,542,50,NA,0.7,0.15,0.1,1,1,2,40,"pre_fragmentation","random",27,1027,21,27,1,2499,457,1
52,542,50,NA,0.7,0.15,0.1,1,1,2,40,"pre_fragmentation","random",27,1027,21,27,1,2499,465,1
52,542,50,NA,0.7,0.15,0.1,1,1,2,40,"pre_fragmentation","random",27,1027,21,27,1,2499,492,1
52,542,50,NA,0.7,0.15,0.1,1,1,2,40,"pre_fragmentation","random",27,1027,21,27,1,2499,498,1
52,542,50,NA,0.7,0.15,0.1,1,1,2,40,"pre_fragmentation","random",27,1027,21,27,1,2499,499,1
52,542,50,NA,0.7,0.15,0.1,1,1,2,40,"pre_fragmentation","random",27,1027,21,27,1,2499,501,4
52,542,50,NA,0.7,0.15,0.1,1,1,2,40,"pre_fragmentation","random",27,1027,21,27,1,2499,517,1
52,542,50,NA,0.7,0.15,0.1,1,1,2,40,"pre_fragmentation","random",27,1027,21,27,1,2499,526,1
52,542,50,NA,0.7,0.15,0.1,1,1,2,40,"pre_fragmentation","random",27,1027,21,27,1,2499,532,3
52,542,50,NA,0.7,0.15,0.1,1,1,2,40,"pre_fragmentation","random",27,1027,21,27,1,2499,537,2
52,542,50,NA,0.7,0.15,0.1,1,1,2,40,"pre_fragmentation","random",27,1027,21,27,1,2499,543,1
52,542,50,NA,0.7,0.15,0.1,1,1,2,40,"pre_fragmentation","random",27,1027,21,27,1,2499,559,1
52,542,50,NA,0.7,0.15,0.1,1,1,2,40,"pre_fragmentation","random",27,1027,21,27,1,2499,563,1
52,542,50,NA,0.7,0.15,0.1,1,1,2,40,"pre_fragmentation","random",28,2442,49,42,1,2499,255,1
52,542,50,NA,0.7,0.15,0.1,1,1,2,40,"pre_fragmentation","random",28,2442,49,42,1,2499,281,1
52,542,50,NA,0.7,0.15,0.1,1,1,2,40,"pre_fragmentation","random",28,2442,49,42,1,2499,289,1
52,542,50,NA,0.7,0.15,0.1,1,1,2,40,"pre_fragmentation","random",28,2442,49,42,1,2499,296,1
52,542,50,NA,0.7,0.15,0.1,1,1,2,40,"pre_fragmentation","random",28,2442,49,42,1,2499,298,1
52,542,50,NA,0.7,0.15,0.1,1,1,2,40,"pre_fragmentation","random",28,2442,49,42,1,2499,311,1
52,542,50,NA,0.7,0.15,0.1,1,1,2,40,"pre_fragmentation","random",28,2442,49,42,1,2499,339,1
52,542,50,NA,0.7,0.15,0.1,1,1,2,40,"pre_fragmentation","random",28,2442,49,42,1,2499,343,2
52,542,50,NA,0.7,0.15,0.1,1,1,2,40,"pre_fragmentation","random",28,2442,49,42,1,2499,350,1
52,542,50,NA,0.7,0.15,0.1,1,1,2,40,"pre_fragmentation","random",28,2442,49,42,1,2499,359,1
52,542,50,NA,0.7,0.15,0.1,1,1,2,40,"pre_fragmentation","random",28,2442,49,42,1,2499,361,3
52,542,50,NA,0.7,0.15,0.1,1,1,2,40,"pre_fragmentation","random",28,2442,49,42,1,2499,369,1
52,542,50,NA,0.7,0.15,0.1,1,1,2,40,"pre_fragmentation","random",28,2442,49,42,1,2499,376,1
52,542,50,NA,0.7,0.15,0.1,1,1,2,40,"pre_fragmentation","random",28,2442,49,42,1,2499,382,3
52,542,50,NA,0.7,0.15,0.1,1,1,2,40,"pre_fragmentation","random",28,2442,49,42,1,2499,385,1
52,542,50,NA,0.7,0.15,0.1,1,1,2,40,"pre_fragmentation","random",28,2442,49,42,1,2499,393,1
52,542,50,NA,0.7,0.15,0.1,1,1,2,40,"pre_fragmentation","random",28,2442,49,42,1,2499,394,1
52,542,50,NA,0.7,0.15,0.1,1,1,2,40,"pre_fragmentation","random",28,2442,49,42,1,2499,419,1
52,542,50,NA,0.7,0.15,0.1,1,1,2,40,"pre_fragmentation","random",28,2442,49,42,1,2499,420,2
52,542,50,NA,0.7,0.15,0.1,1,1,2,40,"pre_fragmentation","random",28,2442,49,42,1,2499,427,1
52,542,50,NA,0.7,0.15,0.1,1,1,2,40,"pre_fragmentation","random",28,2442,49,42,1,2499,428,3
52,542,50,NA,0.7,0.15,0.1,1,1,2,40,"pre_fragmentation","random",28,2442,49,42,1,2499,430,2
52,542,50,NA,0.7,0.15,0.1,1,1,2,40,"pre_fragmentation","random",28,2442,49,42,1,2499,435,2
52,542,50,NA,0.7,0.15,0.1,1,1,2,40,"pre_fragmentation","random",28,2442,49,42,1,2499,436,1
52,542,50,NA,0.7,0.15,0.1,1,1,2,40,"pre_fragmentation","random",28,2442,49,42,1,2499,475,1
52,542,50,NA,0.7,0.15,0.1,1,1,2,40,"pre_fragmentation","random",28,2442,49,42,1,2499,476,1
52,542,50,NA,0.7,0.15,0.1,1,1,2,40,"pre_fragmentation","random",28,2442,49,42,1,2499,478,1
52,542,50,NA,0.7,0.15,0.1,1,1,2,40,"pre_fragmentation","random",28,2442,49,42,1,2499,496,2
52,542,50,NA,0.7,0.15,0.1,1,1,2,40,"pre_fragmentation","random",28,2442,49,42,1,2499,511,2
52,542,50,NA,0.7,0.15,0.1,1,1,2,40,"pre_fragmentation","random",29,2010,41,10,1,2499,297,1
52,542,50,NA,0.7,0.15,0.1,1,1,2,40,"pre_fragmentation","random",29,2010,41,10,1,2499,323,2
52,542,50,NA,0.7,0.15,0.1,1,1,2,40,"pre_fragmentation","random",29,2010,41,10,1,2499,332,1
52,542,50,NA,0.7,0.15,0.1,1,1,2,40,"pre_fragmentation","random",29,2010,41,10,1,2499,359,1
52,542,50,NA,0.7,0.15,0.1,1,1,2,40,"pre_fragmentation","random",29,2010,41,10,1,2499,370,2
52,542,50,NA,0.7,0.15,0.1,1,1,2,40,"pre_fragmentation","random",29,2010,41,10,1,2499,376,2
52,542,50,NA,0.7,0.15,0.1,1,1,2,40,"pre_fragmentation","random",29,2010,41,10,1,2499,377,2
52,542,50,NA,0.7,0.15,0.1,1,1,2,40,"pre_fragmentation","random",29,2010,41,10,1,2499,380,1
52,542,50,NA,0.7,0.15,0.1,1,1,2,40,"pre_fragmentation","random",29,2010,41,10,1,2499,381,2
52,542,50,NA,0.7,0.15,0.1,1,1,2,40,"pre_fragmentation","random",29,2010,41,10,1,2499,389,4
52,542,50,NA,0.7,0.15,0.1,1,1,2,40,"pre_fragmentation","random",29,2010,41,10,1,2499,392,1
52,542,50,NA,0.7,0.15,0.1,1,1,2,40,"pre_fragmentation","random",29,2010,41,10,1,2499,393,2
52,542,50,NA,0.7,0.15,0.1,1,1,2,40,"pre_fragmentation","random",29,2010,41,10,1,2499,397,1
52,542,50,NA,0.7,0.15,0.1,1,1,2,40,"pre_fragmentation","random",29,2010,41,10,1,2499,405,1
52,542,50,NA,0.7,0.15,0.1,1,1,2,40,"pre_fragmentation","random",29,2010,41,10,1,2499,413,1
52,542,50,NA,0.7,0.15,0.1,1,1,2,40,"pre_fragmentation","random",29,2010,41,10,1,2499,415,1
52,542,50,NA,0.7,0.15,0.1,1,1,2,40,"pre_fragmentation","random",29,2010,41,10,1,2499,422,1
52,542,50,NA,0.7,0.15,0.1,1,1,2,40,"pre_fragmentation","random",29,2010,41,10,1,2499,426,1
52,542,50,NA,0.7,0.15,0.1,1,1,2,40,"pre_fragmentation","random",29,2010,41,10,1,2499,434,1
52,542,50,NA,0.7,0.15,0.1,1,1,2,40,"pre_fragmentation","random",29,2010,41,10,1,2499,435,1
52,542,50,NA,0.7,0.15,0.1,1,1,2,40,"pre_fragmentation","random",29,2010,41,10,1,2499,436,1
52,542,50,NA,0.7,0.15,0.1,1,1,2,40,"pre_fragmentation","random",29,2010,41,10,1,2499,445,2
52,542,50,NA,0.7,0.15,0.1,1,1,2,40,"pre_fragmentation","random",29,2010,41,10,1,2499,473,2
52,542,50,NA,0.7,0.15,0.1,1,1,2,40,"pre_fragmentation","random",30,2070,42,20,1,2499,165,1
52,542,50,NA,0.7,0.15,0.1,1,1,2,40,"pre_fragmentation","random",30,2070,42,20,1,2499,214,1
52,542,50,NA,0.7,0.15,0.1,1,1,2,40,"pre_fragmentation","random",30,2070,42,20,1,2499,216,1
52,542,50,NA,0.7,0.15,0.1,1,1,2,40,"pre_fragmentation","random",30,2070,42,20,1,2499,232,1
52,542,50,NA,0.7,0.15,0.1,1,1,2,40,"pre_fragmentation","random",30,2070,42,20,1,2499,237,1
52,542,50,NA,0.7,0.15,0.1,1,1,2,40,"pre_fragmentation","random",30,2070,42,20,1,2499,240,1
52,542,50,NA,0.7,0.15,0.1,1,1,2,40,"pre_fragmentation","random",30,2070,42,20,1,2499,247,1
52,542,50,NA,0.7,0.15,0.1,1,1,2,40,"pre_fragmentation","random",30,2070,42,20,1,2499,252,1
52,542,50,NA,0.7,0.15,0.1,1,1,2,40,"pre_fragmentation","random",30,2070,42,20,1,2499,255,2
52,542,50,NA,0.7,0.15,0.1,1,1,2,40,"pre_fragmentation","random",30,2070,42,20,1,2499,259,1
52,542,50,NA,0.7,0.15,0.1,1,1,2,40,"pre_fragmentation","random",30,2070,42,20,1,2499,260,2
52,542,50,NA,0.7,0.15,0.1,1,1,2,40,"pre_fragmentation","random",30,2070,42,20,1,2499,262,1
52,542,50,NA,0.7,0.15,0.1,1,1,2,40,"pre_fragmentation","random",30,2070,42,20,1,2499,271,4
52,542,50,NA,0.7,0.15,0.1,1,1,2,40,"pre_fragmentation","random",30,2070,42,20,1,2499,280,1
52,542,50,NA,0.7,0.15,0.1,1,1,2,40,"pre_fragmentation","random",30,2070,42,20,1,2499,288,2
52,542,50,NA,0.7,0.15,0.1,1,1,2,40,"pre_fragmentation","random",30,2070,42,20,1,2499,291,1
52,542,50,NA,0.7,0.15,0.1,1,1,2,40,"pre_fragmentation","random",30,2070,42,20,1,2499,297,1
52,542,50,NA,0.7,0.15,0.1,1,1,2,40,"pre_fragmentation","random",30,2070,42,20,1,2499,306,10
52,542,50,NA,0.7,0.15,0.1,1,1,2,40,"pre_fragmentation","random",30,2070,42,20,1,2499,315,1
52,542,50,NA,0.7,0.15,0.1,1,1,2,40,"pre_fragmentation","random",30,2070,42,20,1,2499,323,1
52,542,50,NA,0.7,0.15,0.1,1,1,2,40,"pre_fragmentation","random",30,2070,42,20,1,2499,332,1
52,542,50,NA,0.7,0.15,0.1,1,1,2,40,"pre_fragmentation","random",30,2070,42,20,1,2499,352,2
52,542,50,NA,0.7,0.15,0.1,1,1,2,40,"pre_fragmentation","random",30,2070,42,20,1,2499,394,1
52,542,50,0.2,0.7,0.15,0.1,1,1,2,40,"post_fragmentation","random",1,2483,50,33,1,375,169,1
52,542,50,0.2,0.7,0.15,0.1,1,1,2,40,"post_fragmentation","random",1,2483,50,33,1,375,184,2
52,542,50,0.2,0.7,0.15,0.1,1,1,2,40,"post_fragmentation","random",1,2483,50,33,1,375,186,1
52,542,50,0.2,0.7,0.15,0.1,1,1,2,40,"post_fragmentation","random",1,2483,50,33,1,375,194,2
52,542,50,0.2,0.7,0.15,0.1,1,1,2,40,"post_fragmentation","random",1,2483,50,33,1,375,206,1
52,542,50,0.2,0.7,0.15,0.1,1,1,2,40,"post_fragmentation","random",1,2483,50,33,1,375,210,1
52,542,50,0.2,0.7,0.15,0.1,1,1,2,40,"post_fragmentation","random",1,2483,50,33,1,375,214,1
52,542,50,0.2,0.7,0.15,0.1,1,1,2,40,"post_fragmentation","random",1,2483,50,33,1,375,225,2
52,542,50,0.2,0.7,0.15,0.1,1,1,2,40,"post_fragmentation","random",1,2483,50,33,1,375,229,1
52,542,50,0.2,0.7,0.15,0.1,1,1,2,40,"post_fragmentation","random",1,2483,50,33,1,375,234,3
52,542,50,0.2,0.7,0.15,0.1,1,1,2,40,"post_fragmentation","random",1,2483,50,33,1,375,237,3
52,542,50,0.2,0.7,0.15,0.1,1,1,2,40,"post_fragmentation","random",1,2483,50,33,1,375,250,1
52,542,50,0.2,0.7,0.15,0.1,1,1,2,40,"post_fragmentation","random",1,2483,50,33,1,375,251,1
52,542,50,0.2,0.7,0.15,0.1,1,1,2,40,"post_fragmentation","random",1,2483,50,33,1,375,255,1
52,542,50,0.2,0.7,0.15,0.1,1,1,2,40,"post_fragmentation","random",1,2483,50,33,1,375,258,1
52,542,50,0.2,0.7,0.15,0.1,1,1,2,40,"post_fragmentation","random",1,2483,50,33,1,375,259,1
52,542,50,0.2,0.7,0.15,0.1,1,1,2,40,"post_fragmentation","random",1,2483,50,33,1,375,260,1
52,542,50,0.2,0.7,0.15,0.1,1,1,2,40,"post_fragmentation","random",1,2483,50,33,1,375,261,1
52,542,50,0.2,0.7,0.15,0.1,1,1,2,40,"post_fragmentation","random",1,2483,50,33,1,375,262,1
52,542,50,0.2,0.7,0.15,0.1,1,1,2,40,"post_fragmentation","random",1,2483,50,33,1,375,286,1
52,542,50,0.2,0.7,0.15,0.1,1,1,2,40,"post_fragmentation","random",1,2483,50,33,1,375,287,1
52,542,50,0.2,0.7,0.15,0.1,1,1,2,40,"post_fragmentation","random",1,2483,50,33,1,375,292,2
52,542,50,0.2,0.7,0.15,0.1,1,1,2,40,"post_fragmentation","random",1,2483,50,33,1,375,293,1
52,542,50,0.2,0.7,0.15,0.1,1,1,2,40,"post_fragmentation","random",1,2483,50,33,1,375,295,1
52,542,50,0.2,0.7,0.15,0.1,1,1,2,40,"post_fragmentation","random",1,2483,50,33,1,375,296,1
52,542,50,0.2,0.7,0.15,0.1,1,1,2,40,"post_fragmentation","random",1,2483,50,33,1,375,302,1
52,542,50,0.2,0.7,0.15,0.1,1,1,2,40,"post_fragmentation","random",1,2483,50,33,1,375,318,2
52,542,50,0.2,0.7,0.15,0.1,1,1,2,40,"post_fragmentation","random",1,2483,50,33,1,375,321,1
52,542,50,0.2,0.7,0.15,0.1,1,1,2,40,"post_fragmentation","random",1,2483,50,33,1,375,329,1
52,542,50,0.2,0.7,0.15,0.1,1,1,2,40,"post_fragmentation","random",1,2483,50,33,1,375,332,1
52,542,50,0.2,0.7,0.15,0.1,1,1,2,40,"post_fragmentation","random",1,2483,50,33,1,375,334,2
52,542,50,0.2,0.7,0.15,0.1,1,1,2,40,"post_fragmentation","random",1,2483,50,33,1,375,336,1
52,542,50,0.2,0.7,0.15,0.1,1,1,2,40,"post_fragmentation","random",1,2483,50,33,1,375,337,1
52,542,50,0.2,0.7,0.15,0.1,1,1,2,40,"post_fragmentation","random",1,2483,50,33,1,375,347,1
52,542,50,0.2,0.7,0.15,0.1,1,1,2,40,"post_fragmentation","random",1,2483,50,33,1,375,361,1
52,542,50,0.2,0.7,0.15,0.1,1,1,2,40,"post_fragmentation","random",2,272,6,22,1,375,238,1
52,542,50,0.2,0.7,0.15,0.1,1,1,2,40,"post_fragmentation","random",2,272,6,22,1,375,291,1
52,542,50,0.2,0.7,0.15,0.1,1,1,2,40,"post_fragmentation","random",2,272,6,22,1,375,332,1
52,542,50,0.2,0.7,0.15,0.1,1,1,2,40,"post_fragmentation","random",2,272,6,22,1,375,340,2
52,542,50,0.2,0.7,0.15,0.1,1,1,2,40,"post_fragmentation","random",2,272,6,22,1,375,386,3
52,542,50,0.2,0.7,0.15,0.1,1,1,2,40,"post_fragmentation","random",2,272,6,22,1,375,410,1
52,542,50,0.2,0.7,0.15,0.1,1,1,2,40,"post_fragmentation","random",2,272,6,22,1,375,414,1
52,542,50,0.2,0.7,0.15,0.1,1,1,2,40,"post_fragmentation","random",2,272,6,22,1,375,415,1
52,542,50,0.2,0.7,0.15,0.1,1,1,2,40,"post_fragmentation","random",2,272,6,22,1,375,436,1
52,542,50,0.2,0.7,0.15,0.1,1,1,2,40,"post_fragmentation","random",2,272,6,22,1,375,437,1
52,542,50,0.2,0.7,0.15,0.1,1,1,2,40,"post_fragmentation","random",2,272,6,22,1,375,443,1
52,542,50,0.2,0.7,0.15,0.1,1,1,2,40,"post_fragmentation","random",2,272,6,22,1,375,456,5
52,542,50,0.2,0.7,0.15,0.1,1,1,2,40,"post_fragmentation","random",2,272,6,22,1,375,458,2
52,542,50,0.2,0.7,0.15,0.1,1,1,2,40,"post_fragmentation","random",2,272,6,22,1,375,465,2
52,542,50,0.2,0.7,0.15,0.1,1,1,2,40,"post_fragmentation","random",2,272,6,22,1,375,471,4
52,542,50,0.2,0.7,0.15,0.1,1,1,2,40,"post_fragmentation","random",2,272,6,22,1,375,477,1
52,542,50,0.2,0.7,0.15,0.1,1,1,2,40,"post_fragmentation","random",2,272,6,22,1,375,480,4
52,542,50,0.2,0.7,0.15,0.1,1,1,2,40,"post_fragmentation","random",2,272,6,22,1,375,483,1
52,542,50,0.2,0.7,0.15,0.1,1,1,2,40,"post_fragmentation","random",2,272,6,22,1,375,488,1
52,542,50,0.2,0.7,0.15,0.1,1,1,2,40,"post_fragmentation","random",2,272,6,22,1,375,490,1
52,542,50,0.2,0.7,0.15,0.1,1,1,2,40,"post_fragmentation","random",2,272,6,22,1,375,492,1
52,542,50,0.2,0.7,0.15,0.1,1,1,2,40,"post_fragmentation","random",2,272,6,22,1,375,504,2
52,542,50,0.2,0.7,0.15,0.1,1,1,2,40,"post_fragmentation","random",2,272,6,22,1,375,508,1
52,542,50,0.2,0.7,0.15,0.1,1,1,2,40,"post_fragmentation","random",2,272,6,22,1,375,515,1
52,542,50,0.2,0.7,0.15,0.1,1,1,2,40,"post_fragmentation","random",2,272,6,22,1,375,530,1
52,542,50,0.2,0.7,0.15,0.1,1,1,2,40,"post_fragmentation","random",3,278,6,28,1,375,318,1
52,542,50,0.2,0.7,0.15,0.1,1,1,2,40,"post_fragmentation","random",3,278,6,28,1,375,329,1
52,542,50,0.2,0.7,0.15,0.1,1,1,2,40,"post_fragmentation","random",3,278,6,28,1,375,332,2
52,542,50,0.2,0.7,0.15,0.1,1,1,2,40,"post_fragmentation","random",3,278,6,28,1,375,337,3
52,542,50,0.2,0.7,0.15,0.1,1,1,2,40,"post_fragmentation","random",3,278,6,28,1,375,347,1
52,542,50,0.2,0.7,0.15,0.1,1,1,2,40,"post_fragmentation","random",3,278,6,28,1,375,351,2
52,542,50,0.2,0.7,0.15,0.1,1,1,2,40,"post_fragmentation","random",3,278,6,28,1,375,352,1
52,542,50,0.2,0.7,0.15,0.1,1,1,2,40,"post_fragmentation","random",3,278,6,28,1,375,353,4
52,542,50,0.2,0.7,0.15,0.1,1,1,2,40,"post_fragmentation","random",3,278,6,28,1,375,359,2
52,542,50,0.2,0.7,0.15,0.1,1,1,2,40,"post_fragmentation","random",3,278,6,28,1,375,361,2
52,542,50,0.2,0.7,0.15,0.1,1,1,2,40,"post_fragmentation","random",3,278,6,28,1,375,369,1
52,542,50,0.2,0.7,0.15,0.1,1,1,2,40,"post_fragmentation","random",3,278,6,28,1,375,372,1
52,542,50,0.2,0.7,0.15,0.1,1,1,2,40,"post_fragmentation","random",3,278,6,28,1,375,386,3
52,542,50,0.2,0.7,0.15,0.1,1,1,2,40,"post_fragmentation","random",3,278,6,28,1,375,391,1
52,542,50,0.2,0.7,0.15,0.1,1,1,2,40,"post_fragmentation","random",3,278,6,28,1,375,397,1
52,542,50,0.2,0.7,0.15,0.1,1,1,2,40,"post_fragmentation","random",3,278,6,28,1,375,410,1
52,542,50,0.2,0.7,0.15,0.1,1,1,2,40,"post_fragmentation","random",3,278,6,28,1,375,416,1
52,542,50,0.2,0.7,0.15,0.1,1,1,2,40,"post_fragmentation","random",3,278,6,28,1,375,424,1
52,542,50,0.2,0.7,0.15,0.1,1,1,2,40,"post_fragmentation","random",3,278,6,28,1,375,427,1
52,542,50,0.2,0.7,0.15,0.1,1,1,2,40,"post_fragmentation","random",3,278,6,28,1,375,435,1
52,542,50,0.2,0.7,0.15,0.1,1,1,2,40,"post_fragmentation","random",3,278,6,28,1,375,437,1
52,542,50,0.2,0.7,0.15,0.1,1,1,2,40,"post_fragmentation","random",3,278,6,28,1,375,441,1
52,542,50,0.2,0.7,0.15,0.1,1,1,2,40,"post_fragmentation","random",3,278,6,28,1,375,453,3
52,542,50,0.2,0.7,0.15,0.1,1,1,2,40,"post_fragmentation","random",3,278,6,28,1,375,456,1
52,542,50,0.2,0.7,0.15,0.1,1,1,2,40,"post_fragmentation","random",3,278,6,28,1,375,492,1
52,542,50,0.2,0.7,0.15,0.1,1,1,2,40,"post_fragmentation","random",4,575,12,25,1,375,430,1
52,542,50,0.2,0.7,0.15,0.1,1,1,2,40,"post_fragmentation","random",4,575,12,25,1,375,441,1
52,542,50,0.2,0.7,0.15,0.1,1,1,2,40,"post_fragmentation","random",4,575,12,25,1,375,469,1
52,542,50,0.2,0.7,0.15,0.1,1,1,2,40,"post_fragmentation","random",4,575,12,25,1,375,470,1
52,542,50,0.2,0.7,0.15,0.1,1,1,2,40,"post_fragmentation","random",4,575,12,25,1,375,471,1
52,542,50,0.2,0.7,0.15,0.1,1,1,2,40,"post_fragmentation","random",4,575,12,25,1,375,476,1
52,542,50,0.2,0.7,0.15,0.1,1,1,2,40,"post_fragmentation","random",4,575,12,25,1,375,483,2
52,542,50,0.2,0.7,0.15,0.1,1,1,2,40,"post_fragmentation","random",4,575,12,25,1,375,490,1
52,542,50,0.2,0.7,0.15,0.1,1,1,2,40,"post_fragmentation","random",4,575,12,25,1,375,491,2
52,542,50,0.2,0.7,0.15,0.1,1,1,2,40,"post_fragmentation","random",4,575,12,25,1,375,492,2
52,542,50,0.2,0.7,0.15,0.1,1,1,2,40,"post_fragmentation","random",4,575,12,25,1,375,499,2
52,542,50,0.2,0.7,0.15,0.1,1,1,2,40,"post_fragmentation","random",4,575,12,25,1,375,507,1
52,542,50,0.2,0.7,0.15,0.1,1,1,2,40,"post_fragmentation","random",4,575,12,25,1,375,513,2
52,542,50,0.2,0.7,0.15,0.1,1,1,2,40,"post_fragmentation","random",4,575,12,25,1,375,517,2
52,542,50,0.2,0.7,0.15,0.1,1,1,2,40,"post_fragmentation","random",4,575,12,25,1,375,521,2
52,542,50,0.2,0.7,0.15,0.1,1,1,2,40,"post_fragmentation","random",4,575,12,25,1,375,530,1
52,542,50,0.2,0.7,0.15,0.1,1,1,2,40,"post_fragmentation","random",4,575,12,25,1,375,545,2
52,542,50,0.2,0.7,0.15,0.1,1,1,2,40,"post_fragmentation","random",4,575,12,25,1,375,554,3
52,542,50,0.2,0.7,0.15,0.1,1,1,2,40,"post_fragmentation","random",4,575,12,25,1,375,563,3
52,542,50,0.2,0.7,0.15,0.1,1,1,2,40,"post_fragmentation","random",4,575,12,25,1,375,564,1
52,542,50,0.2,0.7,0.15,0.1,1,1,2,40,"post_fragmentation","random",4,575,12,25,1,375,569,2
52,542,50,0.2,0.7,0.15,0.1,1,1,2,40,"post_fragmentation","random",4,575,12,25,1,375,571,1
52,542,50,0.2,0.7,0.15,0.1,1,1,2,40,"post_fragmentation","random",4,575,12,25,1,375,574,1
52,542,50,0.2,0.7,0.15,0.1,1,1,2,40,"post_fragmentation","random",4,575,12,25,1,375,593,1
52,542,50,0.2,0.7,0.15,0.1,1,1,2,40,"post_fragmentation","random",5,326,7,26,1,375,291,1
52,542,50,0.2,0.7,0.15,0.1,1,1,2,40,"post_fragmentation","random",5,326,7,26,1,375,321,1
52,542,50,0.2,0.7,0.15,0.1,1,1,2,40,"post_fragmentation","random",5,326,7,26,1,375,329,2
52,542,50,0.2,0.7,0.15,0.1,1,1,2,40,"post_fragmentation","random",5,326,7,26,1,375,345,3
52,542,50,0.2,0.7,0.15,0.1,1,1,2,40,"post_fragmentation","random",5,326,7,26,1,375,353,3
52,542,50,0.2,0.7,0.15,0.1,1,1,2,40,"post_fragmentation","random",5,326,7,26,1,375,372,1
52,542,50,0.2,0.7,0.15,0.1,1,1,2,40,"post_fragmentation","random",5,326,7,26,1,375,386,7
52,542,50,0.2,0.7,0.15,0.1,1,1,2,40,"post_fragmentation","random",5,326,7,26,1,375,391,2
52,542,50,0.2,0.7,0.15,0.1,1,1,2,40,"post_fragmentation","random",5,326,7,26,1,375,398,1
52,542,50,0.2,0.7,0.15,0.1,1,1,2,40,"post_fragmentation","random",5,326,7,26,1,375,404,1
52,542,50,0.2,0.7,0.15,0.1,1,1,2,40,"post_fragmentation","random",5,326,7,26,1,375,412,1
52,542,50,0.2,0.7,0.15,0.1,1,1,2,40,"post_fragmentation","random",5,326,7,26,1,375,414,1
52,542,50,0.2,0.7,0.15,0.1,1,1,2,40,"post_fragmentation","random",5,326,7,26,1,375,415,2
52,542,50,0.2,0.7,0.15,0.1,1,1,2,40,"post_fragmentation","random",5,326,7,26,1,375,428,1
52,542,50,0.2,0.7,0.15,0.1,1,1,2,40,"post_fragmentation","random",5,326,7,26,1,375,435,1
52,542,50,0.2,0.7,0.15,0.1,1,1,2,40,"post_fragmentation","random",5,326,7,26,1,375,441,3
52,542,50,0.2,0.7,0.15,0.1,1,1,2,40,"post_fragmentation","random",5,326,7,26,1,375,464,1
52,542,50,0.2,0.7,0.15,0.1,1,1,2,40,"post_fragmentation","random",5,326,7,26,1,375,513,1
52,542,50,0.2,0.7,0.15,0.1,1,1,2,40,"post_fragmentation","random",6,2233,45,33,1,375,72,1
52,542,50,0.2,0.7,0.15,0.1,1,1,2,40,"post_fragmentation","random",6,2233,45,33,1,375,104,2
52,542,50,0.2,0.7,0.15,0.1,1,1,2,40,"post_fragmentation","random",6,2233,45,33,1,375,110,1
52,542,50,0.2,0.7,0.15,0.1,1,1,2,40,"post_fragmentation","random",6,2233,45,33,1,375,117,1
52,542,50,0.2,0.7,0.15,0.1,1,1,2,40,"post_fragmentation","random",6,2233,45,33,1,375,127,1
52,542,50,0.2,0.7,0.15,0.1,1,1,2,40,"post_fragmentation","random",6,2233,45,33,1,375,132,1
52,542,50,0.2,0.7,0.15,0.1,1,1,2,40,"post_fragmentation","random",6,2233,45,33,1,375,157,1
52,542,50,0.2,0.7,0.15,0.1,1,1,2,40,"post_fragmentation","random",6,2233,45,33,1,375,159,1
52,542,50,0.2,0.7,0.15,0.1,1,1,2,40,"post_fragmentation","random",6,2233,45,33,1,375,161,2
52,542,50,0.2,0.7,0.15,0.1,1,1,2,40,"post_fragmentation","random",6,2233,45,33,1,375,169,1
52,542,50,0.2,0.7,0.15,0.1,1,1,2,40,"post_fragmentation","random",6,2233,45,33,1,375,173,2
52,542,50,0.2,0.7,0.15,0.1,1,1,2,40,"post_fragmentation","random",6,2233,45,33,1,375,183,1
52,542,50,0.2,0.7,0.15,0.1,1,1,2,40,"post_fragmentation","random",6,2233,45,33,1,375,187,2
52,542,50,0.2,0.7,0.15,0.1,1,1,2,40,"post_fragmentation","random",6,2233,45,33,1,375,189,2
52,542,50,0.2,0.7,0.15,0.1,1,1,2,40,"post_fragmentation","random",6,2233,45,33,1,375,194,1
52,542,50,0.2,0.7,0.15,0.1,1,1,2,40,"post_fragmentation","random",6,2233,45,33,1,375,205,1
52,542,50,0.2,0.7,0.15,0.1,1,1,2,40,"post_fragmentation","random",6,2233,45,33,1,375,210,1
52,542,50,0.2,0.7,0.15,0.1,1,1,2,40,"post_fragmentation","random",6,2233,45,33,1,375,217,1
52,542,50,0.2,0.7,0.15,0.1,1,1,2,40,"post_fragmentation","random",6,2233,45,33,1,375,224,1
52,542,50,0.2,0.7,0.15,0.1,1,1,2,40,"post_fragmentation","random",6,2233,45,33,1,375,225,1
52,542,50,0.2,0.7,0.15,0.1,1,1,2,40,"post_fragmentation","random",6,2233,45,33,1,375,232,2
52,542,50,0.2,0.7,0.15,0.1,1,1,2,40,"post_fragmentation","random",6,2233,45,33,1,375,240,2
52,542,50,0.2,0.7,0.15,0.1,1,1,2,40,"post_fragmentation","random",6,2233,45,33,1,375,250,1
52,542,50,0.2,0.7,0.15,0.1,1,1,2,40,"post_fragmentation","random",6,2233,45,33,1,375,251,1
52,542,50,0.2,0.7,0.15,0.1,1,1,2,40,"post_fragmentation","random",6,2233,45,33,1,375,255,1
52,542,50,0.2,0.7,0.15,0.1,1,1,2,40,"post_fragmentation","random",6,2233,45,33,1,375,289,1
52,542,50,0.2,0.7,0.15,0.1,1,1,2,40,"post_fragmentation","random",6,2233,45,33,1,375,301,1
52,542,50,0.2,0.7,0.15,0.1,1,1,2,40,"post_fragmentation","random",6,2233,45,33,1,375,309,3
52,542,50,0.2,0.7,0.15,0.1,1,1,2,40,"post_fragmentation","random",7,72,2,22,1,375,286,1
52,542,50,0.2,0.7,0.15,0.1,1,1,2,40,"post_fragmentation","random",7,72,2,22,1,375,290,1
52,542,50,0.2,0.7,0.15,0.1,1,1,2,40,"post_fragmentation","random",7,72,2,22,1,375,301,1
52,542,50,0.2,0.7,0.15,0.1,1,1,2,40,"post_fragmentation","random",7,72,2,22,1,375,302,1
52,542,50,0.2,0.7,0.15,0.1,1,1,2,40,"post_fragmentation","random",7,72,2,22,1,375,324,1
52,542,50,0.2,0.7,0.15,0.1,1,1,2,40,"post_fragmentation","random",7,72,2,22,1,375,329,1
52,542,50,0.2,0.7,0.15,0.1,1,1,2,40,"post_fragmentation","random",7,72,2,22,1,375,332,1
52,542,50,0.2,0.7,0.15,0.1,1,1,2,40,"post_fragmentation","random",7,72,2,22,1,375,334,2
52,542,50,0.2,0.7,0.15,0.1,1,1,2,40,"post_fragmentation","random",7,72,2,22,1,375,340,3
52,542,50,0.2,0.7,0.15,0.1,1,1,2,40,"post_fragmentation","random",7,72,2,22,1,375,343,1
52,542,50,0.2,0.7,0.15,0.1,1,1,2,40,"post_fragmentation","random",7,72,2,22,1,375,351,5
52,542,50,0.2,0.7,0.15,0.1,1,1,2,40,"post_fragmentation","random",7,72,2,22,1,375,352,1
52,542,50,0.2,0.7,0.15,0.1,1,1,2,40,"post_fragmentation","random",7,72,2,22,1,375,353,1
52,542,50,0.2,0.7,0.15,0.1,1,1,2,40,"post_fragmentation","random",7,72,2,22,1,375,361,6
52,542,50,0.2,0.7,0.15,0.1,1,1,2,40,"post_fragmentation","random",7,72,2,22,1,375,370,3
52,542,50,0.2,0.7,0.15,0.1,1,1,2,40,"post_fragmentation","random",7,72,2,22,1,375,379,1
52,542,50,0.2,0.7,0.15,0.1,1,1,2,40,"post_fragmentation","random",7,72,2,22,1,375,387,1
52,542,50,0.2,0.7,0.15,0.1,1,1,2,40,"post_fragmentation","random",7,72,2,22,1,375,393,1
52,542,50,0.2,0.7,0.15,0.1,1,1,2,40,"post_fragmentation","random",7,72,2,22,1,375,410,1
52,542,50,0.2,0.7,0.15,0.1,1,1,2,40,"post_fragmentation","random",7,72,2,22,1,375,414,1
52,542,50,0.2,0.7,0.15,0.1,1,1,2,40,"post_fragmentation","random",7,72,2,22,1,375,427,2
52,542,50,0.2,0.7,0.15,0.1,1,1,2,40,"post_fragmentation","random",7,72,2,22,1,375,430,1
52,542,50,0.2,0.7,0.15,0.1,1,1,2,40,"post_fragmentation","random",7,72,2,22,1,375,483,1
52,542,50,0.2,0.7,0.15,0.1,1,1,2,40,"post_fragmentation","random",8,2132,43,32,1,375,1,1
52,542,50,0.2,0.7,0.15,0.1,1,1,2,40,"post_fragmentation","random",8,2132,43,32,1,375,39,1
52,542,50,0.2,0.7,0.15,0.1,1,1,2,40,"post_fragmentation","random",8,2132,43,32,1,375,42,1
52,542,50,0.2,0.7,0.15,0.1,1,1,2,40,"post_fragmentation","random",8,2132,43,32,1,375,48,1
52,542,50,0.2,0.7,0.15,0.1,1,1,2,40,"post_fragmentation","random",8,2132,43,32,1,375,59,1
52,542,50,0.2,0.7,0.15,0.1,1,1,2,40,"post_fragmentation","random",8,2132,43,32,1,375,78,3
52,542,50,0.2,0.7,0.15,0.1,1,1,2,40,"post_fragmentation","random",8,2132,43,32,1,375,87,2
52,542,50,0.2,0.7,0.15,0.1,1,1,2,40,"post_fragmentation","random",8,2132,43,32,1,375,97,1
52,542,50,0.2,0.7,0.15,0.1,1,1,2,40,"post_fragmentation","random",8,2132,43,32,1,375,105,1
52,542,50,0.2,0.7,0.15,0.1,1,1,2,40,"post_fragmentation","random",8,2132,43,32,1,375,106,1
52,542,50,0.2,0.7,0.15,0.1,1,1,2,40,"post_fragmentation","random",8,2132,43,32,1,375,111,2
52,542,50,0.2,0.7,0.15,0.1,1,1,2,40,"post_fragmentation","random",8,2132,43,32,1,375,129,1
52,542,50,0.2,0.7,0.15,0.1,1,1,2,40,"post_fragmentation","random",8,2132,43,32,1,375,134,1
52,542,50,0.2,0.7,0.15,0.1,1,1,2,40,"post_fragmentation","random",8,2132,43,32,1,375,146,1
52,542,50,0.2,0.7,0.15,0.1,1,1,2,40,"post_fragmentation","random",8,2132,43,32,1,375,147,1
52,542,50,0.2,0.7,0.15,0.1,1,1,2,40,"post_fragmentation","random",8,2132,43,32,1,375,150,1
52,542,50,0.2,0.7,0.15,0.1,1,1,2,40,"post_fragmentation","random",8,2132,43,32,1,375,159,2
52,542,50,0.2,0.7,0.15,0.1,1,1,2,40,"post_fragmentation","random",8,2132,43,32,1,375,161,2
52,542,50,0.2,0.7,0.15,0.1,1,1,2,40,"post_fragmentation","random",8,2132,43,32,1,375,163,1
52,542,50,0.2,0.7,0.15,0.1,1,1,2,40,"post_fragmentation","random",8,2132,43,32,1,375,169,1
52,542,50,0.2,0.7,0.15,0.1,1,1,2,40,"post_fragmentation","random",8,2132,43,32,1,375,173,1
52,542,50,0.2,0.7,0.15,0.1,1,1,2,40,"post_fragmentation","random",8,2132,43,32,1,375,176,1
52,542,50,0.2,0.7,0.15,0.1,1,1,2,40,"post_fragmentation","random",8,2132,43,32,1,375,191,1
52,542,50,0.2,0.7,0.15,0.1,1,1,2,40,"post_fragmentation","random",8,2132,43,32,1,375,214,1
52,542,50,0.2,0.7,0.15,0.1,1,1,2,40,"post_fragmentation","random",8,2132,43,32,1,375,217,1
52,542,50,0.2,0.7,0.15,0.1,1,1,2,40,"post_fragmentation","random",8,2132,43,32,1,375,244,1
52,542,50,0.2,0.7,0.15,0.1,1,1,2,40,"post_fragmentation","random",8,2132,43,32,1,375,248,1
52,542,50,0.2,0.7,0.15,0.1,1,1,2,40,"post_fragmentation","random",8,2132,43,32,1,375,261,1
52,542,50,0.2,0.7,0.15,0.1,1,1,2,40,"post_fragmentation","random",9,223,5,23,1,375,315,1
52,542,50,0.2,0.7,0.15,0.1,1,1,2,40,"post_fragmentation","random",9,223,5,23,1,375,329,2
52,542,50,0.2,0.7,0.15,0.1,1,1,2,40,"post_fragmentation","random",9,223,5,23,1,375,334,1
52,542,50,0.2,0.7,0.15,0.1,1,1,2,40,"post_fragmentation","random",9,223,5,23,1,375,337,1
52,542,50,0.2,0.7,0.15,0.1,1,1,2,40,"post_fragmentation","random",9,223,5,23,1,375,340,1
52,542,50,0.2,0.7,0.15,0.1,1,1,2,40,"post_fragmentation","random",9,223,5,23,1,375,345,1
52,542,50,0.2,0.7,0.15,0.1,1,1,2,40,"post_fragmentation","random",9,223,5,23,1,375,351,1
52,542,50,0.2,0.7,0.15,0.1,1,1,2,40,"post_fragmentation","random",9,223,5,23,1,375,352,1
52,542,50,0.2,0.7,0.15,0.1,1,1,2,40,"post_fragmentation","random",9,223,5,23,1,375,361,1
52,542,50,0.2,0.7,0.15,0.1,1,1,2,40,"post_fragmentation","random",9,223,5,23,1,375,379,1
52,542,50,0.2,0.7,0.15,0.1,1,1,2,40,"post_fragmentation","random",9,223,5,23,1,375,388,2
52,542,50,0.2,0.7,0.15,0.1,1,1,2,40,"post_fragmentation","random",9,223,5,23,1,375,414,3
52,542,50,0.2,0.7,0.15,0.1,1,1,2,40,"post_fragmentation","random",9,223,5,23,1,375,415,1
52,542,50,0.2,0.7,0.15,0.1,1,1,2,40,"post_fragmentation","random",9,223,5,23,1,375,423,3
52,542,50,0.2,0.7,0.15,0.1,1,1,2,40,"post_fragmentation","random",9,223,5,23,1,375,424,1
52,542,50,0.2,0.7,0.15,0.1,1,1,2,40,"post_fragmentation","random",9,223,5,23,1,375,427,1
52,542,50,0.2,0.7,0.15,0.1,1,1,2,40,"post_fragmentation","random",9,223,5,23,1,375,435,1
52,542,50,0.2,0.7,0.15,0.1,1,1,2,40,"post_fragmentation","random",9,223,5,23,1,375,436,2
52,542,50,0.2,0.7,0.15,0.1,1,1,2,40,"post_fragmentation","random",9,223,5,23,1,375,437,1
52,542,50,0.2,0.7,0.15,0.1,1,1,2,40,"post_fragmentation","random",9,223,5,23,1,375,438,1
52,542,50,0.2,0.7,0.15,0.1,1,1,2,40,"post_fragmentation","random",9,223,5,23,1,375,440,1
52,542,50,0.2,0.7,0.15,0.1,1,1,2,40,"post_fragmentation","random",9,223,5,23,1,375,453,1
52,542,50,0.2,0.7,0.15,0.1,1,1,2,40,"post_fragmentation","random",9,223,5,23,1,375,456,1
52,542,50,0.2,0.7,0.15,0.1,1,1,2,40,"post_fragmentation","random",9,223,5,23,1,375,463,1
52,542,50,0.2,0.7,0.15,0.1,1,1,2,40,"post_fragmentation","random",9,223,5,23,1,375,465,1
52,542,50,0.2,0.7,0.15,0.1,1,1,2,40,"post_fragmentation","random",9,223,5,23,1,375,480,1
52,542,50,0.2,0.7,0.15,0.1,1,1,2,40,"post_fragmentation","random",9,223,5,23,1,375,569,1
52,542,50,0.2,0.7,0.15,0.1,1,1,2,40,"post_fragmentation","random",10,134,3,34,1,375,136,1
52,542,50,0.2,0.7,0.15,0.1,1,1,2,40,"post_fragmentation","random",10,134,3,34,1,375,181,1
52,542,50,0.2,0.7,0.15,0.1,1,1,2,40,"post_fragmentation","random",10,134,3,34,1,375,210,1
52,542,50,0.2,0.7,0.15,0.1,1,1,2,40,"post_fragmentation","random",10,134,3,34,1,375,234,2
52,542,50,0.2,0.7,0.15,0.1,1,1,2,40,"post_fragmentation","random",10,134,3,34,1,375,237,2
52,542,50,0.2,0.7,0.15,0.1,1,1,2,40,"post_fragmentation","random",10,134,3,34,1,375,238,1
52,542,50,0.2,0.7,0.15,0.1,1,1,2,40,"post_fragmentation","random",10,134,3,34,1,375,250,2
52,542,50,0.2,0.7,0.15,0.1,1,1,2,40,"post_fragmentation","random",10,134,3,34,1,375,251,4
52,542,50,0.2,0.7,0.15,0.1,1,1,2,40,"post_fragmentation","random",10,134,3,34,1,375,255,1
52,542,50,0.2,0.7,0.15,0.1,1,1,2,40,"post_fragmentation","random",10,134,3,34,1,375,258,2
52,542,50,0.2,0.7,0.15,0.1,1,1,2,40,"post_fragmentation","random",10,134,3,34,1,375,270,1
52,542,50,0.2,0.7,0.15,0.1,1,1,2,40,"post_fragmentation","random",10,134,3,34,1,375,283,1
52,542,50,0.2,0.7,0.15,0.1,1,1,2,40,"post_fragmentation","random",10,134,3,34,1,375,286,1
52,542,50,0.2,0.7,0.15,0.1,1,1,2,40,"post_fragmentation","random",10,134,3,34,1,375,287,1
52,542,50,0.2,0.7,0.15,0.1,1,1,2,40,"post_fragmentation","random",10,134,3,34,1,375,302,2
52,542,50,0.2,0.7,0.15,0.1,1,1,2,40,"post_fragmentation","random",10,134,3,34,1,375,307,1
52,542,50,0.2,0.7,0.15,0.1,1,1,2,40,"post_fragmentation","random",10,134,3,34,1,375,308,1
52,542,50,0.2,0.7,0.15,0.1,1,1,2,40,"post_fragmentation","random",10,134,3,34,1,375,332,1
52,542,50,0.2,0.7,0.15,0.1,1,1,2,40,"post_fragmentation","random",10,134,3,34,1,375,334,2
52,542,50,0.2,0.7,0.15,0.1,1,1,2,40,"post_fragmentation","random",10,134,3,34,1,375,345,1
52,542,50,0.2,0.7,0.15,0.1,1,1,2,40,"post_fragmentation","random",10,134,3,34,1,375,347,1
52,542,50,0.2,0.7,0.15,0.1,1,1,2,40,"post_fragmentation","random",10,134,3,34,1,375,361,1
52,542,50,0.2,0.7,0.15,0.1,1,1,2,40,"post_fragmentation","random",10,134,3,34,1,375,369,1
52,542,50,0.2,0.7,0.15,0.1,1,1,2,40,"post_fragmentation","random",10,134,3,34,1,375,372,2
52,542,50,0.2,0.7,0.15,0.1,1,1,2,40,"post_fragmentation","random",10,134,3,34,1,375,453,1
52,542,50,0.2,0.7,0.15,0.1,1,1,2,40,"post_fragmentation","random",11,2239,45,39,1,375,79,1
52,542,50,0.2,0.7,0.15,0.1,1,1,2,40,"post_fragmentation","random",11,2239,45,39,1,375,136,1
52,542,50,0.2,0.7,0.15,0.1,1,1,2,40,"post_fragmentation","random",11,2239,45,39,1,375,152,1
52,542,50,0.2,0.7,0.15,0.1,1,1,2,40,"post_fragmentation","random",11,2239,45,39,1,375,166,1
52,542,50,0.2,0.7,0.15,0.1,1,1,2,40,"post_fragmentation","random",11,2239,45,39,1,375,167,1
52,542,50,0.2,0.7,0.15,0.1,1,1,2,40,"post_fragmentation","random",11,2239,45,39,1,375,176,1
52,542,50,0.2,0.7,0.15,0.1,1,1,2,40,"post_fragmentation","random",11,2239,45,39,1,375,184,2
52,542,50,0.2,0.7,0.15,0.1,1,1,2,40,"post_fragmentation","random",11,2239,45,39,1,375,197,1
52,542,50,0.2,0.7,0.15,0.1,1,1,2,40,"post_fragmentation","random",11,2239,45,39,1,375,200,1
52,542,50,0.2,0.7,0.15,0.1,1,1,2,40,"post_fragmentation","random",11,2239,45,39,1,375,202,1
52,542,50,0.2,0.7,0.15,0.1,1,1,2,40,"post_fragmentation","random",11,2239,45,39,1,375,216,1
52,542,50,0.2,0.7,0.15,0.1,1,1,2,40,"post_fragmentation","random",11,2239,45,39,1,375,218,2
52,542,50,0.2,0.7,0.15,0.1,1,1,2,40,"post_fragmentation","random",11,2239,45,39,1,375,237,1
52,542,50,0.2,0.7,0.15,0.1,1,1,2,40,"post_fragmentation","random",11,2239,45,39,1,375,248,1
52,542,50,0.2,0.7,0.15,0.1,1,1,2,40,"post_fragmentation","random",11,2239,45,39,1,375,251,2
52,542,50,0.2,0.7,0.15,0.1,1,1,2,40,"post_fragmentation","random",11,2239,45,39,1,375,252,3
52,542,50,0.2,0.7,0.15,0.1,1,1,2,40,"post_fragmentation","random",11,2239,45,39,1,375,255,2
52,542,50,0.2,0.7,0.15,0.1,1,1,2,40,"post_fragmentation","random",11,2239,45,39,1,375,262,1
52,542,50,0.2,0.7,0.15,0.1,1,1,2,40,"post_fragmentation","random",11,2239,45,39,1,375,265,2
52,542,50,0.2,0.7,0.15,0.1,1,1,2,40,"post_fragmentation","random",11,2239,45,39,1,375,281,3
52,542,50,0.2,0.7,0.15,0.1,1,1,2,40,"post_fragmentation","random",11,2239,45,39,1,375,289,1
52,542,50,0.2,0.7,0.15,0.1,1,1,2,40,"post_fragmentation","random",11,2239,45,39,1,375,295,2
52,542,50,0.2,0.7,0.15,0.1,1,1,2,40,"post_fragmentation","random",11,2239,45,39,1,375,301,1
52,542,50,0.2,0.7,0.15,0.1,1,1,2,40,"post_fragmentation","random",11,2239,45,39,1,375,309,1
52,542,50,0.2,0.7,0.15,0.1,1,1,2,40,"post_fragmentation","random",11,2239,45,39,1,375,336,4
52,542,50,0.2,0.7,0.15,0.1,1,1,2,40,"post_fragmentation","random",11,2239,45,39,1,375,353,1
52,542,50,0.2,0.7,0.15,0.1,1,1,2,40,"post_fragmentation","random",11,2239,45,39,1,375,389,1
52,542,50,0.2,0.7,0.15,0.1,1,1,2,40,"post_fragmentation","random",12,2185,44,35,1,375,67,1
52,542,50,0.2,0.7,0.15,0.1,1,1,2,40,"post_fragmentation","random",12,2185,44,35,1,375,101,1
52,542,50,0.2,0.7,0.15,0.1,1,1,2,40,"post_fragmentation","random",12,2185,44,35,1,375,104,1
52,542,50,0.2,0.7,0.15,0.1,1,1,2,40,"post_fragmentation","random",12,2185,44,35,1,375,111,1
52,542,50,0.2,0.7,0.15,0.1,1,1,2,40,"post_fragmentation","random",12,2185,44,35,1,375,116,1
52,542,50,0.2,0.7,0.15,0.1,1,1,2,40,"post_fragmentation","random",12,2185,44,35,1,375,132,2
52,542,50,0.2,0.7,0.15,0.1,1,1,2,40,"post_fragmentation","random",12,2185,44,35,1,375,135,1
52,542,50,0.2,0.7,0.15,0.1,1,1,2,40,"post_fragmentation","random",12,2185,44,35,1,375,136,1
52,542,50,0.2,0.7,0.15,0.1,1,1,2,40,"post_fragmentation","random",12,2185,44,35,1,375,141,1
52,542,50,0.2,0.7,0.15,0.1,1,1,2,40,"post_fragmentation","random",12,2185,44,35,1,375,144,3
52,542,50,0.2,0.7,0.15,0.1,1,1,2,40,"post_fragmentation","random",12,2185,44,35,1,375,146,1
52,542,50,0.2,0.7,0.15,0.1,1,1,2,40,"post_fragmentation","random",12,2185,44,35,1,375,149,2
52,542,50,0.2,0.7,0.15,0.1,1,1,2,40,"post_fragmentation","random",12,2185,44,35,1,375,150,1
52,542,50,0.2,0.7,0.15,0.1,1,1,2,40,"post_fragmentation","random",12,2185,44,35,1,375,152,1
52,542,50,0.2,0.7,0.15,0.1,1,1,2,40,"post_fragmentation","random",12,2185,44,35,1,375,159,2
52,542,50,0.2,0.7,0.15,0.1,1,1,2,40,"post_fragmentation","random",12,2185,44,35,1,375,170,1
52,542,50,0.2,0.7,0.15,0.1,1,1,2,40,"post_fragmentation","random",12,2185,44,35,1,375,179,2
52,542,50,0.2,0.7,0.15,0.1,1,1,2,40,"post_fragmentation","random",12,2185,44,35,1,375,181,1
52,542,50,0.2,0.7,0.15,0.1,1,1,2,40,"post_fragmentation","random",12,2185,44,35,1,375,189,1
52,542,50,0.2,0.7,0.15,0.1,1,1,2,40,"post_fragmentation","random",12,2185,44,35,1,375,194,2
52,542,50,0.2,0.7,0.15,0.1,1,1,2,40,"post_fragmentation","random",12,2185,44,35,1,375,200,1
52,542,50,0.2,0.7,0.15,0.1,1,1,2,40,"post_fragmentation","random",12,2185,44,35,1,375,205,1
52,542,50,0.2,0.7,0.15,0.1,1,1,2,40,"post_fragmentation","random",12,2185,44,35,1,375,207,1
52,542,50,0.2,0.7,0.15,0.1,1,1,2,40,"post_fragmentation","random",12,2185,44,35,1,375,214,1
52,542,50,0.2,0.7,0.15,0.1,1,1,2,40,"post_fragmentation","random",12,2185,44,35,1,375,232,2
52,542,50,0.2,0.7,0.15,0.1,1,1,2,40,"post_fragmentation","random",12,2185,44,35,1,375,237,1
52,542,50,0.2,0.7,0.15,0.1,1,1,2,40,"post_fragmentation","random",12,2185,44,35,1,375,240,1
52,542,50,0.2,0.7,0.15,0.1,1,1,2,40,"post_fragmentation","random",12,2185,44,35,1,375,241,1
52,542,50,0.2,0.7,0.15,0.1,1,1,2,40,"post_fragmentation","random",12,2185,44,35,1,375,245,2
52,542,50,0.2,0.7,0.15,0.1,1,1,2,40,"post_fragmentation","random",12,2185,44,35,1,375,252,2
52,542,50,0.2,0.7,0.15,0.1,1,1,2,40,"post_fragmentation","random",13,381,8,31,1,375,344,1
52,542,50,0.2,0.7,0.15,0.1,1,1,2,40,"post_fragmentation","random",13,381,8,31,1,375,361,2
52,542,50,0.2,0.7,0.15,0.1,1,1,2,40,"post_fragmentation","random",13,381,8,31,1,375,372,1
52,542,50,0.2,0.7,0.15,0.1,1,1,2,40,"post_fragmentation","random",13,381,8,31,1,375,376,1
52,542,50,0.2,0.7,0.15,0.1,1,1,2,40,"post_fragmentation","random",13,381,8,31,1,375,394,1
52,542,50,0.2,0.7,0.15,0.1,1,1,2,40,"post_fragmentation","random",13,381,8,31,1,375,403,1
52,542,50,0.2,0.7,0.15,0.1,1,1,2,40,"post_fragmentation","random",13,381,8,31,1,375,404,1
52,542,50,0.2,0.7,0.15,0.1,1,1,2,40,"post_fragmentation","random",13,381,8,31,1,375,408,1
52,542,50,0.2,0.7,0.15,0.1,1,1,2,40,"post_fragmentation","random",13,381,8,31,1,375,413,1
52,542,50,0.2,0.7,0.15,0.1,1,1,2,40,"post_fragmentation","random",13,381,8,31,1,375,414,2
52,542,50,0.2,0.7,0.15,0.1,1,1,2,40,"post_fragmentation","random",13,381,8,31,1,375,430,1
52,542,50,0.2,0.7,0.15,0.1,1,1,2,40,"post_fragmentation","random",13,381,8,31,1,375,435,1
52,542,50,0.2,0.7,0.15,0.1,1,1,2,40,"post_fragmentation","random",13,381,8,31,1,375,436,2
52,542,50,0.2,0.7,0.15,0.1,1,1,2,40,"post_fragmentation","random",13,381,8,31,1,375,441,1
52,542,50,0.2,0.7,0.15,0.1,1,1,2,40,"post_fragmentation","random",13,381,8,31,1,375,444,2
52,542,50,0.2,0.7,0.15,0.1,1,1,2,40,"post_fragmentation","random",13,381,8,31,1,375,456,5
52,542,50,0.2,0.7,0.15,0.1,1,1,2,40,"post_fragmentation","random",13,381,8,31,1,375,457,1
52,542,50,0.2,0.7,0.15,0.1,1,1,2,40,"post_fragmentation","random",13,381,8,31,1,375,460,2
52,542,50,0.2,0.7,0.15,0.1,1,1,2,40,"post_fragmentation","random",13,381,8,31,1,375,463,1
52,542,50,0.2,0.7,0.15,0.1,1,1,2,40,"post_fragmentation","random",13,381,8,31,1,375,492,2
52,542,50,0.2,0.7,0.15,0.1,1,1,2,40,"post_fragmentation","random",13,381,8,31,1,375,499,4
52,542,50,0.2,0.7,0.15,0.1,1,1,2,40,"post_fragmentation","random",13,381,8,31,1,375,507,1
52,542,50,0.2,0.7,0.15,0.1,1,1,2,40,"post_fragmentation","random",13,381,8,31,1,375,518,1
52,542,50,0.2,0.7,0.15,0.1,1,1,2,40,"post_fragmentation","random",14,2285,46,35,1,375,51,1
52,542,50,0.2,0.7,0.15,0.1,1,1,2,40,"post_fragmentation","random",14,2285,46,35,1,375,96,1
52,542,50,0.2,0.7,0.15,0.1,1,1,2,40,"post_fragmentation","random",14,2285,46,35,1,375,144,4
52,542,50,0.2,0.7,0.15,0.1,1,1,2,40,"post_fragmentation","random",14,2285,46,35,1,375,157,1
52,542,50,0.2,0.7,0.15,0.1,1,1,2,40,"post_fragmentation","random",14,2285,46,35,1,375,159,1
52,542,50,0.2,0.7,0.15,0.1,1,1,2,40,"post_fragmentation","random",14,2285,46,35,1,375,169,2
52,542,50,0.2,0.7,0.15,0.1,1,1,2,40,"post_fragmentation","random",14,2285,46,35,1,375,172,2
52,542,50,0.2,0.7,0.15,0.1,1,1,2,40,"post_fragmentation","random",14,2285,46,35,1,375,173,1
52,542,50,0.2,0.7,0.15,0.1,1,1,2,40,"post_fragmentation","random",14,2285,46,35,1,375,176,2
52,542,50,0.2,0.7,0.15,0.1,1,1,2,40,"post_fragmentation","random",14,2285,46,35,1,375,179,2
52,542,50,0.2,0.7,0.15,0.1,1,1,2,40,"post_fragmentation","random",14,2285,46,35,1,375,181,2
52,542,50,0.2,0.7,0.15,0.1,1,1,2,40,"post_fragmentation","random",14,2285,46,35,1,375,186,1
52,542,50,0.2,0.7,0.15,0.1,1,1,2,40,"post_fragmentation","random",14,2285,46,35,1,375,187,1
52,542,50,0.2,0.7,0.15,0.1,1,1,2,40,"post_fragmentation","random",14,2285,46,35,1,375,189,1
52,542,50,0.2,0.7,0.15,0.1,1,1,2,40,"post_fragmentation","random",14,2285,46,35,1,375,194,1
52,542,50,0.2,0.7,0.15,0.1,1,1,2,40,"post_fragmentation","random",14,2285,46,35,1,375,196,1
52,542,50,0.2,0.7,0.15,0.1,1,1,2,40,"post_fragmentation","random",14,2285,46,35,1,375,202,1
52,542,50,0.2,0.7,0.15,0.1,1,1,2,40,"post_fragmentation","random",14,2285,46,35,1,375,205,2
52,542,50,0.2,0.7,0.15,0.1,1,1,2,40,"post_fragmentation","random",14,2285,46,35,1,375,206,1
52,542,50,0.2,0.7,0.15,0.1,1,1,2,40,"post_fragmentation","random",14,2285,46,35,1,375,210,1
52,542,50,0.2,0.7,0.15,0.1,1,1,2,40,"post_fragmentation","random",14,2285,46,35,1,375,214,1
52,542,50,0.2,0.7,0.15,0.1,1,1,2,40,"post_fragmentation","random",14,2285,46,35,1,375,217,1
52,542,50,0.2,0.7,0.15,0.1,1,1,2,40,"post_fragmentation","random",14,2285,46,35,1,375,237,2
52,542,50,0.2,0.7,0.15,0.1,1,1,2,40,"post_fragmentation","random",14,2285,46,35,1,375,240,2
52,542,50,0.2,0.7,0.15,0.1,1,1,2,40,"post_fragmentation","random",14,2285,46,35,1,375,244,2
52,542,50,0.2,0.7,0.15,0.1,1,1,2,40,"post_fragmentation","random",14,2285,46,35,1,375,250,1
52,542,50,0.2,0.7,0.15,0.1,1,1,2,40,"post_fragmentation","random",14,2285,46,35,1,375,255,1
52,542,50,0.2,0.7,0.15,0.1,1,1,2,40,"post_fragmentation","random",14,2285,46,35,1,375,258,1
52,542,50,0.2,0.7,0.15,0.1,1,1,2,40,"post_fragmentation","random",14,2285,46,35,1,375,299,1
52,542,50,0.2,0.7,0.15,0.1,1,1,2,40,"post_fragmentation","random",14,2285,46,35,1,375,311,1
52,542,50,0.2,0.7,0.15,0.1,1,1,2,40,"post_fragmentation","random",14,2285,46,35,1,375,345,1
52,542,50,0.2,0.7,0.15,0.1,1,1,2,40,"post_fragmentation","random",15,425,9,25,1,375,337,1
52,542,50,0.2,0.7,0.15,0.1,1,1,2,40,"post_fragmentation","random",15,425,9,25,1,375,361,1
52,542,50,0.2,0.7,0.15,0.1,1,1,2,40,"post_fragmentation","random",15,425,9,25,1,375,388,2
52,542,50,0.2,0.7,0.15,0.1,1,1,2,40,"post_fragmentation","random",15,425,9,25,1,375,398,1
52,542,50,0.2,0.7,0.15,0.1,1,1,2,40,"post_fragmentation","random",15,425,9,25,1,375,403,1
52,542,50,0.2,0.7,0.15,0.1,1,1,2,40,"post_fragmentation","random",15,425,9,25,1,375,410,1
52,542,50,0.2,0.7,0.15,0.1,1,1,2,40,"post_fragmentation","random",15,425,9,25,1,375,411,1
52,542,50,0.2,0.7,0.15,0.1,1,1,2,40,"post_fragmentation","random",15,425,9,25,1,375,435,1
52,542,50,0.2,0.7,0.15,0.1,1,1,2,40,"post_fragmentation","random",15,425,9,25,1,375,456,1
52,542,50,0.2,0.7,0.15,0.1,1,1,2,40,"post_fragmentation","random",15,425,9,25,1,375,463,1
52,542,50,0.2,0.7,0.15,0.1,1,1,2,40,"post_fragmentation","random",15,425,9,25,1,375,465,5
52,542,50,0.2,0.7,0.15,0.1,1,1,2,40,"post_fragmentation","random",15,425,9,25,1,375,466,1
52,542,50,0.2,0.7,0.15,0.1,1,1,2,40,"post_fragmentation","random",15,425,9,25,1,375,469,2
52,542,50,0.2,0.7,0.15,0.1,1,1,2,40,"post_fragmentation","random",15,425,9,25,1,375,476,1
52,542,50,0.2,0.7,0.15,0.1,1,1,2,40,"post_fragmentation","random",15,425,9,25,1,375,479,3
52,542,50,0.2,0.7,0.15,0.1,1,1,2,40,"post_fragmentation","random",15,425,9,25,1,375,483,1
52,542,50,0.2,0.7,0.15,0.1,1,1,2,40,"post_fragmentation","random",15,425,9,25,1,375,488,3
52,542,50,0.2,0.7,0.15,0.1,1,1,2,40,"post_fragmentation","random",15,425,9,25,1,375,490,1
52,542,50,0.2,0.7,0.15,0.1,1,1,2,40,"post_fragmentation","random",15,425,9,25,1,375,492,1
52,542,50,0.2,0.7,0.15,0.1,1,1,2,40,"post_fragmentation","random",15,425,9,25,1,375,504,2
52,542,50,0.2,0.7,0.15,0.1,1,1,2,40,"post_fragmentation","random",15,425,9,25,1,375,513,1
52,542,50,0.2,0.7,0.15,0.1,1,1,2,40,"post_fragmentation","random",15,425,9,25,1,375,515,1
52,542,50,0.2,0.7,0.15,0.1,1,1,2,40,"post_fragmentation","random",15,425,9,25,1,375,521,1
52,542,50,0.2,0.7,0.15,0.1,1,1,2,40,"post_fragmentation","random",15,425,9,25,1,375,527,1
52,542,50,0.2,0.7,0.15,0.1,1,1,2,40,"post_fragmentation","random",15,425,9,25,1,375,564,2
52,542,50,0.2,0.7,0.15,0.1,1,1,2,40,"post_fragmentation","random",15,425,9,25,1,375,569,2
52,542,50,0.2,0.7,0.15,0.1,1,1,2,40,"post_fragmentation","random",15,425,9,25,1,375,593,1
52,542,50,0.2,0.7,0.15,0.1,1,1,2,40,"post_fragmentation","random",16,530,11,30,1,375,296,1
52,542,50,0.2,0.7,0.15,0.1,1,1,2,40,"post_fragmentation","random",16,530,11,30,1,375,347,1
52,542,50,0.2,0.7,0.15,0.1,1,1,2,40,"post_fragmentation","random",16,530,11,30,1,375,403,4
52,542,50,0.2,0.7,0.15,0.1,1,1,2,40,"post_fragmentation","random",16,530,11,30,1,375,408,1
52,542,50,0.2,0.7,0.15,0.1,1,1,2,40,"post_fragmentation","random",16,530,11,30,1,375,410,2
52,542,50,0.2,0.7,0.15,0.1,1,1,2,40,"post_fragmentation","random",16,530,11,30,1,375,440,1
52,542,50,0.2,0.7,0.15,0.1,1,1,2,40,"post_fragmentation","random",16,530,11,30,1,375,441,5
52,542,50,0.2,0.7,0.15,0.1,1,1,2,40,"post_fragmentation","random",16,530,11,30,1,375,443,1
52,542,50,0.2,0.7,0.15,0.1,1,1,2,40,"post_fragmentation","random",16,530,11,30,1,375,444,1
52,542,50,0.2,0.7,0.15,0.1,1,1,2,40,"post_fragmentation","random",16,530,11,30,1,375,453,5
52,542,50,0.2,0.7,0.15,0.1,1,1,2,40,"post_fragmentation","random",16,530,11,30,1,375,463,1
52,542,50,0.2,0.7,0.15,0.1,1,1,2,40,"post_fragmentation","random",16,530,11,30,1,375,469,2
52,542,50,0.2,0.7,0.15,0.1,1,1,2,40,"post_fragmentation","random",16,530,11,30,1,375,476,4
52,542,50,0.2,0.7,0.15,0.1,1,1,2,40,"post_fragmentation","random",16,530,11,30,1,375,483,3
52,542,50,0.2,0.7,0.15,0.1,1,1,2,40,"post_fragmentation","random",16,530,11,30,1,375,497,1
52,542,50,0.2,0.7,0.15,0.1,1,1,2,40,"post_fragmentation","random",16,530,11,30,1,375,499,1
52,542,50,0.2,0.7,0.15,0.1,1,1,2,40,"post_fragmentation","random",16,530,11,30,1,375,502,1
52,542,50,0.2,0.7,0.15,0.1,1,1,2,40,"post_fragmentation","random",16,530,11,30,1,375,517,2
52,542,50,0.2,0.7,0.15,0.1,1,1,2,40,"post_fragmentation","random",16,530,11,30,1,375,521,1
52,542,50,0.2,0.7,0.15,0.1,1,1,2,40,"post_fragmentation","random",16,530,11,30,1,375,565,2
52,542,50,0.2,0.7,0.15,0.1,1,1,2,40,"post_fragmentation","random",16,530,11,30,1,375,693,1
52,542,50,0.2,0.7,0.15,0.1,1,1,2,40,"post_fragmentation","random",17,77,2,27,1,375,261,1
52,542,50,0.2,0.7,0.15,0.1,1,1,2,40,"post_fragmentation","random",17,77,2,27,1,375,262,1
52,542,50,0.2,0.7,0.15,0.1,1,1,2,40,"post_fragmentation","random",17,77,2,27,1,375,290,1
52,542,50,0.2,0.7,0.15,0.1,1,1,2,40,"post_fragmentation","random",17,77,2,27,1,375,291,2
52,542,50,0.2,0.7,0.15,0.1,1,1,2,40,"post_fragmentation","random",17,77,2,27,1,375,329,3
52,542,50,0.2,0.7,0.15,0.1,1,1,2,40,"post_fragmentation","random",17,77,2,27,1,375,332,3
52,542,50,0.2,0.7,0.15,0.1,1,1,2,40,"post_fragmentation","random",17,77,2,27,1,375,334,1
52,542,50,0.2,0.7,0.15,0.1,1,1,2,40,"post_fragmentation","random",17,77,2,27,1,375,336,1
52,542,50,0.2,0.7,0.15,0.1,1,1,2,40,"post_fragmentation","random",17,77,2,27,1,375,337,4
52,542,50,0.2,0.7,0.15,0.1,1,1,2,40,"post_fragmentation","random",17,77,2,27,1,375,340,1
52,542,50,0.2,0.7,0.15,0.1,1,1,2,40,"post_fragmentation","random",17,77,2,27,1,375,346,1
52,542,50,0.2,0.7,0.15,0.1,1,1,2,40,"post_fragmentation","random",17,77,2,27,1,375,351,1
52,542,50,0.2,0.7,0.15,0.1,1,1,2,40,"post_fragmentation","random",17,77,2,27,1,375,352,1
52,542,50,0.2,0.7,0.15,0.1,1,1,2,40,"post_fragmentation","random",17,77,2,27,1,375,353,3
52,542,50,0.2,0.7,0.15,0.1,1,1,2,40,"post_fragmentation","random",17,77,2,27,1,375,361,1
52,542,50,0.2,0.7,0.15,0.1,1,1,2,40,"post_fragmentation","random",17,77,2,27,1,375,369,2
52,542,50,0.2,0.7,0.15,0.1,1,1,2,40,"post_fragmentation","random",17,77,2,27,1,375,370,2
52,542,50,0.2,0.7,0.15,0.1,1,1,2,40,"post_fragmentation","random",17,77,2,27,1,375,379,1
52,542,50,0.2,0.7,0.15,0.1,1,1,2,40,"post_fragmentation","random",17,77,2,27,1,375,386,1
52,542,50,0.2,0.7,0.15,0.1,1,1,2,40,"post_fragmentation","random",17,77,2,27,1,375,387,2
52,542,50,0.2,0.7,0.15,0.1,1,1,2,40,"post_fragmentation","random",17,77,2,27,1,375,408,1
52,542,50,0.2,0.7,0.15,0.1,1,1,2,40,"post_fragmentation","random",17,77,2,27,1,375,424,2
52,542,50,0.2,0.7,0.15,0.1,1,1,2,40,"post_fragmentation","random",17,77,2,27,1,375,453,1
52,542,50,0.2,0.7,0.15,0.1,1,1,2,40,"post_fragmentation","random",18,676,14,26,1,375,398,2
52,542,50,0.2,0.7,0.15,0.1,1,1,2,40,"post_fragmentation","random",18,676,14,26,1,375,403,2
52,542,50,0.2,0.7,0.15,0.1,1,1,2,40,"post_fragmentation","random",18,676,14,26,1,375,430,1
52,542,50,0.2,0.7,0.15,0.1,1,1,2,40,"post_fragmentation","random",18,676,14,26,1,375,440,1
52,542,50,0.2,0.7,0.15,0.1,1,1,2,40,"post_fragmentation","random",18,676,14,26,1,375,444,1
52,542,50,0.2,0.7,0.15,0.1,1,1,2,40,"post_fragmentation","random",18,676,14,26,1,375,457,1
52,542,50,0.2,0.7,0.15,0.1,1,1,2,40,"post_fragmentation","random",18,676,14,26,1,375,458,1
52,542,50,0.2,0.7,0.15,0.1,1,1,2,40,"post_fragmentation","random",18,676,14,26,1,375,459,2
52,542,50,0.2,0.7,0.15,0.1,1,1,2,40,"post_fragmentation","random",18,676,14,26,1,375,465,2
52,542,50,0.2,0.7,0.15,0.1,1,1,2,40,"post_fragmentation","random",18,676,14,26,1,375,469,1
52,542,50,0.2,0.7,0.15,0.1,1,1,2,40,"post_fragmentation","random",18,676,14,26,1,375,485,1
52,542,50,0.2,0.7,0.15,0.1,1,1,2,40,"post_fragmentation","random",18,676,14,26,1,375,492,2
52,542,50,0.2,0.7,0.15,0.1,1,1,2,40,"post_fragmentation","random",18,676,14,26,1,375,499,2
52,542,50,0.2,0.7,0.15,0.1,1,1,2,40,"post_fragmentation","random",18,676,14,26,1,375,517,1
52,542,50,0.2,0.7,0.15,0.1,1,1,2,40,"post_fragmentation","random",18,676,14,26,1,375,527,1
52,542,50,0.2,0.7,0.15,0.1,1,1,2,40,"post_fragmentation","random",18,676,14,26,1,375,530,1
52,542,50,0.2,0.7,0.15,0.1,1,1,2,40,"post_fragmentation","random",18,676,14,26,1,375,537,1
52,542,50,0.2,0.7,0.15,0.1,1,1,2,40,"post_fragmentation","random",18,676,14,26,1,375,545,3
52,542,50,0.2,0.7,0.15,0.1,1,1,2,40,"post_fragmentation","random",18,676,14,26,1,375,547,2
52,542,50,0.2,0.7,0.15,0.1,1,1,2,40,"post_fragmentation","random",18,676,14,26,1,375,559,2
52,542,50,0.2,0.7,0.15,0.1,1,1,2,40,"post_fragmentation","random",18,676,14,26,1,375,566,3
52,542,50,0.2,0.7,0.15,0.1,1,1,2,40,"post_fragmentation","random",18,676,14,26,1,375,569,1
52,542,50,0.2,0.7,0.15,0.1,1,1,2,40,"post_fragmentation","random",18,676,14,26,1,375,577,1
52,542,50,0.2,0.7,0.15,0.1,1,1,2,40,"post_fragmentation","random",19,24,1,24,1,375,245,1
52,542,50,0.2,0.7,0.15,0.1,1,1,2,40,"post_fragmentation","random",19,24,1,24,1,375,282,1
52,542,50,0.2,0.7,0.15,0.1,1,1,2,40,"post_fragmentation","random",19,24,1,24,1,375,290,1
52,542,50,0.2,0.7,0.15,0.1,1,1,2,40,"post_fragmentation","random",19,24,1,24,1,375,295,3
52,542,50,0.2,0.7,0.15,0.1,1,1,2,40,"post_fragmentation","random",19,24,1,24,1,375,296,1
52,542,50,0.2,0.7,0.15,0.1,1,1,2,40,"post_fragmentation","random",19,24,1,24,1,375,297,1
52,542,50,0.2,0.7,0.15,0.1,1,1,2,40,"post_fragmentation","random",19,24,1,24,1,375,308,1
52,542,50,0.2,0.7,0.15,0.1,1,1,2,40,"post_fragmentation","random",19,24,1,24,1,375,311,1
52,542,50,0.2,0.7,0.15,0.1,1,1,2,40,"post_fragmentation","random",19,24,1,24,1,375,315,2
52,542,50,0.2,0.7,0.15,0.1,1,1,2,40,"post_fragmentation","random",19,24,1,24,1,375,321,4
52,542,50,0.2,0.7,0.15,0.1,1,1,2,40,"post_fragmentation","random",19,24,1,24,1,375,325,1
52,542,50,0.2,0.7,0.15,0.1,1,1,2,40,"post_fragmentation","random",19,24,1,24,1,375,334,3
52,542,50,0.2,0.7,0.15,0.1,1,1,2,40,"post_fragmentation","random",19,24,1,24,1,375,337,1
52,542,50,0.2,0.7,0.15,0.1,1,1,2,40,"post_fragmentation","random",19,24,1,24,1,375,340,1
52,542,50,0.2,0.7,0.15,0.1,1,1,2,40,"post_fragmentation","random",19,24,1,24,1,375,346,1
52,542,50,0.2,0.7,0.15,0.1,1,1,2,40,"post_fragmentation","random",19,24,1,24,1,375,353,1
52,542,50,0.2,0.7,0.15,0.1,1,1,2,40,"post_fragmentation","random",19,24,1,24,1,375,361,1
52,542,50,0.2,0.7,0.15,0.1,1,1,2,40,"post_fragmentation","random",19,24,1,24,1,375,370,1
52,542,50,0.2,0.7,0.15,0.1,1,1,2,40,"post_fragmentation","random",19,24,1,24,1,375,386,1
52,542,50,0.2,0.7,0.15,0.1,1,1,2,40,"post_fragmentation","random",19,24,1,24,1,375,387,1
52,542,50,0.2,0.7,0.15,0.1,1,1,2,40,"post_fragmentation","random",19,24,1,24,1,375,394,3
52,542,50,0.2,0.7,0.15,0.1,1,1,2,40,"post_fragmentation","random",19,24,1,24,1,375,398,1
52,542,50,0.2,0.7,0.15,0.1,1,1,2,40,"post_fragmentation","random",19,24,1,24,1,375,400,1
52,542,50,0.2,0.7,0.15,0.1,1,1,2,40,"post_fragmentation","random",19,24,1,24,1,375,427,2
52,542,50,0.2,0.7,0.15,0.1,1,1,2,40,"post_fragmentation","random",19,24,1,24,1,375,445,1
52,542,50,0.2,0.7,0.15,0.1,1,1,2,40,"post_fragmentation","random",19,24,1,24,1,375,462,1
52,542,50,0.2,0.7,0.15,0.1,1,1,2,40,"post_fragmentation","random",19,24,1,24,1,375,477,1
52,542,50,0.2,0.7,0.15,0.1,1,1,2,40,"post_fragmentation","random",19,24,1,24,1,375,504,1
52,542,50,0.2,0.7,0.15,0.1,1,1,2,40,"post_fragmentation","random",20,84,2,34,1,375,136,2
52,542,50,0.2,0.7,0.15,0.1,1,1,2,40,"post_fragmentation","random",20,84,2,34,1,375,179,3
52,542,50,0.2,0.7,0.15,0.1,1,1,2,40,"post_fragmentation","random",20,84,2,34,1,375,191,1
52,542,50,0.2,0.7,0.15,0.1,1,1,2,40,"post_fragmentation","random",20,84,2,34,1,375,216,1
52,542,50,0.2,0.7,0.15,0.1,1,1,2,40,"post_fragmentation","random",20,84,2,34,1,375,229,1
52,542,50,0.2,0.7,0.15,0.1,1,1,2,40,"post_fragmentation","random",20,84,2,34,1,375,238,1
52,542,50,0.2,0.7,0.15,0.1,1,1,2,40,"post_fragmentation","random",20,84,2,34,1,375,251,3
52,542,50,0.2,0.7,0.15,0.1,1,1,2,40,"post_fragmentation","random",20,84,2,34,1,375,255,2
52,542,50,0.2,0.7,0.15,0.1,1,1,2,40,"post_fragmentation","random",20,84,2,34,1,375,256,3
52,542,50,0.2,0.7,0.15,0.1,1,1,2,40,"post_fragmentation","random",20,84,2,34,1,375,258,3
52,542,50,0.2,0.7,0.15,0.1,1,1,2,40,"post_fragmentation","random",20,84,2,34,1,375,262,2
52,542,50,0.2,0.7,0.15,0.1,1,1,2,40,"post_fragmentation","random",20,84,2,34,1,375,283,1
52,542,50,0.2,0.7,0.15,0.1,1,1,2,40,"post_fragmentation","random",20,84,2,34,1,375,289,1
52,542,50,0.2,0.7,0.15,0.1,1,1,2,40,"post_fragmentation","random",20,84,2,34,1,375,290,1
52,542,50,0.2,0.7,0.15,0.1,1,1,2,40,"post_fragmentation","random",20,84,2,34,1,375,291,1
52,542,50,0.2,0.7,0.15,0.1,1,1,2,40,"post_fragmentation","random",20,84,2,34,1,375,293,1
52,542,50,0.2,0.7,0.15,0.1,1,1,2,40,"post_fragmentation","random",20,84,2,34,1,375,296,2
52,542,50,0.2,0.7,0.15,0.1,1,1,2,40,"post_fragmentation","random",20,84,2,34,1,375,315,1
52,542,50,0.2,0.7,0.15,0.1,1,1,2,40,"post_fragmentation","random",20,84,2,34,1,375,321,1
52,542,50,0.2,0.7,0.15,0.1,1,1,2,40,"post_fragmentation","random",20,84,2,34,1,375,339,1
52,542,50,0.2,0.7,0.15,0.1,1,1,2,40,"post_fragmentation","random",20,84,2,34,1,375,347,1
52,542,50,0.2,0.7,0.15,0.1,1,1,2,40,"post_fragmentation","random",20,84,2,34,1,375,359,1
52,542,50,0.2,0.7,0.15,0.1,1,1,2,40,"post_fragmentation","random",20,84,2,34,1,375,368,1
52,542,50,0.2,0.7,0.15,0.1,1,1,2,40,"post_fragmentation","random",20,84,2,34,1,375,369,1
52,542,50,0.2,0.7,0.15,0.1,1,1,2,40,"post_fragmentation","random",20,84,2,34,1,375,377,1
52,542,50,0.2,0.7,0.15,0.1,1,1,2,40,"post_fragmentation","random",20,84,2,34,1,375,456,1
52,542,50,0.2,0.7,0.15,0.1,1,1,2,40,"post_fragmentation","random",21,2422,49,22,1,375,237,2
52,542,50,0.2,0.7,0.15,0.1,1,1,2,40,"post_fragmentation","random",21,2422,49,22,1,375,282,1
52,542,50,0.2,0.7,0.15,0.1,1,1,2,40,"post_fragmentation","random",21,2422,49,22,1,375,285,1
52,542,50,0.2,0.7,0.15,0.1,1,1,2,40,"post_fragmentation","random",21,2422,49,22,1,375,291,2
52,542,50,0.2,0.7,0.15,0.1,1,1,2,40,"post_fragmentation","random",21,2422,49,22,1,375,297,2
52,542,50,0.2,0.7,0.15,0.1,1,1,2,40,"post_fragmentation","random",21,2422,49,22,1,375,315,2
52,542,50,0.2,0.7,0.15,0.1,1,1,2,40,"post_fragmentation","random",21,2422,49,22,1,375,318,1
52,542,50,0.2,0.7,0.15,0.1,1,1,2,40,"post_fragmentation","random",21,2422,49,22,1,375,321,4
52,542,50,0.2,0.7,0.15,0.1,1,1,2,40,"post_fragmentation","random",21,2422,49,22,1,375,325,2
52,542,50,0.2,0.7,0.15,0.1,1,1,2,40,"post_fragmentation","random",21,2422,49,22,1,375,329,1
52,542,50,0.2,0.7,0.15,0.1,1,1,2,40,"post_fragmentation","random",21,2422,49,22,1,375,332,3
52,542,50,0.2,0.7,0.15,0.1,1,1,2,40,"post_fragmentation","random",21,2422,49,22,1,375,334,1
52,542,50,0.2,0.7,0.15,0.1,1,1,2,40,"post_fragmentation","random",21,2422,49,22,1,375,336,1
52,542,50,0.2,0.7,0.15,0.1,1,1,2,40,"post_fragmentation","random",21,2422,49,22,1,375,337,1
52,542,50,0.2,0.7,0.15,0.1,1,1,2,40,"post_fragmentation","random",21,2422,49,22,1,375,351,3
52,542,50,0.2,0.7,0.15,0.1,1,1,2,40,"post_fragmentation","random",21,2422,49,22,1,375,361,1
52,542,50,0.2,0.7,0.15,0.1,1,1,2,40,"post_fragmentation","random",21,2422,49,22,1,375,370,1
52,542,50,0.2,0.7,0.15,0.1,1,1,2,40,"post_fragmentation","random",21,2422,49,22,1,375,386,1
52,542,50,0.2,0.7,0.15,0.1,1,1,2,40,"post_fragmentation","random",21,2422,49,22,1,375,387,1
52,542,50,0.2,0.7,0.15,0.1,1,1,2,40,"post_fragmentation","random",21,2422,49,22,1,375,394,1
52,542,50,0.2,0.7,0.15,0.1,1,1,2,40,"post_fragmentation","random",21,2422,49,22,1,375,397,1
52,542,50,0.2,0.7,0.15,0.1,1,1,2,40,"post_fragmentation","random",21,2422,49,22,1,375,410,2
52,542,50,0.2,0.7,0.15,0.1,1,1,2,40,"post_fragmentation","random",22,383,8,33,1,375,290,1
52,542,50,0.2,0.7,0.15,0.1,1,1,2,40,"post_fragmentation","random",22,383,8,33,1,375,348,1
52,542,50,0.2,0.7,0.15,0.1,1,1,2,40,"post_fragmentation","random",22,383,8,33,1,375,349,2
52,542,50,0.2,0.7,0.15,0.1,1,1,2,40,"post_fragmentation","random",22,383,8,33,1,375,351,1
52,542,50,0.2,0.7,0.15,0.1,1,1,2,40,"post_fragmentation","random",22,383,8,33,1,375,358,1
52,542,50,0.2,0.7,0.15,0.1,1,1,2,40,"post_fragmentation","random",22,383,8,33,1,375,359,1
52,542,50,0.2,0.7,0.15,0.1,1,1,2,40,"post_fragmentation","random",22,383,8,33,1,375,362,2
52,542,50,0.2,0.7,0.15,0.1,1,1,2,40,"post_fragmentation","random",22,383,8,33,1,375,364,1
52,542,50,0.2,0.7,0.15,0.1,1,1,2,40,"post_fragmentation","random",22,383,8,33,1,375,369,1
52,542,50,0.2,0.7,0.15,0.1,1,1,2,40,"post_fragmentation","random",22,383,8,33,1,375,372,4
52,542,50,0.2,0.7,0.15,0.1,1,1,2,40,"post_fragmentation","random",22,383,8,33,1,375,391,1
52,542,50,0.2,0.7,0.15,0.1,1,1,2,40,"post_fragmentation","random",22,383,8,33,1,375,394,1
52,542,50,0.2,0.7,0.15,0.1,1,1,2,40,"post_fragmentation","random",22,383,8,33,1,375,398,1
52,542,50,0.2,0.7,0.15,0.1,1,1,2,40,"post_fragmentation","random",22,383,8,33,1,375,403,2
52,542,50,0.2,0.7,0.15,0.1,1,1,2,40,"post_fragmentation","random",22,383,8,33,1,375,410,1
52,542,50,0.2,0.7,0.15,0.1,1,1,2,40,"post_fragmentation","random",22,383,8,33,1,375,413,1
52,542,50,0.2,0.7,0.15,0.1,1,1,2,40,"post_fragmentation","random",22,383,8,33,1,375,414,1
52,542,50,0.2,0.7,0.15,0.1,1,1,2,40,"post_fragmentation","random",22,383,8,33,1,375,427,1
52,542,50,0.2,0.7,0.15,0.1,1,1,2,40,"post_fragmentation","random",22,383,8,33,1,375,436,2
52,542,50,0.2,0.7,0.15,0.1,1,1,2,40,"post_fragmentation","random",22,383,8,33,1,375,453,3
52,542,50,0.2,0.7,0.15,0.1,1,1,2,40,"post_fragmentation","random",22,383,8,33,1,375,463,1
52,542,50,0.2,0.7,0.15,0.1,1,1,2,40,"post_fragmentation","random",22,383,8,33,1,375,464,4
52,542,50,0.2,0.7,0.15,0.1,1,1,2,40,"post_fragmentation","random",22,383,8,33,1,375,499,1
52,542,50,0.2,0.7,0.15,0.1,1,1,2,40,"post_fragmentation","random",23,173,4,23,1,375,315,2
52,542,50,0.2,0.7,0.15,0.1,1,1,2,40,"post_fragmentation","random",23,173,4,23,1,375,334,1
52,542,50,0.2,0.7,0.15,0.1,1,1,2,40,"post_fragmentation","random",23,173,4,23,1,375,337,3
52,542,50,0.2,0.7,0.15,0.1,1,1,2,40,"post_fragmentation","random",23,173,4,23,1,375,340,2
52,542,50,0.2,0.7,0.15,0.1,1,1,2,40,"post_fragmentation","random",23,173,4,23,1,375,351,2
52,542,50,0.2,0.7,0.15,0.1,1,1,2,40,"post_fragmentation","random",23,173,4,23,1,375,352,2
52,542,50,0.2,0.7,0.15,0.1,1,1,2,40,"post_fragmentation","random",23,173,4,23,1,375,361,2
52,542,50,0.2,0.7,0.15,0.1,1,1,2,40,"post_fragmentation","random",23,173,4,23,1,375,370,2
52,542,50,0.2,0.7,0.15,0.1,1,1,2,40,"post_fragmentation","random",23,173,4,23,1,375,379,1
52,542,50,0.2,0.7,0.15,0.1,1,1,2,40,"post_fragmentation","random",23,173,4,23,1,375,386,1
52,542,50,0.2,0.7,0.15,0.1,1,1,2,40,"post_fragmentation","random",23,173,4,23,1,375,394,1
52,542,50,0.2,0.7,0.15,0.1,1,1,2,40,"post_fragmentation","random",23,173,4,23,1,375,414,1
52,542,50,0.2,0.7,0.15,0.1,1,1,2,40,"post_fragmentation","random",23,173,4,23,1,375,424,2
52,542,50,0.2,0.7,0.15,0.1,1,1,2,40,"post_fragmentation","random",23,173,4,23,1,375,427,2
52,542,50,0.2,0.7,0.15,0.1,1,1,2,40,"post_fragmentation","random",23,173,4,23,1,375,438,1
52,542,50,0.2,0.7,0.15,0.1,1,1,2,40,"post_fragmentation","random",23,173,4,23,1,375,459,1
52,542,50,0.2,0.7,0.15,0.1,1,1,2,40,"post_fragmentation","random",23,173,4,23,1,375,465,2
52,542,50,0.2,0.7,0.15,0.1,1,1,2,40,"post_fragmentation","random",23,173,4,23,1,375,466,1
52,542,50,0.2,0.7,0.15,0.1,1,1,2,40,"post_fragmentation","random",23,173,4,23,1,375,468,2
52,542,50,0.2,0.7,0.15,0.1,1,1,2,40,"post_fragmentation","random",23,173,4,23,1,375,477,1
52,542,50,0.2,0.7,0.15,0.1,1,1,2,40,"post_fragmentation","random",24,2077,42,27,1,375,41,1
52,542,50,0.2,0.7,0.15,0.1,1,1,2,40,"post_fragmentation","random",24,2077,42,27,1,375,66,1
52,542,50,0.2,0.7,0.15,0.1,1,1,2,40,"post_fragmentation","random",24,2077,42,27,1,375,81,3
52,542,50,0.2,0.7,0.15,0.1,1,1,2,40,"post_fragmentation","random",24,2077,42,27,1,375,87,1
52,542,50,0.2,0.7,0.15,0.1,1,1,2,40,"post_fragmentation","random",24,2077,42,27,1,375,116,1
52,542,50,0.2,0.7,0.15,0.1,1,1,2,40,"post_fragmentation","random",24,2077,42,27,1,375,121,2
52,542,50,0.2,0.7,0.15,0.1,1,1,2,40,"post_fragmentation","random",24,2077,42,27,1,375,148,1
52,542,50,0.2,0.7,0.15,0.1,1,1,2,40,"post_fragmentation","random",24,2077,42,27,1,375,156,1
52,542,50,0.2,0.7,0.15,0.1,1,1,2,40,"post_fragmentation","random",24,2077,42,27,1,375,163,1
52,542,50,0.2,0.7,0.15,0.1,1,1,2,40,"post_fragmentation","random",24,2077,42,27,1,375,165,1
52,542,50,0.2,0.7,0.15,0.1,1,1,2,40,"post_fragmentation","random",24,2077,42,27,1,375,168,1
52,542,50,0.2,0.7,0.15,0.1,1,1,2,40,"post_fragmentation","random",24,2077,42,27,1,375,176,1
52,542,50,0.2,0.7,0.15,0.1,1,1,2,40,"post_fragmentation","random",24,2077,42,27,1,375,180,3
52,542,50,0.2,0.7,0.15,0.1,1,1,2,40,"post_fragmentation","random",24,2077,42,27,1,375,183,1
52,542,50,0.2,0.7,0.15,0.1,1,1,2,40,"post_fragmentation","random",24,2077,42,27,1,375,192,1
52,542,50,0.2,0.7,0.15,0.1,1,1,2,40,"post_fragmentation","random",24,2077,42,27,1,375,194,2
52,542,50,0.2,0.7,0.15,0.1,1,1,2,40,"post_fragmentation","random",24,2077,42,27,1,375,202,1
52,542,50,0.2,0.7,0.15,0.1,1,1,2,40,"post_fragmentation","random",24,2077,42,27,1,375,208,2
52,542,50,0.2,0.7,0.15,0.1,1,1,2,40,"post_fragmentation","random",24,2077,42,27,1,375,216,2
52,542,50,0.2,0.7,0.15,0.1,1,1,2,40,"post_fragmentation","random",24,2077,42,27,1,375,231,1
52,542,50,0.2,0.7,0.15,0.1,1,1,2,40,"post_fragmentation","random",24,2077,42,27,1,375,240,2
52,542,50,0.2,0.7,0.15,0.1,1,1,2,40,"post_fragmentation","random",24,2077,42,27,1,375,247,1
52,542,50,0.2,0.7,0.15,0.1,1,1,2,40,"post_fragmentation","random",24,2077,42,27,1,375,250,1
52,542,50,0.2,0.7,0.15,0.1,1,1,2,40,"post_fragmentation","random",24,2077,42,27,1,375,258,1
52,542,50,0.2,0.7,0.15,0.1,1,1,2,40,"post_fragmentation","random",24,2077,42,27,1,375,277,1
52,542,50,0.2,0.7,0.15,0.1,1,1,2,40,"post_fragmentation","random",24,2077,42,27,1,375,296,1
52,542,50,0.2,0.7,0.15,0.1,1,1,2,40,"post_fragmentation","random",24,2077,42,27,1,375,306,2
52,542,50,0.2,0.7,0.15,0.1,1,1,2,40,"post_fragmentation","random",24,2077,42,27,1,375,309,1
52,542,50,0.2,0.7,0.15,0.1,1,1,2,40,"post_fragmentation","random",24,2077,42,27,1,375,318,1
52,542,50,0.2,0.7,0.15,0.1,1,1,2,40,"post_fragmentation","random",25,1977,40,27,1,375,17,1
52,542,50,0.2,0.7,0.15,0.1,1,1,2,40,"post_fragmentation","random",25,1977,40,27,1,375,31,3
52,542,50,0.2,0.7,0.15,0.1,1,1,2,40,"post_fragmentation","random",25,1977,40,27,1,375,42,3
52,542,50,0.2,0.7,0.15,0.1,1,1,2,40,"post_fragmentation","random",25,1977,40,27,1,375,73,1
52,542,50,0.2,0.7,0.15,0.1,1,1,2,40,"post_fragmentation","random",25,1977,40,27,1,375,81,1
52,542,50,0.2,0.7,0.15,0.1,1,1,2,40,"post_fragmentation","random",25,1977,40,27,1,375,85,4
52,542,50,0.2,0.7,0.15,0.1,1,1,2,40,"post_fragmentation","random",25,1977,40,27,1,375,87,1
52,542,50,0.2,0.7,0.15,0.1,1,1,2,40,"post_fragmentation","random",25,1977,40,27,1,375,99,1
52,542,50,0.2,0.7,0.15,0.1,1,1,2,40,"post_fragmentation","random",25,1977,40,27,1,375,104,2
52,542,50,0.2,0.7,0.15,0.1,1,1,2,40,"post_fragmentation","random",25,1977,40,27,1,375,110,1
52,542,50,0.2,0.7,0.15,0.1,1,1,2,40,"post_fragmentation","random",25,1977,40,27,1,375,116,1
52,542,50,0.2,0.7,0.15,0.1,1,1,2,40,"post_fragmentation","random",25,1977,40,27,1,375,121,1
52,542,50,0.2,0.7,0.15,0.1,1,1,2,40,"post_fragmentation","random",25,1977,40,27,1,375,129,1
52,542,50,0.2,0.7,0.15,0.1,1,1,2,40,"post_fragmentation","random",25,1977,40,27,1,375,130,1
52,542,50,0.2,0.7,0.15,0.1,1,1,2,40,"post_fragmentation","random",25,1977,40,27,1,375,133,2
52,542,50,0.2,0.7,0.15,0.1,1,1,2,40,"post_fragmentation","random",25,1977,40,27,1,375,153,1
52,542,50,0.2,0.7,0.15,0.1,1,1,2,40,"post_fragmentation","random",25,1977,40,27,1,375,165,2
52,542,50,0.2,0.7,0.15,0.1,1,1,2,40,"post_fragmentation","random",25,1977,40,27,1,375,167,1
52,542,50,0.2,0.7,0.15,0.1,1,1,2,40,"post_fragmentation","random",25,1977,40,27,1,375,168,1
52,542,50,0.2,0.7,0.15,0.1,1,1,2,40,"post_fragmentation","random",25,1977,40,27,1,375,169,1
52,542,50,0.2,0.7,0.15,0.1,1,1,2,40,"post_fragmentation","random",25,1977,40,27,1,375,170,1
52,542,50,0.2,0.7,0.15,0.1,1,1,2,40,"post_fragmentation","random",25,1977,40,27,1,375,179,1
52,542,50,0.2,0.7,0.15,0.1,1,1,2,40,"post_fragmentation","random",25,1977,40,27,1,375,180,2
52,542,50,0.2,0.7,0.15,0.1,1,1,2,40,"post_fragmentation","random",25,1977,40,27,1,375,183,1
52,542,50,0.2,0.7,0.15,0.1,1,1,2,40,"post_fragmentation","random",25,1977,40,27,1,375,209,1
52,542,50,0.2,0.7,0.15,0.1,1,1,2,40,"post_fragmentation","random",25,1977,40,27,1,375,216,1
52,542,50,0.2,0.7,0.15,0.1,1,1,2,40,"post_fragmentation","random",25,1977,40,27,1,375,219,1
52,542,50,0.2,0.7,0.15,0.1,1,1,2,40,"post_fragmentation","random",25,1977,40,27,1,375,237,1
52,542,50,0.2,0.7,0.15,0.1,1,1,2,40,"post_fragmentation","random",25,1977,40,27,1,375,297,1
52,542,50,0.2,0.7,0.15,0.1,1,1,2,40,"post_fragmentation","random",26,2277,46,27,1,375,169,1
52,542,50,0.2,0.7,0.15,0.1,1,1,2,40,"post_fragmentation","random",26,2277,46,27,1,375,170,1
52,542,50,0.2,0.7,0.15,0.1,1,1,2,40,"post_fragmentation","random",26,2277,46,27,1,375,179,1
52,542,50,0.2,0.7,0.15,0.1,1,1,2,40,"post_fragmentation","random",26,2277,46,27,1,375,181,1
52,542,50,0.2,0.7,0.15,0.1,1,1,2,40,"post_fragmentation","random",26,2277,46,27,1,375,200,1
52,542,50,0.2,0.7,0.15,0.1,1,1,2,40,"post_fragmentation","random",26,2277,46,27,1,375,217,1
52,542,50,0.2,0.7,0.15,0.1,1,1,2,40,"post_fragmentation","random",26,2277,46,27,1,375,231,1
52,542,50,0.2,0.7,0.15,0.1,1,1,2,40,"post_fragmentation","random",26,2277,46,27,1,375,237,2
52,542,50,0.2,0.7,0.15,0.1,1,1,2,40,"post_fragmentation","random",26,2277,46,27,1,375,238,1
52,542,50,0.2,0.7,0.15,0.1,1,1,2,40,"post_fragmentation","random",26,2277,46,27,1,375,240,3
52,542,50,0.2,0.7,0.15,0.1,1,1,2,40,"post_fragmentation","random",26,2277,46,27,1,375,243,1
52,542,50,0.2,0.7,0.15,0.1,1,1,2,40,"post_fragmentation","random",26,2277,46,27,1,375,245,1
52,542,50,0.2,0.7,0.15,0.1,1,1,2,40,"post_fragmentation","random",26,2277,46,27,1,375,247,1
52,542,50,0.2,0.7,0.15,0.1,1,1,2,40,"post_fragmentation","random",26,2277,46,27,1,375,253,3
52,542,50,0.2,0.7,0.15,0.1,1,1,2,40,"post_fragmentation","random",26,2277,46,27,1,375,258,1
52,542,50,0.2,0.7,0.15,0.1,1,1,2,40,"post_fragmentation","random",26,2277,46,27,1,375,283,2
52,542,50,0.2,0.7,0.15,0.1,1,1,2,40,"post_fragmentation","random",26,2277,46,27,1,375,291,3
52,542,50,0.2,0.7,0.15,0.1,1,1,2,40,"post_fragmentation","random",26,2277,46,27,1,375,296,2
52,542,50,0.2,0.7,0.15,0.1,1,1,2,40,"post_fragmentation","random",26,2277,46,27,1,375,297,2
52,542,50,0.2,0.7,0.15,0.1,1,1,2,40,"post_fragmentation","random",26,2277,46,27,1,375,302,1
52,542,50,0.2,0.7,0.15,0.1,1,1,2,40,"post_fragmentation","random",26,2277,46,27,1,375,308,1
52,542,50,0.2,0.7,0.15,0.1,1,1,2,40,"post_fragmentation","random",26,2277,46,27,1,375,332,1
52,542,50,0.2,0.7,0.15,0.1,1,1,2,40,"post_fragmentation","random",26,2277,46,27,1,375,334,1
52,542,50,0.2,0.7,0.15,0.1,1,1,2,40,"post_fragmentation","random",26,2277,46,27,1,375,337,1
52,542,50,0.2,0.7,0.15,0.1,1,1,2,40,"post_fragmentation","random",26,2277,46,27,1,375,370,2
52,542,50,0.2,0.7,0.15,0.1,1,1,2,40,"post_fragmentation","random",27,2274,46,24,1,375,207,1
52,542,50,0.2,0.7,0.15,0.1,1,1,2,40,"post_fragmentation","random",27,2274,46,24,1,375,216,2
52,542,50,0.2,0.7,0.15,0.1,1,1,2,40,"post_fragmentation","random",27,2274,46,24,1,375,217,1
52,542,50,0.2,0.7,0.15,0.1,1,1,2,40,"post_fragmentation","random",27,2274,46,24,1,375,231,1
52,542,50,0.2,0.7,0.15,0.1,1,1,2,40,"post_fragmentation","random",27,2274,46,24,1,375,237,2
52,542,50,0.2,0.7,0.15,0.1,1,1,2,40,"post_fragmentation","random",27,2274,46,24,1,375,240,2
52,542,50,0.2,0.7,0.15,0.1,1,1,2,40,"post_fragmentation","random",27,2274,46,24,1,375,274,1
52,542,50,0.2,0.7,0.15,0.1,1,1,2,40,"post_fragmentation","random",27,2274,46,24,1,375,291,3
52,542,50,0.2,0.7,0.15,0.1,1,1,2,40,"post_fragmentation","random",27,2274,46,24,1,375,297,1
52,542,50,0.2,0.7,0.15,0.1,1,1,2,40,"post_fragmentation","random",27,2274,46,24,1,375,306,1
52,542,50,0.2,0.7,0.15,0.1,1,1,2,40,"post_fragmentation","random",27,2274,46,24,1,375,309,2
52,542,50,0.2,0.7,0.15,0.1,1,1,2,40,"post_fragmentation","random",27,2274,46,24,1,375,311,1
52,542,50,0.2,0.7,0.15,0.1,1,1,2,40,"post_fragmentation","random",27,2274,46,24,1,375,314,3
52,542,50,0.2,0.7,0.15,0.1,1,1,2,40,"post_fragmentation","random",27,2274,46,24,1,375,318,4
52,542,50,0.2,0.7,0.15,0.1,1,1,2,40,"post_fragmentation","random",27,2274,46,24,1,375,319,1
52,542,50,0.2,0.7,0.15,0.1,1,1,2,40,"post_fragmentation","random",27,2274,46,24,1,375,329,2
52,542,50,0.2,0.7,0.15,0.1,1,1,2,40,"post_fragmentation","random",27,2274,46,24,1,375,332,1
52,542,50,0.2,0.7,0.15,0.1,1,1,2,40,"post_fragmentation","random",27,2274,46,24,1,375,339,1
52,542,50,0.2,0.7,0.15,0.1,1,1,2,40,"post_fragmentation","random",27,2274,46,24,1,375,340,1
52,542,50,0.2,0.7,0.15,0.1,1,1,2,40,"post_fragmentation","random",27,2274,46,24,1,375,348,1
52,542,50,0.2,0.7,0.15,0.1,1,1,2,40,"post_fragmentation","random",27,2274,46,24,1,375,351,1
52,542,50,0.2,0.7,0.15,0.1,1,1,2,40,"post_fragmentation","random",27,2274,46,24,1,375,414,1
52,542,50,0.2,0.7,0.15,0.1,1,1,2,40,"post_fragmentation","random",27,2274,46,24,1,375,465,1
52,542,50,0.2,0.7,0.15,0.1,1,1,2,40,"post_fragmentation","random",28,2173,44,23,1,375,176,1
52,542,50,0.2,0.7,0.15,0.1,1,1,2,40,"post_fragmentation","random",28,2173,44,23,1,375,180,1
52,542,50,0.2,0.7,0.15,0.1,1,1,2,40,"post_fragmentation","random",28,2173,44,23,1,375,203,1
52,542,50,0.2,0.7,0.15,0.1,1,1,2,40,"post_fragmentation","random",28,2173,44,23,1,375,207,1
52,542,50,0.2,0.7,0.15,0.1,1,1,2,40,"post_fragmentation","random",28,2173,44,23,1,375,210,1
52,542,50,0.2,0.7,0.15,0.1,1,1,2,40,"post_fragmentation","random",28,2173,44,23,1,375,233,1
52,542,50,0.2,0.7,0.15,0.1,1,1,2,40,"post_fragmentation","random",28,2173,44,23,1,375,245,2
52,542,50,0.2,0.7,0.15,0.1,1,1,2,40,"post_fragmentation","random",28,2173,44,23,1,375,247,1
52,542,50,0.2,0.7,0.15,0.1,1,1,2,40,"post_fragmentation","random",28,2173,44,23,1,375,250,1
52,542,50,0.2,0.7,0.15,0.1,1,1,2,40,"post_fragmentation","random",28,2173,44,23,1,375,251,1
52,542,50,0.2,0.7,0.15,0.1,1,1,2,40,"post_fragmentation","random",28,2173,44,23,1,375,273,2
52,542,50,0.2,0.7,0.15,0.1,1,1,2,40,"post_fragmentation","random",28,2173,44,23,1,375,280,6
52,542,50,0.2,0.7,0.15,0.1,1,1,2,40,"post_fragmentation","random",28,2173,44,23,1,375,284,3
52,542,50,0.2,0.7,0.15,0.1,1,1,2,40,"post_fragmentation","random",28,2173,44,23,1,375,289,1
52,542,50,0.2,0.7,0.15,0.1,1,1,2,40,"post_fragmentation","random",28,2173,44,23,1,375,291,2
52,542,50,0.2,0.7,0.15,0.1,1,1,2,40,"post_fragmentation","random",28,2173,44,23,1,375,297,1
52,542,50,0.2,0.7,0.15,0.1,1,1,2,40,"post_fragmentation","random",28,2173,44,23,1,375,302,2
52,542,50,0.2,0.7,0.15,0.1,1,1,2,40,"post_fragmentation","random",28,2173,44,23,1,375,306,1
52,542,50,0.2,0.7,0.15,0.1,1,1,2,40,"post_fragmentation","random",28,2173,44,23,1,375,309,2
52,542,50,0.2,0.7,0.15,0.1,1,1,2,40,"post_fragmentation","random",28,2173,44,23,1,375,325,1
52,542,50,0.2,0.7,0.15,0.1,1,1,2,40,"post_fragmentation","random",28,2173,44,23,1,375,332,1
52,542,50,0.2,0.7,0.15,0.1,1,1,2,40,"post_fragmentation","random",28,2173,44,23,1,375,370,1
52,542,50,0.2,0.7,0.15,0.1,1,1,2,40,"post_fragmentation","random",29,2234,45,34,1,375,40,2
52,542,50,0.2,0.7,0.15,0.1,1,1,2,40,"post_fragmentation","random",29,2234,45,34,1,375,96,2
52,542,50,0.2,0.7,0.15,0.1,1,1,2,40,"post_fragmentation","random",29,2234,45,34,1,375,97,2
52,542,50,0.2,0.7,0.15,0.1,1,1,2,40,"post_fragmentation","random",29,2234,45,34,1,375,99,1
52,542,50,0.2,0.7,0.15,0.1,1,1,2,40,"post_fragmentation","random",29,2234,45,34,1,375,102,1
52,542,50,0.2,0.7,0.15,0.1,1,1,2,40,"post_fragmentation","random",29,2234,45,34,1,375,110,1
52,542,50,0.2,0.7,0.15,0.1,1,1,2,40,"post_fragmentation","random",29,2234,45,34,1,375,116,1
52,542,50,0.2,0.7,0.15,0.1,1,1,2,40,"post_fragmentation","random",29,2234,45,34,1,375,146,1
52,542,50,0.2,0.7,0.15,0.1,1,1,2,40,"post_fragmentation","random",29,2234,45,34,1,375,160,1
52,542,50,0.2,0.7,0.15,0.1,1,1,2,40,"post_fragmentation","random",29,2234,45,34,1,375,161,1
52,542,50,0.2,0.7,0.15,0.1,1,1,2,40,"post_fragmentation","random",29,2234,45,34,1,375,169,2
52,542,50,0.2,0.7,0.15,0.1,1,1,2,40,"post_fragmentation","random",29,2234,45,34,1,375,170,2
52,542,50,0.2,0.7,0.15,0.1,1,1,2,40,"post_fragmentation","random",29,2234,45,34,1,375,173,1
52,542,50,0.2,0.7,0.15,0.1,1,1,2,40,"post_fragmentation","random",29,2234,45,34,1,375,179,1
52,542,50,0.2,0.7,0.15,0.1,1,1,2,40,"post_fragmentation","random",29,2234,45,34,1,375,181,1
52,542,50,0.2,0.7,0.15,0.1,1,1,2,40,"post_fragmentation","random",29,2234,45,34,1,375,194,1
52,542,50,0.2,0.7,0.15,0.1,1,1,2,40,"post_fragmentation","random",29,2234,45,34,1,375,196,3
52,542,50,0.2,0.7,0.15,0.1,1,1,2,40,"post_fragmentation","random",29,2234,45,34,1,375,228,1
52,542,50,0.2,0.7,0.15,0.1,1,1,2,40,"post_fragmentation","random",29,2234,45,34,1,375,232,1
52,542,50,0.2,0.7,0.15,0.1,1,1,2,40,"post_fragmentation","random",29,2234,45,34,1,375,237,1
52,542,50,0.2,0.7,0.15,0.1,1,1,2,40,"post_fragmentation","random",29,2234,45,34,1,375,299,1
52,542,50,0.2,0.7,0.15,0.1,1,1,2,40,"post_fragmentation","random",29,2234,45,34,1,375,332,2
52,542,50,0.2,0.7,0.15,0.1,1,1,2,40,"post_fragmentation","random",30,2080,42,30,1,375,5,1
52,542,50,0.2,0.7,0.15,0.1,1,1,2,40,"post_fragmentation","random",30,2080,42,30,1,375,13,1
52,542,50,0.2,0.7,0.15,0.1,1,1,2,40,"post_fragmentation","random",30,2080,42,30,1,375,27,1
52,542,50,0.2,0.7,0.15,0.1,1,1,2,40,"post_fragmentation","random",30,2080,42,30,1,375,41,2
52,542,50,0.2,0.7,0.15,0.1,1,1,2,40,"post_fragmentation","random",30,2080,42,30,1,375,55,2
52,542,50,0.2,0.7,0.15,0.1,1,1,2,40,"post_fragmentation","random",30,2080,42,30,1,375,62,4
52,542,50,0.2,0.7,0.15,0.1,1,1,2,40,"post_fragmentation","random",30,2080,42,30,1,375,65,1
52,542,50,0.2,0.7,0.15,0.1,1,1,2,40,"post_fragmentation","random",30,2080,42,30,1,375,70,2
52,542,50,0.2,0.7,0.15,0.1,1,1,2,40,"post_fragmentation","random",30,2080,42,30,1,375,79,2
52,542,50,0.2,0.7,0.15,0.1,1,1,2,40,"post_fragmentation","random",30,2080,42,30,1,375,84,2
52,542,50,0.2,0.7,0.15,0.1,1,1,2,40,"post_fragmentation","random",30,2080,42,30,1,375,94,1
52,542,50,0.2,0.7,0.15,0.1,1,1,2,40,"post_fragmentation","random",30,2080,42,30,1,375,97,2
52,542,50,0.2,0.7,0.15,0.1,1,1,2,40,"post_fragmentation","random",30,2080,42,30,1,375,102,1
52,542,50,0.2,0.7,0.15,0.1,1,1,2,40,"post_fragmentation","random",30,2080,42,30,1,375,104,1
52,542,50,0.2,0.7,0.15,0.1,1,1,2,40,"post_fragmentation","random",30,2080,42,30,1,375,110,1
52,542,50,0.2,0.7,0.15,0.1,1,1,2,40,"post_fragmentation","random",30,2080,42,30,1,375,115,1
52,542,50,0.2,0.7,0.15,0.1,1,1,2,40,"post_fragmentation","random",30,2080,42,30,1,375,116,1
52,542,50,0.2,0.7,0.15,0.1,1,1,2,40,"post_fragmentation","random",30,2080,42,30,1,375,121,1
52,542,50,0.2,0.7,0.15,0.1,1,1,2,40,"post_fragmentation","random",30,2080,42,30,1,375,160,1
52,542,50,0.2,0.7,0.15,0.1,1,1,2,40,"post_fragmentation","random",30,2080,42,30,1,375,161,1
52,542,50,0.2,0.7,0.15,0.1,1,1,2,40,"post_fragmentation","random",30,2080,42,30,1,375,165,3
52,542,50,0.2,0.7,0.15,0.1,1,1,2,40,"post_fragmentation","random",30,2080,42,30,1,375,167,1
52,542,50,0.2,0.7,0.15,0.1,1,1,2,40,"post_fragmentation","random",30,2080,42,30,1,375,176,1
52,542,50,0.2,0.7,0.15,0.1,1,1,2,40,"post_fragmentation","random",30,2080,42,30,1,375,179,2
52,542,50,0.2,0.7,0.15,0.1,1,1,2,40,"post_fragmentation","random",30,2080,42,30,1,375,192,1
52,542,50,0.2,0.7,0.15,0.1,1,1,2,40,"post_fragmentation","random",30,2080,42,30,1,375,205,1
52,542,50,0.2,0.7,0.15,0.1,1,1,2,40,"post_fragmentation","random",30,2080,42,30,1,375,210,1
52,542,50,0.2,0.7,0.15,0.1,1,1,2,40,"post_fragmentation","random",30,2080,42,30,1,375,213,1
52,542,50,0.2,0.7,0.15,0.1,1,1,2,40,"post_fragmentation","random",30,2080,42,30,1,375,217,1
52,542,50,0.2,0.7,0.15,0.1,1,1,2,40,"post_fragmentation","random",30,2080,42,30,1,375,241,1
52,542,50,0.2,0.7,0.15,0.1,1,1,2,40,"post_fragmentation","random",30,2080,42,30,1,375,250,1
52,542,50,0.2,0.7,0.15,0.1,1,1,2,100,"final","random",1,134,3,34,1,375,224,1
52,542,50,0.2,0.7,0.15,0.1,1,1,2,100,"final","random",1,134,3,34,1,375,237,3
52,542,50,0.2,0.7,0.15,0.1,1,1,2,100,"final","random",1,134,3,34,1,375,240,1
52,542,50,0.2,0.7,0.15,0.1,1,1,2,100,"final","random",1,134,3,34,1,375,244,1
52,542,50,0.2,0.7,0.15,0.1,1,1,2,100,"final","random",1,134,3,34,1,375,245,2
52,542,50,0.2,0.7,0.15,0.1,1,1,2,100,"final","random",1,134,3,34,1,375,250,1
52,542,50,0.2,0.7,0.15,0.1,1,1,2,100,"final","random",1,134,3,34,1,375,251,3
52,542,50,0.2,0.7,0.15,0.1,1,1,2,100,"final","random",1,134,3,34,1,375,252,1
52,542,50,0.2,0.7,0.15,0.1,1,1,2,100,"final","random",1,134,3,34,1,375,255,3
52,542,50,0.2,0.7,0.15,0.1,1,1,2,100,"final","random",1,134,3,34,1,375,256,1
52,542,50,0.2,0.7,0.15,0.1,1,1,2,100,"final","random",1,134,3,34,1,375,262,2
52,542,50,0.2,0.7,0.15,0.1,1,1,2,100,"final","random",1,134,3,34,1,375,269,1
52,542,50,0.2,0.7,0.15,0.1,1,1,2,100,"final","random",1,134,3,34,1,375,278,1
52,542,50,0.2,0.7,0.15,0.1,1,1,2,100,"final","random",1,134,3,34,1,375,291,1
52,542,50,0.2,0.7,0.15,0.1,1,1,2,100,"final","random",1,134,3,34,1,375,293,2
52,542,50,0.2,0.7,0.15,0.1,1,1,2,100,"final","random",1,134,3,34,1,375,295,1
52,542,50,0.2,0.7,0.15,0.1,1,1,2,100,"final","random",1,134,3,34,1,375,296,1
52,542,50,0.2,0.7,0.15,0.1,1,1,2,100,"final","random",1,134,3,34,1,375,302,1
52,542,50,0.2,0.7,0.15,0.1,1,1,2,100,"final","random",1,134,3,34,1,375,315,1
52,542,50,0.2,0.7,0.15,0.1,1,1,2,100,"final","random",1,134,3,34,1,375,319,1
52,542,50,0.2,0.7,0.15,0.1,1,1,2,100,"final","random",1,134,3,34,1,375,329,1
52,542,50,0.2,0.7,0.15,0.1,1,1,2,100,"final","random",1,134,3,34,1,375,351,1
52,542,50,0.2,0.7,0.15,0.1,1,1,2,100,"final","random",1,134,3,34,1,375,353,1
52,542,50,0.2,0.7,0.15,0.1,1,1,2,100,"final","random",1,134,3,34,1,375,359,1
52,542,50,0.2,0.7,0.15,0.1,1,1,2,100,"final","random",1,134,3,34,1,375,416,1
52,542,50,0.2,0.7,0.15,0.1,1,1,2,100,"final","random",2,30,1,30,1,375,186,2
52,542,50,0.2,0.7,0.15,0.1,1,1,2,100,"final","random",2,30,1,30,1,375,208,1
52,542,50,0.2,0.7,0.15,0.1,1,1,2,100,"final","random",2,30,1,30,1,375,213,1
52,542,50,0.2,0.7,0.15,0.1,1,1,2,100,"final","random",2,30,1,30,1,375,228,2
52,542,50,0.2,0.7,0.15,0.1,1,1,2,100,"final","random",2,30,1,30,1,375,229,1
52,542,50,0.2,0.7,0.15,0.1,1,1,2,100,"final","random",2,30,1,30,1,375,234,1
52,542,50,0.2,0.7,0.15,0.1,1,1,2,100,"final","random",2,30,1,30,1,375,240,1
52,542,50,0.2,0.7,0.15,0.1,1,1,2,100,"final","random",2,30,1,30,1,375,247,1
52,542,50,0.2,0.7,0.15,0.1,1,1,2,100,"final","random",2,30,1,30,1,375,251,2
52,542,50,0.2,0.7,0.15,0.1,1,1,2,100,"final","random",2,30,1,30,1,375,255,1
52,542,50,0.2,0.7,0.15,0.1,1,1,2,100,"final","random",2,30,1,30,1,375,257,1
52,542,50,0.2,0.7,0.15,0.1,1,1,2,100,"final","random",2,30,1,30,1,375,265,1
52,542,50,0.2,0.7,0.15,0.1,1,1,2,100,"final","random",2,30,1,30,1,375,269,1
52,542,50,0.2,0.7,0.15,0.1,1,1,2,100,"final","random",2,30,1,30,1,375,290,2
52,542,50,0.2,0.7,0.15,0.1,1,1,2,100,"final","random",2,30,1,30,1,375,291,1
52,542,50,0.2,0.7,0.15,0.1,1,1,2,100,"final","random",2,30,1,30,1,375,293,1
52,542,50,0.2,0.7,0.15,0.1,1,1,2,100,"final","random",2,30,1,30,1,375,299,3
52,542,50,0.2,0.7,0.15,0.1,1,1,2,100,"final","random",2,30,1,30,1,375,301,1
52,542,50,0.2,0.7,0.15,0.1,1,1,2,100,"final","random",2,30,1,30,1,375,308,1
52,542,50,0.2,0.7,0.15,0.1,1,1,2,100,"final","random",2,30,1,30,1,375,309,1
52,542,50,0.2,0.7,0.15,0.1,1,1,2,100,"final","random",2,30,1,30,1,375,315,3
52,542,50,0.2,0.7,0.15,0.1,1,1,2,100,"final","random",2,30,1,30,1,375,319,1
52,542,50,0.2,0.7,0.15,0.1,1,1,2,100,"final","random",2,30,1,30,1,375,329,1
52,542,50,0.2,0.7,0.15,0.1,1,1,2,100,"final","random",2,30,1,30,1,375,334,2
52,542,50,0.2,0.7,0.15,0.1,1,1,2,100,"final","random",2,30,1,30,1,375,335,1
52,542,50,0.2,0.7,0.15,0.1,1,1,2,100,"final","random",2,30,1,30,1,375,337,1
52,542,50,0.2,0.7,0.15,0.1,1,1,2,100,"final","random",2,30,1,30,1,375,351,1
52,542,50,0.2,0.7,0.15,0.1,1,1,2,100,"final","random",3,138,3,38,1,375,176,1
52,542,50,0.2,0.7,0.15,0.1,1,1,2,100,"final","random",3,138,3,38,1,375,194,1
52,542,50,0.2,0.7,0.15,0.1,1,1,2,100,"final","random",3,138,3,38,1,375,207,2
52,542,50,0.2,0.7,0.15,0.1,1,1,2,100,"final","random",3,138,3,38,1,375,237,4
52,542,50,0.2,0.7,0.15,0.1,1,1,2,100,"final","random",3,138,3,38,1,375,240,1
52,542,50,0.2,0.7,0.15,0.1,1,1,2,100,"final","random",3,138,3,38,1,375,245,1
52,542,50,0.2,0.7,0.15,0.1,1,1,2,100,"final","random",3,138,3,38,1,375,251,1
52,542,50,0.2,0.7,0.15,0.1,1,1,2,100,"final","random",3,138,3,38,1,375,252,1
52,542,50,0.2,0.7,0.15,0.1,1,1,2,100,"final","random",3,138,3,38,1,375,255,7
52,542,50,0.2,0.7,0.15,0.1,1,1,2,100,"final","random",3,138,3,38,1,375,258,4
52,542,50,0.2,0.7,0.15,0.1,1,1,2,100,"final","random",3,138,3,38,1,375,260,2
52,542,50,0.2,0.7,0.15,0.1,1,1,2,100,"final","random",3,138,3,38,1,375,269,1
52,542,50,0.2,0.7,0.15,0.1,1,1,2,100,"final","random",3,138,3,38,1,375,270,1
52,542,50,0.2,0.7,0.15,0.1,1,1,2,100,"final","random",3,138,3,38,1,375,281,1
52,542,50,0.2,0.7,0.15,0.1,1,1,2,100,"final","random",3,138,3,38,1,375,287,1
52,542,50,0.2,0.7,0.15,0.1,1,1,2,100,"final","random",3,138,3,38,1,375,295,2
52,542,50,0.2,0.7,0.15,0.1,1,1,2,100,"final","random",3,138,3,38,1,375,296,2
52,542,50,0.2,0.7,0.15,0.1,1,1,2,100,"final","random",3,138,3,38,1,375,334,2
52,542,50,0.2,0.7,0.15,0.1,1,1,2,100,"final","random",3,138,3,38,1,375,345,1
52,542,50,0.2,0.7,0.15,0.1,1,1,2,100,"final","random",3,138,3,38,1,375,351,2
52,542,50,0.2,0.7,0.15,0.1,1,1,2,100,"final","random",3,138,3,38,1,375,414,1
52,542,50,0.2,0.7,0.15,0.1,1,1,2,100,"final","random",4,137,3,37,1,375,229,3
52,542,50,0.2,0.7,0.15,0.1,1,1,2,100,"final","random",4,137,3,37,1,375,237,2
52,542,50,0.2,0.7,0.15,0.1,1,1,2,100,"final","random",4,137,3,37,1,375,247,1
52,542,50,0.2,0.7,0.15,0.1,1,1,2,100,"final","random",4,137,3,37,1,375,251,2
52,542,50,0.2,0.7,0.15,0.1,1,1,2,100,"final","random",4,137,3,37,1,375,252,4
52,542,50,0.2,0.7,0.15,0.1,1,1,2,100,"final","random",4,137,3,37,1,375,255,1
52,542,50,0.2,0.7,0.15,0.1,1,1,2,100,"final","random",4,137,3,37,1,375,258,1
52,542,50,0.2,0.7,0.15,0.1,1,1,2,100,"final","random",4,137,3,37,1,375,260,2
52,542,50,0.2,0.7,0.15,0.1,1,1,2,100,"final","random",4,137,3,37,1,375,262,2
52,542,50,0.2,0.7,0.15,0.1,1,1,2,100,"final","random",4,137,3,37,1,375,265,1
52,542,50,0.2,0.7,0.15,0.1,1,1,2,100,"final","random",4,137,3,37,1,375,270,4
52,542,50,0.2,0.7,0.15,0.1,1,1,2,100,"final","random",4,137,3,37,1,375,283,1
52,542,50,0.2,0.7,0.15,0.1,1,1,2,100,"final","random",4,137,3,37,1,375,286,1
52,542,50,0.2,0.7,0.15,0.1,1,1,2,100,"final","random",4,137,3,37,1,375,290,1
52,542,50,0.2,0.7,0.15,0.1,1,1,2,100,"final","random",4,137,3,37,1,375,293,1
52,542,50,0.2,0.7,0.15,0.1,1,1,2,100,"final","random",4,137,3,37,1,375,296,5
52,542,50,0.2,0.7,0.15,0.1,1,1,2,100,"final","random",4,137,3,37,1,375,308,1
52,542,50,0.2,0.7,0.15,0.1,1,1,2,100,"final","random",4,137,3,37,1,375,334,2
52,542,50,0.2,0.7,0.15,0.1,1,1,2,100,"final","random",4,137,3,37,1,375,351,1
52,542,50,0.2,0.7,0.15,0.1,1,1,2,100,"final","random",4,137,3,37,1,375,377,1
52,542,50,0.2,0.7,0.15,0.1,1,1,2,100,"final","random",5,274,6,24,1,375,291,1
52,542,50,0.2,0.7,0.15,0.1,1,1,2,100,"final","random",5,274,6,24,1,375,296,1
52,542,50,0.2,0.7,0.15,0.1,1,1,2,100,"final","random",5,274,6,24,1,375,332,1
52,542,50,0.2,0.7,0.15,0.1,1,1,2,100,"final","random",5,274,6,24,1,375,342,1
52,542,50,0.2,0.7,0.15,0.1,1,1,2,100,"final","random",5,274,6,24,1,375,344,1
52,542,50,0.2,0.7,0.15,0.1,1,1,2,100,"final","random",5,274,6,24,1,375,351,1
52,542,50,0.2,0.7,0.15,0.1,1,1,2,100,"final","random",5,274,6,24,1,375,360,1
52,542,50,0.2,0.7,0.15,0.1,1,1,2,100,"final","random",5,274,6,24,1,375,361,1
52,542,50,0.2,0.7,0.15,0.1,1,1,2,100,"final","random",5,274,6,24,1,375,386,2
52,542,50,0.2,0.7,0.15,0.1,1,1,2,100,"final","random",5,274,6,24,1,375,387,1
52,542,50,0.2,0.7,0.15,0.1,1,1,2,100,"final","random",5,274,6,24,1,375,389,1
52,542,50,0.2,0.7,0.15,0.1,1,1,2,100,"final","random",5,274,6,24,1,375,410,2
52,542,50,0.2,0.7,0.15,0.1,1,1,2,100,"final","random",5,274,6,24,1,375,423,1
52,542,50,0.2,0.7,0.15,0.1,1,1,2,100,"final","random",5,274,6,24,1,375,424,2
52,542,50,0.2,0.7,0.15,0.1,1,1,2,100,"final","random",5,274,6,24,1,375,435,4
52,542,50,0.2,0.7,0.15,0.1,1,1,2,100,"final","random",5,274,6,24,1,375,437,2
52,542,50,0.2,0.7,0.15,0.1,1,1,2,100,"final","random",5,274,6,24,1,375,453,2
52,542,50,0.2,0.7,0.15,0.1,1,1,2,100,"final","random",5,274,6,24,1,375,465,4
52,542,50,0.2,0.7,0.15,0.1,1,1,2,100,"final","random",5,274,6,24,1,375,476,1
52,542,50,0.2,0.7,0.15,0.1,1,1,2,100,"final","random",5,274,6,24,1,375,477,1
52,542,50,0.2,0.7,0.15,0.1,1,1,2,100,"final","random",5,274,6,24,1,375,479,4
52,542,50,0.2,0.7,0.15,0.1,1,1,2,100,"final","random",5,274,6,24,1,375,480,3
52,542,50,0.2,0.7,0.15,0.1,1,1,2,100,"final","random",5,274,6,24,1,375,490,1
52,542,50,0.2,0.7,0.15,0.1,1,1,2,100,"final","random",5,274,6,24,1,375,499,1
52,542,50,0.2,0.7,0.15,0.1,1,1,2,100,"final","random",5,274,6,24,1,375,504,2
52,542,50,0.2,0.7,0.15,0.1,1,1,2,100,"final","random",6,381,8,31,1,375,345,3
52,542,50,0.2,0.7,0.15,0.1,1,1,2,100,"final","random",6,381,8,31,1,375,351,1
52,542,50,0.2,0.7,0.15,0.1,1,1,2,100,"final","random",6,381,8,31,1,375,372,1
52,542,50,0.2,0.7,0.15,0.1,1,1,2,100,"final","random",6,381,8,31,1,375,376,2
52,542,50,0.2,0.7,0.15,0.1,1,1,2,100,"final","random",6,381,8,31,1,375,386,1
52,542,50,0.2,0.7,0.15,0.1,1,1,2,100,"final","random",6,381,8,31,1,375,398,2
52,542,50,0.2,0.7,0.15,0.1,1,1,2,100,"final","random",6,381,8,31,1,375,403,6
52,542,50,0.2,0.7,0.15,0.1,1,1,2,100,"final","random",6,381,8,31,1,375,416,1
52,542,50,0.2,0.7,0.15,0.1,1,1,2,100,"final","random",6,381,8,31,1,375,428,3
52,542,50,0.2,0.7,0.15,0.1,1,1,2,100,"final","random",6,381,8,31,1,375,437,2
52,542,50,0.2,0.7,0.15,0.1,1,1,2,100,"final","random",6,381,8,31,1,375,441,2
52,542,50,0.2,0.7,0.15,0.1,1,1,2,100,"final","random",6,381,8,31,1,375,453,1
52,542,50,0.2,0.7,0.15,0.1,1,1,2,100,"final","random",6,381,8,31,1,375,456,1
52,542,50,0.2,0.7,0.15,0.1,1,1,2,100,"final","random",6,381,8,31,1,375,457,1
52,542,50,0.2,0.7,0.15,0.1,1,1,2,100,"final","random",6,381,8,31,1,375,463,2
52,542,50,0.2,0.7,0.15,0.1,1,1,2,100,"final","random",6,381,8,31,1,375,466,1
52,542,50,0.2,0.7,0.15,0.1,1,1,2,100,"final","random",6,381,8,31,1,375,469,2
52,542,50,0.2,0.7,0.15,0.1,1,1,2,100,"final","random",6,381,8,31,1,375,471,2
52,542,50,0.2,0.7,0.15,0.1,1,1,2,100,"final","random",6,381,8,31,1,375,476,2
52,542,50,0.2,0.7,0.15,0.1,1,1,2,100,"final","random",6,381,8,31,1,375,477,1
52,542,50,0.2,0.7,0.15,0.1,1,1,2,100,"final","random",6,381,8,31,1,375,490,1
52,542,50,0.2,0.7,0.15,0.1,1,1,2,100,"final","random",6,381,8,31,1,375,513,1
52,542,50,0.2,0.7,0.15,0.1,1,1,2,100,"final","random",6,381,8,31,1,375,521,1
52,542,50,0.2,0.7,0.15,0.1,1,1,2,100,"final","random",7,331,7,31,1,375,359,2
52,542,50,0.2,0.7,0.15,0.1,1,1,2,100,"final","random",7,331,7,31,1,375,361,1
52,542,50,0.2,0.7,0.15,0.1,1,1,2,100,"final","random",7,331,7,31,1,375,369,1
52,542,50,0.2,0.7,0.15,0.1,1,1,2,100,"final","random",7,331,7,31,1,375,372,2
52,542,50,0.2,0.7,0.15,0.1,1,1,2,100,"final","random",7,331,7,31,1,375,379,1
52,542,50,0.2,0.7,0.15,0.1,1,1,2,100,"final","random",7,331,7,31,1,375,386,3
52,542,50,0.2,0.7,0.15,0.1,1,1,2,100,"final","random",7,331,7,31,1,375,394,1
52,542,50,0.2,0.7,0.15,0.1,1,1,2,100,"final","random",7,331,7,31,1,375,398,1
52,542,50,0.2,0.7,0.15,0.1,1,1,2,100,"final","random",7,331,7,31,1,375,403,3
52,542,50,0.2,0.7,0.15,0.1,1,1,2,100,"final","random",7,331,7,31,1,375,414,1
52,542,50,0.2,0.7,0.15,0.1,1,1,2,100,"final","random",7,331,7,31,1,375,427,1
52,542,50,0.2,0.7,0.15,0.1,1,1,2,100,"final","random",7,331,7,31,1,375,428,1
52,542,50,0.2,0.7,0.15,0.1,1,1,2,100,"final","random",7,331,7,31,1,375,430,1
52,542,50,0.2,0.7,0.15,0.1,1,1,2,100,"final","random",7,331,7,31,1,375,431,3
52,542,50,0.2,0.7,0.15,0.1,1,1,2,100,"final","random",7,331,7,31,1,375,438,1
52,542,50,0.2,0.7,0.15,0.1,1,1,2,100,"final","random",7,331,7,31,1,375,441,3
52,542,50,0.2,0.7,0.15,0.1,1,1,2,100,"final","random",7,331,7,31,1,375,444,1
52,542,50,0.2,0.7,0.15,0.1,1,1,2,100,"final","random",7,331,7,31,1,375,451,1
52,542,50,0.2,0.7,0.15,0.1,1,1,2,100,"final","random",7,331,7,31,1,375,463,2
52,542,50,0.2,0.7,0.15,0.1,1,1,2,100,"final","random",7,331,7,31,1,375,469,1
52,542,50,0.2,0.7,0.15,0.1,1,1,2,100,"final","random",7,331,7,31,1,375,471,2
52,542,50,0.2,0.7,0.15,0.1,1,1,2,100,"final","random",7,331,7,31,1,375,476,1
52,542,50,0.2,0.7,0.15,0.1,1,1,2,100,"final","random",7,331,7,31,1,375,490,2
52,542,50,0.2,0.7,0.15,0.1,1,1,2,100,"final","random",7,331,7,31,1,375,492,1
52,542,50,0.2,0.7,0.15,0.1,1,1,2,100,"final","random",7,331,7,31,1,375,521,1
52,542,50,0.2,0.7,0.15,0.1,1,1,2,100,"final","random",8,2034,41,34,1,375,45,2
52,542,50,0.2,0.7,0.15,0.1,1,1,2,100,"final","random",8,2034,41,34,1,375,62,6
52,542,50,0.2,0.7,0.15,0.1,1,1,2,100,"final","random",8,2034,41,34,1,375,65,1
52,542,50,0.2,0.7,0.15,0.1,1,1,2,100,"final","random",8,2034,41,34,1,375,81,1
52,542,50,0.2,0.7,0.15,0.1,1,1,2,100,"final","random",8,2034,41,34,1,375,97,1
52,542,50,0.2,0.7,0.15,0.1,1,1,2,100,"final","random",8,2034,41,34,1,375,104,2
52,542,50,0.2,0.7,0.15,0.1,1,1,2,100,"final","random",8,2034,41,34,1,375,105,1
52,542,50,0.2,0.7,0.15,0.1,1,1,2,100,"final","random",8,2034,41,34,1,375,106,5
52,542,50,0.2,0.7,0.15,0.1,1,1,2,100,"final","random",8,2034,41,34,1,375,116,2
52,542,50,0.2,0.7,0.15,0.1,1,1,2,100,"final","random",8,2034,41,34,1,375,126,1
52,542,50,0.2,0.7,0.15,0.1,1,1,2,100,"final","random",8,2034,41,34,1,375,127,1
52,542,50,0.2,0.7,0.15,0.1,1,1,2,100,"final","random",8,2034,41,34,1,375,132,1
52,542,50,0.2,0.7,0.15,0.1,1,1,2,100,"final","random",8,2034,41,34,1,375,144,5
52,542,50,0.2,0.7,0.15,0.1,1,1,2,100,"final","random",8,2034,41,34,1,375,157,1
52,542,50,0.2,0.7,0.15,0.1,1,1,2,100,"final","random",8,2034,41,34,1,375,159,3
52,542,50,0.2,0.7,0.15,0.1,1,1,2,100,"final","random",8,2034,41,34,1,375,160,1
52,542,50,0.2,0.7,0.15,0.1,1,1,2,100,"final","random",8,2034,41,34,1,375,191,1
52,542,50,0.2,0.7,0.15,0.1,1,1,2,100,"final","random",8,2034,41,34,1,375,200,1
52,542,50,0.2,0.7,0.15,0.1,1,1,2,100,"final","random",8,2034,41,34,1,375,205,1
52,542,50,0.2,0.7,0.15,0.1,1,1,2,100,"final","random",9,24,1,24,1,375,229,1
52,542,50,0.2,0.7,0.15,0.1,1,1,2,100,"final","random",9,24,1,24,1,375,274,1
52,542,50,0.2,0.7,0.15,0.1,1,1,2,100,"final","random",9,24,1,24,1,375,297,1
52,542,50,0.2,0.7,0.15,0.1,1,1,2,100,"final","random",9,24,1,24,1,375,299,2
52,542,50,0.2,0.7,0.15,0.1,1,1,2,100,"final","random",9,24,1,24,1,375,301,1
52,542,50,0.2,0.7,0.15,0.1,1,1,2,100,"final","random",9,24,1,24,1,375,308,1
52,542,50,0.2,0.7,0.15,0.1,1,1,2,100,"final","random",9,24,1,24,1,375,309,1
52,542,50,0.2,0.7,0.15,0.1,1,1,2,100,"final","random",9,24,1,24,1,375,311,2
52,542,50,0.2,0.7,0.15,0.1,1,1,2,100,"final","random",9,24,1,24,1,375,314,1
52,542,50,0.2,0.7,0.15,0.1,1,1,2,100,"final","random",9,24,1,24,1,375,315,2
52,542,50,0.2,0.7,0.15,0.1,1,1,2,100,"final","random",9,24,1,24,1,375,321,4
52,542,50,0.2,0.7,0.15,0.1,1,1,2,100,"final","random",9,24,1,24,1,375,329,1
52,542,50,0.2,0.7,0.15,0.1,1,1,2,100,"final","random",9,24,1,24,1,375,334,3
52,542,50,0.2,0.7,0.15,0.1,1,1,2,100,"final","random",9,24,1,24,1,375,343,1
52,542,50,0.2,0.7,0.15,0.1,1,1,2,100,"final","random",9,24,1,24,1,375,348,1
52,542,50,0.2,0.7,0.15,0.1,1,1,2,100,"final","random",9,24,1,24,1,375,353,1
52,542,50,0.2,0.7,0.15,0.1,1,1,2,100,"final","random",9,24,1,24,1,375,359,2
52,542,50,0.2,0.7,0.15,0.1,1,1,2,100,"final","random",9,24,1,24,1,375,361,3
52,542,50,0.2,0.7,0.15,0.1,1,1,2,100,"final","random",9,24,1,24,1,375,370,1
52,542,50,0.2,0.7,0.15,0.1,1,1,2,100,"final","random",9,24,1,24,1,375,382,2
52,542,50,0.2,0.7,0.15,0.1,1,1,2,100,"final","random",9,24,1,24,1,375,386,2
52,542,50,0.2,0.7,0.15,0.1,1,1,2,100,"final","random",9,24,1,24,1,375,403,1
52,542,50,0.2,0.7,0.15,0.1,1,1,2,100,"final","random",9,24,1,24,1,375,457,1
52,542,50,0.2,0.7,0.15,0.1,1,1,2,100,"final","random",10,2335,47,35,1,375,54,1
52,542,50,0.2,0.7,0.15,0.1,1,1,2,100,"final","random",10,2335,47,35,1,375,130,1
52,542,50,0.2,0.7,0.15,0.1,1,1,2,100,"final","random",10,2335,47,35,1,375,152,1
52,542,50,0.2,0.7,0.15,0.1,1,1,2,100,"final","random",10,2335,47,35,1,375,157,1
52,542,50,0.2,0.7,0.15,0.1,1,1,2,100,"final","random",10,2335,47,35,1,375,159,1
52,542,50,0.2,0.7,0.15,0.1,1,1,2,100,"final","random",10,2335,47,35,1,375,170,1
52,542,50,0.2,0.7,0.15,0.1,1,1,2,100,"final","random",10,2335,47,35,1,375,172,1
52,542,50,0.2,0.7,0.15,0.1,1,1,2,100,"final","random",10,2335,47,35,1,375,181,1
52,542,50,0.2,0.7,0.15,0.1,1,1,2,100,"final","random",10,2335,47,35,1,375,183,1
52,542,50,0.2,0.7,0.15,0.1,1,1,2,100,"final","random",10,2335,47,35,1,375,186,2
52,542,50,0.2,0.7,0.15,0.1,1,1,2,100,"final","random",10,2335,47,35,1,375,189,1
52,542,50,0.2,0.7,0.15,0.1,1,1,2,100,"final","random",10,2335,47,35,1,375,197,1
52,542,50,0.2,0.7,0.15,0.1,1,1,2,100,"final","random",10,2335,47,35,1,375,200,1
52,542,50,0.2,0.7,0.15,0.1,1,1,2,100,"final","random",10,2335,47,35,1,375,205,1
52,542,50,0.2,0.7,0.15,0.1,1,1,2,100,"final","random",10,2335,47,35,1,375,207,1
52,542,50,0.2,0.7,0.15,0.1,1,1,2,100,"final","random",10,2335,47,35,1,375,208,2
52,542,50,0.2,0.7,0.15,0.1,1,1,2,100,"final","random",10,2335,47,35,1,375,210,2
52,542,50,0.2,0.7,0.15,0.1,1,1,2,100,"final","random",10,2335,47,35,1,375,212,1
52,542,50,0.2,0.7,0.15,0.1,1,1,2,100,"final","random",10,2335,47,35,1,375,216,2
52,542,50,0.2,0.7,0.15,0.1,1,1,2,100,"final","random",10,2335,47,35,1,375,217,2
52,542,50,0.2,0.7,0.15,0.1,1,1,2,100,"final","random",10,2335,47,35,1,375,229,1
52,542,50,0.2,0.7,0.15,0.1,1,1,2,100,"final","random",10,2335,47,35,1,375,237,2
52,542,50,0.2,0.7,0.15,0.1,1,1,2,100,"final","random",10,2335,47,35,1,375,242,1
52,542,50,0.2,0.7,0.15,0.1,1,1,2,100,"final","random",10,2335,47,35,1,375,244,2
52,542,50,0.2,0.7,0.15,0.1,1,1,2,100,"final","random",10,2335,47,35,1,375,250,1
52,542,50,0.2,0.7,0.15,0.1,1,1,2,100,"final","random",10,2335,47,35,1,375,255,4
52,542,50,0.2,0.7,0.15,0.1,1,1,2,100,"final","random",10,2335,47,35,1,375,258,1
52,542,50,0.2,0.7,0.15,0.1,1,1,2,100,"final","random",10,2335,47,35,1,375,259,2
52,542,50,0.2,0.7,0.15,0.1,1,1,2,100,"final","random",10,2335,47,35,1,375,265,2
52,542,50,0.2,0.7,0.15,0.1,1,1,2,100,"final","random",10,2335,47,35,1,375,291,1
52,542,50,0.2,0.7,0.15,0.1,1,1,2,100,"final","random",10,2335,47,35,1,375,369,1
52,542,50,0.2,0.7,0.15,0.1,1,1,2,100,"final","random",11,323,7,23,1,375,308,1
52,542,50,0.2,0.7,0.15,0.1,1,1,2,100,"final","random",11,323,7,23,1,375,344,1
52,542,50,0.2,0.7,0.15,0.1,1,1,2,100,"final","random",11,323,7,23,1,375,361,1
52,542,50,0.2,0.7,0.15,0.1,1,1,2,100,"final","random",11,323,7,23,1,375,372,1
52,542,50,0.2,0.7,0.15,0.1,1,1,2,100,"final","random",11,323,7,23,1,375,379,1
52,542,50,0.2,0.7,0.15,0.1,1,1,2,100,"final","random",11,323,7,23,1,375,386,1
52,542,50,0.2,0.7,0.15,0.1,1,1,2,100,"final","random",11,323,7,23,1,375,387,1
52,542,50,0.2,0.7,0.15,0.1,1,1,2,100,"final","random",11,323,7,23,1,375,410,2
52,542,50,0.2,0.7,0.15,0.1,1,1,2,100,"final","random",11,323,7,23,1,375,414,2
52,542,50,0.2,0.7,0.15,0.1,1,1,2,100,"final","random",11,323,7,23,1,375,415,2
52,542,50,0.2,0.7,0.15,0.1,1,1,2,100,"final","random",11,323,7,23,1,375,431,1
52,542,50,0.2,0.7,0.15,0.1,1,1,2,100,"final","random",11,323,7,23,1,375,435,2
52,542,50,0.2,0.7,0.15,0.1,1,1,2,100,"final","random",11,323,7,23,1,375,457,1
52,542,50,0.2,0.7,0.15,0.1,1,1,2,100,"final","random",11,323,7,23,1,375,465,5
52,542,50,0.2,0.7,0.15,0.1,1,1,2,100,"final","random",11,323,7,23,1,375,466,3
52,542,50,0.2,0.7,0.15,0.1,1,1,2,100,"final","random",11,323,7,23,1,375,492,1
52,542,50,0.2,0.7,0.15,0.1,1,1,2,100,"final","random",11,323,7,23,1,375,499,3
52,542,50,0.2,0.7,0.15,0.1,1,1,2,100,"final","random",11,323,7,23,1,375,504,1
52,542,50,0.2,0.7,0.15,0.1,1,1,2,100,"final","random",11,323,7,23,1,375,513,4
52,542,50,0.2,0.7,0.15,0.1,1,1,2,100,"final","random",11,323,7,23,1,375,517,1
52,542,50,0.2,0.7,0.15,0.1,1,1,2,100,"final","random",11,323,7,23,1,375,569,1
52,542,50,0.2,0.7,0.15,0.1,1,1,2,100,"final","random",11,323,7,23,1,375,572,1
52,542,50,0.2,0.7,0.15,0.1,1,1,2,100,"final","random",11,323,7,23,1,375,574,1
52,542,50,0.2,0.7,0.15,0.1,1,1,2,100,"final","random",12,37,1,37,1,375,194,1
52,542,50,0.2,0.7,0.15,0.1,1,1,2,100,"final","random",12,37,1,37,1,375,210,2
52,542,50,0.2,0.7,0.15,0.1,1,1,2,100,"final","random",12,37,1,37,1,375,234,1
52,542,50,0.2,0.7,0.15,0.1,1,1,2,100,"final","random",12,37,1,37,1,375,237,1
52,542,50,0.2,0.7,0.15,0.1,1,1,2,100,"final","random",12,37,1,37,1,375,240,1
52,542,50,0.2,0.7,0.15,0.1,1,1,2,100,"final","random",12,37,1,37,1,375,244,2
52,542,50,0.2,0.7,0.15,0.1,1,1,2,100,"final","random",12,37,1,37,1,375,245,1
52,542,50,0.2,0.7,0.15,0.1,1,1,2,100,"final","random",12,37,1,37,1,375,251,6
52,542,50,0.2,0.7,0.15,0.1,1,1,2,100,"final","random",12,37,1,37,1,375,252,3
52,542,50,0.2,0.7,0.15,0.1,1,1,2,100,"final","random",12,37,1,37,1,375,253,1
52,542,50,0.2,0.7,0.15,0.1,1,1,2,100,"final","random",12,37,1,37,1,375,255,6
52,542,50,0.2,0.7,0.15,0.1,1,1,2,100,"final","random",12,37,1,37,1,375,256,1
52,542,50,0.2,0.7,0.15,0.1,1,1,2,100,"final","random",12,37,1,37,1,375,257,1
52,542,50,0.2,0.7,0.15,0.1,1,1,2,100,"final","random",12,37,1,37,1,375,258,4
52,542,50,0.2,0.7,0.15,0.1,1,1,2,100,"final","random",12,37,1,37,1,375,260,1
52,542,50,0.2,0.7,0.15,0.1,1,1,2,100,"final","random",12,37,1,37,1,375,262,3
52,542,50,0.2,0.7,0.15,0.1,1,1,2,100,"final","random",12,37,1,37,1,375,281,1
52,542,50,0.2,0.7,0.15,0.1,1,1,2,100,"final","random",12,37,1,37,1,375,283,1
52,542,50,0.2,0.7,0.15,0.1,1,1,2,100,"final","random",12,37,1,37,1,375,296,2
52,542,50,0.2,0.7,0.15,0.1,1,1,2,100,"final","random",12,37,1,37,1,375,315,1
52,542,50,0.2,0.7,0.15,0.1,1,1,2,100,"final","random",12,37,1,37,1,375,351,1
52,542,50,0.2,0.7,0.15,0.1,1,1,2,100,"final","random",13,2289,46,39,1,375,157,1
52,542,50,0.2,0.7,0.15,0.1,1,1,2,100,"final","random",13,2289,46,39,1,375,172,1
52,542,50,0.2,0.7,0.15,0.1,1,1,2,100,"final","random",13,2289,46,39,1,375,187,1
52,542,50,0.2,0.7,0.15,0.1,1,1,2,100,"final","random",13,2289,46,39,1,375,191,1
52,542,50,0.2,0.7,0.15,0.1,1,1,2,100,"final","random",13,2289,46,39,1,375,192,3
52,542,50,0.2,0.7,0.15,0.1,1,1,2,100,"final","random",13,2289,46,39,1,375,194,1
52,542,50,0.2,0.7,0.15,0.1,1,1,2,100,"final","random",13,2289,46,39,1,375,197,1
52,542,50,0.2,0.7,0.15,0.1,1,1,2,100,"final","random",13,2289,46,39,1,375,206,1
52,542,50,0.2,0.7,0.15,0.1,1,1,2,100,"final","random",13,2289,46,39,1,375,207,3
52,542,50,0.2,0.7,0.15,0.1,1,1,2,100,"final","random",13,2289,46,39,1,375,216,3
52,542,50,0.2,0.7,0.15,0.1,1,1,2,100,"final","random",13,2289,46,39,1,375,217,1
52,542,50,0.2,0.7,0.15,0.1,1,1,2,100,"final","random",13,2289,46,39,1,375,229,2
52,542,50,0.2,0.7,0.15,0.1,1,1,2,100,"final","random",13,2289,46,39,1,375,232,1
52,542,50,0.2,0.7,0.15,0.1,1,1,2,100,"final","random",13,2289,46,39,1,375,237,4
52,542,50,0.2,0.7,0.15,0.1,1,1,2,100,"final","random",13,2289,46,39,1,375,240,1
52,542,50,0.2,0.7,0.15,0.1,1,1,2,100,"final","random",13,2289,46,39,1,375,243,1
52,542,50,0.2,0.7,0.15,0.1,1,1,2,100,"final","random",13,2289,46,39,1,375,250,2
52,542,50,0.2,0.7,0.15,0.1,1,1,2,100,"final","random",13,2289,46,39,1,375,251,5
52,542,50,0.2,0.7,0.15,0.1,1,1,2,100,"final","random",13,2289,46,39,1,375,252,1
52,542,50,0.2,0.7,0.15,0.1,1,1,2,100,"final","random",13,2289,46,39,1,375,255,2
52,542,50,0.2,0.7,0.15,0.1,1,1,2,100,"final","random",13,2289,46,39,1,375,256,1
52,542,50,0.2,0.7,0.15,0.1,1,1,2,100,"final","random",13,2289,46,39,1,375,257,2
52,542,50,0.2,0.7,0.15,0.1,1,1,2,100,"final","random",14,2477,50,27,1,375,253,1
52,542,50,0.2,0.7,0.15,0.1,1,1,2,100,"final","random",14,2477,50,27,1,375,255,1
52,542,50,0.2,0.7,0.15,0.1,1,1,2,100,"final","random",14,2477,50,27,1,375,269,1
52,542,50,0.2,0.7,0.15,0.1,1,1,2,100,"final","random",14,2477,50,27,1,375,285,2
52,542,50,0.2,0.7,0.15,0.1,1,1,2,100,"final","random",14,2477,50,27,1,375,291,2
52,542,50,0.2,0.7,0.15,0.1,1,1,2,100,"final","random",14,2477,50,27,1,375,299,1
52,542,50,0.2,0.7,0.15,0.1,1,1,2,100,"final","random",14,2477,50,27,1,375,302,1
52,542,50,0.2,0.7,0.15,0.1,1,1,2,100,"final","random",14,2477,50,27,1,375,311,2
52,542,50,0.2,0.7,0.15,0.1,1,1,2,100,"final","random",14,2477,50,27,1,375,315,6
52,542,50,0.2,0.7,0.15,0.1,1,1,2,100,"final","random",14,2477,50,27,1,375,319,1
52,542,50,0.2,0.7,0.15,0.1,1,1,2,100,"final","random",14,2477,50,27,1,375,329,4
52,542,50,0.2,0.7,0.15,0.1,1,1,2,100,"final","random",14,2477,50,27,1,375,334,1
52,542,50,0.2,0.7,0.15,0.1,1,1,2,100,"final","random",14,2477,50,27,1,375,336,1
52,542,50,0.2,0.7,0.15,0.1,1,1,2,100,"final","random",14,2477,50,27,1,375,337,3
52,542,50,0.2,0.7,0.15,0.1,1,1,2,100,"final","random",14,2477,50,27,1,375,345,2
52,542,50,0.2,0.7,0.15,0.1,1,1,2,100,"final","random",14,2477,50,27,1,375,347,1
52,542,50,0.2,0.7,0.15,0.1,1,1,2,100,"final","random",14,2477,50,27,1,375,353,2
52,542,50,0.2,0.7,0.15,0.1,1,1,2,100,"final","random",14,2477,50,27,1,375,354,1
52,542,50,0.2,0.7,0.15,0.1,1,1,2,100,"final","random",14,2477,50,27,1,375,361,2
52,542,50,0.2,0.7,0.15,0.1,1,1,2,100,"final","random",14,2477,50,27,1,375,369,1
52,542,50,0.2,0.7,0.15,0.1,1,1,2,100,"final","random",14,2477,50,27,1,375,372,3
52,542,50,0.2,0.7,0.15,0.1,1,1,2,100,"final","random",14,2477,50,27,1,375,386,1
52,542,50,0.2,0.7,0.15,0.1,1,1,2,100,"final","random",14,2477,50,27,1,375,414,1
52,542,50,0.2,0.7,0.15,0.1,1,1,2,100,"final","random",15,186,4,36,1,375,235,1
52,542,50,0.2,0.7,0.15,0.1,1,1,2,100,"final","random",15,186,4,36,1,375,237,1
52,542,50,0.2,0.7,0.15,0.1,1,1,2,100,"final","random",15,186,4,36,1,375,244,1
52,542,50,0.2,0.7,0.15,0.1,1,1,2,100,"final","random",15,186,4,36,1,375,251,3
52,542,50,0.2,0.7,0.15,0.1,1,1,2,100,"final","random",15,186,4,36,1,375,255,2
52,542,50,0.2,0.7,0.15,0.1,1,1,2,100,"final","random",15,186,4,36,1,375,256,4
52,542,50,0.2,0.7,0.15,0.1,1,1,2,100,"final","random",15,186,4,36,1,375,258,3
52,542,50,0.2,0.7,0.15,0.1,1,1,2,100,"final","random",15,186,4,36,1,375,262,1
52,542,50,0.2,0.7,0.15,0.1,1,1,2,100,"final","random",15,186,4,36,1,375,279,1
52,542,50,0.2,0.7,0.15,0.1,1,1,2,100,"final","random",15,186,4,36,1,375,287,2
52,542,50,0.2,0.7,0.15,0.1,1,1,2,100,"final","random",15,186,4,36,1,375,290,1
52,542,50,0.2,0.7,0.15,0.1,1,1,2,100,"final","random",15,186,4,36,1,375,293,2
52,542,50,0.2,0.7,0.15,0.1,1,1,2,100,"final","random",15,186,4,36,1,375,296,2
52,542,50,0.2,0.7,0.15,0.1,1,1,2,100,"final","random",15,186,4,36,1,375,299,1
52,542,50,0.2,0.7,0.15,0.1,1,1,2,100,"final","random",15,186,4,36,1,375,311,1
52,542,50,0.2,0.7,0.15,0.1,1,1,2,100,"final","random",15,186,4,36,1,375,315,2
52,542,50,0.2,0.7,0.15,0.1,1,1,2,100,"final","random",15,186,4,36,1,375,318,2
52,542,50,0.2,0.7,0.15,0.1,1,1,2,100,"final","random",15,186,4,36,1,375,321,4
52,542,50,0.2,0.7,0.15,0.1,1,1,2,100,"final","random",15,186,4,36,1,375,351,1
52,542,50,0.2,0.7,0.15,0.1,1,1,2,100,"final","random",15,186,4,36,1,375,359,1
52,542,50,0.2,0.7,0.15,0.1,1,1,2,100,"final","random",16,1976,40,26,1,375,97,1
52,542,50,0.2,0.7,0.15,0.1,1,1,2,100,"final","random",16,1976,40,26,1,375,99,1
52,542,50,0.2,0.7,0.15,0.1,1,1,2,100,"final","random",16,1976,40,26,1,375,104,1
52,542,50,0.2,0.7,0.15,0.1,1,1,2,100,"final","random",16,1976,40,26,1,375,106,1
52,542,50,0.2,0.7,0.15,0.1,1,1,2,100,"final","random",16,1976,40,26,1,375,142,1
52,542,50,0.2,0.7,0.15,0.1,1,1,2,100,"final","random",16,1976,40,26,1,375,148,3
52,542,50,0.2,0.7,0.15,0.1,1,1,2,100,"final","random",16,1976,40,26,1,375,163,2
52,542,50,0.2,0.7,0.15,0.1,1,1,2,100,"final","random",16,1976,40,26,1,375,165,1
52,542,50,0.2,0.7,0.15,0.1,1,1,2,100,"final","random",16,1976,40,26,1,375,179,2
52,542,50,0.2,0.7,0.15,0.1,1,1,2,100,"final","random",16,1976,40,26,1,375,180,5
52,542,50,0.2,0.7,0.15,0.1,1,1,2,100,"final","random",16,1976,40,26,1,375,181,1
52,542,50,0.2,0.7,0.15,0.1,1,1,2,100,"final","random",16,1976,40,26,1,375,186,2
52,542,50,0.2,0.7,0.15,0.1,1,1,2,100,"final","random",16,1976,40,26,1,375,189,1
52,542,50,0.2,0.7,0.15,0.1,1,1,2,100,"final","random",16,1976,40,26,1,375,205,4
52,542,50,0.2,0.7,0.15,0.1,1,1,2,100,"final","random",16,1976,40,26,1,375,217,2
52,542,50,0.2,0.7,0.15,0.1,1,1,2,100,"final","random",16,1976,40,26,1,375,240,1
52,542,50,0.2,0.7,0.15,0.1,1,1,2,100,"final","random",16,1976,40,26,1,375,250,1
52,542,50,0.2,0.7,0.15,0.1,1,1,2,100,"final","random",16,1976,40,26,1,375,253,2
52,542,50,0.2,0.7,0.15,0.1,1,1,2,100,"final","random",16,1976,40,26,1,375,264,1
52,542,50,0.2,0.7,0.15,0.1,1,1,2,100,"final","random",16,1976,40,26,1,375,321,1
52,542,50,0.2,0.7,0.15,0.1,1,1,2,100,"final","random",17,2278,46,28,1,375,105,1
52,542,50,0.2,0.7,0.15,0.1,1,1,2,100,"final","random",17,2278,46,28,1,375,170,1
52,542,50,0.2,0.7,0.15,0.1,1,1,2,100,"final","random",17,2278,46,28,1,375,189,1
52,542,50,0.2,0.7,0.15,0.1,1,1,2,100,"final","random",17,2278,46,28,1,375,194,1
52,542,50,0.2,0.7,0.15,0.1,1,1,2,100,"final","random",17,2278,46,28,1,375,198,1
52,542,50,0.2,0.7,0.15,0.1,1,1,2,100,"final","random",17,2278,46,28,1,375,200,1
52,542,50,0.2,0.7,0.15,0.1,1,1,2,100,"final","random",17,2278,46,28,1,375,207,2
52,542,50,0.2,0.7,0.15,0.1,1,1,2,100,"final","random",17,2278,46,28,1,375,210,1
52,542,50,0.2,0.7,0.15,0.1,1,1,2,100,"final","random",17,2278,46,28,1,375,228,1
52,542,50,0.2,0.7,0.15,0.1,1,1,2,100,"final","random",17,2278,46,28,1,375,229,1
52,542,50,0.2,0.7,0.15,0.1,1,1,2,100,"final","random",17,2278,46,28,1,375,234,1
52,542,50,0.2,0.7,0.15,0.1,1,1,2,100,"final","random",17,2278,46,28,1,375,237,1
52,542,50,0.2,0.7,0.15,0.1,1,1,2,100,"final","random",17,2278,46,28,1,375,240,1
52,542,50,0.2,0.7,0.15,0.1,1,1,2,100,"final","random",17,2278,46,28,1,375,247,1
52,542,50,0.2,0.7,0.15,0.1,1,1,2,100,"final","random",17,2278,46,28,1,375,253,4
52,542,50,0.2,0.7,0.15,0.1,1,1,2,100,"final","random",17,2278,46,28,1,375,255,1
52,542,50,0.2,0.7,0.15,0.1,1,1,2,100,"final","random",17,2278,46,28,1,375,270,1
52,542,50,0.2,0.7,0.15,0.1,1,1,2,100,"final","random",17,2278,46,28,1,375,273,2
52,542,50,0.2,0.7,0.15,0.1,1,1,2,100,"final","random",17,2278,46,28,1,375,277,1
52,542,50,0.2,0.7,0.15,0.1,1,1,2,100,"final","random",17,2278,46,28,1,375,280,1
52,542,50,0.2,0.7,0.15,0.1,1,1,2,100,"final","random",17,2278,46,28,1,375,297,3
52,542,50,0.2,0.7,0.15,0.1,1,1,2,100,"final","random",17,2278,46,28,1,375,309,1
52,542,50,0.2,0.7,0.15,0.1,1,1,2,100,"final","random",17,2278,46,28,1,375,319,2
52,542,50,0.2,0.7,0.15,0.1,1,1,2,100,"final","random",17,2278,46,28,1,375,321,1
52,542,50,0.2,0.7,0.15,0.1,1,1,2,100,"final","random",17,2278,46,28,1,375,370,1
52,542,50,0.2,0.7,0.15,0.1,1,1,2,100,"final","random",18,725,15,25,1,375,464,1
52,542,50,0.2,0.7,0.15,0.1,1,1,2,100,"final","random",18,725,15,25,1,375,466,1
52,542,50,0.2,0.7,0.15,0.1,1,1,2,100,"final","random",18,725,15,25,1,375,469,1
52,542,50,0.2,0.7,0.15,0.1,1,1,2,100,"final","random",18,725,15,25,1,375,470,2
52,542,50,0.2,0.7,0.15,0.1,1,1,2,100,"final","random",18,725,15,25,1,375,476,3
52,542,50,0.2,0.7,0.15,0.1,1,1,2,100,"final","random",18,725,15,25,1,375,480,1
52,542,50,0.2,0.7,0.15,0.1,1,1,2,100,"final","random",18,725,15,25,1,375,483,1
52,542,50,0.2,0.7,0.15,0.1,1,1,2,100,"final","random",18,725,15,25,1,375,488,1
52,542,50,0.2,0.7,0.15,0.1,1,1,2,100,"final","random",18,725,15,25,1,375,490,1
52,542,50,0.2,0.7,0.15,0.1,1,1,2,100,"final","random",18,725,15,25,1,375,499,1
52,542,50,0.2,0.7,0.15,0.1,1,1,2,100,"final","random",18,725,15,25,1,375,501,4
52,542,50,0.2,0.7,0.15,0.1,1,1,2,100,"final","random",18,725,15,25,1,375,504,1
52,542,50,0.2,0.7,0.15,0.1,1,1,2,100,"final","random",18,725,15,25,1,375,515,2
52,542,50,0.2,0.7,0.15,0.1,1,1,2,100,"final","random",18,725,15,25,1,375,517,2
52,542,50,0.2,0.7,0.15,0.1,1,1,2,100,"final","random",18,725,15,25,1,375,521,1
52,542,50,0.2,0.7,0.15,0.1,1,1,2,100,"final","random",18,725,15,25,1,375,545,5
52,542,50,0.2,0.7,0.15,0.1,1,1,2,100,"final","random",18,725,15,25,1,375,559,3
52,542,50,0.2,0.7,0.15,0.1,1,1,2,100,"final","random",18,725,15,25,1,375,563,1
52,542,50,0.2,0.7,0.15,0.1,1,1,2,100,"final","random",18,725,15,25,1,375,566,2
52,542,50,0.2,0.7,0.15,0.1,1,1,2,100,"final","random",18,725,15,25,1,375,569,2
52,542,50,0.2,0.7,0.15,0.1,1,1,2,100,"final","random",19,2327,47,27,1,375,191,3
52,542,50,0.2,0.7,0.15,0.1,1,1,2,100,"final","random",19,2327,47,27,1,375,229,1
52,542,50,0.2,0.7,0.15,0.1,1,1,2,100,"final","random",19,2327,47,27,1,375,235,1
52,542,50,0.2,0.7,0.15,0.1,1,1,2,100,"final","random",19,2327,47,27,1,375,237,3
52,542,50,0.2,0.7,0.15,0.1,1,1,2,100,"final","random",19,2327,47,27,1,375,240,1
52,542,50,0.2,0.7,0.15,0.1,1,1,2,100,"final","random",19,2327,47,27,1,375,250,1
52,542,50,0.2,0.7,0.15,0.1,1,1,2,100,"final","random",19,2327,47,27,1,375,251,1
52,542,50,0.2,0.7,0.15,0.1,1,1,2,100,"final","random",19,2327,47,27,1,375,253,2
52,542,50,0.2,0.7,0.15,0.1,1,1,2,100,"final","random",19,2327,47,27,1,375,265,2
52,542,50,0.2,0.7,0.15,0.1,1,1,2,100,"final","random",19,2327,47,27,1,375,269,2
52,542,50,0.2,0.7,0.15,0.1,1,1,2,100,"final","random",19,2327,47,27,1,375,274,1
52,542,50,0.2,0.7,0.15,0.1,1,1,2,100,"final","random",19,2327,47,27,1,375,278,1
52,542,50,0.2,0.7,0.15,0.1,1,1,2,100,"final","random",19,2327,47,27,1,375,280,1
52,542,50,0.2,0.7,0.15,0.1,1,1,2,100,"final","random",19,2327,47,27,1,375,293,3
52,542,50,0.2,0.7,0.15,0.1,1,1,2,100,"final","random",19,2327,47,27,1,375,297,3
52,542,50,0.2,0.7,0.15,0.1,1,1,2,100,"final","random",19,2327,47,27,1,375,309,1
52,542,50,0.2,0.7,0.15,0.1,1,1,2,100,"final","random",19,2327,47,27,1,375,311,1
52,542,50,0.2,0.7,0.15,0.1,1,1,2,100,"final","random",19,2327,47,27,1,375,315,3
52,542,50,0.2,0.7,0.15,0.1,1,1,2,100,"final","random",19,2327,47,27,1,375,321,1
52,542,50,0.2,0.7,0.15,0.1,1,1,2,100,"final","random",19,2327,47,27,1,375,329,1
52,542,50,0.2,0.7,0.15,0.1,1,1,2,100,"final","random",19,2327,47,27,1,375,334,3
52,542,50,0.2,0.7,0.15,0.1,1,1,2,100,"final","random",19,2327,47,27,1,375,341,1
52,542,50,0.2,0.7,0.15,0.1,1,1,2,100,"final","random",19,2327,47,27,1,375,351,1
52,542,50,0.2,0.7,0.15,0.1,1,1,2,100,"final","random",19,2327,47,27,1,375,354,1
52,542,50,0.2,0.7,0.15,0.1,1,1,2,100,"final","random",19,2327,47,27,1,375,372,2
52,542,50,0.2,0.7,0.15,0.1,1,1,2,100,"final","random",20,724,15,24,1,375,441,1
52,542,50,0.2,0.7,0.15,0.1,1,1,2,100,"final","random",20,724,15,24,1,375,466,1
52,542,50,0.2,0.7,0.15,0.1,1,1,2,100,"final","random",20,724,15,24,1,375,469,1
52,542,50,0.2,0.7,0.15,0.1,1,1,2,100,"final","random",20,724,15,24,1,375,476,2
52,542,50,0.2,0.7,0.15,0.1,1,1,2,100,"final","random",20,724,15,24,1,375,477,1
52,542,50,0.2,0.7,0.15,0.1,1,1,2,100,"final","random",20,724,15,24,1,375,485,1
52,542,50,0.2,0.7,0.15,0.1,1,1,2,100,"final","random",20,724,15,24,1,375,488,1
52,542,50,0.2,0.7,0.15,0.1,1,1,2,100,"final","random",20,724,15,24,1,375,490,1
52,542,50,0.2,0.7,0.15,0.1,1,1,2,100,"final","random",20,724,15,24,1,375,499,3
52,542,50,0.2,0.7,0.15,0.1,1,1,2,100,"final","random",20,724,15,24,1,375,501,3
52,542,50,0.2,0.7,0.15,0.1,1,1,2,100,"final","random",20,724,15,24,1,375,504,2
52,542,50,0.2,0.7,0.15,0.1,1,1,2,100,"final","random",20,724,15,24,1,375,513,1
52,542,50,0.2,0.7,0.15,0.1,1,1,2,100,"final","random",20,724,15,24,1,375,517,3
52,542,50,0.2,0.7,0.15,0.1,1,1,2,100,"final","random",20,724,15,24,1,375,521,1
52,542,50,0.2,0.7,0.15,0.1,1,1,2,100,"final","random",20,724,15,24,1,375,526,1
52,542,50,0.2,0.7,0.15,0.1,1,1,2,100,"final","random",20,724,15,24,1,375,530,4
52,542,50,0.2,0.7,0.15,0.1,1,1,2,100,"final","random",20,724,15,24,1,375,545,1
52,542,50,0.2,0.7,0.15,0.1,1,1,2,100,"final","random",20,724,15,24,1,375,547,1
52,542,50,0.2,0.7,0.15,0.1,1,1,2,100,"final","random",20,724,15,24,1,375,563,1
52,542,50,0.2,0.7,0.15,0.1,1,1,2,100,"final","random",20,724,15,24,1,375,569,1
52,542,50,0.2,0.7,0.15,0.1,1,1,2,100,"final","random",20,724,15,24,1,375,577,2
52,542,50,0.2,0.7,0.15,0.1,1,1,2,100,"final","random",20,724,15,24,1,375,585,2
52,542,50,0.2,0.7,0.15,0.1,1,1,2,100,"final","random",20,724,15,24,1,375,593,2
52,542,50,0.2,0.7,0.15,0.1,1,1,2,100,"final","random",21,226,5,26,1,375,278,1
52,542,50,0.2,0.7,0.15,0.1,1,1,2,100,"final","random",21,226,5,26,1,375,329,2
52,542,50,0.2,0.7,0.15,0.1,1,1,2,100,"final","random",21,226,5,26,1,375,334,1
52,542,50,0.2,0.7,0.15,0.1,1,1,2,100,"final","random",21,226,5,26,1,375,342,2
52,542,50,0.2,0.7,0.15,0.1,1,1,2,100,"final","random",21,226,5,26,1,375,345,2
52,542,50,0.2,0.7,0.15,0.1,1,1,2,100,"final","random",21,226,5,26,1,375,347,1
52,542,50,0.2,0.7,0.15,0.1,1,1,2,100,"final","random",21,226,5,26,1,375,348,1
52,542,50,0.2,0.7,0.15,0.1,1,1,2,100,"final","random",21,226,5,26,1,375,351,3
52,542,50,0.2,0.7,0.15,0.1,1,1,2,100,"final","random",21,226,5,26,1,375,352,2
52,542,50,0.2,0.7,0.15,0.1,1,1,2,100,"final","random",21,226,5,26,1,375,353,1
52,542,50,0.2,0.7,0.15,0.1,1,1,2,100,"final","random",21,226,5,26,1,375,361,4
52,542,50,0.2,0.7,0.15,0.1,1,1,2,100,"final","random",21,226,5,26,1,375,372,3
52,542,50,0.2,0.7,0.15,0.1,1,1,2,100,"final","random",21,226,5,26,1,375,386,5
52,542,50,0.2,0.7,0.15,0.1,1,1,2,100,"final","random",21,226,5,26,1,375,391,1
52,542,50,0.2,0.7,0.15,0.1,1,1,2,100,"final","random",21,226,5,26,1,375,416,1
52,542,50,0.2,0.7,0.15,0.1,1,1,2,100,"final","random",21,226,5,26,1,375,423,1
52,542,50,0.2,0.7,0.15,0.1,1,1,2,100,"final","random",21,226,5,26,1,375,424,1
52,542,50,0.2,0.7,0.15,0.1,1,1,2,100,"final","random",21,226,5,26,1,375,428,1
52,542,50,0.2,0.7,0.15,0.1,1,1,2,100,"final","random",21,226,5,26,1,375,435,1
52,542,50,0.2,0.7,0.15,0.1,1,1,2,100,"final","random",21,226,5,26,1,375,437,1
52,542,50,0.2,0.7,0.15,0.1,1,1,2,100,"final","random",21,226,5,26,1,375,438,2
52,542,50,0.2,0.7,0.15,0.1,1,1,2,100,"final","random",21,226,5,26,1,375,441,2
52,542,50,0.2,0.7,0.15,0.1,1,1,2,100,"final","random",22,272,6,22,1,375,334,1
52,542,50,0.2,0.7,0.15,0.1,1,1,2,100,"final","random",22,272,6,22,1,375,342,1
52,542,50,0.2,0.7,0.15,0.1,1,1,2,100,"final","random",22,272,6,22,1,375,361,2
52,542,50,0.2,0.7,0.15,0.1,1,1,2,100,"final","random",22,272,6,22,1,375,379,3
52,542,50,0.2,0.7,0.15,0.1,1,1,2,100,"final","random",22,272,6,22,1,375,386,1
52,542,50,0.2,0.7,0.15,0.1,1,1,2,100,"final","random",22,272,6,22,1,375,387,1
52,542,50,0.2,0.7,0.15,0.1,1,1,2,100,"final","random",22,272,6,22,1,375,391,1
52,542,50,0.2,0.7,0.15,0.1,1,1,2,100,"final","random",22,272,6,22,1,375,408,1
52,542,50,0.2,0.7,0.15,0.1,1,1,2,100,"final","random",22,272,6,22,1,375,410,1
52,542,50,0.2,0.7,0.15,0.1,1,1,2,100,"final","random",22,272,6,22,1,375,414,1
52,542,50,0.2,0.7,0.15,0.1,1,1,2,100,"final","random",22,272,6,22,1,375,415,1
52,542,50,0.2,0.7,0.15,0.1,1,1,2,100,"final","random",22,272,6,22,1,375,423,2
52,542,50,0.2,0.7,0.15,0.1,1,1,2,100,"final","random",22,272,6,22,1,375,424,1
52,542,50,0.2,0.7,0.15,0.1,1,1,2,100,"final","random",22,272,6,22,1,375,427,1
52,542,50,0.2,0.7,0.15,0.1,1,1,2,100,"final","random",22,272,6,22,1,375,431,1
52,542,50,0.2,0.7,0.15,0.1,1,1,2,100,"final","random",22,272,6,22,1,375,435,1
52,542,50,0.2,0.7,0.15,0.1,1,1,2,100,"final","random",22,272,6,22,1,375,438,1
52,542,50,0.2,0.7,0.15,0.1,1,1,2,100,"final","random",22,272,6,22,1,375,440,1
52,542,50,0.2,0.7,0.15,0.1,1,1,2,100,"final","random",22,272,6,22,1,375,458,1
52,542,50,0.2,0.7,0.15,0.1,1,1,2,100,"final","random",22,272,6,22,1,375,464,2
52,542,50,0.2,0.7,0.15,0.1,1,1,2,100,"final","random",22,272,6,22,1,375,465,3
52,542,50,0.2,0.7,0.15,0.1,1,1,2,100,"final","random",22,272,6,22,1,375,466,2
52,542,50,0.2,0.7,0.15,0.1,1,1,2,100,"final","random",22,272,6,22,1,375,477,2
52,542,50,0.2,0.7,0.15,0.1,1,1,2,100,"final","random",22,272,6,22,1,375,479,1
52,542,50,0.2,0.7,0.15,0.1,1,1,2,100,"final","random",22,272,6,22,1,375,501,3
52,542,50,0.2,0.7,0.15,0.1,1,1,2,100,"final","random",22,272,6,22,1,375,543,1
52,542,50,0.2,0.7,0.15,0.1,1,1,2,100,"final","random",23,624,13,24,1,375,372,1
52,542,50,0.2,0.7,0.15,0.1,1,1,2,100,"final","random",23,624,13,24,1,375,441,2
52,542,50,0.2,0.7,0.15,0.1,1,1,2,100,"final","random",23,624,13,24,1,375,463,1
52,542,50,0.2,0.7,0.15,0.1,1,1,2,100,"final","random",23,624,13,24,1,375,466,4
52,542,50,0.2,0.7,0.15,0.1,1,1,2,100,"final","random",23,624,13,24,1,375,476,1
52,542,50,0.2,0.7,0.15,0.1,1,1,2,100,"final","random",23,624,13,24,1,375,483,1
52,542,50,0.2,0.7,0.15,0.1,1,1,2,100,"final","random",23,624,13,24,1,375,499,3
52,542,50,0.2,0.7,0.15,0.1,1,1,2,100,"final","random",23,624,13,24,1,375,501,2
52,542,50,0.2,0.7,0.15,0.1,1,1,2,100,"final","random",23,624,13,24,1,375,504,4
52,542,50,0.2,0.7,0.15,0.1,1,1,2,100,"final","random",23,624,13,24,1,375,513,1
52,542,50,0.2,0.7,0.15,0.1,1,1,2,100,"final","random",23,624,13,24,1,375,515,1
52,542,50,0.2,0.7,0.15,0.1,1,1,2,100,"final","random",23,624,13,24,1,375,517,1
52,542,50,0.2,0.7,0.15,0.1,1,1,2,100,"final","random",23,624,13,24,1,375,521,5
52,542,50,0.2,0.7,0.15,0.1,1,1,2,100,"final","random",23,624,13,24,1,375,526,1
52,542,50,0.2,0.7,0.15,0.1,1,1,2,100,"final","random",23,624,13,24,1,375,527,1
52,542,50,0.2,0.7,0.15,0.1,1,1,2,100,"final","random",23,624,13,24,1,375,530,2
52,542,50,0.2,0.7,0.15,0.1,1,1,2,100,"final","random",23,624,13,24,1,375,545,6
52,542,50,0.2,0.7,0.15,0.1,1,1,2,100,"final","random",23,624,13,24,1,375,559,1
52,542,50,0.2,0.7,0.15,0.1,1,1,2,100,"final","random",23,624,13,24,1,375,569,3
52,542,50,0.2,0.7,0.15,0.1,1,1,2,100,"final","random",23,624,13,24,1,375,571,1
52,542,50,0.2,0.7,0.15,0.1,1,1,2,100,"final","random",23,624,13,24,1,375,572,1
52,542,50,0.2,0.7,0.15,0.1,1,1,2,100,"final","random",24,2182,44,32,1,375,97,1
52,542,50,0.2,0.7,0.15,0.1,1,1,2,100,"final","random",24,2182,44,32,1,375,102,3
52,542,50,0.2,0.7,0.15,0.1,1,1,2,100,"final","random",24,2182,44,32,1,375,104,1
52,542,50,0.2,0.7,0.15,0.1,1,1,2,100,"final","random",24,2182,44,32,1,375,117,1
52,542,50,0.2,0.7,0.15,0.1,1,1,2,100,"final","random",24,2182,44,32,1,375,135,1
52,542,50,0.2,0.7,0.15,0.1,1,1,2,100,"final","random",24,2182,44,32,1,375,140,1
52,542,50,0.2,0.7,0.15,0.1,1,1,2,100,"final","random",24,2182,44,32,1,375,144,1
52,542,50,0.2,0.7,0.15,0.1,1,1,2,100,"final","random",24,2182,44,32,1,375,169,1
52,542,50,0.2,0.7,0.15,0.1,1,1,2,100,"final","random",24,2182,44,32,1,375,170,1
52,542,50,0.2,0.7,0.15,0.1,1,1,2,100,"final","random",24,2182,44,32,1,375,173,1
52,542,50,0.2,0.7,0.15,0.1,1,1,2,100,"final","random",24,2182,44,32,1,375,179,2
52,542,50,0.2,0.7,0.15,0.1,1,1,2,100,"final","random",24,2182,44,32,1,375,183,1
52,542,50,0.2,0.7,0.15,0.1,1,1,2,100,"final","random",24,2182,44,32,1,375,189,1
52,542,50,0.2,0.7,0.15,0.1,1,1,2,100,"final","random",24,2182,44,32,1,375,191,1
52,542,50,0.2,0.7,0.15,0.1,1,1,2,100,"final","random",24,2182,44,32,1,375,197,1
52,542,50,0.2,0.7,0.15,0.1,1,1,2,100,"final","random",24,2182,44,32,1,375,202,1
52,542,50,0.2,0.7,0.15,0.1,1,1,2,100,"final","random",24,2182,44,32,1,375,205,2
52,542,50,0.2,0.7,0.15,0.1,1,1,2,100,"final","random",24,2182,44,32,1,375,207,1
52,542,50,0.2,0.7,0.15,0.1,1,1,2,100,"final","random",24,2182,44,32,1,375,208,1
52,542,50,0.2,0.7,0.15,0.1,1,1,2,100,"final","random",24,2182,44,32,1,375,217,1
52,542,50,0.2,0.7,0.15,0.1,1,1,2,100,"final","random",24,2182,44,32,1,375,228,1
52,542,50,0.2,0.7,0.15,0.1,1,1,2,100,"final","random",24,2182,44,32,1,375,237,1
52,542,50,0.2,0.7,0.15,0.1,1,1,2,100,"final","random",24,2182,44,32,1,375,247,2
52,542,50,0.2,0.7,0.15,0.1,1,1,2,100,"final","random",24,2182,44,32,1,375,250,1
52,542,50,0.2,0.7,0.15,0.1,1,1,2,100,"final","random",24,2182,44,32,1,375,253,1
52,542,50,0.2,0.7,0.15,0.1,1,1,2,100,"final","random",24,2182,44,32,1,375,261,2
52,542,50,0.2,0.7,0.15,0.1,1,1,2,100,"final","random",24,2182,44,32,1,375,286,1
52,542,50,0.2,0.7,0.15,0.1,1,1,2,100,"final","random",25,122,3,22,1,375,301,1
52,542,50,0.2,0.7,0.15,0.1,1,1,2,100,"final","random",25,122,3,22,1,375,315,1
52,542,50,0.2,0.7,0.15,0.1,1,1,2,100,"final","random",25,122,3,22,1,375,321,2
52,542,50,0.2,0.7,0.15,0.1,1,1,2,100,"final","random",25,122,3,22,1,375,337,1
52,542,50,0.2,0.7,0.15,0.1,1,1,2,100,"final","random",25,122,3,22,1,375,342,1
52,542,50,0.2,0.7,0.15,0.1,1,1,2,100,"final","random",25,122,3,22,1,375,345,1
52,542,50,0.2,0.7,0.15,0.1,1,1,2,100,"final","random",25,122,3,22,1,375,348,2
52,542,50,0.2,0.7,0.15,0.1,1,1,2,100,"final","random",25,122,3,22,1,375,351,2
52,542,50,0.2,0.7,0.15,0.1,1,1,2,100,"final","random",25,122,3,22,1,375,352,1
52,542,50,0.2,0.7,0.15,0.1,1,1,2,100,"final","random",25,122,3,22,1,375,353,3
52,542,50,0.2,0.7,0.15,0.1,1,1,2,100,"final","random",25,122,3,22,1,375,361,3
52,542,50,0.2,0.7,0.15,0.1,1,1,2,100,"final","random",25,122,3,22,1,375,372,2
52,542,50,0.2,0.7,0.15,0.1,1,1,2,100,"final","random",25,122,3,22,1,375,379,1
52,542,50,0.2,0.7,0.15,0.1,1,1,2,100,"final","random",25,122,3,22,1,375,386,4
52,542,50,0.2,0.7,0.15,0.1,1,1,2,100,"final","random",25,122,3,22,1,375,391,1
52,542,50,0.2,0.7,0.15,0.1,1,1,2,100,"final","random",25,122,3,22,1,375,424,1
52,542,50,0.2,0.7,0.15,0.1,1,1,2,100,"final","random",25,122,3,22,1,375,437,1
52,542,50,0.2,0.7,0.15,0.1,1,1,2,100,"final","random",25,122,3,22,1,375,440,1
52,542,50,0.2,0.7,0.15,0.1,1,1,2,100,"final","random",25,122,3,22,1,375,458,1
52,542,50,0.2,0.7,0.15,0.1,1,1,2,100,"final","random",25,122,3,22,1,375,466,1
52,542,50,0.2,0.7,0.15,0.1,1,1,2,100,"final","random",25,122,3,22,1,375,479,1
52,542,50,0.2,0.7,0.15,0.1,1,1,2,100,"final","random",25,122,3,22,1,375,501,1
52,542,50,0.2,0.7,0.15,0.1,1,1,2,100,"final","random",26,576,12,26,1,375,418,1
52,542,50,0.2,0.7,0.15,0.1,1,1,2,100,"final","random",26,576,12,26,1,375,431,1
52,542,50,0.2,0.7,0.15,0.1,1,1,2,100,"final","random",26,576,12,26,1,375,441,1
52,542,50,0.2,0.7,0.15,0.1,1,1,2,100,"final","random",26,576,12,26,1,375,451,1
52,542,50,0.2,0.7,0.15,0.1,1,1,2,100,"final","random",26,576,12,26,1,375,477,1
52,542,50,0.2,0.7,0.15,0.1,1,1,2,100,"final","random",26,576,12,26,1,375,479,1
52,542,50,0.2,0.7,0.15,0.1,1,1,2,100,"final","random",26,576,12,26,1,375,483,1
52,542,50,0.2,0.7,0.15,0.1,1,1,2,100,"final","random",26,576,12,26,1,375,490,3
52,542,50,0.2,0.7,0.15,0.1,1,1,2,100,"final","random",26,576,12,26,1,375,493,1
52,542,50,0.2,0.7,0.15,0.1,1,1,2,100,"final","random",26,576,12,26,1,375,499,2
52,542,50,0.2,0.7,0.15,0.1,1,1,2,100,"final","random",26,576,12,26,1,375,501,3
52,542,50,0.2,0.7,0.15,0.1,1,1,2,100,"final","random",26,576,12,26,1,375,504,1
52,542,50,0.2,0.7,0.15,0.1,1,1,2,100,"final","random",26,576,12,26,1,375,507,1
52,542,50,0.2,0.7,0.15,0.1,1,1,2,100,"final","random",26,576,12,26,1,375,513,1
52,542,50,0.2,0.7,0.15,0.1,1,1,2,100,"final","random",26,576,12,26,1,375,527,2
52,542,50,0.2,0.7,0.15,0.1,1,1,2,100,"final","random",26,576,12,26,1,375,530,2
52,542,50,0.2,0.7,0.15,0.1,1,1,2,100,"final","random",26,576,12,26,1,375,545,2
52,542,50,0.2,0.7,0.15,0.1,1,1,2,100,"final","random",26,576,12,26,1,375,547,1
52,542,50,0.2,0.7,0.15,0.1,1,1,2,100,"final","random",26,576,12,26,1,375,559,1
52,542,50,0.2,0.7,0.15,0.1,1,1,2,100,"final","random",26,576,12,26,1,375,563,1
52,542,50,0.2,0.7,0.15,0.1,1,1,2,100,"final","random",26,576,12,26,1,375,569,1
52,542,50,0.2,0.7,0.15,0.1,1,1,2,100,"final","random",26,576,12,26,1,375,609,1
52,542,50,0.2,0.7,0.15,0.1,1,1,2,100,"final","random",27,2078,42,28,1,375,54,1
52,542,50,0.2,0.7,0.15,0.1,1,1,2,100,"final","random",27,2078,42,28,1,375,148,4
52,542,50,0.2,0.7,0.15,0.1,1,1,2,100,"final","random",27,2078,42,28,1,375,159,3
52,542,50,0.2,0.7,0.15,0.1,1,1,2,100,"final","random",27,2078,42,28,1,375,160,1
52,542,50,0.2,0.7,0.15,0.1,1,1,2,100,"final","random",27,2078,42,28,1,375,161,1
52,542,50,0.2,0.7,0.15,0.1,1,1,2,100,"final","random",27,2078,42,28,1,375,175,1
52,542,50,0.2,0.7,0.15,0.1,1,1,2,100,"final","random",27,2078,42,28,1,375,176,1
52,542,50,0.2,0.7,0.15,0.1,1,1,2,100,"final","random",27,2078,42,28,1,375,180,2
52,542,50,0.2,0.7,0.15,0.1,1,1,2,100,"final","random",27,2078,42,28,1,375,181,1
52,542,50,0.2,0.7,0.15,0.1,1,1,2,100,"final","random",27,2078,42,28,1,375,187,1
52,542,50,0.2,0.7,0.15,0.1,1,1,2,100,"final","random",27,2078,42,28,1,375,189,1
52,542,50,0.2,0.7,0.15,0.1,1,1,2,100,"final","random",27,2078,42,28,1,375,193,1
52,542,50,0.2,0.7,0.15,0.1,1,1,2,100,"final","random",27,2078,42,28,1,375,198,1
52,542,50,0.2,0.7,0.15,0.1,1,1,2,100,"final","random",27,2078,42,28,1,375,200,1
52,542,50,0.2,0.7,0.15,0.1,1,1,2,100,"final","random",27,2078,42,28,1,375,207,1
52,542,50,0.2,0.7,0.15,0.1,1,1,2,100,"final","random",27,2078,42,28,1,375,233,1
52,542,50,0.2,0.7,0.15,0.1,1,1,2,100,"final","random",27,2078,42,28,1,375,240,1
52,542,50,0.2,0.7,0.15,0.1,1,1,2,100,"final","random",27,2078,42,28,1,375,247,1
52,542,50,0.2,0.7,0.15,0.1,1,1,2,100,"final","random",27,2078,42,28,1,375,250,1
52,542,50,0.2,0.7,0.15,0.1,1,1,2,100,"final","random",27,2078,42,28,1,375,256,1
52,542,50,0.2,0.7,0.15,0.1,1,1,2,100,"final","random",27,2078,42,28,1,375,278,1
52,542,50,0.2,0.7,0.15,0.1,1,1,2,100,"final","random",27,2078,42,28,1,375,287,2
52,542,50,0.2,0.7,0.15,0.1,1,1,2,100,"final","random",28,131,3,31,1,375,232,1
52,542,50,0.2,0.7,0.15,0.1,1,1,2,100,"final","random",28,131,3,31,1,375,244,1
52,542,50,0.2,0.7,0.15,0.1,1,1,2,100,"final","random",28,131,3,31,1,375,250,1
52,542,50,0.2,0.7,0.15,0.1,1,1,2,100,"final","random",28,131,3,31,1,375,255,1
52,542,50,0.2,0.7,0.15,0.1,1,1,2,100,"final","random",28,131,3,31,1,375,258,1
52,542,50,0.2,0.7,0.15,0.1,1,1,2,100,"final","random",28,131,3,31,1,375,265,2
52,542,50,0.2,0.7,0.15,0.1,1,1,2,100,"final","random",28,131,3,31,1,375,270,1
52,542,50,0.2,0.7,0.15,0.1,1,1,2,100,"final","random",28,131,3,31,1,375,295,2
52,542,50,0.2,0.7,0.15,0.1,1,1,2,100,"final","random",28,131,3,31,1,375,299,1
52,542,50,0.2,0.7,0.15,0.1,1,1,2,100,"final","random",28,131,3,31,1,375,308,1
52,542,50,0.2,0.7,0.15,0.1,1,1,2,100,"final","random",28,131,3,31,1,375,315,2
52,542,50,0.2,0.7,0.15,0.1,1,1,2,100,"final","random",28,131,3,31,1,375,318,2
52,542,50,0.2,0.7,0.15,0.1,1,1,2,100,"final","random",28,131,3,31,1,375,319,2
52,542,50,0.2,0.7,0.15,0.1,1,1,2,100,"final","random",28,131,3,31,1,375,329,1
52,542,50,0.2,0.7,0.15,0.1,1,1,2,100,"final","random",28,131,3,31,1,375,336,1
52,542,50,0.2,0.7,0.15,0.1,1,1,2,100,"final","random",28,131,3,31,1,375,337,1
52,542,50,0.2,0.7,0.15,0.1,1,1,2,100,"final","random",28,131,3,31,1,375,345,1
52,542,50,0.2,0.7,0.15,0.1,1,1,2,100,"final","random",28,131,3,31,1,375,351,2
52,542,50,0.2,0.7,0.15,0.1,1,1,2,100,"final","random",28,131,3,31,1,375,353,1
52,542,50,0.2,0.7,0.15,0.1,1,1,2,100,"final","random",28,131,3,31,1,375,359,2
52,542,50,0.2,0.7,0.15,0.1,1,1,2,100,"final","random",28,131,3,31,1,375,398,1
52,542,50,0.2,0.7,0.15,0.1,1,1,2,100,"final","random",28,131,3,31,1,375,403,2
52,542,50,0.2,0.7,0.15,0.1,1,1,2,100,"final","random",29,526,11,26,1,375,351,2
52,542,50,0.2,0.7,0.15,0.1,1,1,2,100,"final","random",29,526,11,26,1,375,386,2
52,542,50,0.2,0.7,0.15,0.1,1,1,2,100,"final","random",29,526,11,26,1,375,413,1
52,542,50,0.2,0.7,0.15,0.1,1,1,2,100,"final","random",29,526,11,26,1,375,427,1
52,542,50,0.2,0.7,0.15,0.1,1,1,2,100,"final","random",29,526,11,26,1,375,441,1
52,542,50,0.2,0.7,0.15,0.1,1,1,2,100,"final","random",29,526,11,26,1,375,451,2
52,542,50,0.2,0.7,0.15,0.1,1,1,2,100,"final","random",29,526,11,26,1,375,458,3
52,542,50,0.2,0.7,0.15,0.1,1,1,2,100,"final","random",29,526,11,26,1,375,476,1
52,542,50,0.2,0.7,0.15,0.1,1,1,2,100,"final","random",29,526,11,26,1,375,477,1
52,542,50,0.2,0.7,0.15,0.1,1,1,2,100,"final","random",29,526,11,26,1,375,480,1
52,542,50,0.2,0.7,0.15,0.1,1,1,2,100,"final","random",29,526,11,26,1,375,483,1
52,542,50,0.2,0.7,0.15,0.1,1,1,2,100,"final","random",29,526,11,26,1,375,490,5
52,542,50,0.2,0.7,0.15,0.1,1,1,2,100,"final","random",29,526,11,26,1,375,499,2
52,542,50,0.2,0.7,0.15,0.1,1,1,2,100,"final","random",29,526,11,26,1,375,501,1
52,542,50,0.2,0.7,0.15,0.1,1,1,2,100,"final","random",29,526,11,26,1,375,515,1
52,542,50,0.2,0.7,0.15,0.1,1,1,2,100,"final","random",29,526,11,26,1,375,517,1
52,542,50,0.2,0.7,0.15,0.1,1,1,2,100,"final","random",29,526,11,26,1,375,521,1
52,542,50,0.2,0.7,0.15,0.1,1,1,2,100,"final","random",29,526,11,26,1,375,526,1
52,542,50,0.2,0.7,0.15,0.1,1,1,2,100,"final","random",29,526,11,26,1,375,530,2
52,542,50,0.2,0.7,0.15,0.1,1,1,2,100,"final","random",29,526,11,26,1,375,547,2
52,542,50,0.2,0.7,0.15,0.1,1,1,2,100,"final","random",29,526,11,26,1,375,559,1
52,542,50,0.2,0.7,0.15,0.1,1,1,2,100,"final","random",29,526,11,26,1,375,571,1
52,542,50,0.2,0.7,0.15,0.1,1,1,2,100,"final","random",30,427,9,27,1,375,329,1
52,542,50,0.2,0.7,0.15,0.1,1,1,2,100,"final","random",30,427,9,27,1,375,351,1
52,542,50,0.2,0.7,0.15,0.1,1,1,2,100,"final","random",30,427,9,27,1,375,352,1
52,542,50,0.2,0.7,0.15,0.1,1,1,2,100,"final","random",30,427,9,27,1,375,370,1
52,542,50,0.2,0.7,0.15,0.1,1,1,2,100,"final","random",30,427,9,27,1,375,372,1
52,542,50,0.2,0.7,0.15,0.1,1,1,2,100,"final","random",30,427,9,27,1,375,391,1
52,542,50,0.2,0.7,0.15,0.1,1,1,2,100,"final","random",30,427,9,27,1,375,394,1
52,542,50,0.2,0.7,0.15,0.1,1,1,2,100,"final","random",30,427,9,27,1,375,398,1
52,542,50,0.2,0.7,0.15,0.1,1,1,2,100,"final","random",30,427,9,27,1,375,413,2
52,542,50,0.2,0.7,0.15,0.1,1,1,2,100,"final","random",30,427,9,27,1,375,423,2
52,542,50,0.2,0.7,0.15,0.1,1,1,2,100,"final","random",30,427,9,27,1,375,427,3
52,542,50,0.2,0.7,0.15,0.1,1,1,2,100,"final","random",30,427,9,27,1,375,431,3
52,542,50,0.2,0.7,0.15,0.1,1,1,2,100,"final","random",30,427,9,27,1,375,432,1
52,542,50,0.2,0.7,0.15,0.1,1,1,2,100,"final","random",30,427,9,27,1,375,440,2
52,542,50,0.2,0.7,0.15,0.1,1,1,2,100,"final","random",30,427,9,27,1,375,441,3
52,542,50,0.2,0.7,0.15,0.1,1,1,2,100,"final","random",30,427,9,27,1,375,443,1
52,542,50,0.2,0.7,0.15,0.1,1,1,2,100,"final","random",30,427,9,27,1,375,444,1
52,542,50,0.2,0.7,0.15,0.1,1,1,2,100,"final","random",30,427,9,27,1,375,451,1
52,542,50,0.2,0.7,0.15,0.1,1,1,2,100,"final","random",30,427,9,27,1,375,456,1
52,542,50,0.2,0.7,0.15,0.1,1,1,2,100,"final","random",30,427,9,27,1,375,464,1
52,542,50,0.2,0.7,0.15,0.1,1,1,2,100,"final","random",30,427,9,27,1,375,466,2
52,542,50,0.2,0.7,0.15,0.1,1,1,2,100,"final","random",30,427,9,27,1,375,504,2
52,542,50,0.2,0.7,0.15,0.1,1,1,2,100,"final","random",30,427,9,27,1,375,518,1
52,542,50,0.2,0.7,0.15,0.1,1,1,2,100,"final","random",30,427,9,27,1,375,558,1
52,542,50,0.2,0.7,0.15,0.1,1,1,2,100,"final","random",30,427,9,27,1,375,563,1
