sim_id,master_seed,grid_size,fragmentation,ac_amount,habitat,niche_breadth,edge_effect,dispersal,dispersal_dist,step,step_label,samp_method,sample_id,cell_id,x_loc,y_loc,patch_id,patch_size,species_id,n
58,548,50,NA,0.7,0.15,0.1,1,1,2,0,"start","random",1,88,2,38,1,2499,146,1
58,548,50,NA,0.7,0.15,0.1,1,1,2,0,"start","random",1,88,2,38,1,2499,227,1
58,548,50,NA,0.7,0.15,0.1,1,1,2,0,"start","random",1,88,2,38,1,2499,246,1
58,548,50,NA,0.7,0.15,0.1,1,1,2,0,"start","random",2,1054,22,4,1,2499,412,1
58,548,50,NA,0.7,0.15,0.1,1,1,2,0,"start","random",3,381,8,31,1,2499,NA,NA
58,548,50,NA,0.7,0.15,0.1,1,1,2,0,"start","random",4,269,6,19,1,2499,NA,NA
58,548,50,NA,0.7,0.15,0.1,1,1,2,0,"start","random",5,2193,44,43,1,2499,NA,NA
58,548,50,NA,0.7,0.15,0.1,1,1,2,0,"start","random",6,2490,50,40,1,2499,NA,NA
58,548,50,NA,0.7,0.15,0.1,1,1,2,0,"start","random",7,271,6,21,1,2499,236,1
58,548,50,NA,0.7,0.15,0.1,1,1,2,0,"start","random",8,280,6,30,1,2499,278,1
58,548,50,NA,0.7,0.15,0.1,1,1,2,0,"start","random",8,280,6,30,1,2499,364,1
58,548,50,NA,0.7,0.15,0.1,1,1,2,0,"start","random",8,280,6,30,1,2499,369,1
58,548,50,NA,0.7,0.15,0.1,1,1,2,0,"start","random",8,280,6,30,1,2499,406,1
58,548,50,NA,0.7,0.15,0.1,1,1,2,0,"start","random",8,280,6,30,1,2499,407,1
58,548,50,NA,0.7,0.15,0.1,1,1,2,0,"start","random",9,1732,35,32,1,2499,649,1
58,548,50,NA,0.7,0.15,0.1,1,1,2,0,"start","random",9,1732,35,32,1,2499,690,1
58,548,50,NA,0.7,0.15,0.1,1,1,2,0,"start","random",9,1732,35,32,1,2499,754,1
58,548,50,NA,0.7,0.15,0.1,1,1,2,0,"start","random",9,1732,35,32,1,2499,805,1
58,548,50,NA,0.7,0.15,0.1,1,1,2,0,"start","random",9,1732,35,32,1,2499,809,1
58,548,50,NA,0.7,0.15,0.1,1,1,2,0,"start","random",10,2245,45,45,1,2499,229,1
58,548,50,NA,0.7,0.15,0.1,1,1,2,0,"start","random",10,2245,45,45,1,2499,321,1
58,548,50,NA,0.7,0.15,0.1,1,1,2,0,"start","random",11,189,4,39,1,2499,NA,NA
58,548,50,NA,0.7,0.15,0.1,1,1,2,0,"start","random",12,1935,39,35,1,2499,444,1
58,548,50,NA,0.7,0.15,0.1,1,1,2,0,"start","random",12,1935,39,35,1,2499,467,1
58,548,50,NA,0.7,0.15,0.1,1,1,2,0,"start","random",12,1935,39,35,1,2499,493,1
58,548,50,NA,0.7,0.15,0.1,1,1,2,0,"start","random",13,1842,37,42,1,2499,238,1
58,548,50,NA,0.7,0.15,0.1,1,1,2,0,"start","random",14,632,13,32,1,2499,370,1
58,548,50,NA,0.7,0.15,0.1,1,1,2,0,"start","random",14,632,13,32,1,2499,448,1
58,548,50,NA,0.7,0.15,0.1,1,1,2,0,"start","random",15,795,16,45,1,2499,226,1
58,548,50,NA,0.7,0.15,0.1,1,1,2,0,"start","random",16,1632,33,32,1,2499,679,1
58,548,50,NA,0.7,0.15,0.1,1,1,2,0,"start","random",16,1632,33,32,1,2499,791,1
58,548,50,NA,0.7,0.15,0.1,1,1,2,0,"start","random",16,1632,33,32,1,2499,803,1
58,548,50,NA,0.7,0.15,0.1,1,1,2,0,"start","random",17,1603,33,3,1,2499,283,1
58,548,50,NA,0.7,0.15,0.1,1,1,2,0,"start","random",17,1603,33,3,1,2499,430,1
58,548,50,NA,0.7,0.15,0.1,1,1,2,0,"start","random",18,1975,40,25,1,2499,533,1
58,548,50,NA,0.7,0.15,0.1,1,1,2,0,"start","random",19,2148,43,48,1,2499,NA,NA
58,548,50,NA,0.7,0.15,0.1,1,1,2,0,"start","random",20,290,6,40,1,2499,159,1
58,548,50,NA,0.7,0.15,0.1,1,1,2,0,"start","random",21,832,17,32,1,2499,NA,NA
58,548,50,NA,0.7,0.15,0.1,1,1,2,0,"start","random",22,1696,34,46,1,2499,374,1
58,548,50,NA,0.7,0.15,0.1,1,1,2,0,"start","random",23,1378,28,28,1,2499,702,1
58,548,50,NA,0.7,0.15,0.1,1,1,2,0,"start","random",23,1378,28,28,1,2499,798,1
58,548,50,NA,0.7,0.15,0.1,1,1,2,0,"start","random",23,1378,28,28,1,2499,833,1
58,548,50,NA,0.7,0.15,0.1,1,1,2,0,"start","random",23,1378,28,28,1,2499,852,1
58,548,50,NA,0.7,0.15,0.1,1,1,2,0,"start","random",24,1783,36,33,1,2499,628,1
58,548,50,NA,0.7,0.15,0.1,1,1,2,0,"start","random",25,2401,49,1,1,2499,60,1
58,548,50,NA,0.7,0.15,0.1,1,1,2,0,"start","random",25,2401,49,1,1,2499,117,1
58,548,50,NA,0.7,0.15,0.1,1,1,2,0,"start","random",25,2401,49,1,1,2499,129,1
58,548,50,NA,0.7,0.15,0.1,1,1,2,0,"start","random",26,1301,27,1,1,2499,370,1
58,548,50,NA,0.7,0.15,0.1,1,1,2,0,"start","random",27,1510,31,10,1,2499,635,1
58,548,50,NA,0.7,0.15,0.1,1,1,2,0,"start","random",27,1510,31,10,1,2499,643,1
58,548,50,NA,0.7,0.15,0.1,1,1,2,0,"start","random",27,1510,31,10,1,2499,698,1
58,548,50,NA,0.7,0.15,0.1,1,1,2,0,"start","random",27,1510,31,10,1,2499,709,1
58,548,50,NA,0.7,0.15,0.1,1,1,2,0,"start","random",28,18,1,18,1,2499,NA,NA
58,548,50,NA,0.7,0.15,0.1,1,1,2,0,"start","random",29,1504,31,4,1,2499,NA,NA
58,548,50,NA,0.7,0.15,0.1,1,1,2,0,"start","random",30,1270,26,20,1,2499,836,1
58,548,50,NA,0.7,0.15,0.1,1,1,2,0,"start","random",30,1270,26,20,1,2499,867,1
58,548,50,NA,0.7,0.15,0.1,1,1,2,0,"start","random",30,1270,26,20,1,2499,885,1
58,548,50,NA,0.7,0.15,0.1,1,1,2,0,"start","random",30,1270,26,20,1,2499,890,1
58,548,50,NA,0.7,0.15,0.1,1,1,2,0,"start","random",30,1270,26,20,1,2499,892,1
58,548,50,NA,0.7,0.15,0.1,1,1,2,0,"start","random",30,1270,26,20,1,2499,938,1
58,548,50,NA,0.7,0.15,0.1,1,1,2,0,"start","random",30,1270,26,20,1,2499,953,1
58,548,50,NA,0.7,0.15,0.1,1,1,2,0,"start","random",30,1270,26,20,1,2499,958,1
58,548,50,NA,0.7,0.15,0.1,1,1,2,40,"pre_fragmentation","random",1,163,4,13,1,2499,22,1
58,548,50,NA,0.7,0.15,0.1,1,1,2,40,"pre_fragmentation","random",1,163,4,13,1,2499,31,1
58,548,50,NA,0.7,0.15,0.1,1,1,2,40,"pre_fragmentation","random",1,163,4,13,1,2499,49,2
58,548,50,NA,0.7,0.15,0.1,1,1,2,40,"pre_fragmentation","random",1,163,4,13,1,2499,62,2
58,548,50,NA,0.7,0.15,0.1,1,1,2,40,"pre_fragmentation","random",1,163,4,13,1,2499,64,1
58,548,50,NA,0.7,0.15,0.1,1,1,2,40,"pre_fragmentation","random",1,163,4,13,1,2499,68,1
58,548,50,NA,0.7,0.15,0.1,1,1,2,40,"pre_fragmentation","random",1,163,4,13,1,2499,75,5
58,548,50,NA,0.7,0.15,0.1,1,1,2,40,"pre_fragmentation","random",1,163,4,13,1,2499,76,1
58,548,50,NA,0.7,0.15,0.1,1,1,2,40,"pre_fragmentation","random",1,163,4,13,1,2499,83,1
58,548,50,NA,0.7,0.15,0.1,1,1,2,40,"pre_fragmentation","random",1,163,4,13,1,2499,93,1
58,548,50,NA,0.7,0.15,0.1,1,1,2,40,"pre_fragmentation","random",1,163,4,13,1,2499,100,2
58,548,50,NA,0.7,0.15,0.1,1,1,2,40,"pre_fragmentation","random",1,163,4,13,1,2499,109,1
58,548,50,NA,0.7,0.15,0.1,1,1,2,40,"pre_fragmentation","random",1,163,4,13,1,2499,113,1
58,548,50,NA,0.7,0.15,0.1,1,1,2,40,"pre_fragmentation","random",1,163,4,13,1,2499,116,1
58,548,50,NA,0.7,0.15,0.1,1,1,2,40,"pre_fragmentation","random",1,163,4,13,1,2499,117,1
58,548,50,NA,0.7,0.15,0.1,1,1,2,40,"pre_fragmentation","random",1,163,4,13,1,2499,122,1
58,548,50,NA,0.7,0.15,0.1,1,1,2,40,"pre_fragmentation","random",1,163,4,13,1,2499,124,1
58,548,50,NA,0.7,0.15,0.1,1,1,2,40,"pre_fragmentation","random",1,163,4,13,1,2499,133,2
58,548,50,NA,0.7,0.15,0.1,1,1,2,40,"pre_fragmentation","random",1,163,4,13,1,2499,138,1
58,548,50,NA,0.7,0.15,0.1,1,1,2,40,"pre_fragmentation","random",1,163,4,13,1,2499,141,2
58,548,50,NA,0.7,0.15,0.1,1,1,2,40,"pre_fragmentation","random",1,163,4,13,1,2499,146,1
58,548,50,NA,0.7,0.15,0.1,1,1,2,40,"pre_fragmentation","random",1,163,4,13,1,2499,150,1
58,548,50,NA,0.7,0.15,0.1,1,1,2,40,"pre_fragmentation","random",1,163,4,13,1,2499,157,1
58,548,50,NA,0.7,0.15,0.1,1,1,2,40,"pre_fragmentation","random",1,163,4,13,1,2499,164,4
58,548,50,NA,0.7,0.15,0.1,1,1,2,40,"pre_fragmentation","random",1,163,4,13,1,2499,166,1
58,548,50,NA,0.7,0.15,0.1,1,1,2,40,"pre_fragmentation","random",1,163,4,13,1,2499,173,1
58,548,50,NA,0.7,0.15,0.1,1,1,2,40,"pre_fragmentation","random",1,163,4,13,1,2499,179,1
58,548,50,NA,0.7,0.15,0.1,1,1,2,40,"pre_fragmentation","random",1,163,4,13,1,2499,206,1
58,548,50,NA,0.7,0.15,0.1,1,1,2,40,"pre_fragmentation","random",1,163,4,13,1,2499,224,1
58,548,50,NA,0.7,0.15,0.1,1,1,2,40,"pre_fragmentation","random",1,163,4,13,1,2499,312,1
58,548,50,NA,0.7,0.15,0.1,1,1,2,40,"pre_fragmentation","random",2,989,20,39,1,2499,98,1
58,548,50,NA,0.7,0.15,0.1,1,1,2,40,"pre_fragmentation","random",2,989,20,39,1,2499,117,1
58,548,50,NA,0.7,0.15,0.1,1,1,2,40,"pre_fragmentation","random",2,989,20,39,1,2499,168,1
58,548,50,NA,0.7,0.15,0.1,1,1,2,40,"pre_fragmentation","random",2,989,20,39,1,2499,185,2
58,548,50,NA,0.7,0.15,0.1,1,1,2,40,"pre_fragmentation","random",2,989,20,39,1,2499,188,1
58,548,50,NA,0.7,0.15,0.1,1,1,2,40,"pre_fragmentation","random",2,989,20,39,1,2499,193,2
58,548,50,NA,0.7,0.15,0.1,1,1,2,40,"pre_fragmentation","random",2,989,20,39,1,2499,199,3
58,548,50,NA,0.7,0.15,0.1,1,1,2,40,"pre_fragmentation","random",2,989,20,39,1,2499,201,1
58,548,50,NA,0.7,0.15,0.1,1,1,2,40,"pre_fragmentation","random",2,989,20,39,1,2499,206,1
58,548,50,NA,0.7,0.15,0.1,1,1,2,40,"pre_fragmentation","random",2,989,20,39,1,2499,212,1
58,548,50,NA,0.7,0.15,0.1,1,1,2,40,"pre_fragmentation","random",2,989,20,39,1,2499,223,1
58,548,50,NA,0.7,0.15,0.1,1,1,2,40,"pre_fragmentation","random",2,989,20,39,1,2499,226,1
58,548,50,NA,0.7,0.15,0.1,1,1,2,40,"pre_fragmentation","random",2,989,20,39,1,2499,228,1
58,548,50,NA,0.7,0.15,0.1,1,1,2,40,"pre_fragmentation","random",2,989,20,39,1,2499,232,1
58,548,50,NA,0.7,0.15,0.1,1,1,2,40,"pre_fragmentation","random",2,989,20,39,1,2499,239,1
58,548,50,NA,0.7,0.15,0.1,1,1,2,40,"pre_fragmentation","random",2,989,20,39,1,2499,241,1
58,548,50,NA,0.7,0.15,0.1,1,1,2,40,"pre_fragmentation","random",2,989,20,39,1,2499,243,3
58,548,50,NA,0.7,0.15,0.1,1,1,2,40,"pre_fragmentation","random",2,989,20,39,1,2499,244,1
58,548,50,NA,0.7,0.15,0.1,1,1,2,40,"pre_fragmentation","random",2,989,20,39,1,2499,253,3
58,548,50,NA,0.7,0.15,0.1,1,1,2,40,"pre_fragmentation","random",2,989,20,39,1,2499,257,2
58,548,50,NA,0.7,0.15,0.1,1,1,2,40,"pre_fragmentation","random",2,989,20,39,1,2499,259,2
58,548,50,NA,0.7,0.15,0.1,1,1,2,40,"pre_fragmentation","random",2,989,20,39,1,2499,273,1
58,548,50,NA,0.7,0.15,0.1,1,1,2,40,"pre_fragmentation","random",2,989,20,39,1,2499,278,2
58,548,50,NA,0.7,0.15,0.1,1,1,2,40,"pre_fragmentation","random",2,989,20,39,1,2499,293,2
58,548,50,NA,0.7,0.15,0.1,1,1,2,40,"pre_fragmentation","random",2,989,20,39,1,2499,314,1
58,548,50,NA,0.7,0.15,0.1,1,1,2,40,"pre_fragmentation","random",2,989,20,39,1,2499,327,1
58,548,50,NA,0.7,0.15,0.1,1,1,2,40,"pre_fragmentation","random",2,989,20,39,1,2499,351,1
58,548,50,NA,0.7,0.15,0.1,1,1,2,40,"pre_fragmentation","random",2,989,20,39,1,2499,371,1
58,548,50,NA,0.7,0.15,0.1,1,1,2,40,"pre_fragmentation","random",2,989,20,39,1,2499,498,1
58,548,50,NA,0.7,0.15,0.1,1,1,2,40,"pre_fragmentation","random",3,2156,44,6,1,2499,166,1
58,548,50,NA,0.7,0.15,0.1,1,1,2,40,"pre_fragmentation","random",3,2156,44,6,1,2499,177,1
58,548,50,NA,0.7,0.15,0.1,1,1,2,40,"pre_fragmentation","random",3,2156,44,6,1,2499,188,1
58,548,50,NA,0.7,0.15,0.1,1,1,2,40,"pre_fragmentation","random",3,2156,44,6,1,2499,212,1
58,548,50,NA,0.7,0.15,0.1,1,1,2,40,"pre_fragmentation","random",3,2156,44,6,1,2499,231,1
58,548,50,NA,0.7,0.15,0.1,1,1,2,40,"pre_fragmentation","random",3,2156,44,6,1,2499,236,1
58,548,50,NA,0.7,0.15,0.1,1,1,2,40,"pre_fragmentation","random",3,2156,44,6,1,2499,237,2
58,548,50,NA,0.7,0.15,0.1,1,1,2,40,"pre_fragmentation","random",3,2156,44,6,1,2499,244,1
58,548,50,NA,0.7,0.15,0.1,1,1,2,40,"pre_fragmentation","random",3,2156,44,6,1,2499,254,1
58,548,50,NA,0.7,0.15,0.1,1,1,2,40,"pre_fragmentation","random",3,2156,44,6,1,2499,259,1
58,548,50,NA,0.7,0.15,0.1,1,1,2,40,"pre_fragmentation","random",3,2156,44,6,1,2499,262,2
58,548,50,NA,0.7,0.15,0.1,1,1,2,40,"pre_fragmentation","random",3,2156,44,6,1,2499,266,1
58,548,50,NA,0.7,0.15,0.1,1,1,2,40,"pre_fragmentation","random",3,2156,44,6,1,2499,280,1
58,548,50,NA,0.7,0.15,0.1,1,1,2,40,"pre_fragmentation","random",3,2156,44,6,1,2499,282,2
58,548,50,NA,0.7,0.15,0.1,1,1,2,40,"pre_fragmentation","random",3,2156,44,6,1,2499,290,1
58,548,50,NA,0.7,0.15,0.1,1,1,2,40,"pre_fragmentation","random",3,2156,44,6,1,2499,294,3
58,548,50,NA,0.7,0.15,0.1,1,1,2,40,"pre_fragmentation","random",3,2156,44,6,1,2499,297,1
58,548,50,NA,0.7,0.15,0.1,1,1,2,40,"pre_fragmentation","random",3,2156,44,6,1,2499,312,1
58,548,50,NA,0.7,0.15,0.1,1,1,2,40,"pre_fragmentation","random",3,2156,44,6,1,2499,320,1
58,548,50,NA,0.7,0.15,0.1,1,1,2,40,"pre_fragmentation","random",3,2156,44,6,1,2499,342,1
58,548,50,NA,0.7,0.15,0.1,1,1,2,40,"pre_fragmentation","random",3,2156,44,6,1,2499,344,4
58,548,50,NA,0.7,0.15,0.1,1,1,2,40,"pre_fragmentation","random",3,2156,44,6,1,2499,351,1
58,548,50,NA,0.7,0.15,0.1,1,1,2,40,"pre_fragmentation","random",3,2156,44,6,1,2499,352,1
58,548,50,NA,0.7,0.15,0.1,1,1,2,40,"pre_fragmentation","random",3,2156,44,6,1,2499,359,1
58,548,50,NA,0.7,0.15,0.1,1,1,2,40,"pre_fragmentation","random",3,2156,44,6,1,2499,363,2
58,548,50,NA,0.7,0.15,0.1,1,1,2,40,"pre_fragmentation","random",3,2156,44,6,1,2499,364,1
58,548,50,NA,0.7,0.15,0.1,1,1,2,40,"pre_fragmentation","random",3,2156,44,6,1,2499,375,1
58,548,50,NA,0.7,0.15,0.1,1,1,2,40,"pre_fragmentation","random",3,2156,44,6,1,2499,381,2
58,548,50,NA,0.7,0.15,0.1,1,1,2,40,"pre_fragmentation","random",3,2156,44,6,1,2499,429,1
58,548,50,NA,0.7,0.15,0.1,1,1,2,40,"pre_fragmentation","random",3,2156,44,6,1,2499,442,1
58,548,50,NA,0.7,0.15,0.1,1,1,2,40,"pre_fragmentation","random",4,701,15,1,1,2499,258,1
58,548,50,NA,0.7,0.15,0.1,1,1,2,40,"pre_fragmentation","random",4,701,15,1,1,2499,275,2
58,548,50,NA,0.7,0.15,0.1,1,1,2,40,"pre_fragmentation","random",4,701,15,1,1,2499,276,1
58,548,50,NA,0.7,0.15,0.1,1,1,2,40,"pre_fragmentation","random",4,701,15,1,1,2499,286,2
58,548,50,NA,0.7,0.15,0.1,1,1,2,40,"pre_fragmentation","random",4,701,15,1,1,2499,304,1
58,548,50,NA,0.7,0.15,0.1,1,1,2,40,"pre_fragmentation","random",4,701,15,1,1,2499,306,1
58,548,50,NA,0.7,0.15,0.1,1,1,2,40,"pre_fragmentation","random",4,701,15,1,1,2499,317,3
58,548,50,NA,0.7,0.15,0.1,1,1,2,40,"pre_fragmentation","random",4,701,15,1,1,2499,320,1
58,548,50,NA,0.7,0.15,0.1,1,1,2,40,"pre_fragmentation","random",4,701,15,1,1,2499,325,2
58,548,50,NA,0.7,0.15,0.1,1,1,2,40,"pre_fragmentation","random",4,701,15,1,1,2499,328,2
58,548,50,NA,0.7,0.15,0.1,1,1,2,40,"pre_fragmentation","random",4,701,15,1,1,2499,332,1
58,548,50,NA,0.7,0.15,0.1,1,1,2,40,"pre_fragmentation","random",4,701,15,1,1,2499,337,1
58,548,50,NA,0.7,0.15,0.1,1,1,2,40,"pre_fragmentation","random",4,701,15,1,1,2499,338,3
58,548,50,NA,0.7,0.15,0.1,1,1,2,40,"pre_fragmentation","random",4,701,15,1,1,2499,340,3
58,548,50,NA,0.7,0.15,0.1,1,1,2,40,"pre_fragmentation","random",4,701,15,1,1,2499,353,1
58,548,50,NA,0.7,0.15,0.1,1,1,2,40,"pre_fragmentation","random",4,701,15,1,1,2499,373,2
58,548,50,NA,0.7,0.15,0.1,1,1,2,40,"pre_fragmentation","random",4,701,15,1,1,2499,379,3
58,548,50,NA,0.7,0.15,0.1,1,1,2,40,"pre_fragmentation","random",4,701,15,1,1,2499,394,1
58,548,50,NA,0.7,0.15,0.1,1,1,2,40,"pre_fragmentation","random",4,701,15,1,1,2499,399,5
58,548,50,NA,0.7,0.15,0.1,1,1,2,40,"pre_fragmentation","random",4,701,15,1,1,2499,400,2
58,548,50,NA,0.7,0.15,0.1,1,1,2,40,"pre_fragmentation","random",4,701,15,1,1,2499,416,1
58,548,50,NA,0.7,0.15,0.1,1,1,2,40,"pre_fragmentation","random",4,701,15,1,1,2499,422,1
58,548,50,NA,0.7,0.15,0.1,1,1,2,40,"pre_fragmentation","random",4,701,15,1,1,2499,459,2
58,548,50,NA,0.7,0.15,0.1,1,1,2,40,"pre_fragmentation","random",5,1063,22,13,1,2499,352,1
58,548,50,NA,0.7,0.15,0.1,1,1,2,40,"pre_fragmentation","random",5,1063,22,13,1,2499,374,1
58,548,50,NA,0.7,0.15,0.1,1,1,2,40,"pre_fragmentation","random",5,1063,22,13,1,2499,403,1
58,548,50,NA,0.7,0.15,0.1,1,1,2,40,"pre_fragmentation","random",5,1063,22,13,1,2499,451,1
58,548,50,NA,0.7,0.15,0.1,1,1,2,40,"pre_fragmentation","random",5,1063,22,13,1,2499,459,1
58,548,50,NA,0.7,0.15,0.1,1,1,2,40,"pre_fragmentation","random",5,1063,22,13,1,2499,469,1
58,548,50,NA,0.7,0.15,0.1,1,1,2,40,"pre_fragmentation","random",5,1063,22,13,1,2499,473,1
58,548,50,NA,0.7,0.15,0.1,1,1,2,40,"pre_fragmentation","random",5,1063,22,13,1,2499,478,2
58,548,50,NA,0.7,0.15,0.1,1,1,2,40,"pre_fragmentation","random",5,1063,22,13,1,2499,482,1
58,548,50,NA,0.7,0.15,0.1,1,1,2,40,"pre_fragmentation","random",5,1063,22,13,1,2499,497,1
58,548,50,NA,0.7,0.15,0.1,1,1,2,40,"pre_fragmentation","random",5,1063,22,13,1,2499,519,1
58,548,50,NA,0.7,0.15,0.1,1,1,2,40,"pre_fragmentation","random",5,1063,22,13,1,2499,530,3
58,548,50,NA,0.7,0.15,0.1,1,1,2,40,"pre_fragmentation","random",5,1063,22,13,1,2499,541,1
58,548,50,NA,0.7,0.15,0.1,1,1,2,40,"pre_fragmentation","random",5,1063,22,13,1,2499,548,1
58,548,50,NA,0.7,0.15,0.1,1,1,2,40,"pre_fragmentation","random",5,1063,22,13,1,2499,551,2
58,548,50,NA,0.7,0.15,0.1,1,1,2,40,"pre_fragmentation","random",5,1063,22,13,1,2499,557,2
58,548,50,NA,0.7,0.15,0.1,1,1,2,40,"pre_fragmentation","random",5,1063,22,13,1,2499,559,2
58,548,50,NA,0.7,0.15,0.1,1,1,2,40,"pre_fragmentation","random",5,1063,22,13,1,2499,570,2
58,548,50,NA,0.7,0.15,0.1,1,1,2,40,"pre_fragmentation","random",5,1063,22,13,1,2499,580,1
58,548,50,NA,0.7,0.15,0.1,1,1,2,40,"pre_fragmentation","random",5,1063,22,13,1,2499,581,1
58,548,50,NA,0.7,0.15,0.1,1,1,2,40,"pre_fragmentation","random",5,1063,22,13,1,2499,583,1
58,548,50,NA,0.7,0.15,0.1,1,1,2,40,"pre_fragmentation","random",5,1063,22,13,1,2499,587,2
58,548,50,NA,0.7,0.15,0.1,1,1,2,40,"pre_fragmentation","random",5,1063,22,13,1,2499,592,1
58,548,50,NA,0.7,0.15,0.1,1,1,2,40,"pre_fragmentation","random",5,1063,22,13,1,2499,593,2
58,548,50,NA,0.7,0.15,0.1,1,1,2,40,"pre_fragmentation","random",5,1063,22,13,1,2499,594,1
58,548,50,NA,0.7,0.15,0.1,1,1,2,40,"pre_fragmentation","random",5,1063,22,13,1,2499,596,2
58,548,50,NA,0.7,0.15,0.1,1,1,2,40,"pre_fragmentation","random",5,1063,22,13,1,2499,645,2
58,548,50,NA,0.7,0.15,0.1,1,1,2,40,"pre_fragmentation","random",5,1063,22,13,1,2499,656,2
58,548,50,NA,0.7,0.15,0.1,1,1,2,40,"pre_fragmentation","random",5,1063,22,13,1,2499,688,1
58,548,50,NA,0.7,0.15,0.1,1,1,2,40,"pre_fragmentation","random",5,1063,22,13,1,2499,694,2
58,548,50,NA,0.7,0.15,0.1,1,1,2,40,"pre_fragmentation","random",5,1063,22,13,1,2499,735,1
58,548,50,NA,0.7,0.15,0.1,1,1,2,40,"pre_fragmentation","random",6,546,11,46,1,2499,149,1
58,548,50,NA,0.7,0.15,0.1,1,1,2,40,"pre_fragmentation","random",6,546,11,46,1,2499,179,1
58,548,50,NA,0.7,0.15,0.1,1,1,2,40,"pre_fragmentation","random",6,546,11,46,1,2499,187,1
58,548,50,NA,0.7,0.15,0.1,1,1,2,40,"pre_fragmentation","random",6,546,11,46,1,2499,204,1
58,548,50,NA,0.7,0.15,0.1,1,1,2,40,"pre_fragmentation","random",6,546,11,46,1,2499,226,1
58,548,50,NA,0.7,0.15,0.1,1,1,2,40,"pre_fragmentation","random",6,546,11,46,1,2499,232,3
58,548,50,NA,0.7,0.15,0.1,1,1,2,40,"pre_fragmentation","random",6,546,11,46,1,2499,243,2
58,548,50,NA,0.7,0.15,0.1,1,1,2,40,"pre_fragmentation","random",6,546,11,46,1,2499,256,1
58,548,50,NA,0.7,0.15,0.1,1,1,2,40,"pre_fragmentation","random",6,546,11,46,1,2499,258,1
58,548,50,NA,0.7,0.15,0.1,1,1,2,40,"pre_fragmentation","random",6,546,11,46,1,2499,267,2
58,548,50,NA,0.7,0.15,0.1,1,1,2,40,"pre_fragmentation","random",6,546,11,46,1,2499,271,1
58,548,50,NA,0.7,0.15,0.1,1,1,2,40,"pre_fragmentation","random",6,546,11,46,1,2499,275,2
58,548,50,NA,0.7,0.15,0.1,1,1,2,40,"pre_fragmentation","random",6,546,11,46,1,2499,283,2
58,548,50,NA,0.7,0.15,0.1,1,1,2,40,"pre_fragmentation","random",6,546,11,46,1,2499,288,1
58,548,50,NA,0.7,0.15,0.1,1,1,2,40,"pre_fragmentation","random",6,546,11,46,1,2499,296,2
58,548,50,NA,0.7,0.15,0.1,1,1,2,40,"pre_fragmentation","random",6,546,11,46,1,2499,297,1
58,548,50,NA,0.7,0.15,0.1,1,1,2,40,"pre_fragmentation","random",6,546,11,46,1,2499,301,1
58,548,50,NA,0.7,0.15,0.1,1,1,2,40,"pre_fragmentation","random",6,546,11,46,1,2499,306,4
58,548,50,NA,0.7,0.15,0.1,1,1,2,40,"pre_fragmentation","random",6,546,11,46,1,2499,313,1
58,548,50,NA,0.7,0.15,0.1,1,1,2,40,"pre_fragmentation","random",6,546,11,46,1,2499,325,3
58,548,50,NA,0.7,0.15,0.1,1,1,2,40,"pre_fragmentation","random",6,546,11,46,1,2499,328,1
58,548,50,NA,0.7,0.15,0.1,1,1,2,40,"pre_fragmentation","random",6,546,11,46,1,2499,338,1
58,548,50,NA,0.7,0.15,0.1,1,1,2,40,"pre_fragmentation","random",6,546,11,46,1,2499,354,2
58,548,50,NA,0.7,0.15,0.1,1,1,2,40,"pre_fragmentation","random",6,546,11,46,1,2499,362,5
58,548,50,NA,0.7,0.15,0.1,1,1,2,40,"pre_fragmentation","random",7,1365,28,15,1,2499,766,1
58,548,50,NA,0.7,0.15,0.1,1,1,2,40,"pre_fragmentation","random",7,1365,28,15,1,2499,791,1
58,548,50,NA,0.7,0.15,0.1,1,1,2,40,"pre_fragmentation","random",7,1365,28,15,1,2499,792,1
58,548,50,NA,0.7,0.15,0.1,1,1,2,40,"pre_fragmentation","random",7,1365,28,15,1,2499,812,2
58,548,50,NA,0.7,0.15,0.1,1,1,2,40,"pre_fragmentation","random",7,1365,28,15,1,2499,814,2
58,548,50,NA,0.7,0.15,0.1,1,1,2,40,"pre_fragmentation","random",7,1365,28,15,1,2499,826,1
58,548,50,NA,0.7,0.15,0.1,1,1,2,40,"pre_fragmentation","random",7,1365,28,15,1,2499,831,1
58,548,50,NA,0.7,0.15,0.1,1,1,2,40,"pre_fragmentation","random",7,1365,28,15,1,2499,844,1
58,548,50,NA,0.7,0.15,0.1,1,1,2,40,"pre_fragmentation","random",7,1365,28,15,1,2499,845,1
58,548,50,NA,0.7,0.15,0.1,1,1,2,40,"pre_fragmentation","random",7,1365,28,15,1,2499,867,1
58,548,50,NA,0.7,0.15,0.1,1,1,2,40,"pre_fragmentation","random",7,1365,28,15,1,2499,891,1
58,548,50,NA,0.7,0.15,0.1,1,1,2,40,"pre_fragmentation","random",7,1365,28,15,1,2499,896,2
58,548,50,NA,0.7,0.15,0.1,1,1,2,40,"pre_fragmentation","random",7,1365,28,15,1,2499,900,1
58,548,50,NA,0.7,0.15,0.1,1,1,2,40,"pre_fragmentation","random",7,1365,28,15,1,2499,915,1
58,548,50,NA,0.7,0.15,0.1,1,1,2,40,"pre_fragmentation","random",7,1365,28,15,1,2499,917,1
58,548,50,NA,0.7,0.15,0.1,1,1,2,40,"pre_fragmentation","random",7,1365,28,15,1,2499,919,1
58,548,50,NA,0.7,0.15,0.1,1,1,2,40,"pre_fragmentation","random",7,1365,28,15,1,2499,920,2
58,548,50,NA,0.7,0.15,0.1,1,1,2,40,"pre_fragmentation","random",7,1365,28,15,1,2499,924,1
58,548,50,NA,0.7,0.15,0.1,1,1,2,40,"pre_fragmentation","random",7,1365,28,15,1,2499,927,3
58,548,50,NA,0.7,0.15,0.1,1,1,2,40,"pre_fragmentation","random",7,1365,28,15,1,2499,939,1
58,548,50,NA,0.7,0.15,0.1,1,1,2,40,"pre_fragmentation","random",7,1365,28,15,1,2499,948,4
58,548,50,NA,0.7,0.15,0.1,1,1,2,40,"pre_fragmentation","random",7,1365,28,15,1,2499,950,2
58,548,50,NA,0.7,0.15,0.1,1,1,2,40,"pre_fragmentation","random",7,1365,28,15,1,2499,957,1
58,548,50,NA,0.7,0.15,0.1,1,1,2,40,"pre_fragmentation","random",7,1365,28,15,1,2499,965,1
58,548,50,NA,0.7,0.15,0.1,1,1,2,40,"pre_fragmentation","random",7,1365,28,15,1,2499,980,2
58,548,50,NA,0.7,0.15,0.1,1,1,2,40,"pre_fragmentation","random",7,1365,28,15,1,2499,982,1
58,548,50,NA,0.7,0.15,0.1,1,1,2,40,"pre_fragmentation","random",7,1365,28,15,1,2499,997,1
58,548,50,NA,0.7,0.15,0.1,1,1,2,40,"pre_fragmentation","random",8,377,8,27,1,2499,136,1
58,548,50,NA,0.7,0.15,0.1,1,1,2,40,"pre_fragmentation","random",8,377,8,27,1,2499,204,1
58,548,50,NA,0.7,0.15,0.1,1,1,2,40,"pre_fragmentation","random",8,377,8,27,1,2499,220,1
58,548,50,NA,0.7,0.15,0.1,1,1,2,40,"pre_fragmentation","random",8,377,8,27,1,2499,232,1
58,548,50,NA,0.7,0.15,0.1,1,1,2,40,"pre_fragmentation","random",8,377,8,27,1,2499,236,2
58,548,50,NA,0.7,0.15,0.1,1,1,2,40,"pre_fragmentation","random",8,377,8,27,1,2499,245,2
58,548,50,NA,0.7,0.15,0.1,1,1,2,40,"pre_fragmentation","random",8,377,8,27,1,2499,246,1
58,548,50,NA,0.7,0.15,0.1,1,1,2,40,"pre_fragmentation","random",8,377,8,27,1,2499,249,1
58,548,50,NA,0.7,0.15,0.1,1,1,2,40,"pre_fragmentation","random",8,377,8,27,1,2499,261,1
58,548,50,NA,0.7,0.15,0.1,1,1,2,40,"pre_fragmentation","random",8,377,8,27,1,2499,270,1
58,548,50,NA,0.7,0.15,0.1,1,1,2,40,"pre_fragmentation","random",8,377,8,27,1,2499,275,1
58,548,50,NA,0.7,0.15,0.1,1,1,2,40,"pre_fragmentation","random",8,377,8,27,1,2499,282,5
58,548,50,NA,0.7,0.15,0.1,1,1,2,40,"pre_fragmentation","random",8,377,8,27,1,2499,288,1
58,548,50,NA,0.7,0.15,0.1,1,1,2,40,"pre_fragmentation","random",8,377,8,27,1,2499,292,3
58,548,50,NA,0.7,0.15,0.1,1,1,2,40,"pre_fragmentation","random",8,377,8,27,1,2499,299,2
58,548,50,NA,0.7,0.15,0.1,1,1,2,40,"pre_fragmentation","random",8,377,8,27,1,2499,302,1
58,548,50,NA,0.7,0.15,0.1,1,1,2,40,"pre_fragmentation","random",8,377,8,27,1,2499,309,1
58,548,50,NA,0.7,0.15,0.1,1,1,2,40,"pre_fragmentation","random",8,377,8,27,1,2499,312,1
58,548,50,NA,0.7,0.15,0.1,1,1,2,40,"pre_fragmentation","random",8,377,8,27,1,2499,320,3
58,548,50,NA,0.7,0.15,0.1,1,1,2,40,"pre_fragmentation","random",8,377,8,27,1,2499,325,1
58,548,50,NA,0.7,0.15,0.1,1,1,2,40,"pre_fragmentation","random",8,377,8,27,1,2499,333,2
58,548,50,NA,0.7,0.15,0.1,1,1,2,40,"pre_fragmentation","random",8,377,8,27,1,2499,348,1
58,548,50,NA,0.7,0.15,0.1,1,1,2,40,"pre_fragmentation","random",8,377,8,27,1,2499,353,1
58,548,50,NA,0.7,0.15,0.1,1,1,2,40,"pre_fragmentation","random",8,377,8,27,1,2499,369,1
58,548,50,NA,0.7,0.15,0.1,1,1,2,40,"pre_fragmentation","random",8,377,8,27,1,2499,396,1
58,548,50,NA,0.7,0.15,0.1,1,1,2,40,"pre_fragmentation","random",8,377,8,27,1,2499,427,1
58,548,50,NA,0.7,0.15,0.1,1,1,2,40,"pre_fragmentation","random",9,1361,28,11,1,2499,580,1
58,548,50,NA,0.7,0.15,0.1,1,1,2,40,"pre_fragmentation","random",9,1361,28,11,1,2499,582,1
58,548,50,NA,0.7,0.15,0.1,1,1,2,40,"pre_fragmentation","random",9,1361,28,11,1,2499,583,1
58,548,50,NA,0.7,0.15,0.1,1,1,2,40,"pre_fragmentation","random",9,1361,28,11,1,2499,588,1
58,548,50,NA,0.7,0.15,0.1,1,1,2,40,"pre_fragmentation","random",9,1361,28,11,1,2499,604,1
58,548,50,NA,0.7,0.15,0.1,1,1,2,40,"pre_fragmentation","random",9,1361,28,11,1,2499,609,1
58,548,50,NA,0.7,0.15,0.1,1,1,2,40,"pre_fragmentation","random",9,1361,28,11,1,2499,630,1
58,548,50,NA,0.7,0.15,0.1,1,1,2,40,"pre_fragmentation","random",9,1361,28,11,1,2499,647,1
58,548,50,NA,0.7,0.15,0.1,1,1,2,40,"pre_fragmentation","random",9,1361,28,11,1,2499,650,4
58,548,50,NA,0.7,0.15,0.1,1,1,2,40,"pre_fragmentation","random",9,1361,28,11,1,2499,659,1
58,548,50,NA,0.7,0.15,0.1,1,1,2,40,"pre_fragmentation","random",9,1361,28,11,1,2499,681,1
58,548,50,NA,0.7,0.15,0.1,1,1,2,40,"pre_fragmentation","random",9,1361,28,11,1,2499,688,3
58,548,50,NA,0.7,0.15,0.1,1,1,2,40,"pre_fragmentation","random",9,1361,28,11,1,2499,717,2
58,548,50,NA,0.7,0.15,0.1,1,1,2,40,"pre_fragmentation","random",9,1361,28,11,1,2499,724,5
58,548,50,NA,0.7,0.15,0.1,1,1,2,40,"pre_fragmentation","random",9,1361,28,11,1,2499,735,1
58,548,50,NA,0.7,0.15,0.1,1,1,2,40,"pre_fragmentation","random",9,1361,28,11,1,2499,747,3
58,548,50,NA,0.7,0.15,0.1,1,1,2,40,"pre_fragmentation","random",9,1361,28,11,1,2499,753,1
58,548,50,NA,0.7,0.15,0.1,1,1,2,40,"pre_fragmentation","random",9,1361,28,11,1,2499,760,1
58,548,50,NA,0.7,0.15,0.1,1,1,2,40,"pre_fragmentation","random",9,1361,28,11,1,2499,766,1
58,548,50,NA,0.7,0.15,0.1,1,1,2,40,"pre_fragmentation","random",9,1361,28,11,1,2499,768,2
58,548,50,NA,0.7,0.15,0.1,1,1,2,40,"pre_fragmentation","random",9,1361,28,11,1,2499,774,1
58,548,50,NA,0.7,0.15,0.1,1,1,2,40,"pre_fragmentation","random",9,1361,28,11,1,2499,784,2
58,548,50,NA,0.7,0.15,0.1,1,1,2,40,"pre_fragmentation","random",9,1361,28,11,1,2499,792,1
58,548,50,NA,0.7,0.15,0.1,1,1,2,40,"pre_fragmentation","random",9,1361,28,11,1,2499,794,1
58,548,50,NA,0.7,0.15,0.1,1,1,2,40,"pre_fragmentation","random",9,1361,28,11,1,2499,802,1
58,548,50,NA,0.7,0.15,0.1,1,1,2,40,"pre_fragmentation","random",9,1361,28,11,1,2499,833,2
58,548,50,NA,0.7,0.15,0.1,1,1,2,40,"pre_fragmentation","random",10,46,1,46,1,2499,41,1
58,548,50,NA,0.7,0.15,0.1,1,1,2,40,"pre_fragmentation","random",10,46,1,46,1,2499,50,1
58,548,50,NA,0.7,0.15,0.1,1,1,2,40,"pre_fragmentation","random",10,46,1,46,1,2499,56,1
58,548,50,NA,0.7,0.15,0.1,1,1,2,40,"pre_fragmentation","random",10,46,1,46,1,2499,63,1
58,548,50,NA,0.7,0.15,0.1,1,1,2,40,"pre_fragmentation","random",10,46,1,46,1,2499,78,3
58,548,50,NA,0.7,0.15,0.1,1,1,2,40,"pre_fragmentation","random",10,46,1,46,1,2499,79,1
58,548,50,NA,0.7,0.15,0.1,1,1,2,40,"pre_fragmentation","random",10,46,1,46,1,2499,86,1
58,548,50,NA,0.7,0.15,0.1,1,1,2,40,"pre_fragmentation","random",10,46,1,46,1,2499,101,1
58,548,50,NA,0.7,0.15,0.1,1,1,2,40,"pre_fragmentation","random",10,46,1,46,1,2499,105,1
58,548,50,NA,0.7,0.15,0.1,1,1,2,40,"pre_fragmentation","random",10,46,1,46,1,2499,108,1
58,548,50,NA,0.7,0.15,0.1,1,1,2,40,"pre_fragmentation","random",10,46,1,46,1,2499,115,1
58,548,50,NA,0.7,0.15,0.1,1,1,2,40,"pre_fragmentation","random",10,46,1,46,1,2499,116,1
58,548,50,NA,0.7,0.15,0.1,1,1,2,40,"pre_fragmentation","random",10,46,1,46,1,2499,118,1
58,548,50,NA,0.7,0.15,0.1,1,1,2,40,"pre_fragmentation","random",10,46,1,46,1,2499,119,1
58,548,50,NA,0.7,0.15,0.1,1,1,2,40,"pre_fragmentation","random",10,46,1,46,1,2499,122,1
58,548,50,NA,0.7,0.15,0.1,1,1,2,40,"pre_fragmentation","random",10,46,1,46,1,2499,133,1
58,548,50,NA,0.7,0.15,0.1,1,1,2,40,"pre_fragmentation","random",10,46,1,46,1,2499,137,1
58,548,50,NA,0.7,0.15,0.1,1,1,2,40,"pre_fragmentation","random",10,46,1,46,1,2499,139,1
58,548,50,NA,0.7,0.15,0.1,1,1,2,40,"pre_fragmentation","random",10,46,1,46,1,2499,141,1
58,548,50,NA,0.7,0.15,0.1,1,1,2,40,"pre_fragmentation","random",10,46,1,46,1,2499,151,2
58,548,50,NA,0.7,0.15,0.1,1,1,2,40,"pre_fragmentation","random",10,46,1,46,1,2499,154,1
58,548,50,NA,0.7,0.15,0.1,1,1,2,40,"pre_fragmentation","random",10,46,1,46,1,2499,157,2
58,548,50,NA,0.7,0.15,0.1,1,1,2,40,"pre_fragmentation","random",10,46,1,46,1,2499,159,1
58,548,50,NA,0.7,0.15,0.1,1,1,2,40,"pre_fragmentation","random",10,46,1,46,1,2499,161,1
58,548,50,NA,0.7,0.15,0.1,1,1,2,40,"pre_fragmentation","random",10,46,1,46,1,2499,166,1
58,548,50,NA,0.7,0.15,0.1,1,1,2,40,"pre_fragmentation","random",10,46,1,46,1,2499,175,1
58,548,50,NA,0.7,0.15,0.1,1,1,2,40,"pre_fragmentation","random",10,46,1,46,1,2499,184,1
58,548,50,NA,0.7,0.15,0.1,1,1,2,40,"pre_fragmentation","random",10,46,1,46,1,2499,187,1
58,548,50,NA,0.7,0.15,0.1,1,1,2,40,"pre_fragmentation","random",10,46,1,46,1,2499,196,2
58,548,50,NA,0.7,0.15,0.1,1,1,2,40,"pre_fragmentation","random",10,46,1,46,1,2499,201,1
58,548,50,NA,0.7,0.15,0.1,1,1,2,40,"pre_fragmentation","random",10,46,1,46,1,2499,224,1
58,548,50,NA,0.7,0.15,0.1,1,1,2,40,"pre_fragmentation","random",10,46,1,46,1,2499,230,1
58,548,50,NA,0.7,0.15,0.1,1,1,2,40,"pre_fragmentation","random",10,46,1,46,1,2499,246,1
58,548,50,NA,0.7,0.15,0.1,1,1,2,40,"pre_fragmentation","random",11,2089,42,39,1,2499,234,1
58,548,50,NA,0.7,0.15,0.1,1,1,2,40,"pre_fragmentation","random",11,2089,42,39,1,2499,237,1
58,548,50,NA,0.7,0.15,0.1,1,1,2,40,"pre_fragmentation","random",11,2089,42,39,1,2499,246,1
58,548,50,NA,0.7,0.15,0.1,1,1,2,40,"pre_fragmentation","random",11,2089,42,39,1,2499,250,1
58,548,50,NA,0.7,0.15,0.1,1,1,2,40,"pre_fragmentation","random",11,2089,42,39,1,2499,254,1
58,548,50,NA,0.7,0.15,0.1,1,1,2,40,"pre_fragmentation","random",11,2089,42,39,1,2499,262,1
58,548,50,NA,0.7,0.15,0.1,1,1,2,40,"pre_fragmentation","random",11,2089,42,39,1,2499,281,1
58,548,50,NA,0.7,0.15,0.1,1,1,2,40,"pre_fragmentation","random",11,2089,42,39,1,2499,290,1
58,548,50,NA,0.7,0.15,0.1,1,1,2,40,"pre_fragmentation","random",11,2089,42,39,1,2499,295,1
58,548,50,NA,0.7,0.15,0.1,1,1,2,40,"pre_fragmentation","random",11,2089,42,39,1,2499,301,2
58,548,50,NA,0.7,0.15,0.1,1,1,2,40,"pre_fragmentation","random",11,2089,42,39,1,2499,306,1
58,548,50,NA,0.7,0.15,0.1,1,1,2,40,"pre_fragmentation","random",11,2089,42,39,1,2499,321,1
58,548,50,NA,0.7,0.15,0.1,1,1,2,40,"pre_fragmentation","random",11,2089,42,39,1,2499,325,2
58,548,50,NA,0.7,0.15,0.1,1,1,2,40,"pre_fragmentation","random",11,2089,42,39,1,2499,335,2
58,548,50,NA,0.7,0.15,0.1,1,1,2,40,"pre_fragmentation","random",11,2089,42,39,1,2499,339,8
58,548,50,NA,0.7,0.15,0.1,1,1,2,40,"pre_fragmentation","random",11,2089,42,39,1,2499,340,3
58,548,50,NA,0.7,0.15,0.1,1,1,2,40,"pre_fragmentation","random",11,2089,42,39,1,2499,350,2
58,548,50,NA,0.7,0.15,0.1,1,1,2,40,"pre_fragmentation","random",11,2089,42,39,1,2499,357,1
58,548,50,NA,0.7,0.15,0.1,1,1,2,40,"pre_fragmentation","random",11,2089,42,39,1,2499,361,2
58,548,50,NA,0.7,0.15,0.1,1,1,2,40,"pre_fragmentation","random",11,2089,42,39,1,2499,385,1
58,548,50,NA,0.7,0.15,0.1,1,1,2,40,"pre_fragmentation","random",11,2089,42,39,1,2499,387,1
58,548,50,NA,0.7,0.15,0.1,1,1,2,40,"pre_fragmentation","random",11,2089,42,39,1,2499,397,1
58,548,50,NA,0.7,0.15,0.1,1,1,2,40,"pre_fragmentation","random",11,2089,42,39,1,2499,416,1
58,548,50,NA,0.7,0.15,0.1,1,1,2,40,"pre_fragmentation","random",12,1128,23,28,1,2499,597,1
58,548,50,NA,0.7,0.15,0.1,1,1,2,40,"pre_fragmentation","random",12,1128,23,28,1,2499,616,2
58,548,50,NA,0.7,0.15,0.1,1,1,2,40,"pre_fragmentation","random",12,1128,23,28,1,2499,642,1
58,548,50,NA,0.7,0.15,0.1,1,1,2,40,"pre_fragmentation","random",12,1128,23,28,1,2499,644,1
58,548,50,NA,0.7,0.15,0.1,1,1,2,40,"pre_fragmentation","random",12,1128,23,28,1,2499,656,1
58,548,50,NA,0.7,0.15,0.1,1,1,2,40,"pre_fragmentation","random",12,1128,23,28,1,2499,663,1
58,548,50,NA,0.7,0.15,0.1,1,1,2,40,"pre_fragmentation","random",12,1128,23,28,1,2499,665,2
58,548,50,NA,0.7,0.15,0.1,1,1,2,40,"pre_fragmentation","random",12,1128,23,28,1,2499,667,1
58,548,50,NA,0.7,0.15,0.1,1,1,2,40,"pre_fragmentation","random",12,1128,23,28,1,2499,687,1
58,548,50,NA,0.7,0.15,0.1,1,1,2,40,"pre_fragmentation","random",12,1128,23,28,1,2499,693,3
58,548,50,NA,0.7,0.15,0.1,1,1,2,40,"pre_fragmentation","random",12,1128,23,28,1,2499,695,1
58,548,50,NA,0.7,0.15,0.1,1,1,2,40,"pre_fragmentation","random",12,1128,23,28,1,2499,696,2
58,548,50,NA,0.7,0.15,0.1,1,1,2,40,"pre_fragmentation","random",12,1128,23,28,1,2499,700,2
58,548,50,NA,0.7,0.15,0.1,1,1,2,40,"pre_fragmentation","random",12,1128,23,28,1,2499,707,4
58,548,50,NA,0.7,0.15,0.1,1,1,2,40,"pre_fragmentation","random",12,1128,23,28,1,2499,711,1
58,548,50,NA,0.7,0.15,0.1,1,1,2,40,"pre_fragmentation","random",12,1128,23,28,1,2499,726,1
58,548,50,NA,0.7,0.15,0.1,1,1,2,40,"pre_fragmentation","random",12,1128,23,28,1,2499,741,2
58,548,50,NA,0.7,0.15,0.1,1,1,2,40,"pre_fragmentation","random",12,1128,23,28,1,2499,750,1
58,548,50,NA,0.7,0.15,0.1,1,1,2,40,"pre_fragmentation","random",12,1128,23,28,1,2499,755,1
58,548,50,NA,0.7,0.15,0.1,1,1,2,40,"pre_fragmentation","random",12,1128,23,28,1,2499,756,1
58,548,50,NA,0.7,0.15,0.1,1,1,2,40,"pre_fragmentation","random",12,1128,23,28,1,2499,757,1
58,548,50,NA,0.7,0.15,0.1,1,1,2,40,"pre_fragmentation","random",12,1128,23,28,1,2499,761,2
58,548,50,NA,0.7,0.15,0.1,1,1,2,40,"pre_fragmentation","random",12,1128,23,28,1,2499,766,1
58,548,50,NA,0.7,0.15,0.1,1,1,2,40,"pre_fragmentation","random",12,1128,23,28,1,2499,771,2
58,548,50,NA,0.7,0.15,0.1,1,1,2,40,"pre_fragmentation","random",12,1128,23,28,1,2499,792,2
58,548,50,NA,0.7,0.15,0.1,1,1,2,40,"pre_fragmentation","random",12,1128,23,28,1,2499,794,2
58,548,50,NA,0.7,0.15,0.1,1,1,2,40,"pre_fragmentation","random",12,1128,23,28,1,2499,810,1
58,548,50,NA,0.7,0.15,0.1,1,1,2,40,"pre_fragmentation","random",12,1128,23,28,1,2499,820,1
58,548,50,NA,0.7,0.15,0.1,1,1,2,40,"pre_fragmentation","random",13,463,10,13,1,2499,1,1
58,548,50,NA,0.7,0.15,0.1,1,1,2,40,"pre_fragmentation","random",13,463,10,13,1,2499,12,2
58,548,50,NA,0.7,0.15,0.1,1,1,2,40,"pre_fragmentation","random",13,463,10,13,1,2499,18,1
58,548,50,NA,0.7,0.15,0.1,1,1,2,40,"pre_fragmentation","random",13,463,10,13,1,2499,22,1
58,548,50,NA,0.7,0.15,0.1,1,1,2,40,"pre_fragmentation","random",13,463,10,13,1,2499,23,1
58,548,50,NA,0.7,0.15,0.1,1,1,2,40,"pre_fragmentation","random",13,463,10,13,1,2499,25,1
58,548,50,NA,0.7,0.15,0.1,1,1,2,40,"pre_fragmentation","random",13,463,10,13,1,2499,29,1
58,548,50,NA,0.7,0.15,0.1,1,1,2,40,"pre_fragmentation","random",13,463,10,13,1,2499,34,1
58,548,50,NA,0.7,0.15,0.1,1,1,2,40,"pre_fragmentation","random",13,463,10,13,1,2499,39,1
58,548,50,NA,0.7,0.15,0.1,1,1,2,40,"pre_fragmentation","random",13,463,10,13,1,2499,48,1
58,548,50,NA,0.7,0.15,0.1,1,1,2,40,"pre_fragmentation","random",13,463,10,13,1,2499,52,1
58,548,50,NA,0.7,0.15,0.1,1,1,2,40,"pre_fragmentation","random",13,463,10,13,1,2499,55,1
58,548,50,NA,0.7,0.15,0.1,1,1,2,40,"pre_fragmentation","random",13,463,10,13,1,2499,60,1
58,548,50,NA,0.7,0.15,0.1,1,1,2,40,"pre_fragmentation","random",13,463,10,13,1,2499,66,3
58,548,50,NA,0.7,0.15,0.1,1,1,2,40,"pre_fragmentation","random",13,463,10,13,1,2499,72,1
58,548,50,NA,0.7,0.15,0.1,1,1,2,40,"pre_fragmentation","random",13,463,10,13,1,2499,75,1
58,548,50,NA,0.7,0.15,0.1,1,1,2,40,"pre_fragmentation","random",13,463,10,13,1,2499,79,1
58,548,50,NA,0.7,0.15,0.1,1,1,2,40,"pre_fragmentation","random",13,463,10,13,1,2499,84,1
58,548,50,NA,0.7,0.15,0.1,1,1,2,40,"pre_fragmentation","random",13,463,10,13,1,2499,86,1
58,548,50,NA,0.7,0.15,0.1,1,1,2,40,"pre_fragmentation","random",13,463,10,13,1,2499,93,5
58,548,50,NA,0.7,0.15,0.1,1,1,2,40,"pre_fragmentation","random",13,463,10,13,1,2499,96,1
58,548,50,NA,0.7,0.15,0.1,1,1,2,40,"pre_fragmentation","random",13,463,10,13,1,2499,100,2
58,548,50,NA,0.7,0.15,0.1,1,1,2,40,"pre_fragmentation","random",13,463,10,13,1,2499,109,1
58,548,50,NA,0.7,0.15,0.1,1,1,2,40,"pre_fragmentation","random",13,463,10,13,1,2499,124,1
58,548,50,NA,0.7,0.15,0.1,1,1,2,40,"pre_fragmentation","random",13,463,10,13,1,2499,139,1
58,548,50,NA,0.7,0.15,0.1,1,1,2,40,"pre_fragmentation","random",13,463,10,13,1,2499,164,1
58,548,50,NA,0.7,0.15,0.1,1,1,2,40,"pre_fragmentation","random",13,463,10,13,1,2499,165,2
58,548,50,NA,0.7,0.15,0.1,1,1,2,40,"pre_fragmentation","random",13,463,10,13,1,2499,189,1
58,548,50,NA,0.7,0.15,0.1,1,1,2,40,"pre_fragmentation","random",13,463,10,13,1,2499,261,1
58,548,50,NA,0.7,0.15,0.1,1,1,2,40,"pre_fragmentation","random",14,1596,32,46,1,2499,198,1
58,548,50,NA,0.7,0.15,0.1,1,1,2,40,"pre_fragmentation","random",14,1596,32,46,1,2499,213,1
58,548,50,NA,0.7,0.15,0.1,1,1,2,40,"pre_fragmentation","random",14,1596,32,46,1,2499,260,2
58,548,50,NA,0.7,0.15,0.1,1,1,2,40,"pre_fragmentation","random",14,1596,32,46,1,2499,262,1
58,548,50,NA,0.7,0.15,0.1,1,1,2,40,"pre_fragmentation","random",14,1596,32,46,1,2499,263,1
58,548,50,NA,0.7,0.15,0.1,1,1,2,40,"pre_fragmentation","random",14,1596,32,46,1,2499,264,1
58,548,50,NA,0.7,0.15,0.1,1,1,2,40,"pre_fragmentation","random",14,1596,32,46,1,2499,266,2
58,548,50,NA,0.7,0.15,0.1,1,1,2,40,"pre_fragmentation","random",14,1596,32,46,1,2499,273,2
58,548,50,NA,0.7,0.15,0.1,1,1,2,40,"pre_fragmentation","random",14,1596,32,46,1,2499,279,1
58,548,50,NA,0.7,0.15,0.1,1,1,2,40,"pre_fragmentation","random",14,1596,32,46,1,2499,280,1
58,548,50,NA,0.7,0.15,0.1,1,1,2,40,"pre_fragmentation","random",14,1596,32,46,1,2499,289,4
58,548,50,NA,0.7,0.15,0.1,1,1,2,40,"pre_fragmentation","random",14,1596,32,46,1,2499,291,1
58,548,50,NA,0.7,0.15,0.1,1,1,2,40,"pre_fragmentation","random",14,1596,32,46,1,2499,295,1
58,548,50,NA,0.7,0.15,0.1,1,1,2,40,"pre_fragmentation","random",14,1596,32,46,1,2499,305,1
58,548,50,NA,0.7,0.15,0.1,1,1,2,40,"pre_fragmentation","random",14,1596,32,46,1,2499,312,1
58,548,50,NA,0.7,0.15,0.1,1,1,2,40,"pre_fragmentation","random",14,1596,32,46,1,2499,318,1
58,548,50,NA,0.7,0.15,0.1,1,1,2,40,"pre_fragmentation","random",14,1596,32,46,1,2499,320,1
58,548,50,NA,0.7,0.15,0.1,1,1,2,40,"pre_fragmentation","random",14,1596,32,46,1,2499,324,1
58,548,50,NA,0.7,0.15,0.1,1,1,2,40,"pre_fragmentation","random",14,1596,32,46,1,2499,336,2
58,548,50,NA,0.7,0.15,0.1,1,1,2,40,"pre_fragmentation","random",14,1596,32,46,1,2499,338,1
58,548,50,NA,0.7,0.15,0.1,1,1,2,40,"pre_fragmentation","random",14,1596,32,46,1,2499,339,2
58,548,50,NA,0.7,0.15,0.1,1,1,2,40,"pre_fragmentation","random",14,1596,32,46,1,2499,353,3
58,548,50,NA,0.7,0.15,0.1,1,1,2,40,"pre_fragmentation","random",14,1596,32,46,1,2499,357,1
58,548,50,NA,0.7,0.15,0.1,1,1,2,40,"pre_fragmentation","random",14,1596,32,46,1,2499,373,3
58,548,50,NA,0.7,0.15,0.1,1,1,2,40,"pre_fragmentation","random",14,1596,32,46,1,2499,384,1
58,548,50,NA,0.7,0.15,0.1,1,1,2,40,"pre_fragmentation","random",14,1596,32,46,1,2499,390,1
58,548,50,NA,0.7,0.15,0.1,1,1,2,40,"pre_fragmentation","random",14,1596,32,46,1,2499,405,1
58,548,50,NA,0.7,0.15,0.1,1,1,2,40,"pre_fragmentation","random",14,1596,32,46,1,2499,423,1
58,548,50,NA,0.7,0.15,0.1,1,1,2,40,"pre_fragmentation","random",14,1596,32,46,1,2499,436,1
58,548,50,NA,0.7,0.15,0.1,1,1,2,40,"pre_fragmentation","random",15,416,9,16,1,2499,7,1
58,548,50,NA,0.7,0.15,0.1,1,1,2,40,"pre_fragmentation","random",15,416,9,16,1,2499,18,1
58,548,50,NA,0.7,0.15,0.1,1,1,2,40,"pre_fragmentation","random",15,416,9,16,1,2499,39,1
58,548,50,NA,0.7,0.15,0.1,1,1,2,40,"pre_fragmentation","random",15,416,9,16,1,2499,49,1
58,548,50,NA,0.7,0.15,0.1,1,1,2,40,"pre_fragmentation","random",15,416,9,16,1,2499,52,2
58,548,50,NA,0.7,0.15,0.1,1,1,2,40,"pre_fragmentation","random",15,416,9,16,1,2499,76,1
58,548,50,NA,0.7,0.15,0.1,1,1,2,40,"pre_fragmentation","random",15,416,9,16,1,2499,89,5
58,548,50,NA,0.7,0.15,0.1,1,1,2,40,"pre_fragmentation","random",15,416,9,16,1,2499,93,1
58,548,50,NA,0.7,0.15,0.1,1,1,2,40,"pre_fragmentation","random",15,416,9,16,1,2499,100,1
58,548,50,NA,0.7,0.15,0.1,1,1,2,40,"pre_fragmentation","random",15,416,9,16,1,2499,106,2
58,548,50,NA,0.7,0.15,0.1,1,1,2,40,"pre_fragmentation","random",15,416,9,16,1,2499,107,1
58,548,50,NA,0.7,0.15,0.1,1,1,2,40,"pre_fragmentation","random",15,416,9,16,1,2499,116,1
58,548,50,NA,0.7,0.15,0.1,1,1,2,40,"pre_fragmentation","random",15,416,9,16,1,2499,124,1
58,548,50,NA,0.7,0.15,0.1,1,1,2,40,"pre_fragmentation","random",15,416,9,16,1,2499,126,3
58,548,50,NA,0.7,0.15,0.1,1,1,2,40,"pre_fragmentation","random",15,416,9,16,1,2499,136,4
58,548,50,NA,0.7,0.15,0.1,1,1,2,40,"pre_fragmentation","random",15,416,9,16,1,2499,139,2
58,548,50,NA,0.7,0.15,0.1,1,1,2,40,"pre_fragmentation","random",15,416,9,16,1,2499,142,1
58,548,50,NA,0.7,0.15,0.1,1,1,2,40,"pre_fragmentation","random",15,416,9,16,1,2499,146,1
58,548,50,NA,0.7,0.15,0.1,1,1,2,40,"pre_fragmentation","random",15,416,9,16,1,2499,150,3
58,548,50,NA,0.7,0.15,0.1,1,1,2,40,"pre_fragmentation","random",15,416,9,16,1,2499,169,1
58,548,50,NA,0.7,0.15,0.1,1,1,2,40,"pre_fragmentation","random",15,416,9,16,1,2499,173,1
58,548,50,NA,0.7,0.15,0.1,1,1,2,40,"pre_fragmentation","random",15,416,9,16,1,2499,188,1
58,548,50,NA,0.7,0.15,0.1,1,1,2,40,"pre_fragmentation","random",15,416,9,16,1,2499,191,2
58,548,50,NA,0.7,0.15,0.1,1,1,2,40,"pre_fragmentation","random",15,416,9,16,1,2499,195,1
58,548,50,NA,0.7,0.15,0.1,1,1,2,40,"pre_fragmentation","random",15,416,9,16,1,2499,203,1
58,548,50,NA,0.7,0.15,0.1,1,1,2,40,"pre_fragmentation","random",15,416,9,16,1,2499,204,1
58,548,50,NA,0.7,0.15,0.1,1,1,2,40,"pre_fragmentation","random",15,416,9,16,1,2499,229,1
58,548,50,NA,0.7,0.15,0.1,1,1,2,40,"pre_fragmentation","random",15,416,9,16,1,2499,282,1
58,548,50,NA,0.7,0.15,0.1,1,1,2,40,"pre_fragmentation","random",16,1703,35,3,1,2499,312,1
58,548,50,NA,0.7,0.15,0.1,1,1,2,40,"pre_fragmentation","random",16,1703,35,3,1,2499,324,1
58,548,50,NA,0.7,0.15,0.1,1,1,2,40,"pre_fragmentation","random",16,1703,35,3,1,2499,328,1
58,548,50,NA,0.7,0.15,0.1,1,1,2,40,"pre_fragmentation","random",16,1703,35,3,1,2499,338,1
58,548,50,NA,0.7,0.15,0.1,1,1,2,40,"pre_fragmentation","random",16,1703,35,3,1,2499,342,1
58,548,50,NA,0.7,0.15,0.1,1,1,2,40,"pre_fragmentation","random",16,1703,35,3,1,2499,344,1
58,548,50,NA,0.7,0.15,0.1,1,1,2,40,"pre_fragmentation","random",16,1703,35,3,1,2499,353,1
58,548,50,NA,0.7,0.15,0.1,1,1,2,40,"pre_fragmentation","random",16,1703,35,3,1,2499,363,1
58,548,50,NA,0.7,0.15,0.1,1,1,2,40,"pre_fragmentation","random",16,1703,35,3,1,2499,367,1
58,548,50,NA,0.7,0.15,0.1,1,1,2,40,"pre_fragmentation","random",16,1703,35,3,1,2499,369,1
58,548,50,NA,0.7,0.15,0.1,1,1,2,40,"pre_fragmentation","random",16,1703,35,3,1,2499,374,3
58,548,50,NA,0.7,0.15,0.1,1,1,2,40,"pre_fragmentation","random",16,1703,35,3,1,2499,381,1
58,548,50,NA,0.7,0.15,0.1,1,1,2,40,"pre_fragmentation","random",16,1703,35,3,1,2499,385,2
58,548,50,NA,0.7,0.15,0.1,1,1,2,40,"pre_fragmentation","random",16,1703,35,3,1,2499,387,1
58,548,50,NA,0.7,0.15,0.1,1,1,2,40,"pre_fragmentation","random",16,1703,35,3,1,2499,389,2
58,548,50,NA,0.7,0.15,0.1,1,1,2,40,"pre_fragmentation","random",16,1703,35,3,1,2499,401,1
58,548,50,NA,0.7,0.15,0.1,1,1,2,40,"pre_fragmentation","random",16,1703,35,3,1,2499,405,1
58,548,50,NA,0.7,0.15,0.1,1,1,2,40,"pre_fragmentation","random",16,1703,35,3,1,2499,411,2
58,548,50,NA,0.7,0.15,0.1,1,1,2,40,"pre_fragmentation","random",16,1703,35,3,1,2499,414,2
58,548,50,NA,0.7,0.15,0.1,1,1,2,40,"pre_fragmentation","random",16,1703,35,3,1,2499,425,1
58,548,50,NA,0.7,0.15,0.1,1,1,2,40,"pre_fragmentation","random",16,1703,35,3,1,2499,433,1
58,548,50,NA,0.7,0.15,0.1,1,1,2,40,"pre_fragmentation","random",16,1703,35,3,1,2499,446,1
58,548,50,NA,0.7,0.15,0.1,1,1,2,40,"pre_fragmentation","random",16,1703,35,3,1,2499,449,2
58,548,50,NA,0.7,0.15,0.1,1,1,2,40,"pre_fragmentation","random",16,1703,35,3,1,2499,457,1
58,548,50,NA,0.7,0.15,0.1,1,1,2,40,"pre_fragmentation","random",16,1703,35,3,1,2499,459,1
58,548,50,NA,0.7,0.15,0.1,1,1,2,40,"pre_fragmentation","random",16,1703,35,3,1,2499,467,1
58,548,50,NA,0.7,0.15,0.1,1,1,2,40,"pre_fragmentation","random",17,1011,21,11,1,2499,361,2
58,548,50,NA,0.7,0.15,0.1,1,1,2,40,"pre_fragmentation","random",17,1011,21,11,1,2499,397,1
58,548,50,NA,0.7,0.15,0.1,1,1,2,40,"pre_fragmentation","random",17,1011,21,11,1,2499,400,1
58,548,50,NA,0.7,0.15,0.1,1,1,2,40,"pre_fragmentation","random",17,1011,21,11,1,2499,427,2
58,548,50,NA,0.7,0.15,0.1,1,1,2,40,"pre_fragmentation","random",17,1011,21,11,1,2499,434,1
58,548,50,NA,0.7,0.15,0.1,1,1,2,40,"pre_fragmentation","random",17,1011,21,11,1,2499,440,1
58,548,50,NA,0.7,0.15,0.1,1,1,2,40,"pre_fragmentation","random",17,1011,21,11,1,2499,473,7
58,548,50,NA,0.7,0.15,0.1,1,1,2,40,"pre_fragmentation","random",17,1011,21,11,1,2499,478,2
58,548,50,NA,0.7,0.15,0.1,1,1,2,40,"pre_fragmentation","random",17,1011,21,11,1,2499,482,1
58,548,50,NA,0.7,0.15,0.1,1,1,2,40,"pre_fragmentation","random",17,1011,21,11,1,2499,510,1
58,548,50,NA,0.7,0.15,0.1,1,1,2,40,"pre_fragmentation","random",17,1011,21,11,1,2499,519,3
58,548,50,NA,0.7,0.15,0.1,1,1,2,40,"pre_fragmentation","random",17,1011,21,11,1,2499,530,2
58,548,50,NA,0.7,0.15,0.1,1,1,2,40,"pre_fragmentation","random",17,1011,21,11,1,2499,540,2
58,548,50,NA,0.7,0.15,0.1,1,1,2,40,"pre_fragmentation","random",17,1011,21,11,1,2499,541,2
58,548,50,NA,0.7,0.15,0.1,1,1,2,40,"pre_fragmentation","random",17,1011,21,11,1,2499,554,2
58,548,50,NA,0.7,0.15,0.1,1,1,2,40,"pre_fragmentation","random",17,1011,21,11,1,2499,569,1
58,548,50,NA,0.7,0.15,0.1,1,1,2,40,"pre_fragmentation","random",17,1011,21,11,1,2499,571,1
58,548,50,NA,0.7,0.15,0.1,1,1,2,40,"pre_fragmentation","random",17,1011,21,11,1,2499,577,2
58,548,50,NA,0.7,0.15,0.1,1,1,2,40,"pre_fragmentation","random",17,1011,21,11,1,2499,587,1
58,548,50,NA,0.7,0.15,0.1,1,1,2,40,"pre_fragmentation","random",17,1011,21,11,1,2499,599,1
58,548,50,NA,0.7,0.15,0.1,1,1,2,40,"pre_fragmentation","random",17,1011,21,11,1,2499,634,1
58,548,50,NA,0.7,0.15,0.1,1,1,2,40,"pre_fragmentation","random",17,1011,21,11,1,2499,668,1
58,548,50,NA,0.7,0.15,0.1,1,1,2,40,"pre_fragmentation","random",18,209,5,9,1,2499,3,1
58,548,50,NA,0.7,0.15,0.1,1,1,2,40,"pre_fragmentation","random",18,209,5,9,1,2499,4,1
58,548,50,NA,0.7,0.15,0.1,1,1,2,40,"pre_fragmentation","random",18,209,5,9,1,2499,6,2
58,548,50,NA,0.7,0.15,0.1,1,1,2,40,"pre_fragmentation","random",18,209,5,9,1,2499,12,1
58,548,50,NA,0.7,0.15,0.1,1,1,2,40,"pre_fragmentation","random",18,209,5,9,1,2499,25,2
58,548,50,NA,0.7,0.15,0.1,1,1,2,40,"pre_fragmentation","random",18,209,5,9,1,2499,27,1
58,548,50,NA,0.7,0.15,0.1,1,1,2,40,"pre_fragmentation","random",18,209,5,9,1,2499,58,1
58,548,50,NA,0.7,0.15,0.1,1,1,2,40,"pre_fragmentation","random",18,209,5,9,1,2499,61,1
58,548,50,NA,0.7,0.15,0.1,1,1,2,40,"pre_fragmentation","random",18,209,5,9,1,2499,63,1
58,548,50,NA,0.7,0.15,0.1,1,1,2,40,"pre_fragmentation","random",18,209,5,9,1,2499,64,2
58,548,50,NA,0.7,0.15,0.1,1,1,2,40,"pre_fragmentation","random",18,209,5,9,1,2499,68,2
58,548,50,NA,0.7,0.15,0.1,1,1,2,40,"pre_fragmentation","random",18,209,5,9,1,2499,72,1
58,548,50,NA,0.7,0.15,0.1,1,1,2,40,"pre_fragmentation","random",18,209,5,9,1,2499,76,3
58,548,50,NA,0.7,0.15,0.1,1,1,2,40,"pre_fragmentation","random",18,209,5,9,1,2499,84,2
58,548,50,NA,0.7,0.15,0.1,1,1,2,40,"pre_fragmentation","random",18,209,5,9,1,2499,86,1
58,548,50,NA,0.7,0.15,0.1,1,1,2,40,"pre_fragmentation","random",18,209,5,9,1,2499,87,2
58,548,50,NA,0.7,0.15,0.1,1,1,2,40,"pre_fragmentation","random",18,209,5,9,1,2499,93,1
58,548,50,NA,0.7,0.15,0.1,1,1,2,40,"pre_fragmentation","random",18,209,5,9,1,2499,95,1
58,548,50,NA,0.7,0.15,0.1,1,1,2,40,"pre_fragmentation","random",18,209,5,9,1,2499,100,1
58,548,50,NA,0.7,0.15,0.1,1,1,2,40,"pre_fragmentation","random",18,209,5,9,1,2499,101,1
58,548,50,NA,0.7,0.15,0.1,1,1,2,40,"pre_fragmentation","random",18,209,5,9,1,2499,108,1
58,548,50,NA,0.7,0.15,0.1,1,1,2,40,"pre_fragmentation","random",18,209,5,9,1,2499,113,2
58,548,50,NA,0.7,0.15,0.1,1,1,2,40,"pre_fragmentation","random",18,209,5,9,1,2499,116,1
58,548,50,NA,0.7,0.15,0.1,1,1,2,40,"pre_fragmentation","random",18,209,5,9,1,2499,117,1
58,548,50,NA,0.7,0.15,0.1,1,1,2,40,"pre_fragmentation","random",18,209,5,9,1,2499,124,1
58,548,50,NA,0.7,0.15,0.1,1,1,2,40,"pre_fragmentation","random",18,209,5,9,1,2499,150,1
58,548,50,NA,0.7,0.15,0.1,1,1,2,40,"pre_fragmentation","random",18,209,5,9,1,2499,151,1
58,548,50,NA,0.7,0.15,0.1,1,1,2,40,"pre_fragmentation","random",19,1353,28,3,1,2499,264,1
58,548,50,NA,0.7,0.15,0.1,1,1,2,40,"pre_fragmentation","random",19,1353,28,3,1,2499,266,2
58,548,50,NA,0.7,0.15,0.1,1,1,2,40,"pre_fragmentation","random",19,1353,28,3,1,2499,287,1
58,548,50,NA,0.7,0.15,0.1,1,1,2,40,"pre_fragmentation","random",19,1353,28,3,1,2499,291,1
58,548,50,NA,0.7,0.15,0.1,1,1,2,40,"pre_fragmentation","random",19,1353,28,3,1,2499,295,2
58,548,50,NA,0.7,0.15,0.1,1,1,2,40,"pre_fragmentation","random",19,1353,28,3,1,2499,305,1
58,548,50,NA,0.7,0.15,0.1,1,1,2,40,"pre_fragmentation","random",19,1353,28,3,1,2499,306,1
58,548,50,NA,0.7,0.15,0.1,1,1,2,40,"pre_fragmentation","random",19,1353,28,3,1,2499,310,6
58,548,50,NA,0.7,0.15,0.1,1,1,2,40,"pre_fragmentation","random",19,1353,28,3,1,2499,315,2
58,548,50,NA,0.7,0.15,0.1,1,1,2,40,"pre_fragmentation","random",19,1353,28,3,1,2499,320,1
58,548,50,NA,0.7,0.15,0.1,1,1,2,40,"pre_fragmentation","random",19,1353,28,3,1,2499,328,1
58,548,50,NA,0.7,0.15,0.1,1,1,2,40,"pre_fragmentation","random",19,1353,28,3,1,2499,329,1
58,548,50,NA,0.7,0.15,0.1,1,1,2,40,"pre_fragmentation","random",19,1353,28,3,1,2499,336,1
58,548,50,NA,0.7,0.15,0.1,1,1,2,40,"pre_fragmentation","random",19,1353,28,3,1,2499,338,2
58,548,50,NA,0.7,0.15,0.1,1,1,2,40,"pre_fragmentation","random",19,1353,28,3,1,2499,342,1
58,548,50,NA,0.7,0.15,0.1,1,1,2,40,"pre_fragmentation","random",19,1353,28,3,1,2499,349,3
58,548,50,NA,0.7,0.15,0.1,1,1,2,40,"pre_fragmentation","random",19,1353,28,3,1,2499,351,1
58,548,50,NA,0.7,0.15,0.1,1,1,2,40,"pre_fragmentation","random",19,1353,28,3,1,2499,373,4
58,548,50,NA,0.7,0.15,0.1,1,1,2,40,"pre_fragmentation","random",19,1353,28,3,1,2499,375,1
58,548,50,NA,0.7,0.15,0.1,1,1,2,40,"pre_fragmentation","random",19,1353,28,3,1,2499,384,1
58,548,50,NA,0.7,0.15,0.1,1,1,2,40,"pre_fragmentation","random",19,1353,28,3,1,2499,387,1
58,548,50,NA,0.7,0.15,0.1,1,1,2,40,"pre_fragmentation","random",19,1353,28,3,1,2499,432,1
58,548,50,NA,0.7,0.15,0.1,1,1,2,40,"pre_fragmentation","random",19,1353,28,3,1,2499,433,1
58,548,50,NA,0.7,0.15,0.1,1,1,2,40,"pre_fragmentation","random",19,1353,28,3,1,2499,459,1
58,548,50,NA,0.7,0.15,0.1,1,1,2,40,"pre_fragmentation","random",20,254,6,4,1,2499,6,1
58,548,50,NA,0.7,0.15,0.1,1,1,2,40,"pre_fragmentation","random",20,254,6,4,1,2499,9,1
58,548,50,NA,0.7,0.15,0.1,1,1,2,40,"pre_fragmentation","random",20,254,6,4,1,2499,10,1
58,548,50,NA,0.7,0.15,0.1,1,1,2,40,"pre_fragmentation","random",20,254,6,4,1,2499,21,1
58,548,50,NA,0.7,0.15,0.1,1,1,2,40,"pre_fragmentation","random",20,254,6,4,1,2499,25,1
58,548,50,NA,0.7,0.15,0.1,1,1,2,40,"pre_fragmentation","random",20,254,6,4,1,2499,56,2
58,548,50,NA,0.7,0.15,0.1,1,1,2,40,"pre_fragmentation","random",20,254,6,4,1,2499,60,2
58,548,50,NA,0.7,0.15,0.1,1,1,2,40,"pre_fragmentation","random",20,254,6,4,1,2499,64,2
58,548,50,NA,0.7,0.15,0.1,1,1,2,40,"pre_fragmentation","random",20,254,6,4,1,2499,68,1
58,548,50,NA,0.7,0.15,0.1,1,1,2,40,"pre_fragmentation","random",20,254,6,4,1,2499,70,1
58,548,50,NA,0.7,0.15,0.1,1,1,2,40,"pre_fragmentation","random",20,254,6,4,1,2499,75,1
58,548,50,NA,0.7,0.15,0.1,1,1,2,40,"pre_fragmentation","random",20,254,6,4,1,2499,91,3
58,548,50,NA,0.7,0.15,0.1,1,1,2,40,"pre_fragmentation","random",20,254,6,4,1,2499,94,5
58,548,50,NA,0.7,0.15,0.1,1,1,2,40,"pre_fragmentation","random",20,254,6,4,1,2499,100,2
58,548,50,NA,0.7,0.15,0.1,1,1,2,40,"pre_fragmentation","random",20,254,6,4,1,2499,108,1
58,548,50,NA,0.7,0.15,0.1,1,1,2,40,"pre_fragmentation","random",20,254,6,4,1,2499,116,2
58,548,50,NA,0.7,0.15,0.1,1,1,2,40,"pre_fragmentation","random",20,254,6,4,1,2499,126,3
58,548,50,NA,0.7,0.15,0.1,1,1,2,40,"pre_fragmentation","random",20,254,6,4,1,2499,130,1
58,548,50,NA,0.7,0.15,0.1,1,1,2,40,"pre_fragmentation","random",20,254,6,4,1,2499,190,1
58,548,50,NA,0.7,0.15,0.1,1,1,2,40,"pre_fragmentation","random",20,254,6,4,1,2499,203,1
58,548,50,NA,0.7,0.15,0.1,1,1,2,40,"pre_fragmentation","random",20,254,6,4,1,2499,208,1
58,548,50,NA,0.7,0.15,0.1,1,1,2,40,"pre_fragmentation","random",21,943,19,43,1,2499,98,1
58,548,50,NA,0.7,0.15,0.1,1,1,2,40,"pre_fragmentation","random",21,943,19,43,1,2499,120,2
58,548,50,NA,0.7,0.15,0.1,1,1,2,40,"pre_fragmentation","random",21,943,19,43,1,2499,155,1
58,548,50,NA,0.7,0.15,0.1,1,1,2,40,"pre_fragmentation","random",21,943,19,43,1,2499,161,1
58,548,50,NA,0.7,0.15,0.1,1,1,2,40,"pre_fragmentation","random",21,943,19,43,1,2499,168,2
58,548,50,NA,0.7,0.15,0.1,1,1,2,40,"pre_fragmentation","random",21,943,19,43,1,2499,172,1
58,548,50,NA,0.7,0.15,0.1,1,1,2,40,"pre_fragmentation","random",21,943,19,43,1,2499,177,1
58,548,50,NA,0.7,0.15,0.1,1,1,2,40,"pre_fragmentation","random",21,943,19,43,1,2499,186,1
58,548,50,NA,0.7,0.15,0.1,1,1,2,40,"pre_fragmentation","random",21,943,19,43,1,2499,188,3
58,548,50,NA,0.7,0.15,0.1,1,1,2,40,"pre_fragmentation","random",21,943,19,43,1,2499,193,4
58,548,50,NA,0.7,0.15,0.1,1,1,2,40,"pre_fragmentation","random",21,943,19,43,1,2499,197,1
58,548,50,NA,0.7,0.15,0.1,1,1,2,40,"pre_fragmentation","random",21,943,19,43,1,2499,198,1
58,548,50,NA,0.7,0.15,0.1,1,1,2,40,"pre_fragmentation","random",21,943,19,43,1,2499,199,5
58,548,50,NA,0.7,0.15,0.1,1,1,2,40,"pre_fragmentation","random",21,943,19,43,1,2499,201,2
58,548,50,NA,0.7,0.15,0.1,1,1,2,40,"pre_fragmentation","random",21,943,19,43,1,2499,208,1
58,548,50,NA,0.7,0.15,0.1,1,1,2,40,"pre_fragmentation","random",21,943,19,43,1,2499,211,1
58,548,50,NA,0.7,0.15,0.1,1,1,2,40,"pre_fragmentation","random",21,943,19,43,1,2499,219,1
58,548,50,NA,0.7,0.15,0.1,1,1,2,40,"pre_fragmentation","random",21,943,19,43,1,2499,228,1
58,548,50,NA,0.7,0.15,0.1,1,1,2,40,"pre_fragmentation","random",21,943,19,43,1,2499,230,1
58,548,50,NA,0.7,0.15,0.1,1,1,2,40,"pre_fragmentation","random",21,943,19,43,1,2499,232,2
58,548,50,NA,0.7,0.15,0.1,1,1,2,40,"pre_fragmentation","random",21,943,19,43,1,2499,249,1
58,548,50,NA,0.7,0.15,0.1,1,1,2,40,"pre_fragmentation","random",21,943,19,43,1,2499,280,1
58,548,50,NA,0.7,0.15,0.1,1,1,2,40,"pre_fragmentation","random",22,50,1,50,1,2499,3,2
58,548,50,NA,0.7,0.15,0.1,1,1,2,40,"pre_fragmentation","random",22,50,1,50,1,2499,10,1
58,548,50,NA,0.7,0.15,0.1,1,1,2,40,"pre_fragmentation","random",22,50,1,50,1,2499,12,2
58,548,50,NA,0.7,0.15,0.1,1,1,2,40,"pre_fragmentation","random",22,50,1,50,1,2499,14,2
58,548,50,NA,0.7,0.15,0.1,1,1,2,40,"pre_fragmentation","random",22,50,1,50,1,2499,15,1
58,548,50,NA,0.7,0.15,0.1,1,1,2,40,"pre_fragmentation","random",22,50,1,50,1,2499,17,1
58,548,50,NA,0.7,0.15,0.1,1,1,2,40,"pre_fragmentation","random",22,50,1,50,1,2499,22,1
58,548,50,NA,0.7,0.15,0.1,1,1,2,40,"pre_fragmentation","random",22,50,1,50,1,2499,25,2
58,548,50,NA,0.7,0.15,0.1,1,1,2,40,"pre_fragmentation","random",22,50,1,50,1,2499,39,1
58,548,50,NA,0.7,0.15,0.1,1,1,2,40,"pre_fragmentation","random",22,50,1,50,1,2499,41,1
58,548,50,NA,0.7,0.15,0.1,1,1,2,40,"pre_fragmentation","random",22,50,1,50,1,2499,50,1
58,548,50,NA,0.7,0.15,0.1,1,1,2,40,"pre_fragmentation","random",22,50,1,50,1,2499,51,2
58,548,50,NA,0.7,0.15,0.1,1,1,2,40,"pre_fragmentation","random",22,50,1,50,1,2499,56,1
58,548,50,NA,0.7,0.15,0.1,1,1,2,40,"pre_fragmentation","random",22,50,1,50,1,2499,69,1
58,548,50,NA,0.7,0.15,0.1,1,1,2,40,"pre_fragmentation","random",22,50,1,50,1,2499,70,1
58,548,50,NA,0.7,0.15,0.1,1,1,2,40,"pre_fragmentation","random",22,50,1,50,1,2499,75,1
58,548,50,NA,0.7,0.15,0.1,1,1,2,40,"pre_fragmentation","random",22,50,1,50,1,2499,86,1
58,548,50,NA,0.7,0.15,0.1,1,1,2,40,"pre_fragmentation","random",22,50,1,50,1,2499,87,3
58,548,50,NA,0.7,0.15,0.1,1,1,2,40,"pre_fragmentation","random",22,50,1,50,1,2499,98,1
58,548,50,NA,0.7,0.15,0.1,1,1,2,40,"pre_fragmentation","random",22,50,1,50,1,2499,118,2
58,548,50,NA,0.7,0.15,0.1,1,1,2,40,"pre_fragmentation","random",22,50,1,50,1,2499,120,2
58,548,50,NA,0.7,0.15,0.1,1,1,2,40,"pre_fragmentation","random",22,50,1,50,1,2499,133,2
58,548,50,NA,0.7,0.15,0.1,1,1,2,40,"pre_fragmentation","random",22,50,1,50,1,2499,148,1
58,548,50,NA,0.7,0.15,0.1,1,1,2,40,"pre_fragmentation","random",22,50,1,50,1,2499,163,1
58,548,50,NA,0.7,0.15,0.1,1,1,2,40,"pre_fragmentation","random",22,50,1,50,1,2499,175,1
58,548,50,NA,0.7,0.15,0.1,1,1,2,40,"pre_fragmentation","random",22,50,1,50,1,2499,178,1
58,548,50,NA,0.7,0.15,0.1,1,1,2,40,"pre_fragmentation","random",23,1980,40,30,1,2499,388,1
58,548,50,NA,0.7,0.15,0.1,1,1,2,40,"pre_fragmentation","random",23,1980,40,30,1,2499,402,1
58,548,50,NA,0.7,0.15,0.1,1,1,2,40,"pre_fragmentation","random",23,1980,40,30,1,2499,421,2
58,548,50,NA,0.7,0.15,0.1,1,1,2,40,"pre_fragmentation","random",23,1980,40,30,1,2499,434,1
58,548,50,NA,0.7,0.15,0.1,1,1,2,40,"pre_fragmentation","random",23,1980,40,30,1,2499,451,3
58,548,50,NA,0.7,0.15,0.1,1,1,2,40,"pre_fragmentation","random",23,1980,40,30,1,2499,460,1
58,548,50,NA,0.7,0.15,0.1,1,1,2,40,"pre_fragmentation","random",23,1980,40,30,1,2499,463,1
58,548,50,NA,0.7,0.15,0.1,1,1,2,40,"pre_fragmentation","random",23,1980,40,30,1,2499,465,1
58,548,50,NA,0.7,0.15,0.1,1,1,2,40,"pre_fragmentation","random",23,1980,40,30,1,2499,466,1
58,548,50,NA,0.7,0.15,0.1,1,1,2,40,"pre_fragmentation","random",23,1980,40,30,1,2499,469,1
58,548,50,NA,0.7,0.15,0.1,1,1,2,40,"pre_fragmentation","random",23,1980,40,30,1,2499,471,1
58,548,50,NA,0.7,0.15,0.1,1,1,2,40,"pre_fragmentation","random",23,1980,40,30,1,2499,486,1
58,548,50,NA,0.7,0.15,0.1,1,1,2,40,"pre_fragmentation","random",23,1980,40,30,1,2499,488,1
58,548,50,NA,0.7,0.15,0.1,1,1,2,40,"pre_fragmentation","random",23,1980,40,30,1,2499,489,3
58,548,50,NA,0.7,0.15,0.1,1,1,2,40,"pre_fragmentation","random",23,1980,40,30,1,2499,492,1
58,548,50,NA,0.7,0.15,0.1,1,1,2,40,"pre_fragmentation","random",23,1980,40,30,1,2499,497,6
58,548,50,NA,0.7,0.15,0.1,1,1,2,40,"pre_fragmentation","random",23,1980,40,30,1,2499,509,2
58,548,50,NA,0.7,0.15,0.1,1,1,2,40,"pre_fragmentation","random",23,1980,40,30,1,2499,512,1
58,548,50,NA,0.7,0.15,0.1,1,1,2,40,"pre_fragmentation","random",23,1980,40,30,1,2499,527,4
58,548,50,NA,0.7,0.15,0.1,1,1,2,40,"pre_fragmentation","random",23,1980,40,30,1,2499,529,1
58,548,50,NA,0.7,0.15,0.1,1,1,2,40,"pre_fragmentation","random",23,1980,40,30,1,2499,532,1
58,548,50,NA,0.7,0.15,0.1,1,1,2,40,"pre_fragmentation","random",23,1980,40,30,1,2499,533,1
58,548,50,NA,0.7,0.15,0.1,1,1,2,40,"pre_fragmentation","random",23,1980,40,30,1,2499,538,1
58,548,50,NA,0.7,0.15,0.1,1,1,2,40,"pre_fragmentation","random",23,1980,40,30,1,2499,555,1
58,548,50,NA,0.7,0.15,0.1,1,1,2,40,"pre_fragmentation","random",23,1980,40,30,1,2499,629,1
58,548,50,NA,0.7,0.15,0.1,1,1,2,40,"pre_fragmentation","random",23,1980,40,30,1,2499,655,1
58,548,50,NA,0.7,0.15,0.1,1,1,2,40,"pre_fragmentation","random",24,2257,46,7,1,2499,86,1
58,548,50,NA,0.7,0.15,0.1,1,1,2,40,"pre_fragmentation","random",24,2257,46,7,1,2499,116,1
58,548,50,NA,0.7,0.15,0.1,1,1,2,40,"pre_fragmentation","random",24,2257,46,7,1,2499,166,1
58,548,50,NA,0.7,0.15,0.1,1,1,2,40,"pre_fragmentation","random",24,2257,46,7,1,2499,188,1
58,548,50,NA,0.7,0.15,0.1,1,1,2,40,"pre_fragmentation","random",24,2257,46,7,1,2499,190,2
58,548,50,NA,0.7,0.15,0.1,1,1,2,40,"pre_fragmentation","random",24,2257,46,7,1,2499,195,2
58,548,50,NA,0.7,0.15,0.1,1,1,2,40,"pre_fragmentation","random",24,2257,46,7,1,2499,203,2
58,548,50,NA,0.7,0.15,0.1,1,1,2,40,"pre_fragmentation","random",24,2257,46,7,1,2499,211,1
58,548,50,NA,0.7,0.15,0.1,1,1,2,40,"pre_fragmentation","random",24,2257,46,7,1,2499,214,1
58,548,50,NA,0.7,0.15,0.1,1,1,2,40,"pre_fragmentation","random",24,2257,46,7,1,2499,222,1
58,548,50,NA,0.7,0.15,0.1,1,1,2,40,"pre_fragmentation","random",24,2257,46,7,1,2499,223,1
58,548,50,NA,0.7,0.15,0.1,1,1,2,40,"pre_fragmentation","random",24,2257,46,7,1,2499,225,2
58,548,50,NA,0.7,0.15,0.1,1,1,2,40,"pre_fragmentation","random",24,2257,46,7,1,2499,230,2
58,548,50,NA,0.7,0.15,0.1,1,1,2,40,"pre_fragmentation","random",24,2257,46,7,1,2499,231,1
58,548,50,NA,0.7,0.15,0.1,1,1,2,40,"pre_fragmentation","random",24,2257,46,7,1,2499,235,1
58,548,50,NA,0.7,0.15,0.1,1,1,2,40,"pre_fragmentation","random",24,2257,46,7,1,2499,236,2
58,548,50,NA,0.7,0.15,0.1,1,1,2,40,"pre_fragmentation","random",24,2257,46,7,1,2499,237,2
58,548,50,NA,0.7,0.15,0.1,1,1,2,40,"pre_fragmentation","random",24,2257,46,7,1,2499,243,1
58,548,50,NA,0.7,0.15,0.1,1,1,2,40,"pre_fragmentation","random",24,2257,46,7,1,2499,246,1
58,548,50,NA,0.7,0.15,0.1,1,1,2,40,"pre_fragmentation","random",24,2257,46,7,1,2499,282,1
58,548,50,NA,0.7,0.15,0.1,1,1,2,40,"pre_fragmentation","random",24,2257,46,7,1,2499,290,1
58,548,50,NA,0.7,0.15,0.1,1,1,2,40,"pre_fragmentation","random",24,2257,46,7,1,2499,294,1
58,548,50,NA,0.7,0.15,0.1,1,1,2,40,"pre_fragmentation","random",24,2257,46,7,1,2499,320,1
58,548,50,NA,0.7,0.15,0.1,1,1,2,40,"pre_fragmentation","random",24,2257,46,7,1,2499,336,1
58,548,50,NA,0.7,0.15,0.1,1,1,2,40,"pre_fragmentation","random",24,2257,46,7,1,2499,363,1
58,548,50,NA,0.7,0.15,0.1,1,1,2,40,"pre_fragmentation","random",25,1269,26,19,1,2499,715,1
58,548,50,NA,0.7,0.15,0.1,1,1,2,40,"pre_fragmentation","random",25,1269,26,19,1,2499,766,1
58,548,50,NA,0.7,0.15,0.1,1,1,2,40,"pre_fragmentation","random",25,1269,26,19,1,2499,795,2
58,548,50,NA,0.7,0.15,0.1,1,1,2,40,"pre_fragmentation","random",25,1269,26,19,1,2499,799,1
58,548,50,NA,0.7,0.15,0.1,1,1,2,40,"pre_fragmentation","random",25,1269,26,19,1,2499,810,2
58,548,50,NA,0.7,0.15,0.1,1,1,2,40,"pre_fragmentation","random",25,1269,26,19,1,2499,813,1
58,548,50,NA,0.7,0.15,0.1,1,1,2,40,"pre_fragmentation","random",25,1269,26,19,1,2499,844,2
58,548,50,NA,0.7,0.15,0.1,1,1,2,40,"pre_fragmentation","random",25,1269,26,19,1,2499,845,1
58,548,50,NA,0.7,0.15,0.1,1,1,2,40,"pre_fragmentation","random",25,1269,26,19,1,2499,860,1
58,548,50,NA,0.7,0.15,0.1,1,1,2,40,"pre_fragmentation","random",25,1269,26,19,1,2499,862,2
58,548,50,NA,0.7,0.15,0.1,1,1,2,40,"pre_fragmentation","random",25,1269,26,19,1,2499,864,2
58,548,50,NA,0.7,0.15,0.1,1,1,2,40,"pre_fragmentation","random",25,1269,26,19,1,2499,866,1
58,548,50,NA,0.7,0.15,0.1,1,1,2,40,"pre_fragmentation","random",25,1269,26,19,1,2499,869,1
58,548,50,NA,0.7,0.15,0.1,1,1,2,40,"pre_fragmentation","random",25,1269,26,19,1,2499,872,1
58,548,50,NA,0.7,0.15,0.1,1,1,2,40,"pre_fragmentation","random",25,1269,26,19,1,2499,878,1
58,548,50,NA,0.7,0.15,0.1,1,1,2,40,"pre_fragmentation","random",25,1269,26,19,1,2499,885,2
58,548,50,NA,0.7,0.15,0.1,1,1,2,40,"pre_fragmentation","random",25,1269,26,19,1,2499,887,2
58,548,50,NA,0.7,0.15,0.1,1,1,2,40,"pre_fragmentation","random",25,1269,26,19,1,2499,898,1
58,548,50,NA,0.7,0.15,0.1,1,1,2,40,"pre_fragmentation","random",25,1269,26,19,1,2499,902,1
58,548,50,NA,0.7,0.15,0.1,1,1,2,40,"pre_fragmentation","random",25,1269,26,19,1,2499,903,1
58,548,50,NA,0.7,0.15,0.1,1,1,2,40,"pre_fragmentation","random",25,1269,26,19,1,2499,913,1
58,548,50,NA,0.7,0.15,0.1,1,1,2,40,"pre_fragmentation","random",25,1269,26,19,1,2499,922,1
58,548,50,NA,0.7,0.15,0.1,1,1,2,40,"pre_fragmentation","random",25,1269,26,19,1,2499,932,1
58,548,50,NA,0.7,0.15,0.1,1,1,2,40,"pre_fragmentation","random",25,1269,26,19,1,2499,935,1
58,548,50,NA,0.7,0.15,0.1,1,1,2,40,"pre_fragmentation","random",25,1269,26,19,1,2499,948,1
58,548,50,NA,0.7,0.15,0.1,1,1,2,40,"pre_fragmentation","random",25,1269,26,19,1,2499,963,3
58,548,50,NA,0.7,0.15,0.1,1,1,2,40,"pre_fragmentation","random",25,1269,26,19,1,2499,964,1
58,548,50,NA,0.7,0.15,0.1,1,1,2,40,"pre_fragmentation","random",25,1269,26,19,1,2499,980,1
58,548,50,NA,0.7,0.15,0.1,1,1,2,40,"pre_fragmentation","random",25,1269,26,19,1,2499,982,1
58,548,50,NA,0.7,0.15,0.1,1,1,2,40,"pre_fragmentation","random",25,1269,26,19,1,2499,983,1
58,548,50,NA,0.7,0.15,0.1,1,1,2,40,"pre_fragmentation","random",25,1269,26,19,1,2499,987,1
58,548,50,NA,0.7,0.15,0.1,1,1,2,40,"pre_fragmentation","random",26,1729,35,29,1,2499,628,1
58,548,50,NA,0.7,0.15,0.1,1,1,2,40,"pre_fragmentation","random",26,1729,35,29,1,2499,647,1
58,548,50,NA,0.7,0.15,0.1,1,1,2,40,"pre_fragmentation","random",26,1729,35,29,1,2499,663,1
58,548,50,NA,0.7,0.15,0.1,1,1,2,40,"pre_fragmentation","random",26,1729,35,29,1,2499,670,1
58,548,50,NA,0.7,0.15,0.1,1,1,2,40,"pre_fragmentation","random",26,1729,35,29,1,2499,674,1
58,548,50,NA,0.7,0.15,0.1,1,1,2,40,"pre_fragmentation","random",26,1729,35,29,1,2499,676,2
58,548,50,NA,0.7,0.15,0.1,1,1,2,40,"pre_fragmentation","random",26,1729,35,29,1,2499,677,1
58,548,50,NA,0.7,0.15,0.1,1,1,2,40,"pre_fragmentation","random",26,1729,35,29,1,2499,681,1
58,548,50,NA,0.7,0.15,0.1,1,1,2,40,"pre_fragmentation","random",26,1729,35,29,1,2499,682,3
58,548,50,NA,0.7,0.15,0.1,1,1,2,40,"pre_fragmentation","random",26,1729,35,29,1,2499,695,1
58,548,50,NA,0.7,0.15,0.1,1,1,2,40,"pre_fragmentation","random",26,1729,35,29,1,2499,713,1
58,548,50,NA,0.7,0.15,0.1,1,1,2,40,"pre_fragmentation","random",26,1729,35,29,1,2499,715,1
58,548,50,NA,0.7,0.15,0.1,1,1,2,40,"pre_fragmentation","random",26,1729,35,29,1,2499,723,1
58,548,50,NA,0.7,0.15,0.1,1,1,2,40,"pre_fragmentation","random",26,1729,35,29,1,2499,734,1
58,548,50,NA,0.7,0.15,0.1,1,1,2,40,"pre_fragmentation","random",26,1729,35,29,1,2499,750,1
58,548,50,NA,0.7,0.15,0.1,1,1,2,40,"pre_fragmentation","random",26,1729,35,29,1,2499,752,2
58,548,50,NA,0.7,0.15,0.1,1,1,2,40,"pre_fragmentation","random",26,1729,35,29,1,2499,758,1
58,548,50,NA,0.7,0.15,0.1,1,1,2,40,"pre_fragmentation","random",26,1729,35,29,1,2499,765,2
58,548,50,NA,0.7,0.15,0.1,1,1,2,40,"pre_fragmentation","random",26,1729,35,29,1,2499,771,1
58,548,50,NA,0.7,0.15,0.1,1,1,2,40,"pre_fragmentation","random",26,1729,35,29,1,2499,773,1
58,548,50,NA,0.7,0.15,0.1,1,1,2,40,"pre_fragmentation","random",26,1729,35,29,1,2499,776,1
58,548,50,NA,0.7,0.15,0.1,1,1,2,40,"pre_fragmentation","random",26,1729,35,29,1,2499,781,1
58,548,50,NA,0.7,0.15,0.1,1,1,2,40,"pre_fragmentation","random",26,1729,35,29,1,2499,786,1
58,548,50,NA,0.7,0.15,0.1,1,1,2,40,"pre_fragmentation","random",26,1729,35,29,1,2499,788,1
58,548,50,NA,0.7,0.15,0.1,1,1,2,40,"pre_fragmentation","random",26,1729,35,29,1,2499,791,3
58,548,50,NA,0.7,0.15,0.1,1,1,2,40,"pre_fragmentation","random",26,1729,35,29,1,2499,803,1
58,548,50,NA,0.7,0.15,0.1,1,1,2,40,"pre_fragmentation","random",26,1729,35,29,1,2499,805,1
58,548,50,NA,0.7,0.15,0.1,1,1,2,40,"pre_fragmentation","random",26,1729,35,29,1,2499,813,1
58,548,50,NA,0.7,0.15,0.1,1,1,2,40,"pre_fragmentation","random",26,1729,35,29,1,2499,820,1
58,548,50,NA,0.7,0.15,0.1,1,1,2,40,"pre_fragmentation","random",26,1729,35,29,1,2499,846,1
58,548,50,NA,0.7,0.15,0.1,1,1,2,40,"pre_fragmentation","random",27,1163,24,13,1,2499,475,1
58,548,50,NA,0.7,0.15,0.1,1,1,2,40,"pre_fragmentation","random",27,1163,24,13,1,2499,570,1
58,548,50,NA,0.7,0.15,0.1,1,1,2,40,"pre_fragmentation","random",27,1163,24,13,1,2499,594,2
58,548,50,NA,0.7,0.15,0.1,1,1,2,40,"pre_fragmentation","random",27,1163,24,13,1,2499,609,1
58,548,50,NA,0.7,0.15,0.1,1,1,2,40,"pre_fragmentation","random",27,1163,24,13,1,2499,626,1
58,548,50,NA,0.7,0.15,0.1,1,1,2,40,"pre_fragmentation","random",27,1163,24,13,1,2499,630,1
58,548,50,NA,0.7,0.15,0.1,1,1,2,40,"pre_fragmentation","random",27,1163,24,13,1,2499,637,4
58,548,50,NA,0.7,0.15,0.1,1,1,2,40,"pre_fragmentation","random",27,1163,24,13,1,2499,645,2
58,548,50,NA,0.7,0.15,0.1,1,1,2,40,"pre_fragmentation","random",27,1163,24,13,1,2499,652,3
58,548,50,NA,0.7,0.15,0.1,1,1,2,40,"pre_fragmentation","random",27,1163,24,13,1,2499,653,2
58,548,50,NA,0.7,0.15,0.1,1,1,2,40,"pre_fragmentation","random",27,1163,24,13,1,2499,656,1
58,548,50,NA,0.7,0.15,0.1,1,1,2,40,"pre_fragmentation","random",27,1163,24,13,1,2499,668,4
58,548,50,NA,0.7,0.15,0.1,1,1,2,40,"pre_fragmentation","random",27,1163,24,13,1,2499,683,2
58,548,50,NA,0.7,0.15,0.1,1,1,2,40,"pre_fragmentation","random",27,1163,24,13,1,2499,685,1
58,548,50,NA,0.7,0.15,0.1,1,1,2,40,"pre_fragmentation","random",27,1163,24,13,1,2499,688,1
58,548,50,NA,0.7,0.15,0.1,1,1,2,40,"pre_fragmentation","random",27,1163,24,13,1,2499,694,1
58,548,50,NA,0.7,0.15,0.1,1,1,2,40,"pre_fragmentation","random",27,1163,24,13,1,2499,706,1
58,548,50,NA,0.7,0.15,0.1,1,1,2,40,"pre_fragmentation","random",27,1163,24,13,1,2499,715,1
58,548,50,NA,0.7,0.15,0.1,1,1,2,40,"pre_fragmentation","random",27,1163,24,13,1,2499,724,1
58,548,50,NA,0.7,0.15,0.1,1,1,2,40,"pre_fragmentation","random",27,1163,24,13,1,2499,735,1
58,548,50,NA,0.7,0.15,0.1,1,1,2,40,"pre_fragmentation","random",27,1163,24,13,1,2499,747,2
58,548,50,NA,0.7,0.15,0.1,1,1,2,40,"pre_fragmentation","random",27,1163,24,13,1,2499,758,2
58,548,50,NA,0.7,0.15,0.1,1,1,2,40,"pre_fragmentation","random",27,1163,24,13,1,2499,766,3
58,548,50,NA,0.7,0.15,0.1,1,1,2,40,"pre_fragmentation","random",27,1163,24,13,1,2499,783,1
58,548,50,NA,0.7,0.15,0.1,1,1,2,40,"pre_fragmentation","random",27,1163,24,13,1,2499,824,1
58,548,50,NA,0.7,0.15,0.1,1,1,2,40,"pre_fragmentation","random",27,1163,24,13,1,2499,864,1
58,548,50,NA,0.7,0.15,0.1,1,1,2,40,"pre_fragmentation","random",28,1299,26,49,1,2499,232,2
58,548,50,NA,0.7,0.15,0.1,1,1,2,40,"pre_fragmentation","random",28,1299,26,49,1,2499,241,1
58,548,50,NA,0.7,0.15,0.1,1,1,2,40,"pre_fragmentation","random",28,1299,26,49,1,2499,246,1
58,548,50,NA,0.7,0.15,0.1,1,1,2,40,"pre_fragmentation","random",28,1299,26,49,1,2499,247,1
58,548,50,NA,0.7,0.15,0.1,1,1,2,40,"pre_fragmentation","random",28,1299,26,49,1,2499,258,2
58,548,50,NA,0.7,0.15,0.1,1,1,2,40,"pre_fragmentation","random",28,1299,26,49,1,2499,259,1
58,548,50,NA,0.7,0.15,0.1,1,1,2,40,"pre_fragmentation","random",28,1299,26,49,1,2499,260,2
58,548,50,NA,0.7,0.15,0.1,1,1,2,40,"pre_fragmentation","random",28,1299,26,49,1,2499,262,1
58,548,50,NA,0.7,0.15,0.1,1,1,2,40,"pre_fragmentation","random",28,1299,26,49,1,2499,265,1
58,548,50,NA,0.7,0.15,0.1,1,1,2,40,"pre_fragmentation","random",28,1299,26,49,1,2499,266,2
58,548,50,NA,0.7,0.15,0.1,1,1,2,40,"pre_fragmentation","random",28,1299,26,49,1,2499,273,1
58,548,50,NA,0.7,0.15,0.1,1,1,2,40,"pre_fragmentation","random",28,1299,26,49,1,2499,280,4
58,548,50,NA,0.7,0.15,0.1,1,1,2,40,"pre_fragmentation","random",28,1299,26,49,1,2499,287,2
58,548,50,NA,0.7,0.15,0.1,1,1,2,40,"pre_fragmentation","random",28,1299,26,49,1,2499,293,3
58,548,50,NA,0.7,0.15,0.1,1,1,2,40,"pre_fragmentation","random",28,1299,26,49,1,2499,295,1
58,548,50,NA,0.7,0.15,0.1,1,1,2,40,"pre_fragmentation","random",28,1299,26,49,1,2499,306,1
58,548,50,NA,0.7,0.15,0.1,1,1,2,40,"pre_fragmentation","random",28,1299,26,49,1,2499,310,1
58,548,50,NA,0.7,0.15,0.1,1,1,2,40,"pre_fragmentation","random",28,1299,26,49,1,2499,319,3
58,548,50,NA,0.7,0.15,0.1,1,1,2,40,"pre_fragmentation","random",28,1299,26,49,1,2499,325,1
58,548,50,NA,0.7,0.15,0.1,1,1,2,40,"pre_fragmentation","random",28,1299,26,49,1,2499,328,3
58,548,50,NA,0.7,0.15,0.1,1,1,2,40,"pre_fragmentation","random",28,1299,26,49,1,2499,334,2
58,548,50,NA,0.7,0.15,0.1,1,1,2,40,"pre_fragmentation","random",28,1299,26,49,1,2499,340,2
58,548,50,NA,0.7,0.15,0.1,1,1,2,40,"pre_fragmentation","random",28,1299,26,49,1,2499,352,2
58,548,50,NA,0.7,0.15,0.1,1,1,2,40,"pre_fragmentation","random",29,1919,39,19,1,2499,361,1
58,548,50,NA,0.7,0.15,0.1,1,1,2,40,"pre_fragmentation","random",29,1919,39,19,1,2499,365,1
58,548,50,NA,0.7,0.15,0.1,1,1,2,40,"pre_fragmentation","random",29,1919,39,19,1,2499,414,1
58,548,50,NA,0.7,0.15,0.1,1,1,2,40,"pre_fragmentation","random",29,1919,39,19,1,2499,417,1
58,548,50,NA,0.7,0.15,0.1,1,1,2,40,"pre_fragmentation","random",29,1919,39,19,1,2499,434,1
58,548,50,NA,0.7,0.15,0.1,1,1,2,40,"pre_fragmentation","random",29,1919,39,19,1,2499,441,1
58,548,50,NA,0.7,0.15,0.1,1,1,2,40,"pre_fragmentation","random",29,1919,39,19,1,2499,466,1
58,548,50,NA,0.7,0.15,0.1,1,1,2,40,"pre_fragmentation","random",29,1919,39,19,1,2499,472,1
58,548,50,NA,0.7,0.15,0.1,1,1,2,40,"pre_fragmentation","random",29,1919,39,19,1,2499,476,2
58,548,50,NA,0.7,0.15,0.1,1,1,2,40,"pre_fragmentation","random",29,1919,39,19,1,2499,477,6
58,548,50,NA,0.7,0.15,0.1,1,1,2,40,"pre_fragmentation","random",29,1919,39,19,1,2499,486,1
58,548,50,NA,0.7,0.15,0.1,1,1,2,40,"pre_fragmentation","random",29,1919,39,19,1,2499,487,2
58,548,50,NA,0.7,0.15,0.1,1,1,2,40,"pre_fragmentation","random",29,1919,39,19,1,2499,498,2
58,548,50,NA,0.7,0.15,0.1,1,1,2,40,"pre_fragmentation","random",29,1919,39,19,1,2499,501,1
58,548,50,NA,0.7,0.15,0.1,1,1,2,40,"pre_fragmentation","random",29,1919,39,19,1,2499,503,5
58,548,50,NA,0.7,0.15,0.1,1,1,2,40,"pre_fragmentation","random",29,1919,39,19,1,2499,506,2
58,548,50,NA,0.7,0.15,0.1,1,1,2,40,"pre_fragmentation","random",29,1919,39,19,1,2499,509,1
58,548,50,NA,0.7,0.15,0.1,1,1,2,40,"pre_fragmentation","random",29,1919,39,19,1,2499,510,1
58,548,50,NA,0.7,0.15,0.1,1,1,2,40,"pre_fragmentation","random",29,1919,39,19,1,2499,516,2
58,548,50,NA,0.7,0.15,0.1,1,1,2,40,"pre_fragmentation","random",29,1919,39,19,1,2499,527,2
58,548,50,NA,0.7,0.15,0.1,1,1,2,40,"pre_fragmentation","random",29,1919,39,19,1,2499,529,2
58,548,50,NA,0.7,0.15,0.1,1,1,2,40,"pre_fragmentation","random",29,1919,39,19,1,2499,535,1
58,548,50,NA,0.7,0.15,0.1,1,1,2,40,"pre_fragmentation","random",29,1919,39,19,1,2499,538,1
58,548,50,NA,0.7,0.15,0.1,1,1,2,40,"pre_fragmentation","random",29,1919,39,19,1,2499,541,2
58,548,50,NA,0.7,0.15,0.1,1,1,2,40,"pre_fragmentation","random",29,1919,39,19,1,2499,552,1
58,548,50,NA,0.7,0.15,0.1,1,1,2,40,"pre_fragmentation","random",30,1668,34,18,1,2499,623,1
58,548,50,NA,0.7,0.15,0.1,1,1,2,40,"pre_fragmentation","random",30,1668,34,18,1,2499,641,1
58,548,50,NA,0.7,0.15,0.1,1,1,2,40,"pre_fragmentation","random",30,1668,34,18,1,2499,650,1
58,548,50,NA,0.7,0.15,0.1,1,1,2,40,"pre_fragmentation","random",30,1668,34,18,1,2499,701,1
58,548,50,NA,0.7,0.15,0.1,1,1,2,40,"pre_fragmentation","random",30,1668,34,18,1,2499,716,1
58,548,50,NA,0.7,0.15,0.1,1,1,2,40,"pre_fragmentation","random",30,1668,34,18,1,2499,717,1
58,548,50,NA,0.7,0.15,0.1,1,1,2,40,"pre_fragmentation","random",30,1668,34,18,1,2499,721,2
58,548,50,NA,0.7,0.15,0.1,1,1,2,40,"pre_fragmentation","random",30,1668,34,18,1,2499,724,1
58,548,50,NA,0.7,0.15,0.1,1,1,2,40,"pre_fragmentation","random",30,1668,34,18,1,2499,725,1
58,548,50,NA,0.7,0.15,0.1,1,1,2,40,"pre_fragmentation","random",30,1668,34,18,1,2499,730,2
58,548,50,NA,0.7,0.15,0.1,1,1,2,40,"pre_fragmentation","random",30,1668,34,18,1,2499,739,1
58,548,50,NA,0.7,0.15,0.1,1,1,2,40,"pre_fragmentation","random",30,1668,34,18,1,2499,741,1
58,548,50,NA,0.7,0.15,0.1,1,1,2,40,"pre_fragmentation","random",30,1668,34,18,1,2499,756,2
58,548,50,NA,0.7,0.15,0.1,1,1,2,40,"pre_fragmentation","random",30,1668,34,18,1,2499,765,1
58,548,50,NA,0.7,0.15,0.1,1,1,2,40,"pre_fragmentation","random",30,1668,34,18,1,2499,771,1
58,548,50,NA,0.7,0.15,0.1,1,1,2,40,"pre_fragmentation","random",30,1668,34,18,1,2499,772,2
58,548,50,NA,0.7,0.15,0.1,1,1,2,40,"pre_fragmentation","random",30,1668,34,18,1,2499,776,1
58,548,50,NA,0.7,0.15,0.1,1,1,2,40,"pre_fragmentation","random",30,1668,34,18,1,2499,781,2
58,548,50,NA,0.7,0.15,0.1,1,1,2,40,"pre_fragmentation","random",30,1668,34,18,1,2499,788,1
58,548,50,NA,0.7,0.15,0.1,1,1,2,40,"pre_fragmentation","random",30,1668,34,18,1,2499,795,1
58,548,50,NA,0.7,0.15,0.1,1,1,2,40,"pre_fragmentation","random",30,1668,34,18,1,2499,806,1
58,548,50,NA,0.7,0.15,0.1,1,1,2,40,"pre_fragmentation","random",30,1668,34,18,1,2499,811,1
58,548,50,NA,0.7,0.15,0.1,1,1,2,40,"pre_fragmentation","random",30,1668,34,18,1,2499,814,2
58,548,50,NA,0.7,0.15,0.1,1,1,2,40,"pre_fragmentation","random",30,1668,34,18,1,2499,824,1
58,548,50,NA,0.7,0.15,0.1,1,1,2,40,"pre_fragmentation","random",30,1668,34,18,1,2499,835,1
58,548,50,NA,0.7,0.15,0.1,1,1,2,40,"pre_fragmentation","random",30,1668,34,18,1,2499,849,1
58,548,50,NA,0.7,0.15,0.1,1,1,2,40,"pre_fragmentation","random",30,1668,34,18,1,2499,853,2
58,548,50,NA,0.7,0.15,0.1,1,1,2,40,"pre_fragmentation","random",30,1668,34,18,1,2499,858,1
58,548,50,NA,0.7,0.15,0.1,1,1,2,40,"pre_fragmentation","random",30,1668,34,18,1,2499,860,1
58,548,50,NA,0.7,0.15,0.1,1,1,2,40,"pre_fragmentation","random",30,1668,34,18,1,2499,863,1
58,548,50,NA,0.7,0.15,0.1,1,1,2,40,"pre_fragmentation","random",30,1668,34,18,1,2499,891,1
58,548,50,NA,0.7,0.15,0.1,1,1,2,40,"pre_fragmentation","random",30,1668,34,18,1,2499,924,1
58,548,50,0.2,0.7,0.15,0.1,1,1,2,40,"post_fragmentation","random",1,1553,32,3,1,346,266,1
58,548,50,0.2,0.7,0.15,0.1,1,1,2,40,"post_fragmentation","random",1,1553,32,3,1,346,279,1
58,548,50,0.2,0.7,0.15,0.1,1,1,2,40,"post_fragmentation","random",1,1553,32,3,1,346,280,1
58,548,50,0.2,0.7,0.15,0.1,1,1,2,40,"post_fragmentation","random",1,1553,32,3,1,346,281,1
58,548,50,0.2,0.7,0.15,0.1,1,1,2,40,"post_fragmentation","random",1,1553,32,3,1,346,291,3
58,548,50,0.2,0.7,0.15,0.1,1,1,2,40,"post_fragmentation","random",1,1553,32,3,1,346,310,1
58,548,50,0.2,0.7,0.15,0.1,1,1,2,40,"post_fragmentation","random",1,1553,32,3,1,346,312,3
58,548,50,0.2,0.7,0.15,0.1,1,1,2,40,"post_fragmentation","random",1,1553,32,3,1,346,336,3
58,548,50,0.2,0.7,0.15,0.1,1,1,2,40,"post_fragmentation","random",1,1553,32,3,1,346,338,5
58,548,50,0.2,0.7,0.15,0.1,1,1,2,40,"post_fragmentation","random",1,1553,32,3,1,346,344,1
58,548,50,0.2,0.7,0.15,0.1,1,1,2,40,"post_fragmentation","random",1,1553,32,3,1,346,349,1
58,548,50,0.2,0.7,0.15,0.1,1,1,2,40,"post_fragmentation","random",1,1553,32,3,1,346,351,1
58,548,50,0.2,0.7,0.15,0.1,1,1,2,40,"post_fragmentation","random",1,1553,32,3,1,346,353,3
58,548,50,0.2,0.7,0.15,0.1,1,1,2,40,"post_fragmentation","random",1,1553,32,3,1,346,372,1
58,548,50,0.2,0.7,0.15,0.1,1,1,2,40,"post_fragmentation","random",1,1553,32,3,1,346,375,1
58,548,50,0.2,0.7,0.15,0.1,1,1,2,40,"post_fragmentation","random",1,1553,32,3,1,346,378,1
58,548,50,0.2,0.7,0.15,0.1,1,1,2,40,"post_fragmentation","random",1,1553,32,3,1,346,385,1
58,548,50,0.2,0.7,0.15,0.1,1,1,2,40,"post_fragmentation","random",1,1553,32,3,1,346,387,2
58,548,50,0.2,0.7,0.15,0.1,1,1,2,40,"post_fragmentation","random",1,1553,32,3,1,346,389,1
58,548,50,0.2,0.7,0.15,0.1,1,1,2,40,"post_fragmentation","random",1,1553,32,3,1,346,401,2
58,548,50,0.2,0.7,0.15,0.1,1,1,2,40,"post_fragmentation","random",1,1553,32,3,1,346,403,1
58,548,50,0.2,0.7,0.15,0.1,1,1,2,40,"post_fragmentation","random",1,1553,32,3,1,346,421,2
58,548,50,0.2,0.7,0.15,0.1,1,1,2,40,"post_fragmentation","random",1,1553,32,3,1,346,433,2
58,548,50,0.2,0.7,0.15,0.1,1,1,2,40,"post_fragmentation","random",1,1553,32,3,1,346,478,1
58,548,50,0.2,0.7,0.15,0.1,1,1,2,40,"post_fragmentation","random",2,1746,35,46,1,346,247,1
58,548,50,0.2,0.7,0.15,0.1,1,1,2,40,"post_fragmentation","random",2,1746,35,46,1,346,259,2
58,548,50,0.2,0.7,0.15,0.1,1,1,2,40,"post_fragmentation","random",2,1746,35,46,1,346,260,1
58,548,50,0.2,0.7,0.15,0.1,1,1,2,40,"post_fragmentation","random",2,1746,35,46,1,346,266,1
58,548,50,0.2,0.7,0.15,0.1,1,1,2,40,"post_fragmentation","random",2,1746,35,46,1,346,271,1
58,548,50,0.2,0.7,0.15,0.1,1,1,2,40,"post_fragmentation","random",2,1746,35,46,1,346,273,1
58,548,50,0.2,0.7,0.15,0.1,1,1,2,40,"post_fragmentation","random",2,1746,35,46,1,346,279,1
58,548,50,0.2,0.7,0.15,0.1,1,1,2,40,"post_fragmentation","random",2,1746,35,46,1,346,287,1
58,548,50,0.2,0.7,0.15,0.1,1,1,2,40,"post_fragmentation","random",2,1746,35,46,1,346,295,1
58,548,50,0.2,0.7,0.15,0.1,1,1,2,40,"post_fragmentation","random",2,1746,35,46,1,346,305,3
58,548,50,0.2,0.7,0.15,0.1,1,1,2,40,"post_fragmentation","random",2,1746,35,46,1,346,306,8
58,548,50,0.2,0.7,0.15,0.1,1,1,2,40,"post_fragmentation","random",2,1746,35,46,1,346,315,1
58,548,50,0.2,0.7,0.15,0.1,1,1,2,40,"post_fragmentation","random",2,1746,35,46,1,346,317,1
58,548,50,0.2,0.7,0.15,0.1,1,1,2,40,"post_fragmentation","random",2,1746,35,46,1,346,335,2
58,548,50,0.2,0.7,0.15,0.1,1,1,2,40,"post_fragmentation","random",2,1746,35,46,1,346,336,2
58,548,50,0.2,0.7,0.15,0.1,1,1,2,40,"post_fragmentation","random",2,1746,35,46,1,346,338,2
58,548,50,0.2,0.7,0.15,0.1,1,1,2,40,"post_fragmentation","random",2,1746,35,46,1,346,340,1
58,548,50,0.2,0.7,0.15,0.1,1,1,2,40,"post_fragmentation","random",2,1746,35,46,1,346,374,3
58,548,50,0.2,0.7,0.15,0.1,1,1,2,40,"post_fragmentation","random",2,1746,35,46,1,346,385,2
58,548,50,0.2,0.7,0.15,0.1,1,1,2,40,"post_fragmentation","random",2,1746,35,46,1,346,389,1
58,548,50,0.2,0.7,0.15,0.1,1,1,2,40,"post_fragmentation","random",2,1746,35,46,1,346,399,1
58,548,50,0.2,0.7,0.15,0.1,1,1,2,40,"post_fragmentation","random",2,1746,35,46,1,346,409,1
58,548,50,0.2,0.7,0.15,0.1,1,1,2,40,"post_fragmentation","random",2,1746,35,46,1,346,417,1
58,548,50,0.2,0.7,0.15,0.1,1,1,2,40,"post_fragmentation","random",2,1746,35,46,1,346,522,1
58,548,50,0.2,0.7,0.15,0.1,1,1,2,40,"post_fragmentation","random",3,1501,31,1,1,346,247,1
58,548,50,0.2,0.7,0.15,0.1,1,1,2,40,"post_fragmentation","random",3,1501,31,1,1,346,262,2
58,548,50,0.2,0.7,0.15,0.1,1,1,2,40,"post_fragmentation","random",3,1501,31,1,1,346,263,1
58,548,50,0.2,0.7,0.15,0.1,1,1,2,40,"post_fragmentation","random",3,1501,31,1,1,346,266,2
58,548,50,0.2,0.7,0.15,0.1,1,1,2,40,"post_fragmentation","random",3,1501,31,1,1,346,267,1
58,548,50,0.2,0.7,0.15,0.1,1,1,2,40,"post_fragmentation","random",3,1501,31,1,1,346,274,1
58,548,50,0.2,0.7,0.15,0.1,1,1,2,40,"post_fragmentation","random",3,1501,31,1,1,346,275,1
58,548,50,0.2,0.7,0.15,0.1,1,1,2,40,"post_fragmentation","random",3,1501,31,1,1,346,280,4
58,548,50,0.2,0.7,0.15,0.1,1,1,2,40,"post_fragmentation","random",3,1501,31,1,1,346,283,1
58,548,50,0.2,0.7,0.15,0.1,1,1,2,40,"post_fragmentation","random",3,1501,31,1,1,346,287,3
58,548,50,0.2,0.7,0.15,0.1,1,1,2,40,"post_fragmentation","random",3,1501,31,1,1,346,295,2
58,548,50,0.2,0.7,0.15,0.1,1,1,2,40,"post_fragmentation","random",3,1501,31,1,1,346,305,1
58,548,50,0.2,0.7,0.15,0.1,1,1,2,40,"post_fragmentation","random",3,1501,31,1,1,346,306,1
58,548,50,0.2,0.7,0.15,0.1,1,1,2,40,"post_fragmentation","random",3,1501,31,1,1,346,312,1
58,548,50,0.2,0.7,0.15,0.1,1,1,2,40,"post_fragmentation","random",3,1501,31,1,1,346,325,1
58,548,50,0.2,0.7,0.15,0.1,1,1,2,40,"post_fragmentation","random",3,1501,31,1,1,346,328,3
58,548,50,0.2,0.7,0.15,0.1,1,1,2,40,"post_fragmentation","random",3,1501,31,1,1,346,329,1
58,548,50,0.2,0.7,0.15,0.1,1,1,2,40,"post_fragmentation","random",3,1501,31,1,1,346,336,1
58,548,50,0.2,0.7,0.15,0.1,1,1,2,40,"post_fragmentation","random",3,1501,31,1,1,346,347,1
58,548,50,0.2,0.7,0.15,0.1,1,1,2,40,"post_fragmentation","random",3,1501,31,1,1,346,351,1
58,548,50,0.2,0.7,0.15,0.1,1,1,2,40,"post_fragmentation","random",3,1501,31,1,1,346,353,1
58,548,50,0.2,0.7,0.15,0.1,1,1,2,40,"post_fragmentation","random",3,1501,31,1,1,346,373,1
58,548,50,0.2,0.7,0.15,0.1,1,1,2,40,"post_fragmentation","random",3,1501,31,1,1,346,387,1
58,548,50,0.2,0.7,0.15,0.1,1,1,2,40,"post_fragmentation","random",3,1501,31,1,1,346,405,1
58,548,50,0.2,0.7,0.15,0.1,1,1,2,40,"post_fragmentation","random",3,1501,31,1,1,346,433,2
58,548,50,0.2,0.7,0.15,0.1,1,1,2,40,"post_fragmentation","random",3,1501,31,1,1,346,446,1
58,548,50,0.2,0.7,0.15,0.1,1,1,2,40,"post_fragmentation","random",3,1501,31,1,1,346,457,1
58,548,50,0.2,0.7,0.15,0.1,1,1,2,40,"post_fragmentation","random",4,1450,29,50,1,346,246,1
58,548,50,0.2,0.7,0.15,0.1,1,1,2,40,"post_fragmentation","random",4,1450,29,50,1,346,260,1
58,548,50,0.2,0.7,0.15,0.1,1,1,2,40,"post_fragmentation","random",4,1450,29,50,1,346,264,1
58,548,50,0.2,0.7,0.15,0.1,1,1,2,40,"post_fragmentation","random",4,1450,29,50,1,346,265,1
58,548,50,0.2,0.7,0.15,0.1,1,1,2,40,"post_fragmentation","random",4,1450,29,50,1,346,266,2
58,548,50,0.2,0.7,0.15,0.1,1,1,2,40,"post_fragmentation","random",4,1450,29,50,1,346,270,2
58,548,50,0.2,0.7,0.15,0.1,1,1,2,40,"post_fragmentation","random",4,1450,29,50,1,346,279,2
58,548,50,0.2,0.7,0.15,0.1,1,1,2,40,"post_fragmentation","random",4,1450,29,50,1,346,280,2
58,548,50,0.2,0.7,0.15,0.1,1,1,2,40,"post_fragmentation","random",4,1450,29,50,1,346,283,5
58,548,50,0.2,0.7,0.15,0.1,1,1,2,40,"post_fragmentation","random",4,1450,29,50,1,346,287,1
58,548,50,0.2,0.7,0.15,0.1,1,1,2,40,"post_fragmentation","random",4,1450,29,50,1,346,293,1
58,548,50,0.2,0.7,0.15,0.1,1,1,2,40,"post_fragmentation","random",4,1450,29,50,1,346,295,2
58,548,50,0.2,0.7,0.15,0.1,1,1,2,40,"post_fragmentation","random",4,1450,29,50,1,346,298,1
58,548,50,0.2,0.7,0.15,0.1,1,1,2,40,"post_fragmentation","random",4,1450,29,50,1,346,299,2
58,548,50,0.2,0.7,0.15,0.1,1,1,2,40,"post_fragmentation","random",4,1450,29,50,1,346,310,1
58,548,50,0.2,0.7,0.15,0.1,1,1,2,40,"post_fragmentation","random",4,1450,29,50,1,346,312,1
58,548,50,0.2,0.7,0.15,0.1,1,1,2,40,"post_fragmentation","random",4,1450,29,50,1,346,316,2
58,548,50,0.2,0.7,0.15,0.1,1,1,2,40,"post_fragmentation","random",4,1450,29,50,1,346,317,1
58,548,50,0.2,0.7,0.15,0.1,1,1,2,40,"post_fragmentation","random",4,1450,29,50,1,346,325,1
58,548,50,0.2,0.7,0.15,0.1,1,1,2,40,"post_fragmentation","random",4,1450,29,50,1,346,338,2
58,548,50,0.2,0.7,0.15,0.1,1,1,2,40,"post_fragmentation","random",4,1450,29,50,1,346,351,1
58,548,50,0.2,0.7,0.15,0.1,1,1,2,40,"post_fragmentation","random",4,1450,29,50,1,346,353,1
58,548,50,0.2,0.7,0.15,0.1,1,1,2,40,"post_fragmentation","random",4,1450,29,50,1,346,374,1
58,548,50,0.2,0.7,0.15,0.1,1,1,2,40,"post_fragmentation","random",4,1450,29,50,1,346,389,1
58,548,50,0.2,0.7,0.15,0.1,1,1,2,40,"post_fragmentation","random",5,1649,33,49,1,346,246,1
58,548,50,0.2,0.7,0.15,0.1,1,1,2,40,"post_fragmentation","random",5,1649,33,49,1,346,261,1
58,548,50,0.2,0.7,0.15,0.1,1,1,2,40,"post_fragmentation","random",5,1649,33,49,1,346,266,1
58,548,50,0.2,0.7,0.15,0.1,1,1,2,40,"post_fragmentation","random",5,1649,33,49,1,346,273,1
58,548,50,0.2,0.7,0.15,0.1,1,1,2,40,"post_fragmentation","random",5,1649,33,49,1,346,291,1
58,548,50,0.2,0.7,0.15,0.1,1,1,2,40,"post_fragmentation","random",5,1649,33,49,1,346,310,2
58,548,50,0.2,0.7,0.15,0.1,1,1,2,40,"post_fragmentation","random",5,1649,33,49,1,346,312,2
58,548,50,0.2,0.7,0.15,0.1,1,1,2,40,"post_fragmentation","random",5,1649,33,49,1,346,321,2
58,548,50,0.2,0.7,0.15,0.1,1,1,2,40,"post_fragmentation","random",5,1649,33,49,1,346,336,2
58,548,50,0.2,0.7,0.15,0.1,1,1,2,40,"post_fragmentation","random",5,1649,33,49,1,346,338,1
58,548,50,0.2,0.7,0.15,0.1,1,1,2,40,"post_fragmentation","random",5,1649,33,49,1,346,351,2
58,548,50,0.2,0.7,0.15,0.1,1,1,2,40,"post_fragmentation","random",5,1649,33,49,1,346,353,1
58,548,50,0.2,0.7,0.15,0.1,1,1,2,40,"post_fragmentation","random",5,1649,33,49,1,346,367,1
58,548,50,0.2,0.7,0.15,0.1,1,1,2,40,"post_fragmentation","random",5,1649,33,49,1,346,373,1
58,548,50,0.2,0.7,0.15,0.1,1,1,2,40,"post_fragmentation","random",5,1649,33,49,1,346,374,4
58,548,50,0.2,0.7,0.15,0.1,1,1,2,40,"post_fragmentation","random",5,1649,33,49,1,346,380,1
58,548,50,0.2,0.7,0.15,0.1,1,1,2,40,"post_fragmentation","random",5,1649,33,49,1,346,388,1
58,548,50,0.2,0.7,0.15,0.1,1,1,2,40,"post_fragmentation","random",5,1649,33,49,1,346,389,1
58,548,50,0.2,0.7,0.15,0.1,1,1,2,40,"post_fragmentation","random",5,1649,33,49,1,346,395,1
58,548,50,0.2,0.7,0.15,0.1,1,1,2,40,"post_fragmentation","random",5,1649,33,49,1,346,399,4
58,548,50,0.2,0.7,0.15,0.1,1,1,2,40,"post_fragmentation","random",5,1649,33,49,1,346,401,1
58,548,50,0.2,0.7,0.15,0.1,1,1,2,40,"post_fragmentation","random",5,1649,33,49,1,346,405,1
58,548,50,0.2,0.7,0.15,0.1,1,1,2,40,"post_fragmentation","random",5,1649,33,49,1,346,432,1
58,548,50,0.2,0.7,0.15,0.1,1,1,2,40,"post_fragmentation","random",5,1649,33,49,1,346,444,1
58,548,50,0.2,0.7,0.15,0.1,1,1,2,40,"post_fragmentation","random",5,1649,33,49,1,346,446,1
58,548,50,0.2,0.7,0.15,0.1,1,1,2,40,"post_fragmentation","random",5,1649,33,49,1,346,449,2
58,548,50,0.2,0.7,0.15,0.1,1,1,2,40,"post_fragmentation","random",6,1003,21,3,1,346,226,1
58,548,50,0.2,0.7,0.15,0.1,1,1,2,40,"post_fragmentation","random",6,1003,21,3,1,346,246,1
58,548,50,0.2,0.7,0.15,0.1,1,1,2,40,"post_fragmentation","random",6,1003,21,3,1,346,247,2
58,548,50,0.2,0.7,0.15,0.1,1,1,2,40,"post_fragmentation","random",6,1003,21,3,1,346,260,1
58,548,50,0.2,0.7,0.15,0.1,1,1,2,40,"post_fragmentation","random",6,1003,21,3,1,346,262,1
58,548,50,0.2,0.7,0.15,0.1,1,1,2,40,"post_fragmentation","random",6,1003,21,3,1,346,264,1
58,548,50,0.2,0.7,0.15,0.1,1,1,2,40,"post_fragmentation","random",6,1003,21,3,1,346,265,1
58,548,50,0.2,0.7,0.15,0.1,1,1,2,40,"post_fragmentation","random",6,1003,21,3,1,346,267,1
58,548,50,0.2,0.7,0.15,0.1,1,1,2,40,"post_fragmentation","random",6,1003,21,3,1,346,275,1
58,548,50,0.2,0.7,0.15,0.1,1,1,2,40,"post_fragmentation","random",6,1003,21,3,1,346,276,4
58,548,50,0.2,0.7,0.15,0.1,1,1,2,40,"post_fragmentation","random",6,1003,21,3,1,346,287,1
58,548,50,0.2,0.7,0.15,0.1,1,1,2,40,"post_fragmentation","random",6,1003,21,3,1,346,291,1
58,548,50,0.2,0.7,0.15,0.1,1,1,2,40,"post_fragmentation","random",6,1003,21,3,1,346,304,1
58,548,50,0.2,0.7,0.15,0.1,1,1,2,40,"post_fragmentation","random",6,1003,21,3,1,346,312,1
58,548,50,0.2,0.7,0.15,0.1,1,1,2,40,"post_fragmentation","random",6,1003,21,3,1,346,317,3
58,548,50,0.2,0.7,0.15,0.1,1,1,2,40,"post_fragmentation","random",6,1003,21,3,1,346,320,2
58,548,50,0.2,0.7,0.15,0.1,1,1,2,40,"post_fragmentation","random",6,1003,21,3,1,346,324,1
58,548,50,0.2,0.7,0.15,0.1,1,1,2,40,"post_fragmentation","random",6,1003,21,3,1,346,325,1
58,548,50,0.2,0.7,0.15,0.1,1,1,2,40,"post_fragmentation","random",6,1003,21,3,1,346,342,4
58,548,50,0.2,0.7,0.15,0.1,1,1,2,40,"post_fragmentation","random",6,1003,21,3,1,346,352,2
58,548,50,0.2,0.7,0.15,0.1,1,1,2,40,"post_fragmentation","random",6,1003,21,3,1,346,362,1
58,548,50,0.2,0.7,0.15,0.1,1,1,2,40,"post_fragmentation","random",6,1003,21,3,1,346,364,1
58,548,50,0.2,0.7,0.15,0.1,1,1,2,40,"post_fragmentation","random",6,1003,21,3,1,346,383,3
58,548,50,0.2,0.7,0.15,0.1,1,1,2,40,"post_fragmentation","random",6,1003,21,3,1,346,394,1
58,548,50,0.2,0.7,0.15,0.1,1,1,2,40,"post_fragmentation","random",6,1003,21,3,1,346,399,2
58,548,50,0.2,0.7,0.15,0.1,1,1,2,40,"post_fragmentation","random",6,1003,21,3,1,346,465,1
58,548,50,0.2,0.7,0.15,0.1,1,1,2,40,"post_fragmentation","random",7,1701,35,1,1,346,280,1
58,548,50,0.2,0.7,0.15,0.1,1,1,2,40,"post_fragmentation","random",7,1701,35,1,1,346,306,3
58,548,50,0.2,0.7,0.15,0.1,1,1,2,40,"post_fragmentation","random",7,1701,35,1,1,346,315,1
58,548,50,0.2,0.7,0.15,0.1,1,1,2,40,"post_fragmentation","random",7,1701,35,1,1,346,338,1
58,548,50,0.2,0.7,0.15,0.1,1,1,2,40,"post_fragmentation","random",7,1701,35,1,1,346,342,1
58,548,50,0.2,0.7,0.15,0.1,1,1,2,40,"post_fragmentation","random",7,1701,35,1,1,346,349,2
58,548,50,0.2,0.7,0.15,0.1,1,1,2,40,"post_fragmentation","random",7,1701,35,1,1,346,351,2
58,548,50,0.2,0.7,0.15,0.1,1,1,2,40,"post_fragmentation","random",7,1701,35,1,1,346,367,2
58,548,50,0.2,0.7,0.15,0.1,1,1,2,40,"post_fragmentation","random",7,1701,35,1,1,346,374,1
58,548,50,0.2,0.7,0.15,0.1,1,1,2,40,"post_fragmentation","random",7,1701,35,1,1,346,377,1
58,548,50,0.2,0.7,0.15,0.1,1,1,2,40,"post_fragmentation","random",7,1701,35,1,1,346,386,1
58,548,50,0.2,0.7,0.15,0.1,1,1,2,40,"post_fragmentation","random",7,1701,35,1,1,346,387,4
58,548,50,0.2,0.7,0.15,0.1,1,1,2,40,"post_fragmentation","random",7,1701,35,1,1,346,389,4
58,548,50,0.2,0.7,0.15,0.1,1,1,2,40,"post_fragmentation","random",7,1701,35,1,1,346,395,1
58,548,50,0.2,0.7,0.15,0.1,1,1,2,40,"post_fragmentation","random",7,1701,35,1,1,346,401,1
58,548,50,0.2,0.7,0.15,0.1,1,1,2,40,"post_fragmentation","random",7,1701,35,1,1,346,405,1
58,548,50,0.2,0.7,0.15,0.1,1,1,2,40,"post_fragmentation","random",7,1701,35,1,1,346,424,3
58,548,50,0.2,0.7,0.15,0.1,1,1,2,40,"post_fragmentation","random",7,1701,35,1,1,346,433,1
58,548,50,0.2,0.7,0.15,0.1,1,1,2,40,"post_fragmentation","random",7,1701,35,1,1,346,446,2
58,548,50,0.2,0.7,0.15,0.1,1,1,2,40,"post_fragmentation","random",7,1701,35,1,1,346,449,4
58,548,50,0.2,0.7,0.15,0.1,1,1,2,40,"post_fragmentation","random",7,1701,35,1,1,346,457,1
58,548,50,0.2,0.7,0.15,0.1,1,1,2,40,"post_fragmentation","random",7,1701,35,1,1,346,459,1
58,548,50,0.2,0.7,0.15,0.1,1,1,2,40,"post_fragmentation","random",7,1701,35,1,1,346,467,1
58,548,50,0.2,0.7,0.15,0.1,1,1,2,40,"post_fragmentation","random",7,1701,35,1,1,346,480,2
58,548,50,0.2,0.7,0.15,0.1,1,1,2,40,"post_fragmentation","random",8,1506,31,6,1,346,260,1
58,548,50,0.2,0.7,0.15,0.1,1,1,2,40,"post_fragmentation","random",8,1506,31,6,1,346,315,1
58,548,50,0.2,0.7,0.15,0.1,1,1,2,40,"post_fragmentation","random",8,1506,31,6,1,346,324,1
58,548,50,0.2,0.7,0.15,0.1,1,1,2,40,"post_fragmentation","random",8,1506,31,6,1,346,344,1
58,548,50,0.2,0.7,0.15,0.1,1,1,2,40,"post_fragmentation","random",8,1506,31,6,1,346,347,2
58,548,50,0.2,0.7,0.15,0.1,1,1,2,40,"post_fragmentation","random",8,1506,31,6,1,346,349,2
58,548,50,0.2,0.7,0.15,0.1,1,1,2,40,"post_fragmentation","random",8,1506,31,6,1,346,367,1
58,548,50,0.2,0.7,0.15,0.1,1,1,2,40,"post_fragmentation","random",8,1506,31,6,1,346,372,1
58,548,50,0.2,0.7,0.15,0.1,1,1,2,40,"post_fragmentation","random",8,1506,31,6,1,346,373,2
58,548,50,0.2,0.7,0.15,0.1,1,1,2,40,"post_fragmentation","random",8,1506,31,6,1,346,374,2
58,548,50,0.2,0.7,0.15,0.1,1,1,2,40,"post_fragmentation","random",8,1506,31,6,1,346,385,1
58,548,50,0.2,0.7,0.15,0.1,1,1,2,40,"post_fragmentation","random",8,1506,31,6,1,346,387,1
58,548,50,0.2,0.7,0.15,0.1,1,1,2,40,"post_fragmentation","random",8,1506,31,6,1,346,403,1
58,548,50,0.2,0.7,0.15,0.1,1,1,2,40,"post_fragmentation","random",8,1506,31,6,1,346,409,1
58,548,50,0.2,0.7,0.15,0.1,1,1,2,40,"post_fragmentation","random",8,1506,31,6,1,346,411,3
58,548,50,0.2,0.7,0.15,0.1,1,1,2,40,"post_fragmentation","random",8,1506,31,6,1,346,414,2
58,548,50,0.2,0.7,0.15,0.1,1,1,2,40,"post_fragmentation","random",8,1506,31,6,1,346,425,2
58,548,50,0.2,0.7,0.15,0.1,1,1,2,40,"post_fragmentation","random",8,1506,31,6,1,346,442,3
58,548,50,0.2,0.7,0.15,0.1,1,1,2,40,"post_fragmentation","random",8,1506,31,6,1,346,457,1
58,548,50,0.2,0.7,0.15,0.1,1,1,2,40,"post_fragmentation","random",8,1506,31,6,1,346,471,2
58,548,50,0.2,0.7,0.15,0.1,1,1,2,40,"post_fragmentation","random",8,1506,31,6,1,346,478,2
58,548,50,0.2,0.7,0.15,0.1,1,1,2,40,"post_fragmentation","random",8,1506,31,6,1,346,489,1
58,548,50,0.2,0.7,0.15,0.1,1,1,2,40,"post_fragmentation","random",8,1506,31,6,1,346,503,1
58,548,50,0.2,0.7,0.15,0.1,1,1,2,40,"post_fragmentation","random",8,1506,31,6,1,346,564,1
58,548,50,0.2,0.7,0.15,0.1,1,1,2,40,"post_fragmentation","random",9,1159,24,9,1,346,469,1
58,548,50,0.2,0.7,0.15,0.1,1,1,2,40,"post_fragmentation","random",9,1159,24,9,1,346,473,1
58,548,50,0.2,0.7,0.15,0.1,1,1,2,40,"post_fragmentation","random",9,1159,24,9,1,346,490,1
58,548,50,0.2,0.7,0.15,0.1,1,1,2,40,"post_fragmentation","random",9,1159,24,9,1,346,497,1
58,548,50,0.2,0.7,0.15,0.1,1,1,2,40,"post_fragmentation","random",9,1159,24,9,1,346,498,1
58,548,50,0.2,0.7,0.15,0.1,1,1,2,40,"post_fragmentation","random",9,1159,24,9,1,346,516,1
58,548,50,0.2,0.7,0.15,0.1,1,1,2,40,"post_fragmentation","random",9,1159,24,9,1,346,530,2
58,548,50,0.2,0.7,0.15,0.1,1,1,2,40,"post_fragmentation","random",9,1159,24,9,1,346,540,2
58,548,50,0.2,0.7,0.15,0.1,1,1,2,40,"post_fragmentation","random",9,1159,24,9,1,346,554,2
58,548,50,0.2,0.7,0.15,0.1,1,1,2,40,"post_fragmentation","random",9,1159,24,9,1,346,558,1
58,548,50,0.2,0.7,0.15,0.1,1,1,2,40,"post_fragmentation","random",9,1159,24,9,1,346,575,1
58,548,50,0.2,0.7,0.15,0.1,1,1,2,40,"post_fragmentation","random",9,1159,24,9,1,346,577,1
58,548,50,0.2,0.7,0.15,0.1,1,1,2,40,"post_fragmentation","random",9,1159,24,9,1,346,580,1
58,548,50,0.2,0.7,0.15,0.1,1,1,2,40,"post_fragmentation","random",9,1159,24,9,1,346,581,1
58,548,50,0.2,0.7,0.15,0.1,1,1,2,40,"post_fragmentation","random",9,1159,24,9,1,346,587,3
58,548,50,0.2,0.7,0.15,0.1,1,1,2,40,"post_fragmentation","random",9,1159,24,9,1,346,589,2
58,548,50,0.2,0.7,0.15,0.1,1,1,2,40,"post_fragmentation","random",9,1159,24,9,1,346,593,1
58,548,50,0.2,0.7,0.15,0.1,1,1,2,40,"post_fragmentation","random",9,1159,24,9,1,346,594,2
58,548,50,0.2,0.7,0.15,0.1,1,1,2,40,"post_fragmentation","random",9,1159,24,9,1,346,596,1
58,548,50,0.2,0.7,0.15,0.1,1,1,2,40,"post_fragmentation","random",9,1159,24,9,1,346,604,1
58,548,50,0.2,0.7,0.15,0.1,1,1,2,40,"post_fragmentation","random",9,1159,24,9,1,346,609,2
58,548,50,0.2,0.7,0.15,0.1,1,1,2,40,"post_fragmentation","random",9,1159,24,9,1,346,637,2
58,548,50,0.2,0.7,0.15,0.1,1,1,2,40,"post_fragmentation","random",9,1159,24,9,1,346,688,1
58,548,50,0.2,0.7,0.15,0.1,1,1,2,40,"post_fragmentation","random",9,1159,24,9,1,346,709,1
58,548,50,0.2,0.7,0.15,0.1,1,1,2,40,"post_fragmentation","random",10,1558,32,8,1,346,291,1
58,548,50,0.2,0.7,0.15,0.1,1,1,2,40,"post_fragmentation","random",10,1558,32,8,1,346,310,1
58,548,50,0.2,0.7,0.15,0.1,1,1,2,40,"post_fragmentation","random",10,1558,32,8,1,346,322,1
58,548,50,0.2,0.7,0.15,0.1,1,1,2,40,"post_fragmentation","random",10,1558,32,8,1,346,374,2
58,548,50,0.2,0.7,0.15,0.1,1,1,2,40,"post_fragmentation","random",10,1558,32,8,1,346,381,1
58,548,50,0.2,0.7,0.15,0.1,1,1,2,40,"post_fragmentation","random",10,1558,32,8,1,346,387,1
58,548,50,0.2,0.7,0.15,0.1,1,1,2,40,"post_fragmentation","random",10,1558,32,8,1,346,388,3
58,548,50,0.2,0.7,0.15,0.1,1,1,2,40,"post_fragmentation","random",10,1558,32,8,1,346,396,1
58,548,50,0.2,0.7,0.15,0.1,1,1,2,40,"post_fragmentation","random",10,1558,32,8,1,346,411,1
58,548,50,0.2,0.7,0.15,0.1,1,1,2,40,"post_fragmentation","random",10,1558,32,8,1,346,414,3
58,548,50,0.2,0.7,0.15,0.1,1,1,2,40,"post_fragmentation","random",10,1558,32,8,1,346,433,1
58,548,50,0.2,0.7,0.15,0.1,1,1,2,40,"post_fragmentation","random",10,1558,32,8,1,346,436,2
58,548,50,0.2,0.7,0.15,0.1,1,1,2,40,"post_fragmentation","random",10,1558,32,8,1,346,448,1
58,548,50,0.2,0.7,0.15,0.1,1,1,2,40,"post_fragmentation","random",10,1558,32,8,1,346,455,1
58,548,50,0.2,0.7,0.15,0.1,1,1,2,40,"post_fragmentation","random",10,1558,32,8,1,346,457,1
58,548,50,0.2,0.7,0.15,0.1,1,1,2,40,"post_fragmentation","random",10,1558,32,8,1,346,467,1
58,548,50,0.2,0.7,0.15,0.1,1,1,2,40,"post_fragmentation","random",10,1558,32,8,1,346,477,3
58,548,50,0.2,0.7,0.15,0.1,1,1,2,40,"post_fragmentation","random",10,1558,32,8,1,346,480,1
58,548,50,0.2,0.7,0.15,0.1,1,1,2,40,"post_fragmentation","random",10,1558,32,8,1,346,489,1
58,548,50,0.2,0.7,0.15,0.1,1,1,2,40,"post_fragmentation","random",10,1558,32,8,1,346,498,3
58,548,50,0.2,0.7,0.15,0.1,1,1,2,40,"post_fragmentation","random",10,1558,32,8,1,346,499,1
58,548,50,0.2,0.7,0.15,0.1,1,1,2,40,"post_fragmentation","random",10,1558,32,8,1,346,503,1
58,548,50,0.2,0.7,0.15,0.1,1,1,2,40,"post_fragmentation","random",10,1558,32,8,1,346,524,1
58,548,50,0.2,0.7,0.15,0.1,1,1,2,40,"post_fragmentation","random",10,1558,32,8,1,346,529,1
58,548,50,0.2,0.7,0.15,0.1,1,1,2,40,"post_fragmentation","random",10,1558,32,8,1,346,530,1
58,548,50,0.2,0.7,0.15,0.1,1,1,2,40,"post_fragmentation","random",10,1558,32,8,1,346,589,1
58,548,50,0.2,0.7,0.15,0.1,1,1,2,40,"post_fragmentation","random",11,1851,38,1,1,346,275,1
58,548,50,0.2,0.7,0.15,0.1,1,1,2,40,"post_fragmentation","random",11,1851,38,1,1,346,278,1
58,548,50,0.2,0.7,0.15,0.1,1,1,2,40,"post_fragmentation","random",11,1851,38,1,1,346,297,1
58,548,50,0.2,0.7,0.15,0.1,1,1,2,40,"post_fragmentation","random",11,1851,38,1,1,346,306,2
58,548,50,0.2,0.7,0.15,0.1,1,1,2,40,"post_fragmentation","random",11,1851,38,1,1,346,312,1
58,548,50,0.2,0.7,0.15,0.1,1,1,2,40,"post_fragmentation","random",11,1851,38,1,1,346,315,1
58,548,50,0.2,0.7,0.15,0.1,1,1,2,40,"post_fragmentation","random",11,1851,38,1,1,346,318,1
58,548,50,0.2,0.7,0.15,0.1,1,1,2,40,"post_fragmentation","random",11,1851,38,1,1,346,324,3
58,548,50,0.2,0.7,0.15,0.1,1,1,2,40,"post_fragmentation","random",11,1851,38,1,1,346,325,1
58,548,50,0.2,0.7,0.15,0.1,1,1,2,40,"post_fragmentation","random",11,1851,38,1,1,346,335,2
58,548,50,0.2,0.7,0.15,0.1,1,1,2,40,"post_fragmentation","random",11,1851,38,1,1,346,336,1
58,548,50,0.2,0.7,0.15,0.1,1,1,2,40,"post_fragmentation","random",11,1851,38,1,1,346,339,1
58,548,50,0.2,0.7,0.15,0.1,1,1,2,40,"post_fragmentation","random",11,1851,38,1,1,346,349,1
58,548,50,0.2,0.7,0.15,0.1,1,1,2,40,"post_fragmentation","random",11,1851,38,1,1,346,367,2
58,548,50,0.2,0.7,0.15,0.1,1,1,2,40,"post_fragmentation","random",11,1851,38,1,1,346,374,1
58,548,50,0.2,0.7,0.15,0.1,1,1,2,40,"post_fragmentation","random",11,1851,38,1,1,346,377,1
58,548,50,0.2,0.7,0.15,0.1,1,1,2,40,"post_fragmentation","random",11,1851,38,1,1,346,384,1
58,548,50,0.2,0.7,0.15,0.1,1,1,2,40,"post_fragmentation","random",11,1851,38,1,1,346,387,1
58,548,50,0.2,0.7,0.15,0.1,1,1,2,40,"post_fragmentation","random",11,1851,38,1,1,346,389,3
58,548,50,0.2,0.7,0.15,0.1,1,1,2,40,"post_fragmentation","random",11,1851,38,1,1,346,399,4
58,548,50,0.2,0.7,0.15,0.1,1,1,2,40,"post_fragmentation","random",11,1851,38,1,1,346,411,2
58,548,50,0.2,0.7,0.15,0.1,1,1,2,40,"post_fragmentation","random",11,1851,38,1,1,346,442,1
58,548,50,0.2,0.7,0.15,0.1,1,1,2,40,"post_fragmentation","random",11,1851,38,1,1,346,446,2
58,548,50,0.2,0.7,0.15,0.1,1,1,2,40,"post_fragmentation","random",11,1851,38,1,1,346,455,1
58,548,50,0.2,0.7,0.15,0.1,1,1,2,40,"post_fragmentation","random",12,1855,38,5,1,346,224,1
58,548,50,0.2,0.7,0.15,0.1,1,1,2,40,"post_fragmentation","random",12,1855,38,5,1,346,302,1
58,548,50,0.2,0.7,0.15,0.1,1,1,2,40,"post_fragmentation","random",12,1855,38,5,1,346,338,1
58,548,50,0.2,0.7,0.15,0.1,1,1,2,40,"post_fragmentation","random",12,1855,38,5,1,346,351,1
58,548,50,0.2,0.7,0.15,0.1,1,1,2,40,"post_fragmentation","random",12,1855,38,5,1,346,363,2
58,548,50,0.2,0.7,0.15,0.1,1,1,2,40,"post_fragmentation","random",12,1855,38,5,1,346,364,1
58,548,50,0.2,0.7,0.15,0.1,1,1,2,40,"post_fragmentation","random",12,1855,38,5,1,346,367,3
58,548,50,0.2,0.7,0.15,0.1,1,1,2,40,"post_fragmentation","random",12,1855,38,5,1,346,374,5
58,548,50,0.2,0.7,0.15,0.1,1,1,2,40,"post_fragmentation","random",12,1855,38,5,1,346,375,1
58,548,50,0.2,0.7,0.15,0.1,1,1,2,40,"post_fragmentation","random",12,1855,38,5,1,346,385,1
58,548,50,0.2,0.7,0.15,0.1,1,1,2,40,"post_fragmentation","random",12,1855,38,5,1,346,388,1
58,548,50,0.2,0.7,0.15,0.1,1,1,2,40,"post_fragmentation","random",12,1855,38,5,1,346,389,3
58,548,50,0.2,0.7,0.15,0.1,1,1,2,40,"post_fragmentation","random",12,1855,38,5,1,346,395,2
58,548,50,0.2,0.7,0.15,0.1,1,1,2,40,"post_fragmentation","random",12,1855,38,5,1,346,399,1
58,548,50,0.2,0.7,0.15,0.1,1,1,2,40,"post_fragmentation","random",12,1855,38,5,1,346,405,1
58,548,50,0.2,0.7,0.15,0.1,1,1,2,40,"post_fragmentation","random",12,1855,38,5,1,346,411,1
58,548,50,0.2,0.7,0.15,0.1,1,1,2,40,"post_fragmentation","random",12,1855,38,5,1,346,414,3
58,548,50,0.2,0.7,0.15,0.1,1,1,2,40,"post_fragmentation","random",12,1855,38,5,1,346,424,1
58,548,50,0.2,0.7,0.15,0.1,1,1,2,40,"post_fragmentation","random",12,1855,38,5,1,346,433,1
58,548,50,0.2,0.7,0.15,0.1,1,1,2,40,"post_fragmentation","random",12,1855,38,5,1,346,436,2
58,548,50,0.2,0.7,0.15,0.1,1,1,2,40,"post_fragmentation","random",12,1855,38,5,1,346,445,1
58,548,50,0.2,0.7,0.15,0.1,1,1,2,40,"post_fragmentation","random",12,1855,38,5,1,346,446,3
58,548,50,0.2,0.7,0.15,0.1,1,1,2,40,"post_fragmentation","random",13,1658,34,8,1,346,328,1
58,548,50,0.2,0.7,0.15,0.1,1,1,2,40,"post_fragmentation","random",13,1658,34,8,1,346,338,1
58,548,50,0.2,0.7,0.15,0.1,1,1,2,40,"post_fragmentation","random",13,1658,34,8,1,346,349,1
58,548,50,0.2,0.7,0.15,0.1,1,1,2,40,"post_fragmentation","random",13,1658,34,8,1,346,351,1
58,548,50,0.2,0.7,0.15,0.1,1,1,2,40,"post_fragmentation","random",13,1658,34,8,1,346,364,1
58,548,50,0.2,0.7,0.15,0.1,1,1,2,40,"post_fragmentation","random",13,1658,34,8,1,346,373,1
58,548,50,0.2,0.7,0.15,0.1,1,1,2,40,"post_fragmentation","random",13,1658,34,8,1,346,374,1
58,548,50,0.2,0.7,0.15,0.1,1,1,2,40,"post_fragmentation","random",13,1658,34,8,1,346,387,1
58,548,50,0.2,0.7,0.15,0.1,1,1,2,40,"post_fragmentation","random",13,1658,34,8,1,346,388,1
58,548,50,0.2,0.7,0.15,0.1,1,1,2,40,"post_fragmentation","random",13,1658,34,8,1,346,389,3
58,548,50,0.2,0.7,0.15,0.1,1,1,2,40,"post_fragmentation","random",13,1658,34,8,1,346,390,2
58,548,50,0.2,0.7,0.15,0.1,1,1,2,40,"post_fragmentation","random",13,1658,34,8,1,346,399,1
58,548,50,0.2,0.7,0.15,0.1,1,1,2,40,"post_fragmentation","random",13,1658,34,8,1,346,414,2
58,548,50,0.2,0.7,0.15,0.1,1,1,2,40,"post_fragmentation","random",13,1658,34,8,1,346,424,2
58,548,50,0.2,0.7,0.15,0.1,1,1,2,40,"post_fragmentation","random",13,1658,34,8,1,346,429,1
58,548,50,0.2,0.7,0.15,0.1,1,1,2,40,"post_fragmentation","random",13,1658,34,8,1,346,432,1
58,548,50,0.2,0.7,0.15,0.1,1,1,2,40,"post_fragmentation","random",13,1658,34,8,1,346,435,1
58,548,50,0.2,0.7,0.15,0.1,1,1,2,40,"post_fragmentation","random",13,1658,34,8,1,346,446,1
58,548,50,0.2,0.7,0.15,0.1,1,1,2,40,"post_fragmentation","random",13,1658,34,8,1,346,449,3
58,548,50,0.2,0.7,0.15,0.1,1,1,2,40,"post_fragmentation","random",13,1658,34,8,1,346,457,1
58,548,50,0.2,0.7,0.15,0.1,1,1,2,40,"post_fragmentation","random",13,1658,34,8,1,346,459,1
58,548,50,0.2,0.7,0.15,0.1,1,1,2,40,"post_fragmentation","random",13,1658,34,8,1,346,477,1
58,548,50,0.2,0.7,0.15,0.1,1,1,2,40,"post_fragmentation","random",13,1658,34,8,1,346,503,1
58,548,50,0.2,0.7,0.15,0.1,1,1,2,40,"post_fragmentation","random",13,1658,34,8,1,346,594,2
58,548,50,0.2,0.7,0.15,0.1,1,1,2,40,"post_fragmentation","random",14,1301,27,1,1,346,232,1
58,548,50,0.2,0.7,0.15,0.1,1,1,2,40,"post_fragmentation","random",14,1301,27,1,1,346,241,1
58,548,50,0.2,0.7,0.15,0.1,1,1,2,40,"post_fragmentation","random",14,1301,27,1,1,346,246,2
58,548,50,0.2,0.7,0.15,0.1,1,1,2,40,"post_fragmentation","random",14,1301,27,1,1,346,247,1
58,548,50,0.2,0.7,0.15,0.1,1,1,2,40,"post_fragmentation","random",14,1301,27,1,1,346,265,1
58,548,50,0.2,0.7,0.15,0.1,1,1,2,40,"post_fragmentation","random",14,1301,27,1,1,346,273,1
58,548,50,0.2,0.7,0.15,0.1,1,1,2,40,"post_fragmentation","random",14,1301,27,1,1,346,276,2
58,548,50,0.2,0.7,0.15,0.1,1,1,2,40,"post_fragmentation","random",14,1301,27,1,1,346,280,2
58,548,50,0.2,0.7,0.15,0.1,1,1,2,40,"post_fragmentation","random",14,1301,27,1,1,346,287,1
58,548,50,0.2,0.7,0.15,0.1,1,1,2,40,"post_fragmentation","random",14,1301,27,1,1,346,291,1
58,548,50,0.2,0.7,0.15,0.1,1,1,2,40,"post_fragmentation","random",14,1301,27,1,1,346,295,1
58,548,50,0.2,0.7,0.15,0.1,1,1,2,40,"post_fragmentation","random",14,1301,27,1,1,346,298,1
58,548,50,0.2,0.7,0.15,0.1,1,1,2,40,"post_fragmentation","random",14,1301,27,1,1,346,299,1
58,548,50,0.2,0.7,0.15,0.1,1,1,2,40,"post_fragmentation","random",14,1301,27,1,1,346,306,1
58,548,50,0.2,0.7,0.15,0.1,1,1,2,40,"post_fragmentation","random",14,1301,27,1,1,346,312,2
58,548,50,0.2,0.7,0.15,0.1,1,1,2,40,"post_fragmentation","random",14,1301,27,1,1,346,324,5
58,548,50,0.2,0.7,0.15,0.1,1,1,2,40,"post_fragmentation","random",14,1301,27,1,1,346,344,1
58,548,50,0.2,0.7,0.15,0.1,1,1,2,40,"post_fragmentation","random",14,1301,27,1,1,346,348,1
58,548,50,0.2,0.7,0.15,0.1,1,1,2,40,"post_fragmentation","random",14,1301,27,1,1,346,349,2
58,548,50,0.2,0.7,0.15,0.1,1,1,2,40,"post_fragmentation","random",14,1301,27,1,1,346,352,1
58,548,50,0.2,0.7,0.15,0.1,1,1,2,40,"post_fragmentation","random",14,1301,27,1,1,346,374,1
58,548,50,0.2,0.7,0.15,0.1,1,1,2,40,"post_fragmentation","random",14,1301,27,1,1,346,391,1
58,548,50,0.2,0.7,0.15,0.1,1,1,2,40,"post_fragmentation","random",15,1062,22,12,1,346,399,2
58,548,50,0.2,0.7,0.15,0.1,1,1,2,40,"post_fragmentation","random",15,1062,22,12,1,346,444,1
58,548,50,0.2,0.7,0.15,0.1,1,1,2,40,"post_fragmentation","random",15,1062,22,12,1,346,459,1
58,548,50,0.2,0.7,0.15,0.1,1,1,2,40,"post_fragmentation","random",15,1062,22,12,1,346,497,1
58,548,50,0.2,0.7,0.15,0.1,1,1,2,40,"post_fragmentation","random",15,1062,22,12,1,346,513,2
58,548,50,0.2,0.7,0.15,0.1,1,1,2,40,"post_fragmentation","random",15,1062,22,12,1,346,530,4
58,548,50,0.2,0.7,0.15,0.1,1,1,2,40,"post_fragmentation","random",15,1062,22,12,1,346,540,2
58,548,50,0.2,0.7,0.15,0.1,1,1,2,40,"post_fragmentation","random",15,1062,22,12,1,346,541,5
58,548,50,0.2,0.7,0.15,0.1,1,1,2,40,"post_fragmentation","random",15,1062,22,12,1,346,551,1
58,548,50,0.2,0.7,0.15,0.1,1,1,2,40,"post_fragmentation","random",15,1062,22,12,1,346,554,2
58,548,50,0.2,0.7,0.15,0.1,1,1,2,40,"post_fragmentation","random",15,1062,22,12,1,346,558,2
58,548,50,0.2,0.7,0.15,0.1,1,1,2,40,"post_fragmentation","random",15,1062,22,12,1,346,581,1
58,548,50,0.2,0.7,0.15,0.1,1,1,2,40,"post_fragmentation","random",15,1062,22,12,1,346,583,1
58,548,50,0.2,0.7,0.15,0.1,1,1,2,40,"post_fragmentation","random",15,1062,22,12,1,346,587,2
58,548,50,0.2,0.7,0.15,0.1,1,1,2,40,"post_fragmentation","random",15,1062,22,12,1,346,588,1
58,548,50,0.2,0.7,0.15,0.1,1,1,2,40,"post_fragmentation","random",15,1062,22,12,1,346,589,2
58,548,50,0.2,0.7,0.15,0.1,1,1,2,40,"post_fragmentation","random",15,1062,22,12,1,346,592,2
58,548,50,0.2,0.7,0.15,0.1,1,1,2,40,"post_fragmentation","random",15,1062,22,12,1,346,594,1
58,548,50,0.2,0.7,0.15,0.1,1,1,2,40,"post_fragmentation","random",15,1062,22,12,1,346,596,1
58,548,50,0.2,0.7,0.15,0.1,1,1,2,40,"post_fragmentation","random",15,1062,22,12,1,346,609,2
58,548,50,0.2,0.7,0.15,0.1,1,1,2,40,"post_fragmentation","random",15,1062,22,12,1,346,637,1
58,548,50,0.2,0.7,0.15,0.1,1,1,2,40,"post_fragmentation","random",15,1062,22,12,1,346,668,2
58,548,50,0.2,0.7,0.15,0.1,1,1,2,40,"post_fragmentation","random",15,1062,22,12,1,346,688,1
58,548,50,0.2,0.7,0.15,0.1,1,1,2,40,"post_fragmentation","random",16,1548,31,48,1,346,241,2
58,548,50,0.2,0.7,0.15,0.1,1,1,2,40,"post_fragmentation","random",16,1548,31,48,1,346,263,1
58,548,50,0.2,0.7,0.15,0.1,1,1,2,40,"post_fragmentation","random",16,1548,31,48,1,346,264,1
58,548,50,0.2,0.7,0.15,0.1,1,1,2,40,"post_fragmentation","random",16,1548,31,48,1,346,266,1
58,548,50,0.2,0.7,0.15,0.1,1,1,2,40,"post_fragmentation","random",16,1548,31,48,1,346,273,2
58,548,50,0.2,0.7,0.15,0.1,1,1,2,40,"post_fragmentation","random",16,1548,31,48,1,346,279,1
58,548,50,0.2,0.7,0.15,0.1,1,1,2,40,"post_fragmentation","random",16,1548,31,48,1,346,280,1
58,548,50,0.2,0.7,0.15,0.1,1,1,2,40,"post_fragmentation","random",16,1548,31,48,1,346,290,1
58,548,50,0.2,0.7,0.15,0.1,1,1,2,40,"post_fragmentation","random",16,1548,31,48,1,346,291,1
58,548,50,0.2,0.7,0.15,0.1,1,1,2,40,"post_fragmentation","random",16,1548,31,48,1,346,294,1
58,548,50,0.2,0.7,0.15,0.1,1,1,2,40,"post_fragmentation","random",16,1548,31,48,1,346,300,2
58,548,50,0.2,0.7,0.15,0.1,1,1,2,40,"post_fragmentation","random",16,1548,31,48,1,346,317,1
58,548,50,0.2,0.7,0.15,0.1,1,1,2,40,"post_fragmentation","random",16,1548,31,48,1,346,318,1
58,548,50,0.2,0.7,0.15,0.1,1,1,2,40,"post_fragmentation","random",16,1548,31,48,1,346,319,1
58,548,50,0.2,0.7,0.15,0.1,1,1,2,40,"post_fragmentation","random",16,1548,31,48,1,346,320,2
58,548,50,0.2,0.7,0.15,0.1,1,1,2,40,"post_fragmentation","random",16,1548,31,48,1,346,324,1
58,548,50,0.2,0.7,0.15,0.1,1,1,2,40,"post_fragmentation","random",16,1548,31,48,1,346,328,2
58,548,50,0.2,0.7,0.15,0.1,1,1,2,40,"post_fragmentation","random",16,1548,31,48,1,346,334,1
58,548,50,0.2,0.7,0.15,0.1,1,1,2,40,"post_fragmentation","random",16,1548,31,48,1,346,336,2
58,548,50,0.2,0.7,0.15,0.1,1,1,2,40,"post_fragmentation","random",16,1548,31,48,1,346,338,1
58,548,50,0.2,0.7,0.15,0.1,1,1,2,40,"post_fragmentation","random",16,1548,31,48,1,346,349,2
58,548,50,0.2,0.7,0.15,0.1,1,1,2,40,"post_fragmentation","random",16,1548,31,48,1,346,352,1
58,548,50,0.2,0.7,0.15,0.1,1,1,2,40,"post_fragmentation","random",16,1548,31,48,1,346,374,1
58,548,50,0.2,0.7,0.15,0.1,1,1,2,40,"post_fragmentation","random",16,1548,31,48,1,346,385,1
58,548,50,0.2,0.7,0.15,0.1,1,1,2,40,"post_fragmentation","random",16,1548,31,48,1,346,388,1
58,548,50,0.2,0.7,0.15,0.1,1,1,2,40,"post_fragmentation","random",16,1548,31,48,1,346,389,1
58,548,50,0.2,0.7,0.15,0.1,1,1,2,40,"post_fragmentation","random",16,1548,31,48,1,346,395,1
58,548,50,0.2,0.7,0.15,0.1,1,1,2,40,"post_fragmentation","random",16,1548,31,48,1,346,405,2
58,548,50,0.2,0.7,0.15,0.1,1,1,2,40,"post_fragmentation","random",16,1548,31,48,1,346,424,1
58,548,50,0.2,0.7,0.15,0.1,1,1,2,40,"post_fragmentation","random",17,2126,43,26,3,28,380,1
58,548,50,0.2,0.7,0.15,0.1,1,1,2,40,"post_fragmentation","random",17,2126,43,26,3,28,396,1
58,548,50,0.2,0.7,0.15,0.1,1,1,2,40,"post_fragmentation","random",17,2126,43,26,3,28,426,1
58,548,50,0.2,0.7,0.15,0.1,1,1,2,40,"post_fragmentation","random",17,2126,43,26,3,28,441,7
58,548,50,0.2,0.7,0.15,0.1,1,1,2,40,"post_fragmentation","random",17,2126,43,26,3,28,444,1
58,548,50,0.2,0.7,0.15,0.1,1,1,2,40,"post_fragmentation","random",17,2126,43,26,3,28,445,2
58,548,50,0.2,0.7,0.15,0.1,1,1,2,40,"post_fragmentation","random",17,2126,43,26,3,28,460,1
58,548,50,0.2,0.7,0.15,0.1,1,1,2,40,"post_fragmentation","random",17,2126,43,26,3,28,462,2
58,548,50,0.2,0.7,0.15,0.1,1,1,2,40,"post_fragmentation","random",17,2126,43,26,3,28,463,3
58,548,50,0.2,0.7,0.15,0.1,1,1,2,40,"post_fragmentation","random",17,2126,43,26,3,28,466,1
58,548,50,0.2,0.7,0.15,0.1,1,1,2,40,"post_fragmentation","random",17,2126,43,26,3,28,469,1
58,548,50,0.2,0.7,0.15,0.1,1,1,2,40,"post_fragmentation","random",17,2126,43,26,3,28,471,3
58,548,50,0.2,0.7,0.15,0.1,1,1,2,40,"post_fragmentation","random",17,2126,43,26,3,28,482,2
58,548,50,0.2,0.7,0.15,0.1,1,1,2,40,"post_fragmentation","random",17,2126,43,26,3,28,486,2
58,548,50,0.2,0.7,0.15,0.1,1,1,2,40,"post_fragmentation","random",17,2126,43,26,3,28,489,1
58,548,50,0.2,0.7,0.15,0.1,1,1,2,40,"post_fragmentation","random",17,2126,43,26,3,28,503,2
58,548,50,0.2,0.7,0.15,0.1,1,1,2,40,"post_fragmentation","random",17,2126,43,26,3,28,506,1
58,548,50,0.2,0.7,0.15,0.1,1,1,2,40,"post_fragmentation","random",17,2126,43,26,3,28,520,2
58,548,50,0.2,0.7,0.15,0.1,1,1,2,40,"post_fragmentation","random",17,2126,43,26,3,28,566,1
58,548,50,0.2,0.7,0.15,0.1,1,1,2,40,"post_fragmentation","random",18,1357,28,7,1,346,338,2
58,548,50,0.2,0.7,0.15,0.1,1,1,2,40,"post_fragmentation","random",18,1357,28,7,1,346,349,1
58,548,50,0.2,0.7,0.15,0.1,1,1,2,40,"post_fragmentation","random",18,1357,28,7,1,346,387,1
58,548,50,0.2,0.7,0.15,0.1,1,1,2,40,"post_fragmentation","random",18,1357,28,7,1,346,389,1
58,548,50,0.2,0.7,0.15,0.1,1,1,2,40,"post_fragmentation","random",18,1357,28,7,1,346,414,1
58,548,50,0.2,0.7,0.15,0.1,1,1,2,40,"post_fragmentation","random",18,1357,28,7,1,346,428,1
58,548,50,0.2,0.7,0.15,0.1,1,1,2,40,"post_fragmentation","random",18,1357,28,7,1,346,443,1
58,548,50,0.2,0.7,0.15,0.1,1,1,2,40,"post_fragmentation","random",18,1357,28,7,1,346,446,1
58,548,50,0.2,0.7,0.15,0.1,1,1,2,40,"post_fragmentation","random",18,1357,28,7,1,346,451,2
58,548,50,0.2,0.7,0.15,0.1,1,1,2,40,"post_fragmentation","random",18,1357,28,7,1,346,459,4
58,548,50,0.2,0.7,0.15,0.1,1,1,2,40,"post_fragmentation","random",18,1357,28,7,1,346,467,1
58,548,50,0.2,0.7,0.15,0.1,1,1,2,40,"post_fragmentation","random",18,1357,28,7,1,346,499,1
58,548,50,0.2,0.7,0.15,0.1,1,1,2,40,"post_fragmentation","random",18,1357,28,7,1,346,524,1
58,548,50,0.2,0.7,0.15,0.1,1,1,2,40,"post_fragmentation","random",18,1357,28,7,1,346,529,1
58,548,50,0.2,0.7,0.15,0.1,1,1,2,40,"post_fragmentation","random",18,1357,28,7,1,346,540,2
58,548,50,0.2,0.7,0.15,0.1,1,1,2,40,"post_fragmentation","random",18,1357,28,7,1,346,548,1
58,548,50,0.2,0.7,0.15,0.1,1,1,2,40,"post_fragmentation","random",18,1357,28,7,1,346,565,1
58,548,50,0.2,0.7,0.15,0.1,1,1,2,40,"post_fragmentation","random",18,1357,28,7,1,346,572,1
58,548,50,0.2,0.7,0.15,0.1,1,1,2,40,"post_fragmentation","random",18,1357,28,7,1,346,577,1
58,548,50,0.2,0.7,0.15,0.1,1,1,2,40,"post_fragmentation","random",18,1357,28,7,1,346,580,1
58,548,50,0.2,0.7,0.15,0.1,1,1,2,40,"post_fragmentation","random",18,1357,28,7,1,346,594,3
58,548,50,0.2,0.7,0.15,0.1,1,1,2,40,"post_fragmentation","random",18,1357,28,7,1,346,604,2
58,548,50,0.2,0.7,0.15,0.1,1,1,2,40,"post_fragmentation","random",18,1357,28,7,1,346,626,1
58,548,50,0.2,0.7,0.15,0.1,1,1,2,40,"post_fragmentation","random",18,1357,28,7,1,346,637,1
58,548,50,0.2,0.7,0.15,0.1,1,1,2,40,"post_fragmentation","random",19,1257,26,7,1,346,335,1
58,548,50,0.2,0.7,0.15,0.1,1,1,2,40,"post_fragmentation","random",19,1257,26,7,1,346,374,2
58,548,50,0.2,0.7,0.15,0.1,1,1,2,40,"post_fragmentation","random",19,1257,26,7,1,346,384,1
58,548,50,0.2,0.7,0.15,0.1,1,1,2,40,"post_fragmentation","random",19,1257,26,7,1,346,387,1
58,548,50,0.2,0.7,0.15,0.1,1,1,2,40,"post_fragmentation","random",19,1257,26,7,1,346,398,1
58,548,50,0.2,0.7,0.15,0.1,1,1,2,40,"post_fragmentation","random",19,1257,26,7,1,346,412,1
58,548,50,0.2,0.7,0.15,0.1,1,1,2,40,"post_fragmentation","random",19,1257,26,7,1,346,432,1
58,548,50,0.2,0.7,0.15,0.1,1,1,2,40,"post_fragmentation","random",19,1257,26,7,1,346,443,2
58,548,50,0.2,0.7,0.15,0.1,1,1,2,40,"post_fragmentation","random",19,1257,26,7,1,346,446,1
58,548,50,0.2,0.7,0.15,0.1,1,1,2,40,"post_fragmentation","random",19,1257,26,7,1,346,448,2
58,548,50,0.2,0.7,0.15,0.1,1,1,2,40,"post_fragmentation","random",19,1257,26,7,1,346,449,1
58,548,50,0.2,0.7,0.15,0.1,1,1,2,40,"post_fragmentation","random",19,1257,26,7,1,346,451,2
58,548,50,0.2,0.7,0.15,0.1,1,1,2,40,"post_fragmentation","random",19,1257,26,7,1,346,459,2
58,548,50,0.2,0.7,0.15,0.1,1,1,2,40,"post_fragmentation","random",19,1257,26,7,1,346,478,2
58,548,50,0.2,0.7,0.15,0.1,1,1,2,40,"post_fragmentation","random",19,1257,26,7,1,346,490,1
58,548,50,0.2,0.7,0.15,0.1,1,1,2,40,"post_fragmentation","random",19,1257,26,7,1,346,499,2
58,548,50,0.2,0.7,0.15,0.1,1,1,2,40,"post_fragmentation","random",19,1257,26,7,1,346,530,1
58,548,50,0.2,0.7,0.15,0.1,1,1,2,40,"post_fragmentation","random",19,1257,26,7,1,346,540,2
58,548,50,0.2,0.7,0.15,0.1,1,1,2,40,"post_fragmentation","random",19,1257,26,7,1,346,554,1
58,548,50,0.2,0.7,0.15,0.1,1,1,2,40,"post_fragmentation","random",19,1257,26,7,1,346,557,1
58,548,50,0.2,0.7,0.15,0.1,1,1,2,40,"post_fragmentation","random",19,1257,26,7,1,346,559,2
58,548,50,0.2,0.7,0.15,0.1,1,1,2,40,"post_fragmentation","random",19,1257,26,7,1,346,577,1
58,548,50,0.2,0.7,0.15,0.1,1,1,2,40,"post_fragmentation","random",19,1257,26,7,1,346,581,1
58,548,50,0.2,0.7,0.15,0.1,1,1,2,40,"post_fragmentation","random",19,1257,26,7,1,346,593,1
58,548,50,0.2,0.7,0.15,0.1,1,1,2,40,"post_fragmentation","random",19,1257,26,7,1,346,594,1
58,548,50,0.2,0.7,0.15,0.1,1,1,2,40,"post_fragmentation","random",19,1257,26,7,1,346,609,1
58,548,50,0.2,0.7,0.15,0.1,1,1,2,40,"post_fragmentation","random",19,1257,26,7,1,346,627,1
58,548,50,0.2,0.7,0.15,0.1,1,1,2,40,"post_fragmentation","random",19,1257,26,7,1,346,630,1
58,548,50,0.2,0.7,0.15,0.1,1,1,2,40,"post_fragmentation","random",20,1812,37,12,1,346,367,1
58,548,50,0.2,0.7,0.15,0.1,1,1,2,40,"post_fragmentation","random",20,1812,37,12,1,346,395,1
58,548,50,0.2,0.7,0.15,0.1,1,1,2,40,"post_fragmentation","random",20,1812,37,12,1,346,424,2
58,548,50,0.2,0.7,0.15,0.1,1,1,2,40,"post_fragmentation","random",20,1812,37,12,1,346,435,1
58,548,50,0.2,0.7,0.15,0.1,1,1,2,40,"post_fragmentation","random",20,1812,37,12,1,346,436,1
58,548,50,0.2,0.7,0.15,0.1,1,1,2,40,"post_fragmentation","random",20,1812,37,12,1,346,441,1
58,548,50,0.2,0.7,0.15,0.1,1,1,2,40,"post_fragmentation","random",20,1812,37,12,1,346,449,1
58,548,50,0.2,0.7,0.15,0.1,1,1,2,40,"post_fragmentation","random",20,1812,37,12,1,346,455,1
58,548,50,0.2,0.7,0.15,0.1,1,1,2,40,"post_fragmentation","random",20,1812,37,12,1,346,457,1
58,548,50,0.2,0.7,0.15,0.1,1,1,2,40,"post_fragmentation","random",20,1812,37,12,1,346,459,2
58,548,50,0.2,0.7,0.15,0.1,1,1,2,40,"post_fragmentation","random",20,1812,37,12,1,346,463,1
58,548,50,0.2,0.7,0.15,0.1,1,1,2,40,"post_fragmentation","random",20,1812,37,12,1,346,469,1
58,548,50,0.2,0.7,0.15,0.1,1,1,2,40,"post_fragmentation","random",20,1812,37,12,1,346,477,1
58,548,50,0.2,0.7,0.15,0.1,1,1,2,40,"post_fragmentation","random",20,1812,37,12,1,346,486,1
58,548,50,0.2,0.7,0.15,0.1,1,1,2,40,"post_fragmentation","random",20,1812,37,12,1,346,487,2
58,548,50,0.2,0.7,0.15,0.1,1,1,2,40,"post_fragmentation","random",20,1812,37,12,1,346,529,2
58,548,50,0.2,0.7,0.15,0.1,1,1,2,40,"post_fragmentation","random",20,1812,37,12,1,346,534,5
58,548,50,0.2,0.7,0.15,0.1,1,1,2,40,"post_fragmentation","random",20,1812,37,12,1,346,540,2
58,548,50,0.2,0.7,0.15,0.1,1,1,2,40,"post_fragmentation","random",20,1812,37,12,1,346,541,2
58,548,50,0.2,0.7,0.15,0.1,1,1,2,40,"post_fragmentation","random",20,1812,37,12,1,346,552,1
58,548,50,0.2,0.7,0.15,0.1,1,1,2,40,"post_fragmentation","random",20,1812,37,12,1,346,659,1
58,548,50,0.2,0.7,0.15,0.1,1,1,2,40,"post_fragmentation","random",20,1812,37,12,1,346,665,1
58,548,50,0.2,0.7,0.15,0.1,1,1,2,40,"post_fragmentation","random",21,1909,39,9,1,346,177,1
58,548,50,0.2,0.7,0.15,0.1,1,1,2,40,"post_fragmentation","random",21,1909,39,9,1,346,230,2
58,548,50,0.2,0.7,0.15,0.1,1,1,2,40,"post_fragmentation","random",21,1909,39,9,1,346,236,2
58,548,50,0.2,0.7,0.15,0.1,1,1,2,40,"post_fragmentation","random",21,1909,39,9,1,346,244,1
58,548,50,0.2,0.7,0.15,0.1,1,1,2,40,"post_fragmentation","random",21,1909,39,9,1,346,300,1
58,548,50,0.2,0.7,0.15,0.1,1,1,2,40,"post_fragmentation","random",21,1909,39,9,1,346,329,1
58,548,50,0.2,0.7,0.15,0.1,1,1,2,40,"post_fragmentation","random",21,1909,39,9,1,346,336,4
58,548,50,0.2,0.7,0.15,0.1,1,1,2,40,"post_fragmentation","random",21,1909,39,9,1,346,338,3
58,548,50,0.2,0.7,0.15,0.1,1,1,2,40,"post_fragmentation","random",21,1909,39,9,1,346,341,1
58,548,50,0.2,0.7,0.15,0.1,1,1,2,40,"post_fragmentation","random",21,1909,39,9,1,346,347,2
58,548,50,0.2,0.7,0.15,0.1,1,1,2,40,"post_fragmentation","random",21,1909,39,9,1,346,363,1
58,548,50,0.2,0.7,0.15,0.1,1,1,2,40,"post_fragmentation","random",21,1909,39,9,1,346,364,2
58,548,50,0.2,0.7,0.15,0.1,1,1,2,40,"post_fragmentation","random",21,1909,39,9,1,346,372,1
58,548,50,0.2,0.7,0.15,0.1,1,1,2,40,"post_fragmentation","random",21,1909,39,9,1,346,373,1
58,548,50,0.2,0.7,0.15,0.1,1,1,2,40,"post_fragmentation","random",21,1909,39,9,1,346,375,1
58,548,50,0.2,0.7,0.15,0.1,1,1,2,40,"post_fragmentation","random",21,1909,39,9,1,346,385,1
58,548,50,0.2,0.7,0.15,0.1,1,1,2,40,"post_fragmentation","random",21,1909,39,9,1,346,386,1
58,548,50,0.2,0.7,0.15,0.1,1,1,2,40,"post_fragmentation","random",21,1909,39,9,1,346,388,1
58,548,50,0.2,0.7,0.15,0.1,1,1,2,40,"post_fragmentation","random",21,1909,39,9,1,346,389,1
58,548,50,0.2,0.7,0.15,0.1,1,1,2,40,"post_fragmentation","random",21,1909,39,9,1,346,401,1
58,548,50,0.2,0.7,0.15,0.1,1,1,2,40,"post_fragmentation","random",21,1909,39,9,1,346,403,2
58,548,50,0.2,0.7,0.15,0.1,1,1,2,40,"post_fragmentation","random",21,1909,39,9,1,346,414,1
58,548,50,0.2,0.7,0.15,0.1,1,1,2,40,"post_fragmentation","random",21,1909,39,9,1,346,421,2
58,548,50,0.2,0.7,0.15,0.1,1,1,2,40,"post_fragmentation","random",21,1909,39,9,1,346,432,1
58,548,50,0.2,0.7,0.15,0.1,1,1,2,40,"post_fragmentation","random",21,1909,39,9,1,346,477,2
58,548,50,0.2,0.7,0.15,0.1,1,1,2,40,"post_fragmentation","random",22,913,19,13,1,346,326,1
58,548,50,0.2,0.7,0.15,0.1,1,1,2,40,"post_fragmentation","random",22,913,19,13,1,346,337,1
58,548,50,0.2,0.7,0.15,0.1,1,1,2,40,"post_fragmentation","random",22,913,19,13,1,346,361,2
58,548,50,0.2,0.7,0.15,0.1,1,1,2,40,"post_fragmentation","random",22,913,19,13,1,346,368,3
58,548,50,0.2,0.7,0.15,0.1,1,1,2,40,"post_fragmentation","random",22,913,19,13,1,346,394,3
58,548,50,0.2,0.7,0.15,0.1,1,1,2,40,"post_fragmentation","random",22,913,19,13,1,346,397,1
58,548,50,0.2,0.7,0.15,0.1,1,1,2,40,"post_fragmentation","random",22,913,19,13,1,346,427,1
58,548,50,0.2,0.7,0.15,0.1,1,1,2,40,"post_fragmentation","random",22,913,19,13,1,346,430,3
58,548,50,0.2,0.7,0.15,0.1,1,1,2,40,"post_fragmentation","random",22,913,19,13,1,346,434,3
58,548,50,0.2,0.7,0.15,0.1,1,1,2,40,"post_fragmentation","random",22,913,19,13,1,346,438,1
58,548,50,0.2,0.7,0.15,0.1,1,1,2,40,"post_fragmentation","random",22,913,19,13,1,346,440,2
58,548,50,0.2,0.7,0.15,0.1,1,1,2,40,"post_fragmentation","random",22,913,19,13,1,346,449,1
58,548,50,0.2,0.7,0.15,0.1,1,1,2,40,"post_fragmentation","random",22,913,19,13,1,346,459,3
58,548,50,0.2,0.7,0.15,0.1,1,1,2,40,"post_fragmentation","random",22,913,19,13,1,346,469,3
58,548,50,0.2,0.7,0.15,0.1,1,1,2,40,"post_fragmentation","random",22,913,19,13,1,346,478,4
58,548,50,0.2,0.7,0.15,0.1,1,1,2,40,"post_fragmentation","random",22,913,19,13,1,346,510,2
58,548,50,0.2,0.7,0.15,0.1,1,1,2,40,"post_fragmentation","random",22,913,19,13,1,346,557,1
58,548,50,0.2,0.7,0.15,0.1,1,1,2,40,"post_fragmentation","random",23,1758,36,8,1,346,280,1
58,548,50,0.2,0.7,0.15,0.1,1,1,2,40,"post_fragmentation","random",23,1758,36,8,1,346,312,1
58,548,50,0.2,0.7,0.15,0.1,1,1,2,40,"post_fragmentation","random",23,1758,36,8,1,346,336,2
58,548,50,0.2,0.7,0.15,0.1,1,1,2,40,"post_fragmentation","random",23,1758,36,8,1,346,338,5
58,548,50,0.2,0.7,0.15,0.1,1,1,2,40,"post_fragmentation","random",23,1758,36,8,1,346,353,1
58,548,50,0.2,0.7,0.15,0.1,1,1,2,40,"post_fragmentation","random",23,1758,36,8,1,346,364,4
58,548,50,0.2,0.7,0.15,0.1,1,1,2,40,"post_fragmentation","random",23,1758,36,8,1,346,367,1
58,548,50,0.2,0.7,0.15,0.1,1,1,2,40,"post_fragmentation","random",23,1758,36,8,1,346,373,1
58,548,50,0.2,0.7,0.15,0.1,1,1,2,40,"post_fragmentation","random",23,1758,36,8,1,346,375,1
58,548,50,0.2,0.7,0.15,0.1,1,1,2,40,"post_fragmentation","random",23,1758,36,8,1,346,388,2
58,548,50,0.2,0.7,0.15,0.1,1,1,2,40,"post_fragmentation","random",23,1758,36,8,1,346,389,3
58,548,50,0.2,0.7,0.15,0.1,1,1,2,40,"post_fragmentation","random",23,1758,36,8,1,346,390,3
58,548,50,0.2,0.7,0.15,0.1,1,1,2,40,"post_fragmentation","random",23,1758,36,8,1,346,402,1
58,548,50,0.2,0.7,0.15,0.1,1,1,2,40,"post_fragmentation","random",23,1758,36,8,1,346,411,1
58,548,50,0.2,0.7,0.15,0.1,1,1,2,40,"post_fragmentation","random",23,1758,36,8,1,346,414,1
58,548,50,0.2,0.7,0.15,0.1,1,1,2,40,"post_fragmentation","random",23,1758,36,8,1,346,431,1
58,548,50,0.2,0.7,0.15,0.1,1,1,2,40,"post_fragmentation","random",23,1758,36,8,1,346,432,2
58,548,50,0.2,0.7,0.15,0.1,1,1,2,40,"post_fragmentation","random",23,1758,36,8,1,346,435,1
58,548,50,0.2,0.7,0.15,0.1,1,1,2,40,"post_fragmentation","random",23,1758,36,8,1,346,442,1
58,548,50,0.2,0.7,0.15,0.1,1,1,2,40,"post_fragmentation","random",23,1758,36,8,1,346,446,1
58,548,50,0.2,0.7,0.15,0.1,1,1,2,40,"post_fragmentation","random",23,1758,36,8,1,346,449,4
58,548,50,0.2,0.7,0.15,0.1,1,1,2,40,"post_fragmentation","random",23,1758,36,8,1,346,459,1
58,548,50,0.2,0.7,0.15,0.1,1,1,2,40,"post_fragmentation","random",23,1758,36,8,1,346,477,1
58,548,50,0.2,0.7,0.15,0.1,1,1,2,40,"post_fragmentation","random",23,1758,36,8,1,346,594,1
58,548,50,0.2,0.7,0.15,0.1,1,1,2,40,"post_fragmentation","random",24,2055,42,5,1,346,190,1
58,548,50,0.2,0.7,0.15,0.1,1,1,2,40,"post_fragmentation","random",24,2055,42,5,1,346,243,1
58,548,50,0.2,0.7,0.15,0.1,1,1,2,40,"post_fragmentation","random",24,2055,42,5,1,346,264,1
58,548,50,0.2,0.7,0.15,0.1,1,1,2,40,"post_fragmentation","random",24,2055,42,5,1,346,282,1
58,548,50,0.2,0.7,0.15,0.1,1,1,2,40,"post_fragmentation","random",24,2055,42,5,1,346,290,2
58,548,50,0.2,0.7,0.15,0.1,1,1,2,40,"post_fragmentation","random",24,2055,42,5,1,346,300,1
58,548,50,0.2,0.7,0.15,0.1,1,1,2,40,"post_fragmentation","random",24,2055,42,5,1,346,315,2
58,548,50,0.2,0.7,0.15,0.1,1,1,2,40,"post_fragmentation","random",24,2055,42,5,1,346,336,2
58,548,50,0.2,0.7,0.15,0.1,1,1,2,40,"post_fragmentation","random",24,2055,42,5,1,346,338,2
58,548,50,0.2,0.7,0.15,0.1,1,1,2,40,"post_fragmentation","random",24,2055,42,5,1,346,351,2
58,548,50,0.2,0.7,0.15,0.1,1,1,2,40,"post_fragmentation","random",24,2055,42,5,1,346,360,5
58,548,50,0.2,0.7,0.15,0.1,1,1,2,40,"post_fragmentation","random",24,2055,42,5,1,346,361,1
58,548,50,0.2,0.7,0.15,0.1,1,1,2,40,"post_fragmentation","random",24,2055,42,5,1,346,363,1
58,548,50,0.2,0.7,0.15,0.1,1,1,2,40,"post_fragmentation","random",24,2055,42,5,1,346,364,1
58,548,50,0.2,0.7,0.15,0.1,1,1,2,40,"post_fragmentation","random",24,2055,42,5,1,346,369,1
58,548,50,0.2,0.7,0.15,0.1,1,1,2,40,"post_fragmentation","random",24,2055,42,5,1,346,372,1
58,548,50,0.2,0.7,0.15,0.1,1,1,2,40,"post_fragmentation","random",24,2055,42,5,1,346,378,1
58,548,50,0.2,0.7,0.15,0.1,1,1,2,40,"post_fragmentation","random",24,2055,42,5,1,346,385,2
58,548,50,0.2,0.7,0.15,0.1,1,1,2,40,"post_fragmentation","random",24,2055,42,5,1,346,387,1
58,548,50,0.2,0.7,0.15,0.1,1,1,2,40,"post_fragmentation","random",24,2055,42,5,1,346,388,1
58,548,50,0.2,0.7,0.15,0.1,1,1,2,40,"post_fragmentation","random",24,2055,42,5,1,346,389,1
58,548,50,0.2,0.7,0.15,0.1,1,1,2,40,"post_fragmentation","random",24,2055,42,5,1,346,396,2
58,548,50,0.2,0.7,0.15,0.1,1,1,2,40,"post_fragmentation","random",24,2055,42,5,1,346,401,4
58,548,50,0.2,0.7,0.15,0.1,1,1,2,40,"post_fragmentation","random",24,2055,42,5,1,346,424,1
58,548,50,0.2,0.7,0.15,0.1,1,1,2,40,"post_fragmentation","random",24,2055,42,5,1,346,442,1
58,548,50,0.2,0.7,0.15,0.1,1,1,2,40,"post_fragmentation","random",24,2055,42,5,1,346,446,2
58,548,50,0.2,0.7,0.15,0.1,1,1,2,40,"post_fragmentation","random",25,1646,33,46,1,346,215,1
58,548,50,0.2,0.7,0.15,0.1,1,1,2,40,"post_fragmentation","random",25,1646,33,46,1,346,223,1
58,548,50,0.2,0.7,0.15,0.1,1,1,2,40,"post_fragmentation","random",25,1646,33,46,1,346,246,1
58,548,50,0.2,0.7,0.15,0.1,1,1,2,40,"post_fragmentation","random",25,1646,33,46,1,346,259,1
58,548,50,0.2,0.7,0.15,0.1,1,1,2,40,"post_fragmentation","random",25,1646,33,46,1,346,260,2
58,548,50,0.2,0.7,0.15,0.1,1,1,2,40,"post_fragmentation","random",25,1646,33,46,1,346,262,2
58,548,50,0.2,0.7,0.15,0.1,1,1,2,40,"post_fragmentation","random",25,1646,33,46,1,346,264,1
58,548,50,0.2,0.7,0.15,0.1,1,1,2,40,"post_fragmentation","random",25,1646,33,46,1,346,266,2
58,548,50,0.2,0.7,0.15,0.1,1,1,2,40,"post_fragmentation","random",25,1646,33,46,1,346,273,1
58,548,50,0.2,0.7,0.15,0.1,1,1,2,40,"post_fragmentation","random",25,1646,33,46,1,346,281,1
58,548,50,0.2,0.7,0.15,0.1,1,1,2,40,"post_fragmentation","random",25,1646,33,46,1,346,287,1
58,548,50,0.2,0.7,0.15,0.1,1,1,2,40,"post_fragmentation","random",25,1646,33,46,1,346,289,2
58,548,50,0.2,0.7,0.15,0.1,1,1,2,40,"post_fragmentation","random",25,1646,33,46,1,346,295,1
58,548,50,0.2,0.7,0.15,0.1,1,1,2,40,"post_fragmentation","random",25,1646,33,46,1,346,298,1
58,548,50,0.2,0.7,0.15,0.1,1,1,2,40,"post_fragmentation","random",25,1646,33,46,1,346,305,1
58,548,50,0.2,0.7,0.15,0.1,1,1,2,40,"post_fragmentation","random",25,1646,33,46,1,346,316,2
58,548,50,0.2,0.7,0.15,0.1,1,1,2,40,"post_fragmentation","random",25,1646,33,46,1,346,318,1
58,548,50,0.2,0.7,0.15,0.1,1,1,2,40,"post_fragmentation","random",25,1646,33,46,1,346,325,1
58,548,50,0.2,0.7,0.15,0.1,1,1,2,40,"post_fragmentation","random",25,1646,33,46,1,346,336,2
58,548,50,0.2,0.7,0.15,0.1,1,1,2,40,"post_fragmentation","random",25,1646,33,46,1,346,338,2
58,548,50,0.2,0.7,0.15,0.1,1,1,2,40,"post_fragmentation","random",25,1646,33,46,1,346,339,2
58,548,50,0.2,0.7,0.15,0.1,1,1,2,40,"post_fragmentation","random",25,1646,33,46,1,346,349,1
58,548,50,0.2,0.7,0.15,0.1,1,1,2,40,"post_fragmentation","random",25,1646,33,46,1,346,353,1
58,548,50,0.2,0.7,0.15,0.1,1,1,2,40,"post_fragmentation","random",25,1646,33,46,1,346,374,2
58,548,50,0.2,0.7,0.15,0.1,1,1,2,40,"post_fragmentation","random",25,1646,33,46,1,346,377,2
58,548,50,0.2,0.7,0.15,0.1,1,1,2,40,"post_fragmentation","random",25,1646,33,46,1,346,378,1
58,548,50,0.2,0.7,0.15,0.1,1,1,2,40,"post_fragmentation","random",25,1646,33,46,1,346,385,1
58,548,50,0.2,0.7,0.15,0.1,1,1,2,40,"post_fragmentation","random",25,1646,33,46,1,346,401,1
58,548,50,0.2,0.7,0.15,0.1,1,1,2,40,"post_fragmentation","random",25,1646,33,46,1,346,409,1
58,548,50,0.2,0.7,0.15,0.1,1,1,2,40,"post_fragmentation","random",25,1646,33,46,1,346,432,1
58,548,50,0.2,0.7,0.15,0.1,1,1,2,40,"post_fragmentation","random",26,1760,36,10,1,346,300,2
58,548,50,0.2,0.7,0.15,0.1,1,1,2,40,"post_fragmentation","random",26,1760,36,10,1,346,336,1
58,548,50,0.2,0.7,0.15,0.1,1,1,2,40,"post_fragmentation","random",26,1760,36,10,1,346,344,2
58,548,50,0.2,0.7,0.15,0.1,1,1,2,40,"post_fragmentation","random",26,1760,36,10,1,346,349,6
58,548,50,0.2,0.7,0.15,0.1,1,1,2,40,"post_fragmentation","random",26,1760,36,10,1,346,354,1
58,548,50,0.2,0.7,0.15,0.1,1,1,2,40,"post_fragmentation","random",26,1760,36,10,1,346,363,1
58,548,50,0.2,0.7,0.15,0.1,1,1,2,40,"post_fragmentation","random",26,1760,36,10,1,346,364,1
58,548,50,0.2,0.7,0.15,0.1,1,1,2,40,"post_fragmentation","random",26,1760,36,10,1,346,367,1
58,548,50,0.2,0.7,0.15,0.1,1,1,2,40,"post_fragmentation","random",26,1760,36,10,1,346,369,1
58,548,50,0.2,0.7,0.15,0.1,1,1,2,40,"post_fragmentation","random",26,1760,36,10,1,346,372,5
58,548,50,0.2,0.7,0.15,0.1,1,1,2,40,"post_fragmentation","random",26,1760,36,10,1,346,386,1
58,548,50,0.2,0.7,0.15,0.1,1,1,2,40,"post_fragmentation","random",26,1760,36,10,1,346,387,1
58,548,50,0.2,0.7,0.15,0.1,1,1,2,40,"post_fragmentation","random",26,1760,36,10,1,346,389,3
58,548,50,0.2,0.7,0.15,0.1,1,1,2,40,"post_fragmentation","random",26,1760,36,10,1,346,390,1
58,548,50,0.2,0.7,0.15,0.1,1,1,2,40,"post_fragmentation","random",26,1760,36,10,1,346,395,2
58,548,50,0.2,0.7,0.15,0.1,1,1,2,40,"post_fragmentation","random",26,1760,36,10,1,346,396,1
58,548,50,0.2,0.7,0.15,0.1,1,1,2,40,"post_fragmentation","random",26,1760,36,10,1,346,401,1
58,548,50,0.2,0.7,0.15,0.1,1,1,2,40,"post_fragmentation","random",26,1760,36,10,1,346,407,1
58,548,50,0.2,0.7,0.15,0.1,1,1,2,40,"post_fragmentation","random",26,1760,36,10,1,346,411,1
58,548,50,0.2,0.7,0.15,0.1,1,1,2,40,"post_fragmentation","random",26,1760,36,10,1,346,432,1
58,548,50,0.2,0.7,0.15,0.1,1,1,2,40,"post_fragmentation","random",26,1760,36,10,1,346,436,1
58,548,50,0.2,0.7,0.15,0.1,1,1,2,40,"post_fragmentation","random",26,1760,36,10,1,346,441,1
58,548,50,0.2,0.7,0.15,0.1,1,1,2,40,"post_fragmentation","random",26,1760,36,10,1,346,469,1
58,548,50,0.2,0.7,0.15,0.1,1,1,2,40,"post_fragmentation","random",26,1760,36,10,1,346,481,1
58,548,50,0.2,0.7,0.15,0.1,1,1,2,40,"post_fragmentation","random",26,1760,36,10,1,346,486,1
58,548,50,0.2,0.7,0.15,0.1,1,1,2,40,"post_fragmentation","random",26,1760,36,10,1,346,487,1
58,548,50,0.2,0.7,0.15,0.1,1,1,2,40,"post_fragmentation","random",26,1760,36,10,1,346,510,1
58,548,50,0.2,0.7,0.15,0.1,1,1,2,40,"post_fragmentation","random",27,2103,43,3,1,346,224,2
58,548,50,0.2,0.7,0.15,0.1,1,1,2,40,"post_fragmentation","random",27,2103,43,3,1,346,235,1
58,548,50,0.2,0.7,0.15,0.1,1,1,2,40,"post_fragmentation","random",27,2103,43,3,1,346,244,1
58,548,50,0.2,0.7,0.15,0.1,1,1,2,40,"post_fragmentation","random",27,2103,43,3,1,346,281,2
58,548,50,0.2,0.7,0.15,0.1,1,1,2,40,"post_fragmentation","random",27,2103,43,3,1,346,294,1
58,548,50,0.2,0.7,0.15,0.1,1,1,2,40,"post_fragmentation","random",27,2103,43,3,1,346,297,1
58,548,50,0.2,0.7,0.15,0.1,1,1,2,40,"post_fragmentation","random",27,2103,43,3,1,346,301,1
58,548,50,0.2,0.7,0.15,0.1,1,1,2,40,"post_fragmentation","random",27,2103,43,3,1,346,336,6
58,548,50,0.2,0.7,0.15,0.1,1,1,2,40,"post_fragmentation","random",27,2103,43,3,1,346,347,4
58,548,50,0.2,0.7,0.15,0.1,1,1,2,40,"post_fragmentation","random",27,2103,43,3,1,346,360,1
58,548,50,0.2,0.7,0.15,0.1,1,1,2,40,"post_fragmentation","random",27,2103,43,3,1,346,363,1
58,548,50,0.2,0.7,0.15,0.1,1,1,2,40,"post_fragmentation","random",27,2103,43,3,1,346,372,1
58,548,50,0.2,0.7,0.15,0.1,1,1,2,40,"post_fragmentation","random",27,2103,43,3,1,346,375,1
58,548,50,0.2,0.7,0.15,0.1,1,1,2,40,"post_fragmentation","random",27,2103,43,3,1,346,381,1
58,548,50,0.2,0.7,0.15,0.1,1,1,2,40,"post_fragmentation","random",27,2103,43,3,1,346,384,2
58,548,50,0.2,0.7,0.15,0.1,1,1,2,40,"post_fragmentation","random",27,2103,43,3,1,346,385,2
58,548,50,0.2,0.7,0.15,0.1,1,1,2,40,"post_fragmentation","random",27,2103,43,3,1,346,387,1
58,548,50,0.2,0.7,0.15,0.1,1,1,2,40,"post_fragmentation","random",27,2103,43,3,1,346,389,1
58,548,50,0.2,0.7,0.15,0.1,1,1,2,40,"post_fragmentation","random",27,2103,43,3,1,346,401,1
58,548,50,0.2,0.7,0.15,0.1,1,1,2,40,"post_fragmentation","random",27,2103,43,3,1,346,411,1
58,548,50,0.2,0.7,0.15,0.1,1,1,2,40,"post_fragmentation","random",27,2103,43,3,1,346,417,1
58,548,50,0.2,0.7,0.15,0.1,1,1,2,40,"post_fragmentation","random",27,2103,43,3,1,346,424,1
58,548,50,0.2,0.7,0.15,0.1,1,1,2,40,"post_fragmentation","random",27,2103,43,3,1,346,429,1
58,548,50,0.2,0.7,0.15,0.1,1,1,2,40,"post_fragmentation","random",27,2103,43,3,1,346,432,1
58,548,50,0.2,0.7,0.15,0.1,1,1,2,40,"post_fragmentation","random",27,2103,43,3,1,346,449,1
58,548,50,0.2,0.7,0.15,0.1,1,1,2,40,"post_fragmentation","random",27,2103,43,3,1,346,455,1
58,548,50,0.2,0.7,0.15,0.1,1,1,2,40,"post_fragmentation","random",28,1456,30,6,1,346,280,1
58,548,50,0.2,0.7,0.15,0.1,1,1,2,40,"post_fragmentation","random",28,1456,30,6,1,346,336,1
58,548,50,0.2,0.7,0.15,0.1,1,1,2,40,"post_fragmentation","random",28,1456,30,6,1,346,338,1
58,548,50,0.2,0.7,0.15,0.1,1,1,2,40,"post_fragmentation","random",28,1456,30,6,1,346,340,1
58,548,50,0.2,0.7,0.15,0.1,1,1,2,40,"post_fragmentation","random",28,1456,30,6,1,346,344,2
58,548,50,0.2,0.7,0.15,0.1,1,1,2,40,"post_fragmentation","random",28,1456,30,6,1,346,368,1
58,548,50,0.2,0.7,0.15,0.1,1,1,2,40,"post_fragmentation","random",28,1456,30,6,1,346,374,3
58,548,50,0.2,0.7,0.15,0.1,1,1,2,40,"post_fragmentation","random",28,1456,30,6,1,346,388,1
58,548,50,0.2,0.7,0.15,0.1,1,1,2,40,"post_fragmentation","random",28,1456,30,6,1,346,403,1
58,548,50,0.2,0.7,0.15,0.1,1,1,2,40,"post_fragmentation","random",28,1456,30,6,1,346,409,1
58,548,50,0.2,0.7,0.15,0.1,1,1,2,40,"post_fragmentation","random",28,1456,30,6,1,346,417,1
58,548,50,0.2,0.7,0.15,0.1,1,1,2,40,"post_fragmentation","random",28,1456,30,6,1,346,424,1
58,548,50,0.2,0.7,0.15,0.1,1,1,2,40,"post_fragmentation","random",28,1456,30,6,1,346,432,3
58,548,50,0.2,0.7,0.15,0.1,1,1,2,40,"post_fragmentation","random",28,1456,30,6,1,346,433,2
58,548,50,0.2,0.7,0.15,0.1,1,1,2,40,"post_fragmentation","random",28,1456,30,6,1,346,436,1
58,548,50,0.2,0.7,0.15,0.1,1,1,2,40,"post_fragmentation","random",28,1456,30,6,1,346,448,3
58,548,50,0.2,0.7,0.15,0.1,1,1,2,40,"post_fragmentation","random",28,1456,30,6,1,346,449,6
58,548,50,0.2,0.7,0.15,0.1,1,1,2,40,"post_fragmentation","random",28,1456,30,6,1,346,451,1
58,548,50,0.2,0.7,0.15,0.1,1,1,2,40,"post_fragmentation","random",28,1456,30,6,1,346,459,2
58,548,50,0.2,0.7,0.15,0.1,1,1,2,40,"post_fragmentation","random",28,1456,30,6,1,346,465,2
58,548,50,0.2,0.7,0.15,0.1,1,1,2,40,"post_fragmentation","random",28,1456,30,6,1,346,478,1
58,548,50,0.2,0.7,0.15,0.1,1,1,2,40,"post_fragmentation","random",28,1456,30,6,1,346,489,1
58,548,50,0.2,0.7,0.15,0.1,1,1,2,40,"post_fragmentation","random",28,1456,30,6,1,346,516,1
58,548,50,0.2,0.7,0.15,0.1,1,1,2,40,"post_fragmentation","random",28,1456,30,6,1,346,557,1
58,548,50,0.2,0.7,0.15,0.1,1,1,2,40,"post_fragmentation","random",29,1152,24,2,1,346,222,1
58,548,50,0.2,0.7,0.15,0.1,1,1,2,40,"post_fragmentation","random",29,1152,24,2,1,346,226,1
58,548,50,0.2,0.7,0.15,0.1,1,1,2,40,"post_fragmentation","random",29,1152,24,2,1,346,232,1
58,548,50,0.2,0.7,0.15,0.1,1,1,2,40,"post_fragmentation","random",29,1152,24,2,1,346,241,1
58,548,50,0.2,0.7,0.15,0.1,1,1,2,40,"post_fragmentation","random",29,1152,24,2,1,346,247,1
58,548,50,0.2,0.7,0.15,0.1,1,1,2,40,"post_fragmentation","random",29,1152,24,2,1,346,249,3
58,548,50,0.2,0.7,0.15,0.1,1,1,2,40,"post_fragmentation","random",29,1152,24,2,1,346,253,2
58,548,50,0.2,0.7,0.15,0.1,1,1,2,40,"post_fragmentation","random",29,1152,24,2,1,346,258,1
58,548,50,0.2,0.7,0.15,0.1,1,1,2,40,"post_fragmentation","random",29,1152,24,2,1,346,260,4
58,548,50,0.2,0.7,0.15,0.1,1,1,2,40,"post_fragmentation","random",29,1152,24,2,1,346,261,1
58,548,50,0.2,0.7,0.15,0.1,1,1,2,40,"post_fragmentation","random",29,1152,24,2,1,346,269,2
58,548,50,0.2,0.7,0.15,0.1,1,1,2,40,"post_fragmentation","random",29,1152,24,2,1,346,287,3
58,548,50,0.2,0.7,0.15,0.1,1,1,2,40,"post_fragmentation","random",29,1152,24,2,1,346,295,1
58,548,50,0.2,0.7,0.15,0.1,1,1,2,40,"post_fragmentation","random",29,1152,24,2,1,346,298,1
58,548,50,0.2,0.7,0.15,0.1,1,1,2,40,"post_fragmentation","random",29,1152,24,2,1,346,306,3
58,548,50,0.2,0.7,0.15,0.1,1,1,2,40,"post_fragmentation","random",29,1152,24,2,1,346,309,1
58,548,50,0.2,0.7,0.15,0.1,1,1,2,40,"post_fragmentation","random",29,1152,24,2,1,346,316,1
58,548,50,0.2,0.7,0.15,0.1,1,1,2,40,"post_fragmentation","random",29,1152,24,2,1,346,317,1
58,548,50,0.2,0.7,0.15,0.1,1,1,2,40,"post_fragmentation","random",29,1152,24,2,1,346,320,1
58,548,50,0.2,0.7,0.15,0.1,1,1,2,40,"post_fragmentation","random",29,1152,24,2,1,346,324,2
58,548,50,0.2,0.7,0.15,0.1,1,1,2,40,"post_fragmentation","random",29,1152,24,2,1,346,328,1
58,548,50,0.2,0.7,0.15,0.1,1,1,2,40,"post_fragmentation","random",29,1152,24,2,1,346,338,1
58,548,50,0.2,0.7,0.15,0.1,1,1,2,40,"post_fragmentation","random",29,1152,24,2,1,346,342,3
58,548,50,0.2,0.7,0.15,0.1,1,1,2,40,"post_fragmentation","random",29,1152,24,2,1,346,346,1
58,548,50,0.2,0.7,0.15,0.1,1,1,2,40,"post_fragmentation","random",29,1152,24,2,1,346,349,2
58,548,50,0.2,0.7,0.15,0.1,1,1,2,40,"post_fragmentation","random",29,1152,24,2,1,346,367,1
58,548,50,0.2,0.7,0.15,0.1,1,1,2,40,"post_fragmentation","random",29,1152,24,2,1,346,412,1
58,548,50,0.2,0.7,0.15,0.1,1,1,2,40,"post_fragmentation","random",30,1210,25,10,1,346,519,1
58,548,50,0.2,0.7,0.15,0.1,1,1,2,40,"post_fragmentation","random",30,1210,25,10,1,346,530,2
58,548,50,0.2,0.7,0.15,0.1,1,1,2,40,"post_fragmentation","random",30,1210,25,10,1,346,540,2
58,548,50,0.2,0.7,0.15,0.1,1,1,2,40,"post_fragmentation","random",30,1210,25,10,1,346,548,1
58,548,50,0.2,0.7,0.15,0.1,1,1,2,40,"post_fragmentation","random",30,1210,25,10,1,346,554,1
58,548,50,0.2,0.7,0.15,0.1,1,1,2,40,"post_fragmentation","random",30,1210,25,10,1,346,557,1
58,548,50,0.2,0.7,0.15,0.1,1,1,2,40,"post_fragmentation","random",30,1210,25,10,1,346,569,2
58,548,50,0.2,0.7,0.15,0.1,1,1,2,40,"post_fragmentation","random",30,1210,25,10,1,346,570,3
58,548,50,0.2,0.7,0.15,0.1,1,1,2,40,"post_fragmentation","random",30,1210,25,10,1,346,571,1
58,548,50,0.2,0.7,0.15,0.1,1,1,2,40,"post_fragmentation","random",30,1210,25,10,1,346,575,1
58,548,50,0.2,0.7,0.15,0.1,1,1,2,40,"post_fragmentation","random",30,1210,25,10,1,346,580,2
58,548,50,0.2,0.7,0.15,0.1,1,1,2,40,"post_fragmentation","random",30,1210,25,10,1,346,581,1
58,548,50,0.2,0.7,0.15,0.1,1,1,2,40,"post_fragmentation","random",30,1210,25,10,1,346,588,1
58,548,50,0.2,0.7,0.15,0.1,1,1,2,40,"post_fragmentation","random",30,1210,25,10,1,346,589,1
58,548,50,0.2,0.7,0.15,0.1,1,1,2,40,"post_fragmentation","random",30,1210,25,10,1,346,593,2
58,548,50,0.2,0.7,0.15,0.1,1,1,2,40,"post_fragmentation","random",30,1210,25,10,1,346,594,2
58,548,50,0.2,0.7,0.15,0.1,1,1,2,40,"post_fragmentation","random",30,1210,25,10,1,346,609,1
58,548,50,0.2,0.7,0.15,0.1,1,1,2,40,"post_fragmentation","random",30,1210,25,10,1,346,620,1
58,548,50,0.2,0.7,0.15,0.1,1,1,2,40,"post_fragmentation","random",30,1210,25,10,1,346,637,2
58,548,50,0.2,0.7,0.15,0.1,1,1,2,40,"post_fragmentation","random",30,1210,25,10,1,346,647,1
58,548,50,0.2,0.7,0.15,0.1,1,1,2,40,"post_fragmentation","random",30,1210,25,10,1,346,650,1
58,548,50,0.2,0.7,0.15,0.1,1,1,2,40,"post_fragmentation","random",30,1210,25,10,1,346,653,1
58,548,50,0.2,0.7,0.15,0.1,1,1,2,40,"post_fragmentation","random",30,1210,25,10,1,346,662,2
58,548,50,0.2,0.7,0.15,0.1,1,1,2,40,"post_fragmentation","random",30,1210,25,10,1,346,677,1
58,548,50,0.2,0.7,0.15,0.1,1,1,2,40,"post_fragmentation","random",30,1210,25,10,1,346,688,1
58,548,50,0.2,0.7,0.15,0.1,1,1,2,40,"post_fragmentation","random",30,1210,25,10,1,346,747,1
58,548,50,0.2,0.7,0.15,0.1,1,1,2,40,"post_fragmentation","random",30,1210,25,10,1,346,753,1
58,548,50,0.2,0.7,0.15,0.1,1,1,2,40,"post_fragmentation","random",30,1210,25,10,1,346,757,1
58,548,50,0.2,0.7,0.15,0.1,1,1,2,100,"final","random",1,1799,36,49,1,346,265,1
58,548,50,0.2,0.7,0.15,0.1,1,1,2,100,"final","random",1,1799,36,49,1,346,273,1
58,548,50,0.2,0.7,0.15,0.1,1,1,2,100,"final","random",1,1799,36,49,1,346,310,1
58,548,50,0.2,0.7,0.15,0.1,1,1,2,100,"final","random",1,1799,36,49,1,346,324,1
58,548,50,0.2,0.7,0.15,0.1,1,1,2,100,"final","random",1,1799,36,49,1,346,335,1
58,548,50,0.2,0.7,0.15,0.1,1,1,2,100,"final","random",1,1799,36,49,1,346,351,1
58,548,50,0.2,0.7,0.15,0.1,1,1,2,100,"final","random",1,1799,36,49,1,346,353,1
58,548,50,0.2,0.7,0.15,0.1,1,1,2,100,"final","random",1,1799,36,49,1,346,357,2
58,548,50,0.2,0.7,0.15,0.1,1,1,2,100,"final","random",1,1799,36,49,1,346,367,2
58,548,50,0.2,0.7,0.15,0.1,1,1,2,100,"final","random",1,1799,36,49,1,346,372,2
58,548,50,0.2,0.7,0.15,0.1,1,1,2,100,"final","random",1,1799,36,49,1,346,373,1
58,548,50,0.2,0.7,0.15,0.1,1,1,2,100,"final","random",1,1799,36,49,1,346,374,2
58,548,50,0.2,0.7,0.15,0.1,1,1,2,100,"final","random",1,1799,36,49,1,346,377,1
58,548,50,0.2,0.7,0.15,0.1,1,1,2,100,"final","random",1,1799,36,49,1,346,378,2
58,548,50,0.2,0.7,0.15,0.1,1,1,2,100,"final","random",1,1799,36,49,1,346,384,2
58,548,50,0.2,0.7,0.15,0.1,1,1,2,100,"final","random",1,1799,36,49,1,346,385,2
58,548,50,0.2,0.7,0.15,0.1,1,1,2,100,"final","random",1,1799,36,49,1,346,389,1
58,548,50,0.2,0.7,0.15,0.1,1,1,2,100,"final","random",1,1799,36,49,1,346,399,1
58,548,50,0.2,0.7,0.15,0.1,1,1,2,100,"final","random",1,1799,36,49,1,346,401,4
58,548,50,0.2,0.7,0.15,0.1,1,1,2,100,"final","random",1,1799,36,49,1,346,405,1
58,548,50,0.2,0.7,0.15,0.1,1,1,2,100,"final","random",1,1799,36,49,1,346,411,1
58,548,50,0.2,0.7,0.15,0.1,1,1,2,100,"final","random",1,1799,36,49,1,346,414,1
58,548,50,0.2,0.7,0.15,0.1,1,1,2,100,"final","random",1,1799,36,49,1,346,417,1
58,548,50,0.2,0.7,0.15,0.1,1,1,2,100,"final","random",1,1799,36,49,1,346,425,2
58,548,50,0.2,0.7,0.15,0.1,1,1,2,100,"final","random",1,1799,36,49,1,346,433,2
58,548,50,0.2,0.7,0.15,0.1,1,1,2,100,"final","random",1,1799,36,49,1,346,439,1
58,548,50,0.2,0.7,0.15,0.1,1,1,2,100,"final","random",1,1799,36,49,1,346,446,1
58,548,50,0.2,0.7,0.15,0.1,1,1,2,100,"final","random",1,1799,36,49,1,346,449,1
58,548,50,0.2,0.7,0.15,0.1,1,1,2,100,"final","random",2,1300,26,50,1,346,246,1
58,548,50,0.2,0.7,0.15,0.1,1,1,2,100,"final","random",2,1300,26,50,1,346,249,1
58,548,50,0.2,0.7,0.15,0.1,1,1,2,100,"final","random",2,1300,26,50,1,346,265,1
58,548,50,0.2,0.7,0.15,0.1,1,1,2,100,"final","random",2,1300,26,50,1,346,275,1
58,548,50,0.2,0.7,0.15,0.1,1,1,2,100,"final","random",2,1300,26,50,1,346,276,3
58,548,50,0.2,0.7,0.15,0.1,1,1,2,100,"final","random",2,1300,26,50,1,346,286,1
58,548,50,0.2,0.7,0.15,0.1,1,1,2,100,"final","random",2,1300,26,50,1,346,287,1
58,548,50,0.2,0.7,0.15,0.1,1,1,2,100,"final","random",2,1300,26,50,1,346,299,4
58,548,50,0.2,0.7,0.15,0.1,1,1,2,100,"final","random",2,1300,26,50,1,346,305,1
58,548,50,0.2,0.7,0.15,0.1,1,1,2,100,"final","random",2,1300,26,50,1,346,310,1
58,548,50,0.2,0.7,0.15,0.1,1,1,2,100,"final","random",2,1300,26,50,1,346,322,1
58,548,50,0.2,0.7,0.15,0.1,1,1,2,100,"final","random",2,1300,26,50,1,346,324,4
58,548,50,0.2,0.7,0.15,0.1,1,1,2,100,"final","random",2,1300,26,50,1,346,328,3
58,548,50,0.2,0.7,0.15,0.1,1,1,2,100,"final","random",2,1300,26,50,1,346,340,1
58,548,50,0.2,0.7,0.15,0.1,1,1,2,100,"final","random",2,1300,26,50,1,346,342,2
58,548,50,0.2,0.7,0.15,0.1,1,1,2,100,"final","random",2,1300,26,50,1,346,389,2
58,548,50,0.2,0.7,0.15,0.1,1,1,2,100,"final","random",2,1300,26,50,1,346,390,2
58,548,50,0.2,0.7,0.15,0.1,1,1,2,100,"final","random",2,1300,26,50,1,346,401,1
58,548,50,0.2,0.7,0.15,0.1,1,1,2,100,"final","random",3,1260,26,10,1,346,494,1
58,548,50,0.2,0.7,0.15,0.1,1,1,2,100,"final","random",3,1260,26,10,1,346,513,2
58,548,50,0.2,0.7,0.15,0.1,1,1,2,100,"final","random",3,1260,26,10,1,346,524,1
58,548,50,0.2,0.7,0.15,0.1,1,1,2,100,"final","random",3,1260,26,10,1,346,530,1
58,548,50,0.2,0.7,0.15,0.1,1,1,2,100,"final","random",3,1260,26,10,1,346,540,2
58,548,50,0.2,0.7,0.15,0.1,1,1,2,100,"final","random",3,1260,26,10,1,346,548,5
58,548,50,0.2,0.7,0.15,0.1,1,1,2,100,"final","random",3,1260,26,10,1,346,557,2
58,548,50,0.2,0.7,0.15,0.1,1,1,2,100,"final","random",3,1260,26,10,1,346,559,2
58,548,50,0.2,0.7,0.15,0.1,1,1,2,100,"final","random",3,1260,26,10,1,346,575,1
58,548,50,0.2,0.7,0.15,0.1,1,1,2,100,"final","random",3,1260,26,10,1,346,577,9
58,548,50,0.2,0.7,0.15,0.1,1,1,2,100,"final","random",3,1260,26,10,1,346,583,4
58,548,50,0.2,0.7,0.15,0.1,1,1,2,100,"final","random",3,1260,26,10,1,346,587,1
58,548,50,0.2,0.7,0.15,0.1,1,1,2,100,"final","random",3,1260,26,10,1,346,588,4
58,548,50,0.2,0.7,0.15,0.1,1,1,2,100,"final","random",3,1260,26,10,1,346,594,3
58,548,50,0.2,0.7,0.15,0.1,1,1,2,100,"final","random",3,1260,26,10,1,346,596,1
58,548,50,0.2,0.7,0.15,0.1,1,1,2,100,"final","random",3,1260,26,10,1,346,609,2
58,548,50,0.2,0.7,0.15,0.1,1,1,2,100,"final","random",3,1260,26,10,1,346,626,3
58,548,50,0.2,0.7,0.15,0.1,1,1,2,100,"final","random",4,1957,40,7,1,346,244,4
58,548,50,0.2,0.7,0.15,0.1,1,1,2,100,"final","random",4,1957,40,7,1,346,262,1
58,548,50,0.2,0.7,0.15,0.1,1,1,2,100,"final","random",4,1957,40,7,1,346,290,1
58,548,50,0.2,0.7,0.15,0.1,1,1,2,100,"final","random",4,1957,40,7,1,346,297,2
58,548,50,0.2,0.7,0.15,0.1,1,1,2,100,"final","random",4,1957,40,7,1,346,300,1
58,548,50,0.2,0.7,0.15,0.1,1,1,2,100,"final","random",4,1957,40,7,1,346,315,1
58,548,50,0.2,0.7,0.15,0.1,1,1,2,100,"final","random",4,1957,40,7,1,346,317,1
58,548,50,0.2,0.7,0.15,0.1,1,1,2,100,"final","random",4,1957,40,7,1,346,336,2
58,548,50,0.2,0.7,0.15,0.1,1,1,2,100,"final","random",4,1957,40,7,1,346,338,2
58,548,50,0.2,0.7,0.15,0.1,1,1,2,100,"final","random",4,1957,40,7,1,346,349,4
58,548,50,0.2,0.7,0.15,0.1,1,1,2,100,"final","random",4,1957,40,7,1,346,351,3
58,548,50,0.2,0.7,0.15,0.1,1,1,2,100,"final","random",4,1957,40,7,1,346,358,1
58,548,50,0.2,0.7,0.15,0.1,1,1,2,100,"final","random",4,1957,40,7,1,346,360,1
58,548,50,0.2,0.7,0.15,0.1,1,1,2,100,"final","random",4,1957,40,7,1,346,372,1
58,548,50,0.2,0.7,0.15,0.1,1,1,2,100,"final","random",4,1957,40,7,1,346,374,3
58,548,50,0.2,0.7,0.15,0.1,1,1,2,100,"final","random",4,1957,40,7,1,346,375,1
58,548,50,0.2,0.7,0.15,0.1,1,1,2,100,"final","random",4,1957,40,7,1,346,378,3
58,548,50,0.2,0.7,0.15,0.1,1,1,2,100,"final","random",4,1957,40,7,1,346,385,2
58,548,50,0.2,0.7,0.15,0.1,1,1,2,100,"final","random",4,1957,40,7,1,346,387,1
58,548,50,0.2,0.7,0.15,0.1,1,1,2,100,"final","random",4,1957,40,7,1,346,389,1
58,548,50,0.2,0.7,0.15,0.1,1,1,2,100,"final","random",4,1957,40,7,1,346,390,1
58,548,50,0.2,0.7,0.15,0.1,1,1,2,100,"final","random",4,1957,40,7,1,346,436,2
58,548,50,0.2,0.7,0.15,0.1,1,1,2,100,"final","random",4,1957,40,7,1,346,449,1
58,548,50,0.2,0.7,0.15,0.1,1,1,2,100,"final","random",5,1950,39,50,1,346,280,1
58,548,50,0.2,0.7,0.15,0.1,1,1,2,100,"final","random",5,1950,39,50,1,346,305,1
58,548,50,0.2,0.7,0.15,0.1,1,1,2,100,"final","random",5,1950,39,50,1,346,312,1
58,548,50,0.2,0.7,0.15,0.1,1,1,2,100,"final","random",5,1950,39,50,1,346,315,1
58,548,50,0.2,0.7,0.15,0.1,1,1,2,100,"final","random",5,1950,39,50,1,346,335,5
58,548,50,0.2,0.7,0.15,0.1,1,1,2,100,"final","random",5,1950,39,50,1,346,336,4
58,548,50,0.2,0.7,0.15,0.1,1,1,2,100,"final","random",5,1950,39,50,1,346,342,1
58,548,50,0.2,0.7,0.15,0.1,1,1,2,100,"final","random",5,1950,39,50,1,346,358,8
58,548,50,0.2,0.7,0.15,0.1,1,1,2,100,"final","random",5,1950,39,50,1,346,374,2
58,548,50,0.2,0.7,0.15,0.1,1,1,2,100,"final","random",5,1950,39,50,1,346,387,1
58,548,50,0.2,0.7,0.15,0.1,1,1,2,100,"final","random",5,1950,39,50,1,346,389,1
58,548,50,0.2,0.7,0.15,0.1,1,1,2,100,"final","random",5,1950,39,50,1,346,396,1
58,548,50,0.2,0.7,0.15,0.1,1,1,2,100,"final","random",5,1950,39,50,1,346,399,2
58,548,50,0.2,0.7,0.15,0.1,1,1,2,100,"final","random",5,1950,39,50,1,346,401,4
58,548,50,0.2,0.7,0.15,0.1,1,1,2,100,"final","random",5,1950,39,50,1,346,403,1
58,548,50,0.2,0.7,0.15,0.1,1,1,2,100,"final","random",5,1950,39,50,1,346,405,1
58,548,50,0.2,0.7,0.15,0.1,1,1,2,100,"final","random",5,1950,39,50,1,346,411,1
58,548,50,0.2,0.7,0.15,0.1,1,1,2,100,"final","random",5,1950,39,50,1,346,436,1
58,548,50,0.2,0.7,0.15,0.1,1,1,2,100,"final","random",5,1950,39,50,1,346,442,1
58,548,50,0.2,0.7,0.15,0.1,1,1,2,100,"final","random",5,1950,39,50,1,346,449,1
58,548,50,0.2,0.7,0.15,0.1,1,1,2,100,"final","random",6,2051,42,1,1,346,328,1
58,548,50,0.2,0.7,0.15,0.1,1,1,2,100,"final","random",6,2051,42,1,1,346,336,1
58,548,50,0.2,0.7,0.15,0.1,1,1,2,100,"final","random",6,2051,42,1,1,346,349,1
58,548,50,0.2,0.7,0.15,0.1,1,1,2,100,"final","random",6,2051,42,1,1,346,351,1
58,548,50,0.2,0.7,0.15,0.1,1,1,2,100,"final","random",6,2051,42,1,1,346,358,1
58,548,50,0.2,0.7,0.15,0.1,1,1,2,100,"final","random",6,2051,42,1,1,346,360,1
58,548,50,0.2,0.7,0.15,0.1,1,1,2,100,"final","random",6,2051,42,1,1,346,364,1
58,548,50,0.2,0.7,0.15,0.1,1,1,2,100,"final","random",6,2051,42,1,1,346,373,2
58,548,50,0.2,0.7,0.15,0.1,1,1,2,100,"final","random",6,2051,42,1,1,346,378,1
58,548,50,0.2,0.7,0.15,0.1,1,1,2,100,"final","random",6,2051,42,1,1,346,381,2
58,548,50,0.2,0.7,0.15,0.1,1,1,2,100,"final","random",6,2051,42,1,1,346,384,3
58,548,50,0.2,0.7,0.15,0.1,1,1,2,100,"final","random",6,2051,42,1,1,346,385,2
58,548,50,0.2,0.7,0.15,0.1,1,1,2,100,"final","random",6,2051,42,1,1,346,388,1
58,548,50,0.2,0.7,0.15,0.1,1,1,2,100,"final","random",6,2051,42,1,1,346,389,1
58,548,50,0.2,0.7,0.15,0.1,1,1,2,100,"final","random",6,2051,42,1,1,346,398,1
58,548,50,0.2,0.7,0.15,0.1,1,1,2,100,"final","random",6,2051,42,1,1,346,401,3
58,548,50,0.2,0.7,0.15,0.1,1,1,2,100,"final","random",6,2051,42,1,1,346,403,1
58,548,50,0.2,0.7,0.15,0.1,1,1,2,100,"final","random",6,2051,42,1,1,346,411,2
58,548,50,0.2,0.7,0.15,0.1,1,1,2,100,"final","random",6,2051,42,1,1,346,414,2
58,548,50,0.2,0.7,0.15,0.1,1,1,2,100,"final","random",6,2051,42,1,1,346,417,1
58,548,50,0.2,0.7,0.15,0.1,1,1,2,100,"final","random",6,2051,42,1,1,346,421,1
58,548,50,0.2,0.7,0.15,0.1,1,1,2,100,"final","random",6,2051,42,1,1,346,424,1
58,548,50,0.2,0.7,0.15,0.1,1,1,2,100,"final","random",6,2051,42,1,1,346,436,1
58,548,50,0.2,0.7,0.15,0.1,1,1,2,100,"final","random",6,2051,42,1,1,346,449,5
58,548,50,0.2,0.7,0.15,0.1,1,1,2,100,"final","random",7,1059,22,9,1,346,403,1
58,548,50,0.2,0.7,0.15,0.1,1,1,2,100,"final","random",7,1059,22,9,1,346,419,1
58,548,50,0.2,0.7,0.15,0.1,1,1,2,100,"final","random",7,1059,22,9,1,346,467,3
58,548,50,0.2,0.7,0.15,0.1,1,1,2,100,"final","random",7,1059,22,9,1,346,473,1
58,548,50,0.2,0.7,0.15,0.1,1,1,2,100,"final","random",7,1059,22,9,1,346,475,2
58,548,50,0.2,0.7,0.15,0.1,1,1,2,100,"final","random",7,1059,22,9,1,346,478,1
58,548,50,0.2,0.7,0.15,0.1,1,1,2,100,"final","random",7,1059,22,9,1,346,494,1
58,548,50,0.2,0.7,0.15,0.1,1,1,2,100,"final","random",7,1059,22,9,1,346,497,1
58,548,50,0.2,0.7,0.15,0.1,1,1,2,100,"final","random",7,1059,22,9,1,346,499,3
58,548,50,0.2,0.7,0.15,0.1,1,1,2,100,"final","random",7,1059,22,9,1,346,524,1
58,548,50,0.2,0.7,0.15,0.1,1,1,2,100,"final","random",7,1059,22,9,1,346,530,4
58,548,50,0.2,0.7,0.15,0.1,1,1,2,100,"final","random",7,1059,22,9,1,346,545,3
58,548,50,0.2,0.7,0.15,0.1,1,1,2,100,"final","random",7,1059,22,9,1,346,548,1
58,548,50,0.2,0.7,0.15,0.1,1,1,2,100,"final","random",7,1059,22,9,1,346,557,1
58,548,50,0.2,0.7,0.15,0.1,1,1,2,100,"final","random",7,1059,22,9,1,346,558,1
58,548,50,0.2,0.7,0.15,0.1,1,1,2,100,"final","random",7,1059,22,9,1,346,559,3
58,548,50,0.2,0.7,0.15,0.1,1,1,2,100,"final","random",7,1059,22,9,1,346,569,1
58,548,50,0.2,0.7,0.15,0.1,1,1,2,100,"final","random",7,1059,22,9,1,346,577,2
58,548,50,0.2,0.7,0.15,0.1,1,1,2,100,"final","random",7,1059,22,9,1,346,582,1
58,548,50,0.2,0.7,0.15,0.1,1,1,2,100,"final","random",7,1059,22,9,1,346,592,1
58,548,50,0.2,0.7,0.15,0.1,1,1,2,100,"final","random",7,1059,22,9,1,346,593,1
58,548,50,0.2,0.7,0.15,0.1,1,1,2,100,"final","random",7,1059,22,9,1,346,594,1
58,548,50,0.2,0.7,0.15,0.1,1,1,2,100,"final","random",7,1059,22,9,1,346,609,1
58,548,50,0.2,0.7,0.15,0.1,1,1,2,100,"final","random",7,1059,22,9,1,346,620,1
58,548,50,0.2,0.7,0.15,0.1,1,1,2,100,"final","random",7,1059,22,9,1,346,637,1
58,548,50,0.2,0.7,0.15,0.1,1,1,2,100,"final","random",8,1155,24,5,1,346,315,1
58,548,50,0.2,0.7,0.15,0.1,1,1,2,100,"final","random",8,1155,24,5,1,346,324,1
58,548,50,0.2,0.7,0.15,0.1,1,1,2,100,"final","random",8,1155,24,5,1,346,325,3
58,548,50,0.2,0.7,0.15,0.1,1,1,2,100,"final","random",8,1155,24,5,1,346,373,1
58,548,50,0.2,0.7,0.15,0.1,1,1,2,100,"final","random",8,1155,24,5,1,346,388,1
58,548,50,0.2,0.7,0.15,0.1,1,1,2,100,"final","random",8,1155,24,5,1,346,391,2
58,548,50,0.2,0.7,0.15,0.1,1,1,2,100,"final","random",8,1155,24,5,1,346,397,1
58,548,50,0.2,0.7,0.15,0.1,1,1,2,100,"final","random",8,1155,24,5,1,346,399,1
58,548,50,0.2,0.7,0.15,0.1,1,1,2,100,"final","random",8,1155,24,5,1,346,401,5
58,548,50,0.2,0.7,0.15,0.1,1,1,2,100,"final","random",8,1155,24,5,1,346,423,4
58,548,50,0.2,0.7,0.15,0.1,1,1,2,100,"final","random",8,1155,24,5,1,346,425,1
58,548,50,0.2,0.7,0.15,0.1,1,1,2,100,"final","random",8,1155,24,5,1,346,428,1
58,548,50,0.2,0.7,0.15,0.1,1,1,2,100,"final","random",8,1155,24,5,1,346,430,1
58,548,50,0.2,0.7,0.15,0.1,1,1,2,100,"final","random",8,1155,24,5,1,346,432,1
58,548,50,0.2,0.7,0.15,0.1,1,1,2,100,"final","random",8,1155,24,5,1,346,434,1
58,548,50,0.2,0.7,0.15,0.1,1,1,2,100,"final","random",8,1155,24,5,1,346,438,1
58,548,50,0.2,0.7,0.15,0.1,1,1,2,100,"final","random",8,1155,24,5,1,346,440,1
58,548,50,0.2,0.7,0.15,0.1,1,1,2,100,"final","random",8,1155,24,5,1,346,450,1
58,548,50,0.2,0.7,0.15,0.1,1,1,2,100,"final","random",8,1155,24,5,1,346,457,1
58,548,50,0.2,0.7,0.15,0.1,1,1,2,100,"final","random",8,1155,24,5,1,346,459,1
58,548,50,0.2,0.7,0.15,0.1,1,1,2,100,"final","random",8,1155,24,5,1,346,475,3
58,548,50,0.2,0.7,0.15,0.1,1,1,2,100,"final","random",8,1155,24,5,1,346,494,2
58,548,50,0.2,0.7,0.15,0.1,1,1,2,100,"final","random",8,1155,24,5,1,346,530,2
58,548,50,0.2,0.7,0.15,0.1,1,1,2,100,"final","random",8,1155,24,5,1,346,540,1
58,548,50,0.2,0.7,0.15,0.1,1,1,2,100,"final","random",9,1108,23,8,1,346,383,1
58,548,50,0.2,0.7,0.15,0.1,1,1,2,100,"final","random",9,1108,23,8,1,346,409,1
58,548,50,0.2,0.7,0.15,0.1,1,1,2,100,"final","random",9,1108,23,8,1,346,412,1
58,548,50,0.2,0.7,0.15,0.1,1,1,2,100,"final","random",9,1108,23,8,1,346,428,1
58,548,50,0.2,0.7,0.15,0.1,1,1,2,100,"final","random",9,1108,23,8,1,346,440,1
58,548,50,0.2,0.7,0.15,0.1,1,1,2,100,"final","random",9,1108,23,8,1,346,473,1
58,548,50,0.2,0.7,0.15,0.1,1,1,2,100,"final","random",9,1108,23,8,1,346,475,3
58,548,50,0.2,0.7,0.15,0.1,1,1,2,100,"final","random",9,1108,23,8,1,346,478,1
58,548,50,0.2,0.7,0.15,0.1,1,1,2,100,"final","random",9,1108,23,8,1,346,494,1
58,548,50,0.2,0.7,0.15,0.1,1,1,2,100,"final","random",9,1108,23,8,1,346,499,2
58,548,50,0.2,0.7,0.15,0.1,1,1,2,100,"final","random",9,1108,23,8,1,346,510,2
58,548,50,0.2,0.7,0.15,0.1,1,1,2,100,"final","random",9,1108,23,8,1,346,513,2
58,548,50,0.2,0.7,0.15,0.1,1,1,2,100,"final","random",9,1108,23,8,1,346,526,1
58,548,50,0.2,0.7,0.15,0.1,1,1,2,100,"final","random",9,1108,23,8,1,346,530,1
58,548,50,0.2,0.7,0.15,0.1,1,1,2,100,"final","random",9,1108,23,8,1,346,541,1
58,548,50,0.2,0.7,0.15,0.1,1,1,2,100,"final","random",9,1108,23,8,1,346,554,1
58,548,50,0.2,0.7,0.15,0.1,1,1,2,100,"final","random",9,1108,23,8,1,346,555,1
58,548,50,0.2,0.7,0.15,0.1,1,1,2,100,"final","random",9,1108,23,8,1,346,558,1
58,548,50,0.2,0.7,0.15,0.1,1,1,2,100,"final","random",9,1108,23,8,1,346,577,1
58,548,50,0.2,0.7,0.15,0.1,1,1,2,100,"final","random",9,1108,23,8,1,346,580,1
58,548,50,0.2,0.7,0.15,0.1,1,1,2,100,"final","random",9,1108,23,8,1,346,582,2
58,548,50,0.2,0.7,0.15,0.1,1,1,2,100,"final","random",9,1108,23,8,1,346,594,1
58,548,50,0.2,0.7,0.15,0.1,1,1,2,100,"final","random",9,1108,23,8,1,346,609,1
58,548,50,0.2,0.7,0.15,0.1,1,1,2,100,"final","random",10,1863,38,13,1,346,336,1
58,548,50,0.2,0.7,0.15,0.1,1,1,2,100,"final","random",10,1863,38,13,1,346,360,2
58,548,50,0.2,0.7,0.15,0.1,1,1,2,100,"final","random",10,1863,38,13,1,346,367,1
58,548,50,0.2,0.7,0.15,0.1,1,1,2,100,"final","random",10,1863,38,13,1,346,388,1
58,548,50,0.2,0.7,0.15,0.1,1,1,2,100,"final","random",10,1863,38,13,1,346,401,1
58,548,50,0.2,0.7,0.15,0.1,1,1,2,100,"final","random",10,1863,38,13,1,346,425,3
58,548,50,0.2,0.7,0.15,0.1,1,1,2,100,"final","random",10,1863,38,13,1,346,435,1
58,548,50,0.2,0.7,0.15,0.1,1,1,2,100,"final","random",10,1863,38,13,1,346,442,1
58,548,50,0.2,0.7,0.15,0.1,1,1,2,100,"final","random",10,1863,38,13,1,346,446,6
58,548,50,0.2,0.7,0.15,0.1,1,1,2,100,"final","random",10,1863,38,13,1,346,459,2
58,548,50,0.2,0.7,0.15,0.1,1,1,2,100,"final","random",10,1863,38,13,1,346,463,5
58,548,50,0.2,0.7,0.15,0.1,1,1,2,100,"final","random",10,1863,38,13,1,346,468,3
58,548,50,0.2,0.7,0.15,0.1,1,1,2,100,"final","random",10,1863,38,13,1,346,475,1
58,548,50,0.2,0.7,0.15,0.1,1,1,2,100,"final","random",10,1863,38,13,1,346,487,1
58,548,50,0.2,0.7,0.15,0.1,1,1,2,100,"final","random",10,1863,38,13,1,346,497,2
58,548,50,0.2,0.7,0.15,0.1,1,1,2,100,"final","random",10,1863,38,13,1,346,588,1
58,548,50,0.2,0.7,0.15,0.1,1,1,2,100,"final","random",10,1863,38,13,1,346,596,1
58,548,50,0.2,0.7,0.15,0.1,1,1,2,100,"final","random",10,1863,38,13,1,346,620,2
58,548,50,0.2,0.7,0.15,0.1,1,1,2,100,"final","random",11,1404,29,4,1,346,299,3
58,548,50,0.2,0.7,0.15,0.1,1,1,2,100,"final","random",11,1404,29,4,1,346,306,2
58,548,50,0.2,0.7,0.15,0.1,1,1,2,100,"final","random",11,1404,29,4,1,346,310,2
58,548,50,0.2,0.7,0.15,0.1,1,1,2,100,"final","random",11,1404,29,4,1,346,324,2
58,548,50,0.2,0.7,0.15,0.1,1,1,2,100,"final","random",11,1404,29,4,1,346,328,3
58,548,50,0.2,0.7,0.15,0.1,1,1,2,100,"final","random",11,1404,29,4,1,346,335,1
58,548,50,0.2,0.7,0.15,0.1,1,1,2,100,"final","random",11,1404,29,4,1,346,342,3
58,548,50,0.2,0.7,0.15,0.1,1,1,2,100,"final","random",11,1404,29,4,1,346,363,2
58,548,50,0.2,0.7,0.15,0.1,1,1,2,100,"final","random",11,1404,29,4,1,346,364,1
58,548,50,0.2,0.7,0.15,0.1,1,1,2,100,"final","random",11,1404,29,4,1,346,373,1
58,548,50,0.2,0.7,0.15,0.1,1,1,2,100,"final","random",11,1404,29,4,1,346,374,1
58,548,50,0.2,0.7,0.15,0.1,1,1,2,100,"final","random",11,1404,29,4,1,346,385,1
58,548,50,0.2,0.7,0.15,0.1,1,1,2,100,"final","random",11,1404,29,4,1,346,387,1
58,548,50,0.2,0.7,0.15,0.1,1,1,2,100,"final","random",11,1404,29,4,1,346,388,1
58,548,50,0.2,0.7,0.15,0.1,1,1,2,100,"final","random",11,1404,29,4,1,346,389,1
58,548,50,0.2,0.7,0.15,0.1,1,1,2,100,"final","random",11,1404,29,4,1,346,390,2
58,548,50,0.2,0.7,0.15,0.1,1,1,2,100,"final","random",11,1404,29,4,1,346,391,2
58,548,50,0.2,0.7,0.15,0.1,1,1,2,100,"final","random",11,1404,29,4,1,346,400,2
58,548,50,0.2,0.7,0.15,0.1,1,1,2,100,"final","random",11,1404,29,4,1,346,402,1
58,548,50,0.2,0.7,0.15,0.1,1,1,2,100,"final","random",11,1404,29,4,1,346,403,1
58,548,50,0.2,0.7,0.15,0.1,1,1,2,100,"final","random",11,1404,29,4,1,346,421,1
58,548,50,0.2,0.7,0.15,0.1,1,1,2,100,"final","random",11,1404,29,4,1,346,430,1
58,548,50,0.2,0.7,0.15,0.1,1,1,2,100,"final","random",11,1404,29,4,1,346,459,1
58,548,50,0.2,0.7,0.15,0.1,1,1,2,100,"final","random",11,1404,29,4,1,346,565,1
58,548,50,0.2,0.7,0.15,0.1,1,1,2,100,"final","random",12,1258,26,8,1,346,374,1
58,548,50,0.2,0.7,0.15,0.1,1,1,2,100,"final","random",12,1258,26,8,1,346,421,1
58,548,50,0.2,0.7,0.15,0.1,1,1,2,100,"final","random",12,1258,26,8,1,346,440,1
58,548,50,0.2,0.7,0.15,0.1,1,1,2,100,"final","random",12,1258,26,8,1,346,448,4
58,548,50,0.2,0.7,0.15,0.1,1,1,2,100,"final","random",12,1258,26,8,1,346,451,1
58,548,50,0.2,0.7,0.15,0.1,1,1,2,100,"final","random",12,1258,26,8,1,346,459,2
58,548,50,0.2,0.7,0.15,0.1,1,1,2,100,"final","random",12,1258,26,8,1,346,475,1
58,548,50,0.2,0.7,0.15,0.1,1,1,2,100,"final","random",12,1258,26,8,1,346,494,3
58,548,50,0.2,0.7,0.15,0.1,1,1,2,100,"final","random",12,1258,26,8,1,346,499,1
58,548,50,0.2,0.7,0.15,0.1,1,1,2,100,"final","random",12,1258,26,8,1,346,516,3
58,548,50,0.2,0.7,0.15,0.1,1,1,2,100,"final","random",12,1258,26,8,1,346,530,1
58,548,50,0.2,0.7,0.15,0.1,1,1,2,100,"final","random",12,1258,26,8,1,346,540,1
58,548,50,0.2,0.7,0.15,0.1,1,1,2,100,"final","random",12,1258,26,8,1,346,541,3
58,548,50,0.2,0.7,0.15,0.1,1,1,2,100,"final","random",12,1258,26,8,1,346,548,1
58,548,50,0.2,0.7,0.15,0.1,1,1,2,100,"final","random",12,1258,26,8,1,346,559,5
58,548,50,0.2,0.7,0.15,0.1,1,1,2,100,"final","random",12,1258,26,8,1,346,577,1
58,548,50,0.2,0.7,0.15,0.1,1,1,2,100,"final","random",12,1258,26,8,1,346,580,5
58,548,50,0.2,0.7,0.15,0.1,1,1,2,100,"final","random",12,1258,26,8,1,346,582,1
58,548,50,0.2,0.7,0.15,0.1,1,1,2,100,"final","random",12,1258,26,8,1,346,594,2
58,548,50,0.2,0.7,0.15,0.1,1,1,2,100,"final","random",12,1258,26,8,1,346,609,1
58,548,50,0.2,0.7,0.15,0.1,1,1,2,100,"final","random",13,2104,43,4,1,346,236,2
58,548,50,0.2,0.7,0.15,0.1,1,1,2,100,"final","random",13,2104,43,4,1,346,337,1
58,548,50,0.2,0.7,0.15,0.1,1,1,2,100,"final","random",13,2104,43,4,1,346,351,4
58,548,50,0.2,0.7,0.15,0.1,1,1,2,100,"final","random",13,2104,43,4,1,346,360,1
58,548,50,0.2,0.7,0.15,0.1,1,1,2,100,"final","random",13,2104,43,4,1,346,363,1
58,548,50,0.2,0.7,0.15,0.1,1,1,2,100,"final","random",13,2104,43,4,1,346,364,2
58,548,50,0.2,0.7,0.15,0.1,1,1,2,100,"final","random",13,2104,43,4,1,346,367,1
58,548,50,0.2,0.7,0.15,0.1,1,1,2,100,"final","random",13,2104,43,4,1,346,374,2
58,548,50,0.2,0.7,0.15,0.1,1,1,2,100,"final","random",13,2104,43,4,1,346,378,4
58,548,50,0.2,0.7,0.15,0.1,1,1,2,100,"final","random",13,2104,43,4,1,346,381,1
58,548,50,0.2,0.7,0.15,0.1,1,1,2,100,"final","random",13,2104,43,4,1,346,385,1
58,548,50,0.2,0.7,0.15,0.1,1,1,2,100,"final","random",13,2104,43,4,1,346,387,2
58,548,50,0.2,0.7,0.15,0.1,1,1,2,100,"final","random",13,2104,43,4,1,346,389,2
58,548,50,0.2,0.7,0.15,0.1,1,1,2,100,"final","random",13,2104,43,4,1,346,390,5
58,548,50,0.2,0.7,0.15,0.1,1,1,2,100,"final","random",13,2104,43,4,1,346,395,1
58,548,50,0.2,0.7,0.15,0.1,1,1,2,100,"final","random",13,2104,43,4,1,346,398,1
58,548,50,0.2,0.7,0.15,0.1,1,1,2,100,"final","random",13,2104,43,4,1,346,403,1
58,548,50,0.2,0.7,0.15,0.1,1,1,2,100,"final","random",13,2104,43,4,1,346,411,1
58,548,50,0.2,0.7,0.15,0.1,1,1,2,100,"final","random",13,2104,43,4,1,346,424,1
58,548,50,0.2,0.7,0.15,0.1,1,1,2,100,"final","random",13,2104,43,4,1,346,433,2
58,548,50,0.2,0.7,0.15,0.1,1,1,2,100,"final","random",13,2104,43,4,1,346,449,1
58,548,50,0.2,0.7,0.15,0.1,1,1,2,100,"final","random",14,1809,37,9,1,346,244,1
58,548,50,0.2,0.7,0.15,0.1,1,1,2,100,"final","random",14,1809,37,9,1,346,275,3
58,548,50,0.2,0.7,0.15,0.1,1,1,2,100,"final","random",14,1809,37,9,1,346,297,4
58,548,50,0.2,0.7,0.15,0.1,1,1,2,100,"final","random",14,1809,37,9,1,346,336,1
58,548,50,0.2,0.7,0.15,0.1,1,1,2,100,"final","random",14,1809,37,9,1,346,337,2
58,548,50,0.2,0.7,0.15,0.1,1,1,2,100,"final","random",14,1809,37,9,1,346,338,2
58,548,50,0.2,0.7,0.15,0.1,1,1,2,100,"final","random",14,1809,37,9,1,346,347,1
58,548,50,0.2,0.7,0.15,0.1,1,1,2,100,"final","random",14,1809,37,9,1,346,349,3
58,548,50,0.2,0.7,0.15,0.1,1,1,2,100,"final","random",14,1809,37,9,1,346,351,1
58,548,50,0.2,0.7,0.15,0.1,1,1,2,100,"final","random",14,1809,37,9,1,346,358,1
58,548,50,0.2,0.7,0.15,0.1,1,1,2,100,"final","random",14,1809,37,9,1,346,364,3
58,548,50,0.2,0.7,0.15,0.1,1,1,2,100,"final","random",14,1809,37,9,1,346,367,1
58,548,50,0.2,0.7,0.15,0.1,1,1,2,100,"final","random",14,1809,37,9,1,346,369,1
58,548,50,0.2,0.7,0.15,0.1,1,1,2,100,"final","random",14,1809,37,9,1,346,375,1
58,548,50,0.2,0.7,0.15,0.1,1,1,2,100,"final","random",14,1809,37,9,1,346,385,2
58,548,50,0.2,0.7,0.15,0.1,1,1,2,100,"final","random",14,1809,37,9,1,346,388,1
58,548,50,0.2,0.7,0.15,0.1,1,1,2,100,"final","random",14,1809,37,9,1,346,389,2
58,548,50,0.2,0.7,0.15,0.1,1,1,2,100,"final","random",14,1809,37,9,1,346,390,2
58,548,50,0.2,0.7,0.15,0.1,1,1,2,100,"final","random",14,1809,37,9,1,346,395,1
58,548,50,0.2,0.7,0.15,0.1,1,1,2,100,"final","random",14,1809,37,9,1,346,396,1
58,548,50,0.2,0.7,0.15,0.1,1,1,2,100,"final","random",14,1809,37,9,1,346,446,2
58,548,50,0.2,0.7,0.15,0.1,1,1,2,100,"final","random",15,1308,27,8,1,346,320,1
58,548,50,0.2,0.7,0.15,0.1,1,1,2,100,"final","random",15,1308,27,8,1,346,375,1
58,548,50,0.2,0.7,0.15,0.1,1,1,2,100,"final","random",15,1308,27,8,1,346,425,1
58,548,50,0.2,0.7,0.15,0.1,1,1,2,100,"final","random",15,1308,27,8,1,346,446,1
58,548,50,0.2,0.7,0.15,0.1,1,1,2,100,"final","random",15,1308,27,8,1,346,455,1
58,548,50,0.2,0.7,0.15,0.1,1,1,2,100,"final","random",15,1308,27,8,1,346,494,1
58,548,50,0.2,0.7,0.15,0.1,1,1,2,100,"final","random",15,1308,27,8,1,346,497,1
58,548,50,0.2,0.7,0.15,0.1,1,1,2,100,"final","random",15,1308,27,8,1,346,516,6
58,548,50,0.2,0.7,0.15,0.1,1,1,2,100,"final","random",15,1308,27,8,1,346,530,7
58,548,50,0.2,0.7,0.15,0.1,1,1,2,100,"final","random",15,1308,27,8,1,346,540,4
58,548,50,0.2,0.7,0.15,0.1,1,1,2,100,"final","random",15,1308,27,8,1,346,548,2
58,548,50,0.2,0.7,0.15,0.1,1,1,2,100,"final","random",15,1308,27,8,1,346,551,1
58,548,50,0.2,0.7,0.15,0.1,1,1,2,100,"final","random",15,1308,27,8,1,346,557,1
58,548,50,0.2,0.7,0.15,0.1,1,1,2,100,"final","random",15,1308,27,8,1,346,559,3
58,548,50,0.2,0.7,0.15,0.1,1,1,2,100,"final","random",15,1308,27,8,1,346,564,1
58,548,50,0.2,0.7,0.15,0.1,1,1,2,100,"final","random",15,1308,27,8,1,346,580,3
58,548,50,0.2,0.7,0.15,0.1,1,1,2,100,"final","random",15,1308,27,8,1,346,609,3
58,548,50,0.2,0.7,0.15,0.1,1,1,2,100,"final","random",16,2009,41,9,1,346,243,1
58,548,50,0.2,0.7,0.15,0.1,1,1,2,100,"final","random",16,2009,41,9,1,346,244,1
58,548,50,0.2,0.7,0.15,0.1,1,1,2,100,"final","random",16,2009,41,9,1,346,254,2
58,548,50,0.2,0.7,0.15,0.1,1,1,2,100,"final","random",16,2009,41,9,1,346,282,1
58,548,50,0.2,0.7,0.15,0.1,1,1,2,100,"final","random",16,2009,41,9,1,346,297,4
58,548,50,0.2,0.7,0.15,0.1,1,1,2,100,"final","random",16,2009,41,9,1,346,300,2
58,548,50,0.2,0.7,0.15,0.1,1,1,2,100,"final","random",16,2009,41,9,1,346,302,3
58,548,50,0.2,0.7,0.15,0.1,1,1,2,100,"final","random",16,2009,41,9,1,346,312,3
58,548,50,0.2,0.7,0.15,0.1,1,1,2,100,"final","random",16,2009,41,9,1,346,315,2
58,548,50,0.2,0.7,0.15,0.1,1,1,2,100,"final","random",16,2009,41,9,1,346,328,1
58,548,50,0.2,0.7,0.15,0.1,1,1,2,100,"final","random",16,2009,41,9,1,346,329,1
58,548,50,0.2,0.7,0.15,0.1,1,1,2,100,"final","random",16,2009,41,9,1,346,336,1
58,548,50,0.2,0.7,0.15,0.1,1,1,2,100,"final","random",16,2009,41,9,1,346,338,2
58,548,50,0.2,0.7,0.15,0.1,1,1,2,100,"final","random",16,2009,41,9,1,346,360,2
58,548,50,0.2,0.7,0.15,0.1,1,1,2,100,"final","random",16,2009,41,9,1,346,364,2
58,548,50,0.2,0.7,0.15,0.1,1,1,2,100,"final","random",16,2009,41,9,1,346,367,1
58,548,50,0.2,0.7,0.15,0.1,1,1,2,100,"final","random",16,2009,41,9,1,346,372,1
58,548,50,0.2,0.7,0.15,0.1,1,1,2,100,"final","random",16,2009,41,9,1,346,374,1
58,548,50,0.2,0.7,0.15,0.1,1,1,2,100,"final","random",16,2009,41,9,1,346,376,1
58,548,50,0.2,0.7,0.15,0.1,1,1,2,100,"final","random",16,2009,41,9,1,346,378,1
58,548,50,0.2,0.7,0.15,0.1,1,1,2,100,"final","random",16,2009,41,9,1,346,401,3
58,548,50,0.2,0.7,0.15,0.1,1,1,2,100,"final","random",16,2009,41,9,1,346,402,2
58,548,50,0.2,0.7,0.15,0.1,1,1,2,100,"final","random",16,2009,41,9,1,346,411,2
58,548,50,0.2,0.7,0.15,0.1,1,1,2,100,"final","random",16,2009,41,9,1,346,414,1
58,548,50,0.2,0.7,0.15,0.1,1,1,2,100,"final","random",16,2009,41,9,1,346,446,1
58,548,50,0.2,0.7,0.15,0.1,1,1,2,100,"final","random",17,2008,41,8,1,346,244,1
58,548,50,0.2,0.7,0.15,0.1,1,1,2,100,"final","random",17,2008,41,8,1,346,282,1
58,548,50,0.2,0.7,0.15,0.1,1,1,2,100,"final","random",17,2008,41,8,1,346,297,2
58,548,50,0.2,0.7,0.15,0.1,1,1,2,100,"final","random",17,2008,41,8,1,346,300,3
58,548,50,0.2,0.7,0.15,0.1,1,1,2,100,"final","random",17,2008,41,8,1,346,312,3
58,548,50,0.2,0.7,0.15,0.1,1,1,2,100,"final","random",17,2008,41,8,1,346,315,9
58,548,50,0.2,0.7,0.15,0.1,1,1,2,100,"final","random",17,2008,41,8,1,346,328,2
58,548,50,0.2,0.7,0.15,0.1,1,1,2,100,"final","random",17,2008,41,8,1,346,336,1
58,548,50,0.2,0.7,0.15,0.1,1,1,2,100,"final","random",17,2008,41,8,1,346,347,2
58,548,50,0.2,0.7,0.15,0.1,1,1,2,100,"final","random",17,2008,41,8,1,346,363,1
58,548,50,0.2,0.7,0.15,0.1,1,1,2,100,"final","random",17,2008,41,8,1,346,367,1
58,548,50,0.2,0.7,0.15,0.1,1,1,2,100,"final","random",17,2008,41,8,1,346,372,2
58,548,50,0.2,0.7,0.15,0.1,1,1,2,100,"final","random",17,2008,41,8,1,346,374,2
58,548,50,0.2,0.7,0.15,0.1,1,1,2,100,"final","random",17,2008,41,8,1,346,378,1
58,548,50,0.2,0.7,0.15,0.1,1,1,2,100,"final","random",17,2008,41,8,1,346,381,1
58,548,50,0.2,0.7,0.15,0.1,1,1,2,100,"final","random",17,2008,41,8,1,346,384,1
58,548,50,0.2,0.7,0.15,0.1,1,1,2,100,"final","random",17,2008,41,8,1,346,385,1
58,548,50,0.2,0.7,0.15,0.1,1,1,2,100,"final","random",17,2008,41,8,1,346,389,2
58,548,50,0.2,0.7,0.15,0.1,1,1,2,100,"final","random",17,2008,41,8,1,346,424,1
58,548,50,0.2,0.7,0.15,0.1,1,1,2,100,"final","random",17,2008,41,8,1,346,476,1
58,548,50,0.2,0.7,0.15,0.1,1,1,2,100,"final","random",18,1405,29,5,1,346,275,1
58,548,50,0.2,0.7,0.15,0.1,1,1,2,100,"final","random",18,1405,29,5,1,346,283,1
58,548,50,0.2,0.7,0.15,0.1,1,1,2,100,"final","random",18,1405,29,5,1,346,324,3
58,548,50,0.2,0.7,0.15,0.1,1,1,2,100,"final","random",18,1405,29,5,1,346,336,2
58,548,50,0.2,0.7,0.15,0.1,1,1,2,100,"final","random",18,1405,29,5,1,346,342,2
58,548,50,0.2,0.7,0.15,0.1,1,1,2,100,"final","random",18,1405,29,5,1,346,351,2
58,548,50,0.2,0.7,0.15,0.1,1,1,2,100,"final","random",18,1405,29,5,1,346,361,1
58,548,50,0.2,0.7,0.15,0.1,1,1,2,100,"final","random",18,1405,29,5,1,346,363,1
58,548,50,0.2,0.7,0.15,0.1,1,1,2,100,"final","random",18,1405,29,5,1,346,367,1
58,548,50,0.2,0.7,0.15,0.1,1,1,2,100,"final","random",18,1405,29,5,1,346,368,1
58,548,50,0.2,0.7,0.15,0.1,1,1,2,100,"final","random",18,1405,29,5,1,346,372,1
58,548,50,0.2,0.7,0.15,0.1,1,1,2,100,"final","random",18,1405,29,5,1,346,377,1
58,548,50,0.2,0.7,0.15,0.1,1,1,2,100,"final","random",18,1405,29,5,1,346,384,2
58,548,50,0.2,0.7,0.15,0.1,1,1,2,100,"final","random",18,1405,29,5,1,346,397,2
58,548,50,0.2,0.7,0.15,0.1,1,1,2,100,"final","random",18,1405,29,5,1,346,399,1
58,548,50,0.2,0.7,0.15,0.1,1,1,2,100,"final","random",18,1405,29,5,1,346,400,2
58,548,50,0.2,0.7,0.15,0.1,1,1,2,100,"final","random",18,1405,29,5,1,346,401,3
58,548,50,0.2,0.7,0.15,0.1,1,1,2,100,"final","random",18,1405,29,5,1,346,412,1
58,548,50,0.2,0.7,0.15,0.1,1,1,2,100,"final","random",18,1405,29,5,1,346,421,1
58,548,50,0.2,0.7,0.15,0.1,1,1,2,100,"final","random",18,1405,29,5,1,346,428,1
58,548,50,0.2,0.7,0.15,0.1,1,1,2,100,"final","random",18,1405,29,5,1,346,433,1
58,548,50,0.2,0.7,0.15,0.1,1,1,2,100,"final","random",18,1405,29,5,1,346,442,1
58,548,50,0.2,0.7,0.15,0.1,1,1,2,100,"final","random",18,1405,29,5,1,346,444,1
58,548,50,0.2,0.7,0.15,0.1,1,1,2,100,"final","random",18,1405,29,5,1,346,448,1
58,548,50,0.2,0.7,0.15,0.1,1,1,2,100,"final","random",18,1405,29,5,1,346,451,1
58,548,50,0.2,0.7,0.15,0.1,1,1,2,100,"final","random",18,1405,29,5,1,346,465,1
58,548,50,0.2,0.7,0.15,0.1,1,1,2,100,"final","random",18,1405,29,5,1,346,487,1
58,548,50,0.2,0.7,0.15,0.1,1,1,2,100,"final","random",18,1405,29,5,1,346,494,1
58,548,50,0.2,0.7,0.15,0.1,1,1,2,100,"final","random",18,1405,29,5,1,346,516,1
58,548,50,0.2,0.7,0.15,0.1,1,1,2,100,"final","random",18,1405,29,5,1,346,524,1
58,548,50,0.2,0.7,0.15,0.1,1,1,2,100,"final","random",18,1405,29,5,1,346,530,1
58,548,50,0.2,0.7,0.15,0.1,1,1,2,100,"final","random",18,1405,29,5,1,346,538,1
58,548,50,0.2,0.7,0.15,0.1,1,1,2,100,"final","random",18,1405,29,5,1,346,540,2
58,548,50,0.2,0.7,0.15,0.1,1,1,2,100,"final","random",19,1762,36,12,1,346,367,1
58,548,50,0.2,0.7,0.15,0.1,1,1,2,100,"final","random",19,1762,36,12,1,346,373,1
58,548,50,0.2,0.7,0.15,0.1,1,1,2,100,"final","random",19,1762,36,12,1,346,388,2
58,548,50,0.2,0.7,0.15,0.1,1,1,2,100,"final","random",19,1762,36,12,1,346,389,1
58,548,50,0.2,0.7,0.15,0.1,1,1,2,100,"final","random",19,1762,36,12,1,346,391,2
58,548,50,0.2,0.7,0.15,0.1,1,1,2,100,"final","random",19,1762,36,12,1,346,395,1
58,548,50,0.2,0.7,0.15,0.1,1,1,2,100,"final","random",19,1762,36,12,1,346,401,1
58,548,50,0.2,0.7,0.15,0.1,1,1,2,100,"final","random",19,1762,36,12,1,346,411,1
58,548,50,0.2,0.7,0.15,0.1,1,1,2,100,"final","random",19,1762,36,12,1,346,429,1
58,548,50,0.2,0.7,0.15,0.1,1,1,2,100,"final","random",19,1762,36,12,1,346,431,1
58,548,50,0.2,0.7,0.15,0.1,1,1,2,100,"final","random",19,1762,36,12,1,346,432,1
58,548,50,0.2,0.7,0.15,0.1,1,1,2,100,"final","random",19,1762,36,12,1,346,433,1
58,548,50,0.2,0.7,0.15,0.1,1,1,2,100,"final","random",19,1762,36,12,1,346,436,1
58,548,50,0.2,0.7,0.15,0.1,1,1,2,100,"final","random",19,1762,36,12,1,346,446,4
58,548,50,0.2,0.7,0.15,0.1,1,1,2,100,"final","random",19,1762,36,12,1,346,449,1
58,548,50,0.2,0.7,0.15,0.1,1,1,2,100,"final","random",19,1762,36,12,1,346,459,1
58,548,50,0.2,0.7,0.15,0.1,1,1,2,100,"final","random",19,1762,36,12,1,346,463,2
58,548,50,0.2,0.7,0.15,0.1,1,1,2,100,"final","random",19,1762,36,12,1,346,468,1
58,548,50,0.2,0.7,0.15,0.1,1,1,2,100,"final","random",19,1762,36,12,1,346,469,2
58,548,50,0.2,0.7,0.15,0.1,1,1,2,100,"final","random",19,1762,36,12,1,346,475,1
58,548,50,0.2,0.7,0.15,0.1,1,1,2,100,"final","random",19,1762,36,12,1,346,476,1
58,548,50,0.2,0.7,0.15,0.1,1,1,2,100,"final","random",19,1762,36,12,1,346,487,1
58,548,50,0.2,0.7,0.15,0.1,1,1,2,100,"final","random",19,1762,36,12,1,346,510,1
58,548,50,0.2,0.7,0.15,0.1,1,1,2,100,"final","random",19,1762,36,12,1,346,530,1
58,548,50,0.2,0.7,0.15,0.1,1,1,2,100,"final","random",19,1762,36,12,1,346,548,1
58,548,50,0.2,0.7,0.15,0.1,1,1,2,100,"final","random",19,1762,36,12,1,346,588,3
58,548,50,0.2,0.7,0.15,0.1,1,1,2,100,"final","random",19,1762,36,12,1,346,594,2
58,548,50,0.2,0.7,0.15,0.1,1,1,2,100,"final","random",19,1762,36,12,1,346,606,1
58,548,50,0.2,0.7,0.15,0.1,1,1,2,100,"final","random",19,1762,36,12,1,346,626,1
58,548,50,0.2,0.7,0.15,0.1,1,1,2,100,"final","random",20,2076,42,26,3,28,441,4
58,548,50,0.2,0.7,0.15,0.1,1,1,2,100,"final","random",20,2076,42,26,3,28,445,2
58,548,50,0.2,0.7,0.15,0.1,1,1,2,100,"final","random",20,2076,42,26,3,28,450,2
58,548,50,0.2,0.7,0.15,0.1,1,1,2,100,"final","random",20,2076,42,26,3,28,451,1
58,548,50,0.2,0.7,0.15,0.1,1,1,2,100,"final","random",20,2076,42,26,3,28,460,2
58,548,50,0.2,0.7,0.15,0.1,1,1,2,100,"final","random",20,2076,42,26,3,28,462,1
58,548,50,0.2,0.7,0.15,0.1,1,1,2,100,"final","random",20,2076,42,26,3,28,463,5
58,548,50,0.2,0.7,0.15,0.1,1,1,2,100,"final","random",20,2076,42,26,3,28,465,3
58,548,50,0.2,0.7,0.15,0.1,1,1,2,100,"final","random",20,2076,42,26,3,28,466,3
58,548,50,0.2,0.7,0.15,0.1,1,1,2,100,"final","random",20,2076,42,26,3,28,471,1
58,548,50,0.2,0.7,0.15,0.1,1,1,2,100,"final","random",20,2076,42,26,3,28,475,2
58,548,50,0.2,0.7,0.15,0.1,1,1,2,100,"final","random",20,2076,42,26,3,28,476,1
58,548,50,0.2,0.7,0.15,0.1,1,1,2,100,"final","random",20,2076,42,26,3,28,486,3
58,548,50,0.2,0.7,0.15,0.1,1,1,2,100,"final","random",20,2076,42,26,3,28,489,1
58,548,50,0.2,0.7,0.15,0.1,1,1,2,100,"final","random",20,2076,42,26,3,28,492,2
58,548,50,0.2,0.7,0.15,0.1,1,1,2,100,"final","random",20,2076,42,26,3,28,503,3
58,548,50,0.2,0.7,0.15,0.1,1,1,2,100,"final","random",20,2076,42,26,3,28,532,2
58,548,50,0.2,0.7,0.15,0.1,1,1,2,100,"final","random",21,1602,33,2,1,346,291,2
58,548,50,0.2,0.7,0.15,0.1,1,1,2,100,"final","random",21,1602,33,2,1,346,306,1
58,548,50,0.2,0.7,0.15,0.1,1,1,2,100,"final","random",21,1602,33,2,1,346,323,1
58,548,50,0.2,0.7,0.15,0.1,1,1,2,100,"final","random",21,1602,33,2,1,346,324,2
58,548,50,0.2,0.7,0.15,0.1,1,1,2,100,"final","random",21,1602,33,2,1,346,328,1
58,548,50,0.2,0.7,0.15,0.1,1,1,2,100,"final","random",21,1602,33,2,1,346,336,3
58,548,50,0.2,0.7,0.15,0.1,1,1,2,100,"final","random",21,1602,33,2,1,346,347,1
58,548,50,0.2,0.7,0.15,0.1,1,1,2,100,"final","random",21,1602,33,2,1,346,353,1
58,548,50,0.2,0.7,0.15,0.1,1,1,2,100,"final","random",21,1602,33,2,1,346,360,1
58,548,50,0.2,0.7,0.15,0.1,1,1,2,100,"final","random",21,1602,33,2,1,346,363,2
58,548,50,0.2,0.7,0.15,0.1,1,1,2,100,"final","random",21,1602,33,2,1,346,364,1
58,548,50,0.2,0.7,0.15,0.1,1,1,2,100,"final","random",21,1602,33,2,1,346,367,1
58,548,50,0.2,0.7,0.15,0.1,1,1,2,100,"final","random",21,1602,33,2,1,346,373,2
58,548,50,0.2,0.7,0.15,0.1,1,1,2,100,"final","random",21,1602,33,2,1,346,374,1
58,548,50,0.2,0.7,0.15,0.1,1,1,2,100,"final","random",21,1602,33,2,1,346,376,2
58,548,50,0.2,0.7,0.15,0.1,1,1,2,100,"final","random",21,1602,33,2,1,346,385,1
58,548,50,0.2,0.7,0.15,0.1,1,1,2,100,"final","random",21,1602,33,2,1,346,386,1
58,548,50,0.2,0.7,0.15,0.1,1,1,2,100,"final","random",21,1602,33,2,1,346,389,5
58,548,50,0.2,0.7,0.15,0.1,1,1,2,100,"final","random",21,1602,33,2,1,346,395,2
58,548,50,0.2,0.7,0.15,0.1,1,1,2,100,"final","random",21,1602,33,2,1,346,401,1
58,548,50,0.2,0.7,0.15,0.1,1,1,2,100,"final","random",21,1602,33,2,1,346,403,1
58,548,50,0.2,0.7,0.15,0.1,1,1,2,100,"final","random",21,1602,33,2,1,346,405,1
58,548,50,0.2,0.7,0.15,0.1,1,1,2,100,"final","random",21,1602,33,2,1,346,411,1
58,548,50,0.2,0.7,0.15,0.1,1,1,2,100,"final","random",21,1602,33,2,1,346,412,1
58,548,50,0.2,0.7,0.15,0.1,1,1,2,100,"final","random",21,1602,33,2,1,346,424,1
58,548,50,0.2,0.7,0.15,0.1,1,1,2,100,"final","random",21,1602,33,2,1,346,446,4
58,548,50,0.2,0.7,0.15,0.1,1,1,2,100,"final","random",22,2007,41,7,1,346,290,1
58,548,50,0.2,0.7,0.15,0.1,1,1,2,100,"final","random",22,2007,41,7,1,346,297,1
58,548,50,0.2,0.7,0.15,0.1,1,1,2,100,"final","random",22,2007,41,7,1,346,302,2
58,548,50,0.2,0.7,0.15,0.1,1,1,2,100,"final","random",22,2007,41,7,1,346,315,3
58,548,50,0.2,0.7,0.15,0.1,1,1,2,100,"final","random",22,2007,41,7,1,346,323,1
58,548,50,0.2,0.7,0.15,0.1,1,1,2,100,"final","random",22,2007,41,7,1,346,329,2
58,548,50,0.2,0.7,0.15,0.1,1,1,2,100,"final","random",22,2007,41,7,1,346,336,1
58,548,50,0.2,0.7,0.15,0.1,1,1,2,100,"final","random",22,2007,41,7,1,346,338,1
58,548,50,0.2,0.7,0.15,0.1,1,1,2,100,"final","random",22,2007,41,7,1,346,347,1
58,548,50,0.2,0.7,0.15,0.1,1,1,2,100,"final","random",22,2007,41,7,1,346,351,3
58,548,50,0.2,0.7,0.15,0.1,1,1,2,100,"final","random",22,2007,41,7,1,346,364,1
58,548,50,0.2,0.7,0.15,0.1,1,1,2,100,"final","random",22,2007,41,7,1,346,367,2
58,548,50,0.2,0.7,0.15,0.1,1,1,2,100,"final","random",22,2007,41,7,1,346,372,1
58,548,50,0.2,0.7,0.15,0.1,1,1,2,100,"final","random",22,2007,41,7,1,346,378,2
58,548,50,0.2,0.7,0.15,0.1,1,1,2,100,"final","random",22,2007,41,7,1,346,384,1
58,548,50,0.2,0.7,0.15,0.1,1,1,2,100,"final","random",22,2007,41,7,1,346,385,2
58,548,50,0.2,0.7,0.15,0.1,1,1,2,100,"final","random",22,2007,41,7,1,346,389,2
58,548,50,0.2,0.7,0.15,0.1,1,1,2,100,"final","random",22,2007,41,7,1,346,390,2
58,548,50,0.2,0.7,0.15,0.1,1,1,2,100,"final","random",22,2007,41,7,1,346,395,1
58,548,50,0.2,0.7,0.15,0.1,1,1,2,100,"final","random",22,2007,41,7,1,346,425,1
58,548,50,0.2,0.7,0.15,0.1,1,1,2,100,"final","random",22,2007,41,7,1,346,429,2
58,548,50,0.2,0.7,0.15,0.1,1,1,2,100,"final","random",22,2007,41,7,1,346,446,1
58,548,50,0.2,0.7,0.15,0.1,1,1,2,100,"final","random",23,904,19,4,1,346,312,2
58,548,50,0.2,0.7,0.15,0.1,1,1,2,100,"final","random",23,904,19,4,1,346,317,1
58,548,50,0.2,0.7,0.15,0.1,1,1,2,100,"final","random",23,904,19,4,1,346,322,2
58,548,50,0.2,0.7,0.15,0.1,1,1,2,100,"final","random",23,904,19,4,1,346,324,2
58,548,50,0.2,0.7,0.15,0.1,1,1,2,100,"final","random",23,904,19,4,1,346,333,1
58,548,50,0.2,0.7,0.15,0.1,1,1,2,100,"final","random",23,904,19,4,1,346,337,1
58,548,50,0.2,0.7,0.15,0.1,1,1,2,100,"final","random",23,904,19,4,1,346,342,2
58,548,50,0.2,0.7,0.15,0.1,1,1,2,100,"final","random",23,904,19,4,1,346,352,1
58,548,50,0.2,0.7,0.15,0.1,1,1,2,100,"final","random",23,904,19,4,1,346,353,1
58,548,50,0.2,0.7,0.15,0.1,1,1,2,100,"final","random",23,904,19,4,1,346,361,1
58,548,50,0.2,0.7,0.15,0.1,1,1,2,100,"final","random",23,904,19,4,1,346,362,1
58,548,50,0.2,0.7,0.15,0.1,1,1,2,100,"final","random",23,904,19,4,1,346,373,1
58,548,50,0.2,0.7,0.15,0.1,1,1,2,100,"final","random",23,904,19,4,1,346,379,2
58,548,50,0.2,0.7,0.15,0.1,1,1,2,100,"final","random",23,904,19,4,1,346,383,4
58,548,50,0.2,0.7,0.15,0.1,1,1,2,100,"final","random",23,904,19,4,1,346,388,1
58,548,50,0.2,0.7,0.15,0.1,1,1,2,100,"final","random",23,904,19,4,1,346,389,1
58,548,50,0.2,0.7,0.15,0.1,1,1,2,100,"final","random",23,904,19,4,1,346,397,2
58,548,50,0.2,0.7,0.15,0.1,1,1,2,100,"final","random",23,904,19,4,1,346,398,2
58,548,50,0.2,0.7,0.15,0.1,1,1,2,100,"final","random",23,904,19,4,1,346,399,1
58,548,50,0.2,0.7,0.15,0.1,1,1,2,100,"final","random",23,904,19,4,1,346,403,3
58,548,50,0.2,0.7,0.15,0.1,1,1,2,100,"final","random",23,904,19,4,1,346,412,1
58,548,50,0.2,0.7,0.15,0.1,1,1,2,100,"final","random",23,904,19,4,1,346,428,1
58,548,50,0.2,0.7,0.15,0.1,1,1,2,100,"final","random",23,904,19,4,1,346,433,1
58,548,50,0.2,0.7,0.15,0.1,1,1,2,100,"final","random",23,904,19,4,1,346,450,1
58,548,50,0.2,0.7,0.15,0.1,1,1,2,100,"final","random",23,904,19,4,1,346,524,1
58,548,50,0.2,0.7,0.15,0.1,1,1,2,100,"final","random",24,1707,35,7,1,346,275,1
58,548,50,0.2,0.7,0.15,0.1,1,1,2,100,"final","random",24,1707,35,7,1,346,347,1
58,548,50,0.2,0.7,0.15,0.1,1,1,2,100,"final","random",24,1707,35,7,1,346,349,1
58,548,50,0.2,0.7,0.15,0.1,1,1,2,100,"final","random",24,1707,35,7,1,346,353,1
58,548,50,0.2,0.7,0.15,0.1,1,1,2,100,"final","random",24,1707,35,7,1,346,364,8
58,548,50,0.2,0.7,0.15,0.1,1,1,2,100,"final","random",24,1707,35,7,1,346,373,1
58,548,50,0.2,0.7,0.15,0.1,1,1,2,100,"final","random",24,1707,35,7,1,346,378,2
58,548,50,0.2,0.7,0.15,0.1,1,1,2,100,"final","random",24,1707,35,7,1,346,381,1
58,548,50,0.2,0.7,0.15,0.1,1,1,2,100,"final","random",24,1707,35,7,1,346,386,3
58,548,50,0.2,0.7,0.15,0.1,1,1,2,100,"final","random",24,1707,35,7,1,346,387,2
58,548,50,0.2,0.7,0.15,0.1,1,1,2,100,"final","random",24,1707,35,7,1,346,388,2
58,548,50,0.2,0.7,0.15,0.1,1,1,2,100,"final","random",24,1707,35,7,1,346,389,2
58,548,50,0.2,0.7,0.15,0.1,1,1,2,100,"final","random",24,1707,35,7,1,346,390,1
58,548,50,0.2,0.7,0.15,0.1,1,1,2,100,"final","random",24,1707,35,7,1,346,395,2
58,548,50,0.2,0.7,0.15,0.1,1,1,2,100,"final","random",24,1707,35,7,1,346,396,1
58,548,50,0.2,0.7,0.15,0.1,1,1,2,100,"final","random",24,1707,35,7,1,346,405,1
58,548,50,0.2,0.7,0.15,0.1,1,1,2,100,"final","random",24,1707,35,7,1,346,407,1
58,548,50,0.2,0.7,0.15,0.1,1,1,2,100,"final","random",24,1707,35,7,1,346,424,2
58,548,50,0.2,0.7,0.15,0.1,1,1,2,100,"final","random",24,1707,35,7,1,346,428,1
58,548,50,0.2,0.7,0.15,0.1,1,1,2,100,"final","random",24,1707,35,7,1,346,433,1
58,548,50,0.2,0.7,0.15,0.1,1,1,2,100,"final","random",24,1707,35,7,1,346,446,1
58,548,50,0.2,0.7,0.15,0.1,1,1,2,100,"final","random",24,1707,35,7,1,346,448,1
58,548,50,0.2,0.7,0.15,0.1,1,1,2,100,"final","random",24,1707,35,7,1,346,457,1
58,548,50,0.2,0.7,0.15,0.1,1,1,2,100,"final","random",24,1707,35,7,1,346,459,1
58,548,50,0.2,0.7,0.15,0.1,1,1,2,100,"final","random",25,856,18,6,1,346,337,2
58,548,50,0.2,0.7,0.15,0.1,1,1,2,100,"final","random",25,856,18,6,1,346,340,1
58,548,50,0.2,0.7,0.15,0.1,1,1,2,100,"final","random",25,856,18,6,1,346,342,2
58,548,50,0.2,0.7,0.15,0.1,1,1,2,100,"final","random",25,856,18,6,1,346,361,2
58,548,50,0.2,0.7,0.15,0.1,1,1,2,100,"final","random",25,856,18,6,1,346,362,1
58,548,50,0.2,0.7,0.15,0.1,1,1,2,100,"final","random",25,856,18,6,1,346,368,2
58,548,50,0.2,0.7,0.15,0.1,1,1,2,100,"final","random",25,856,18,6,1,346,379,3
58,548,50,0.2,0.7,0.15,0.1,1,1,2,100,"final","random",25,856,18,6,1,346,394,1
58,548,50,0.2,0.7,0.15,0.1,1,1,2,100,"final","random",25,856,18,6,1,346,397,2
58,548,50,0.2,0.7,0.15,0.1,1,1,2,100,"final","random",25,856,18,6,1,346,398,1
58,548,50,0.2,0.7,0.15,0.1,1,1,2,100,"final","random",25,856,18,6,1,346,399,6
58,548,50,0.2,0.7,0.15,0.1,1,1,2,100,"final","random",25,856,18,6,1,346,403,2
58,548,50,0.2,0.7,0.15,0.1,1,1,2,100,"final","random",25,856,18,6,1,346,412,2
58,548,50,0.2,0.7,0.15,0.1,1,1,2,100,"final","random",25,856,18,6,1,346,423,1
58,548,50,0.2,0.7,0.15,0.1,1,1,2,100,"final","random",25,856,18,6,1,346,427,1
58,548,50,0.2,0.7,0.15,0.1,1,1,2,100,"final","random",25,856,18,6,1,346,440,2
58,548,50,0.2,0.7,0.15,0.1,1,1,2,100,"final","random",25,856,18,6,1,346,450,1
58,548,50,0.2,0.7,0.15,0.1,1,1,2,100,"final","random",25,856,18,6,1,346,459,2
58,548,50,0.2,0.7,0.15,0.1,1,1,2,100,"final","random",25,856,18,6,1,346,467,1
58,548,50,0.2,0.7,0.15,0.1,1,1,2,100,"final","random",25,856,18,6,1,346,482,1
58,548,50,0.2,0.7,0.15,0.1,1,1,2,100,"final","random",25,856,18,6,1,346,526,2
58,548,50,0.2,0.7,0.15,0.1,1,1,2,100,"final","random",25,856,18,6,1,346,530,1
58,548,50,0.2,0.7,0.15,0.1,1,1,2,100,"final","random",26,2105,43,5,1,346,236,1
58,548,50,0.2,0.7,0.15,0.1,1,1,2,100,"final","random",26,2105,43,5,1,346,243,3
58,548,50,0.2,0.7,0.15,0.1,1,1,2,100,"final","random",26,2105,43,5,1,346,297,1
58,548,50,0.2,0.7,0.15,0.1,1,1,2,100,"final","random",26,2105,43,5,1,346,315,1
58,548,50,0.2,0.7,0.15,0.1,1,1,2,100,"final","random",26,2105,43,5,1,346,336,5
58,548,50,0.2,0.7,0.15,0.1,1,1,2,100,"final","random",26,2105,43,5,1,346,342,1
58,548,50,0.2,0.7,0.15,0.1,1,1,2,100,"final","random",26,2105,43,5,1,346,343,2
58,548,50,0.2,0.7,0.15,0.1,1,1,2,100,"final","random",26,2105,43,5,1,346,353,1
58,548,50,0.2,0.7,0.15,0.1,1,1,2,100,"final","random",26,2105,43,5,1,346,360,2
58,548,50,0.2,0.7,0.15,0.1,1,1,2,100,"final","random",26,2105,43,5,1,346,367,1
58,548,50,0.2,0.7,0.15,0.1,1,1,2,100,"final","random",26,2105,43,5,1,346,374,4
58,548,50,0.2,0.7,0.15,0.1,1,1,2,100,"final","random",26,2105,43,5,1,346,389,4
58,548,50,0.2,0.7,0.15,0.1,1,1,2,100,"final","random",26,2105,43,5,1,346,401,2
58,548,50,0.2,0.7,0.15,0.1,1,1,2,100,"final","random",26,2105,43,5,1,346,403,1
58,548,50,0.2,0.7,0.15,0.1,1,1,2,100,"final","random",26,2105,43,5,1,346,411,2
58,548,50,0.2,0.7,0.15,0.1,1,1,2,100,"final","random",26,2105,43,5,1,346,424,1
58,548,50,0.2,0.7,0.15,0.1,1,1,2,100,"final","random",26,2105,43,5,1,346,449,1
58,548,50,0.2,0.7,0.15,0.1,1,1,2,100,"final","random",27,1552,32,2,1,346,275,1
58,548,50,0.2,0.7,0.15,0.1,1,1,2,100,"final","random",27,1552,32,2,1,346,310,2
58,548,50,0.2,0.7,0.15,0.1,1,1,2,100,"final","random",27,1552,32,2,1,346,312,1
58,548,50,0.2,0.7,0.15,0.1,1,1,2,100,"final","random",27,1552,32,2,1,346,315,1
58,548,50,0.2,0.7,0.15,0.1,1,1,2,100,"final","random",27,1552,32,2,1,346,324,3
58,548,50,0.2,0.7,0.15,0.1,1,1,2,100,"final","random",27,1552,32,2,1,346,336,2
58,548,50,0.2,0.7,0.15,0.1,1,1,2,100,"final","random",27,1552,32,2,1,346,338,5
58,548,50,0.2,0.7,0.15,0.1,1,1,2,100,"final","random",27,1552,32,2,1,346,340,1
58,548,50,0.2,0.7,0.15,0.1,1,1,2,100,"final","random",27,1552,32,2,1,346,342,1
58,548,50,0.2,0.7,0.15,0.1,1,1,2,100,"final","random",27,1552,32,2,1,346,348,1
58,548,50,0.2,0.7,0.15,0.1,1,1,2,100,"final","random",27,1552,32,2,1,346,349,3
58,548,50,0.2,0.7,0.15,0.1,1,1,2,100,"final","random",27,1552,32,2,1,346,351,3
58,548,50,0.2,0.7,0.15,0.1,1,1,2,100,"final","random",27,1552,32,2,1,346,363,2
58,548,50,0.2,0.7,0.15,0.1,1,1,2,100,"final","random",27,1552,32,2,1,346,367,1
58,548,50,0.2,0.7,0.15,0.1,1,1,2,100,"final","random",27,1552,32,2,1,346,373,2
58,548,50,0.2,0.7,0.15,0.1,1,1,2,100,"final","random",27,1552,32,2,1,346,374,2
58,548,50,0.2,0.7,0.15,0.1,1,1,2,100,"final","random",27,1552,32,2,1,346,378,2
58,548,50,0.2,0.7,0.15,0.1,1,1,2,100,"final","random",27,1552,32,2,1,346,395,1
58,548,50,0.2,0.7,0.15,0.1,1,1,2,100,"final","random",27,1552,32,2,1,346,399,2
58,548,50,0.2,0.7,0.15,0.1,1,1,2,100,"final","random",27,1552,32,2,1,346,411,1
58,548,50,0.2,0.7,0.15,0.1,1,1,2,100,"final","random",27,1552,32,2,1,346,446,1
58,548,50,0.2,0.7,0.15,0.1,1,1,2,100,"final","random",28,1813,37,13,1,346,374,1
58,548,50,0.2,0.7,0.15,0.1,1,1,2,100,"final","random",28,1813,37,13,1,346,381,1
58,548,50,0.2,0.7,0.15,0.1,1,1,2,100,"final","random",28,1813,37,13,1,346,389,1
58,548,50,0.2,0.7,0.15,0.1,1,1,2,100,"final","random",28,1813,37,13,1,346,395,1
58,548,50,0.2,0.7,0.15,0.1,1,1,2,100,"final","random",28,1813,37,13,1,346,403,1
58,548,50,0.2,0.7,0.15,0.1,1,1,2,100,"final","random",28,1813,37,13,1,346,433,2
58,548,50,0.2,0.7,0.15,0.1,1,1,2,100,"final","random",28,1813,37,13,1,346,435,2
58,548,50,0.2,0.7,0.15,0.1,1,1,2,100,"final","random",28,1813,37,13,1,346,446,2
58,548,50,0.2,0.7,0.15,0.1,1,1,2,100,"final","random",28,1813,37,13,1,346,455,1
58,548,50,0.2,0.7,0.15,0.1,1,1,2,100,"final","random",28,1813,37,13,1,346,459,3
58,548,50,0.2,0.7,0.15,0.1,1,1,2,100,"final","random",28,1813,37,13,1,346,468,1
58,548,50,0.2,0.7,0.15,0.1,1,1,2,100,"final","random",28,1813,37,13,1,346,475,2
58,548,50,0.2,0.7,0.15,0.1,1,1,2,100,"final","random",28,1813,37,13,1,346,476,1
58,548,50,0.2,0.7,0.15,0.1,1,1,2,100,"final","random",28,1813,37,13,1,346,487,2
58,548,50,0.2,0.7,0.15,0.1,1,1,2,100,"final","random",28,1813,37,13,1,346,529,2
58,548,50,0.2,0.7,0.15,0.1,1,1,2,100,"final","random",28,1813,37,13,1,346,548,2
58,548,50,0.2,0.7,0.15,0.1,1,1,2,100,"final","random",28,1813,37,13,1,346,582,1
58,548,50,0.2,0.7,0.15,0.1,1,1,2,100,"final","random",28,1813,37,13,1,346,588,2
58,548,50,0.2,0.7,0.15,0.1,1,1,2,100,"final","random",28,1813,37,13,1,346,596,3
58,548,50,0.2,0.7,0.15,0.1,1,1,2,100,"final","random",28,1813,37,13,1,346,606,2
58,548,50,0.2,0.7,0.15,0.1,1,1,2,100,"final","random",28,1813,37,13,1,346,627,1
58,548,50,0.2,0.7,0.15,0.1,1,1,2,100,"final","random",29,1710,35,10,1,346,324,1
58,548,50,0.2,0.7,0.15,0.1,1,1,2,100,"final","random",29,1710,35,10,1,346,336,3
58,548,50,0.2,0.7,0.15,0.1,1,1,2,100,"final","random",29,1710,35,10,1,346,338,5
58,548,50,0.2,0.7,0.15,0.1,1,1,2,100,"final","random",29,1710,35,10,1,346,344,1
58,548,50,0.2,0.7,0.15,0.1,1,1,2,100,"final","random",29,1710,35,10,1,346,353,1
58,548,50,0.2,0.7,0.15,0.1,1,1,2,100,"final","random",29,1710,35,10,1,346,364,1
58,548,50,0.2,0.7,0.15,0.1,1,1,2,100,"final","random",29,1710,35,10,1,346,367,1
58,548,50,0.2,0.7,0.15,0.1,1,1,2,100,"final","random",29,1710,35,10,1,346,374,1
58,548,50,0.2,0.7,0.15,0.1,1,1,2,100,"final","random",29,1710,35,10,1,346,377,1
58,548,50,0.2,0.7,0.15,0.1,1,1,2,100,"final","random",29,1710,35,10,1,346,378,1
58,548,50,0.2,0.7,0.15,0.1,1,1,2,100,"final","random",29,1710,35,10,1,346,387,1
58,548,50,0.2,0.7,0.15,0.1,1,1,2,100,"final","random",29,1710,35,10,1,346,389,1
58,548,50,0.2,0.7,0.15,0.1,1,1,2,100,"final","random",29,1710,35,10,1,346,395,1
58,548,50,0.2,0.7,0.15,0.1,1,1,2,100,"final","random",29,1710,35,10,1,346,401,1
58,548,50,0.2,0.7,0.15,0.1,1,1,2,100,"final","random",29,1710,35,10,1,346,402,1
58,548,50,0.2,0.7,0.15,0.1,1,1,2,100,"final","random",29,1710,35,10,1,346,411,2
58,548,50,0.2,0.7,0.15,0.1,1,1,2,100,"final","random",29,1710,35,10,1,346,439,2
58,548,50,0.2,0.7,0.15,0.1,1,1,2,100,"final","random",29,1710,35,10,1,346,442,1
58,548,50,0.2,0.7,0.15,0.1,1,1,2,100,"final","random",29,1710,35,10,1,346,446,4
58,548,50,0.2,0.7,0.15,0.1,1,1,2,100,"final","random",29,1710,35,10,1,346,459,1
58,548,50,0.2,0.7,0.15,0.1,1,1,2,100,"final","random",29,1710,35,10,1,346,468,1
58,548,50,0.2,0.7,0.15,0.1,1,1,2,100,"final","random",29,1710,35,10,1,346,487,1
58,548,50,0.2,0.7,0.15,0.1,1,1,2,100,"final","random",29,1710,35,10,1,346,540,1
58,548,50,0.2,0.7,0.15,0.1,1,1,2,100,"final","random",29,1710,35,10,1,346,580,1
58,548,50,0.2,0.7,0.15,0.1,1,1,2,100,"final","random",29,1710,35,10,1,346,588,1
58,548,50,0.2,0.7,0.15,0.1,1,1,2,100,"final","random",29,1710,35,10,1,346,592,1
58,548,50,0.2,0.7,0.15,0.1,1,1,2,100,"final","random",30,757,16,7,1,346,337,1
58,548,50,0.2,0.7,0.15,0.1,1,1,2,100,"final","random",30,757,16,7,1,346,338,3
58,548,50,0.2,0.7,0.15,0.1,1,1,2,100,"final","random",30,757,16,7,1,346,342,1
58,548,50,0.2,0.7,0.15,0.1,1,1,2,100,"final","random",30,757,16,7,1,346,361,3
58,548,50,0.2,0.7,0.15,0.1,1,1,2,100,"final","random",30,757,16,7,1,346,364,1
58,548,50,0.2,0.7,0.15,0.1,1,1,2,100,"final","random",30,757,16,7,1,346,368,3
58,548,50,0.2,0.7,0.15,0.1,1,1,2,100,"final","random",30,757,16,7,1,346,374,1
58,548,50,0.2,0.7,0.15,0.1,1,1,2,100,"final","random",30,757,16,7,1,346,379,2
58,548,50,0.2,0.7,0.15,0.1,1,1,2,100,"final","random",30,757,16,7,1,346,383,3
58,548,50,0.2,0.7,0.15,0.1,1,1,2,100,"final","random",30,757,16,7,1,346,384,1
58,548,50,0.2,0.7,0.15,0.1,1,1,2,100,"final","random",30,757,16,7,1,346,391,1
58,548,50,0.2,0.7,0.15,0.1,1,1,2,100,"final","random",30,757,16,7,1,346,394,2
58,548,50,0.2,0.7,0.15,0.1,1,1,2,100,"final","random",30,757,16,7,1,346,397,1
58,548,50,0.2,0.7,0.15,0.1,1,1,2,100,"final","random",30,757,16,7,1,346,399,5
58,548,50,0.2,0.7,0.15,0.1,1,1,2,100,"final","random",30,757,16,7,1,346,403,1
58,548,50,0.2,0.7,0.15,0.1,1,1,2,100,"final","random",30,757,16,7,1,346,449,1
58,548,50,0.2,0.7,0.15,0.1,1,1,2,100,"final","random",30,757,16,7,1,346,469,1
58,548,50,0.2,0.7,0.15,0.1,1,1,2,100,"final","random",30,757,16,7,1,346,499,1
