sample_id,cell_id,x_loc,y_loc,patch_id,patch_size,sim_id,master_seed,step,step_label,grid_size,ac_amount,fragmentation,samp_method,species_id,n,replicate_num
1,814,17,14,1,2499,"0063",553,0,"start",50,0.7,NA,"random",97,1,12
1,814,17,14,1,2499,"0063",553,0,"start",50,0.7,NA,"random",141,1,12
2,1929,39,29,1,2499,"0063",553,0,"start",50,0.7,NA,"random",531,1,12
2,1929,39,29,1,2499,"0063",553,0,"start",50,0.7,NA,"random",564,1,12
3,1171,24,21,1,2499,"0063",553,0,"start",50,0.7,NA,"random",235,1,12
4,132,3,32,1,2499,"0063",553,0,"start",50,0.7,NA,"random",458,1,12
5,1233,25,33,1,2499,"0063",553,0,"start",50,0.7,NA,"random",NA,NA,12
6,402,9,2,1,2499,"0063",553,0,"start",50,0.7,NA,"random",544,1,12
6,402,9,2,1,2499,"0063",553,0,"start",50,0.7,NA,"random",571,1,12
7,1414,29,14,1,2499,"0063",553,0,"start",50,0.7,NA,"random",9,1,12
7,1414,29,14,1,2499,"0063",553,0,"start",50,0.7,NA,"random",23,1,12
7,1414,29,14,1,2499,"0063",553,0,"start",50,0.7,NA,"random",34,1,12
7,1414,29,14,1,2499,"0063",553,0,"start",50,0.7,NA,"random",72,1,12
7,1414,29,14,1,2499,"0063",553,0,"start",50,0.7,NA,"random",88,1,12
8,1861,38,11,1,2499,"0063",553,0,"start",50,0.7,NA,"random",NA,NA,12
9,2344,47,44,1,2499,"0063",553,0,"start",50,0.7,NA,"random",869,1,12
9,2344,47,44,1,2499,"0063",553,0,"start",50,0.7,NA,"random",924,1,12
9,2344,47,44,1,2499,"0063",553,0,"start",50,0.7,NA,"random",957,1,12
10,659,14,9,1,2499,"0063",553,0,"start",50,0.7,NA,"random",229,1,12
11,2387,48,37,1,2499,"0063",553,0,"start",50,0.7,NA,"random",627,1,12
11,2387,48,37,1,2499,"0063",553,0,"start",50,0.7,NA,"random",688,1,12
11,2387,48,37,1,2499,"0063",553,0,"start",50,0.7,NA,"random",724,1,12
12,2293,46,43,1,2499,"0063",553,0,"start",50,0.7,NA,"random",752,1,12
12,2293,46,43,1,2499,"0063",553,0,"start",50,0.7,NA,"random",888,1,12
12,2293,46,43,1,2499,"0063",553,0,"start",50,0.7,NA,"random",891,1,12
12,2293,46,43,1,2499,"0063",553,0,"start",50,0.7,NA,"random",945,1,12
13,2273,46,23,1,2499,"0063",553,0,"start",50,0.7,NA,"random",301,1,12
14,1228,25,28,1,2499,"0063",553,0,"start",50,0.7,NA,"random",738,1,12
15,1221,25,21,1,2499,"0063",553,0,"start",50,0.7,NA,"random",230,1,12
16,346,7,46,1,2499,"0063",553,0,"start",50,0.7,NA,"random",674,1,12
16,346,7,46,1,2499,"0063",553,0,"start",50,0.7,NA,"random",688,1,12
16,346,7,46,1,2499,"0063",553,0,"start",50,0.7,NA,"random",814,1,12
17,1835,37,35,1,2499,"0063",553,0,"start",50,0.7,NA,"random",810,1,12
17,1835,37,35,1,2499,"0063",553,0,"start",50,0.7,NA,"random",849,1,12
17,1835,37,35,1,2499,"0063",553,0,"start",50,0.7,NA,"random",902,1,12
17,1835,37,35,1,2499,"0063",553,0,"start",50,0.7,NA,"random",946,1,12
17,1835,37,35,1,2499,"0063",553,0,"start",50,0.7,NA,"random",971,1,12
17,1835,37,35,1,2499,"0063",553,0,"start",50,0.7,NA,"random",981,1,12
17,1835,37,35,1,2499,"0063",553,0,"start",50,0.7,NA,"random",996,1,12
18,1552,32,2,1,2499,"0063",553,0,"start",50,0.7,NA,"random",75,1,12
18,1552,32,2,1,2499,"0063",553,0,"start",50,0.7,NA,"random",119,1,12
18,1552,32,2,1,2499,"0063",553,0,"start",50,0.7,NA,"random",200,1,12
19,2201,45,1,1,2499,"0063",553,0,"start",50,0.7,NA,"random",773,1,12
19,2201,45,1,1,2499,"0063",553,0,"start",50,0.7,NA,"random",814,1,12
19,2201,45,1,1,2499,"0063",553,0,"start",50,0.7,NA,"random",818,1,12
19,2201,45,1,1,2499,"0063",553,0,"start",50,0.7,NA,"random",875,1,12
19,2201,45,1,1,2499,"0063",553,0,"start",50,0.7,NA,"random",878,1,12
19,2201,45,1,1,2499,"0063",553,0,"start",50,0.7,NA,"random",964,1,12
20,1771,36,21,1,2499,"0063",553,0,"start",50,0.7,NA,"random",293,1,12
20,1771,36,21,1,2499,"0063",553,0,"start",50,0.7,NA,"random",328,1,12
21,1876,38,26,1,2499,"0063",553,0,"start",50,0.7,NA,"random",521,1,12
22,1073,22,23,1,2499,"0063",553,0,"start",50,0.7,NA,"random",318,1,12
22,1073,22,23,1,2499,"0063",553,0,"start",50,0.7,NA,"random",320,1,12
22,1073,22,23,1,2499,"0063",553,0,"start",50,0.7,NA,"random",408,1,12
22,1073,22,23,1,2499,"0063",553,0,"start",50,0.7,NA,"random",433,1,12
22,1073,22,23,1,2499,"0063",553,0,"start",50,0.7,NA,"random",487,1,12
23,36,1,36,1,2499,"0063",553,0,"start",50,0.7,NA,"random",600,1,12
24,1396,28,46,1,2499,"0063",553,0,"start",50,0.7,NA,"random",365,1,12
24,1396,28,46,1,2499,"0063",553,0,"start",50,0.7,NA,"random",395,1,12
24,1396,28,46,1,2499,"0063",553,0,"start",50,0.7,NA,"random",457,1,12
24,1396,28,46,1,2499,"0063",553,0,"start",50,0.7,NA,"random",507,1,12
25,777,16,27,1,2499,"0063",553,0,"start",50,0.7,NA,"random",413,1,12
26,1465,30,15,1,2499,"0063",553,0,"start",50,0.7,NA,"random",19,1,12
26,1465,30,15,1,2499,"0063",553,0,"start",50,0.7,NA,"random",40,1,12
26,1465,30,15,1,2499,"0063",553,0,"start",50,0.7,NA,"random",96,1,12
27,1701,35,1,1,2499,"0063",553,0,"start",50,0.7,NA,"random",213,1,12
27,1701,35,1,1,2499,"0063",553,0,"start",50,0.7,NA,"random",321,1,12
27,1701,35,1,1,2499,"0063",553,0,"start",50,0.7,NA,"random",342,1,12
28,1573,32,23,1,2499,"0063",553,0,"start",50,0.7,NA,"random",88,1,12
28,1573,32,23,1,2499,"0063",553,0,"start",50,0.7,NA,"random",89,1,12
28,1573,32,23,1,2499,"0063",553,0,"start",50,0.7,NA,"random",106,1,12
29,1518,31,18,1,2499,"0063",553,0,"start",50,0.7,NA,"random",NA,NA,12
30,1640,33,40,1,2499,"0063",553,0,"start",50,0.7,NA,"random",850,1,12
30,1640,33,40,1,2499,"0063",553,0,"start",50,0.7,NA,"random",852,1,12
30,1640,33,40,1,2499,"0063",553,0,"start",50,0.7,NA,"random",916,1,12
30,1640,33,40,1,2499,"0063",553,0,"start",50,0.7,NA,"random",962,1,12
1,2058,42,8,1,2499,"0063",553,40,"pre_fragmentation",50,0.7,NA,"random",211,1,12
1,2058,42,8,1,2499,"0063",553,40,"pre_fragmentation",50,0.7,NA,"random",214,1,12
1,2058,42,8,1,2499,"0063",553,40,"pre_fragmentation",50,0.7,NA,"random",231,1,12
1,2058,42,8,1,2499,"0063",553,40,"pre_fragmentation",50,0.7,NA,"random",278,1,12
1,2058,42,8,1,2499,"0063",553,40,"pre_fragmentation",50,0.7,NA,"random",279,1,12
1,2058,42,8,1,2499,"0063",553,40,"pre_fragmentation",50,0.7,NA,"random",286,1,12
1,2058,42,8,1,2499,"0063",553,40,"pre_fragmentation",50,0.7,NA,"random",290,1,12
1,2058,42,8,1,2499,"0063",553,40,"pre_fragmentation",50,0.7,NA,"random",297,2,12
1,2058,42,8,1,2499,"0063",553,40,"pre_fragmentation",50,0.7,NA,"random",298,1,12
1,2058,42,8,1,2499,"0063",553,40,"pre_fragmentation",50,0.7,NA,"random",302,1,12
1,2058,42,8,1,2499,"0063",553,40,"pre_fragmentation",50,0.7,NA,"random",303,2,12
1,2058,42,8,1,2499,"0063",553,40,"pre_fragmentation",50,0.7,NA,"random",309,1,12
1,2058,42,8,1,2499,"0063",553,40,"pre_fragmentation",50,0.7,NA,"random",311,3,12
1,2058,42,8,1,2499,"0063",553,40,"pre_fragmentation",50,0.7,NA,"random",313,1,12
1,2058,42,8,1,2499,"0063",553,40,"pre_fragmentation",50,0.7,NA,"random",321,1,12
1,2058,42,8,1,2499,"0063",553,40,"pre_fragmentation",50,0.7,NA,"random",324,2,12
1,2058,42,8,1,2499,"0063",553,40,"pre_fragmentation",50,0.7,NA,"random",326,3,12
1,2058,42,8,1,2499,"0063",553,40,"pre_fragmentation",50,0.7,NA,"random",331,2,12
1,2058,42,8,1,2499,"0063",553,40,"pre_fragmentation",50,0.7,NA,"random",343,2,12
1,2058,42,8,1,2499,"0063",553,40,"pre_fragmentation",50,0.7,NA,"random",372,4,12
1,2058,42,8,1,2499,"0063",553,40,"pre_fragmentation",50,0.7,NA,"random",396,2,12
1,2058,42,8,1,2499,"0063",553,40,"pre_fragmentation",50,0.7,NA,"random",399,1,12
1,2058,42,8,1,2499,"0063",553,40,"pre_fragmentation",50,0.7,NA,"random",400,1,12
1,2058,42,8,1,2499,"0063",553,40,"pre_fragmentation",50,0.7,NA,"random",402,1,12
1,2058,42,8,1,2499,"0063",553,40,"pre_fragmentation",50,0.7,NA,"random",431,1,12
1,2058,42,8,1,2499,"0063",553,40,"pre_fragmentation",50,0.7,NA,"random",520,1,12
1,2058,42,8,1,2499,"0063",553,40,"pre_fragmentation",50,0.7,NA,"random",544,1,12
2,1360,28,10,1,2499,"0063",553,40,"pre_fragmentation",50,0.7,NA,"random",30,1,12
2,1360,28,10,1,2499,"0063",553,40,"pre_fragmentation",50,0.7,NA,"random",56,6,12
2,1360,28,10,1,2499,"0063",553,40,"pre_fragmentation",50,0.7,NA,"random",66,2,12
2,1360,28,10,1,2499,"0063",553,40,"pre_fragmentation",50,0.7,NA,"random",76,3,12
2,1360,28,10,1,2499,"0063",553,40,"pre_fragmentation",50,0.7,NA,"random",94,1,12
2,1360,28,10,1,2499,"0063",553,40,"pre_fragmentation",50,0.7,NA,"random",95,1,12
2,1360,28,10,1,2499,"0063",553,40,"pre_fragmentation",50,0.7,NA,"random",96,1,12
2,1360,28,10,1,2499,"0063",553,40,"pre_fragmentation",50,0.7,NA,"random",109,1,12
2,1360,28,10,1,2499,"0063",553,40,"pre_fragmentation",50,0.7,NA,"random",114,1,12
2,1360,28,10,1,2499,"0063",553,40,"pre_fragmentation",50,0.7,NA,"random",119,1,12
2,1360,28,10,1,2499,"0063",553,40,"pre_fragmentation",50,0.7,NA,"random",120,1,12
2,1360,28,10,1,2499,"0063",553,40,"pre_fragmentation",50,0.7,NA,"random",134,2,12
2,1360,28,10,1,2499,"0063",553,40,"pre_fragmentation",50,0.7,NA,"random",148,1,12
2,1360,28,10,1,2499,"0063",553,40,"pre_fragmentation",50,0.7,NA,"random",152,1,12
2,1360,28,10,1,2499,"0063",553,40,"pre_fragmentation",50,0.7,NA,"random",158,1,12
2,1360,28,10,1,2499,"0063",553,40,"pre_fragmentation",50,0.7,NA,"random",162,1,12
2,1360,28,10,1,2499,"0063",553,40,"pre_fragmentation",50,0.7,NA,"random",165,1,12
2,1360,28,10,1,2499,"0063",553,40,"pre_fragmentation",50,0.7,NA,"random",166,2,12
2,1360,28,10,1,2499,"0063",553,40,"pre_fragmentation",50,0.7,NA,"random",168,1,12
2,1360,28,10,1,2499,"0063",553,40,"pre_fragmentation",50,0.7,NA,"random",176,1,12
2,1360,28,10,1,2499,"0063",553,40,"pre_fragmentation",50,0.7,NA,"random",183,1,12
2,1360,28,10,1,2499,"0063",553,40,"pre_fragmentation",50,0.7,NA,"random",184,1,12
2,1360,28,10,1,2499,"0063",553,40,"pre_fragmentation",50,0.7,NA,"random",188,1,12
2,1360,28,10,1,2499,"0063",553,40,"pre_fragmentation",50,0.7,NA,"random",200,1,12
3,2351,48,1,1,2499,"0063",553,40,"pre_fragmentation",50,0.7,NA,"random",745,1,12
3,2351,48,1,1,2499,"0063",553,40,"pre_fragmentation",50,0.7,NA,"random",772,1,12
3,2351,48,1,1,2499,"0063",553,40,"pre_fragmentation",50,0.7,NA,"random",777,1,12
3,2351,48,1,1,2499,"0063",553,40,"pre_fragmentation",50,0.7,NA,"random",799,1,12
3,2351,48,1,1,2499,"0063",553,40,"pre_fragmentation",50,0.7,NA,"random",802,1,12
3,2351,48,1,1,2499,"0063",553,40,"pre_fragmentation",50,0.7,NA,"random",806,1,12
3,2351,48,1,1,2499,"0063",553,40,"pre_fragmentation",50,0.7,NA,"random",807,1,12
3,2351,48,1,1,2499,"0063",553,40,"pre_fragmentation",50,0.7,NA,"random",812,1,12
3,2351,48,1,1,2499,"0063",553,40,"pre_fragmentation",50,0.7,NA,"random",814,3,12
3,2351,48,1,1,2499,"0063",553,40,"pre_fragmentation",50,0.7,NA,"random",833,1,12
3,2351,48,1,1,2499,"0063",553,40,"pre_fragmentation",50,0.7,NA,"random",839,5,12
3,2351,48,1,1,2499,"0063",553,40,"pre_fragmentation",50,0.7,NA,"random",840,2,12
3,2351,48,1,1,2499,"0063",553,40,"pre_fragmentation",50,0.7,NA,"random",845,2,12
3,2351,48,1,1,2499,"0063",553,40,"pre_fragmentation",50,0.7,NA,"random",851,3,12
3,2351,48,1,1,2499,"0063",553,40,"pre_fragmentation",50,0.7,NA,"random",855,1,12
3,2351,48,1,1,2499,"0063",553,40,"pre_fragmentation",50,0.7,NA,"random",863,3,12
3,2351,48,1,1,2499,"0063",553,40,"pre_fragmentation",50,0.7,NA,"random",872,1,12
3,2351,48,1,1,2499,"0063",553,40,"pre_fragmentation",50,0.7,NA,"random",884,1,12
3,2351,48,1,1,2499,"0063",553,40,"pre_fragmentation",50,0.7,NA,"random",899,1,12
3,2351,48,1,1,2499,"0063",553,40,"pre_fragmentation",50,0.7,NA,"random",907,1,12
3,2351,48,1,1,2499,"0063",553,40,"pre_fragmentation",50,0.7,NA,"random",940,1,12
4,1681,34,31,1,2499,"0063",553,40,"pre_fragmentation",50,0.7,NA,"random",490,1,12
4,1681,34,31,1,2499,"0063",553,40,"pre_fragmentation",50,0.7,NA,"random",545,1,12
4,1681,34,31,1,2499,"0063",553,40,"pre_fragmentation",50,0.7,NA,"random",549,1,12
4,1681,34,31,1,2499,"0063",553,40,"pre_fragmentation",50,0.7,NA,"random",576,2,12
4,1681,34,31,1,2499,"0063",553,40,"pre_fragmentation",50,0.7,NA,"random",653,3,12
4,1681,34,31,1,2499,"0063",553,40,"pre_fragmentation",50,0.7,NA,"random",666,2,12
4,1681,34,31,1,2499,"0063",553,40,"pre_fragmentation",50,0.7,NA,"random",679,2,12
4,1681,34,31,1,2499,"0063",553,40,"pre_fragmentation",50,0.7,NA,"random",685,1,12
4,1681,34,31,1,2499,"0063",553,40,"pre_fragmentation",50,0.7,NA,"random",687,2,12
4,1681,34,31,1,2499,"0063",553,40,"pre_fragmentation",50,0.7,NA,"random",691,1,12
4,1681,34,31,1,2499,"0063",553,40,"pre_fragmentation",50,0.7,NA,"random",695,1,12
4,1681,34,31,1,2499,"0063",553,40,"pre_fragmentation",50,0.7,NA,"random",698,3,12
4,1681,34,31,1,2499,"0063",553,40,"pre_fragmentation",50,0.7,NA,"random",700,3,12
4,1681,34,31,1,2499,"0063",553,40,"pre_fragmentation",50,0.7,NA,"random",708,1,12
4,1681,34,31,1,2499,"0063",553,40,"pre_fragmentation",50,0.7,NA,"random",710,5,12
4,1681,34,31,1,2499,"0063",553,40,"pre_fragmentation",50,0.7,NA,"random",713,1,12
4,1681,34,31,1,2499,"0063",553,40,"pre_fragmentation",50,0.7,NA,"random",717,2,12
4,1681,34,31,1,2499,"0063",553,40,"pre_fragmentation",50,0.7,NA,"random",726,1,12
4,1681,34,31,1,2499,"0063",553,40,"pre_fragmentation",50,0.7,NA,"random",762,1,12
4,1681,34,31,1,2499,"0063",553,40,"pre_fragmentation",50,0.7,NA,"random",772,1,12
4,1681,34,31,1,2499,"0063",553,40,"pre_fragmentation",50,0.7,NA,"random",786,3,12
4,1681,34,31,1,2499,"0063",553,40,"pre_fragmentation",50,0.7,NA,"random",792,1,12
4,1681,34,31,1,2499,"0063",553,40,"pre_fragmentation",50,0.7,NA,"random",801,1,12
4,1681,34,31,1,2499,"0063",553,40,"pre_fragmentation",50,0.7,NA,"random",810,1,12
5,595,12,45,1,2499,"0063",553,40,"pre_fragmentation",50,0.7,NA,"random",538,1,12
5,595,12,45,1,2499,"0063",553,40,"pre_fragmentation",50,0.7,NA,"random",594,1,12
5,595,12,45,1,2499,"0063",553,40,"pre_fragmentation",50,0.7,NA,"random",611,3,12
5,595,12,45,1,2499,"0063",553,40,"pre_fragmentation",50,0.7,NA,"random",623,1,12
5,595,12,45,1,2499,"0063",553,40,"pre_fragmentation",50,0.7,NA,"random",630,7,12
5,595,12,45,1,2499,"0063",553,40,"pre_fragmentation",50,0.7,NA,"random",642,2,12
5,595,12,45,1,2499,"0063",553,40,"pre_fragmentation",50,0.7,NA,"random",644,1,12
5,595,12,45,1,2499,"0063",553,40,"pre_fragmentation",50,0.7,NA,"random",647,1,12
5,595,12,45,1,2499,"0063",553,40,"pre_fragmentation",50,0.7,NA,"random",651,1,12
5,595,12,45,1,2499,"0063",553,40,"pre_fragmentation",50,0.7,NA,"random",655,1,12
5,595,12,45,1,2499,"0063",553,40,"pre_fragmentation",50,0.7,NA,"random",667,1,12
5,595,12,45,1,2499,"0063",553,40,"pre_fragmentation",50,0.7,NA,"random",672,1,12
5,595,12,45,1,2499,"0063",553,40,"pre_fragmentation",50,0.7,NA,"random",678,1,12
5,595,12,45,1,2499,"0063",553,40,"pre_fragmentation",50,0.7,NA,"random",682,1,12
5,595,12,45,1,2499,"0063",553,40,"pre_fragmentation",50,0.7,NA,"random",687,1,12
5,595,12,45,1,2499,"0063",553,40,"pre_fragmentation",50,0.7,NA,"random",688,1,12
5,595,12,45,1,2499,"0063",553,40,"pre_fragmentation",50,0.7,NA,"random",704,3,12
5,595,12,45,1,2499,"0063",553,40,"pre_fragmentation",50,0.7,NA,"random",706,2,12
5,595,12,45,1,2499,"0063",553,40,"pre_fragmentation",50,0.7,NA,"random",710,1,12
5,595,12,45,1,2499,"0063",553,40,"pre_fragmentation",50,0.7,NA,"random",726,2,12
5,595,12,45,1,2499,"0063",553,40,"pre_fragmentation",50,0.7,NA,"random",738,2,12
5,595,12,45,1,2499,"0063",553,40,"pre_fragmentation",50,0.7,NA,"random",766,1,12
6,755,16,5,1,2499,"0063",553,40,"pre_fragmentation",50,0.7,NA,"random",78,1,12
6,755,16,5,1,2499,"0063",553,40,"pre_fragmentation",50,0.7,NA,"random",111,1,12
6,755,16,5,1,2499,"0063",553,40,"pre_fragmentation",50,0.7,NA,"random",132,1,12
6,755,16,5,1,2499,"0063",553,40,"pre_fragmentation",50,0.7,NA,"random",150,1,12
6,755,16,5,1,2499,"0063",553,40,"pre_fragmentation",50,0.7,NA,"random",159,4,12
6,755,16,5,1,2499,"0063",553,40,"pre_fragmentation",50,0.7,NA,"random",175,1,12
6,755,16,5,1,2499,"0063",553,40,"pre_fragmentation",50,0.7,NA,"random",177,1,12
6,755,16,5,1,2499,"0063",553,40,"pre_fragmentation",50,0.7,NA,"random",184,4,12
6,755,16,5,1,2499,"0063",553,40,"pre_fragmentation",50,0.7,NA,"random",185,1,12
6,755,16,5,1,2499,"0063",553,40,"pre_fragmentation",50,0.7,NA,"random",187,2,12
6,755,16,5,1,2499,"0063",553,40,"pre_fragmentation",50,0.7,NA,"random",199,1,12
6,755,16,5,1,2499,"0063",553,40,"pre_fragmentation",50,0.7,NA,"random",205,1,12
6,755,16,5,1,2499,"0063",553,40,"pre_fragmentation",50,0.7,NA,"random",227,2,12
6,755,16,5,1,2499,"0063",553,40,"pre_fragmentation",50,0.7,NA,"random",228,1,12
6,755,16,5,1,2499,"0063",553,40,"pre_fragmentation",50,0.7,NA,"random",229,1,12
6,755,16,5,1,2499,"0063",553,40,"pre_fragmentation",50,0.7,NA,"random",261,1,12
6,755,16,5,1,2499,"0063",553,40,"pre_fragmentation",50,0.7,NA,"random",278,2,12
6,755,16,5,1,2499,"0063",553,40,"pre_fragmentation",50,0.7,NA,"random",281,1,12
6,755,16,5,1,2499,"0063",553,40,"pre_fragmentation",50,0.7,NA,"random",290,1,12
6,755,16,5,1,2499,"0063",553,40,"pre_fragmentation",50,0.7,NA,"random",303,1,12
6,755,16,5,1,2499,"0063",553,40,"pre_fragmentation",50,0.7,NA,"random",318,3,12
6,755,16,5,1,2499,"0063",553,40,"pre_fragmentation",50,0.7,NA,"random",322,1,12
6,755,16,5,1,2499,"0063",553,40,"pre_fragmentation",50,0.7,NA,"random",330,2,12
6,755,16,5,1,2499,"0063",553,40,"pre_fragmentation",50,0.7,NA,"random",348,1,12
6,755,16,5,1,2499,"0063",553,40,"pre_fragmentation",50,0.7,NA,"random",386,1,12
6,755,16,5,1,2499,"0063",553,40,"pre_fragmentation",50,0.7,NA,"random",390,1,12
7,379,8,29,1,2499,"0063",553,40,"pre_fragmentation",50,0.7,NA,"random",305,1,12
7,379,8,29,1,2499,"0063",553,40,"pre_fragmentation",50,0.7,NA,"random",315,1,12
7,379,8,29,1,2499,"0063",553,40,"pre_fragmentation",50,0.7,NA,"random",319,1,12
7,379,8,29,1,2499,"0063",553,40,"pre_fragmentation",50,0.7,NA,"random",327,1,12
7,379,8,29,1,2499,"0063",553,40,"pre_fragmentation",50,0.7,NA,"random",336,1,12
7,379,8,29,1,2499,"0063",553,40,"pre_fragmentation",50,0.7,NA,"random",342,1,12
7,379,8,29,1,2499,"0063",553,40,"pre_fragmentation",50,0.7,NA,"random",350,5,12
7,379,8,29,1,2499,"0063",553,40,"pre_fragmentation",50,0.7,NA,"random",354,4,12
7,379,8,29,1,2499,"0063",553,40,"pre_fragmentation",50,0.7,NA,"random",361,2,12
7,379,8,29,1,2499,"0063",553,40,"pre_fragmentation",50,0.7,NA,"random",362,3,12
7,379,8,29,1,2499,"0063",553,40,"pre_fragmentation",50,0.7,NA,"random",367,1,12
7,379,8,29,1,2499,"0063",553,40,"pre_fragmentation",50,0.7,NA,"random",369,2,12
7,379,8,29,1,2499,"0063",553,40,"pre_fragmentation",50,0.7,NA,"random",370,1,12
7,379,8,29,1,2499,"0063",553,40,"pre_fragmentation",50,0.7,NA,"random",379,1,12
7,379,8,29,1,2499,"0063",553,40,"pre_fragmentation",50,0.7,NA,"random",383,1,12
7,379,8,29,1,2499,"0063",553,40,"pre_fragmentation",50,0.7,NA,"random",387,1,12
7,379,8,29,1,2499,"0063",553,40,"pre_fragmentation",50,0.7,NA,"random",391,1,12
7,379,8,29,1,2499,"0063",553,40,"pre_fragmentation",50,0.7,NA,"random",393,1,12
7,379,8,29,1,2499,"0063",553,40,"pre_fragmentation",50,0.7,NA,"random",400,1,12
7,379,8,29,1,2499,"0063",553,40,"pre_fragmentation",50,0.7,NA,"random",402,1,12
7,379,8,29,1,2499,"0063",553,40,"pre_fragmentation",50,0.7,NA,"random",412,3,12
7,379,8,29,1,2499,"0063",553,40,"pre_fragmentation",50,0.7,NA,"random",413,1,12
7,379,8,29,1,2499,"0063",553,40,"pre_fragmentation",50,0.7,NA,"random",432,1,12
7,379,8,29,1,2499,"0063",553,40,"pre_fragmentation",50,0.7,NA,"random",437,1,12
7,379,8,29,1,2499,"0063",553,40,"pre_fragmentation",50,0.7,NA,"random",445,1,12
7,379,8,29,1,2499,"0063",553,40,"pre_fragmentation",50,0.7,NA,"random",459,1,12
8,584,12,34,1,2499,"0063",553,40,"pre_fragmentation",50,0.7,NA,"random",462,1,12
8,584,12,34,1,2499,"0063",553,40,"pre_fragmentation",50,0.7,NA,"random",516,1,12
8,584,12,34,1,2499,"0063",553,40,"pre_fragmentation",50,0.7,NA,"random",521,1,12
8,584,12,34,1,2499,"0063",553,40,"pre_fragmentation",50,0.7,NA,"random",535,1,12
8,584,12,34,1,2499,"0063",553,40,"pre_fragmentation",50,0.7,NA,"random",559,1,12
8,584,12,34,1,2499,"0063",553,40,"pre_fragmentation",50,0.7,NA,"random",572,1,12
8,584,12,34,1,2499,"0063",553,40,"pre_fragmentation",50,0.7,NA,"random",578,1,12
8,584,12,34,1,2499,"0063",553,40,"pre_fragmentation",50,0.7,NA,"random",580,1,12
8,584,12,34,1,2499,"0063",553,40,"pre_fragmentation",50,0.7,NA,"random",582,1,12
8,584,12,34,1,2499,"0063",553,40,"pre_fragmentation",50,0.7,NA,"random",598,1,12
8,584,12,34,1,2499,"0063",553,40,"pre_fragmentation",50,0.7,NA,"random",601,2,12
8,584,12,34,1,2499,"0063",553,40,"pre_fragmentation",50,0.7,NA,"random",611,2,12
8,584,12,34,1,2499,"0063",553,40,"pre_fragmentation",50,0.7,NA,"random",620,2,12
8,584,12,34,1,2499,"0063",553,40,"pre_fragmentation",50,0.7,NA,"random",622,1,12
8,584,12,34,1,2499,"0063",553,40,"pre_fragmentation",50,0.7,NA,"random",628,1,12
8,584,12,34,1,2499,"0063",553,40,"pre_fragmentation",50,0.7,NA,"random",633,1,12
8,584,12,34,1,2499,"0063",553,40,"pre_fragmentation",50,0.7,NA,"random",635,1,12
8,584,12,34,1,2499,"0063",553,40,"pre_fragmentation",50,0.7,NA,"random",637,1,12
8,584,12,34,1,2499,"0063",553,40,"pre_fragmentation",50,0.7,NA,"random",643,3,12
8,584,12,34,1,2499,"0063",553,40,"pre_fragmentation",50,0.7,NA,"random",651,3,12
8,584,12,34,1,2499,"0063",553,40,"pre_fragmentation",50,0.7,NA,"random",652,1,12
8,584,12,34,1,2499,"0063",553,40,"pre_fragmentation",50,0.7,NA,"random",657,1,12
8,584,12,34,1,2499,"0063",553,40,"pre_fragmentation",50,0.7,NA,"random",667,1,12
8,584,12,34,1,2499,"0063",553,40,"pre_fragmentation",50,0.7,NA,"random",669,1,12
8,584,12,34,1,2499,"0063",553,40,"pre_fragmentation",50,0.7,NA,"random",672,1,12
8,584,12,34,1,2499,"0063",553,40,"pre_fragmentation",50,0.7,NA,"random",680,1,12
8,584,12,34,1,2499,"0063",553,40,"pre_fragmentation",50,0.7,NA,"random",684,5,12
8,584,12,34,1,2499,"0063",553,40,"pre_fragmentation",50,0.7,NA,"random",691,5,12
8,584,12,34,1,2499,"0063",553,40,"pre_fragmentation",50,0.7,NA,"random",695,1,12
9,2279,46,29,1,2499,"0063",553,40,"pre_fragmentation",50,0.7,NA,"random",361,1,12
9,2279,46,29,1,2499,"0063",553,40,"pre_fragmentation",50,0.7,NA,"random",363,2,12
9,2279,46,29,1,2499,"0063",553,40,"pre_fragmentation",50,0.7,NA,"random",399,2,12
9,2279,46,29,1,2499,"0063",553,40,"pre_fragmentation",50,0.7,NA,"random",402,2,12
9,2279,46,29,1,2499,"0063",553,40,"pre_fragmentation",50,0.7,NA,"random",407,1,12
9,2279,46,29,1,2499,"0063",553,40,"pre_fragmentation",50,0.7,NA,"random",419,1,12
9,2279,46,29,1,2499,"0063",553,40,"pre_fragmentation",50,0.7,NA,"random",420,1,12
9,2279,46,29,1,2499,"0063",553,40,"pre_fragmentation",50,0.7,NA,"random",423,2,12
9,2279,46,29,1,2499,"0063",553,40,"pre_fragmentation",50,0.7,NA,"random",426,1,12
9,2279,46,29,1,2499,"0063",553,40,"pre_fragmentation",50,0.7,NA,"random",430,8,12
9,2279,46,29,1,2499,"0063",553,40,"pre_fragmentation",50,0.7,NA,"random",432,1,12
9,2279,46,29,1,2499,"0063",553,40,"pre_fragmentation",50,0.7,NA,"random",461,2,12
9,2279,46,29,1,2499,"0063",553,40,"pre_fragmentation",50,0.7,NA,"random",479,2,12
9,2279,46,29,1,2499,"0063",553,40,"pre_fragmentation",50,0.7,NA,"random",482,4,12
9,2279,46,29,1,2499,"0063",553,40,"pre_fragmentation",50,0.7,NA,"random",493,1,12
9,2279,46,29,1,2499,"0063",553,40,"pre_fragmentation",50,0.7,NA,"random",501,2,12
9,2279,46,29,1,2499,"0063",553,40,"pre_fragmentation",50,0.7,NA,"random",502,1,12
9,2279,46,29,1,2499,"0063",553,40,"pre_fragmentation",50,0.7,NA,"random",510,1,12
9,2279,46,29,1,2499,"0063",553,40,"pre_fragmentation",50,0.7,NA,"random",519,1,12
9,2279,46,29,1,2499,"0063",553,40,"pre_fragmentation",50,0.7,NA,"random",576,1,12
10,1526,31,26,1,2499,"0063",553,40,"pre_fragmentation",50,0.7,NA,"random",160,1,12
10,1526,31,26,1,2499,"0063",553,40,"pre_fragmentation",50,0.7,NA,"random",184,2,12
10,1526,31,26,1,2499,"0063",553,40,"pre_fragmentation",50,0.7,NA,"random",196,1,12
10,1526,31,26,1,2499,"0063",553,40,"pre_fragmentation",50,0.7,NA,"random",219,1,12
10,1526,31,26,1,2499,"0063",553,40,"pre_fragmentation",50,0.7,NA,"random",235,2,12
10,1526,31,26,1,2499,"0063",553,40,"pre_fragmentation",50,0.7,NA,"random",240,2,12
10,1526,31,26,1,2499,"0063",553,40,"pre_fragmentation",50,0.7,NA,"random",276,3,12
10,1526,31,26,1,2499,"0063",553,40,"pre_fragmentation",50,0.7,NA,"random",277,3,12
10,1526,31,26,1,2499,"0063",553,40,"pre_fragmentation",50,0.7,NA,"random",279,1,12
10,1526,31,26,1,2499,"0063",553,40,"pre_fragmentation",50,0.7,NA,"random",297,1,12
10,1526,31,26,1,2499,"0063",553,40,"pre_fragmentation",50,0.7,NA,"random",300,4,12
10,1526,31,26,1,2499,"0063",553,40,"pre_fragmentation",50,0.7,NA,"random",303,1,12
10,1526,31,26,1,2499,"0063",553,40,"pre_fragmentation",50,0.7,NA,"random",328,4,12
10,1526,31,26,1,2499,"0063",553,40,"pre_fragmentation",50,0.7,NA,"random",334,1,12
10,1526,31,26,1,2499,"0063",553,40,"pre_fragmentation",50,0.7,NA,"random",340,3,12
10,1526,31,26,1,2499,"0063",553,40,"pre_fragmentation",50,0.7,NA,"random",356,1,12
10,1526,31,26,1,2499,"0063",553,40,"pre_fragmentation",50,0.7,NA,"random",365,1,12
10,1526,31,26,1,2499,"0063",553,40,"pre_fragmentation",50,0.7,NA,"random",367,3,12
10,1526,31,26,1,2499,"0063",553,40,"pre_fragmentation",50,0.7,NA,"random",430,1,12
10,1526,31,26,1,2499,"0063",553,40,"pre_fragmentation",50,0.7,NA,"random",460,1,12
11,2425,49,25,1,2499,"0063",553,40,"pre_fragmentation",50,0.7,NA,"random",255,1,12
11,2425,49,25,1,2499,"0063",553,40,"pre_fragmentation",50,0.7,NA,"random",290,1,12
11,2425,49,25,1,2499,"0063",553,40,"pre_fragmentation",50,0.7,NA,"random",318,1,12
11,2425,49,25,1,2499,"0063",553,40,"pre_fragmentation",50,0.7,NA,"random",321,1,12
11,2425,49,25,1,2499,"0063",553,40,"pre_fragmentation",50,0.7,NA,"random",346,1,12
11,2425,49,25,1,2499,"0063",553,40,"pre_fragmentation",50,0.7,NA,"random",353,1,12
11,2425,49,25,1,2499,"0063",553,40,"pre_fragmentation",50,0.7,NA,"random",357,4,12
11,2425,49,25,1,2499,"0063",553,40,"pre_fragmentation",50,0.7,NA,"random",362,1,12
11,2425,49,25,1,2499,"0063",553,40,"pre_fragmentation",50,0.7,NA,"random",363,2,12
11,2425,49,25,1,2499,"0063",553,40,"pre_fragmentation",50,0.7,NA,"random",364,1,12
11,2425,49,25,1,2499,"0063",553,40,"pre_fragmentation",50,0.7,NA,"random",365,1,12
11,2425,49,25,1,2499,"0063",553,40,"pre_fragmentation",50,0.7,NA,"random",370,1,12
11,2425,49,25,1,2499,"0063",553,40,"pre_fragmentation",50,0.7,NA,"random",371,1,12
11,2425,49,25,1,2499,"0063",553,40,"pre_fragmentation",50,0.7,NA,"random",373,1,12
11,2425,49,25,1,2499,"0063",553,40,"pre_fragmentation",50,0.7,NA,"random",375,2,12
11,2425,49,25,1,2499,"0063",553,40,"pre_fragmentation",50,0.7,NA,"random",384,1,12
11,2425,49,25,1,2499,"0063",553,40,"pre_fragmentation",50,0.7,NA,"random",393,1,12
11,2425,49,25,1,2499,"0063",553,40,"pre_fragmentation",50,0.7,NA,"random",403,2,12
11,2425,49,25,1,2499,"0063",553,40,"pre_fragmentation",50,0.7,NA,"random",407,1,12
11,2425,49,25,1,2499,"0063",553,40,"pre_fragmentation",50,0.7,NA,"random",409,1,12
11,2425,49,25,1,2499,"0063",553,40,"pre_fragmentation",50,0.7,NA,"random",419,1,12
11,2425,49,25,1,2499,"0063",553,40,"pre_fragmentation",50,0.7,NA,"random",420,1,12
11,2425,49,25,1,2499,"0063",553,40,"pre_fragmentation",50,0.7,NA,"random",423,1,12
11,2425,49,25,1,2499,"0063",553,40,"pre_fragmentation",50,0.7,NA,"random",426,1,12
11,2425,49,25,1,2499,"0063",553,40,"pre_fragmentation",50,0.7,NA,"random",428,1,12
11,2425,49,25,1,2499,"0063",553,40,"pre_fragmentation",50,0.7,NA,"random",430,2,12
11,2425,49,25,1,2499,"0063",553,40,"pre_fragmentation",50,0.7,NA,"random",434,1,12
11,2425,49,25,1,2499,"0063",553,40,"pre_fragmentation",50,0.7,NA,"random",451,2,12
11,2425,49,25,1,2499,"0063",553,40,"pre_fragmentation",50,0.7,NA,"random",455,1,12
11,2425,49,25,1,2499,"0063",553,40,"pre_fragmentation",50,0.7,NA,"random",473,1,12
11,2425,49,25,1,2499,"0063",553,40,"pre_fragmentation",50,0.7,NA,"random",478,1,12
12,1104,23,4,1,2499,"0063",553,40,"pre_fragmentation",50,0.7,NA,"random",43,1,12
12,1104,23,4,1,2499,"0063",553,40,"pre_fragmentation",50,0.7,NA,"random",46,2,12
12,1104,23,4,1,2499,"0063",553,40,"pre_fragmentation",50,0.7,NA,"random",56,3,12
12,1104,23,4,1,2499,"0063",553,40,"pre_fragmentation",50,0.7,NA,"random",61,1,12
12,1104,23,4,1,2499,"0063",553,40,"pre_fragmentation",50,0.7,NA,"random",66,2,12
12,1104,23,4,1,2499,"0063",553,40,"pre_fragmentation",50,0.7,NA,"random",82,1,12
12,1104,23,4,1,2499,"0063",553,40,"pre_fragmentation",50,0.7,NA,"random",93,1,12
12,1104,23,4,1,2499,"0063",553,40,"pre_fragmentation",50,0.7,NA,"random",95,3,12
12,1104,23,4,1,2499,"0063",553,40,"pre_fragmentation",50,0.7,NA,"random",98,1,12
12,1104,23,4,1,2499,"0063",553,40,"pre_fragmentation",50,0.7,NA,"random",99,1,12
12,1104,23,4,1,2499,"0063",553,40,"pre_fragmentation",50,0.7,NA,"random",104,3,12
12,1104,23,4,1,2499,"0063",553,40,"pre_fragmentation",50,0.7,NA,"random",105,1,12
12,1104,23,4,1,2499,"0063",553,40,"pre_fragmentation",50,0.7,NA,"random",114,1,12
12,1104,23,4,1,2499,"0063",553,40,"pre_fragmentation",50,0.7,NA,"random",119,1,12
12,1104,23,4,1,2499,"0063",553,40,"pre_fragmentation",50,0.7,NA,"random",120,1,12
12,1104,23,4,1,2499,"0063",553,40,"pre_fragmentation",50,0.7,NA,"random",124,1,12
12,1104,23,4,1,2499,"0063",553,40,"pre_fragmentation",50,0.7,NA,"random",130,1,12
12,1104,23,4,1,2499,"0063",553,40,"pre_fragmentation",50,0.7,NA,"random",132,1,12
12,1104,23,4,1,2499,"0063",553,40,"pre_fragmentation",50,0.7,NA,"random",142,1,12
12,1104,23,4,1,2499,"0063",553,40,"pre_fragmentation",50,0.7,NA,"random",146,1,12
12,1104,23,4,1,2499,"0063",553,40,"pre_fragmentation",50,0.7,NA,"random",147,1,12
12,1104,23,4,1,2499,"0063",553,40,"pre_fragmentation",50,0.7,NA,"random",156,3,12
12,1104,23,4,1,2499,"0063",553,40,"pre_fragmentation",50,0.7,NA,"random",160,1,12
12,1104,23,4,1,2499,"0063",553,40,"pre_fragmentation",50,0.7,NA,"random",161,2,12
12,1104,23,4,1,2499,"0063",553,40,"pre_fragmentation",50,0.7,NA,"random",178,1,12
12,1104,23,4,1,2499,"0063",553,40,"pre_fragmentation",50,0.7,NA,"random",196,1,12
13,1192,24,42,1,2499,"0063",553,40,"pre_fragmentation",50,0.7,NA,"random",484,2,12
13,1192,24,42,1,2499,"0063",553,40,"pre_fragmentation",50,0.7,NA,"random",496,1,12
13,1192,24,42,1,2499,"0063",553,40,"pre_fragmentation",50,0.7,NA,"random",517,1,12
13,1192,24,42,1,2499,"0063",553,40,"pre_fragmentation",50,0.7,NA,"random",527,1,12
13,1192,24,42,1,2499,"0063",553,40,"pre_fragmentation",50,0.7,NA,"random",547,2,12
13,1192,24,42,1,2499,"0063",553,40,"pre_fragmentation",50,0.7,NA,"random",591,3,12
13,1192,24,42,1,2499,"0063",553,40,"pre_fragmentation",50,0.7,NA,"random",601,1,12
13,1192,24,42,1,2499,"0063",553,40,"pre_fragmentation",50,0.7,NA,"random",618,1,12
13,1192,24,42,1,2499,"0063",553,40,"pre_fragmentation",50,0.7,NA,"random",621,2,12
13,1192,24,42,1,2499,"0063",553,40,"pre_fragmentation",50,0.7,NA,"random",643,1,12
13,1192,24,42,1,2499,"0063",553,40,"pre_fragmentation",50,0.7,NA,"random",655,1,12
13,1192,24,42,1,2499,"0063",553,40,"pre_fragmentation",50,0.7,NA,"random",656,1,12
13,1192,24,42,1,2499,"0063",553,40,"pre_fragmentation",50,0.7,NA,"random",658,1,12
13,1192,24,42,1,2499,"0063",553,40,"pre_fragmentation",50,0.7,NA,"random",667,1,12
13,1192,24,42,1,2499,"0063",553,40,"pre_fragmentation",50,0.7,NA,"random",670,4,12
13,1192,24,42,1,2499,"0063",553,40,"pre_fragmentation",50,0.7,NA,"random",676,1,12
13,1192,24,42,1,2499,"0063",553,40,"pre_fragmentation",50,0.7,NA,"random",683,1,12
13,1192,24,42,1,2499,"0063",553,40,"pre_fragmentation",50,0.7,NA,"random",693,1,12
13,1192,24,42,1,2499,"0063",553,40,"pre_fragmentation",50,0.7,NA,"random",699,4,12
13,1192,24,42,1,2499,"0063",553,40,"pre_fragmentation",50,0.7,NA,"random",700,1,12
13,1192,24,42,1,2499,"0063",553,40,"pre_fragmentation",50,0.7,NA,"random",705,2,12
13,1192,24,42,1,2499,"0063",553,40,"pre_fragmentation",50,0.7,NA,"random",713,3,12
13,1192,24,42,1,2499,"0063",553,40,"pre_fragmentation",50,0.7,NA,"random",719,1,12
13,1192,24,42,1,2499,"0063",553,40,"pre_fragmentation",50,0.7,NA,"random",730,3,12
13,1192,24,42,1,2499,"0063",553,40,"pre_fragmentation",50,0.7,NA,"random",743,1,12
13,1192,24,42,1,2499,"0063",553,40,"pre_fragmentation",50,0.7,NA,"random",770,1,12
14,507,11,7,1,2499,"0063",553,40,"pre_fragmentation",50,0.7,NA,"random",141,1,12
14,507,11,7,1,2499,"0063",553,40,"pre_fragmentation",50,0.7,NA,"random",149,1,12
14,507,11,7,1,2499,"0063",553,40,"pre_fragmentation",50,0.7,NA,"random",156,1,12
14,507,11,7,1,2499,"0063",553,40,"pre_fragmentation",50,0.7,NA,"random",162,1,12
14,507,11,7,1,2499,"0063",553,40,"pre_fragmentation",50,0.7,NA,"random",163,1,12
14,507,11,7,1,2499,"0063",553,40,"pre_fragmentation",50,0.7,NA,"random",171,1,12
14,507,11,7,1,2499,"0063",553,40,"pre_fragmentation",50,0.7,NA,"random",212,2,12
14,507,11,7,1,2499,"0063",553,40,"pre_fragmentation",50,0.7,NA,"random",214,1,12
14,507,11,7,1,2499,"0063",553,40,"pre_fragmentation",50,0.7,NA,"random",219,1,12
14,507,11,7,1,2499,"0063",553,40,"pre_fragmentation",50,0.7,NA,"random",227,1,12
14,507,11,7,1,2499,"0063",553,40,"pre_fragmentation",50,0.7,NA,"random",230,3,12
14,507,11,7,1,2499,"0063",553,40,"pre_fragmentation",50,0.7,NA,"random",239,1,12
14,507,11,7,1,2499,"0063",553,40,"pre_fragmentation",50,0.7,NA,"random",248,1,12
14,507,11,7,1,2499,"0063",553,40,"pre_fragmentation",50,0.7,NA,"random",261,1,12
14,507,11,7,1,2499,"0063",553,40,"pre_fragmentation",50,0.7,NA,"random",266,1,12
14,507,11,7,1,2499,"0063",553,40,"pre_fragmentation",50,0.7,NA,"random",277,1,12
14,507,11,7,1,2499,"0063",553,40,"pre_fragmentation",50,0.7,NA,"random",278,1,12
14,507,11,7,1,2499,"0063",553,40,"pre_fragmentation",50,0.7,NA,"random",281,1,12
14,507,11,7,1,2499,"0063",553,40,"pre_fragmentation",50,0.7,NA,"random",282,1,12
14,507,11,7,1,2499,"0063",553,40,"pre_fragmentation",50,0.7,NA,"random",290,1,12
14,507,11,7,1,2499,"0063",553,40,"pre_fragmentation",50,0.7,NA,"random",296,1,12
14,507,11,7,1,2499,"0063",553,40,"pre_fragmentation",50,0.7,NA,"random",318,1,12
14,507,11,7,1,2499,"0063",553,40,"pre_fragmentation",50,0.7,NA,"random",330,4,12
14,507,11,7,1,2499,"0063",553,40,"pre_fragmentation",50,0.7,NA,"random",334,1,12
14,507,11,7,1,2499,"0063",553,40,"pre_fragmentation",50,0.7,NA,"random",336,1,12
14,507,11,7,1,2499,"0063",553,40,"pre_fragmentation",50,0.7,NA,"random",345,2,12
14,507,11,7,1,2499,"0063",553,40,"pre_fragmentation",50,0.7,NA,"random",348,2,12
14,507,11,7,1,2499,"0063",553,40,"pre_fragmentation",50,0.7,NA,"random",384,1,12
14,507,11,7,1,2499,"0063",553,40,"pre_fragmentation",50,0.7,NA,"random",387,1,12
14,507,11,7,1,2499,"0063",553,40,"pre_fragmentation",50,0.7,NA,"random",400,2,12
14,507,11,7,1,2499,"0063",553,40,"pre_fragmentation",50,0.7,NA,"random",421,1,12
15,1553,32,3,1,2499,"0063",553,40,"pre_fragmentation",50,0.7,NA,"random",21,1,12
15,1553,32,3,1,2499,"0063",553,40,"pre_fragmentation",50,0.7,NA,"random",23,1,12
15,1553,32,3,1,2499,"0063",553,40,"pre_fragmentation",50,0.7,NA,"random",57,3,12
15,1553,32,3,1,2499,"0063",553,40,"pre_fragmentation",50,0.7,NA,"random",58,1,12
15,1553,32,3,1,2499,"0063",553,40,"pre_fragmentation",50,0.7,NA,"random",60,1,12
15,1553,32,3,1,2499,"0063",553,40,"pre_fragmentation",50,0.7,NA,"random",82,1,12
15,1553,32,3,1,2499,"0063",553,40,"pre_fragmentation",50,0.7,NA,"random",85,1,12
15,1553,32,3,1,2499,"0063",553,40,"pre_fragmentation",50,0.7,NA,"random",87,4,12
15,1553,32,3,1,2499,"0063",553,40,"pre_fragmentation",50,0.7,NA,"random",95,2,12
15,1553,32,3,1,2499,"0063",553,40,"pre_fragmentation",50,0.7,NA,"random",115,1,12
15,1553,32,3,1,2499,"0063",553,40,"pre_fragmentation",50,0.7,NA,"random",119,1,12
15,1553,32,3,1,2499,"0063",553,40,"pre_fragmentation",50,0.7,NA,"random",131,3,12
15,1553,32,3,1,2499,"0063",553,40,"pre_fragmentation",50,0.7,NA,"random",132,1,12
15,1553,32,3,1,2499,"0063",553,40,"pre_fragmentation",50,0.7,NA,"random",136,1,12
15,1553,32,3,1,2499,"0063",553,40,"pre_fragmentation",50,0.7,NA,"random",140,2,12
15,1553,32,3,1,2499,"0063",553,40,"pre_fragmentation",50,0.7,NA,"random",141,1,12
15,1553,32,3,1,2499,"0063",553,40,"pre_fragmentation",50,0.7,NA,"random",156,1,12
15,1553,32,3,1,2499,"0063",553,40,"pre_fragmentation",50,0.7,NA,"random",158,2,12
15,1553,32,3,1,2499,"0063",553,40,"pre_fragmentation",50,0.7,NA,"random",160,1,12
15,1553,32,3,1,2499,"0063",553,40,"pre_fragmentation",50,0.7,NA,"random",161,3,12
15,1553,32,3,1,2499,"0063",553,40,"pre_fragmentation",50,0.7,NA,"random",166,2,12
15,1553,32,3,1,2499,"0063",553,40,"pre_fragmentation",50,0.7,NA,"random",208,1,12
16,1680,34,30,1,2499,"0063",553,40,"pre_fragmentation",50,0.7,NA,"random",490,1,12
16,1680,34,30,1,2499,"0063",553,40,"pre_fragmentation",50,0.7,NA,"random",492,3,12
16,1680,34,30,1,2499,"0063",553,40,"pre_fragmentation",50,0.7,NA,"random",494,1,12
16,1680,34,30,1,2499,"0063",553,40,"pre_fragmentation",50,0.7,NA,"random",497,1,12
16,1680,34,30,1,2499,"0063",553,40,"pre_fragmentation",50,0.7,NA,"random",502,1,12
16,1680,34,30,1,2499,"0063",553,40,"pre_fragmentation",50,0.7,NA,"random",509,2,12
16,1680,34,30,1,2499,"0063",553,40,"pre_fragmentation",50,0.7,NA,"random",521,2,12
16,1680,34,30,1,2499,"0063",553,40,"pre_fragmentation",50,0.7,NA,"random",545,1,12
16,1680,34,30,1,2499,"0063",553,40,"pre_fragmentation",50,0.7,NA,"random",549,2,12
16,1680,34,30,1,2499,"0063",553,40,"pre_fragmentation",50,0.7,NA,"random",554,1,12
16,1680,34,30,1,2499,"0063",553,40,"pre_fragmentation",50,0.7,NA,"random",557,1,12
16,1680,34,30,1,2499,"0063",553,40,"pre_fragmentation",50,0.7,NA,"random",576,3,12
16,1680,34,30,1,2499,"0063",553,40,"pre_fragmentation",50,0.7,NA,"random",605,1,12
16,1680,34,30,1,2499,"0063",553,40,"pre_fragmentation",50,0.7,NA,"random",618,1,12
16,1680,34,30,1,2499,"0063",553,40,"pre_fragmentation",50,0.7,NA,"random",643,1,12
16,1680,34,30,1,2499,"0063",553,40,"pre_fragmentation",50,0.7,NA,"random",653,1,12
16,1680,34,30,1,2499,"0063",553,40,"pre_fragmentation",50,0.7,NA,"random",667,4,12
16,1680,34,30,1,2499,"0063",553,40,"pre_fragmentation",50,0.7,NA,"random",671,2,12
16,1680,34,30,1,2499,"0063",553,40,"pre_fragmentation",50,0.7,NA,"random",692,1,12
16,1680,34,30,1,2499,"0063",553,40,"pre_fragmentation",50,0.7,NA,"random",708,1,12
16,1680,34,30,1,2499,"0063",553,40,"pre_fragmentation",50,0.7,NA,"random",772,2,12
16,1680,34,30,1,2499,"0063",553,40,"pre_fragmentation",50,0.7,NA,"random",786,1,12
17,1083,22,33,1,2499,"0063",553,40,"pre_fragmentation",50,0.7,NA,"random",587,1,12
17,1083,22,33,1,2499,"0063",553,40,"pre_fragmentation",50,0.7,NA,"random",604,1,12
17,1083,22,33,1,2499,"0063",553,40,"pre_fragmentation",50,0.7,NA,"random",621,1,12
17,1083,22,33,1,2499,"0063",553,40,"pre_fragmentation",50,0.7,NA,"random",622,1,12
17,1083,22,33,1,2499,"0063",553,40,"pre_fragmentation",50,0.7,NA,"random",630,1,12
17,1083,22,33,1,2499,"0063",553,40,"pre_fragmentation",50,0.7,NA,"random",640,1,12
17,1083,22,33,1,2499,"0063",553,40,"pre_fragmentation",50,0.7,NA,"random",656,1,12
17,1083,22,33,1,2499,"0063",553,40,"pre_fragmentation",50,0.7,NA,"random",657,3,12
17,1083,22,33,1,2499,"0063",553,40,"pre_fragmentation",50,0.7,NA,"random",659,2,12
17,1083,22,33,1,2499,"0063",553,40,"pre_fragmentation",50,0.7,NA,"random",667,2,12
17,1083,22,33,1,2499,"0063",553,40,"pre_fragmentation",50,0.7,NA,"random",669,1,12
17,1083,22,33,1,2499,"0063",553,40,"pre_fragmentation",50,0.7,NA,"random",670,1,12
17,1083,22,33,1,2499,"0063",553,40,"pre_fragmentation",50,0.7,NA,"random",675,1,12
17,1083,22,33,1,2499,"0063",553,40,"pre_fragmentation",50,0.7,NA,"random",678,1,12
17,1083,22,33,1,2499,"0063",553,40,"pre_fragmentation",50,0.7,NA,"random",685,1,12
17,1083,22,33,1,2499,"0063",553,40,"pre_fragmentation",50,0.7,NA,"random",690,3,12
17,1083,22,33,1,2499,"0063",553,40,"pre_fragmentation",50,0.7,NA,"random",691,1,12
17,1083,22,33,1,2499,"0063",553,40,"pre_fragmentation",50,0.7,NA,"random",693,2,12
17,1083,22,33,1,2499,"0063",553,40,"pre_fragmentation",50,0.7,NA,"random",695,2,12
17,1083,22,33,1,2499,"0063",553,40,"pre_fragmentation",50,0.7,NA,"random",699,3,12
17,1083,22,33,1,2499,"0063",553,40,"pre_fragmentation",50,0.7,NA,"random",701,1,12
17,1083,22,33,1,2499,"0063",553,40,"pre_fragmentation",50,0.7,NA,"random",702,1,12
17,1083,22,33,1,2499,"0063",553,40,"pre_fragmentation",50,0.7,NA,"random",705,1,12
17,1083,22,33,1,2499,"0063",553,40,"pre_fragmentation",50,0.7,NA,"random",713,1,12
17,1083,22,33,1,2499,"0063",553,40,"pre_fragmentation",50,0.7,NA,"random",718,1,12
17,1083,22,33,1,2499,"0063",553,40,"pre_fragmentation",50,0.7,NA,"random",736,2,12
17,1083,22,33,1,2499,"0063",553,40,"pre_fragmentation",50,0.7,NA,"random",762,1,12
17,1083,22,33,1,2499,"0063",553,40,"pre_fragmentation",50,0.7,NA,"random",786,1,12
18,1385,28,35,1,2499,"0063",553,40,"pre_fragmentation",50,0.7,NA,"random",634,1,12
18,1385,28,35,1,2499,"0063",553,40,"pre_fragmentation",50,0.7,NA,"random",643,2,12
18,1385,28,35,1,2499,"0063",553,40,"pre_fragmentation",50,0.7,NA,"random",665,1,12
18,1385,28,35,1,2499,"0063",553,40,"pre_fragmentation",50,0.7,NA,"random",666,1,12
18,1385,28,35,1,2499,"0063",553,40,"pre_fragmentation",50,0.7,NA,"random",667,1,12
18,1385,28,35,1,2499,"0063",553,40,"pre_fragmentation",50,0.7,NA,"random",670,1,12
18,1385,28,35,1,2499,"0063",553,40,"pre_fragmentation",50,0.7,NA,"random",674,2,12
18,1385,28,35,1,2499,"0063",553,40,"pre_fragmentation",50,0.7,NA,"random",678,2,12
18,1385,28,35,1,2499,"0063",553,40,"pre_fragmentation",50,0.7,NA,"random",679,1,12
18,1385,28,35,1,2499,"0063",553,40,"pre_fragmentation",50,0.7,NA,"random",681,1,12
18,1385,28,35,1,2499,"0063",553,40,"pre_fragmentation",50,0.7,NA,"random",692,1,12
18,1385,28,35,1,2499,"0063",553,40,"pre_fragmentation",50,0.7,NA,"random",695,1,12
18,1385,28,35,1,2499,"0063",553,40,"pre_fragmentation",50,0.7,NA,"random",701,1,12
18,1385,28,35,1,2499,"0063",553,40,"pre_fragmentation",50,0.7,NA,"random",702,1,12
18,1385,28,35,1,2499,"0063",553,40,"pre_fragmentation",50,0.7,NA,"random",703,1,12
18,1385,28,35,1,2499,"0063",553,40,"pre_fragmentation",50,0.7,NA,"random",705,3,12
18,1385,28,35,1,2499,"0063",553,40,"pre_fragmentation",50,0.7,NA,"random",712,3,12
18,1385,28,35,1,2499,"0063",553,40,"pre_fragmentation",50,0.7,NA,"random",713,3,12
18,1385,28,35,1,2499,"0063",553,40,"pre_fragmentation",50,0.7,NA,"random",728,1,12
18,1385,28,35,1,2499,"0063",553,40,"pre_fragmentation",50,0.7,NA,"random",732,1,12
18,1385,28,35,1,2499,"0063",553,40,"pre_fragmentation",50,0.7,NA,"random",743,2,12
18,1385,28,35,1,2499,"0063",553,40,"pre_fragmentation",50,0.7,NA,"random",785,1,12
18,1385,28,35,1,2499,"0063",553,40,"pre_fragmentation",50,0.7,NA,"random",829,1,12
19,823,17,23,1,2499,"0063",553,40,"pre_fragmentation",50,0.7,NA,"random",323,2,12
19,823,17,23,1,2499,"0063",553,40,"pre_fragmentation",50,0.7,NA,"random",327,1,12
19,823,17,23,1,2499,"0063",553,40,"pre_fragmentation",50,0.7,NA,"random",346,4,12
19,823,17,23,1,2499,"0063",553,40,"pre_fragmentation",50,0.7,NA,"random",347,3,12
19,823,17,23,1,2499,"0063",553,40,"pre_fragmentation",50,0.7,NA,"random",363,1,12
19,823,17,23,1,2499,"0063",553,40,"pre_fragmentation",50,0.7,NA,"random",364,1,12
19,823,17,23,1,2499,"0063",553,40,"pre_fragmentation",50,0.7,NA,"random",368,1,12
19,823,17,23,1,2499,"0063",553,40,"pre_fragmentation",50,0.7,NA,"random",377,3,12
19,823,17,23,1,2499,"0063",553,40,"pre_fragmentation",50,0.7,NA,"random",381,1,12
19,823,17,23,1,2499,"0063",553,40,"pre_fragmentation",50,0.7,NA,"random",387,1,12
19,823,17,23,1,2499,"0063",553,40,"pre_fragmentation",50,0.7,NA,"random",389,1,12
19,823,17,23,1,2499,"0063",553,40,"pre_fragmentation",50,0.7,NA,"random",396,1,12
19,823,17,23,1,2499,"0063",553,40,"pre_fragmentation",50,0.7,NA,"random",400,1,12
19,823,17,23,1,2499,"0063",553,40,"pre_fragmentation",50,0.7,NA,"random",413,1,12
19,823,17,23,1,2499,"0063",553,40,"pre_fragmentation",50,0.7,NA,"random",414,3,12
19,823,17,23,1,2499,"0063",553,40,"pre_fragmentation",50,0.7,NA,"random",419,1,12
19,823,17,23,1,2499,"0063",553,40,"pre_fragmentation",50,0.7,NA,"random",423,1,12
19,823,17,23,1,2499,"0063",553,40,"pre_fragmentation",50,0.7,NA,"random",431,1,12
19,823,17,23,1,2499,"0063",553,40,"pre_fragmentation",50,0.7,NA,"random",445,3,12
19,823,17,23,1,2499,"0063",553,40,"pre_fragmentation",50,0.7,NA,"random",467,1,12
19,823,17,23,1,2499,"0063",553,40,"pre_fragmentation",50,0.7,NA,"random",517,1,12
19,823,17,23,1,2499,"0063",553,40,"pre_fragmentation",50,0.7,NA,"random",535,2,12
19,823,17,23,1,2499,"0063",553,40,"pre_fragmentation",50,0.7,NA,"random",587,1,12
20,136,3,36,1,2499,"0063",553,40,"pre_fragmentation",50,0.7,NA,"random",458,1,12
20,136,3,36,1,2499,"0063",553,40,"pre_fragmentation",50,0.7,NA,"random",459,1,12
20,136,3,36,1,2499,"0063",553,40,"pre_fragmentation",50,0.7,NA,"random",491,1,12
20,136,3,36,1,2499,"0063",553,40,"pre_fragmentation",50,0.7,NA,"random",501,1,12
20,136,3,36,1,2499,"0063",553,40,"pre_fragmentation",50,0.7,NA,"random",503,1,12
20,136,3,36,1,2499,"0063",553,40,"pre_fragmentation",50,0.7,NA,"random",508,1,12
20,136,3,36,1,2499,"0063",553,40,"pre_fragmentation",50,0.7,NA,"random",517,1,12
20,136,3,36,1,2499,"0063",553,40,"pre_fragmentation",50,0.7,NA,"random",531,2,12
20,136,3,36,1,2499,"0063",553,40,"pre_fragmentation",50,0.7,NA,"random",532,1,12
20,136,3,36,1,2499,"0063",553,40,"pre_fragmentation",50,0.7,NA,"random",536,1,12
20,136,3,36,1,2499,"0063",553,40,"pre_fragmentation",50,0.7,NA,"random",544,3,12
20,136,3,36,1,2499,"0063",553,40,"pre_fragmentation",50,0.7,NA,"random",549,3,12
20,136,3,36,1,2499,"0063",553,40,"pre_fragmentation",50,0.7,NA,"random",561,2,12
20,136,3,36,1,2499,"0063",553,40,"pre_fragmentation",50,0.7,NA,"random",568,2,12
20,136,3,36,1,2499,"0063",553,40,"pre_fragmentation",50,0.7,NA,"random",588,1,12
20,136,3,36,1,2499,"0063",553,40,"pre_fragmentation",50,0.7,NA,"random",598,1,12
20,136,3,36,1,2499,"0063",553,40,"pre_fragmentation",50,0.7,NA,"random",600,1,12
20,136,3,36,1,2499,"0063",553,40,"pre_fragmentation",50,0.7,NA,"random",609,1,12
20,136,3,36,1,2499,"0063",553,40,"pre_fragmentation",50,0.7,NA,"random",613,1,12
20,136,3,36,1,2499,"0063",553,40,"pre_fragmentation",50,0.7,NA,"random",621,1,12
20,136,3,36,1,2499,"0063",553,40,"pre_fragmentation",50,0.7,NA,"random",624,2,12
20,136,3,36,1,2499,"0063",553,40,"pre_fragmentation",50,0.7,NA,"random",627,1,12
20,136,3,36,1,2499,"0063",553,40,"pre_fragmentation",50,0.7,NA,"random",628,2,12
20,136,3,36,1,2499,"0063",553,40,"pre_fragmentation",50,0.7,NA,"random",629,2,12
20,136,3,36,1,2499,"0063",553,40,"pre_fragmentation",50,0.7,NA,"random",650,1,12
20,136,3,36,1,2499,"0063",553,40,"pre_fragmentation",50,0.7,NA,"random",679,1,12
20,136,3,36,1,2499,"0063",553,40,"pre_fragmentation",50,0.7,NA,"random",683,1,12
21,989,20,39,1,2499,"0063",553,40,"pre_fragmentation",50,0.7,NA,"random",621,1,12
21,989,20,39,1,2499,"0063",553,40,"pre_fragmentation",50,0.7,NA,"random",651,1,12
21,989,20,39,1,2499,"0063",553,40,"pre_fragmentation",50,0.7,NA,"random",663,1,12
21,989,20,39,1,2499,"0063",553,40,"pre_fragmentation",50,0.7,NA,"random",665,1,12
21,989,20,39,1,2499,"0063",553,40,"pre_fragmentation",50,0.7,NA,"random",667,1,12
21,989,20,39,1,2499,"0063",553,40,"pre_fragmentation",50,0.7,NA,"random",668,1,12
21,989,20,39,1,2499,"0063",553,40,"pre_fragmentation",50,0.7,NA,"random",670,1,12
21,989,20,39,1,2499,"0063",553,40,"pre_fragmentation",50,0.7,NA,"random",689,1,12
21,989,20,39,1,2499,"0063",553,40,"pre_fragmentation",50,0.7,NA,"random",690,4,12
21,989,20,39,1,2499,"0063",553,40,"pre_fragmentation",50,0.7,NA,"random",695,1,12
21,989,20,39,1,2499,"0063",553,40,"pre_fragmentation",50,0.7,NA,"random",699,1,12
21,989,20,39,1,2499,"0063",553,40,"pre_fragmentation",50,0.7,NA,"random",701,1,12
21,989,20,39,1,2499,"0063",553,40,"pre_fragmentation",50,0.7,NA,"random",705,1,12
21,989,20,39,1,2499,"0063",553,40,"pre_fragmentation",50,0.7,NA,"random",709,1,12
21,989,20,39,1,2499,"0063",553,40,"pre_fragmentation",50,0.7,NA,"random",718,3,12
21,989,20,39,1,2499,"0063",553,40,"pre_fragmentation",50,0.7,NA,"random",730,3,12
21,989,20,39,1,2499,"0063",553,40,"pre_fragmentation",50,0.7,NA,"random",740,2,12
21,989,20,39,1,2499,"0063",553,40,"pre_fragmentation",50,0.7,NA,"random",751,1,12
21,989,20,39,1,2499,"0063",553,40,"pre_fragmentation",50,0.7,NA,"random",752,2,12
21,989,20,39,1,2499,"0063",553,40,"pre_fragmentation",50,0.7,NA,"random",755,2,12
21,989,20,39,1,2499,"0063",553,40,"pre_fragmentation",50,0.7,NA,"random",769,3,12
21,989,20,39,1,2499,"0063",553,40,"pre_fragmentation",50,0.7,NA,"random",797,1,12
21,989,20,39,1,2499,"0063",553,40,"pre_fragmentation",50,0.7,NA,"random",801,1,12
22,338,7,38,1,2499,"0063",553,40,"pre_fragmentation",50,0.7,NA,"random",533,1,12
22,338,7,38,1,2499,"0063",553,40,"pre_fragmentation",50,0.7,NA,"random",536,1,12
22,338,7,38,1,2499,"0063",553,40,"pre_fragmentation",50,0.7,NA,"random",537,1,12
22,338,7,38,1,2499,"0063",553,40,"pre_fragmentation",50,0.7,NA,"random",568,1,12
22,338,7,38,1,2499,"0063",553,40,"pre_fragmentation",50,0.7,NA,"random",586,1,12
22,338,7,38,1,2499,"0063",553,40,"pre_fragmentation",50,0.7,NA,"random",594,1,12
22,338,7,38,1,2499,"0063",553,40,"pre_fragmentation",50,0.7,NA,"random",598,1,12
22,338,7,38,1,2499,"0063",553,40,"pre_fragmentation",50,0.7,NA,"random",600,1,12
22,338,7,38,1,2499,"0063",553,40,"pre_fragmentation",50,0.7,NA,"random",610,1,12
22,338,7,38,1,2499,"0063",553,40,"pre_fragmentation",50,0.7,NA,"random",628,5,12
22,338,7,38,1,2499,"0063",553,40,"pre_fragmentation",50,0.7,NA,"random",629,1,12
22,338,7,38,1,2499,"0063",553,40,"pre_fragmentation",50,0.7,NA,"random",633,1,12
22,338,7,38,1,2499,"0063",553,40,"pre_fragmentation",50,0.7,NA,"random",638,2,12
22,338,7,38,1,2499,"0063",553,40,"pre_fragmentation",50,0.7,NA,"random",639,1,12
22,338,7,38,1,2499,"0063",553,40,"pre_fragmentation",50,0.7,NA,"random",642,2,12
22,338,7,38,1,2499,"0063",553,40,"pre_fragmentation",50,0.7,NA,"random",643,1,12
22,338,7,38,1,2499,"0063",553,40,"pre_fragmentation",50,0.7,NA,"random",651,1,12
22,338,7,38,1,2499,"0063",553,40,"pre_fragmentation",50,0.7,NA,"random",655,3,12
22,338,7,38,1,2499,"0063",553,40,"pre_fragmentation",50,0.7,NA,"random",658,1,12
22,338,7,38,1,2499,"0063",553,40,"pre_fragmentation",50,0.7,NA,"random",668,1,12
22,338,7,38,1,2499,"0063",553,40,"pre_fragmentation",50,0.7,NA,"random",698,1,12
22,338,7,38,1,2499,"0063",553,40,"pre_fragmentation",50,0.7,NA,"random",704,2,12
22,338,7,38,1,2499,"0063",553,40,"pre_fragmentation",50,0.7,NA,"random",709,1,12
22,338,7,38,1,2499,"0063",553,40,"pre_fragmentation",50,0.7,NA,"random",719,1,12
22,338,7,38,1,2499,"0063",553,40,"pre_fragmentation",50,0.7,NA,"random",731,1,12
22,338,7,38,1,2499,"0063",553,40,"pre_fragmentation",50,0.7,NA,"random",738,1,12
22,338,7,38,1,2499,"0063",553,40,"pre_fragmentation",50,0.7,NA,"random",793,1,12
23,2211,45,11,1,2499,"0063",553,40,"pre_fragmentation",50,0.7,NA,"random",214,1,12
23,2211,45,11,1,2499,"0063",553,40,"pre_fragmentation",50,0.7,NA,"random",279,1,12
23,2211,45,11,1,2499,"0063",553,40,"pre_fragmentation",50,0.7,NA,"random",281,1,12
23,2211,45,11,1,2499,"0063",553,40,"pre_fragmentation",50,0.7,NA,"random",288,1,12
23,2211,45,11,1,2499,"0063",553,40,"pre_fragmentation",50,0.7,NA,"random",289,2,12
23,2211,45,11,1,2499,"0063",553,40,"pre_fragmentation",50,0.7,NA,"random",291,1,12
23,2211,45,11,1,2499,"0063",553,40,"pre_fragmentation",50,0.7,NA,"random",297,2,12
23,2211,45,11,1,2499,"0063",553,40,"pre_fragmentation",50,0.7,NA,"random",298,2,12
23,2211,45,11,1,2499,"0063",553,40,"pre_fragmentation",50,0.7,NA,"random",302,1,12
23,2211,45,11,1,2499,"0063",553,40,"pre_fragmentation",50,0.7,NA,"random",309,1,12
23,2211,45,11,1,2499,"0063",553,40,"pre_fragmentation",50,0.7,NA,"random",311,4,12
23,2211,45,11,1,2499,"0063",553,40,"pre_fragmentation",50,0.7,NA,"random",313,2,12
23,2211,45,11,1,2499,"0063",553,40,"pre_fragmentation",50,0.7,NA,"random",319,1,12
23,2211,45,11,1,2499,"0063",553,40,"pre_fragmentation",50,0.7,NA,"random",322,2,12
23,2211,45,11,1,2499,"0063",553,40,"pre_fragmentation",50,0.7,NA,"random",323,2,12
23,2211,45,11,1,2499,"0063",553,40,"pre_fragmentation",50,0.7,NA,"random",324,4,12
23,2211,45,11,1,2499,"0063",553,40,"pre_fragmentation",50,0.7,NA,"random",329,1,12
23,2211,45,11,1,2499,"0063",553,40,"pre_fragmentation",50,0.7,NA,"random",331,5,12
23,2211,45,11,1,2499,"0063",553,40,"pre_fragmentation",50,0.7,NA,"random",332,1,12
23,2211,45,11,1,2499,"0063",553,40,"pre_fragmentation",50,0.7,NA,"random",338,1,12
23,2211,45,11,1,2499,"0063",553,40,"pre_fragmentation",50,0.7,NA,"random",343,2,12
23,2211,45,11,1,2499,"0063",553,40,"pre_fragmentation",50,0.7,NA,"random",369,1,12
23,2211,45,11,1,2499,"0063",553,40,"pre_fragmentation",50,0.7,NA,"random",396,1,12
23,2211,45,11,1,2499,"0063",553,40,"pre_fragmentation",50,0.7,NA,"random",399,1,12
23,2211,45,11,1,2499,"0063",553,40,"pre_fragmentation",50,0.7,NA,"random",419,2,12
23,2211,45,11,1,2499,"0063",553,40,"pre_fragmentation",50,0.7,NA,"random",431,1,12
23,2211,45,11,1,2499,"0063",553,40,"pre_fragmentation",50,0.7,NA,"random",559,1,12
24,568,12,18,1,2499,"0063",553,40,"pre_fragmentation",50,0.7,NA,"random",72,1,12
24,568,12,18,1,2499,"0063",553,40,"pre_fragmentation",50,0.7,NA,"random",100,1,12
24,568,12,18,1,2499,"0063",553,40,"pre_fragmentation",50,0.7,NA,"random",103,1,12
24,568,12,18,1,2499,"0063",553,40,"pre_fragmentation",50,0.7,NA,"random",113,1,12
24,568,12,18,1,2499,"0063",553,40,"pre_fragmentation",50,0.7,NA,"random",115,1,12
24,568,12,18,1,2499,"0063",553,40,"pre_fragmentation",50,0.7,NA,"random",118,1,12
24,568,12,18,1,2499,"0063",553,40,"pre_fragmentation",50,0.7,NA,"random",122,1,12
24,568,12,18,1,2499,"0063",553,40,"pre_fragmentation",50,0.7,NA,"random",123,2,12
24,568,12,18,1,2499,"0063",553,40,"pre_fragmentation",50,0.7,NA,"random",136,1,12
24,568,12,18,1,2499,"0063",553,40,"pre_fragmentation",50,0.7,NA,"random",142,1,12
24,568,12,18,1,2499,"0063",553,40,"pre_fragmentation",50,0.7,NA,"random",145,1,12
24,568,12,18,1,2499,"0063",553,40,"pre_fragmentation",50,0.7,NA,"random",166,1,12
24,568,12,18,1,2499,"0063",553,40,"pre_fragmentation",50,0.7,NA,"random",171,1,12
24,568,12,18,1,2499,"0063",553,40,"pre_fragmentation",50,0.7,NA,"random",175,1,12
24,568,12,18,1,2499,"0063",553,40,"pre_fragmentation",50,0.7,NA,"random",178,2,12
24,568,12,18,1,2499,"0063",553,40,"pre_fragmentation",50,0.7,NA,"random",194,1,12
24,568,12,18,1,2499,"0063",553,40,"pre_fragmentation",50,0.7,NA,"random",198,2,12
24,568,12,18,1,2499,"0063",553,40,"pre_fragmentation",50,0.7,NA,"random",218,2,12
24,568,12,18,1,2499,"0063",553,40,"pre_fragmentation",50,0.7,NA,"random",230,1,12
24,568,12,18,1,2499,"0063",553,40,"pre_fragmentation",50,0.7,NA,"random",236,2,12
24,568,12,18,1,2499,"0063",553,40,"pre_fragmentation",50,0.7,NA,"random",240,3,12
24,568,12,18,1,2499,"0063",553,40,"pre_fragmentation",50,0.7,NA,"random",256,2,12
24,568,12,18,1,2499,"0063",553,40,"pre_fragmentation",50,0.7,NA,"random",259,3,12
24,568,12,18,1,2499,"0063",553,40,"pre_fragmentation",50,0.7,NA,"random",279,1,12
24,568,12,18,1,2499,"0063",553,40,"pre_fragmentation",50,0.7,NA,"random",299,1,12
24,568,12,18,1,2499,"0063",553,40,"pre_fragmentation",50,0.7,NA,"random",337,1,12
24,568,12,18,1,2499,"0063",553,40,"pre_fragmentation",50,0.7,NA,"random",342,1,12
25,459,10,9,1,2499,"0063",553,40,"pre_fragmentation",50,0.7,NA,"random",133,1,12
25,459,10,9,1,2499,"0063",553,40,"pre_fragmentation",50,0.7,NA,"random",136,1,12
25,459,10,9,1,2499,"0063",553,40,"pre_fragmentation",50,0.7,NA,"random",143,1,12
25,459,10,9,1,2499,"0063",553,40,"pre_fragmentation",50,0.7,NA,"random",157,2,12
25,459,10,9,1,2499,"0063",553,40,"pre_fragmentation",50,0.7,NA,"random",169,1,12
25,459,10,9,1,2499,"0063",553,40,"pre_fragmentation",50,0.7,NA,"random",170,1,12
25,459,10,9,1,2499,"0063",553,40,"pre_fragmentation",50,0.7,NA,"random",195,1,12
25,459,10,9,1,2499,"0063",553,40,"pre_fragmentation",50,0.7,NA,"random",205,1,12
25,459,10,9,1,2499,"0063",553,40,"pre_fragmentation",50,0.7,NA,"random",209,1,12
25,459,10,9,1,2499,"0063",553,40,"pre_fragmentation",50,0.7,NA,"random",210,1,12
25,459,10,9,1,2499,"0063",553,40,"pre_fragmentation",50,0.7,NA,"random",214,1,12
25,459,10,9,1,2499,"0063",553,40,"pre_fragmentation",50,0.7,NA,"random",223,2,12
25,459,10,9,1,2499,"0063",553,40,"pre_fragmentation",50,0.7,NA,"random",229,1,12
25,459,10,9,1,2499,"0063",553,40,"pre_fragmentation",50,0.7,NA,"random",230,5,12
25,459,10,9,1,2499,"0063",553,40,"pre_fragmentation",50,0.7,NA,"random",234,1,12
25,459,10,9,1,2499,"0063",553,40,"pre_fragmentation",50,0.7,NA,"random",239,1,12
25,459,10,9,1,2499,"0063",553,40,"pre_fragmentation",50,0.7,NA,"random",240,2,12
25,459,10,9,1,2499,"0063",553,40,"pre_fragmentation",50,0.7,NA,"random",248,2,12
25,459,10,9,1,2499,"0063",553,40,"pre_fragmentation",50,0.7,NA,"random",261,1,12
25,459,10,9,1,2499,"0063",553,40,"pre_fragmentation",50,0.7,NA,"random",263,1,12
25,459,10,9,1,2499,"0063",553,40,"pre_fragmentation",50,0.7,NA,"random",269,1,12
25,459,10,9,1,2499,"0063",553,40,"pre_fragmentation",50,0.7,NA,"random",278,1,12
25,459,10,9,1,2499,"0063",553,40,"pre_fragmentation",50,0.7,NA,"random",281,3,12
25,459,10,9,1,2499,"0063",553,40,"pre_fragmentation",50,0.7,NA,"random",318,3,12
25,459,10,9,1,2499,"0063",553,40,"pre_fragmentation",50,0.7,NA,"random",345,1,12
25,459,10,9,1,2499,"0063",553,40,"pre_fragmentation",50,0.7,NA,"random",348,1,12
26,2045,41,45,1,2499,"0063",553,40,"pre_fragmentation",50,0.7,NA,"random",721,1,12
26,2045,41,45,1,2499,"0063",553,40,"pre_fragmentation",50,0.7,NA,"random",788,1,12
26,2045,41,45,1,2499,"0063",553,40,"pre_fragmentation",50,0.7,NA,"random",802,1,12
26,2045,41,45,1,2499,"0063",553,40,"pre_fragmentation",50,0.7,NA,"random",821,1,12
26,2045,41,45,1,2499,"0063",553,40,"pre_fragmentation",50,0.7,NA,"random",828,4,12
26,2045,41,45,1,2499,"0063",553,40,"pre_fragmentation",50,0.7,NA,"random",839,3,12
26,2045,41,45,1,2499,"0063",553,40,"pre_fragmentation",50,0.7,NA,"random",861,1,12
26,2045,41,45,1,2499,"0063",553,40,"pre_fragmentation",50,0.7,NA,"random",866,1,12
26,2045,41,45,1,2499,"0063",553,40,"pre_fragmentation",50,0.7,NA,"random",869,1,12
26,2045,41,45,1,2499,"0063",553,40,"pre_fragmentation",50,0.7,NA,"random",881,1,12
26,2045,41,45,1,2499,"0063",553,40,"pre_fragmentation",50,0.7,NA,"random",885,1,12
26,2045,41,45,1,2499,"0063",553,40,"pre_fragmentation",50,0.7,NA,"random",886,1,12
26,2045,41,45,1,2499,"0063",553,40,"pre_fragmentation",50,0.7,NA,"random",895,1,12
26,2045,41,45,1,2499,"0063",553,40,"pre_fragmentation",50,0.7,NA,"random",897,1,12
26,2045,41,45,1,2499,"0063",553,40,"pre_fragmentation",50,0.7,NA,"random",904,2,12
26,2045,41,45,1,2499,"0063",553,40,"pre_fragmentation",50,0.7,NA,"random",905,1,12
26,2045,41,45,1,2499,"0063",553,40,"pre_fragmentation",50,0.7,NA,"random",912,1,12
26,2045,41,45,1,2499,"0063",553,40,"pre_fragmentation",50,0.7,NA,"random",930,1,12
26,2045,41,45,1,2499,"0063",553,40,"pre_fragmentation",50,0.7,NA,"random",932,1,12
26,2045,41,45,1,2499,"0063",553,40,"pre_fragmentation",50,0.7,NA,"random",934,1,12
26,2045,41,45,1,2499,"0063",553,40,"pre_fragmentation",50,0.7,NA,"random",939,1,12
26,2045,41,45,1,2499,"0063",553,40,"pre_fragmentation",50,0.7,NA,"random",942,2,12
26,2045,41,45,1,2499,"0063",553,40,"pre_fragmentation",50,0.7,NA,"random",944,1,12
26,2045,41,45,1,2499,"0063",553,40,"pre_fragmentation",50,0.7,NA,"random",955,2,12
26,2045,41,45,1,2499,"0063",553,40,"pre_fragmentation",50,0.7,NA,"random",971,1,12
26,2045,41,45,1,2499,"0063",553,40,"pre_fragmentation",50,0.7,NA,"random",974,1,12
26,2045,41,45,1,2499,"0063",553,40,"pre_fragmentation",50,0.7,NA,"random",980,1,12
27,2062,42,12,1,2499,"0063",553,40,"pre_fragmentation",50,0.7,NA,"random",210,1,12
27,2062,42,12,1,2499,"0063",553,40,"pre_fragmentation",50,0.7,NA,"random",224,1,12
27,2062,42,12,1,2499,"0063",553,40,"pre_fragmentation",50,0.7,NA,"random",227,1,12
27,2062,42,12,1,2499,"0063",553,40,"pre_fragmentation",50,0.7,NA,"random",232,1,12
27,2062,42,12,1,2499,"0063",553,40,"pre_fragmentation",50,0.7,NA,"random",253,1,12
27,2062,42,12,1,2499,"0063",553,40,"pre_fragmentation",50,0.7,NA,"random",260,1,12
27,2062,42,12,1,2499,"0063",553,40,"pre_fragmentation",50,0.7,NA,"random",272,1,12
27,2062,42,12,1,2499,"0063",553,40,"pre_fragmentation",50,0.7,NA,"random",278,1,12
27,2062,42,12,1,2499,"0063",553,40,"pre_fragmentation",50,0.7,NA,"random",289,2,12
27,2062,42,12,1,2499,"0063",553,40,"pre_fragmentation",50,0.7,NA,"random",290,3,12
27,2062,42,12,1,2499,"0063",553,40,"pre_fragmentation",50,0.7,NA,"random",291,4,12
27,2062,42,12,1,2499,"0063",553,40,"pre_fragmentation",50,0.7,NA,"random",294,1,12
27,2062,42,12,1,2499,"0063",553,40,"pre_fragmentation",50,0.7,NA,"random",297,1,12
27,2062,42,12,1,2499,"0063",553,40,"pre_fragmentation",50,0.7,NA,"random",298,1,12
27,2062,42,12,1,2499,"0063",553,40,"pre_fragmentation",50,0.7,NA,"random",302,2,12
27,2062,42,12,1,2499,"0063",553,40,"pre_fragmentation",50,0.7,NA,"random",312,1,12
27,2062,42,12,1,2499,"0063",553,40,"pre_fragmentation",50,0.7,NA,"random",321,1,12
27,2062,42,12,1,2499,"0063",553,40,"pre_fragmentation",50,0.7,NA,"random",331,3,12
27,2062,42,12,1,2499,"0063",553,40,"pre_fragmentation",50,0.7,NA,"random",332,3,12
27,2062,42,12,1,2499,"0063",553,40,"pre_fragmentation",50,0.7,NA,"random",340,1,12
27,2062,42,12,1,2499,"0063",553,40,"pre_fragmentation",50,0.7,NA,"random",344,1,12
27,2062,42,12,1,2499,"0063",553,40,"pre_fragmentation",50,0.7,NA,"random",396,1,12
27,2062,42,12,1,2499,"0063",553,40,"pre_fragmentation",50,0.7,NA,"random",431,1,12
27,2062,42,12,1,2499,"0063",553,40,"pre_fragmentation",50,0.7,NA,"random",460,1,12
28,139,3,39,1,2499,"0063",553,40,"pre_fragmentation",50,0.7,NA,"random",598,3,12
28,139,3,39,1,2499,"0063",553,40,"pre_fragmentation",50,0.7,NA,"random",600,1,12
28,139,3,39,1,2499,"0063",553,40,"pre_fragmentation",50,0.7,NA,"random",603,1,12
28,139,3,39,1,2499,"0063",553,40,"pre_fragmentation",50,0.7,NA,"random",609,3,12
28,139,3,39,1,2499,"0063",553,40,"pre_fragmentation",50,0.7,NA,"random",610,1,12
28,139,3,39,1,2499,"0063",553,40,"pre_fragmentation",50,0.7,NA,"random",613,1,12
28,139,3,39,1,2499,"0063",553,40,"pre_fragmentation",50,0.7,NA,"random",616,1,12
28,139,3,39,1,2499,"0063",553,40,"pre_fragmentation",50,0.7,NA,"random",621,1,12
28,139,3,39,1,2499,"0063",553,40,"pre_fragmentation",50,0.7,NA,"random",628,2,12
28,139,3,39,1,2499,"0063",553,40,"pre_fragmentation",50,0.7,NA,"random",629,1,12
28,139,3,39,1,2499,"0063",553,40,"pre_fragmentation",50,0.7,NA,"random",630,2,12
28,139,3,39,1,2499,"0063",553,40,"pre_fragmentation",50,0.7,NA,"random",631,1,12
28,139,3,39,1,2499,"0063",553,40,"pre_fragmentation",50,0.7,NA,"random",633,2,12
28,139,3,39,1,2499,"0063",553,40,"pre_fragmentation",50,0.7,NA,"random",635,2,12
28,139,3,39,1,2499,"0063",553,40,"pre_fragmentation",50,0.7,NA,"random",638,1,12
28,139,3,39,1,2499,"0063",553,40,"pre_fragmentation",50,0.7,NA,"random",647,1,12
28,139,3,39,1,2499,"0063",553,40,"pre_fragmentation",50,0.7,NA,"random",684,1,12
28,139,3,39,1,2499,"0063",553,40,"pre_fragmentation",50,0.7,NA,"random",698,2,12
28,139,3,39,1,2499,"0063",553,40,"pre_fragmentation",50,0.7,NA,"random",704,1,12
28,139,3,39,1,2499,"0063",553,40,"pre_fragmentation",50,0.7,NA,"random",709,1,12
28,139,3,39,1,2499,"0063",553,40,"pre_fragmentation",50,0.7,NA,"random",716,1,12
28,139,3,39,1,2499,"0063",553,40,"pre_fragmentation",50,0.7,NA,"random",722,1,12
28,139,3,39,1,2499,"0063",553,40,"pre_fragmentation",50,0.7,NA,"random",726,1,12
28,139,3,39,1,2499,"0063",553,40,"pre_fragmentation",50,0.7,NA,"random",731,1,12
28,139,3,39,1,2499,"0063",553,40,"pre_fragmentation",50,0.7,NA,"random",736,1,12
28,139,3,39,1,2499,"0063",553,40,"pre_fragmentation",50,0.7,NA,"random",737,1,12
28,139,3,39,1,2499,"0063",553,40,"pre_fragmentation",50,0.7,NA,"random",741,1,12
28,139,3,39,1,2499,"0063",553,40,"pre_fragmentation",50,0.7,NA,"random",746,1,12
29,2071,42,21,1,2499,"0063",553,40,"pre_fragmentation",50,0.7,NA,"random",357,1,12
29,2071,42,21,1,2499,"0063",553,40,"pre_fragmentation",50,0.7,NA,"random",392,1,12
29,2071,42,21,1,2499,"0063",553,40,"pre_fragmentation",50,0.7,NA,"random",400,1,12
29,2071,42,21,1,2499,"0063",553,40,"pre_fragmentation",50,0.7,NA,"random",409,1,12
29,2071,42,21,1,2499,"0063",553,40,"pre_fragmentation",50,0.7,NA,"random",426,2,12
29,2071,42,21,1,2499,"0063",553,40,"pre_fragmentation",50,0.7,NA,"random",428,1,12
29,2071,42,21,1,2499,"0063",553,40,"pre_fragmentation",50,0.7,NA,"random",430,1,12
29,2071,42,21,1,2499,"0063",553,40,"pre_fragmentation",50,0.7,NA,"random",457,3,12
29,2071,42,21,1,2499,"0063",553,40,"pre_fragmentation",50,0.7,NA,"random",465,1,12
29,2071,42,21,1,2499,"0063",553,40,"pre_fragmentation",50,0.7,NA,"random",476,10,12
29,2071,42,21,1,2499,"0063",553,40,"pre_fragmentation",50,0.7,NA,"random",490,4,12
29,2071,42,21,1,2499,"0063",553,40,"pre_fragmentation",50,0.7,NA,"random",495,1,12
29,2071,42,21,1,2499,"0063",553,40,"pre_fragmentation",50,0.7,NA,"random",497,4,12
29,2071,42,21,1,2499,"0063",553,40,"pre_fragmentation",50,0.7,NA,"random",502,1,12
29,2071,42,21,1,2499,"0063",553,40,"pre_fragmentation",50,0.7,NA,"random",508,1,12
29,2071,42,21,1,2499,"0063",553,40,"pre_fragmentation",50,0.7,NA,"random",509,1,12
29,2071,42,21,1,2499,"0063",553,40,"pre_fragmentation",50,0.7,NA,"random",514,1,12
29,2071,42,21,1,2499,"0063",553,40,"pre_fragmentation",50,0.7,NA,"random",524,1,12
29,2071,42,21,1,2499,"0063",553,40,"pre_fragmentation",50,0.7,NA,"random",587,2,12
30,1497,30,47,1,2499,"0063",553,40,"pre_fragmentation",50,0.7,NA,"random",264,1,12
30,1497,30,47,1,2499,"0063",553,40,"pre_fragmentation",50,0.7,NA,"random",292,2,12
30,1497,30,47,1,2499,"0063",553,40,"pre_fragmentation",50,0.7,NA,"random",297,1,12
30,1497,30,47,1,2499,"0063",553,40,"pre_fragmentation",50,0.7,NA,"random",307,1,12
30,1497,30,47,1,2499,"0063",553,40,"pre_fragmentation",50,0.7,NA,"random",322,2,12
30,1497,30,47,1,2499,"0063",553,40,"pre_fragmentation",50,0.7,NA,"random",334,4,12
30,1497,30,47,1,2499,"0063",553,40,"pre_fragmentation",50,0.7,NA,"random",340,1,12
30,1497,30,47,1,2499,"0063",553,40,"pre_fragmentation",50,0.7,NA,"random",369,1,12
30,1497,30,47,1,2499,"0063",553,40,"pre_fragmentation",50,0.7,NA,"random",372,1,12
30,1497,30,47,1,2499,"0063",553,40,"pre_fragmentation",50,0.7,NA,"random",397,1,12
30,1497,30,47,1,2499,"0063",553,40,"pre_fragmentation",50,0.7,NA,"random",415,1,12
30,1497,30,47,1,2499,"0063",553,40,"pre_fragmentation",50,0.7,NA,"random",417,8,12
30,1497,30,47,1,2499,"0063",553,40,"pre_fragmentation",50,0.7,NA,"random",418,1,12
30,1497,30,47,1,2499,"0063",553,40,"pre_fragmentation",50,0.7,NA,"random",440,2,12
30,1497,30,47,1,2499,"0063",553,40,"pre_fragmentation",50,0.7,NA,"random",443,1,12
30,1497,30,47,1,2499,"0063",553,40,"pre_fragmentation",50,0.7,NA,"random",457,4,12
30,1497,30,47,1,2499,"0063",553,40,"pre_fragmentation",50,0.7,NA,"random",470,1,12
30,1497,30,47,1,2499,"0063",553,40,"pre_fragmentation",50,0.7,NA,"random",473,1,12
30,1497,30,47,1,2499,"0063",553,40,"pre_fragmentation",50,0.7,NA,"random",481,1,12
30,1497,30,47,1,2499,"0063",553,40,"pre_fragmentation",50,0.7,NA,"random",491,3,12
30,1497,30,47,1,2499,"0063",553,40,"pre_fragmentation",50,0.7,NA,"random",497,2,12
30,1497,30,47,1,2499,"0063",553,40,"pre_fragmentation",50,0.7,NA,"random",507,1,12
1,2016,41,16,130,1,"0063",553,40,"post_fragmentation",50,0.7,0.8,"random",232,1,12
1,2016,41,16,130,1,"0063",553,40,"post_fragmentation",50,0.7,0.8,"random",279,1,12
1,2016,41,16,130,1,"0063",553,40,"post_fragmentation",50,0.7,0.8,"random",291,2,12
1,2016,41,16,130,1,"0063",553,40,"post_fragmentation",50,0.7,0.8,"random",292,1,12
1,2016,41,16,130,1,"0063",553,40,"post_fragmentation",50,0.7,0.8,"random",298,1,12
1,2016,41,16,130,1,"0063",553,40,"post_fragmentation",50,0.7,0.8,"random",309,1,12
1,2016,41,16,130,1,"0063",553,40,"post_fragmentation",50,0.7,0.8,"random",330,1,12
1,2016,41,16,130,1,"0063",553,40,"post_fragmentation",50,0.7,0.8,"random",331,1,12
1,2016,41,16,130,1,"0063",553,40,"post_fragmentation",50,0.7,0.8,"random",340,1,12
1,2016,41,16,130,1,"0063",553,40,"post_fragmentation",50,0.7,0.8,"random",343,3,12
1,2016,41,16,130,1,"0063",553,40,"post_fragmentation",50,0.7,0.8,"random",347,1,12
1,2016,41,16,130,1,"0063",553,40,"post_fragmentation",50,0.7,0.8,"random",352,1,12
1,2016,41,16,130,1,"0063",553,40,"post_fragmentation",50,0.7,0.8,"random",355,1,12
1,2016,41,16,130,1,"0063",553,40,"post_fragmentation",50,0.7,0.8,"random",363,1,12
1,2016,41,16,130,1,"0063",553,40,"post_fragmentation",50,0.7,0.8,"random",369,1,12
1,2016,41,16,130,1,"0063",553,40,"post_fragmentation",50,0.7,0.8,"random",374,1,12
1,2016,41,16,130,1,"0063",553,40,"post_fragmentation",50,0.7,0.8,"random",380,2,12
1,2016,41,16,130,1,"0063",553,40,"post_fragmentation",50,0.7,0.8,"random",386,2,12
1,2016,41,16,130,1,"0063",553,40,"post_fragmentation",50,0.7,0.8,"random",399,2,12
1,2016,41,16,130,1,"0063",553,40,"post_fragmentation",50,0.7,0.8,"random",400,1,12
1,2016,41,16,130,1,"0063",553,40,"post_fragmentation",50,0.7,0.8,"random",402,1,12
1,2016,41,16,130,1,"0063",553,40,"post_fragmentation",50,0.7,0.8,"random",403,2,12
1,2016,41,16,130,1,"0063",553,40,"post_fragmentation",50,0.7,0.8,"random",405,1,12
1,2016,41,16,130,1,"0063",553,40,"post_fragmentation",50,0.7,0.8,"random",409,3,12
1,2016,41,16,130,1,"0063",553,40,"post_fragmentation",50,0.7,0.8,"random",416,2,12
1,2016,41,16,130,1,"0063",553,40,"post_fragmentation",50,0.7,0.8,"random",426,1,12
1,2016,41,16,130,1,"0063",553,40,"post_fragmentation",50,0.7,0.8,"random",447,2,12
1,2016,41,16,130,1,"0063",553,40,"post_fragmentation",50,0.7,0.8,"random",476,2,12
1,2016,41,16,130,1,"0063",553,40,"post_fragmentation",50,0.7,0.8,"random",502,1,12
2,951,20,1,66,1,"0063",553,40,"post_fragmentation",50,0.7,0.8,"random",95,2,12
2,951,20,1,66,1,"0063",553,40,"post_fragmentation",50,0.7,0.8,"random",100,1,12
2,951,20,1,66,1,"0063",553,40,"post_fragmentation",50,0.7,0.8,"random",103,1,12
2,951,20,1,66,1,"0063",553,40,"post_fragmentation",50,0.7,0.8,"random",111,3,12
2,951,20,1,66,1,"0063",553,40,"post_fragmentation",50,0.7,0.8,"random",131,2,12
2,951,20,1,66,1,"0063",553,40,"post_fragmentation",50,0.7,0.8,"random",139,1,12
2,951,20,1,66,1,"0063",553,40,"post_fragmentation",50,0.7,0.8,"random",141,1,12
2,951,20,1,66,1,"0063",553,40,"post_fragmentation",50,0.7,0.8,"random",152,1,12
2,951,20,1,66,1,"0063",553,40,"post_fragmentation",50,0.7,0.8,"random",159,1,12
2,951,20,1,66,1,"0063",553,40,"post_fragmentation",50,0.7,0.8,"random",160,2,12
2,951,20,1,66,1,"0063",553,40,"post_fragmentation",50,0.7,0.8,"random",161,2,12
2,951,20,1,66,1,"0063",553,40,"post_fragmentation",50,0.7,0.8,"random",164,4,12
2,951,20,1,66,1,"0063",553,40,"post_fragmentation",50,0.7,0.8,"random",177,1,12
2,951,20,1,66,1,"0063",553,40,"post_fragmentation",50,0.7,0.8,"random",178,1,12
2,951,20,1,66,1,"0063",553,40,"post_fragmentation",50,0.7,0.8,"random",182,1,12
2,951,20,1,66,1,"0063",553,40,"post_fragmentation",50,0.7,0.8,"random",184,1,12
2,951,20,1,66,1,"0063",553,40,"post_fragmentation",50,0.7,0.8,"random",191,1,12
2,951,20,1,66,1,"0063",553,40,"post_fragmentation",50,0.7,0.8,"random",194,1,12
2,951,20,1,66,1,"0063",553,40,"post_fragmentation",50,0.7,0.8,"random",195,1,12
2,951,20,1,66,1,"0063",553,40,"post_fragmentation",50,0.7,0.8,"random",197,3,12
2,951,20,1,66,1,"0063",553,40,"post_fragmentation",50,0.7,0.8,"random",215,2,12
2,951,20,1,66,1,"0063",553,40,"post_fragmentation",50,0.7,0.8,"random",228,3,12
2,951,20,1,66,1,"0063",553,40,"post_fragmentation",50,0.7,0.8,"random",233,1,12
2,951,20,1,66,1,"0063",553,40,"post_fragmentation",50,0.7,0.8,"random",253,1,12
2,951,20,1,66,1,"0063",553,40,"post_fragmentation",50,0.7,0.8,"random",271,1,12
2,951,20,1,66,1,"0063",553,40,"post_fragmentation",50,0.7,0.8,"random",290,1,12
2,951,20,1,66,1,"0063",553,40,"post_fragmentation",50,0.7,0.8,"random",330,1,12
3,629,13,29,47,4,"0063",553,40,"post_fragmentation",50,0.7,0.8,"random",319,1,12
3,629,13,29,47,4,"0063",553,40,"post_fragmentation",50,0.7,0.8,"random",323,2,12
3,629,13,29,47,4,"0063",553,40,"post_fragmentation",50,0.7,0.8,"random",331,1,12
3,629,13,29,47,4,"0063",553,40,"post_fragmentation",50,0.7,0.8,"random",342,1,12
3,629,13,29,47,4,"0063",553,40,"post_fragmentation",50,0.7,0.8,"random",356,1,12
3,629,13,29,47,4,"0063",553,40,"post_fragmentation",50,0.7,0.8,"random",364,1,12
3,629,13,29,47,4,"0063",553,40,"post_fragmentation",50,0.7,0.8,"random",369,1,12
3,629,13,29,47,4,"0063",553,40,"post_fragmentation",50,0.7,0.8,"random",371,1,12
3,629,13,29,47,4,"0063",553,40,"post_fragmentation",50,0.7,0.8,"random",385,5,12
3,629,13,29,47,4,"0063",553,40,"post_fragmentation",50,0.7,0.8,"random",387,2,12
3,629,13,29,47,4,"0063",553,40,"post_fragmentation",50,0.7,0.8,"random",404,1,12
3,629,13,29,47,4,"0063",553,40,"post_fragmentation",50,0.7,0.8,"random",409,2,12
3,629,13,29,47,4,"0063",553,40,"post_fragmentation",50,0.7,0.8,"random",412,2,12
3,629,13,29,47,4,"0063",553,40,"post_fragmentation",50,0.7,0.8,"random",413,1,12
3,629,13,29,47,4,"0063",553,40,"post_fragmentation",50,0.7,0.8,"random",414,1,12
3,629,13,29,47,4,"0063",553,40,"post_fragmentation",50,0.7,0.8,"random",419,1,12
3,629,13,29,47,4,"0063",553,40,"post_fragmentation",50,0.7,0.8,"random",420,1,12
3,629,13,29,47,4,"0063",553,40,"post_fragmentation",50,0.7,0.8,"random",431,1,12
3,629,13,29,47,4,"0063",553,40,"post_fragmentation",50,0.7,0.8,"random",432,1,12
3,629,13,29,47,4,"0063",553,40,"post_fragmentation",50,0.7,0.8,"random",441,1,12
3,629,13,29,47,4,"0063",553,40,"post_fragmentation",50,0.7,0.8,"random",446,2,12
3,629,13,29,47,4,"0063",553,40,"post_fragmentation",50,0.7,0.8,"random",448,1,12
3,629,13,29,47,4,"0063",553,40,"post_fragmentation",50,0.7,0.8,"random",462,1,12
3,629,13,29,47,4,"0063",553,40,"post_fragmentation",50,0.7,0.8,"random",483,2,12
3,629,13,29,47,4,"0063",553,40,"post_fragmentation",50,0.7,0.8,"random",500,1,12
3,629,13,29,47,4,"0063",553,40,"post_fragmentation",50,0.7,0.8,"random",507,1,12
3,629,13,29,47,4,"0063",553,40,"post_fragmentation",50,0.7,0.8,"random",521,1,12
3,629,13,29,47,4,"0063",553,40,"post_fragmentation",50,0.7,0.8,"random",524,1,12
3,629,13,29,47,4,"0063",553,40,"post_fragmentation",50,0.7,0.8,"random",561,1,12
3,629,13,29,47,4,"0063",553,40,"post_fragmentation",50,0.7,0.8,"random",587,1,12
3,629,13,29,47,4,"0063",553,40,"post_fragmentation",50,0.7,0.8,"random",651,1,12
4,1022,21,22,76,3,"0063",553,40,"post_fragmentation",50,0.7,0.8,"random",205,1,12
4,1022,21,22,76,3,"0063",553,40,"post_fragmentation",50,0.7,0.8,"random",230,2,12
4,1022,21,22,76,3,"0063",553,40,"post_fragmentation",50,0.7,0.8,"random",235,1,12
4,1022,21,22,76,3,"0063",553,40,"post_fragmentation",50,0.7,0.8,"random",240,2,12
4,1022,21,22,76,3,"0063",553,40,"post_fragmentation",50,0.7,0.8,"random",261,1,12
4,1022,21,22,76,3,"0063",553,40,"post_fragmentation",50,0.7,0.8,"random",297,1,12
4,1022,21,22,76,3,"0063",553,40,"post_fragmentation",50,0.7,0.8,"random",299,3,12
4,1022,21,22,76,3,"0063",553,40,"post_fragmentation",50,0.7,0.8,"random",322,1,12
4,1022,21,22,76,3,"0063",553,40,"post_fragmentation",50,0.7,0.8,"random",331,1,12
4,1022,21,22,76,3,"0063",553,40,"post_fragmentation",50,0.7,0.8,"random",337,3,12
4,1022,21,22,76,3,"0063",553,40,"post_fragmentation",50,0.7,0.8,"random",358,3,12
4,1022,21,22,76,3,"0063",553,40,"post_fragmentation",50,0.7,0.8,"random",364,3,12
4,1022,21,22,76,3,"0063",553,40,"post_fragmentation",50,0.7,0.8,"random",365,2,12
4,1022,21,22,76,3,"0063",553,40,"post_fragmentation",50,0.7,0.8,"random",366,1,12
4,1022,21,22,76,3,"0063",553,40,"post_fragmentation",50,0.7,0.8,"random",377,4,12
4,1022,21,22,76,3,"0063",553,40,"post_fragmentation",50,0.7,0.8,"random",381,2,12
4,1022,21,22,76,3,"0063",553,40,"post_fragmentation",50,0.7,0.8,"random",388,1,12
4,1022,21,22,76,3,"0063",553,40,"post_fragmentation",50,0.7,0.8,"random",398,1,12
4,1022,21,22,76,3,"0063",553,40,"post_fragmentation",50,0.7,0.8,"random",419,2,12
4,1022,21,22,76,3,"0063",553,40,"post_fragmentation",50,0.7,0.8,"random",431,2,12
5,1611,33,11,94,30,"0063",553,40,"post_fragmentation",50,0.7,0.8,"random",61,1,12
5,1611,33,11,94,30,"0063",553,40,"post_fragmentation",50,0.7,0.8,"random",74,1,12
5,1611,33,11,94,30,"0063",553,40,"post_fragmentation",50,0.7,0.8,"random",79,1,12
5,1611,33,11,94,30,"0063",553,40,"post_fragmentation",50,0.7,0.8,"random",87,1,12
5,1611,33,11,94,30,"0063",553,40,"post_fragmentation",50,0.7,0.8,"random",88,1,12
5,1611,33,11,94,30,"0063",553,40,"post_fragmentation",50,0.7,0.8,"random",94,3,12
5,1611,33,11,94,30,"0063",553,40,"post_fragmentation",50,0.7,0.8,"random",95,3,12
5,1611,33,11,94,30,"0063",553,40,"post_fragmentation",50,0.7,0.8,"random",112,1,12
5,1611,33,11,94,30,"0063",553,40,"post_fragmentation",50,0.7,0.8,"random",114,1,12
5,1611,33,11,94,30,"0063",553,40,"post_fragmentation",50,0.7,0.8,"random",115,1,12
5,1611,33,11,94,30,"0063",553,40,"post_fragmentation",50,0.7,0.8,"random",131,4,12
5,1611,33,11,94,30,"0063",553,40,"post_fragmentation",50,0.7,0.8,"random",134,2,12
5,1611,33,11,94,30,"0063",553,40,"post_fragmentation",50,0.7,0.8,"random",147,1,12
5,1611,33,11,94,30,"0063",553,40,"post_fragmentation",50,0.7,0.8,"random",150,1,12
5,1611,33,11,94,30,"0063",553,40,"post_fragmentation",50,0.7,0.8,"random",151,1,12
5,1611,33,11,94,30,"0063",553,40,"post_fragmentation",50,0.7,0.8,"random",152,1,12
5,1611,33,11,94,30,"0063",553,40,"post_fragmentation",50,0.7,0.8,"random",157,1,12
5,1611,33,11,94,30,"0063",553,40,"post_fragmentation",50,0.7,0.8,"random",160,2,12
5,1611,33,11,94,30,"0063",553,40,"post_fragmentation",50,0.7,0.8,"random",167,1,12
5,1611,33,11,94,30,"0063",553,40,"post_fragmentation",50,0.7,0.8,"random",172,1,12
5,1611,33,11,94,30,"0063",553,40,"post_fragmentation",50,0.7,0.8,"random",178,3,12
5,1611,33,11,94,30,"0063",553,40,"post_fragmentation",50,0.7,0.8,"random",179,1,12
5,1611,33,11,94,30,"0063",553,40,"post_fragmentation",50,0.7,0.8,"random",183,1,12
5,1611,33,11,94,30,"0063",553,40,"post_fragmentation",50,0.7,0.8,"random",184,1,12
5,1611,33,11,94,30,"0063",553,40,"post_fragmentation",50,0.7,0.8,"random",189,1,12
5,1611,33,11,94,30,"0063",553,40,"post_fragmentation",50,0.7,0.8,"random",205,1,12
5,1611,33,11,94,30,"0063",553,40,"post_fragmentation",50,0.7,0.8,"random",271,1,12
5,1611,33,11,94,30,"0063",553,40,"post_fragmentation",50,0.7,0.8,"random",281,1,12
5,1611,33,11,94,30,"0063",553,40,"post_fragmentation",50,0.7,0.8,"random",289,1,12
6,1608,33,8,94,30,"0063",553,40,"post_fragmentation",50,0.7,0.8,"random",35,1,12
6,1608,33,8,94,30,"0063",553,40,"post_fragmentation",50,0.7,0.8,"random",45,1,12
6,1608,33,8,94,30,"0063",553,40,"post_fragmentation",50,0.7,0.8,"random",48,1,12
6,1608,33,8,94,30,"0063",553,40,"post_fragmentation",50,0.7,0.8,"random",57,2,12
6,1608,33,8,94,30,"0063",553,40,"post_fragmentation",50,0.7,0.8,"random",58,1,12
6,1608,33,8,94,30,"0063",553,40,"post_fragmentation",50,0.7,0.8,"random",60,1,12
6,1608,33,8,94,30,"0063",553,40,"post_fragmentation",50,0.7,0.8,"random",61,1,12
6,1608,33,8,94,30,"0063",553,40,"post_fragmentation",50,0.7,0.8,"random",75,1,12
6,1608,33,8,94,30,"0063",553,40,"post_fragmentation",50,0.7,0.8,"random",76,1,12
6,1608,33,8,94,30,"0063",553,40,"post_fragmentation",50,0.7,0.8,"random",84,1,12
6,1608,33,8,94,30,"0063",553,40,"post_fragmentation",50,0.7,0.8,"random",87,4,12
6,1608,33,8,94,30,"0063",553,40,"post_fragmentation",50,0.7,0.8,"random",88,2,12
6,1608,33,8,94,30,"0063",553,40,"post_fragmentation",50,0.7,0.8,"random",92,1,12
6,1608,33,8,94,30,"0063",553,40,"post_fragmentation",50,0.7,0.8,"random",94,4,12
6,1608,33,8,94,30,"0063",553,40,"post_fragmentation",50,0.7,0.8,"random",111,2,12
6,1608,33,8,94,30,"0063",553,40,"post_fragmentation",50,0.7,0.8,"random",119,2,12
6,1608,33,8,94,30,"0063",553,40,"post_fragmentation",50,0.7,0.8,"random",124,1,12
6,1608,33,8,94,30,"0063",553,40,"post_fragmentation",50,0.7,0.8,"random",131,3,12
6,1608,33,8,94,30,"0063",553,40,"post_fragmentation",50,0.7,0.8,"random",136,1,12
6,1608,33,8,94,30,"0063",553,40,"post_fragmentation",50,0.7,0.8,"random",144,1,12
6,1608,33,8,94,30,"0063",553,40,"post_fragmentation",50,0.7,0.8,"random",158,1,12
6,1608,33,8,94,30,"0063",553,40,"post_fragmentation",50,0.7,0.8,"random",160,2,12
6,1608,33,8,94,30,"0063",553,40,"post_fragmentation",50,0.7,0.8,"random",177,1,12
7,2064,42,14,135,1,"0063",553,40,"post_fragmentation",50,0.7,0.8,"random",206,1,12
7,2064,42,14,135,1,"0063",553,40,"post_fragmentation",50,0.7,0.8,"random",211,1,12
7,2064,42,14,135,1,"0063",553,40,"post_fragmentation",50,0.7,0.8,"random",214,2,12
7,2064,42,14,135,1,"0063",553,40,"post_fragmentation",50,0.7,0.8,"random",230,3,12
7,2064,42,14,135,1,"0063",553,40,"post_fragmentation",50,0.7,0.8,"random",251,1,12
7,2064,42,14,135,1,"0063",553,40,"post_fragmentation",50,0.7,0.8,"random",253,1,12
7,2064,42,14,135,1,"0063",553,40,"post_fragmentation",50,0.7,0.8,"random",278,2,12
7,2064,42,14,135,1,"0063",553,40,"post_fragmentation",50,0.7,0.8,"random",279,3,12
7,2064,42,14,135,1,"0063",553,40,"post_fragmentation",50,0.7,0.8,"random",288,1,12
7,2064,42,14,135,1,"0063",553,40,"post_fragmentation",50,0.7,0.8,"random",291,1,12
7,2064,42,14,135,1,"0063",553,40,"post_fragmentation",50,0.7,0.8,"random",297,3,12
7,2064,42,14,135,1,"0063",553,40,"post_fragmentation",50,0.7,0.8,"random",311,1,12
7,2064,42,14,135,1,"0063",553,40,"post_fragmentation",50,0.7,0.8,"random",318,1,12
7,2064,42,14,135,1,"0063",553,40,"post_fragmentation",50,0.7,0.8,"random",320,1,12
7,2064,42,14,135,1,"0063",553,40,"post_fragmentation",50,0.7,0.8,"random",321,1,12
7,2064,42,14,135,1,"0063",553,40,"post_fragmentation",50,0.7,0.8,"random",322,3,12
7,2064,42,14,135,1,"0063",553,40,"post_fragmentation",50,0.7,0.8,"random",324,1,12
7,2064,42,14,135,1,"0063",553,40,"post_fragmentation",50,0.7,0.8,"random",331,4,12
7,2064,42,14,135,1,"0063",553,40,"post_fragmentation",50,0.7,0.8,"random",343,1,12
7,2064,42,14,135,1,"0063",553,40,"post_fragmentation",50,0.7,0.8,"random",347,1,12
7,2064,42,14,135,1,"0063",553,40,"post_fragmentation",50,0.7,0.8,"random",355,1,12
7,2064,42,14,135,1,"0063",553,40,"post_fragmentation",50,0.7,0.8,"random",410,1,12
8,2026,41,26,132,5,"0063",553,40,"post_fragmentation",50,0.7,0.8,"random",402,1,12
8,2026,41,26,132,5,"0063",553,40,"post_fragmentation",50,0.7,0.8,"random",420,1,12
8,2026,41,26,132,5,"0063",553,40,"post_fragmentation",50,0.7,0.8,"random",434,1,12
8,2026,41,26,132,5,"0063",553,40,"post_fragmentation",50,0.7,0.8,"random",461,1,12
8,2026,41,26,132,5,"0063",553,40,"post_fragmentation",50,0.7,0.8,"random",467,1,12
8,2026,41,26,132,5,"0063",553,40,"post_fragmentation",50,0.7,0.8,"random",476,1,12
8,2026,41,26,132,5,"0063",553,40,"post_fragmentation",50,0.7,0.8,"random",484,1,12
8,2026,41,26,132,5,"0063",553,40,"post_fragmentation",50,0.7,0.8,"random",488,1,12
8,2026,41,26,132,5,"0063",553,40,"post_fragmentation",50,0.7,0.8,"random",490,3,12
8,2026,41,26,132,5,"0063",553,40,"post_fragmentation",50,0.7,0.8,"random",492,3,12
8,2026,41,26,132,5,"0063",553,40,"post_fragmentation",50,0.7,0.8,"random",493,2,12
8,2026,41,26,132,5,"0063",553,40,"post_fragmentation",50,0.7,0.8,"random",494,1,12
8,2026,41,26,132,5,"0063",553,40,"post_fragmentation",50,0.7,0.8,"random",497,3,12
8,2026,41,26,132,5,"0063",553,40,"post_fragmentation",50,0.7,0.8,"random",498,1,12
8,2026,41,26,132,5,"0063",553,40,"post_fragmentation",50,0.7,0.8,"random",501,1,12
8,2026,41,26,132,5,"0063",553,40,"post_fragmentation",50,0.7,0.8,"random",502,1,12
8,2026,41,26,132,5,"0063",553,40,"post_fragmentation",50,0.7,0.8,"random",503,2,12
8,2026,41,26,132,5,"0063",553,40,"post_fragmentation",50,0.7,0.8,"random",510,1,12
8,2026,41,26,132,5,"0063",553,40,"post_fragmentation",50,0.7,0.8,"random",514,1,12
8,2026,41,26,132,5,"0063",553,40,"post_fragmentation",50,0.7,0.8,"random",531,2,12
8,2026,41,26,132,5,"0063",553,40,"post_fragmentation",50,0.7,0.8,"random",539,1,12
8,2026,41,26,132,5,"0063",553,40,"post_fragmentation",50,0.7,0.8,"random",542,2,12
8,2026,41,26,132,5,"0063",553,40,"post_fragmentation",50,0.7,0.8,"random",549,1,12
8,2026,41,26,132,5,"0063",553,40,"post_fragmentation",50,0.7,0.8,"random",554,1,12
8,2026,41,26,132,5,"0063",553,40,"post_fragmentation",50,0.7,0.8,"random",564,2,12
8,2026,41,26,132,5,"0063",553,40,"post_fragmentation",50,0.7,0.8,"random",580,1,12
8,2026,41,26,132,5,"0063",553,40,"post_fragmentation",50,0.7,0.8,"random",587,1,12
8,2026,41,26,132,5,"0063",553,40,"post_fragmentation",50,0.7,0.8,"random",597,1,12
9,796,16,46,43,23,"0063",553,40,"post_fragmentation",50,0.7,0.8,"random",238,1,12
9,796,16,46,43,23,"0063",553,40,"post_fragmentation",50,0.7,0.8,"random",287,1,12
9,796,16,46,43,23,"0063",553,40,"post_fragmentation",50,0.7,0.8,"random",303,1,12
9,796,16,46,43,23,"0063",553,40,"post_fragmentation",50,0.7,0.8,"random",318,1,12
9,796,16,46,43,23,"0063",553,40,"post_fragmentation",50,0.7,0.8,"random",351,1,12
9,796,16,46,43,23,"0063",553,40,"post_fragmentation",50,0.7,0.8,"random",362,1,12
9,796,16,46,43,23,"0063",553,40,"post_fragmentation",50,0.7,0.8,"random",367,1,12
9,796,16,46,43,23,"0063",553,40,"post_fragmentation",50,0.7,0.8,"random",372,2,12
9,796,16,46,43,23,"0063",553,40,"post_fragmentation",50,0.7,0.8,"random",377,1,12
9,796,16,46,43,23,"0063",553,40,"post_fragmentation",50,0.7,0.8,"random",386,2,12
9,796,16,46,43,23,"0063",553,40,"post_fragmentation",50,0.7,0.8,"random",397,3,12
9,796,16,46,43,23,"0063",553,40,"post_fragmentation",50,0.7,0.8,"random",422,2,12
9,796,16,46,43,23,"0063",553,40,"post_fragmentation",50,0.7,0.8,"random",427,2,12
9,796,16,46,43,23,"0063",553,40,"post_fragmentation",50,0.7,0.8,"random",431,1,12
9,796,16,46,43,23,"0063",553,40,"post_fragmentation",50,0.7,0.8,"random",444,1,12
9,796,16,46,43,23,"0063",553,40,"post_fragmentation",50,0.7,0.8,"random",461,2,12
9,796,16,46,43,23,"0063",553,40,"post_fragmentation",50,0.7,0.8,"random",472,3,12
9,796,16,46,43,23,"0063",553,40,"post_fragmentation",50,0.7,0.8,"random",484,5,12
9,796,16,46,43,23,"0063",553,40,"post_fragmentation",50,0.7,0.8,"random",502,1,12
9,796,16,46,43,23,"0063",553,40,"post_fragmentation",50,0.7,0.8,"random",538,2,12
9,796,16,46,43,23,"0063",553,40,"post_fragmentation",50,0.7,0.8,"random",539,2,12
9,796,16,46,43,23,"0063",553,40,"post_fragmentation",50,0.7,0.8,"random",563,1,12
9,796,16,46,43,23,"0063",553,40,"post_fragmentation",50,0.7,0.8,"random",590,1,12
9,796,16,46,43,23,"0063",553,40,"post_fragmentation",50,0.7,0.8,"random",608,1,12
10,1831,37,31,121,4,"0063",553,40,"post_fragmentation",50,0.7,0.8,"random",509,1,12
10,1831,37,31,121,4,"0063",553,40,"post_fragmentation",50,0.7,0.8,"random",554,1,12
10,1831,37,31,121,4,"0063",553,40,"post_fragmentation",50,0.7,0.8,"random",568,1,12
10,1831,37,31,121,4,"0063",553,40,"post_fragmentation",50,0.7,0.8,"random",588,1,12
10,1831,37,31,121,4,"0063",553,40,"post_fragmentation",50,0.7,0.8,"random",615,2,12
10,1831,37,31,121,4,"0063",553,40,"post_fragmentation",50,0.7,0.8,"random",647,1,12
10,1831,37,31,121,4,"0063",553,40,"post_fragmentation",50,0.7,0.8,"random",674,2,12
10,1831,37,31,121,4,"0063",553,40,"post_fragmentation",50,0.7,0.8,"random",679,1,12
10,1831,37,31,121,4,"0063",553,40,"post_fragmentation",50,0.7,0.8,"random",695,1,12
10,1831,37,31,121,4,"0063",553,40,"post_fragmentation",50,0.7,0.8,"random",698,1,12
10,1831,37,31,121,4,"0063",553,40,"post_fragmentation",50,0.7,0.8,"random",702,1,12
10,1831,37,31,121,4,"0063",553,40,"post_fragmentation",50,0.7,0.8,"random",710,3,12
10,1831,37,31,121,4,"0063",553,40,"post_fragmentation",50,0.7,0.8,"random",712,2,12
10,1831,37,31,121,4,"0063",553,40,"post_fragmentation",50,0.7,0.8,"random",731,1,12
10,1831,37,31,121,4,"0063",553,40,"post_fragmentation",50,0.7,0.8,"random",744,4,12
10,1831,37,31,121,4,"0063",553,40,"post_fragmentation",50,0.7,0.8,"random",762,1,12
10,1831,37,31,121,4,"0063",553,40,"post_fragmentation",50,0.7,0.8,"random",769,1,12
10,1831,37,31,121,4,"0063",553,40,"post_fragmentation",50,0.7,0.8,"random",772,1,12
10,1831,37,31,121,4,"0063",553,40,"post_fragmentation",50,0.7,0.8,"random",775,1,12
10,1831,37,31,121,4,"0063",553,40,"post_fragmentation",50,0.7,0.8,"random",779,1,12
10,1831,37,31,121,4,"0063",553,40,"post_fragmentation",50,0.7,0.8,"random",784,3,12
10,1831,37,31,121,4,"0063",553,40,"post_fragmentation",50,0.7,0.8,"random",801,1,12
10,1831,37,31,121,4,"0063",553,40,"post_fragmentation",50,0.7,0.8,"random",824,1,12
10,1831,37,31,121,4,"0063",553,40,"post_fragmentation",50,0.7,0.8,"random",835,1,12
10,1831,37,31,121,4,"0063",553,40,"post_fragmentation",50,0.7,0.8,"random",838,2,12
11,1509,31,9,94,30,"0063",553,40,"post_fragmentation",50,0.7,0.8,"random",21,1,12
11,1509,31,9,94,30,"0063",553,40,"post_fragmentation",50,0.7,0.8,"random",31,1,12
11,1509,31,9,94,30,"0063",553,40,"post_fragmentation",50,0.7,0.8,"random",36,1,12
11,1509,31,9,94,30,"0063",553,40,"post_fragmentation",50,0.7,0.8,"random",38,1,12
11,1509,31,9,94,30,"0063",553,40,"post_fragmentation",50,0.7,0.8,"random",55,2,12
11,1509,31,9,94,30,"0063",553,40,"post_fragmentation",50,0.7,0.8,"random",61,2,12
11,1509,31,9,94,30,"0063",553,40,"post_fragmentation",50,0.7,0.8,"random",77,1,12
11,1509,31,9,94,30,"0063",553,40,"post_fragmentation",50,0.7,0.8,"random",84,1,12
11,1509,31,9,94,30,"0063",553,40,"post_fragmentation",50,0.7,0.8,"random",85,1,12
11,1509,31,9,94,30,"0063",553,40,"post_fragmentation",50,0.7,0.8,"random",87,3,12
11,1509,31,9,94,30,"0063",553,40,"post_fragmentation",50,0.7,0.8,"random",92,3,12
11,1509,31,9,94,30,"0063",553,40,"post_fragmentation",50,0.7,0.8,"random",95,1,12
11,1509,31,9,94,30,"0063",553,40,"post_fragmentation",50,0.7,0.8,"random",97,2,12
11,1509,31,9,94,30,"0063",553,40,"post_fragmentation",50,0.7,0.8,"random",104,1,12
11,1509,31,9,94,30,"0063",553,40,"post_fragmentation",50,0.7,0.8,"random",109,3,12
11,1509,31,9,94,30,"0063",553,40,"post_fragmentation",50,0.7,0.8,"random",111,1,12
11,1509,31,9,94,30,"0063",553,40,"post_fragmentation",50,0.7,0.8,"random",117,1,12
11,1509,31,9,94,30,"0063",553,40,"post_fragmentation",50,0.7,0.8,"random",119,2,12
11,1509,31,9,94,30,"0063",553,40,"post_fragmentation",50,0.7,0.8,"random",130,1,12
11,1509,31,9,94,30,"0063",553,40,"post_fragmentation",50,0.7,0.8,"random",134,1,12
11,1509,31,9,94,30,"0063",553,40,"post_fragmentation",50,0.7,0.8,"random",136,1,12
11,1509,31,9,94,30,"0063",553,40,"post_fragmentation",50,0.7,0.8,"random",138,1,12
11,1509,31,9,94,30,"0063",553,40,"post_fragmentation",50,0.7,0.8,"random",140,2,12
11,1509,31,9,94,30,"0063",553,40,"post_fragmentation",50,0.7,0.8,"random",142,1,12
11,1509,31,9,94,30,"0063",553,40,"post_fragmentation",50,0.7,0.8,"random",153,1,12
11,1509,31,9,94,30,"0063",553,40,"post_fragmentation",50,0.7,0.8,"random",172,1,12
11,1509,31,9,94,30,"0063",553,40,"post_fragmentation",50,0.7,0.8,"random",223,1,12
12,1462,30,12,94,30,"0063",553,40,"post_fragmentation",50,0.7,0.8,"random",48,1,12
12,1462,30,12,94,30,"0063",553,40,"post_fragmentation",50,0.7,0.8,"random",58,1,12
12,1462,30,12,94,30,"0063",553,40,"post_fragmentation",50,0.7,0.8,"random",87,2,12
12,1462,30,12,94,30,"0063",553,40,"post_fragmentation",50,0.7,0.8,"random",92,4,12
12,1462,30,12,94,30,"0063",553,40,"post_fragmentation",50,0.7,0.8,"random",94,1,12
12,1462,30,12,94,30,"0063",553,40,"post_fragmentation",50,0.7,0.8,"random",95,1,12
12,1462,30,12,94,30,"0063",553,40,"post_fragmentation",50,0.7,0.8,"random",96,1,12
12,1462,30,12,94,30,"0063",553,40,"post_fragmentation",50,0.7,0.8,"random",99,2,12
12,1462,30,12,94,30,"0063",553,40,"post_fragmentation",50,0.7,0.8,"random",112,1,12
12,1462,30,12,94,30,"0063",553,40,"post_fragmentation",50,0.7,0.8,"random",114,2,12
12,1462,30,12,94,30,"0063",553,40,"post_fragmentation",50,0.7,0.8,"random",116,1,12
12,1462,30,12,94,30,"0063",553,40,"post_fragmentation",50,0.7,0.8,"random",131,1,12
12,1462,30,12,94,30,"0063",553,40,"post_fragmentation",50,0.7,0.8,"random",134,2,12
12,1462,30,12,94,30,"0063",553,40,"post_fragmentation",50,0.7,0.8,"random",138,1,12
12,1462,30,12,94,30,"0063",553,40,"post_fragmentation",50,0.7,0.8,"random",140,1,12
12,1462,30,12,94,30,"0063",553,40,"post_fragmentation",50,0.7,0.8,"random",141,1,12
12,1462,30,12,94,30,"0063",553,40,"post_fragmentation",50,0.7,0.8,"random",145,1,12
12,1462,30,12,94,30,"0063",553,40,"post_fragmentation",50,0.7,0.8,"random",160,3,12
12,1462,30,12,94,30,"0063",553,40,"post_fragmentation",50,0.7,0.8,"random",162,1,12
12,1462,30,12,94,30,"0063",553,40,"post_fragmentation",50,0.7,0.8,"random",167,1,12
12,1462,30,12,94,30,"0063",553,40,"post_fragmentation",50,0.7,0.8,"random",168,2,12
12,1462,30,12,94,30,"0063",553,40,"post_fragmentation",50,0.7,0.8,"random",169,2,12
12,1462,30,12,94,30,"0063",553,40,"post_fragmentation",50,0.7,0.8,"random",171,1,12
12,1462,30,12,94,30,"0063",553,40,"post_fragmentation",50,0.7,0.8,"random",176,1,12
12,1462,30,12,94,30,"0063",553,40,"post_fragmentation",50,0.7,0.8,"random",178,1,12
12,1462,30,12,94,30,"0063",553,40,"post_fragmentation",50,0.7,0.8,"random",179,1,12
13,1007,21,7,74,1,"0063",553,40,"post_fragmentation",50,0.7,0.8,"random",47,1,12
13,1007,21,7,74,1,"0063",553,40,"post_fragmentation",50,0.7,0.8,"random",51,1,12
13,1007,21,7,74,1,"0063",553,40,"post_fragmentation",50,0.7,0.8,"random",56,1,12
13,1007,21,7,74,1,"0063",553,40,"post_fragmentation",50,0.7,0.8,"random",66,1,12
13,1007,21,7,74,1,"0063",553,40,"post_fragmentation",50,0.7,0.8,"random",72,1,12
13,1007,21,7,74,1,"0063",553,40,"post_fragmentation",50,0.7,0.8,"random",73,1,12
13,1007,21,7,74,1,"0063",553,40,"post_fragmentation",50,0.7,0.8,"random",76,1,12
13,1007,21,7,74,1,"0063",553,40,"post_fragmentation",50,0.7,0.8,"random",86,1,12
13,1007,21,7,74,1,"0063",553,40,"post_fragmentation",50,0.7,0.8,"random",95,1,12
13,1007,21,7,74,1,"0063",553,40,"post_fragmentation",50,0.7,0.8,"random",97,2,12
13,1007,21,7,74,1,"0063",553,40,"post_fragmentation",50,0.7,0.8,"random",107,1,12
13,1007,21,7,74,1,"0063",553,40,"post_fragmentation",50,0.7,0.8,"random",109,1,12
13,1007,21,7,74,1,"0063",553,40,"post_fragmentation",50,0.7,0.8,"random",110,1,12
13,1007,21,7,74,1,"0063",553,40,"post_fragmentation",50,0.7,0.8,"random",111,2,12
13,1007,21,7,74,1,"0063",553,40,"post_fragmentation",50,0.7,0.8,"random",119,1,12
13,1007,21,7,74,1,"0063",553,40,"post_fragmentation",50,0.7,0.8,"random",127,2,12
13,1007,21,7,74,1,"0063",553,40,"post_fragmentation",50,0.7,0.8,"random",136,1,12
13,1007,21,7,74,1,"0063",553,40,"post_fragmentation",50,0.7,0.8,"random",147,1,12
13,1007,21,7,74,1,"0063",553,40,"post_fragmentation",50,0.7,0.8,"random",150,1,12
13,1007,21,7,74,1,"0063",553,40,"post_fragmentation",50,0.7,0.8,"random",156,1,12
13,1007,21,7,74,1,"0063",553,40,"post_fragmentation",50,0.7,0.8,"random",161,1,12
13,1007,21,7,74,1,"0063",553,40,"post_fragmentation",50,0.7,0.8,"random",164,1,12
13,1007,21,7,74,1,"0063",553,40,"post_fragmentation",50,0.7,0.8,"random",171,1,12
13,1007,21,7,74,1,"0063",553,40,"post_fragmentation",50,0.7,0.8,"random",172,1,12
13,1007,21,7,74,1,"0063",553,40,"post_fragmentation",50,0.7,0.8,"random",175,1,12
13,1007,21,7,74,1,"0063",553,40,"post_fragmentation",50,0.7,0.8,"random",176,1,12
13,1007,21,7,74,1,"0063",553,40,"post_fragmentation",50,0.7,0.8,"random",177,4,12
13,1007,21,7,74,1,"0063",553,40,"post_fragmentation",50,0.7,0.8,"random",178,1,12
13,1007,21,7,74,1,"0063",553,40,"post_fragmentation",50,0.7,0.8,"random",182,1,12
13,1007,21,7,74,1,"0063",553,40,"post_fragmentation",50,0.7,0.8,"random",184,1,12
13,1007,21,7,74,1,"0063",553,40,"post_fragmentation",50,0.7,0.8,"random",187,1,12
13,1007,21,7,74,1,"0063",553,40,"post_fragmentation",50,0.7,0.8,"random",195,2,12
13,1007,21,7,74,1,"0063",553,40,"post_fragmentation",50,0.7,0.8,"random",203,3,12
13,1007,21,7,74,1,"0063",553,40,"post_fragmentation",50,0.7,0.8,"random",204,1,12
14,933,19,33,62,4,"0063",553,40,"post_fragmentation",50,0.7,0.8,"random",587,1,12
14,933,19,33,62,4,"0063",553,40,"post_fragmentation",50,0.7,0.8,"random",627,1,12
14,933,19,33,62,4,"0063",553,40,"post_fragmentation",50,0.7,0.8,"random",630,1,12
14,933,19,33,62,4,"0063",553,40,"post_fragmentation",50,0.7,0.8,"random",634,1,12
14,933,19,33,62,4,"0063",553,40,"post_fragmentation",50,0.7,0.8,"random",640,1,12
14,933,19,33,62,4,"0063",553,40,"post_fragmentation",50,0.7,0.8,"random",641,4,12
14,933,19,33,62,4,"0063",553,40,"post_fragmentation",50,0.7,0.8,"random",643,1,12
14,933,19,33,62,4,"0063",553,40,"post_fragmentation",50,0.7,0.8,"random",646,4,12
14,933,19,33,62,4,"0063",553,40,"post_fragmentation",50,0.7,0.8,"random",663,1,12
14,933,19,33,62,4,"0063",553,40,"post_fragmentation",50,0.7,0.8,"random",665,1,12
14,933,19,33,62,4,"0063",553,40,"post_fragmentation",50,0.7,0.8,"random",667,1,12
14,933,19,33,62,4,"0063",553,40,"post_fragmentation",50,0.7,0.8,"random",669,1,12
14,933,19,33,62,4,"0063",553,40,"post_fragmentation",50,0.7,0.8,"random",675,2,12
14,933,19,33,62,4,"0063",553,40,"post_fragmentation",50,0.7,0.8,"random",685,1,12
14,933,19,33,62,4,"0063",553,40,"post_fragmentation",50,0.7,0.8,"random",690,2,12
14,933,19,33,62,4,"0063",553,40,"post_fragmentation",50,0.7,0.8,"random",693,1,12
14,933,19,33,62,4,"0063",553,40,"post_fragmentation",50,0.7,0.8,"random",695,3,12
14,933,19,33,62,4,"0063",553,40,"post_fragmentation",50,0.7,0.8,"random",703,1,12
14,933,19,33,62,4,"0063",553,40,"post_fragmentation",50,0.7,0.8,"random",712,2,12
14,933,19,33,62,4,"0063",553,40,"post_fragmentation",50,0.7,0.8,"random",726,1,12
14,933,19,33,62,4,"0063",553,40,"post_fragmentation",50,0.7,0.8,"random",739,1,12
14,933,19,33,62,4,"0063",553,40,"post_fragmentation",50,0.7,0.8,"random",743,1,12
15,2321,47,21,152,2,"0063",553,40,"post_fragmentation",50,0.7,0.8,"random",160,1,12
15,2321,47,21,152,2,"0063",553,40,"post_fragmentation",50,0.7,0.8,"random",165,1,12
15,2321,47,21,152,2,"0063",553,40,"post_fragmentation",50,0.7,0.8,"random",218,2,12
15,2321,47,21,152,2,"0063",553,40,"post_fragmentation",50,0.7,0.8,"random",248,1,12
15,2321,47,21,152,2,"0063",553,40,"post_fragmentation",50,0.7,0.8,"random",252,1,12
15,2321,47,21,152,2,"0063",553,40,"post_fragmentation",50,0.7,0.8,"random",260,2,12
15,2321,47,21,152,2,"0063",553,40,"post_fragmentation",50,0.7,0.8,"random",267,3,12
15,2321,47,21,152,2,"0063",553,40,"post_fragmentation",50,0.7,0.8,"random",276,2,12
15,2321,47,21,152,2,"0063",553,40,"post_fragmentation",50,0.7,0.8,"random",279,1,12
15,2321,47,21,152,2,"0063",553,40,"post_fragmentation",50,0.7,0.8,"random",291,1,12
15,2321,47,21,152,2,"0063",553,40,"post_fragmentation",50,0.7,0.8,"random",299,2,12
15,2321,47,21,152,2,"0063",553,40,"post_fragmentation",50,0.7,0.8,"random",305,1,12
15,2321,47,21,152,2,"0063",553,40,"post_fragmentation",50,0.7,0.8,"random",311,2,12
15,2321,47,21,152,2,"0063",553,40,"post_fragmentation",50,0.7,0.8,"random",312,1,12
15,2321,47,21,152,2,"0063",553,40,"post_fragmentation",50,0.7,0.8,"random",321,2,12
15,2321,47,21,152,2,"0063",553,40,"post_fragmentation",50,0.7,0.8,"random",322,1,12
15,2321,47,21,152,2,"0063",553,40,"post_fragmentation",50,0.7,0.8,"random",323,2,12
15,2321,47,21,152,2,"0063",553,40,"post_fragmentation",50,0.7,0.8,"random",325,1,12
15,2321,47,21,152,2,"0063",553,40,"post_fragmentation",50,0.7,0.8,"random",340,1,12
15,2321,47,21,152,2,"0063",553,40,"post_fragmentation",50,0.7,0.8,"random",345,1,12
15,2321,47,21,152,2,"0063",553,40,"post_fragmentation",50,0.7,0.8,"random",349,1,12
15,2321,47,21,152,2,"0063",553,40,"post_fragmentation",50,0.7,0.8,"random",353,2,12
15,2321,47,21,152,2,"0063",553,40,"post_fragmentation",50,0.7,0.8,"random",368,1,12
15,2321,47,21,152,2,"0063",553,40,"post_fragmentation",50,0.7,0.8,"random",372,1,12
15,2321,47,21,152,2,"0063",553,40,"post_fragmentation",50,0.7,0.8,"random",402,1,12
15,2321,47,21,152,2,"0063",553,40,"post_fragmentation",50,0.7,0.8,"random",403,1,12
15,2321,47,21,152,2,"0063",553,40,"post_fragmentation",50,0.7,0.8,"random",409,1,12
15,2321,47,21,152,2,"0063",553,40,"post_fragmentation",50,0.7,0.8,"random",434,1,12
16,897,18,47,43,23,"0063",553,40,"post_fragmentation",50,0.7,0.8,"random",156,1,12
16,897,18,47,43,23,"0063",553,40,"post_fragmentation",50,0.7,0.8,"random",247,1,12
16,897,18,47,43,23,"0063",553,40,"post_fragmentation",50,0.7,0.8,"random",261,3,12
16,897,18,47,43,23,"0063",553,40,"post_fragmentation",50,0.7,0.8,"random",271,2,12
16,897,18,47,43,23,"0063",553,40,"post_fragmentation",50,0.7,0.8,"random",275,4,12
16,897,18,47,43,23,"0063",553,40,"post_fragmentation",50,0.7,0.8,"random",286,1,12
16,897,18,47,43,23,"0063",553,40,"post_fragmentation",50,0.7,0.8,"random",287,2,12
16,897,18,47,43,23,"0063",553,40,"post_fragmentation",50,0.7,0.8,"random",290,2,12
16,897,18,47,43,23,"0063",553,40,"post_fragmentation",50,0.7,0.8,"random",292,1,12
16,897,18,47,43,23,"0063",553,40,"post_fragmentation",50,0.7,0.8,"random",293,1,12
16,897,18,47,43,23,"0063",553,40,"post_fragmentation",50,0.7,0.8,"random",294,1,12
16,897,18,47,43,23,"0063",553,40,"post_fragmentation",50,0.7,0.8,"random",303,2,12
16,897,18,47,43,23,"0063",553,40,"post_fragmentation",50,0.7,0.8,"random",306,2,12
16,897,18,47,43,23,"0063",553,40,"post_fragmentation",50,0.7,0.8,"random",318,1,12
16,897,18,47,43,23,"0063",553,40,"post_fragmentation",50,0.7,0.8,"random",335,2,12
16,897,18,47,43,23,"0063",553,40,"post_fragmentation",50,0.7,0.8,"random",348,1,12
16,897,18,47,43,23,"0063",553,40,"post_fragmentation",50,0.7,0.8,"random",351,1,12
16,897,18,47,43,23,"0063",553,40,"post_fragmentation",50,0.7,0.8,"random",372,2,12
16,897,18,47,43,23,"0063",553,40,"post_fragmentation",50,0.7,0.8,"random",377,1,12
17,1819,37,19,119,1,"0063",553,40,"post_fragmentation",50,0.7,0.8,"random",211,1,12
17,1819,37,19,119,1,"0063",553,40,"post_fragmentation",50,0.7,0.8,"random",218,1,12
17,1819,37,19,119,1,"0063",553,40,"post_fragmentation",50,0.7,0.8,"random",253,1,12
17,1819,37,19,119,1,"0063",553,40,"post_fragmentation",50,0.7,0.8,"random",291,1,12
17,1819,37,19,119,1,"0063",553,40,"post_fragmentation",50,0.7,0.8,"random",302,1,12
17,1819,37,19,119,1,"0063",553,40,"post_fragmentation",50,0.7,0.8,"random",303,2,12
17,1819,37,19,119,1,"0063",553,40,"post_fragmentation",50,0.7,0.8,"random",320,1,12
17,1819,37,19,119,1,"0063",553,40,"post_fragmentation",50,0.7,0.8,"random",335,1,12
17,1819,37,19,119,1,"0063",553,40,"post_fragmentation",50,0.7,0.8,"random",352,2,12
17,1819,37,19,119,1,"0063",553,40,"post_fragmentation",50,0.7,0.8,"random",367,2,12
17,1819,37,19,119,1,"0063",553,40,"post_fragmentation",50,0.7,0.8,"random",402,2,12
17,1819,37,19,119,1,"0063",553,40,"post_fragmentation",50,0.7,0.8,"random",409,1,12
17,1819,37,19,119,1,"0063",553,40,"post_fragmentation",50,0.7,0.8,"random",411,2,12
17,1819,37,19,119,1,"0063",553,40,"post_fragmentation",50,0.7,0.8,"random",438,2,12
17,1819,37,19,119,1,"0063",553,40,"post_fragmentation",50,0.7,0.8,"random",449,1,12
17,1819,37,19,119,1,"0063",553,40,"post_fragmentation",50,0.7,0.8,"random",457,2,12
17,1819,37,19,119,1,"0063",553,40,"post_fragmentation",50,0.7,0.8,"random",476,6,12
17,1819,37,19,119,1,"0063",553,40,"post_fragmentation",50,0.7,0.8,"random",490,2,12
17,1819,37,19,119,1,"0063",553,40,"post_fragmentation",50,0.7,0.8,"random",501,2,12
18,1740,35,40,117,1,"0063",553,40,"post_fragmentation",50,0.7,0.8,"random",741,1,12
18,1740,35,40,117,1,"0063",553,40,"post_fragmentation",50,0.7,0.8,"random",803,1,12
18,1740,35,40,117,1,"0063",553,40,"post_fragmentation",50,0.7,0.8,"random",850,1,12
18,1740,35,40,117,1,"0063",553,40,"post_fragmentation",50,0.7,0.8,"random",856,1,12
18,1740,35,40,117,1,"0063",553,40,"post_fragmentation",50,0.7,0.8,"random",862,2,12
18,1740,35,40,117,1,"0063",553,40,"post_fragmentation",50,0.7,0.8,"random",872,1,12
18,1740,35,40,117,1,"0063",553,40,"post_fragmentation",50,0.7,0.8,"random",875,1,12
18,1740,35,40,117,1,"0063",553,40,"post_fragmentation",50,0.7,0.8,"random",879,1,12
18,1740,35,40,117,1,"0063",553,40,"post_fragmentation",50,0.7,0.8,"random",884,1,12
18,1740,35,40,117,1,"0063",553,40,"post_fragmentation",50,0.7,0.8,"random",885,2,12
18,1740,35,40,117,1,"0063",553,40,"post_fragmentation",50,0.7,0.8,"random",895,2,12
18,1740,35,40,117,1,"0063",553,40,"post_fragmentation",50,0.7,0.8,"random",906,2,12
18,1740,35,40,117,1,"0063",553,40,"post_fragmentation",50,0.7,0.8,"random",909,2,12
18,1740,35,40,117,1,"0063",553,40,"post_fragmentation",50,0.7,0.8,"random",918,1,12
18,1740,35,40,117,1,"0063",553,40,"post_fragmentation",50,0.7,0.8,"random",920,2,12
18,1740,35,40,117,1,"0063",553,40,"post_fragmentation",50,0.7,0.8,"random",926,1,12
18,1740,35,40,117,1,"0063",553,40,"post_fragmentation",50,0.7,0.8,"random",936,1,12
18,1740,35,40,117,1,"0063",553,40,"post_fragmentation",50,0.7,0.8,"random",942,2,12
18,1740,35,40,117,1,"0063",553,40,"post_fragmentation",50,0.7,0.8,"random",945,1,12
18,1740,35,40,117,1,"0063",553,40,"post_fragmentation",50,0.7,0.8,"random",948,1,12
18,1740,35,40,117,1,"0063",553,40,"post_fragmentation",50,0.7,0.8,"random",955,2,12
18,1740,35,40,117,1,"0063",553,40,"post_fragmentation",50,0.7,0.8,"random",959,1,12
18,1740,35,40,117,1,"0063",553,40,"post_fragmentation",50,0.7,0.8,"random",967,1,12
18,1740,35,40,117,1,"0063",553,40,"post_fragmentation",50,0.7,0.8,"random",970,1,12
18,1740,35,40,117,1,"0063",553,40,"post_fragmentation",50,0.7,0.8,"random",998,1,12
18,1740,35,40,117,1,"0063",553,40,"post_fragmentation",50,0.7,0.8,"random",1000,1,12
19,991,20,41,58,13,"0063",553,40,"post_fragmentation",50,0.7,0.8,"random",538,1,12
19,991,20,41,58,13,"0063",553,40,"post_fragmentation",50,0.7,0.8,"random",547,2,12
19,991,20,41,58,13,"0063",553,40,"post_fragmentation",50,0.7,0.8,"random",580,1,12
19,991,20,41,58,13,"0063",553,40,"post_fragmentation",50,0.7,0.8,"random",610,1,12
19,991,20,41,58,13,"0063",553,40,"post_fragmentation",50,0.7,0.8,"random",611,3,12
19,991,20,41,58,13,"0063",553,40,"post_fragmentation",50,0.7,0.8,"random",618,2,12
19,991,20,41,58,13,"0063",553,40,"post_fragmentation",50,0.7,0.8,"random",627,1,12
19,991,20,41,58,13,"0063",553,40,"post_fragmentation",50,0.7,0.8,"random",631,1,12
19,991,20,41,58,13,"0063",553,40,"post_fragmentation",50,0.7,0.8,"random",634,1,12
19,991,20,41,58,13,"0063",553,40,"post_fragmentation",50,0.7,0.8,"random",642,1,12
19,991,20,41,58,13,"0063",553,40,"post_fragmentation",50,0.7,0.8,"random",643,2,12
19,991,20,41,58,13,"0063",553,40,"post_fragmentation",50,0.7,0.8,"random",651,2,12
19,991,20,41,58,13,"0063",553,40,"post_fragmentation",50,0.7,0.8,"random",657,1,12
19,991,20,41,58,13,"0063",553,40,"post_fragmentation",50,0.7,0.8,"random",663,1,12
19,991,20,41,58,13,"0063",553,40,"post_fragmentation",50,0.7,0.8,"random",668,1,12
19,991,20,41,58,13,"0063",553,40,"post_fragmentation",50,0.7,0.8,"random",669,2,12
19,991,20,41,58,13,"0063",553,40,"post_fragmentation",50,0.7,0.8,"random",670,1,12
19,991,20,41,58,13,"0063",553,40,"post_fragmentation",50,0.7,0.8,"random",672,1,12
19,991,20,41,58,13,"0063",553,40,"post_fragmentation",50,0.7,0.8,"random",685,1,12
19,991,20,41,58,13,"0063",553,40,"post_fragmentation",50,0.7,0.8,"random",690,2,12
19,991,20,41,58,13,"0063",553,40,"post_fragmentation",50,0.7,0.8,"random",693,1,12
19,991,20,41,58,13,"0063",553,40,"post_fragmentation",50,0.7,0.8,"random",695,1,12
19,991,20,41,58,13,"0063",553,40,"post_fragmentation",50,0.7,0.8,"random",699,1,12
19,991,20,41,58,13,"0063",553,40,"post_fragmentation",50,0.7,0.8,"random",712,1,12
19,991,20,41,58,13,"0063",553,40,"post_fragmentation",50,0.7,0.8,"random",718,1,12
19,991,20,41,58,13,"0063",553,40,"post_fragmentation",50,0.7,0.8,"random",726,1,12
19,991,20,41,58,13,"0063",553,40,"post_fragmentation",50,0.7,0.8,"random",752,1,12
19,991,20,41,58,13,"0063",553,40,"post_fragmentation",50,0.7,0.8,"random",754,1,12
20,487,10,37,37,6,"0063",553,40,"post_fragmentation",50,0.7,0.8,"random",594,1,12
20,487,10,37,37,6,"0063",553,40,"post_fragmentation",50,0.7,0.8,"random",600,1,12
20,487,10,37,37,6,"0063",553,40,"post_fragmentation",50,0.7,0.8,"random",610,1,12
20,487,10,37,37,6,"0063",553,40,"post_fragmentation",50,0.7,0.8,"random",618,1,12
20,487,10,37,37,6,"0063",553,40,"post_fragmentation",50,0.7,0.8,"random",620,1,12
20,487,10,37,37,6,"0063",553,40,"post_fragmentation",50,0.7,0.8,"random",627,1,12
20,487,10,37,37,6,"0063",553,40,"post_fragmentation",50,0.7,0.8,"random",628,1,12
20,487,10,37,37,6,"0063",553,40,"post_fragmentation",50,0.7,0.8,"random",631,1,12
20,487,10,37,37,6,"0063",553,40,"post_fragmentation",50,0.7,0.8,"random",635,2,12
20,487,10,37,37,6,"0063",553,40,"post_fragmentation",50,0.7,0.8,"random",643,3,12
20,487,10,37,37,6,"0063",553,40,"post_fragmentation",50,0.7,0.8,"random",647,1,12
20,487,10,37,37,6,"0063",553,40,"post_fragmentation",50,0.7,0.8,"random",651,1,12
20,487,10,37,37,6,"0063",553,40,"post_fragmentation",50,0.7,0.8,"random",657,1,12
20,487,10,37,37,6,"0063",553,40,"post_fragmentation",50,0.7,0.8,"random",658,2,12
20,487,10,37,37,6,"0063",553,40,"post_fragmentation",50,0.7,0.8,"random",665,1,12
20,487,10,37,37,6,"0063",553,40,"post_fragmentation",50,0.7,0.8,"random",669,1,12
20,487,10,37,37,6,"0063",553,40,"post_fragmentation",50,0.7,0.8,"random",678,1,12
20,487,10,37,37,6,"0063",553,40,"post_fragmentation",50,0.7,0.8,"random",684,3,12
20,487,10,37,37,6,"0063",553,40,"post_fragmentation",50,0.7,0.8,"random",691,1,12
20,487,10,37,37,6,"0063",553,40,"post_fragmentation",50,0.7,0.8,"random",695,1,12
20,487,10,37,37,6,"0063",553,40,"post_fragmentation",50,0.7,0.8,"random",714,2,12
20,487,10,37,37,6,"0063",553,40,"post_fragmentation",50,0.7,0.8,"random",737,2,12
20,487,10,37,37,6,"0063",553,40,"post_fragmentation",50,0.7,0.8,"random",738,3,12
20,487,10,37,37,6,"0063",553,40,"post_fragmentation",50,0.7,0.8,"random",739,4,12
20,487,10,37,37,6,"0063",553,40,"post_fragmentation",50,0.7,0.8,"random",740,1,12
20,487,10,37,37,6,"0063",553,40,"post_fragmentation",50,0.7,0.8,"random",741,1,12
20,487,10,37,37,6,"0063",553,40,"post_fragmentation",50,0.7,0.8,"random",743,1,12
20,487,10,37,37,6,"0063",553,40,"post_fragmentation",50,0.7,0.8,"random",766,1,12
20,487,10,37,37,6,"0063",553,40,"post_fragmentation",50,0.7,0.8,"random",786,1,12
21,1264,26,14,84,9,"0063",553,40,"post_fragmentation",50,0.7,0.8,"random",56,1,12
21,1264,26,14,84,9,"0063",553,40,"post_fragmentation",50,0.7,0.8,"random",116,2,12
21,1264,26,14,84,9,"0063",553,40,"post_fragmentation",50,0.7,0.8,"random",119,2,12
21,1264,26,14,84,9,"0063",553,40,"post_fragmentation",50,0.7,0.8,"random",127,1,12
21,1264,26,14,84,9,"0063",553,40,"post_fragmentation",50,0.7,0.8,"random",133,1,12
21,1264,26,14,84,9,"0063",553,40,"post_fragmentation",50,0.7,0.8,"random",134,1,12
21,1264,26,14,84,9,"0063",553,40,"post_fragmentation",50,0.7,0.8,"random",136,1,12
21,1264,26,14,84,9,"0063",553,40,"post_fragmentation",50,0.7,0.8,"random",141,1,12
21,1264,26,14,84,9,"0063",553,40,"post_fragmentation",50,0.7,0.8,"random",148,4,12
21,1264,26,14,84,9,"0063",553,40,"post_fragmentation",50,0.7,0.8,"random",150,1,12
21,1264,26,14,84,9,"0063",553,40,"post_fragmentation",50,0.7,0.8,"random",151,1,12
21,1264,26,14,84,9,"0063",553,40,"post_fragmentation",50,0.7,0.8,"random",162,1,12
21,1264,26,14,84,9,"0063",553,40,"post_fragmentation",50,0.7,0.8,"random",168,2,12
21,1264,26,14,84,9,"0063",553,40,"post_fragmentation",50,0.7,0.8,"random",172,1,12
21,1264,26,14,84,9,"0063",553,40,"post_fragmentation",50,0.7,0.8,"random",176,1,12
21,1264,26,14,84,9,"0063",553,40,"post_fragmentation",50,0.7,0.8,"random",178,1,12
21,1264,26,14,84,9,"0063",553,40,"post_fragmentation",50,0.7,0.8,"random",179,2,12
21,1264,26,14,84,9,"0063",553,40,"post_fragmentation",50,0.7,0.8,"random",184,2,12
21,1264,26,14,84,9,"0063",553,40,"post_fragmentation",50,0.7,0.8,"random",196,3,12
21,1264,26,14,84,9,"0063",553,40,"post_fragmentation",50,0.7,0.8,"random",197,1,12
21,1264,26,14,84,9,"0063",553,40,"post_fragmentation",50,0.7,0.8,"random",198,1,12
21,1264,26,14,84,9,"0063",553,40,"post_fragmentation",50,0.7,0.8,"random",205,2,12
21,1264,26,14,84,9,"0063",553,40,"post_fragmentation",50,0.7,0.8,"random",208,2,12
21,1264,26,14,84,9,"0063",553,40,"post_fragmentation",50,0.7,0.8,"random",247,2,12
22,1459,30,9,94,30,"0063",553,40,"post_fragmentation",50,0.7,0.8,"random",38,1,12
22,1459,30,9,94,30,"0063",553,40,"post_fragmentation",50,0.7,0.8,"random",47,1,12
22,1459,30,9,94,30,"0063",553,40,"post_fragmentation",50,0.7,0.8,"random",58,1,12
22,1459,30,9,94,30,"0063",553,40,"post_fragmentation",50,0.7,0.8,"random",77,2,12
22,1459,30,9,94,30,"0063",553,40,"post_fragmentation",50,0.7,0.8,"random",84,1,12
22,1459,30,9,94,30,"0063",553,40,"post_fragmentation",50,0.7,0.8,"random",87,1,12
22,1459,30,9,94,30,"0063",553,40,"post_fragmentation",50,0.7,0.8,"random",92,4,12
22,1459,30,9,94,30,"0063",553,40,"post_fragmentation",50,0.7,0.8,"random",94,1,12
22,1459,30,9,94,30,"0063",553,40,"post_fragmentation",50,0.7,0.8,"random",95,1,12
22,1459,30,9,94,30,"0063",553,40,"post_fragmentation",50,0.7,0.8,"random",97,1,12
22,1459,30,9,94,30,"0063",553,40,"post_fragmentation",50,0.7,0.8,"random",104,1,12
22,1459,30,9,94,30,"0063",553,40,"post_fragmentation",50,0.7,0.8,"random",112,1,12
22,1459,30,9,94,30,"0063",553,40,"post_fragmentation",50,0.7,0.8,"random",113,1,12
22,1459,30,9,94,30,"0063",553,40,"post_fragmentation",50,0.7,0.8,"random",116,6,12
22,1459,30,9,94,30,"0063",553,40,"post_fragmentation",50,0.7,0.8,"random",134,1,12
22,1459,30,9,94,30,"0063",553,40,"post_fragmentation",50,0.7,0.8,"random",139,1,12
22,1459,30,9,94,30,"0063",553,40,"post_fragmentation",50,0.7,0.8,"random",158,1,12
22,1459,30,9,94,30,"0063",553,40,"post_fragmentation",50,0.7,0.8,"random",162,1,12
22,1459,30,9,94,30,"0063",553,40,"post_fragmentation",50,0.7,0.8,"random",164,1,12
22,1459,30,9,94,30,"0063",553,40,"post_fragmentation",50,0.7,0.8,"random",238,2,12
23,509,11,9,24,12,"0063",553,40,"post_fragmentation",50,0.7,0.8,"random",122,2,12
23,509,11,9,24,12,"0063",553,40,"post_fragmentation",50,0.7,0.8,"random",136,1,12
23,509,11,9,24,12,"0063",553,40,"post_fragmentation",50,0.7,0.8,"random",150,3,12
23,509,11,9,24,12,"0063",553,40,"post_fragmentation",50,0.7,0.8,"random",162,1,12
23,509,11,9,24,12,"0063",553,40,"post_fragmentation",50,0.7,0.8,"random",163,1,12
23,509,11,9,24,12,"0063",553,40,"post_fragmentation",50,0.7,0.8,"random",174,3,12
23,509,11,9,24,12,"0063",553,40,"post_fragmentation",50,0.7,0.8,"random",180,2,12
23,509,11,9,24,12,"0063",553,40,"post_fragmentation",50,0.7,0.8,"random",185,1,12
23,509,11,9,24,12,"0063",553,40,"post_fragmentation",50,0.7,0.8,"random",186,1,12
23,509,11,9,24,12,"0063",553,40,"post_fragmentation",50,0.7,0.8,"random",194,2,12
23,509,11,9,24,12,"0063",553,40,"post_fragmentation",50,0.7,0.8,"random",196,2,12
23,509,11,9,24,12,"0063",553,40,"post_fragmentation",50,0.7,0.8,"random",206,2,12
23,509,11,9,24,12,"0063",553,40,"post_fragmentation",50,0.7,0.8,"random",210,1,12
23,509,11,9,24,12,"0063",553,40,"post_fragmentation",50,0.7,0.8,"random",214,2,12
23,509,11,9,24,12,"0063",553,40,"post_fragmentation",50,0.7,0.8,"random",223,1,12
23,509,11,9,24,12,"0063",553,40,"post_fragmentation",50,0.7,0.8,"random",230,1,12
23,509,11,9,24,12,"0063",553,40,"post_fragmentation",50,0.7,0.8,"random",235,2,12
23,509,11,9,24,12,"0063",553,40,"post_fragmentation",50,0.7,0.8,"random",238,1,12
23,509,11,9,24,12,"0063",553,40,"post_fragmentation",50,0.7,0.8,"random",239,1,12
23,509,11,9,24,12,"0063",553,40,"post_fragmentation",50,0.7,0.8,"random",248,2,12
23,509,11,9,24,12,"0063",553,40,"post_fragmentation",50,0.7,0.8,"random",258,1,12
23,509,11,9,24,12,"0063",553,40,"post_fragmentation",50,0.7,0.8,"random",279,1,12
23,509,11,9,24,12,"0063",553,40,"post_fragmentation",50,0.7,0.8,"random",326,1,12
24,1856,38,6,94,30,"0063",553,40,"post_fragmentation",50,0.7,0.8,"random",210,6,12
24,1856,38,6,94,30,"0063",553,40,"post_fragmentation",50,0.7,0.8,"random",215,1,12
24,1856,38,6,94,30,"0063",553,40,"post_fragmentation",50,0.7,0.8,"random",223,2,12
24,1856,38,6,94,30,"0063",553,40,"post_fragmentation",50,0.7,0.8,"random",232,1,12
24,1856,38,6,94,30,"0063",553,40,"post_fragmentation",50,0.7,0.8,"random",237,1,12
24,1856,38,6,94,30,"0063",553,40,"post_fragmentation",50,0.7,0.8,"random",251,2,12
24,1856,38,6,94,30,"0063",553,40,"post_fragmentation",50,0.7,0.8,"random",256,2,12
24,1856,38,6,94,30,"0063",553,40,"post_fragmentation",50,0.7,0.8,"random",279,3,12
24,1856,38,6,94,30,"0063",553,40,"post_fragmentation",50,0.7,0.8,"random",281,2,12
24,1856,38,6,94,30,"0063",553,40,"post_fragmentation",50,0.7,0.8,"random",286,1,12
24,1856,38,6,94,30,"0063",553,40,"post_fragmentation",50,0.7,0.8,"random",297,5,12
24,1856,38,6,94,30,"0063",553,40,"post_fragmentation",50,0.7,0.8,"random",302,2,12
24,1856,38,6,94,30,"0063",553,40,"post_fragmentation",50,0.7,0.8,"random",311,3,12
24,1856,38,6,94,30,"0063",553,40,"post_fragmentation",50,0.7,0.8,"random",318,1,12
24,1856,38,6,94,30,"0063",553,40,"post_fragmentation",50,0.7,0.8,"random",339,1,12
24,1856,38,6,94,30,"0063",553,40,"post_fragmentation",50,0.7,0.8,"random",370,1,12
24,1856,38,6,94,30,"0063",553,40,"post_fragmentation",50,0.7,0.8,"random",396,1,12
24,1856,38,6,94,30,"0063",553,40,"post_fragmentation",50,0.7,0.8,"random",413,1,12
24,1856,38,6,94,30,"0063",553,40,"post_fragmentation",50,0.7,0.8,"random",437,2,12
25,1826,37,26,120,1,"0063",553,40,"post_fragmentation",50,0.7,0.8,"random",454,2,12
25,1826,37,26,120,1,"0063",553,40,"post_fragmentation",50,0.7,0.8,"random",457,1,12
25,1826,37,26,120,1,"0063",553,40,"post_fragmentation",50,0.7,0.8,"random",460,1,12
25,1826,37,26,120,1,"0063",553,40,"post_fragmentation",50,0.7,0.8,"random",479,1,12
25,1826,37,26,120,1,"0063",553,40,"post_fragmentation",50,0.7,0.8,"random",482,1,12
25,1826,37,26,120,1,"0063",553,40,"post_fragmentation",50,0.7,0.8,"random",488,1,12
25,1826,37,26,120,1,"0063",553,40,"post_fragmentation",50,0.7,0.8,"random",492,2,12
25,1826,37,26,120,1,"0063",553,40,"post_fragmentation",50,0.7,0.8,"random",502,3,12
25,1826,37,26,120,1,"0063",553,40,"post_fragmentation",50,0.7,0.8,"random",507,1,12
25,1826,37,26,120,1,"0063",553,40,"post_fragmentation",50,0.7,0.8,"random",508,1,12
25,1826,37,26,120,1,"0063",553,40,"post_fragmentation",50,0.7,0.8,"random",514,1,12
25,1826,37,26,120,1,"0063",553,40,"post_fragmentation",50,0.7,0.8,"random",520,3,12
25,1826,37,26,120,1,"0063",553,40,"post_fragmentation",50,0.7,0.8,"random",527,2,12
25,1826,37,26,120,1,"0063",553,40,"post_fragmentation",50,0.7,0.8,"random",539,1,12
25,1826,37,26,120,1,"0063",553,40,"post_fragmentation",50,0.7,0.8,"random",544,1,12
25,1826,37,26,120,1,"0063",553,40,"post_fragmentation",50,0.7,0.8,"random",554,1,12
25,1826,37,26,120,1,"0063",553,40,"post_fragmentation",50,0.7,0.8,"random",558,1,12
25,1826,37,26,120,1,"0063",553,40,"post_fragmentation",50,0.7,0.8,"random",560,1,12
25,1826,37,26,120,1,"0063",553,40,"post_fragmentation",50,0.7,0.8,"random",564,5,12
25,1826,37,26,120,1,"0063",553,40,"post_fragmentation",50,0.7,0.8,"random",576,3,12
25,1826,37,26,120,1,"0063",553,40,"post_fragmentation",50,0.7,0.8,"random",597,1,12
25,1826,37,26,120,1,"0063",553,40,"post_fragmentation",50,0.7,0.8,"random",618,1,12
26,1097,22,47,83,1,"0063",553,40,"post_fragmentation",50,0.7,0.8,"random",79,1,12
26,1097,22,47,83,1,"0063",553,40,"post_fragmentation",50,0.7,0.8,"random",85,1,12
26,1097,22,47,83,1,"0063",553,40,"post_fragmentation",50,0.7,0.8,"random",88,1,12
26,1097,22,47,83,1,"0063",553,40,"post_fragmentation",50,0.7,0.8,"random",100,1,12
26,1097,22,47,83,1,"0063",553,40,"post_fragmentation",50,0.7,0.8,"random",127,2,12
26,1097,22,47,83,1,"0063",553,40,"post_fragmentation",50,0.7,0.8,"random",140,1,12
26,1097,22,47,83,1,"0063",553,40,"post_fragmentation",50,0.7,0.8,"random",148,1,12
26,1097,22,47,83,1,"0063",553,40,"post_fragmentation",50,0.7,0.8,"random",153,1,12
26,1097,22,47,83,1,"0063",553,40,"post_fragmentation",50,0.7,0.8,"random",160,1,12
26,1097,22,47,83,1,"0063",553,40,"post_fragmentation",50,0.7,0.8,"random",161,2,12
26,1097,22,47,83,1,"0063",553,40,"post_fragmentation",50,0.7,0.8,"random",162,1,12
26,1097,22,47,83,1,"0063",553,40,"post_fragmentation",50,0.7,0.8,"random",166,3,12
26,1097,22,47,83,1,"0063",553,40,"post_fragmentation",50,0.7,0.8,"random",169,2,12
26,1097,22,47,83,1,"0063",553,40,"post_fragmentation",50,0.7,0.8,"random",176,1,12
26,1097,22,47,83,1,"0063",553,40,"post_fragmentation",50,0.7,0.8,"random",177,1,12
26,1097,22,47,83,1,"0063",553,40,"post_fragmentation",50,0.7,0.8,"random",182,2,12
26,1097,22,47,83,1,"0063",553,40,"post_fragmentation",50,0.7,0.8,"random",190,1,12
26,1097,22,47,83,1,"0063",553,40,"post_fragmentation",50,0.7,0.8,"random",191,1,12
26,1097,22,47,83,1,"0063",553,40,"post_fragmentation",50,0.7,0.8,"random",192,3,12
26,1097,22,47,83,1,"0063",553,40,"post_fragmentation",50,0.7,0.8,"random",212,1,12
26,1097,22,47,83,1,"0063",553,40,"post_fragmentation",50,0.7,0.8,"random",213,1,12
26,1097,22,47,83,1,"0063",553,40,"post_fragmentation",50,0.7,0.8,"random",243,1,12
26,1097,22,47,83,1,"0063",553,40,"post_fragmentation",50,0.7,0.8,"random",247,1,12
26,1097,22,47,83,1,"0063",553,40,"post_fragmentation",50,0.7,0.8,"random",261,1,12
26,1097,22,47,83,1,"0063",553,40,"post_fragmentation",50,0.7,0.8,"random",278,1,12
26,1097,22,47,83,1,"0063",553,40,"post_fragmentation",50,0.7,0.8,"random",282,1,12
26,1097,22,47,83,1,"0063",553,40,"post_fragmentation",50,0.7,0.8,"random",292,1,12
26,1097,22,47,83,1,"0063",553,40,"post_fragmentation",50,0.7,0.8,"random",318,1,12
26,1097,22,47,83,1,"0063",553,40,"post_fragmentation",50,0.7,0.8,"random",336,1,12
27,1610,33,10,94,30,"0063",553,40,"post_fragmentation",50,0.7,0.8,"random",48,1,12
27,1610,33,10,94,30,"0063",553,40,"post_fragmentation",50,0.7,0.8,"random",57,1,12
27,1610,33,10,94,30,"0063",553,40,"post_fragmentation",50,0.7,0.8,"random",60,1,12
27,1610,33,10,94,30,"0063",553,40,"post_fragmentation",50,0.7,0.8,"random",61,2,12
27,1610,33,10,94,30,"0063",553,40,"post_fragmentation",50,0.7,0.8,"random",77,1,12
27,1610,33,10,94,30,"0063",553,40,"post_fragmentation",50,0.7,0.8,"random",79,1,12
27,1610,33,10,94,30,"0063",553,40,"post_fragmentation",50,0.7,0.8,"random",88,1,12
27,1610,33,10,94,30,"0063",553,40,"post_fragmentation",50,0.7,0.8,"random",89,1,12
27,1610,33,10,94,30,"0063",553,40,"post_fragmentation",50,0.7,0.8,"random",92,3,12
27,1610,33,10,94,30,"0063",553,40,"post_fragmentation",50,0.7,0.8,"random",94,2,12
27,1610,33,10,94,30,"0063",553,40,"post_fragmentation",50,0.7,0.8,"random",95,4,12
27,1610,33,10,94,30,"0063",553,40,"post_fragmentation",50,0.7,0.8,"random",111,1,12
27,1610,33,10,94,30,"0063",553,40,"post_fragmentation",50,0.7,0.8,"random",112,2,12
27,1610,33,10,94,30,"0063",553,40,"post_fragmentation",50,0.7,0.8,"random",115,1,12
27,1610,33,10,94,30,"0063",553,40,"post_fragmentation",50,0.7,0.8,"random",116,1,12
27,1610,33,10,94,30,"0063",553,40,"post_fragmentation",50,0.7,0.8,"random",117,2,12
27,1610,33,10,94,30,"0063",553,40,"post_fragmentation",50,0.7,0.8,"random",119,4,12
27,1610,33,10,94,30,"0063",553,40,"post_fragmentation",50,0.7,0.8,"random",124,1,12
27,1610,33,10,94,30,"0063",553,40,"post_fragmentation",50,0.7,0.8,"random",131,3,12
27,1610,33,10,94,30,"0063",553,40,"post_fragmentation",50,0.7,0.8,"random",135,1,12
27,1610,33,10,94,30,"0063",553,40,"post_fragmentation",50,0.7,0.8,"random",140,2,12
27,1610,33,10,94,30,"0063",553,40,"post_fragmentation",50,0.7,0.8,"random",160,1,12
27,1610,33,10,94,30,"0063",553,40,"post_fragmentation",50,0.7,0.8,"random",184,1,12
28,830,17,30,55,4,"0063",553,40,"post_fragmentation",50,0.7,0.8,"random",483,1,12
28,830,17,30,55,4,"0063",553,40,"post_fragmentation",50,0.7,0.8,"random",522,1,12
28,830,17,30,55,4,"0063",553,40,"post_fragmentation",50,0.7,0.8,"random",546,1,12
28,830,17,30,55,4,"0063",553,40,"post_fragmentation",50,0.7,0.8,"random",564,1,12
28,830,17,30,55,4,"0063",553,40,"post_fragmentation",50,0.7,0.8,"random",578,1,12
28,830,17,30,55,4,"0063",553,40,"post_fragmentation",50,0.7,0.8,"random",580,1,12
28,830,17,30,55,4,"0063",553,40,"post_fragmentation",50,0.7,0.8,"random",588,2,12
28,830,17,30,55,4,"0063",553,40,"post_fragmentation",50,0.7,0.8,"random",601,1,12
28,830,17,30,55,4,"0063",553,40,"post_fragmentation",50,0.7,0.8,"random",604,1,12
28,830,17,30,55,4,"0063",553,40,"post_fragmentation",50,0.7,0.8,"random",611,1,12
28,830,17,30,55,4,"0063",553,40,"post_fragmentation",50,0.7,0.8,"random",617,1,12
28,830,17,30,55,4,"0063",553,40,"post_fragmentation",50,0.7,0.8,"random",620,1,12
28,830,17,30,55,4,"0063",553,40,"post_fragmentation",50,0.7,0.8,"random",621,1,12
28,830,17,30,55,4,"0063",553,40,"post_fragmentation",50,0.7,0.8,"random",622,1,12
28,830,17,30,55,4,"0063",553,40,"post_fragmentation",50,0.7,0.8,"random",631,2,12
28,830,17,30,55,4,"0063",553,40,"post_fragmentation",50,0.7,0.8,"random",634,1,12
28,830,17,30,55,4,"0063",553,40,"post_fragmentation",50,0.7,0.8,"random",643,3,12
28,830,17,30,55,4,"0063",553,40,"post_fragmentation",50,0.7,0.8,"random",657,1,12
28,830,17,30,55,4,"0063",553,40,"post_fragmentation",50,0.7,0.8,"random",658,1,12
28,830,17,30,55,4,"0063",553,40,"post_fragmentation",50,0.7,0.8,"random",669,2,12
28,830,17,30,55,4,"0063",553,40,"post_fragmentation",50,0.7,0.8,"random",678,1,12
28,830,17,30,55,4,"0063",553,40,"post_fragmentation",50,0.7,0.8,"random",682,1,12
28,830,17,30,55,4,"0063",553,40,"post_fragmentation",50,0.7,0.8,"random",683,1,12
28,830,17,30,55,4,"0063",553,40,"post_fragmentation",50,0.7,0.8,"random",691,1,12
28,830,17,30,55,4,"0063",553,40,"post_fragmentation",50,0.7,0.8,"random",692,1,12
28,830,17,30,55,4,"0063",553,40,"post_fragmentation",50,0.7,0.8,"random",695,2,12
28,830,17,30,55,4,"0063",553,40,"post_fragmentation",50,0.7,0.8,"random",700,1,12
28,830,17,30,55,4,"0063",553,40,"post_fragmentation",50,0.7,0.8,"random",710,1,12
28,830,17,30,55,4,"0063",553,40,"post_fragmentation",50,0.7,0.8,"random",715,1,12
29,1356,28,6,91,2,"0063",553,40,"post_fragmentation",50,0.7,0.8,"random",26,1,12
29,1356,28,6,91,2,"0063",553,40,"post_fragmentation",50,0.7,0.8,"random",31,1,12
29,1356,28,6,91,2,"0063",553,40,"post_fragmentation",50,0.7,0.8,"random",46,2,12
29,1356,28,6,91,2,"0063",553,40,"post_fragmentation",50,0.7,0.8,"random",52,1,12
29,1356,28,6,91,2,"0063",553,40,"post_fragmentation",50,0.7,0.8,"random",55,1,12
29,1356,28,6,91,2,"0063",553,40,"post_fragmentation",50,0.7,0.8,"random",61,3,12
29,1356,28,6,91,2,"0063",553,40,"post_fragmentation",50,0.7,0.8,"random",74,1,12
29,1356,28,6,91,2,"0063",553,40,"post_fragmentation",50,0.7,0.8,"random",75,1,12
29,1356,28,6,91,2,"0063",553,40,"post_fragmentation",50,0.7,0.8,"random",85,1,12
29,1356,28,6,91,2,"0063",553,40,"post_fragmentation",50,0.7,0.8,"random",86,1,12
29,1356,28,6,91,2,"0063",553,40,"post_fragmentation",50,0.7,0.8,"random",87,4,12
29,1356,28,6,91,2,"0063",553,40,"post_fragmentation",50,0.7,0.8,"random",88,1,12
29,1356,28,6,91,2,"0063",553,40,"post_fragmentation",50,0.7,0.8,"random",89,1,12
29,1356,28,6,91,2,"0063",553,40,"post_fragmentation",50,0.7,0.8,"random",92,1,12
29,1356,28,6,91,2,"0063",553,40,"post_fragmentation",50,0.7,0.8,"random",94,2,12
29,1356,28,6,91,2,"0063",553,40,"post_fragmentation",50,0.7,0.8,"random",95,2,12
29,1356,28,6,91,2,"0063",553,40,"post_fragmentation",50,0.7,0.8,"random",117,1,12
29,1356,28,6,91,2,"0063",553,40,"post_fragmentation",50,0.7,0.8,"random",119,2,12
29,1356,28,6,91,2,"0063",553,40,"post_fragmentation",50,0.7,0.8,"random",130,1,12
29,1356,28,6,91,2,"0063",553,40,"post_fragmentation",50,0.7,0.8,"random",131,1,12
29,1356,28,6,91,2,"0063",553,40,"post_fragmentation",50,0.7,0.8,"random",134,1,12
29,1356,28,6,91,2,"0063",553,40,"post_fragmentation",50,0.7,0.8,"random",139,2,12
29,1356,28,6,91,2,"0063",553,40,"post_fragmentation",50,0.7,0.8,"random",142,2,12
29,1356,28,6,91,2,"0063",553,40,"post_fragmentation",50,0.7,0.8,"random",158,1,12
29,1356,28,6,91,2,"0063",553,40,"post_fragmentation",50,0.7,0.8,"random",168,2,12
29,1356,28,6,91,2,"0063",553,40,"post_fragmentation",50,0.7,0.8,"random",169,1,12
29,1356,28,6,91,2,"0063",553,40,"post_fragmentation",50,0.7,0.8,"random",177,1,12
29,1356,28,6,91,2,"0063",553,40,"post_fragmentation",50,0.7,0.8,"random",178,1,12
30,1656,34,6,94,30,"0063",553,40,"post_fragmentation",50,0.7,0.8,"random",35,2,12
30,1656,34,6,94,30,"0063",553,40,"post_fragmentation",50,0.7,0.8,"random",46,1,12
30,1656,34,6,94,30,"0063",553,40,"post_fragmentation",50,0.7,0.8,"random",73,3,12
30,1656,34,6,94,30,"0063",553,40,"post_fragmentation",50,0.7,0.8,"random",84,1,12
30,1656,34,6,94,30,"0063",553,40,"post_fragmentation",50,0.7,0.8,"random",87,2,12
30,1656,34,6,94,30,"0063",553,40,"post_fragmentation",50,0.7,0.8,"random",95,5,12
30,1656,34,6,94,30,"0063",553,40,"post_fragmentation",50,0.7,0.8,"random",97,1,12
30,1656,34,6,94,30,"0063",553,40,"post_fragmentation",50,0.7,0.8,"random",98,1,12
30,1656,34,6,94,30,"0063",553,40,"post_fragmentation",50,0.7,0.8,"random",119,3,12
30,1656,34,6,94,30,"0063",553,40,"post_fragmentation",50,0.7,0.8,"random",131,1,12
30,1656,34,6,94,30,"0063",553,40,"post_fragmentation",50,0.7,0.8,"random",135,1,12
30,1656,34,6,94,30,"0063",553,40,"post_fragmentation",50,0.7,0.8,"random",147,1,12
30,1656,34,6,94,30,"0063",553,40,"post_fragmentation",50,0.7,0.8,"random",161,1,12
30,1656,34,6,94,30,"0063",553,40,"post_fragmentation",50,0.7,0.8,"random",166,3,12
30,1656,34,6,94,30,"0063",553,40,"post_fragmentation",50,0.7,0.8,"random",167,2,12
30,1656,34,6,94,30,"0063",553,40,"post_fragmentation",50,0.7,0.8,"random",171,3,12
30,1656,34,6,94,30,"0063",553,40,"post_fragmentation",50,0.7,0.8,"random",184,1,12
30,1656,34,6,94,30,"0063",553,40,"post_fragmentation",50,0.7,0.8,"random",211,1,12
30,1656,34,6,94,30,"0063",553,40,"post_fragmentation",50,0.7,0.8,"random",279,1,12
1,122,3,22,2,7,"0063",553,100,"final",50,0.7,0.8,"random",309,2,12
1,122,3,22,2,7,"0063",553,100,"final",50,0.7,0.8,"random",348,6,12
1,122,3,22,2,7,"0063",553,100,"final",50,0.7,0.8,"random",362,1,12
1,122,3,22,2,7,"0063",553,100,"final",50,0.7,0.8,"random",373,2,12
2,1301,27,1,90,3,"0063",553,100,"final",50,0.7,0.8,"random",92,1,12
2,1301,27,1,90,3,"0063",553,100,"final",50,0.7,0.8,"random",133,1,12
2,1301,27,1,90,3,"0063",553,100,"final",50,0.7,0.8,"random",148,4,12
2,1301,27,1,90,3,"0063",553,100,"final",50,0.7,0.8,"random",161,3,12
2,1301,27,1,90,3,"0063",553,100,"final",50,0.7,0.8,"random",177,4,12
3,487,10,37,37,6,"0063",553,100,"final",50,0.7,0.8,"random",622,1,12
3,487,10,37,37,6,"0063",553,100,"final",50,0.7,0.8,"random",633,2,12
3,487,10,37,37,6,"0063",553,100,"final",50,0.7,0.8,"random",634,3,12
3,487,10,37,37,6,"0063",553,100,"final",50,0.7,0.8,"random",642,1,12
3,487,10,37,37,6,"0063",553,100,"final",50,0.7,0.8,"random",643,2,12
3,487,10,37,37,6,"0063",553,100,"final",50,0.7,0.8,"random",654,1,12
3,487,10,37,37,6,"0063",553,100,"final",50,0.7,0.8,"random",658,1,12
3,487,10,37,37,6,"0063",553,100,"final",50,0.7,0.8,"random",663,1,12
3,487,10,37,37,6,"0063",553,100,"final",50,0.7,0.8,"random",670,1,12
3,487,10,37,37,6,"0063",553,100,"final",50,0.7,0.8,"random",678,1,12
3,487,10,37,37,6,"0063",553,100,"final",50,0.7,0.8,"random",684,2,12
3,487,10,37,37,6,"0063",553,100,"final",50,0.7,0.8,"random",741,4,12
4,1214,25,14,84,9,"0063",553,100,"final",50,0.7,0.8,"random",122,1,12
4,1214,25,14,84,9,"0063",553,100,"final",50,0.7,0.8,"random",134,1,12
4,1214,25,14,84,9,"0063",553,100,"final",50,0.7,0.8,"random",135,1,12
4,1214,25,14,84,9,"0063",553,100,"final",50,0.7,0.8,"random",136,2,12
4,1214,25,14,84,9,"0063",553,100,"final",50,0.7,0.8,"random",147,2,12
4,1214,25,14,84,9,"0063",553,100,"final",50,0.7,0.8,"random",151,2,12
4,1214,25,14,84,9,"0063",553,100,"final",50,0.7,0.8,"random",162,1,12
4,1214,25,14,84,9,"0063",553,100,"final",50,0.7,0.8,"random",168,3,12
4,1214,25,14,84,9,"0063",553,100,"final",50,0.7,0.8,"random",176,2,12
4,1214,25,14,84,9,"0063",553,100,"final",50,0.7,0.8,"random",183,1,12
4,1214,25,14,84,9,"0063",553,100,"final",50,0.7,0.8,"random",196,2,12
4,1214,25,14,84,9,"0063",553,100,"final",50,0.7,0.8,"random",205,9,12
4,1214,25,14,84,9,"0063",553,100,"final",50,0.7,0.8,"random",210,4,12
5,1215,25,15,84,9,"0063",553,100,"final",50,0.7,0.8,"random",119,3,12
5,1215,25,15,84,9,"0063",553,100,"final",50,0.7,0.8,"random",134,1,12
5,1215,25,15,84,9,"0063",553,100,"final",50,0.7,0.8,"random",147,4,12
5,1215,25,15,84,9,"0063",553,100,"final",50,0.7,0.8,"random",151,2,12
5,1215,25,15,84,9,"0063",553,100,"final",50,0.7,0.8,"random",155,1,12
5,1215,25,15,84,9,"0063",553,100,"final",50,0.7,0.8,"random",160,1,12
5,1215,25,15,84,9,"0063",553,100,"final",50,0.7,0.8,"random",162,2,12
5,1215,25,15,84,9,"0063",553,100,"final",50,0.7,0.8,"random",168,3,12
5,1215,25,15,84,9,"0063",553,100,"final",50,0.7,0.8,"random",176,4,12
5,1215,25,15,84,9,"0063",553,100,"final",50,0.7,0.8,"random",186,3,12
5,1215,25,15,84,9,"0063",553,100,"final",50,0.7,0.8,"random",205,6,12
5,1215,25,15,84,9,"0063",553,100,"final",50,0.7,0.8,"random",210,1,12
6,1608,33,8,94,30,"0063",553,100,"final",50,0.7,0.8,"random",78,1,12
6,1608,33,8,94,30,"0063",553,100,"final",50,0.7,0.8,"random",87,5,12
6,1608,33,8,94,30,"0063",553,100,"final",50,0.7,0.8,"random",90,1,12
6,1608,33,8,94,30,"0063",553,100,"final",50,0.7,0.8,"random",94,1,12
6,1608,33,8,94,30,"0063",553,100,"final",50,0.7,0.8,"random",95,4,12
6,1608,33,8,94,30,"0063",553,100,"final",50,0.7,0.8,"random",99,1,12
6,1608,33,8,94,30,"0063",553,100,"final",50,0.7,0.8,"random",104,5,12
6,1608,33,8,94,30,"0063",553,100,"final",50,0.7,0.8,"random",107,3,12
6,1608,33,8,94,30,"0063",553,100,"final",50,0.7,0.8,"random",112,1,12
6,1608,33,8,94,30,"0063",553,100,"final",50,0.7,0.8,"random",117,4,12
6,1608,33,8,94,30,"0063",553,100,"final",50,0.7,0.8,"random",119,3,12
6,1608,33,8,94,30,"0063",553,100,"final",50,0.7,0.8,"random",134,2,12
6,1608,33,8,94,30,"0063",553,100,"final",50,0.7,0.8,"random",138,3,12
6,1608,33,8,94,30,"0063",553,100,"final",50,0.7,0.8,"random",162,1,12
6,1608,33,8,94,30,"0063",553,100,"final",50,0.7,0.8,"random",167,1,12
6,1608,33,8,94,30,"0063",553,100,"final",50,0.7,0.8,"random",171,1,12
7,282,6,32,17,1,"0063",553,100,"final",50,0.7,0.8,"random",412,1,12
8,303,7,3,18,1,"0063",553,100,"final",50,0.7,0.8,"random",702,2,12
8,303,7,3,18,1,"0063",553,100,"final",50,0.7,0.8,"random",709,1,12
9,1094,22,44,79,2,"0063",553,100,"final",50,0.7,0.8,"random",484,3,12
10,585,12,35,37,6,"0063",553,100,"final",50,0.7,0.8,"random",618,1,12
10,585,12,35,37,6,"0063",553,100,"final",50,0.7,0.8,"random",620,1,12
10,585,12,35,37,6,"0063",553,100,"final",50,0.7,0.8,"random",633,1,12
10,585,12,35,37,6,"0063",553,100,"final",50,0.7,0.8,"random",634,1,12
10,585,12,35,37,6,"0063",553,100,"final",50,0.7,0.8,"random",635,1,12
10,585,12,35,37,6,"0063",553,100,"final",50,0.7,0.8,"random",642,1,12
10,585,12,35,37,6,"0063",553,100,"final",50,0.7,0.8,"random",643,2,12
10,585,12,35,37,6,"0063",553,100,"final",50,0.7,0.8,"random",651,2,12
10,585,12,35,37,6,"0063",553,100,"final",50,0.7,0.8,"random",657,3,12
10,585,12,35,37,6,"0063",553,100,"final",50,0.7,0.8,"random",658,3,12
10,585,12,35,37,6,"0063",553,100,"final",50,0.7,0.8,"random",663,1,12
10,585,12,35,37,6,"0063",553,100,"final",50,0.7,0.8,"random",665,1,12
10,585,12,35,37,6,"0063",553,100,"final",50,0.7,0.8,"random",668,3,12
10,585,12,35,37,6,"0063",553,100,"final",50,0.7,0.8,"random",684,3,12
11,349,7,49,22,5,"0063",553,100,"final",50,0.7,0.8,"random",677,3,12
11,349,7,49,22,5,"0063",553,100,"final",50,0.7,0.8,"random",699,10,12
11,349,7,49,22,5,"0063",553,100,"final",50,0.7,0.8,"random",702,1,12
11,349,7,49,22,5,"0063",553,100,"final",50,0.7,0.8,"random",724,3,12
11,349,7,49,22,5,"0063",553,100,"final",50,0.7,0.8,"random",732,7,12
11,349,7,49,22,5,"0063",553,100,"final",50,0.7,0.8,"random",738,2,12
11,349,7,49,22,5,"0063",553,100,"final",50,0.7,0.8,"random",746,5,12
11,349,7,49,22,5,"0063",553,100,"final",50,0.7,0.8,"random",748,1,12
11,349,7,49,22,5,"0063",553,100,"final",50,0.7,0.8,"random",767,2,12
12,1279,26,29,86,7,"0063",553,100,"final",50,0.7,0.8,"random",641,2,12
12,1279,26,29,86,7,"0063",553,100,"final",50,0.7,0.8,"random",711,6,12
12,1279,26,29,86,7,"0063",553,100,"final",50,0.7,0.8,"random",727,2,12
12,1279,26,29,86,7,"0063",553,100,"final",50,0.7,0.8,"random",770,3,12
12,1279,26,29,86,7,"0063",553,100,"final",50,0.7,0.8,"random",779,6,12
12,1279,26,29,86,7,"0063",553,100,"final",50,0.7,0.8,"random",783,4,12
12,1279,26,29,86,7,"0063",553,100,"final",50,0.7,0.8,"random",804,1,12
13,1705,35,5,94,30,"0063",553,100,"final",50,0.7,0.8,"random",61,1,12
13,1705,35,5,94,30,"0063",553,100,"final",50,0.7,0.8,"random",85,5,12
13,1705,35,5,94,30,"0063",553,100,"final",50,0.7,0.8,"random",87,4,12
13,1705,35,5,94,30,"0063",553,100,"final",50,0.7,0.8,"random",90,1,12
13,1705,35,5,94,30,"0063",553,100,"final",50,0.7,0.8,"random",92,1,12
13,1705,35,5,94,30,"0063",553,100,"final",50,0.7,0.8,"random",97,1,12
13,1705,35,5,94,30,"0063",553,100,"final",50,0.7,0.8,"random",98,1,12
13,1705,35,5,94,30,"0063",553,100,"final",50,0.7,0.8,"random",99,4,12
13,1705,35,5,94,30,"0063",553,100,"final",50,0.7,0.8,"random",101,3,12
13,1705,35,5,94,30,"0063",553,100,"final",50,0.7,0.8,"random",107,2,12
13,1705,35,5,94,30,"0063",553,100,"final",50,0.7,0.8,"random",117,1,12
13,1705,35,5,94,30,"0063",553,100,"final",50,0.7,0.8,"random",119,1,12
13,1705,35,5,94,30,"0063",553,100,"final",50,0.7,0.8,"random",122,3,12
13,1705,35,5,94,30,"0063",553,100,"final",50,0.7,0.8,"random",131,1,12
13,1705,35,5,94,30,"0063",553,100,"final",50,0.7,0.8,"random",138,3,12
13,1705,35,5,94,30,"0063",553,100,"final",50,0.7,0.8,"random",161,1,12
13,1705,35,5,94,30,"0063",553,100,"final",50,0.7,0.8,"random",162,1,12
13,1705,35,5,94,30,"0063",553,100,"final",50,0.7,0.8,"random",210,1,12
14,1264,26,14,84,9,"0063",553,100,"final",50,0.7,0.8,"random",132,1,12
14,1264,26,14,84,9,"0063",553,100,"final",50,0.7,0.8,"random",134,1,12
14,1264,26,14,84,9,"0063",553,100,"final",50,0.7,0.8,"random",135,1,12
14,1264,26,14,84,9,"0063",553,100,"final",50,0.7,0.8,"random",139,1,12
14,1264,26,14,84,9,"0063",553,100,"final",50,0.7,0.8,"random",147,2,12
14,1264,26,14,84,9,"0063",553,100,"final",50,0.7,0.8,"random",160,4,12
14,1264,26,14,84,9,"0063",553,100,"final",50,0.7,0.8,"random",168,6,12
14,1264,26,14,84,9,"0063",553,100,"final",50,0.7,0.8,"random",186,6,12
14,1264,26,14,84,9,"0063",553,100,"final",50,0.7,0.8,"random",196,3,12
14,1264,26,14,84,9,"0063",553,100,"final",50,0.7,0.8,"random",205,3,12
14,1264,26,14,84,9,"0063",553,100,"final",50,0.7,0.8,"random",210,3,12
15,555,12,5,24,12,"0063",553,100,"final",50,0.7,0.8,"random",239,2,12
15,555,12,5,24,12,"0063",553,100,"final",50,0.7,0.8,"random",240,1,12
15,555,12,5,24,12,"0063",553,100,"final",50,0.7,0.8,"random",348,5,12
16,398,8,48,22,5,"0063",553,100,"final",50,0.7,0.8,"random",630,2,12
16,398,8,48,22,5,"0063",553,100,"final",50,0.7,0.8,"random",658,1,12
16,398,8,48,22,5,"0063",553,100,"final",50,0.7,0.8,"random",699,1,12
16,398,8,48,22,5,"0063",553,100,"final",50,0.7,0.8,"random",724,5,12
16,398,8,48,22,5,"0063",553,100,"final",50,0.7,0.8,"random",726,3,12
16,398,8,48,22,5,"0063",553,100,"final",50,0.7,0.8,"random",732,6,12
16,398,8,48,22,5,"0063",553,100,"final",50,0.7,0.8,"random",739,2,12
16,398,8,48,22,5,"0063",553,100,"final",50,0.7,0.8,"random",741,4,12
16,398,8,48,22,5,"0063",553,100,"final",50,0.7,0.8,"random",742,2,12
16,398,8,48,22,5,"0063",553,100,"final",50,0.7,0.8,"random",746,2,12
16,398,8,48,22,5,"0063",553,100,"final",50,0.7,0.8,"random",748,1,12
16,398,8,48,22,5,"0063",553,100,"final",50,0.7,0.8,"random",752,4,12
16,398,8,48,22,5,"0063",553,100,"final",50,0.7,0.8,"random",767,3,12
17,2381,48,31,158,1,"0063",553,100,"final",50,0.7,0.8,"random",473,1,12
17,2381,48,31,158,1,"0063",553,100,"final",50,0.7,0.8,"random",478,1,12
17,2381,48,31,158,1,"0063",553,100,"final",50,0.7,0.8,"random",490,2,12
17,2381,48,31,158,1,"0063",553,100,"final",50,0.7,0.8,"random",536,1,12
18,1611,33,11,94,30,"0063",553,100,"final",50,0.7,0.8,"random",85,3,12
18,1611,33,11,94,30,"0063",553,100,"final",50,0.7,0.8,"random",87,2,12
18,1611,33,11,94,30,"0063",553,100,"final",50,0.7,0.8,"random",95,2,12
18,1611,33,11,94,30,"0063",553,100,"final",50,0.7,0.8,"random",96,1,12
18,1611,33,11,94,30,"0063",553,100,"final",50,0.7,0.8,"random",99,2,12
18,1611,33,11,94,30,"0063",553,100,"final",50,0.7,0.8,"random",104,4,12
18,1611,33,11,94,30,"0063",553,100,"final",50,0.7,0.8,"random",122,1,12
18,1611,33,11,94,30,"0063",553,100,"final",50,0.7,0.8,"random",130,2,12
18,1611,33,11,94,30,"0063",553,100,"final",50,0.7,0.8,"random",134,1,12
18,1611,33,11,94,30,"0063",553,100,"final",50,0.7,0.8,"random",135,1,12
18,1611,33,11,94,30,"0063",553,100,"final",50,0.7,0.8,"random",157,3,12
18,1611,33,11,94,30,"0063",553,100,"final",50,0.7,0.8,"random",158,4,12
18,1611,33,11,94,30,"0063",553,100,"final",50,0.7,0.8,"random",162,3,12
18,1611,33,11,94,30,"0063",553,100,"final",50,0.7,0.8,"random",166,2,12
18,1611,33,11,94,30,"0063",553,100,"final",50,0.7,0.8,"random",168,1,12
18,1611,33,11,94,30,"0063",553,100,"final",50,0.7,0.8,"random",176,2,12
18,1611,33,11,94,30,"0063",553,100,"final",50,0.7,0.8,"random",178,3,12
19,360,8,10,24,12,"0063",553,100,"final",50,0.7,0.8,"random",195,6,12
19,360,8,10,24,12,"0063",553,100,"final",50,0.7,0.8,"random",212,5,12
19,360,8,10,24,12,"0063",553,100,"final",50,0.7,0.8,"random",214,7,12
19,360,8,10,24,12,"0063",553,100,"final",50,0.7,0.8,"random",221,2,12
19,360,8,10,24,12,"0063",553,100,"final",50,0.7,0.8,"random",223,3,12
19,360,8,10,24,12,"0063",553,100,"final",50,0.7,0.8,"random",229,2,12
19,360,8,10,24,12,"0063",553,100,"final",50,0.7,0.8,"random",240,1,12
20,667,14,17,51,1,"0063",553,100,"final",50,0.7,0.8,"random",119,1,12
20,667,14,17,51,1,"0063",553,100,"final",50,0.7,0.8,"random",195,1,12
20,667,14,17,51,1,"0063",553,100,"final",50,0.7,0.8,"random",196,1,12
20,667,14,17,51,1,"0063",553,100,"final",50,0.7,0.8,"random",202,2,12
20,667,14,17,51,1,"0063",553,100,"final",50,0.7,0.8,"random",212,1,12
20,667,14,17,51,1,"0063",553,100,"final",50,0.7,0.8,"random",214,2,12
20,667,14,17,51,1,"0063",553,100,"final",50,0.7,0.8,"random",232,1,12
21,580,12,30,47,4,"0063",553,100,"final",50,0.7,0.8,"random",385,4,12
21,580,12,30,47,4,"0063",553,100,"final",50,0.7,0.8,"random",412,2,12
21,580,12,30,47,4,"0063",553,100,"final",50,0.7,0.8,"random",446,7,12
21,580,12,30,47,4,"0063",553,100,"final",50,0.7,0.8,"random",658,1,12
22,2342,47,42,149,10,"0063",553,100,"final",50,0.7,0.8,"random",681,1,12
22,2342,47,42,149,10,"0063",553,100,"final",50,0.7,0.8,"random",722,5,12
22,2342,47,42,149,10,"0063",553,100,"final",50,0.7,0.8,"random",731,6,12
22,2342,47,42,149,10,"0063",553,100,"final",50,0.7,0.8,"random",738,1,12
22,2342,47,42,149,10,"0063",553,100,"final",50,0.7,0.8,"random",748,1,12
22,2342,47,42,149,10,"0063",553,100,"final",50,0.7,0.8,"random",757,9,12
22,2342,47,42,149,10,"0063",553,100,"final",50,0.7,0.8,"random",769,5,12
22,2342,47,42,149,10,"0063",553,100,"final",50,0.7,0.8,"random",802,7,12
22,2342,47,42,149,10,"0063",553,100,"final",50,0.7,0.8,"random",851,1,12
23,2291,46,41,149,10,"0063",553,100,"final",50,0.7,0.8,"random",687,2,12
23,2291,46,41,149,10,"0063",553,100,"final",50,0.7,0.8,"random",722,2,12
23,2291,46,41,149,10,"0063",553,100,"final",50,0.7,0.8,"random",731,6,12
23,2291,46,41,149,10,"0063",553,100,"final",50,0.7,0.8,"random",738,2,12
23,2291,46,41,149,10,"0063",553,100,"final",50,0.7,0.8,"random",748,2,12
23,2291,46,41,149,10,"0063",553,100,"final",50,0.7,0.8,"random",749,3,12
23,2291,46,41,149,10,"0063",553,100,"final",50,0.7,0.8,"random",757,3,12
23,2291,46,41,149,10,"0063",553,100,"final",50,0.7,0.8,"random",769,9,12
23,2291,46,41,149,10,"0063",553,100,"final",50,0.7,0.8,"random",802,2,12
23,2291,46,41,149,10,"0063",553,100,"final",50,0.7,0.8,"random",821,1,12
23,2291,46,41,149,10,"0063",553,100,"final",50,0.7,0.8,"random",851,1,12
24,2075,42,25,132,5,"0063",553,100,"final",50,0.7,0.8,"random",452,1,12
24,2075,42,25,132,5,"0063",553,100,"final",50,0.7,0.8,"random",473,1,12
24,2075,42,25,132,5,"0063",553,100,"final",50,0.7,0.8,"random",501,1,12
24,2075,42,25,132,5,"0063",553,100,"final",50,0.7,0.8,"random",531,2,12
24,2075,42,25,132,5,"0063",553,100,"final",50,0.7,0.8,"random",545,7,12
24,2075,42,25,132,5,"0063",553,100,"final",50,0.7,0.8,"random",546,1,12
24,2075,42,25,132,5,"0063",553,100,"final",50,0.7,0.8,"random",547,2,12
24,2075,42,25,132,5,"0063",553,100,"final",50,0.7,0.8,"random",557,4,12
24,2075,42,25,132,5,"0063",553,100,"final",50,0.7,0.8,"random",560,1,12
24,2075,42,25,132,5,"0063",553,100,"final",50,0.7,0.8,"random",567,8,12
24,2075,42,25,132,5,"0063",553,100,"final",50,0.7,0.8,"random",576,1,12
24,2075,42,25,132,5,"0063",553,100,"final",50,0.7,0.8,"random",579,2,12
25,2026,41,26,132,5,"0063",553,100,"final",50,0.7,0.8,"random",446,2,12
25,2026,41,26,132,5,"0063",553,100,"final",50,0.7,0.8,"random",478,1,12
25,2026,41,26,132,5,"0063",553,100,"final",50,0.7,0.8,"random",531,7,12
25,2026,41,26,132,5,"0063",553,100,"final",50,0.7,0.8,"random",538,3,12
25,2026,41,26,132,5,"0063",553,100,"final",50,0.7,0.8,"random",554,2,12
25,2026,41,26,132,5,"0063",553,100,"final",50,0.7,0.8,"random",557,7,12
25,2026,41,26,132,5,"0063",553,100,"final",50,0.7,0.8,"random",564,2,12
25,2026,41,26,132,5,"0063",553,100,"final",50,0.7,0.8,"random",567,10,12
25,2026,41,26,132,5,"0063",553,100,"final",50,0.7,0.8,"random",576,5,12
26,932,19,32,62,4,"0063",553,100,"final",50,0.7,0.8,"random",631,2,12
26,932,19,32,62,4,"0063",553,100,"final",50,0.7,0.8,"random",657,1,12
26,932,19,32,62,4,"0063",553,100,"final",50,0.7,0.8,"random",669,6,12
26,932,19,32,62,4,"0063",553,100,"final",50,0.7,0.8,"random",693,10,12
26,932,19,32,62,4,"0063",553,100,"final",50,0.7,0.8,"random",732,1,12
26,932,19,32,62,4,"0063",553,100,"final",50,0.7,0.8,"random",797,2,12
27,1674,34,24,112,1,"0063",553,100,"final",50,0.7,0.8,"random",NA,NA,12
28,143,3,43,11,1,"0063",553,100,"final",50,0.7,0.8,"random",722,1,12
28,143,3,43,11,1,"0063",553,100,"final",50,0.7,0.8,"random",726,1,12
28,143,3,43,11,1,"0063",553,100,"final",50,0.7,0.8,"random",757,1,12
29,2192,44,42,143,1,"0063",553,100,"final",50,0.7,0.8,"random",696,1,12
29,2192,44,42,143,1,"0063",553,100,"final",50,0.7,0.8,"random",722,1,12
29,2192,44,42,143,1,"0063",553,100,"final",50,0.7,0.8,"random",769,1,12
29,2192,44,42,143,1,"0063",553,100,"final",50,0.7,0.8,"random",851,1,12
30,1979,40,29,125,6,"0063",553,100,"final",50,0.7,0.8,"random",478,2,12
30,1979,40,29,125,6,"0063",553,100,"final",50,0.7,0.8,"random",492,1,12
30,1979,40,29,125,6,"0063",553,100,"final",50,0.7,0.8,"random",501,2,12
30,1979,40,29,125,6,"0063",553,100,"final",50,0.7,0.8,"random",514,3,12
30,1979,40,29,125,6,"0063",553,100,"final",50,0.7,0.8,"random",546,1,12
30,1979,40,29,125,6,"0063",553,100,"final",50,0.7,0.8,"random",547,7,12
30,1979,40,29,125,6,"0063",553,100,"final",50,0.7,0.8,"random",557,11,12
30,1979,40,29,125,6,"0063",553,100,"final",50,0.7,0.8,"random",567,2,12
30,1979,40,29,125,6,"0063",553,100,"final",50,0.7,0.8,"random",576,8,12
