sample_id,cell_id,x_loc,y_loc,patch_id,patch_size,sim_id,master_seed,step,step_label,grid_size,ac_amount,fragmentation,samp_method,species_id,n,replicate_num
1,233,5,33,1,2499,"0066",556,0,"start",50,0.7,NA,"random",18,1,12
1,233,5,33,1,2499,"0066",556,0,"start",50,0.7,NA,"random",25,1,12
1,233,5,33,1,2499,"0066",556,0,"start",50,0.7,NA,"random",27,1,12
1,233,5,33,1,2499,"0066",556,0,"start",50,0.7,NA,"random",32,1,12
1,233,5,33,1,2499,"0066",556,0,"start",50,0.7,NA,"random",39,1,12
1,233,5,33,1,2499,"0066",556,0,"start",50,0.7,NA,"random",142,2,12
2,778,16,28,1,2499,"0066",556,0,"start",50,0.7,NA,"random",179,1,12
3,1647,33,47,1,2499,"0066",556,0,"start",50,0.7,NA,"random",722,1,12
3,1647,33,47,1,2499,"0066",556,0,"start",50,0.7,NA,"random",754,1,12
3,1647,33,47,1,2499,"0066",556,0,"start",50,0.7,NA,"random",796,1,12
3,1647,33,47,1,2499,"0066",556,0,"start",50,0.7,NA,"random",809,1,12
4,1230,25,30,1,2499,"0066",556,0,"start",50,0.7,NA,"random",358,1,12
5,1719,35,19,1,2499,"0066",556,0,"start",50,0.7,NA,"random",NA,NA,12
6,425,9,25,1,2499,"0066",556,0,"start",50,0.7,NA,"random",NA,NA,12
7,520,11,20,1,2499,"0066",556,0,"start",50,0.7,NA,"random",49,1,12
8,1774,36,24,1,2499,"0066",556,0,"start",50,0.7,NA,"random",NA,NA,12
9,978,20,28,1,2499,"0066",556,0,"start",50,0.7,NA,"random",107,1,12
9,978,20,28,1,2499,"0066",556,0,"start",50,0.7,NA,"random",139,1,12
9,978,20,28,1,2499,"0066",556,0,"start",50,0.7,NA,"random",141,1,12
10,322,7,22,1,2499,"0066",556,0,"start",50,0.7,NA,"random",NA,NA,12
11,1060,22,10,1,2499,"0066",556,0,"start",50,0.7,NA,"random",NA,NA,12
12,736,15,36,1,2499,"0066",556,0,"start",50,0.7,NA,"random",61,1,12
13,2471,50,21,1,2499,"0066",556,0,"start",50,0.7,NA,"random",420,1,12
13,2471,50,21,1,2499,"0066",556,0,"start",50,0.7,NA,"random",501,1,12
13,2471,50,21,1,2499,"0066",556,0,"start",50,0.7,NA,"random",558,1,12
14,2026,41,26,1,2499,"0066",556,0,"start",50,0.7,NA,"random",351,1,12
15,883,18,33,1,2499,"0066",556,0,"start",50,0.7,NA,"random",178,1,12
15,883,18,33,1,2499,"0066",556,0,"start",50,0.7,NA,"random",215,1,12
15,883,18,33,1,2499,"0066",556,0,"start",50,0.7,NA,"random",325,1,12
16,1518,31,18,1,2499,"0066",556,0,"start",50,0.7,NA,"random",94,1,12
17,1283,26,33,1,2499,"0066",556,0,"start",50,0.7,NA,"random",341,1,12
18,2146,43,46,1,2499,"0066",556,0,"start",50,0.7,NA,"random",704,1,12
18,2146,43,46,1,2499,"0066",556,0,"start",50,0.7,NA,"random",705,1,12
18,2146,43,46,1,2499,"0066",556,0,"start",50,0.7,NA,"random",718,1,12
18,2146,43,46,1,2499,"0066",556,0,"start",50,0.7,NA,"random",723,1,12
18,2146,43,46,1,2499,"0066",556,0,"start",50,0.7,NA,"random",829,1,12
19,211,5,11,1,2499,"0066",556,0,"start",50,0.7,NA,"random",273,1,12
19,211,5,11,1,2499,"0066",556,0,"start",50,0.7,NA,"random",337,1,12
20,1885,38,35,1,2499,"0066",556,0,"start",50,0.7,NA,"random",592,1,12
20,1885,38,35,1,2499,"0066",556,0,"start",50,0.7,NA,"random",640,1,12
20,1885,38,35,1,2499,"0066",556,0,"start",50,0.7,NA,"random",671,1,12
20,1885,38,35,1,2499,"0066",556,0,"start",50,0.7,NA,"random",673,1,12
21,1437,29,37,1,2499,"0066",556,0,"start",50,0.7,NA,"random",406,1,12
21,1437,29,37,1,2499,"0066",556,0,"start",50,0.7,NA,"random",556,1,12
22,1342,27,42,1,2499,"0066",556,0,"start",50,0.7,NA,"random",322,1,12
22,1342,27,42,1,2499,"0066",556,0,"start",50,0.7,NA,"random",330,1,12
23,652,14,2,1,2499,"0066",556,0,"start",50,0.7,NA,"random",98,1,12
23,652,14,2,1,2499,"0066",556,0,"start",50,0.7,NA,"random",107,1,12
24,2315,47,15,1,2499,"0066",556,0,"start",50,0.7,NA,"random",530,1,12
24,2315,47,15,1,2499,"0066",556,0,"start",50,0.7,NA,"random",583,1,12
25,1190,24,40,1,2499,"0066",556,0,"start",50,0.7,NA,"random",NA,NA,12
26,2221,45,21,1,2499,"0066",556,0,"start",50,0.7,NA,"random",608,1,12
27,1378,28,28,1,2499,"0066",556,0,"start",50,0.7,NA,"random",340,1,12
27,1378,28,28,1,2499,"0066",556,0,"start",50,0.7,NA,"random",370,1,12
28,2203,45,3,1,2499,"0066",556,0,"start",50,0.7,NA,"random",744,1,12
28,2203,45,3,1,2499,"0066",556,0,"start",50,0.7,NA,"random",748,1,12
28,2203,45,3,1,2499,"0066",556,0,"start",50,0.7,NA,"random",779,1,12
28,2203,45,3,1,2499,"0066",556,0,"start",50,0.7,NA,"random",802,1,12
28,2203,45,3,1,2499,"0066",556,0,"start",50,0.7,NA,"random",824,1,12
28,2203,45,3,1,2499,"0066",556,0,"start",50,0.7,NA,"random",828,1,12
28,2203,45,3,1,2499,"0066",556,0,"start",50,0.7,NA,"random",846,1,12
28,2203,45,3,1,2499,"0066",556,0,"start",50,0.7,NA,"random",848,1,12
28,2203,45,3,1,2499,"0066",556,0,"start",50,0.7,NA,"random",859,1,12
29,1801,37,1,1,2499,"0066",556,0,"start",50,0.7,NA,"random",895,1,12
29,1801,37,1,1,2499,"0066",556,0,"start",50,0.7,NA,"random",898,1,12
29,1801,37,1,1,2499,"0066",556,0,"start",50,0.7,NA,"random",934,1,12
29,1801,37,1,1,2499,"0066",556,0,"start",50,0.7,NA,"random",987,1,12
29,1801,37,1,1,2499,"0066",556,0,"start",50,0.7,NA,"random",989,1,12
29,1801,37,1,1,2499,"0066",556,0,"start",50,0.7,NA,"random",994,1,12
30,152,4,2,1,2499,"0066",556,0,"start",50,0.7,NA,"random",394,1,12
30,152,4,2,1,2499,"0066",556,0,"start",50,0.7,NA,"random",576,1,12
1,632,13,32,1,2499,"0066",556,40,"pre_fragmentation",50,0.7,NA,"random",32,1,12
1,632,13,32,1,2499,"0066",556,40,"pre_fragmentation",50,0.7,NA,"random",64,1,12
1,632,13,32,1,2499,"0066",556,40,"pre_fragmentation",50,0.7,NA,"random",67,4,12
1,632,13,32,1,2499,"0066",556,40,"pre_fragmentation",50,0.7,NA,"random",68,1,12
1,632,13,32,1,2499,"0066",556,40,"pre_fragmentation",50,0.7,NA,"random",83,1,12
1,632,13,32,1,2499,"0066",556,40,"pre_fragmentation",50,0.7,NA,"random",87,1,12
1,632,13,32,1,2499,"0066",556,40,"pre_fragmentation",50,0.7,NA,"random",96,1,12
1,632,13,32,1,2499,"0066",556,40,"pre_fragmentation",50,0.7,NA,"random",103,1,12
1,632,13,32,1,2499,"0066",556,40,"pre_fragmentation",50,0.7,NA,"random",105,1,12
1,632,13,32,1,2499,"0066",556,40,"pre_fragmentation",50,0.7,NA,"random",113,2,12
1,632,13,32,1,2499,"0066",556,40,"pre_fragmentation",50,0.7,NA,"random",114,2,12
1,632,13,32,1,2499,"0066",556,40,"pre_fragmentation",50,0.7,NA,"random",120,2,12
1,632,13,32,1,2499,"0066",556,40,"pre_fragmentation",50,0.7,NA,"random",130,1,12
1,632,13,32,1,2499,"0066",556,40,"pre_fragmentation",50,0.7,NA,"random",132,2,12
1,632,13,32,1,2499,"0066",556,40,"pre_fragmentation",50,0.7,NA,"random",136,1,12
1,632,13,32,1,2499,"0066",556,40,"pre_fragmentation",50,0.7,NA,"random",149,1,12
1,632,13,32,1,2499,"0066",556,40,"pre_fragmentation",50,0.7,NA,"random",171,1,12
1,632,13,32,1,2499,"0066",556,40,"pre_fragmentation",50,0.7,NA,"random",175,1,12
1,632,13,32,1,2499,"0066",556,40,"pre_fragmentation",50,0.7,NA,"random",176,1,12
1,632,13,32,1,2499,"0066",556,40,"pre_fragmentation",50,0.7,NA,"random",184,2,12
1,632,13,32,1,2499,"0066",556,40,"pre_fragmentation",50,0.7,NA,"random",188,1,12
1,632,13,32,1,2499,"0066",556,40,"pre_fragmentation",50,0.7,NA,"random",197,1,12
1,632,13,32,1,2499,"0066",556,40,"pre_fragmentation",50,0.7,NA,"random",202,1,12
1,632,13,32,1,2499,"0066",556,40,"pre_fragmentation",50,0.7,NA,"random",203,2,12
1,632,13,32,1,2499,"0066",556,40,"pre_fragmentation",50,0.7,NA,"random",225,1,12
1,632,13,32,1,2499,"0066",556,40,"pre_fragmentation",50,0.7,NA,"random",229,1,12
1,632,13,32,1,2499,"0066",556,40,"pre_fragmentation",50,0.7,NA,"random",242,1,12
1,632,13,32,1,2499,"0066",556,40,"pre_fragmentation",50,0.7,NA,"random",243,1,12
1,632,13,32,1,2499,"0066",556,40,"pre_fragmentation",50,0.7,NA,"random",245,2,12
1,632,13,32,1,2499,"0066",556,40,"pre_fragmentation",50,0.7,NA,"random",307,1,12
2,1149,23,49,1,2499,"0066",556,40,"pre_fragmentation",50,0.7,NA,"random",237,1,12
2,1149,23,49,1,2499,"0066",556,40,"pre_fragmentation",50,0.7,NA,"random",245,1,12
2,1149,23,49,1,2499,"0066",556,40,"pre_fragmentation",50,0.7,NA,"random",248,1,12
2,1149,23,49,1,2499,"0066",556,40,"pre_fragmentation",50,0.7,NA,"random",253,1,12
2,1149,23,49,1,2499,"0066",556,40,"pre_fragmentation",50,0.7,NA,"random",259,1,12
2,1149,23,49,1,2499,"0066",556,40,"pre_fragmentation",50,0.7,NA,"random",270,1,12
2,1149,23,49,1,2499,"0066",556,40,"pre_fragmentation",50,0.7,NA,"random",283,1,12
2,1149,23,49,1,2499,"0066",556,40,"pre_fragmentation",50,0.7,NA,"random",289,2,12
2,1149,23,49,1,2499,"0066",556,40,"pre_fragmentation",50,0.7,NA,"random",302,1,12
2,1149,23,49,1,2499,"0066",556,40,"pre_fragmentation",50,0.7,NA,"random",306,1,12
2,1149,23,49,1,2499,"0066",556,40,"pre_fragmentation",50,0.7,NA,"random",307,3,12
2,1149,23,49,1,2499,"0066",556,40,"pre_fragmentation",50,0.7,NA,"random",308,1,12
2,1149,23,49,1,2499,"0066",556,40,"pre_fragmentation",50,0.7,NA,"random",320,1,12
2,1149,23,49,1,2499,"0066",556,40,"pre_fragmentation",50,0.7,NA,"random",326,3,12
2,1149,23,49,1,2499,"0066",556,40,"pre_fragmentation",50,0.7,NA,"random",330,1,12
2,1149,23,49,1,2499,"0066",556,40,"pre_fragmentation",50,0.7,NA,"random",351,2,12
2,1149,23,49,1,2499,"0066",556,40,"pre_fragmentation",50,0.7,NA,"random",353,1,12
2,1149,23,49,1,2499,"0066",556,40,"pre_fragmentation",50,0.7,NA,"random",356,1,12
2,1149,23,49,1,2499,"0066",556,40,"pre_fragmentation",50,0.7,NA,"random",360,3,12
2,1149,23,49,1,2499,"0066",556,40,"pre_fragmentation",50,0.7,NA,"random",366,1,12
2,1149,23,49,1,2499,"0066",556,40,"pre_fragmentation",50,0.7,NA,"random",382,1,12
2,1149,23,49,1,2499,"0066",556,40,"pre_fragmentation",50,0.7,NA,"random",399,1,12
2,1149,23,49,1,2499,"0066",556,40,"pre_fragmentation",50,0.7,NA,"random",408,2,12
2,1149,23,49,1,2499,"0066",556,40,"pre_fragmentation",50,0.7,NA,"random",430,1,12
2,1149,23,49,1,2499,"0066",556,40,"pre_fragmentation",50,0.7,NA,"random",433,1,12
2,1149,23,49,1,2499,"0066",556,40,"pre_fragmentation",50,0.7,NA,"random",461,2,12
2,1149,23,49,1,2499,"0066",556,40,"pre_fragmentation",50,0.7,NA,"random",469,1,12
3,1947,39,47,1,2499,"0066",556,40,"pre_fragmentation",50,0.7,NA,"random",740,1,12
3,1947,39,47,1,2499,"0066",556,40,"pre_fragmentation",50,0.7,NA,"random",753,1,12
3,1947,39,47,1,2499,"0066",556,40,"pre_fragmentation",50,0.7,NA,"random",842,1,12
3,1947,39,47,1,2499,"0066",556,40,"pre_fragmentation",50,0.7,NA,"random",850,1,12
3,1947,39,47,1,2499,"0066",556,40,"pre_fragmentation",50,0.7,NA,"random",854,1,12
3,1947,39,47,1,2499,"0066",556,40,"pre_fragmentation",50,0.7,NA,"random",864,1,12
3,1947,39,47,1,2499,"0066",556,40,"pre_fragmentation",50,0.7,NA,"random",867,1,12
3,1947,39,47,1,2499,"0066",556,40,"pre_fragmentation",50,0.7,NA,"random",877,1,12
3,1947,39,47,1,2499,"0066",556,40,"pre_fragmentation",50,0.7,NA,"random",887,2,12
3,1947,39,47,1,2499,"0066",556,40,"pre_fragmentation",50,0.7,NA,"random",900,1,12
3,1947,39,47,1,2499,"0066",556,40,"pre_fragmentation",50,0.7,NA,"random",911,1,12
3,1947,39,47,1,2499,"0066",556,40,"pre_fragmentation",50,0.7,NA,"random",912,3,12
3,1947,39,47,1,2499,"0066",556,40,"pre_fragmentation",50,0.7,NA,"random",914,1,12
3,1947,39,47,1,2499,"0066",556,40,"pre_fragmentation",50,0.7,NA,"random",915,2,12
3,1947,39,47,1,2499,"0066",556,40,"pre_fragmentation",50,0.7,NA,"random",918,2,12
3,1947,39,47,1,2499,"0066",556,40,"pre_fragmentation",50,0.7,NA,"random",927,1,12
3,1947,39,47,1,2499,"0066",556,40,"pre_fragmentation",50,0.7,NA,"random",928,1,12
3,1947,39,47,1,2499,"0066",556,40,"pre_fragmentation",50,0.7,NA,"random",931,1,12
3,1947,39,47,1,2499,"0066",556,40,"pre_fragmentation",50,0.7,NA,"random",933,3,12
3,1947,39,47,1,2499,"0066",556,40,"pre_fragmentation",50,0.7,NA,"random",939,1,12
3,1947,39,47,1,2499,"0066",556,40,"pre_fragmentation",50,0.7,NA,"random",940,2,12
3,1947,39,47,1,2499,"0066",556,40,"pre_fragmentation",50,0.7,NA,"random",944,5,12
3,1947,39,47,1,2499,"0066",556,40,"pre_fragmentation",50,0.7,NA,"random",946,1,12
3,1947,39,47,1,2499,"0066",556,40,"pre_fragmentation",50,0.7,NA,"random",948,1,12
3,1947,39,47,1,2499,"0066",556,40,"pre_fragmentation",50,0.7,NA,"random",958,1,12
3,1947,39,47,1,2499,"0066",556,40,"pre_fragmentation",50,0.7,NA,"random",970,1,12
4,1823,37,23,1,2499,"0066",556,40,"pre_fragmentation",50,0.7,NA,"random",223,1,12
4,1823,37,23,1,2499,"0066",556,40,"pre_fragmentation",50,0.7,NA,"random",240,1,12
4,1823,37,23,1,2499,"0066",556,40,"pre_fragmentation",50,0.7,NA,"random",262,1,12
4,1823,37,23,1,2499,"0066",556,40,"pre_fragmentation",50,0.7,NA,"random",265,2,12
4,1823,37,23,1,2499,"0066",556,40,"pre_fragmentation",50,0.7,NA,"random",274,1,12
4,1823,37,23,1,2499,"0066",556,40,"pre_fragmentation",50,0.7,NA,"random",289,1,12
4,1823,37,23,1,2499,"0066",556,40,"pre_fragmentation",50,0.7,NA,"random",299,1,12
4,1823,37,23,1,2499,"0066",556,40,"pre_fragmentation",50,0.7,NA,"random",301,1,12
4,1823,37,23,1,2499,"0066",556,40,"pre_fragmentation",50,0.7,NA,"random",304,7,12
4,1823,37,23,1,2499,"0066",556,40,"pre_fragmentation",50,0.7,NA,"random",318,1,12
4,1823,37,23,1,2499,"0066",556,40,"pre_fragmentation",50,0.7,NA,"random",331,1,12
4,1823,37,23,1,2499,"0066",556,40,"pre_fragmentation",50,0.7,NA,"random",351,1,12
4,1823,37,23,1,2499,"0066",556,40,"pre_fragmentation",50,0.7,NA,"random",356,3,12
4,1823,37,23,1,2499,"0066",556,40,"pre_fragmentation",50,0.7,NA,"random",360,1,12
4,1823,37,23,1,2499,"0066",556,40,"pre_fragmentation",50,0.7,NA,"random",364,1,12
4,1823,37,23,1,2499,"0066",556,40,"pre_fragmentation",50,0.7,NA,"random",378,1,12
4,1823,37,23,1,2499,"0066",556,40,"pre_fragmentation",50,0.7,NA,"random",380,1,12
4,1823,37,23,1,2499,"0066",556,40,"pre_fragmentation",50,0.7,NA,"random",389,1,12
4,1823,37,23,1,2499,"0066",556,40,"pre_fragmentation",50,0.7,NA,"random",392,1,12
4,1823,37,23,1,2499,"0066",556,40,"pre_fragmentation",50,0.7,NA,"random",401,1,12
4,1823,37,23,1,2499,"0066",556,40,"pre_fragmentation",50,0.7,NA,"random",402,1,12
4,1823,37,23,1,2499,"0066",556,40,"pre_fragmentation",50,0.7,NA,"random",413,2,12
4,1823,37,23,1,2499,"0066",556,40,"pre_fragmentation",50,0.7,NA,"random",414,1,12
4,1823,37,23,1,2499,"0066",556,40,"pre_fragmentation",50,0.7,NA,"random",420,1,12
4,1823,37,23,1,2499,"0066",556,40,"pre_fragmentation",50,0.7,NA,"random",438,1,12
4,1823,37,23,1,2499,"0066",556,40,"pre_fragmentation",50,0.7,NA,"random",444,2,12
4,1823,37,23,1,2499,"0066",556,40,"pre_fragmentation",50,0.7,NA,"random",482,1,12
5,1589,32,39,1,2499,"0066",556,40,"pre_fragmentation",50,0.7,NA,"random",410,1,12
5,1589,32,39,1,2499,"0066",556,40,"pre_fragmentation",50,0.7,NA,"random",411,1,12
5,1589,32,39,1,2499,"0066",556,40,"pre_fragmentation",50,0.7,NA,"random",459,1,12
5,1589,32,39,1,2499,"0066",556,40,"pre_fragmentation",50,0.7,NA,"random",482,2,12
5,1589,32,39,1,2499,"0066",556,40,"pre_fragmentation",50,0.7,NA,"random",515,1,12
5,1589,32,39,1,2499,"0066",556,40,"pre_fragmentation",50,0.7,NA,"random",531,1,12
5,1589,32,39,1,2499,"0066",556,40,"pre_fragmentation",50,0.7,NA,"random",548,3,12
5,1589,32,39,1,2499,"0066",556,40,"pre_fragmentation",50,0.7,NA,"random",562,1,12
5,1589,32,39,1,2499,"0066",556,40,"pre_fragmentation",50,0.7,NA,"random",563,1,12
5,1589,32,39,1,2499,"0066",556,40,"pre_fragmentation",50,0.7,NA,"random",574,1,12
5,1589,32,39,1,2499,"0066",556,40,"pre_fragmentation",50,0.7,NA,"random",576,1,12
5,1589,32,39,1,2499,"0066",556,40,"pre_fragmentation",50,0.7,NA,"random",584,6,12
5,1589,32,39,1,2499,"0066",556,40,"pre_fragmentation",50,0.7,NA,"random",590,1,12
5,1589,32,39,1,2499,"0066",556,40,"pre_fragmentation",50,0.7,NA,"random",597,1,12
5,1589,32,39,1,2499,"0066",556,40,"pre_fragmentation",50,0.7,NA,"random",601,1,12
5,1589,32,39,1,2499,"0066",556,40,"pre_fragmentation",50,0.7,NA,"random",606,2,12
5,1589,32,39,1,2499,"0066",556,40,"pre_fragmentation",50,0.7,NA,"random",628,2,12
5,1589,32,39,1,2499,"0066",556,40,"pre_fragmentation",50,0.7,NA,"random",637,1,12
5,1589,32,39,1,2499,"0066",556,40,"pre_fragmentation",50,0.7,NA,"random",640,1,12
5,1589,32,39,1,2499,"0066",556,40,"pre_fragmentation",50,0.7,NA,"random",644,3,12
5,1589,32,39,1,2499,"0066",556,40,"pre_fragmentation",50,0.7,NA,"random",682,1,12
5,1589,32,39,1,2499,"0066",556,40,"pre_fragmentation",50,0.7,NA,"random",694,1,12
5,1589,32,39,1,2499,"0066",556,40,"pre_fragmentation",50,0.7,NA,"random",754,1,12
6,1611,33,11,1,2499,"0066",556,40,"pre_fragmentation",50,0.7,NA,"random",318,2,12
6,1611,33,11,1,2499,"0066",556,40,"pre_fragmentation",50,0.7,NA,"random",356,1,12
6,1611,33,11,1,2499,"0066",556,40,"pre_fragmentation",50,0.7,NA,"random",380,1,12
6,1611,33,11,1,2499,"0066",556,40,"pre_fragmentation",50,0.7,NA,"random",385,1,12
6,1611,33,11,1,2499,"0066",556,40,"pre_fragmentation",50,0.7,NA,"random",399,2,12
6,1611,33,11,1,2499,"0066",556,40,"pre_fragmentation",50,0.7,NA,"random",425,1,12
6,1611,33,11,1,2499,"0066",556,40,"pre_fragmentation",50,0.7,NA,"random",431,1,12
6,1611,33,11,1,2499,"0066",556,40,"pre_fragmentation",50,0.7,NA,"random",433,1,12
6,1611,33,11,1,2499,"0066",556,40,"pre_fragmentation",50,0.7,NA,"random",437,1,12
6,1611,33,11,1,2499,"0066",556,40,"pre_fragmentation",50,0.7,NA,"random",439,1,12
6,1611,33,11,1,2499,"0066",556,40,"pre_fragmentation",50,0.7,NA,"random",444,1,12
6,1611,33,11,1,2499,"0066",556,40,"pre_fragmentation",50,0.7,NA,"random",448,4,12
6,1611,33,11,1,2499,"0066",556,40,"pre_fragmentation",50,0.7,NA,"random",454,1,12
6,1611,33,11,1,2499,"0066",556,40,"pre_fragmentation",50,0.7,NA,"random",480,3,12
6,1611,33,11,1,2499,"0066",556,40,"pre_fragmentation",50,0.7,NA,"random",483,4,12
6,1611,33,11,1,2499,"0066",556,40,"pre_fragmentation",50,0.7,NA,"random",486,1,12
6,1611,33,11,1,2499,"0066",556,40,"pre_fragmentation",50,0.7,NA,"random",512,1,12
6,1611,33,11,1,2499,"0066",556,40,"pre_fragmentation",50,0.7,NA,"random",518,1,12
6,1611,33,11,1,2499,"0066",556,40,"pre_fragmentation",50,0.7,NA,"random",530,1,12
6,1611,33,11,1,2499,"0066",556,40,"pre_fragmentation",50,0.7,NA,"random",531,1,12
6,1611,33,11,1,2499,"0066",556,40,"pre_fragmentation",50,0.7,NA,"random",533,2,12
6,1611,33,11,1,2499,"0066",556,40,"pre_fragmentation",50,0.7,NA,"random",538,1,12
6,1611,33,11,1,2499,"0066",556,40,"pre_fragmentation",50,0.7,NA,"random",558,2,12
6,1611,33,11,1,2499,"0066",556,40,"pre_fragmentation",50,0.7,NA,"random",573,1,12
6,1611,33,11,1,2499,"0066",556,40,"pre_fragmentation",50,0.7,NA,"random",603,1,12
6,1611,33,11,1,2499,"0066",556,40,"pre_fragmentation",50,0.7,NA,"random",644,1,12
7,1956,40,6,1,2499,"0066",556,40,"pre_fragmentation",50,0.7,NA,"random",618,1,12
7,1956,40,6,1,2499,"0066",556,40,"pre_fragmentation",50,0.7,NA,"random",762,1,12
7,1956,40,6,1,2499,"0066",556,40,"pre_fragmentation",50,0.7,NA,"random",776,1,12
7,1956,40,6,1,2499,"0066",556,40,"pre_fragmentation",50,0.7,NA,"random",794,1,12
7,1956,40,6,1,2499,"0066",556,40,"pre_fragmentation",50,0.7,NA,"random",801,2,12
7,1956,40,6,1,2499,"0066",556,40,"pre_fragmentation",50,0.7,NA,"random",810,1,12
7,1956,40,6,1,2499,"0066",556,40,"pre_fragmentation",50,0.7,NA,"random",850,1,12
7,1956,40,6,1,2499,"0066",556,40,"pre_fragmentation",50,0.7,NA,"random",853,1,12
7,1956,40,6,1,2499,"0066",556,40,"pre_fragmentation",50,0.7,NA,"random",856,1,12
7,1956,40,6,1,2499,"0066",556,40,"pre_fragmentation",50,0.7,NA,"random",861,4,12
7,1956,40,6,1,2499,"0066",556,40,"pre_fragmentation",50,0.7,NA,"random",867,1,12
7,1956,40,6,1,2499,"0066",556,40,"pre_fragmentation",50,0.7,NA,"random",868,1,12
7,1956,40,6,1,2499,"0066",556,40,"pre_fragmentation",50,0.7,NA,"random",871,1,12
7,1956,40,6,1,2499,"0066",556,40,"pre_fragmentation",50,0.7,NA,"random",890,2,12
7,1956,40,6,1,2499,"0066",556,40,"pre_fragmentation",50,0.7,NA,"random",898,1,12
7,1956,40,6,1,2499,"0066",556,40,"pre_fragmentation",50,0.7,NA,"random",912,1,12
7,1956,40,6,1,2499,"0066",556,40,"pre_fragmentation",50,0.7,NA,"random",918,4,12
7,1956,40,6,1,2499,"0066",556,40,"pre_fragmentation",50,0.7,NA,"random",923,3,12
7,1956,40,6,1,2499,"0066",556,40,"pre_fragmentation",50,0.7,NA,"random",927,4,12
7,1956,40,6,1,2499,"0066",556,40,"pre_fragmentation",50,0.7,NA,"random",933,1,12
7,1956,40,6,1,2499,"0066",556,40,"pre_fragmentation",50,0.7,NA,"random",939,1,12
7,1956,40,6,1,2499,"0066",556,40,"pre_fragmentation",50,0.7,NA,"random",952,1,12
7,1956,40,6,1,2499,"0066",556,40,"pre_fragmentation",50,0.7,NA,"random",968,1,12
8,1898,38,48,1,2499,"0066",556,40,"pre_fragmentation",50,0.7,NA,"random",796,1,12
8,1898,38,48,1,2499,"0066",556,40,"pre_fragmentation",50,0.7,NA,"random",833,1,12
8,1898,38,48,1,2499,"0066",556,40,"pre_fragmentation",50,0.7,NA,"random",834,1,12
8,1898,38,48,1,2499,"0066",556,40,"pre_fragmentation",50,0.7,NA,"random",842,1,12
8,1898,38,48,1,2499,"0066",556,40,"pre_fragmentation",50,0.7,NA,"random",858,1,12
8,1898,38,48,1,2499,"0066",556,40,"pre_fragmentation",50,0.7,NA,"random",868,1,12
8,1898,38,48,1,2499,"0066",556,40,"pre_fragmentation",50,0.7,NA,"random",869,2,12
8,1898,38,48,1,2499,"0066",556,40,"pre_fragmentation",50,0.7,NA,"random",880,2,12
8,1898,38,48,1,2499,"0066",556,40,"pre_fragmentation",50,0.7,NA,"random",881,1,12
8,1898,38,48,1,2499,"0066",556,40,"pre_fragmentation",50,0.7,NA,"random",883,1,12
8,1898,38,48,1,2499,"0066",556,40,"pre_fragmentation",50,0.7,NA,"random",886,1,12
8,1898,38,48,1,2499,"0066",556,40,"pre_fragmentation",50,0.7,NA,"random",893,1,12
8,1898,38,48,1,2499,"0066",556,40,"pre_fragmentation",50,0.7,NA,"random",895,1,12
8,1898,38,48,1,2499,"0066",556,40,"pre_fragmentation",50,0.7,NA,"random",898,1,12
8,1898,38,48,1,2499,"0066",556,40,"pre_fragmentation",50,0.7,NA,"random",902,1,12
8,1898,38,48,1,2499,"0066",556,40,"pre_fragmentation",50,0.7,NA,"random",912,1,12
8,1898,38,48,1,2499,"0066",556,40,"pre_fragmentation",50,0.7,NA,"random",913,3,12
8,1898,38,48,1,2499,"0066",556,40,"pre_fragmentation",50,0.7,NA,"random",918,1,12
8,1898,38,48,1,2499,"0066",556,40,"pre_fragmentation",50,0.7,NA,"random",920,2,12
8,1898,38,48,1,2499,"0066",556,40,"pre_fragmentation",50,0.7,NA,"random",922,1,12
8,1898,38,48,1,2499,"0066",556,40,"pre_fragmentation",50,0.7,NA,"random",924,1,12
8,1898,38,48,1,2499,"0066",556,40,"pre_fragmentation",50,0.7,NA,"random",927,1,12
8,1898,38,48,1,2499,"0066",556,40,"pre_fragmentation",50,0.7,NA,"random",931,2,12
8,1898,38,48,1,2499,"0066",556,40,"pre_fragmentation",50,0.7,NA,"random",933,1,12
8,1898,38,48,1,2499,"0066",556,40,"pre_fragmentation",50,0.7,NA,"random",938,2,12
8,1898,38,48,1,2499,"0066",556,40,"pre_fragmentation",50,0.7,NA,"random",939,2,12
8,1898,38,48,1,2499,"0066",556,40,"pre_fragmentation",50,0.7,NA,"random",942,2,12
8,1898,38,48,1,2499,"0066",556,40,"pre_fragmentation",50,0.7,NA,"random",943,1,12
8,1898,38,48,1,2499,"0066",556,40,"pre_fragmentation",50,0.7,NA,"random",944,1,12
8,1898,38,48,1,2499,"0066",556,40,"pre_fragmentation",50,0.7,NA,"random",950,1,12
8,1898,38,48,1,2499,"0066",556,40,"pre_fragmentation",50,0.7,NA,"random",967,2,12
8,1898,38,48,1,2499,"0066",556,40,"pre_fragmentation",50,0.7,NA,"random",981,1,12
8,1898,38,48,1,2499,"0066",556,40,"pre_fragmentation",50,0.7,NA,"random",984,1,12
9,1824,37,24,1,2499,"0066",556,40,"pre_fragmentation",50,0.7,NA,"random",169,1,12
9,1824,37,24,1,2499,"0066",556,40,"pre_fragmentation",50,0.7,NA,"random",215,1,12
9,1824,37,24,1,2499,"0066",556,40,"pre_fragmentation",50,0.7,NA,"random",223,1,12
9,1824,37,24,1,2499,"0066",556,40,"pre_fragmentation",50,0.7,NA,"random",226,1,12
9,1824,37,24,1,2499,"0066",556,40,"pre_fragmentation",50,0.7,NA,"random",262,4,12
9,1824,37,24,1,2499,"0066",556,40,"pre_fragmentation",50,0.7,NA,"random",265,3,12
9,1824,37,24,1,2499,"0066",556,40,"pre_fragmentation",50,0.7,NA,"random",274,2,12
9,1824,37,24,1,2499,"0066",556,40,"pre_fragmentation",50,0.7,NA,"random",298,1,12
9,1824,37,24,1,2499,"0066",556,40,"pre_fragmentation",50,0.7,NA,"random",304,1,12
9,1824,37,24,1,2499,"0066",556,40,"pre_fragmentation",50,0.7,NA,"random",311,2,12
9,1824,37,24,1,2499,"0066",556,40,"pre_fragmentation",50,0.7,NA,"random",318,1,12
9,1824,37,24,1,2499,"0066",556,40,"pre_fragmentation",50,0.7,NA,"random",339,1,12
9,1824,37,24,1,2499,"0066",556,40,"pre_fragmentation",50,0.7,NA,"random",351,1,12
9,1824,37,24,1,2499,"0066",556,40,"pre_fragmentation",50,0.7,NA,"random",355,2,12
9,1824,37,24,1,2499,"0066",556,40,"pre_fragmentation",50,0.7,NA,"random",356,4,12
9,1824,37,24,1,2499,"0066",556,40,"pre_fragmentation",50,0.7,NA,"random",363,1,12
9,1824,37,24,1,2499,"0066",556,40,"pre_fragmentation",50,0.7,NA,"random",364,1,12
9,1824,37,24,1,2499,"0066",556,40,"pre_fragmentation",50,0.7,NA,"random",370,2,12
9,1824,37,24,1,2499,"0066",556,40,"pre_fragmentation",50,0.7,NA,"random",380,1,12
9,1824,37,24,1,2499,"0066",556,40,"pre_fragmentation",50,0.7,NA,"random",389,2,12
9,1824,37,24,1,2499,"0066",556,40,"pre_fragmentation",50,0.7,NA,"random",401,1,12
9,1824,37,24,1,2499,"0066",556,40,"pre_fragmentation",50,0.7,NA,"random",416,1,12
9,1824,37,24,1,2499,"0066",556,40,"pre_fragmentation",50,0.7,NA,"random",424,3,12
10,934,19,34,1,2499,"0066",556,40,"pre_fragmentation",50,0.7,NA,"random",176,1,12
10,934,19,34,1,2499,"0066",556,40,"pre_fragmentation",50,0.7,NA,"random",179,1,12
10,934,19,34,1,2499,"0066",556,40,"pre_fragmentation",50,0.7,NA,"random",186,3,12
10,934,19,34,1,2499,"0066",556,40,"pre_fragmentation",50,0.7,NA,"random",200,1,12
10,934,19,34,1,2499,"0066",556,40,"pre_fragmentation",50,0.7,NA,"random",215,1,12
10,934,19,34,1,2499,"0066",556,40,"pre_fragmentation",50,0.7,NA,"random",219,2,12
10,934,19,34,1,2499,"0066",556,40,"pre_fragmentation",50,0.7,NA,"random",221,1,12
10,934,19,34,1,2499,"0066",556,40,"pre_fragmentation",50,0.7,NA,"random",225,1,12
10,934,19,34,1,2499,"0066",556,40,"pre_fragmentation",50,0.7,NA,"random",226,2,12
10,934,19,34,1,2499,"0066",556,40,"pre_fragmentation",50,0.7,NA,"random",229,1,12
10,934,19,34,1,2499,"0066",556,40,"pre_fragmentation",50,0.7,NA,"random",231,6,12
10,934,19,34,1,2499,"0066",556,40,"pre_fragmentation",50,0.7,NA,"random",232,3,12
10,934,19,34,1,2499,"0066",556,40,"pre_fragmentation",50,0.7,NA,"random",245,2,12
10,934,19,34,1,2499,"0066",556,40,"pre_fragmentation",50,0.7,NA,"random",246,1,12
10,934,19,34,1,2499,"0066",556,40,"pre_fragmentation",50,0.7,NA,"random",261,1,12
10,934,19,34,1,2499,"0066",556,40,"pre_fragmentation",50,0.7,NA,"random",263,1,12
10,934,19,34,1,2499,"0066",556,40,"pre_fragmentation",50,0.7,NA,"random",268,1,12
10,934,19,34,1,2499,"0066",556,40,"pre_fragmentation",50,0.7,NA,"random",269,2,12
10,934,19,34,1,2499,"0066",556,40,"pre_fragmentation",50,0.7,NA,"random",275,1,12
10,934,19,34,1,2499,"0066",556,40,"pre_fragmentation",50,0.7,NA,"random",285,1,12
10,934,19,34,1,2499,"0066",556,40,"pre_fragmentation",50,0.7,NA,"random",293,1,12
11,1908,39,8,1,2499,"0066",556,40,"pre_fragmentation",50,0.7,NA,"random",570,1,12
11,1908,39,8,1,2499,"0066",556,40,"pre_fragmentation",50,0.7,NA,"random",618,1,12
11,1908,39,8,1,2499,"0066",556,40,"pre_fragmentation",50,0.7,NA,"random",680,1,12
11,1908,39,8,1,2499,"0066",556,40,"pre_fragmentation",50,0.7,NA,"random",687,2,12
11,1908,39,8,1,2499,"0066",556,40,"pre_fragmentation",50,0.7,NA,"random",705,1,12
11,1908,39,8,1,2499,"0066",556,40,"pre_fragmentation",50,0.7,NA,"random",716,1,12
11,1908,39,8,1,2499,"0066",556,40,"pre_fragmentation",50,0.7,NA,"random",725,4,12
11,1908,39,8,1,2499,"0066",556,40,"pre_fragmentation",50,0.7,NA,"random",726,1,12
11,1908,39,8,1,2499,"0066",556,40,"pre_fragmentation",50,0.7,NA,"random",733,1,12
11,1908,39,8,1,2499,"0066",556,40,"pre_fragmentation",50,0.7,NA,"random",746,2,12
11,1908,39,8,1,2499,"0066",556,40,"pre_fragmentation",50,0.7,NA,"random",747,1,12
11,1908,39,8,1,2499,"0066",556,40,"pre_fragmentation",50,0.7,NA,"random",755,1,12
11,1908,39,8,1,2499,"0066",556,40,"pre_fragmentation",50,0.7,NA,"random",757,2,12
11,1908,39,8,1,2499,"0066",556,40,"pre_fragmentation",50,0.7,NA,"random",759,2,12
11,1908,39,8,1,2499,"0066",556,40,"pre_fragmentation",50,0.7,NA,"random",766,1,12
11,1908,39,8,1,2499,"0066",556,40,"pre_fragmentation",50,0.7,NA,"random",775,4,12
11,1908,39,8,1,2499,"0066",556,40,"pre_fragmentation",50,0.7,NA,"random",776,2,12
11,1908,39,8,1,2499,"0066",556,40,"pre_fragmentation",50,0.7,NA,"random",781,1,12
11,1908,39,8,1,2499,"0066",556,40,"pre_fragmentation",50,0.7,NA,"random",790,1,12
11,1908,39,8,1,2499,"0066",556,40,"pre_fragmentation",50,0.7,NA,"random",793,1,12
11,1908,39,8,1,2499,"0066",556,40,"pre_fragmentation",50,0.7,NA,"random",798,1,12
11,1908,39,8,1,2499,"0066",556,40,"pre_fragmentation",50,0.7,NA,"random",849,2,12
11,1908,39,8,1,2499,"0066",556,40,"pre_fragmentation",50,0.7,NA,"random",850,1,12
11,1908,39,8,1,2499,"0066",556,40,"pre_fragmentation",50,0.7,NA,"random",857,2,12
11,1908,39,8,1,2499,"0066",556,40,"pre_fragmentation",50,0.7,NA,"random",860,1,12
11,1908,39,8,1,2499,"0066",556,40,"pre_fragmentation",50,0.7,NA,"random",875,1,12
12,2071,42,21,1,2499,"0066",556,40,"pre_fragmentation",50,0.7,NA,"random",356,2,12
12,2071,42,21,1,2499,"0066",556,40,"pre_fragmentation",50,0.7,NA,"random",364,2,12
12,2071,42,21,1,2499,"0066",556,40,"pre_fragmentation",50,0.7,NA,"random",377,1,12
12,2071,42,21,1,2499,"0066",556,40,"pre_fragmentation",50,0.7,NA,"random",380,1,12
12,2071,42,21,1,2499,"0066",556,40,"pre_fragmentation",50,0.7,NA,"random",412,1,12
12,2071,42,21,1,2499,"0066",556,40,"pre_fragmentation",50,0.7,NA,"random",430,1,12
12,2071,42,21,1,2499,"0066",556,40,"pre_fragmentation",50,0.7,NA,"random",431,3,12
12,2071,42,21,1,2499,"0066",556,40,"pre_fragmentation",50,0.7,NA,"random",432,2,12
12,2071,42,21,1,2499,"0066",556,40,"pre_fragmentation",50,0.7,NA,"random",433,2,12
12,2071,42,21,1,2499,"0066",556,40,"pre_fragmentation",50,0.7,NA,"random",434,1,12
12,2071,42,21,1,2499,"0066",556,40,"pre_fragmentation",50,0.7,NA,"random",436,1,12
12,2071,42,21,1,2499,"0066",556,40,"pre_fragmentation",50,0.7,NA,"random",444,2,12
12,2071,42,21,1,2499,"0066",556,40,"pre_fragmentation",50,0.7,NA,"random",446,2,12
12,2071,42,21,1,2499,"0066",556,40,"pre_fragmentation",50,0.7,NA,"random",449,1,12
12,2071,42,21,1,2499,"0066",556,40,"pre_fragmentation",50,0.7,NA,"random",450,1,12
12,2071,42,21,1,2499,"0066",556,40,"pre_fragmentation",50,0.7,NA,"random",467,3,12
12,2071,42,21,1,2499,"0066",556,40,"pre_fragmentation",50,0.7,NA,"random",472,1,12
12,2071,42,21,1,2499,"0066",556,40,"pre_fragmentation",50,0.7,NA,"random",480,1,12
12,2071,42,21,1,2499,"0066",556,40,"pre_fragmentation",50,0.7,NA,"random",492,1,12
12,2071,42,21,1,2499,"0066",556,40,"pre_fragmentation",50,0.7,NA,"random",493,1,12
12,2071,42,21,1,2499,"0066",556,40,"pre_fragmentation",50,0.7,NA,"random",497,1,12
12,2071,42,21,1,2499,"0066",556,40,"pre_fragmentation",50,0.7,NA,"random",502,1,12
12,2071,42,21,1,2499,"0066",556,40,"pre_fragmentation",50,0.7,NA,"random",511,1,12
12,2071,42,21,1,2499,"0066",556,40,"pre_fragmentation",50,0.7,NA,"random",516,2,12
12,2071,42,21,1,2499,"0066",556,40,"pre_fragmentation",50,0.7,NA,"random",520,1,12
12,2071,42,21,1,2499,"0066",556,40,"pre_fragmentation",50,0.7,NA,"random",532,1,12
12,2071,42,21,1,2499,"0066",556,40,"pre_fragmentation",50,0.7,NA,"random",535,2,12
12,2071,42,21,1,2499,"0066",556,40,"pre_fragmentation",50,0.7,NA,"random",538,1,12
12,2071,42,21,1,2499,"0066",556,40,"pre_fragmentation",50,0.7,NA,"random",547,1,12
13,1098,22,48,1,2499,"0066",556,40,"pre_fragmentation",50,0.7,NA,"random",168,1,12
13,1098,22,48,1,2499,"0066",556,40,"pre_fragmentation",50,0.7,NA,"random",220,2,12
13,1098,22,48,1,2499,"0066",556,40,"pre_fragmentation",50,0.7,NA,"random",237,1,12
13,1098,22,48,1,2499,"0066",556,40,"pre_fragmentation",50,0.7,NA,"random",270,1,12
13,1098,22,48,1,2499,"0066",556,40,"pre_fragmentation",50,0.7,NA,"random",271,1,12
13,1098,22,48,1,2499,"0066",556,40,"pre_fragmentation",50,0.7,NA,"random",272,1,12
13,1098,22,48,1,2499,"0066",556,40,"pre_fragmentation",50,0.7,NA,"random",285,1,12
13,1098,22,48,1,2499,"0066",556,40,"pre_fragmentation",50,0.7,NA,"random",289,1,12
13,1098,22,48,1,2499,"0066",556,40,"pre_fragmentation",50,0.7,NA,"random",300,1,12
13,1098,22,48,1,2499,"0066",556,40,"pre_fragmentation",50,0.7,NA,"random",302,2,12
13,1098,22,48,1,2499,"0066",556,40,"pre_fragmentation",50,0.7,NA,"random",306,2,12
13,1098,22,48,1,2499,"0066",556,40,"pre_fragmentation",50,0.7,NA,"random",307,1,12
13,1098,22,48,1,2499,"0066",556,40,"pre_fragmentation",50,0.7,NA,"random",308,2,12
13,1098,22,48,1,2499,"0066",556,40,"pre_fragmentation",50,0.7,NA,"random",314,2,12
13,1098,22,48,1,2499,"0066",556,40,"pre_fragmentation",50,0.7,NA,"random",320,1,12
13,1098,22,48,1,2499,"0066",556,40,"pre_fragmentation",50,0.7,NA,"random",331,3,12
13,1098,22,48,1,2499,"0066",556,40,"pre_fragmentation",50,0.7,NA,"random",350,1,12
13,1098,22,48,1,2499,"0066",556,40,"pre_fragmentation",50,0.7,NA,"random",357,1,12
13,1098,22,48,1,2499,"0066",556,40,"pre_fragmentation",50,0.7,NA,"random",358,3,12
13,1098,22,48,1,2499,"0066",556,40,"pre_fragmentation",50,0.7,NA,"random",360,2,12
13,1098,22,48,1,2499,"0066",556,40,"pre_fragmentation",50,0.7,NA,"random",375,1,12
13,1098,22,48,1,2499,"0066",556,40,"pre_fragmentation",50,0.7,NA,"random",378,1,12
13,1098,22,48,1,2499,"0066",556,40,"pre_fragmentation",50,0.7,NA,"random",430,1,12
14,1546,31,46,1,2499,"0066",556,40,"pre_fragmentation",50,0.7,NA,"random",411,1,12
14,1546,31,46,1,2499,"0066",556,40,"pre_fragmentation",50,0.7,NA,"random",443,1,12
14,1546,31,46,1,2499,"0066",556,40,"pre_fragmentation",50,0.7,NA,"random",466,2,12
14,1546,31,46,1,2499,"0066",556,40,"pre_fragmentation",50,0.7,NA,"random",469,2,12
14,1546,31,46,1,2499,"0066",556,40,"pre_fragmentation",50,0.7,NA,"random",481,1,12
14,1546,31,46,1,2499,"0066",556,40,"pre_fragmentation",50,0.7,NA,"random",482,5,12
14,1546,31,46,1,2499,"0066",556,40,"pre_fragmentation",50,0.7,NA,"random",485,1,12
14,1546,31,46,1,2499,"0066",556,40,"pre_fragmentation",50,0.7,NA,"random",512,1,12
14,1546,31,46,1,2499,"0066",556,40,"pre_fragmentation",50,0.7,NA,"random",513,1,12
14,1546,31,46,1,2499,"0066",556,40,"pre_fragmentation",50,0.7,NA,"random",524,1,12
14,1546,31,46,1,2499,"0066",556,40,"pre_fragmentation",50,0.7,NA,"random",525,1,12
14,1546,31,46,1,2499,"0066",556,40,"pre_fragmentation",50,0.7,NA,"random",538,3,12
14,1546,31,46,1,2499,"0066",556,40,"pre_fragmentation",50,0.7,NA,"random",552,1,12
14,1546,31,46,1,2499,"0066",556,40,"pre_fragmentation",50,0.7,NA,"random",576,5,12
14,1546,31,46,1,2499,"0066",556,40,"pre_fragmentation",50,0.7,NA,"random",579,2,12
14,1546,31,46,1,2499,"0066",556,40,"pre_fragmentation",50,0.7,NA,"random",589,2,12
14,1546,31,46,1,2499,"0066",556,40,"pre_fragmentation",50,0.7,NA,"random",591,2,12
14,1546,31,46,1,2499,"0066",556,40,"pre_fragmentation",50,0.7,NA,"random",604,1,12
14,1546,31,46,1,2499,"0066",556,40,"pre_fragmentation",50,0.7,NA,"random",608,1,12
14,1546,31,46,1,2499,"0066",556,40,"pre_fragmentation",50,0.7,NA,"random",609,1,12
14,1546,31,46,1,2499,"0066",556,40,"pre_fragmentation",50,0.7,NA,"random",611,1,12
14,1546,31,46,1,2499,"0066",556,40,"pre_fragmentation",50,0.7,NA,"random",637,1,12
14,1546,31,46,1,2499,"0066",556,40,"pre_fragmentation",50,0.7,NA,"random",689,1,12
14,1546,31,46,1,2499,"0066",556,40,"pre_fragmentation",50,0.7,NA,"random",813,1,12
15,2442,49,42,1,2499,"0066",556,40,"pre_fragmentation",50,0.7,NA,"random",251,1,12
15,2442,49,42,1,2499,"0066",556,40,"pre_fragmentation",50,0.7,NA,"random",263,1,12
15,2442,49,42,1,2499,"0066",556,40,"pre_fragmentation",50,0.7,NA,"random",269,1,12
15,2442,49,42,1,2499,"0066",556,40,"pre_fragmentation",50,0.7,NA,"random",270,1,12
15,2442,49,42,1,2499,"0066",556,40,"pre_fragmentation",50,0.7,NA,"random",282,2,12
15,2442,49,42,1,2499,"0066",556,40,"pre_fragmentation",50,0.7,NA,"random",289,1,12
15,2442,49,42,1,2499,"0066",556,40,"pre_fragmentation",50,0.7,NA,"random",291,1,12
15,2442,49,42,1,2499,"0066",556,40,"pre_fragmentation",50,0.7,NA,"random",294,2,12
15,2442,49,42,1,2499,"0066",556,40,"pre_fragmentation",50,0.7,NA,"random",315,1,12
15,2442,49,42,1,2499,"0066",556,40,"pre_fragmentation",50,0.7,NA,"random",318,1,12
15,2442,49,42,1,2499,"0066",556,40,"pre_fragmentation",50,0.7,NA,"random",323,1,12
15,2442,49,42,1,2499,"0066",556,40,"pre_fragmentation",50,0.7,NA,"random",325,1,12
15,2442,49,42,1,2499,"0066",556,40,"pre_fragmentation",50,0.7,NA,"random",339,3,12
15,2442,49,42,1,2499,"0066",556,40,"pre_fragmentation",50,0.7,NA,"random",341,1,12
15,2442,49,42,1,2499,"0066",556,40,"pre_fragmentation",50,0.7,NA,"random",349,1,12
15,2442,49,42,1,2499,"0066",556,40,"pre_fragmentation",50,0.7,NA,"random",361,1,12
15,2442,49,42,1,2499,"0066",556,40,"pre_fragmentation",50,0.7,NA,"random",363,1,12
15,2442,49,42,1,2499,"0066",556,40,"pre_fragmentation",50,0.7,NA,"random",371,2,12
15,2442,49,42,1,2499,"0066",556,40,"pre_fragmentation",50,0.7,NA,"random",377,1,12
15,2442,49,42,1,2499,"0066",556,40,"pre_fragmentation",50,0.7,NA,"random",383,1,12
15,2442,49,42,1,2499,"0066",556,40,"pre_fragmentation",50,0.7,NA,"random",385,1,12
15,2442,49,42,1,2499,"0066",556,40,"pre_fragmentation",50,0.7,NA,"random",389,1,12
15,2442,49,42,1,2499,"0066",556,40,"pre_fragmentation",50,0.7,NA,"random",396,4,12
15,2442,49,42,1,2499,"0066",556,40,"pre_fragmentation",50,0.7,NA,"random",425,1,12
15,2442,49,42,1,2499,"0066",556,40,"pre_fragmentation",50,0.7,NA,"random",445,1,12
15,2442,49,42,1,2499,"0066",556,40,"pre_fragmentation",50,0.7,NA,"random",461,1,12
15,2442,49,42,1,2499,"0066",556,40,"pre_fragmentation",50,0.7,NA,"random",475,1,12
15,2442,49,42,1,2499,"0066",556,40,"pre_fragmentation",50,0.7,NA,"random",545,1,12
16,2257,46,7,1,2499,"0066",556,40,"pre_fragmentation",50,0.7,NA,"random",500,1,12
16,2257,46,7,1,2499,"0066",556,40,"pre_fragmentation",50,0.7,NA,"random",527,1,12
16,2257,46,7,1,2499,"0066",556,40,"pre_fragmentation",50,0.7,NA,"random",528,1,12
16,2257,46,7,1,2499,"0066",556,40,"pre_fragmentation",50,0.7,NA,"random",530,1,12
16,2257,46,7,1,2499,"0066",556,40,"pre_fragmentation",50,0.7,NA,"random",531,1,12
16,2257,46,7,1,2499,"0066",556,40,"pre_fragmentation",50,0.7,NA,"random",558,1,12
16,2257,46,7,1,2499,"0066",556,40,"pre_fragmentation",50,0.7,NA,"random",579,1,12
16,2257,46,7,1,2499,"0066",556,40,"pre_fragmentation",50,0.7,NA,"random",580,1,12
16,2257,46,7,1,2499,"0066",556,40,"pre_fragmentation",50,0.7,NA,"random",582,1,12
16,2257,46,7,1,2499,"0066",556,40,"pre_fragmentation",50,0.7,NA,"random",618,2,12
16,2257,46,7,1,2499,"0066",556,40,"pre_fragmentation",50,0.7,NA,"random",621,1,12
16,2257,46,7,1,2499,"0066",556,40,"pre_fragmentation",50,0.7,NA,"random",625,3,12
16,2257,46,7,1,2499,"0066",556,40,"pre_fragmentation",50,0.7,NA,"random",640,1,12
16,2257,46,7,1,2499,"0066",556,40,"pre_fragmentation",50,0.7,NA,"random",649,2,12
16,2257,46,7,1,2499,"0066",556,40,"pre_fragmentation",50,0.7,NA,"random",661,4,12
16,2257,46,7,1,2499,"0066",556,40,"pre_fragmentation",50,0.7,NA,"random",667,2,12
16,2257,46,7,1,2499,"0066",556,40,"pre_fragmentation",50,0.7,NA,"random",669,1,12
16,2257,46,7,1,2499,"0066",556,40,"pre_fragmentation",50,0.7,NA,"random",670,1,12
16,2257,46,7,1,2499,"0066",556,40,"pre_fragmentation",50,0.7,NA,"random",675,2,12
16,2257,46,7,1,2499,"0066",556,40,"pre_fragmentation",50,0.7,NA,"random",676,1,12
16,2257,46,7,1,2499,"0066",556,40,"pre_fragmentation",50,0.7,NA,"random",680,1,12
16,2257,46,7,1,2499,"0066",556,40,"pre_fragmentation",50,0.7,NA,"random",705,1,12
16,2257,46,7,1,2499,"0066",556,40,"pre_fragmentation",50,0.7,NA,"random",727,1,12
16,2257,46,7,1,2499,"0066",556,40,"pre_fragmentation",50,0.7,NA,"random",741,2,12
16,2257,46,7,1,2499,"0066",556,40,"pre_fragmentation",50,0.7,NA,"random",747,1,12
16,2257,46,7,1,2499,"0066",556,40,"pre_fragmentation",50,0.7,NA,"random",755,1,12
16,2257,46,7,1,2499,"0066",556,40,"pre_fragmentation",50,0.7,NA,"random",759,1,12
16,2257,46,7,1,2499,"0066",556,40,"pre_fragmentation",50,0.7,NA,"random",779,1,12
17,1344,27,44,1,2499,"0066",556,40,"pre_fragmentation",50,0.7,NA,"random",259,1,12
17,1344,27,44,1,2499,"0066",556,40,"pre_fragmentation",50,0.7,NA,"random",332,1,12
17,1344,27,44,1,2499,"0066",556,40,"pre_fragmentation",50,0.7,NA,"random",356,1,12
17,1344,27,44,1,2499,"0066",556,40,"pre_fragmentation",50,0.7,NA,"random",360,1,12
17,1344,27,44,1,2499,"0066",556,40,"pre_fragmentation",50,0.7,NA,"random",368,1,12
17,1344,27,44,1,2499,"0066",556,40,"pre_fragmentation",50,0.7,NA,"random",382,1,12
17,1344,27,44,1,2499,"0066",556,40,"pre_fragmentation",50,0.7,NA,"random",400,2,12
17,1344,27,44,1,2499,"0066",556,40,"pre_fragmentation",50,0.7,NA,"random",406,1,12
17,1344,27,44,1,2499,"0066",556,40,"pre_fragmentation",50,0.7,NA,"random",410,1,12
17,1344,27,44,1,2499,"0066",556,40,"pre_fragmentation",50,0.7,NA,"random",413,1,12
17,1344,27,44,1,2499,"0066",556,40,"pre_fragmentation",50,0.7,NA,"random",430,2,12
17,1344,27,44,1,2499,"0066",556,40,"pre_fragmentation",50,0.7,NA,"random",433,3,12
17,1344,27,44,1,2499,"0066",556,40,"pre_fragmentation",50,0.7,NA,"random",436,1,12
17,1344,27,44,1,2499,"0066",556,40,"pre_fragmentation",50,0.7,NA,"random",448,1,12
17,1344,27,44,1,2499,"0066",556,40,"pre_fragmentation",50,0.7,NA,"random",453,3,12
17,1344,27,44,1,2499,"0066",556,40,"pre_fragmentation",50,0.7,NA,"random",463,5,12
17,1344,27,44,1,2499,"0066",556,40,"pre_fragmentation",50,0.7,NA,"random",464,3,12
17,1344,27,44,1,2499,"0066",556,40,"pre_fragmentation",50,0.7,NA,"random",466,1,12
17,1344,27,44,1,2499,"0066",556,40,"pre_fragmentation",50,0.7,NA,"random",482,2,12
17,1344,27,44,1,2499,"0066",556,40,"pre_fragmentation",50,0.7,NA,"random",511,2,12
17,1344,27,44,1,2499,"0066",556,40,"pre_fragmentation",50,0.7,NA,"random",525,1,12
17,1344,27,44,1,2499,"0066",556,40,"pre_fragmentation",50,0.7,NA,"random",536,1,12
17,1344,27,44,1,2499,"0066",556,40,"pre_fragmentation",50,0.7,NA,"random",538,1,12
17,1344,27,44,1,2499,"0066",556,40,"pre_fragmentation",50,0.7,NA,"random",576,1,12
18,1130,23,30,1,2499,"0066",556,40,"pre_fragmentation",50,0.7,NA,"random",116,1,12
18,1130,23,30,1,2499,"0066",556,40,"pre_fragmentation",50,0.7,NA,"random",118,1,12
18,1130,23,30,1,2499,"0066",556,40,"pre_fragmentation",50,0.7,NA,"random",119,1,12
18,1130,23,30,1,2499,"0066",556,40,"pre_fragmentation",50,0.7,NA,"random",154,1,12
18,1130,23,30,1,2499,"0066",556,40,"pre_fragmentation",50,0.7,NA,"random",175,2,12
18,1130,23,30,1,2499,"0066",556,40,"pre_fragmentation",50,0.7,NA,"random",184,3,12
18,1130,23,30,1,2499,"0066",556,40,"pre_fragmentation",50,0.7,NA,"random",191,3,12
18,1130,23,30,1,2499,"0066",556,40,"pre_fragmentation",50,0.7,NA,"random",194,1,12
18,1130,23,30,1,2499,"0066",556,40,"pre_fragmentation",50,0.7,NA,"random",202,6,12
18,1130,23,30,1,2499,"0066",556,40,"pre_fragmentation",50,0.7,NA,"random",215,1,12
18,1130,23,30,1,2499,"0066",556,40,"pre_fragmentation",50,0.7,NA,"random",232,1,12
18,1130,23,30,1,2499,"0066",556,40,"pre_fragmentation",50,0.7,NA,"random",253,2,12
18,1130,23,30,1,2499,"0066",556,40,"pre_fragmentation",50,0.7,NA,"random",268,1,12
18,1130,23,30,1,2499,"0066",556,40,"pre_fragmentation",50,0.7,NA,"random",275,10,12
18,1130,23,30,1,2499,"0066",556,40,"pre_fragmentation",50,0.7,NA,"random",288,1,12
18,1130,23,30,1,2499,"0066",556,40,"pre_fragmentation",50,0.7,NA,"random",291,3,12
18,1130,23,30,1,2499,"0066",556,40,"pre_fragmentation",50,0.7,NA,"random",301,1,12
18,1130,23,30,1,2499,"0066",556,40,"pre_fragmentation",50,0.7,NA,"random",318,1,12
18,1130,23,30,1,2499,"0066",556,40,"pre_fragmentation",50,0.7,NA,"random",331,1,12
18,1130,23,30,1,2499,"0066",556,40,"pre_fragmentation",50,0.7,NA,"random",334,1,12
18,1130,23,30,1,2499,"0066",556,40,"pre_fragmentation",50,0.7,NA,"random",344,1,12
18,1130,23,30,1,2499,"0066",556,40,"pre_fragmentation",50,0.7,NA,"random",357,1,12
19,1084,22,34,1,2499,"0066",556,40,"pre_fragmentation",50,0.7,NA,"random",177,2,12
19,1084,22,34,1,2499,"0066",556,40,"pre_fragmentation",50,0.7,NA,"random",183,1,12
19,1084,22,34,1,2499,"0066",556,40,"pre_fragmentation",50,0.7,NA,"random",184,1,12
19,1084,22,34,1,2499,"0066",556,40,"pre_fragmentation",50,0.7,NA,"random",186,1,12
19,1084,22,34,1,2499,"0066",556,40,"pre_fragmentation",50,0.7,NA,"random",202,2,12
19,1084,22,34,1,2499,"0066",556,40,"pre_fragmentation",50,0.7,NA,"random",208,1,12
19,1084,22,34,1,2499,"0066",556,40,"pre_fragmentation",50,0.7,NA,"random",215,1,12
19,1084,22,34,1,2499,"0066",556,40,"pre_fragmentation",50,0.7,NA,"random",219,1,12
19,1084,22,34,1,2499,"0066",556,40,"pre_fragmentation",50,0.7,NA,"random",225,1,12
19,1084,22,34,1,2499,"0066",556,40,"pre_fragmentation",50,0.7,NA,"random",226,1,12
19,1084,22,34,1,2499,"0066",556,40,"pre_fragmentation",50,0.7,NA,"random",228,1,12
19,1084,22,34,1,2499,"0066",556,40,"pre_fragmentation",50,0.7,NA,"random",245,1,12
19,1084,22,34,1,2499,"0066",556,40,"pre_fragmentation",50,0.7,NA,"random",246,1,12
19,1084,22,34,1,2499,"0066",556,40,"pre_fragmentation",50,0.7,NA,"random",275,6,12
19,1084,22,34,1,2499,"0066",556,40,"pre_fragmentation",50,0.7,NA,"random",285,1,12
19,1084,22,34,1,2499,"0066",556,40,"pre_fragmentation",50,0.7,NA,"random",291,1,12
19,1084,22,34,1,2499,"0066",556,40,"pre_fragmentation",50,0.7,NA,"random",293,1,12
19,1084,22,34,1,2499,"0066",556,40,"pre_fragmentation",50,0.7,NA,"random",295,1,12
19,1084,22,34,1,2499,"0066",556,40,"pre_fragmentation",50,0.7,NA,"random",298,1,12
19,1084,22,34,1,2499,"0066",556,40,"pre_fragmentation",50,0.7,NA,"random",299,1,12
19,1084,22,34,1,2499,"0066",556,40,"pre_fragmentation",50,0.7,NA,"random",307,1,12
19,1084,22,34,1,2499,"0066",556,40,"pre_fragmentation",50,0.7,NA,"random",332,1,12
19,1084,22,34,1,2499,"0066",556,40,"pre_fragmentation",50,0.7,NA,"random",336,3,12
19,1084,22,34,1,2499,"0066",556,40,"pre_fragmentation",50,0.7,NA,"random",350,1,12
19,1084,22,34,1,2499,"0066",556,40,"pre_fragmentation",50,0.7,NA,"random",357,1,12
19,1084,22,34,1,2499,"0066",556,40,"pre_fragmentation",50,0.7,NA,"random",372,1,12
19,1084,22,34,1,2499,"0066",556,40,"pre_fragmentation",50,0.7,NA,"random",406,1,12
20,1871,38,21,1,2499,"0066",556,40,"pre_fragmentation",50,0.7,NA,"random",262,1,12
20,1871,38,21,1,2499,"0066",556,40,"pre_fragmentation",50,0.7,NA,"random",301,2,12
20,1871,38,21,1,2499,"0066",556,40,"pre_fragmentation",50,0.7,NA,"random",304,1,12
20,1871,38,21,1,2499,"0066",556,40,"pre_fragmentation",50,0.7,NA,"random",311,3,12
20,1871,38,21,1,2499,"0066",556,40,"pre_fragmentation",50,0.7,NA,"random",327,1,12
20,1871,38,21,1,2499,"0066",556,40,"pre_fragmentation",50,0.7,NA,"random",331,1,12
20,1871,38,21,1,2499,"0066",556,40,"pre_fragmentation",50,0.7,NA,"random",351,1,12
20,1871,38,21,1,2499,"0066",556,40,"pre_fragmentation",50,0.7,NA,"random",356,5,12
20,1871,38,21,1,2499,"0066",556,40,"pre_fragmentation",50,0.7,NA,"random",357,1,12
20,1871,38,21,1,2499,"0066",556,40,"pre_fragmentation",50,0.7,NA,"random",372,2,12
20,1871,38,21,1,2499,"0066",556,40,"pre_fragmentation",50,0.7,NA,"random",377,1,12
20,1871,38,21,1,2499,"0066",556,40,"pre_fragmentation",50,0.7,NA,"random",378,2,12
20,1871,38,21,1,2499,"0066",556,40,"pre_fragmentation",50,0.7,NA,"random",380,2,12
20,1871,38,21,1,2499,"0066",556,40,"pre_fragmentation",50,0.7,NA,"random",399,1,12
20,1871,38,21,1,2499,"0066",556,40,"pre_fragmentation",50,0.7,NA,"random",402,1,12
20,1871,38,21,1,2499,"0066",556,40,"pre_fragmentation",50,0.7,NA,"random",406,3,12
20,1871,38,21,1,2499,"0066",556,40,"pre_fragmentation",50,0.7,NA,"random",413,2,12
20,1871,38,21,1,2499,"0066",556,40,"pre_fragmentation",50,0.7,NA,"random",414,2,12
20,1871,38,21,1,2499,"0066",556,40,"pre_fragmentation",50,0.7,NA,"random",431,2,12
21,568,12,18,1,2499,"0066",556,40,"pre_fragmentation",50,0.7,NA,"random",63,1,12
21,568,12,18,1,2499,"0066",556,40,"pre_fragmentation",50,0.7,NA,"random",69,1,12
21,568,12,18,1,2499,"0066",556,40,"pre_fragmentation",50,0.7,NA,"random",75,1,12
21,568,12,18,1,2499,"0066",556,40,"pre_fragmentation",50,0.7,NA,"random",83,2,12
21,568,12,18,1,2499,"0066",556,40,"pre_fragmentation",50,0.7,NA,"random",97,1,12
21,568,12,18,1,2499,"0066",556,40,"pre_fragmentation",50,0.7,NA,"random",109,1,12
21,568,12,18,1,2499,"0066",556,40,"pre_fragmentation",50,0.7,NA,"random",114,2,12
21,568,12,18,1,2499,"0066",556,40,"pre_fragmentation",50,0.7,NA,"random",123,4,12
21,568,12,18,1,2499,"0066",556,40,"pre_fragmentation",50,0.7,NA,"random",124,2,12
21,568,12,18,1,2499,"0066",556,40,"pre_fragmentation",50,0.7,NA,"random",135,3,12
21,568,12,18,1,2499,"0066",556,40,"pre_fragmentation",50,0.7,NA,"random",154,1,12
21,568,12,18,1,2499,"0066",556,40,"pre_fragmentation",50,0.7,NA,"random",157,1,12
21,568,12,18,1,2499,"0066",556,40,"pre_fragmentation",50,0.7,NA,"random",166,1,12
21,568,12,18,1,2499,"0066",556,40,"pre_fragmentation",50,0.7,NA,"random",167,1,12
21,568,12,18,1,2499,"0066",556,40,"pre_fragmentation",50,0.7,NA,"random",168,2,12
21,568,12,18,1,2499,"0066",556,40,"pre_fragmentation",50,0.7,NA,"random",170,1,12
21,568,12,18,1,2499,"0066",556,40,"pre_fragmentation",50,0.7,NA,"random",179,3,12
21,568,12,18,1,2499,"0066",556,40,"pre_fragmentation",50,0.7,NA,"random",193,1,12
21,568,12,18,1,2499,"0066",556,40,"pre_fragmentation",50,0.7,NA,"random",203,2,12
21,568,12,18,1,2499,"0066",556,40,"pre_fragmentation",50,0.7,NA,"random",218,1,12
21,568,12,18,1,2499,"0066",556,40,"pre_fragmentation",50,0.7,NA,"random",222,1,12
21,568,12,18,1,2499,"0066",556,40,"pre_fragmentation",50,0.7,NA,"random",227,2,12
21,568,12,18,1,2499,"0066",556,40,"pre_fragmentation",50,0.7,NA,"random",231,2,12
22,557,12,7,1,2499,"0066",556,40,"pre_fragmentation",50,0.7,NA,"random",123,2,12
22,557,12,7,1,2499,"0066",556,40,"pre_fragmentation",50,0.7,NA,"random",125,1,12
22,557,12,7,1,2499,"0066",556,40,"pre_fragmentation",50,0.7,NA,"random",152,2,12
22,557,12,7,1,2499,"0066",556,40,"pre_fragmentation",50,0.7,NA,"random",157,5,12
22,557,12,7,1,2499,"0066",556,40,"pre_fragmentation",50,0.7,NA,"random",162,1,12
22,557,12,7,1,2499,"0066",556,40,"pre_fragmentation",50,0.7,NA,"random",178,1,12
22,557,12,7,1,2499,"0066",556,40,"pre_fragmentation",50,0.7,NA,"random",183,1,12
22,557,12,7,1,2499,"0066",556,40,"pre_fragmentation",50,0.7,NA,"random",184,1,12
22,557,12,7,1,2499,"0066",556,40,"pre_fragmentation",50,0.7,NA,"random",186,5,12
22,557,12,7,1,2499,"0066",556,40,"pre_fragmentation",50,0.7,NA,"random",193,1,12
22,557,12,7,1,2499,"0066",556,40,"pre_fragmentation",50,0.7,NA,"random",196,1,12
22,557,12,7,1,2499,"0066",556,40,"pre_fragmentation",50,0.7,NA,"random",209,1,12
22,557,12,7,1,2499,"0066",556,40,"pre_fragmentation",50,0.7,NA,"random",222,4,12
22,557,12,7,1,2499,"0066",556,40,"pre_fragmentation",50,0.7,NA,"random",224,1,12
22,557,12,7,1,2499,"0066",556,40,"pre_fragmentation",50,0.7,NA,"random",236,1,12
22,557,12,7,1,2499,"0066",556,40,"pre_fragmentation",50,0.7,NA,"random",243,1,12
22,557,12,7,1,2499,"0066",556,40,"pre_fragmentation",50,0.7,NA,"random",247,1,12
22,557,12,7,1,2499,"0066",556,40,"pre_fragmentation",50,0.7,NA,"random",248,5,12
22,557,12,7,1,2499,"0066",556,40,"pre_fragmentation",50,0.7,NA,"random",257,1,12
22,557,12,7,1,2499,"0066",556,40,"pre_fragmentation",50,0.7,NA,"random",283,2,12
22,557,12,7,1,2499,"0066",556,40,"pre_fragmentation",50,0.7,NA,"random",326,1,12
23,426,9,26,1,2499,"0066",556,40,"pre_fragmentation",50,0.7,NA,"random",130,1,12
23,426,9,26,1,2499,"0066",556,40,"pre_fragmentation",50,0.7,NA,"random",158,1,12
23,426,9,26,1,2499,"0066",556,40,"pre_fragmentation",50,0.7,NA,"random",179,1,12
23,426,9,26,1,2499,"0066",556,40,"pre_fragmentation",50,0.7,NA,"random",187,1,12
23,426,9,26,1,2499,"0066",556,40,"pre_fragmentation",50,0.7,NA,"random",191,1,12
23,426,9,26,1,2499,"0066",556,40,"pre_fragmentation",50,0.7,NA,"random",207,1,12
23,426,9,26,1,2499,"0066",556,40,"pre_fragmentation",50,0.7,NA,"random",210,1,12
23,426,9,26,1,2499,"0066",556,40,"pre_fragmentation",50,0.7,NA,"random",215,1,12
23,426,9,26,1,2499,"0066",556,40,"pre_fragmentation",50,0.7,NA,"random",217,1,12
23,426,9,26,1,2499,"0066",556,40,"pre_fragmentation",50,0.7,NA,"random",221,1,12
23,426,9,26,1,2499,"0066",556,40,"pre_fragmentation",50,0.7,NA,"random",226,1,12
23,426,9,26,1,2499,"0066",556,40,"pre_fragmentation",50,0.7,NA,"random",241,2,12
23,426,9,26,1,2499,"0066",556,40,"pre_fragmentation",50,0.7,NA,"random",242,1,12
23,426,9,26,1,2499,"0066",556,40,"pre_fragmentation",50,0.7,NA,"random",249,3,12
23,426,9,26,1,2499,"0066",556,40,"pre_fragmentation",50,0.7,NA,"random",262,1,12
23,426,9,26,1,2499,"0066",556,40,"pre_fragmentation",50,0.7,NA,"random",266,4,12
23,426,9,26,1,2499,"0066",556,40,"pre_fragmentation",50,0.7,NA,"random",275,1,12
23,426,9,26,1,2499,"0066",556,40,"pre_fragmentation",50,0.7,NA,"random",277,4,12
23,426,9,26,1,2499,"0066",556,40,"pre_fragmentation",50,0.7,NA,"random",284,3,12
23,426,9,26,1,2499,"0066",556,40,"pre_fragmentation",50,0.7,NA,"random",292,1,12
23,426,9,26,1,2499,"0066",556,40,"pre_fragmentation",50,0.7,NA,"random",293,1,12
23,426,9,26,1,2499,"0066",556,40,"pre_fragmentation",50,0.7,NA,"random",296,3,12
23,426,9,26,1,2499,"0066",556,40,"pre_fragmentation",50,0.7,NA,"random",310,1,12
23,426,9,26,1,2499,"0066",556,40,"pre_fragmentation",50,0.7,NA,"random",318,1,12
23,426,9,26,1,2499,"0066",556,40,"pre_fragmentation",50,0.7,NA,"random",319,1,12
23,426,9,26,1,2499,"0066",556,40,"pre_fragmentation",50,0.7,NA,"random",348,1,12
24,488,10,38,NA,NA,"0066",556,40,"pre_fragmentation",50,0.7,NA,"random",4,2,12
24,488,10,38,NA,NA,"0066",556,40,"pre_fragmentation",50,0.7,NA,"random",12,4,12
24,488,10,38,NA,NA,"0066",556,40,"pre_fragmentation",50,0.7,NA,"random",13,1,12
24,488,10,38,NA,NA,"0066",556,40,"pre_fragmentation",50,0.7,NA,"random",14,1,12
24,488,10,38,NA,NA,"0066",556,40,"pre_fragmentation",50,0.7,NA,"random",20,1,12
24,488,10,38,NA,NA,"0066",556,40,"pre_fragmentation",50,0.7,NA,"random",24,3,12
24,488,10,38,NA,NA,"0066",556,40,"pre_fragmentation",50,0.7,NA,"random",27,1,12
24,488,10,38,NA,NA,"0066",556,40,"pre_fragmentation",50,0.7,NA,"random",33,1,12
24,488,10,38,NA,NA,"0066",556,40,"pre_fragmentation",50,0.7,NA,"random",35,1,12
24,488,10,38,NA,NA,"0066",556,40,"pre_fragmentation",50,0.7,NA,"random",36,1,12
24,488,10,38,NA,NA,"0066",556,40,"pre_fragmentation",50,0.7,NA,"random",37,1,12
24,488,10,38,NA,NA,"0066",556,40,"pre_fragmentation",50,0.7,NA,"random",40,1,12
24,488,10,38,NA,NA,"0066",556,40,"pre_fragmentation",50,0.7,NA,"random",41,3,12
24,488,10,38,NA,NA,"0066",556,40,"pre_fragmentation",50,0.7,NA,"random",42,1,12
24,488,10,38,NA,NA,"0066",556,40,"pre_fragmentation",50,0.7,NA,"random",44,2,12
24,488,10,38,NA,NA,"0066",556,40,"pre_fragmentation",50,0.7,NA,"random",49,4,12
24,488,10,38,NA,NA,"0066",556,40,"pre_fragmentation",50,0.7,NA,"random",56,1,12
24,488,10,38,NA,NA,"0066",556,40,"pre_fragmentation",50,0.7,NA,"random",59,1,12
24,488,10,38,NA,NA,"0066",556,40,"pre_fragmentation",50,0.7,NA,"random",68,2,12
24,488,10,38,NA,NA,"0066",556,40,"pre_fragmentation",50,0.7,NA,"random",76,2,12
24,488,10,38,NA,NA,"0066",556,40,"pre_fragmentation",50,0.7,NA,"random",78,1,12
24,488,10,38,NA,NA,"0066",556,40,"pre_fragmentation",50,0.7,NA,"random",105,1,12
24,488,10,38,NA,NA,"0066",556,40,"pre_fragmentation",50,0.7,NA,"random",122,1,12
24,488,10,38,NA,NA,"0066",556,40,"pre_fragmentation",50,0.7,NA,"random",171,1,12
24,488,10,38,NA,NA,"0066",556,40,"pre_fragmentation",50,0.7,NA,"random",177,1,12
25,388,8,38,1,2499,"0066",556,40,"pre_fragmentation",50,0.7,NA,"random",3,1,12
25,388,8,38,1,2499,"0066",556,40,"pre_fragmentation",50,0.7,NA,"random",12,1,12
25,388,8,38,1,2499,"0066",556,40,"pre_fragmentation",50,0.7,NA,"random",14,3,12
25,388,8,38,1,2499,"0066",556,40,"pre_fragmentation",50,0.7,NA,"random",22,1,12
25,388,8,38,1,2499,"0066",556,40,"pre_fragmentation",50,0.7,NA,"random",27,2,12
25,388,8,38,1,2499,"0066",556,40,"pre_fragmentation",50,0.7,NA,"random",31,1,12
25,388,8,38,1,2499,"0066",556,40,"pre_fragmentation",50,0.7,NA,"random",32,2,12
25,388,8,38,1,2499,"0066",556,40,"pre_fragmentation",50,0.7,NA,"random",39,1,12
25,388,8,38,1,2499,"0066",556,40,"pre_fragmentation",50,0.7,NA,"random",40,2,12
25,388,8,38,1,2499,"0066",556,40,"pre_fragmentation",50,0.7,NA,"random",43,3,12
25,388,8,38,1,2499,"0066",556,40,"pre_fragmentation",50,0.7,NA,"random",44,3,12
25,388,8,38,1,2499,"0066",556,40,"pre_fragmentation",50,0.7,NA,"random",46,3,12
25,388,8,38,1,2499,"0066",556,40,"pre_fragmentation",50,0.7,NA,"random",49,1,12
25,388,8,38,1,2499,"0066",556,40,"pre_fragmentation",50,0.7,NA,"random",54,2,12
25,388,8,38,1,2499,"0066",556,40,"pre_fragmentation",50,0.7,NA,"random",59,1,12
25,388,8,38,1,2499,"0066",556,40,"pre_fragmentation",50,0.7,NA,"random",64,2,12
25,388,8,38,1,2499,"0066",556,40,"pre_fragmentation",50,0.7,NA,"random",66,1,12
25,388,8,38,1,2499,"0066",556,40,"pre_fragmentation",50,0.7,NA,"random",77,1,12
25,388,8,38,1,2499,"0066",556,40,"pre_fragmentation",50,0.7,NA,"random",78,1,12
25,388,8,38,1,2499,"0066",556,40,"pre_fragmentation",50,0.7,NA,"random",87,1,12
25,388,8,38,1,2499,"0066",556,40,"pre_fragmentation",50,0.7,NA,"random",116,1,12
25,388,8,38,1,2499,"0066",556,40,"pre_fragmentation",50,0.7,NA,"random",119,2,12
25,388,8,38,1,2499,"0066",556,40,"pre_fragmentation",50,0.7,NA,"random",142,1,12
25,388,8,38,1,2499,"0066",556,40,"pre_fragmentation",50,0.7,NA,"random",146,1,12
25,388,8,38,1,2499,"0066",556,40,"pre_fragmentation",50,0.7,NA,"random",157,1,12
25,388,8,38,1,2499,"0066",556,40,"pre_fragmentation",50,0.7,NA,"random",164,1,12
26,826,17,26,1,2499,"0066",556,40,"pre_fragmentation",50,0.7,NA,"random",127,1,12
26,826,17,26,1,2499,"0066",556,40,"pre_fragmentation",50,0.7,NA,"random",135,1,12
26,826,17,26,1,2499,"0066",556,40,"pre_fragmentation",50,0.7,NA,"random",169,1,12
26,826,17,26,1,2499,"0066",556,40,"pre_fragmentation",50,0.7,NA,"random",172,5,12
26,826,17,26,1,2499,"0066",556,40,"pre_fragmentation",50,0.7,NA,"random",183,2,12
26,826,17,26,1,2499,"0066",556,40,"pre_fragmentation",50,0.7,NA,"random",184,3,12
26,826,17,26,1,2499,"0066",556,40,"pre_fragmentation",50,0.7,NA,"random",202,1,12
26,826,17,26,1,2499,"0066",556,40,"pre_fragmentation",50,0.7,NA,"random",207,1,12
26,826,17,26,1,2499,"0066",556,40,"pre_fragmentation",50,0.7,NA,"random",210,3,12
26,826,17,26,1,2499,"0066",556,40,"pre_fragmentation",50,0.7,NA,"random",215,2,12
26,826,17,26,1,2499,"0066",556,40,"pre_fragmentation",50,0.7,NA,"random",219,1,12
26,826,17,26,1,2499,"0066",556,40,"pre_fragmentation",50,0.7,NA,"random",220,1,12
26,826,17,26,1,2499,"0066",556,40,"pre_fragmentation",50,0.7,NA,"random",226,1,12
26,826,17,26,1,2499,"0066",556,40,"pre_fragmentation",50,0.7,NA,"random",242,1,12
26,826,17,26,1,2499,"0066",556,40,"pre_fragmentation",50,0.7,NA,"random",249,1,12
26,826,17,26,1,2499,"0066",556,40,"pre_fragmentation",50,0.7,NA,"random",275,1,12
26,826,17,26,1,2499,"0066",556,40,"pre_fragmentation",50,0.7,NA,"random",277,1,12
26,826,17,26,1,2499,"0066",556,40,"pre_fragmentation",50,0.7,NA,"random",281,1,12
26,826,17,26,1,2499,"0066",556,40,"pre_fragmentation",50,0.7,NA,"random",284,3,12
26,826,17,26,1,2499,"0066",556,40,"pre_fragmentation",50,0.7,NA,"random",294,3,12
26,826,17,26,1,2499,"0066",556,40,"pre_fragmentation",50,0.7,NA,"random",304,1,12
26,826,17,26,1,2499,"0066",556,40,"pre_fragmentation",50,0.7,NA,"random",307,1,12
27,295,6,45,1,2499,"0066",556,40,"pre_fragmentation",50,0.7,NA,"random",85,1,12
27,295,6,45,1,2499,"0066",556,40,"pre_fragmentation",50,0.7,NA,"random",87,1,12
27,295,6,45,1,2499,"0066",556,40,"pre_fragmentation",50,0.7,NA,"random",134,1,12
27,295,6,45,1,2499,"0066",556,40,"pre_fragmentation",50,0.7,NA,"random",154,3,12
27,295,6,45,1,2499,"0066",556,40,"pre_fragmentation",50,0.7,NA,"random",161,1,12
27,295,6,45,1,2499,"0066",556,40,"pre_fragmentation",50,0.7,NA,"random",184,2,12
27,295,6,45,1,2499,"0066",556,40,"pre_fragmentation",50,0.7,NA,"random",205,1,12
27,295,6,45,1,2499,"0066",556,40,"pre_fragmentation",50,0.7,NA,"random",209,3,12
27,295,6,45,1,2499,"0066",556,40,"pre_fragmentation",50,0.7,NA,"random",219,1,12
27,295,6,45,1,2499,"0066",556,40,"pre_fragmentation",50,0.7,NA,"random",221,1,12
27,295,6,45,1,2499,"0066",556,40,"pre_fragmentation",50,0.7,NA,"random",231,2,12
27,295,6,45,1,2499,"0066",556,40,"pre_fragmentation",50,0.7,NA,"random",234,1,12
27,295,6,45,1,2499,"0066",556,40,"pre_fragmentation",50,0.7,NA,"random",237,1,12
27,295,6,45,1,2499,"0066",556,40,"pre_fragmentation",50,0.7,NA,"random",239,1,12
27,295,6,45,1,2499,"0066",556,40,"pre_fragmentation",50,0.7,NA,"random",251,5,12
27,295,6,45,1,2499,"0066",556,40,"pre_fragmentation",50,0.7,NA,"random",255,1,12
27,295,6,45,1,2499,"0066",556,40,"pre_fragmentation",50,0.7,NA,"random",269,2,12
27,295,6,45,1,2499,"0066",556,40,"pre_fragmentation",50,0.7,NA,"random",270,1,12
27,295,6,45,1,2499,"0066",556,40,"pre_fragmentation",50,0.7,NA,"random",282,1,12
27,295,6,45,1,2499,"0066",556,40,"pre_fragmentation",50,0.7,NA,"random",286,1,12
27,295,6,45,1,2499,"0066",556,40,"pre_fragmentation",50,0.7,NA,"random",289,2,12
27,295,6,45,1,2499,"0066",556,40,"pre_fragmentation",50,0.7,NA,"random",294,1,12
27,295,6,45,1,2499,"0066",556,40,"pre_fragmentation",50,0.7,NA,"random",315,2,12
27,295,6,45,1,2499,"0066",556,40,"pre_fragmentation",50,0.7,NA,"random",323,1,12
27,295,6,45,1,2499,"0066",556,40,"pre_fragmentation",50,0.7,NA,"random",328,1,12
27,295,6,45,1,2499,"0066",556,40,"pre_fragmentation",50,0.7,NA,"random",336,1,12
27,295,6,45,1,2499,"0066",556,40,"pre_fragmentation",50,0.7,NA,"random",339,1,12
27,295,6,45,1,2499,"0066",556,40,"pre_fragmentation",50,0.7,NA,"random",394,1,12
27,295,6,45,1,2499,"0066",556,40,"pre_fragmentation",50,0.7,NA,"random",449,1,12
28,1380,28,30,1,2499,"0066",556,40,"pre_fragmentation",50,0.7,NA,"random",191,1,12
28,1380,28,30,1,2499,"0066",556,40,"pre_fragmentation",50,0.7,NA,"random",226,1,12
28,1380,28,30,1,2499,"0066",556,40,"pre_fragmentation",50,0.7,NA,"random",265,1,12
28,1380,28,30,1,2499,"0066",556,40,"pre_fragmentation",50,0.7,NA,"random",275,1,12
28,1380,28,30,1,2499,"0066",556,40,"pre_fragmentation",50,0.7,NA,"random",301,1,12
28,1380,28,30,1,2499,"0066",556,40,"pre_fragmentation",50,0.7,NA,"random",318,3,12
28,1380,28,30,1,2499,"0066",556,40,"pre_fragmentation",50,0.7,NA,"random",324,1,12
28,1380,28,30,1,2499,"0066",556,40,"pre_fragmentation",50,0.7,NA,"random",332,3,12
28,1380,28,30,1,2499,"0066",556,40,"pre_fragmentation",50,0.7,NA,"random",334,1,12
28,1380,28,30,1,2499,"0066",556,40,"pre_fragmentation",50,0.7,NA,"random",337,1,12
28,1380,28,30,1,2499,"0066",556,40,"pre_fragmentation",50,0.7,NA,"random",344,1,12
28,1380,28,30,1,2499,"0066",556,40,"pre_fragmentation",50,0.7,NA,"random",349,1,12
28,1380,28,30,1,2499,"0066",556,40,"pre_fragmentation",50,0.7,NA,"random",364,1,12
28,1380,28,30,1,2499,"0066",556,40,"pre_fragmentation",50,0.7,NA,"random",403,4,12
28,1380,28,30,1,2499,"0066",556,40,"pre_fragmentation",50,0.7,NA,"random",416,3,12
28,1380,28,30,1,2499,"0066",556,40,"pre_fragmentation",50,0.7,NA,"random",427,1,12
28,1380,28,30,1,2499,"0066",556,40,"pre_fragmentation",50,0.7,NA,"random",433,3,12
28,1380,28,30,1,2499,"0066",556,40,"pre_fragmentation",50,0.7,NA,"random",438,1,12
28,1380,28,30,1,2499,"0066",556,40,"pre_fragmentation",50,0.7,NA,"random",449,1,12
28,1380,28,30,1,2499,"0066",556,40,"pre_fragmentation",50,0.7,NA,"random",469,1,12
28,1380,28,30,1,2499,"0066",556,40,"pre_fragmentation",50,0.7,NA,"random",492,1,12
28,1380,28,30,1,2499,"0066",556,40,"pre_fragmentation",50,0.7,NA,"random",543,1,12
29,802,17,2,1,2499,"0066",556,40,"pre_fragmentation",50,0.7,NA,"random",157,2,12
29,802,17,2,1,2499,"0066",556,40,"pre_fragmentation",50,0.7,NA,"random",160,1,12
29,802,17,2,1,2499,"0066",556,40,"pre_fragmentation",50,0.7,NA,"random",161,4,12
29,802,17,2,1,2499,"0066",556,40,"pre_fragmentation",50,0.7,NA,"random",162,1,12
29,802,17,2,1,2499,"0066",556,40,"pre_fragmentation",50,0.7,NA,"random",178,1,12
29,802,17,2,1,2499,"0066",556,40,"pre_fragmentation",50,0.7,NA,"random",183,2,12
29,802,17,2,1,2499,"0066",556,40,"pre_fragmentation",50,0.7,NA,"random",184,2,12
29,802,17,2,1,2499,"0066",556,40,"pre_fragmentation",50,0.7,NA,"random",208,1,12
29,802,17,2,1,2499,"0066",556,40,"pre_fragmentation",50,0.7,NA,"random",214,4,12
29,802,17,2,1,2499,"0066",556,40,"pre_fragmentation",50,0.7,NA,"random",230,1,12
29,802,17,2,1,2499,"0066",556,40,"pre_fragmentation",50,0.7,NA,"random",232,1,12
29,802,17,2,1,2499,"0066",556,40,"pre_fragmentation",50,0.7,NA,"random",234,2,12
29,802,17,2,1,2499,"0066",556,40,"pre_fragmentation",50,0.7,NA,"random",238,1,12
29,802,17,2,1,2499,"0066",556,40,"pre_fragmentation",50,0.7,NA,"random",239,1,12
29,802,17,2,1,2499,"0066",556,40,"pre_fragmentation",50,0.7,NA,"random",248,1,12
29,802,17,2,1,2499,"0066",556,40,"pre_fragmentation",50,0.7,NA,"random",253,1,12
29,802,17,2,1,2499,"0066",556,40,"pre_fragmentation",50,0.7,NA,"random",254,1,12
29,802,17,2,1,2499,"0066",556,40,"pre_fragmentation",50,0.7,NA,"random",259,3,12
29,802,17,2,1,2499,"0066",556,40,"pre_fragmentation",50,0.7,NA,"random",270,1,12
29,802,17,2,1,2499,"0066",556,40,"pre_fragmentation",50,0.7,NA,"random",271,1,12
29,802,17,2,1,2499,"0066",556,40,"pre_fragmentation",50,0.7,NA,"random",285,1,12
29,802,17,2,1,2499,"0066",556,40,"pre_fragmentation",50,0.7,NA,"random",289,1,12
29,802,17,2,1,2499,"0066",556,40,"pre_fragmentation",50,0.7,NA,"random",303,2,12
29,802,17,2,1,2499,"0066",556,40,"pre_fragmentation",50,0.7,NA,"random",351,1,12
29,802,17,2,1,2499,"0066",556,40,"pre_fragmentation",50,0.7,NA,"random",357,1,12
30,1323,27,23,1,2499,"0066",556,40,"pre_fragmentation",50,0.7,NA,"random",51,1,12
30,1323,27,23,1,2499,"0066",556,40,"pre_fragmentation",50,0.7,NA,"random",80,1,12
30,1323,27,23,1,2499,"0066",556,40,"pre_fragmentation",50,0.7,NA,"random",118,1,12
30,1323,27,23,1,2499,"0066",556,40,"pre_fragmentation",50,0.7,NA,"random",125,2,12
30,1323,27,23,1,2499,"0066",556,40,"pre_fragmentation",50,0.7,NA,"random",126,1,12
30,1323,27,23,1,2499,"0066",556,40,"pre_fragmentation",50,0.7,NA,"random",130,1,12
30,1323,27,23,1,2499,"0066",556,40,"pre_fragmentation",50,0.7,NA,"random",162,2,12
30,1323,27,23,1,2499,"0066",556,40,"pre_fragmentation",50,0.7,NA,"random",183,2,12
30,1323,27,23,1,2499,"0066",556,40,"pre_fragmentation",50,0.7,NA,"random",184,2,12
30,1323,27,23,1,2499,"0066",556,40,"pre_fragmentation",50,0.7,NA,"random",191,1,12
30,1323,27,23,1,2499,"0066",556,40,"pre_fragmentation",50,0.7,NA,"random",198,2,12
30,1323,27,23,1,2499,"0066",556,40,"pre_fragmentation",50,0.7,NA,"random",202,3,12
30,1323,27,23,1,2499,"0066",556,40,"pre_fragmentation",50,0.7,NA,"random",204,1,12
30,1323,27,23,1,2499,"0066",556,40,"pre_fragmentation",50,0.7,NA,"random",206,1,12
30,1323,27,23,1,2499,"0066",556,40,"pre_fragmentation",50,0.7,NA,"random",210,1,12
30,1323,27,23,1,2499,"0066",556,40,"pre_fragmentation",50,0.7,NA,"random",215,1,12
30,1323,27,23,1,2499,"0066",556,40,"pre_fragmentation",50,0.7,NA,"random",226,1,12
30,1323,27,23,1,2499,"0066",556,40,"pre_fragmentation",50,0.7,NA,"random",239,1,12
30,1323,27,23,1,2499,"0066",556,40,"pre_fragmentation",50,0.7,NA,"random",240,2,12
30,1323,27,23,1,2499,"0066",556,40,"pre_fragmentation",50,0.7,NA,"random",263,1,12
30,1323,27,23,1,2499,"0066",556,40,"pre_fragmentation",50,0.7,NA,"random",274,1,12
30,1323,27,23,1,2499,"0066",556,40,"pre_fragmentation",50,0.7,NA,"random",275,1,12
30,1323,27,23,1,2499,"0066",556,40,"pre_fragmentation",50,0.7,NA,"random",282,1,12
30,1323,27,23,1,2499,"0066",556,40,"pre_fragmentation",50,0.7,NA,"random",318,2,12
1,977,20,27,65,6,"0066",556,40,"post_fragmentation",50,0.7,0.8,"random",44,1,12
1,977,20,27,65,6,"0066",556,40,"post_fragmentation",50,0.7,0.8,"random",118,1,12
1,977,20,27,65,6,"0066",556,40,"post_fragmentation",50,0.7,0.8,"random",119,1,12
1,977,20,27,65,6,"0066",556,40,"post_fragmentation",50,0.7,0.8,"random",127,1,12
1,977,20,27,65,6,"0066",556,40,"post_fragmentation",50,0.7,0.8,"random",130,1,12
1,977,20,27,65,6,"0066",556,40,"post_fragmentation",50,0.7,0.8,"random",137,2,12
1,977,20,27,65,6,"0066",556,40,"post_fragmentation",50,0.7,0.8,"random",150,1,12
1,977,20,27,65,6,"0066",556,40,"post_fragmentation",50,0.7,0.8,"random",164,3,12
1,977,20,27,65,6,"0066",556,40,"post_fragmentation",50,0.7,0.8,"random",169,1,12
1,977,20,27,65,6,"0066",556,40,"post_fragmentation",50,0.7,0.8,"random",178,1,12
1,977,20,27,65,6,"0066",556,40,"post_fragmentation",50,0.7,0.8,"random",184,1,12
1,977,20,27,65,6,"0066",556,40,"post_fragmentation",50,0.7,0.8,"random",189,1,12
1,977,20,27,65,6,"0066",556,40,"post_fragmentation",50,0.7,0.8,"random",195,1,12
1,977,20,27,65,6,"0066",556,40,"post_fragmentation",50,0.7,0.8,"random",207,1,12
1,977,20,27,65,6,"0066",556,40,"post_fragmentation",50,0.7,0.8,"random",210,1,12
1,977,20,27,65,6,"0066",556,40,"post_fragmentation",50,0.7,0.8,"random",219,2,12
1,977,20,27,65,6,"0066",556,40,"post_fragmentation",50,0.7,0.8,"random",225,1,12
1,977,20,27,65,6,"0066",556,40,"post_fragmentation",50,0.7,0.8,"random",232,3,12
1,977,20,27,65,6,"0066",556,40,"post_fragmentation",50,0.7,0.8,"random",253,1,12
1,977,20,27,65,6,"0066",556,40,"post_fragmentation",50,0.7,0.8,"random",260,1,12
1,977,20,27,65,6,"0066",556,40,"post_fragmentation",50,0.7,0.8,"random",274,1,12
1,977,20,27,65,6,"0066",556,40,"post_fragmentation",50,0.7,0.8,"random",275,1,12
2,1018,21,18,75,2,"0066",556,40,"post_fragmentation",50,0.7,0.8,"random",72,1,12
2,1018,21,18,75,2,"0066",556,40,"post_fragmentation",50,0.7,0.8,"random",91,1,12
2,1018,21,18,75,2,"0066",556,40,"post_fragmentation",50,0.7,0.8,"random",92,1,12
2,1018,21,18,75,2,"0066",556,40,"post_fragmentation",50,0.7,0.8,"random",93,1,12
2,1018,21,18,75,2,"0066",556,40,"post_fragmentation",50,0.7,0.8,"random",106,1,12
2,1018,21,18,75,2,"0066",556,40,"post_fragmentation",50,0.7,0.8,"random",109,1,12
2,1018,21,18,75,2,"0066",556,40,"post_fragmentation",50,0.7,0.8,"random",119,1,12
2,1018,21,18,75,2,"0066",556,40,"post_fragmentation",50,0.7,0.8,"random",122,1,12
2,1018,21,18,75,2,"0066",556,40,"post_fragmentation",50,0.7,0.8,"random",139,2,12
2,1018,21,18,75,2,"0066",556,40,"post_fragmentation",50,0.7,0.8,"random",143,1,12
2,1018,21,18,75,2,"0066",556,40,"post_fragmentation",50,0.7,0.8,"random",146,3,12
2,1018,21,18,75,2,"0066",556,40,"post_fragmentation",50,0.7,0.8,"random",150,1,12
2,1018,21,18,75,2,"0066",556,40,"post_fragmentation",50,0.7,0.8,"random",151,2,12
2,1018,21,18,75,2,"0066",556,40,"post_fragmentation",50,0.7,0.8,"random",156,1,12
2,1018,21,18,75,2,"0066",556,40,"post_fragmentation",50,0.7,0.8,"random",162,2,12
2,1018,21,18,75,2,"0066",556,40,"post_fragmentation",50,0.7,0.8,"random",164,1,12
2,1018,21,18,75,2,"0066",556,40,"post_fragmentation",50,0.7,0.8,"random",167,3,12
2,1018,21,18,75,2,"0066",556,40,"post_fragmentation",50,0.7,0.8,"random",172,1,12
2,1018,21,18,75,2,"0066",556,40,"post_fragmentation",50,0.7,0.8,"random",175,1,12
2,1018,21,18,75,2,"0066",556,40,"post_fragmentation",50,0.7,0.8,"random",178,1,12
2,1018,21,18,75,2,"0066",556,40,"post_fragmentation",50,0.7,0.8,"random",180,1,12
2,1018,21,18,75,2,"0066",556,40,"post_fragmentation",50,0.7,0.8,"random",191,1,12
2,1018,21,18,75,2,"0066",556,40,"post_fragmentation",50,0.7,0.8,"random",194,2,12
2,1018,21,18,75,2,"0066",556,40,"post_fragmentation",50,0.7,0.8,"random",197,1,12
2,1018,21,18,75,2,"0066",556,40,"post_fragmentation",50,0.7,0.8,"random",198,1,12
2,1018,21,18,75,2,"0066",556,40,"post_fragmentation",50,0.7,0.8,"random",200,3,12
2,1018,21,18,75,2,"0066",556,40,"post_fragmentation",50,0.7,0.8,"random",235,1,12
2,1018,21,18,75,2,"0066",556,40,"post_fragmentation",50,0.7,0.8,"random",239,1,12
2,1018,21,18,75,2,"0066",556,40,"post_fragmentation",50,0.7,0.8,"random",301,1,12
3,2123,43,23,154,2,"0066",556,40,"post_fragmentation",50,0.7,0.8,"random",331,1,12
3,2123,43,23,154,2,"0066",556,40,"post_fragmentation",50,0.7,0.8,"random",356,3,12
3,2123,43,23,154,2,"0066",556,40,"post_fragmentation",50,0.7,0.8,"random",361,1,12
3,2123,43,23,154,2,"0066",556,40,"post_fragmentation",50,0.7,0.8,"random",369,1,12
3,2123,43,23,154,2,"0066",556,40,"post_fragmentation",50,0.7,0.8,"random",372,1,12
3,2123,43,23,154,2,"0066",556,40,"post_fragmentation",50,0.7,0.8,"random",380,1,12
3,2123,43,23,154,2,"0066",556,40,"post_fragmentation",50,0.7,0.8,"random",398,1,12
3,2123,43,23,154,2,"0066",556,40,"post_fragmentation",50,0.7,0.8,"random",413,1,12
3,2123,43,23,154,2,"0066",556,40,"post_fragmentation",50,0.7,0.8,"random",422,3,12
3,2123,43,23,154,2,"0066",556,40,"post_fragmentation",50,0.7,0.8,"random",424,3,12
3,2123,43,23,154,2,"0066",556,40,"post_fragmentation",50,0.7,0.8,"random",426,2,12
3,2123,43,23,154,2,"0066",556,40,"post_fragmentation",50,0.7,0.8,"random",431,3,12
3,2123,43,23,154,2,"0066",556,40,"post_fragmentation",50,0.7,0.8,"random",446,2,12
3,2123,43,23,154,2,"0066",556,40,"post_fragmentation",50,0.7,0.8,"random",449,1,12
3,2123,43,23,154,2,"0066",556,40,"post_fragmentation",50,0.7,0.8,"random",465,1,12
3,2123,43,23,154,2,"0066",556,40,"post_fragmentation",50,0.7,0.8,"random",477,2,12
3,2123,43,23,154,2,"0066",556,40,"post_fragmentation",50,0.7,0.8,"random",479,1,12
3,2123,43,23,154,2,"0066",556,40,"post_fragmentation",50,0.7,0.8,"random",483,1,12
3,2123,43,23,154,2,"0066",556,40,"post_fragmentation",50,0.7,0.8,"random",497,1,12
3,2123,43,23,154,2,"0066",556,40,"post_fragmentation",50,0.7,0.8,"random",501,2,12
3,2123,43,23,154,2,"0066",556,40,"post_fragmentation",50,0.7,0.8,"random",503,1,12
3,2123,43,23,154,2,"0066",556,40,"post_fragmentation",50,0.7,0.8,"random",548,1,12
4,2125,43,25,136,14,"0066",556,40,"post_fragmentation",50,0.7,0.8,"random",299,1,12
4,2125,43,25,136,14,"0066",556,40,"post_fragmentation",50,0.7,0.8,"random",311,1,12
4,2125,43,25,136,14,"0066",556,40,"post_fragmentation",50,0.7,0.8,"random",356,1,12
4,2125,43,25,136,14,"0066",556,40,"post_fragmentation",50,0.7,0.8,"random",371,1,12
4,2125,43,25,136,14,"0066",556,40,"post_fragmentation",50,0.7,0.8,"random",378,1,12
4,2125,43,25,136,14,"0066",556,40,"post_fragmentation",50,0.7,0.8,"random",380,1,12
4,2125,43,25,136,14,"0066",556,40,"post_fragmentation",50,0.7,0.8,"random",384,1,12
4,2125,43,25,136,14,"0066",556,40,"post_fragmentation",50,0.7,0.8,"random",388,1,12
4,2125,43,25,136,14,"0066",556,40,"post_fragmentation",50,0.7,0.8,"random",392,1,12
4,2125,43,25,136,14,"0066",556,40,"post_fragmentation",50,0.7,0.8,"random",404,4,12
4,2125,43,25,136,14,"0066",556,40,"post_fragmentation",50,0.7,0.8,"random",412,1,12
4,2125,43,25,136,14,"0066",556,40,"post_fragmentation",50,0.7,0.8,"random",416,3,12
4,2125,43,25,136,14,"0066",556,40,"post_fragmentation",50,0.7,0.8,"random",420,1,12
4,2125,43,25,136,14,"0066",556,40,"post_fragmentation",50,0.7,0.8,"random",422,2,12
4,2125,43,25,136,14,"0066",556,40,"post_fragmentation",50,0.7,0.8,"random",426,1,12
4,2125,43,25,136,14,"0066",556,40,"post_fragmentation",50,0.7,0.8,"random",428,1,12
4,2125,43,25,136,14,"0066",556,40,"post_fragmentation",50,0.7,0.8,"random",434,1,12
4,2125,43,25,136,14,"0066",556,40,"post_fragmentation",50,0.7,0.8,"random",436,1,12
4,2125,43,25,136,14,"0066",556,40,"post_fragmentation",50,0.7,0.8,"random",438,3,12
4,2125,43,25,136,14,"0066",556,40,"post_fragmentation",50,0.7,0.8,"random",444,1,12
4,2125,43,25,136,14,"0066",556,40,"post_fragmentation",50,0.7,0.8,"random",446,2,12
4,2125,43,25,136,14,"0066",556,40,"post_fragmentation",50,0.7,0.8,"random",450,1,12
4,2125,43,25,136,14,"0066",556,40,"post_fragmentation",50,0.7,0.8,"random",459,2,12
4,2125,43,25,136,14,"0066",556,40,"post_fragmentation",50,0.7,0.8,"random",468,1,12
4,2125,43,25,136,14,"0066",556,40,"post_fragmentation",50,0.7,0.8,"random",545,3,12
4,2125,43,25,136,14,"0066",556,40,"post_fragmentation",50,0.7,0.8,"random",548,1,12
5,2037,41,37,150,1,"0066",556,40,"post_fragmentation",50,0.7,0.8,"random",448,1,12
5,2037,41,37,150,1,"0066",556,40,"post_fragmentation",50,0.7,0.8,"random",509,1,12
5,2037,41,37,150,1,"0066",556,40,"post_fragmentation",50,0.7,0.8,"random",554,1,12
5,2037,41,37,150,1,"0066",556,40,"post_fragmentation",50,0.7,0.8,"random",574,1,12
5,2037,41,37,150,1,"0066",556,40,"post_fragmentation",50,0.7,0.8,"random",590,1,12
5,2037,41,37,150,1,"0066",556,40,"post_fragmentation",50,0.7,0.8,"random",600,2,12
5,2037,41,37,150,1,"0066",556,40,"post_fragmentation",50,0.7,0.8,"random",607,1,12
5,2037,41,37,150,1,"0066",556,40,"post_fragmentation",50,0.7,0.8,"random",609,2,12
5,2037,41,37,150,1,"0066",556,40,"post_fragmentation",50,0.7,0.8,"random",629,1,12
5,2037,41,37,150,1,"0066",556,40,"post_fragmentation",50,0.7,0.8,"random",643,1,12
5,2037,41,37,150,1,"0066",556,40,"post_fragmentation",50,0.7,0.8,"random",644,2,12
5,2037,41,37,150,1,"0066",556,40,"post_fragmentation",50,0.7,0.8,"random",653,2,12
5,2037,41,37,150,1,"0066",556,40,"post_fragmentation",50,0.7,0.8,"random",654,3,12
5,2037,41,37,150,1,"0066",556,40,"post_fragmentation",50,0.7,0.8,"random",664,1,12
5,2037,41,37,150,1,"0066",556,40,"post_fragmentation",50,0.7,0.8,"random",666,1,12
5,2037,41,37,150,1,"0066",556,40,"post_fragmentation",50,0.7,0.8,"random",670,1,12
5,2037,41,37,150,1,"0066",556,40,"post_fragmentation",50,0.7,0.8,"random",674,2,12
5,2037,41,37,150,1,"0066",556,40,"post_fragmentation",50,0.7,0.8,"random",677,1,12
5,2037,41,37,150,1,"0066",556,40,"post_fragmentation",50,0.7,0.8,"random",681,2,12
5,2037,41,37,150,1,"0066",556,40,"post_fragmentation",50,0.7,0.8,"random",682,3,12
5,2037,41,37,150,1,"0066",556,40,"post_fragmentation",50,0.7,0.8,"random",694,1,12
5,2037,41,37,150,1,"0066",556,40,"post_fragmentation",50,0.7,0.8,"random",702,2,12
5,2037,41,37,150,1,"0066",556,40,"post_fragmentation",50,0.7,0.8,"random",703,1,12
5,2037,41,37,150,1,"0066",556,40,"post_fragmentation",50,0.7,0.8,"random",732,1,12
5,2037,41,37,150,1,"0066",556,40,"post_fragmentation",50,0.7,0.8,"random",758,1,12
5,2037,41,37,150,1,"0066",556,40,"post_fragmentation",50,0.7,0.8,"random",761,3,12
5,2037,41,37,150,1,"0066",556,40,"post_fragmentation",50,0.7,0.8,"random",779,1,12
6,2278,46,28,165,1,"0066",556,40,"post_fragmentation",50,0.7,0.8,"random",270,1,12
6,2278,46,28,165,1,"0066",556,40,"post_fragmentation",50,0.7,0.8,"random",344,1,12
6,2278,46,28,165,1,"0066",556,40,"post_fragmentation",50,0.7,0.8,"random",360,1,12
6,2278,46,28,165,1,"0066",556,40,"post_fragmentation",50,0.7,0.8,"random",370,2,12
6,2278,46,28,165,1,"0066",556,40,"post_fragmentation",50,0.7,0.8,"random",371,2,12
6,2278,46,28,165,1,"0066",556,40,"post_fragmentation",50,0.7,0.8,"random",377,2,12
6,2278,46,28,165,1,"0066",556,40,"post_fragmentation",50,0.7,0.8,"random",378,4,12
6,2278,46,28,165,1,"0066",556,40,"post_fragmentation",50,0.7,0.8,"random",380,1,12
6,2278,46,28,165,1,"0066",556,40,"post_fragmentation",50,0.7,0.8,"random",387,2,12
6,2278,46,28,165,1,"0066",556,40,"post_fragmentation",50,0.7,0.8,"random",401,2,12
6,2278,46,28,165,1,"0066",556,40,"post_fragmentation",50,0.7,0.8,"random",404,1,12
6,2278,46,28,165,1,"0066",556,40,"post_fragmentation",50,0.7,0.8,"random",412,1,12
6,2278,46,28,165,1,"0066",556,40,"post_fragmentation",50,0.7,0.8,"random",414,1,12
6,2278,46,28,165,1,"0066",556,40,"post_fragmentation",50,0.7,0.8,"random",416,1,12
6,2278,46,28,165,1,"0066",556,40,"post_fragmentation",50,0.7,0.8,"random",419,1,12
6,2278,46,28,165,1,"0066",556,40,"post_fragmentation",50,0.7,0.8,"random",420,1,12
6,2278,46,28,165,1,"0066",556,40,"post_fragmentation",50,0.7,0.8,"random",428,3,12
6,2278,46,28,165,1,"0066",556,40,"post_fragmentation",50,0.7,0.8,"random",430,1,12
6,2278,46,28,165,1,"0066",556,40,"post_fragmentation",50,0.7,0.8,"random",431,1,12
6,2278,46,28,165,1,"0066",556,40,"post_fragmentation",50,0.7,0.8,"random",434,1,12
6,2278,46,28,165,1,"0066",556,40,"post_fragmentation",50,0.7,0.8,"random",436,1,12
6,2278,46,28,165,1,"0066",556,40,"post_fragmentation",50,0.7,0.8,"random",446,1,12
6,2278,46,28,165,1,"0066",556,40,"post_fragmentation",50,0.7,0.8,"random",449,2,12
6,2278,46,28,165,1,"0066",556,40,"post_fragmentation",50,0.7,0.8,"random",465,1,12
6,2278,46,28,165,1,"0066",556,40,"post_fragmentation",50,0.7,0.8,"random",471,2,12
7,1218,25,18,85,2,"0066",556,40,"post_fragmentation",50,0.7,0.8,"random",70,1,12
7,1218,25,18,85,2,"0066",556,40,"post_fragmentation",50,0.7,0.8,"random",92,1,12
7,1218,25,18,85,2,"0066",556,40,"post_fragmentation",50,0.7,0.8,"random",96,1,12
7,1218,25,18,85,2,"0066",556,40,"post_fragmentation",50,0.7,0.8,"random",97,1,12
7,1218,25,18,85,2,"0066",556,40,"post_fragmentation",50,0.7,0.8,"random",115,1,12
7,1218,25,18,85,2,"0066",556,40,"post_fragmentation",50,0.7,0.8,"random",121,3,12
7,1218,25,18,85,2,"0066",556,40,"post_fragmentation",50,0.7,0.8,"random",124,3,12
7,1218,25,18,85,2,"0066",556,40,"post_fragmentation",50,0.7,0.8,"random",125,2,12
7,1218,25,18,85,2,"0066",556,40,"post_fragmentation",50,0.7,0.8,"random",126,1,12
7,1218,25,18,85,2,"0066",556,40,"post_fragmentation",50,0.7,0.8,"random",127,3,12
7,1218,25,18,85,2,"0066",556,40,"post_fragmentation",50,0.7,0.8,"random",130,1,12
7,1218,25,18,85,2,"0066",556,40,"post_fragmentation",50,0.7,0.8,"random",143,2,12
7,1218,25,18,85,2,"0066",556,40,"post_fragmentation",50,0.7,0.8,"random",146,3,12
7,1218,25,18,85,2,"0066",556,40,"post_fragmentation",50,0.7,0.8,"random",154,1,12
7,1218,25,18,85,2,"0066",556,40,"post_fragmentation",50,0.7,0.8,"random",162,1,12
7,1218,25,18,85,2,"0066",556,40,"post_fragmentation",50,0.7,0.8,"random",164,1,12
7,1218,25,18,85,2,"0066",556,40,"post_fragmentation",50,0.7,0.8,"random",166,1,12
7,1218,25,18,85,2,"0066",556,40,"post_fragmentation",50,0.7,0.8,"random",169,4,12
7,1218,25,18,85,2,"0066",556,40,"post_fragmentation",50,0.7,0.8,"random",170,1,12
7,1218,25,18,85,2,"0066",556,40,"post_fragmentation",50,0.7,0.8,"random",178,1,12
7,1218,25,18,85,2,"0066",556,40,"post_fragmentation",50,0.7,0.8,"random",189,2,12
7,1218,25,18,85,2,"0066",556,40,"post_fragmentation",50,0.7,0.8,"random",194,3,12
7,1218,25,18,85,2,"0066",556,40,"post_fragmentation",50,0.7,0.8,"random",198,1,12
7,1218,25,18,85,2,"0066",556,40,"post_fragmentation",50,0.7,0.8,"random",208,2,12
7,1218,25,18,85,2,"0066",556,40,"post_fragmentation",50,0.7,0.8,"random",210,1,12
7,1218,25,18,85,2,"0066",556,40,"post_fragmentation",50,0.7,0.8,"random",219,1,12
8,2134,43,34,155,3,"0066",556,40,"post_fragmentation",50,0.7,0.8,"random",445,1,12
8,2134,43,34,155,3,"0066",556,40,"post_fragmentation",50,0.7,0.8,"random",456,1,12
8,2134,43,34,155,3,"0066",556,40,"post_fragmentation",50,0.7,0.8,"random",475,1,12
8,2134,43,34,155,3,"0066",556,40,"post_fragmentation",50,0.7,0.8,"random",480,2,12
8,2134,43,34,155,3,"0066",556,40,"post_fragmentation",50,0.7,0.8,"random",482,2,12
8,2134,43,34,155,3,"0066",556,40,"post_fragmentation",50,0.7,0.8,"random",501,1,12
8,2134,43,34,155,3,"0066",556,40,"post_fragmentation",50,0.7,0.8,"random",503,2,12
8,2134,43,34,155,3,"0066",556,40,"post_fragmentation",50,0.7,0.8,"random",517,2,12
8,2134,43,34,155,3,"0066",556,40,"post_fragmentation",50,0.7,0.8,"random",522,3,12
8,2134,43,34,155,3,"0066",556,40,"post_fragmentation",50,0.7,0.8,"random",527,1,12
8,2134,43,34,155,3,"0066",556,40,"post_fragmentation",50,0.7,0.8,"random",533,2,12
8,2134,43,34,155,3,"0066",556,40,"post_fragmentation",50,0.7,0.8,"random",538,1,12
8,2134,43,34,155,3,"0066",556,40,"post_fragmentation",50,0.7,0.8,"random",545,1,12
8,2134,43,34,155,3,"0066",556,40,"post_fragmentation",50,0.7,0.8,"random",557,1,12
8,2134,43,34,155,3,"0066",556,40,"post_fragmentation",50,0.7,0.8,"random",559,1,12
8,2134,43,34,155,3,"0066",556,40,"post_fragmentation",50,0.7,0.8,"random",563,1,12
8,2134,43,34,155,3,"0066",556,40,"post_fragmentation",50,0.7,0.8,"random",571,1,12
8,2134,43,34,155,3,"0066",556,40,"post_fragmentation",50,0.7,0.8,"random",591,1,12
8,2134,43,34,155,3,"0066",556,40,"post_fragmentation",50,0.7,0.8,"random",592,1,12
8,2134,43,34,155,3,"0066",556,40,"post_fragmentation",50,0.7,0.8,"random",602,2,12
8,2134,43,34,155,3,"0066",556,40,"post_fragmentation",50,0.7,0.8,"random",627,1,12
8,2134,43,34,155,3,"0066",556,40,"post_fragmentation",50,0.7,0.8,"random",637,1,12
8,2134,43,34,155,3,"0066",556,40,"post_fragmentation",50,0.7,0.8,"random",666,1,12
8,2134,43,34,155,3,"0066",556,40,"post_fragmentation",50,0.7,0.8,"random",680,1,12
8,2134,43,34,155,3,"0066",556,40,"post_fragmentation",50,0.7,0.8,"random",718,1,12
9,343,7,43,25,1,"0066",556,40,"post_fragmentation",50,0.7,0.8,"random",4,1,12
9,343,7,43,25,1,"0066",556,40,"post_fragmentation",50,0.7,0.8,"random",22,1,12
9,343,7,43,25,1,"0066",556,40,"post_fragmentation",50,0.7,0.8,"random",38,1,12
9,343,7,43,25,1,"0066",556,40,"post_fragmentation",50,0.7,0.8,"random",40,3,12
9,343,7,43,25,1,"0066",556,40,"post_fragmentation",50,0.7,0.8,"random",43,2,12
9,343,7,43,25,1,"0066",556,40,"post_fragmentation",50,0.7,0.8,"random",44,1,12
9,343,7,43,25,1,"0066",556,40,"post_fragmentation",50,0.7,0.8,"random",59,2,12
9,343,7,43,25,1,"0066",556,40,"post_fragmentation",50,0.7,0.8,"random",61,1,12
9,343,7,43,25,1,"0066",556,40,"post_fragmentation",50,0.7,0.8,"random",75,3,12
9,343,7,43,25,1,"0066",556,40,"post_fragmentation",50,0.7,0.8,"random",76,1,12
9,343,7,43,25,1,"0066",556,40,"post_fragmentation",50,0.7,0.8,"random",78,1,12
9,343,7,43,25,1,"0066",556,40,"post_fragmentation",50,0.7,0.8,"random",87,1,12
9,343,7,43,25,1,"0066",556,40,"post_fragmentation",50,0.7,0.8,"random",97,1,12
9,343,7,43,25,1,"0066",556,40,"post_fragmentation",50,0.7,0.8,"random",106,2,12
9,343,7,43,25,1,"0066",556,40,"post_fragmentation",50,0.7,0.8,"random",119,3,12
9,343,7,43,25,1,"0066",556,40,"post_fragmentation",50,0.7,0.8,"random",132,1,12
9,343,7,43,25,1,"0066",556,40,"post_fragmentation",50,0.7,0.8,"random",142,2,12
9,343,7,43,25,1,"0066",556,40,"post_fragmentation",50,0.7,0.8,"random",154,2,12
9,343,7,43,25,1,"0066",556,40,"post_fragmentation",50,0.7,0.8,"random",161,2,12
9,343,7,43,25,1,"0066",556,40,"post_fragmentation",50,0.7,0.8,"random",164,2,12
9,343,7,43,25,1,"0066",556,40,"post_fragmentation",50,0.7,0.8,"random",171,1,12
9,343,7,43,25,1,"0066",556,40,"post_fragmentation",50,0.7,0.8,"random",177,1,12
9,343,7,43,25,1,"0066",556,40,"post_fragmentation",50,0.7,0.8,"random",208,1,12
10,1991,40,41,142,3,"0066",556,40,"post_fragmentation",50,0.7,0.8,"random",459,1,12
10,1991,40,41,142,3,"0066",556,40,"post_fragmentation",50,0.7,0.8,"random",640,1,12
10,1991,40,41,142,3,"0066",556,40,"post_fragmentation",50,0.7,0.8,"random",701,1,12
10,1991,40,41,142,3,"0066",556,40,"post_fragmentation",50,0.7,0.8,"random",720,1,12
10,1991,40,41,142,3,"0066",556,40,"post_fragmentation",50,0.7,0.8,"random",721,2,12
10,1991,40,41,142,3,"0066",556,40,"post_fragmentation",50,0.7,0.8,"random",731,1,12
10,1991,40,41,142,3,"0066",556,40,"post_fragmentation",50,0.7,0.8,"random",736,2,12
10,1991,40,41,142,3,"0066",556,40,"post_fragmentation",50,0.7,0.8,"random",737,1,12
10,1991,40,41,142,3,"0066",556,40,"post_fragmentation",50,0.7,0.8,"random",741,4,12
10,1991,40,41,142,3,"0066",556,40,"post_fragmentation",50,0.7,0.8,"random",742,1,12
10,1991,40,41,142,3,"0066",556,40,"post_fragmentation",50,0.7,0.8,"random",746,2,12
10,1991,40,41,142,3,"0066",556,40,"post_fragmentation",50,0.7,0.8,"random",750,1,12
10,1991,40,41,142,3,"0066",556,40,"post_fragmentation",50,0.7,0.8,"random",751,1,12
10,1991,40,41,142,3,"0066",556,40,"post_fragmentation",50,0.7,0.8,"random",756,1,12
10,1991,40,41,142,3,"0066",556,40,"post_fragmentation",50,0.7,0.8,"random",762,1,12
10,1991,40,41,142,3,"0066",556,40,"post_fragmentation",50,0.7,0.8,"random",763,1,12
10,1991,40,41,142,3,"0066",556,40,"post_fragmentation",50,0.7,0.8,"random",765,2,12
10,1991,40,41,142,3,"0066",556,40,"post_fragmentation",50,0.7,0.8,"random",767,2,12
10,1991,40,41,142,3,"0066",556,40,"post_fragmentation",50,0.7,0.8,"random",771,1,12
10,1991,40,41,142,3,"0066",556,40,"post_fragmentation",50,0.7,0.8,"random",801,2,12
10,1991,40,41,142,3,"0066",556,40,"post_fragmentation",50,0.7,0.8,"random",806,1,12
10,1991,40,41,142,3,"0066",556,40,"post_fragmentation",50,0.7,0.8,"random",811,1,12
10,1991,40,41,142,3,"0066",556,40,"post_fragmentation",50,0.7,0.8,"random",821,1,12
10,1991,40,41,142,3,"0066",556,40,"post_fragmentation",50,0.7,0.8,"random",822,3,12
10,1991,40,41,142,3,"0066",556,40,"post_fragmentation",50,0.7,0.8,"random",828,1,12
10,1991,40,41,142,3,"0066",556,40,"post_fragmentation",50,0.7,0.8,"random",846,1,12
10,1991,40,41,142,3,"0066",556,40,"post_fragmentation",50,0.7,0.8,"random",847,1,12
10,1991,40,41,142,3,"0066",556,40,"post_fragmentation",50,0.7,0.8,"random",849,1,12
10,1991,40,41,142,3,"0066",556,40,"post_fragmentation",50,0.7,0.8,"random",888,1,12
10,1991,40,41,142,3,"0066",556,40,"post_fragmentation",50,0.7,0.8,"random",942,1,12
10,1991,40,41,142,3,"0066",556,40,"post_fragmentation",50,0.7,0.8,"random",943,1,12
11,831,17,31,46,11,"0066",556,40,"post_fragmentation",50,0.7,0.8,"random",64,1,12
11,831,17,31,46,11,"0066",556,40,"post_fragmentation",50,0.7,0.8,"random",135,1,12
11,831,17,31,46,11,"0066",556,40,"post_fragmentation",50,0.7,0.8,"random",165,1,12
11,831,17,31,46,11,"0066",556,40,"post_fragmentation",50,0.7,0.8,"random",178,1,12
11,831,17,31,46,11,"0066",556,40,"post_fragmentation",50,0.7,0.8,"random",179,1,12
11,831,17,31,46,11,"0066",556,40,"post_fragmentation",50,0.7,0.8,"random",185,1,12
11,831,17,31,46,11,"0066",556,40,"post_fragmentation",50,0.7,0.8,"random",188,2,12
11,831,17,31,46,11,"0066",556,40,"post_fragmentation",50,0.7,0.8,"random",191,1,12
11,831,17,31,46,11,"0066",556,40,"post_fragmentation",50,0.7,0.8,"random",195,2,12
11,831,17,31,46,11,"0066",556,40,"post_fragmentation",50,0.7,0.8,"random",202,2,12
11,831,17,31,46,11,"0066",556,40,"post_fragmentation",50,0.7,0.8,"random",206,1,12
11,831,17,31,46,11,"0066",556,40,"post_fragmentation",50,0.7,0.8,"random",208,2,12
11,831,17,31,46,11,"0066",556,40,"post_fragmentation",50,0.7,0.8,"random",219,1,12
11,831,17,31,46,11,"0066",556,40,"post_fragmentation",50,0.7,0.8,"random",221,1,12
11,831,17,31,46,11,"0066",556,40,"post_fragmentation",50,0.7,0.8,"random",226,4,12
11,831,17,31,46,11,"0066",556,40,"post_fragmentation",50,0.7,0.8,"random",227,1,12
11,831,17,31,46,11,"0066",556,40,"post_fragmentation",50,0.7,0.8,"random",228,1,12
11,831,17,31,46,11,"0066",556,40,"post_fragmentation",50,0.7,0.8,"random",238,1,12
11,831,17,31,46,11,"0066",556,40,"post_fragmentation",50,0.7,0.8,"random",242,1,12
11,831,17,31,46,11,"0066",556,40,"post_fragmentation",50,0.7,0.8,"random",245,2,12
11,831,17,31,46,11,"0066",556,40,"post_fragmentation",50,0.7,0.8,"random",275,1,12
11,831,17,31,46,11,"0066",556,40,"post_fragmentation",50,0.7,0.8,"random",281,1,12
11,831,17,31,46,11,"0066",556,40,"post_fragmentation",50,0.7,0.8,"random",291,1,12
12,1394,28,44,101,2,"0066",556,40,"post_fragmentation",50,0.7,0.8,"random",368,1,12
12,1394,28,44,101,2,"0066",556,40,"post_fragmentation",50,0.7,0.8,"random",406,2,12
12,1394,28,44,101,2,"0066",556,40,"post_fragmentation",50,0.7,0.8,"random",411,1,12
12,1394,28,44,101,2,"0066",556,40,"post_fragmentation",50,0.7,0.8,"random",413,5,12
12,1394,28,44,101,2,"0066",556,40,"post_fragmentation",50,0.7,0.8,"random",416,2,12
12,1394,28,44,101,2,"0066",556,40,"post_fragmentation",50,0.7,0.8,"random",430,2,12
12,1394,28,44,101,2,"0066",556,40,"post_fragmentation",50,0.7,0.8,"random",438,1,12
12,1394,28,44,101,2,"0066",556,40,"post_fragmentation",50,0.7,0.8,"random",441,1,12
12,1394,28,44,101,2,"0066",556,40,"post_fragmentation",50,0.7,0.8,"random",463,1,12
12,1394,28,44,101,2,"0066",556,40,"post_fragmentation",50,0.7,0.8,"random",464,1,12
12,1394,28,44,101,2,"0066",556,40,"post_fragmentation",50,0.7,0.8,"random",466,4,12
12,1394,28,44,101,2,"0066",556,40,"post_fragmentation",50,0.7,0.8,"random",469,1,12
12,1394,28,44,101,2,"0066",556,40,"post_fragmentation",50,0.7,0.8,"random",482,5,12
12,1394,28,44,101,2,"0066",556,40,"post_fragmentation",50,0.7,0.8,"random",503,1,12
12,1394,28,44,101,2,"0066",556,40,"post_fragmentation",50,0.7,0.8,"random",504,4,12
12,1394,28,44,101,2,"0066",556,40,"post_fragmentation",50,0.7,0.8,"random",522,1,12
12,1394,28,44,101,2,"0066",556,40,"post_fragmentation",50,0.7,0.8,"random",536,3,12
12,1394,28,44,101,2,"0066",556,40,"post_fragmentation",50,0.7,0.8,"random",538,1,12
12,1394,28,44,101,2,"0066",556,40,"post_fragmentation",50,0.7,0.8,"random",580,1,12
12,1394,28,44,101,2,"0066",556,40,"post_fragmentation",50,0.7,0.8,"random",608,1,12
13,1293,26,43,95,2,"0066",556,40,"post_fragmentation",50,0.7,0.8,"random",314,1,12
13,1293,26,43,95,2,"0066",556,40,"post_fragmentation",50,0.7,0.8,"random",331,1,12
13,1293,26,43,95,2,"0066",556,40,"post_fragmentation",50,0.7,0.8,"random",332,2,12
13,1293,26,43,95,2,"0066",556,40,"post_fragmentation",50,0.7,0.8,"random",336,1,12
13,1293,26,43,95,2,"0066",556,40,"post_fragmentation",50,0.7,0.8,"random",352,2,12
13,1293,26,43,95,2,"0066",556,40,"post_fragmentation",50,0.7,0.8,"random",356,1,12
13,1293,26,43,95,2,"0066",556,40,"post_fragmentation",50,0.7,0.8,"random",360,1,12
13,1293,26,43,95,2,"0066",556,40,"post_fragmentation",50,0.7,0.8,"random",366,2,12
13,1293,26,43,95,2,"0066",556,40,"post_fragmentation",50,0.7,0.8,"random",375,1,12
13,1293,26,43,95,2,"0066",556,40,"post_fragmentation",50,0.7,0.8,"random",378,2,12
13,1293,26,43,95,2,"0066",556,40,"post_fragmentation",50,0.7,0.8,"random",382,1,12
13,1293,26,43,95,2,"0066",556,40,"post_fragmentation",50,0.7,0.8,"random",388,2,12
13,1293,26,43,95,2,"0066",556,40,"post_fragmentation",50,0.7,0.8,"random",391,2,12
13,1293,26,43,95,2,"0066",556,40,"post_fragmentation",50,0.7,0.8,"random",396,2,12
13,1293,26,43,95,2,"0066",556,40,"post_fragmentation",50,0.7,0.8,"random",400,1,12
13,1293,26,43,95,2,"0066",556,40,"post_fragmentation",50,0.7,0.8,"random",413,1,12
13,1293,26,43,95,2,"0066",556,40,"post_fragmentation",50,0.7,0.8,"random",429,1,12
13,1293,26,43,95,2,"0066",556,40,"post_fragmentation",50,0.7,0.8,"random",448,1,12
13,1293,26,43,95,2,"0066",556,40,"post_fragmentation",50,0.7,0.8,"random",463,3,12
13,1293,26,43,95,2,"0066",556,40,"post_fragmentation",50,0.7,0.8,"random",464,1,12
13,1293,26,43,95,2,"0066",556,40,"post_fragmentation",50,0.7,0.8,"random",482,3,12
13,1293,26,43,95,2,"0066",556,40,"post_fragmentation",50,0.7,0.8,"random",496,2,12
14,1816,37,16,127,1,"0066",556,40,"post_fragmentation",50,0.7,0.8,"random",289,1,12
14,1816,37,16,127,1,"0066",556,40,"post_fragmentation",50,0.7,0.8,"random",332,1,12
14,1816,37,16,127,1,"0066",556,40,"post_fragmentation",50,0.7,0.8,"random",339,1,12
14,1816,37,16,127,1,"0066",556,40,"post_fragmentation",50,0.7,0.8,"random",341,1,12
14,1816,37,16,127,1,"0066",556,40,"post_fragmentation",50,0.7,0.8,"random",344,1,12
14,1816,37,16,127,1,"0066",556,40,"post_fragmentation",50,0.7,0.8,"random",356,2,12
14,1816,37,16,127,1,"0066",556,40,"post_fragmentation",50,0.7,0.8,"random",357,1,12
14,1816,37,16,127,1,"0066",556,40,"post_fragmentation",50,0.7,0.8,"random",372,1,12
14,1816,37,16,127,1,"0066",556,40,"post_fragmentation",50,0.7,0.8,"random",378,1,12
14,1816,37,16,127,1,"0066",556,40,"post_fragmentation",50,0.7,0.8,"random",384,1,12
14,1816,37,16,127,1,"0066",556,40,"post_fragmentation",50,0.7,0.8,"random",399,1,12
14,1816,37,16,127,1,"0066",556,40,"post_fragmentation",50,0.7,0.8,"random",413,1,12
14,1816,37,16,127,1,"0066",556,40,"post_fragmentation",50,0.7,0.8,"random",424,3,12
14,1816,37,16,127,1,"0066",556,40,"post_fragmentation",50,0.7,0.8,"random",430,1,12
14,1816,37,16,127,1,"0066",556,40,"post_fragmentation",50,0.7,0.8,"random",433,1,12
14,1816,37,16,127,1,"0066",556,40,"post_fragmentation",50,0.7,0.8,"random",444,1,12
14,1816,37,16,127,1,"0066",556,40,"post_fragmentation",50,0.7,0.8,"random",450,1,12
14,1816,37,16,127,1,"0066",556,40,"post_fragmentation",50,0.7,0.8,"random",453,2,12
14,1816,37,16,127,1,"0066",556,40,"post_fragmentation",50,0.7,0.8,"random",471,3,12
14,1816,37,16,127,1,"0066",556,40,"post_fragmentation",50,0.7,0.8,"random",482,1,12
14,1816,37,16,127,1,"0066",556,40,"post_fragmentation",50,0.7,0.8,"random",483,2,12
14,1816,37,16,127,1,"0066",556,40,"post_fragmentation",50,0.7,0.8,"random",492,1,12
14,1816,37,16,127,1,"0066",556,40,"post_fragmentation",50,0.7,0.8,"random",523,2,12
14,1816,37,16,127,1,"0066",556,40,"post_fragmentation",50,0.7,0.8,"random",531,2,12
14,1816,37,16,127,1,"0066",556,40,"post_fragmentation",50,0.7,0.8,"random",532,1,12
14,1816,37,16,127,1,"0066",556,40,"post_fragmentation",50,0.7,0.8,"random",533,1,12
14,1816,37,16,127,1,"0066",556,40,"post_fragmentation",50,0.7,0.8,"random",538,1,12
14,1816,37,16,127,1,"0066",556,40,"post_fragmentation",50,0.7,0.8,"random",548,1,12
14,1816,37,16,127,1,"0066",556,40,"post_fragmentation",50,0.7,0.8,"random",568,1,12
15,817,17,17,56,1,"0066",556,40,"post_fragmentation",50,0.7,0.8,"random",7,1,12
15,817,17,17,56,1,"0066",556,40,"post_fragmentation",50,0.7,0.8,"random",25,2,12
15,817,17,17,56,1,"0066",556,40,"post_fragmentation",50,0.7,0.8,"random",43,1,12
15,817,17,17,56,1,"0066",556,40,"post_fragmentation",50,0.7,0.8,"random",46,3,12
15,817,17,17,56,1,"0066",556,40,"post_fragmentation",50,0.7,0.8,"random",54,4,12
15,817,17,17,56,1,"0066",556,40,"post_fragmentation",50,0.7,0.8,"random",63,1,12
15,817,17,17,56,1,"0066",556,40,"post_fragmentation",50,0.7,0.8,"random",64,2,12
15,817,17,17,56,1,"0066",556,40,"post_fragmentation",50,0.7,0.8,"random",70,1,12
15,817,17,17,56,1,"0066",556,40,"post_fragmentation",50,0.7,0.8,"random",72,1,12
15,817,17,17,56,1,"0066",556,40,"post_fragmentation",50,0.7,0.8,"random",80,1,12
15,817,17,17,56,1,"0066",556,40,"post_fragmentation",50,0.7,0.8,"random",91,1,12
15,817,17,17,56,1,"0066",556,40,"post_fragmentation",50,0.7,0.8,"random",97,1,12
15,817,17,17,56,1,"0066",556,40,"post_fragmentation",50,0.7,0.8,"random",105,1,12
15,817,17,17,56,1,"0066",556,40,"post_fragmentation",50,0.7,0.8,"random",106,1,12
15,817,17,17,56,1,"0066",556,40,"post_fragmentation",50,0.7,0.8,"random",119,2,12
15,817,17,17,56,1,"0066",556,40,"post_fragmentation",50,0.7,0.8,"random",123,2,12
15,817,17,17,56,1,"0066",556,40,"post_fragmentation",50,0.7,0.8,"random",135,1,12
15,817,17,17,56,1,"0066",556,40,"post_fragmentation",50,0.7,0.8,"random",151,2,12
15,817,17,17,56,1,"0066",556,40,"post_fragmentation",50,0.7,0.8,"random",156,1,12
15,817,17,17,56,1,"0066",556,40,"post_fragmentation",50,0.7,0.8,"random",157,2,12
15,817,17,17,56,1,"0066",556,40,"post_fragmentation",50,0.7,0.8,"random",164,1,12
15,817,17,17,56,1,"0066",556,40,"post_fragmentation",50,0.7,0.8,"random",167,1,12
15,817,17,17,56,1,"0066",556,40,"post_fragmentation",50,0.7,0.8,"random",168,1,12
15,817,17,17,56,1,"0066",556,40,"post_fragmentation",50,0.7,0.8,"random",170,1,12
15,817,17,17,56,1,"0066",556,40,"post_fragmentation",50,0.7,0.8,"random",191,2,12
16,1725,35,25,115,5,"0066",556,40,"post_fragmentation",50,0.7,0.8,"random",164,1,12
16,1725,35,25,115,5,"0066",556,40,"post_fragmentation",50,0.7,0.8,"random",180,1,12
16,1725,35,25,115,5,"0066",556,40,"post_fragmentation",50,0.7,0.8,"random",202,2,12
16,1725,35,25,115,5,"0066",556,40,"post_fragmentation",50,0.7,0.8,"random",215,1,12
16,1725,35,25,115,5,"0066",556,40,"post_fragmentation",50,0.7,0.8,"random",223,2,12
16,1725,35,25,115,5,"0066",556,40,"post_fragmentation",50,0.7,0.8,"random",227,1,12
16,1725,35,25,115,5,"0066",556,40,"post_fragmentation",50,0.7,0.8,"random",238,1,12
16,1725,35,25,115,5,"0066",556,40,"post_fragmentation",50,0.7,0.8,"random",240,3,12
16,1725,35,25,115,5,"0066",556,40,"post_fragmentation",50,0.7,0.8,"random",262,5,12
16,1725,35,25,115,5,"0066",556,40,"post_fragmentation",50,0.7,0.8,"random",263,1,12
16,1725,35,25,115,5,"0066",556,40,"post_fragmentation",50,0.7,0.8,"random",265,9,12
16,1725,35,25,115,5,"0066",556,40,"post_fragmentation",50,0.7,0.8,"random",285,2,12
16,1725,35,25,115,5,"0066",556,40,"post_fragmentation",50,0.7,0.8,"random",301,1,12
16,1725,35,25,115,5,"0066",556,40,"post_fragmentation",50,0.7,0.8,"random",304,1,12
16,1725,35,25,115,5,"0066",556,40,"post_fragmentation",50,0.7,0.8,"random",311,2,12
16,1725,35,25,115,5,"0066",556,40,"post_fragmentation",50,0.7,0.8,"random",331,1,12
16,1725,35,25,115,5,"0066",556,40,"post_fragmentation",50,0.7,0.8,"random",339,1,12
16,1725,35,25,115,5,"0066",556,40,"post_fragmentation",50,0.7,0.8,"random",343,1,12
16,1725,35,25,115,5,"0066",556,40,"post_fragmentation",50,0.7,0.8,"random",351,1,12
16,1725,35,25,115,5,"0066",556,40,"post_fragmentation",50,0.7,0.8,"random",356,1,12
16,1725,35,25,115,5,"0066",556,40,"post_fragmentation",50,0.7,0.8,"random",357,1,12
16,1725,35,25,115,5,"0066",556,40,"post_fragmentation",50,0.7,0.8,"random",392,1,12
16,1725,35,25,115,5,"0066",556,40,"post_fragmentation",50,0.7,0.8,"random",404,1,12
17,1016,21,16,74,1,"0066",556,40,"post_fragmentation",50,0.7,0.8,"random",43,1,12
17,1016,21,16,74,1,"0066",556,40,"post_fragmentation",50,0.7,0.8,"random",64,1,12
17,1016,21,16,74,1,"0066",556,40,"post_fragmentation",50,0.7,0.8,"random",91,1,12
17,1016,21,16,74,1,"0066",556,40,"post_fragmentation",50,0.7,0.8,"random",100,1,12
17,1016,21,16,74,1,"0066",556,40,"post_fragmentation",50,0.7,0.8,"random",109,1,12
17,1016,21,16,74,1,"0066",556,40,"post_fragmentation",50,0.7,0.8,"random",116,1,12
17,1016,21,16,74,1,"0066",556,40,"post_fragmentation",50,0.7,0.8,"random",122,2,12
17,1016,21,16,74,1,"0066",556,40,"post_fragmentation",50,0.7,0.8,"random",135,2,12
17,1016,21,16,74,1,"0066",556,40,"post_fragmentation",50,0.7,0.8,"random",136,1,12
17,1016,21,16,74,1,"0066",556,40,"post_fragmentation",50,0.7,0.8,"random",138,1,12
17,1016,21,16,74,1,"0066",556,40,"post_fragmentation",50,0.7,0.8,"random",139,1,12
17,1016,21,16,74,1,"0066",556,40,"post_fragmentation",50,0.7,0.8,"random",143,2,12
17,1016,21,16,74,1,"0066",556,40,"post_fragmentation",50,0.7,0.8,"random",146,2,12
17,1016,21,16,74,1,"0066",556,40,"post_fragmentation",50,0.7,0.8,"random",152,1,12
17,1016,21,16,74,1,"0066",556,40,"post_fragmentation",50,0.7,0.8,"random",154,2,12
17,1016,21,16,74,1,"0066",556,40,"post_fragmentation",50,0.7,0.8,"random",156,2,12
17,1016,21,16,74,1,"0066",556,40,"post_fragmentation",50,0.7,0.8,"random",160,1,12
17,1016,21,16,74,1,"0066",556,40,"post_fragmentation",50,0.7,0.8,"random",164,5,12
17,1016,21,16,74,1,"0066",556,40,"post_fragmentation",50,0.7,0.8,"random",178,1,12
17,1016,21,16,74,1,"0066",556,40,"post_fragmentation",50,0.7,0.8,"random",182,2,12
17,1016,21,16,74,1,"0066",556,40,"post_fragmentation",50,0.7,0.8,"random",188,3,12
17,1016,21,16,74,1,"0066",556,40,"post_fragmentation",50,0.7,0.8,"random",194,1,12
17,1016,21,16,74,1,"0066",556,40,"post_fragmentation",50,0.7,0.8,"random",197,1,12
17,1016,21,16,74,1,"0066",556,40,"post_fragmentation",50,0.7,0.8,"random",202,2,12
17,1016,21,16,74,1,"0066",556,40,"post_fragmentation",50,0.7,0.8,"random",208,1,12
17,1016,21,16,74,1,"0066",556,40,"post_fragmentation",50,0.7,0.8,"random",235,1,12
17,1016,21,16,74,1,"0066",556,40,"post_fragmentation",50,0.7,0.8,"random",253,1,12
17,1016,21,16,74,1,"0066",556,40,"post_fragmentation",50,0.7,0.8,"random",259,1,12
17,1016,21,16,74,1,"0066",556,40,"post_fragmentation",50,0.7,0.8,"random",302,1,12
18,807,17,7,49,7,"0066",556,40,"post_fragmentation",50,0.7,0.8,"random",113,1,12
18,807,17,7,49,7,"0066",556,40,"post_fragmentation",50,0.7,0.8,"random",151,1,12
18,807,17,7,49,7,"0066",556,40,"post_fragmentation",50,0.7,0.8,"random",166,1,12
18,807,17,7,49,7,"0066",556,40,"post_fragmentation",50,0.7,0.8,"random",169,2,12
18,807,17,7,49,7,"0066",556,40,"post_fragmentation",50,0.7,0.8,"random",170,2,12
18,807,17,7,49,7,"0066",556,40,"post_fragmentation",50,0.7,0.8,"random",172,1,12
18,807,17,7,49,7,"0066",556,40,"post_fragmentation",50,0.7,0.8,"random",178,2,12
18,807,17,7,49,7,"0066",556,40,"post_fragmentation",50,0.7,0.8,"random",182,1,12
18,807,17,7,49,7,"0066",556,40,"post_fragmentation",50,0.7,0.8,"random",184,1,12
18,807,17,7,49,7,"0066",556,40,"post_fragmentation",50,0.7,0.8,"random",186,1,12
18,807,17,7,49,7,"0066",556,40,"post_fragmentation",50,0.7,0.8,"random",200,2,12
18,807,17,7,49,7,"0066",556,40,"post_fragmentation",50,0.7,0.8,"random",216,1,12
18,807,17,7,49,7,"0066",556,40,"post_fragmentation",50,0.7,0.8,"random",218,1,12
18,807,17,7,49,7,"0066",556,40,"post_fragmentation",50,0.7,0.8,"random",219,1,12
18,807,17,7,49,7,"0066",556,40,"post_fragmentation",50,0.7,0.8,"random",222,1,12
18,807,17,7,49,7,"0066",556,40,"post_fragmentation",50,0.7,0.8,"random",223,1,12
18,807,17,7,49,7,"0066",556,40,"post_fragmentation",50,0.7,0.8,"random",227,1,12
18,807,17,7,49,7,"0066",556,40,"post_fragmentation",50,0.7,0.8,"random",234,2,12
18,807,17,7,49,7,"0066",556,40,"post_fragmentation",50,0.7,0.8,"random",235,2,12
18,807,17,7,49,7,"0066",556,40,"post_fragmentation",50,0.7,0.8,"random",239,1,12
18,807,17,7,49,7,"0066",556,40,"post_fragmentation",50,0.7,0.8,"random",248,1,12
18,807,17,7,49,7,"0066",556,40,"post_fragmentation",50,0.7,0.8,"random",265,1,12
18,807,17,7,49,7,"0066",556,40,"post_fragmentation",50,0.7,0.8,"random",269,1,12
18,807,17,7,49,7,"0066",556,40,"post_fragmentation",50,0.7,0.8,"random",281,1,12
18,807,17,7,49,7,"0066",556,40,"post_fragmentation",50,0.7,0.8,"random",289,1,12
18,807,17,7,49,7,"0066",556,40,"post_fragmentation",50,0.7,0.8,"random",304,2,12
18,807,17,7,49,7,"0066",556,40,"post_fragmentation",50,0.7,0.8,"random",306,1,12
18,807,17,7,49,7,"0066",556,40,"post_fragmentation",50,0.7,0.8,"random",342,1,12
19,1775,36,25,115,5,"0066",556,40,"post_fragmentation",50,0.7,0.8,"random",180,1,12
19,1775,36,25,115,5,"0066",556,40,"post_fragmentation",50,0.7,0.8,"random",184,1,12
19,1775,36,25,115,5,"0066",556,40,"post_fragmentation",50,0.7,0.8,"random",194,1,12
19,1775,36,25,115,5,"0066",556,40,"post_fragmentation",50,0.7,0.8,"random",204,1,12
19,1775,36,25,115,5,"0066",556,40,"post_fragmentation",50,0.7,0.8,"random",240,5,12
19,1775,36,25,115,5,"0066",556,40,"post_fragmentation",50,0.7,0.8,"random",262,4,12
19,1775,36,25,115,5,"0066",556,40,"post_fragmentation",50,0.7,0.8,"random",265,2,12
19,1775,36,25,115,5,"0066",556,40,"post_fragmentation",50,0.7,0.8,"random",267,1,12
19,1775,36,25,115,5,"0066",556,40,"post_fragmentation",50,0.7,0.8,"random",274,1,12
19,1775,36,25,115,5,"0066",556,40,"post_fragmentation",50,0.7,0.8,"random",285,3,12
19,1775,36,25,115,5,"0066",556,40,"post_fragmentation",50,0.7,0.8,"random",289,2,12
19,1775,36,25,115,5,"0066",556,40,"post_fragmentation",50,0.7,0.8,"random",311,4,12
19,1775,36,25,115,5,"0066",556,40,"post_fragmentation",50,0.7,0.8,"random",318,2,12
19,1775,36,25,115,5,"0066",556,40,"post_fragmentation",50,0.7,0.8,"random",323,1,12
19,1775,36,25,115,5,"0066",556,40,"post_fragmentation",50,0.7,0.8,"random",331,1,12
19,1775,36,25,115,5,"0066",556,40,"post_fragmentation",50,0.7,0.8,"random",343,1,12
19,1775,36,25,115,5,"0066",556,40,"post_fragmentation",50,0.7,0.8,"random",356,1,12
19,1775,36,25,115,5,"0066",556,40,"post_fragmentation",50,0.7,0.8,"random",361,1,12
19,1775,36,25,115,5,"0066",556,40,"post_fragmentation",50,0.7,0.8,"random",364,1,12
19,1775,36,25,115,5,"0066",556,40,"post_fragmentation",50,0.7,0.8,"random",378,1,12
19,1775,36,25,115,5,"0066",556,40,"post_fragmentation",50,0.7,0.8,"random",388,1,12
19,1775,36,25,115,5,"0066",556,40,"post_fragmentation",50,0.7,0.8,"random",392,1,12
19,1775,36,25,115,5,"0066",556,40,"post_fragmentation",50,0.7,0.8,"random",401,1,12
19,1775,36,25,115,5,"0066",556,40,"post_fragmentation",50,0.7,0.8,"random",420,1,12
20,1680,34,30,110,7,"0066",556,40,"post_fragmentation",50,0.7,0.8,"random",311,1,12
20,1680,34,30,110,7,"0066",556,40,"post_fragmentation",50,0.7,0.8,"random",318,1,12
20,1680,34,30,110,7,"0066",556,40,"post_fragmentation",50,0.7,0.8,"random",344,1,12
20,1680,34,30,110,7,"0066",556,40,"post_fragmentation",50,0.7,0.8,"random",382,1,12
20,1680,34,30,110,7,"0066",556,40,"post_fragmentation",50,0.7,0.8,"random",387,1,12
20,1680,34,30,110,7,"0066",556,40,"post_fragmentation",50,0.7,0.8,"random",388,1,12
20,1680,34,30,110,7,"0066",556,40,"post_fragmentation",50,0.7,0.8,"random",403,4,12
20,1680,34,30,110,7,"0066",556,40,"post_fragmentation",50,0.7,0.8,"random",405,1,12
20,1680,34,30,110,7,"0066",556,40,"post_fragmentation",50,0.7,0.8,"random",416,1,12
20,1680,34,30,110,7,"0066",556,40,"post_fragmentation",50,0.7,0.8,"random",423,1,12
20,1680,34,30,110,7,"0066",556,40,"post_fragmentation",50,0.7,0.8,"random",425,1,12
20,1680,34,30,110,7,"0066",556,40,"post_fragmentation",50,0.7,0.8,"random",433,4,12
20,1680,34,30,110,7,"0066",556,40,"post_fragmentation",50,0.7,0.8,"random",438,2,12
20,1680,34,30,110,7,"0066",556,40,"post_fragmentation",50,0.7,0.8,"random",449,1,12
20,1680,34,30,110,7,"0066",556,40,"post_fragmentation",50,0.7,0.8,"random",453,2,12
20,1680,34,30,110,7,"0066",556,40,"post_fragmentation",50,0.7,0.8,"random",457,1,12
20,1680,34,30,110,7,"0066",556,40,"post_fragmentation",50,0.7,0.8,"random",459,1,12
20,1680,34,30,110,7,"0066",556,40,"post_fragmentation",50,0.7,0.8,"random",467,5,12
20,1680,34,30,110,7,"0066",556,40,"post_fragmentation",50,0.7,0.8,"random",472,1,12
20,1680,34,30,110,7,"0066",556,40,"post_fragmentation",50,0.7,0.8,"random",492,3,12
20,1680,34,30,110,7,"0066",556,40,"post_fragmentation",50,0.7,0.8,"random",504,6,12
20,1680,34,30,110,7,"0066",556,40,"post_fragmentation",50,0.7,0.8,"random",517,1,12
20,1680,34,30,110,7,"0066",556,40,"post_fragmentation",50,0.7,0.8,"random",552,1,12
20,1680,34,30,110,7,"0066",556,40,"post_fragmentation",50,0.7,0.8,"random",611,1,12
21,1147,23,47,84,1,"0066",556,40,"post_fragmentation",50,0.7,0.8,"random",211,1,12
21,1147,23,47,84,1,"0066",556,40,"post_fragmentation",50,0.7,0.8,"random",237,1,12
21,1147,23,47,84,1,"0066",556,40,"post_fragmentation",50,0.7,0.8,"random",238,1,12
21,1147,23,47,84,1,"0066",556,40,"post_fragmentation",50,0.7,0.8,"random",248,1,12
21,1147,23,47,84,1,"0066",556,40,"post_fragmentation",50,0.7,0.8,"random",259,2,12
21,1147,23,47,84,1,"0066",556,40,"post_fragmentation",50,0.7,0.8,"random",271,5,12
21,1147,23,47,84,1,"0066",556,40,"post_fragmentation",50,0.7,0.8,"random",283,2,12
21,1147,23,47,84,1,"0066",556,40,"post_fragmentation",50,0.7,0.8,"random",300,1,12
21,1147,23,47,84,1,"0066",556,40,"post_fragmentation",50,0.7,0.8,"random",304,1,12
21,1147,23,47,84,1,"0066",556,40,"post_fragmentation",50,0.7,0.8,"random",307,1,12
21,1147,23,47,84,1,"0066",556,40,"post_fragmentation",50,0.7,0.8,"random",320,1,12
21,1147,23,47,84,1,"0066",556,40,"post_fragmentation",50,0.7,0.8,"random",326,1,12
21,1147,23,47,84,1,"0066",556,40,"post_fragmentation",50,0.7,0.8,"random",330,1,12
21,1147,23,47,84,1,"0066",556,40,"post_fragmentation",50,0.7,0.8,"random",331,1,12
21,1147,23,47,84,1,"0066",556,40,"post_fragmentation",50,0.7,0.8,"random",338,1,12
21,1147,23,47,84,1,"0066",556,40,"post_fragmentation",50,0.7,0.8,"random",342,1,12
21,1147,23,47,84,1,"0066",556,40,"post_fragmentation",50,0.7,0.8,"random",343,1,12
21,1147,23,47,84,1,"0066",556,40,"post_fragmentation",50,0.7,0.8,"random",353,1,12
21,1147,23,47,84,1,"0066",556,40,"post_fragmentation",50,0.7,0.8,"random",357,2,12
21,1147,23,47,84,1,"0066",556,40,"post_fragmentation",50,0.7,0.8,"random",360,2,12
21,1147,23,47,84,1,"0066",556,40,"post_fragmentation",50,0.7,0.8,"random",374,1,12
21,1147,23,47,84,1,"0066",556,40,"post_fragmentation",50,0.7,0.8,"random",382,1,12
21,1147,23,47,84,1,"0066",556,40,"post_fragmentation",50,0.7,0.8,"random",388,1,12
21,1147,23,47,84,1,"0066",556,40,"post_fragmentation",50,0.7,0.8,"random",399,1,12
21,1147,23,47,84,1,"0066",556,40,"post_fragmentation",50,0.7,0.8,"random",400,1,12
21,1147,23,47,84,1,"0066",556,40,"post_fragmentation",50,0.7,0.8,"random",408,1,12
21,1147,23,47,84,1,"0066",556,40,"post_fragmentation",50,0.7,0.8,"random",416,1,12
21,1147,23,47,84,1,"0066",556,40,"post_fragmentation",50,0.7,0.8,"random",430,3,12
21,1147,23,47,84,1,"0066",556,40,"post_fragmentation",50,0.7,0.8,"random",433,1,12
21,1147,23,47,84,1,"0066",556,40,"post_fragmentation",50,0.7,0.8,"random",504,1,12
22,730,15,30,46,11,"0066",556,40,"post_fragmentation",50,0.7,0.8,"random",32,1,12
22,730,15,30,46,11,"0066",556,40,"post_fragmentation",50,0.7,0.8,"random",134,1,12
22,730,15,30,46,11,"0066",556,40,"post_fragmentation",50,0.7,0.8,"random",160,1,12
22,730,15,30,46,11,"0066",556,40,"post_fragmentation",50,0.7,0.8,"random",171,1,12
22,730,15,30,46,11,"0066",556,40,"post_fragmentation",50,0.7,0.8,"random",178,1,12
22,730,15,30,46,11,"0066",556,40,"post_fragmentation",50,0.7,0.8,"random",183,1,12
22,730,15,30,46,11,"0066",556,40,"post_fragmentation",50,0.7,0.8,"random",197,1,12
22,730,15,30,46,11,"0066",556,40,"post_fragmentation",50,0.7,0.8,"random",202,2,12
22,730,15,30,46,11,"0066",556,40,"post_fragmentation",50,0.7,0.8,"random",203,1,12
22,730,15,30,46,11,"0066",556,40,"post_fragmentation",50,0.7,0.8,"random",212,1,12
22,730,15,30,46,11,"0066",556,40,"post_fragmentation",50,0.7,0.8,"random",215,4,12
22,730,15,30,46,11,"0066",556,40,"post_fragmentation",50,0.7,0.8,"random",219,4,12
22,730,15,30,46,11,"0066",556,40,"post_fragmentation",50,0.7,0.8,"random",220,1,12
22,730,15,30,46,11,"0066",556,40,"post_fragmentation",50,0.7,0.8,"random",226,4,12
22,730,15,30,46,11,"0066",556,40,"post_fragmentation",50,0.7,0.8,"random",228,1,12
22,730,15,30,46,11,"0066",556,40,"post_fragmentation",50,0.7,0.8,"random",232,2,12
22,730,15,30,46,11,"0066",556,40,"post_fragmentation",50,0.7,0.8,"random",238,1,12
22,730,15,30,46,11,"0066",556,40,"post_fragmentation",50,0.7,0.8,"random",241,1,12
22,730,15,30,46,11,"0066",556,40,"post_fragmentation",50,0.7,0.8,"random",242,4,12
22,730,15,30,46,11,"0066",556,40,"post_fragmentation",50,0.7,0.8,"random",245,1,12
22,730,15,30,46,11,"0066",556,40,"post_fragmentation",50,0.7,0.8,"random",252,1,12
22,730,15,30,46,11,"0066",556,40,"post_fragmentation",50,0.7,0.8,"random",260,1,12
22,730,15,30,46,11,"0066",556,40,"post_fragmentation",50,0.7,0.8,"random",275,1,12
22,730,15,30,46,11,"0066",556,40,"post_fragmentation",50,0.7,0.8,"random",284,2,12
22,730,15,30,46,11,"0066",556,40,"post_fragmentation",50,0.7,0.8,"random",293,1,12
23,639,13,39,39,4,"0066",556,40,"post_fragmentation",50,0.7,0.8,"random",3,1,12
23,639,13,39,39,4,"0066",556,40,"post_fragmentation",50,0.7,0.8,"random",23,1,12
23,639,13,39,39,4,"0066",556,40,"post_fragmentation",50,0.7,0.8,"random",27,2,12
23,639,13,39,39,4,"0066",556,40,"post_fragmentation",50,0.7,0.8,"random",28,1,12
23,639,13,39,39,4,"0066",556,40,"post_fragmentation",50,0.7,0.8,"random",32,2,12
23,639,13,39,39,4,"0066",556,40,"post_fragmentation",50,0.7,0.8,"random",33,1,12
23,639,13,39,39,4,"0066",556,40,"post_fragmentation",50,0.7,0.8,"random",37,1,12
23,639,13,39,39,4,"0066",556,40,"post_fragmentation",50,0.7,0.8,"random",38,2,12
23,639,13,39,39,4,"0066",556,40,"post_fragmentation",50,0.7,0.8,"random",40,1,12
23,639,13,39,39,4,"0066",556,40,"post_fragmentation",50,0.7,0.8,"random",42,1,12
23,639,13,39,39,4,"0066",556,40,"post_fragmentation",50,0.7,0.8,"random",43,1,12
23,639,13,39,39,4,"0066",556,40,"post_fragmentation",50,0.7,0.8,"random",45,1,12
23,639,13,39,39,4,"0066",556,40,"post_fragmentation",50,0.7,0.8,"random",47,1,12
23,639,13,39,39,4,"0066",556,40,"post_fragmentation",50,0.7,0.8,"random",54,1,12
23,639,13,39,39,4,"0066",556,40,"post_fragmentation",50,0.7,0.8,"random",63,1,12
23,639,13,39,39,4,"0066",556,40,"post_fragmentation",50,0.7,0.8,"random",67,1,12
23,639,13,39,39,4,"0066",556,40,"post_fragmentation",50,0.7,0.8,"random",68,3,12
23,639,13,39,39,4,"0066",556,40,"post_fragmentation",50,0.7,0.8,"random",73,2,12
23,639,13,39,39,4,"0066",556,40,"post_fragmentation",50,0.7,0.8,"random",83,1,12
23,639,13,39,39,4,"0066",556,40,"post_fragmentation",50,0.7,0.8,"random",119,1,12
23,639,13,39,39,4,"0066",556,40,"post_fragmentation",50,0.7,0.8,"random",124,1,12
23,639,13,39,39,4,"0066",556,40,"post_fragmentation",50,0.7,0.8,"random",134,1,12
23,639,13,39,39,4,"0066",556,40,"post_fragmentation",50,0.7,0.8,"random",136,1,12
23,639,13,39,39,4,"0066",556,40,"post_fragmentation",50,0.7,0.8,"random",149,1,12
23,639,13,39,39,4,"0066",556,40,"post_fragmentation",50,0.7,0.8,"random",165,2,12
23,639,13,39,39,4,"0066",556,40,"post_fragmentation",50,0.7,0.8,"random",177,1,12
23,639,13,39,39,4,"0066",556,40,"post_fragmentation",50,0.7,0.8,"random",188,1,12
23,639,13,39,39,4,"0066",556,40,"post_fragmentation",50,0.7,0.8,"random",203,1,12
23,639,13,39,39,4,"0066",556,40,"post_fragmentation",50,0.7,0.8,"random",209,1,12
23,639,13,39,39,4,"0066",556,40,"post_fragmentation",50,0.7,0.8,"random",215,1,12
23,639,13,39,39,4,"0066",556,40,"post_fragmentation",50,0.7,0.8,"random",225,1,12
23,639,13,39,39,4,"0066",556,40,"post_fragmentation",50,0.7,0.8,"random",238,1,12
24,1363,28,13,99,1,"0066",556,40,"post_fragmentation",50,0.7,0.8,"random",96,1,12
24,1363,28,13,99,1,"0066",556,40,"post_fragmentation",50,0.7,0.8,"random",115,1,12
24,1363,28,13,99,1,"0066",556,40,"post_fragmentation",50,0.7,0.8,"random",125,1,12
24,1363,28,13,99,1,"0066",556,40,"post_fragmentation",50,0.7,0.8,"random",127,2,12
24,1363,28,13,99,1,"0066",556,40,"post_fragmentation",50,0.7,0.8,"random",136,1,12
24,1363,28,13,99,1,"0066",556,40,"post_fragmentation",50,0.7,0.8,"random",137,1,12
24,1363,28,13,99,1,"0066",556,40,"post_fragmentation",50,0.7,0.8,"random",143,1,12
24,1363,28,13,99,1,"0066",556,40,"post_fragmentation",50,0.7,0.8,"random",164,2,12
24,1363,28,13,99,1,"0066",556,40,"post_fragmentation",50,0.7,0.8,"random",167,1,12
24,1363,28,13,99,1,"0066",556,40,"post_fragmentation",50,0.7,0.8,"random",168,1,12
24,1363,28,13,99,1,"0066",556,40,"post_fragmentation",50,0.7,0.8,"random",169,3,12
24,1363,28,13,99,1,"0066",556,40,"post_fragmentation",50,0.7,0.8,"random",171,1,12
24,1363,28,13,99,1,"0066",556,40,"post_fragmentation",50,0.7,0.8,"random",190,2,12
24,1363,28,13,99,1,"0066",556,40,"post_fragmentation",50,0.7,0.8,"random",194,3,12
24,1363,28,13,99,1,"0066",556,40,"post_fragmentation",50,0.7,0.8,"random",204,1,12
24,1363,28,13,99,1,"0066",556,40,"post_fragmentation",50,0.7,0.8,"random",214,1,12
24,1363,28,13,99,1,"0066",556,40,"post_fragmentation",50,0.7,0.8,"random",238,2,12
24,1363,28,13,99,1,"0066",556,40,"post_fragmentation",50,0.7,0.8,"random",249,2,12
24,1363,28,13,99,1,"0066",556,40,"post_fragmentation",50,0.7,0.8,"random",250,3,12
24,1363,28,13,99,1,"0066",556,40,"post_fragmentation",50,0.7,0.8,"random",254,1,12
24,1363,28,13,99,1,"0066",556,40,"post_fragmentation",50,0.7,0.8,"random",302,1,12
24,1363,28,13,99,1,"0066",556,40,"post_fragmentation",50,0.7,0.8,"random",375,1,12
25,1253,26,3,93,1,"0066",556,40,"post_fragmentation",50,0.7,0.8,"random",330,1,12
25,1253,26,3,93,1,"0066",556,40,"post_fragmentation",50,0.7,0.8,"random",353,1,12
25,1253,26,3,93,1,"0066",556,40,"post_fragmentation",50,0.7,0.8,"random",370,1,12
25,1253,26,3,93,1,"0066",556,40,"post_fragmentation",50,0.7,0.8,"random",374,1,12
25,1253,26,3,93,1,"0066",556,40,"post_fragmentation",50,0.7,0.8,"random",375,5,12
25,1253,26,3,93,1,"0066",556,40,"post_fragmentation",50,0.7,0.8,"random",380,2,12
25,1253,26,3,93,1,"0066",556,40,"post_fragmentation",50,0.7,0.8,"random",382,3,12
25,1253,26,3,93,1,"0066",556,40,"post_fragmentation",50,0.7,0.8,"random",384,4,12
25,1253,26,3,93,1,"0066",556,40,"post_fragmentation",50,0.7,0.8,"random",391,1,12
25,1253,26,3,93,1,"0066",556,40,"post_fragmentation",50,0.7,0.8,"random",397,2,12
25,1253,26,3,93,1,"0066",556,40,"post_fragmentation",50,0.7,0.8,"random",399,2,12
25,1253,26,3,93,1,"0066",556,40,"post_fragmentation",50,0.7,0.8,"random",401,1,12
25,1253,26,3,93,1,"0066",556,40,"post_fragmentation",50,0.7,0.8,"random",404,2,12
25,1253,26,3,93,1,"0066",556,40,"post_fragmentation",50,0.7,0.8,"random",406,1,12
25,1253,26,3,93,1,"0066",556,40,"post_fragmentation",50,0.7,0.8,"random",408,2,12
25,1253,26,3,93,1,"0066",556,40,"post_fragmentation",50,0.7,0.8,"random",411,1,12
25,1253,26,3,93,1,"0066",556,40,"post_fragmentation",50,0.7,0.8,"random",433,2,12
25,1253,26,3,93,1,"0066",556,40,"post_fragmentation",50,0.7,0.8,"random",439,1,12
25,1253,26,3,93,1,"0066",556,40,"post_fragmentation",50,0.7,0.8,"random",453,2,12
25,1253,26,3,93,1,"0066",556,40,"post_fragmentation",50,0.7,0.8,"random",469,1,12
25,1253,26,3,93,1,"0066",556,40,"post_fragmentation",50,0.7,0.8,"random",474,1,12
25,1253,26,3,93,1,"0066",556,40,"post_fragmentation",50,0.7,0.8,"random",477,1,12
25,1253,26,3,93,1,"0066",556,40,"post_fragmentation",50,0.7,0.8,"random",482,1,12
25,1253,26,3,93,1,"0066",556,40,"post_fragmentation",50,0.7,0.8,"random",484,1,12
26,989,20,39,72,3,"0066",556,40,"post_fragmentation",50,0.7,0.8,"random",208,1,12
26,989,20,39,72,3,"0066",556,40,"post_fragmentation",50,0.7,0.8,"random",215,1,12
26,989,20,39,72,3,"0066",556,40,"post_fragmentation",50,0.7,0.8,"random",226,1,12
26,989,20,39,72,3,"0066",556,40,"post_fragmentation",50,0.7,0.8,"random",231,1,12
26,989,20,39,72,3,"0066",556,40,"post_fragmentation",50,0.7,0.8,"random",245,1,12
26,989,20,39,72,3,"0066",556,40,"post_fragmentation",50,0.7,0.8,"random",248,1,12
26,989,20,39,72,3,"0066",556,40,"post_fragmentation",50,0.7,0.8,"random",268,1,12
26,989,20,39,72,3,"0066",556,40,"post_fragmentation",50,0.7,0.8,"random",274,1,12
26,989,20,39,72,3,"0066",556,40,"post_fragmentation",50,0.7,0.8,"random",275,3,12
26,989,20,39,72,3,"0066",556,40,"post_fragmentation",50,0.7,0.8,"random",285,1,12
26,989,20,39,72,3,"0066",556,40,"post_fragmentation",50,0.7,0.8,"random",293,4,12
26,989,20,39,72,3,"0066",556,40,"post_fragmentation",50,0.7,0.8,"random",299,2,12
26,989,20,39,72,3,"0066",556,40,"post_fragmentation",50,0.7,0.8,"random",300,2,12
26,989,20,39,72,3,"0066",556,40,"post_fragmentation",50,0.7,0.8,"random",307,2,12
26,989,20,39,72,3,"0066",556,40,"post_fragmentation",50,0.7,0.8,"random",310,3,12
26,989,20,39,72,3,"0066",556,40,"post_fragmentation",50,0.7,0.8,"random",312,1,12
26,989,20,39,72,3,"0066",556,40,"post_fragmentation",50,0.7,0.8,"random",330,2,12
26,989,20,39,72,3,"0066",556,40,"post_fragmentation",50,0.7,0.8,"random",332,1,12
26,989,20,39,72,3,"0066",556,40,"post_fragmentation",50,0.7,0.8,"random",336,1,12
26,989,20,39,72,3,"0066",556,40,"post_fragmentation",50,0.7,0.8,"random",342,2,12
26,989,20,39,72,3,"0066",556,40,"post_fragmentation",50,0.7,0.8,"random",368,1,12
26,989,20,39,72,3,"0066",556,40,"post_fragmentation",50,0.7,0.8,"random",372,1,12
27,773,16,23,53,6,"0066",556,40,"post_fragmentation",50,0.7,0.8,"random",94,1,12
27,773,16,23,53,6,"0066",556,40,"post_fragmentation",50,0.7,0.8,"random",100,1,12
27,773,16,23,53,6,"0066",556,40,"post_fragmentation",50,0.7,0.8,"random",105,1,12
27,773,16,23,53,6,"0066",556,40,"post_fragmentation",50,0.7,0.8,"random",123,1,12
27,773,16,23,53,6,"0066",556,40,"post_fragmentation",50,0.7,0.8,"random",143,1,12
27,773,16,23,53,6,"0066",556,40,"post_fragmentation",50,0.7,0.8,"random",146,2,12
27,773,16,23,53,6,"0066",556,40,"post_fragmentation",50,0.7,0.8,"random",150,1,12
27,773,16,23,53,6,"0066",556,40,"post_fragmentation",50,0.7,0.8,"random",154,2,12
27,773,16,23,53,6,"0066",556,40,"post_fragmentation",50,0.7,0.8,"random",156,1,12
27,773,16,23,53,6,"0066",556,40,"post_fragmentation",50,0.7,0.8,"random",157,1,12
27,773,16,23,53,6,"0066",556,40,"post_fragmentation",50,0.7,0.8,"random",164,1,12
27,773,16,23,53,6,"0066",556,40,"post_fragmentation",50,0.7,0.8,"random",166,1,12
27,773,16,23,53,6,"0066",556,40,"post_fragmentation",50,0.7,0.8,"random",172,1,12
27,773,16,23,53,6,"0066",556,40,"post_fragmentation",50,0.7,0.8,"random",175,3,12
27,773,16,23,53,6,"0066",556,40,"post_fragmentation",50,0.7,0.8,"random",183,1,12
27,773,16,23,53,6,"0066",556,40,"post_fragmentation",50,0.7,0.8,"random",184,1,12
27,773,16,23,53,6,"0066",556,40,"post_fragmentation",50,0.7,0.8,"random",185,1,12
27,773,16,23,53,6,"0066",556,40,"post_fragmentation",50,0.7,0.8,"random",188,1,12
27,773,16,23,53,6,"0066",556,40,"post_fragmentation",50,0.7,0.8,"random",191,1,12
27,773,16,23,53,6,"0066",556,40,"post_fragmentation",50,0.7,0.8,"random",192,1,12
27,773,16,23,53,6,"0066",556,40,"post_fragmentation",50,0.7,0.8,"random",193,1,12
27,773,16,23,53,6,"0066",556,40,"post_fragmentation",50,0.7,0.8,"random",200,1,12
27,773,16,23,53,6,"0066",556,40,"post_fragmentation",50,0.7,0.8,"random",210,1,12
27,773,16,23,53,6,"0066",556,40,"post_fragmentation",50,0.7,0.8,"random",215,7,12
27,773,16,23,53,6,"0066",556,40,"post_fragmentation",50,0.7,0.8,"random",221,1,12
27,773,16,23,53,6,"0066",556,40,"post_fragmentation",50,0.7,0.8,"random",225,1,12
27,773,16,23,53,6,"0066",556,40,"post_fragmentation",50,0.7,0.8,"random",260,1,12
27,773,16,23,53,6,"0066",556,40,"post_fragmentation",50,0.7,0.8,"random",275,1,12
27,773,16,23,53,6,"0066",556,40,"post_fragmentation",50,0.7,0.8,"random",281,1,12
28,1845,37,45,132,1,"0066",556,40,"post_fragmentation",50,0.7,0.8,"random",721,1,12
28,1845,37,45,132,1,"0066",556,40,"post_fragmentation",50,0.7,0.8,"random",746,1,12
28,1845,37,45,132,1,"0066",556,40,"post_fragmentation",50,0.7,0.8,"random",796,1,12
28,1845,37,45,132,1,"0066",556,40,"post_fragmentation",50,0.7,0.8,"random",833,1,12
28,1845,37,45,132,1,"0066",556,40,"post_fragmentation",50,0.7,0.8,"random",840,3,12
28,1845,37,45,132,1,"0066",556,40,"post_fragmentation",50,0.7,0.8,"random",844,1,12
28,1845,37,45,132,1,"0066",556,40,"post_fragmentation",50,0.7,0.8,"random",854,1,12
28,1845,37,45,132,1,"0066",556,40,"post_fragmentation",50,0.7,0.8,"random",855,1,12
28,1845,37,45,132,1,"0066",556,40,"post_fragmentation",50,0.7,0.8,"random",857,1,12
28,1845,37,45,132,1,"0066",556,40,"post_fragmentation",50,0.7,0.8,"random",862,2,12
28,1845,37,45,132,1,"0066",556,40,"post_fragmentation",50,0.7,0.8,"random",865,1,12
28,1845,37,45,132,1,"0066",556,40,"post_fragmentation",50,0.7,0.8,"random",876,1,12
28,1845,37,45,132,1,"0066",556,40,"post_fragmentation",50,0.7,0.8,"random",881,1,12
28,1845,37,45,132,1,"0066",556,40,"post_fragmentation",50,0.7,0.8,"random",884,1,12
28,1845,37,45,132,1,"0066",556,40,"post_fragmentation",50,0.7,0.8,"random",886,1,12
28,1845,37,45,132,1,"0066",556,40,"post_fragmentation",50,0.7,0.8,"random",888,1,12
28,1845,37,45,132,1,"0066",556,40,"post_fragmentation",50,0.7,0.8,"random",890,2,12
28,1845,37,45,132,1,"0066",556,40,"post_fragmentation",50,0.7,0.8,"random",893,1,12
28,1845,37,45,132,1,"0066",556,40,"post_fragmentation",50,0.7,0.8,"random",899,2,12
28,1845,37,45,132,1,"0066",556,40,"post_fragmentation",50,0.7,0.8,"random",902,2,12
28,1845,37,45,132,1,"0066",556,40,"post_fragmentation",50,0.7,0.8,"random",906,1,12
28,1845,37,45,132,1,"0066",556,40,"post_fragmentation",50,0.7,0.8,"random",928,1,12
28,1845,37,45,132,1,"0066",556,40,"post_fragmentation",50,0.7,0.8,"random",931,2,12
28,1845,37,45,132,1,"0066",556,40,"post_fragmentation",50,0.7,0.8,"random",942,3,12
28,1845,37,45,132,1,"0066",556,40,"post_fragmentation",50,0.7,0.8,"random",944,1,12
28,1845,37,45,132,1,"0066",556,40,"post_fragmentation",50,0.7,0.8,"random",965,1,12
29,1207,25,7,86,2,"0066",556,40,"post_fragmentation",50,0.7,0.8,"random",188,1,12
29,1207,25,7,86,2,"0066",556,40,"post_fragmentation",50,0.7,0.8,"random",271,1,12
29,1207,25,7,86,2,"0066",556,40,"post_fragmentation",50,0.7,0.8,"random",340,2,12
29,1207,25,7,86,2,"0066",556,40,"post_fragmentation",50,0.7,0.8,"random",342,1,12
29,1207,25,7,86,2,"0066",556,40,"post_fragmentation",50,0.7,0.8,"random",345,4,12
29,1207,25,7,86,2,"0066",556,40,"post_fragmentation",50,0.7,0.8,"random",357,1,12
29,1207,25,7,86,2,"0066",556,40,"post_fragmentation",50,0.7,0.8,"random",363,2,12
29,1207,25,7,86,2,"0066",556,40,"post_fragmentation",50,0.7,0.8,"random",369,1,12
29,1207,25,7,86,2,"0066",556,40,"post_fragmentation",50,0.7,0.8,"random",370,1,12
29,1207,25,7,86,2,"0066",556,40,"post_fragmentation",50,0.7,0.8,"random",375,2,12
29,1207,25,7,86,2,"0066",556,40,"post_fragmentation",50,0.7,0.8,"random",380,2,12
29,1207,25,7,86,2,"0066",556,40,"post_fragmentation",50,0.7,0.8,"random",396,1,12
29,1207,25,7,86,2,"0066",556,40,"post_fragmentation",50,0.7,0.8,"random",399,1,12
29,1207,25,7,86,2,"0066",556,40,"post_fragmentation",50,0.7,0.8,"random",401,2,12
29,1207,25,7,86,2,"0066",556,40,"post_fragmentation",50,0.7,0.8,"random",404,1,12
29,1207,25,7,86,2,"0066",556,40,"post_fragmentation",50,0.7,0.8,"random",411,3,12
29,1207,25,7,86,2,"0066",556,40,"post_fragmentation",50,0.7,0.8,"random",425,2,12
29,1207,25,7,86,2,"0066",556,40,"post_fragmentation",50,0.7,0.8,"random",433,4,12
29,1207,25,7,86,2,"0066",556,40,"post_fragmentation",50,0.7,0.8,"random",443,1,12
29,1207,25,7,86,2,"0066",556,40,"post_fragmentation",50,0.7,0.8,"random",448,1,12
29,1207,25,7,86,2,"0066",556,40,"post_fragmentation",50,0.7,0.8,"random",451,5,12
30,1012,21,12,70,2,"0066",556,40,"post_fragmentation",50,0.7,0.8,"random",157,2,12
30,1012,21,12,70,2,"0066",556,40,"post_fragmentation",50,0.7,0.8,"random",162,2,12
30,1012,21,12,70,2,"0066",556,40,"post_fragmentation",50,0.7,0.8,"random",167,1,12
30,1012,21,12,70,2,"0066",556,40,"post_fragmentation",50,0.7,0.8,"random",170,1,12
30,1012,21,12,70,2,"0066",556,40,"post_fragmentation",50,0.7,0.8,"random",182,2,12
30,1012,21,12,70,2,"0066",556,40,"post_fragmentation",50,0.7,0.8,"random",188,1,12
30,1012,21,12,70,2,"0066",556,40,"post_fragmentation",50,0.7,0.8,"random",208,2,12
30,1012,21,12,70,2,"0066",556,40,"post_fragmentation",50,0.7,0.8,"random",210,1,12
30,1012,21,12,70,2,"0066",556,40,"post_fragmentation",50,0.7,0.8,"random",218,1,12
30,1012,21,12,70,2,"0066",556,40,"post_fragmentation",50,0.7,0.8,"random",223,1,12
30,1012,21,12,70,2,"0066",556,40,"post_fragmentation",50,0.7,0.8,"random",229,1,12
30,1012,21,12,70,2,"0066",556,40,"post_fragmentation",50,0.7,0.8,"random",236,2,12
30,1012,21,12,70,2,"0066",556,40,"post_fragmentation",50,0.7,0.8,"random",250,1,12
30,1012,21,12,70,2,"0066",556,40,"post_fragmentation",50,0.7,0.8,"random",259,3,12
30,1012,21,12,70,2,"0066",556,40,"post_fragmentation",50,0.7,0.8,"random",275,2,12
30,1012,21,12,70,2,"0066",556,40,"post_fragmentation",50,0.7,0.8,"random",282,3,12
30,1012,21,12,70,2,"0066",556,40,"post_fragmentation",50,0.7,0.8,"random",283,1,12
30,1012,21,12,70,2,"0066",556,40,"post_fragmentation",50,0.7,0.8,"random",301,5,12
30,1012,21,12,70,2,"0066",556,40,"post_fragmentation",50,0.7,0.8,"random",306,3,12
30,1012,21,12,70,2,"0066",556,40,"post_fragmentation",50,0.7,0.8,"random",314,1,12
30,1012,21,12,70,2,"0066",556,40,"post_fragmentation",50,0.7,0.8,"random",345,3,12
30,1012,21,12,70,2,"0066",556,40,"post_fragmentation",50,0.7,0.8,"random",402,1,12
30,1012,21,12,70,2,"0066",556,40,"post_fragmentation",50,0.7,0.8,"random",443,1,12
1,824,17,24,53,6,"0066",556,100,"final",50,0.7,0.8,"random",137,1,12
1,824,17,24,53,6,"0066",556,100,"final",50,0.7,0.8,"random",175,3,12
1,824,17,24,53,6,"0066",556,100,"final",50,0.7,0.8,"random",215,5,12
1,824,17,24,53,6,"0066",556,100,"final",50,0.7,0.8,"random",221,1,12
1,824,17,24,53,6,"0066",556,100,"final",50,0.7,0.8,"random",225,7,12
1,824,17,24,53,6,"0066",556,100,"final",50,0.7,0.8,"random",245,2,12
1,824,17,24,53,6,"0066",556,100,"final",50,0.7,0.8,"random",260,4,12
1,824,17,24,53,6,"0066",556,100,"final",50,0.7,0.8,"random",275,1,12
2,2017,41,17,147,1,"0066",556,100,"final",50,0.7,0.8,"random",398,2,12
3,575,12,25,40,1,"0066",556,100,"final",50,0.7,0.8,"random",231,1,12
3,575,12,25,40,1,"0066",556,100,"final",50,0.7,0.8,"random",243,2,12
3,575,12,25,40,1,"0066",556,100,"final",50,0.7,0.8,"random",249,2,12
3,575,12,25,40,1,"0066",556,100,"final",50,0.7,0.8,"random",252,1,12
3,575,12,25,40,1,"0066",556,100,"final",50,0.7,0.8,"random",260,1,12
3,575,12,25,40,1,"0066",556,100,"final",50,0.7,0.8,"random",266,5,12
3,575,12,25,40,1,"0066",556,100,"final",50,0.7,0.8,"random",294,2,12
3,575,12,25,40,1,"0066",556,100,"final",50,0.7,0.8,"random",319,1,12
4,1924,39,24,139,2,"0066",556,100,"final",50,0.7,0.8,"random",364,5,12
4,1924,39,24,139,2,"0066",556,100,"final",50,0.7,0.8,"random",392,1,12
4,1924,39,24,139,2,"0066",556,100,"final",50,0.7,0.8,"random",398,2,12
4,1924,39,24,139,2,"0066",556,100,"final",50,0.7,0.8,"random",404,1,12
4,1924,39,24,139,2,"0066",556,100,"final",50,0.7,0.8,"random",420,2,12
4,1924,39,24,139,2,"0066",556,100,"final",50,0.7,0.8,"random",431,9,12
4,1924,39,24,139,2,"0066",556,100,"final",50,0.7,0.8,"random",438,1,12
4,1924,39,24,139,2,"0066",556,100,"final",50,0.7,0.8,"random",468,2,12
5,475,10,25,28,9,"0066",556,100,"final",50,0.7,0.8,"random",215,1,12
5,475,10,25,28,9,"0066",556,100,"final",50,0.7,0.8,"random",223,1,12
5,475,10,25,28,9,"0066",556,100,"final",50,0.7,0.8,"random",241,1,12
5,475,10,25,28,9,"0066",556,100,"final",50,0.7,0.8,"random",249,2,12
5,475,10,25,28,9,"0066",556,100,"final",50,0.7,0.8,"random",260,5,12
5,475,10,25,28,9,"0066",556,100,"final",50,0.7,0.8,"random",266,2,12
5,475,10,25,28,9,"0066",556,100,"final",50,0.7,0.8,"random",277,3,12
5,475,10,25,28,9,"0066",556,100,"final",50,0.7,0.8,"random",281,2,12
5,475,10,25,28,9,"0066",556,100,"final",50,0.7,0.8,"random",284,7,12
5,475,10,25,28,9,"0066",556,100,"final",50,0.7,0.8,"random",294,5,12
5,475,10,25,28,9,"0066",556,100,"final",50,0.7,0.8,"random",310,1,12
5,475,10,25,28,9,"0066",556,100,"final",50,0.7,0.8,"random",319,4,12
6,729,15,29,46,11,"0066",556,100,"final",50,0.7,0.8,"random",178,6,12
6,729,15,29,46,11,"0066",556,100,"final",50,0.7,0.8,"random",195,1,12
6,729,15,29,46,11,"0066",556,100,"final",50,0.7,0.8,"random",206,4,12
6,729,15,29,46,11,"0066",556,100,"final",50,0.7,0.8,"random",215,5,12
6,729,15,29,46,11,"0066",556,100,"final",50,0.7,0.8,"random",219,3,12
6,729,15,29,46,11,"0066",556,100,"final",50,0.7,0.8,"random",221,3,12
6,729,15,29,46,11,"0066",556,100,"final",50,0.7,0.8,"random",226,1,12
6,729,15,29,46,11,"0066",556,100,"final",50,0.7,0.8,"random",228,1,12
6,729,15,29,46,11,"0066",556,100,"final",50,0.7,0.8,"random",232,1,12
6,729,15,29,46,11,"0066",556,100,"final",50,0.7,0.8,"random",238,2,12
6,729,15,29,46,11,"0066",556,100,"final",50,0.7,0.8,"random",252,7,12
6,729,15,29,46,11,"0066",556,100,"final",50,0.7,0.8,"random",310,1,12
7,716,15,16,50,3,"0066",556,100,"final",50,0.7,0.8,"random",47,1,12
7,716,15,16,50,3,"0066",556,100,"final",50,0.7,0.8,"random",83,8,12
7,716,15,16,50,3,"0066",556,100,"final",50,0.7,0.8,"random",85,3,12
7,716,15,16,50,3,"0066",556,100,"final",50,0.7,0.8,"random",91,3,12
7,716,15,16,50,3,"0066",556,100,"final",50,0.7,0.8,"random",100,12,12
7,716,15,16,50,3,"0066",556,100,"final",50,0.7,0.8,"random",105,3,12
7,716,15,16,50,3,"0066",556,100,"final",50,0.7,0.8,"random",130,1,12
7,716,15,16,50,3,"0066",556,100,"final",50,0.7,0.8,"random",157,1,12
8,1363,28,13,99,1,"0066",556,100,"final",50,0.7,0.8,"random",NA,NA,12
9,989,20,39,72,3,"0066",556,100,"final",50,0.7,0.8,"random",NA,NA,12
10,950,19,50,68,1,"0066",556,100,"final",50,0.7,0.8,"random",166,2,12
10,950,19,50,68,1,"0066",556,100,"final",50,0.7,0.8,"random",271,1,12
11,807,17,7,49,7,"0066",556,100,"final",50,0.7,0.8,"random",172,4,12
11,807,17,7,49,7,"0066",556,100,"final",50,0.7,0.8,"random",178,2,12
11,807,17,7,49,7,"0066",556,100,"final",50,0.7,0.8,"random",200,1,12
11,807,17,7,49,7,"0066",556,100,"final",50,0.7,0.8,"random",207,6,12
11,807,17,7,49,7,"0066",556,100,"final",50,0.7,0.8,"random",214,2,12
11,807,17,7,49,7,"0066",556,100,"final",50,0.7,0.8,"random",216,1,12
11,807,17,7,49,7,"0066",556,100,"final",50,0.7,0.8,"random",218,1,12
11,807,17,7,49,7,"0066",556,100,"final",50,0.7,0.8,"random",219,1,12
11,807,17,7,49,7,"0066",556,100,"final",50,0.7,0.8,"random",220,4,12
11,807,17,7,49,7,"0066",556,100,"final",50,0.7,0.8,"random",222,5,12
11,807,17,7,49,7,"0066",556,100,"final",50,0.7,0.8,"random",235,5,12
11,807,17,7,49,7,"0066",556,100,"final",50,0.7,0.8,"random",239,1,12
11,807,17,7,49,7,"0066",556,100,"final",50,0.7,0.8,"random",254,1,12
11,807,17,7,49,7,"0066",556,100,"final",50,0.7,0.8,"random",259,2,12
12,1070,22,20,78,2,"0066",556,100,"final",50,0.7,0.8,"random",143,1,12
12,1070,22,20,78,2,"0066",556,100,"final",50,0.7,0.8,"random",150,1,12
12,1070,22,20,78,2,"0066",556,100,"final",50,0.7,0.8,"random",180,3,12
13,978,20,28,65,6,"0066",556,100,"final",50,0.7,0.8,"random",91,2,12
13,978,20,28,65,6,"0066",556,100,"final",50,0.7,0.8,"random",98,2,12
13,978,20,28,65,6,"0066",556,100,"final",50,0.7,0.8,"random",137,3,12
13,978,20,28,65,6,"0066",556,100,"final",50,0.7,0.8,"random",175,4,12
13,978,20,28,65,6,"0066",556,100,"final",50,0.7,0.8,"random",178,8,12
13,978,20,28,65,6,"0066",556,100,"final",50,0.7,0.8,"random",185,3,12
13,978,20,28,65,6,"0066",556,100,"final",50,0.7,0.8,"random",187,3,12
13,978,20,28,65,6,"0066",556,100,"final",50,0.7,0.8,"random",191,2,12
13,978,20,28,65,6,"0066",556,100,"final",50,0.7,0.8,"random",195,1,12
13,978,20,28,65,6,"0066",556,100,"final",50,0.7,0.8,"random",228,3,12
13,978,20,28,65,6,"0066",556,100,"final",50,0.7,0.8,"random",232,1,12
13,978,20,28,65,6,"0066",556,100,"final",50,0.7,0.8,"random",242,2,12
13,978,20,28,65,6,"0066",556,100,"final",50,0.7,0.8,"random",252,2,12
13,978,20,28,65,6,"0066",556,100,"final",50,0.7,0.8,"random",267,1,12
14,1630,33,30,110,7,"0066",556,100,"final",50,0.7,0.8,"random",420,3,12
14,1630,33,30,110,7,"0066",556,100,"final",50,0.7,0.8,"random",425,2,12
14,1630,33,30,110,7,"0066",556,100,"final",50,0.7,0.8,"random",431,4,12
14,1630,33,30,110,7,"0066",556,100,"final",50,0.7,0.8,"random",433,9,12
14,1630,33,30,110,7,"0066",556,100,"final",50,0.7,0.8,"random",438,3,12
14,1630,33,30,110,7,"0066",556,100,"final",50,0.7,0.8,"random",466,2,12
14,1630,33,30,110,7,"0066",556,100,"final",50,0.7,0.8,"random",467,1,12
14,1630,33,30,110,7,"0066",556,100,"final",50,0.7,0.8,"random",476,4,12
14,1630,33,30,110,7,"0066",556,100,"final",50,0.7,0.8,"random",517,4,12
15,1816,37,16,127,1,"0066",556,100,"final",50,0.7,0.8,"random",431,1,12
16,1477,30,27,104,6,"0066",556,100,"final",50,0.7,0.8,"random",326,3,12
16,1477,30,27,104,6,"0066",556,100,"final",50,0.7,0.8,"random",409,3,12
16,1477,30,27,104,6,"0066",556,100,"final",50,0.7,0.8,"random",420,3,12
16,1477,30,27,104,6,"0066",556,100,"final",50,0.7,0.8,"random",423,7,12
16,1477,30,27,104,6,"0066",556,100,"final",50,0.7,0.8,"random",425,2,12
16,1477,30,27,104,6,"0066",556,100,"final",50,0.7,0.8,"random",433,2,12
16,1477,30,27,104,6,"0066",556,100,"final",50,0.7,0.8,"random",438,2,12
16,1477,30,27,104,6,"0066",556,100,"final",50,0.7,0.8,"random",466,2,12
16,1477,30,27,104,6,"0066",556,100,"final",50,0.7,0.8,"random",476,5,12
17,361,8,11,27,4,"0066",556,100,"final",50,0.7,0.8,"random",207,2,12
17,361,8,11,27,4,"0066",556,100,"final",50,0.7,0.8,"random",298,1,12
18,830,17,30,46,11,"0066",556,100,"final",50,0.7,0.8,"random",178,4,12
18,830,17,30,46,11,"0066",556,100,"final",50,0.7,0.8,"random",185,1,12
18,830,17,30,46,11,"0066",556,100,"final",50,0.7,0.8,"random",195,1,12
18,830,17,30,46,11,"0066",556,100,"final",50,0.7,0.8,"random",202,1,12
18,830,17,30,46,11,"0066",556,100,"final",50,0.7,0.8,"random",206,2,12
18,830,17,30,46,11,"0066",556,100,"final",50,0.7,0.8,"random",215,7,12
18,830,17,30,46,11,"0066",556,100,"final",50,0.7,0.8,"random",219,3,12
18,830,17,30,46,11,"0066",556,100,"final",50,0.7,0.8,"random",221,11,12
18,830,17,30,46,11,"0066",556,100,"final",50,0.7,0.8,"random",226,4,12
18,830,17,30,46,11,"0066",556,100,"final",50,0.7,0.8,"random",228,1,12
18,830,17,30,46,11,"0066",556,100,"final",50,0.7,0.8,"random",238,1,12
18,830,17,30,46,11,"0066",556,100,"final",50,0.7,0.8,"random",252,3,12
19,831,17,31,46,11,"0066",556,100,"final",50,0.7,0.8,"random",178,3,12
19,831,17,31,46,11,"0066",556,100,"final",50,0.7,0.8,"random",194,1,12
19,831,17,31,46,11,"0066",556,100,"final",50,0.7,0.8,"random",202,3,12
19,831,17,31,46,11,"0066",556,100,"final",50,0.7,0.8,"random",206,2,12
19,831,17,31,46,11,"0066",556,100,"final",50,0.7,0.8,"random",215,7,12
19,831,17,31,46,11,"0066",556,100,"final",50,0.7,0.8,"random",221,8,12
19,831,17,31,46,11,"0066",556,100,"final",50,0.7,0.8,"random",228,1,12
19,831,17,31,46,11,"0066",556,100,"final",50,0.7,0.8,"random",232,1,12
19,831,17,31,46,11,"0066",556,100,"final",50,0.7,0.8,"random",252,6,12
19,831,17,31,46,11,"0066",556,100,"final",50,0.7,0.8,"random",260,4,12
20,1843,37,43,131,1,"0066",556,100,"final",50,0.7,0.8,"random",NA,NA,12
21,658,14,8,44,1,"0066",556,100,"final",50,0.7,0.8,"random",178,1,12
21,658,14,8,44,1,"0066",556,100,"final",50,0.7,0.8,"random",200,6,12
21,658,14,8,44,1,"0066",556,100,"final",50,0.7,0.8,"random",207,5,12
21,658,14,8,44,1,"0066",556,100,"final",50,0.7,0.8,"random",208,1,12
21,658,14,8,44,1,"0066",556,100,"final",50,0.7,0.8,"random",214,1,12
21,658,14,8,44,1,"0066",556,100,"final",50,0.7,0.8,"random",236,1,12
22,218,5,18,14,1,"0066",556,100,"final",50,0.7,0.8,"random",346,6,12
22,218,5,18,14,1,"0066",556,100,"final",50,0.7,0.8,"random",368,4,12
22,218,5,18,14,1,"0066",556,100,"final",50,0.7,0.8,"random",373,4,12
22,218,5,18,14,1,"0066",556,100,"final",50,0.7,0.8,"random",377,1,12
22,218,5,18,14,1,"0066",556,100,"final",50,0.7,0.8,"random",401,1,12
22,218,5,18,14,1,"0066",556,100,"final",50,0.7,0.8,"random",420,2,12
22,218,5,18,14,1,"0066",556,100,"final",50,0.7,0.8,"random",427,2,12
23,68,2,18,1,3,"0066",556,100,"final",50,0.7,0.8,"random",377,2,12
23,68,2,18,1,3,"0066",556,100,"final",50,0.7,0.8,"random",398,3,12
23,68,2,18,1,3,"0066",556,100,"final",50,0.7,0.8,"random",420,3,12
23,68,2,18,1,3,"0066",556,100,"final",50,0.7,0.8,"random",424,2,12
23,68,2,18,1,3,"0066",556,100,"final",50,0.7,0.8,"random",427,1,12
24,717,15,17,50,3,"0066",556,100,"final",50,0.7,0.8,"random",47,6,12
24,717,15,17,50,3,"0066",556,100,"final",50,0.7,0.8,"random",83,5,12
24,717,15,17,50,3,"0066",556,100,"final",50,0.7,0.8,"random",85,5,12
24,717,15,17,50,3,"0066",556,100,"final",50,0.7,0.8,"random",91,1,12
24,717,15,17,50,3,"0066",556,100,"final",50,0.7,0.8,"random",100,2,12
24,717,15,17,50,3,"0066",556,100,"final",50,0.7,0.8,"random",105,1,12
25,1668,34,18,119,1,"0066",556,100,"final",50,0.7,0.8,"random",412,1,12
26,442,9,42,32,1,"0066",556,100,"final",50,0.7,0.8,"random",32,2,12
26,442,9,42,32,1,"0066",556,100,"final",50,0.7,0.8,"random",40,1,12
26,442,9,42,32,1,"0066",556,100,"final",50,0.7,0.8,"random",122,1,12
27,1713,35,13,114,10,"0066",556,100,"final",50,0.7,0.8,"random",362,2,12
27,1713,35,13,114,10,"0066",556,100,"final",50,0.7,0.8,"random",392,2,12
27,1713,35,13,114,10,"0066",556,100,"final",50,0.7,0.8,"random",424,1,12
28,1206,25,6,86,2,"0066",556,100,"final",50,0.7,0.8,"random",NA,NA,12
29,850,17,50,51,3,"0066",556,100,"final",50,0.7,0.8,"random",166,5,12
29,850,17,50,51,3,"0066",556,100,"final",50,0.7,0.8,"random",184,1,12
29,850,17,50,51,3,"0066",556,100,"final",50,0.7,0.8,"random",188,2,12
29,850,17,50,51,3,"0066",556,100,"final",50,0.7,0.8,"random",207,1,12
29,850,17,50,51,3,"0066",556,100,"final",50,0.7,0.8,"random",214,6,12
29,850,17,50,51,3,"0066",556,100,"final",50,0.7,0.8,"random",222,1,12
29,850,17,50,51,3,"0066",556,100,"final",50,0.7,0.8,"random",248,1,12
30,173,4,23,11,1,"0066",556,100,"final",50,0.7,0.8,"random",319,2,12
30,173,4,23,11,1,"0066",556,100,"final",50,0.7,0.8,"random",373,1,12
