sim_id,master_seed,grid_size,ac_amount,habitat,fragmentation,niche_breadth,edge_effect,dispersal,disp_dist,step,step_label,samp_method,sample_id,cell_id,x_loc,y_loc,patch_id,patch_size,species_id,n
80,419,50,0.7,1,NA,0.1,1,1,5,0,"start","random",1,1040,21,40,1,2499,NA,NA
80,419,50,0.7,1,NA,0.1,1,1,5,0,"start","random",2,2490,50,40,1,2499,587,1
80,419,50,0.7,1,NA,0.1,1,1,5,0,"start","random",2,2490,50,40,1,2499,659,1
80,419,50,0.7,1,NA,0.1,1,1,5,0,"start","random",3,2235,45,35,1,2499,NA,NA
80,419,50,0.7,1,NA,0.1,1,1,5,0,"start","random",4,808,17,8,1,2499,616,1
80,419,50,0.7,1,NA,0.1,1,1,5,0,"start","random",5,281,6,31,1,2499,166,1
80,419,50,0.7,1,NA,0.1,1,1,5,0,"start","random",5,281,6,31,1,2499,170,1
80,419,50,0.7,1,NA,0.1,1,1,5,0,"start","random",5,281,6,31,1,2499,232,1
80,419,50,0.7,1,NA,0.1,1,1,5,0,"start","random",5,281,6,31,1,2499,243,1
80,419,50,0.7,1,NA,0.1,1,1,5,0,"start","random",6,163,4,13,1,2499,576,1
80,419,50,0.7,1,NA,0.1,1,1,5,0,"start","random",6,163,4,13,1,2499,591,1
80,419,50,0.7,1,NA,0.1,1,1,5,0,"start","random",7,2203,45,3,1,2499,887,1
80,419,50,0.7,1,NA,0.1,1,1,5,0,"start","random",7,2203,45,3,1,2499,926,1
80,419,50,0.7,1,NA,0.1,1,1,5,0,"start","random",7,2203,45,3,1,2499,958,1
80,419,50,0.7,1,NA,0.1,1,1,5,0,"start","random",7,2203,45,3,1,2499,987,1
80,419,50,0.7,1,NA,0.1,1,1,5,0,"start","random",8,2158,44,8,1,2499,776,1
80,419,50,0.7,1,NA,0.1,1,1,5,0,"start","random",8,2158,44,8,1,2499,807,1
80,419,50,0.7,1,NA,0.1,1,1,5,0,"start","random",8,2158,44,8,1,2499,873,1
80,419,50,0.7,1,NA,0.1,1,1,5,0,"start","random",9,958,20,8,1,2499,843,1
80,419,50,0.7,1,NA,0.1,1,1,5,0,"start","random",10,1663,34,13,1,2499,551,1
80,419,50,0.7,1,NA,0.1,1,1,5,0,"start","random",11,1828,37,28,1,2499,622,1
80,419,50,0.7,1,NA,0.1,1,1,5,0,"start","random",12,334,7,34,1,2499,177,1
80,419,50,0.7,1,NA,0.1,1,1,5,0,"start","random",12,334,7,34,1,2499,191,1
80,419,50,0.7,1,NA,0.1,1,1,5,0,"start","random",12,334,7,34,1,2499,242,1
80,419,50,0.7,1,NA,0.1,1,1,5,0,"start","random",12,334,7,34,1,2499,254,1
80,419,50,0.7,1,NA,0.1,1,1,5,0,"start","random",13,109,3,9,1,2499,741,1
80,419,50,0.7,1,NA,0.1,1,1,5,0,"start","random",14,355,8,5,1,2499,748,1
80,419,50,0.7,1,NA,0.1,1,1,5,0,"start","random",15,589,12,39,1,2499,325,1
80,419,50,0.7,1,NA,0.1,1,1,5,0,"start","random",16,839,17,39,1,2499,338,1
80,419,50,0.7,1,NA,0.1,1,1,5,0,"start","random",17,2111,43,11,1,2499,832,1
80,419,50,0.7,1,NA,0.1,1,1,5,0,"start","random",17,2111,43,11,1,2499,867,1
80,419,50,0.7,1,NA,0.1,1,1,5,0,"start","random",18,2240,45,40,1,2499,NA,NA
80,419,50,0.7,1,NA,0.1,1,1,5,0,"start","random",19,1072,22,22,1,2499,261,1
80,419,50,0.7,1,NA,0.1,1,1,5,0,"start","random",20,869,18,19,1,2499,NA,NA
80,419,50,0.7,1,NA,0.1,1,1,5,0,"start","random",21,2126,43,26,1,2499,NA,NA
80,419,50,0.7,1,NA,0.1,1,1,5,0,"start","random",22,640,13,40,1,2499,438,1
80,419,50,0.7,1,NA,0.1,1,1,5,0,"start","random",23,688,14,38,1,2499,NA,NA
80,419,50,0.7,1,NA,0.1,1,1,5,0,"start","random",24,651,14,1,1,2499,820,1
80,419,50,0.7,1,NA,0.1,1,1,5,0,"start","random",25,63,2,13,1,2499,NA,NA
80,419,50,0.7,1,NA,0.1,1,1,5,0,"start","random",26,1808,37,8,1,2499,653,1
80,419,50,0.7,1,NA,0.1,1,1,5,0,"start","random",27,866,18,16,1,2499,584,1
80,419,50,0.7,1,NA,0.1,1,1,5,0,"start","random",27,866,18,16,1,2499,655,1
80,419,50,0.7,1,NA,0.1,1,1,5,0,"start","random",28,889,18,39,1,2499,315,1
80,419,50,0.7,1,NA,0.1,1,1,5,0,"start","random",29,2316,47,16,1,2499,684,1
80,419,50,0.7,1,NA,0.1,1,1,5,0,"start","random",29,2316,47,16,1,2499,719,1
80,419,50,0.7,1,NA,0.1,1,1,5,0,"start","random",29,2316,47,16,1,2499,819,1
80,419,50,0.7,1,NA,0.1,1,1,5,0,"start","random",30,736,15,36,1,2499,224,1
80,419,50,0.7,1,NA,0.1,1,1,5,0,"start","random",30,736,15,36,1,2499,247,1
80,419,50,0.7,1,NA,0.1,1,1,5,0,"start","random",30,736,15,36,1,2499,354,1
80,419,50,0.7,1,NA,0.1,1,1,5,0,"start","random",30,736,15,36,1,2499,365,1
80,419,50,0.7,1,NA,0.1,1,1,5,40,"pre_fragmentation","random",1,913,19,13,1,2499,540,1
80,419,50,0.7,1,NA,0.1,1,1,5,40,"pre_fragmentation","random",1,913,19,13,1,2499,560,1
80,419,50,0.7,1,NA,0.1,1,1,5,40,"pre_fragmentation","random",1,913,19,13,1,2499,567,1
80,419,50,0.7,1,NA,0.1,1,1,5,40,"pre_fragmentation","random",1,913,19,13,1,2499,580,1
80,419,50,0.7,1,NA,0.1,1,1,5,40,"pre_fragmentation","random",1,913,19,13,1,2499,583,1
80,419,50,0.7,1,NA,0.1,1,1,5,40,"pre_fragmentation","random",1,913,19,13,1,2499,600,1
80,419,50,0.7,1,NA,0.1,1,1,5,40,"pre_fragmentation","random",1,913,19,13,1,2499,607,2
80,419,50,0.7,1,NA,0.1,1,1,5,40,"pre_fragmentation","random",1,913,19,13,1,2499,609,1
80,419,50,0.7,1,NA,0.1,1,1,5,40,"pre_fragmentation","random",1,913,19,13,1,2499,611,2
80,419,50,0.7,1,NA,0.1,1,1,5,40,"pre_fragmentation","random",1,913,19,13,1,2499,623,3
80,419,50,0.7,1,NA,0.1,1,1,5,40,"pre_fragmentation","random",1,913,19,13,1,2499,632,1
80,419,50,0.7,1,NA,0.1,1,1,5,40,"pre_fragmentation","random",1,913,19,13,1,2499,653,1
80,419,50,0.7,1,NA,0.1,1,1,5,40,"pre_fragmentation","random",1,913,19,13,1,2499,672,2
80,419,50,0.7,1,NA,0.1,1,1,5,40,"pre_fragmentation","random",1,913,19,13,1,2499,679,1
80,419,50,0.7,1,NA,0.1,1,1,5,40,"pre_fragmentation","random",1,913,19,13,1,2499,683,1
80,419,50,0.7,1,NA,0.1,1,1,5,40,"pre_fragmentation","random",1,913,19,13,1,2499,685,1
80,419,50,0.7,1,NA,0.1,1,1,5,40,"pre_fragmentation","random",1,913,19,13,1,2499,687,1
80,419,50,0.7,1,NA,0.1,1,1,5,40,"pre_fragmentation","random",1,913,19,13,1,2499,688,3
80,419,50,0.7,1,NA,0.1,1,1,5,40,"pre_fragmentation","random",1,913,19,13,1,2499,689,1
80,419,50,0.7,1,NA,0.1,1,1,5,40,"pre_fragmentation","random",1,913,19,13,1,2499,697,1
80,419,50,0.7,1,NA,0.1,1,1,5,40,"pre_fragmentation","random",1,913,19,13,1,2499,706,1
80,419,50,0.7,1,NA,0.1,1,1,5,40,"pre_fragmentation","random",1,913,19,13,1,2499,715,1
80,419,50,0.7,1,NA,0.1,1,1,5,40,"pre_fragmentation","random",1,913,19,13,1,2499,718,1
80,419,50,0.7,1,NA,0.1,1,1,5,40,"pre_fragmentation","random",1,913,19,13,1,2499,719,1
80,419,50,0.7,1,NA,0.1,1,1,5,40,"pre_fragmentation","random",1,913,19,13,1,2499,730,1
80,419,50,0.7,1,NA,0.1,1,1,5,40,"pre_fragmentation","random",1,913,19,13,1,2499,735,3
80,419,50,0.7,1,NA,0.1,1,1,5,40,"pre_fragmentation","random",1,913,19,13,1,2499,747,1
80,419,50,0.7,1,NA,0.1,1,1,5,40,"pre_fragmentation","random",1,913,19,13,1,2499,750,1
80,419,50,0.7,1,NA,0.1,1,1,5,40,"pre_fragmentation","random",1,913,19,13,1,2499,755,1
80,419,50,0.7,1,NA,0.1,1,1,5,40,"pre_fragmentation","random",1,913,19,13,1,2499,763,1
80,419,50,0.7,1,NA,0.1,1,1,5,40,"pre_fragmentation","random",1,913,19,13,1,2499,786,1
80,419,50,0.7,1,NA,0.1,1,1,5,40,"pre_fragmentation","random",1,913,19,13,1,2499,789,1
80,419,50,0.7,1,NA,0.1,1,1,5,40,"pre_fragmentation","random",2,460,10,10,1,2499,422,1
80,419,50,0.7,1,NA,0.1,1,1,5,40,"pre_fragmentation","random",2,460,10,10,1,2499,516,1
80,419,50,0.7,1,NA,0.1,1,1,5,40,"pre_fragmentation","random",2,460,10,10,1,2499,566,2
80,419,50,0.7,1,NA,0.1,1,1,5,40,"pre_fragmentation","random",2,460,10,10,1,2499,567,1
80,419,50,0.7,1,NA,0.1,1,1,5,40,"pre_fragmentation","random",2,460,10,10,1,2499,593,1
80,419,50,0.7,1,NA,0.1,1,1,5,40,"pre_fragmentation","random",2,460,10,10,1,2499,611,1
80,419,50,0.7,1,NA,0.1,1,1,5,40,"pre_fragmentation","random",2,460,10,10,1,2499,615,1
80,419,50,0.7,1,NA,0.1,1,1,5,40,"pre_fragmentation","random",2,460,10,10,1,2499,625,1
80,419,50,0.7,1,NA,0.1,1,1,5,40,"pre_fragmentation","random",2,460,10,10,1,2499,630,1
80,419,50,0.7,1,NA,0.1,1,1,5,40,"pre_fragmentation","random",2,460,10,10,1,2499,631,1
80,419,50,0.7,1,NA,0.1,1,1,5,40,"pre_fragmentation","random",2,460,10,10,1,2499,639,1
80,419,50,0.7,1,NA,0.1,1,1,5,40,"pre_fragmentation","random",2,460,10,10,1,2499,652,1
80,419,50,0.7,1,NA,0.1,1,1,5,40,"pre_fragmentation","random",2,460,10,10,1,2499,664,1
80,419,50,0.7,1,NA,0.1,1,1,5,40,"pre_fragmentation","random",2,460,10,10,1,2499,672,2
80,419,50,0.7,1,NA,0.1,1,1,5,40,"pre_fragmentation","random",2,460,10,10,1,2499,683,1
80,419,50,0.7,1,NA,0.1,1,1,5,40,"pre_fragmentation","random",2,460,10,10,1,2499,694,1
80,419,50,0.7,1,NA,0.1,1,1,5,40,"pre_fragmentation","random",2,460,10,10,1,2499,702,1
80,419,50,0.7,1,NA,0.1,1,1,5,40,"pre_fragmentation","random",2,460,10,10,1,2499,719,2
80,419,50,0.7,1,NA,0.1,1,1,5,40,"pre_fragmentation","random",2,460,10,10,1,2499,741,1
80,419,50,0.7,1,NA,0.1,1,1,5,40,"pre_fragmentation","random",2,460,10,10,1,2499,744,1
80,419,50,0.7,1,NA,0.1,1,1,5,40,"pre_fragmentation","random",2,460,10,10,1,2499,747,1
80,419,50,0.7,1,NA,0.1,1,1,5,40,"pre_fragmentation","random",2,460,10,10,1,2499,752,1
80,419,50,0.7,1,NA,0.1,1,1,5,40,"pre_fragmentation","random",2,460,10,10,1,2499,768,1
80,419,50,0.7,1,NA,0.1,1,1,5,40,"pre_fragmentation","random",2,460,10,10,1,2499,777,1
80,419,50,0.7,1,NA,0.1,1,1,5,40,"pre_fragmentation","random",2,460,10,10,1,2499,813,1
80,419,50,0.7,1,NA,0.1,1,1,5,40,"pre_fragmentation","random",2,460,10,10,1,2499,832,1
80,419,50,0.7,1,NA,0.1,1,1,5,40,"pre_fragmentation","random",3,1691,34,41,1,2499,417,1
80,419,50,0.7,1,NA,0.1,1,1,5,40,"pre_fragmentation","random",3,1691,34,41,1,2499,440,1
80,419,50,0.7,1,NA,0.1,1,1,5,40,"pre_fragmentation","random",3,1691,34,41,1,2499,456,1
80,419,50,0.7,1,NA,0.1,1,1,5,40,"pre_fragmentation","random",3,1691,34,41,1,2499,480,1
80,419,50,0.7,1,NA,0.1,1,1,5,40,"pre_fragmentation","random",3,1691,34,41,1,2499,485,1
80,419,50,0.7,1,NA,0.1,1,1,5,40,"pre_fragmentation","random",3,1691,34,41,1,2499,504,1
80,419,50,0.7,1,NA,0.1,1,1,5,40,"pre_fragmentation","random",3,1691,34,41,1,2499,513,1
80,419,50,0.7,1,NA,0.1,1,1,5,40,"pre_fragmentation","random",3,1691,34,41,1,2499,523,1
80,419,50,0.7,1,NA,0.1,1,1,5,40,"pre_fragmentation","random",3,1691,34,41,1,2499,535,1
80,419,50,0.7,1,NA,0.1,1,1,5,40,"pre_fragmentation","random",3,1691,34,41,1,2499,564,1
80,419,50,0.7,1,NA,0.1,1,1,5,40,"pre_fragmentation","random",3,1691,34,41,1,2499,599,1
80,419,50,0.7,1,NA,0.1,1,1,5,40,"pre_fragmentation","random",3,1691,34,41,1,2499,620,1
80,419,50,0.7,1,NA,0.1,1,1,5,40,"pre_fragmentation","random",3,1691,34,41,1,2499,622,1
80,419,50,0.7,1,NA,0.1,1,1,5,40,"pre_fragmentation","random",3,1691,34,41,1,2499,628,1
80,419,50,0.7,1,NA,0.1,1,1,5,40,"pre_fragmentation","random",3,1691,34,41,1,2499,631,1
80,419,50,0.7,1,NA,0.1,1,1,5,40,"pre_fragmentation","random",3,1691,34,41,1,2499,633,2
80,419,50,0.7,1,NA,0.1,1,1,5,40,"pre_fragmentation","random",3,1691,34,41,1,2499,637,1
80,419,50,0.7,1,NA,0.1,1,1,5,40,"pre_fragmentation","random",3,1691,34,41,1,2499,649,1
80,419,50,0.7,1,NA,0.1,1,1,5,40,"pre_fragmentation","random",3,1691,34,41,1,2499,658,2
80,419,50,0.7,1,NA,0.1,1,1,5,40,"pre_fragmentation","random",3,1691,34,41,1,2499,659,1
80,419,50,0.7,1,NA,0.1,1,1,5,40,"pre_fragmentation","random",3,1691,34,41,1,2499,660,1
80,419,50,0.7,1,NA,0.1,1,1,5,40,"pre_fragmentation","random",3,1691,34,41,1,2499,667,2
80,419,50,0.7,1,NA,0.1,1,1,5,40,"pre_fragmentation","random",3,1691,34,41,1,2499,680,1
80,419,50,0.7,1,NA,0.1,1,1,5,40,"pre_fragmentation","random",3,1691,34,41,1,2499,683,1
80,419,50,0.7,1,NA,0.1,1,1,5,40,"pre_fragmentation","random",3,1691,34,41,1,2499,689,1
80,419,50,0.7,1,NA,0.1,1,1,5,40,"pre_fragmentation","random",3,1691,34,41,1,2499,692,1
80,419,50,0.7,1,NA,0.1,1,1,5,40,"pre_fragmentation","random",3,1691,34,41,1,2499,694,1
80,419,50,0.7,1,NA,0.1,1,1,5,40,"pre_fragmentation","random",3,1691,34,41,1,2499,701,1
80,419,50,0.7,1,NA,0.1,1,1,5,40,"pre_fragmentation","random",3,1691,34,41,1,2499,702,1
80,419,50,0.7,1,NA,0.1,1,1,5,40,"pre_fragmentation","random",3,1691,34,41,1,2499,704,1
80,419,50,0.7,1,NA,0.1,1,1,5,40,"pre_fragmentation","random",3,1691,34,41,1,2499,730,1
80,419,50,0.7,1,NA,0.1,1,1,5,40,"pre_fragmentation","random",3,1691,34,41,1,2499,735,1
80,419,50,0.7,1,NA,0.1,1,1,5,40,"pre_fragmentation","random",4,349,7,49,1,2499,687,1
80,419,50,0.7,1,NA,0.1,1,1,5,40,"pre_fragmentation","random",4,349,7,49,1,2499,705,1
80,419,50,0.7,1,NA,0.1,1,1,5,40,"pre_fragmentation","random",4,349,7,49,1,2499,708,1
80,419,50,0.7,1,NA,0.1,1,1,5,40,"pre_fragmentation","random",4,349,7,49,1,2499,710,1
80,419,50,0.7,1,NA,0.1,1,1,5,40,"pre_fragmentation","random",4,349,7,49,1,2499,748,1
80,419,50,0.7,1,NA,0.1,1,1,5,40,"pre_fragmentation","random",4,349,7,49,1,2499,763,1
80,419,50,0.7,1,NA,0.1,1,1,5,40,"pre_fragmentation","random",4,349,7,49,1,2499,775,1
80,419,50,0.7,1,NA,0.1,1,1,5,40,"pre_fragmentation","random",4,349,7,49,1,2499,790,1
80,419,50,0.7,1,NA,0.1,1,1,5,40,"pre_fragmentation","random",4,349,7,49,1,2499,791,1
80,419,50,0.7,1,NA,0.1,1,1,5,40,"pre_fragmentation","random",4,349,7,49,1,2499,804,1
80,419,50,0.7,1,NA,0.1,1,1,5,40,"pre_fragmentation","random",4,349,7,49,1,2499,813,1
80,419,50,0.7,1,NA,0.1,1,1,5,40,"pre_fragmentation","random",4,349,7,49,1,2499,830,1
80,419,50,0.7,1,NA,0.1,1,1,5,40,"pre_fragmentation","random",4,349,7,49,1,2499,839,1
80,419,50,0.7,1,NA,0.1,1,1,5,40,"pre_fragmentation","random",4,349,7,49,1,2499,842,3
80,419,50,0.7,1,NA,0.1,1,1,5,40,"pre_fragmentation","random",4,349,7,49,1,2499,843,1
80,419,50,0.7,1,NA,0.1,1,1,5,40,"pre_fragmentation","random",4,349,7,49,1,2499,844,1
80,419,50,0.7,1,NA,0.1,1,1,5,40,"pre_fragmentation","random",4,349,7,49,1,2499,850,1
80,419,50,0.7,1,NA,0.1,1,1,5,40,"pre_fragmentation","random",4,349,7,49,1,2499,855,1
80,419,50,0.7,1,NA,0.1,1,1,5,40,"pre_fragmentation","random",4,349,7,49,1,2499,857,1
80,419,50,0.7,1,NA,0.1,1,1,5,40,"pre_fragmentation","random",4,349,7,49,1,2499,858,1
80,419,50,0.7,1,NA,0.1,1,1,5,40,"pre_fragmentation","random",4,349,7,49,1,2499,859,1
80,419,50,0.7,1,NA,0.1,1,1,5,40,"pre_fragmentation","random",4,349,7,49,1,2499,862,3
80,419,50,0.7,1,NA,0.1,1,1,5,40,"pre_fragmentation","random",4,349,7,49,1,2499,869,1
80,419,50,0.7,1,NA,0.1,1,1,5,40,"pre_fragmentation","random",4,349,7,49,1,2499,875,1
80,419,50,0.7,1,NA,0.1,1,1,5,40,"pre_fragmentation","random",4,349,7,49,1,2499,876,3
80,419,50,0.7,1,NA,0.1,1,1,5,40,"pre_fragmentation","random",4,349,7,49,1,2499,882,1
80,419,50,0.7,1,NA,0.1,1,1,5,40,"pre_fragmentation","random",4,349,7,49,1,2499,886,1
80,419,50,0.7,1,NA,0.1,1,1,5,40,"pre_fragmentation","random",4,349,7,49,1,2499,891,1
80,419,50,0.7,1,NA,0.1,1,1,5,40,"pre_fragmentation","random",4,349,7,49,1,2499,908,1
80,419,50,0.7,1,NA,0.1,1,1,5,40,"pre_fragmentation","random",5,431,9,31,1,2499,20,1
80,419,50,0.7,1,NA,0.1,1,1,5,40,"pre_fragmentation","random",5,431,9,31,1,2499,44,3
80,419,50,0.7,1,NA,0.1,1,1,5,40,"pre_fragmentation","random",5,431,9,31,1,2499,61,1
80,419,50,0.7,1,NA,0.1,1,1,5,40,"pre_fragmentation","random",5,431,9,31,1,2499,67,1
80,419,50,0.7,1,NA,0.1,1,1,5,40,"pre_fragmentation","random",5,431,9,31,1,2499,71,2
80,419,50,0.7,1,NA,0.1,1,1,5,40,"pre_fragmentation","random",5,431,9,31,1,2499,79,1
80,419,50,0.7,1,NA,0.1,1,1,5,40,"pre_fragmentation","random",5,431,9,31,1,2499,90,1
80,419,50,0.7,1,NA,0.1,1,1,5,40,"pre_fragmentation","random",5,431,9,31,1,2499,103,1
80,419,50,0.7,1,NA,0.1,1,1,5,40,"pre_fragmentation","random",5,431,9,31,1,2499,114,2
80,419,50,0.7,1,NA,0.1,1,1,5,40,"pre_fragmentation","random",5,431,9,31,1,2499,125,1
80,419,50,0.7,1,NA,0.1,1,1,5,40,"pre_fragmentation","random",5,431,9,31,1,2499,142,1
80,419,50,0.7,1,NA,0.1,1,1,5,40,"pre_fragmentation","random",5,431,9,31,1,2499,183,1
80,419,50,0.7,1,NA,0.1,1,1,5,40,"pre_fragmentation","random",5,431,9,31,1,2499,250,1
80,419,50,0.7,1,NA,0.1,1,1,5,40,"pre_fragmentation","random",6,1724,35,24,1,2499,560,1
80,419,50,0.7,1,NA,0.1,1,1,5,40,"pre_fragmentation","random",6,1724,35,24,1,2499,571,2
80,419,50,0.7,1,NA,0.1,1,1,5,40,"pre_fragmentation","random",6,1724,35,24,1,2499,639,1
80,419,50,0.7,1,NA,0.1,1,1,5,40,"pre_fragmentation","random",6,1724,35,24,1,2499,642,1
80,419,50,0.7,1,NA,0.1,1,1,5,40,"pre_fragmentation","random",6,1724,35,24,1,2499,646,1
80,419,50,0.7,1,NA,0.1,1,1,5,40,"pre_fragmentation","random",6,1724,35,24,1,2499,653,1
80,419,50,0.7,1,NA,0.1,1,1,5,40,"pre_fragmentation","random",6,1724,35,24,1,2499,658,2
80,419,50,0.7,1,NA,0.1,1,1,5,40,"pre_fragmentation","random",6,1724,35,24,1,2499,661,2
80,419,50,0.7,1,NA,0.1,1,1,5,40,"pre_fragmentation","random",6,1724,35,24,1,2499,664,1
80,419,50,0.7,1,NA,0.1,1,1,5,40,"pre_fragmentation","random",6,1724,35,24,1,2499,674,1
80,419,50,0.7,1,NA,0.1,1,1,5,40,"pre_fragmentation","random",6,1724,35,24,1,2499,676,2
80,419,50,0.7,1,NA,0.1,1,1,5,40,"pre_fragmentation","random",6,1724,35,24,1,2499,680,2
80,419,50,0.7,1,NA,0.1,1,1,5,40,"pre_fragmentation","random",6,1724,35,24,1,2499,691,1
80,419,50,0.7,1,NA,0.1,1,1,5,40,"pre_fragmentation","random",6,1724,35,24,1,2499,692,1
80,419,50,0.7,1,NA,0.1,1,1,5,40,"pre_fragmentation","random",6,1724,35,24,1,2499,696,1
80,419,50,0.7,1,NA,0.1,1,1,5,40,"pre_fragmentation","random",6,1724,35,24,1,2499,702,1
80,419,50,0.7,1,NA,0.1,1,1,5,40,"pre_fragmentation","random",6,1724,35,24,1,2499,703,3
80,419,50,0.7,1,NA,0.1,1,1,5,40,"pre_fragmentation","random",6,1724,35,24,1,2499,707,2
80,419,50,0.7,1,NA,0.1,1,1,5,40,"pre_fragmentation","random",6,1724,35,24,1,2499,708,1
80,419,50,0.7,1,NA,0.1,1,1,5,40,"pre_fragmentation","random",6,1724,35,24,1,2499,716,1
80,419,50,0.7,1,NA,0.1,1,1,5,40,"pre_fragmentation","random",6,1724,35,24,1,2499,718,1
80,419,50,0.7,1,NA,0.1,1,1,5,40,"pre_fragmentation","random",6,1724,35,24,1,2499,726,1
80,419,50,0.7,1,NA,0.1,1,1,5,40,"pre_fragmentation","random",6,1724,35,24,1,2499,740,1
80,419,50,0.7,1,NA,0.1,1,1,5,40,"pre_fragmentation","random",6,1724,35,24,1,2499,744,1
80,419,50,0.7,1,NA,0.1,1,1,5,40,"pre_fragmentation","random",6,1724,35,24,1,2499,745,1
80,419,50,0.7,1,NA,0.1,1,1,5,40,"pre_fragmentation","random",6,1724,35,24,1,2499,746,1
80,419,50,0.7,1,NA,0.1,1,1,5,40,"pre_fragmentation","random",6,1724,35,24,1,2499,792,1
80,419,50,0.7,1,NA,0.1,1,1,5,40,"pre_fragmentation","random",6,1724,35,24,1,2499,799,1
80,419,50,0.7,1,NA,0.1,1,1,5,40,"pre_fragmentation","random",7,136,3,36,1,2499,262,1
80,419,50,0.7,1,NA,0.1,1,1,5,40,"pre_fragmentation","random",7,136,3,36,1,2499,264,1
80,419,50,0.7,1,NA,0.1,1,1,5,40,"pre_fragmentation","random",7,136,3,36,1,2499,267,2
80,419,50,0.7,1,NA,0.1,1,1,5,40,"pre_fragmentation","random",7,136,3,36,1,2499,269,1
80,419,50,0.7,1,NA,0.1,1,1,5,40,"pre_fragmentation","random",7,136,3,36,1,2499,296,1
80,419,50,0.7,1,NA,0.1,1,1,5,40,"pre_fragmentation","random",7,136,3,36,1,2499,307,1
80,419,50,0.7,1,NA,0.1,1,1,5,40,"pre_fragmentation","random",7,136,3,36,1,2499,309,1
80,419,50,0.7,1,NA,0.1,1,1,5,40,"pre_fragmentation","random",7,136,3,36,1,2499,311,1
80,419,50,0.7,1,NA,0.1,1,1,5,40,"pre_fragmentation","random",7,136,3,36,1,2499,313,1
80,419,50,0.7,1,NA,0.1,1,1,5,40,"pre_fragmentation","random",7,136,3,36,1,2499,325,1
80,419,50,0.7,1,NA,0.1,1,1,5,40,"pre_fragmentation","random",7,136,3,36,1,2499,330,1
80,419,50,0.7,1,NA,0.1,1,1,5,40,"pre_fragmentation","random",7,136,3,36,1,2499,332,1
80,419,50,0.7,1,NA,0.1,1,1,5,40,"pre_fragmentation","random",7,136,3,36,1,2499,335,1
80,419,50,0.7,1,NA,0.1,1,1,5,40,"pre_fragmentation","random",7,136,3,36,1,2499,339,3
80,419,50,0.7,1,NA,0.1,1,1,5,40,"pre_fragmentation","random",7,136,3,36,1,2499,356,1
80,419,50,0.7,1,NA,0.1,1,1,5,40,"pre_fragmentation","random",7,136,3,36,1,2499,367,2
80,419,50,0.7,1,NA,0.1,1,1,5,40,"pre_fragmentation","random",7,136,3,36,1,2499,378,1
80,419,50,0.7,1,NA,0.1,1,1,5,40,"pre_fragmentation","random",7,136,3,36,1,2499,379,1
80,419,50,0.7,1,NA,0.1,1,1,5,40,"pre_fragmentation","random",7,136,3,36,1,2499,390,1
80,419,50,0.7,1,NA,0.1,1,1,5,40,"pre_fragmentation","random",7,136,3,36,1,2499,395,2
80,419,50,0.7,1,NA,0.1,1,1,5,40,"pre_fragmentation","random",7,136,3,36,1,2499,419,1
80,419,50,0.7,1,NA,0.1,1,1,5,40,"pre_fragmentation","random",7,136,3,36,1,2499,421,1
80,419,50,0.7,1,NA,0.1,1,1,5,40,"pre_fragmentation","random",7,136,3,36,1,2499,423,1
80,419,50,0.7,1,NA,0.1,1,1,5,40,"pre_fragmentation","random",7,136,3,36,1,2499,424,1
80,419,50,0.7,1,NA,0.1,1,1,5,40,"pre_fragmentation","random",7,136,3,36,1,2499,425,1
80,419,50,0.7,1,NA,0.1,1,1,5,40,"pre_fragmentation","random",7,136,3,36,1,2499,429,1
80,419,50,0.7,1,NA,0.1,1,1,5,40,"pre_fragmentation","random",7,136,3,36,1,2499,432,1
80,419,50,0.7,1,NA,0.1,1,1,5,40,"pre_fragmentation","random",7,136,3,36,1,2499,433,1
80,419,50,0.7,1,NA,0.1,1,1,5,40,"pre_fragmentation","random",7,136,3,36,1,2499,437,1
80,419,50,0.7,1,NA,0.1,1,1,5,40,"pre_fragmentation","random",7,136,3,36,1,2499,442,1
80,419,50,0.7,1,NA,0.1,1,1,5,40,"pre_fragmentation","random",7,136,3,36,1,2499,462,1
80,419,50,0.7,1,NA,0.1,1,1,5,40,"pre_fragmentation","random",7,136,3,36,1,2499,477,1
80,419,50,0.7,1,NA,0.1,1,1,5,40,"pre_fragmentation","random",7,136,3,36,1,2499,478,1
80,419,50,0.7,1,NA,0.1,1,1,5,40,"pre_fragmentation","random",8,1424,29,24,1,2499,507,1
80,419,50,0.7,1,NA,0.1,1,1,5,40,"pre_fragmentation","random",8,1424,29,24,1,2499,508,1
80,419,50,0.7,1,NA,0.1,1,1,5,40,"pre_fragmentation","random",8,1424,29,24,1,2499,543,1
80,419,50,0.7,1,NA,0.1,1,1,5,40,"pre_fragmentation","random",8,1424,29,24,1,2499,578,3
80,419,50,0.7,1,NA,0.1,1,1,5,40,"pre_fragmentation","random",8,1424,29,24,1,2499,583,1
80,419,50,0.7,1,NA,0.1,1,1,5,40,"pre_fragmentation","random",8,1424,29,24,1,2499,590,2
80,419,50,0.7,1,NA,0.1,1,1,5,40,"pre_fragmentation","random",8,1424,29,24,1,2499,633,1
80,419,50,0.7,1,NA,0.1,1,1,5,40,"pre_fragmentation","random",8,1424,29,24,1,2499,642,1
80,419,50,0.7,1,NA,0.1,1,1,5,40,"pre_fragmentation","random",8,1424,29,24,1,2499,646,1
80,419,50,0.7,1,NA,0.1,1,1,5,40,"pre_fragmentation","random",8,1424,29,24,1,2499,652,1
80,419,50,0.7,1,NA,0.1,1,1,5,40,"pre_fragmentation","random",8,1424,29,24,1,2499,655,1
80,419,50,0.7,1,NA,0.1,1,1,5,40,"pre_fragmentation","random",8,1424,29,24,1,2499,658,1
80,419,50,0.7,1,NA,0.1,1,1,5,40,"pre_fragmentation","random",8,1424,29,24,1,2499,661,2
80,419,50,0.7,1,NA,0.1,1,1,5,40,"pre_fragmentation","random",8,1424,29,24,1,2499,666,1
80,419,50,0.7,1,NA,0.1,1,1,5,40,"pre_fragmentation","random",8,1424,29,24,1,2499,669,1
80,419,50,0.7,1,NA,0.1,1,1,5,40,"pre_fragmentation","random",8,1424,29,24,1,2499,672,1
80,419,50,0.7,1,NA,0.1,1,1,5,40,"pre_fragmentation","random",8,1424,29,24,1,2499,683,1
80,419,50,0.7,1,NA,0.1,1,1,5,40,"pre_fragmentation","random",8,1424,29,24,1,2499,687,1
80,419,50,0.7,1,NA,0.1,1,1,5,40,"pre_fragmentation","random",8,1424,29,24,1,2499,688,2
80,419,50,0.7,1,NA,0.1,1,1,5,40,"pre_fragmentation","random",8,1424,29,24,1,2499,698,1
80,419,50,0.7,1,NA,0.1,1,1,5,40,"pre_fragmentation","random",8,1424,29,24,1,2499,702,1
80,419,50,0.7,1,NA,0.1,1,1,5,40,"pre_fragmentation","random",8,1424,29,24,1,2499,715,2
80,419,50,0.7,1,NA,0.1,1,1,5,40,"pre_fragmentation","random",8,1424,29,24,1,2499,737,1
80,419,50,0.7,1,NA,0.1,1,1,5,40,"pre_fragmentation","random",8,1424,29,24,1,2499,744,1
80,419,50,0.7,1,NA,0.1,1,1,5,40,"pre_fragmentation","random",8,1424,29,24,1,2499,750,1
80,419,50,0.7,1,NA,0.1,1,1,5,40,"pre_fragmentation","random",8,1424,29,24,1,2499,827,1
80,419,50,0.7,1,NA,0.1,1,1,5,40,"pre_fragmentation","random",9,1356,28,6,1,2499,669,1
80,419,50,0.7,1,NA,0.1,1,1,5,40,"pre_fragmentation","random",9,1356,28,6,1,2499,687,1
80,419,50,0.7,1,NA,0.1,1,1,5,40,"pre_fragmentation","random",9,1356,28,6,1,2499,688,1
80,419,50,0.7,1,NA,0.1,1,1,5,40,"pre_fragmentation","random",9,1356,28,6,1,2499,692,1
80,419,50,0.7,1,NA,0.1,1,1,5,40,"pre_fragmentation","random",9,1356,28,6,1,2499,701,1
80,419,50,0.7,1,NA,0.1,1,1,5,40,"pre_fragmentation","random",9,1356,28,6,1,2499,703,1
80,419,50,0.7,1,NA,0.1,1,1,5,40,"pre_fragmentation","random",9,1356,28,6,1,2499,706,1
80,419,50,0.7,1,NA,0.1,1,1,5,40,"pre_fragmentation","random",9,1356,28,6,1,2499,714,1
80,419,50,0.7,1,NA,0.1,1,1,5,40,"pre_fragmentation","random",9,1356,28,6,1,2499,721,1
80,419,50,0.7,1,NA,0.1,1,1,5,40,"pre_fragmentation","random",9,1356,28,6,1,2499,738,1
80,419,50,0.7,1,NA,0.1,1,1,5,40,"pre_fragmentation","random",9,1356,28,6,1,2499,741,2
80,419,50,0.7,1,NA,0.1,1,1,5,40,"pre_fragmentation","random",9,1356,28,6,1,2499,742,1
80,419,50,0.7,1,NA,0.1,1,1,5,40,"pre_fragmentation","random",9,1356,28,6,1,2499,760,3
80,419,50,0.7,1,NA,0.1,1,1,5,40,"pre_fragmentation","random",9,1356,28,6,1,2499,765,1
80,419,50,0.7,1,NA,0.1,1,1,5,40,"pre_fragmentation","random",9,1356,28,6,1,2499,777,3
80,419,50,0.7,1,NA,0.1,1,1,5,40,"pre_fragmentation","random",9,1356,28,6,1,2499,787,2
80,419,50,0.7,1,NA,0.1,1,1,5,40,"pre_fragmentation","random",9,1356,28,6,1,2499,790,1
80,419,50,0.7,1,NA,0.1,1,1,5,40,"pre_fragmentation","random",9,1356,28,6,1,2499,793,1
80,419,50,0.7,1,NA,0.1,1,1,5,40,"pre_fragmentation","random",9,1356,28,6,1,2499,797,1
80,419,50,0.7,1,NA,0.1,1,1,5,40,"pre_fragmentation","random",9,1356,28,6,1,2499,800,1
80,419,50,0.7,1,NA,0.1,1,1,5,40,"pre_fragmentation","random",9,1356,28,6,1,2499,803,1
80,419,50,0.7,1,NA,0.1,1,1,5,40,"pre_fragmentation","random",9,1356,28,6,1,2499,821,2
80,419,50,0.7,1,NA,0.1,1,1,5,40,"pre_fragmentation","random",9,1356,28,6,1,2499,825,4
80,419,50,0.7,1,NA,0.1,1,1,5,40,"pre_fragmentation","random",9,1356,28,6,1,2499,830,1
80,419,50,0.7,1,NA,0.1,1,1,5,40,"pre_fragmentation","random",9,1356,28,6,1,2499,833,1
80,419,50,0.7,1,NA,0.1,1,1,5,40,"pre_fragmentation","random",9,1356,28,6,1,2499,835,1
80,419,50,0.7,1,NA,0.1,1,1,5,40,"pre_fragmentation","random",9,1356,28,6,1,2499,839,1
80,419,50,0.7,1,NA,0.1,1,1,5,40,"pre_fragmentation","random",9,1356,28,6,1,2499,844,1
80,419,50,0.7,1,NA,0.1,1,1,5,40,"pre_fragmentation","random",9,1356,28,6,1,2499,851,3
80,419,50,0.7,1,NA,0.1,1,1,5,40,"pre_fragmentation","random",9,1356,28,6,1,2499,906,1
80,419,50,0.7,1,NA,0.1,1,1,5,40,"pre_fragmentation","random",10,286,6,36,1,2499,184,1
80,419,50,0.7,1,NA,0.1,1,1,5,40,"pre_fragmentation","random",10,286,6,36,1,2499,262,3
80,419,50,0.7,1,NA,0.1,1,1,5,40,"pre_fragmentation","random",10,286,6,36,1,2499,264,1
80,419,50,0.7,1,NA,0.1,1,1,5,40,"pre_fragmentation","random",10,286,6,36,1,2499,268,1
80,419,50,0.7,1,NA,0.1,1,1,5,40,"pre_fragmentation","random",10,286,6,36,1,2499,283,1
80,419,50,0.7,1,NA,0.1,1,1,5,40,"pre_fragmentation","random",10,286,6,36,1,2499,288,2
80,419,50,0.7,1,NA,0.1,1,1,5,40,"pre_fragmentation","random",10,286,6,36,1,2499,294,1
80,419,50,0.7,1,NA,0.1,1,1,5,40,"pre_fragmentation","random",10,286,6,36,1,2499,299,1
80,419,50,0.7,1,NA,0.1,1,1,5,40,"pre_fragmentation","random",10,286,6,36,1,2499,302,2
80,419,50,0.7,1,NA,0.1,1,1,5,40,"pre_fragmentation","random",10,286,6,36,1,2499,307,1
80,419,50,0.7,1,NA,0.1,1,1,5,40,"pre_fragmentation","random",10,286,6,36,1,2499,308,2
80,419,50,0.7,1,NA,0.1,1,1,5,40,"pre_fragmentation","random",10,286,6,36,1,2499,309,2
80,419,50,0.7,1,NA,0.1,1,1,5,40,"pre_fragmentation","random",10,286,6,36,1,2499,321,1
80,419,50,0.7,1,NA,0.1,1,1,5,40,"pre_fragmentation","random",10,286,6,36,1,2499,326,2
80,419,50,0.7,1,NA,0.1,1,1,5,40,"pre_fragmentation","random",10,286,6,36,1,2499,330,1
80,419,50,0.7,1,NA,0.1,1,1,5,40,"pre_fragmentation","random",10,286,6,36,1,2499,339,2
80,419,50,0.7,1,NA,0.1,1,1,5,40,"pre_fragmentation","random",10,286,6,36,1,2499,341,1
80,419,50,0.7,1,NA,0.1,1,1,5,40,"pre_fragmentation","random",10,286,6,36,1,2499,342,3
80,419,50,0.7,1,NA,0.1,1,1,5,40,"pre_fragmentation","random",10,286,6,36,1,2499,366,1
80,419,50,0.7,1,NA,0.1,1,1,5,40,"pre_fragmentation","random",10,286,6,36,1,2499,367,1
80,419,50,0.7,1,NA,0.1,1,1,5,40,"pre_fragmentation","random",10,286,6,36,1,2499,379,1
80,419,50,0.7,1,NA,0.1,1,1,5,40,"pre_fragmentation","random",10,286,6,36,1,2499,402,1
80,419,50,0.7,1,NA,0.1,1,1,5,40,"pre_fragmentation","random",10,286,6,36,1,2499,419,1
80,419,50,0.7,1,NA,0.1,1,1,5,40,"pre_fragmentation","random",10,286,6,36,1,2499,423,1
80,419,50,0.7,1,NA,0.1,1,1,5,40,"pre_fragmentation","random",10,286,6,36,1,2499,435,1
80,419,50,0.7,1,NA,0.1,1,1,5,40,"pre_fragmentation","random",10,286,6,36,1,2499,555,1
80,419,50,0.7,1,NA,0.1,1,1,5,40,"pre_fragmentation","random",11,591,12,41,1,2499,343,1
80,419,50,0.7,1,NA,0.1,1,1,5,40,"pre_fragmentation","random",11,591,12,41,1,2499,364,1
80,419,50,0.7,1,NA,0.1,1,1,5,40,"pre_fragmentation","random",11,591,12,41,1,2499,389,2
80,419,50,0.7,1,NA,0.1,1,1,5,40,"pre_fragmentation","random",11,591,12,41,1,2499,399,1
80,419,50,0.7,1,NA,0.1,1,1,5,40,"pre_fragmentation","random",11,591,12,41,1,2499,418,2
80,419,50,0.7,1,NA,0.1,1,1,5,40,"pre_fragmentation","random",11,591,12,41,1,2499,422,1
80,419,50,0.7,1,NA,0.1,1,1,5,40,"pre_fragmentation","random",11,591,12,41,1,2499,425,1
80,419,50,0.7,1,NA,0.1,1,1,5,40,"pre_fragmentation","random",11,591,12,41,1,2499,433,1
80,419,50,0.7,1,NA,0.1,1,1,5,40,"pre_fragmentation","random",11,591,12,41,1,2499,434,2
80,419,50,0.7,1,NA,0.1,1,1,5,40,"pre_fragmentation","random",11,591,12,41,1,2499,437,1
80,419,50,0.7,1,NA,0.1,1,1,5,40,"pre_fragmentation","random",11,591,12,41,1,2499,442,1
80,419,50,0.7,1,NA,0.1,1,1,5,40,"pre_fragmentation","random",11,591,12,41,1,2499,452,3
80,419,50,0.7,1,NA,0.1,1,1,5,40,"pre_fragmentation","random",11,591,12,41,1,2499,454,2
80,419,50,0.7,1,NA,0.1,1,1,5,40,"pre_fragmentation","random",11,591,12,41,1,2499,462,2
80,419,50,0.7,1,NA,0.1,1,1,5,40,"pre_fragmentation","random",11,591,12,41,1,2499,468,1
80,419,50,0.7,1,NA,0.1,1,1,5,40,"pre_fragmentation","random",11,591,12,41,1,2499,477,1
80,419,50,0.7,1,NA,0.1,1,1,5,40,"pre_fragmentation","random",11,591,12,41,1,2499,478,1
80,419,50,0.7,1,NA,0.1,1,1,5,40,"pre_fragmentation","random",11,591,12,41,1,2499,483,1
80,419,50,0.7,1,NA,0.1,1,1,5,40,"pre_fragmentation","random",11,591,12,41,1,2499,485,1
80,419,50,0.7,1,NA,0.1,1,1,5,40,"pre_fragmentation","random",11,591,12,41,1,2499,493,1
80,419,50,0.7,1,NA,0.1,1,1,5,40,"pre_fragmentation","random",11,591,12,41,1,2499,498,1
80,419,50,0.7,1,NA,0.1,1,1,5,40,"pre_fragmentation","random",11,591,12,41,1,2499,501,1
80,419,50,0.7,1,NA,0.1,1,1,5,40,"pre_fragmentation","random",11,591,12,41,1,2499,504,1
80,419,50,0.7,1,NA,0.1,1,1,5,40,"pre_fragmentation","random",11,591,12,41,1,2499,508,2
80,419,50,0.7,1,NA,0.1,1,1,5,40,"pre_fragmentation","random",11,591,12,41,1,2499,520,1
80,419,50,0.7,1,NA,0.1,1,1,5,40,"pre_fragmentation","random",11,591,12,41,1,2499,542,1
80,419,50,0.7,1,NA,0.1,1,1,5,40,"pre_fragmentation","random",11,591,12,41,1,2499,576,1
80,419,50,0.7,1,NA,0.1,1,1,5,40,"pre_fragmentation","random",11,591,12,41,1,2499,582,2
80,419,50,0.7,1,NA,0.1,1,1,5,40,"pre_fragmentation","random",11,591,12,41,1,2499,583,1
80,419,50,0.7,1,NA,0.1,1,1,5,40,"pre_fragmentation","random",11,591,12,41,1,2499,591,1
80,419,50,0.7,1,NA,0.1,1,1,5,40,"pre_fragmentation","random",11,591,12,41,1,2499,620,1
80,419,50,0.7,1,NA,0.1,1,1,5,40,"pre_fragmentation","random",11,591,12,41,1,2499,624,1
80,419,50,0.7,1,NA,0.1,1,1,5,40,"pre_fragmentation","random",11,591,12,41,1,2499,659,1
80,419,50,0.7,1,NA,0.1,1,1,5,40,"pre_fragmentation","random",11,591,12,41,1,2499,688,1
80,419,50,0.7,1,NA,0.1,1,1,5,40,"pre_fragmentation","random",12,833,17,33,1,2499,165,1
80,419,50,0.7,1,NA,0.1,1,1,5,40,"pre_fragmentation","random",12,833,17,33,1,2499,184,1
80,419,50,0.7,1,NA,0.1,1,1,5,40,"pre_fragmentation","random",12,833,17,33,1,2499,237,1
80,419,50,0.7,1,NA,0.1,1,1,5,40,"pre_fragmentation","random",12,833,17,33,1,2499,246,1
80,419,50,0.7,1,NA,0.1,1,1,5,40,"pre_fragmentation","random",12,833,17,33,1,2499,249,1
80,419,50,0.7,1,NA,0.1,1,1,5,40,"pre_fragmentation","random",12,833,17,33,1,2499,255,1
80,419,50,0.7,1,NA,0.1,1,1,5,40,"pre_fragmentation","random",12,833,17,33,1,2499,258,1
80,419,50,0.7,1,NA,0.1,1,1,5,40,"pre_fragmentation","random",12,833,17,33,1,2499,262,1
80,419,50,0.7,1,NA,0.1,1,1,5,40,"pre_fragmentation","random",12,833,17,33,1,2499,270,1
80,419,50,0.7,1,NA,0.1,1,1,5,40,"pre_fragmentation","random",12,833,17,33,1,2499,275,1
80,419,50,0.7,1,NA,0.1,1,1,5,40,"pre_fragmentation","random",12,833,17,33,1,2499,277,1
80,419,50,0.7,1,NA,0.1,1,1,5,40,"pre_fragmentation","random",12,833,17,33,1,2499,285,1
80,419,50,0.7,1,NA,0.1,1,1,5,40,"pre_fragmentation","random",12,833,17,33,1,2499,288,2
80,419,50,0.7,1,NA,0.1,1,1,5,40,"pre_fragmentation","random",12,833,17,33,1,2499,297,1
80,419,50,0.7,1,NA,0.1,1,1,5,40,"pre_fragmentation","random",12,833,17,33,1,2499,302,1
80,419,50,0.7,1,NA,0.1,1,1,5,40,"pre_fragmentation","random",12,833,17,33,1,2499,308,1
80,419,50,0.7,1,NA,0.1,1,1,5,40,"pre_fragmentation","random",12,833,17,33,1,2499,309,1
80,419,50,0.7,1,NA,0.1,1,1,5,40,"pre_fragmentation","random",12,833,17,33,1,2499,310,1
80,419,50,0.7,1,NA,0.1,1,1,5,40,"pre_fragmentation","random",12,833,17,33,1,2499,311,1
80,419,50,0.7,1,NA,0.1,1,1,5,40,"pre_fragmentation","random",12,833,17,33,1,2499,315,1
80,419,50,0.7,1,NA,0.1,1,1,5,40,"pre_fragmentation","random",12,833,17,33,1,2499,319,1
80,419,50,0.7,1,NA,0.1,1,1,5,40,"pre_fragmentation","random",12,833,17,33,1,2499,320,2
80,419,50,0.7,1,NA,0.1,1,1,5,40,"pre_fragmentation","random",12,833,17,33,1,2499,322,2
80,419,50,0.7,1,NA,0.1,1,1,5,40,"pre_fragmentation","random",12,833,17,33,1,2499,326,1
80,419,50,0.7,1,NA,0.1,1,1,5,40,"pre_fragmentation","random",12,833,17,33,1,2499,330,4
80,419,50,0.7,1,NA,0.1,1,1,5,40,"pre_fragmentation","random",12,833,17,33,1,2499,333,1
80,419,50,0.7,1,NA,0.1,1,1,5,40,"pre_fragmentation","random",12,833,17,33,1,2499,334,3
80,419,50,0.7,1,NA,0.1,1,1,5,40,"pre_fragmentation","random",12,833,17,33,1,2499,335,2
80,419,50,0.7,1,NA,0.1,1,1,5,40,"pre_fragmentation","random",12,833,17,33,1,2499,344,1
80,419,50,0.7,1,NA,0.1,1,1,5,40,"pre_fragmentation","random",12,833,17,33,1,2499,356,1
80,419,50,0.7,1,NA,0.1,1,1,5,40,"pre_fragmentation","random",12,833,17,33,1,2499,360,2
80,419,50,0.7,1,NA,0.1,1,1,5,40,"pre_fragmentation","random",12,833,17,33,1,2499,367,1
80,419,50,0.7,1,NA,0.1,1,1,5,40,"pre_fragmentation","random",12,833,17,33,1,2499,369,1
80,419,50,0.7,1,NA,0.1,1,1,5,40,"pre_fragmentation","random",12,833,17,33,1,2499,422,1
80,419,50,0.7,1,NA,0.1,1,1,5,40,"pre_fragmentation","random",13,1624,33,24,1,2499,545,1
80,419,50,0.7,1,NA,0.1,1,1,5,40,"pre_fragmentation","random",13,1624,33,24,1,2499,589,1
80,419,50,0.7,1,NA,0.1,1,1,5,40,"pre_fragmentation","random",13,1624,33,24,1,2499,639,2
80,419,50,0.7,1,NA,0.1,1,1,5,40,"pre_fragmentation","random",13,1624,33,24,1,2499,641,1
80,419,50,0.7,1,NA,0.1,1,1,5,40,"pre_fragmentation","random",13,1624,33,24,1,2499,658,4
80,419,50,0.7,1,NA,0.1,1,1,5,40,"pre_fragmentation","random",13,1624,33,24,1,2499,661,2
80,419,50,0.7,1,NA,0.1,1,1,5,40,"pre_fragmentation","random",13,1624,33,24,1,2499,664,1
80,419,50,0.7,1,NA,0.1,1,1,5,40,"pre_fragmentation","random",13,1624,33,24,1,2499,669,1
80,419,50,0.7,1,NA,0.1,1,1,5,40,"pre_fragmentation","random",13,1624,33,24,1,2499,672,1
80,419,50,0.7,1,NA,0.1,1,1,5,40,"pre_fragmentation","random",13,1624,33,24,1,2499,679,1
80,419,50,0.7,1,NA,0.1,1,1,5,40,"pre_fragmentation","random",13,1624,33,24,1,2499,682,1
80,419,50,0.7,1,NA,0.1,1,1,5,40,"pre_fragmentation","random",13,1624,33,24,1,2499,683,2
80,419,50,0.7,1,NA,0.1,1,1,5,40,"pre_fragmentation","random",13,1624,33,24,1,2499,696,2
80,419,50,0.7,1,NA,0.1,1,1,5,40,"pre_fragmentation","random",13,1624,33,24,1,2499,714,1
80,419,50,0.7,1,NA,0.1,1,1,5,40,"pre_fragmentation","random",13,1624,33,24,1,2499,721,2
80,419,50,0.7,1,NA,0.1,1,1,5,40,"pre_fragmentation","random",13,1624,33,24,1,2499,730,1
80,419,50,0.7,1,NA,0.1,1,1,5,40,"pre_fragmentation","random",13,1624,33,24,1,2499,740,1
80,419,50,0.7,1,NA,0.1,1,1,5,40,"pre_fragmentation","random",13,1624,33,24,1,2499,744,2
80,419,50,0.7,1,NA,0.1,1,1,5,40,"pre_fragmentation","random",13,1624,33,24,1,2499,745,2
80,419,50,0.7,1,NA,0.1,1,1,5,40,"pre_fragmentation","random",13,1624,33,24,1,2499,750,1
80,419,50,0.7,1,NA,0.1,1,1,5,40,"pre_fragmentation","random",13,1624,33,24,1,2499,759,1
80,419,50,0.7,1,NA,0.1,1,1,5,40,"pre_fragmentation","random",13,1624,33,24,1,2499,774,1
80,419,50,0.7,1,NA,0.1,1,1,5,40,"pre_fragmentation","random",13,1624,33,24,1,2499,786,2
80,419,50,0.7,1,NA,0.1,1,1,5,40,"pre_fragmentation","random",13,1624,33,24,1,2499,787,1
80,419,50,0.7,1,NA,0.1,1,1,5,40,"pre_fragmentation","random",13,1624,33,24,1,2499,822,1
80,419,50,0.7,1,NA,0.1,1,1,5,40,"pre_fragmentation","random",13,1624,33,24,1,2499,830,1
80,419,50,0.7,1,NA,0.1,1,1,5,40,"pre_fragmentation","random",13,1624,33,24,1,2499,834,1
80,419,50,0.7,1,NA,0.1,1,1,5,40,"pre_fragmentation","random",14,1362,28,12,1,2499,452,1
80,419,50,0.7,1,NA,0.1,1,1,5,40,"pre_fragmentation","random",14,1362,28,12,1,2499,487,1
80,419,50,0.7,1,NA,0.1,1,1,5,40,"pre_fragmentation","random",14,1362,28,12,1,2499,493,2
80,419,50,0.7,1,NA,0.1,1,1,5,40,"pre_fragmentation","random",14,1362,28,12,1,2499,495,1
80,419,50,0.7,1,NA,0.1,1,1,5,40,"pre_fragmentation","random",14,1362,28,12,1,2499,499,1
80,419,50,0.7,1,NA,0.1,1,1,5,40,"pre_fragmentation","random",14,1362,28,12,1,2499,508,2
80,419,50,0.7,1,NA,0.1,1,1,5,40,"pre_fragmentation","random",14,1362,28,12,1,2499,539,1
80,419,50,0.7,1,NA,0.1,1,1,5,40,"pre_fragmentation","random",14,1362,28,12,1,2499,540,1
80,419,50,0.7,1,NA,0.1,1,1,5,40,"pre_fragmentation","random",14,1362,28,12,1,2499,552,1
80,419,50,0.7,1,NA,0.1,1,1,5,40,"pre_fragmentation","random",14,1362,28,12,1,2499,554,1
80,419,50,0.7,1,NA,0.1,1,1,5,40,"pre_fragmentation","random",14,1362,28,12,1,2499,556,1
80,419,50,0.7,1,NA,0.1,1,1,5,40,"pre_fragmentation","random",14,1362,28,12,1,2499,560,2
80,419,50,0.7,1,NA,0.1,1,1,5,40,"pre_fragmentation","random",14,1362,28,12,1,2499,571,3
80,419,50,0.7,1,NA,0.1,1,1,5,40,"pre_fragmentation","random",14,1362,28,12,1,2499,576,1
80,419,50,0.7,1,NA,0.1,1,1,5,40,"pre_fragmentation","random",14,1362,28,12,1,2499,603,1
80,419,50,0.7,1,NA,0.1,1,1,5,40,"pre_fragmentation","random",14,1362,28,12,1,2499,608,1
80,419,50,0.7,1,NA,0.1,1,1,5,40,"pre_fragmentation","random",14,1362,28,12,1,2499,612,1
80,419,50,0.7,1,NA,0.1,1,1,5,40,"pre_fragmentation","random",14,1362,28,12,1,2499,623,1
80,419,50,0.7,1,NA,0.1,1,1,5,40,"pre_fragmentation","random",14,1362,28,12,1,2499,627,1
80,419,50,0.7,1,NA,0.1,1,1,5,40,"pre_fragmentation","random",14,1362,28,12,1,2499,649,1
80,419,50,0.7,1,NA,0.1,1,1,5,40,"pre_fragmentation","random",14,1362,28,12,1,2499,651,1
80,419,50,0.7,1,NA,0.1,1,1,5,40,"pre_fragmentation","random",14,1362,28,12,1,2499,660,1
80,419,50,0.7,1,NA,0.1,1,1,5,40,"pre_fragmentation","random",14,1362,28,12,1,2499,666,1
80,419,50,0.7,1,NA,0.1,1,1,5,40,"pre_fragmentation","random",14,1362,28,12,1,2499,668,1
80,419,50,0.7,1,NA,0.1,1,1,5,40,"pre_fragmentation","random",14,1362,28,12,1,2499,675,1
80,419,50,0.7,1,NA,0.1,1,1,5,40,"pre_fragmentation","random",14,1362,28,12,1,2499,682,1
80,419,50,0.7,1,NA,0.1,1,1,5,40,"pre_fragmentation","random",14,1362,28,12,1,2499,702,1
80,419,50,0.7,1,NA,0.1,1,1,5,40,"pre_fragmentation","random",14,1362,28,12,1,2499,750,1
80,419,50,0.7,1,NA,0.1,1,1,5,40,"pre_fragmentation","random",14,1362,28,12,1,2499,795,1
80,419,50,0.7,1,NA,0.1,1,1,5,40,"pre_fragmentation","random",15,500,10,50,1,2499,698,1
80,419,50,0.7,1,NA,0.1,1,1,5,40,"pre_fragmentation","random",15,500,10,50,1,2499,710,1
80,419,50,0.7,1,NA,0.1,1,1,5,40,"pre_fragmentation","random",15,500,10,50,1,2499,721,1
80,419,50,0.7,1,NA,0.1,1,1,5,40,"pre_fragmentation","random",15,500,10,50,1,2499,729,1
80,419,50,0.7,1,NA,0.1,1,1,5,40,"pre_fragmentation","random",15,500,10,50,1,2499,747,2
80,419,50,0.7,1,NA,0.1,1,1,5,40,"pre_fragmentation","random",15,500,10,50,1,2499,755,1
80,419,50,0.7,1,NA,0.1,1,1,5,40,"pre_fragmentation","random",15,500,10,50,1,2499,774,1
80,419,50,0.7,1,NA,0.1,1,1,5,40,"pre_fragmentation","random",15,500,10,50,1,2499,785,2
80,419,50,0.7,1,NA,0.1,1,1,5,40,"pre_fragmentation","random",15,500,10,50,1,2499,789,1
80,419,50,0.7,1,NA,0.1,1,1,5,40,"pre_fragmentation","random",15,500,10,50,1,2499,790,1
80,419,50,0.7,1,NA,0.1,1,1,5,40,"pre_fragmentation","random",15,500,10,50,1,2499,797,1
80,419,50,0.7,1,NA,0.1,1,1,5,40,"pre_fragmentation","random",15,500,10,50,1,2499,814,3
80,419,50,0.7,1,NA,0.1,1,1,5,40,"pre_fragmentation","random",15,500,10,50,1,2499,817,1
80,419,50,0.7,1,NA,0.1,1,1,5,40,"pre_fragmentation","random",15,500,10,50,1,2499,822,2
80,419,50,0.7,1,NA,0.1,1,1,5,40,"pre_fragmentation","random",15,500,10,50,1,2499,832,2
80,419,50,0.7,1,NA,0.1,1,1,5,40,"pre_fragmentation","random",15,500,10,50,1,2499,862,3
80,419,50,0.7,1,NA,0.1,1,1,5,40,"pre_fragmentation","random",15,500,10,50,1,2499,878,1
80,419,50,0.7,1,NA,0.1,1,1,5,40,"pre_fragmentation","random",15,500,10,50,1,2499,883,1
80,419,50,0.7,1,NA,0.1,1,1,5,40,"pre_fragmentation","random",15,500,10,50,1,2499,885,1
80,419,50,0.7,1,NA,0.1,1,1,5,40,"pre_fragmentation","random",15,500,10,50,1,2499,886,1
80,419,50,0.7,1,NA,0.1,1,1,5,40,"pre_fragmentation","random",15,500,10,50,1,2499,897,1
80,419,50,0.7,1,NA,0.1,1,1,5,40,"pre_fragmentation","random",15,500,10,50,1,2499,914,2
80,419,50,0.7,1,NA,0.1,1,1,5,40,"pre_fragmentation","random",16,2162,44,12,1,2499,632,1
80,419,50,0.7,1,NA,0.1,1,1,5,40,"pre_fragmentation","random",16,2162,44,12,1,2499,639,1
80,419,50,0.7,1,NA,0.1,1,1,5,40,"pre_fragmentation","random",16,2162,44,12,1,2499,658,1
80,419,50,0.7,1,NA,0.1,1,1,5,40,"pre_fragmentation","random",16,2162,44,12,1,2499,661,1
80,419,50,0.7,1,NA,0.1,1,1,5,40,"pre_fragmentation","random",16,2162,44,12,1,2499,669,1
80,419,50,0.7,1,NA,0.1,1,1,5,40,"pre_fragmentation","random",16,2162,44,12,1,2499,680,1
80,419,50,0.7,1,NA,0.1,1,1,5,40,"pre_fragmentation","random",16,2162,44,12,1,2499,687,3
80,419,50,0.7,1,NA,0.1,1,1,5,40,"pre_fragmentation","random",16,2162,44,12,1,2499,694,1
80,419,50,0.7,1,NA,0.1,1,1,5,40,"pre_fragmentation","random",16,2162,44,12,1,2499,696,1
80,419,50,0.7,1,NA,0.1,1,1,5,40,"pre_fragmentation","random",16,2162,44,12,1,2499,711,1
80,419,50,0.7,1,NA,0.1,1,1,5,40,"pre_fragmentation","random",16,2162,44,12,1,2499,716,1
80,419,50,0.7,1,NA,0.1,1,1,5,40,"pre_fragmentation","random",16,2162,44,12,1,2499,721,1
80,419,50,0.7,1,NA,0.1,1,1,5,40,"pre_fragmentation","random",16,2162,44,12,1,2499,732,1
80,419,50,0.7,1,NA,0.1,1,1,5,40,"pre_fragmentation","random",16,2162,44,12,1,2499,733,1
80,419,50,0.7,1,NA,0.1,1,1,5,40,"pre_fragmentation","random",16,2162,44,12,1,2499,738,1
80,419,50,0.7,1,NA,0.1,1,1,5,40,"pre_fragmentation","random",16,2162,44,12,1,2499,749,2
80,419,50,0.7,1,NA,0.1,1,1,5,40,"pre_fragmentation","random",16,2162,44,12,1,2499,758,1
80,419,50,0.7,1,NA,0.1,1,1,5,40,"pre_fragmentation","random",16,2162,44,12,1,2499,770,4
80,419,50,0.7,1,NA,0.1,1,1,5,40,"pre_fragmentation","random",16,2162,44,12,1,2499,772,1
80,419,50,0.7,1,NA,0.1,1,1,5,40,"pre_fragmentation","random",16,2162,44,12,1,2499,775,1
80,419,50,0.7,1,NA,0.1,1,1,5,40,"pre_fragmentation","random",16,2162,44,12,1,2499,776,2
80,419,50,0.7,1,NA,0.1,1,1,5,40,"pre_fragmentation","random",16,2162,44,12,1,2499,779,2
80,419,50,0.7,1,NA,0.1,1,1,5,40,"pre_fragmentation","random",16,2162,44,12,1,2499,785,1
80,419,50,0.7,1,NA,0.1,1,1,5,40,"pre_fragmentation","random",16,2162,44,12,1,2499,789,2
80,419,50,0.7,1,NA,0.1,1,1,5,40,"pre_fragmentation","random",16,2162,44,12,1,2499,810,1
80,419,50,0.7,1,NA,0.1,1,1,5,40,"pre_fragmentation","random",16,2162,44,12,1,2499,813,1
80,419,50,0.7,1,NA,0.1,1,1,5,40,"pre_fragmentation","random",16,2162,44,12,1,2499,821,1
80,419,50,0.7,1,NA,0.1,1,1,5,40,"pre_fragmentation","random",16,2162,44,12,1,2499,839,1
80,419,50,0.7,1,NA,0.1,1,1,5,40,"pre_fragmentation","random",16,2162,44,12,1,2499,847,1
80,419,50,0.7,1,NA,0.1,1,1,5,40,"pre_fragmentation","random",16,2162,44,12,1,2499,864,1
80,419,50,0.7,1,NA,0.1,1,1,5,40,"pre_fragmentation","random",16,2162,44,12,1,2499,882,2
80,419,50,0.7,1,NA,0.1,1,1,5,40,"pre_fragmentation","random",17,370,8,20,1,2499,314,1
80,419,50,0.7,1,NA,0.1,1,1,5,40,"pre_fragmentation","random",17,370,8,20,1,2499,325,1
80,419,50,0.7,1,NA,0.1,1,1,5,40,"pre_fragmentation","random",17,370,8,20,1,2499,332,1
80,419,50,0.7,1,NA,0.1,1,1,5,40,"pre_fragmentation","random",17,370,8,20,1,2499,335,1
80,419,50,0.7,1,NA,0.1,1,1,5,40,"pre_fragmentation","random",17,370,8,20,1,2499,343,1
80,419,50,0.7,1,NA,0.1,1,1,5,40,"pre_fragmentation","random",17,370,8,20,1,2499,362,1
80,419,50,0.7,1,NA,0.1,1,1,5,40,"pre_fragmentation","random",17,370,8,20,1,2499,367,1
80,419,50,0.7,1,NA,0.1,1,1,5,40,"pre_fragmentation","random",17,370,8,20,1,2499,372,1
80,419,50,0.7,1,NA,0.1,1,1,5,40,"pre_fragmentation","random",17,370,8,20,1,2499,374,2
80,419,50,0.7,1,NA,0.1,1,1,5,40,"pre_fragmentation","random",17,370,8,20,1,2499,384,1
80,419,50,0.7,1,NA,0.1,1,1,5,40,"pre_fragmentation","random",17,370,8,20,1,2499,389,1
80,419,50,0.7,1,NA,0.1,1,1,5,40,"pre_fragmentation","random",17,370,8,20,1,2499,395,1
80,419,50,0.7,1,NA,0.1,1,1,5,40,"pre_fragmentation","random",17,370,8,20,1,2499,405,1
80,419,50,0.7,1,NA,0.1,1,1,5,40,"pre_fragmentation","random",17,370,8,20,1,2499,422,1
80,419,50,0.7,1,NA,0.1,1,1,5,40,"pre_fragmentation","random",17,370,8,20,1,2499,423,1
80,419,50,0.7,1,NA,0.1,1,1,5,40,"pre_fragmentation","random",17,370,8,20,1,2499,431,1
80,419,50,0.7,1,NA,0.1,1,1,5,40,"pre_fragmentation","random",17,370,8,20,1,2499,432,2
80,419,50,0.7,1,NA,0.1,1,1,5,40,"pre_fragmentation","random",17,370,8,20,1,2499,433,2
80,419,50,0.7,1,NA,0.1,1,1,5,40,"pre_fragmentation","random",17,370,8,20,1,2499,434,1
80,419,50,0.7,1,NA,0.1,1,1,5,40,"pre_fragmentation","random",17,370,8,20,1,2499,436,1
80,419,50,0.7,1,NA,0.1,1,1,5,40,"pre_fragmentation","random",17,370,8,20,1,2499,440,2
80,419,50,0.7,1,NA,0.1,1,1,5,40,"pre_fragmentation","random",17,370,8,20,1,2499,444,1
80,419,50,0.7,1,NA,0.1,1,1,5,40,"pre_fragmentation","random",17,370,8,20,1,2499,460,1
80,419,50,0.7,1,NA,0.1,1,1,5,40,"pre_fragmentation","random",17,370,8,20,1,2499,464,2
80,419,50,0.7,1,NA,0.1,1,1,5,40,"pre_fragmentation","random",17,370,8,20,1,2499,465,3
80,419,50,0.7,1,NA,0.1,1,1,5,40,"pre_fragmentation","random",17,370,8,20,1,2499,479,2
80,419,50,0.7,1,NA,0.1,1,1,5,40,"pre_fragmentation","random",17,370,8,20,1,2499,482,1
80,419,50,0.7,1,NA,0.1,1,1,5,40,"pre_fragmentation","random",17,370,8,20,1,2499,485,2
80,419,50,0.7,1,NA,0.1,1,1,5,40,"pre_fragmentation","random",17,370,8,20,1,2499,491,1
80,419,50,0.7,1,NA,0.1,1,1,5,40,"pre_fragmentation","random",17,370,8,20,1,2499,498,1
80,419,50,0.7,1,NA,0.1,1,1,5,40,"pre_fragmentation","random",17,370,8,20,1,2499,501,1
80,419,50,0.7,1,NA,0.1,1,1,5,40,"pre_fragmentation","random",17,370,8,20,1,2499,509,1
80,419,50,0.7,1,NA,0.1,1,1,5,40,"pre_fragmentation","random",17,370,8,20,1,2499,615,1
80,419,50,0.7,1,NA,0.1,1,1,5,40,"pre_fragmentation","random",18,1539,31,39,1,2499,387,1
80,419,50,0.7,1,NA,0.1,1,1,5,40,"pre_fragmentation","random",18,1539,31,39,1,2499,417,1
80,419,50,0.7,1,NA,0.1,1,1,5,40,"pre_fragmentation","random",18,1539,31,39,1,2499,420,1
80,419,50,0.7,1,NA,0.1,1,1,5,40,"pre_fragmentation","random",18,1539,31,39,1,2499,424,1
80,419,50,0.7,1,NA,0.1,1,1,5,40,"pre_fragmentation","random",18,1539,31,39,1,2499,435,1
80,419,50,0.7,1,NA,0.1,1,1,5,40,"pre_fragmentation","random",18,1539,31,39,1,2499,460,1
80,419,50,0.7,1,NA,0.1,1,1,5,40,"pre_fragmentation","random",18,1539,31,39,1,2499,468,1
80,419,50,0.7,1,NA,0.1,1,1,5,40,"pre_fragmentation","random",18,1539,31,39,1,2499,478,1
80,419,50,0.7,1,NA,0.1,1,1,5,40,"pre_fragmentation","random",18,1539,31,39,1,2499,485,2
80,419,50,0.7,1,NA,0.1,1,1,5,40,"pre_fragmentation","random",18,1539,31,39,1,2499,487,1
80,419,50,0.7,1,NA,0.1,1,1,5,40,"pre_fragmentation","random",18,1539,31,39,1,2499,494,1
80,419,50,0.7,1,NA,0.1,1,1,5,40,"pre_fragmentation","random",18,1539,31,39,1,2499,506,1
80,419,50,0.7,1,NA,0.1,1,1,5,40,"pre_fragmentation","random",18,1539,31,39,1,2499,512,1
80,419,50,0.7,1,NA,0.1,1,1,5,40,"pre_fragmentation","random",18,1539,31,39,1,2499,513,1
80,419,50,0.7,1,NA,0.1,1,1,5,40,"pre_fragmentation","random",18,1539,31,39,1,2499,519,1
80,419,50,0.7,1,NA,0.1,1,1,5,40,"pre_fragmentation","random",18,1539,31,39,1,2499,523,1
80,419,50,0.7,1,NA,0.1,1,1,5,40,"pre_fragmentation","random",18,1539,31,39,1,2499,538,1
80,419,50,0.7,1,NA,0.1,1,1,5,40,"pre_fragmentation","random",18,1539,31,39,1,2499,540,1
80,419,50,0.7,1,NA,0.1,1,1,5,40,"pre_fragmentation","random",18,1539,31,39,1,2499,546,1
80,419,50,0.7,1,NA,0.1,1,1,5,40,"pre_fragmentation","random",18,1539,31,39,1,2499,547,2
80,419,50,0.7,1,NA,0.1,1,1,5,40,"pre_fragmentation","random",18,1539,31,39,1,2499,553,1
80,419,50,0.7,1,NA,0.1,1,1,5,40,"pre_fragmentation","random",18,1539,31,39,1,2499,560,3
80,419,50,0.7,1,NA,0.1,1,1,5,40,"pre_fragmentation","random",18,1539,31,39,1,2499,563,2
80,419,50,0.7,1,NA,0.1,1,1,5,40,"pre_fragmentation","random",18,1539,31,39,1,2499,570,1
80,419,50,0.7,1,NA,0.1,1,1,5,40,"pre_fragmentation","random",18,1539,31,39,1,2499,599,2
80,419,50,0.7,1,NA,0.1,1,1,5,40,"pre_fragmentation","random",18,1539,31,39,1,2499,602,1
80,419,50,0.7,1,NA,0.1,1,1,5,40,"pre_fragmentation","random",18,1539,31,39,1,2499,608,1
80,419,50,0.7,1,NA,0.1,1,1,5,40,"pre_fragmentation","random",18,1539,31,39,1,2499,609,1
80,419,50,0.7,1,NA,0.1,1,1,5,40,"pre_fragmentation","random",18,1539,31,39,1,2499,622,1
80,419,50,0.7,1,NA,0.1,1,1,5,40,"pre_fragmentation","random",18,1539,31,39,1,2499,640,2
80,419,50,0.7,1,NA,0.1,1,1,5,40,"pre_fragmentation","random",18,1539,31,39,1,2499,668,1
80,419,50,0.7,1,NA,0.1,1,1,5,40,"pre_fragmentation","random",18,1539,31,39,1,2499,689,1
80,419,50,0.7,1,NA,0.1,1,1,5,40,"pre_fragmentation","random",19,943,19,43,1,2499,428,1
80,419,50,0.7,1,NA,0.1,1,1,5,40,"pre_fragmentation","random",19,943,19,43,1,2499,449,1
80,419,50,0.7,1,NA,0.1,1,1,5,40,"pre_fragmentation","random",19,943,19,43,1,2499,453,1
80,419,50,0.7,1,NA,0.1,1,1,5,40,"pre_fragmentation","random",19,943,19,43,1,2499,462,1
80,419,50,0.7,1,NA,0.1,1,1,5,40,"pre_fragmentation","random",19,943,19,43,1,2499,485,1
80,419,50,0.7,1,NA,0.1,1,1,5,40,"pre_fragmentation","random",19,943,19,43,1,2499,506,1
80,419,50,0.7,1,NA,0.1,1,1,5,40,"pre_fragmentation","random",19,943,19,43,1,2499,512,1
80,419,50,0.7,1,NA,0.1,1,1,5,40,"pre_fragmentation","random",19,943,19,43,1,2499,523,4
80,419,50,0.7,1,NA,0.1,1,1,5,40,"pre_fragmentation","random",19,943,19,43,1,2499,529,1
80,419,50,0.7,1,NA,0.1,1,1,5,40,"pre_fragmentation","random",19,943,19,43,1,2499,533,1
80,419,50,0.7,1,NA,0.1,1,1,5,40,"pre_fragmentation","random",19,943,19,43,1,2499,544,1
80,419,50,0.7,1,NA,0.1,1,1,5,40,"pre_fragmentation","random",19,943,19,43,1,2499,563,1
80,419,50,0.7,1,NA,0.1,1,1,5,40,"pre_fragmentation","random",19,943,19,43,1,2499,570,1
80,419,50,0.7,1,NA,0.1,1,1,5,40,"pre_fragmentation","random",19,943,19,43,1,2499,620,1
80,419,50,0.7,1,NA,0.1,1,1,5,40,"pre_fragmentation","random",19,943,19,43,1,2499,623,2
80,419,50,0.7,1,NA,0.1,1,1,5,40,"pre_fragmentation","random",19,943,19,43,1,2499,624,1
80,419,50,0.7,1,NA,0.1,1,1,5,40,"pre_fragmentation","random",19,943,19,43,1,2499,627,1
80,419,50,0.7,1,NA,0.1,1,1,5,40,"pre_fragmentation","random",19,943,19,43,1,2499,628,2
80,419,50,0.7,1,NA,0.1,1,1,5,40,"pre_fragmentation","random",19,943,19,43,1,2499,631,1
80,419,50,0.7,1,NA,0.1,1,1,5,40,"pre_fragmentation","random",19,943,19,43,1,2499,640,1
80,419,50,0.7,1,NA,0.1,1,1,5,40,"pre_fragmentation","random",19,943,19,43,1,2499,643,1
80,419,50,0.7,1,NA,0.1,1,1,5,40,"pre_fragmentation","random",19,943,19,43,1,2499,655,1
80,419,50,0.7,1,NA,0.1,1,1,5,40,"pre_fragmentation","random",19,943,19,43,1,2499,672,1
80,419,50,0.7,1,NA,0.1,1,1,5,40,"pre_fragmentation","random",19,943,19,43,1,2499,687,2
80,419,50,0.7,1,NA,0.1,1,1,5,40,"pre_fragmentation","random",19,943,19,43,1,2499,748,1
80,419,50,0.7,1,NA,0.1,1,1,5,40,"pre_fragmentation","random",20,63,2,13,1,2499,476,1
80,419,50,0.7,1,NA,0.1,1,1,5,40,"pre_fragmentation","random",20,63,2,13,1,2499,477,1
80,419,50,0.7,1,NA,0.1,1,1,5,40,"pre_fragmentation","random",20,63,2,13,1,2499,508,1
80,419,50,0.7,1,NA,0.1,1,1,5,40,"pre_fragmentation","random",20,63,2,13,1,2499,542,1
80,419,50,0.7,1,NA,0.1,1,1,5,40,"pre_fragmentation","random",20,63,2,13,1,2499,543,1
80,419,50,0.7,1,NA,0.1,1,1,5,40,"pre_fragmentation","random",20,63,2,13,1,2499,554,1
80,419,50,0.7,1,NA,0.1,1,1,5,40,"pre_fragmentation","random",20,63,2,13,1,2499,571,1
80,419,50,0.7,1,NA,0.1,1,1,5,40,"pre_fragmentation","random",20,63,2,13,1,2499,623,2
80,419,50,0.7,1,NA,0.1,1,1,5,40,"pre_fragmentation","random",20,63,2,13,1,2499,628,1
80,419,50,0.7,1,NA,0.1,1,1,5,40,"pre_fragmentation","random",20,63,2,13,1,2499,632,1
80,419,50,0.7,1,NA,0.1,1,1,5,40,"pre_fragmentation","random",20,63,2,13,1,2499,641,1
80,419,50,0.7,1,NA,0.1,1,1,5,40,"pre_fragmentation","random",20,63,2,13,1,2499,642,1
80,419,50,0.7,1,NA,0.1,1,1,5,40,"pre_fragmentation","random",20,63,2,13,1,2499,649,1
80,419,50,0.7,1,NA,0.1,1,1,5,40,"pre_fragmentation","random",20,63,2,13,1,2499,653,1
80,419,50,0.7,1,NA,0.1,1,1,5,40,"pre_fragmentation","random",20,63,2,13,1,2499,658,1
80,419,50,0.7,1,NA,0.1,1,1,5,40,"pre_fragmentation","random",20,63,2,13,1,2499,660,1
80,419,50,0.7,1,NA,0.1,1,1,5,40,"pre_fragmentation","random",20,63,2,13,1,2499,665,1
80,419,50,0.7,1,NA,0.1,1,1,5,40,"pre_fragmentation","random",20,63,2,13,1,2499,669,1
80,419,50,0.7,1,NA,0.1,1,1,5,40,"pre_fragmentation","random",20,63,2,13,1,2499,675,2
80,419,50,0.7,1,NA,0.1,1,1,5,40,"pre_fragmentation","random",20,63,2,13,1,2499,680,1
80,419,50,0.7,1,NA,0.1,1,1,5,40,"pre_fragmentation","random",20,63,2,13,1,2499,688,1
80,419,50,0.7,1,NA,0.1,1,1,5,40,"pre_fragmentation","random",20,63,2,13,1,2499,692,1
80,419,50,0.7,1,NA,0.1,1,1,5,40,"pre_fragmentation","random",20,63,2,13,1,2499,696,1
80,419,50,0.7,1,NA,0.1,1,1,5,40,"pre_fragmentation","random",20,63,2,13,1,2499,700,1
80,419,50,0.7,1,NA,0.1,1,1,5,40,"pre_fragmentation","random",20,63,2,13,1,2499,707,1
80,419,50,0.7,1,NA,0.1,1,1,5,40,"pre_fragmentation","random",20,63,2,13,1,2499,716,1
80,419,50,0.7,1,NA,0.1,1,1,5,40,"pre_fragmentation","random",20,63,2,13,1,2499,718,3
80,419,50,0.7,1,NA,0.1,1,1,5,40,"pre_fragmentation","random",20,63,2,13,1,2499,740,1
80,419,50,0.7,1,NA,0.1,1,1,5,40,"pre_fragmentation","random",20,63,2,13,1,2499,747,1
80,419,50,0.7,1,NA,0.1,1,1,5,40,"pre_fragmentation","random",21,1277,26,27,1,2499,307,2
80,419,50,0.7,1,NA,0.1,1,1,5,40,"pre_fragmentation","random",21,1277,26,27,1,2499,370,1
80,419,50,0.7,1,NA,0.1,1,1,5,40,"pre_fragmentation","random",21,1277,26,27,1,2499,393,1
80,419,50,0.7,1,NA,0.1,1,1,5,40,"pre_fragmentation","random",21,1277,26,27,1,2499,420,1
80,419,50,0.7,1,NA,0.1,1,1,5,40,"pre_fragmentation","random",21,1277,26,27,1,2499,425,1
80,419,50,0.7,1,NA,0.1,1,1,5,40,"pre_fragmentation","random",21,1277,26,27,1,2499,428,1
80,419,50,0.7,1,NA,0.1,1,1,5,40,"pre_fragmentation","random",21,1277,26,27,1,2499,431,1
80,419,50,0.7,1,NA,0.1,1,1,5,40,"pre_fragmentation","random",21,1277,26,27,1,2499,452,1
80,419,50,0.7,1,NA,0.1,1,1,5,40,"pre_fragmentation","random",21,1277,26,27,1,2499,460,1
80,419,50,0.7,1,NA,0.1,1,1,5,40,"pre_fragmentation","random",21,1277,26,27,1,2499,463,1
80,419,50,0.7,1,NA,0.1,1,1,5,40,"pre_fragmentation","random",21,1277,26,27,1,2499,470,1
80,419,50,0.7,1,NA,0.1,1,1,5,40,"pre_fragmentation","random",21,1277,26,27,1,2499,496,3
80,419,50,0.7,1,NA,0.1,1,1,5,40,"pre_fragmentation","random",21,1277,26,27,1,2499,505,3
80,419,50,0.7,1,NA,0.1,1,1,5,40,"pre_fragmentation","random",21,1277,26,27,1,2499,508,1
80,419,50,0.7,1,NA,0.1,1,1,5,40,"pre_fragmentation","random",21,1277,26,27,1,2499,511,2
80,419,50,0.7,1,NA,0.1,1,1,5,40,"pre_fragmentation","random",21,1277,26,27,1,2499,520,1
80,419,50,0.7,1,NA,0.1,1,1,5,40,"pre_fragmentation","random",21,1277,26,27,1,2499,523,4
80,419,50,0.7,1,NA,0.1,1,1,5,40,"pre_fragmentation","random",21,1277,26,27,1,2499,538,1
80,419,50,0.7,1,NA,0.1,1,1,5,40,"pre_fragmentation","random",21,1277,26,27,1,2499,562,1
80,419,50,0.7,1,NA,0.1,1,1,5,40,"pre_fragmentation","random",21,1277,26,27,1,2499,564,1
80,419,50,0.7,1,NA,0.1,1,1,5,40,"pre_fragmentation","random",21,1277,26,27,1,2499,581,1
80,419,50,0.7,1,NA,0.1,1,1,5,40,"pre_fragmentation","random",21,1277,26,27,1,2499,582,1
80,419,50,0.7,1,NA,0.1,1,1,5,40,"pre_fragmentation","random",21,1277,26,27,1,2499,586,1
80,419,50,0.7,1,NA,0.1,1,1,5,40,"pre_fragmentation","random",21,1277,26,27,1,2499,588,1
80,419,50,0.7,1,NA,0.1,1,1,5,40,"pre_fragmentation","random",21,1277,26,27,1,2499,591,1
80,419,50,0.7,1,NA,0.1,1,1,5,40,"pre_fragmentation","random",21,1277,26,27,1,2499,603,1
80,419,50,0.7,1,NA,0.1,1,1,5,40,"pre_fragmentation","random",21,1277,26,27,1,2499,608,1
80,419,50,0.7,1,NA,0.1,1,1,5,40,"pre_fragmentation","random",21,1277,26,27,1,2499,633,1
80,419,50,0.7,1,NA,0.1,1,1,5,40,"pre_fragmentation","random",21,1277,26,27,1,2499,649,1
80,419,50,0.7,1,NA,0.1,1,1,5,40,"pre_fragmentation","random",22,1856,38,6,1,2499,485,1
80,419,50,0.7,1,NA,0.1,1,1,5,40,"pre_fragmentation","random",22,1856,38,6,1,2499,584,1
80,419,50,0.7,1,NA,0.1,1,1,5,40,"pre_fragmentation","random",22,1856,38,6,1,2499,609,1
80,419,50,0.7,1,NA,0.1,1,1,5,40,"pre_fragmentation","random",22,1856,38,6,1,2499,628,1
80,419,50,0.7,1,NA,0.1,1,1,5,40,"pre_fragmentation","random",22,1856,38,6,1,2499,631,1
80,419,50,0.7,1,NA,0.1,1,1,5,40,"pre_fragmentation","random",22,1856,38,6,1,2499,633,1
80,419,50,0.7,1,NA,0.1,1,1,5,40,"pre_fragmentation","random",22,1856,38,6,1,2499,669,1
80,419,50,0.7,1,NA,0.1,1,1,5,40,"pre_fragmentation","random",22,1856,38,6,1,2499,680,2
80,419,50,0.7,1,NA,0.1,1,1,5,40,"pre_fragmentation","random",22,1856,38,6,1,2499,691,1
80,419,50,0.7,1,NA,0.1,1,1,5,40,"pre_fragmentation","random",22,1856,38,6,1,2499,694,1
80,419,50,0.7,1,NA,0.1,1,1,5,40,"pre_fragmentation","random",22,1856,38,6,1,2499,696,1
80,419,50,0.7,1,NA,0.1,1,1,5,40,"pre_fragmentation","random",22,1856,38,6,1,2499,698,1
80,419,50,0.7,1,NA,0.1,1,1,5,40,"pre_fragmentation","random",22,1856,38,6,1,2499,701,1
80,419,50,0.7,1,NA,0.1,1,1,5,40,"pre_fragmentation","random",22,1856,38,6,1,2499,704,1
80,419,50,0.7,1,NA,0.1,1,1,5,40,"pre_fragmentation","random",22,1856,38,6,1,2499,714,1
80,419,50,0.7,1,NA,0.1,1,1,5,40,"pre_fragmentation","random",22,1856,38,6,1,2499,715,1
80,419,50,0.7,1,NA,0.1,1,1,5,40,"pre_fragmentation","random",22,1856,38,6,1,2499,719,1
80,419,50,0.7,1,NA,0.1,1,1,5,40,"pre_fragmentation","random",22,1856,38,6,1,2499,722,1
80,419,50,0.7,1,NA,0.1,1,1,5,40,"pre_fragmentation","random",22,1856,38,6,1,2499,733,1
80,419,50,0.7,1,NA,0.1,1,1,5,40,"pre_fragmentation","random",22,1856,38,6,1,2499,737,1
80,419,50,0.7,1,NA,0.1,1,1,5,40,"pre_fragmentation","random",22,1856,38,6,1,2499,741,1
80,419,50,0.7,1,NA,0.1,1,1,5,40,"pre_fragmentation","random",22,1856,38,6,1,2499,749,1
80,419,50,0.7,1,NA,0.1,1,1,5,40,"pre_fragmentation","random",22,1856,38,6,1,2499,753,1
80,419,50,0.7,1,NA,0.1,1,1,5,40,"pre_fragmentation","random",22,1856,38,6,1,2499,759,1
80,419,50,0.7,1,NA,0.1,1,1,5,40,"pre_fragmentation","random",22,1856,38,6,1,2499,774,1
80,419,50,0.7,1,NA,0.1,1,1,5,40,"pre_fragmentation","random",22,1856,38,6,1,2499,779,1
80,419,50,0.7,1,NA,0.1,1,1,5,40,"pre_fragmentation","random",22,1856,38,6,1,2499,786,1
80,419,50,0.7,1,NA,0.1,1,1,5,40,"pre_fragmentation","random",22,1856,38,6,1,2499,789,1
80,419,50,0.7,1,NA,0.1,1,1,5,40,"pre_fragmentation","random",22,1856,38,6,1,2499,814,1
80,419,50,0.7,1,NA,0.1,1,1,5,40,"pre_fragmentation","random",22,1856,38,6,1,2499,843,2
80,419,50,0.7,1,NA,0.1,1,1,5,40,"pre_fragmentation","random",22,1856,38,6,1,2499,882,1
80,419,50,0.7,1,NA,0.1,1,1,5,40,"pre_fragmentation","random",23,2459,50,9,1,2499,560,1
80,419,50,0.7,1,NA,0.1,1,1,5,40,"pre_fragmentation","random",23,2459,50,9,1,2499,570,1
80,419,50,0.7,1,NA,0.1,1,1,5,40,"pre_fragmentation","random",23,2459,50,9,1,2499,576,1
80,419,50,0.7,1,NA,0.1,1,1,5,40,"pre_fragmentation","random",23,2459,50,9,1,2499,641,1
80,419,50,0.7,1,NA,0.1,1,1,5,40,"pre_fragmentation","random",23,2459,50,9,1,2499,655,1
80,419,50,0.7,1,NA,0.1,1,1,5,40,"pre_fragmentation","random",23,2459,50,9,1,2499,680,1
80,419,50,0.7,1,NA,0.1,1,1,5,40,"pre_fragmentation","random",23,2459,50,9,1,2499,684,1
80,419,50,0.7,1,NA,0.1,1,1,5,40,"pre_fragmentation","random",23,2459,50,9,1,2499,688,1
80,419,50,0.7,1,NA,0.1,1,1,5,40,"pre_fragmentation","random",23,2459,50,9,1,2499,689,1
80,419,50,0.7,1,NA,0.1,1,1,5,40,"pre_fragmentation","random",23,2459,50,9,1,2499,696,4
80,419,50,0.7,1,NA,0.1,1,1,5,40,"pre_fragmentation","random",23,2459,50,9,1,2499,707,1
80,419,50,0.7,1,NA,0.1,1,1,5,40,"pre_fragmentation","random",23,2459,50,9,1,2499,716,2
80,419,50,0.7,1,NA,0.1,1,1,5,40,"pre_fragmentation","random",23,2459,50,9,1,2499,732,1
80,419,50,0.7,1,NA,0.1,1,1,5,40,"pre_fragmentation","random",23,2459,50,9,1,2499,741,1
80,419,50,0.7,1,NA,0.1,1,1,5,40,"pre_fragmentation","random",23,2459,50,9,1,2499,747,2
80,419,50,0.7,1,NA,0.1,1,1,5,40,"pre_fragmentation","random",23,2459,50,9,1,2499,750,4
80,419,50,0.7,1,NA,0.1,1,1,5,40,"pre_fragmentation","random",23,2459,50,9,1,2499,753,1
80,419,50,0.7,1,NA,0.1,1,1,5,40,"pre_fragmentation","random",23,2459,50,9,1,2499,754,1
80,419,50,0.7,1,NA,0.1,1,1,5,40,"pre_fragmentation","random",23,2459,50,9,1,2499,755,4
80,419,50,0.7,1,NA,0.1,1,1,5,40,"pre_fragmentation","random",23,2459,50,9,1,2499,770,1
80,419,50,0.7,1,NA,0.1,1,1,5,40,"pre_fragmentation","random",23,2459,50,9,1,2499,804,1
80,419,50,0.7,1,NA,0.1,1,1,5,40,"pre_fragmentation","random",23,2459,50,9,1,2499,810,2
80,419,50,0.7,1,NA,0.1,1,1,5,40,"pre_fragmentation","random",23,2459,50,9,1,2499,813,1
80,419,50,0.7,1,NA,0.1,1,1,5,40,"pre_fragmentation","random",23,2459,50,9,1,2499,817,2
80,419,50,0.7,1,NA,0.1,1,1,5,40,"pre_fragmentation","random",23,2459,50,9,1,2499,824,1
80,419,50,0.7,1,NA,0.1,1,1,5,40,"pre_fragmentation","random",23,2459,50,9,1,2499,832,1
80,419,50,0.7,1,NA,0.1,1,1,5,40,"pre_fragmentation","random",23,2459,50,9,1,2499,836,1
80,419,50,0.7,1,NA,0.1,1,1,5,40,"pre_fragmentation","random",23,2459,50,9,1,2499,855,1
80,419,50,0.7,1,NA,0.1,1,1,5,40,"pre_fragmentation","random",23,2459,50,9,1,2499,862,1
80,419,50,0.7,1,NA,0.1,1,1,5,40,"pre_fragmentation","random",23,2459,50,9,1,2499,923,1
80,419,50,0.7,1,NA,0.1,1,1,5,40,"pre_fragmentation","random",24,1472,30,22,1,2499,454,1
80,419,50,0.7,1,NA,0.1,1,1,5,40,"pre_fragmentation","random",24,1472,30,22,1,2499,498,1
80,419,50,0.7,1,NA,0.1,1,1,5,40,"pre_fragmentation","random",24,1472,30,22,1,2499,531,1
80,419,50,0.7,1,NA,0.1,1,1,5,40,"pre_fragmentation","random",24,1472,30,22,1,2499,533,1
80,419,50,0.7,1,NA,0.1,1,1,5,40,"pre_fragmentation","random",24,1472,30,22,1,2499,535,1
80,419,50,0.7,1,NA,0.1,1,1,5,40,"pre_fragmentation","random",24,1472,30,22,1,2499,538,1
80,419,50,0.7,1,NA,0.1,1,1,5,40,"pre_fragmentation","random",24,1472,30,22,1,2499,539,1
80,419,50,0.7,1,NA,0.1,1,1,5,40,"pre_fragmentation","random",24,1472,30,22,1,2499,542,1
80,419,50,0.7,1,NA,0.1,1,1,5,40,"pre_fragmentation","random",24,1472,30,22,1,2499,559,1
80,419,50,0.7,1,NA,0.1,1,1,5,40,"pre_fragmentation","random",24,1472,30,22,1,2499,566,2
80,419,50,0.7,1,NA,0.1,1,1,5,40,"pre_fragmentation","random",24,1472,30,22,1,2499,569,1
80,419,50,0.7,1,NA,0.1,1,1,5,40,"pre_fragmentation","random",24,1472,30,22,1,2499,586,1
80,419,50,0.7,1,NA,0.1,1,1,5,40,"pre_fragmentation","random",24,1472,30,22,1,2499,590,1
80,419,50,0.7,1,NA,0.1,1,1,5,40,"pre_fragmentation","random",24,1472,30,22,1,2499,603,1
80,419,50,0.7,1,NA,0.1,1,1,5,40,"pre_fragmentation","random",24,1472,30,22,1,2499,612,1
80,419,50,0.7,1,NA,0.1,1,1,5,40,"pre_fragmentation","random",24,1472,30,22,1,2499,614,1
80,419,50,0.7,1,NA,0.1,1,1,5,40,"pre_fragmentation","random",24,1472,30,22,1,2499,622,1
80,419,50,0.7,1,NA,0.1,1,1,5,40,"pre_fragmentation","random",24,1472,30,22,1,2499,639,1
80,419,50,0.7,1,NA,0.1,1,1,5,40,"pre_fragmentation","random",24,1472,30,22,1,2499,647,1
80,419,50,0.7,1,NA,0.1,1,1,5,40,"pre_fragmentation","random",24,1472,30,22,1,2499,649,1
80,419,50,0.7,1,NA,0.1,1,1,5,40,"pre_fragmentation","random",24,1472,30,22,1,2499,654,1
80,419,50,0.7,1,NA,0.1,1,1,5,40,"pre_fragmentation","random",24,1472,30,22,1,2499,664,1
80,419,50,0.7,1,NA,0.1,1,1,5,40,"pre_fragmentation","random",24,1472,30,22,1,2499,672,1
80,419,50,0.7,1,NA,0.1,1,1,5,40,"pre_fragmentation","random",24,1472,30,22,1,2499,679,2
80,419,50,0.7,1,NA,0.1,1,1,5,40,"pre_fragmentation","random",24,1472,30,22,1,2499,682,1
80,419,50,0.7,1,NA,0.1,1,1,5,40,"pre_fragmentation","random",24,1472,30,22,1,2499,687,1
80,419,50,0.7,1,NA,0.1,1,1,5,40,"pre_fragmentation","random",24,1472,30,22,1,2499,691,1
80,419,50,0.7,1,NA,0.1,1,1,5,40,"pre_fragmentation","random",24,1472,30,22,1,2499,692,2
80,419,50,0.7,1,NA,0.1,1,1,5,40,"pre_fragmentation","random",24,1472,30,22,1,2499,701,2
80,419,50,0.7,1,NA,0.1,1,1,5,40,"pre_fragmentation","random",24,1472,30,22,1,2499,702,2
80,419,50,0.7,1,NA,0.1,1,1,5,40,"pre_fragmentation","random",24,1472,30,22,1,2499,715,1
80,419,50,0.7,1,NA,0.1,1,1,5,40,"pre_fragmentation","random",24,1472,30,22,1,2499,750,1
80,419,50,0.7,1,NA,0.1,1,1,5,40,"pre_fragmentation","random",24,1472,30,22,1,2499,760,1
80,419,50,0.7,1,NA,0.1,1,1,5,40,"pre_fragmentation","random",24,1472,30,22,1,2499,786,1
80,419,50,0.7,1,NA,0.1,1,1,5,40,"pre_fragmentation","random",24,1472,30,22,1,2499,794,1
80,419,50,0.7,1,NA,0.1,1,1,5,40,"pre_fragmentation","random",24,1472,30,22,1,2499,815,1
80,419,50,0.7,1,NA,0.1,1,1,5,40,"pre_fragmentation","random",25,799,16,49,1,2499,487,1
80,419,50,0.7,1,NA,0.1,1,1,5,40,"pre_fragmentation","random",25,799,16,49,1,2499,495,1
80,419,50,0.7,1,NA,0.1,1,1,5,40,"pre_fragmentation","random",25,799,16,49,1,2499,544,1
80,419,50,0.7,1,NA,0.1,1,1,5,40,"pre_fragmentation","random",25,799,16,49,1,2499,594,1
80,419,50,0.7,1,NA,0.1,1,1,5,40,"pre_fragmentation","random",25,799,16,49,1,2499,623,1
80,419,50,0.7,1,NA,0.1,1,1,5,40,"pre_fragmentation","random",25,799,16,49,1,2499,641,1
80,419,50,0.7,1,NA,0.1,1,1,5,40,"pre_fragmentation","random",25,799,16,49,1,2499,647,1
80,419,50,0.7,1,NA,0.1,1,1,5,40,"pre_fragmentation","random",25,799,16,49,1,2499,649,1
80,419,50,0.7,1,NA,0.1,1,1,5,40,"pre_fragmentation","random",25,799,16,49,1,2499,653,1
80,419,50,0.7,1,NA,0.1,1,1,5,40,"pre_fragmentation","random",25,799,16,49,1,2499,655,2
80,419,50,0.7,1,NA,0.1,1,1,5,40,"pre_fragmentation","random",25,799,16,49,1,2499,660,1
80,419,50,0.7,1,NA,0.1,1,1,5,40,"pre_fragmentation","random",25,799,16,49,1,2499,662,1
80,419,50,0.7,1,NA,0.1,1,1,5,40,"pre_fragmentation","random",25,799,16,49,1,2499,664,1
80,419,50,0.7,1,NA,0.1,1,1,5,40,"pre_fragmentation","random",25,799,16,49,1,2499,683,1
80,419,50,0.7,1,NA,0.1,1,1,5,40,"pre_fragmentation","random",25,799,16,49,1,2499,689,1
80,419,50,0.7,1,NA,0.1,1,1,5,40,"pre_fragmentation","random",25,799,16,49,1,2499,700,1
80,419,50,0.7,1,NA,0.1,1,1,5,40,"pre_fragmentation","random",25,799,16,49,1,2499,701,2
80,419,50,0.7,1,NA,0.1,1,1,5,40,"pre_fragmentation","random",25,799,16,49,1,2499,703,1
80,419,50,0.7,1,NA,0.1,1,1,5,40,"pre_fragmentation","random",25,799,16,49,1,2499,718,1
80,419,50,0.7,1,NA,0.1,1,1,5,40,"pre_fragmentation","random",25,799,16,49,1,2499,721,2
80,419,50,0.7,1,NA,0.1,1,1,5,40,"pre_fragmentation","random",25,799,16,49,1,2499,725,1
80,419,50,0.7,1,NA,0.1,1,1,5,40,"pre_fragmentation","random",25,799,16,49,1,2499,729,2
80,419,50,0.7,1,NA,0.1,1,1,5,40,"pre_fragmentation","random",25,799,16,49,1,2499,741,1
80,419,50,0.7,1,NA,0.1,1,1,5,40,"pre_fragmentation","random",25,799,16,49,1,2499,749,1
80,419,50,0.7,1,NA,0.1,1,1,5,40,"pre_fragmentation","random",25,799,16,49,1,2499,750,1
80,419,50,0.7,1,NA,0.1,1,1,5,40,"pre_fragmentation","random",25,799,16,49,1,2499,753,1
80,419,50,0.7,1,NA,0.1,1,1,5,40,"pre_fragmentation","random",25,799,16,49,1,2499,754,1
80,419,50,0.7,1,NA,0.1,1,1,5,40,"pre_fragmentation","random",25,799,16,49,1,2499,763,3
80,419,50,0.7,1,NA,0.1,1,1,5,40,"pre_fragmentation","random",25,799,16,49,1,2499,777,1
80,419,50,0.7,1,NA,0.1,1,1,5,40,"pre_fragmentation","random",25,799,16,49,1,2499,786,1
80,419,50,0.7,1,NA,0.1,1,1,5,40,"pre_fragmentation","random",25,799,16,49,1,2499,791,1
80,419,50,0.7,1,NA,0.1,1,1,5,40,"pre_fragmentation","random",25,799,16,49,1,2499,796,1
80,419,50,0.7,1,NA,0.1,1,1,5,40,"pre_fragmentation","random",25,799,16,49,1,2499,809,1
80,419,50,0.7,1,NA,0.1,1,1,5,40,"pre_fragmentation","random",25,799,16,49,1,2499,819,1
80,419,50,0.7,1,NA,0.1,1,1,5,40,"pre_fragmentation","random",25,799,16,49,1,2499,832,1
80,419,50,0.7,1,NA,0.1,1,1,5,40,"pre_fragmentation","random",25,799,16,49,1,2499,850,1
80,419,50,0.7,1,NA,0.1,1,1,5,40,"pre_fragmentation","random",26,437,9,37,1,2499,279,1
80,419,50,0.7,1,NA,0.1,1,1,5,40,"pre_fragmentation","random",26,437,9,37,1,2499,293,1
80,419,50,0.7,1,NA,0.1,1,1,5,40,"pre_fragmentation","random",26,437,9,37,1,2499,295,4
80,419,50,0.7,1,NA,0.1,1,1,5,40,"pre_fragmentation","random",26,437,9,37,1,2499,302,1
80,419,50,0.7,1,NA,0.1,1,1,5,40,"pre_fragmentation","random",26,437,9,37,1,2499,306,1
80,419,50,0.7,1,NA,0.1,1,1,5,40,"pre_fragmentation","random",26,437,9,37,1,2499,309,2
80,419,50,0.7,1,NA,0.1,1,1,5,40,"pre_fragmentation","random",26,437,9,37,1,2499,322,2
80,419,50,0.7,1,NA,0.1,1,1,5,40,"pre_fragmentation","random",26,437,9,37,1,2499,339,3
80,419,50,0.7,1,NA,0.1,1,1,5,40,"pre_fragmentation","random",26,437,9,37,1,2499,341,1
80,419,50,0.7,1,NA,0.1,1,1,5,40,"pre_fragmentation","random",26,437,9,37,1,2499,342,5
80,419,50,0.7,1,NA,0.1,1,1,5,40,"pre_fragmentation","random",26,437,9,37,1,2499,361,2
80,419,50,0.7,1,NA,0.1,1,1,5,40,"pre_fragmentation","random",26,437,9,37,1,2499,362,2
80,419,50,0.7,1,NA,0.1,1,1,5,40,"pre_fragmentation","random",26,437,9,37,1,2499,382,1
80,419,50,0.7,1,NA,0.1,1,1,5,40,"pre_fragmentation","random",26,437,9,37,1,2499,384,1
80,419,50,0.7,1,NA,0.1,1,1,5,40,"pre_fragmentation","random",26,437,9,37,1,2499,386,1
80,419,50,0.7,1,NA,0.1,1,1,5,40,"pre_fragmentation","random",26,437,9,37,1,2499,397,1
80,419,50,0.7,1,NA,0.1,1,1,5,40,"pre_fragmentation","random",26,437,9,37,1,2499,408,1
80,419,50,0.7,1,NA,0.1,1,1,5,40,"pre_fragmentation","random",26,437,9,37,1,2499,417,1
80,419,50,0.7,1,NA,0.1,1,1,5,40,"pre_fragmentation","random",26,437,9,37,1,2499,418,2
80,419,50,0.7,1,NA,0.1,1,1,5,40,"pre_fragmentation","random",26,437,9,37,1,2499,422,2
80,419,50,0.7,1,NA,0.1,1,1,5,40,"pre_fragmentation","random",26,437,9,37,1,2499,428,1
80,419,50,0.7,1,NA,0.1,1,1,5,40,"pre_fragmentation","random",26,437,9,37,1,2499,435,1
80,419,50,0.7,1,NA,0.1,1,1,5,40,"pre_fragmentation","random",26,437,9,37,1,2499,452,2
80,419,50,0.7,1,NA,0.1,1,1,5,40,"pre_fragmentation","random",26,437,9,37,1,2499,468,1
80,419,50,0.7,1,NA,0.1,1,1,5,40,"pre_fragmentation","random",26,437,9,37,1,2499,533,1
80,419,50,0.7,1,NA,0.1,1,1,5,40,"pre_fragmentation","random",26,437,9,37,1,2499,539,1
80,419,50,0.7,1,NA,0.1,1,1,5,40,"pre_fragmentation","random",27,1618,33,18,1,2499,397,1
80,419,50,0.7,1,NA,0.1,1,1,5,40,"pre_fragmentation","random",27,1618,33,18,1,2499,505,1
80,419,50,0.7,1,NA,0.1,1,1,5,40,"pre_fragmentation","random",27,1618,33,18,1,2499,535,1
80,419,50,0.7,1,NA,0.1,1,1,5,40,"pre_fragmentation","random",27,1618,33,18,1,2499,558,1
80,419,50,0.7,1,NA,0.1,1,1,5,40,"pre_fragmentation","random",27,1618,33,18,1,2499,560,1
80,419,50,0.7,1,NA,0.1,1,1,5,40,"pre_fragmentation","random",27,1618,33,18,1,2499,562,1
80,419,50,0.7,1,NA,0.1,1,1,5,40,"pre_fragmentation","random",27,1618,33,18,1,2499,564,1
80,419,50,0.7,1,NA,0.1,1,1,5,40,"pre_fragmentation","random",27,1618,33,18,1,2499,583,1
80,419,50,0.7,1,NA,0.1,1,1,5,40,"pre_fragmentation","random",27,1618,33,18,1,2499,585,2
80,419,50,0.7,1,NA,0.1,1,1,5,40,"pre_fragmentation","random",27,1618,33,18,1,2499,591,2
80,419,50,0.7,1,NA,0.1,1,1,5,40,"pre_fragmentation","random",27,1618,33,18,1,2499,611,1
80,419,50,0.7,1,NA,0.1,1,1,5,40,"pre_fragmentation","random",27,1618,33,18,1,2499,623,1
80,419,50,0.7,1,NA,0.1,1,1,5,40,"pre_fragmentation","random",27,1618,33,18,1,2499,628,1
80,419,50,0.7,1,NA,0.1,1,1,5,40,"pre_fragmentation","random",27,1618,33,18,1,2499,639,1
80,419,50,0.7,1,NA,0.1,1,1,5,40,"pre_fragmentation","random",27,1618,33,18,1,2499,640,1
80,419,50,0.7,1,NA,0.1,1,1,5,40,"pre_fragmentation","random",27,1618,33,18,1,2499,641,2
80,419,50,0.7,1,NA,0.1,1,1,5,40,"pre_fragmentation","random",27,1618,33,18,1,2499,649,1
80,419,50,0.7,1,NA,0.1,1,1,5,40,"pre_fragmentation","random",27,1618,33,18,1,2499,658,3
80,419,50,0.7,1,NA,0.1,1,1,5,40,"pre_fragmentation","random",27,1618,33,18,1,2499,666,2
80,419,50,0.7,1,NA,0.1,1,1,5,40,"pre_fragmentation","random",27,1618,33,18,1,2499,676,1
80,419,50,0.7,1,NA,0.1,1,1,5,40,"pre_fragmentation","random",27,1618,33,18,1,2499,680,2
80,419,50,0.7,1,NA,0.1,1,1,5,40,"pre_fragmentation","random",27,1618,33,18,1,2499,696,1
80,419,50,0.7,1,NA,0.1,1,1,5,40,"pre_fragmentation","random",27,1618,33,18,1,2499,703,1
80,419,50,0.7,1,NA,0.1,1,1,5,40,"pre_fragmentation","random",27,1618,33,18,1,2499,712,1
80,419,50,0.7,1,NA,0.1,1,1,5,40,"pre_fragmentation","random",27,1618,33,18,1,2499,733,1
80,419,50,0.7,1,NA,0.1,1,1,5,40,"pre_fragmentation","random",27,1618,33,18,1,2499,738,1
80,419,50,0.7,1,NA,0.1,1,1,5,40,"pre_fragmentation","random",27,1618,33,18,1,2499,744,1
80,419,50,0.7,1,NA,0.1,1,1,5,40,"pre_fragmentation","random",28,1120,23,20,1,2499,261,1
80,419,50,0.7,1,NA,0.1,1,1,5,40,"pre_fragmentation","random",28,1120,23,20,1,2499,274,1
80,419,50,0.7,1,NA,0.1,1,1,5,40,"pre_fragmentation","random",28,1120,23,20,1,2499,324,2
80,419,50,0.7,1,NA,0.1,1,1,5,40,"pre_fragmentation","random",28,1120,23,20,1,2499,332,2
80,419,50,0.7,1,NA,0.1,1,1,5,40,"pre_fragmentation","random",28,1120,23,20,1,2499,339,3
80,419,50,0.7,1,NA,0.1,1,1,5,40,"pre_fragmentation","random",28,1120,23,20,1,2499,367,2
80,419,50,0.7,1,NA,0.1,1,1,5,40,"pre_fragmentation","random",28,1120,23,20,1,2499,369,1
80,419,50,0.7,1,NA,0.1,1,1,5,40,"pre_fragmentation","random",28,1120,23,20,1,2499,374,2
80,419,50,0.7,1,NA,0.1,1,1,5,40,"pre_fragmentation","random",28,1120,23,20,1,2499,384,1
80,419,50,0.7,1,NA,0.1,1,1,5,40,"pre_fragmentation","random",28,1120,23,20,1,2499,393,1
80,419,50,0.7,1,NA,0.1,1,1,5,40,"pre_fragmentation","random",28,1120,23,20,1,2499,397,1
80,419,50,0.7,1,NA,0.1,1,1,5,40,"pre_fragmentation","random",28,1120,23,20,1,2499,403,1
80,419,50,0.7,1,NA,0.1,1,1,5,40,"pre_fragmentation","random",28,1120,23,20,1,2499,404,1
80,419,50,0.7,1,NA,0.1,1,1,5,40,"pre_fragmentation","random",28,1120,23,20,1,2499,405,1
80,419,50,0.7,1,NA,0.1,1,1,5,40,"pre_fragmentation","random",28,1120,23,20,1,2499,422,2
80,419,50,0.7,1,NA,0.1,1,1,5,40,"pre_fragmentation","random",28,1120,23,20,1,2499,425,1
80,419,50,0.7,1,NA,0.1,1,1,5,40,"pre_fragmentation","random",28,1120,23,20,1,2499,433,1
80,419,50,0.7,1,NA,0.1,1,1,5,40,"pre_fragmentation","random",28,1120,23,20,1,2499,434,1
80,419,50,0.7,1,NA,0.1,1,1,5,40,"pre_fragmentation","random",28,1120,23,20,1,2499,440,1
80,419,50,0.7,1,NA,0.1,1,1,5,40,"pre_fragmentation","random",28,1120,23,20,1,2499,446,2
80,419,50,0.7,1,NA,0.1,1,1,5,40,"pre_fragmentation","random",28,1120,23,20,1,2499,451,1
80,419,50,0.7,1,NA,0.1,1,1,5,40,"pre_fragmentation","random",28,1120,23,20,1,2499,453,1
80,419,50,0.7,1,NA,0.1,1,1,5,40,"pre_fragmentation","random",28,1120,23,20,1,2499,468,2
80,419,50,0.7,1,NA,0.1,1,1,5,40,"pre_fragmentation","random",28,1120,23,20,1,2499,477,1
80,419,50,0.7,1,NA,0.1,1,1,5,40,"pre_fragmentation","random",28,1120,23,20,1,2499,480,1
80,419,50,0.7,1,NA,0.1,1,1,5,40,"pre_fragmentation","random",28,1120,23,20,1,2499,495,1
80,419,50,0.7,1,NA,0.1,1,1,5,40,"pre_fragmentation","random",28,1120,23,20,1,2499,506,1
80,419,50,0.7,1,NA,0.1,1,1,5,40,"pre_fragmentation","random",28,1120,23,20,1,2499,510,1
80,419,50,0.7,1,NA,0.1,1,1,5,40,"pre_fragmentation","random",28,1120,23,20,1,2499,523,1
80,419,50,0.7,1,NA,0.1,1,1,5,40,"pre_fragmentation","random",28,1120,23,20,1,2499,552,1
80,419,50,0.7,1,NA,0.1,1,1,5,40,"pre_fragmentation","random",29,939,19,39,1,2499,276,1
80,419,50,0.7,1,NA,0.1,1,1,5,40,"pre_fragmentation","random",29,939,19,39,1,2499,280,1
80,419,50,0.7,1,NA,0.1,1,1,5,40,"pre_fragmentation","random",29,939,19,39,1,2499,287,1
80,419,50,0.7,1,NA,0.1,1,1,5,40,"pre_fragmentation","random",29,939,19,39,1,2499,295,1
80,419,50,0.7,1,NA,0.1,1,1,5,40,"pre_fragmentation","random",29,939,19,39,1,2499,306,1
80,419,50,0.7,1,NA,0.1,1,1,5,40,"pre_fragmentation","random",29,939,19,39,1,2499,308,1
80,419,50,0.7,1,NA,0.1,1,1,5,40,"pre_fragmentation","random",29,939,19,39,1,2499,327,2
80,419,50,0.7,1,NA,0.1,1,1,5,40,"pre_fragmentation","random",29,939,19,39,1,2499,330,1
80,419,50,0.7,1,NA,0.1,1,1,5,40,"pre_fragmentation","random",29,939,19,39,1,2499,339,2
80,419,50,0.7,1,NA,0.1,1,1,5,40,"pre_fragmentation","random",29,939,19,39,1,2499,352,1
80,419,50,0.7,1,NA,0.1,1,1,5,40,"pre_fragmentation","random",29,939,19,39,1,2499,353,1
80,419,50,0.7,1,NA,0.1,1,1,5,40,"pre_fragmentation","random",29,939,19,39,1,2499,354,2
80,419,50,0.7,1,NA,0.1,1,1,5,40,"pre_fragmentation","random",29,939,19,39,1,2499,367,1
80,419,50,0.7,1,NA,0.1,1,1,5,40,"pre_fragmentation","random",29,939,19,39,1,2499,383,1
80,419,50,0.7,1,NA,0.1,1,1,5,40,"pre_fragmentation","random",29,939,19,39,1,2499,384,1
80,419,50,0.7,1,NA,0.1,1,1,5,40,"pre_fragmentation","random",29,939,19,39,1,2499,386,1
80,419,50,0.7,1,NA,0.1,1,1,5,40,"pre_fragmentation","random",29,939,19,39,1,2499,398,2
80,419,50,0.7,1,NA,0.1,1,1,5,40,"pre_fragmentation","random",29,939,19,39,1,2499,405,1
80,419,50,0.7,1,NA,0.1,1,1,5,40,"pre_fragmentation","random",29,939,19,39,1,2499,422,1
80,419,50,0.7,1,NA,0.1,1,1,5,40,"pre_fragmentation","random",29,939,19,39,1,2499,424,2
80,419,50,0.7,1,NA,0.1,1,1,5,40,"pre_fragmentation","random",29,939,19,39,1,2499,428,1
80,419,50,0.7,1,NA,0.1,1,1,5,40,"pre_fragmentation","random",29,939,19,39,1,2499,433,1
80,419,50,0.7,1,NA,0.1,1,1,5,40,"pre_fragmentation","random",29,939,19,39,1,2499,434,1
80,419,50,0.7,1,NA,0.1,1,1,5,40,"pre_fragmentation","random",29,939,19,39,1,2499,443,1
80,419,50,0.7,1,NA,0.1,1,1,5,40,"pre_fragmentation","random",29,939,19,39,1,2499,487,1
80,419,50,0.7,1,NA,0.1,1,1,5,40,"pre_fragmentation","random",29,939,19,39,1,2499,512,1
80,419,50,0.7,1,NA,0.1,1,1,5,40,"pre_fragmentation","random",29,939,19,39,1,2499,544,1
80,419,50,0.7,1,NA,0.1,1,1,5,40,"pre_fragmentation","random",29,939,19,39,1,2499,552,1
80,419,50,0.7,1,NA,0.1,1,1,5,40,"pre_fragmentation","random",30,1257,26,7,1,2499,633,1
80,419,50,0.7,1,NA,0.1,1,1,5,40,"pre_fragmentation","random",30,1257,26,7,1,2499,658,2
80,419,50,0.7,1,NA,0.1,1,1,5,40,"pre_fragmentation","random",30,1257,26,7,1,2499,659,1
80,419,50,0.7,1,NA,0.1,1,1,5,40,"pre_fragmentation","random",30,1257,26,7,1,2499,702,1
80,419,50,0.7,1,NA,0.1,1,1,5,40,"pre_fragmentation","random",30,1257,26,7,1,2499,741,2
80,419,50,0.7,1,NA,0.1,1,1,5,40,"pre_fragmentation","random",30,1257,26,7,1,2499,747,1
80,419,50,0.7,1,NA,0.1,1,1,5,40,"pre_fragmentation","random",30,1257,26,7,1,2499,750,1
80,419,50,0.7,1,NA,0.1,1,1,5,40,"pre_fragmentation","random",30,1257,26,7,1,2499,754,1
80,419,50,0.7,1,NA,0.1,1,1,5,40,"pre_fragmentation","random",30,1257,26,7,1,2499,765,4
80,419,50,0.7,1,NA,0.1,1,1,5,40,"pre_fragmentation","random",30,1257,26,7,1,2499,772,1
80,419,50,0.7,1,NA,0.1,1,1,5,40,"pre_fragmentation","random",30,1257,26,7,1,2499,773,1
80,419,50,0.7,1,NA,0.1,1,1,5,40,"pre_fragmentation","random",30,1257,26,7,1,2499,777,1
80,419,50,0.7,1,NA,0.1,1,1,5,40,"pre_fragmentation","random",30,1257,26,7,1,2499,779,1
80,419,50,0.7,1,NA,0.1,1,1,5,40,"pre_fragmentation","random",30,1257,26,7,1,2499,787,3
80,419,50,0.7,1,NA,0.1,1,1,5,40,"pre_fragmentation","random",30,1257,26,7,1,2499,789,1
80,419,50,0.7,1,NA,0.1,1,1,5,40,"pre_fragmentation","random",30,1257,26,7,1,2499,790,2
80,419,50,0.7,1,NA,0.1,1,1,5,40,"pre_fragmentation","random",30,1257,26,7,1,2499,797,1
80,419,50,0.7,1,NA,0.1,1,1,5,40,"pre_fragmentation","random",30,1257,26,7,1,2499,814,1
80,419,50,0.7,1,NA,0.1,1,1,5,40,"pre_fragmentation","random",30,1257,26,7,1,2499,825,4
80,419,50,0.7,1,NA,0.1,1,1,5,40,"pre_fragmentation","random",30,1257,26,7,1,2499,826,1
80,419,50,0.7,1,NA,0.1,1,1,5,40,"pre_fragmentation","random",30,1257,26,7,1,2499,830,1
80,419,50,0.7,1,NA,0.1,1,1,5,40,"pre_fragmentation","random",30,1257,26,7,1,2499,833,1
80,419,50,0.7,1,NA,0.1,1,1,5,40,"pre_fragmentation","random",30,1257,26,7,1,2499,845,1
80,419,50,0.7,1,NA,0.1,1,1,5,40,"pre_fragmentation","random",30,1257,26,7,1,2499,848,1
80,419,50,0.7,1,NA,0.1,1,1,5,40,"pre_fragmentation","random",30,1257,26,7,1,2499,851,1
80,419,50,0.7,1,NA,0.1,1,1,5,40,"pre_fragmentation","random",30,1257,26,7,1,2499,862,1
80,419,50,0.7,0.15,0.5,0.1,1,1,5,40,"post_fragmentation","random",1,131,3,31,1,253,309,1
80,419,50,0.7,0.15,0.5,0.1,1,1,5,40,"post_fragmentation","random",1,131,3,31,1,253,326,1
80,419,50,0.7,0.15,0.5,0.1,1,1,5,40,"post_fragmentation","random",1,131,3,31,1,253,372,2
80,419,50,0.7,0.15,0.5,0.1,1,1,5,40,"post_fragmentation","random",1,131,3,31,1,253,378,1
80,419,50,0.7,0.15,0.5,0.1,1,1,5,40,"post_fragmentation","random",1,131,3,31,1,253,384,1
80,419,50,0.7,0.15,0.5,0.1,1,1,5,40,"post_fragmentation","random",1,131,3,31,1,253,404,1
80,419,50,0.7,0.15,0.5,0.1,1,1,5,40,"post_fragmentation","random",1,131,3,31,1,253,406,2
80,419,50,0.7,0.15,0.5,0.1,1,1,5,40,"post_fragmentation","random",1,131,3,31,1,253,417,3
80,419,50,0.7,0.15,0.5,0.1,1,1,5,40,"post_fragmentation","random",1,131,3,31,1,253,421,1
80,419,50,0.7,0.15,0.5,0.1,1,1,5,40,"post_fragmentation","random",1,131,3,31,1,253,432,2
80,419,50,0.7,0.15,0.5,0.1,1,1,5,40,"post_fragmentation","random",1,131,3,31,1,253,433,1
80,419,50,0.7,0.15,0.5,0.1,1,1,5,40,"post_fragmentation","random",1,131,3,31,1,253,437,1
80,419,50,0.7,0.15,0.5,0.1,1,1,5,40,"post_fragmentation","random",1,131,3,31,1,253,440,1
80,419,50,0.7,0.15,0.5,0.1,1,1,5,40,"post_fragmentation","random",1,131,3,31,1,253,441,1
80,419,50,0.7,0.15,0.5,0.1,1,1,5,40,"post_fragmentation","random",1,131,3,31,1,253,446,1
80,419,50,0.7,0.15,0.5,0.1,1,1,5,40,"post_fragmentation","random",1,131,3,31,1,253,450,1
80,419,50,0.7,0.15,0.5,0.1,1,1,5,40,"post_fragmentation","random",1,131,3,31,1,253,451,1
80,419,50,0.7,0.15,0.5,0.1,1,1,5,40,"post_fragmentation","random",1,131,3,31,1,253,452,1
80,419,50,0.7,0.15,0.5,0.1,1,1,5,40,"post_fragmentation","random",1,131,3,31,1,253,460,1
80,419,50,0.7,0.15,0.5,0.1,1,1,5,40,"post_fragmentation","random",1,131,3,31,1,253,468,2
80,419,50,0.7,0.15,0.5,0.1,1,1,5,40,"post_fragmentation","random",1,131,3,31,1,253,471,1
80,419,50,0.7,0.15,0.5,0.1,1,1,5,40,"post_fragmentation","random",1,131,3,31,1,253,477,1
80,419,50,0.7,0.15,0.5,0.1,1,1,5,40,"post_fragmentation","random",1,131,3,31,1,253,478,2
80,419,50,0.7,0.15,0.5,0.1,1,1,5,40,"post_fragmentation","random",1,131,3,31,1,253,485,1
80,419,50,0.7,0.15,0.5,0.1,1,1,5,40,"post_fragmentation","random",1,131,3,31,1,253,495,1
80,419,50,0.7,0.15,0.5,0.1,1,1,5,40,"post_fragmentation","random",1,131,3,31,1,253,499,2
80,419,50,0.7,0.15,0.5,0.1,1,1,5,40,"post_fragmentation","random",1,131,3,31,1,253,509,2
80,419,50,0.7,0.15,0.5,0.1,1,1,5,40,"post_fragmentation","random",1,131,3,31,1,253,526,2
80,419,50,0.7,0.15,0.5,0.1,1,1,5,40,"post_fragmentation","random",1,131,3,31,1,253,533,1
80,419,50,0.7,0.15,0.5,0.1,1,1,5,40,"post_fragmentation","random",1,131,3,31,1,253,546,1
80,419,50,0.7,0.15,0.5,0.1,1,1,5,40,"post_fragmentation","random",1,131,3,31,1,253,563,1
80,419,50,0.7,0.15,0.5,0.1,1,1,5,40,"post_fragmentation","random",2,2128,43,28,1,253,336,1
80,419,50,0.7,0.15,0.5,0.1,1,1,5,40,"post_fragmentation","random",2,2128,43,28,1,253,355,1
80,419,50,0.7,0.15,0.5,0.1,1,1,5,40,"post_fragmentation","random",2,2128,43,28,1,253,393,1
80,419,50,0.7,0.15,0.5,0.1,1,1,5,40,"post_fragmentation","random",2,2128,43,28,1,253,404,1
80,419,50,0.7,0.15,0.5,0.1,1,1,5,40,"post_fragmentation","random",2,2128,43,28,1,253,405,1
80,419,50,0.7,0.15,0.5,0.1,1,1,5,40,"post_fragmentation","random",2,2128,43,28,1,253,413,2
80,419,50,0.7,0.15,0.5,0.1,1,1,5,40,"post_fragmentation","random",2,2128,43,28,1,253,421,1
80,419,50,0.7,0.15,0.5,0.1,1,1,5,40,"post_fragmentation","random",2,2128,43,28,1,253,422,1
80,419,50,0.7,0.15,0.5,0.1,1,1,5,40,"post_fragmentation","random",2,2128,43,28,1,253,424,2
80,419,50,0.7,0.15,0.5,0.1,1,1,5,40,"post_fragmentation","random",2,2128,43,28,1,253,428,1
80,419,50,0.7,0.15,0.5,0.1,1,1,5,40,"post_fragmentation","random",2,2128,43,28,1,253,443,1
80,419,50,0.7,0.15,0.5,0.1,1,1,5,40,"post_fragmentation","random",2,2128,43,28,1,253,450,1
80,419,50,0.7,0.15,0.5,0.1,1,1,5,40,"post_fragmentation","random",2,2128,43,28,1,253,452,1
80,419,50,0.7,0.15,0.5,0.1,1,1,5,40,"post_fragmentation","random",2,2128,43,28,1,253,454,2
80,419,50,0.7,0.15,0.5,0.1,1,1,5,40,"post_fragmentation","random",2,2128,43,28,1,253,464,1
80,419,50,0.7,0.15,0.5,0.1,1,1,5,40,"post_fragmentation","random",2,2128,43,28,1,253,468,1
80,419,50,0.7,0.15,0.5,0.1,1,1,5,40,"post_fragmentation","random",2,2128,43,28,1,253,469,1
80,419,50,0.7,0.15,0.5,0.1,1,1,5,40,"post_fragmentation","random",2,2128,43,28,1,253,470,2
80,419,50,0.7,0.15,0.5,0.1,1,1,5,40,"post_fragmentation","random",2,2128,43,28,1,253,481,1
80,419,50,0.7,0.15,0.5,0.1,1,1,5,40,"post_fragmentation","random",2,2128,43,28,1,253,485,1
80,419,50,0.7,0.15,0.5,0.1,1,1,5,40,"post_fragmentation","random",2,2128,43,28,1,253,496,1
80,419,50,0.7,0.15,0.5,0.1,1,1,5,40,"post_fragmentation","random",2,2128,43,28,1,253,506,1
80,419,50,0.7,0.15,0.5,0.1,1,1,5,40,"post_fragmentation","random",2,2128,43,28,1,253,509,2
80,419,50,0.7,0.15,0.5,0.1,1,1,5,40,"post_fragmentation","random",2,2128,43,28,1,253,523,1
80,419,50,0.7,0.15,0.5,0.1,1,1,5,40,"post_fragmentation","random",2,2128,43,28,1,253,533,1
80,419,50,0.7,0.15,0.5,0.1,1,1,5,40,"post_fragmentation","random",2,2128,43,28,1,253,542,1
80,419,50,0.7,0.15,0.5,0.1,1,1,5,40,"post_fragmentation","random",2,2128,43,28,1,253,556,1
80,419,50,0.7,0.15,0.5,0.1,1,1,5,40,"post_fragmentation","random",2,2128,43,28,1,253,599,1
80,419,50,0.7,0.15,0.5,0.1,1,1,5,40,"post_fragmentation","random",2,2128,43,28,1,253,623,1
80,419,50,0.7,0.15,0.5,0.1,1,1,5,40,"post_fragmentation","random",2,2128,43,28,1,253,628,1
80,419,50,0.7,0.15,0.5,0.1,1,1,5,40,"post_fragmentation","random",2,2128,43,28,1,253,653,1
80,419,50,0.7,0.15,0.5,0.1,1,1,5,40,"post_fragmentation","random",2,2128,43,28,1,253,658,1
80,419,50,0.7,0.15,0.5,0.1,1,1,5,40,"post_fragmentation","random",3,432,9,32,1,253,35,1
80,419,50,0.7,0.15,0.5,0.1,1,1,5,40,"post_fragmentation","random",3,432,9,32,1,253,40,2
80,419,50,0.7,0.15,0.5,0.1,1,1,5,40,"post_fragmentation","random",3,432,9,32,1,253,44,1
80,419,50,0.7,0.15,0.5,0.1,1,1,5,40,"post_fragmentation","random",3,432,9,32,1,253,65,2
80,419,50,0.7,0.15,0.5,0.1,1,1,5,40,"post_fragmentation","random",3,432,9,32,1,253,69,1
80,419,50,0.7,0.15,0.5,0.1,1,1,5,40,"post_fragmentation","random",3,432,9,32,1,253,71,1
80,419,50,0.7,0.15,0.5,0.1,1,1,5,40,"post_fragmentation","random",3,432,9,32,1,253,86,1
80,419,50,0.7,0.15,0.5,0.1,1,1,5,40,"post_fragmentation","random",3,432,9,32,1,253,87,2
80,419,50,0.7,0.15,0.5,0.1,1,1,5,40,"post_fragmentation","random",3,432,9,32,1,253,110,1
80,419,50,0.7,0.15,0.5,0.1,1,1,5,40,"post_fragmentation","random",3,432,9,32,1,253,130,2
80,419,50,0.7,0.15,0.5,0.1,1,1,5,40,"post_fragmentation","random",3,432,9,32,1,253,142,5
80,419,50,0.7,0.15,0.5,0.1,1,1,5,40,"post_fragmentation","random",3,432,9,32,1,253,145,1
80,419,50,0.7,0.15,0.5,0.1,1,1,5,40,"post_fragmentation","random",3,432,9,32,1,253,174,1
80,419,50,0.7,0.15,0.5,0.1,1,1,5,40,"post_fragmentation","random",3,432,9,32,1,253,203,1
80,419,50,0.7,0.15,0.5,0.1,1,1,5,40,"post_fragmentation","random",3,432,9,32,1,253,204,2
80,419,50,0.7,0.15,0.5,0.1,1,1,5,40,"post_fragmentation","random",3,432,9,32,1,253,295,1
80,419,50,0.7,0.15,0.5,0.1,1,1,5,40,"post_fragmentation","random",3,432,9,32,1,253,299,1
80,419,50,0.7,0.15,0.5,0.1,1,1,5,40,"post_fragmentation","random",3,432,9,32,1,253,362,1
80,419,50,0.7,0.15,0.5,0.1,1,1,5,40,"post_fragmentation","random",4,578,12,28,1,253,51,1
80,419,50,0.7,0.15,0.5,0.1,1,1,5,40,"post_fragmentation","random",4,578,12,28,1,253,123,1
80,419,50,0.7,0.15,0.5,0.1,1,1,5,40,"post_fragmentation","random",4,578,12,28,1,253,124,3
80,419,50,0.7,0.15,0.5,0.1,1,1,5,40,"post_fragmentation","random",4,578,12,28,1,253,141,1
80,419,50,0.7,0.15,0.5,0.1,1,1,5,40,"post_fragmentation","random",4,578,12,28,1,253,146,1
80,419,50,0.7,0.15,0.5,0.1,1,1,5,40,"post_fragmentation","random",4,578,12,28,1,253,166,1
80,419,50,0.7,0.15,0.5,0.1,1,1,5,40,"post_fragmentation","random",4,578,12,28,1,253,183,1
80,419,50,0.7,0.15,0.5,0.1,1,1,5,40,"post_fragmentation","random",4,578,12,28,1,253,184,1
80,419,50,0.7,0.15,0.5,0.1,1,1,5,40,"post_fragmentation","random",4,578,12,28,1,253,195,1
80,419,50,0.7,0.15,0.5,0.1,1,1,5,40,"post_fragmentation","random",4,578,12,28,1,253,199,2
80,419,50,0.7,0.15,0.5,0.1,1,1,5,40,"post_fragmentation","random",4,578,12,28,1,253,203,1
80,419,50,0.7,0.15,0.5,0.1,1,1,5,40,"post_fragmentation","random",4,578,12,28,1,253,209,1
80,419,50,0.7,0.15,0.5,0.1,1,1,5,40,"post_fragmentation","random",4,578,12,28,1,253,231,1
80,419,50,0.7,0.15,0.5,0.1,1,1,5,40,"post_fragmentation","random",4,578,12,28,1,253,234,1
80,419,50,0.7,0.15,0.5,0.1,1,1,5,40,"post_fragmentation","random",4,578,12,28,1,253,241,1
80,419,50,0.7,0.15,0.5,0.1,1,1,5,40,"post_fragmentation","random",4,578,12,28,1,253,264,2
80,419,50,0.7,0.15,0.5,0.1,1,1,5,40,"post_fragmentation","random",4,578,12,28,1,253,275,1
80,419,50,0.7,0.15,0.5,0.1,1,1,5,40,"post_fragmentation","random",4,578,12,28,1,253,288,1
80,419,50,0.7,0.15,0.5,0.1,1,1,5,40,"post_fragmentation","random",4,578,12,28,1,253,298,1
80,419,50,0.7,0.15,0.5,0.1,1,1,5,40,"post_fragmentation","random",4,578,12,28,1,253,325,1
80,419,50,0.7,0.15,0.5,0.1,1,1,5,40,"post_fragmentation","random",4,578,12,28,1,253,328,1
80,419,50,0.7,0.15,0.5,0.1,1,1,5,40,"post_fragmentation","random",4,578,12,28,1,253,338,1
80,419,50,0.7,0.15,0.5,0.1,1,1,5,40,"post_fragmentation","random",4,578,12,28,1,253,339,1
80,419,50,0.7,0.15,0.5,0.1,1,1,5,40,"post_fragmentation","random",4,578,12,28,1,253,357,1
80,419,50,0.7,0.15,0.5,0.1,1,1,5,40,"post_fragmentation","random",4,578,12,28,1,253,361,1
80,419,50,0.7,0.15,0.5,0.1,1,1,5,40,"post_fragmentation","random",4,578,12,28,1,253,385,1
80,419,50,0.7,0.15,0.5,0.1,1,1,5,40,"post_fragmentation","random",4,578,12,28,1,253,397,1
80,419,50,0.7,0.15,0.5,0.1,1,1,5,40,"post_fragmentation","random",5,185,4,35,1,253,124,1
80,419,50,0.7,0.15,0.5,0.1,1,1,5,40,"post_fragmentation","random",5,185,4,35,1,253,215,1
80,419,50,0.7,0.15,0.5,0.1,1,1,5,40,"post_fragmentation","random",5,185,4,35,1,253,285,2
80,419,50,0.7,0.15,0.5,0.1,1,1,5,40,"post_fragmentation","random",5,185,4,35,1,253,288,4
80,419,50,0.7,0.15,0.5,0.1,1,1,5,40,"post_fragmentation","random",5,185,4,35,1,253,295,1
80,419,50,0.7,0.15,0.5,0.1,1,1,5,40,"post_fragmentation","random",5,185,4,35,1,253,297,2
80,419,50,0.7,0.15,0.5,0.1,1,1,5,40,"post_fragmentation","random",5,185,4,35,1,253,302,1
80,419,50,0.7,0.15,0.5,0.1,1,1,5,40,"post_fragmentation","random",5,185,4,35,1,253,307,1
80,419,50,0.7,0.15,0.5,0.1,1,1,5,40,"post_fragmentation","random",5,185,4,35,1,253,326,1
80,419,50,0.7,0.15,0.5,0.1,1,1,5,40,"post_fragmentation","random",5,185,4,35,1,253,330,3
80,419,50,0.7,0.15,0.5,0.1,1,1,5,40,"post_fragmentation","random",5,185,4,35,1,253,335,2
80,419,50,0.7,0.15,0.5,0.1,1,1,5,40,"post_fragmentation","random",5,185,4,35,1,253,339,1
80,419,50,0.7,0.15,0.5,0.1,1,1,5,40,"post_fragmentation","random",5,185,4,35,1,253,341,1
80,419,50,0.7,0.15,0.5,0.1,1,1,5,40,"post_fragmentation","random",5,185,4,35,1,253,345,1
80,419,50,0.7,0.15,0.5,0.1,1,1,5,40,"post_fragmentation","random",5,185,4,35,1,253,359,1
80,419,50,0.7,0.15,0.5,0.1,1,1,5,40,"post_fragmentation","random",5,185,4,35,1,253,378,1
80,419,50,0.7,0.15,0.5,0.1,1,1,5,40,"post_fragmentation","random",5,185,4,35,1,253,382,1
80,419,50,0.7,0.15,0.5,0.1,1,1,5,40,"post_fragmentation","random",5,185,4,35,1,253,397,2
80,419,50,0.7,0.15,0.5,0.1,1,1,5,40,"post_fragmentation","random",5,185,4,35,1,253,401,1
80,419,50,0.7,0.15,0.5,0.1,1,1,5,40,"post_fragmentation","random",5,185,4,35,1,253,402,1
80,419,50,0.7,0.15,0.5,0.1,1,1,5,40,"post_fragmentation","random",5,185,4,35,1,253,403,1
80,419,50,0.7,0.15,0.5,0.1,1,1,5,40,"post_fragmentation","random",5,185,4,35,1,253,404,2
80,419,50,0.7,0.15,0.5,0.1,1,1,5,40,"post_fragmentation","random",5,185,4,35,1,253,409,1
80,419,50,0.7,0.15,0.5,0.1,1,1,5,40,"post_fragmentation","random",5,185,4,35,1,253,413,1
80,419,50,0.7,0.15,0.5,0.1,1,1,5,40,"post_fragmentation","random",5,185,4,35,1,253,418,1
80,419,50,0.7,0.15,0.5,0.1,1,1,5,40,"post_fragmentation","random",5,185,4,35,1,253,426,1
80,419,50,0.7,0.15,0.5,0.1,1,1,5,40,"post_fragmentation","random",5,185,4,35,1,253,471,1
80,419,50,0.7,0.15,0.5,0.1,1,1,5,40,"post_fragmentation","random",5,185,4,35,1,253,494,1
80,419,50,0.7,0.15,0.5,0.1,1,1,5,40,"post_fragmentation","random",6,1813,37,13,6,22,481,1
80,419,50,0.7,0.15,0.5,0.1,1,1,5,40,"post_fragmentation","random",6,1813,37,13,6,22,499,1
80,419,50,0.7,0.15,0.5,0.1,1,1,5,40,"post_fragmentation","random",6,1813,37,13,6,22,508,1
80,419,50,0.7,0.15,0.5,0.1,1,1,5,40,"post_fragmentation","random",6,1813,37,13,6,22,535,1
80,419,50,0.7,0.15,0.5,0.1,1,1,5,40,"post_fragmentation","random",6,1813,37,13,6,22,546,1
80,419,50,0.7,0.15,0.5,0.1,1,1,5,40,"post_fragmentation","random",6,1813,37,13,6,22,560,1
80,419,50,0.7,0.15,0.5,0.1,1,1,5,40,"post_fragmentation","random",6,1813,37,13,6,22,562,1
80,419,50,0.7,0.15,0.5,0.1,1,1,5,40,"post_fragmentation","random",6,1813,37,13,6,22,578,2
80,419,50,0.7,0.15,0.5,0.1,1,1,5,40,"post_fragmentation","random",6,1813,37,13,6,22,608,1
80,419,50,0.7,0.15,0.5,0.1,1,1,5,40,"post_fragmentation","random",6,1813,37,13,6,22,609,3
80,419,50,0.7,0.15,0.5,0.1,1,1,5,40,"post_fragmentation","random",6,1813,37,13,6,22,622,2
80,419,50,0.7,0.15,0.5,0.1,1,1,5,40,"post_fragmentation","random",6,1813,37,13,6,22,628,1
80,419,50,0.7,0.15,0.5,0.1,1,1,5,40,"post_fragmentation","random",6,1813,37,13,6,22,631,1
80,419,50,0.7,0.15,0.5,0.1,1,1,5,40,"post_fragmentation","random",6,1813,37,13,6,22,633,1
80,419,50,0.7,0.15,0.5,0.1,1,1,5,40,"post_fragmentation","random",6,1813,37,13,6,22,637,1
80,419,50,0.7,0.15,0.5,0.1,1,1,5,40,"post_fragmentation","random",6,1813,37,13,6,22,639,2
80,419,50,0.7,0.15,0.5,0.1,1,1,5,40,"post_fragmentation","random",6,1813,37,13,6,22,641,1
80,419,50,0.7,0.15,0.5,0.1,1,1,5,40,"post_fragmentation","random",6,1813,37,13,6,22,649,1
80,419,50,0.7,0.15,0.5,0.1,1,1,5,40,"post_fragmentation","random",6,1813,37,13,6,22,658,2
80,419,50,0.7,0.15,0.5,0.1,1,1,5,40,"post_fragmentation","random",6,1813,37,13,6,22,667,1
80,419,50,0.7,0.15,0.5,0.1,1,1,5,40,"post_fragmentation","random",6,1813,37,13,6,22,669,1
80,419,50,0.7,0.15,0.5,0.1,1,1,5,40,"post_fragmentation","random",6,1813,37,13,6,22,678,1
80,419,50,0.7,0.15,0.5,0.1,1,1,5,40,"post_fragmentation","random",6,1813,37,13,6,22,680,1
80,419,50,0.7,0.15,0.5,0.1,1,1,5,40,"post_fragmentation","random",6,1813,37,13,6,22,682,1
80,419,50,0.7,0.15,0.5,0.1,1,1,5,40,"post_fragmentation","random",6,1813,37,13,6,22,687,3
80,419,50,0.7,0.15,0.5,0.1,1,1,5,40,"post_fragmentation","random",6,1813,37,13,6,22,691,2
80,419,50,0.7,0.15,0.5,0.1,1,1,5,40,"post_fragmentation","random",6,1813,37,13,6,22,696,2
80,419,50,0.7,0.15,0.5,0.1,1,1,5,40,"post_fragmentation","random",6,1813,37,13,6,22,708,1
80,419,50,0.7,0.15,0.5,0.1,1,1,5,40,"post_fragmentation","random",6,1813,37,13,6,22,721,1
80,419,50,0.7,0.15,0.5,0.1,1,1,5,40,"post_fragmentation","random",6,1813,37,13,6,22,732,1
80,419,50,0.7,0.15,0.5,0.1,1,1,5,40,"post_fragmentation","random",6,1813,37,13,6,22,815,2
80,419,50,0.7,0.15,0.5,0.1,1,1,5,40,"post_fragmentation","random",7,495,10,45,1,253,465,1
80,419,50,0.7,0.15,0.5,0.1,1,1,5,40,"post_fragmentation","random",7,495,10,45,1,253,485,1
80,419,50,0.7,0.15,0.5,0.1,1,1,5,40,"post_fragmentation","random",7,495,10,45,1,253,510,1
80,419,50,0.7,0.15,0.5,0.1,1,1,5,40,"post_fragmentation","random",7,495,10,45,1,253,512,1
80,419,50,0.7,0.15,0.5,0.1,1,1,5,40,"post_fragmentation","random",7,495,10,45,1,253,524,1
80,419,50,0.7,0.15,0.5,0.1,1,1,5,40,"post_fragmentation","random",7,495,10,45,1,253,539,2
80,419,50,0.7,0.15,0.5,0.1,1,1,5,40,"post_fragmentation","random",7,495,10,45,1,253,544,1
80,419,50,0.7,0.15,0.5,0.1,1,1,5,40,"post_fragmentation","random",7,495,10,45,1,253,553,1
80,419,50,0.7,0.15,0.5,0.1,1,1,5,40,"post_fragmentation","random",7,495,10,45,1,253,568,1
80,419,50,0.7,0.15,0.5,0.1,1,1,5,40,"post_fragmentation","random",7,495,10,45,1,253,573,2
80,419,50,0.7,0.15,0.5,0.1,1,1,5,40,"post_fragmentation","random",7,495,10,45,1,253,582,2
80,419,50,0.7,0.15,0.5,0.1,1,1,5,40,"post_fragmentation","random",7,495,10,45,1,253,585,2
80,419,50,0.7,0.15,0.5,0.1,1,1,5,40,"post_fragmentation","random",7,495,10,45,1,253,587,1
80,419,50,0.7,0.15,0.5,0.1,1,1,5,40,"post_fragmentation","random",7,495,10,45,1,253,620,1
80,419,50,0.7,0.15,0.5,0.1,1,1,5,40,"post_fragmentation","random",7,495,10,45,1,253,625,1
80,419,50,0.7,0.15,0.5,0.1,1,1,5,40,"post_fragmentation","random",7,495,10,45,1,253,628,1
80,419,50,0.7,0.15,0.5,0.1,1,1,5,40,"post_fragmentation","random",7,495,10,45,1,253,632,2
80,419,50,0.7,0.15,0.5,0.1,1,1,5,40,"post_fragmentation","random",7,495,10,45,1,253,639,1
80,419,50,0.7,0.15,0.5,0.1,1,1,5,40,"post_fragmentation","random",7,495,10,45,1,253,641,1
80,419,50,0.7,0.15,0.5,0.1,1,1,5,40,"post_fragmentation","random",7,495,10,45,1,253,655,2
80,419,50,0.7,0.15,0.5,0.1,1,1,5,40,"post_fragmentation","random",7,495,10,45,1,253,659,1
80,419,50,0.7,0.15,0.5,0.1,1,1,5,40,"post_fragmentation","random",7,495,10,45,1,253,660,1
80,419,50,0.7,0.15,0.5,0.1,1,1,5,40,"post_fragmentation","random",7,495,10,45,1,253,667,2
80,419,50,0.7,0.15,0.5,0.1,1,1,5,40,"post_fragmentation","random",7,495,10,45,1,253,668,2
80,419,50,0.7,0.15,0.5,0.1,1,1,5,40,"post_fragmentation","random",7,495,10,45,1,253,674,1
80,419,50,0.7,0.15,0.5,0.1,1,1,5,40,"post_fragmentation","random",7,495,10,45,1,253,692,1
80,419,50,0.7,0.15,0.5,0.1,1,1,5,40,"post_fragmentation","random",7,495,10,45,1,253,701,1
80,419,50,0.7,0.15,0.5,0.1,1,1,5,40,"post_fragmentation","random",7,495,10,45,1,253,755,1
80,419,50,0.7,0.15,0.5,0.1,1,1,5,40,"post_fragmentation","random",7,495,10,45,1,253,762,1
80,419,50,0.7,0.15,0.5,0.1,1,1,5,40,"post_fragmentation","random",8,380,8,30,1,253,27,1
80,419,50,0.7,0.15,0.5,0.1,1,1,5,40,"post_fragmentation","random",8,380,8,30,1,253,40,1
80,419,50,0.7,0.15,0.5,0.1,1,1,5,40,"post_fragmentation","random",8,380,8,30,1,253,41,1
80,419,50,0.7,0.15,0.5,0.1,1,1,5,40,"post_fragmentation","random",8,380,8,30,1,253,44,1
80,419,50,0.7,0.15,0.5,0.1,1,1,5,40,"post_fragmentation","random",8,380,8,30,1,253,49,1
80,419,50,0.7,0.15,0.5,0.1,1,1,5,40,"post_fragmentation","random",8,380,8,30,1,253,65,1
80,419,50,0.7,0.15,0.5,0.1,1,1,5,40,"post_fragmentation","random",8,380,8,30,1,253,69,1
80,419,50,0.7,0.15,0.5,0.1,1,1,5,40,"post_fragmentation","random",8,380,8,30,1,253,71,1
80,419,50,0.7,0.15,0.5,0.1,1,1,5,40,"post_fragmentation","random",8,380,8,30,1,253,94,1
80,419,50,0.7,0.15,0.5,0.1,1,1,5,40,"post_fragmentation","random",8,380,8,30,1,253,96,2
80,419,50,0.7,0.15,0.5,0.1,1,1,5,40,"post_fragmentation","random",8,380,8,30,1,253,103,1
80,419,50,0.7,0.15,0.5,0.1,1,1,5,40,"post_fragmentation","random",8,380,8,30,1,253,107,1
80,419,50,0.7,0.15,0.5,0.1,1,1,5,40,"post_fragmentation","random",8,380,8,30,1,253,123,3
80,419,50,0.7,0.15,0.5,0.1,1,1,5,40,"post_fragmentation","random",8,380,8,30,1,253,125,1
80,419,50,0.7,0.15,0.5,0.1,1,1,5,40,"post_fragmentation","random",8,380,8,30,1,253,144,1
80,419,50,0.7,0.15,0.5,0.1,1,1,5,40,"post_fragmentation","random",8,380,8,30,1,253,166,1
80,419,50,0.7,0.15,0.5,0.1,1,1,5,40,"post_fragmentation","random",8,380,8,30,1,253,176,1
80,419,50,0.7,0.15,0.5,0.1,1,1,5,40,"post_fragmentation","random",8,380,8,30,1,253,184,1
80,419,50,0.7,0.15,0.5,0.1,1,1,5,40,"post_fragmentation","random",8,380,8,30,1,253,185,1
80,419,50,0.7,0.15,0.5,0.1,1,1,5,40,"post_fragmentation","random",8,380,8,30,1,253,200,1
80,419,50,0.7,0.15,0.5,0.1,1,1,5,40,"post_fragmentation","random",8,380,8,30,1,253,225,1
80,419,50,0.7,0.15,0.5,0.1,1,1,5,40,"post_fragmentation","random",8,380,8,30,1,253,240,1
80,419,50,0.7,0.15,0.5,0.1,1,1,5,40,"post_fragmentation","random",8,380,8,30,1,253,262,1
80,419,50,0.7,0.15,0.5,0.1,1,1,5,40,"post_fragmentation","random",8,380,8,30,1,253,267,1
80,419,50,0.7,0.15,0.5,0.1,1,1,5,40,"post_fragmentation","random",8,380,8,30,1,253,294,1
80,419,50,0.7,0.15,0.5,0.1,1,1,5,40,"post_fragmentation","random",9,240,5,40,1,253,309,1
80,419,50,0.7,0.15,0.5,0.1,1,1,5,40,"post_fragmentation","random",9,240,5,40,1,253,325,1
80,419,50,0.7,0.15,0.5,0.1,1,1,5,40,"post_fragmentation","random",9,240,5,40,1,253,341,1
80,419,50,0.7,0.15,0.5,0.1,1,1,5,40,"post_fragmentation","random",9,240,5,40,1,253,356,3
80,419,50,0.7,0.15,0.5,0.1,1,1,5,40,"post_fragmentation","random",9,240,5,40,1,253,397,1
80,419,50,0.7,0.15,0.5,0.1,1,1,5,40,"post_fragmentation","random",9,240,5,40,1,253,404,1
80,419,50,0.7,0.15,0.5,0.1,1,1,5,40,"post_fragmentation","random",9,240,5,40,1,253,408,1
80,419,50,0.7,0.15,0.5,0.1,1,1,5,40,"post_fragmentation","random",9,240,5,40,1,253,415,1
80,419,50,0.7,0.15,0.5,0.1,1,1,5,40,"post_fragmentation","random",9,240,5,40,1,253,417,1
80,419,50,0.7,0.15,0.5,0.1,1,1,5,40,"post_fragmentation","random",9,240,5,40,1,253,424,1
80,419,50,0.7,0.15,0.5,0.1,1,1,5,40,"post_fragmentation","random",9,240,5,40,1,253,431,2
80,419,50,0.7,0.15,0.5,0.1,1,1,5,40,"post_fragmentation","random",9,240,5,40,1,253,433,1
80,419,50,0.7,0.15,0.5,0.1,1,1,5,40,"post_fragmentation","random",9,240,5,40,1,253,434,1
80,419,50,0.7,0.15,0.5,0.1,1,1,5,40,"post_fragmentation","random",9,240,5,40,1,253,449,1
80,419,50,0.7,0.15,0.5,0.1,1,1,5,40,"post_fragmentation","random",9,240,5,40,1,253,456,1
80,419,50,0.7,0.15,0.5,0.1,1,1,5,40,"post_fragmentation","random",9,240,5,40,1,253,464,1
80,419,50,0.7,0.15,0.5,0.1,1,1,5,40,"post_fragmentation","random",9,240,5,40,1,253,471,1
80,419,50,0.7,0.15,0.5,0.1,1,1,5,40,"post_fragmentation","random",9,240,5,40,1,253,481,1
80,419,50,0.7,0.15,0.5,0.1,1,1,5,40,"post_fragmentation","random",9,240,5,40,1,253,485,1
80,419,50,0.7,0.15,0.5,0.1,1,1,5,40,"post_fragmentation","random",9,240,5,40,1,253,493,1
80,419,50,0.7,0.15,0.5,0.1,1,1,5,40,"post_fragmentation","random",9,240,5,40,1,253,495,1
80,419,50,0.7,0.15,0.5,0.1,1,1,5,40,"post_fragmentation","random",9,240,5,40,1,253,497,2
80,419,50,0.7,0.15,0.5,0.1,1,1,5,40,"post_fragmentation","random",9,240,5,40,1,253,512,2
80,419,50,0.7,0.15,0.5,0.1,1,1,5,40,"post_fragmentation","random",9,240,5,40,1,253,513,1
80,419,50,0.7,0.15,0.5,0.1,1,1,5,40,"post_fragmentation","random",9,240,5,40,1,253,520,1
80,419,50,0.7,0.15,0.5,0.1,1,1,5,40,"post_fragmentation","random",9,240,5,40,1,253,533,1
80,419,50,0.7,0.15,0.5,0.1,1,1,5,40,"post_fragmentation","random",9,240,5,40,1,253,560,3
80,419,50,0.7,0.15,0.5,0.1,1,1,5,40,"post_fragmentation","random",9,240,5,40,1,253,576,1
80,419,50,0.7,0.15,0.5,0.1,1,1,5,40,"post_fragmentation","random",10,429,9,29,1,253,25,2
80,419,50,0.7,0.15,0.5,0.1,1,1,5,40,"post_fragmentation","random",10,429,9,29,1,253,41,2
80,419,50,0.7,0.15,0.5,0.1,1,1,5,40,"post_fragmentation","random",10,429,9,29,1,253,65,2
80,419,50,0.7,0.15,0.5,0.1,1,1,5,40,"post_fragmentation","random",10,429,9,29,1,253,71,5
80,419,50,0.7,0.15,0.5,0.1,1,1,5,40,"post_fragmentation","random",10,429,9,29,1,253,88,1
80,419,50,0.7,0.15,0.5,0.1,1,1,5,40,"post_fragmentation","random",10,429,9,29,1,253,99,1
80,419,50,0.7,0.15,0.5,0.1,1,1,5,40,"post_fragmentation","random",10,429,9,29,1,253,103,2
80,419,50,0.7,0.15,0.5,0.1,1,1,5,40,"post_fragmentation","random",10,429,9,29,1,253,105,1
80,419,50,0.7,0.15,0.5,0.1,1,1,5,40,"post_fragmentation","random",10,429,9,29,1,253,107,2
80,419,50,0.7,0.15,0.5,0.1,1,1,5,40,"post_fragmentation","random",10,429,9,29,1,253,110,1
80,419,50,0.7,0.15,0.5,0.1,1,1,5,40,"post_fragmentation","random",10,429,9,29,1,253,130,2
80,419,50,0.7,0.15,0.5,0.1,1,1,5,40,"post_fragmentation","random",10,429,9,29,1,253,139,1
80,419,50,0.7,0.15,0.5,0.1,1,1,5,40,"post_fragmentation","random",10,429,9,29,1,253,151,1
80,419,50,0.7,0.15,0.5,0.1,1,1,5,40,"post_fragmentation","random",10,429,9,29,1,253,244,1
80,419,50,0.7,0.15,0.5,0.1,1,1,5,40,"post_fragmentation","random",10,429,9,29,1,253,270,1
80,419,50,0.7,0.15,0.5,0.1,1,1,5,40,"post_fragmentation","random",11,480,10,30,1,253,10,1
80,419,50,0.7,0.15,0.5,0.1,1,1,5,40,"post_fragmentation","random",11,480,10,30,1,253,49,2
80,419,50,0.7,0.15,0.5,0.1,1,1,5,40,"post_fragmentation","random",11,480,10,30,1,253,51,1
80,419,50,0.7,0.15,0.5,0.1,1,1,5,40,"post_fragmentation","random",11,480,10,30,1,253,57,1
80,419,50,0.7,0.15,0.5,0.1,1,1,5,40,"post_fragmentation","random",11,480,10,30,1,253,65,1
80,419,50,0.7,0.15,0.5,0.1,1,1,5,40,"post_fragmentation","random",11,480,10,30,1,253,82,1
80,419,50,0.7,0.15,0.5,0.1,1,1,5,40,"post_fragmentation","random",11,480,10,30,1,253,86,1
80,419,50,0.7,0.15,0.5,0.1,1,1,5,40,"post_fragmentation","random",11,480,10,30,1,253,90,1
80,419,50,0.7,0.15,0.5,0.1,1,1,5,40,"post_fragmentation","random",11,480,10,30,1,253,94,1
80,419,50,0.7,0.15,0.5,0.1,1,1,5,40,"post_fragmentation","random",11,480,10,30,1,253,99,1
80,419,50,0.7,0.15,0.5,0.1,1,1,5,40,"post_fragmentation","random",11,480,10,30,1,253,105,1
80,419,50,0.7,0.15,0.5,0.1,1,1,5,40,"post_fragmentation","random",11,480,10,30,1,253,124,2
80,419,50,0.7,0.15,0.5,0.1,1,1,5,40,"post_fragmentation","random",11,480,10,30,1,253,126,1
80,419,50,0.7,0.15,0.5,0.1,1,1,5,40,"post_fragmentation","random",11,480,10,30,1,253,130,1
80,419,50,0.7,0.15,0.5,0.1,1,1,5,40,"post_fragmentation","random",11,480,10,30,1,253,139,1
80,419,50,0.7,0.15,0.5,0.1,1,1,5,40,"post_fragmentation","random",11,480,10,30,1,253,150,1
80,419,50,0.7,0.15,0.5,0.1,1,1,5,40,"post_fragmentation","random",11,480,10,30,1,253,166,3
80,419,50,0.7,0.15,0.5,0.1,1,1,5,40,"post_fragmentation","random",11,480,10,30,1,253,193,1
80,419,50,0.7,0.15,0.5,0.1,1,1,5,40,"post_fragmentation","random",11,480,10,30,1,253,295,1
80,419,50,0.7,0.15,0.5,0.1,1,1,5,40,"post_fragmentation","random",12,392,8,42,1,253,329,1
80,419,50,0.7,0.15,0.5,0.1,1,1,5,40,"post_fragmentation","random",12,392,8,42,1,253,360,1
80,419,50,0.7,0.15,0.5,0.1,1,1,5,40,"post_fragmentation","random",12,392,8,42,1,253,397,1
80,419,50,0.7,0.15,0.5,0.1,1,1,5,40,"post_fragmentation","random",12,392,8,42,1,253,419,1
80,419,50,0.7,0.15,0.5,0.1,1,1,5,40,"post_fragmentation","random",12,392,8,42,1,253,424,1
80,419,50,0.7,0.15,0.5,0.1,1,1,5,40,"post_fragmentation","random",12,392,8,42,1,253,429,1
80,419,50,0.7,0.15,0.5,0.1,1,1,5,40,"post_fragmentation","random",12,392,8,42,1,253,434,2
80,419,50,0.7,0.15,0.5,0.1,1,1,5,40,"post_fragmentation","random",12,392,8,42,1,253,439,1
80,419,50,0.7,0.15,0.5,0.1,1,1,5,40,"post_fragmentation","random",12,392,8,42,1,253,465,1
80,419,50,0.7,0.15,0.5,0.1,1,1,5,40,"post_fragmentation","random",12,392,8,42,1,253,470,1
80,419,50,0.7,0.15,0.5,0.1,1,1,5,40,"post_fragmentation","random",12,392,8,42,1,253,481,2
80,419,50,0.7,0.15,0.5,0.1,1,1,5,40,"post_fragmentation","random",12,392,8,42,1,253,485,1
80,419,50,0.7,0.15,0.5,0.1,1,1,5,40,"post_fragmentation","random",12,392,8,42,1,253,491,1
80,419,50,0.7,0.15,0.5,0.1,1,1,5,40,"post_fragmentation","random",12,392,8,42,1,253,495,1
80,419,50,0.7,0.15,0.5,0.1,1,1,5,40,"post_fragmentation","random",12,392,8,42,1,253,498,1
80,419,50,0.7,0.15,0.5,0.1,1,1,5,40,"post_fragmentation","random",12,392,8,42,1,253,512,1
80,419,50,0.7,0.15,0.5,0.1,1,1,5,40,"post_fragmentation","random",12,392,8,42,1,253,520,1
80,419,50,0.7,0.15,0.5,0.1,1,1,5,40,"post_fragmentation","random",12,392,8,42,1,253,526,1
80,419,50,0.7,0.15,0.5,0.1,1,1,5,40,"post_fragmentation","random",12,392,8,42,1,253,539,4
80,419,50,0.7,0.15,0.5,0.1,1,1,5,40,"post_fragmentation","random",12,392,8,42,1,253,542,2
80,419,50,0.7,0.15,0.5,0.1,1,1,5,40,"post_fragmentation","random",12,392,8,42,1,253,544,1
80,419,50,0.7,0.15,0.5,0.1,1,1,5,40,"post_fragmentation","random",12,392,8,42,1,253,550,1
80,419,50,0.7,0.15,0.5,0.1,1,1,5,40,"post_fragmentation","random",12,392,8,42,1,253,560,1
80,419,50,0.7,0.15,0.5,0.1,1,1,5,40,"post_fragmentation","random",12,392,8,42,1,253,574,1
80,419,50,0.7,0.15,0.5,0.1,1,1,5,40,"post_fragmentation","random",12,392,8,42,1,253,576,1
80,419,50,0.7,0.15,0.5,0.1,1,1,5,40,"post_fragmentation","random",12,392,8,42,1,253,582,3
80,419,50,0.7,0.15,0.5,0.1,1,1,5,40,"post_fragmentation","random",12,392,8,42,1,253,623,1
80,419,50,0.7,0.15,0.5,0.1,1,1,5,40,"post_fragmentation","random",12,392,8,42,1,253,678,1
80,419,50,0.7,0.15,0.5,0.1,1,1,5,40,"post_fragmentation","random",12,392,8,42,1,253,696,1
80,419,50,0.7,0.15,0.5,0.1,1,1,5,40,"post_fragmentation","random",13,2429,49,29,1,253,262,1
80,419,50,0.7,0.15,0.5,0.1,1,1,5,40,"post_fragmentation","random",13,2429,49,29,1,253,311,1
80,419,50,0.7,0.15,0.5,0.1,1,1,5,40,"post_fragmentation","random",13,2429,49,29,1,253,328,1
80,419,50,0.7,0.15,0.5,0.1,1,1,5,40,"post_fragmentation","random",13,2429,49,29,1,253,359,1
80,419,50,0.7,0.15,0.5,0.1,1,1,5,40,"post_fragmentation","random",13,2429,49,29,1,253,361,1
80,419,50,0.7,0.15,0.5,0.1,1,1,5,40,"post_fragmentation","random",13,2429,49,29,1,253,362,1
80,419,50,0.7,0.15,0.5,0.1,1,1,5,40,"post_fragmentation","random",13,2429,49,29,1,253,378,4
80,419,50,0.7,0.15,0.5,0.1,1,1,5,40,"post_fragmentation","random",13,2429,49,29,1,253,379,2
80,419,50,0.7,0.15,0.5,0.1,1,1,5,40,"post_fragmentation","random",13,2429,49,29,1,253,380,1
80,419,50,0.7,0.15,0.5,0.1,1,1,5,40,"post_fragmentation","random",13,2429,49,29,1,253,384,1
80,419,50,0.7,0.15,0.5,0.1,1,1,5,40,"post_fragmentation","random",13,2429,49,29,1,253,387,1
80,419,50,0.7,0.15,0.5,0.1,1,1,5,40,"post_fragmentation","random",13,2429,49,29,1,253,388,1
80,419,50,0.7,0.15,0.5,0.1,1,1,5,40,"post_fragmentation","random",13,2429,49,29,1,253,404,3
80,419,50,0.7,0.15,0.5,0.1,1,1,5,40,"post_fragmentation","random",13,2429,49,29,1,253,421,1
80,419,50,0.7,0.15,0.5,0.1,1,1,5,40,"post_fragmentation","random",13,2429,49,29,1,253,430,1
80,419,50,0.7,0.15,0.5,0.1,1,1,5,40,"post_fragmentation","random",13,2429,49,29,1,253,433,1
80,419,50,0.7,0.15,0.5,0.1,1,1,5,40,"post_fragmentation","random",13,2429,49,29,1,253,435,1
80,419,50,0.7,0.15,0.5,0.1,1,1,5,40,"post_fragmentation","random",13,2429,49,29,1,253,440,1
80,419,50,0.7,0.15,0.5,0.1,1,1,5,40,"post_fragmentation","random",13,2429,49,29,1,253,446,1
80,419,50,0.7,0.15,0.5,0.1,1,1,5,40,"post_fragmentation","random",13,2429,49,29,1,253,449,1
80,419,50,0.7,0.15,0.5,0.1,1,1,5,40,"post_fragmentation","random",13,2429,49,29,1,253,451,1
80,419,50,0.7,0.15,0.5,0.1,1,1,5,40,"post_fragmentation","random",13,2429,49,29,1,253,452,1
80,419,50,0.7,0.15,0.5,0.1,1,1,5,40,"post_fragmentation","random",13,2429,49,29,1,253,454,1
80,419,50,0.7,0.15,0.5,0.1,1,1,5,40,"post_fragmentation","random",13,2429,49,29,1,253,456,1
80,419,50,0.7,0.15,0.5,0.1,1,1,5,40,"post_fragmentation","random",13,2429,49,29,1,253,458,1
80,419,50,0.7,0.15,0.5,0.1,1,1,5,40,"post_fragmentation","random",13,2429,49,29,1,253,468,2
80,419,50,0.7,0.15,0.5,0.1,1,1,5,40,"post_fragmentation","random",13,2429,49,29,1,253,470,1
80,419,50,0.7,0.15,0.5,0.1,1,1,5,40,"post_fragmentation","random",13,2429,49,29,1,253,478,1
80,419,50,0.7,0.15,0.5,0.1,1,1,5,40,"post_fragmentation","random",13,2429,49,29,1,253,481,1
80,419,50,0.7,0.15,0.5,0.1,1,1,5,40,"post_fragmentation","random",13,2429,49,29,1,253,494,1
80,419,50,0.7,0.15,0.5,0.1,1,1,5,40,"post_fragmentation","random",13,2429,49,29,1,253,502,1
80,419,50,0.7,0.15,0.5,0.1,1,1,5,40,"post_fragmentation","random",13,2429,49,29,1,253,503,1
80,419,50,0.7,0.15,0.5,0.1,1,1,5,40,"post_fragmentation","random",13,2429,49,29,1,253,526,1
80,419,50,0.7,0.15,0.5,0.1,1,1,5,40,"post_fragmentation","random",13,2429,49,29,1,253,542,1
80,419,50,0.7,0.15,0.5,0.1,1,1,5,40,"post_fragmentation","random",14,379,8,29,1,253,49,1
80,419,50,0.7,0.15,0.5,0.1,1,1,5,40,"post_fragmentation","random",14,379,8,29,1,253,59,1
80,419,50,0.7,0.15,0.5,0.1,1,1,5,40,"post_fragmentation","random",14,379,8,29,1,253,61,1
80,419,50,0.7,0.15,0.5,0.1,1,1,5,40,"post_fragmentation","random",14,379,8,29,1,253,65,1
80,419,50,0.7,0.15,0.5,0.1,1,1,5,40,"post_fragmentation","random",14,379,8,29,1,253,69,1
80,419,50,0.7,0.15,0.5,0.1,1,1,5,40,"post_fragmentation","random",14,379,8,29,1,253,86,1
80,419,50,0.7,0.15,0.5,0.1,1,1,5,40,"post_fragmentation","random",14,379,8,29,1,253,87,1
80,419,50,0.7,0.15,0.5,0.1,1,1,5,40,"post_fragmentation","random",14,379,8,29,1,253,103,2
80,419,50,0.7,0.15,0.5,0.1,1,1,5,40,"post_fragmentation","random",14,379,8,29,1,253,107,5
80,419,50,0.7,0.15,0.5,0.1,1,1,5,40,"post_fragmentation","random",14,379,8,29,1,253,120,1
80,419,50,0.7,0.15,0.5,0.1,1,1,5,40,"post_fragmentation","random",14,379,8,29,1,253,123,1
80,419,50,0.7,0.15,0.5,0.1,1,1,5,40,"post_fragmentation","random",14,379,8,29,1,253,176,2
80,419,50,0.7,0.15,0.5,0.1,1,1,5,40,"post_fragmentation","random",14,379,8,29,1,253,184,1
80,419,50,0.7,0.15,0.5,0.1,1,1,5,40,"post_fragmentation","random",14,379,8,29,1,253,199,1
80,419,50,0.7,0.15,0.5,0.1,1,1,5,40,"post_fragmentation","random",14,379,8,29,1,253,214,1
80,419,50,0.7,0.15,0.5,0.1,1,1,5,40,"post_fragmentation","random",14,379,8,29,1,253,242,1
80,419,50,0.7,0.15,0.5,0.1,1,1,5,40,"post_fragmentation","random",14,379,8,29,1,253,249,1
80,419,50,0.7,0.15,0.5,0.1,1,1,5,40,"post_fragmentation","random",14,379,8,29,1,253,283,1
80,419,50,0.7,0.15,0.5,0.1,1,1,5,40,"post_fragmentation","random",14,379,8,29,1,253,285,1
80,419,50,0.7,0.15,0.5,0.1,1,1,5,40,"post_fragmentation","random",14,379,8,29,1,253,313,1
80,419,50,0.7,0.15,0.5,0.1,1,1,5,40,"post_fragmentation","random",14,379,8,29,1,253,390,1
80,419,50,0.7,0.15,0.5,0.1,1,1,5,40,"post_fragmentation","random",15,279,6,29,1,253,205,1
80,419,50,0.7,0.15,0.5,0.1,1,1,5,40,"post_fragmentation","random",15,279,6,29,1,253,234,3
80,419,50,0.7,0.15,0.5,0.1,1,1,5,40,"post_fragmentation","random",15,279,6,29,1,253,240,1
80,419,50,0.7,0.15,0.5,0.1,1,1,5,40,"post_fragmentation","random",15,279,6,29,1,253,249,2
80,419,50,0.7,0.15,0.5,0.1,1,1,5,40,"post_fragmentation","random",15,279,6,29,1,253,250,1
80,419,50,0.7,0.15,0.5,0.1,1,1,5,40,"post_fragmentation","random",15,279,6,29,1,253,254,1
80,419,50,0.7,0.15,0.5,0.1,1,1,5,40,"post_fragmentation","random",15,279,6,29,1,253,264,2
80,419,50,0.7,0.15,0.5,0.1,1,1,5,40,"post_fragmentation","random",15,279,6,29,1,253,274,2
80,419,50,0.7,0.15,0.5,0.1,1,1,5,40,"post_fragmentation","random",15,279,6,29,1,253,295,1
80,419,50,0.7,0.15,0.5,0.1,1,1,5,40,"post_fragmentation","random",15,279,6,29,1,253,302,1
80,419,50,0.7,0.15,0.5,0.1,1,1,5,40,"post_fragmentation","random",15,279,6,29,1,253,307,2
80,419,50,0.7,0.15,0.5,0.1,1,1,5,40,"post_fragmentation","random",15,279,6,29,1,253,329,1
80,419,50,0.7,0.15,0.5,0.1,1,1,5,40,"post_fragmentation","random",15,279,6,29,1,253,330,3
80,419,50,0.7,0.15,0.5,0.1,1,1,5,40,"post_fragmentation","random",15,279,6,29,1,253,340,1
80,419,50,0.7,0.15,0.5,0.1,1,1,5,40,"post_fragmentation","random",15,279,6,29,1,253,349,1
80,419,50,0.7,0.15,0.5,0.1,1,1,5,40,"post_fragmentation","random",15,279,6,29,1,253,367,1
80,419,50,0.7,0.15,0.5,0.1,1,1,5,40,"post_fragmentation","random",15,279,6,29,1,253,370,1
80,419,50,0.7,0.15,0.5,0.1,1,1,5,40,"post_fragmentation","random",15,279,6,29,1,253,379,1
80,419,50,0.7,0.15,0.5,0.1,1,1,5,40,"post_fragmentation","random",15,279,6,29,1,253,397,1
80,419,50,0.7,0.15,0.5,0.1,1,1,5,40,"post_fragmentation","random",15,279,6,29,1,253,404,1
80,419,50,0.7,0.15,0.5,0.1,1,1,5,40,"post_fragmentation","random",15,279,6,29,1,253,423,2
80,419,50,0.7,0.15,0.5,0.1,1,1,5,40,"post_fragmentation","random",15,279,6,29,1,253,447,1
80,419,50,0.7,0.15,0.5,0.1,1,1,5,40,"post_fragmentation","random",15,279,6,29,1,253,478,1
80,419,50,0.7,0.15,0.5,0.1,1,1,5,40,"post_fragmentation","random",15,279,6,29,1,253,496,1
80,419,50,0.7,0.15,0.5,0.1,1,1,5,40,"post_fragmentation","random",15,279,6,29,1,253,501,1
80,419,50,0.7,0.15,0.5,0.1,1,1,5,40,"post_fragmentation","random",16,1932,39,32,14,30,238,1
80,419,50,0.7,0.15,0.5,0.1,1,1,5,40,"post_fragmentation","random",16,1932,39,32,14,30,293,1
80,419,50,0.7,0.15,0.5,0.1,1,1,5,40,"post_fragmentation","random",16,1932,39,32,14,30,324,1
80,419,50,0.7,0.15,0.5,0.1,1,1,5,40,"post_fragmentation","random",16,1932,39,32,14,30,330,1
80,419,50,0.7,0.15,0.5,0.1,1,1,5,40,"post_fragmentation","random",16,1932,39,32,14,30,349,1
80,419,50,0.7,0.15,0.5,0.1,1,1,5,40,"post_fragmentation","random",16,1932,39,32,14,30,350,1
80,419,50,0.7,0.15,0.5,0.1,1,1,5,40,"post_fragmentation","random",16,1932,39,32,14,30,358,1
80,419,50,0.7,0.15,0.5,0.1,1,1,5,40,"post_fragmentation","random",16,1932,39,32,14,30,363,1
80,419,50,0.7,0.15,0.5,0.1,1,1,5,40,"post_fragmentation","random",16,1932,39,32,14,30,368,1
80,419,50,0.7,0.15,0.5,0.1,1,1,5,40,"post_fragmentation","random",16,1932,39,32,14,30,370,1
80,419,50,0.7,0.15,0.5,0.1,1,1,5,40,"post_fragmentation","random",16,1932,39,32,14,30,387,1
80,419,50,0.7,0.15,0.5,0.1,1,1,5,40,"post_fragmentation","random",16,1932,39,32,14,30,389,1
80,419,50,0.7,0.15,0.5,0.1,1,1,5,40,"post_fragmentation","random",16,1932,39,32,14,30,393,1
80,419,50,0.7,0.15,0.5,0.1,1,1,5,40,"post_fragmentation","random",16,1932,39,32,14,30,394,1
80,419,50,0.7,0.15,0.5,0.1,1,1,5,40,"post_fragmentation","random",16,1932,39,32,14,30,397,1
80,419,50,0.7,0.15,0.5,0.1,1,1,5,40,"post_fragmentation","random",16,1932,39,32,14,30,399,1
80,419,50,0.7,0.15,0.5,0.1,1,1,5,40,"post_fragmentation","random",16,1932,39,32,14,30,404,3
80,419,50,0.7,0.15,0.5,0.1,1,1,5,40,"post_fragmentation","random",16,1932,39,32,14,30,406,1
80,419,50,0.7,0.15,0.5,0.1,1,1,5,40,"post_fragmentation","random",16,1932,39,32,14,30,408,1
80,419,50,0.7,0.15,0.5,0.1,1,1,5,40,"post_fragmentation","random",16,1932,39,32,14,30,419,1
80,419,50,0.7,0.15,0.5,0.1,1,1,5,40,"post_fragmentation","random",16,1932,39,32,14,30,420,1
80,419,50,0.7,0.15,0.5,0.1,1,1,5,40,"post_fragmentation","random",16,1932,39,32,14,30,423,2
80,419,50,0.7,0.15,0.5,0.1,1,1,5,40,"post_fragmentation","random",16,1932,39,32,14,30,430,1
80,419,50,0.7,0.15,0.5,0.1,1,1,5,40,"post_fragmentation","random",16,1932,39,32,14,30,433,3
80,419,50,0.7,0.15,0.5,0.1,1,1,5,40,"post_fragmentation","random",16,1932,39,32,14,30,439,1
80,419,50,0.7,0.15,0.5,0.1,1,1,5,40,"post_fragmentation","random",16,1932,39,32,14,30,456,2
80,419,50,0.7,0.15,0.5,0.1,1,1,5,40,"post_fragmentation","random",16,1932,39,32,14,30,460,1
80,419,50,0.7,0.15,0.5,0.1,1,1,5,40,"post_fragmentation","random",16,1932,39,32,14,30,475,1
80,419,50,0.7,0.15,0.5,0.1,1,1,5,40,"post_fragmentation","random",16,1932,39,32,14,30,533,1
80,419,50,0.7,0.15,0.5,0.1,1,1,5,40,"post_fragmentation","random",17,790,16,40,1,253,288,1
80,419,50,0.7,0.15,0.5,0.1,1,1,5,40,"post_fragmentation","random",17,790,16,40,1,253,295,1
80,419,50,0.7,0.15,0.5,0.1,1,1,5,40,"post_fragmentation","random",17,790,16,40,1,253,329,2
80,419,50,0.7,0.15,0.5,0.1,1,1,5,40,"post_fragmentation","random",17,790,16,40,1,253,331,1
80,419,50,0.7,0.15,0.5,0.1,1,1,5,40,"post_fragmentation","random",17,790,16,40,1,253,333,1
80,419,50,0.7,0.15,0.5,0.1,1,1,5,40,"post_fragmentation","random",17,790,16,40,1,253,334,1
80,419,50,0.7,0.15,0.5,0.1,1,1,5,40,"post_fragmentation","random",17,790,16,40,1,253,339,1
80,419,50,0.7,0.15,0.5,0.1,1,1,5,40,"post_fragmentation","random",17,790,16,40,1,253,343,1
80,419,50,0.7,0.15,0.5,0.1,1,1,5,40,"post_fragmentation","random",17,790,16,40,1,253,357,1
80,419,50,0.7,0.15,0.5,0.1,1,1,5,40,"post_fragmentation","random",17,790,16,40,1,253,374,1
80,419,50,0.7,0.15,0.5,0.1,1,1,5,40,"post_fragmentation","random",17,790,16,40,1,253,380,1
80,419,50,0.7,0.15,0.5,0.1,1,1,5,40,"post_fragmentation","random",17,790,16,40,1,253,389,3
80,419,50,0.7,0.15,0.5,0.1,1,1,5,40,"post_fragmentation","random",17,790,16,40,1,253,397,1
80,419,50,0.7,0.15,0.5,0.1,1,1,5,40,"post_fragmentation","random",17,790,16,40,1,253,404,1
80,419,50,0.7,0.15,0.5,0.1,1,1,5,40,"post_fragmentation","random",17,790,16,40,1,253,405,1
80,419,50,0.7,0.15,0.5,0.1,1,1,5,40,"post_fragmentation","random",17,790,16,40,1,253,407,1
80,419,50,0.7,0.15,0.5,0.1,1,1,5,40,"post_fragmentation","random",17,790,16,40,1,253,422,1
80,419,50,0.7,0.15,0.5,0.1,1,1,5,40,"post_fragmentation","random",17,790,16,40,1,253,424,1
80,419,50,0.7,0.15,0.5,0.1,1,1,5,40,"post_fragmentation","random",17,790,16,40,1,253,428,1
80,419,50,0.7,0.15,0.5,0.1,1,1,5,40,"post_fragmentation","random",17,790,16,40,1,253,451,1
80,419,50,0.7,0.15,0.5,0.1,1,1,5,40,"post_fragmentation","random",17,790,16,40,1,253,453,2
80,419,50,0.7,0.15,0.5,0.1,1,1,5,40,"post_fragmentation","random",17,790,16,40,1,253,459,1
80,419,50,0.7,0.15,0.5,0.1,1,1,5,40,"post_fragmentation","random",17,790,16,40,1,253,465,2
80,419,50,0.7,0.15,0.5,0.1,1,1,5,40,"post_fragmentation","random",17,790,16,40,1,253,471,1
80,419,50,0.7,0.15,0.5,0.1,1,1,5,40,"post_fragmentation","random",17,790,16,40,1,253,494,1
80,419,50,0.7,0.15,0.5,0.1,1,1,5,40,"post_fragmentation","random",17,790,16,40,1,253,505,1
80,419,50,0.7,0.15,0.5,0.1,1,1,5,40,"post_fragmentation","random",17,790,16,40,1,253,506,1
80,419,50,0.7,0.15,0.5,0.1,1,1,5,40,"post_fragmentation","random",17,790,16,40,1,253,512,1
80,419,50,0.7,0.15,0.5,0.1,1,1,5,40,"post_fragmentation","random",17,790,16,40,1,253,520,1
80,419,50,0.7,0.15,0.5,0.1,1,1,5,40,"post_fragmentation","random",17,790,16,40,1,253,553,1
80,419,50,0.7,0.15,0.5,0.1,1,1,5,40,"post_fragmentation","random",18,695,14,45,1,253,424,1
80,419,50,0.7,0.15,0.5,0.1,1,1,5,40,"post_fragmentation","random",18,695,14,45,1,253,452,1
80,419,50,0.7,0.15,0.5,0.1,1,1,5,40,"post_fragmentation","random",18,695,14,45,1,253,465,1
80,419,50,0.7,0.15,0.5,0.1,1,1,5,40,"post_fragmentation","random",18,695,14,45,1,253,481,1
80,419,50,0.7,0.15,0.5,0.1,1,1,5,40,"post_fragmentation","random",18,695,14,45,1,253,487,1
80,419,50,0.7,0.15,0.5,0.1,1,1,5,40,"post_fragmentation","random",18,695,14,45,1,253,497,1
80,419,50,0.7,0.15,0.5,0.1,1,1,5,40,"post_fragmentation","random",18,695,14,45,1,253,510,1
80,419,50,0.7,0.15,0.5,0.1,1,1,5,40,"post_fragmentation","random",18,695,14,45,1,253,512,3
80,419,50,0.7,0.15,0.5,0.1,1,1,5,40,"post_fragmentation","random",18,695,14,45,1,253,523,1
80,419,50,0.7,0.15,0.5,0.1,1,1,5,40,"post_fragmentation","random",18,695,14,45,1,253,542,1
80,419,50,0.7,0.15,0.5,0.1,1,1,5,40,"post_fragmentation","random",18,695,14,45,1,253,559,1
80,419,50,0.7,0.15,0.5,0.1,1,1,5,40,"post_fragmentation","random",18,695,14,45,1,253,560,1
80,419,50,0.7,0.15,0.5,0.1,1,1,5,40,"post_fragmentation","random",18,695,14,45,1,253,567,1
80,419,50,0.7,0.15,0.5,0.1,1,1,5,40,"post_fragmentation","random",18,695,14,45,1,253,570,1
80,419,50,0.7,0.15,0.5,0.1,1,1,5,40,"post_fragmentation","random",18,695,14,45,1,253,578,2
80,419,50,0.7,0.15,0.5,0.1,1,1,5,40,"post_fragmentation","random",18,695,14,45,1,253,580,1
80,419,50,0.7,0.15,0.5,0.1,1,1,5,40,"post_fragmentation","random",18,695,14,45,1,253,583,1
80,419,50,0.7,0.15,0.5,0.1,1,1,5,40,"post_fragmentation","random",18,695,14,45,1,253,585,1
80,419,50,0.7,0.15,0.5,0.1,1,1,5,40,"post_fragmentation","random",18,695,14,45,1,253,608,1
80,419,50,0.7,0.15,0.5,0.1,1,1,5,40,"post_fragmentation","random",18,695,14,45,1,253,620,3
80,419,50,0.7,0.15,0.5,0.1,1,1,5,40,"post_fragmentation","random",18,695,14,45,1,253,622,1
80,419,50,0.7,0.15,0.5,0.1,1,1,5,40,"post_fragmentation","random",18,695,14,45,1,253,623,1
80,419,50,0.7,0.15,0.5,0.1,1,1,5,40,"post_fragmentation","random",18,695,14,45,1,253,624,1
80,419,50,0.7,0.15,0.5,0.1,1,1,5,40,"post_fragmentation","random",18,695,14,45,1,253,627,1
80,419,50,0.7,0.15,0.5,0.1,1,1,5,40,"post_fragmentation","random",18,695,14,45,1,253,637,2
80,419,50,0.7,0.15,0.5,0.1,1,1,5,40,"post_fragmentation","random",18,695,14,45,1,253,649,1
80,419,50,0.7,0.15,0.5,0.1,1,1,5,40,"post_fragmentation","random",18,695,14,45,1,253,664,1
80,419,50,0.7,0.15,0.5,0.1,1,1,5,40,"post_fragmentation","random",18,695,14,45,1,253,687,2
80,419,50,0.7,0.15,0.5,0.1,1,1,5,40,"post_fragmentation","random",18,695,14,45,1,253,705,2
80,419,50,0.7,0.15,0.5,0.1,1,1,5,40,"post_fragmentation","random",19,435,9,35,1,253,104,1
80,419,50,0.7,0.15,0.5,0.1,1,1,5,40,"post_fragmentation","random",19,435,9,35,1,253,124,1
80,419,50,0.7,0.15,0.5,0.1,1,1,5,40,"post_fragmentation","random",19,435,9,35,1,253,144,1
80,419,50,0.7,0.15,0.5,0.1,1,1,5,40,"post_fragmentation","random",19,435,9,35,1,253,165,1
80,419,50,0.7,0.15,0.5,0.1,1,1,5,40,"post_fragmentation","random",19,435,9,35,1,253,183,1
80,419,50,0.7,0.15,0.5,0.1,1,1,5,40,"post_fragmentation","random",19,435,9,35,1,253,185,1
80,419,50,0.7,0.15,0.5,0.1,1,1,5,40,"post_fragmentation","random",19,435,9,35,1,253,192,1
80,419,50,0.7,0.15,0.5,0.1,1,1,5,40,"post_fragmentation","random",19,435,9,35,1,253,199,1
80,419,50,0.7,0.15,0.5,0.1,1,1,5,40,"post_fragmentation","random",19,435,9,35,1,253,218,1
80,419,50,0.7,0.15,0.5,0.1,1,1,5,40,"post_fragmentation","random",19,435,9,35,1,253,219,1
80,419,50,0.7,0.15,0.5,0.1,1,1,5,40,"post_fragmentation","random",19,435,9,35,1,253,237,1
80,419,50,0.7,0.15,0.5,0.1,1,1,5,40,"post_fragmentation","random",19,435,9,35,1,253,240,1
80,419,50,0.7,0.15,0.5,0.1,1,1,5,40,"post_fragmentation","random",19,435,9,35,1,253,253,1
80,419,50,0.7,0.15,0.5,0.1,1,1,5,40,"post_fragmentation","random",19,435,9,35,1,253,264,1
80,419,50,0.7,0.15,0.5,0.1,1,1,5,40,"post_fragmentation","random",19,435,9,35,1,253,274,1
80,419,50,0.7,0.15,0.5,0.1,1,1,5,40,"post_fragmentation","random",19,435,9,35,1,253,279,1
80,419,50,0.7,0.15,0.5,0.1,1,1,5,40,"post_fragmentation","random",19,435,9,35,1,253,287,1
80,419,50,0.7,0.15,0.5,0.1,1,1,5,40,"post_fragmentation","random",19,435,9,35,1,253,288,2
80,419,50,0.7,0.15,0.5,0.1,1,1,5,40,"post_fragmentation","random",19,435,9,35,1,253,290,1
80,419,50,0.7,0.15,0.5,0.1,1,1,5,40,"post_fragmentation","random",19,435,9,35,1,253,308,1
80,419,50,0.7,0.15,0.5,0.1,1,1,5,40,"post_fragmentation","random",19,435,9,35,1,253,309,6
80,419,50,0.7,0.15,0.5,0.1,1,1,5,40,"post_fragmentation","random",19,435,9,35,1,253,324,1
80,419,50,0.7,0.15,0.5,0.1,1,1,5,40,"post_fragmentation","random",19,435,9,35,1,253,326,1
80,419,50,0.7,0.15,0.5,0.1,1,1,5,40,"post_fragmentation","random",19,435,9,35,1,253,330,1
80,419,50,0.7,0.15,0.5,0.1,1,1,5,40,"post_fragmentation","random",19,435,9,35,1,253,335,1
80,419,50,0.7,0.15,0.5,0.1,1,1,5,40,"post_fragmentation","random",19,435,9,35,1,253,337,1
80,419,50,0.7,0.15,0.5,0.1,1,1,5,40,"post_fragmentation","random",19,435,9,35,1,253,362,1
80,419,50,0.7,0.15,0.5,0.1,1,1,5,40,"post_fragmentation","random",19,435,9,35,1,253,367,1
80,419,50,0.7,0.15,0.5,0.1,1,1,5,40,"post_fragmentation","random",19,435,9,35,1,253,371,1
80,419,50,0.7,0.15,0.5,0.1,1,1,5,40,"post_fragmentation","random",19,435,9,35,1,253,401,1
80,419,50,0.7,0.15,0.5,0.1,1,1,5,40,"post_fragmentation","random",19,435,9,35,1,253,471,1
80,419,50,0.7,0.15,0.5,0.1,1,1,5,40,"post_fragmentation","random",20,89,2,39,1,253,368,2
80,419,50,0.7,0.15,0.5,0.1,1,1,5,40,"post_fragmentation","random",20,89,2,39,1,253,382,1
80,419,50,0.7,0.15,0.5,0.1,1,1,5,40,"post_fragmentation","random",20,89,2,39,1,253,396,1
80,419,50,0.7,0.15,0.5,0.1,1,1,5,40,"post_fragmentation","random",20,89,2,39,1,253,397,1
80,419,50,0.7,0.15,0.5,0.1,1,1,5,40,"post_fragmentation","random",20,89,2,39,1,253,404,1
80,419,50,0.7,0.15,0.5,0.1,1,1,5,40,"post_fragmentation","random",20,89,2,39,1,253,413,1
80,419,50,0.7,0.15,0.5,0.1,1,1,5,40,"post_fragmentation","random",20,89,2,39,1,253,420,3
80,419,50,0.7,0.15,0.5,0.1,1,1,5,40,"post_fragmentation","random",20,89,2,39,1,253,426,1
80,419,50,0.7,0.15,0.5,0.1,1,1,5,40,"post_fragmentation","random",20,89,2,39,1,253,428,1
80,419,50,0.7,0.15,0.5,0.1,1,1,5,40,"post_fragmentation","random",20,89,2,39,1,253,432,1
80,419,50,0.7,0.15,0.5,0.1,1,1,5,40,"post_fragmentation","random",20,89,2,39,1,253,435,1
80,419,50,0.7,0.15,0.5,0.1,1,1,5,40,"post_fragmentation","random",20,89,2,39,1,253,436,1
80,419,50,0.7,0.15,0.5,0.1,1,1,5,40,"post_fragmentation","random",20,89,2,39,1,253,440,1
80,419,50,0.7,0.15,0.5,0.1,1,1,5,40,"post_fragmentation","random",20,89,2,39,1,253,441,2
80,419,50,0.7,0.15,0.5,0.1,1,1,5,40,"post_fragmentation","random",20,89,2,39,1,253,443,2
80,419,50,0.7,0.15,0.5,0.1,1,1,5,40,"post_fragmentation","random",20,89,2,39,1,253,453,1
80,419,50,0.7,0.15,0.5,0.1,1,1,5,40,"post_fragmentation","random",20,89,2,39,1,253,459,2
80,419,50,0.7,0.15,0.5,0.1,1,1,5,40,"post_fragmentation","random",20,89,2,39,1,253,485,2
80,419,50,0.7,0.15,0.5,0.1,1,1,5,40,"post_fragmentation","random",20,89,2,39,1,253,487,2
80,419,50,0.7,0.15,0.5,0.1,1,1,5,40,"post_fragmentation","random",20,89,2,39,1,253,493,1
80,419,50,0.7,0.15,0.5,0.1,1,1,5,40,"post_fragmentation","random",20,89,2,39,1,253,503,1
80,419,50,0.7,0.15,0.5,0.1,1,1,5,40,"post_fragmentation","random",20,89,2,39,1,253,505,1
80,419,50,0.7,0.15,0.5,0.1,1,1,5,40,"post_fragmentation","random",20,89,2,39,1,253,511,1
80,419,50,0.7,0.15,0.5,0.1,1,1,5,40,"post_fragmentation","random",20,89,2,39,1,253,512,1
80,419,50,0.7,0.15,0.5,0.1,1,1,5,40,"post_fragmentation","random",20,89,2,39,1,253,552,1
80,419,50,0.7,0.15,0.5,0.1,1,1,5,40,"post_fragmentation","random",20,89,2,39,1,253,560,1
80,419,50,0.7,0.15,0.5,0.1,1,1,5,40,"post_fragmentation","random",20,89,2,39,1,253,571,1
80,419,50,0.7,0.15,0.5,0.1,1,1,5,40,"post_fragmentation","random",20,89,2,39,1,253,576,1
80,419,50,0.7,0.15,0.5,0.1,1,1,5,40,"post_fragmentation","random",20,89,2,39,1,253,581,1
80,419,50,0.7,0.15,0.5,0.1,1,1,5,40,"post_fragmentation","random",20,89,2,39,1,253,658,1
80,419,50,0.7,0.15,0.5,0.1,1,1,5,40,"post_fragmentation","random",20,89,2,39,1,253,688,1
80,419,50,0.7,0.15,0.5,0.1,1,1,5,40,"post_fragmentation","random",21,1763,36,13,6,22,515,1
80,419,50,0.7,0.15,0.5,0.1,1,1,5,40,"post_fragmentation","random",21,1763,36,13,6,22,525,1
80,419,50,0.7,0.15,0.5,0.1,1,1,5,40,"post_fragmentation","random",21,1763,36,13,6,22,552,1
80,419,50,0.7,0.15,0.5,0.1,1,1,5,40,"post_fragmentation","random",21,1763,36,13,6,22,560,2
80,419,50,0.7,0.15,0.5,0.1,1,1,5,40,"post_fragmentation","random",21,1763,36,13,6,22,562,1
80,419,50,0.7,0.15,0.5,0.1,1,1,5,40,"post_fragmentation","random",21,1763,36,13,6,22,564,1
80,419,50,0.7,0.15,0.5,0.1,1,1,5,40,"post_fragmentation","random",21,1763,36,13,6,22,578,1
80,419,50,0.7,0.15,0.5,0.1,1,1,5,40,"post_fragmentation","random",21,1763,36,13,6,22,591,1
80,419,50,0.7,0.15,0.5,0.1,1,1,5,40,"post_fragmentation","random",21,1763,36,13,6,22,595,1
80,419,50,0.7,0.15,0.5,0.1,1,1,5,40,"post_fragmentation","random",21,1763,36,13,6,22,608,2
80,419,50,0.7,0.15,0.5,0.1,1,1,5,40,"post_fragmentation","random",21,1763,36,13,6,22,609,1
80,419,50,0.7,0.15,0.5,0.1,1,1,5,40,"post_fragmentation","random",21,1763,36,13,6,22,612,1
80,419,50,0.7,0.15,0.5,0.1,1,1,5,40,"post_fragmentation","random",21,1763,36,13,6,22,632,1
80,419,50,0.7,0.15,0.5,0.1,1,1,5,40,"post_fragmentation","random",21,1763,36,13,6,22,640,1
80,419,50,0.7,0.15,0.5,0.1,1,1,5,40,"post_fragmentation","random",21,1763,36,13,6,22,646,3
80,419,50,0.7,0.15,0.5,0.1,1,1,5,40,"post_fragmentation","random",21,1763,36,13,6,22,649,1
80,419,50,0.7,0.15,0.5,0.1,1,1,5,40,"post_fragmentation","random",21,1763,36,13,6,22,658,1
80,419,50,0.7,0.15,0.5,0.1,1,1,5,40,"post_fragmentation","random",21,1763,36,13,6,22,660,1
80,419,50,0.7,0.15,0.5,0.1,1,1,5,40,"post_fragmentation","random",21,1763,36,13,6,22,674,1
80,419,50,0.7,0.15,0.5,0.1,1,1,5,40,"post_fragmentation","random",21,1763,36,13,6,22,675,1
80,419,50,0.7,0.15,0.5,0.1,1,1,5,40,"post_fragmentation","random",21,1763,36,13,6,22,682,1
80,419,50,0.7,0.15,0.5,0.1,1,1,5,40,"post_fragmentation","random",21,1763,36,13,6,22,687,1
80,419,50,0.7,0.15,0.5,0.1,1,1,5,40,"post_fragmentation","random",21,1763,36,13,6,22,691,1
80,419,50,0.7,0.15,0.5,0.1,1,1,5,40,"post_fragmentation","random",21,1763,36,13,6,22,692,1
80,419,50,0.7,0.15,0.5,0.1,1,1,5,40,"post_fragmentation","random",21,1763,36,13,6,22,702,2
80,419,50,0.7,0.15,0.5,0.1,1,1,5,40,"post_fragmentation","random",21,1763,36,13,6,22,721,1
80,419,50,0.7,0.15,0.5,0.1,1,1,5,40,"post_fragmentation","random",21,1763,36,13,6,22,747,1
80,419,50,0.7,0.15,0.5,0.1,1,1,5,40,"post_fragmentation","random",21,1763,36,13,6,22,779,1
80,419,50,0.7,0.15,0.5,0.1,1,1,5,40,"post_fragmentation","random",21,1763,36,13,6,22,786,1
80,419,50,0.7,0.15,0.5,0.1,1,1,5,40,"post_fragmentation","random",22,2074,42,24,11,36,420,1
80,419,50,0.7,0.15,0.5,0.1,1,1,5,40,"post_fragmentation","random",22,2074,42,24,11,36,452,1
80,419,50,0.7,0.15,0.5,0.1,1,1,5,40,"post_fragmentation","random",22,2074,42,24,11,36,495,1
80,419,50,0.7,0.15,0.5,0.1,1,1,5,40,"post_fragmentation","random",22,2074,42,24,11,36,519,1
80,419,50,0.7,0.15,0.5,0.1,1,1,5,40,"post_fragmentation","random",22,2074,42,24,11,36,528,1
80,419,50,0.7,0.15,0.5,0.1,1,1,5,40,"post_fragmentation","random",22,2074,42,24,11,36,535,1
80,419,50,0.7,0.15,0.5,0.1,1,1,5,40,"post_fragmentation","random",22,2074,42,24,11,36,538,1
80,419,50,0.7,0.15,0.5,0.1,1,1,5,40,"post_fragmentation","random",22,2074,42,24,11,36,542,1
80,419,50,0.7,0.15,0.5,0.1,1,1,5,40,"post_fragmentation","random",22,2074,42,24,11,36,543,1
80,419,50,0.7,0.15,0.5,0.1,1,1,5,40,"post_fragmentation","random",22,2074,42,24,11,36,564,1
80,419,50,0.7,0.15,0.5,0.1,1,1,5,40,"post_fragmentation","random",22,2074,42,24,11,36,581,2
80,419,50,0.7,0.15,0.5,0.1,1,1,5,40,"post_fragmentation","random",22,2074,42,24,11,36,595,1
80,419,50,0.7,0.15,0.5,0.1,1,1,5,40,"post_fragmentation","random",22,2074,42,24,11,36,611,1
80,419,50,0.7,0.15,0.5,0.1,1,1,5,40,"post_fragmentation","random",22,2074,42,24,11,36,619,1
80,419,50,0.7,0.15,0.5,0.1,1,1,5,40,"post_fragmentation","random",22,2074,42,24,11,36,623,1
80,419,50,0.7,0.15,0.5,0.1,1,1,5,40,"post_fragmentation","random",22,2074,42,24,11,36,633,1
80,419,50,0.7,0.15,0.5,0.1,1,1,5,40,"post_fragmentation","random",22,2074,42,24,11,36,638,1
80,419,50,0.7,0.15,0.5,0.1,1,1,5,40,"post_fragmentation","random",22,2074,42,24,11,36,639,1
80,419,50,0.7,0.15,0.5,0.1,1,1,5,40,"post_fragmentation","random",22,2074,42,24,11,36,641,1
80,419,50,0.7,0.15,0.5,0.1,1,1,5,40,"post_fragmentation","random",22,2074,42,24,11,36,649,1
80,419,50,0.7,0.15,0.5,0.1,1,1,5,40,"post_fragmentation","random",22,2074,42,24,11,36,658,2
80,419,50,0.7,0.15,0.5,0.1,1,1,5,40,"post_fragmentation","random",22,2074,42,24,11,36,661,1
80,419,50,0.7,0.15,0.5,0.1,1,1,5,40,"post_fragmentation","random",22,2074,42,24,11,36,665,2
80,419,50,0.7,0.15,0.5,0.1,1,1,5,40,"post_fragmentation","random",22,2074,42,24,11,36,669,1
80,419,50,0.7,0.15,0.5,0.1,1,1,5,40,"post_fragmentation","random",22,2074,42,24,11,36,672,1
80,419,50,0.7,0.15,0.5,0.1,1,1,5,40,"post_fragmentation","random",22,2074,42,24,11,36,684,1
80,419,50,0.7,0.15,0.5,0.1,1,1,5,40,"post_fragmentation","random",22,2074,42,24,11,36,689,1
80,419,50,0.7,0.15,0.5,0.1,1,1,5,40,"post_fragmentation","random",22,2074,42,24,11,36,696,1
80,419,50,0.7,0.15,0.5,0.1,1,1,5,40,"post_fragmentation","random",22,2074,42,24,11,36,700,1
80,419,50,0.7,0.15,0.5,0.1,1,1,5,40,"post_fragmentation","random",22,2074,42,24,11,36,716,1
80,419,50,0.7,0.15,0.5,0.1,1,1,5,40,"post_fragmentation","random",22,2074,42,24,11,36,742,1
80,419,50,0.7,0.15,0.5,0.1,1,1,5,40,"post_fragmentation","random",22,2074,42,24,11,36,755,2
80,419,50,0.7,0.15,0.5,0.1,1,1,5,40,"post_fragmentation","random",23,441,9,41,1,253,361,1
80,419,50,0.7,0.15,0.5,0.1,1,1,5,40,"post_fragmentation","random",23,441,9,41,1,253,389,1
80,419,50,0.7,0.15,0.5,0.1,1,1,5,40,"post_fragmentation","random",23,441,9,41,1,253,397,1
80,419,50,0.7,0.15,0.5,0.1,1,1,5,40,"post_fragmentation","random",23,441,9,41,1,253,403,1
80,419,50,0.7,0.15,0.5,0.1,1,1,5,40,"post_fragmentation","random",23,441,9,41,1,253,418,1
80,419,50,0.7,0.15,0.5,0.1,1,1,5,40,"post_fragmentation","random",23,441,9,41,1,253,422,1
80,419,50,0.7,0.15,0.5,0.1,1,1,5,40,"post_fragmentation","random",23,441,9,41,1,253,424,2
80,419,50,0.7,0.15,0.5,0.1,1,1,5,40,"post_fragmentation","random",23,441,9,41,1,253,428,1
80,419,50,0.7,0.15,0.5,0.1,1,1,5,40,"post_fragmentation","random",23,441,9,41,1,253,447,1
80,419,50,0.7,0.15,0.5,0.1,1,1,5,40,"post_fragmentation","random",23,441,9,41,1,253,452,1
80,419,50,0.7,0.15,0.5,0.1,1,1,5,40,"post_fragmentation","random",23,441,9,41,1,253,453,1
80,419,50,0.7,0.15,0.5,0.1,1,1,5,40,"post_fragmentation","random",23,441,9,41,1,253,462,1
80,419,50,0.7,0.15,0.5,0.1,1,1,5,40,"post_fragmentation","random",23,441,9,41,1,253,464,1
80,419,50,0.7,0.15,0.5,0.1,1,1,5,40,"post_fragmentation","random",23,441,9,41,1,253,470,3
80,419,50,0.7,0.15,0.5,0.1,1,1,5,40,"post_fragmentation","random",23,441,9,41,1,253,497,1
80,419,50,0.7,0.15,0.5,0.1,1,1,5,40,"post_fragmentation","random",23,441,9,41,1,253,499,1
80,419,50,0.7,0.15,0.5,0.1,1,1,5,40,"post_fragmentation","random",23,441,9,41,1,253,508,1
80,419,50,0.7,0.15,0.5,0.1,1,1,5,40,"post_fragmentation","random",23,441,9,41,1,253,512,2
80,419,50,0.7,0.15,0.5,0.1,1,1,5,40,"post_fragmentation","random",23,441,9,41,1,253,513,1
80,419,50,0.7,0.15,0.5,0.1,1,1,5,40,"post_fragmentation","random",23,441,9,41,1,253,520,1
80,419,50,0.7,0.15,0.5,0.1,1,1,5,40,"post_fragmentation","random",23,441,9,41,1,253,523,2
80,419,50,0.7,0.15,0.5,0.1,1,1,5,40,"post_fragmentation","random",23,441,9,41,1,253,533,1
80,419,50,0.7,0.15,0.5,0.1,1,1,5,40,"post_fragmentation","random",23,441,9,41,1,253,536,1
80,419,50,0.7,0.15,0.5,0.1,1,1,5,40,"post_fragmentation","random",23,441,9,41,1,253,540,2
80,419,50,0.7,0.15,0.5,0.1,1,1,5,40,"post_fragmentation","random",23,441,9,41,1,253,545,2
80,419,50,0.7,0.15,0.5,0.1,1,1,5,40,"post_fragmentation","random",23,441,9,41,1,253,554,2
80,419,50,0.7,0.15,0.5,0.1,1,1,5,40,"post_fragmentation","random",23,441,9,41,1,253,582,1
80,419,50,0.7,0.15,0.5,0.1,1,1,5,40,"post_fragmentation","random",23,441,9,41,1,253,632,1
80,419,50,0.7,0.15,0.5,0.1,1,1,5,40,"post_fragmentation","random",24,481,10,31,NA,NA,20,1
80,419,50,0.7,0.15,0.5,0.1,1,1,5,40,"post_fragmentation","random",24,481,10,31,NA,NA,40,2
80,419,50,0.7,0.15,0.5,0.1,1,1,5,40,"post_fragmentation","random",24,481,10,31,NA,NA,65,1
80,419,50,0.7,0.15,0.5,0.1,1,1,5,40,"post_fragmentation","random",24,481,10,31,NA,NA,71,4
80,419,50,0.7,0.15,0.5,0.1,1,1,5,40,"post_fragmentation","random",24,481,10,31,NA,NA,80,1
80,419,50,0.7,0.15,0.5,0.1,1,1,5,40,"post_fragmentation","random",24,481,10,31,NA,NA,88,3
80,419,50,0.7,0.15,0.5,0.1,1,1,5,40,"post_fragmentation","random",24,481,10,31,NA,NA,99,2
80,419,50,0.7,0.15,0.5,0.1,1,1,5,40,"post_fragmentation","random",24,481,10,31,NA,NA,103,2
80,419,50,0.7,0.15,0.5,0.1,1,1,5,40,"post_fragmentation","random",24,481,10,31,NA,NA,123,1
80,419,50,0.7,0.15,0.5,0.1,1,1,5,40,"post_fragmentation","random",24,481,10,31,NA,NA,199,1
80,419,50,0.7,0.15,0.5,0.1,1,1,5,40,"post_fragmentation","random",25,277,6,27,1,253,204,1
80,419,50,0.7,0.15,0.5,0.1,1,1,5,40,"post_fragmentation","random",25,277,6,27,1,253,249,1
80,419,50,0.7,0.15,0.5,0.1,1,1,5,40,"post_fragmentation","random",25,277,6,27,1,253,263,1
80,419,50,0.7,0.15,0.5,0.1,1,1,5,40,"post_fragmentation","random",25,277,6,27,1,253,274,1
80,419,50,0.7,0.15,0.5,0.1,1,1,5,40,"post_fragmentation","random",25,277,6,27,1,253,280,1
80,419,50,0.7,0.15,0.5,0.1,1,1,5,40,"post_fragmentation","random",25,277,6,27,1,253,297,1
80,419,50,0.7,0.15,0.5,0.1,1,1,5,40,"post_fragmentation","random",25,277,6,27,1,253,310,1
80,419,50,0.7,0.15,0.5,0.1,1,1,5,40,"post_fragmentation","random",25,277,6,27,1,253,326,1
80,419,50,0.7,0.15,0.5,0.1,1,1,5,40,"post_fragmentation","random",25,277,6,27,1,253,335,1
80,419,50,0.7,0.15,0.5,0.1,1,1,5,40,"post_fragmentation","random",25,277,6,27,1,253,343,1
80,419,50,0.7,0.15,0.5,0.1,1,1,5,40,"post_fragmentation","random",25,277,6,27,1,253,351,1
80,419,50,0.7,0.15,0.5,0.1,1,1,5,40,"post_fragmentation","random",25,277,6,27,1,253,353,1
80,419,50,0.7,0.15,0.5,0.1,1,1,5,40,"post_fragmentation","random",25,277,6,27,1,253,354,1
80,419,50,0.7,0.15,0.5,0.1,1,1,5,40,"post_fragmentation","random",25,277,6,27,1,253,368,1
80,419,50,0.7,0.15,0.5,0.1,1,1,5,40,"post_fragmentation","random",25,277,6,27,1,253,370,1
80,419,50,0.7,0.15,0.5,0.1,1,1,5,40,"post_fragmentation","random",25,277,6,27,1,253,385,1
80,419,50,0.7,0.15,0.5,0.1,1,1,5,40,"post_fragmentation","random",25,277,6,27,1,253,404,1
80,419,50,0.7,0.15,0.5,0.1,1,1,5,40,"post_fragmentation","random",25,277,6,27,1,253,424,1
80,419,50,0.7,0.15,0.5,0.1,1,1,5,40,"post_fragmentation","random",25,277,6,27,1,253,432,2
80,419,50,0.7,0.15,0.5,0.1,1,1,5,40,"post_fragmentation","random",25,277,6,27,1,253,433,1
80,419,50,0.7,0.15,0.5,0.1,1,1,5,40,"post_fragmentation","random",25,277,6,27,1,253,434,1
80,419,50,0.7,0.15,0.5,0.1,1,1,5,40,"post_fragmentation","random",25,277,6,27,1,253,439,2
80,419,50,0.7,0.15,0.5,0.1,1,1,5,40,"post_fragmentation","random",25,277,6,27,1,253,442,1
80,419,50,0.7,0.15,0.5,0.1,1,1,5,40,"post_fragmentation","random",25,277,6,27,1,253,445,1
80,419,50,0.7,0.15,0.5,0.1,1,1,5,40,"post_fragmentation","random",25,277,6,27,1,253,461,1
80,419,50,0.7,0.15,0.5,0.1,1,1,5,40,"post_fragmentation","random",25,277,6,27,1,253,462,1
80,419,50,0.7,0.15,0.5,0.1,1,1,5,40,"post_fragmentation","random",25,277,6,27,1,253,474,1
80,419,50,0.7,0.15,0.5,0.1,1,1,5,40,"post_fragmentation","random",25,277,6,27,1,253,512,1
80,419,50,0.7,0.15,0.5,0.1,1,1,5,40,"post_fragmentation","random",26,888,18,38,1,253,270,1
80,419,50,0.7,0.15,0.5,0.1,1,1,5,40,"post_fragmentation","random",26,888,18,38,1,253,276,1
80,419,50,0.7,0.15,0.5,0.1,1,1,5,40,"post_fragmentation","random",26,888,18,38,1,253,287,1
80,419,50,0.7,0.15,0.5,0.1,1,1,5,40,"post_fragmentation","random",26,888,18,38,1,253,288,1
80,419,50,0.7,0.15,0.5,0.1,1,1,5,40,"post_fragmentation","random",26,888,18,38,1,253,290,2
80,419,50,0.7,0.15,0.5,0.1,1,1,5,40,"post_fragmentation","random",26,888,18,38,1,253,297,1
80,419,50,0.7,0.15,0.5,0.1,1,1,5,40,"post_fragmentation","random",26,888,18,38,1,253,299,2
80,419,50,0.7,0.15,0.5,0.1,1,1,5,40,"post_fragmentation","random",26,888,18,38,1,253,302,1
80,419,50,0.7,0.15,0.5,0.1,1,1,5,40,"post_fragmentation","random",26,888,18,38,1,253,309,2
80,419,50,0.7,0.15,0.5,0.1,1,1,5,40,"post_fragmentation","random",26,888,18,38,1,253,311,1
80,419,50,0.7,0.15,0.5,0.1,1,1,5,40,"post_fragmentation","random",26,888,18,38,1,253,312,1
80,419,50,0.7,0.15,0.5,0.1,1,1,5,40,"post_fragmentation","random",26,888,18,38,1,253,320,1
80,419,50,0.7,0.15,0.5,0.1,1,1,5,40,"post_fragmentation","random",26,888,18,38,1,253,324,1
80,419,50,0.7,0.15,0.5,0.1,1,1,5,40,"post_fragmentation","random",26,888,18,38,1,253,326,2
80,419,50,0.7,0.15,0.5,0.1,1,1,5,40,"post_fragmentation","random",26,888,18,38,1,253,327,1
80,419,50,0.7,0.15,0.5,0.1,1,1,5,40,"post_fragmentation","random",26,888,18,38,1,253,335,1
80,419,50,0.7,0.15,0.5,0.1,1,1,5,40,"post_fragmentation","random",26,888,18,38,1,253,341,2
80,419,50,0.7,0.15,0.5,0.1,1,1,5,40,"post_fragmentation","random",26,888,18,38,1,253,349,1
80,419,50,0.7,0.15,0.5,0.1,1,1,5,40,"post_fragmentation","random",26,888,18,38,1,253,355,1
80,419,50,0.7,0.15,0.5,0.1,1,1,5,40,"post_fragmentation","random",26,888,18,38,1,253,362,1
80,419,50,0.7,0.15,0.5,0.1,1,1,5,40,"post_fragmentation","random",26,888,18,38,1,253,374,1
80,419,50,0.7,0.15,0.5,0.1,1,1,5,40,"post_fragmentation","random",26,888,18,38,1,253,382,1
80,419,50,0.7,0.15,0.5,0.1,1,1,5,40,"post_fragmentation","random",26,888,18,38,1,253,384,3
80,419,50,0.7,0.15,0.5,0.1,1,1,5,40,"post_fragmentation","random",26,888,18,38,1,253,417,2
80,419,50,0.7,0.15,0.5,0.1,1,1,5,40,"post_fragmentation","random",26,888,18,38,1,253,437,1
80,419,50,0.7,0.15,0.5,0.1,1,1,5,40,"post_fragmentation","random",26,888,18,38,1,253,443,1
80,419,50,0.7,0.15,0.5,0.1,1,1,5,40,"post_fragmentation","random",26,888,18,38,1,253,501,1
80,419,50,0.7,0.15,0.5,0.1,1,1,5,40,"post_fragmentation","random",26,888,18,38,1,253,506,1
80,419,50,0.7,0.15,0.5,0.1,1,1,5,40,"post_fragmentation","random",27,1971,40,21,11,36,547,1
80,419,50,0.7,0.15,0.5,0.1,1,1,5,40,"post_fragmentation","random",27,1971,40,21,11,36,588,3
80,419,50,0.7,0.15,0.5,0.1,1,1,5,40,"post_fragmentation","random",27,1971,40,21,11,36,592,1
80,419,50,0.7,0.15,0.5,0.1,1,1,5,40,"post_fragmentation","random",27,1971,40,21,11,36,614,1
80,419,50,0.7,0.15,0.5,0.1,1,1,5,40,"post_fragmentation","random",27,1971,40,21,11,36,628,2
80,419,50,0.7,0.15,0.5,0.1,1,1,5,40,"post_fragmentation","random",27,1971,40,21,11,36,639,1
80,419,50,0.7,0.15,0.5,0.1,1,1,5,40,"post_fragmentation","random",27,1971,40,21,11,36,658,2
80,419,50,0.7,0.15,0.5,0.1,1,1,5,40,"post_fragmentation","random",27,1971,40,21,11,36,661,1
80,419,50,0.7,0.15,0.5,0.1,1,1,5,40,"post_fragmentation","random",27,1971,40,21,11,36,666,2
80,419,50,0.7,0.15,0.5,0.1,1,1,5,40,"post_fragmentation","random",27,1971,40,21,11,36,669,1
80,419,50,0.7,0.15,0.5,0.1,1,1,5,40,"post_fragmentation","random",27,1971,40,21,11,36,675,1
80,419,50,0.7,0.15,0.5,0.1,1,1,5,40,"post_fragmentation","random",27,1971,40,21,11,36,679,1
80,419,50,0.7,0.15,0.5,0.1,1,1,5,40,"post_fragmentation","random",27,1971,40,21,11,36,684,1
80,419,50,0.7,0.15,0.5,0.1,1,1,5,40,"post_fragmentation","random",27,1971,40,21,11,36,687,2
80,419,50,0.7,0.15,0.5,0.1,1,1,5,40,"post_fragmentation","random",27,1971,40,21,11,36,691,1
80,419,50,0.7,0.15,0.5,0.1,1,1,5,40,"post_fragmentation","random",27,1971,40,21,11,36,692,1
80,419,50,0.7,0.15,0.5,0.1,1,1,5,40,"post_fragmentation","random",27,1971,40,21,11,36,696,1
80,419,50,0.7,0.15,0.5,0.1,1,1,5,40,"post_fragmentation","random",27,1971,40,21,11,36,697,1
80,419,50,0.7,0.15,0.5,0.1,1,1,5,40,"post_fragmentation","random",27,1971,40,21,11,36,702,1
80,419,50,0.7,0.15,0.5,0.1,1,1,5,40,"post_fragmentation","random",27,1971,40,21,11,36,707,2
80,419,50,0.7,0.15,0.5,0.1,1,1,5,40,"post_fragmentation","random",27,1971,40,21,11,36,718,2
80,419,50,0.7,0.15,0.5,0.1,1,1,5,40,"post_fragmentation","random",27,1971,40,21,11,36,725,3
80,419,50,0.7,0.15,0.5,0.1,1,1,5,40,"post_fragmentation","random",27,1971,40,21,11,36,730,1
80,419,50,0.7,0.15,0.5,0.1,1,1,5,40,"post_fragmentation","random",27,1971,40,21,11,36,732,1
80,419,50,0.7,0.15,0.5,0.1,1,1,5,40,"post_fragmentation","random",27,1971,40,21,11,36,747,1
80,419,50,0.7,0.15,0.5,0.1,1,1,5,40,"post_fragmentation","random",27,1971,40,21,11,36,776,1
80,419,50,0.7,0.15,0.5,0.1,1,1,5,40,"post_fragmentation","random",27,1971,40,21,11,36,789,1
80,419,50,0.7,0.15,0.5,0.1,1,1,5,40,"post_fragmentation","random",28,494,10,44,1,253,435,1
80,419,50,0.7,0.15,0.5,0.1,1,1,5,40,"post_fragmentation","random",28,494,10,44,1,253,442,1
80,419,50,0.7,0.15,0.5,0.1,1,1,5,40,"post_fragmentation","random",28,494,10,44,1,253,449,1
80,419,50,0.7,0.15,0.5,0.1,1,1,5,40,"post_fragmentation","random",28,494,10,44,1,253,474,1
80,419,50,0.7,0.15,0.5,0.1,1,1,5,40,"post_fragmentation","random",28,494,10,44,1,253,487,3
80,419,50,0.7,0.15,0.5,0.1,1,1,5,40,"post_fragmentation","random",28,494,10,44,1,253,497,1
80,419,50,0.7,0.15,0.5,0.1,1,1,5,40,"post_fragmentation","random",28,494,10,44,1,253,499,1
80,419,50,0.7,0.15,0.5,0.1,1,1,5,40,"post_fragmentation","random",28,494,10,44,1,253,508,1
80,419,50,0.7,0.15,0.5,0.1,1,1,5,40,"post_fragmentation","random",28,494,10,44,1,253,512,3
80,419,50,0.7,0.15,0.5,0.1,1,1,5,40,"post_fragmentation","random",28,494,10,44,1,253,520,1
80,419,50,0.7,0.15,0.5,0.1,1,1,5,40,"post_fragmentation","random",28,494,10,44,1,253,535,1
80,419,50,0.7,0.15,0.5,0.1,1,1,5,40,"post_fragmentation","random",28,494,10,44,1,253,539,1
80,419,50,0.7,0.15,0.5,0.1,1,1,5,40,"post_fragmentation","random",28,494,10,44,1,253,544,2
80,419,50,0.7,0.15,0.5,0.1,1,1,5,40,"post_fragmentation","random",28,494,10,44,1,253,550,1
80,419,50,0.7,0.15,0.5,0.1,1,1,5,40,"post_fragmentation","random",28,494,10,44,1,253,562,2
80,419,50,0.7,0.15,0.5,0.1,1,1,5,40,"post_fragmentation","random",28,494,10,44,1,253,563,1
80,419,50,0.7,0.15,0.5,0.1,1,1,5,40,"post_fragmentation","random",28,494,10,44,1,253,567,2
80,419,50,0.7,0.15,0.5,0.1,1,1,5,40,"post_fragmentation","random",28,494,10,44,1,253,582,1
80,419,50,0.7,0.15,0.5,0.1,1,1,5,40,"post_fragmentation","random",28,494,10,44,1,253,585,1
80,419,50,0.7,0.15,0.5,0.1,1,1,5,40,"post_fragmentation","random",28,494,10,44,1,253,592,1
80,419,50,0.7,0.15,0.5,0.1,1,1,5,40,"post_fragmentation","random",28,494,10,44,1,253,623,2
80,419,50,0.7,0.15,0.5,0.1,1,1,5,40,"post_fragmentation","random",28,494,10,44,1,253,659,1
80,419,50,0.7,0.15,0.5,0.1,1,1,5,40,"post_fragmentation","random",28,494,10,44,1,253,666,1
80,419,50,0.7,0.15,0.5,0.1,1,1,5,40,"post_fragmentation","random",28,494,10,44,1,253,687,1
80,419,50,0.7,0.15,0.5,0.1,1,1,5,40,"post_fragmentation","random",28,494,10,44,1,253,688,1
80,419,50,0.7,0.15,0.5,0.1,1,1,5,40,"post_fragmentation","random",28,494,10,44,1,253,696,1
80,419,50,0.7,0.15,0.5,0.1,1,1,5,40,"post_fragmentation","random",28,494,10,44,1,253,703,1
80,419,50,0.7,0.15,0.5,0.1,1,1,5,40,"post_fragmentation","random",28,494,10,44,1,253,711,1
80,419,50,0.7,0.15,0.5,0.1,1,1,5,40,"post_fragmentation","random",28,494,10,44,1,253,718,1
80,419,50,0.7,0.15,0.5,0.1,1,1,5,40,"post_fragmentation","random",28,494,10,44,1,253,719,1
80,419,50,0.7,0.15,0.5,0.1,1,1,5,40,"post_fragmentation","random",28,494,10,44,1,253,741,1
80,419,50,0.7,0.15,0.5,0.1,1,1,5,40,"post_fragmentation","random",28,494,10,44,1,253,747,1
80,419,50,0.7,0.15,0.5,0.1,1,1,5,40,"post_fragmentation","random",28,494,10,44,1,253,749,1
80,419,50,0.7,0.15,0.5,0.1,1,1,5,40,"post_fragmentation","random",29,237,5,37,1,253,184,1
80,419,50,0.7,0.15,0.5,0.1,1,1,5,40,"post_fragmentation","random",29,237,5,37,1,253,238,1
80,419,50,0.7,0.15,0.5,0.1,1,1,5,40,"post_fragmentation","random",29,237,5,37,1,253,242,1
80,419,50,0.7,0.15,0.5,0.1,1,1,5,40,"post_fragmentation","random",29,237,5,37,1,253,246,1
80,419,50,0.7,0.15,0.5,0.1,1,1,5,40,"post_fragmentation","random",29,237,5,37,1,253,252,1
80,419,50,0.7,0.15,0.5,0.1,1,1,5,40,"post_fragmentation","random",29,237,5,37,1,253,262,1
80,419,50,0.7,0.15,0.5,0.1,1,1,5,40,"post_fragmentation","random",29,237,5,37,1,253,272,1
80,419,50,0.7,0.15,0.5,0.1,1,1,5,40,"post_fragmentation","random",29,237,5,37,1,253,276,1
80,419,50,0.7,0.15,0.5,0.1,1,1,5,40,"post_fragmentation","random",29,237,5,37,1,253,285,1
80,419,50,0.7,0.15,0.5,0.1,1,1,5,40,"post_fragmentation","random",29,237,5,37,1,253,287,1
80,419,50,0.7,0.15,0.5,0.1,1,1,5,40,"post_fragmentation","random",29,237,5,37,1,253,294,2
80,419,50,0.7,0.15,0.5,0.1,1,1,5,40,"post_fragmentation","random",29,237,5,37,1,253,298,1
80,419,50,0.7,0.15,0.5,0.1,1,1,5,40,"post_fragmentation","random",29,237,5,37,1,253,302,3
80,419,50,0.7,0.15,0.5,0.1,1,1,5,40,"post_fragmentation","random",29,237,5,37,1,253,309,1
80,419,50,0.7,0.15,0.5,0.1,1,1,5,40,"post_fragmentation","random",29,237,5,37,1,253,329,1
80,419,50,0.7,0.15,0.5,0.1,1,1,5,40,"post_fragmentation","random",29,237,5,37,1,253,332,1
80,419,50,0.7,0.15,0.5,0.1,1,1,5,40,"post_fragmentation","random",29,237,5,37,1,253,333,1
80,419,50,0.7,0.15,0.5,0.1,1,1,5,40,"post_fragmentation","random",29,237,5,37,1,253,356,1
80,419,50,0.7,0.15,0.5,0.1,1,1,5,40,"post_fragmentation","random",29,237,5,37,1,253,357,2
80,419,50,0.7,0.15,0.5,0.1,1,1,5,40,"post_fragmentation","random",29,237,5,37,1,253,359,1
80,419,50,0.7,0.15,0.5,0.1,1,1,5,40,"post_fragmentation","random",29,237,5,37,1,253,362,1
80,419,50,0.7,0.15,0.5,0.1,1,1,5,40,"post_fragmentation","random",29,237,5,37,1,253,368,3
80,419,50,0.7,0.15,0.5,0.1,1,1,5,40,"post_fragmentation","random",29,237,5,37,1,253,382,2
80,419,50,0.7,0.15,0.5,0.1,1,1,5,40,"post_fragmentation","random",29,237,5,37,1,253,385,1
80,419,50,0.7,0.15,0.5,0.1,1,1,5,40,"post_fragmentation","random",29,237,5,37,1,253,404,1
80,419,50,0.7,0.15,0.5,0.1,1,1,5,40,"post_fragmentation","random",29,237,5,37,1,253,424,1
80,419,50,0.7,0.15,0.5,0.1,1,1,5,40,"post_fragmentation","random",29,237,5,37,1,253,433,1
80,419,50,0.7,0.15,0.5,0.1,1,1,5,40,"post_fragmentation","random",29,237,5,37,1,253,436,1
80,419,50,0.7,0.15,0.5,0.1,1,1,5,40,"post_fragmentation","random",30,739,15,39,1,253,261,1
80,419,50,0.7,0.15,0.5,0.1,1,1,5,40,"post_fragmentation","random",30,739,15,39,1,253,267,1
80,419,50,0.7,0.15,0.5,0.1,1,1,5,40,"post_fragmentation","random",30,739,15,39,1,253,307,1
80,419,50,0.7,0.15,0.5,0.1,1,1,5,40,"post_fragmentation","random",30,739,15,39,1,253,311,1
80,419,50,0.7,0.15,0.5,0.1,1,1,5,40,"post_fragmentation","random",30,739,15,39,1,253,325,2
80,419,50,0.7,0.15,0.5,0.1,1,1,5,40,"post_fragmentation","random",30,739,15,39,1,253,334,1
80,419,50,0.7,0.15,0.5,0.1,1,1,5,40,"post_fragmentation","random",30,739,15,39,1,253,343,3
80,419,50,0.7,0.15,0.5,0.1,1,1,5,40,"post_fragmentation","random",30,739,15,39,1,253,356,1
80,419,50,0.7,0.15,0.5,0.1,1,1,5,40,"post_fragmentation","random",30,739,15,39,1,253,357,1
80,419,50,0.7,0.15,0.5,0.1,1,1,5,40,"post_fragmentation","random",30,739,15,39,1,253,359,1
80,419,50,0.7,0.15,0.5,0.1,1,1,5,40,"post_fragmentation","random",30,739,15,39,1,253,366,1
80,419,50,0.7,0.15,0.5,0.1,1,1,5,40,"post_fragmentation","random",30,739,15,39,1,253,380,1
80,419,50,0.7,0.15,0.5,0.1,1,1,5,40,"post_fragmentation","random",30,739,15,39,1,253,382,2
80,419,50,0.7,0.15,0.5,0.1,1,1,5,40,"post_fragmentation","random",30,739,15,39,1,253,385,1
80,419,50,0.7,0.15,0.5,0.1,1,1,5,40,"post_fragmentation","random",30,739,15,39,1,253,386,1
80,419,50,0.7,0.15,0.5,0.1,1,1,5,40,"post_fragmentation","random",30,739,15,39,1,253,389,2
80,419,50,0.7,0.15,0.5,0.1,1,1,5,40,"post_fragmentation","random",30,739,15,39,1,253,397,1
80,419,50,0.7,0.15,0.5,0.1,1,1,5,40,"post_fragmentation","random",30,739,15,39,1,253,398,1
80,419,50,0.7,0.15,0.5,0.1,1,1,5,40,"post_fragmentation","random",30,739,15,39,1,253,404,1
80,419,50,0.7,0.15,0.5,0.1,1,1,5,40,"post_fragmentation","random",30,739,15,39,1,253,405,1
80,419,50,0.7,0.15,0.5,0.1,1,1,5,40,"post_fragmentation","random",30,739,15,39,1,253,417,1
80,419,50,0.7,0.15,0.5,0.1,1,1,5,40,"post_fragmentation","random",30,739,15,39,1,253,422,1
80,419,50,0.7,0.15,0.5,0.1,1,1,5,40,"post_fragmentation","random",30,739,15,39,1,253,452,1
80,419,50,0.7,0.15,0.5,0.1,1,1,5,40,"post_fragmentation","random",30,739,15,39,1,253,453,1
80,419,50,0.7,0.15,0.5,0.1,1,1,5,40,"post_fragmentation","random",30,739,15,39,1,253,456,1
80,419,50,0.7,0.15,0.5,0.1,1,1,5,40,"post_fragmentation","random",30,739,15,39,1,253,457,1
80,419,50,0.7,0.15,0.5,0.1,1,1,5,40,"post_fragmentation","random",30,739,15,39,1,253,469,1
80,419,50,0.7,0.15,0.5,0.1,1,1,5,40,"post_fragmentation","random",30,739,15,39,1,253,512,1
80,419,50,0.7,0.15,0.5,0.1,1,1,5,40,"post_fragmentation","random",30,739,15,39,1,253,567,1
80,419,50,0.7,0.15,0.5,0.1,1,1,5,100,"final","random",1,2022,41,22,11,36,631,1
80,419,50,0.7,0.15,0.5,0.1,1,1,5,100,"final","random",1,2022,41,22,11,36,637,1
80,419,50,0.7,0.15,0.5,0.1,1,1,5,100,"final","random",1,2022,41,22,11,36,640,2
80,419,50,0.7,0.15,0.5,0.1,1,1,5,100,"final","random",1,2022,41,22,11,36,641,1
80,419,50,0.7,0.15,0.5,0.1,1,1,5,100,"final","random",1,2022,41,22,11,36,649,1
80,419,50,0.7,0.15,0.5,0.1,1,1,5,100,"final","random",1,2022,41,22,11,36,655,2
80,419,50,0.7,0.15,0.5,0.1,1,1,5,100,"final","random",1,2022,41,22,11,36,675,1
80,419,50,0.7,0.15,0.5,0.1,1,1,5,100,"final","random",1,2022,41,22,11,36,678,2
80,419,50,0.7,0.15,0.5,0.1,1,1,5,100,"final","random",1,2022,41,22,11,36,682,1
80,419,50,0.7,0.15,0.5,0.1,1,1,5,100,"final","random",1,2022,41,22,11,36,687,1
80,419,50,0.7,0.15,0.5,0.1,1,1,5,100,"final","random",2,2430,49,30,1,253,379,1
80,419,50,0.7,0.15,0.5,0.1,1,1,5,100,"final","random",2,2430,49,30,1,253,386,1
80,419,50,0.7,0.15,0.5,0.1,1,1,5,100,"final","random",2,2430,49,30,1,253,390,1
80,419,50,0.7,0.15,0.5,0.1,1,1,5,100,"final","random",2,2430,49,30,1,253,392,1
80,419,50,0.7,0.15,0.5,0.1,1,1,5,100,"final","random",2,2430,49,30,1,253,399,1
80,419,50,0.7,0.15,0.5,0.1,1,1,5,100,"final","random",2,2430,49,30,1,253,401,1
80,419,50,0.7,0.15,0.5,0.1,1,1,5,100,"final","random",2,2430,49,30,1,253,404,3
80,419,50,0.7,0.15,0.5,0.1,1,1,5,100,"final","random",2,2430,49,30,1,253,428,2
80,419,50,0.7,0.15,0.5,0.1,1,1,5,100,"final","random",2,2430,49,30,1,253,433,1
80,419,50,0.7,0.15,0.5,0.1,1,1,5,100,"final","random",2,2430,49,30,1,253,434,1
80,419,50,0.7,0.15,0.5,0.1,1,1,5,100,"final","random",2,2430,49,30,1,253,439,1
80,419,50,0.7,0.15,0.5,0.1,1,1,5,100,"final","random",2,2430,49,30,1,253,440,1
80,419,50,0.7,0.15,0.5,0.1,1,1,5,100,"final","random",2,2430,49,30,1,253,443,2
80,419,50,0.7,0.15,0.5,0.1,1,1,5,100,"final","random",2,2430,49,30,1,253,446,2
80,419,50,0.7,0.15,0.5,0.1,1,1,5,100,"final","random",2,2430,49,30,1,253,458,1
80,419,50,0.7,0.15,0.5,0.1,1,1,5,100,"final","random",2,2430,49,30,1,253,460,1
80,419,50,0.7,0.15,0.5,0.1,1,1,5,100,"final","random",2,2430,49,30,1,253,465,1
80,419,50,0.7,0.15,0.5,0.1,1,1,5,100,"final","random",2,2430,49,30,1,253,471,1
80,419,50,0.7,0.15,0.5,0.1,1,1,5,100,"final","random",2,2430,49,30,1,253,483,1
80,419,50,0.7,0.15,0.5,0.1,1,1,5,100,"final","random",2,2430,49,30,1,253,485,1
80,419,50,0.7,0.15,0.5,0.1,1,1,5,100,"final","random",2,2430,49,30,1,253,496,1
80,419,50,0.7,0.15,0.5,0.1,1,1,5,100,"final","random",3,2481,50,31,1,253,356,2
80,419,50,0.7,0.15,0.5,0.1,1,1,5,100,"final","random",3,2481,50,31,1,253,361,1
80,419,50,0.7,0.15,0.5,0.1,1,1,5,100,"final","random",3,2481,50,31,1,253,367,1
80,419,50,0.7,0.15,0.5,0.1,1,1,5,100,"final","random",3,2481,50,31,1,253,386,1
80,419,50,0.7,0.15,0.5,0.1,1,1,5,100,"final","random",3,2481,50,31,1,253,397,2
80,419,50,0.7,0.15,0.5,0.1,1,1,5,100,"final","random",3,2481,50,31,1,253,399,1
80,419,50,0.7,0.15,0.5,0.1,1,1,5,100,"final","random",3,2481,50,31,1,253,404,1
80,419,50,0.7,0.15,0.5,0.1,1,1,5,100,"final","random",3,2481,50,31,1,253,420,2
80,419,50,0.7,0.15,0.5,0.1,1,1,5,100,"final","random",3,2481,50,31,1,253,425,1
80,419,50,0.7,0.15,0.5,0.1,1,1,5,100,"final","random",3,2481,50,31,1,253,432,1
80,419,50,0.7,0.15,0.5,0.1,1,1,5,100,"final","random",3,2481,50,31,1,253,434,2
80,419,50,0.7,0.15,0.5,0.1,1,1,5,100,"final","random",3,2481,50,31,1,253,439,1
80,419,50,0.7,0.15,0.5,0.1,1,1,5,100,"final","random",3,2481,50,31,1,253,440,2
80,419,50,0.7,0.15,0.5,0.1,1,1,5,100,"final","random",3,2481,50,31,1,253,452,4
80,419,50,0.7,0.15,0.5,0.1,1,1,5,100,"final","random",3,2481,50,31,1,253,458,1
80,419,50,0.7,0.15,0.5,0.1,1,1,5,100,"final","random",3,2481,50,31,1,253,460,1
80,419,50,0.7,0.15,0.5,0.1,1,1,5,100,"final","random",3,2481,50,31,1,253,468,1
80,419,50,0.7,0.15,0.5,0.1,1,1,5,100,"final","random",3,2481,50,31,1,253,470,1
80,419,50,0.7,0.15,0.5,0.1,1,1,5,100,"final","random",3,2481,50,31,1,253,474,1
80,419,50,0.7,0.15,0.5,0.1,1,1,5,100,"final","random",3,2481,50,31,1,253,477,2
80,419,50,0.7,0.15,0.5,0.1,1,1,5,100,"final","random",3,2481,50,31,1,253,483,2
80,419,50,0.7,0.15,0.5,0.1,1,1,5,100,"final","random",3,2481,50,31,1,253,485,1
80,419,50,0.7,0.15,0.5,0.1,1,1,5,100,"final","random",3,2481,50,31,1,253,487,1
80,419,50,0.7,0.15,0.5,0.1,1,1,5,100,"final","random",3,2481,50,31,1,253,488,1
80,419,50,0.7,0.15,0.5,0.1,1,1,5,100,"final","random",3,2481,50,31,1,253,495,1
80,419,50,0.7,0.15,0.5,0.1,1,1,5,100,"final","random",4,2327,47,27,1,253,331,1
80,419,50,0.7,0.15,0.5,0.1,1,1,5,100,"final","random",4,2327,47,27,1,253,339,1
80,419,50,0.7,0.15,0.5,0.1,1,1,5,100,"final","random",4,2327,47,27,1,253,378,1
80,419,50,0.7,0.15,0.5,0.1,1,1,5,100,"final","random",4,2327,47,27,1,253,379,1
80,419,50,0.7,0.15,0.5,0.1,1,1,5,100,"final","random",4,2327,47,27,1,253,382,1
80,419,50,0.7,0.15,0.5,0.1,1,1,5,100,"final","random",4,2327,47,27,1,253,397,1
80,419,50,0.7,0.15,0.5,0.1,1,1,5,100,"final","random",4,2327,47,27,1,253,399,1
80,419,50,0.7,0.15,0.5,0.1,1,1,5,100,"final","random",4,2327,47,27,1,253,401,2
80,419,50,0.7,0.15,0.5,0.1,1,1,5,100,"final","random",4,2327,47,27,1,253,404,1
80,419,50,0.7,0.15,0.5,0.1,1,1,5,100,"final","random",4,2327,47,27,1,253,405,1
80,419,50,0.7,0.15,0.5,0.1,1,1,5,100,"final","random",4,2327,47,27,1,253,408,1
80,419,50,0.7,0.15,0.5,0.1,1,1,5,100,"final","random",4,2327,47,27,1,253,420,1
80,419,50,0.7,0.15,0.5,0.1,1,1,5,100,"final","random",4,2327,47,27,1,253,423,1
80,419,50,0.7,0.15,0.5,0.1,1,1,5,100,"final","random",4,2327,47,27,1,253,428,3
80,419,50,0.7,0.15,0.5,0.1,1,1,5,100,"final","random",4,2327,47,27,1,253,432,2
80,419,50,0.7,0.15,0.5,0.1,1,1,5,100,"final","random",4,2327,47,27,1,253,433,2
80,419,50,0.7,0.15,0.5,0.1,1,1,5,100,"final","random",4,2327,47,27,1,253,446,1
80,419,50,0.7,0.15,0.5,0.1,1,1,5,100,"final","random",4,2327,47,27,1,253,451,1
80,419,50,0.7,0.15,0.5,0.1,1,1,5,100,"final","random",4,2327,47,27,1,253,452,1
80,419,50,0.7,0.15,0.5,0.1,1,1,5,100,"final","random",4,2327,47,27,1,253,476,1
80,419,50,0.7,0.15,0.5,0.1,1,1,5,100,"final","random",4,2327,47,27,1,253,477,2
80,419,50,0.7,0.15,0.5,0.1,1,1,5,100,"final","random",4,2327,47,27,1,253,496,1
80,419,50,0.7,0.15,0.5,0.1,1,1,5,100,"final","random",4,2327,47,27,1,253,526,1
80,419,50,0.7,0.15,0.5,0.1,1,1,5,100,"final","random",5,1762,36,12,6,22,688,1
80,419,50,0.7,0.15,0.5,0.1,1,1,5,100,"final","random",6,790,16,40,1,253,343,1
80,419,50,0.7,0.15,0.5,0.1,1,1,5,100,"final","random",6,790,16,40,1,253,352,1
80,419,50,0.7,0.15,0.5,0.1,1,1,5,100,"final","random",6,790,16,40,1,253,357,1
80,419,50,0.7,0.15,0.5,0.1,1,1,5,100,"final","random",6,790,16,40,1,253,360,1
80,419,50,0.7,0.15,0.5,0.1,1,1,5,100,"final","random",6,790,16,40,1,253,369,1
80,419,50,0.7,0.15,0.5,0.1,1,1,5,100,"final","random",6,790,16,40,1,253,399,1
80,419,50,0.7,0.15,0.5,0.1,1,1,5,100,"final","random",6,790,16,40,1,253,404,1
80,419,50,0.7,0.15,0.5,0.1,1,1,5,100,"final","random",6,790,16,40,1,253,468,1
80,419,50,0.7,0.15,0.5,0.1,1,1,5,100,"final","random",6,790,16,40,1,253,469,1
80,419,50,0.7,0.15,0.5,0.1,1,1,5,100,"final","random",6,790,16,40,1,253,472,1
80,419,50,0.7,0.15,0.5,0.1,1,1,5,100,"final","random",6,790,16,40,1,253,477,1
80,419,50,0.7,0.15,0.5,0.1,1,1,5,100,"final","random",6,790,16,40,1,253,495,1
80,419,50,0.7,0.15,0.5,0.1,1,1,5,100,"final","random",6,790,16,40,1,253,512,2
80,419,50,0.7,0.15,0.5,0.1,1,1,5,100,"final","random",7,2328,47,28,1,253,333,1
80,419,50,0.7,0.15,0.5,0.1,1,1,5,100,"final","random",7,2328,47,28,1,253,340,1
80,419,50,0.7,0.15,0.5,0.1,1,1,5,100,"final","random",7,2328,47,28,1,253,366,1
80,419,50,0.7,0.15,0.5,0.1,1,1,5,100,"final","random",7,2328,47,28,1,253,374,3
80,419,50,0.7,0.15,0.5,0.1,1,1,5,100,"final","random",7,2328,47,28,1,253,379,1
80,419,50,0.7,0.15,0.5,0.1,1,1,5,100,"final","random",7,2328,47,28,1,253,386,2
80,419,50,0.7,0.15,0.5,0.1,1,1,5,100,"final","random",7,2328,47,28,1,253,387,1
80,419,50,0.7,0.15,0.5,0.1,1,1,5,100,"final","random",7,2328,47,28,1,253,397,1
80,419,50,0.7,0.15,0.5,0.1,1,1,5,100,"final","random",7,2328,47,28,1,253,399,1
80,419,50,0.7,0.15,0.5,0.1,1,1,5,100,"final","random",7,2328,47,28,1,253,401,1
80,419,50,0.7,0.15,0.5,0.1,1,1,5,100,"final","random",7,2328,47,28,1,253,405,3
80,419,50,0.7,0.15,0.5,0.1,1,1,5,100,"final","random",7,2328,47,28,1,253,410,1
80,419,50,0.7,0.15,0.5,0.1,1,1,5,100,"final","random",7,2328,47,28,1,253,413,1
80,419,50,0.7,0.15,0.5,0.1,1,1,5,100,"final","random",7,2328,47,28,1,253,432,2
80,419,50,0.7,0.15,0.5,0.1,1,1,5,100,"final","random",7,2328,47,28,1,253,434,1
80,419,50,0.7,0.15,0.5,0.1,1,1,5,100,"final","random",7,2328,47,28,1,253,436,1
80,419,50,0.7,0.15,0.5,0.1,1,1,5,100,"final","random",7,2328,47,28,1,253,437,2
80,419,50,0.7,0.15,0.5,0.1,1,1,5,100,"final","random",7,2328,47,28,1,253,439,1
80,419,50,0.7,0.15,0.5,0.1,1,1,5,100,"final","random",7,2328,47,28,1,253,443,1
80,419,50,0.7,0.15,0.5,0.1,1,1,5,100,"final","random",7,2328,47,28,1,253,452,1
80,419,50,0.7,0.15,0.5,0.1,1,1,5,100,"final","random",7,2328,47,28,1,253,458,1
80,419,50,0.7,0.15,0.5,0.1,1,1,5,100,"final","random",7,2328,47,28,1,253,465,2
80,419,50,0.7,0.15,0.5,0.1,1,1,5,100,"final","random",7,2328,47,28,1,253,468,1
80,419,50,0.7,0.15,0.5,0.1,1,1,5,100,"final","random",7,2328,47,28,1,253,470,1
80,419,50,0.7,0.15,0.5,0.1,1,1,5,100,"final","random",7,2328,47,28,1,253,471,1
80,419,50,0.7,0.15,0.5,0.1,1,1,5,100,"final","random",7,2328,47,28,1,253,474,1
80,419,50,0.7,0.15,0.5,0.1,1,1,5,100,"final","random",7,2328,47,28,1,253,485,1
80,419,50,0.7,0.15,0.5,0.1,1,1,5,100,"final","random",7,2328,47,28,1,253,489,2
80,419,50,0.7,0.15,0.5,0.1,1,1,5,100,"final","random",7,2328,47,28,1,253,496,2
80,419,50,0.7,0.15,0.5,0.1,1,1,5,100,"final","random",8,1865,38,15,12,1,675,2
80,419,50,0.7,0.15,0.5,0.1,1,1,5,100,"final","random",9,241,5,41,1,253,358,1
80,419,50,0.7,0.15,0.5,0.1,1,1,5,100,"final","random",9,241,5,41,1,253,386,1
80,419,50,0.7,0.15,0.5,0.1,1,1,5,100,"final","random",9,241,5,41,1,253,405,2
80,419,50,0.7,0.15,0.5,0.1,1,1,5,100,"final","random",9,241,5,41,1,253,409,1
80,419,50,0.7,0.15,0.5,0.1,1,1,5,100,"final","random",9,241,5,41,1,253,413,1
80,419,50,0.7,0.15,0.5,0.1,1,1,5,100,"final","random",9,241,5,41,1,253,432,1
80,419,50,0.7,0.15,0.5,0.1,1,1,5,100,"final","random",9,241,5,41,1,253,437,1
80,419,50,0.7,0.15,0.5,0.1,1,1,5,100,"final","random",9,241,5,41,1,253,452,2
80,419,50,0.7,0.15,0.5,0.1,1,1,5,100,"final","random",9,241,5,41,1,253,454,1
80,419,50,0.7,0.15,0.5,0.1,1,1,5,100,"final","random",9,241,5,41,1,253,465,2
80,419,50,0.7,0.15,0.5,0.1,1,1,5,100,"final","random",9,241,5,41,1,253,468,1
80,419,50,0.7,0.15,0.5,0.1,1,1,5,100,"final","random",9,241,5,41,1,253,469,4
80,419,50,0.7,0.15,0.5,0.1,1,1,5,100,"final","random",9,241,5,41,1,253,477,2
80,419,50,0.7,0.15,0.5,0.1,1,1,5,100,"final","random",9,241,5,41,1,253,495,2
80,419,50,0.7,0.15,0.5,0.1,1,1,5,100,"final","random",9,241,5,41,1,253,511,1
80,419,50,0.7,0.15,0.5,0.1,1,1,5,100,"final","random",9,241,5,41,1,253,512,6
80,419,50,0.7,0.15,0.5,0.1,1,1,5,100,"final","random",9,241,5,41,1,253,513,1
80,419,50,0.7,0.15,0.5,0.1,1,1,5,100,"final","random",9,241,5,41,1,253,517,1
80,419,50,0.7,0.15,0.5,0.1,1,1,5,100,"final","random",9,241,5,41,1,253,533,1
80,419,50,0.7,0.15,0.5,0.1,1,1,5,100,"final","random",9,241,5,41,1,253,542,1
80,419,50,0.7,0.15,0.5,0.1,1,1,5,100,"final","random",9,241,5,41,1,253,582,1
80,419,50,0.7,0.15,0.5,0.1,1,1,5,100,"final","random",10,2230,45,30,1,253,363,1
80,419,50,0.7,0.15,0.5,0.1,1,1,5,100,"final","random",10,2230,45,30,1,253,373,1
80,419,50,0.7,0.15,0.5,0.1,1,1,5,100,"final","random",10,2230,45,30,1,253,382,1
80,419,50,0.7,0.15,0.5,0.1,1,1,5,100,"final","random",10,2230,45,30,1,253,397,1
80,419,50,0.7,0.15,0.5,0.1,1,1,5,100,"final","random",10,2230,45,30,1,253,399,1
80,419,50,0.7,0.15,0.5,0.1,1,1,5,100,"final","random",10,2230,45,30,1,253,410,1
80,419,50,0.7,0.15,0.5,0.1,1,1,5,100,"final","random",10,2230,45,30,1,253,431,1
80,419,50,0.7,0.15,0.5,0.1,1,1,5,100,"final","random",10,2230,45,30,1,253,432,1
80,419,50,0.7,0.15,0.5,0.1,1,1,5,100,"final","random",10,2230,45,30,1,253,436,1
80,419,50,0.7,0.15,0.5,0.1,1,1,5,100,"final","random",10,2230,45,30,1,253,437,1
80,419,50,0.7,0.15,0.5,0.1,1,1,5,100,"final","random",10,2230,45,30,1,253,443,2
80,419,50,0.7,0.15,0.5,0.1,1,1,5,100,"final","random",10,2230,45,30,1,253,465,1
80,419,50,0.7,0.15,0.5,0.1,1,1,5,100,"final","random",10,2230,45,30,1,253,468,2
80,419,50,0.7,0.15,0.5,0.1,1,1,5,100,"final","random",10,2230,45,30,1,253,470,1
80,419,50,0.7,0.15,0.5,0.1,1,1,5,100,"final","random",10,2230,45,30,1,253,471,1
80,419,50,0.7,0.15,0.5,0.1,1,1,5,100,"final","random",10,2230,45,30,1,253,474,1
80,419,50,0.7,0.15,0.5,0.1,1,1,5,100,"final","random",10,2230,45,30,1,253,489,1
80,419,50,0.7,0.15,0.5,0.1,1,1,5,100,"final","random",10,2230,45,30,1,253,495,1
80,419,50,0.7,0.15,0.5,0.1,1,1,5,100,"final","random",11,690,14,40,1,253,355,1
80,419,50,0.7,0.15,0.5,0.1,1,1,5,100,"final","random",11,690,14,40,1,253,357,1
80,419,50,0.7,0.15,0.5,0.1,1,1,5,100,"final","random",11,690,14,40,1,253,360,1
80,419,50,0.7,0.15,0.5,0.1,1,1,5,100,"final","random",11,690,14,40,1,253,366,1
80,419,50,0.7,0.15,0.5,0.1,1,1,5,100,"final","random",11,690,14,40,1,253,374,1
80,419,50,0.7,0.15,0.5,0.1,1,1,5,100,"final","random",11,690,14,40,1,253,384,1
80,419,50,0.7,0.15,0.5,0.1,1,1,5,100,"final","random",11,690,14,40,1,253,401,1
80,419,50,0.7,0.15,0.5,0.1,1,1,5,100,"final","random",11,690,14,40,1,253,450,2
80,419,50,0.7,0.15,0.5,0.1,1,1,5,100,"final","random",11,690,14,40,1,253,462,1
80,419,50,0.7,0.15,0.5,0.1,1,1,5,100,"final","random",11,690,14,40,1,253,469,2
80,419,50,0.7,0.15,0.5,0.1,1,1,5,100,"final","random",11,690,14,40,1,253,476,1
80,419,50,0.7,0.15,0.5,0.1,1,1,5,100,"final","random",11,690,14,40,1,253,487,3
80,419,50,0.7,0.15,0.5,0.1,1,1,5,100,"final","random",11,690,14,40,1,253,506,2
80,419,50,0.7,0.15,0.5,0.1,1,1,5,100,"final","random",11,690,14,40,1,253,512,6
80,419,50,0.7,0.15,0.5,0.1,1,1,5,100,"final","random",11,690,14,40,1,253,513,3
80,419,50,0.7,0.15,0.5,0.1,1,1,5,100,"final","random",11,690,14,40,1,253,544,1
80,419,50,0.7,0.15,0.5,0.1,1,1,5,100,"final","random",11,690,14,40,1,253,554,1
80,419,50,0.7,0.15,0.5,0.1,1,1,5,100,"final","random",12,591,12,41,1,253,320,1
80,419,50,0.7,0.15,0.5,0.1,1,1,5,100,"final","random",12,591,12,41,1,253,358,2
80,419,50,0.7,0.15,0.5,0.1,1,1,5,100,"final","random",12,591,12,41,1,253,367,1
80,419,50,0.7,0.15,0.5,0.1,1,1,5,100,"final","random",12,591,12,41,1,253,383,1
80,419,50,0.7,0.15,0.5,0.1,1,1,5,100,"final","random",12,591,12,41,1,253,397,1
80,419,50,0.7,0.15,0.5,0.1,1,1,5,100,"final","random",12,591,12,41,1,253,404,2
80,419,50,0.7,0.15,0.5,0.1,1,1,5,100,"final","random",12,591,12,41,1,253,436,1
80,419,50,0.7,0.15,0.5,0.1,1,1,5,100,"final","random",12,591,12,41,1,253,440,2
80,419,50,0.7,0.15,0.5,0.1,1,1,5,100,"final","random",12,591,12,41,1,253,450,1
80,419,50,0.7,0.15,0.5,0.1,1,1,5,100,"final","random",12,591,12,41,1,253,452,2
80,419,50,0.7,0.15,0.5,0.1,1,1,5,100,"final","random",12,591,12,41,1,253,465,1
80,419,50,0.7,0.15,0.5,0.1,1,1,5,100,"final","random",12,591,12,41,1,253,469,1
80,419,50,0.7,0.15,0.5,0.1,1,1,5,100,"final","random",12,591,12,41,1,253,473,1
80,419,50,0.7,0.15,0.5,0.1,1,1,5,100,"final","random",12,591,12,41,1,253,476,1
80,419,50,0.7,0.15,0.5,0.1,1,1,5,100,"final","random",12,591,12,41,1,253,478,1
80,419,50,0.7,0.15,0.5,0.1,1,1,5,100,"final","random",12,591,12,41,1,253,487,3
80,419,50,0.7,0.15,0.5,0.1,1,1,5,100,"final","random",12,591,12,41,1,253,512,6
80,419,50,0.7,0.15,0.5,0.1,1,1,5,100,"final","random",12,591,12,41,1,253,513,1
80,419,50,0.7,0.15,0.5,0.1,1,1,5,100,"final","random",12,591,12,41,1,253,520,2
80,419,50,0.7,0.15,0.5,0.1,1,1,5,100,"final","random",12,591,12,41,1,253,544,1
80,419,50,0.7,0.15,0.5,0.1,1,1,5,100,"final","random",12,591,12,41,1,253,572,2
80,419,50,0.7,0.15,0.5,0.1,1,1,5,100,"final","random",13,525,11,25,1,253,186,1
80,419,50,0.7,0.15,0.5,0.1,1,1,5,100,"final","random",13,525,11,25,1,253,262,1
80,419,50,0.7,0.15,0.5,0.1,1,1,5,100,"final","random",13,525,11,25,1,253,276,2
80,419,50,0.7,0.15,0.5,0.1,1,1,5,100,"final","random",13,525,11,25,1,253,287,2
80,419,50,0.7,0.15,0.5,0.1,1,1,5,100,"final","random",13,525,11,25,1,253,307,1
80,419,50,0.7,0.15,0.5,0.1,1,1,5,100,"final","random",13,525,11,25,1,253,320,1
80,419,50,0.7,0.15,0.5,0.1,1,1,5,100,"final","random",13,525,11,25,1,253,326,1
80,419,50,0.7,0.15,0.5,0.1,1,1,5,100,"final","random",13,525,11,25,1,253,331,1
80,419,50,0.7,0.15,0.5,0.1,1,1,5,100,"final","random",13,525,11,25,1,253,368,1
80,419,50,0.7,0.15,0.5,0.1,1,1,5,100,"final","random",13,525,11,25,1,253,390,1
80,419,50,0.7,0.15,0.5,0.1,1,1,5,100,"final","random",14,292,6,42,1,253,397,2
80,419,50,0.7,0.15,0.5,0.1,1,1,5,100,"final","random",14,292,6,42,1,253,428,2
80,419,50,0.7,0.15,0.5,0.1,1,1,5,100,"final","random",14,292,6,42,1,253,433,1
80,419,50,0.7,0.15,0.5,0.1,1,1,5,100,"final","random",14,292,6,42,1,253,452,1
80,419,50,0.7,0.15,0.5,0.1,1,1,5,100,"final","random",14,292,6,42,1,253,458,1
80,419,50,0.7,0.15,0.5,0.1,1,1,5,100,"final","random",14,292,6,42,1,253,465,1
80,419,50,0.7,0.15,0.5,0.1,1,1,5,100,"final","random",14,292,6,42,1,253,469,1
80,419,50,0.7,0.15,0.5,0.1,1,1,5,100,"final","random",14,292,6,42,1,253,496,1
80,419,50,0.7,0.15,0.5,0.1,1,1,5,100,"final","random",14,292,6,42,1,253,512,3
80,419,50,0.7,0.15,0.5,0.1,1,1,5,100,"final","random",14,292,6,42,1,253,513,1
80,419,50,0.7,0.15,0.5,0.1,1,1,5,100,"final","random",14,292,6,42,1,253,582,1
80,419,50,0.7,0.15,0.5,0.1,1,1,5,100,"final","random",15,376,8,26,1,253,65,1
80,419,50,0.7,0.15,0.5,0.1,1,1,5,100,"final","random",15,376,8,26,1,253,79,1
80,419,50,0.7,0.15,0.5,0.1,1,1,5,100,"final","random",15,376,8,26,1,253,123,2
80,419,50,0.7,0.15,0.5,0.1,1,1,5,100,"final","random",15,376,8,26,1,253,139,1
80,419,50,0.7,0.15,0.5,0.1,1,1,5,100,"final","random",15,376,8,26,1,253,164,1
80,419,50,0.7,0.15,0.5,0.1,1,1,5,100,"final","random",15,376,8,26,1,253,196,2
80,419,50,0.7,0.15,0.5,0.1,1,1,5,100,"final","random",15,376,8,26,1,253,237,1
80,419,50,0.7,0.15,0.5,0.1,1,1,5,100,"final","random",15,376,8,26,1,253,262,1
80,419,50,0.7,0.15,0.5,0.1,1,1,5,100,"final","random",15,376,8,26,1,253,296,1
80,419,50,0.7,0.15,0.5,0.1,1,1,5,100,"final","random",15,376,8,26,1,253,308,3
80,419,50,0.7,0.15,0.5,0.1,1,1,5,100,"final","random",15,376,8,26,1,253,311,3
80,419,50,0.7,0.15,0.5,0.1,1,1,5,100,"final","random",15,376,8,26,1,253,337,1
80,419,50,0.7,0.15,0.5,0.1,1,1,5,100,"final","random",15,376,8,26,1,253,339,2
80,419,50,0.7,0.15,0.5,0.1,1,1,5,100,"final","random",15,376,8,26,1,253,374,1
80,419,50,0.7,0.15,0.5,0.1,1,1,5,100,"final","random",16,2329,47,29,1,253,237,1
80,419,50,0.7,0.15,0.5,0.1,1,1,5,100,"final","random",16,2329,47,29,1,253,262,1
80,419,50,0.7,0.15,0.5,0.1,1,1,5,100,"final","random",16,2329,47,29,1,253,320,2
80,419,50,0.7,0.15,0.5,0.1,1,1,5,100,"final","random",16,2329,47,29,1,253,332,1
80,419,50,0.7,0.15,0.5,0.1,1,1,5,100,"final","random",16,2329,47,29,1,253,378,2
80,419,50,0.7,0.15,0.5,0.1,1,1,5,100,"final","random",16,2329,47,29,1,253,382,1
80,419,50,0.7,0.15,0.5,0.1,1,1,5,100,"final","random",16,2329,47,29,1,253,386,1
80,419,50,0.7,0.15,0.5,0.1,1,1,5,100,"final","random",16,2329,47,29,1,253,404,2
80,419,50,0.7,0.15,0.5,0.1,1,1,5,100,"final","random",16,2329,47,29,1,253,405,1
80,419,50,0.7,0.15,0.5,0.1,1,1,5,100,"final","random",16,2329,47,29,1,253,410,2
80,419,50,0.7,0.15,0.5,0.1,1,1,5,100,"final","random",16,2329,47,29,1,253,413,1
80,419,50,0.7,0.15,0.5,0.1,1,1,5,100,"final","random",16,2329,47,29,1,253,420,1
80,419,50,0.7,0.15,0.5,0.1,1,1,5,100,"final","random",16,2329,47,29,1,253,423,1
80,419,50,0.7,0.15,0.5,0.1,1,1,5,100,"final","random",16,2329,47,29,1,253,432,1
80,419,50,0.7,0.15,0.5,0.1,1,1,5,100,"final","random",16,2329,47,29,1,253,433,1
80,419,50,0.7,0.15,0.5,0.1,1,1,5,100,"final","random",16,2329,47,29,1,253,434,1
80,419,50,0.7,0.15,0.5,0.1,1,1,5,100,"final","random",16,2329,47,29,1,253,440,1
80,419,50,0.7,0.15,0.5,0.1,1,1,5,100,"final","random",16,2329,47,29,1,253,443,1
80,419,50,0.7,0.15,0.5,0.1,1,1,5,100,"final","random",16,2329,47,29,1,253,445,1
80,419,50,0.7,0.15,0.5,0.1,1,1,5,100,"final","random",16,2329,47,29,1,253,450,1
80,419,50,0.7,0.15,0.5,0.1,1,1,5,100,"final","random",16,2329,47,29,1,253,454,1
80,419,50,0.7,0.15,0.5,0.1,1,1,5,100,"final","random",16,2329,47,29,1,253,462,2
80,419,50,0.7,0.15,0.5,0.1,1,1,5,100,"final","random",16,2329,47,29,1,253,465,2
80,419,50,0.7,0.15,0.5,0.1,1,1,5,100,"final","random",16,2329,47,29,1,253,471,2
80,419,50,0.7,0.15,0.5,0.1,1,1,5,100,"final","random",16,2329,47,29,1,253,474,1
80,419,50,0.7,0.15,0.5,0.1,1,1,5,100,"final","random",16,2329,47,29,1,253,478,1
80,419,50,0.7,0.15,0.5,0.1,1,1,5,100,"final","random",16,2329,47,29,1,253,481,1
80,419,50,0.7,0.15,0.5,0.1,1,1,5,100,"final","random",16,2329,47,29,1,253,485,1
80,419,50,0.7,0.15,0.5,0.1,1,1,5,100,"final","random",17,435,9,35,1,253,203,1
80,419,50,0.7,0.15,0.5,0.1,1,1,5,100,"final","random",17,435,9,35,1,253,255,1
80,419,50,0.7,0.15,0.5,0.1,1,1,5,100,"final","random",17,435,9,35,1,253,279,1
80,419,50,0.7,0.15,0.5,0.1,1,1,5,100,"final","random",17,435,9,35,1,253,281,3
80,419,50,0.7,0.15,0.5,0.1,1,1,5,100,"final","random",17,435,9,35,1,253,288,1
80,419,50,0.7,0.15,0.5,0.1,1,1,5,100,"final","random",17,435,9,35,1,253,294,3
80,419,50,0.7,0.15,0.5,0.1,1,1,5,100,"final","random",17,435,9,35,1,253,302,1
80,419,50,0.7,0.15,0.5,0.1,1,1,5,100,"final","random",17,435,9,35,1,253,308,1
80,419,50,0.7,0.15,0.5,0.1,1,1,5,100,"final","random",17,435,9,35,1,253,349,1
80,419,50,0.7,0.15,0.5,0.1,1,1,5,100,"final","random",17,435,9,35,1,253,361,2
80,419,50,0.7,0.15,0.5,0.1,1,1,5,100,"final","random",17,435,9,35,1,253,384,1
80,419,50,0.7,0.15,0.5,0.1,1,1,5,100,"final","random",17,435,9,35,1,253,397,2
80,419,50,0.7,0.15,0.5,0.1,1,1,5,100,"final","random",17,435,9,35,1,253,473,1
80,419,50,0.7,0.15,0.5,0.1,1,1,5,100,"final","random",18,340,7,40,1,253,264,1
80,419,50,0.7,0.15,0.5,0.1,1,1,5,100,"final","random",18,340,7,40,1,253,352,1
80,419,50,0.7,0.15,0.5,0.1,1,1,5,100,"final","random",18,340,7,40,1,253,374,1
80,419,50,0.7,0.15,0.5,0.1,1,1,5,100,"final","random",18,340,7,40,1,253,382,2
80,419,50,0.7,0.15,0.5,0.1,1,1,5,100,"final","random",18,340,7,40,1,253,387,1
80,419,50,0.7,0.15,0.5,0.1,1,1,5,100,"final","random",18,340,7,40,1,253,404,1
80,419,50,0.7,0.15,0.5,0.1,1,1,5,100,"final","random",18,340,7,40,1,253,409,2
80,419,50,0.7,0.15,0.5,0.1,1,1,5,100,"final","random",18,340,7,40,1,253,417,2
80,419,50,0.7,0.15,0.5,0.1,1,1,5,100,"final","random",18,340,7,40,1,253,419,2
80,419,50,0.7,0.15,0.5,0.1,1,1,5,100,"final","random",18,340,7,40,1,253,420,1
80,419,50,0.7,0.15,0.5,0.1,1,1,5,100,"final","random",18,340,7,40,1,253,437,1
80,419,50,0.7,0.15,0.5,0.1,1,1,5,100,"final","random",18,340,7,40,1,253,440,1
80,419,50,0.7,0.15,0.5,0.1,1,1,5,100,"final","random",18,340,7,40,1,253,450,1
80,419,50,0.7,0.15,0.5,0.1,1,1,5,100,"final","random",18,340,7,40,1,253,452,2
80,419,50,0.7,0.15,0.5,0.1,1,1,5,100,"final","random",18,340,7,40,1,253,469,3
80,419,50,0.7,0.15,0.5,0.1,1,1,5,100,"final","random",18,340,7,40,1,253,473,3
80,419,50,0.7,0.15,0.5,0.1,1,1,5,100,"final","random",18,340,7,40,1,253,477,1
80,419,50,0.7,0.15,0.5,0.1,1,1,5,100,"final","random",18,340,7,40,1,253,496,3
80,419,50,0.7,0.15,0.5,0.1,1,1,5,100,"final","random",18,340,7,40,1,253,512,2
80,419,50,0.7,0.15,0.5,0.1,1,1,5,100,"final","random",18,340,7,40,1,253,533,1
80,419,50,0.7,0.15,0.5,0.1,1,1,5,100,"final","random",18,340,7,40,1,253,595,1
80,419,50,0.7,0.15,0.5,0.1,1,1,5,100,"final","random",19,582,12,32,1,253,71,2
80,419,50,0.7,0.15,0.5,0.1,1,1,5,100,"final","random",19,582,12,32,1,253,103,1
80,419,50,0.7,0.15,0.5,0.1,1,1,5,100,"final","random",19,582,12,32,1,253,123,2
80,419,50,0.7,0.15,0.5,0.1,1,1,5,100,"final","random",19,582,12,32,1,253,164,1
80,419,50,0.7,0.15,0.5,0.1,1,1,5,100,"final","random",19,582,12,32,1,253,219,1
80,419,50,0.7,0.15,0.5,0.1,1,1,5,100,"final","random",19,582,12,32,1,253,237,1
80,419,50,0.7,0.15,0.5,0.1,1,1,5,100,"final","random",19,582,12,32,1,253,287,1
80,419,50,0.7,0.15,0.5,0.1,1,1,5,100,"final","random",19,582,12,32,1,253,361,1
80,419,50,0.7,0.15,0.5,0.1,1,1,5,100,"final","random",20,1814,37,14,6,22,536,1
80,419,50,0.7,0.15,0.5,0.1,1,1,5,100,"final","random",20,1814,37,14,6,22,560,1
80,419,50,0.7,0.15,0.5,0.1,1,1,5,100,"final","random",20,1814,37,14,6,22,640,1
80,419,50,0.7,0.15,0.5,0.1,1,1,5,100,"final","random",20,1814,37,14,6,22,675,1
80,419,50,0.7,0.15,0.5,0.1,1,1,5,100,"final","random",21,581,12,31,1,253,44,2
80,419,50,0.7,0.15,0.5,0.1,1,1,5,100,"final","random",21,581,12,31,1,253,54,1
80,419,50,0.7,0.15,0.5,0.1,1,1,5,100,"final","random",21,581,12,31,1,253,79,1
80,419,50,0.7,0.15,0.5,0.1,1,1,5,100,"final","random",21,581,12,31,1,253,103,3
80,419,50,0.7,0.15,0.5,0.1,1,1,5,100,"final","random",21,581,12,31,1,253,107,1
80,419,50,0.7,0.15,0.5,0.1,1,1,5,100,"final","random",21,581,12,31,1,253,123,2
80,419,50,0.7,0.15,0.5,0.1,1,1,5,100,"final","random",21,581,12,31,1,253,139,1
80,419,50,0.7,0.15,0.5,0.1,1,1,5,100,"final","random",21,581,12,31,1,253,144,1
80,419,50,0.7,0.15,0.5,0.1,1,1,5,100,"final","random",22,237,5,37,1,253,148,1
80,419,50,0.7,0.15,0.5,0.1,1,1,5,100,"final","random",22,237,5,37,1,253,238,1
80,419,50,0.7,0.15,0.5,0.1,1,1,5,100,"final","random",22,237,5,37,1,253,262,1
80,419,50,0.7,0.15,0.5,0.1,1,1,5,100,"final","random",22,237,5,37,1,253,267,1
80,419,50,0.7,0.15,0.5,0.1,1,1,5,100,"final","random",22,237,5,37,1,253,281,1
80,419,50,0.7,0.15,0.5,0.1,1,1,5,100,"final","random",22,237,5,37,1,253,294,4
80,419,50,0.7,0.15,0.5,0.1,1,1,5,100,"final","random",22,237,5,37,1,253,302,1
80,419,50,0.7,0.15,0.5,0.1,1,1,5,100,"final","random",22,237,5,37,1,253,307,3
80,419,50,0.7,0.15,0.5,0.1,1,1,5,100,"final","random",22,237,5,37,1,253,308,1
80,419,50,0.7,0.15,0.5,0.1,1,1,5,100,"final","random",22,237,5,37,1,253,309,2
80,419,50,0.7,0.15,0.5,0.1,1,1,5,100,"final","random",22,237,5,37,1,253,339,1
80,419,50,0.7,0.15,0.5,0.1,1,1,5,100,"final","random",22,237,5,37,1,253,343,2
80,419,50,0.7,0.15,0.5,0.1,1,1,5,100,"final","random",22,237,5,37,1,253,347,2
80,419,50,0.7,0.15,0.5,0.1,1,1,5,100,"final","random",22,237,5,37,1,253,349,1
80,419,50,0.7,0.15,0.5,0.1,1,1,5,100,"final","random",22,237,5,37,1,253,355,1
80,419,50,0.7,0.15,0.5,0.1,1,1,5,100,"final","random",22,237,5,37,1,253,360,1
80,419,50,0.7,0.15,0.5,0.1,1,1,5,100,"final","random",22,237,5,37,1,253,366,2
80,419,50,0.7,0.15,0.5,0.1,1,1,5,100,"final","random",22,237,5,37,1,253,367,1
80,419,50,0.7,0.15,0.5,0.1,1,1,5,100,"final","random",22,237,5,37,1,253,379,1
80,419,50,0.7,0.15,0.5,0.1,1,1,5,100,"final","random",22,237,5,37,1,253,409,1
80,419,50,0.7,0.15,0.5,0.1,1,1,5,100,"final","random",22,237,5,37,1,253,433,1
80,419,50,0.7,0.15,0.5,0.1,1,1,5,100,"final","random",22,237,5,37,1,253,436,1
80,419,50,0.7,0.15,0.5,0.1,1,1,5,100,"final","random",22,237,5,37,1,253,446,1
80,419,50,0.7,0.15,0.5,0.1,1,1,5,100,"final","random",23,546,11,46,1,253,477,1
80,419,50,0.7,0.15,0.5,0.1,1,1,5,100,"final","random",23,546,11,46,1,253,483,1
80,419,50,0.7,0.15,0.5,0.1,1,1,5,100,"final","random",23,546,11,46,1,253,513,1
80,419,50,0.7,0.15,0.5,0.1,1,1,5,100,"final","random",23,546,11,46,1,253,571,1
80,419,50,0.7,0.15,0.5,0.1,1,1,5,100,"final","random",23,546,11,46,1,253,573,2
80,419,50,0.7,0.15,0.5,0.1,1,1,5,100,"final","random",23,546,11,46,1,253,574,1
80,419,50,0.7,0.15,0.5,0.1,1,1,5,100,"final","random",23,546,11,46,1,253,582,2
80,419,50,0.7,0.15,0.5,0.1,1,1,5,100,"final","random",24,1984,40,34,14,30,238,2
80,419,50,0.7,0.15,0.5,0.1,1,1,5,100,"final","random",24,1984,40,34,14,30,330,2
80,419,50,0.7,0.15,0.5,0.1,1,1,5,100,"final","random",24,1984,40,34,14,30,339,1
80,419,50,0.7,0.15,0.5,0.1,1,1,5,100,"final","random",24,1984,40,34,14,30,366,1
80,419,50,0.7,0.15,0.5,0.1,1,1,5,100,"final","random",24,1984,40,34,14,30,367,1
80,419,50,0.7,0.15,0.5,0.1,1,1,5,100,"final","random",24,1984,40,34,14,30,373,2
80,419,50,0.7,0.15,0.5,0.1,1,1,5,100,"final","random",24,1984,40,34,14,30,397,1
80,419,50,0.7,0.15,0.5,0.1,1,1,5,100,"final","random",24,1984,40,34,14,30,404,5
80,419,50,0.7,0.15,0.5,0.1,1,1,5,100,"final","random",24,1984,40,34,14,30,408,4
80,419,50,0.7,0.15,0.5,0.1,1,1,5,100,"final","random",24,1984,40,34,14,30,413,1
80,419,50,0.7,0.15,0.5,0.1,1,1,5,100,"final","random",24,1984,40,34,14,30,423,1
80,419,50,0.7,0.15,0.5,0.1,1,1,5,100,"final","random",24,1984,40,34,14,30,428,1
80,419,50,0.7,0.15,0.5,0.1,1,1,5,100,"final","random",24,1984,40,34,14,30,433,1
80,419,50,0.7,0.15,0.5,0.1,1,1,5,100,"final","random",24,1984,40,34,14,30,437,1
80,419,50,0.7,0.15,0.5,0.1,1,1,5,100,"final","random",25,1712,35,12,6,22,560,1
80,419,50,0.7,0.15,0.5,0.1,1,1,5,100,"final","random",25,1712,35,12,6,22,609,1
80,419,50,0.7,0.15,0.5,0.1,1,1,5,100,"final","random",25,1712,35,12,6,22,623,1
80,419,50,0.7,0.15,0.5,0.1,1,1,5,100,"final","random",25,1712,35,12,6,22,675,1
80,419,50,0.7,0.15,0.5,0.1,1,1,5,100,"final","random",26,240,5,40,1,253,343,1
80,419,50,0.7,0.15,0.5,0.1,1,1,5,100,"final","random",26,240,5,40,1,253,349,2
80,419,50,0.7,0.15,0.5,0.1,1,1,5,100,"final","random",26,240,5,40,1,253,374,1
80,419,50,0.7,0.15,0.5,0.1,1,1,5,100,"final","random",26,240,5,40,1,253,379,1
80,419,50,0.7,0.15,0.5,0.1,1,1,5,100,"final","random",26,240,5,40,1,253,385,1
80,419,50,0.7,0.15,0.5,0.1,1,1,5,100,"final","random",26,240,5,40,1,253,387,1
80,419,50,0.7,0.15,0.5,0.1,1,1,5,100,"final","random",26,240,5,40,1,253,397,2
80,419,50,0.7,0.15,0.5,0.1,1,1,5,100,"final","random",26,240,5,40,1,253,399,1
80,419,50,0.7,0.15,0.5,0.1,1,1,5,100,"final","random",26,240,5,40,1,253,406,1
80,419,50,0.7,0.15,0.5,0.1,1,1,5,100,"final","random",26,240,5,40,1,253,413,1
80,419,50,0.7,0.15,0.5,0.1,1,1,5,100,"final","random",26,240,5,40,1,253,417,1
80,419,50,0.7,0.15,0.5,0.1,1,1,5,100,"final","random",26,240,5,40,1,253,420,2
80,419,50,0.7,0.15,0.5,0.1,1,1,5,100,"final","random",26,240,5,40,1,253,421,2
80,419,50,0.7,0.15,0.5,0.1,1,1,5,100,"final","random",26,240,5,40,1,253,432,1
80,419,50,0.7,0.15,0.5,0.1,1,1,5,100,"final","random",26,240,5,40,1,253,446,1
80,419,50,0.7,0.15,0.5,0.1,1,1,5,100,"final","random",26,240,5,40,1,253,469,1
80,419,50,0.7,0.15,0.5,0.1,1,1,5,100,"final","random",26,240,5,40,1,253,473,1
80,419,50,0.7,0.15,0.5,0.1,1,1,5,100,"final","random",26,240,5,40,1,253,476,1
80,419,50,0.7,0.15,0.5,0.1,1,1,5,100,"final","random",26,240,5,40,1,253,483,2
80,419,50,0.7,0.15,0.5,0.1,1,1,5,100,"final","random",26,240,5,40,1,253,487,1
80,419,50,0.7,0.15,0.5,0.1,1,1,5,100,"final","random",26,240,5,40,1,253,505,1
80,419,50,0.7,0.15,0.5,0.1,1,1,5,100,"final","random",26,240,5,40,1,253,533,1
80,419,50,0.7,0.15,0.5,0.1,1,1,5,100,"final","random",27,134,3,34,1,253,264,1
80,419,50,0.7,0.15,0.5,0.1,1,1,5,100,"final","random",27,134,3,34,1,253,276,1
80,419,50,0.7,0.15,0.5,0.1,1,1,5,100,"final","random",27,134,3,34,1,253,288,1
80,419,50,0.7,0.15,0.5,0.1,1,1,5,100,"final","random",27,134,3,34,1,253,307,2
80,419,50,0.7,0.15,0.5,0.1,1,1,5,100,"final","random",27,134,3,34,1,253,309,1
80,419,50,0.7,0.15,0.5,0.1,1,1,5,100,"final","random",27,134,3,34,1,253,311,1
80,419,50,0.7,0.15,0.5,0.1,1,1,5,100,"final","random",27,134,3,34,1,253,343,2
80,419,50,0.7,0.15,0.5,0.1,1,1,5,100,"final","random",27,134,3,34,1,253,349,1
80,419,50,0.7,0.15,0.5,0.1,1,1,5,100,"final","random",27,134,3,34,1,253,356,2
80,419,50,0.7,0.15,0.5,0.1,1,1,5,100,"final","random",27,134,3,34,1,253,358,1
80,419,50,0.7,0.15,0.5,0.1,1,1,5,100,"final","random",27,134,3,34,1,253,366,4
80,419,50,0.7,0.15,0.5,0.1,1,1,5,100,"final","random",27,134,3,34,1,253,379,1
80,419,50,0.7,0.15,0.5,0.1,1,1,5,100,"final","random",27,134,3,34,1,253,384,1
80,419,50,0.7,0.15,0.5,0.1,1,1,5,100,"final","random",27,134,3,34,1,253,388,1
80,419,50,0.7,0.15,0.5,0.1,1,1,5,100,"final","random",27,134,3,34,1,253,389,1
80,419,50,0.7,0.15,0.5,0.1,1,1,5,100,"final","random",27,134,3,34,1,253,392,1
80,419,50,0.7,0.15,0.5,0.1,1,1,5,100,"final","random",27,134,3,34,1,253,397,2
80,419,50,0.7,0.15,0.5,0.1,1,1,5,100,"final","random",27,134,3,34,1,253,404,1
80,419,50,0.7,0.15,0.5,0.1,1,1,5,100,"final","random",27,134,3,34,1,253,409,1
80,419,50,0.7,0.15,0.5,0.1,1,1,5,100,"final","random",27,134,3,34,1,253,420,1
80,419,50,0.7,0.15,0.5,0.1,1,1,5,100,"final","random",27,134,3,34,1,253,432,2
80,419,50,0.7,0.15,0.5,0.1,1,1,5,100,"final","random",27,134,3,34,1,253,437,1
80,419,50,0.7,0.15,0.5,0.1,1,1,5,100,"final","random",27,134,3,34,1,253,447,2
80,419,50,0.7,0.15,0.5,0.1,1,1,5,100,"final","random",27,134,3,34,1,253,452,1
80,419,50,0.7,0.15,0.5,0.1,1,1,5,100,"final","random",27,134,3,34,1,253,465,1
80,419,50,0.7,0.15,0.5,0.1,1,1,5,100,"final","random",27,134,3,34,1,253,485,1
80,419,50,0.7,0.15,0.5,0.1,1,1,5,100,"final","random",28,2084,42,34,14,30,307,1
80,419,50,0.7,0.15,0.5,0.1,1,1,5,100,"final","random",28,2084,42,34,14,30,330,1
80,419,50,0.7,0.15,0.5,0.1,1,1,5,100,"final","random",28,2084,42,34,14,30,332,1
80,419,50,0.7,0.15,0.5,0.1,1,1,5,100,"final","random",28,2084,42,34,14,30,341,1
80,419,50,0.7,0.15,0.5,0.1,1,1,5,100,"final","random",28,2084,42,34,14,30,355,4
80,419,50,0.7,0.15,0.5,0.1,1,1,5,100,"final","random",28,2084,42,34,14,30,374,1
80,419,50,0.7,0.15,0.5,0.1,1,1,5,100,"final","random",28,2084,42,34,14,30,379,3
80,419,50,0.7,0.15,0.5,0.1,1,1,5,100,"final","random",28,2084,42,34,14,30,382,2
80,419,50,0.7,0.15,0.5,0.1,1,1,5,100,"final","random",28,2084,42,34,14,30,392,1
80,419,50,0.7,0.15,0.5,0.1,1,1,5,100,"final","random",28,2084,42,34,14,30,397,2
80,419,50,0.7,0.15,0.5,0.1,1,1,5,100,"final","random",28,2084,42,34,14,30,401,3
80,419,50,0.7,0.15,0.5,0.1,1,1,5,100,"final","random",28,2084,42,34,14,30,404,5
80,419,50,0.7,0.15,0.5,0.1,1,1,5,100,"final","random",28,2084,42,34,14,30,405,1
80,419,50,0.7,0.15,0.5,0.1,1,1,5,100,"final","random",28,2084,42,34,14,30,409,1
80,419,50,0.7,0.15,0.5,0.1,1,1,5,100,"final","random",28,2084,42,34,14,30,413,1
80,419,50,0.7,0.15,0.5,0.1,1,1,5,100,"final","random",28,2084,42,34,14,30,417,1
80,419,50,0.7,0.15,0.5,0.1,1,1,5,100,"final","random",28,2084,42,34,14,30,426,1
80,419,50,0.7,0.15,0.5,0.1,1,1,5,100,"final","random",28,2084,42,34,14,30,431,1
80,419,50,0.7,0.15,0.5,0.1,1,1,5,100,"final","random",28,2084,42,34,14,30,439,1
80,419,50,0.7,0.15,0.5,0.1,1,1,5,100,"final","random",29,327,7,27,1,253,125,1
80,419,50,0.7,0.15,0.5,0.1,1,1,5,100,"final","random",29,327,7,27,1,253,203,1
80,419,50,0.7,0.15,0.5,0.1,1,1,5,100,"final","random",29,327,7,27,1,253,238,1
80,419,50,0.7,0.15,0.5,0.1,1,1,5,100,"final","random",29,327,7,27,1,253,249,2
80,419,50,0.7,0.15,0.5,0.1,1,1,5,100,"final","random",29,327,7,27,1,253,274,1
80,419,50,0.7,0.15,0.5,0.1,1,1,5,100,"final","random",29,327,7,27,1,253,288,1
80,419,50,0.7,0.15,0.5,0.1,1,1,5,100,"final","random",29,327,7,27,1,253,293,1
80,419,50,0.7,0.15,0.5,0.1,1,1,5,100,"final","random",29,327,7,27,1,253,294,1
80,419,50,0.7,0.15,0.5,0.1,1,1,5,100,"final","random",29,327,7,27,1,253,307,1
80,419,50,0.7,0.15,0.5,0.1,1,1,5,100,"final","random",29,327,7,27,1,253,308,1
80,419,50,0.7,0.15,0.5,0.1,1,1,5,100,"final","random",29,327,7,27,1,253,320,1
80,419,50,0.7,0.15,0.5,0.1,1,1,5,100,"final","random",29,327,7,27,1,253,329,1
80,419,50,0.7,0.15,0.5,0.1,1,1,5,100,"final","random",29,327,7,27,1,253,331,3
80,419,50,0.7,0.15,0.5,0.1,1,1,5,100,"final","random",29,327,7,27,1,253,337,1
80,419,50,0.7,0.15,0.5,0.1,1,1,5,100,"final","random",29,327,7,27,1,253,367,1
80,419,50,0.7,0.15,0.5,0.1,1,1,5,100,"final","random",29,327,7,27,1,253,382,1
80,419,50,0.7,0.15,0.5,0.1,1,1,5,100,"final","random",29,327,7,27,1,253,385,1
80,419,50,0.7,0.15,0.5,0.1,1,1,5,100,"final","random",29,327,7,27,1,253,413,1
80,419,50,0.7,0.15,0.5,0.1,1,1,5,100,"final","random",29,327,7,27,1,253,422,1
80,419,50,0.7,0.15,0.5,0.1,1,1,5,100,"final","random",29,327,7,27,1,253,431,1
80,419,50,0.7,0.15,0.5,0.1,1,1,5,100,"final","random",29,327,7,27,1,253,432,2
80,419,50,0.7,0.15,0.5,0.1,1,1,5,100,"final","random",29,327,7,27,1,253,442,1
80,419,50,0.7,0.15,0.5,0.1,1,1,5,100,"final","random",29,327,7,27,1,253,508,1
80,419,50,0.7,0.15,0.5,0.1,1,1,5,100,"final","random",30,2109,43,9,15,10,NA,NA
