sim_id,master_seed,grid_size,ac_amount,habitat,fragmentation,niche_breadth,edge_effect,dispersal,disp_dist,step,step_label,samp_method,sample_id,cell_id,x_loc,y_loc,patch_id,patch_size,species_id,n
110,541,50,0.7,1,NA,0.1,1,1,10,0,"start","random",1,730,15,30,1,2499,NA,NA
110,541,50,0.7,1,NA,0.1,1,1,10,0,"start","random",2,1350,27,50,1,2499,518,1
110,541,50,0.7,1,NA,0.1,1,1,10,0,"start","random",2,1350,27,50,1,2499,519,1
110,541,50,0.7,1,NA,0.1,1,1,10,0,"start","random",2,1350,27,50,1,2499,523,1
110,541,50,0.7,1,NA,0.1,1,1,10,0,"start","random",2,1350,27,50,1,2499,540,1
110,541,50,0.7,1,NA,0.1,1,1,10,0,"start","random",2,1350,27,50,1,2499,617,1
110,541,50,0.7,1,NA,0.1,1,1,10,0,"start","random",3,288,6,38,1,2499,NA,NA
110,541,50,0.7,1,NA,0.1,1,1,10,0,"start","random",4,2243,45,43,1,2499,582,1
110,541,50,0.7,1,NA,0.1,1,1,10,0,"start","random",5,15,1,15,1,2499,585,1
110,541,50,0.7,1,NA,0.1,1,1,10,0,"start","random",5,15,1,15,1,2499,702,1
110,541,50,0.7,1,NA,0.1,1,1,10,0,"start","random",6,1346,27,46,1,2499,454,1
110,541,50,0.7,1,NA,0.1,1,1,10,0,"start","random",6,1346,27,46,1,2499,563,1
110,541,50,0.7,1,NA,0.1,1,1,10,0,"start","random",7,2086,42,36,1,2499,376,1
110,541,50,0.7,1,NA,0.1,1,1,10,0,"start","random",7,2086,42,36,1,2499,443,1
110,541,50,0.7,1,NA,0.1,1,1,10,0,"start","random",7,2086,42,36,1,2499,475,1
110,541,50,0.7,1,NA,0.1,1,1,10,0,"start","random",7,2086,42,36,1,2499,492,1
110,541,50,0.7,1,NA,0.1,1,1,10,0,"start","random",7,2086,42,36,1,2499,496,1
110,541,50,0.7,1,NA,0.1,1,1,10,0,"start","random",7,2086,42,36,1,2499,500,1
110,541,50,0.7,1,NA,0.1,1,1,10,0,"start","random",8,1709,35,9,1,2499,345,1
110,541,50,0.7,1,NA,0.1,1,1,10,0,"start","random",8,1709,35,9,1,2499,407,1
110,541,50,0.7,1,NA,0.1,1,1,10,0,"start","random",9,1381,28,31,1,2499,NA,NA
110,541,50,0.7,1,NA,0.1,1,1,10,0,"start","random",10,2383,48,33,1,2499,NA,NA
110,541,50,0.7,1,NA,0.1,1,1,10,0,"start","random",11,231,5,31,1,2499,NA,NA
110,541,50,0.7,1,NA,0.1,1,1,10,0,"start","random",12,1725,35,25,1,2499,174,1
110,541,50,0.7,1,NA,0.1,1,1,10,0,"start","random",12,1725,35,25,1,2499,205,1
110,541,50,0.7,1,NA,0.1,1,1,10,0,"start","random",12,1725,35,25,1,2499,230,1
110,541,50,0.7,1,NA,0.1,1,1,10,0,"start","random",13,1047,21,47,1,2499,394,1
110,541,50,0.7,1,NA,0.1,1,1,10,0,"start","random",13,1047,21,47,1,2499,464,1
110,541,50,0.7,1,NA,0.1,1,1,10,0,"start","random",14,1645,33,45,1,2499,559,1
110,541,50,0.7,1,NA,0.1,1,1,10,0,"start","random",14,1645,33,45,1,2499,591,1
110,541,50,0.7,1,NA,0.1,1,1,10,0,"start","random",15,969,20,19,1,2499,341,1
110,541,50,0.7,1,NA,0.1,1,1,10,0,"start","random",15,969,20,19,1,2499,371,1
110,541,50,0.7,1,NA,0.1,1,1,10,0,"start","random",16,1417,29,17,1,2499,11,1
110,541,50,0.7,1,NA,0.1,1,1,10,0,"start","random",16,1417,29,17,1,2499,69,1
110,541,50,0.7,1,NA,0.1,1,1,10,0,"start","random",16,1417,29,17,1,2499,75,1
110,541,50,0.7,1,NA,0.1,1,1,10,0,"start","random",16,1417,29,17,1,2499,77,1
110,541,50,0.7,1,NA,0.1,1,1,10,0,"start","random",16,1417,29,17,1,2499,82,1
110,541,50,0.7,1,NA,0.1,1,1,10,0,"start","random",17,2105,43,5,1,2499,867,1
110,541,50,0.7,1,NA,0.1,1,1,10,0,"start","random",17,2105,43,5,1,2499,875,1
110,541,50,0.7,1,NA,0.1,1,1,10,0,"start","random",17,2105,43,5,1,2499,880,1
110,541,50,0.7,1,NA,0.1,1,1,10,0,"start","random",17,2105,43,5,1,2499,900,1
110,541,50,0.7,1,NA,0.1,1,1,10,0,"start","random",17,2105,43,5,1,2499,932,1
110,541,50,0.7,1,NA,0.1,1,1,10,0,"start","random",17,2105,43,5,1,2499,942,1
110,541,50,0.7,1,NA,0.1,1,1,10,0,"start","random",17,2105,43,5,1,2499,943,1
110,541,50,0.7,1,NA,0.1,1,1,10,0,"start","random",17,2105,43,5,1,2499,954,1
110,541,50,0.7,1,NA,0.1,1,1,10,0,"start","random",17,2105,43,5,1,2499,956,1
110,541,50,0.7,1,NA,0.1,1,1,10,0,"start","random",17,2105,43,5,1,2499,966,1
110,541,50,0.7,1,NA,0.1,1,1,10,0,"start","random",17,2105,43,5,1,2499,983,1
110,541,50,0.7,1,NA,0.1,1,1,10,0,"start","random",17,2105,43,5,1,2499,987,1
110,541,50,0.7,1,NA,0.1,1,1,10,0,"start","random",17,2105,43,5,1,2499,989,1
110,541,50,0.7,1,NA,0.1,1,1,10,0,"start","random",17,2105,43,5,1,2499,990,1
110,541,50,0.7,1,NA,0.1,1,1,10,0,"start","random",17,2105,43,5,1,2499,995,1
110,541,50,0.7,1,NA,0.1,1,1,10,0,"start","random",18,996,20,46,1,2499,NA,NA
110,541,50,0.7,1,NA,0.1,1,1,10,0,"start","random",19,1078,22,28,1,2499,567,1
110,541,50,0.7,1,NA,0.1,1,1,10,0,"start","random",20,1139,23,39,1,2499,207,1
110,541,50,0.7,1,NA,0.1,1,1,10,0,"start","random",20,1139,23,39,1,2499,247,1
110,541,50,0.7,1,NA,0.1,1,1,10,0,"start","random",21,1535,31,35,1,2499,373,1
110,541,50,0.7,1,NA,0.1,1,1,10,0,"start","random",22,86,2,36,1,2499,NA,NA
110,541,50,0.7,1,NA,0.1,1,1,10,0,"start","random",23,1121,23,21,1,2499,271,1
110,541,50,0.7,1,NA,0.1,1,1,10,0,"start","random",23,1121,23,21,1,2499,315,1
110,541,50,0.7,1,NA,0.1,1,1,10,0,"start","random",23,1121,23,21,1,2499,362,1
110,541,50,0.7,1,NA,0.1,1,1,10,0,"start","random",24,1244,25,44,1,2499,371,1
110,541,50,0.7,1,NA,0.1,1,1,10,0,"start","random",25,1514,31,14,1,2499,43,1
110,541,50,0.7,1,NA,0.1,1,1,10,0,"start","random",25,1514,31,14,1,2499,85,1
110,541,50,0.7,1,NA,0.1,1,1,10,0,"start","random",25,1514,31,14,1,2499,93,1
110,541,50,0.7,1,NA,0.1,1,1,10,0,"start","random",25,1514,31,14,1,2499,94,1
110,541,50,0.7,1,NA,0.1,1,1,10,0,"start","random",25,1514,31,14,1,2499,127,1
110,541,50,0.7,1,NA,0.1,1,1,10,0,"start","random",26,1786,36,36,1,2499,611,1
110,541,50,0.7,1,NA,0.1,1,1,10,0,"start","random",27,120,3,20,1,2499,610,1
110,541,50,0.7,1,NA,0.1,1,1,10,0,"start","random",28,912,19,12,1,2499,46,1
110,541,50,0.7,1,NA,0.1,1,1,10,0,"start","random",28,912,19,12,1,2499,53,1
110,541,50,0.7,1,NA,0.1,1,1,10,0,"start","random",28,912,19,12,1,2499,58,1
110,541,50,0.7,1,NA,0.1,1,1,10,0,"start","random",28,912,19,12,1,2499,105,1
110,541,50,0.7,1,NA,0.1,1,1,10,0,"start","random",28,912,19,12,1,2499,202,1
110,541,50,0.7,1,NA,0.1,1,1,10,0,"start","random",29,238,5,38,1,2499,468,1
110,541,50,0.7,1,NA,0.1,1,1,10,0,"start","random",29,238,5,38,1,2499,643,1
110,541,50,0.7,1,NA,0.1,1,1,10,0,"start","random",30,169,4,19,1,2499,469,1
110,541,50,0.7,1,NA,0.1,1,1,10,0,"start","random",30,169,4,19,1,2499,639,1
110,541,50,0.7,1,NA,0.1,1,1,10,0,"start","random",30,169,4,19,1,2499,652,1
110,541,50,0.7,1,NA,0.1,1,1,10,40,"pre_fragmentation","random",1,1759,36,9,1,2499,100,1
110,541,50,0.7,1,NA,0.1,1,1,10,40,"pre_fragmentation","random",1,1759,36,9,1,2499,315,1
110,541,50,0.7,1,NA,0.1,1,1,10,40,"pre_fragmentation","random",1,1759,36,9,1,2499,331,1
110,541,50,0.7,1,NA,0.1,1,1,10,40,"pre_fragmentation","random",1,1759,36,9,1,2499,362,1
110,541,50,0.7,1,NA,0.1,1,1,10,40,"pre_fragmentation","random",1,1759,36,9,1,2499,378,1
110,541,50,0.7,1,NA,0.1,1,1,10,40,"pre_fragmentation","random",1,1759,36,9,1,2499,379,1
110,541,50,0.7,1,NA,0.1,1,1,10,40,"pre_fragmentation","random",1,1759,36,9,1,2499,388,2
110,541,50,0.7,1,NA,0.1,1,1,10,40,"pre_fragmentation","random",1,1759,36,9,1,2499,402,1
110,541,50,0.7,1,NA,0.1,1,1,10,40,"pre_fragmentation","random",1,1759,36,9,1,2499,407,1
110,541,50,0.7,1,NA,0.1,1,1,10,40,"pre_fragmentation","random",1,1759,36,9,1,2499,411,1
110,541,50,0.7,1,NA,0.1,1,1,10,40,"pre_fragmentation","random",1,1759,36,9,1,2499,423,1
110,541,50,0.7,1,NA,0.1,1,1,10,40,"pre_fragmentation","random",1,1759,36,9,1,2499,426,2
110,541,50,0.7,1,NA,0.1,1,1,10,40,"pre_fragmentation","random",1,1759,36,9,1,2499,427,1
110,541,50,0.7,1,NA,0.1,1,1,10,40,"pre_fragmentation","random",1,1759,36,9,1,2499,429,1
110,541,50,0.7,1,NA,0.1,1,1,10,40,"pre_fragmentation","random",1,1759,36,9,1,2499,432,2
110,541,50,0.7,1,NA,0.1,1,1,10,40,"pre_fragmentation","random",1,1759,36,9,1,2499,445,1
110,541,50,0.7,1,NA,0.1,1,1,10,40,"pre_fragmentation","random",1,1759,36,9,1,2499,448,2
110,541,50,0.7,1,NA,0.1,1,1,10,40,"pre_fragmentation","random",1,1759,36,9,1,2499,455,1
110,541,50,0.7,1,NA,0.1,1,1,10,40,"pre_fragmentation","random",1,1759,36,9,1,2499,462,1
110,541,50,0.7,1,NA,0.1,1,1,10,40,"pre_fragmentation","random",1,1759,36,9,1,2499,463,1
110,541,50,0.7,1,NA,0.1,1,1,10,40,"pre_fragmentation","random",1,1759,36,9,1,2499,469,1
110,541,50,0.7,1,NA,0.1,1,1,10,40,"pre_fragmentation","random",1,1759,36,9,1,2499,485,1
110,541,50,0.7,1,NA,0.1,1,1,10,40,"pre_fragmentation","random",1,1759,36,9,1,2499,486,1
110,541,50,0.7,1,NA,0.1,1,1,10,40,"pre_fragmentation","random",1,1759,36,9,1,2499,488,2
110,541,50,0.7,1,NA,0.1,1,1,10,40,"pre_fragmentation","random",1,1759,36,9,1,2499,492,1
110,541,50,0.7,1,NA,0.1,1,1,10,40,"pre_fragmentation","random",1,1759,36,9,1,2499,500,1
110,541,50,0.7,1,NA,0.1,1,1,10,40,"pre_fragmentation","random",1,1759,36,9,1,2499,525,1
110,541,50,0.7,1,NA,0.1,1,1,10,40,"pre_fragmentation","random",1,1759,36,9,1,2499,530,1
110,541,50,0.7,1,NA,0.1,1,1,10,40,"pre_fragmentation","random",1,1759,36,9,1,2499,535,1
110,541,50,0.7,1,NA,0.1,1,1,10,40,"pre_fragmentation","random",1,1759,36,9,1,2499,538,1
110,541,50,0.7,1,NA,0.1,1,1,10,40,"pre_fragmentation","random",1,1759,36,9,1,2499,544,1
110,541,50,0.7,1,NA,0.1,1,1,10,40,"pre_fragmentation","random",1,1759,36,9,1,2499,550,2
110,541,50,0.7,1,NA,0.1,1,1,10,40,"pre_fragmentation","random",1,1759,36,9,1,2499,562,1
110,541,50,0.7,1,NA,0.1,1,1,10,40,"pre_fragmentation","random",1,1759,36,9,1,2499,583,1
110,541,50,0.7,1,NA,0.1,1,1,10,40,"pre_fragmentation","random",1,1759,36,9,1,2499,601,1
110,541,50,0.7,1,NA,0.1,1,1,10,40,"pre_fragmentation","random",2,387,8,37,1,2499,391,1
110,541,50,0.7,1,NA,0.1,1,1,10,40,"pre_fragmentation","random",2,387,8,37,1,2499,400,1
110,541,50,0.7,1,NA,0.1,1,1,10,40,"pre_fragmentation","random",2,387,8,37,1,2499,417,1
110,541,50,0.7,1,NA,0.1,1,1,10,40,"pre_fragmentation","random",2,387,8,37,1,2499,423,1
110,541,50,0.7,1,NA,0.1,1,1,10,40,"pre_fragmentation","random",2,387,8,37,1,2499,481,1
110,541,50,0.7,1,NA,0.1,1,1,10,40,"pre_fragmentation","random",2,387,8,37,1,2499,490,1
110,541,50,0.7,1,NA,0.1,1,1,10,40,"pre_fragmentation","random",2,387,8,37,1,2499,494,1
110,541,50,0.7,1,NA,0.1,1,1,10,40,"pre_fragmentation","random",2,387,8,37,1,2499,507,1
110,541,50,0.7,1,NA,0.1,1,1,10,40,"pre_fragmentation","random",2,387,8,37,1,2499,513,1
110,541,50,0.7,1,NA,0.1,1,1,10,40,"pre_fragmentation","random",2,387,8,37,1,2499,518,1
110,541,50,0.7,1,NA,0.1,1,1,10,40,"pre_fragmentation","random",2,387,8,37,1,2499,528,1
110,541,50,0.7,1,NA,0.1,1,1,10,40,"pre_fragmentation","random",2,387,8,37,1,2499,546,1
110,541,50,0.7,1,NA,0.1,1,1,10,40,"pre_fragmentation","random",2,387,8,37,1,2499,548,2
110,541,50,0.7,1,NA,0.1,1,1,10,40,"pre_fragmentation","random",2,387,8,37,1,2499,550,1
110,541,50,0.7,1,NA,0.1,1,1,10,40,"pre_fragmentation","random",2,387,8,37,1,2499,552,1
110,541,50,0.7,1,NA,0.1,1,1,10,40,"pre_fragmentation","random",2,387,8,37,1,2499,557,1
110,541,50,0.7,1,NA,0.1,1,1,10,40,"pre_fragmentation","random",2,387,8,37,1,2499,562,2
110,541,50,0.7,1,NA,0.1,1,1,10,40,"pre_fragmentation","random",2,387,8,37,1,2499,565,1
110,541,50,0.7,1,NA,0.1,1,1,10,40,"pre_fragmentation","random",2,387,8,37,1,2499,580,1
110,541,50,0.7,1,NA,0.1,1,1,10,40,"pre_fragmentation","random",2,387,8,37,1,2499,588,1
110,541,50,0.7,1,NA,0.1,1,1,10,40,"pre_fragmentation","random",2,387,8,37,1,2499,591,2
110,541,50,0.7,1,NA,0.1,1,1,10,40,"pre_fragmentation","random",2,387,8,37,1,2499,592,1
110,541,50,0.7,1,NA,0.1,1,1,10,40,"pre_fragmentation","random",2,387,8,37,1,2499,595,2
110,541,50,0.7,1,NA,0.1,1,1,10,40,"pre_fragmentation","random",2,387,8,37,1,2499,598,1
110,541,50,0.7,1,NA,0.1,1,1,10,40,"pre_fragmentation","random",2,387,8,37,1,2499,600,2
110,541,50,0.7,1,NA,0.1,1,1,10,40,"pre_fragmentation","random",2,387,8,37,1,2499,603,1
110,541,50,0.7,1,NA,0.1,1,1,10,40,"pre_fragmentation","random",2,387,8,37,1,2499,604,1
110,541,50,0.7,1,NA,0.1,1,1,10,40,"pre_fragmentation","random",2,387,8,37,1,2499,610,1
110,541,50,0.7,1,NA,0.1,1,1,10,40,"pre_fragmentation","random",2,387,8,37,1,2499,612,2
110,541,50,0.7,1,NA,0.1,1,1,10,40,"pre_fragmentation","random",2,387,8,37,1,2499,613,1
110,541,50,0.7,1,NA,0.1,1,1,10,40,"pre_fragmentation","random",2,387,8,37,1,2499,614,1
110,541,50,0.7,1,NA,0.1,1,1,10,40,"pre_fragmentation","random",2,387,8,37,1,2499,625,1
110,541,50,0.7,1,NA,0.1,1,1,10,40,"pre_fragmentation","random",2,387,8,37,1,2499,639,1
110,541,50,0.7,1,NA,0.1,1,1,10,40,"pre_fragmentation","random",3,1604,33,4,1,2499,380,1
110,541,50,0.7,1,NA,0.1,1,1,10,40,"pre_fragmentation","random",3,1604,33,4,1,2499,387,1
110,541,50,0.7,1,NA,0.1,1,1,10,40,"pre_fragmentation","random",3,1604,33,4,1,2499,389,2
110,541,50,0.7,1,NA,0.1,1,1,10,40,"pre_fragmentation","random",3,1604,33,4,1,2499,427,1
110,541,50,0.7,1,NA,0.1,1,1,10,40,"pre_fragmentation","random",3,1604,33,4,1,2499,438,1
110,541,50,0.7,1,NA,0.1,1,1,10,40,"pre_fragmentation","random",3,1604,33,4,1,2499,448,1
110,541,50,0.7,1,NA,0.1,1,1,10,40,"pre_fragmentation","random",3,1604,33,4,1,2499,452,1
110,541,50,0.7,1,NA,0.1,1,1,10,40,"pre_fragmentation","random",3,1604,33,4,1,2499,458,2
110,541,50,0.7,1,NA,0.1,1,1,10,40,"pre_fragmentation","random",3,1604,33,4,1,2499,472,1
110,541,50,0.7,1,NA,0.1,1,1,10,40,"pre_fragmentation","random",3,1604,33,4,1,2499,480,1
110,541,50,0.7,1,NA,0.1,1,1,10,40,"pre_fragmentation","random",3,1604,33,4,1,2499,481,2
110,541,50,0.7,1,NA,0.1,1,1,10,40,"pre_fragmentation","random",3,1604,33,4,1,2499,486,1
110,541,50,0.7,1,NA,0.1,1,1,10,40,"pre_fragmentation","random",3,1604,33,4,1,2499,488,1
110,541,50,0.7,1,NA,0.1,1,1,10,40,"pre_fragmentation","random",3,1604,33,4,1,2499,490,2
110,541,50,0.7,1,NA,0.1,1,1,10,40,"pre_fragmentation","random",3,1604,33,4,1,2499,491,1
110,541,50,0.7,1,NA,0.1,1,1,10,40,"pre_fragmentation","random",3,1604,33,4,1,2499,497,1
110,541,50,0.7,1,NA,0.1,1,1,10,40,"pre_fragmentation","random",3,1604,33,4,1,2499,498,2
110,541,50,0.7,1,NA,0.1,1,1,10,40,"pre_fragmentation","random",3,1604,33,4,1,2499,502,1
110,541,50,0.7,1,NA,0.1,1,1,10,40,"pre_fragmentation","random",3,1604,33,4,1,2499,505,1
110,541,50,0.7,1,NA,0.1,1,1,10,40,"pre_fragmentation","random",3,1604,33,4,1,2499,507,2
110,541,50,0.7,1,NA,0.1,1,1,10,40,"pre_fragmentation","random",3,1604,33,4,1,2499,513,1
110,541,50,0.7,1,NA,0.1,1,1,10,40,"pre_fragmentation","random",3,1604,33,4,1,2499,517,1
110,541,50,0.7,1,NA,0.1,1,1,10,40,"pre_fragmentation","random",3,1604,33,4,1,2499,548,1
110,541,50,0.7,1,NA,0.1,1,1,10,40,"pre_fragmentation","random",3,1604,33,4,1,2499,550,1
110,541,50,0.7,1,NA,0.1,1,1,10,40,"pre_fragmentation","random",3,1604,33,4,1,2499,553,1
110,541,50,0.7,1,NA,0.1,1,1,10,40,"pre_fragmentation","random",3,1604,33,4,1,2499,554,1
110,541,50,0.7,1,NA,0.1,1,1,10,40,"pre_fragmentation","random",3,1604,33,4,1,2499,556,1
110,541,50,0.7,1,NA,0.1,1,1,10,40,"pre_fragmentation","random",3,1604,33,4,1,2499,562,1
110,541,50,0.7,1,NA,0.1,1,1,10,40,"pre_fragmentation","random",3,1604,33,4,1,2499,564,2
110,541,50,0.7,1,NA,0.1,1,1,10,40,"pre_fragmentation","random",3,1604,33,4,1,2499,568,2
110,541,50,0.7,1,NA,0.1,1,1,10,40,"pre_fragmentation","random",3,1604,33,4,1,2499,581,1
110,541,50,0.7,1,NA,0.1,1,1,10,40,"pre_fragmentation","random",3,1604,33,4,1,2499,586,1
110,541,50,0.7,1,NA,0.1,1,1,10,40,"pre_fragmentation","random",4,1715,35,15,1,2499,103,1
110,541,50,0.7,1,NA,0.1,1,1,10,40,"pre_fragmentation","random",4,1715,35,15,1,2499,107,1
110,541,50,0.7,1,NA,0.1,1,1,10,40,"pre_fragmentation","random",4,1715,35,15,1,2499,189,1
110,541,50,0.7,1,NA,0.1,1,1,10,40,"pre_fragmentation","random",4,1715,35,15,1,2499,379,2
110,541,50,0.7,1,NA,0.1,1,1,10,40,"pre_fragmentation","random",5,234,5,34,1,2499,484,1
110,541,50,0.7,1,NA,0.1,1,1,10,40,"pre_fragmentation","random",5,234,5,34,1,2499,496,1
110,541,50,0.7,1,NA,0.1,1,1,10,40,"pre_fragmentation","random",5,234,5,34,1,2499,500,1
110,541,50,0.7,1,NA,0.1,1,1,10,40,"pre_fragmentation","random",5,234,5,34,1,2499,501,1
110,541,50,0.7,1,NA,0.1,1,1,10,40,"pre_fragmentation","random",5,234,5,34,1,2499,505,1
110,541,50,0.7,1,NA,0.1,1,1,10,40,"pre_fragmentation","random",5,234,5,34,1,2499,507,1
110,541,50,0.7,1,NA,0.1,1,1,10,40,"pre_fragmentation","random",5,234,5,34,1,2499,517,1
110,541,50,0.7,1,NA,0.1,1,1,10,40,"pre_fragmentation","random",5,234,5,34,1,2499,544,4
110,541,50,0.7,1,NA,0.1,1,1,10,40,"pre_fragmentation","random",5,234,5,34,1,2499,553,1
110,541,50,0.7,1,NA,0.1,1,1,10,40,"pre_fragmentation","random",5,234,5,34,1,2499,562,2
110,541,50,0.7,1,NA,0.1,1,1,10,40,"pre_fragmentation","random",5,234,5,34,1,2499,563,1
110,541,50,0.7,1,NA,0.1,1,1,10,40,"pre_fragmentation","random",5,234,5,34,1,2499,565,1
110,541,50,0.7,1,NA,0.1,1,1,10,40,"pre_fragmentation","random",5,234,5,34,1,2499,572,2
110,541,50,0.7,1,NA,0.1,1,1,10,40,"pre_fragmentation","random",5,234,5,34,1,2499,579,1
110,541,50,0.7,1,NA,0.1,1,1,10,40,"pre_fragmentation","random",5,234,5,34,1,2499,581,1
110,541,50,0.7,1,NA,0.1,1,1,10,40,"pre_fragmentation","random",5,234,5,34,1,2499,590,1
110,541,50,0.7,1,NA,0.1,1,1,10,40,"pre_fragmentation","random",5,234,5,34,1,2499,593,1
110,541,50,0.7,1,NA,0.1,1,1,10,40,"pre_fragmentation","random",5,234,5,34,1,2499,598,1
110,541,50,0.7,1,NA,0.1,1,1,10,40,"pre_fragmentation","random",5,234,5,34,1,2499,604,1
110,541,50,0.7,1,NA,0.1,1,1,10,40,"pre_fragmentation","random",5,234,5,34,1,2499,609,1
110,541,50,0.7,1,NA,0.1,1,1,10,40,"pre_fragmentation","random",5,234,5,34,1,2499,617,1
110,541,50,0.7,1,NA,0.1,1,1,10,40,"pre_fragmentation","random",5,234,5,34,1,2499,618,2
110,541,50,0.7,1,NA,0.1,1,1,10,40,"pre_fragmentation","random",5,234,5,34,1,2499,628,1
110,541,50,0.7,1,NA,0.1,1,1,10,40,"pre_fragmentation","random",5,234,5,34,1,2499,636,1
110,541,50,0.7,1,NA,0.1,1,1,10,40,"pre_fragmentation","random",5,234,5,34,1,2499,637,1
110,541,50,0.7,1,NA,0.1,1,1,10,40,"pre_fragmentation","random",5,234,5,34,1,2499,646,1
110,541,50,0.7,1,NA,0.1,1,1,10,40,"pre_fragmentation","random",5,234,5,34,1,2499,748,1
110,541,50,0.7,1,NA,0.1,1,1,10,40,"pre_fragmentation","random",6,2451,50,1,1,2499,490,1
110,541,50,0.7,1,NA,0.1,1,1,10,40,"pre_fragmentation","random",6,2451,50,1,1,2499,591,1
110,541,50,0.7,1,NA,0.1,1,1,10,40,"pre_fragmentation","random",6,2451,50,1,1,2499,595,1
110,541,50,0.7,1,NA,0.1,1,1,10,40,"pre_fragmentation","random",6,2451,50,1,1,2499,601,1
110,541,50,0.7,1,NA,0.1,1,1,10,40,"pre_fragmentation","random",6,2451,50,1,1,2499,606,1
110,541,50,0.7,1,NA,0.1,1,1,10,40,"pre_fragmentation","random",6,2451,50,1,1,2499,609,1
110,541,50,0.7,1,NA,0.1,1,1,10,40,"pre_fragmentation","random",6,2451,50,1,1,2499,628,1
110,541,50,0.7,1,NA,0.1,1,1,10,40,"pre_fragmentation","random",6,2451,50,1,1,2499,633,1
110,541,50,0.7,1,NA,0.1,1,1,10,40,"pre_fragmentation","random",6,2451,50,1,1,2499,651,1
110,541,50,0.7,1,NA,0.1,1,1,10,40,"pre_fragmentation","random",6,2451,50,1,1,2499,662,1
110,541,50,0.7,1,NA,0.1,1,1,10,40,"pre_fragmentation","random",6,2451,50,1,1,2499,670,1
110,541,50,0.7,1,NA,0.1,1,1,10,40,"pre_fragmentation","random",6,2451,50,1,1,2499,673,2
110,541,50,0.7,1,NA,0.1,1,1,10,40,"pre_fragmentation","random",6,2451,50,1,1,2499,678,1
110,541,50,0.7,1,NA,0.1,1,1,10,40,"pre_fragmentation","random",6,2451,50,1,1,2499,701,2
110,541,50,0.7,1,NA,0.1,1,1,10,40,"pre_fragmentation","random",6,2451,50,1,1,2499,704,1
110,541,50,0.7,1,NA,0.1,1,1,10,40,"pre_fragmentation","random",6,2451,50,1,1,2499,714,1
110,541,50,0.7,1,NA,0.1,1,1,10,40,"pre_fragmentation","random",6,2451,50,1,1,2499,762,1
110,541,50,0.7,1,NA,0.1,1,1,10,40,"pre_fragmentation","random",6,2451,50,1,1,2499,798,1
110,541,50,0.7,1,NA,0.1,1,1,10,40,"pre_fragmentation","random",6,2451,50,1,1,2499,823,1
110,541,50,0.7,1,NA,0.1,1,1,10,40,"pre_fragmentation","random",6,2451,50,1,1,2499,840,2
110,541,50,0.7,1,NA,0.1,1,1,10,40,"pre_fragmentation","random",6,2451,50,1,1,2499,864,2
110,541,50,0.7,1,NA,0.1,1,1,10,40,"pre_fragmentation","random",6,2451,50,1,1,2499,875,1
110,541,50,0.7,1,NA,0.1,1,1,10,40,"pre_fragmentation","random",7,220,5,20,1,2499,372,1
110,541,50,0.7,1,NA,0.1,1,1,10,40,"pre_fragmentation","random",7,220,5,20,1,2499,377,1
110,541,50,0.7,1,NA,0.1,1,1,10,40,"pre_fragmentation","random",7,220,5,20,1,2499,380,1
110,541,50,0.7,1,NA,0.1,1,1,10,40,"pre_fragmentation","random",7,220,5,20,1,2499,445,1
110,541,50,0.7,1,NA,0.1,1,1,10,40,"pre_fragmentation","random",7,220,5,20,1,2499,464,2
110,541,50,0.7,1,NA,0.1,1,1,10,40,"pre_fragmentation","random",7,220,5,20,1,2499,470,1
110,541,50,0.7,1,NA,0.1,1,1,10,40,"pre_fragmentation","random",7,220,5,20,1,2499,484,2
110,541,50,0.7,1,NA,0.1,1,1,10,40,"pre_fragmentation","random",7,220,5,20,1,2499,486,1
110,541,50,0.7,1,NA,0.1,1,1,10,40,"pre_fragmentation","random",7,220,5,20,1,2499,490,2
110,541,50,0.7,1,NA,0.1,1,1,10,40,"pre_fragmentation","random",7,220,5,20,1,2499,491,1
110,541,50,0.7,1,NA,0.1,1,1,10,40,"pre_fragmentation","random",7,220,5,20,1,2499,500,2
110,541,50,0.7,1,NA,0.1,1,1,10,40,"pre_fragmentation","random",7,220,5,20,1,2499,507,1
110,541,50,0.7,1,NA,0.1,1,1,10,40,"pre_fragmentation","random",7,220,5,20,1,2499,522,1
110,541,50,0.7,1,NA,0.1,1,1,10,40,"pre_fragmentation","random",7,220,5,20,1,2499,535,1
110,541,50,0.7,1,NA,0.1,1,1,10,40,"pre_fragmentation","random",7,220,5,20,1,2499,537,3
110,541,50,0.7,1,NA,0.1,1,1,10,40,"pre_fragmentation","random",7,220,5,20,1,2499,544,2
110,541,50,0.7,1,NA,0.1,1,1,10,40,"pre_fragmentation","random",7,220,5,20,1,2499,548,1
110,541,50,0.7,1,NA,0.1,1,1,10,40,"pre_fragmentation","random",7,220,5,20,1,2499,549,1
110,541,50,0.7,1,NA,0.1,1,1,10,40,"pre_fragmentation","random",7,220,5,20,1,2499,550,1
110,541,50,0.7,1,NA,0.1,1,1,10,40,"pre_fragmentation","random",7,220,5,20,1,2499,554,1
110,541,50,0.7,1,NA,0.1,1,1,10,40,"pre_fragmentation","random",7,220,5,20,1,2499,579,1
110,541,50,0.7,1,NA,0.1,1,1,10,40,"pre_fragmentation","random",7,220,5,20,1,2499,580,1
110,541,50,0.7,1,NA,0.1,1,1,10,40,"pre_fragmentation","random",7,220,5,20,1,2499,594,1
110,541,50,0.7,1,NA,0.1,1,1,10,40,"pre_fragmentation","random",7,220,5,20,1,2499,597,1
110,541,50,0.7,1,NA,0.1,1,1,10,40,"pre_fragmentation","random",7,220,5,20,1,2499,598,2
110,541,50,0.7,1,NA,0.1,1,1,10,40,"pre_fragmentation","random",7,220,5,20,1,2499,601,1
110,541,50,0.7,1,NA,0.1,1,1,10,40,"pre_fragmentation","random",7,220,5,20,1,2499,602,1
110,541,50,0.7,1,NA,0.1,1,1,10,40,"pre_fragmentation","random",7,220,5,20,1,2499,605,1
110,541,50,0.7,1,NA,0.1,1,1,10,40,"pre_fragmentation","random",7,220,5,20,1,2499,629,1
110,541,50,0.7,1,NA,0.1,1,1,10,40,"pre_fragmentation","random",7,220,5,20,1,2499,772,1
110,541,50,0.7,1,NA,0.1,1,1,10,40,"pre_fragmentation","random",8,2231,45,31,1,2499,400,1
110,541,50,0.7,1,NA,0.1,1,1,10,40,"pre_fragmentation","random",8,2231,45,31,1,2499,425,1
110,541,50,0.7,1,NA,0.1,1,1,10,40,"pre_fragmentation","random",8,2231,45,31,1,2499,427,1
110,541,50,0.7,1,NA,0.1,1,1,10,40,"pre_fragmentation","random",8,2231,45,31,1,2499,439,1
110,541,50,0.7,1,NA,0.1,1,1,10,40,"pre_fragmentation","random",8,2231,45,31,1,2499,450,1
110,541,50,0.7,1,NA,0.1,1,1,10,40,"pre_fragmentation","random",8,2231,45,31,1,2499,458,1
110,541,50,0.7,1,NA,0.1,1,1,10,40,"pre_fragmentation","random",8,2231,45,31,1,2499,471,2
110,541,50,0.7,1,NA,0.1,1,1,10,40,"pre_fragmentation","random",8,2231,45,31,1,2499,474,1
110,541,50,0.7,1,NA,0.1,1,1,10,40,"pre_fragmentation","random",8,2231,45,31,1,2499,481,2
110,541,50,0.7,1,NA,0.1,1,1,10,40,"pre_fragmentation","random",8,2231,45,31,1,2499,484,1
110,541,50,0.7,1,NA,0.1,1,1,10,40,"pre_fragmentation","random",8,2231,45,31,1,2499,489,1
110,541,50,0.7,1,NA,0.1,1,1,10,40,"pre_fragmentation","random",8,2231,45,31,1,2499,496,2
110,541,50,0.7,1,NA,0.1,1,1,10,40,"pre_fragmentation","random",8,2231,45,31,1,2499,497,1
110,541,50,0.7,1,NA,0.1,1,1,10,40,"pre_fragmentation","random",8,2231,45,31,1,2499,498,2
110,541,50,0.7,1,NA,0.1,1,1,10,40,"pre_fragmentation","random",8,2231,45,31,1,2499,500,1
110,541,50,0.7,1,NA,0.1,1,1,10,40,"pre_fragmentation","random",8,2231,45,31,1,2499,525,1
110,541,50,0.7,1,NA,0.1,1,1,10,40,"pre_fragmentation","random",8,2231,45,31,1,2499,537,1
110,541,50,0.7,1,NA,0.1,1,1,10,40,"pre_fragmentation","random",8,2231,45,31,1,2499,547,1
110,541,50,0.7,1,NA,0.1,1,1,10,40,"pre_fragmentation","random",8,2231,45,31,1,2499,548,3
110,541,50,0.7,1,NA,0.1,1,1,10,40,"pre_fragmentation","random",8,2231,45,31,1,2499,550,1
110,541,50,0.7,1,NA,0.1,1,1,10,40,"pre_fragmentation","random",8,2231,45,31,1,2499,562,2
110,541,50,0.7,1,NA,0.1,1,1,10,40,"pre_fragmentation","random",8,2231,45,31,1,2499,564,1
110,541,50,0.7,1,NA,0.1,1,1,10,40,"pre_fragmentation","random",8,2231,45,31,1,2499,568,1
110,541,50,0.7,1,NA,0.1,1,1,10,40,"pre_fragmentation","random",8,2231,45,31,1,2499,579,1
110,541,50,0.7,1,NA,0.1,1,1,10,40,"pre_fragmentation","random",8,2231,45,31,1,2499,583,1
110,541,50,0.7,1,NA,0.1,1,1,10,40,"pre_fragmentation","random",8,2231,45,31,1,2499,589,1
110,541,50,0.7,1,NA,0.1,1,1,10,40,"pre_fragmentation","random",8,2231,45,31,1,2499,594,1
110,541,50,0.7,1,NA,0.1,1,1,10,40,"pre_fragmentation","random",8,2231,45,31,1,2499,597,1
110,541,50,0.7,1,NA,0.1,1,1,10,40,"pre_fragmentation","random",8,2231,45,31,1,2499,602,1
110,541,50,0.7,1,NA,0.1,1,1,10,40,"pre_fragmentation","random",8,2231,45,31,1,2499,604,1
110,541,50,0.7,1,NA,0.1,1,1,10,40,"pre_fragmentation","random",8,2231,45,31,1,2499,639,1
110,541,50,0.7,1,NA,0.1,1,1,10,40,"pre_fragmentation","random",8,2231,45,31,1,2499,656,1
110,541,50,0.7,1,NA,0.1,1,1,10,40,"pre_fragmentation","random",8,2231,45,31,1,2499,676,1
110,541,50,0.7,1,NA,0.1,1,1,10,40,"pre_fragmentation","random",9,1716,35,16,1,2499,71,1
110,541,50,0.7,1,NA,0.1,1,1,10,40,"pre_fragmentation","random",9,1716,35,16,1,2499,73,1
110,541,50,0.7,1,NA,0.1,1,1,10,40,"pre_fragmentation","random",9,1716,35,16,1,2499,106,1
110,541,50,0.7,1,NA,0.1,1,1,10,40,"pre_fragmentation","random",9,1716,35,16,1,2499,107,1
110,541,50,0.7,1,NA,0.1,1,1,10,40,"pre_fragmentation","random",9,1716,35,16,1,2499,119,1
110,541,50,0.7,1,NA,0.1,1,1,10,40,"pre_fragmentation","random",9,1716,35,16,1,2499,238,1
110,541,50,0.7,1,NA,0.1,1,1,10,40,"pre_fragmentation","random",9,1716,35,16,1,2499,415,1
110,541,50,0.7,1,NA,0.1,1,1,10,40,"pre_fragmentation","random",10,2334,47,34,1,2499,438,1
110,541,50,0.7,1,NA,0.1,1,1,10,40,"pre_fragmentation","random",10,2334,47,34,1,2499,465,1
110,541,50,0.7,1,NA,0.1,1,1,10,40,"pre_fragmentation","random",10,2334,47,34,1,2499,477,1
110,541,50,0.7,1,NA,0.1,1,1,10,40,"pre_fragmentation","random",10,2334,47,34,1,2499,478,2
110,541,50,0.7,1,NA,0.1,1,1,10,40,"pre_fragmentation","random",10,2334,47,34,1,2499,481,1
110,541,50,0.7,1,NA,0.1,1,1,10,40,"pre_fragmentation","random",10,2334,47,34,1,2499,483,1
110,541,50,0.7,1,NA,0.1,1,1,10,40,"pre_fragmentation","random",10,2334,47,34,1,2499,486,1
110,541,50,0.7,1,NA,0.1,1,1,10,40,"pre_fragmentation","random",10,2334,47,34,1,2499,491,2
110,541,50,0.7,1,NA,0.1,1,1,10,40,"pre_fragmentation","random",10,2334,47,34,1,2499,500,1
110,541,50,0.7,1,NA,0.1,1,1,10,40,"pre_fragmentation","random",10,2334,47,34,1,2499,507,1
110,541,50,0.7,1,NA,0.1,1,1,10,40,"pre_fragmentation","random",10,2334,47,34,1,2499,524,1
110,541,50,0.7,1,NA,0.1,1,1,10,40,"pre_fragmentation","random",10,2334,47,34,1,2499,525,1
110,541,50,0.7,1,NA,0.1,1,1,10,40,"pre_fragmentation","random",10,2334,47,34,1,2499,530,1
110,541,50,0.7,1,NA,0.1,1,1,10,40,"pre_fragmentation","random",10,2334,47,34,1,2499,543,1
110,541,50,0.7,1,NA,0.1,1,1,10,40,"pre_fragmentation","random",10,2334,47,34,1,2499,548,1
110,541,50,0.7,1,NA,0.1,1,1,10,40,"pre_fragmentation","random",10,2334,47,34,1,2499,549,1
110,541,50,0.7,1,NA,0.1,1,1,10,40,"pre_fragmentation","random",10,2334,47,34,1,2499,551,1
110,541,50,0.7,1,NA,0.1,1,1,10,40,"pre_fragmentation","random",10,2334,47,34,1,2499,554,1
110,541,50,0.7,1,NA,0.1,1,1,10,40,"pre_fragmentation","random",10,2334,47,34,1,2499,557,1
110,541,50,0.7,1,NA,0.1,1,1,10,40,"pre_fragmentation","random",10,2334,47,34,1,2499,562,1
110,541,50,0.7,1,NA,0.1,1,1,10,40,"pre_fragmentation","random",10,2334,47,34,1,2499,563,1
110,541,50,0.7,1,NA,0.1,1,1,10,40,"pre_fragmentation","random",10,2334,47,34,1,2499,579,2
110,541,50,0.7,1,NA,0.1,1,1,10,40,"pre_fragmentation","random",10,2334,47,34,1,2499,580,1
110,541,50,0.7,1,NA,0.1,1,1,10,40,"pre_fragmentation","random",10,2334,47,34,1,2499,581,1
110,541,50,0.7,1,NA,0.1,1,1,10,40,"pre_fragmentation","random",10,2334,47,34,1,2499,584,1
110,541,50,0.7,1,NA,0.1,1,1,10,40,"pre_fragmentation","random",10,2334,47,34,1,2499,597,1
110,541,50,0.7,1,NA,0.1,1,1,10,40,"pre_fragmentation","random",10,2334,47,34,1,2499,600,1
110,541,50,0.7,1,NA,0.1,1,1,10,40,"pre_fragmentation","random",10,2334,47,34,1,2499,604,1
110,541,50,0.7,1,NA,0.1,1,1,10,40,"pre_fragmentation","random",11,1379,28,29,1,2499,269,1
110,541,50,0.7,1,NA,0.1,1,1,10,40,"pre_fragmentation","random",11,1379,28,29,1,2499,274,1
110,541,50,0.7,1,NA,0.1,1,1,10,40,"pre_fragmentation","random",11,1379,28,29,1,2499,294,2
110,541,50,0.7,1,NA,0.1,1,1,10,40,"pre_fragmentation","random",11,1379,28,29,1,2499,316,1
110,541,50,0.7,1,NA,0.1,1,1,10,40,"pre_fragmentation","random",11,1379,28,29,1,2499,347,1
110,541,50,0.7,1,NA,0.1,1,1,10,40,"pre_fragmentation","random",11,1379,28,29,1,2499,349,2
110,541,50,0.7,1,NA,0.1,1,1,10,40,"pre_fragmentation","random",11,1379,28,29,1,2499,359,1
110,541,50,0.7,1,NA,0.1,1,1,10,40,"pre_fragmentation","random",11,1379,28,29,1,2499,364,1
110,541,50,0.7,1,NA,0.1,1,1,10,40,"pre_fragmentation","random",11,1379,28,29,1,2499,368,1
110,541,50,0.7,1,NA,0.1,1,1,10,40,"pre_fragmentation","random",11,1379,28,29,1,2499,373,1
110,541,50,0.7,1,NA,0.1,1,1,10,40,"pre_fragmentation","random",11,1379,28,29,1,2499,375,1
110,541,50,0.7,1,NA,0.1,1,1,10,40,"pre_fragmentation","random",11,1379,28,29,1,2499,390,3
110,541,50,0.7,1,NA,0.1,1,1,10,40,"pre_fragmentation","random",11,1379,28,29,1,2499,395,2
110,541,50,0.7,1,NA,0.1,1,1,10,40,"pre_fragmentation","random",11,1379,28,29,1,2499,400,1
110,541,50,0.7,1,NA,0.1,1,1,10,40,"pre_fragmentation","random",11,1379,28,29,1,2499,402,2
110,541,50,0.7,1,NA,0.1,1,1,10,40,"pre_fragmentation","random",11,1379,28,29,1,2499,414,1
110,541,50,0.7,1,NA,0.1,1,1,10,40,"pre_fragmentation","random",11,1379,28,29,1,2499,421,2
110,541,50,0.7,1,NA,0.1,1,1,10,40,"pre_fragmentation","random",11,1379,28,29,1,2499,429,1
110,541,50,0.7,1,NA,0.1,1,1,10,40,"pre_fragmentation","random",11,1379,28,29,1,2499,436,2
110,541,50,0.7,1,NA,0.1,1,1,10,40,"pre_fragmentation","random",11,1379,28,29,1,2499,438,1
110,541,50,0.7,1,NA,0.1,1,1,10,40,"pre_fragmentation","random",11,1379,28,29,1,2499,439,1
110,541,50,0.7,1,NA,0.1,1,1,10,40,"pre_fragmentation","random",11,1379,28,29,1,2499,445,1
110,541,50,0.7,1,NA,0.1,1,1,10,40,"pre_fragmentation","random",11,1379,28,29,1,2499,450,1
110,541,50,0.7,1,NA,0.1,1,1,10,40,"pre_fragmentation","random",11,1379,28,29,1,2499,462,1
110,541,50,0.7,1,NA,0.1,1,1,10,40,"pre_fragmentation","random",11,1379,28,29,1,2499,463,1
110,541,50,0.7,1,NA,0.1,1,1,10,40,"pre_fragmentation","random",11,1379,28,29,1,2499,472,1
110,541,50,0.7,1,NA,0.1,1,1,10,40,"pre_fragmentation","random",11,1379,28,29,1,2499,481,1
110,541,50,0.7,1,NA,0.1,1,1,10,40,"pre_fragmentation","random",11,1379,28,29,1,2499,497,1
110,541,50,0.7,1,NA,0.1,1,1,10,40,"pre_fragmentation","random",11,1379,28,29,1,2499,500,1
110,541,50,0.7,1,NA,0.1,1,1,10,40,"pre_fragmentation","random",11,1379,28,29,1,2499,505,1
110,541,50,0.7,1,NA,0.1,1,1,10,40,"pre_fragmentation","random",11,1379,28,29,1,2499,550,1
110,541,50,0.7,1,NA,0.1,1,1,10,40,"pre_fragmentation","random",12,1968,40,18,1,2499,207,1
110,541,50,0.7,1,NA,0.1,1,1,10,40,"pre_fragmentation","random",12,1968,40,18,1,2499,345,1
110,541,50,0.7,1,NA,0.1,1,1,10,40,"pre_fragmentation","random",12,1968,40,18,1,2499,358,1
110,541,50,0.7,1,NA,0.1,1,1,10,40,"pre_fragmentation","random",12,1968,40,18,1,2499,387,1
110,541,50,0.7,1,NA,0.1,1,1,10,40,"pre_fragmentation","random",12,1968,40,18,1,2499,389,1
110,541,50,0.7,1,NA,0.1,1,1,10,40,"pre_fragmentation","random",12,1968,40,18,1,2499,391,1
110,541,50,0.7,1,NA,0.1,1,1,10,40,"pre_fragmentation","random",12,1968,40,18,1,2499,393,2
110,541,50,0.7,1,NA,0.1,1,1,10,40,"pre_fragmentation","random",12,1968,40,18,1,2499,410,2
110,541,50,0.7,1,NA,0.1,1,1,10,40,"pre_fragmentation","random",12,1968,40,18,1,2499,427,1
110,541,50,0.7,1,NA,0.1,1,1,10,40,"pre_fragmentation","random",12,1968,40,18,1,2499,431,1
110,541,50,0.7,1,NA,0.1,1,1,10,40,"pre_fragmentation","random",12,1968,40,18,1,2499,432,1
110,541,50,0.7,1,NA,0.1,1,1,10,40,"pre_fragmentation","random",12,1968,40,18,1,2499,447,1
110,541,50,0.7,1,NA,0.1,1,1,10,40,"pre_fragmentation","random",12,1968,40,18,1,2499,462,1
110,541,50,0.7,1,NA,0.1,1,1,10,40,"pre_fragmentation","random",12,1968,40,18,1,2499,463,1
110,541,50,0.7,1,NA,0.1,1,1,10,40,"pre_fragmentation","random",12,1968,40,18,1,2499,468,1
110,541,50,0.7,1,NA,0.1,1,1,10,40,"pre_fragmentation","random",12,1968,40,18,1,2499,470,2
110,541,50,0.7,1,NA,0.1,1,1,10,40,"pre_fragmentation","random",12,1968,40,18,1,2499,476,1
110,541,50,0.7,1,NA,0.1,1,1,10,40,"pre_fragmentation","random",12,1968,40,18,1,2499,480,1
110,541,50,0.7,1,NA,0.1,1,1,10,40,"pre_fragmentation","random",12,1968,40,18,1,2499,485,1
110,541,50,0.7,1,NA,0.1,1,1,10,40,"pre_fragmentation","random",12,1968,40,18,1,2499,490,1
110,541,50,0.7,1,NA,0.1,1,1,10,40,"pre_fragmentation","random",12,1968,40,18,1,2499,520,1
110,541,50,0.7,1,NA,0.1,1,1,10,40,"pre_fragmentation","random",12,1968,40,18,1,2499,551,1
110,541,50,0.7,1,NA,0.1,1,1,10,40,"pre_fragmentation","random",12,1968,40,18,1,2499,563,1
110,541,50,0.7,1,NA,0.1,1,1,10,40,"pre_fragmentation","random",12,1968,40,18,1,2499,571,1
110,541,50,0.7,1,NA,0.1,1,1,10,40,"pre_fragmentation","random",12,1968,40,18,1,2499,603,1
110,541,50,0.7,1,NA,0.1,1,1,10,40,"pre_fragmentation","random",12,1968,40,18,1,2499,608,1
110,541,50,0.7,1,NA,0.1,1,1,10,40,"pre_fragmentation","random",13,326,7,26,1,2499,390,1
110,541,50,0.7,1,NA,0.1,1,1,10,40,"pre_fragmentation","random",13,326,7,26,1,2499,418,1
110,541,50,0.7,1,NA,0.1,1,1,10,40,"pre_fragmentation","random",13,326,7,26,1,2499,422,1
110,541,50,0.7,1,NA,0.1,1,1,10,40,"pre_fragmentation","random",13,326,7,26,1,2499,427,1
110,541,50,0.7,1,NA,0.1,1,1,10,40,"pre_fragmentation","random",13,326,7,26,1,2499,438,1
110,541,50,0.7,1,NA,0.1,1,1,10,40,"pre_fragmentation","random",13,326,7,26,1,2499,450,1
110,541,50,0.7,1,NA,0.1,1,1,10,40,"pre_fragmentation","random",13,326,7,26,1,2499,463,1
110,541,50,0.7,1,NA,0.1,1,1,10,40,"pre_fragmentation","random",13,326,7,26,1,2499,466,1
110,541,50,0.7,1,NA,0.1,1,1,10,40,"pre_fragmentation","random",13,326,7,26,1,2499,471,2
110,541,50,0.7,1,NA,0.1,1,1,10,40,"pre_fragmentation","random",13,326,7,26,1,2499,479,1
110,541,50,0.7,1,NA,0.1,1,1,10,40,"pre_fragmentation","random",13,326,7,26,1,2499,484,1
110,541,50,0.7,1,NA,0.1,1,1,10,40,"pre_fragmentation","random",13,326,7,26,1,2499,485,2
110,541,50,0.7,1,NA,0.1,1,1,10,40,"pre_fragmentation","random",13,326,7,26,1,2499,489,1
110,541,50,0.7,1,NA,0.1,1,1,10,40,"pre_fragmentation","random",13,326,7,26,1,2499,490,1
110,541,50,0.7,1,NA,0.1,1,1,10,40,"pre_fragmentation","random",13,326,7,26,1,2499,491,1
110,541,50,0.7,1,NA,0.1,1,1,10,40,"pre_fragmentation","random",13,326,7,26,1,2499,507,1
110,541,50,0.7,1,NA,0.1,1,1,10,40,"pre_fragmentation","random",13,326,7,26,1,2499,525,2
110,541,50,0.7,1,NA,0.1,1,1,10,40,"pre_fragmentation","random",13,326,7,26,1,2499,537,1
110,541,50,0.7,1,NA,0.1,1,1,10,40,"pre_fragmentation","random",13,326,7,26,1,2499,540,1
110,541,50,0.7,1,NA,0.1,1,1,10,40,"pre_fragmentation","random",13,326,7,26,1,2499,550,2
110,541,50,0.7,1,NA,0.1,1,1,10,40,"pre_fragmentation","random",13,326,7,26,1,2499,551,2
110,541,50,0.7,1,NA,0.1,1,1,10,40,"pre_fragmentation","random",13,326,7,26,1,2499,568,1
110,541,50,0.7,1,NA,0.1,1,1,10,40,"pre_fragmentation","random",13,326,7,26,1,2499,577,1
110,541,50,0.7,1,NA,0.1,1,1,10,40,"pre_fragmentation","random",13,326,7,26,1,2499,584,2
110,541,50,0.7,1,NA,0.1,1,1,10,40,"pre_fragmentation","random",13,326,7,26,1,2499,591,1
110,541,50,0.7,1,NA,0.1,1,1,10,40,"pre_fragmentation","random",13,326,7,26,1,2499,602,1
110,541,50,0.7,1,NA,0.1,1,1,10,40,"pre_fragmentation","random",13,326,7,26,1,2499,604,1
110,541,50,0.7,1,NA,0.1,1,1,10,40,"pre_fragmentation","random",13,326,7,26,1,2499,628,1
110,541,50,0.7,1,NA,0.1,1,1,10,40,"pre_fragmentation","random",13,326,7,26,1,2499,632,1
110,541,50,0.7,1,NA,0.1,1,1,10,40,"pre_fragmentation","random",13,326,7,26,1,2499,642,1
110,541,50,0.7,1,NA,0.1,1,1,10,40,"pre_fragmentation","random",13,326,7,26,1,2499,676,1
110,541,50,0.7,1,NA,0.1,1,1,10,40,"pre_fragmentation","random",14,2399,48,49,1,2499,488,1
110,541,50,0.7,1,NA,0.1,1,1,10,40,"pre_fragmentation","random",14,2399,48,49,1,2499,594,1
110,541,50,0.7,1,NA,0.1,1,1,10,40,"pre_fragmentation","random",14,2399,48,49,1,2499,617,1
110,541,50,0.7,1,NA,0.1,1,1,10,40,"pre_fragmentation","random",14,2399,48,49,1,2499,625,1
110,541,50,0.7,1,NA,0.1,1,1,10,40,"pre_fragmentation","random",14,2399,48,49,1,2499,657,1
110,541,50,0.7,1,NA,0.1,1,1,10,40,"pre_fragmentation","random",14,2399,48,49,1,2499,676,1
110,541,50,0.7,1,NA,0.1,1,1,10,40,"pre_fragmentation","random",14,2399,48,49,1,2499,681,1
110,541,50,0.7,1,NA,0.1,1,1,10,40,"pre_fragmentation","random",14,2399,48,49,1,2499,704,1
110,541,50,0.7,1,NA,0.1,1,1,10,40,"pre_fragmentation","random",14,2399,48,49,1,2499,716,1
110,541,50,0.7,1,NA,0.1,1,1,10,40,"pre_fragmentation","random",14,2399,48,49,1,2499,719,1
110,541,50,0.7,1,NA,0.1,1,1,10,40,"pre_fragmentation","random",14,2399,48,49,1,2499,750,1
110,541,50,0.7,1,NA,0.1,1,1,10,40,"pre_fragmentation","random",14,2399,48,49,1,2499,753,1
110,541,50,0.7,1,NA,0.1,1,1,10,40,"pre_fragmentation","random",14,2399,48,49,1,2499,760,1
110,541,50,0.7,1,NA,0.1,1,1,10,40,"pre_fragmentation","random",14,2399,48,49,1,2499,774,1
110,541,50,0.7,1,NA,0.1,1,1,10,40,"pre_fragmentation","random",14,2399,48,49,1,2499,779,2
110,541,50,0.7,1,NA,0.1,1,1,10,40,"pre_fragmentation","random",14,2399,48,49,1,2499,790,1
110,541,50,0.7,1,NA,0.1,1,1,10,40,"pre_fragmentation","random",14,2399,48,49,1,2499,824,1
110,541,50,0.7,1,NA,0.1,1,1,10,40,"pre_fragmentation","random",15,1771,36,21,1,2499,76,1
110,541,50,0.7,1,NA,0.1,1,1,10,40,"pre_fragmentation","random",15,1771,36,21,1,2499,119,1
110,541,50,0.7,1,NA,0.1,1,1,10,40,"pre_fragmentation","random",15,1771,36,21,1,2499,123,1
110,541,50,0.7,1,NA,0.1,1,1,10,40,"pre_fragmentation","random",15,1771,36,21,1,2499,134,1
110,541,50,0.7,1,NA,0.1,1,1,10,40,"pre_fragmentation","random",15,1771,36,21,1,2499,247,1
110,541,50,0.7,1,NA,0.1,1,1,10,40,"pre_fragmentation","random",15,1771,36,21,1,2499,325,1
110,541,50,0.7,1,NA,0.1,1,1,10,40,"pre_fragmentation","random",15,1771,36,21,1,2499,328,1
110,541,50,0.7,1,NA,0.1,1,1,10,40,"pre_fragmentation","random",15,1771,36,21,1,2499,379,1
110,541,50,0.7,1,NA,0.1,1,1,10,40,"pre_fragmentation","random",15,1771,36,21,1,2499,382,1
110,541,50,0.7,1,NA,0.1,1,1,10,40,"pre_fragmentation","random",16,2048,41,48,1,2499,500,1
110,541,50,0.7,1,NA,0.1,1,1,10,40,"pre_fragmentation","random",16,2048,41,48,1,2499,608,1
110,541,50,0.7,1,NA,0.1,1,1,10,40,"pre_fragmentation","random",16,2048,41,48,1,2499,614,1
110,541,50,0.7,1,NA,0.1,1,1,10,40,"pre_fragmentation","random",16,2048,41,48,1,2499,624,1
110,541,50,0.7,1,NA,0.1,1,1,10,40,"pre_fragmentation","random",16,2048,41,48,1,2499,625,1
110,541,50,0.7,1,NA,0.1,1,1,10,40,"pre_fragmentation","random",16,2048,41,48,1,2499,628,1
110,541,50,0.7,1,NA,0.1,1,1,10,40,"pre_fragmentation","random",16,2048,41,48,1,2499,629,1
110,541,50,0.7,1,NA,0.1,1,1,10,40,"pre_fragmentation","random",16,2048,41,48,1,2499,630,1
110,541,50,0.7,1,NA,0.1,1,1,10,40,"pre_fragmentation","random",16,2048,41,48,1,2499,633,1
110,541,50,0.7,1,NA,0.1,1,1,10,40,"pre_fragmentation","random",16,2048,41,48,1,2499,652,1
110,541,50,0.7,1,NA,0.1,1,1,10,40,"pre_fragmentation","random",16,2048,41,48,1,2499,667,1
110,541,50,0.7,1,NA,0.1,1,1,10,40,"pre_fragmentation","random",16,2048,41,48,1,2499,673,1
110,541,50,0.7,1,NA,0.1,1,1,10,40,"pre_fragmentation","random",16,2048,41,48,1,2499,681,1
110,541,50,0.7,1,NA,0.1,1,1,10,40,"pre_fragmentation","random",16,2048,41,48,1,2499,682,1
110,541,50,0.7,1,NA,0.1,1,1,10,40,"pre_fragmentation","random",16,2048,41,48,1,2499,689,1
110,541,50,0.7,1,NA,0.1,1,1,10,40,"pre_fragmentation","random",16,2048,41,48,1,2499,691,2
110,541,50,0.7,1,NA,0.1,1,1,10,40,"pre_fragmentation","random",16,2048,41,48,1,2499,701,2
110,541,50,0.7,1,NA,0.1,1,1,10,40,"pre_fragmentation","random",16,2048,41,48,1,2499,703,1
110,541,50,0.7,1,NA,0.1,1,1,10,40,"pre_fragmentation","random",16,2048,41,48,1,2499,704,1
110,541,50,0.7,1,NA,0.1,1,1,10,40,"pre_fragmentation","random",16,2048,41,48,1,2499,731,1
110,541,50,0.7,1,NA,0.1,1,1,10,40,"pre_fragmentation","random",16,2048,41,48,1,2499,741,1
110,541,50,0.7,1,NA,0.1,1,1,10,40,"pre_fragmentation","random",16,2048,41,48,1,2499,763,1
110,541,50,0.7,1,NA,0.1,1,1,10,40,"pre_fragmentation","random",16,2048,41,48,1,2499,765,1
110,541,50,0.7,1,NA,0.1,1,1,10,40,"pre_fragmentation","random",16,2048,41,48,1,2499,774,2
110,541,50,0.7,1,NA,0.1,1,1,10,40,"pre_fragmentation","random",16,2048,41,48,1,2499,781,1
110,541,50,0.7,1,NA,0.1,1,1,10,40,"pre_fragmentation","random",16,2048,41,48,1,2499,798,1
110,541,50,0.7,1,NA,0.1,1,1,10,40,"pre_fragmentation","random",17,468,10,18,1,2499,417,1
110,541,50,0.7,1,NA,0.1,1,1,10,40,"pre_fragmentation","random",17,468,10,18,1,2499,451,1
110,541,50,0.7,1,NA,0.1,1,1,10,40,"pre_fragmentation","random",17,468,10,18,1,2499,464,1
110,541,50,0.7,1,NA,0.1,1,1,10,40,"pre_fragmentation","random",17,468,10,18,1,2499,474,1
110,541,50,0.7,1,NA,0.1,1,1,10,40,"pre_fragmentation","random",17,468,10,18,1,2499,481,1
110,541,50,0.7,1,NA,0.1,1,1,10,40,"pre_fragmentation","random",17,468,10,18,1,2499,491,2
110,541,50,0.7,1,NA,0.1,1,1,10,40,"pre_fragmentation","random",17,468,10,18,1,2499,494,1
110,541,50,0.7,1,NA,0.1,1,1,10,40,"pre_fragmentation","random",17,468,10,18,1,2499,496,1
110,541,50,0.7,1,NA,0.1,1,1,10,40,"pre_fragmentation","random",17,468,10,18,1,2499,502,1
110,541,50,0.7,1,NA,0.1,1,1,10,40,"pre_fragmentation","random",17,468,10,18,1,2499,508,1
110,541,50,0.7,1,NA,0.1,1,1,10,40,"pre_fragmentation","random",17,468,10,18,1,2499,523,1
110,541,50,0.7,1,NA,0.1,1,1,10,40,"pre_fragmentation","random",17,468,10,18,1,2499,524,1
110,541,50,0.7,1,NA,0.1,1,1,10,40,"pre_fragmentation","random",17,468,10,18,1,2499,525,2
110,541,50,0.7,1,NA,0.1,1,1,10,40,"pre_fragmentation","random",17,468,10,18,1,2499,532,2
110,541,50,0.7,1,NA,0.1,1,1,10,40,"pre_fragmentation","random",17,468,10,18,1,2499,537,1
110,541,50,0.7,1,NA,0.1,1,1,10,40,"pre_fragmentation","random",17,468,10,18,1,2499,539,1
110,541,50,0.7,1,NA,0.1,1,1,10,40,"pre_fragmentation","random",17,468,10,18,1,2499,544,2
110,541,50,0.7,1,NA,0.1,1,1,10,40,"pre_fragmentation","random",17,468,10,18,1,2499,548,1
110,541,50,0.7,1,NA,0.1,1,1,10,40,"pre_fragmentation","random",17,468,10,18,1,2499,549,1
110,541,50,0.7,1,NA,0.1,1,1,10,40,"pre_fragmentation","random",17,468,10,18,1,2499,550,2
110,541,50,0.7,1,NA,0.1,1,1,10,40,"pre_fragmentation","random",17,468,10,18,1,2499,562,3
110,541,50,0.7,1,NA,0.1,1,1,10,40,"pre_fragmentation","random",17,468,10,18,1,2499,565,1
110,541,50,0.7,1,NA,0.1,1,1,10,40,"pre_fragmentation","random",17,468,10,18,1,2499,583,1
110,541,50,0.7,1,NA,0.1,1,1,10,40,"pre_fragmentation","random",17,468,10,18,1,2499,588,2
110,541,50,0.7,1,NA,0.1,1,1,10,40,"pre_fragmentation","random",17,468,10,18,1,2499,589,2
110,541,50,0.7,1,NA,0.1,1,1,10,40,"pre_fragmentation","random",17,468,10,18,1,2499,592,1
110,541,50,0.7,1,NA,0.1,1,1,10,40,"pre_fragmentation","random",17,468,10,18,1,2499,603,1
110,541,50,0.7,1,NA,0.1,1,1,10,40,"pre_fragmentation","random",17,468,10,18,1,2499,604,2
110,541,50,0.7,1,NA,0.1,1,1,10,40,"pre_fragmentation","random",17,468,10,18,1,2499,610,1
110,541,50,0.7,1,NA,0.1,1,1,10,40,"pre_fragmentation","random",17,468,10,18,1,2499,614,2
110,541,50,0.7,1,NA,0.1,1,1,10,40,"pre_fragmentation","random",17,468,10,18,1,2499,625,1
110,541,50,0.7,1,NA,0.1,1,1,10,40,"pre_fragmentation","random",18,1550,31,50,1,2499,400,1
110,541,50,0.7,1,NA,0.1,1,1,10,40,"pre_fragmentation","random",18,1550,31,50,1,2499,412,1
110,541,50,0.7,1,NA,0.1,1,1,10,40,"pre_fragmentation","random",18,1550,31,50,1,2499,427,1
110,541,50,0.7,1,NA,0.1,1,1,10,40,"pre_fragmentation","random",18,1550,31,50,1,2499,428,1
110,541,50,0.7,1,NA,0.1,1,1,10,40,"pre_fragmentation","random",18,1550,31,50,1,2499,439,1
110,541,50,0.7,1,NA,0.1,1,1,10,40,"pre_fragmentation","random",18,1550,31,50,1,2499,444,1
110,541,50,0.7,1,NA,0.1,1,1,10,40,"pre_fragmentation","random",18,1550,31,50,1,2499,449,1
110,541,50,0.7,1,NA,0.1,1,1,10,40,"pre_fragmentation","random",18,1550,31,50,1,2499,454,1
110,541,50,0.7,1,NA,0.1,1,1,10,40,"pre_fragmentation","random",18,1550,31,50,1,2499,462,1
110,541,50,0.7,1,NA,0.1,1,1,10,40,"pre_fragmentation","random",18,1550,31,50,1,2499,464,1
110,541,50,0.7,1,NA,0.1,1,1,10,40,"pre_fragmentation","random",18,1550,31,50,1,2499,471,1
110,541,50,0.7,1,NA,0.1,1,1,10,40,"pre_fragmentation","random",18,1550,31,50,1,2499,485,1
110,541,50,0.7,1,NA,0.1,1,1,10,40,"pre_fragmentation","random",18,1550,31,50,1,2499,486,1
110,541,50,0.7,1,NA,0.1,1,1,10,40,"pre_fragmentation","random",18,1550,31,50,1,2499,488,1
110,541,50,0.7,1,NA,0.1,1,1,10,40,"pre_fragmentation","random",18,1550,31,50,1,2499,495,1
110,541,50,0.7,1,NA,0.1,1,1,10,40,"pre_fragmentation","random",18,1550,31,50,1,2499,497,1
110,541,50,0.7,1,NA,0.1,1,1,10,40,"pre_fragmentation","random",18,1550,31,50,1,2499,534,1
110,541,50,0.7,1,NA,0.1,1,1,10,40,"pre_fragmentation","random",18,1550,31,50,1,2499,539,1
110,541,50,0.7,1,NA,0.1,1,1,10,40,"pre_fragmentation","random",18,1550,31,50,1,2499,543,1
110,541,50,0.7,1,NA,0.1,1,1,10,40,"pre_fragmentation","random",18,1550,31,50,1,2499,544,1
110,541,50,0.7,1,NA,0.1,1,1,10,40,"pre_fragmentation","random",18,1550,31,50,1,2499,545,1
110,541,50,0.7,1,NA,0.1,1,1,10,40,"pre_fragmentation","random",18,1550,31,50,1,2499,554,2
110,541,50,0.7,1,NA,0.1,1,1,10,40,"pre_fragmentation","random",18,1550,31,50,1,2499,563,1
110,541,50,0.7,1,NA,0.1,1,1,10,40,"pre_fragmentation","random",18,1550,31,50,1,2499,565,2
110,541,50,0.7,1,NA,0.1,1,1,10,40,"pre_fragmentation","random",18,1550,31,50,1,2499,579,3
110,541,50,0.7,1,NA,0.1,1,1,10,40,"pre_fragmentation","random",18,1550,31,50,1,2499,586,1
110,541,50,0.7,1,NA,0.1,1,1,10,40,"pre_fragmentation","random",18,1550,31,50,1,2499,592,1
110,541,50,0.7,1,NA,0.1,1,1,10,40,"pre_fragmentation","random",18,1550,31,50,1,2499,594,1
110,541,50,0.7,1,NA,0.1,1,1,10,40,"pre_fragmentation","random",18,1550,31,50,1,2499,597,2
110,541,50,0.7,1,NA,0.1,1,1,10,40,"pre_fragmentation","random",18,1550,31,50,1,2499,641,1
110,541,50,0.7,1,NA,0.1,1,1,10,40,"pre_fragmentation","random",18,1550,31,50,1,2499,667,1
110,541,50,0.7,1,NA,0.1,1,1,10,40,"pre_fragmentation","random",18,1550,31,50,1,2499,690,1
110,541,50,0.7,1,NA,0.1,1,1,10,40,"pre_fragmentation","random",19,2019,41,19,1,2499,212,1
110,541,50,0.7,1,NA,0.1,1,1,10,40,"pre_fragmentation","random",19,2019,41,19,1,2499,317,1
110,541,50,0.7,1,NA,0.1,1,1,10,40,"pre_fragmentation","random",19,2019,41,19,1,2499,345,2
110,541,50,0.7,1,NA,0.1,1,1,10,40,"pre_fragmentation","random",19,2019,41,19,1,2499,378,1
110,541,50,0.7,1,NA,0.1,1,1,10,40,"pre_fragmentation","random",19,2019,41,19,1,2499,387,1
110,541,50,0.7,1,NA,0.1,1,1,10,40,"pre_fragmentation","random",19,2019,41,19,1,2499,392,1
110,541,50,0.7,1,NA,0.1,1,1,10,40,"pre_fragmentation","random",19,2019,41,19,1,2499,395,1
110,541,50,0.7,1,NA,0.1,1,1,10,40,"pre_fragmentation","random",19,2019,41,19,1,2499,399,1
110,541,50,0.7,1,NA,0.1,1,1,10,40,"pre_fragmentation","random",19,2019,41,19,1,2499,413,1
110,541,50,0.7,1,NA,0.1,1,1,10,40,"pre_fragmentation","random",19,2019,41,19,1,2499,417,1
110,541,50,0.7,1,NA,0.1,1,1,10,40,"pre_fragmentation","random",19,2019,41,19,1,2499,431,1
110,541,50,0.7,1,NA,0.1,1,1,10,40,"pre_fragmentation","random",19,2019,41,19,1,2499,435,1
110,541,50,0.7,1,NA,0.1,1,1,10,40,"pre_fragmentation","random",19,2019,41,19,1,2499,438,1
110,541,50,0.7,1,NA,0.1,1,1,10,40,"pre_fragmentation","random",19,2019,41,19,1,2499,463,1
110,541,50,0.7,1,NA,0.1,1,1,10,40,"pre_fragmentation","random",19,2019,41,19,1,2499,464,1
110,541,50,0.7,1,NA,0.1,1,1,10,40,"pre_fragmentation","random",19,2019,41,19,1,2499,468,1
110,541,50,0.7,1,NA,0.1,1,1,10,40,"pre_fragmentation","random",19,2019,41,19,1,2499,472,1
110,541,50,0.7,1,NA,0.1,1,1,10,40,"pre_fragmentation","random",19,2019,41,19,1,2499,476,1
110,541,50,0.7,1,NA,0.1,1,1,10,40,"pre_fragmentation","random",19,2019,41,19,1,2499,477,1
110,541,50,0.7,1,NA,0.1,1,1,10,40,"pre_fragmentation","random",19,2019,41,19,1,2499,479,1
110,541,50,0.7,1,NA,0.1,1,1,10,40,"pre_fragmentation","random",19,2019,41,19,1,2499,480,1
110,541,50,0.7,1,NA,0.1,1,1,10,40,"pre_fragmentation","random",19,2019,41,19,1,2499,488,1
110,541,50,0.7,1,NA,0.1,1,1,10,40,"pre_fragmentation","random",19,2019,41,19,1,2499,491,2
110,541,50,0.7,1,NA,0.1,1,1,10,40,"pre_fragmentation","random",19,2019,41,19,1,2499,494,1
110,541,50,0.7,1,NA,0.1,1,1,10,40,"pre_fragmentation","random",19,2019,41,19,1,2499,496,3
110,541,50,0.7,1,NA,0.1,1,1,10,40,"pre_fragmentation","random",19,2019,41,19,1,2499,511,1
110,541,50,0.7,1,NA,0.1,1,1,10,40,"pre_fragmentation","random",19,2019,41,19,1,2499,554,1
110,541,50,0.7,1,NA,0.1,1,1,10,40,"pre_fragmentation","random",19,2019,41,19,1,2499,559,1
110,541,50,0.7,1,NA,0.1,1,1,10,40,"pre_fragmentation","random",19,2019,41,19,1,2499,568,1
110,541,50,0.7,1,NA,0.1,1,1,10,40,"pre_fragmentation","random",20,1644,33,44,1,2499,478,2
110,541,50,0.7,1,NA,0.1,1,1,10,40,"pre_fragmentation","random",20,1644,33,44,1,2499,479,1
110,541,50,0.7,1,NA,0.1,1,1,10,40,"pre_fragmentation","random",20,1644,33,44,1,2499,539,1
110,541,50,0.7,1,NA,0.1,1,1,10,40,"pre_fragmentation","random",20,1644,33,44,1,2499,548,1
110,541,50,0.7,1,NA,0.1,1,1,10,40,"pre_fragmentation","random",20,1644,33,44,1,2499,550,2
110,541,50,0.7,1,NA,0.1,1,1,10,40,"pre_fragmentation","random",20,1644,33,44,1,2499,561,1
110,541,50,0.7,1,NA,0.1,1,1,10,40,"pre_fragmentation","random",20,1644,33,44,1,2499,562,2
110,541,50,0.7,1,NA,0.1,1,1,10,40,"pre_fragmentation","random",20,1644,33,44,1,2499,586,1
110,541,50,0.7,1,NA,0.1,1,1,10,40,"pre_fragmentation","random",20,1644,33,44,1,2499,593,1
110,541,50,0.7,1,NA,0.1,1,1,10,40,"pre_fragmentation","random",20,1644,33,44,1,2499,597,2
110,541,50,0.7,1,NA,0.1,1,1,10,40,"pre_fragmentation","random",20,1644,33,44,1,2499,601,1
110,541,50,0.7,1,NA,0.1,1,1,10,40,"pre_fragmentation","random",20,1644,33,44,1,2499,629,1
110,541,50,0.7,1,NA,0.1,1,1,10,40,"pre_fragmentation","random",20,1644,33,44,1,2499,633,1
110,541,50,0.7,1,NA,0.1,1,1,10,40,"pre_fragmentation","random",20,1644,33,44,1,2499,638,1
110,541,50,0.7,1,NA,0.1,1,1,10,40,"pre_fragmentation","random",20,1644,33,44,1,2499,648,1
110,541,50,0.7,1,NA,0.1,1,1,10,40,"pre_fragmentation","random",20,1644,33,44,1,2499,659,1
110,541,50,0.7,1,NA,0.1,1,1,10,40,"pre_fragmentation","random",20,1644,33,44,1,2499,675,1
110,541,50,0.7,1,NA,0.1,1,1,10,40,"pre_fragmentation","random",20,1644,33,44,1,2499,681,2
110,541,50,0.7,1,NA,0.1,1,1,10,40,"pre_fragmentation","random",20,1644,33,44,1,2499,691,1
110,541,50,0.7,1,NA,0.1,1,1,10,40,"pre_fragmentation","random",20,1644,33,44,1,2499,692,1
110,541,50,0.7,1,NA,0.1,1,1,10,40,"pre_fragmentation","random",20,1644,33,44,1,2499,709,1
110,541,50,0.7,1,NA,0.1,1,1,10,40,"pre_fragmentation","random",20,1644,33,44,1,2499,765,1
110,541,50,0.7,1,NA,0.1,1,1,10,40,"pre_fragmentation","random",21,1902,39,2,1,2499,438,1
110,541,50,0.7,1,NA,0.1,1,1,10,40,"pre_fragmentation","random",21,1902,39,2,1,2499,464,1
110,541,50,0.7,1,NA,0.1,1,1,10,40,"pre_fragmentation","random",21,1902,39,2,1,2499,485,1
110,541,50,0.7,1,NA,0.1,1,1,10,40,"pre_fragmentation","random",21,1902,39,2,1,2499,499,1
110,541,50,0.7,1,NA,0.1,1,1,10,40,"pre_fragmentation","random",21,1902,39,2,1,2499,528,1
110,541,50,0.7,1,NA,0.1,1,1,10,40,"pre_fragmentation","random",21,1902,39,2,1,2499,532,1
110,541,50,0.7,1,NA,0.1,1,1,10,40,"pre_fragmentation","random",21,1902,39,2,1,2499,537,1
110,541,50,0.7,1,NA,0.1,1,1,10,40,"pre_fragmentation","random",21,1902,39,2,1,2499,542,1
110,541,50,0.7,1,NA,0.1,1,1,10,40,"pre_fragmentation","random",21,1902,39,2,1,2499,548,1
110,541,50,0.7,1,NA,0.1,1,1,10,40,"pre_fragmentation","random",21,1902,39,2,1,2499,550,2
110,541,50,0.7,1,NA,0.1,1,1,10,40,"pre_fragmentation","random",21,1902,39,2,1,2499,553,1
110,541,50,0.7,1,NA,0.1,1,1,10,40,"pre_fragmentation","random",21,1902,39,2,1,2499,554,1
110,541,50,0.7,1,NA,0.1,1,1,10,40,"pre_fragmentation","random",21,1902,39,2,1,2499,556,1
110,541,50,0.7,1,NA,0.1,1,1,10,40,"pre_fragmentation","random",21,1902,39,2,1,2499,560,1
110,541,50,0.7,1,NA,0.1,1,1,10,40,"pre_fragmentation","random",21,1902,39,2,1,2499,562,1
110,541,50,0.7,1,NA,0.1,1,1,10,40,"pre_fragmentation","random",21,1902,39,2,1,2499,568,1
110,541,50,0.7,1,NA,0.1,1,1,10,40,"pre_fragmentation","random",21,1902,39,2,1,2499,581,1
110,541,50,0.7,1,NA,0.1,1,1,10,40,"pre_fragmentation","random",21,1902,39,2,1,2499,588,1
110,541,50,0.7,1,NA,0.1,1,1,10,40,"pre_fragmentation","random",21,1902,39,2,1,2499,592,2
110,541,50,0.7,1,NA,0.1,1,1,10,40,"pre_fragmentation","random",21,1902,39,2,1,2499,598,1
110,541,50,0.7,1,NA,0.1,1,1,10,40,"pre_fragmentation","random",21,1902,39,2,1,2499,601,1
110,541,50,0.7,1,NA,0.1,1,1,10,40,"pre_fragmentation","random",21,1902,39,2,1,2499,604,1
110,541,50,0.7,1,NA,0.1,1,1,10,40,"pre_fragmentation","random",21,1902,39,2,1,2499,609,1
110,541,50,0.7,1,NA,0.1,1,1,10,40,"pre_fragmentation","random",21,1902,39,2,1,2499,614,1
110,541,50,0.7,1,NA,0.1,1,1,10,40,"pre_fragmentation","random",21,1902,39,2,1,2499,629,1
110,541,50,0.7,1,NA,0.1,1,1,10,40,"pre_fragmentation","random",21,1902,39,2,1,2499,630,1
110,541,50,0.7,1,NA,0.1,1,1,10,40,"pre_fragmentation","random",21,1902,39,2,1,2499,631,2
110,541,50,0.7,1,NA,0.1,1,1,10,40,"pre_fragmentation","random",21,1902,39,2,1,2499,633,2
110,541,50,0.7,1,NA,0.1,1,1,10,40,"pre_fragmentation","random",21,1902,39,2,1,2499,641,1
110,541,50,0.7,1,NA,0.1,1,1,10,40,"pre_fragmentation","random",21,1902,39,2,1,2499,663,1
110,541,50,0.7,1,NA,0.1,1,1,10,40,"pre_fragmentation","random",21,1902,39,2,1,2499,676,1
110,541,50,0.7,1,NA,0.1,1,1,10,40,"pre_fragmentation","random",21,1902,39,2,1,2499,691,3
110,541,50,0.7,1,NA,0.1,1,1,10,40,"pre_fragmentation","random",21,1902,39,2,1,2499,759,1
110,541,50,0.7,1,NA,0.1,1,1,10,40,"pre_fragmentation","random",21,1902,39,2,1,2499,786,1
110,541,50,0.7,1,NA,0.1,1,1,10,40,"pre_fragmentation","random",22,172,4,22,1,2499,389,1
110,541,50,0.7,1,NA,0.1,1,1,10,40,"pre_fragmentation","random",22,172,4,22,1,2499,413,1
110,541,50,0.7,1,NA,0.1,1,1,10,40,"pre_fragmentation","random",22,172,4,22,1,2499,427,1
110,541,50,0.7,1,NA,0.1,1,1,10,40,"pre_fragmentation","random",22,172,4,22,1,2499,429,1
110,541,50,0.7,1,NA,0.1,1,1,10,40,"pre_fragmentation","random",22,172,4,22,1,2499,454,1
110,541,50,0.7,1,NA,0.1,1,1,10,40,"pre_fragmentation","random",22,172,4,22,1,2499,463,2
110,541,50,0.7,1,NA,0.1,1,1,10,40,"pre_fragmentation","random",22,172,4,22,1,2499,464,1
110,541,50,0.7,1,NA,0.1,1,1,10,40,"pre_fragmentation","random",22,172,4,22,1,2499,471,1
110,541,50,0.7,1,NA,0.1,1,1,10,40,"pre_fragmentation","random",22,172,4,22,1,2499,474,1
110,541,50,0.7,1,NA,0.1,1,1,10,40,"pre_fragmentation","random",22,172,4,22,1,2499,484,1
110,541,50,0.7,1,NA,0.1,1,1,10,40,"pre_fragmentation","random",22,172,4,22,1,2499,486,1
110,541,50,0.7,1,NA,0.1,1,1,10,40,"pre_fragmentation","random",22,172,4,22,1,2499,489,1
110,541,50,0.7,1,NA,0.1,1,1,10,40,"pre_fragmentation","random",22,172,4,22,1,2499,490,2
110,541,50,0.7,1,NA,0.1,1,1,10,40,"pre_fragmentation","random",22,172,4,22,1,2499,491,1
110,541,50,0.7,1,NA,0.1,1,1,10,40,"pre_fragmentation","random",22,172,4,22,1,2499,494,1
110,541,50,0.7,1,NA,0.1,1,1,10,40,"pre_fragmentation","random",22,172,4,22,1,2499,496,5
110,541,50,0.7,1,NA,0.1,1,1,10,40,"pre_fragmentation","random",22,172,4,22,1,2499,497,2
110,541,50,0.7,1,NA,0.1,1,1,10,40,"pre_fragmentation","random",22,172,4,22,1,2499,498,2
110,541,50,0.7,1,NA,0.1,1,1,10,40,"pre_fragmentation","random",22,172,4,22,1,2499,500,1
110,541,50,0.7,1,NA,0.1,1,1,10,40,"pre_fragmentation","random",22,172,4,22,1,2499,507,1
110,541,50,0.7,1,NA,0.1,1,1,10,40,"pre_fragmentation","random",22,172,4,22,1,2499,511,1
110,541,50,0.7,1,NA,0.1,1,1,10,40,"pre_fragmentation","random",22,172,4,22,1,2499,527,1
110,541,50,0.7,1,NA,0.1,1,1,10,40,"pre_fragmentation","random",22,172,4,22,1,2499,529,1
110,541,50,0.7,1,NA,0.1,1,1,10,40,"pre_fragmentation","random",22,172,4,22,1,2499,532,1
110,541,50,0.7,1,NA,0.1,1,1,10,40,"pre_fragmentation","random",22,172,4,22,1,2499,545,1
110,541,50,0.7,1,NA,0.1,1,1,10,40,"pre_fragmentation","random",22,172,4,22,1,2499,548,1
110,541,50,0.7,1,NA,0.1,1,1,10,40,"pre_fragmentation","random",22,172,4,22,1,2499,567,1
110,541,50,0.7,1,NA,0.1,1,1,10,40,"pre_fragmentation","random",22,172,4,22,1,2499,580,1
110,541,50,0.7,1,NA,0.1,1,1,10,40,"pre_fragmentation","random",22,172,4,22,1,2499,639,1
110,541,50,0.7,1,NA,0.1,1,1,10,40,"pre_fragmentation","random",23,565,12,15,1,2499,327,1
110,541,50,0.7,1,NA,0.1,1,1,10,40,"pre_fragmentation","random",23,565,12,15,1,2499,378,1
110,541,50,0.7,1,NA,0.1,1,1,10,40,"pre_fragmentation","random",23,565,12,15,1,2499,387,1
110,541,50,0.7,1,NA,0.1,1,1,10,40,"pre_fragmentation","random",23,565,12,15,1,2499,402,1
110,541,50,0.7,1,NA,0.1,1,1,10,40,"pre_fragmentation","random",23,565,12,15,1,2499,410,1
110,541,50,0.7,1,NA,0.1,1,1,10,40,"pre_fragmentation","random",23,565,12,15,1,2499,413,1
110,541,50,0.7,1,NA,0.1,1,1,10,40,"pre_fragmentation","random",23,565,12,15,1,2499,423,1
110,541,50,0.7,1,NA,0.1,1,1,10,40,"pre_fragmentation","random",23,565,12,15,1,2499,434,1
110,541,50,0.7,1,NA,0.1,1,1,10,40,"pre_fragmentation","random",23,565,12,15,1,2499,438,2
110,541,50,0.7,1,NA,0.1,1,1,10,40,"pre_fragmentation","random",23,565,12,15,1,2499,450,1
110,541,50,0.7,1,NA,0.1,1,1,10,40,"pre_fragmentation","random",23,565,12,15,1,2499,463,1
110,541,50,0.7,1,NA,0.1,1,1,10,40,"pre_fragmentation","random",23,565,12,15,1,2499,471,1
110,541,50,0.7,1,NA,0.1,1,1,10,40,"pre_fragmentation","random",23,565,12,15,1,2499,473,1
110,541,50,0.7,1,NA,0.1,1,1,10,40,"pre_fragmentation","random",23,565,12,15,1,2499,476,1
110,541,50,0.7,1,NA,0.1,1,1,10,40,"pre_fragmentation","random",23,565,12,15,1,2499,477,2
110,541,50,0.7,1,NA,0.1,1,1,10,40,"pre_fragmentation","random",23,565,12,15,1,2499,479,1
110,541,50,0.7,1,NA,0.1,1,1,10,40,"pre_fragmentation","random",23,565,12,15,1,2499,480,1
110,541,50,0.7,1,NA,0.1,1,1,10,40,"pre_fragmentation","random",23,565,12,15,1,2499,481,1
110,541,50,0.7,1,NA,0.1,1,1,10,40,"pre_fragmentation","random",23,565,12,15,1,2499,491,1
110,541,50,0.7,1,NA,0.1,1,1,10,40,"pre_fragmentation","random",23,565,12,15,1,2499,496,3
110,541,50,0.7,1,NA,0.1,1,1,10,40,"pre_fragmentation","random",23,565,12,15,1,2499,498,1
110,541,50,0.7,1,NA,0.1,1,1,10,40,"pre_fragmentation","random",23,565,12,15,1,2499,507,1
110,541,50,0.7,1,NA,0.1,1,1,10,40,"pre_fragmentation","random",23,565,12,15,1,2499,528,1
110,541,50,0.7,1,NA,0.1,1,1,10,40,"pre_fragmentation","random",23,565,12,15,1,2499,530,1
110,541,50,0.7,1,NA,0.1,1,1,10,40,"pre_fragmentation","random",23,565,12,15,1,2499,551,1
110,541,50,0.7,1,NA,0.1,1,1,10,40,"pre_fragmentation","random",23,565,12,15,1,2499,562,1
110,541,50,0.7,1,NA,0.1,1,1,10,40,"pre_fragmentation","random",23,565,12,15,1,2499,567,1
110,541,50,0.7,1,NA,0.1,1,1,10,40,"pre_fragmentation","random",23,565,12,15,1,2499,604,1
110,541,50,0.7,1,NA,0.1,1,1,10,40,"pre_fragmentation","random",23,565,12,15,1,2499,624,1
110,541,50,0.7,1,NA,0.1,1,1,10,40,"pre_fragmentation","random",23,565,12,15,1,2499,658,1
110,541,50,0.7,1,NA,0.1,1,1,10,40,"pre_fragmentation","random",24,2260,46,10,1,2499,594,1
110,541,50,0.7,1,NA,0.1,1,1,10,40,"pre_fragmentation","random",24,2260,46,10,1,2499,641,1
110,541,50,0.7,1,NA,0.1,1,1,10,40,"pre_fragmentation","random",24,2260,46,10,1,2499,765,1
110,541,50,0.7,1,NA,0.1,1,1,10,40,"pre_fragmentation","random",24,2260,46,10,1,2499,771,1
110,541,50,0.7,1,NA,0.1,1,1,10,40,"pre_fragmentation","random",24,2260,46,10,1,2499,823,1
110,541,50,0.7,1,NA,0.1,1,1,10,40,"pre_fragmentation","random",24,2260,46,10,1,2499,842,1
110,541,50,0.7,1,NA,0.1,1,1,10,40,"pre_fragmentation","random",24,2260,46,10,1,2499,846,2
110,541,50,0.7,1,NA,0.1,1,1,10,40,"pre_fragmentation","random",25,495,10,45,1,2499,319,1
110,541,50,0.7,1,NA,0.1,1,1,10,40,"pre_fragmentation","random",25,495,10,45,1,2499,348,1
110,541,50,0.7,1,NA,0.1,1,1,10,40,"pre_fragmentation","random",25,495,10,45,1,2499,359,1
110,541,50,0.7,1,NA,0.1,1,1,10,40,"pre_fragmentation","random",25,495,10,45,1,2499,375,2
110,541,50,0.7,1,NA,0.1,1,1,10,40,"pre_fragmentation","random",25,495,10,45,1,2499,387,1
110,541,50,0.7,1,NA,0.1,1,1,10,40,"pre_fragmentation","random",25,495,10,45,1,2499,389,2
110,541,50,0.7,1,NA,0.1,1,1,10,40,"pre_fragmentation","random",25,495,10,45,1,2499,400,1
110,541,50,0.7,1,NA,0.1,1,1,10,40,"pre_fragmentation","random",25,495,10,45,1,2499,406,1
110,541,50,0.7,1,NA,0.1,1,1,10,40,"pre_fragmentation","random",25,495,10,45,1,2499,408,1
110,541,50,0.7,1,NA,0.1,1,1,10,40,"pre_fragmentation","random",25,495,10,45,1,2499,410,1
110,541,50,0.7,1,NA,0.1,1,1,10,40,"pre_fragmentation","random",25,495,10,45,1,2499,417,2
110,541,50,0.7,1,NA,0.1,1,1,10,40,"pre_fragmentation","random",25,495,10,45,1,2499,427,1
110,541,50,0.7,1,NA,0.1,1,1,10,40,"pre_fragmentation","random",25,495,10,45,1,2499,428,1
110,541,50,0.7,1,NA,0.1,1,1,10,40,"pre_fragmentation","random",25,495,10,45,1,2499,429,1
110,541,50,0.7,1,NA,0.1,1,1,10,40,"pre_fragmentation","random",25,495,10,45,1,2499,431,2
110,541,50,0.7,1,NA,0.1,1,1,10,40,"pre_fragmentation","random",25,495,10,45,1,2499,446,1
110,541,50,0.7,1,NA,0.1,1,1,10,40,"pre_fragmentation","random",25,495,10,45,1,2499,448,1
110,541,50,0.7,1,NA,0.1,1,1,10,40,"pre_fragmentation","random",25,495,10,45,1,2499,453,1
110,541,50,0.7,1,NA,0.1,1,1,10,40,"pre_fragmentation","random",25,495,10,45,1,2499,458,3
110,541,50,0.7,1,NA,0.1,1,1,10,40,"pre_fragmentation","random",25,495,10,45,1,2499,471,1
110,541,50,0.7,1,NA,0.1,1,1,10,40,"pre_fragmentation","random",25,495,10,45,1,2499,479,2
110,541,50,0.7,1,NA,0.1,1,1,10,40,"pre_fragmentation","random",25,495,10,45,1,2499,484,2
110,541,50,0.7,1,NA,0.1,1,1,10,40,"pre_fragmentation","random",25,495,10,45,1,2499,486,1
110,541,50,0.7,1,NA,0.1,1,1,10,40,"pre_fragmentation","random",25,495,10,45,1,2499,490,1
110,541,50,0.7,1,NA,0.1,1,1,10,40,"pre_fragmentation","random",25,495,10,45,1,2499,502,1
110,541,50,0.7,1,NA,0.1,1,1,10,40,"pre_fragmentation","random",25,495,10,45,1,2499,513,1
110,541,50,0.7,1,NA,0.1,1,1,10,40,"pre_fragmentation","random",25,495,10,45,1,2499,517,1
110,541,50,0.7,1,NA,0.1,1,1,10,40,"pre_fragmentation","random",25,495,10,45,1,2499,537,1
110,541,50,0.7,1,NA,0.1,1,1,10,40,"pre_fragmentation","random",25,495,10,45,1,2499,554,1
110,541,50,0.7,1,NA,0.1,1,1,10,40,"pre_fragmentation","random",25,495,10,45,1,2499,562,1
110,541,50,0.7,1,NA,0.1,1,1,10,40,"pre_fragmentation","random",25,495,10,45,1,2499,571,3
110,541,50,0.7,1,NA,0.1,1,1,10,40,"pre_fragmentation","random",25,495,10,45,1,2499,620,1
110,541,50,0.7,1,NA,0.1,1,1,10,40,"pre_fragmentation","random",26,2410,49,10,1,2499,561,1
110,541,50,0.7,1,NA,0.1,1,1,10,40,"pre_fragmentation","random",26,2410,49,10,1,2499,594,2
110,541,50,0.7,1,NA,0.1,1,1,10,40,"pre_fragmentation","random",26,2410,49,10,1,2499,609,1
110,541,50,0.7,1,NA,0.1,1,1,10,40,"pre_fragmentation","random",26,2410,49,10,1,2499,618,1
110,541,50,0.7,1,NA,0.1,1,1,10,40,"pre_fragmentation","random",26,2410,49,10,1,2499,633,1
110,541,50,0.7,1,NA,0.1,1,1,10,40,"pre_fragmentation","random",26,2410,49,10,1,2499,648,1
110,541,50,0.7,1,NA,0.1,1,1,10,40,"pre_fragmentation","random",26,2410,49,10,1,2499,656,1
110,541,50,0.7,1,NA,0.1,1,1,10,40,"pre_fragmentation","random",26,2410,49,10,1,2499,667,1
110,541,50,0.7,1,NA,0.1,1,1,10,40,"pre_fragmentation","random",26,2410,49,10,1,2499,676,1
110,541,50,0.7,1,NA,0.1,1,1,10,40,"pre_fragmentation","random",26,2410,49,10,1,2499,701,1
110,541,50,0.7,1,NA,0.1,1,1,10,40,"pre_fragmentation","random",26,2410,49,10,1,2499,704,1
110,541,50,0.7,1,NA,0.1,1,1,10,40,"pre_fragmentation","random",26,2410,49,10,1,2499,705,1
110,541,50,0.7,1,NA,0.1,1,1,10,40,"pre_fragmentation","random",26,2410,49,10,1,2499,725,1
110,541,50,0.7,1,NA,0.1,1,1,10,40,"pre_fragmentation","random",26,2410,49,10,1,2499,781,1
110,541,50,0.7,1,NA,0.1,1,1,10,40,"pre_fragmentation","random",26,2410,49,10,1,2499,782,1
110,541,50,0.7,1,NA,0.1,1,1,10,40,"pre_fragmentation","random",27,745,15,45,1,2499,294,1
110,541,50,0.7,1,NA,0.1,1,1,10,40,"pre_fragmentation","random",27,745,15,45,1,2499,365,1
110,541,50,0.7,1,NA,0.1,1,1,10,40,"pre_fragmentation","random",27,745,15,45,1,2499,371,1
110,541,50,0.7,1,NA,0.1,1,1,10,40,"pre_fragmentation","random",27,745,15,45,1,2499,372,2
110,541,50,0.7,1,NA,0.1,1,1,10,40,"pre_fragmentation","random",27,745,15,45,1,2499,373,2
110,541,50,0.7,1,NA,0.1,1,1,10,40,"pre_fragmentation","random",27,745,15,45,1,2499,375,1
110,541,50,0.7,1,NA,0.1,1,1,10,40,"pre_fragmentation","random",27,745,15,45,1,2499,377,2
110,541,50,0.7,1,NA,0.1,1,1,10,40,"pre_fragmentation","random",27,745,15,45,1,2499,379,2
110,541,50,0.7,1,NA,0.1,1,1,10,40,"pre_fragmentation","random",27,745,15,45,1,2499,380,2
110,541,50,0.7,1,NA,0.1,1,1,10,40,"pre_fragmentation","random",27,745,15,45,1,2499,382,1
110,541,50,0.7,1,NA,0.1,1,1,10,40,"pre_fragmentation","random",27,745,15,45,1,2499,387,1
110,541,50,0.7,1,NA,0.1,1,1,10,40,"pre_fragmentation","random",27,745,15,45,1,2499,427,1
110,541,50,0.7,1,NA,0.1,1,1,10,40,"pre_fragmentation","random",27,745,15,45,1,2499,428,1
110,541,50,0.7,1,NA,0.1,1,1,10,40,"pre_fragmentation","random",27,745,15,45,1,2499,431,1
110,541,50,0.7,1,NA,0.1,1,1,10,40,"pre_fragmentation","random",27,745,15,45,1,2499,432,1
110,541,50,0.7,1,NA,0.1,1,1,10,40,"pre_fragmentation","random",27,745,15,45,1,2499,446,1
110,541,50,0.7,1,NA,0.1,1,1,10,40,"pre_fragmentation","random",27,745,15,45,1,2499,448,2
110,541,50,0.7,1,NA,0.1,1,1,10,40,"pre_fragmentation","random",27,745,15,45,1,2499,453,1
110,541,50,0.7,1,NA,0.1,1,1,10,40,"pre_fragmentation","random",27,745,15,45,1,2499,468,2
110,541,50,0.7,1,NA,0.1,1,1,10,40,"pre_fragmentation","random",27,745,15,45,1,2499,470,1
110,541,50,0.7,1,NA,0.1,1,1,10,40,"pre_fragmentation","random",27,745,15,45,1,2499,472,2
110,541,50,0.7,1,NA,0.1,1,1,10,40,"pre_fragmentation","random",27,745,15,45,1,2499,476,1
110,541,50,0.7,1,NA,0.1,1,1,10,40,"pre_fragmentation","random",27,745,15,45,1,2499,486,1
110,541,50,0.7,1,NA,0.1,1,1,10,40,"pre_fragmentation","random",27,745,15,45,1,2499,487,1
110,541,50,0.7,1,NA,0.1,1,1,10,40,"pre_fragmentation","random",27,745,15,45,1,2499,489,2
110,541,50,0.7,1,NA,0.1,1,1,10,40,"pre_fragmentation","random",27,745,15,45,1,2499,494,1
110,541,50,0.7,1,NA,0.1,1,1,10,40,"pre_fragmentation","random",27,745,15,45,1,2499,497,1
110,541,50,0.7,1,NA,0.1,1,1,10,40,"pre_fragmentation","random",27,745,15,45,1,2499,500,1
110,541,50,0.7,1,NA,0.1,1,1,10,40,"pre_fragmentation","random",27,745,15,45,1,2499,523,1
110,541,50,0.7,1,NA,0.1,1,1,10,40,"pre_fragmentation","random",27,745,15,45,1,2499,553,1
110,541,50,0.7,1,NA,0.1,1,1,10,40,"pre_fragmentation","random",27,745,15,45,1,2499,565,1
110,541,50,0.7,1,NA,0.1,1,1,10,40,"pre_fragmentation","random",27,745,15,45,1,2499,583,1
110,541,50,0.7,1,NA,0.1,1,1,10,40,"pre_fragmentation","random",28,1702,35,2,1,2499,362,1
110,541,50,0.7,1,NA,0.1,1,1,10,40,"pre_fragmentation","random",28,1702,35,2,1,2499,417,1
110,541,50,0.7,1,NA,0.1,1,1,10,40,"pre_fragmentation","random",28,1702,35,2,1,2499,445,1
110,541,50,0.7,1,NA,0.1,1,1,10,40,"pre_fragmentation","random",28,1702,35,2,1,2499,450,1
110,541,50,0.7,1,NA,0.1,1,1,10,40,"pre_fragmentation","random",28,1702,35,2,1,2499,464,1
110,541,50,0.7,1,NA,0.1,1,1,10,40,"pre_fragmentation","random",28,1702,35,2,1,2499,471,1
110,541,50,0.7,1,NA,0.1,1,1,10,40,"pre_fragmentation","random",28,1702,35,2,1,2499,479,1
110,541,50,0.7,1,NA,0.1,1,1,10,40,"pre_fragmentation","random",28,1702,35,2,1,2499,496,1
110,541,50,0.7,1,NA,0.1,1,1,10,40,"pre_fragmentation","random",28,1702,35,2,1,2499,498,1
110,541,50,0.7,1,NA,0.1,1,1,10,40,"pre_fragmentation","random",28,1702,35,2,1,2499,507,1
110,541,50,0.7,1,NA,0.1,1,1,10,40,"pre_fragmentation","random",28,1702,35,2,1,2499,545,1
110,541,50,0.7,1,NA,0.1,1,1,10,40,"pre_fragmentation","random",28,1702,35,2,1,2499,549,1
110,541,50,0.7,1,NA,0.1,1,1,10,40,"pre_fragmentation","random",28,1702,35,2,1,2499,550,1
110,541,50,0.7,1,NA,0.1,1,1,10,40,"pre_fragmentation","random",28,1702,35,2,1,2499,553,1
110,541,50,0.7,1,NA,0.1,1,1,10,40,"pre_fragmentation","random",28,1702,35,2,1,2499,558,1
110,541,50,0.7,1,NA,0.1,1,1,10,40,"pre_fragmentation","random",28,1702,35,2,1,2499,579,1
110,541,50,0.7,1,NA,0.1,1,1,10,40,"pre_fragmentation","random",28,1702,35,2,1,2499,580,1
110,541,50,0.7,1,NA,0.1,1,1,10,40,"pre_fragmentation","random",28,1702,35,2,1,2499,581,1
110,541,50,0.7,1,NA,0.1,1,1,10,40,"pre_fragmentation","random",28,1702,35,2,1,2499,597,1
110,541,50,0.7,1,NA,0.1,1,1,10,40,"pre_fragmentation","random",28,1702,35,2,1,2499,603,1
110,541,50,0.7,1,NA,0.1,1,1,10,40,"pre_fragmentation","random",28,1702,35,2,1,2499,609,1
110,541,50,0.7,1,NA,0.1,1,1,10,40,"pre_fragmentation","random",28,1702,35,2,1,2499,612,1
110,541,50,0.7,1,NA,0.1,1,1,10,40,"pre_fragmentation","random",28,1702,35,2,1,2499,625,1
110,541,50,0.7,1,NA,0.1,1,1,10,40,"pre_fragmentation","random",28,1702,35,2,1,2499,630,1
110,541,50,0.7,1,NA,0.1,1,1,10,40,"pre_fragmentation","random",28,1702,35,2,1,2499,648,1
110,541,50,0.7,1,NA,0.1,1,1,10,40,"pre_fragmentation","random",28,1702,35,2,1,2499,689,1
110,541,50,0.7,1,NA,0.1,1,1,10,40,"pre_fragmentation","random",28,1702,35,2,1,2499,705,1
110,541,50,0.7,1,NA,0.1,1,1,10,40,"pre_fragmentation","random",28,1702,35,2,1,2499,755,1
110,541,50,0.7,1,NA,0.1,1,1,10,40,"pre_fragmentation","random",28,1702,35,2,1,2499,803,1
110,541,50,0.7,1,NA,0.1,1,1,10,40,"pre_fragmentation","random",29,206,5,6,1,2499,395,2
110,541,50,0.7,1,NA,0.1,1,1,10,40,"pre_fragmentation","random",29,206,5,6,1,2499,402,1
110,541,50,0.7,1,NA,0.1,1,1,10,40,"pre_fragmentation","random",29,206,5,6,1,2499,427,1
110,541,50,0.7,1,NA,0.1,1,1,10,40,"pre_fragmentation","random",29,206,5,6,1,2499,432,1
110,541,50,0.7,1,NA,0.1,1,1,10,40,"pre_fragmentation","random",29,206,5,6,1,2499,455,1
110,541,50,0.7,1,NA,0.1,1,1,10,40,"pre_fragmentation","random",29,206,5,6,1,2499,462,1
110,541,50,0.7,1,NA,0.1,1,1,10,40,"pre_fragmentation","random",29,206,5,6,1,2499,463,1
110,541,50,0.7,1,NA,0.1,1,1,10,40,"pre_fragmentation","random",29,206,5,6,1,2499,464,1
110,541,50,0.7,1,NA,0.1,1,1,10,40,"pre_fragmentation","random",29,206,5,6,1,2499,468,1
110,541,50,0.7,1,NA,0.1,1,1,10,40,"pre_fragmentation","random",29,206,5,6,1,2499,483,1
110,541,50,0.7,1,NA,0.1,1,1,10,40,"pre_fragmentation","random",29,206,5,6,1,2499,490,1
110,541,50,0.7,1,NA,0.1,1,1,10,40,"pre_fragmentation","random",29,206,5,6,1,2499,494,1
110,541,50,0.7,1,NA,0.1,1,1,10,40,"pre_fragmentation","random",29,206,5,6,1,2499,496,1
110,541,50,0.7,1,NA,0.1,1,1,10,40,"pre_fragmentation","random",29,206,5,6,1,2499,502,1
110,541,50,0.7,1,NA,0.1,1,1,10,40,"pre_fragmentation","random",29,206,5,6,1,2499,507,1
110,541,50,0.7,1,NA,0.1,1,1,10,40,"pre_fragmentation","random",29,206,5,6,1,2499,520,1
110,541,50,0.7,1,NA,0.1,1,1,10,40,"pre_fragmentation","random",29,206,5,6,1,2499,523,1
110,541,50,0.7,1,NA,0.1,1,1,10,40,"pre_fragmentation","random",29,206,5,6,1,2499,525,1
110,541,50,0.7,1,NA,0.1,1,1,10,40,"pre_fragmentation","random",29,206,5,6,1,2499,530,1
110,541,50,0.7,1,NA,0.1,1,1,10,40,"pre_fragmentation","random",29,206,5,6,1,2499,532,1
110,541,50,0.7,1,NA,0.1,1,1,10,40,"pre_fragmentation","random",29,206,5,6,1,2499,538,1
110,541,50,0.7,1,NA,0.1,1,1,10,40,"pre_fragmentation","random",29,206,5,6,1,2499,544,1
110,541,50,0.7,1,NA,0.1,1,1,10,40,"pre_fragmentation","random",29,206,5,6,1,2499,546,1
110,541,50,0.7,1,NA,0.1,1,1,10,40,"pre_fragmentation","random",29,206,5,6,1,2499,548,1
110,541,50,0.7,1,NA,0.1,1,1,10,40,"pre_fragmentation","random",29,206,5,6,1,2499,559,1
110,541,50,0.7,1,NA,0.1,1,1,10,40,"pre_fragmentation","random",29,206,5,6,1,2499,562,1
110,541,50,0.7,1,NA,0.1,1,1,10,40,"pre_fragmentation","random",29,206,5,6,1,2499,565,2
110,541,50,0.7,1,NA,0.1,1,1,10,40,"pre_fragmentation","random",29,206,5,6,1,2499,606,1
110,541,50,0.7,1,NA,0.1,1,1,10,40,"pre_fragmentation","random",29,206,5,6,1,2499,613,1
110,541,50,0.7,1,NA,0.1,1,1,10,40,"pre_fragmentation","random",29,206,5,6,1,2499,630,1
110,541,50,0.7,1,NA,0.1,1,1,10,40,"pre_fragmentation","random",29,206,5,6,1,2499,648,1
110,541,50,0.7,1,NA,0.1,1,1,10,40,"pre_fragmentation","random",29,206,5,6,1,2499,655,1
110,541,50,0.7,1,NA,0.1,1,1,10,40,"pre_fragmentation","random",29,206,5,6,1,2499,662,1
110,541,50,0.7,1,NA,0.1,1,1,10,40,"pre_fragmentation","random",29,206,5,6,1,2499,673,1
110,541,50,0.7,1,NA,0.1,1,1,10,40,"pre_fragmentation","random",29,206,5,6,1,2499,696,1
110,541,50,0.7,1,NA,0.1,1,1,10,40,"pre_fragmentation","random",30,2452,50,2,1,2499,455,1
110,541,50,0.7,1,NA,0.1,1,1,10,40,"pre_fragmentation","random",30,2452,50,2,1,2499,544,1
110,541,50,0.7,1,NA,0.1,1,1,10,40,"pre_fragmentation","random",30,2452,50,2,1,2499,630,1
110,541,50,0.7,1,NA,0.1,1,1,10,40,"pre_fragmentation","random",30,2452,50,2,1,2499,684,1
110,541,50,0.7,1,NA,0.1,1,1,10,40,"pre_fragmentation","random",30,2452,50,2,1,2499,720,1
110,541,50,0.7,1,NA,0.1,1,1,10,40,"pre_fragmentation","random",30,2452,50,2,1,2499,757,1
110,541,50,0.7,1,NA,0.1,1,1,10,40,"pre_fragmentation","random",30,2452,50,2,1,2499,765,1
110,541,50,0.7,1,NA,0.1,1,1,10,40,"pre_fragmentation","random",30,2452,50,2,1,2499,766,1
110,541,50,0.7,1,NA,0.1,1,1,10,40,"pre_fragmentation","random",30,2452,50,2,1,2499,774,1
110,541,50,0.7,1,NA,0.1,1,1,10,40,"pre_fragmentation","random",30,2452,50,2,1,2499,790,1
110,541,50,0.7,1,NA,0.1,1,1,10,40,"pre_fragmentation","random",30,2452,50,2,1,2499,809,1
110,541,50,0.7,1,NA,0.1,1,1,10,40,"pre_fragmentation","random",30,2452,50,2,1,2499,842,1
110,541,50,0.7,0.15,0.5,0.1,1,1,10,40,"post_fragmentation","random",1,361,8,11,3,5,239,1
110,541,50,0.7,0.15,0.5,0.1,1,1,10,40,"post_fragmentation","random",1,361,8,11,3,5,319,1
110,541,50,0.7,0.15,0.5,0.1,1,1,10,40,"post_fragmentation","random",1,361,8,11,3,5,340,1
110,541,50,0.7,0.15,0.5,0.1,1,1,10,40,"post_fragmentation","random",1,361,8,11,3,5,367,1
110,541,50,0.7,0.15,0.5,0.1,1,1,10,40,"post_fragmentation","random",1,361,8,11,3,5,370,1
110,541,50,0.7,0.15,0.5,0.1,1,1,10,40,"post_fragmentation","random",1,361,8,11,3,5,373,2
110,541,50,0.7,0.15,0.5,0.1,1,1,10,40,"post_fragmentation","random",1,361,8,11,3,5,375,2
110,541,50,0.7,0.15,0.5,0.1,1,1,10,40,"post_fragmentation","random",1,361,8,11,3,5,386,1
110,541,50,0.7,0.15,0.5,0.1,1,1,10,40,"post_fragmentation","random",1,361,8,11,3,5,390,2
110,541,50,0.7,0.15,0.5,0.1,1,1,10,40,"post_fragmentation","random",1,361,8,11,3,5,395,1
110,541,50,0.7,0.15,0.5,0.1,1,1,10,40,"post_fragmentation","random",1,361,8,11,3,5,410,1
110,541,50,0.7,0.15,0.5,0.1,1,1,10,40,"post_fragmentation","random",1,361,8,11,3,5,417,3
110,541,50,0.7,0.15,0.5,0.1,1,1,10,40,"post_fragmentation","random",1,361,8,11,3,5,438,1
110,541,50,0.7,0.15,0.5,0.1,1,1,10,40,"post_fragmentation","random",1,361,8,11,3,5,439,2
110,541,50,0.7,0.15,0.5,0.1,1,1,10,40,"post_fragmentation","random",1,361,8,11,3,5,446,1
110,541,50,0.7,0.15,0.5,0.1,1,1,10,40,"post_fragmentation","random",1,361,8,11,3,5,451,1
110,541,50,0.7,0.15,0.5,0.1,1,1,10,40,"post_fragmentation","random",1,361,8,11,3,5,462,2
110,541,50,0.7,0.15,0.5,0.1,1,1,10,40,"post_fragmentation","random",1,361,8,11,3,5,463,1
110,541,50,0.7,0.15,0.5,0.1,1,1,10,40,"post_fragmentation","random",1,361,8,11,3,5,464,1
110,541,50,0.7,0.15,0.5,0.1,1,1,10,40,"post_fragmentation","random",1,361,8,11,3,5,478,1
110,541,50,0.7,0.15,0.5,0.1,1,1,10,40,"post_fragmentation","random",1,361,8,11,3,5,485,1
110,541,50,0.7,0.15,0.5,0.1,1,1,10,40,"post_fragmentation","random",1,361,8,11,3,5,487,1
110,541,50,0.7,0.15,0.5,0.1,1,1,10,40,"post_fragmentation","random",1,361,8,11,3,5,488,1
110,541,50,0.7,0.15,0.5,0.1,1,1,10,40,"post_fragmentation","random",1,361,8,11,3,5,491,1
110,541,50,0.7,0.15,0.5,0.1,1,1,10,40,"post_fragmentation","random",1,361,8,11,3,5,507,1
110,541,50,0.7,0.15,0.5,0.1,1,1,10,40,"post_fragmentation","random",1,361,8,11,3,5,537,2
110,541,50,0.7,0.15,0.5,0.1,1,1,10,40,"post_fragmentation","random",1,361,8,11,3,5,546,1
110,541,50,0.7,0.15,0.5,0.1,1,1,10,40,"post_fragmentation","random",1,361,8,11,3,5,548,1
110,541,50,0.7,0.15,0.5,0.1,1,1,10,40,"post_fragmentation","random",1,361,8,11,3,5,550,1
110,541,50,0.7,0.15,0.5,0.1,1,1,10,40,"post_fragmentation","random",1,361,8,11,3,5,554,1
110,541,50,0.7,0.15,0.5,0.1,1,1,10,40,"post_fragmentation","random",1,361,8,11,3,5,562,1
110,541,50,0.7,0.15,0.5,0.1,1,1,10,40,"post_fragmentation","random",1,361,8,11,3,5,580,1
110,541,50,0.7,0.15,0.5,0.1,1,1,10,40,"post_fragmentation","random",1,361,8,11,3,5,584,1
110,541,50,0.7,0.15,0.5,0.1,1,1,10,40,"post_fragmentation","random",1,361,8,11,3,5,614,1
110,541,50,0.7,0.15,0.5,0.1,1,1,10,40,"post_fragmentation","random",2,707,15,7,4,324,85,1
110,541,50,0.7,0.15,0.5,0.1,1,1,10,40,"post_fragmentation","random",2,707,15,7,4,324,219,1
110,541,50,0.7,0.15,0.5,0.1,1,1,10,40,"post_fragmentation","random",2,707,15,7,4,324,303,1
110,541,50,0.7,0.15,0.5,0.1,1,1,10,40,"post_fragmentation","random",2,707,15,7,4,324,314,1
110,541,50,0.7,0.15,0.5,0.1,1,1,10,40,"post_fragmentation","random",2,707,15,7,4,324,319,2
110,541,50,0.7,0.15,0.5,0.1,1,1,10,40,"post_fragmentation","random",2,707,15,7,4,324,331,1
110,541,50,0.7,0.15,0.5,0.1,1,1,10,40,"post_fragmentation","random",2,707,15,7,4,324,344,1
110,541,50,0.7,0.15,0.5,0.1,1,1,10,40,"post_fragmentation","random",2,707,15,7,4,324,349,1
110,541,50,0.7,0.15,0.5,0.1,1,1,10,40,"post_fragmentation","random",2,707,15,7,4,324,352,2
110,541,50,0.7,0.15,0.5,0.1,1,1,10,40,"post_fragmentation","random",2,707,15,7,4,324,364,1
110,541,50,0.7,0.15,0.5,0.1,1,1,10,40,"post_fragmentation","random",2,707,15,7,4,324,365,5
110,541,50,0.7,0.15,0.5,0.1,1,1,10,40,"post_fragmentation","random",2,707,15,7,4,324,366,2
110,541,50,0.7,0.15,0.5,0.1,1,1,10,40,"post_fragmentation","random",2,707,15,7,4,324,370,1
110,541,50,0.7,0.15,0.5,0.1,1,1,10,40,"post_fragmentation","random",2,707,15,7,4,324,373,1
110,541,50,0.7,0.15,0.5,0.1,1,1,10,40,"post_fragmentation","random",2,707,15,7,4,324,375,2
110,541,50,0.7,0.15,0.5,0.1,1,1,10,40,"post_fragmentation","random",2,707,15,7,4,324,380,1
110,541,50,0.7,0.15,0.5,0.1,1,1,10,40,"post_fragmentation","random",2,707,15,7,4,324,402,1
110,541,50,0.7,0.15,0.5,0.1,1,1,10,40,"post_fragmentation","random",2,707,15,7,4,324,410,1
110,541,50,0.7,0.15,0.5,0.1,1,1,10,40,"post_fragmentation","random",2,707,15,7,4,324,413,1
110,541,50,0.7,0.15,0.5,0.1,1,1,10,40,"post_fragmentation","random",2,707,15,7,4,324,414,1
110,541,50,0.7,0.15,0.5,0.1,1,1,10,40,"post_fragmentation","random",2,707,15,7,4,324,419,1
110,541,50,0.7,0.15,0.5,0.1,1,1,10,40,"post_fragmentation","random",2,707,15,7,4,324,427,1
110,541,50,0.7,0.15,0.5,0.1,1,1,10,40,"post_fragmentation","random",2,707,15,7,4,324,432,1
110,541,50,0.7,0.15,0.5,0.1,1,1,10,40,"post_fragmentation","random",2,707,15,7,4,324,438,1
110,541,50,0.7,0.15,0.5,0.1,1,1,10,40,"post_fragmentation","random",2,707,15,7,4,324,445,1
110,541,50,0.7,0.15,0.5,0.1,1,1,10,40,"post_fragmentation","random",2,707,15,7,4,324,458,1
110,541,50,0.7,0.15,0.5,0.1,1,1,10,40,"post_fragmentation","random",2,707,15,7,4,324,464,1
110,541,50,0.7,0.15,0.5,0.1,1,1,10,40,"post_fragmentation","random",2,707,15,7,4,324,471,1
110,541,50,0.7,0.15,0.5,0.1,1,1,10,40,"post_fragmentation","random",2,707,15,7,4,324,483,1
110,541,50,0.7,0.15,0.5,0.1,1,1,10,40,"post_fragmentation","random",3,606,13,6,4,324,284,1
110,541,50,0.7,0.15,0.5,0.1,1,1,10,40,"post_fragmentation","random",3,606,13,6,4,324,319,2
110,541,50,0.7,0.15,0.5,0.1,1,1,10,40,"post_fragmentation","random",3,606,13,6,4,324,322,1
110,541,50,0.7,0.15,0.5,0.1,1,1,10,40,"post_fragmentation","random",3,606,13,6,4,324,331,1
110,541,50,0.7,0.15,0.5,0.1,1,1,10,40,"post_fragmentation","random",3,606,13,6,4,324,337,1
110,541,50,0.7,0.15,0.5,0.1,1,1,10,40,"post_fragmentation","random",3,606,13,6,4,324,340,1
110,541,50,0.7,0.15,0.5,0.1,1,1,10,40,"post_fragmentation","random",3,606,13,6,4,324,348,1
110,541,50,0.7,0.15,0.5,0.1,1,1,10,40,"post_fragmentation","random",3,606,13,6,4,324,349,1
110,541,50,0.7,0.15,0.5,0.1,1,1,10,40,"post_fragmentation","random",3,606,13,6,4,324,361,1
110,541,50,0.7,0.15,0.5,0.1,1,1,10,40,"post_fragmentation","random",3,606,13,6,4,324,365,1
110,541,50,0.7,0.15,0.5,0.1,1,1,10,40,"post_fragmentation","random",3,606,13,6,4,324,368,1
110,541,50,0.7,0.15,0.5,0.1,1,1,10,40,"post_fragmentation","random",3,606,13,6,4,324,370,1
110,541,50,0.7,0.15,0.5,0.1,1,1,10,40,"post_fragmentation","random",3,606,13,6,4,324,371,2
110,541,50,0.7,0.15,0.5,0.1,1,1,10,40,"post_fragmentation","random",3,606,13,6,4,324,372,3
110,541,50,0.7,0.15,0.5,0.1,1,1,10,40,"post_fragmentation","random",3,606,13,6,4,324,373,1
110,541,50,0.7,0.15,0.5,0.1,1,1,10,40,"post_fragmentation","random",3,606,13,6,4,324,380,1
110,541,50,0.7,0.15,0.5,0.1,1,1,10,40,"post_fragmentation","random",3,606,13,6,4,324,390,1
110,541,50,0.7,0.15,0.5,0.1,1,1,10,40,"post_fragmentation","random",3,606,13,6,4,324,395,1
110,541,50,0.7,0.15,0.5,0.1,1,1,10,40,"post_fragmentation","random",3,606,13,6,4,324,413,1
110,541,50,0.7,0.15,0.5,0.1,1,1,10,40,"post_fragmentation","random",3,606,13,6,4,324,427,1
110,541,50,0.7,0.15,0.5,0.1,1,1,10,40,"post_fragmentation","random",3,606,13,6,4,324,432,2
110,541,50,0.7,0.15,0.5,0.1,1,1,10,40,"post_fragmentation","random",3,606,13,6,4,324,439,1
110,541,50,0.7,0.15,0.5,0.1,1,1,10,40,"post_fragmentation","random",3,606,13,6,4,324,446,1
110,541,50,0.7,0.15,0.5,0.1,1,1,10,40,"post_fragmentation","random",3,606,13,6,4,324,447,1
110,541,50,0.7,0.15,0.5,0.1,1,1,10,40,"post_fragmentation","random",3,606,13,6,4,324,458,1
110,541,50,0.7,0.15,0.5,0.1,1,1,10,40,"post_fragmentation","random",3,606,13,6,4,324,464,1
110,541,50,0.7,0.15,0.5,0.1,1,1,10,40,"post_fragmentation","random",3,606,13,6,4,324,518,1
110,541,50,0.7,0.15,0.5,0.1,1,1,10,40,"post_fragmentation","random",4,764,16,14,4,324,255,1
110,541,50,0.7,0.15,0.5,0.1,1,1,10,40,"post_fragmentation","random",4,764,16,14,4,324,277,1
110,541,50,0.7,0.15,0.5,0.1,1,1,10,40,"post_fragmentation","random",4,764,16,14,4,324,284,1
110,541,50,0.7,0.15,0.5,0.1,1,1,10,40,"post_fragmentation","random",4,764,16,14,4,324,319,1
110,541,50,0.7,0.15,0.5,0.1,1,1,10,40,"post_fragmentation","random",4,764,16,14,4,324,352,2
110,541,50,0.7,0.15,0.5,0.1,1,1,10,40,"post_fragmentation","random",4,764,16,14,4,324,354,1
110,541,50,0.7,0.15,0.5,0.1,1,1,10,40,"post_fragmentation","random",4,764,16,14,4,324,357,2
110,541,50,0.7,0.15,0.5,0.1,1,1,10,40,"post_fragmentation","random",4,764,16,14,4,324,363,1
110,541,50,0.7,0.15,0.5,0.1,1,1,10,40,"post_fragmentation","random",4,764,16,14,4,324,371,1
110,541,50,0.7,0.15,0.5,0.1,1,1,10,40,"post_fragmentation","random",4,764,16,14,4,324,372,1
110,541,50,0.7,0.15,0.5,0.1,1,1,10,40,"post_fragmentation","random",4,764,16,14,4,324,377,1
110,541,50,0.7,0.15,0.5,0.1,1,1,10,40,"post_fragmentation","random",4,764,16,14,4,324,378,2
110,541,50,0.7,0.15,0.5,0.1,1,1,10,40,"post_fragmentation","random",4,764,16,14,4,324,386,1
110,541,50,0.7,0.15,0.5,0.1,1,1,10,40,"post_fragmentation","random",4,764,16,14,4,324,400,1
110,541,50,0.7,0.15,0.5,0.1,1,1,10,40,"post_fragmentation","random",4,764,16,14,4,324,407,1
110,541,50,0.7,0.15,0.5,0.1,1,1,10,40,"post_fragmentation","random",4,764,16,14,4,324,408,1
110,541,50,0.7,0.15,0.5,0.1,1,1,10,40,"post_fragmentation","random",4,764,16,14,4,324,413,1
110,541,50,0.7,0.15,0.5,0.1,1,1,10,40,"post_fragmentation","random",4,764,16,14,4,324,416,1
110,541,50,0.7,0.15,0.5,0.1,1,1,10,40,"post_fragmentation","random",4,764,16,14,4,324,421,1
110,541,50,0.7,0.15,0.5,0.1,1,1,10,40,"post_fragmentation","random",4,764,16,14,4,324,427,2
110,541,50,0.7,0.15,0.5,0.1,1,1,10,40,"post_fragmentation","random",4,764,16,14,4,324,431,2
110,541,50,0.7,0.15,0.5,0.1,1,1,10,40,"post_fragmentation","random",4,764,16,14,4,324,432,2
110,541,50,0.7,0.15,0.5,0.1,1,1,10,40,"post_fragmentation","random",4,764,16,14,4,324,439,1
110,541,50,0.7,0.15,0.5,0.1,1,1,10,40,"post_fragmentation","random",4,764,16,14,4,324,445,1
110,541,50,0.7,0.15,0.5,0.1,1,1,10,40,"post_fragmentation","random",4,764,16,14,4,324,446,1
110,541,50,0.7,0.15,0.5,0.1,1,1,10,40,"post_fragmentation","random",4,764,16,14,4,324,473,1
110,541,50,0.7,0.15,0.5,0.1,1,1,10,40,"post_fragmentation","random",4,764,16,14,4,324,485,1
110,541,50,0.7,0.15,0.5,0.1,1,1,10,40,"post_fragmentation","random",4,764,16,14,4,324,523,1
110,541,50,0.7,0.15,0.5,0.1,1,1,10,40,"post_fragmentation","random",5,917,19,17,4,324,219,1
110,541,50,0.7,0.15,0.5,0.1,1,1,10,40,"post_fragmentation","random",5,917,19,17,4,324,294,1
110,541,50,0.7,0.15,0.5,0.1,1,1,10,40,"post_fragmentation","random",5,917,19,17,4,324,309,1
110,541,50,0.7,0.15,0.5,0.1,1,1,10,40,"post_fragmentation","random",5,917,19,17,4,324,330,1
110,541,50,0.7,0.15,0.5,0.1,1,1,10,40,"post_fragmentation","random",5,917,19,17,4,324,338,1
110,541,50,0.7,0.15,0.5,0.1,1,1,10,40,"post_fragmentation","random",5,917,19,17,4,324,346,2
110,541,50,0.7,0.15,0.5,0.1,1,1,10,40,"post_fragmentation","random",5,917,19,17,4,324,366,1
110,541,50,0.7,0.15,0.5,0.1,1,1,10,40,"post_fragmentation","random",5,917,19,17,4,324,367,1
110,541,50,0.7,0.15,0.5,0.1,1,1,10,40,"post_fragmentation","random",5,917,19,17,4,324,368,2
110,541,50,0.7,0.15,0.5,0.1,1,1,10,40,"post_fragmentation","random",5,917,19,17,4,324,370,1
110,541,50,0.7,0.15,0.5,0.1,1,1,10,40,"post_fragmentation","random",5,917,19,17,4,324,373,1
110,541,50,0.7,0.15,0.5,0.1,1,1,10,40,"post_fragmentation","random",5,917,19,17,4,324,389,1
110,541,50,0.7,0.15,0.5,0.1,1,1,10,40,"post_fragmentation","random",5,917,19,17,4,324,413,1
110,541,50,0.7,0.15,0.5,0.1,1,1,10,40,"post_fragmentation","random",5,917,19,17,4,324,414,2
110,541,50,0.7,0.15,0.5,0.1,1,1,10,40,"post_fragmentation","random",5,917,19,17,4,324,428,2
110,541,50,0.7,0.15,0.5,0.1,1,1,10,40,"post_fragmentation","random",5,917,19,17,4,324,435,1
110,541,50,0.7,0.15,0.5,0.1,1,1,10,40,"post_fragmentation","random",5,917,19,17,4,324,454,2
110,541,50,0.7,0.15,0.5,0.1,1,1,10,40,"post_fragmentation","random",6,1304,27,4,4,324,283,1
110,541,50,0.7,0.15,0.5,0.1,1,1,10,40,"post_fragmentation","random",6,1304,27,4,4,324,345,1
110,541,50,0.7,0.15,0.5,0.1,1,1,10,40,"post_fragmentation","random",6,1304,27,4,4,324,370,1
110,541,50,0.7,0.15,0.5,0.1,1,1,10,40,"post_fragmentation","random",6,1304,27,4,4,324,371,3
110,541,50,0.7,0.15,0.5,0.1,1,1,10,40,"post_fragmentation","random",6,1304,27,4,4,324,375,1
110,541,50,0.7,0.15,0.5,0.1,1,1,10,40,"post_fragmentation","random",6,1304,27,4,4,324,377,1
110,541,50,0.7,0.15,0.5,0.1,1,1,10,40,"post_fragmentation","random",6,1304,27,4,4,324,388,1
110,541,50,0.7,0.15,0.5,0.1,1,1,10,40,"post_fragmentation","random",6,1304,27,4,4,324,390,1
110,541,50,0.7,0.15,0.5,0.1,1,1,10,40,"post_fragmentation","random",6,1304,27,4,4,324,405,2
110,541,50,0.7,0.15,0.5,0.1,1,1,10,40,"post_fragmentation","random",6,1304,27,4,4,324,407,2
110,541,50,0.7,0.15,0.5,0.1,1,1,10,40,"post_fragmentation","random",6,1304,27,4,4,324,410,1
110,541,50,0.7,0.15,0.5,0.1,1,1,10,40,"post_fragmentation","random",6,1304,27,4,4,324,416,1
110,541,50,0.7,0.15,0.5,0.1,1,1,10,40,"post_fragmentation","random",6,1304,27,4,4,324,417,1
110,541,50,0.7,0.15,0.5,0.1,1,1,10,40,"post_fragmentation","random",6,1304,27,4,4,324,427,1
110,541,50,0.7,0.15,0.5,0.1,1,1,10,40,"post_fragmentation","random",6,1304,27,4,4,324,458,2
110,541,50,0.7,0.15,0.5,0.1,1,1,10,40,"post_fragmentation","random",6,1304,27,4,4,324,464,1
110,541,50,0.7,0.15,0.5,0.1,1,1,10,40,"post_fragmentation","random",6,1304,27,4,4,324,469,1
110,541,50,0.7,0.15,0.5,0.1,1,1,10,40,"post_fragmentation","random",6,1304,27,4,4,324,478,1
110,541,50,0.7,0.15,0.5,0.1,1,1,10,40,"post_fragmentation","random",6,1304,27,4,4,324,486,1
110,541,50,0.7,0.15,0.5,0.1,1,1,10,40,"post_fragmentation","random",6,1304,27,4,4,324,490,1
110,541,50,0.7,0.15,0.5,0.1,1,1,10,40,"post_fragmentation","random",6,1304,27,4,4,324,491,2
110,541,50,0.7,0.15,0.5,0.1,1,1,10,40,"post_fragmentation","random",6,1304,27,4,4,324,496,1
110,541,50,0.7,0.15,0.5,0.1,1,1,10,40,"post_fragmentation","random",6,1304,27,4,4,324,505,1
110,541,50,0.7,0.15,0.5,0.1,1,1,10,40,"post_fragmentation","random",6,1304,27,4,4,324,507,1
110,541,50,0.7,0.15,0.5,0.1,1,1,10,40,"post_fragmentation","random",6,1304,27,4,4,324,525,1
110,541,50,0.7,0.15,0.5,0.1,1,1,10,40,"post_fragmentation","random",6,1304,27,4,4,324,545,1
110,541,50,0.7,0.15,0.5,0.1,1,1,10,40,"post_fragmentation","random",6,1304,27,4,4,324,549,1
110,541,50,0.7,0.15,0.5,0.1,1,1,10,40,"post_fragmentation","random",6,1304,27,4,4,324,550,1
110,541,50,0.7,0.15,0.5,0.1,1,1,10,40,"post_fragmentation","random",6,1304,27,4,4,324,553,1
110,541,50,0.7,0.15,0.5,0.1,1,1,10,40,"post_fragmentation","random",6,1304,27,4,4,324,594,1
110,541,50,0.7,0.15,0.5,0.1,1,1,10,40,"post_fragmentation","random",7,1106,23,6,4,324,100,1
110,541,50,0.7,0.15,0.5,0.1,1,1,10,40,"post_fragmentation","random",7,1106,23,6,4,324,303,1
110,541,50,0.7,0.15,0.5,0.1,1,1,10,40,"post_fragmentation","random",7,1106,23,6,4,324,327,1
110,541,50,0.7,0.15,0.5,0.1,1,1,10,40,"post_fragmentation","random",7,1106,23,6,4,324,331,1
110,541,50,0.7,0.15,0.5,0.1,1,1,10,40,"post_fragmentation","random",7,1106,23,6,4,324,340,2
110,541,50,0.7,0.15,0.5,0.1,1,1,10,40,"post_fragmentation","random",7,1106,23,6,4,324,349,1
110,541,50,0.7,0.15,0.5,0.1,1,1,10,40,"post_fragmentation","random",7,1106,23,6,4,324,352,3
110,541,50,0.7,0.15,0.5,0.1,1,1,10,40,"post_fragmentation","random",7,1106,23,6,4,324,359,1
110,541,50,0.7,0.15,0.5,0.1,1,1,10,40,"post_fragmentation","random",7,1106,23,6,4,324,363,1
110,541,50,0.7,0.15,0.5,0.1,1,1,10,40,"post_fragmentation","random",7,1106,23,6,4,324,370,1
110,541,50,0.7,0.15,0.5,0.1,1,1,10,40,"post_fragmentation","random",7,1106,23,6,4,324,389,1
110,541,50,0.7,0.15,0.5,0.1,1,1,10,40,"post_fragmentation","random",7,1106,23,6,4,324,398,1
110,541,50,0.7,0.15,0.5,0.1,1,1,10,40,"post_fragmentation","random",7,1106,23,6,4,324,405,1
110,541,50,0.7,0.15,0.5,0.1,1,1,10,40,"post_fragmentation","random",7,1106,23,6,4,324,413,1
110,541,50,0.7,0.15,0.5,0.1,1,1,10,40,"post_fragmentation","random",7,1106,23,6,4,324,421,1
110,541,50,0.7,0.15,0.5,0.1,1,1,10,40,"post_fragmentation","random",7,1106,23,6,4,324,427,1
110,541,50,0.7,0.15,0.5,0.1,1,1,10,40,"post_fragmentation","random",7,1106,23,6,4,324,436,1
110,541,50,0.7,0.15,0.5,0.1,1,1,10,40,"post_fragmentation","random",7,1106,23,6,4,324,445,1
110,541,50,0.7,0.15,0.5,0.1,1,1,10,40,"post_fragmentation","random",7,1106,23,6,4,324,458,1
110,541,50,0.7,0.15,0.5,0.1,1,1,10,40,"post_fragmentation","random",7,1106,23,6,4,324,463,1
110,541,50,0.7,0.15,0.5,0.1,1,1,10,40,"post_fragmentation","random",7,1106,23,6,4,324,467,1
110,541,50,0.7,0.15,0.5,0.1,1,1,10,40,"post_fragmentation","random",7,1106,23,6,4,324,488,2
110,541,50,0.7,0.15,0.5,0.1,1,1,10,40,"post_fragmentation","random",7,1106,23,6,4,324,492,1
110,541,50,0.7,0.15,0.5,0.1,1,1,10,40,"post_fragmentation","random",7,1106,23,6,4,324,500,1
110,541,50,0.7,0.15,0.5,0.1,1,1,10,40,"post_fragmentation","random",8,755,16,5,4,324,281,1
110,541,50,0.7,0.15,0.5,0.1,1,1,10,40,"post_fragmentation","random",8,755,16,5,4,324,283,1
110,541,50,0.7,0.15,0.5,0.1,1,1,10,40,"post_fragmentation","random",8,755,16,5,4,324,301,1
110,541,50,0.7,0.15,0.5,0.1,1,1,10,40,"post_fragmentation","random",8,755,16,5,4,324,307,1
110,541,50,0.7,0.15,0.5,0.1,1,1,10,40,"post_fragmentation","random",8,755,16,5,4,324,311,1
110,541,50,0.7,0.15,0.5,0.1,1,1,10,40,"post_fragmentation","random",8,755,16,5,4,324,316,1
110,541,50,0.7,0.15,0.5,0.1,1,1,10,40,"post_fragmentation","random",8,755,16,5,4,324,319,1
110,541,50,0.7,0.15,0.5,0.1,1,1,10,40,"post_fragmentation","random",8,755,16,5,4,324,346,1
110,541,50,0.7,0.15,0.5,0.1,1,1,10,40,"post_fragmentation","random",8,755,16,5,4,324,352,1
110,541,50,0.7,0.15,0.5,0.1,1,1,10,40,"post_fragmentation","random",8,755,16,5,4,324,357,1
110,541,50,0.7,0.15,0.5,0.1,1,1,10,40,"post_fragmentation","random",8,755,16,5,4,324,359,1
110,541,50,0.7,0.15,0.5,0.1,1,1,10,40,"post_fragmentation","random",8,755,16,5,4,324,361,1
110,541,50,0.7,0.15,0.5,0.1,1,1,10,40,"post_fragmentation","random",8,755,16,5,4,324,371,1
110,541,50,0.7,0.15,0.5,0.1,1,1,10,40,"post_fragmentation","random",8,755,16,5,4,324,372,2
110,541,50,0.7,0.15,0.5,0.1,1,1,10,40,"post_fragmentation","random",8,755,16,5,4,324,373,1
110,541,50,0.7,0.15,0.5,0.1,1,1,10,40,"post_fragmentation","random",8,755,16,5,4,324,378,1
110,541,50,0.7,0.15,0.5,0.1,1,1,10,40,"post_fragmentation","random",8,755,16,5,4,324,379,1
110,541,50,0.7,0.15,0.5,0.1,1,1,10,40,"post_fragmentation","random",8,755,16,5,4,324,380,2
110,541,50,0.7,0.15,0.5,0.1,1,1,10,40,"post_fragmentation","random",8,755,16,5,4,324,385,1
110,541,50,0.7,0.15,0.5,0.1,1,1,10,40,"post_fragmentation","random",8,755,16,5,4,324,386,1
110,541,50,0.7,0.15,0.5,0.1,1,1,10,40,"post_fragmentation","random",8,755,16,5,4,324,402,1
110,541,50,0.7,0.15,0.5,0.1,1,1,10,40,"post_fragmentation","random",8,755,16,5,4,324,417,2
110,541,50,0.7,0.15,0.5,0.1,1,1,10,40,"post_fragmentation","random",8,755,16,5,4,324,422,1
110,541,50,0.7,0.15,0.5,0.1,1,1,10,40,"post_fragmentation","random",8,755,16,5,4,324,424,1
110,541,50,0.7,0.15,0.5,0.1,1,1,10,40,"post_fragmentation","random",8,755,16,5,4,324,427,1
110,541,50,0.7,0.15,0.5,0.1,1,1,10,40,"post_fragmentation","random",8,755,16,5,4,324,439,2
110,541,50,0.7,0.15,0.5,0.1,1,1,10,40,"post_fragmentation","random",8,755,16,5,4,324,445,1
110,541,50,0.7,0.15,0.5,0.1,1,1,10,40,"post_fragmentation","random",8,755,16,5,4,324,451,1
110,541,50,0.7,0.15,0.5,0.1,1,1,10,40,"post_fragmentation","random",8,755,16,5,4,324,455,1
110,541,50,0.7,0.15,0.5,0.1,1,1,10,40,"post_fragmentation","random",8,755,16,5,4,324,462,1
110,541,50,0.7,0.15,0.5,0.1,1,1,10,40,"post_fragmentation","random",8,755,16,5,4,324,464,2
110,541,50,0.7,0.15,0.5,0.1,1,1,10,40,"post_fragmentation","random",8,755,16,5,4,324,466,1
110,541,50,0.7,0.15,0.5,0.1,1,1,10,40,"post_fragmentation","random",8,755,16,5,4,324,478,1
110,541,50,0.7,0.15,0.5,0.1,1,1,10,40,"post_fragmentation","random",8,755,16,5,4,324,479,1
110,541,50,0.7,0.15,0.5,0.1,1,1,10,40,"post_fragmentation","random",8,755,16,5,4,324,486,1
110,541,50,0.7,0.15,0.5,0.1,1,1,10,40,"post_fragmentation","random",8,755,16,5,4,324,488,1
110,541,50,0.7,0.15,0.5,0.1,1,1,10,40,"post_fragmentation","random",9,1103,23,3,4,324,277,1
110,541,50,0.7,0.15,0.5,0.1,1,1,10,40,"post_fragmentation","random",9,1103,23,3,4,324,292,1
110,541,50,0.7,0.15,0.5,0.1,1,1,10,40,"post_fragmentation","random",9,1103,23,3,4,324,333,1
110,541,50,0.7,0.15,0.5,0.1,1,1,10,40,"post_fragmentation","random",9,1103,23,3,4,324,375,1
110,541,50,0.7,0.15,0.5,0.1,1,1,10,40,"post_fragmentation","random",9,1103,23,3,4,324,379,1
110,541,50,0.7,0.15,0.5,0.1,1,1,10,40,"post_fragmentation","random",9,1103,23,3,4,324,395,1
110,541,50,0.7,0.15,0.5,0.1,1,1,10,40,"post_fragmentation","random",9,1103,23,3,4,324,402,2
110,541,50,0.7,0.15,0.5,0.1,1,1,10,40,"post_fragmentation","random",9,1103,23,3,4,324,413,1
110,541,50,0.7,0.15,0.5,0.1,1,1,10,40,"post_fragmentation","random",9,1103,23,3,4,324,414,2
110,541,50,0.7,0.15,0.5,0.1,1,1,10,40,"post_fragmentation","random",9,1103,23,3,4,324,421,1
110,541,50,0.7,0.15,0.5,0.1,1,1,10,40,"post_fragmentation","random",9,1103,23,3,4,324,422,1
110,541,50,0.7,0.15,0.5,0.1,1,1,10,40,"post_fragmentation","random",9,1103,23,3,4,324,423,1
110,541,50,0.7,0.15,0.5,0.1,1,1,10,40,"post_fragmentation","random",9,1103,23,3,4,324,427,2
110,541,50,0.7,0.15,0.5,0.1,1,1,10,40,"post_fragmentation","random",9,1103,23,3,4,324,428,2
110,541,50,0.7,0.15,0.5,0.1,1,1,10,40,"post_fragmentation","random",9,1103,23,3,4,324,429,1
110,541,50,0.7,0.15,0.5,0.1,1,1,10,40,"post_fragmentation","random",9,1103,23,3,4,324,432,1
110,541,50,0.7,0.15,0.5,0.1,1,1,10,40,"post_fragmentation","random",9,1103,23,3,4,324,436,1
110,541,50,0.7,0.15,0.5,0.1,1,1,10,40,"post_fragmentation","random",9,1103,23,3,4,324,445,1
110,541,50,0.7,0.15,0.5,0.1,1,1,10,40,"post_fragmentation","random",9,1103,23,3,4,324,448,1
110,541,50,0.7,0.15,0.5,0.1,1,1,10,40,"post_fragmentation","random",9,1103,23,3,4,324,450,1
110,541,50,0.7,0.15,0.5,0.1,1,1,10,40,"post_fragmentation","random",9,1103,23,3,4,324,451,1
110,541,50,0.7,0.15,0.5,0.1,1,1,10,40,"post_fragmentation","random",9,1103,23,3,4,324,458,2
110,541,50,0.7,0.15,0.5,0.1,1,1,10,40,"post_fragmentation","random",9,1103,23,3,4,324,464,2
110,541,50,0.7,0.15,0.5,0.1,1,1,10,40,"post_fragmentation","random",9,1103,23,3,4,324,466,1
110,541,50,0.7,0.15,0.5,0.1,1,1,10,40,"post_fragmentation","random",9,1103,23,3,4,324,472,1
110,541,50,0.7,0.15,0.5,0.1,1,1,10,40,"post_fragmentation","random",9,1103,23,3,4,324,479,1
110,541,50,0.7,0.15,0.5,0.1,1,1,10,40,"post_fragmentation","random",9,1103,23,3,4,324,486,2
110,541,50,0.7,0.15,0.5,0.1,1,1,10,40,"post_fragmentation","random",9,1103,23,3,4,324,487,1
110,541,50,0.7,0.15,0.5,0.1,1,1,10,40,"post_fragmentation","random",9,1103,23,3,4,324,488,1
110,541,50,0.7,0.15,0.5,0.1,1,1,10,40,"post_fragmentation","random",9,1103,23,3,4,324,494,1
110,541,50,0.7,0.15,0.5,0.1,1,1,10,40,"post_fragmentation","random",9,1103,23,3,4,324,498,1
110,541,50,0.7,0.15,0.5,0.1,1,1,10,40,"post_fragmentation","random",9,1103,23,3,4,324,500,1
110,541,50,0.7,0.15,0.5,0.1,1,1,10,40,"post_fragmentation","random",9,1103,23,3,4,324,522,1
110,541,50,0.7,0.15,0.5,0.1,1,1,10,40,"post_fragmentation","random",9,1103,23,3,4,324,540,1
110,541,50,0.7,0.15,0.5,0.1,1,1,10,40,"post_fragmentation","random",9,1103,23,3,4,324,564,1
110,541,50,0.7,0.15,0.5,0.1,1,1,10,40,"post_fragmentation","random",9,1103,23,3,4,324,567,1
110,541,50,0.7,0.15,0.5,0.1,1,1,10,40,"post_fragmentation","random",9,1103,23,3,4,324,624,1
110,541,50,0.7,0.15,0.5,0.1,1,1,10,40,"post_fragmentation","random",10,890,18,40,4,324,275,1
110,541,50,0.7,0.15,0.5,0.1,1,1,10,40,"post_fragmentation","random",10,890,18,40,4,324,288,1
110,541,50,0.7,0.15,0.5,0.1,1,1,10,40,"post_fragmentation","random",10,890,18,40,4,324,289,1
110,541,50,0.7,0.15,0.5,0.1,1,1,10,40,"post_fragmentation","random",10,890,18,40,4,324,322,1
110,541,50,0.7,0.15,0.5,0.1,1,1,10,40,"post_fragmentation","random",10,890,18,40,4,324,340,1
110,541,50,0.7,0.15,0.5,0.1,1,1,10,40,"post_fragmentation","random",10,890,18,40,4,324,349,2
110,541,50,0.7,0.15,0.5,0.1,1,1,10,40,"post_fragmentation","random",10,890,18,40,4,324,352,1
110,541,50,0.7,0.15,0.5,0.1,1,1,10,40,"post_fragmentation","random",10,890,18,40,4,324,357,1
110,541,50,0.7,0.15,0.5,0.1,1,1,10,40,"post_fragmentation","random",10,890,18,40,4,324,359,1
110,541,50,0.7,0.15,0.5,0.1,1,1,10,40,"post_fragmentation","random",10,890,18,40,4,324,365,1
110,541,50,0.7,0.15,0.5,0.1,1,1,10,40,"post_fragmentation","random",10,890,18,40,4,324,371,1
110,541,50,0.7,0.15,0.5,0.1,1,1,10,40,"post_fragmentation","random",10,890,18,40,4,324,375,1
110,541,50,0.7,0.15,0.5,0.1,1,1,10,40,"post_fragmentation","random",10,890,18,40,4,324,380,1
110,541,50,0.7,0.15,0.5,0.1,1,1,10,40,"post_fragmentation","random",10,890,18,40,4,324,382,1
110,541,50,0.7,0.15,0.5,0.1,1,1,10,40,"post_fragmentation","random",10,890,18,40,4,324,395,1
110,541,50,0.7,0.15,0.5,0.1,1,1,10,40,"post_fragmentation","random",10,890,18,40,4,324,402,2
110,541,50,0.7,0.15,0.5,0.1,1,1,10,40,"post_fragmentation","random",10,890,18,40,4,324,408,2
110,541,50,0.7,0.15,0.5,0.1,1,1,10,40,"post_fragmentation","random",10,890,18,40,4,324,417,1
110,541,50,0.7,0.15,0.5,0.1,1,1,10,40,"post_fragmentation","random",10,890,18,40,4,324,421,1
110,541,50,0.7,0.15,0.5,0.1,1,1,10,40,"post_fragmentation","random",10,890,18,40,4,324,422,1
110,541,50,0.7,0.15,0.5,0.1,1,1,10,40,"post_fragmentation","random",10,890,18,40,4,324,428,1
110,541,50,0.7,0.15,0.5,0.1,1,1,10,40,"post_fragmentation","random",10,890,18,40,4,324,439,1
110,541,50,0.7,0.15,0.5,0.1,1,1,10,40,"post_fragmentation","random",10,890,18,40,4,324,452,1
110,541,50,0.7,0.15,0.5,0.1,1,1,10,40,"post_fragmentation","random",10,890,18,40,4,324,455,1
110,541,50,0.7,0.15,0.5,0.1,1,1,10,40,"post_fragmentation","random",10,890,18,40,4,324,456,1
110,541,50,0.7,0.15,0.5,0.1,1,1,10,40,"post_fragmentation","random",10,890,18,40,4,324,464,1
110,541,50,0.7,0.15,0.5,0.1,1,1,10,40,"post_fragmentation","random",10,890,18,40,4,324,557,1
110,541,50,0.7,0.15,0.5,0.1,1,1,10,40,"post_fragmentation","random",11,947,19,47,4,324,285,1
110,541,50,0.7,0.15,0.5,0.1,1,1,10,40,"post_fragmentation","random",11,947,19,47,4,324,359,1
110,541,50,0.7,0.15,0.5,0.1,1,1,10,40,"post_fragmentation","random",11,947,19,47,4,324,363,1
110,541,50,0.7,0.15,0.5,0.1,1,1,10,40,"post_fragmentation","random",11,947,19,47,4,324,375,1
110,541,50,0.7,0.15,0.5,0.1,1,1,10,40,"post_fragmentation","random",11,947,19,47,4,324,389,1
110,541,50,0.7,0.15,0.5,0.1,1,1,10,40,"post_fragmentation","random",11,947,19,47,4,324,391,1
110,541,50,0.7,0.15,0.5,0.1,1,1,10,40,"post_fragmentation","random",11,947,19,47,4,324,400,1
110,541,50,0.7,0.15,0.5,0.1,1,1,10,40,"post_fragmentation","random",11,947,19,47,4,324,417,2
110,541,50,0.7,0.15,0.5,0.1,1,1,10,40,"post_fragmentation","random",11,947,19,47,4,324,419,1
110,541,50,0.7,0.15,0.5,0.1,1,1,10,40,"post_fragmentation","random",11,947,19,47,4,324,423,1
110,541,50,0.7,0.15,0.5,0.1,1,1,10,40,"post_fragmentation","random",11,947,19,47,4,324,424,1
110,541,50,0.7,0.15,0.5,0.1,1,1,10,40,"post_fragmentation","random",11,947,19,47,4,324,427,1
110,541,50,0.7,0.15,0.5,0.1,1,1,10,40,"post_fragmentation","random",11,947,19,47,4,324,431,1
110,541,50,0.7,0.15,0.5,0.1,1,1,10,40,"post_fragmentation","random",11,947,19,47,4,324,432,2
110,541,50,0.7,0.15,0.5,0.1,1,1,10,40,"post_fragmentation","random",11,947,19,47,4,324,438,1
110,541,50,0.7,0.15,0.5,0.1,1,1,10,40,"post_fragmentation","random",11,947,19,47,4,324,446,1
110,541,50,0.7,0.15,0.5,0.1,1,1,10,40,"post_fragmentation","random",11,947,19,47,4,324,448,1
110,541,50,0.7,0.15,0.5,0.1,1,1,10,40,"post_fragmentation","random",11,947,19,47,4,324,451,1
110,541,50,0.7,0.15,0.5,0.1,1,1,10,40,"post_fragmentation","random",11,947,19,47,4,324,455,1
110,541,50,0.7,0.15,0.5,0.1,1,1,10,40,"post_fragmentation","random",11,947,19,47,4,324,464,2
110,541,50,0.7,0.15,0.5,0.1,1,1,10,40,"post_fragmentation","random",11,947,19,47,4,324,469,1
110,541,50,0.7,0.15,0.5,0.1,1,1,10,40,"post_fragmentation","random",11,947,19,47,4,324,471,1
110,541,50,0.7,0.15,0.5,0.1,1,1,10,40,"post_fragmentation","random",11,947,19,47,4,324,491,1
110,541,50,0.7,0.15,0.5,0.1,1,1,10,40,"post_fragmentation","random",11,947,19,47,4,324,494,1
110,541,50,0.7,0.15,0.5,0.1,1,1,10,40,"post_fragmentation","random",11,947,19,47,4,324,500,1
110,541,50,0.7,0.15,0.5,0.1,1,1,10,40,"post_fragmentation","random",11,947,19,47,4,324,513,1
110,541,50,0.7,0.15,0.5,0.1,1,1,10,40,"post_fragmentation","random",11,947,19,47,4,324,518,1
110,541,50,0.7,0.15,0.5,0.1,1,1,10,40,"post_fragmentation","random",11,947,19,47,4,324,548,1
110,541,50,0.7,0.15,0.5,0.1,1,1,10,40,"post_fragmentation","random",11,947,19,47,4,324,550,2
110,541,50,0.7,0.15,0.5,0.1,1,1,10,40,"post_fragmentation","random",11,947,19,47,4,324,586,1
110,541,50,0.7,0.15,0.5,0.1,1,1,10,40,"post_fragmentation","random",12,839,17,39,4,324,195,1
110,541,50,0.7,0.15,0.5,0.1,1,1,10,40,"post_fragmentation","random",12,839,17,39,4,324,284,1
110,541,50,0.7,0.15,0.5,0.1,1,1,10,40,"post_fragmentation","random",12,839,17,39,4,324,299,1
110,541,50,0.7,0.15,0.5,0.1,1,1,10,40,"post_fragmentation","random",12,839,17,39,4,324,335,1
110,541,50,0.7,0.15,0.5,0.1,1,1,10,40,"post_fragmentation","random",12,839,17,39,4,324,359,1
110,541,50,0.7,0.15,0.5,0.1,1,1,10,40,"post_fragmentation","random",12,839,17,39,4,324,362,1
110,541,50,0.7,0.15,0.5,0.1,1,1,10,40,"post_fragmentation","random",12,839,17,39,4,324,365,1
110,541,50,0.7,0.15,0.5,0.1,1,1,10,40,"post_fragmentation","random",12,839,17,39,4,324,371,1
110,541,50,0.7,0.15,0.5,0.1,1,1,10,40,"post_fragmentation","random",12,839,17,39,4,324,372,1
110,541,50,0.7,0.15,0.5,0.1,1,1,10,40,"post_fragmentation","random",12,839,17,39,4,324,375,3
110,541,50,0.7,0.15,0.5,0.1,1,1,10,40,"post_fragmentation","random",12,839,17,39,4,324,377,1
110,541,50,0.7,0.15,0.5,0.1,1,1,10,40,"post_fragmentation","random",12,839,17,39,4,324,378,3
110,541,50,0.7,0.15,0.5,0.1,1,1,10,40,"post_fragmentation","random",12,839,17,39,4,324,380,1
110,541,50,0.7,0.15,0.5,0.1,1,1,10,40,"post_fragmentation","random",12,839,17,39,4,324,387,2
110,541,50,0.7,0.15,0.5,0.1,1,1,10,40,"post_fragmentation","random",12,839,17,39,4,324,389,1
110,541,50,0.7,0.15,0.5,0.1,1,1,10,40,"post_fragmentation","random",12,839,17,39,4,324,400,1
110,541,50,0.7,0.15,0.5,0.1,1,1,10,40,"post_fragmentation","random",12,839,17,39,4,324,417,2
110,541,50,0.7,0.15,0.5,0.1,1,1,10,40,"post_fragmentation","random",12,839,17,39,4,324,422,1
110,541,50,0.7,0.15,0.5,0.1,1,1,10,40,"post_fragmentation","random",12,839,17,39,4,324,423,1
110,541,50,0.7,0.15,0.5,0.1,1,1,10,40,"post_fragmentation","random",12,839,17,39,4,324,428,1
110,541,50,0.7,0.15,0.5,0.1,1,1,10,40,"post_fragmentation","random",12,839,17,39,4,324,445,1
110,541,50,0.7,0.15,0.5,0.1,1,1,10,40,"post_fragmentation","random",12,839,17,39,4,324,447,1
110,541,50,0.7,0.15,0.5,0.1,1,1,10,40,"post_fragmentation","random",12,839,17,39,4,324,450,1
110,541,50,0.7,0.15,0.5,0.1,1,1,10,40,"post_fragmentation","random",12,839,17,39,4,324,451,2
110,541,50,0.7,0.15,0.5,0.1,1,1,10,40,"post_fragmentation","random",12,839,17,39,4,324,453,1
110,541,50,0.7,0.15,0.5,0.1,1,1,10,40,"post_fragmentation","random",12,839,17,39,4,324,483,1
110,541,50,0.7,0.15,0.5,0.1,1,1,10,40,"post_fragmentation","random",12,839,17,39,4,324,496,1
110,541,50,0.7,0.15,0.5,0.1,1,1,10,40,"post_fragmentation","random",12,839,17,39,4,324,500,1
110,541,50,0.7,0.15,0.5,0.1,1,1,10,40,"post_fragmentation","random",12,839,17,39,4,324,505,1
110,541,50,0.7,0.15,0.5,0.1,1,1,10,40,"post_fragmentation","random",12,839,17,39,4,324,507,1
110,541,50,0.7,0.15,0.5,0.1,1,1,10,40,"post_fragmentation","random",12,839,17,39,4,324,532,1
110,541,50,0.7,0.15,0.5,0.1,1,1,10,40,"post_fragmentation","random",12,839,17,39,4,324,591,1
110,541,50,0.7,0.15,0.5,0.1,1,1,10,40,"post_fragmentation","random",13,858,18,8,4,324,152,1
110,541,50,0.7,0.15,0.5,0.1,1,1,10,40,"post_fragmentation","random",13,858,18,8,4,324,308,1
110,541,50,0.7,0.15,0.5,0.1,1,1,10,40,"post_fragmentation","random",13,858,18,8,4,324,314,2
110,541,50,0.7,0.15,0.5,0.1,1,1,10,40,"post_fragmentation","random",13,858,18,8,4,324,327,1
110,541,50,0.7,0.15,0.5,0.1,1,1,10,40,"post_fragmentation","random",13,858,18,8,4,324,329,1
110,541,50,0.7,0.15,0.5,0.1,1,1,10,40,"post_fragmentation","random",13,858,18,8,4,324,337,1
110,541,50,0.7,0.15,0.5,0.1,1,1,10,40,"post_fragmentation","random",13,858,18,8,4,324,346,1
110,541,50,0.7,0.15,0.5,0.1,1,1,10,40,"post_fragmentation","random",13,858,18,8,4,324,352,2
110,541,50,0.7,0.15,0.5,0.1,1,1,10,40,"post_fragmentation","random",13,858,18,8,4,324,359,1
110,541,50,0.7,0.15,0.5,0.1,1,1,10,40,"post_fragmentation","random",13,858,18,8,4,324,361,2
110,541,50,0.7,0.15,0.5,0.1,1,1,10,40,"post_fragmentation","random",13,858,18,8,4,324,364,1
110,541,50,0.7,0.15,0.5,0.1,1,1,10,40,"post_fragmentation","random",13,858,18,8,4,324,368,1
110,541,50,0.7,0.15,0.5,0.1,1,1,10,40,"post_fragmentation","random",13,858,18,8,4,324,371,5
110,541,50,0.7,0.15,0.5,0.1,1,1,10,40,"post_fragmentation","random",13,858,18,8,4,324,373,1
110,541,50,0.7,0.15,0.5,0.1,1,1,10,40,"post_fragmentation","random",13,858,18,8,4,324,375,2
110,541,50,0.7,0.15,0.5,0.1,1,1,10,40,"post_fragmentation","random",13,858,18,8,4,324,377,1
110,541,50,0.7,0.15,0.5,0.1,1,1,10,40,"post_fragmentation","random",13,858,18,8,4,324,379,1
110,541,50,0.7,0.15,0.5,0.1,1,1,10,40,"post_fragmentation","random",13,858,18,8,4,324,380,1
110,541,50,0.7,0.15,0.5,0.1,1,1,10,40,"post_fragmentation","random",13,858,18,8,4,324,391,1
110,541,50,0.7,0.15,0.5,0.1,1,1,10,40,"post_fragmentation","random",13,858,18,8,4,324,395,1
110,541,50,0.7,0.15,0.5,0.1,1,1,10,40,"post_fragmentation","random",13,858,18,8,4,324,401,1
110,541,50,0.7,0.15,0.5,0.1,1,1,10,40,"post_fragmentation","random",13,858,18,8,4,324,410,1
110,541,50,0.7,0.15,0.5,0.1,1,1,10,40,"post_fragmentation","random",13,858,18,8,4,324,429,1
110,541,50,0.7,0.15,0.5,0.1,1,1,10,40,"post_fragmentation","random",13,858,18,8,4,324,438,1
110,541,50,0.7,0.15,0.5,0.1,1,1,10,40,"post_fragmentation","random",13,858,18,8,4,324,474,1
110,541,50,0.7,0.15,0.5,0.1,1,1,10,40,"post_fragmentation","random",13,858,18,8,4,324,591,1
110,541,50,0.7,0.15,0.5,0.1,1,1,10,40,"post_fragmentation","random",14,2066,42,16,15,7,448,1
110,541,50,0.7,0.15,0.5,0.1,1,1,10,40,"post_fragmentation","random",14,2066,42,16,15,7,463,1
110,541,50,0.7,0.15,0.5,0.1,1,1,10,40,"post_fragmentation","random",14,2066,42,16,15,7,473,1
110,541,50,0.7,0.15,0.5,0.1,1,1,10,40,"post_fragmentation","random",14,2066,42,16,15,7,491,2
110,541,50,0.7,0.15,0.5,0.1,1,1,10,40,"post_fragmentation","random",14,2066,42,16,15,7,502,1
110,541,50,0.7,0.15,0.5,0.1,1,1,10,40,"post_fragmentation","random",14,2066,42,16,15,7,539,1
110,541,50,0.7,0.15,0.5,0.1,1,1,10,40,"post_fragmentation","random",14,2066,42,16,15,7,543,1
110,541,50,0.7,0.15,0.5,0.1,1,1,10,40,"post_fragmentation","random",14,2066,42,16,15,7,544,1
110,541,50,0.7,0.15,0.5,0.1,1,1,10,40,"post_fragmentation","random",14,2066,42,16,15,7,546,2
110,541,50,0.7,0.15,0.5,0.1,1,1,10,40,"post_fragmentation","random",14,2066,42,16,15,7,548,1
110,541,50,0.7,0.15,0.5,0.1,1,1,10,40,"post_fragmentation","random",14,2066,42,16,15,7,565,1
110,541,50,0.7,0.15,0.5,0.1,1,1,10,40,"post_fragmentation","random",14,2066,42,16,15,7,571,2
110,541,50,0.7,0.15,0.5,0.1,1,1,10,40,"post_fragmentation","random",14,2066,42,16,15,7,574,1
110,541,50,0.7,0.15,0.5,0.1,1,1,10,40,"post_fragmentation","random",14,2066,42,16,15,7,581,1
110,541,50,0.7,0.15,0.5,0.1,1,1,10,40,"post_fragmentation","random",14,2066,42,16,15,7,592,1
110,541,50,0.7,0.15,0.5,0.1,1,1,10,40,"post_fragmentation","random",14,2066,42,16,15,7,597,2
110,541,50,0.7,0.15,0.5,0.1,1,1,10,40,"post_fragmentation","random",14,2066,42,16,15,7,598,2
110,541,50,0.7,0.15,0.5,0.1,1,1,10,40,"post_fragmentation","random",14,2066,42,16,15,7,601,1
110,541,50,0.7,0.15,0.5,0.1,1,1,10,40,"post_fragmentation","random",14,2066,42,16,15,7,604,1
110,541,50,0.7,0.15,0.5,0.1,1,1,10,40,"post_fragmentation","random",14,2066,42,16,15,7,611,1
110,541,50,0.7,0.15,0.5,0.1,1,1,10,40,"post_fragmentation","random",14,2066,42,16,15,7,625,1
110,541,50,0.7,0.15,0.5,0.1,1,1,10,40,"post_fragmentation","random",14,2066,42,16,15,7,628,2
110,541,50,0.7,0.15,0.5,0.1,1,1,10,40,"post_fragmentation","random",14,2066,42,16,15,7,634,1
110,541,50,0.7,0.15,0.5,0.1,1,1,10,40,"post_fragmentation","random",14,2066,42,16,15,7,637,1
110,541,50,0.7,0.15,0.5,0.1,1,1,10,40,"post_fragmentation","random",14,2066,42,16,15,7,657,1
110,541,50,0.7,0.15,0.5,0.1,1,1,10,40,"post_fragmentation","random",14,2066,42,16,15,7,663,1
110,541,50,0.7,0.15,0.5,0.1,1,1,10,40,"post_fragmentation","random",14,2066,42,16,15,7,667,1
110,541,50,0.7,0.15,0.5,0.1,1,1,10,40,"post_fragmentation","random",14,2066,42,16,15,7,674,1
110,541,50,0.7,0.15,0.5,0.1,1,1,10,40,"post_fragmentation","random",14,2066,42,16,15,7,676,1
110,541,50,0.7,0.15,0.5,0.1,1,1,10,40,"post_fragmentation","random",14,2066,42,16,15,7,705,1
110,541,50,0.7,0.15,0.5,0.1,1,1,10,40,"post_fragmentation","random",14,2066,42,16,15,7,736,1
110,541,50,0.7,0.15,0.5,0.1,1,1,10,40,"post_fragmentation","random",14,2066,42,16,15,7,757,1
110,541,50,0.7,0.15,0.5,0.1,1,1,10,40,"post_fragmentation","random",15,551,12,1,4,324,348,1
110,541,50,0.7,0.15,0.5,0.1,1,1,10,40,"post_fragmentation","random",15,551,12,1,4,324,357,1
110,541,50,0.7,0.15,0.5,0.1,1,1,10,40,"post_fragmentation","random",15,551,12,1,4,324,361,1
110,541,50,0.7,0.15,0.5,0.1,1,1,10,40,"post_fragmentation","random",15,551,12,1,4,324,365,1
110,541,50,0.7,0.15,0.5,0.1,1,1,10,40,"post_fragmentation","random",15,551,12,1,4,324,371,3
110,541,50,0.7,0.15,0.5,0.1,1,1,10,40,"post_fragmentation","random",15,551,12,1,4,324,373,1
110,541,50,0.7,0.15,0.5,0.1,1,1,10,40,"post_fragmentation","random",15,551,12,1,4,324,379,2
110,541,50,0.7,0.15,0.5,0.1,1,1,10,40,"post_fragmentation","random",15,551,12,1,4,324,380,1
110,541,50,0.7,0.15,0.5,0.1,1,1,10,40,"post_fragmentation","random",15,551,12,1,4,324,389,2
110,541,50,0.7,0.15,0.5,0.1,1,1,10,40,"post_fragmentation","random",15,551,12,1,4,324,400,1
110,541,50,0.7,0.15,0.5,0.1,1,1,10,40,"post_fragmentation","random",15,551,12,1,4,324,402,1
110,541,50,0.7,0.15,0.5,0.1,1,1,10,40,"post_fragmentation","random",15,551,12,1,4,324,406,1
110,541,50,0.7,0.15,0.5,0.1,1,1,10,40,"post_fragmentation","random",15,551,12,1,4,324,407,1
110,541,50,0.7,0.15,0.5,0.1,1,1,10,40,"post_fragmentation","random",15,551,12,1,4,324,410,1
110,541,50,0.7,0.15,0.5,0.1,1,1,10,40,"post_fragmentation","random",15,551,12,1,4,324,432,1
110,541,50,0.7,0.15,0.5,0.1,1,1,10,40,"post_fragmentation","random",15,551,12,1,4,324,455,1
110,541,50,0.7,0.15,0.5,0.1,1,1,10,40,"post_fragmentation","random",15,551,12,1,4,324,464,2
110,541,50,0.7,0.15,0.5,0.1,1,1,10,40,"post_fragmentation","random",15,551,12,1,4,324,479,1
110,541,50,0.7,0.15,0.5,0.1,1,1,10,40,"post_fragmentation","random",15,551,12,1,4,324,484,1
110,541,50,0.7,0.15,0.5,0.1,1,1,10,40,"post_fragmentation","random",15,551,12,1,4,324,485,1
110,541,50,0.7,0.15,0.5,0.1,1,1,10,40,"post_fragmentation","random",15,551,12,1,4,324,498,1
110,541,50,0.7,0.15,0.5,0.1,1,1,10,40,"post_fragmentation","random",15,551,12,1,4,324,502,1
110,541,50,0.7,0.15,0.5,0.1,1,1,10,40,"post_fragmentation","random",15,551,12,1,4,324,505,1
110,541,50,0.7,0.15,0.5,0.1,1,1,10,40,"post_fragmentation","random",15,551,12,1,4,324,518,1
110,541,50,0.7,0.15,0.5,0.1,1,1,10,40,"post_fragmentation","random",15,551,12,1,4,324,550,1
110,541,50,0.7,0.15,0.5,0.1,1,1,10,40,"post_fragmentation","random",16,403,9,3,4,324,349,1
110,541,50,0.7,0.15,0.5,0.1,1,1,10,40,"post_fragmentation","random",16,403,9,3,4,324,360,1
110,541,50,0.7,0.15,0.5,0.1,1,1,10,40,"post_fragmentation","random",16,403,9,3,4,324,362,1
110,541,50,0.7,0.15,0.5,0.1,1,1,10,40,"post_fragmentation","random",16,403,9,3,4,324,368,1
110,541,50,0.7,0.15,0.5,0.1,1,1,10,40,"post_fragmentation","random",16,403,9,3,4,324,372,1
110,541,50,0.7,0.15,0.5,0.1,1,1,10,40,"post_fragmentation","random",16,403,9,3,4,324,378,1
110,541,50,0.7,0.15,0.5,0.1,1,1,10,40,"post_fragmentation","random",16,403,9,3,4,324,388,1
110,541,50,0.7,0.15,0.5,0.1,1,1,10,40,"post_fragmentation","random",16,403,9,3,4,324,390,1
110,541,50,0.7,0.15,0.5,0.1,1,1,10,40,"post_fragmentation","random",16,403,9,3,4,324,391,1
110,541,50,0.7,0.15,0.5,0.1,1,1,10,40,"post_fragmentation","random",16,403,9,3,4,324,402,1
110,541,50,0.7,0.15,0.5,0.1,1,1,10,40,"post_fragmentation","random",16,403,9,3,4,324,408,1
110,541,50,0.7,0.15,0.5,0.1,1,1,10,40,"post_fragmentation","random",16,403,9,3,4,324,410,3
110,541,50,0.7,0.15,0.5,0.1,1,1,10,40,"post_fragmentation","random",16,403,9,3,4,324,413,2
110,541,50,0.7,0.15,0.5,0.1,1,1,10,40,"post_fragmentation","random",16,403,9,3,4,324,416,2
110,541,50,0.7,0.15,0.5,0.1,1,1,10,40,"post_fragmentation","random",16,403,9,3,4,324,417,1
110,541,50,0.7,0.15,0.5,0.1,1,1,10,40,"post_fragmentation","random",16,403,9,3,4,324,423,1
110,541,50,0.7,0.15,0.5,0.1,1,1,10,40,"post_fragmentation","random",16,403,9,3,4,324,432,1
110,541,50,0.7,0.15,0.5,0.1,1,1,10,40,"post_fragmentation","random",16,403,9,3,4,324,439,1
110,541,50,0.7,0.15,0.5,0.1,1,1,10,40,"post_fragmentation","random",16,403,9,3,4,324,458,2
110,541,50,0.7,0.15,0.5,0.1,1,1,10,40,"post_fragmentation","random",16,403,9,3,4,324,479,2
110,541,50,0.7,0.15,0.5,0.1,1,1,10,40,"post_fragmentation","random",16,403,9,3,4,324,488,1
110,541,50,0.7,0.15,0.5,0.1,1,1,10,40,"post_fragmentation","random",16,403,9,3,4,324,500,1
110,541,50,0.7,0.15,0.5,0.1,1,1,10,40,"post_fragmentation","random",16,403,9,3,4,324,513,1
110,541,50,0.7,0.15,0.5,0.1,1,1,10,40,"post_fragmentation","random",16,403,9,3,4,324,542,1
110,541,50,0.7,0.15,0.5,0.1,1,1,10,40,"post_fragmentation","random",16,403,9,3,4,324,545,2
110,541,50,0.7,0.15,0.5,0.1,1,1,10,40,"post_fragmentation","random",16,403,9,3,4,324,550,1
110,541,50,0.7,0.15,0.5,0.1,1,1,10,40,"post_fragmentation","random",16,403,9,3,4,324,553,2
110,541,50,0.7,0.15,0.5,0.1,1,1,10,40,"post_fragmentation","random",16,403,9,3,4,324,564,1
110,541,50,0.7,0.15,0.5,0.1,1,1,10,40,"post_fragmentation","random",16,403,9,3,4,324,592,1
110,541,50,0.7,0.15,0.5,0.1,1,1,10,40,"post_fragmentation","random",16,403,9,3,4,324,604,1
110,541,50,0.7,0.15,0.5,0.1,1,1,10,40,"post_fragmentation","random",17,1054,22,4,4,324,319,1
110,541,50,0.7,0.15,0.5,0.1,1,1,10,40,"post_fragmentation","random",17,1054,22,4,4,324,346,1
110,541,50,0.7,0.15,0.5,0.1,1,1,10,40,"post_fragmentation","random",17,1054,22,4,4,324,364,1
110,541,50,0.7,0.15,0.5,0.1,1,1,10,40,"post_fragmentation","random",17,1054,22,4,4,324,371,1
110,541,50,0.7,0.15,0.5,0.1,1,1,10,40,"post_fragmentation","random",17,1054,22,4,4,324,372,1
110,541,50,0.7,0.15,0.5,0.1,1,1,10,40,"post_fragmentation","random",17,1054,22,4,4,324,375,2
110,541,50,0.7,0.15,0.5,0.1,1,1,10,40,"post_fragmentation","random",17,1054,22,4,4,324,377,1
110,541,50,0.7,0.15,0.5,0.1,1,1,10,40,"post_fragmentation","random",17,1054,22,4,4,324,380,1
110,541,50,0.7,0.15,0.5,0.1,1,1,10,40,"post_fragmentation","random",17,1054,22,4,4,324,402,1
110,541,50,0.7,0.15,0.5,0.1,1,1,10,40,"post_fragmentation","random",17,1054,22,4,4,324,413,1
110,541,50,0.7,0.15,0.5,0.1,1,1,10,40,"post_fragmentation","random",17,1054,22,4,4,324,419,1
110,541,50,0.7,0.15,0.5,0.1,1,1,10,40,"post_fragmentation","random",17,1054,22,4,4,324,421,1
110,541,50,0.7,0.15,0.5,0.1,1,1,10,40,"post_fragmentation","random",17,1054,22,4,4,324,424,1
110,541,50,0.7,0.15,0.5,0.1,1,1,10,40,"post_fragmentation","random",17,1054,22,4,4,324,425,1
110,541,50,0.7,0.15,0.5,0.1,1,1,10,40,"post_fragmentation","random",17,1054,22,4,4,324,427,2
110,541,50,0.7,0.15,0.5,0.1,1,1,10,40,"post_fragmentation","random",17,1054,22,4,4,324,428,1
110,541,50,0.7,0.15,0.5,0.1,1,1,10,40,"post_fragmentation","random",17,1054,22,4,4,324,431,1
110,541,50,0.7,0.15,0.5,0.1,1,1,10,40,"post_fragmentation","random",17,1054,22,4,4,324,439,1
110,541,50,0.7,0.15,0.5,0.1,1,1,10,40,"post_fragmentation","random",17,1054,22,4,4,324,445,1
110,541,50,0.7,0.15,0.5,0.1,1,1,10,40,"post_fragmentation","random",17,1054,22,4,4,324,453,1
110,541,50,0.7,0.15,0.5,0.1,1,1,10,40,"post_fragmentation","random",17,1054,22,4,4,324,463,1
110,541,50,0.7,0.15,0.5,0.1,1,1,10,40,"post_fragmentation","random",17,1054,22,4,4,324,479,1
110,541,50,0.7,0.15,0.5,0.1,1,1,10,40,"post_fragmentation","random",17,1054,22,4,4,324,485,1
110,541,50,0.7,0.15,0.5,0.1,1,1,10,40,"post_fragmentation","random",17,1054,22,4,4,324,491,1
110,541,50,0.7,0.15,0.5,0.1,1,1,10,40,"post_fragmentation","random",17,1054,22,4,4,324,494,1
110,541,50,0.7,0.15,0.5,0.1,1,1,10,40,"post_fragmentation","random",17,1054,22,4,4,324,525,1
110,541,50,0.7,0.15,0.5,0.1,1,1,10,40,"post_fragmentation","random",17,1054,22,4,4,324,557,1
110,541,50,0.7,0.15,0.5,0.1,1,1,10,40,"post_fragmentation","random",17,1054,22,4,4,324,586,1
110,541,50,0.7,0.15,0.5,0.1,1,1,10,40,"post_fragmentation","random",17,1054,22,4,4,324,592,1
110,541,50,0.7,0.15,0.5,0.1,1,1,10,40,"post_fragmentation","random",18,1160,24,10,4,324,47,1
110,541,50,0.7,0.15,0.5,0.1,1,1,10,40,"post_fragmentation","random",18,1160,24,10,4,324,56,1
110,541,50,0.7,0.15,0.5,0.1,1,1,10,40,"post_fragmentation","random",18,1160,24,10,4,324,62,1
110,541,50,0.7,0.15,0.5,0.1,1,1,10,40,"post_fragmentation","random",18,1160,24,10,4,324,100,1
110,541,50,0.7,0.15,0.5,0.1,1,1,10,40,"post_fragmentation","random",18,1160,24,10,4,324,140,1
110,541,50,0.7,0.15,0.5,0.1,1,1,10,40,"post_fragmentation","random",19,905,19,5,4,324,285,1
110,541,50,0.7,0.15,0.5,0.1,1,1,10,40,"post_fragmentation","random",19,905,19,5,4,324,308,1
110,541,50,0.7,0.15,0.5,0.1,1,1,10,40,"post_fragmentation","random",19,905,19,5,4,324,314,2
110,541,50,0.7,0.15,0.5,0.1,1,1,10,40,"post_fragmentation","random",19,905,19,5,4,324,331,2
110,541,50,0.7,0.15,0.5,0.1,1,1,10,40,"post_fragmentation","random",19,905,19,5,4,324,344,2
110,541,50,0.7,0.15,0.5,0.1,1,1,10,40,"post_fragmentation","random",19,905,19,5,4,324,354,1
110,541,50,0.7,0.15,0.5,0.1,1,1,10,40,"post_fragmentation","random",19,905,19,5,4,324,359,1
110,541,50,0.7,0.15,0.5,0.1,1,1,10,40,"post_fragmentation","random",19,905,19,5,4,324,366,1
110,541,50,0.7,0.15,0.5,0.1,1,1,10,40,"post_fragmentation","random",19,905,19,5,4,324,369,1
110,541,50,0.7,0.15,0.5,0.1,1,1,10,40,"post_fragmentation","random",19,905,19,5,4,324,375,2
110,541,50,0.7,0.15,0.5,0.1,1,1,10,40,"post_fragmentation","random",19,905,19,5,4,324,377,1
110,541,50,0.7,0.15,0.5,0.1,1,1,10,40,"post_fragmentation","random",19,905,19,5,4,324,386,1
110,541,50,0.7,0.15,0.5,0.1,1,1,10,40,"post_fragmentation","random",19,905,19,5,4,324,388,1
110,541,50,0.7,0.15,0.5,0.1,1,1,10,40,"post_fragmentation","random",19,905,19,5,4,324,389,1
110,541,50,0.7,0.15,0.5,0.1,1,1,10,40,"post_fragmentation","random",19,905,19,5,4,324,390,1
110,541,50,0.7,0.15,0.5,0.1,1,1,10,40,"post_fragmentation","random",19,905,19,5,4,324,391,1
110,541,50,0.7,0.15,0.5,0.1,1,1,10,40,"post_fragmentation","random",19,905,19,5,4,324,395,1
110,541,50,0.7,0.15,0.5,0.1,1,1,10,40,"post_fragmentation","random",19,905,19,5,4,324,399,1
110,541,50,0.7,0.15,0.5,0.1,1,1,10,40,"post_fragmentation","random",19,905,19,5,4,324,402,2
110,541,50,0.7,0.15,0.5,0.1,1,1,10,40,"post_fragmentation","random",19,905,19,5,4,324,407,1
110,541,50,0.7,0.15,0.5,0.1,1,1,10,40,"post_fragmentation","random",19,905,19,5,4,324,408,1
110,541,50,0.7,0.15,0.5,0.1,1,1,10,40,"post_fragmentation","random",19,905,19,5,4,324,413,1
110,541,50,0.7,0.15,0.5,0.1,1,1,10,40,"post_fragmentation","random",19,905,19,5,4,324,417,1
110,541,50,0.7,0.15,0.5,0.1,1,1,10,40,"post_fragmentation","random",19,905,19,5,4,324,429,1
110,541,50,0.7,0.15,0.5,0.1,1,1,10,40,"post_fragmentation","random",19,905,19,5,4,324,431,1
110,541,50,0.7,0.15,0.5,0.1,1,1,10,40,"post_fragmentation","random",19,905,19,5,4,324,438,1
110,541,50,0.7,0.15,0.5,0.1,1,1,10,40,"post_fragmentation","random",19,905,19,5,4,324,445,2
110,541,50,0.7,0.15,0.5,0.1,1,1,10,40,"post_fragmentation","random",19,905,19,5,4,324,455,1
110,541,50,0.7,0.15,0.5,0.1,1,1,10,40,"post_fragmentation","random",19,905,19,5,4,324,473,1
110,541,50,0.7,0.15,0.5,0.1,1,1,10,40,"post_fragmentation","random",19,905,19,5,4,324,486,2
110,541,50,0.7,0.15,0.5,0.1,1,1,10,40,"post_fragmentation","random",19,905,19,5,4,324,488,1
110,541,50,0.7,0.15,0.5,0.1,1,1,10,40,"post_fragmentation","random",19,905,19,5,4,324,498,1
110,541,50,0.7,0.15,0.5,0.1,1,1,10,40,"post_fragmentation","random",19,905,19,5,4,324,507,1
110,541,50,0.7,0.15,0.5,0.1,1,1,10,40,"post_fragmentation","random",20,693,14,43,4,324,330,1
110,541,50,0.7,0.15,0.5,0.1,1,1,10,40,"post_fragmentation","random",20,693,14,43,4,324,331,2
110,541,50,0.7,0.15,0.5,0.1,1,1,10,40,"post_fragmentation","random",20,693,14,43,4,324,335,1
110,541,50,0.7,0.15,0.5,0.1,1,1,10,40,"post_fragmentation","random",20,693,14,43,4,324,337,1
110,541,50,0.7,0.15,0.5,0.1,1,1,10,40,"post_fragmentation","random",20,693,14,43,4,324,345,1
110,541,50,0.7,0.15,0.5,0.1,1,1,10,40,"post_fragmentation","random",20,693,14,43,4,324,352,1
110,541,50,0.7,0.15,0.5,0.1,1,1,10,40,"post_fragmentation","random",20,693,14,43,4,324,357,4
110,541,50,0.7,0.15,0.5,0.1,1,1,10,40,"post_fragmentation","random",20,693,14,43,4,324,364,1
110,541,50,0.7,0.15,0.5,0.1,1,1,10,40,"post_fragmentation","random",20,693,14,43,4,324,373,1
110,541,50,0.7,0.15,0.5,0.1,1,1,10,40,"post_fragmentation","random",20,693,14,43,4,324,375,3
110,541,50,0.7,0.15,0.5,0.1,1,1,10,40,"post_fragmentation","random",20,693,14,43,4,324,377,1
110,541,50,0.7,0.15,0.5,0.1,1,1,10,40,"post_fragmentation","random",20,693,14,43,4,324,378,1
110,541,50,0.7,0.15,0.5,0.1,1,1,10,40,"post_fragmentation","random",20,693,14,43,4,324,385,1
110,541,50,0.7,0.15,0.5,0.1,1,1,10,40,"post_fragmentation","random",20,693,14,43,4,324,400,2
110,541,50,0.7,0.15,0.5,0.1,1,1,10,40,"post_fragmentation","random",20,693,14,43,4,324,402,1
110,541,50,0.7,0.15,0.5,0.1,1,1,10,40,"post_fragmentation","random",20,693,14,43,4,324,408,2
110,541,50,0.7,0.15,0.5,0.1,1,1,10,40,"post_fragmentation","random",20,693,14,43,4,324,413,1
110,541,50,0.7,0.15,0.5,0.1,1,1,10,40,"post_fragmentation","random",20,693,14,43,4,324,414,1
110,541,50,0.7,0.15,0.5,0.1,1,1,10,40,"post_fragmentation","random",20,693,14,43,4,324,417,1
110,541,50,0.7,0.15,0.5,0.1,1,1,10,40,"post_fragmentation","random",20,693,14,43,4,324,427,1
110,541,50,0.7,0.15,0.5,0.1,1,1,10,40,"post_fragmentation","random",20,693,14,43,4,324,444,1
110,541,50,0.7,0.15,0.5,0.1,1,1,10,40,"post_fragmentation","random",20,693,14,43,4,324,458,2
110,541,50,0.7,0.15,0.5,0.1,1,1,10,40,"post_fragmentation","random",20,693,14,43,4,324,469,2
110,541,50,0.7,0.15,0.5,0.1,1,1,10,40,"post_fragmentation","random",20,693,14,43,4,324,470,1
110,541,50,0.7,0.15,0.5,0.1,1,1,10,40,"post_fragmentation","random",20,693,14,43,4,324,472,1
110,541,50,0.7,0.15,0.5,0.1,1,1,10,40,"post_fragmentation","random",20,693,14,43,4,324,479,1
110,541,50,0.7,0.15,0.5,0.1,1,1,10,40,"post_fragmentation","random",20,693,14,43,4,324,481,1
110,541,50,0.7,0.15,0.5,0.1,1,1,10,40,"post_fragmentation","random",20,693,14,43,4,324,485,1
110,541,50,0.7,0.15,0.5,0.1,1,1,10,40,"post_fragmentation","random",20,693,14,43,4,324,492,1
110,541,50,0.7,0.15,0.5,0.1,1,1,10,40,"post_fragmentation","random",20,693,14,43,4,324,529,1
110,541,50,0.7,0.15,0.5,0.1,1,1,10,40,"post_fragmentation","random",20,693,14,43,4,324,530,1
110,541,50,0.7,0.15,0.5,0.1,1,1,10,40,"post_fragmentation","random",21,702,15,2,4,324,299,1
110,541,50,0.7,0.15,0.5,0.1,1,1,10,40,"post_fragmentation","random",21,702,15,2,4,324,331,2
110,541,50,0.7,0.15,0.5,0.1,1,1,10,40,"post_fragmentation","random",21,702,15,2,4,324,344,3
110,541,50,0.7,0.15,0.5,0.1,1,1,10,40,"post_fragmentation","random",21,702,15,2,4,324,352,1
110,541,50,0.7,0.15,0.5,0.1,1,1,10,40,"post_fragmentation","random",21,702,15,2,4,324,357,1
110,541,50,0.7,0.15,0.5,0.1,1,1,10,40,"post_fragmentation","random",21,702,15,2,4,324,364,3
110,541,50,0.7,0.15,0.5,0.1,1,1,10,40,"post_fragmentation","random",21,702,15,2,4,324,367,1
110,541,50,0.7,0.15,0.5,0.1,1,1,10,40,"post_fragmentation","random",21,702,15,2,4,324,369,1
110,541,50,0.7,0.15,0.5,0.1,1,1,10,40,"post_fragmentation","random",21,702,15,2,4,324,371,2
110,541,50,0.7,0.15,0.5,0.1,1,1,10,40,"post_fragmentation","random",21,702,15,2,4,324,372,1
110,541,50,0.7,0.15,0.5,0.1,1,1,10,40,"post_fragmentation","random",21,702,15,2,4,324,374,1
110,541,50,0.7,0.15,0.5,0.1,1,1,10,40,"post_fragmentation","random",21,702,15,2,4,324,379,1
110,541,50,0.7,0.15,0.5,0.1,1,1,10,40,"post_fragmentation","random",21,702,15,2,4,324,389,1
110,541,50,0.7,0.15,0.5,0.1,1,1,10,40,"post_fragmentation","random",21,702,15,2,4,324,393,2
110,541,50,0.7,0.15,0.5,0.1,1,1,10,40,"post_fragmentation","random",21,702,15,2,4,324,402,1
110,541,50,0.7,0.15,0.5,0.1,1,1,10,40,"post_fragmentation","random",21,702,15,2,4,324,408,3
110,541,50,0.7,0.15,0.5,0.1,1,1,10,40,"post_fragmentation","random",21,702,15,2,4,324,413,1
110,541,50,0.7,0.15,0.5,0.1,1,1,10,40,"post_fragmentation","random",21,702,15,2,4,324,417,1
110,541,50,0.7,0.15,0.5,0.1,1,1,10,40,"post_fragmentation","random",21,702,15,2,4,324,427,1
110,541,50,0.7,0.15,0.5,0.1,1,1,10,40,"post_fragmentation","random",21,702,15,2,4,324,431,1
110,541,50,0.7,0.15,0.5,0.1,1,1,10,40,"post_fragmentation","random",21,702,15,2,4,324,438,1
110,541,50,0.7,0.15,0.5,0.1,1,1,10,40,"post_fragmentation","random",21,702,15,2,4,324,453,1
110,541,50,0.7,0.15,0.5,0.1,1,1,10,40,"post_fragmentation","random",21,702,15,2,4,324,462,2
110,541,50,0.7,0.15,0.5,0.1,1,1,10,40,"post_fragmentation","random",21,702,15,2,4,324,473,1
110,541,50,0.7,0.15,0.5,0.1,1,1,10,40,"post_fragmentation","random",21,702,15,2,4,324,484,1
110,541,50,0.7,0.15,0.5,0.1,1,1,10,40,"post_fragmentation","random",21,702,15,2,4,324,494,1
110,541,50,0.7,0.15,0.5,0.1,1,1,10,40,"post_fragmentation","random",22,1104,23,4,4,324,331,1
110,541,50,0.7,0.15,0.5,0.1,1,1,10,40,"post_fragmentation","random",22,1104,23,4,4,324,350,1
110,541,50,0.7,0.15,0.5,0.1,1,1,10,40,"post_fragmentation","random",22,1104,23,4,4,324,352,1
110,541,50,0.7,0.15,0.5,0.1,1,1,10,40,"post_fragmentation","random",22,1104,23,4,4,324,365,2
110,541,50,0.7,0.15,0.5,0.1,1,1,10,40,"post_fragmentation","random",22,1104,23,4,4,324,375,1
110,541,50,0.7,0.15,0.5,0.1,1,1,10,40,"post_fragmentation","random",22,1104,23,4,4,324,379,2
110,541,50,0.7,0.15,0.5,0.1,1,1,10,40,"post_fragmentation","random",22,1104,23,4,4,324,387,1
110,541,50,0.7,0.15,0.5,0.1,1,1,10,40,"post_fragmentation","random",22,1104,23,4,4,324,390,1
110,541,50,0.7,0.15,0.5,0.1,1,1,10,40,"post_fragmentation","random",22,1104,23,4,4,324,391,1
110,541,50,0.7,0.15,0.5,0.1,1,1,10,40,"post_fragmentation","random",22,1104,23,4,4,324,410,1
110,541,50,0.7,0.15,0.5,0.1,1,1,10,40,"post_fragmentation","random",22,1104,23,4,4,324,416,1
110,541,50,0.7,0.15,0.5,0.1,1,1,10,40,"post_fragmentation","random",22,1104,23,4,4,324,424,1
110,541,50,0.7,0.15,0.5,0.1,1,1,10,40,"post_fragmentation","random",22,1104,23,4,4,324,427,2
110,541,50,0.7,0.15,0.5,0.1,1,1,10,40,"post_fragmentation","random",22,1104,23,4,4,324,429,1
110,541,50,0.7,0.15,0.5,0.1,1,1,10,40,"post_fragmentation","random",22,1104,23,4,4,324,431,1
110,541,50,0.7,0.15,0.5,0.1,1,1,10,40,"post_fragmentation","random",22,1104,23,4,4,324,445,2
110,541,50,0.7,0.15,0.5,0.1,1,1,10,40,"post_fragmentation","random",22,1104,23,4,4,324,450,1
110,541,50,0.7,0.15,0.5,0.1,1,1,10,40,"post_fragmentation","random",22,1104,23,4,4,324,454,2
110,541,50,0.7,0.15,0.5,0.1,1,1,10,40,"post_fragmentation","random",22,1104,23,4,4,324,455,1
110,541,50,0.7,0.15,0.5,0.1,1,1,10,40,"post_fragmentation","random",22,1104,23,4,4,324,458,2
110,541,50,0.7,0.15,0.5,0.1,1,1,10,40,"post_fragmentation","random",22,1104,23,4,4,324,464,1
110,541,50,0.7,0.15,0.5,0.1,1,1,10,40,"post_fragmentation","random",22,1104,23,4,4,324,468,1
110,541,50,0.7,0.15,0.5,0.1,1,1,10,40,"post_fragmentation","random",22,1104,23,4,4,324,469,1
110,541,50,0.7,0.15,0.5,0.1,1,1,10,40,"post_fragmentation","random",22,1104,23,4,4,324,472,2
110,541,50,0.7,0.15,0.5,0.1,1,1,10,40,"post_fragmentation","random",22,1104,23,4,4,324,479,2
110,541,50,0.7,0.15,0.5,0.1,1,1,10,40,"post_fragmentation","random",22,1104,23,4,4,324,481,1
110,541,50,0.7,0.15,0.5,0.1,1,1,10,40,"post_fragmentation","random",22,1104,23,4,4,324,484,1
110,541,50,0.7,0.15,0.5,0.1,1,1,10,40,"post_fragmentation","random",22,1104,23,4,4,324,491,1
110,541,50,0.7,0.15,0.5,0.1,1,1,10,40,"post_fragmentation","random",22,1104,23,4,4,324,494,1
110,541,50,0.7,0.15,0.5,0.1,1,1,10,40,"post_fragmentation","random",22,1104,23,4,4,324,496,1
110,541,50,0.7,0.15,0.5,0.1,1,1,10,40,"post_fragmentation","random",22,1104,23,4,4,324,500,1
110,541,50,0.7,0.15,0.5,0.1,1,1,10,40,"post_fragmentation","random",22,1104,23,4,4,324,525,1
110,541,50,0.7,0.15,0.5,0.1,1,1,10,40,"post_fragmentation","random",22,1104,23,4,4,324,551,1
110,541,50,0.7,0.15,0.5,0.1,1,1,10,40,"post_fragmentation","random",22,1104,23,4,4,324,588,1
110,541,50,0.7,0.15,0.5,0.1,1,1,10,40,"post_fragmentation","random",22,1104,23,4,4,324,689,1
110,541,50,0.7,0.15,0.5,0.1,1,1,10,40,"post_fragmentation","random",23,647,13,47,4,324,284,1
110,541,50,0.7,0.15,0.5,0.1,1,1,10,40,"post_fragmentation","random",23,647,13,47,4,324,335,1
110,541,50,0.7,0.15,0.5,0.1,1,1,10,40,"post_fragmentation","random",23,647,13,47,4,324,337,1
110,541,50,0.7,0.15,0.5,0.1,1,1,10,40,"post_fragmentation","random",23,647,13,47,4,324,357,1
110,541,50,0.7,0.15,0.5,0.1,1,1,10,40,"post_fragmentation","random",23,647,13,47,4,324,364,1
110,541,50,0.7,0.15,0.5,0.1,1,1,10,40,"post_fragmentation","random",23,647,13,47,4,324,365,1
110,541,50,0.7,0.15,0.5,0.1,1,1,10,40,"post_fragmentation","random",23,647,13,47,4,324,372,2
110,541,50,0.7,0.15,0.5,0.1,1,1,10,40,"post_fragmentation","random",23,647,13,47,4,324,373,2
110,541,50,0.7,0.15,0.5,0.1,1,1,10,40,"post_fragmentation","random",23,647,13,47,4,324,387,1
110,541,50,0.7,0.15,0.5,0.1,1,1,10,40,"post_fragmentation","random",23,647,13,47,4,324,389,1
110,541,50,0.7,0.15,0.5,0.1,1,1,10,40,"post_fragmentation","random",23,647,13,47,4,324,398,1
110,541,50,0.7,0.15,0.5,0.1,1,1,10,40,"post_fragmentation","random",23,647,13,47,4,324,400,1
110,541,50,0.7,0.15,0.5,0.1,1,1,10,40,"post_fragmentation","random",23,647,13,47,4,324,407,1
110,541,50,0.7,0.15,0.5,0.1,1,1,10,40,"post_fragmentation","random",23,647,13,47,4,324,410,2
110,541,50,0.7,0.15,0.5,0.1,1,1,10,40,"post_fragmentation","random",23,647,13,47,4,324,414,1
110,541,50,0.7,0.15,0.5,0.1,1,1,10,40,"post_fragmentation","random",23,647,13,47,4,324,417,3
110,541,50,0.7,0.15,0.5,0.1,1,1,10,40,"post_fragmentation","random",23,647,13,47,4,324,421,1
110,541,50,0.7,0.15,0.5,0.1,1,1,10,40,"post_fragmentation","random",23,647,13,47,4,324,427,1
110,541,50,0.7,0.15,0.5,0.1,1,1,10,40,"post_fragmentation","random",23,647,13,47,4,324,429,1
110,541,50,0.7,0.15,0.5,0.1,1,1,10,40,"post_fragmentation","random",23,647,13,47,4,324,448,1
110,541,50,0.7,0.15,0.5,0.1,1,1,10,40,"post_fragmentation","random",23,647,13,47,4,324,454,1
110,541,50,0.7,0.15,0.5,0.1,1,1,10,40,"post_fragmentation","random",23,647,13,47,4,324,462,2
110,541,50,0.7,0.15,0.5,0.1,1,1,10,40,"post_fragmentation","random",23,647,13,47,4,324,463,1
110,541,50,0.7,0.15,0.5,0.1,1,1,10,40,"post_fragmentation","random",23,647,13,47,4,324,464,2
110,541,50,0.7,0.15,0.5,0.1,1,1,10,40,"post_fragmentation","random",23,647,13,47,4,324,484,1
110,541,50,0.7,0.15,0.5,0.1,1,1,10,40,"post_fragmentation","random",23,647,13,47,4,324,520,1
110,541,50,0.7,0.15,0.5,0.1,1,1,10,40,"post_fragmentation","random",23,647,13,47,4,324,526,1
110,541,50,0.7,0.15,0.5,0.1,1,1,10,40,"post_fragmentation","random",23,647,13,47,4,324,548,1
110,541,50,0.7,0.15,0.5,0.1,1,1,10,40,"post_fragmentation","random",24,951,20,1,4,324,288,1
110,541,50,0.7,0.15,0.5,0.1,1,1,10,40,"post_fragmentation","random",24,951,20,1,4,324,329,1
110,541,50,0.7,0.15,0.5,0.1,1,1,10,40,"post_fragmentation","random",24,951,20,1,4,324,330,1
110,541,50,0.7,0.15,0.5,0.1,1,1,10,40,"post_fragmentation","random",24,951,20,1,4,324,331,1
110,541,50,0.7,0.15,0.5,0.1,1,1,10,40,"post_fragmentation","random",24,951,20,1,4,324,338,1
110,541,50,0.7,0.15,0.5,0.1,1,1,10,40,"post_fragmentation","random",24,951,20,1,4,324,346,1
110,541,50,0.7,0.15,0.5,0.1,1,1,10,40,"post_fragmentation","random",24,951,20,1,4,324,350,1
110,541,50,0.7,0.15,0.5,0.1,1,1,10,40,"post_fragmentation","random",24,951,20,1,4,324,354,1
110,541,50,0.7,0.15,0.5,0.1,1,1,10,40,"post_fragmentation","random",24,951,20,1,4,324,366,1
110,541,50,0.7,0.15,0.5,0.1,1,1,10,40,"post_fragmentation","random",24,951,20,1,4,324,371,1
110,541,50,0.7,0.15,0.5,0.1,1,1,10,40,"post_fragmentation","random",24,951,20,1,4,324,375,1
110,541,50,0.7,0.15,0.5,0.1,1,1,10,40,"post_fragmentation","random",24,951,20,1,4,324,377,1
110,541,50,0.7,0.15,0.5,0.1,1,1,10,40,"post_fragmentation","random",24,951,20,1,4,324,380,2
110,541,50,0.7,0.15,0.5,0.1,1,1,10,40,"post_fragmentation","random",24,951,20,1,4,324,387,2
110,541,50,0.7,0.15,0.5,0.1,1,1,10,40,"post_fragmentation","random",24,951,20,1,4,324,389,1
110,541,50,0.7,0.15,0.5,0.1,1,1,10,40,"post_fragmentation","random",24,951,20,1,4,324,395,1
110,541,50,0.7,0.15,0.5,0.1,1,1,10,40,"post_fragmentation","random",24,951,20,1,4,324,408,1
110,541,50,0.7,0.15,0.5,0.1,1,1,10,40,"post_fragmentation","random",24,951,20,1,4,324,411,1
110,541,50,0.7,0.15,0.5,0.1,1,1,10,40,"post_fragmentation","random",24,951,20,1,4,324,417,1
110,541,50,0.7,0.15,0.5,0.1,1,1,10,40,"post_fragmentation","random",24,951,20,1,4,324,422,1
110,541,50,0.7,0.15,0.5,0.1,1,1,10,40,"post_fragmentation","random",24,951,20,1,4,324,423,3
110,541,50,0.7,0.15,0.5,0.1,1,1,10,40,"post_fragmentation","random",24,951,20,1,4,324,428,1
110,541,50,0.7,0.15,0.5,0.1,1,1,10,40,"post_fragmentation","random",24,951,20,1,4,324,445,1
110,541,50,0.7,0.15,0.5,0.1,1,1,10,40,"post_fragmentation","random",24,951,20,1,4,324,450,1
110,541,50,0.7,0.15,0.5,0.1,1,1,10,40,"post_fragmentation","random",24,951,20,1,4,324,453,1
110,541,50,0.7,0.15,0.5,0.1,1,1,10,40,"post_fragmentation","random",24,951,20,1,4,324,485,1
110,541,50,0.7,0.15,0.5,0.1,1,1,10,40,"post_fragmentation","random",24,951,20,1,4,324,487,1
110,541,50,0.7,0.15,0.5,0.1,1,1,10,40,"post_fragmentation","random",24,951,20,1,4,324,498,1
110,541,50,0.7,0.15,0.5,0.1,1,1,10,40,"post_fragmentation","random",24,951,20,1,4,324,523,1
110,541,50,0.7,0.15,0.5,0.1,1,1,10,40,"post_fragmentation","random",24,951,20,1,4,324,525,1
110,541,50,0.7,0.15,0.5,0.1,1,1,10,40,"post_fragmentation","random",24,951,20,1,4,324,554,1
110,541,50,0.7,0.15,0.5,0.1,1,1,10,40,"post_fragmentation","random",24,951,20,1,4,324,565,1
110,541,50,0.7,0.15,0.5,0.1,1,1,10,40,"post_fragmentation","random",24,951,20,1,4,324,597,1
110,541,50,0.7,0.15,0.5,0.1,1,1,10,40,"post_fragmentation","random",25,1000,20,50,4,324,278,1
110,541,50,0.7,0.15,0.5,0.1,1,1,10,40,"post_fragmentation","random",25,1000,20,50,4,324,333,1
110,541,50,0.7,0.15,0.5,0.1,1,1,10,40,"post_fragmentation","random",25,1000,20,50,4,324,365,1
110,541,50,0.7,0.15,0.5,0.1,1,1,10,40,"post_fragmentation","random",25,1000,20,50,4,324,370,1
110,541,50,0.7,0.15,0.5,0.1,1,1,10,40,"post_fragmentation","random",25,1000,20,50,4,324,371,1
110,541,50,0.7,0.15,0.5,0.1,1,1,10,40,"post_fragmentation","random",25,1000,20,50,4,324,372,2
110,541,50,0.7,0.15,0.5,0.1,1,1,10,40,"post_fragmentation","random",25,1000,20,50,4,324,373,1
110,541,50,0.7,0.15,0.5,0.1,1,1,10,40,"post_fragmentation","random",25,1000,20,50,4,324,375,3
110,541,50,0.7,0.15,0.5,0.1,1,1,10,40,"post_fragmentation","random",25,1000,20,50,4,324,377,2
110,541,50,0.7,0.15,0.5,0.1,1,1,10,40,"post_fragmentation","random",25,1000,20,50,4,324,382,1
110,541,50,0.7,0.15,0.5,0.1,1,1,10,40,"post_fragmentation","random",25,1000,20,50,4,324,385,1
110,541,50,0.7,0.15,0.5,0.1,1,1,10,40,"post_fragmentation","random",25,1000,20,50,4,324,387,2
110,541,50,0.7,0.15,0.5,0.1,1,1,10,40,"post_fragmentation","random",25,1000,20,50,4,324,398,1
110,541,50,0.7,0.15,0.5,0.1,1,1,10,40,"post_fragmentation","random",25,1000,20,50,4,324,410,1
110,541,50,0.7,0.15,0.5,0.1,1,1,10,40,"post_fragmentation","random",25,1000,20,50,4,324,414,1
110,541,50,0.7,0.15,0.5,0.1,1,1,10,40,"post_fragmentation","random",25,1000,20,50,4,324,417,2
110,541,50,0.7,0.15,0.5,0.1,1,1,10,40,"post_fragmentation","random",25,1000,20,50,4,324,422,1
110,541,50,0.7,0.15,0.5,0.1,1,1,10,40,"post_fragmentation","random",25,1000,20,50,4,324,431,1
110,541,50,0.7,0.15,0.5,0.1,1,1,10,40,"post_fragmentation","random",25,1000,20,50,4,324,445,1
110,541,50,0.7,0.15,0.5,0.1,1,1,10,40,"post_fragmentation","random",25,1000,20,50,4,324,450,1
110,541,50,0.7,0.15,0.5,0.1,1,1,10,40,"post_fragmentation","random",25,1000,20,50,4,324,451,2
110,541,50,0.7,0.15,0.5,0.1,1,1,10,40,"post_fragmentation","random",25,1000,20,50,4,324,452,1
110,541,50,0.7,0.15,0.5,0.1,1,1,10,40,"post_fragmentation","random",25,1000,20,50,4,324,472,1
110,541,50,0.7,0.15,0.5,0.1,1,1,10,40,"post_fragmentation","random",25,1000,20,50,4,324,484,1
110,541,50,0.7,0.15,0.5,0.1,1,1,10,40,"post_fragmentation","random",25,1000,20,50,4,324,486,1
110,541,50,0.7,0.15,0.5,0.1,1,1,10,40,"post_fragmentation","random",25,1000,20,50,4,324,488,1
110,541,50,0.7,0.15,0.5,0.1,1,1,10,40,"post_fragmentation","random",25,1000,20,50,4,324,525,1
110,541,50,0.7,0.15,0.5,0.1,1,1,10,40,"post_fragmentation","random",25,1000,20,50,4,324,588,1
110,541,50,0.7,0.15,0.5,0.1,1,1,10,40,"post_fragmentation","random",26,1057,22,7,4,324,152,1
110,541,50,0.7,0.15,0.5,0.1,1,1,10,40,"post_fragmentation","random",26,1057,22,7,4,324,219,1
110,541,50,0.7,0.15,0.5,0.1,1,1,10,40,"post_fragmentation","random",26,1057,22,7,4,324,256,1
110,541,50,0.7,0.15,0.5,0.1,1,1,10,40,"post_fragmentation","random",26,1057,22,7,4,324,302,1
110,541,50,0.7,0.15,0.5,0.1,1,1,10,40,"post_fragmentation","random",26,1057,22,7,4,324,337,2
110,541,50,0.7,0.15,0.5,0.1,1,1,10,40,"post_fragmentation","random",26,1057,22,7,4,324,345,1
110,541,50,0.7,0.15,0.5,0.1,1,1,10,40,"post_fragmentation","random",26,1057,22,7,4,324,348,1
110,541,50,0.7,0.15,0.5,0.1,1,1,10,40,"post_fragmentation","random",26,1057,22,7,4,324,352,1
110,541,50,0.7,0.15,0.5,0.1,1,1,10,40,"post_fragmentation","random",26,1057,22,7,4,324,361,1
110,541,50,0.7,0.15,0.5,0.1,1,1,10,40,"post_fragmentation","random",26,1057,22,7,4,324,362,1
110,541,50,0.7,0.15,0.5,0.1,1,1,10,40,"post_fragmentation","random",26,1057,22,7,4,324,367,1
110,541,50,0.7,0.15,0.5,0.1,1,1,10,40,"post_fragmentation","random",26,1057,22,7,4,324,375,1
110,541,50,0.7,0.15,0.5,0.1,1,1,10,40,"post_fragmentation","random",26,1057,22,7,4,324,390,1
110,541,50,0.7,0.15,0.5,0.1,1,1,10,40,"post_fragmentation","random",26,1057,22,7,4,324,410,1
110,541,50,0.7,0.15,0.5,0.1,1,1,10,40,"post_fragmentation","random",26,1057,22,7,4,324,423,1
110,541,50,0.7,0.15,0.5,0.1,1,1,10,40,"post_fragmentation","random",26,1057,22,7,4,324,445,1
110,541,50,0.7,0.15,0.5,0.1,1,1,10,40,"post_fragmentation","random",26,1057,22,7,4,324,448,1
110,541,50,0.7,0.15,0.5,0.1,1,1,10,40,"post_fragmentation","random",26,1057,22,7,4,324,513,1
110,541,50,0.7,0.15,0.5,0.1,1,1,10,40,"post_fragmentation","random",27,1002,21,2,4,324,322,1
110,541,50,0.7,0.15,0.5,0.1,1,1,10,40,"post_fragmentation","random",27,1002,21,2,4,324,331,1
110,541,50,0.7,0.15,0.5,0.1,1,1,10,40,"post_fragmentation","random",27,1002,21,2,4,324,354,1
110,541,50,0.7,0.15,0.5,0.1,1,1,10,40,"post_fragmentation","random",27,1002,21,2,4,324,365,1
110,541,50,0.7,0.15,0.5,0.1,1,1,10,40,"post_fragmentation","random",27,1002,21,2,4,324,373,3
110,541,50,0.7,0.15,0.5,0.1,1,1,10,40,"post_fragmentation","random",27,1002,21,2,4,324,378,1
110,541,50,0.7,0.15,0.5,0.1,1,1,10,40,"post_fragmentation","random",27,1002,21,2,4,324,379,1
110,541,50,0.7,0.15,0.5,0.1,1,1,10,40,"post_fragmentation","random",27,1002,21,2,4,324,387,1
110,541,50,0.7,0.15,0.5,0.1,1,1,10,40,"post_fragmentation","random",27,1002,21,2,4,324,395,1
110,541,50,0.7,0.15,0.5,0.1,1,1,10,40,"post_fragmentation","random",27,1002,21,2,4,324,399,1
110,541,50,0.7,0.15,0.5,0.1,1,1,10,40,"post_fragmentation","random",27,1002,21,2,4,324,400,1
110,541,50,0.7,0.15,0.5,0.1,1,1,10,40,"post_fragmentation","random",27,1002,21,2,4,324,414,1
110,541,50,0.7,0.15,0.5,0.1,1,1,10,40,"post_fragmentation","random",27,1002,21,2,4,324,417,2
110,541,50,0.7,0.15,0.5,0.1,1,1,10,40,"post_fragmentation","random",27,1002,21,2,4,324,427,1
110,541,50,0.7,0.15,0.5,0.1,1,1,10,40,"post_fragmentation","random",27,1002,21,2,4,324,429,1
110,541,50,0.7,0.15,0.5,0.1,1,1,10,40,"post_fragmentation","random",27,1002,21,2,4,324,432,1
110,541,50,0.7,0.15,0.5,0.1,1,1,10,40,"post_fragmentation","random",27,1002,21,2,4,324,436,2
110,541,50,0.7,0.15,0.5,0.1,1,1,10,40,"post_fragmentation","random",27,1002,21,2,4,324,445,1
110,541,50,0.7,0.15,0.5,0.1,1,1,10,40,"post_fragmentation","random",27,1002,21,2,4,324,450,1
110,541,50,0.7,0.15,0.5,0.1,1,1,10,40,"post_fragmentation","random",27,1002,21,2,4,324,458,1
110,541,50,0.7,0.15,0.5,0.1,1,1,10,40,"post_fragmentation","random",27,1002,21,2,4,324,462,1
110,541,50,0.7,0.15,0.5,0.1,1,1,10,40,"post_fragmentation","random",27,1002,21,2,4,324,474,1
110,541,50,0.7,0.15,0.5,0.1,1,1,10,40,"post_fragmentation","random",27,1002,21,2,4,324,481,1
110,541,50,0.7,0.15,0.5,0.1,1,1,10,40,"post_fragmentation","random",27,1002,21,2,4,324,484,1
110,541,50,0.7,0.15,0.5,0.1,1,1,10,40,"post_fragmentation","random",27,1002,21,2,4,324,489,2
110,541,50,0.7,0.15,0.5,0.1,1,1,10,40,"post_fragmentation","random",27,1002,21,2,4,324,496,2
110,541,50,0.7,0.15,0.5,0.1,1,1,10,40,"post_fragmentation","random",27,1002,21,2,4,324,498,1
110,541,50,0.7,0.15,0.5,0.1,1,1,10,40,"post_fragmentation","random",27,1002,21,2,4,324,507,1
110,541,50,0.7,0.15,0.5,0.1,1,1,10,40,"post_fragmentation","random",27,1002,21,2,4,324,508,1
110,541,50,0.7,0.15,0.5,0.1,1,1,10,40,"post_fragmentation","random",27,1002,21,2,4,324,564,1
110,541,50,0.7,0.15,0.5,0.1,1,1,10,40,"post_fragmentation","random",27,1002,21,2,4,324,577,1
110,541,50,0.7,0.15,0.5,0.1,1,1,10,40,"post_fragmentation","random",28,1316,27,16,12,1,64,1
110,541,50,0.7,0.15,0.5,0.1,1,1,10,40,"post_fragmentation","random",28,1316,27,16,12,1,78,1
110,541,50,0.7,0.15,0.5,0.1,1,1,10,40,"post_fragmentation","random",28,1316,27,16,12,1,102,1
110,541,50,0.7,0.15,0.5,0.1,1,1,10,40,"post_fragmentation","random",28,1316,27,16,12,1,119,1
110,541,50,0.7,0.15,0.5,0.1,1,1,10,40,"post_fragmentation","random",29,989,20,39,4,324,294,1
110,541,50,0.7,0.15,0.5,0.1,1,1,10,40,"post_fragmentation","random",29,989,20,39,4,324,302,1
110,541,50,0.7,0.15,0.5,0.1,1,1,10,40,"post_fragmentation","random",29,989,20,39,4,324,335,1
110,541,50,0.7,0.15,0.5,0.1,1,1,10,40,"post_fragmentation","random",29,989,20,39,4,324,357,2
110,541,50,0.7,0.15,0.5,0.1,1,1,10,40,"post_fragmentation","random",29,989,20,39,4,324,362,1
110,541,50,0.7,0.15,0.5,0.1,1,1,10,40,"post_fragmentation","random",29,989,20,39,4,324,371,2
110,541,50,0.7,0.15,0.5,0.1,1,1,10,40,"post_fragmentation","random",29,989,20,39,4,324,372,1
110,541,50,0.7,0.15,0.5,0.1,1,1,10,40,"post_fragmentation","random",29,989,20,39,4,324,380,4
110,541,50,0.7,0.15,0.5,0.1,1,1,10,40,"post_fragmentation","random",29,989,20,39,4,324,390,1
110,541,50,0.7,0.15,0.5,0.1,1,1,10,40,"post_fragmentation","random",29,989,20,39,4,324,392,1
110,541,50,0.7,0.15,0.5,0.1,1,1,10,40,"post_fragmentation","random",29,989,20,39,4,324,402,1
110,541,50,0.7,0.15,0.5,0.1,1,1,10,40,"post_fragmentation","random",29,989,20,39,4,324,408,1
110,541,50,0.7,0.15,0.5,0.1,1,1,10,40,"post_fragmentation","random",29,989,20,39,4,324,410,2
110,541,50,0.7,0.15,0.5,0.1,1,1,10,40,"post_fragmentation","random",29,989,20,39,4,324,411,1
110,541,50,0.7,0.15,0.5,0.1,1,1,10,40,"post_fragmentation","random",29,989,20,39,4,324,413,1
110,541,50,0.7,0.15,0.5,0.1,1,1,10,40,"post_fragmentation","random",29,989,20,39,4,324,414,1
110,541,50,0.7,0.15,0.5,0.1,1,1,10,40,"post_fragmentation","random",29,989,20,39,4,324,421,1
110,541,50,0.7,0.15,0.5,0.1,1,1,10,40,"post_fragmentation","random",29,989,20,39,4,324,423,1
110,541,50,0.7,0.15,0.5,0.1,1,1,10,40,"post_fragmentation","random",29,989,20,39,4,324,427,3
110,541,50,0.7,0.15,0.5,0.1,1,1,10,40,"post_fragmentation","random",29,989,20,39,4,324,428,1
110,541,50,0.7,0.15,0.5,0.1,1,1,10,40,"post_fragmentation","random",29,989,20,39,4,324,431,1
110,541,50,0.7,0.15,0.5,0.1,1,1,10,40,"post_fragmentation","random",29,989,20,39,4,324,444,1
110,541,50,0.7,0.15,0.5,0.1,1,1,10,40,"post_fragmentation","random",29,989,20,39,4,324,462,1
110,541,50,0.7,0.15,0.5,0.1,1,1,10,40,"post_fragmentation","random",29,989,20,39,4,324,464,1
110,541,50,0.7,0.15,0.5,0.1,1,1,10,40,"post_fragmentation","random",29,989,20,39,4,324,468,1
110,541,50,0.7,0.15,0.5,0.1,1,1,10,40,"post_fragmentation","random",29,989,20,39,4,324,479,1
110,541,50,0.7,0.15,0.5,0.1,1,1,10,40,"post_fragmentation","random",29,989,20,39,4,324,481,2
110,541,50,0.7,0.15,0.5,0.1,1,1,10,40,"post_fragmentation","random",29,989,20,39,4,324,513,1
110,541,50,0.7,0.15,0.5,0.1,1,1,10,40,"post_fragmentation","random",30,649,13,49,4,324,285,1
110,541,50,0.7,0.15,0.5,0.1,1,1,10,40,"post_fragmentation","random",30,649,13,49,4,324,308,1
110,541,50,0.7,0.15,0.5,0.1,1,1,10,40,"post_fragmentation","random",30,649,13,49,4,324,316,1
110,541,50,0.7,0.15,0.5,0.1,1,1,10,40,"post_fragmentation","random",30,649,13,49,4,324,324,2
110,541,50,0.7,0.15,0.5,0.1,1,1,10,40,"post_fragmentation","random",30,649,13,49,4,324,330,1
110,541,50,0.7,0.15,0.5,0.1,1,1,10,40,"post_fragmentation","random",30,649,13,49,4,324,337,1
110,541,50,0.7,0.15,0.5,0.1,1,1,10,40,"post_fragmentation","random",30,649,13,49,4,324,345,1
110,541,50,0.7,0.15,0.5,0.1,1,1,10,40,"post_fragmentation","random",30,649,13,49,4,324,348,1
110,541,50,0.7,0.15,0.5,0.1,1,1,10,40,"post_fragmentation","random",30,649,13,49,4,324,352,1
110,541,50,0.7,0.15,0.5,0.1,1,1,10,40,"post_fragmentation","random",30,649,13,49,4,324,365,2
110,541,50,0.7,0.15,0.5,0.1,1,1,10,40,"post_fragmentation","random",30,649,13,49,4,324,371,1
110,541,50,0.7,0.15,0.5,0.1,1,1,10,40,"post_fragmentation","random",30,649,13,49,4,324,375,1
110,541,50,0.7,0.15,0.5,0.1,1,1,10,40,"post_fragmentation","random",30,649,13,49,4,324,383,1
110,541,50,0.7,0.15,0.5,0.1,1,1,10,40,"post_fragmentation","random",30,649,13,49,4,324,390,1
110,541,50,0.7,0.15,0.5,0.1,1,1,10,40,"post_fragmentation","random",30,649,13,49,4,324,395,1
110,541,50,0.7,0.15,0.5,0.1,1,1,10,40,"post_fragmentation","random",30,649,13,49,4,324,398,1
110,541,50,0.7,0.15,0.5,0.1,1,1,10,40,"post_fragmentation","random",30,649,13,49,4,324,405,1
110,541,50,0.7,0.15,0.5,0.1,1,1,10,40,"post_fragmentation","random",30,649,13,49,4,324,417,2
110,541,50,0.7,0.15,0.5,0.1,1,1,10,40,"post_fragmentation","random",30,649,13,49,4,324,431,1
110,541,50,0.7,0.15,0.5,0.1,1,1,10,40,"post_fragmentation","random",30,649,13,49,4,324,438,1
110,541,50,0.7,0.15,0.5,0.1,1,1,10,40,"post_fragmentation","random",30,649,13,49,4,324,447,2
110,541,50,0.7,0.15,0.5,0.1,1,1,10,40,"post_fragmentation","random",30,649,13,49,4,324,449,2
110,541,50,0.7,0.15,0.5,0.1,1,1,10,40,"post_fragmentation","random",30,649,13,49,4,324,451,1
110,541,50,0.7,0.15,0.5,0.1,1,1,10,40,"post_fragmentation","random",30,649,13,49,4,324,476,1
110,541,50,0.7,0.15,0.5,0.1,1,1,10,40,"post_fragmentation","random",30,649,13,49,4,324,496,1
110,541,50,0.7,0.15,0.5,0.1,1,1,10,40,"post_fragmentation","random",30,649,13,49,4,324,500,1
110,541,50,0.7,0.15,0.5,0.1,1,1,10,40,"post_fragmentation","random",30,649,13,49,4,324,508,1
110,541,50,0.7,0.15,0.5,0.1,1,1,10,40,"post_fragmentation","random",30,649,13,49,4,324,518,1
110,541,50,0.7,0.15,0.5,0.1,1,1,10,40,"post_fragmentation","random",30,649,13,49,4,324,525,1
110,541,50,0.7,0.15,0.5,0.1,1,1,10,40,"post_fragmentation","random",30,649,13,49,4,324,530,1
110,541,50,0.7,0.15,0.5,0.1,1,1,10,40,"post_fragmentation","random",30,649,13,49,4,324,539,1
110,541,50,0.7,0.15,0.5,0.1,1,1,10,100,"final","random",1,114,3,14,1,16,NA,NA
110,541,50,0.7,0.15,0.5,0.1,1,1,10,100,"final","random",2,1162,24,12,4,324,NA,NA
110,541,50,0.7,0.15,0.5,0.1,1,1,10,100,"final","random",3,1004,21,4,4,324,337,3
110,541,50,0.7,0.15,0.5,0.1,1,1,10,100,"final","random",3,1004,21,4,4,324,348,1
110,541,50,0.7,0.15,0.5,0.1,1,1,10,100,"final","random",3,1004,21,4,4,324,352,1
110,541,50,0.7,0.15,0.5,0.1,1,1,10,100,"final","random",3,1004,21,4,4,324,357,1
110,541,50,0.7,0.15,0.5,0.1,1,1,10,100,"final","random",3,1004,21,4,4,324,362,1
110,541,50,0.7,0.15,0.5,0.1,1,1,10,100,"final","random",3,1004,21,4,4,324,364,1
110,541,50,0.7,0.15,0.5,0.1,1,1,10,100,"final","random",3,1004,21,4,4,324,365,1
110,541,50,0.7,0.15,0.5,0.1,1,1,10,100,"final","random",3,1004,21,4,4,324,371,5
110,541,50,0.7,0.15,0.5,0.1,1,1,10,100,"final","random",3,1004,21,4,4,324,372,2
110,541,50,0.7,0.15,0.5,0.1,1,1,10,100,"final","random",3,1004,21,4,4,324,373,1
110,541,50,0.7,0.15,0.5,0.1,1,1,10,100,"final","random",3,1004,21,4,4,324,375,4
110,541,50,0.7,0.15,0.5,0.1,1,1,10,100,"final","random",3,1004,21,4,4,324,378,2
110,541,50,0.7,0.15,0.5,0.1,1,1,10,100,"final","random",3,1004,21,4,4,324,379,1
110,541,50,0.7,0.15,0.5,0.1,1,1,10,100,"final","random",3,1004,21,4,4,324,382,1
110,541,50,0.7,0.15,0.5,0.1,1,1,10,100,"final","random",3,1004,21,4,4,324,387,2
110,541,50,0.7,0.15,0.5,0.1,1,1,10,100,"final","random",3,1004,21,4,4,324,389,1
110,541,50,0.7,0.15,0.5,0.1,1,1,10,100,"final","random",3,1004,21,4,4,324,390,1
110,541,50,0.7,0.15,0.5,0.1,1,1,10,100,"final","random",3,1004,21,4,4,324,393,1
110,541,50,0.7,0.15,0.5,0.1,1,1,10,100,"final","random",3,1004,21,4,4,324,399,1
110,541,50,0.7,0.15,0.5,0.1,1,1,10,100,"final","random",3,1004,21,4,4,324,400,1
110,541,50,0.7,0.15,0.5,0.1,1,1,10,100,"final","random",3,1004,21,4,4,324,402,1
110,541,50,0.7,0.15,0.5,0.1,1,1,10,100,"final","random",3,1004,21,4,4,324,410,1
110,541,50,0.7,0.15,0.5,0.1,1,1,10,100,"final","random",4,916,19,16,4,324,373,1
110,541,50,0.7,0.15,0.5,0.1,1,1,10,100,"final","random",5,1189,24,39,11,2,337,1
110,541,50,0.7,0.15,0.5,0.1,1,1,10,100,"final","random",5,1189,24,39,11,2,348,1
110,541,50,0.7,0.15,0.5,0.1,1,1,10,100,"final","random",5,1189,24,39,11,2,368,1
110,541,50,0.7,0.15,0.5,0.1,1,1,10,100,"final","random",5,1189,24,39,11,2,375,1
110,541,50,0.7,0.15,0.5,0.1,1,1,10,100,"final","random",6,1090,22,40,4,324,337,1
110,541,50,0.7,0.15,0.5,0.1,1,1,10,100,"final","random",6,1090,22,40,4,324,352,2
110,541,50,0.7,0.15,0.5,0.1,1,1,10,100,"final","random",6,1090,22,40,4,324,363,1
110,541,50,0.7,0.15,0.5,0.1,1,1,10,100,"final","random",6,1090,22,40,4,324,380,1
110,541,50,0.7,0.15,0.5,0.1,1,1,10,100,"final","random",6,1090,22,40,4,324,392,1
110,541,50,0.7,0.15,0.5,0.1,1,1,10,100,"final","random",6,1090,22,40,4,324,436,1
110,541,50,0.7,0.15,0.5,0.1,1,1,10,100,"final","random",7,921,19,21,4,324,359,1
110,541,50,0.7,0.15,0.5,0.1,1,1,10,100,"final","random",8,748,15,48,4,324,324,1
110,541,50,0.7,0.15,0.5,0.1,1,1,10,100,"final","random",8,748,15,48,4,324,331,1
110,541,50,0.7,0.15,0.5,0.1,1,1,10,100,"final","random",8,748,15,48,4,324,350,1
110,541,50,0.7,0.15,0.5,0.1,1,1,10,100,"final","random",8,748,15,48,4,324,352,1
110,541,50,0.7,0.15,0.5,0.1,1,1,10,100,"final","random",8,748,15,48,4,324,354,1
110,541,50,0.7,0.15,0.5,0.1,1,1,10,100,"final","random",8,748,15,48,4,324,357,1
110,541,50,0.7,0.15,0.5,0.1,1,1,10,100,"final","random",8,748,15,48,4,324,359,2
110,541,50,0.7,0.15,0.5,0.1,1,1,10,100,"final","random",8,748,15,48,4,324,363,1
110,541,50,0.7,0.15,0.5,0.1,1,1,10,100,"final","random",8,748,15,48,4,324,364,2
110,541,50,0.7,0.15,0.5,0.1,1,1,10,100,"final","random",8,748,15,48,4,324,371,2
110,541,50,0.7,0.15,0.5,0.1,1,1,10,100,"final","random",8,748,15,48,4,324,372,2
110,541,50,0.7,0.15,0.5,0.1,1,1,10,100,"final","random",8,748,15,48,4,324,373,1
110,541,50,0.7,0.15,0.5,0.1,1,1,10,100,"final","random",8,748,15,48,4,324,375,3
110,541,50,0.7,0.15,0.5,0.1,1,1,10,100,"final","random",8,748,15,48,4,324,377,1
110,541,50,0.7,0.15,0.5,0.1,1,1,10,100,"final","random",8,748,15,48,4,324,378,1
110,541,50,0.7,0.15,0.5,0.1,1,1,10,100,"final","random",8,748,15,48,4,324,379,1
110,541,50,0.7,0.15,0.5,0.1,1,1,10,100,"final","random",8,748,15,48,4,324,380,1
110,541,50,0.7,0.15,0.5,0.1,1,1,10,100,"final","random",8,748,15,48,4,324,382,1
110,541,50,0.7,0.15,0.5,0.1,1,1,10,100,"final","random",8,748,15,48,4,324,388,1
110,541,50,0.7,0.15,0.5,0.1,1,1,10,100,"final","random",8,748,15,48,4,324,400,1
110,541,50,0.7,0.15,0.5,0.1,1,1,10,100,"final","random",8,748,15,48,4,324,414,1
110,541,50,0.7,0.15,0.5,0.1,1,1,10,100,"final","random",8,748,15,48,4,324,419,1
110,541,50,0.7,0.15,0.5,0.1,1,1,10,100,"final","random",8,748,15,48,4,324,421,1
110,541,50,0.7,0.15,0.5,0.1,1,1,10,100,"final","random",9,410,9,10,3,5,388,1
110,541,50,0.7,0.15,0.5,0.1,1,1,10,100,"final","random",9,410,9,10,3,5,410,1
110,541,50,0.7,0.15,0.5,0.1,1,1,10,100,"final","random",10,449,9,49,4,324,350,1
110,541,50,0.7,0.15,0.5,0.1,1,1,10,100,"final","random",10,449,9,49,4,324,373,1
110,541,50,0.7,0.15,0.5,0.1,1,1,10,100,"final","random",10,449,9,49,4,324,375,1
110,541,50,0.7,0.15,0.5,0.1,1,1,10,100,"final","random",10,449,9,49,4,324,379,1
110,541,50,0.7,0.15,0.5,0.1,1,1,10,100,"final","random",10,449,9,49,4,324,390,1
110,541,50,0.7,0.15,0.5,0.1,1,1,10,100,"final","random",10,449,9,49,4,324,419,1
110,541,50,0.7,0.15,0.5,0.1,1,1,10,100,"final","random",11,871,18,21,4,324,NA,NA
110,541,50,0.7,0.15,0.5,0.1,1,1,10,100,"final","random",12,953,20,3,4,324,337,1
110,541,50,0.7,0.15,0.5,0.1,1,1,10,100,"final","random",12,953,20,3,4,324,338,1
110,541,50,0.7,0.15,0.5,0.1,1,1,10,100,"final","random",12,953,20,3,4,324,339,1
110,541,50,0.7,0.15,0.5,0.1,1,1,10,100,"final","random",12,953,20,3,4,324,346,1
110,541,50,0.7,0.15,0.5,0.1,1,1,10,100,"final","random",12,953,20,3,4,324,350,1
110,541,50,0.7,0.15,0.5,0.1,1,1,10,100,"final","random",12,953,20,3,4,324,352,1
110,541,50,0.7,0.15,0.5,0.1,1,1,10,100,"final","random",12,953,20,3,4,324,354,1
110,541,50,0.7,0.15,0.5,0.1,1,1,10,100,"final","random",12,953,20,3,4,324,357,2
110,541,50,0.7,0.15,0.5,0.1,1,1,10,100,"final","random",12,953,20,3,4,324,359,1
110,541,50,0.7,0.15,0.5,0.1,1,1,10,100,"final","random",12,953,20,3,4,324,361,2
110,541,50,0.7,0.15,0.5,0.1,1,1,10,100,"final","random",12,953,20,3,4,324,364,1
110,541,50,0.7,0.15,0.5,0.1,1,1,10,100,"final","random",12,953,20,3,4,324,368,1
110,541,50,0.7,0.15,0.5,0.1,1,1,10,100,"final","random",12,953,20,3,4,324,369,1
110,541,50,0.7,0.15,0.5,0.1,1,1,10,100,"final","random",12,953,20,3,4,324,372,1
110,541,50,0.7,0.15,0.5,0.1,1,1,10,100,"final","random",12,953,20,3,4,324,373,1
110,541,50,0.7,0.15,0.5,0.1,1,1,10,100,"final","random",12,953,20,3,4,324,375,2
110,541,50,0.7,0.15,0.5,0.1,1,1,10,100,"final","random",12,953,20,3,4,324,379,1
110,541,50,0.7,0.15,0.5,0.1,1,1,10,100,"final","random",12,953,20,3,4,324,380,1
110,541,50,0.7,0.15,0.5,0.1,1,1,10,100,"final","random",12,953,20,3,4,324,388,2
110,541,50,0.7,0.15,0.5,0.1,1,1,10,100,"final","random",12,953,20,3,4,324,395,1
110,541,50,0.7,0.15,0.5,0.1,1,1,10,100,"final","random",12,953,20,3,4,324,399,2
110,541,50,0.7,0.15,0.5,0.1,1,1,10,100,"final","random",12,953,20,3,4,324,404,1
110,541,50,0.7,0.15,0.5,0.1,1,1,10,100,"final","random",12,953,20,3,4,324,407,1
110,541,50,0.7,0.15,0.5,0.1,1,1,10,100,"final","random",12,953,20,3,4,324,410,1
110,541,50,0.7,0.15,0.5,0.1,1,1,10,100,"final","random",12,953,20,3,4,324,421,1
110,541,50,0.7,0.15,0.5,0.1,1,1,10,100,"final","random",12,953,20,3,4,324,457,1
110,541,50,0.7,0.15,0.5,0.1,1,1,10,100,"final","random",13,864,18,14,4,324,350,1
110,541,50,0.7,0.15,0.5,0.1,1,1,10,100,"final","random",13,864,18,14,4,324,375,1
110,541,50,0.7,0.15,0.5,0.1,1,1,10,100,"final","random",14,1069,22,19,8,4,388,1
110,541,50,0.7,0.15,0.5,0.1,1,1,10,100,"final","random",15,705,15,5,4,324,329,1
110,541,50,0.7,0.15,0.5,0.1,1,1,10,100,"final","random",15,705,15,5,4,324,330,1
110,541,50,0.7,0.15,0.5,0.1,1,1,10,100,"final","random",15,705,15,5,4,324,331,1
110,541,50,0.7,0.15,0.5,0.1,1,1,10,100,"final","random",15,705,15,5,4,324,339,1
110,541,50,0.7,0.15,0.5,0.1,1,1,10,100,"final","random",15,705,15,5,4,324,344,1
110,541,50,0.7,0.15,0.5,0.1,1,1,10,100,"final","random",15,705,15,5,4,324,346,1
110,541,50,0.7,0.15,0.5,0.1,1,1,10,100,"final","random",15,705,15,5,4,324,348,1
110,541,50,0.7,0.15,0.5,0.1,1,1,10,100,"final","random",15,705,15,5,4,324,352,1
110,541,50,0.7,0.15,0.5,0.1,1,1,10,100,"final","random",15,705,15,5,4,324,354,3
110,541,50,0.7,0.15,0.5,0.1,1,1,10,100,"final","random",15,705,15,5,4,324,357,1
110,541,50,0.7,0.15,0.5,0.1,1,1,10,100,"final","random",15,705,15,5,4,324,363,1
110,541,50,0.7,0.15,0.5,0.1,1,1,10,100,"final","random",15,705,15,5,4,324,366,1
110,541,50,0.7,0.15,0.5,0.1,1,1,10,100,"final","random",15,705,15,5,4,324,368,1
110,541,50,0.7,0.15,0.5,0.1,1,1,10,100,"final","random",15,705,15,5,4,324,370,1
110,541,50,0.7,0.15,0.5,0.1,1,1,10,100,"final","random",15,705,15,5,4,324,371,2
110,541,50,0.7,0.15,0.5,0.1,1,1,10,100,"final","random",15,705,15,5,4,324,373,2
110,541,50,0.7,0.15,0.5,0.1,1,1,10,100,"final","random",15,705,15,5,4,324,375,2
110,541,50,0.7,0.15,0.5,0.1,1,1,10,100,"final","random",15,705,15,5,4,324,380,1
110,541,50,0.7,0.15,0.5,0.1,1,1,10,100,"final","random",15,705,15,5,4,324,382,1
110,541,50,0.7,0.15,0.5,0.1,1,1,10,100,"final","random",15,705,15,5,4,324,395,2
110,541,50,0.7,0.15,0.5,0.1,1,1,10,100,"final","random",16,954,20,4,4,324,340,2
110,541,50,0.7,0.15,0.5,0.1,1,1,10,100,"final","random",16,954,20,4,4,324,357,2
110,541,50,0.7,0.15,0.5,0.1,1,1,10,100,"final","random",16,954,20,4,4,324,364,1
110,541,50,0.7,0.15,0.5,0.1,1,1,10,100,"final","random",16,954,20,4,4,324,368,1
110,541,50,0.7,0.15,0.5,0.1,1,1,10,100,"final","random",16,954,20,4,4,324,371,1
110,541,50,0.7,0.15,0.5,0.1,1,1,10,100,"final","random",16,954,20,4,4,324,375,2
110,541,50,0.7,0.15,0.5,0.1,1,1,10,100,"final","random",16,954,20,4,4,324,378,1
110,541,50,0.7,0.15,0.5,0.1,1,1,10,100,"final","random",16,954,20,4,4,324,380,2
110,541,50,0.7,0.15,0.5,0.1,1,1,10,100,"final","random",16,954,20,4,4,324,387,1
110,541,50,0.7,0.15,0.5,0.1,1,1,10,100,"final","random",16,954,20,4,4,324,388,1
110,541,50,0.7,0.15,0.5,0.1,1,1,10,100,"final","random",16,954,20,4,4,324,389,1
110,541,50,0.7,0.15,0.5,0.1,1,1,10,100,"final","random",16,954,20,4,4,324,395,1
110,541,50,0.7,0.15,0.5,0.1,1,1,10,100,"final","random",16,954,20,4,4,324,421,2
110,541,50,0.7,0.15,0.5,0.1,1,1,10,100,"final","random",16,954,20,4,4,324,424,1
110,541,50,0.7,0.15,0.5,0.1,1,1,10,100,"final","random",16,954,20,4,4,324,427,2
110,541,50,0.7,0.15,0.5,0.1,1,1,10,100,"final","random",16,954,20,4,4,324,436,2
110,541,50,0.7,0.15,0.5,0.1,1,1,10,100,"final","random",16,954,20,4,4,324,447,1
110,541,50,0.7,0.15,0.5,0.1,1,1,10,100,"final","random",17,1246,25,46,4,324,365,1
110,541,50,0.7,0.15,0.5,0.1,1,1,10,100,"final","random",17,1246,25,46,4,324,371,1
110,541,50,0.7,0.15,0.5,0.1,1,1,10,100,"final","random",17,1246,25,46,4,324,372,1
110,541,50,0.7,0.15,0.5,0.1,1,1,10,100,"final","random",17,1246,25,46,4,324,375,1
110,541,50,0.7,0.15,0.5,0.1,1,1,10,100,"final","random",17,1246,25,46,4,324,380,1
110,541,50,0.7,0.15,0.5,0.1,1,1,10,100,"final","random",17,1246,25,46,4,324,417,1
110,541,50,0.7,0.15,0.5,0.1,1,1,10,100,"final","random",17,1246,25,46,4,324,447,1
110,541,50,0.7,0.15,0.5,0.1,1,1,10,100,"final","random",18,805,17,5,4,324,330,2
110,541,50,0.7,0.15,0.5,0.1,1,1,10,100,"final","random",18,805,17,5,4,324,347,1
110,541,50,0.7,0.15,0.5,0.1,1,1,10,100,"final","random",18,805,17,5,4,324,352,1
110,541,50,0.7,0.15,0.5,0.1,1,1,10,100,"final","random",18,805,17,5,4,324,357,2
110,541,50,0.7,0.15,0.5,0.1,1,1,10,100,"final","random",18,805,17,5,4,324,372,1
110,541,50,0.7,0.15,0.5,0.1,1,1,10,100,"final","random",18,805,17,5,4,324,375,1
110,541,50,0.7,0.15,0.5,0.1,1,1,10,100,"final","random",18,805,17,5,4,324,378,6
110,541,50,0.7,0.15,0.5,0.1,1,1,10,100,"final","random",18,805,17,5,4,324,380,1
110,541,50,0.7,0.15,0.5,0.1,1,1,10,100,"final","random",18,805,17,5,4,324,382,1
110,541,50,0.7,0.15,0.5,0.1,1,1,10,100,"final","random",18,805,17,5,4,324,387,1
110,541,50,0.7,0.15,0.5,0.1,1,1,10,100,"final","random",18,805,17,5,4,324,388,2
110,541,50,0.7,0.15,0.5,0.1,1,1,10,100,"final","random",18,805,17,5,4,324,389,2
110,541,50,0.7,0.15,0.5,0.1,1,1,10,100,"final","random",18,805,17,5,4,324,400,2
110,541,50,0.7,0.15,0.5,0.1,1,1,10,100,"final","random",18,805,17,5,4,324,424,1
110,541,50,0.7,0.15,0.5,0.1,1,1,10,100,"final","random",18,805,17,5,4,324,428,2
110,541,50,0.7,0.15,0.5,0.1,1,1,10,100,"final","random",19,750,15,50,4,324,238,1
110,541,50,0.7,0.15,0.5,0.1,1,1,10,100,"final","random",19,750,15,50,4,324,333,1
110,541,50,0.7,0.15,0.5,0.1,1,1,10,100,"final","random",19,750,15,50,4,324,337,2
110,541,50,0.7,0.15,0.5,0.1,1,1,10,100,"final","random",19,750,15,50,4,324,346,1
110,541,50,0.7,0.15,0.5,0.1,1,1,10,100,"final","random",19,750,15,50,4,324,354,2
110,541,50,0.7,0.15,0.5,0.1,1,1,10,100,"final","random",19,750,15,50,4,324,357,1
110,541,50,0.7,0.15,0.5,0.1,1,1,10,100,"final","random",19,750,15,50,4,324,363,1
110,541,50,0.7,0.15,0.5,0.1,1,1,10,100,"final","random",19,750,15,50,4,324,364,1
110,541,50,0.7,0.15,0.5,0.1,1,1,10,100,"final","random",19,750,15,50,4,324,368,1
110,541,50,0.7,0.15,0.5,0.1,1,1,10,100,"final","random",19,750,15,50,4,324,369,1
110,541,50,0.7,0.15,0.5,0.1,1,1,10,100,"final","random",19,750,15,50,4,324,370,2
110,541,50,0.7,0.15,0.5,0.1,1,1,10,100,"final","random",19,750,15,50,4,324,371,1
110,541,50,0.7,0.15,0.5,0.1,1,1,10,100,"final","random",19,750,15,50,4,324,372,1
110,541,50,0.7,0.15,0.5,0.1,1,1,10,100,"final","random",19,750,15,50,4,324,375,3
110,541,50,0.7,0.15,0.5,0.1,1,1,10,100,"final","random",19,750,15,50,4,324,379,1
110,541,50,0.7,0.15,0.5,0.1,1,1,10,100,"final","random",19,750,15,50,4,324,380,1
110,541,50,0.7,0.15,0.5,0.1,1,1,10,100,"final","random",19,750,15,50,4,324,385,1
110,541,50,0.7,0.15,0.5,0.1,1,1,10,100,"final","random",19,750,15,50,4,324,387,1
110,541,50,0.7,0.15,0.5,0.1,1,1,10,100,"final","random",19,750,15,50,4,324,389,1
110,541,50,0.7,0.15,0.5,0.1,1,1,10,100,"final","random",19,750,15,50,4,324,391,1
110,541,50,0.7,0.15,0.5,0.1,1,1,10,100,"final","random",19,750,15,50,4,324,392,1
110,541,50,0.7,0.15,0.5,0.1,1,1,10,100,"final","random",19,750,15,50,4,324,393,1
110,541,50,0.7,0.15,0.5,0.1,1,1,10,100,"final","random",19,750,15,50,4,324,414,1
110,541,50,0.7,0.15,0.5,0.1,1,1,10,100,"final","random",19,750,15,50,4,324,421,1
110,541,50,0.7,0.15,0.5,0.1,1,1,10,100,"final","random",19,750,15,50,4,324,428,1
110,541,50,0.7,0.15,0.5,0.1,1,1,10,100,"final","random",19,750,15,50,4,324,432,1
110,541,50,0.7,0.15,0.5,0.1,1,1,10,100,"final","random",19,750,15,50,4,324,436,1
110,541,50,0.7,0.15,0.5,0.1,1,1,10,100,"final","random",20,1305,27,5,4,324,354,1
110,541,50,0.7,0.15,0.5,0.1,1,1,10,100,"final","random",20,1305,27,5,4,324,367,2
110,541,50,0.7,0.15,0.5,0.1,1,1,10,100,"final","random",20,1305,27,5,4,324,369,1
110,541,50,0.7,0.15,0.5,0.1,1,1,10,100,"final","random",20,1305,27,5,4,324,371,1
110,541,50,0.7,0.15,0.5,0.1,1,1,10,100,"final","random",20,1305,27,5,4,324,372,1
110,541,50,0.7,0.15,0.5,0.1,1,1,10,100,"final","random",20,1305,27,5,4,324,375,4
110,541,50,0.7,0.15,0.5,0.1,1,1,10,100,"final","random",20,1305,27,5,4,324,379,1
110,541,50,0.7,0.15,0.5,0.1,1,1,10,100,"final","random",20,1305,27,5,4,324,388,1
110,541,50,0.7,0.15,0.5,0.1,1,1,10,100,"final","random",20,1305,27,5,4,324,432,1
110,541,50,0.7,0.15,0.5,0.1,1,1,10,100,"final","random",21,1038,21,38,4,324,331,1
110,541,50,0.7,0.15,0.5,0.1,1,1,10,100,"final","random",21,1038,21,38,4,324,337,3
110,541,50,0.7,0.15,0.5,0.1,1,1,10,100,"final","random",21,1038,21,38,4,324,364,1
110,541,50,0.7,0.15,0.5,0.1,1,1,10,100,"final","random",21,1038,21,38,4,324,375,1
110,541,50,0.7,0.15,0.5,0.1,1,1,10,100,"final","random",21,1038,21,38,4,324,380,1
110,541,50,0.7,0.15,0.5,0.1,1,1,10,100,"final","random",21,1038,21,38,4,324,387,1
110,541,50,0.7,0.15,0.5,0.1,1,1,10,100,"final","random",21,1038,21,38,4,324,393,1
110,541,50,0.7,0.15,0.5,0.1,1,1,10,100,"final","random",22,65,2,15,1,16,NA,NA
110,541,50,0.7,0.15,0.5,0.1,1,1,10,100,"final","random",23,870,18,20,4,324,363,1
110,541,50,0.7,0.15,0.5,0.1,1,1,10,100,"final","random",23,870,18,20,4,324,375,1
110,541,50,0.7,0.15,0.5,0.1,1,1,10,100,"final","random",23,870,18,20,4,324,414,2
110,541,50,0.7,0.15,0.5,0.1,1,1,10,100,"final","random",24,745,15,45,4,324,352,1
110,541,50,0.7,0.15,0.5,0.1,1,1,10,100,"final","random",24,745,15,45,4,324,354,1
110,541,50,0.7,0.15,0.5,0.1,1,1,10,100,"final","random",24,745,15,45,4,324,357,2
110,541,50,0.7,0.15,0.5,0.1,1,1,10,100,"final","random",24,745,15,45,4,324,361,1
110,541,50,0.7,0.15,0.5,0.1,1,1,10,100,"final","random",24,745,15,45,4,324,364,2
110,541,50,0.7,0.15,0.5,0.1,1,1,10,100,"final","random",24,745,15,45,4,324,369,1
110,541,50,0.7,0.15,0.5,0.1,1,1,10,100,"final","random",24,745,15,45,4,324,372,5
110,541,50,0.7,0.15,0.5,0.1,1,1,10,100,"final","random",24,745,15,45,4,324,373,1
110,541,50,0.7,0.15,0.5,0.1,1,1,10,100,"final","random",24,745,15,45,4,324,375,1
110,541,50,0.7,0.15,0.5,0.1,1,1,10,100,"final","random",24,745,15,45,4,324,380,1
110,541,50,0.7,0.15,0.5,0.1,1,1,10,100,"final","random",24,745,15,45,4,324,386,1
110,541,50,0.7,0.15,0.5,0.1,1,1,10,100,"final","random",24,745,15,45,4,324,387,2
110,541,50,0.7,0.15,0.5,0.1,1,1,10,100,"final","random",24,745,15,45,4,324,399,1
110,541,50,0.7,0.15,0.5,0.1,1,1,10,100,"final","random",24,745,15,45,4,324,400,1
110,541,50,0.7,0.15,0.5,0.1,1,1,10,100,"final","random",24,745,15,45,4,324,417,1
110,541,50,0.7,0.15,0.5,0.1,1,1,10,100,"final","random",24,745,15,45,4,324,427,1
110,541,50,0.7,0.15,0.5,0.1,1,1,10,100,"final","random",25,1108,23,8,4,324,329,1
110,541,50,0.7,0.15,0.5,0.1,1,1,10,100,"final","random",25,1108,23,8,4,324,331,1
110,541,50,0.7,0.15,0.5,0.1,1,1,10,100,"final","random",25,1108,23,8,4,324,363,1
110,541,50,0.7,0.15,0.5,0.1,1,1,10,100,"final","random",25,1108,23,8,4,324,369,1
110,541,50,0.7,0.15,0.5,0.1,1,1,10,100,"final","random",26,1051,22,1,4,324,357,1
110,541,50,0.7,0.15,0.5,0.1,1,1,10,100,"final","random",26,1051,22,1,4,324,363,1
110,541,50,0.7,0.15,0.5,0.1,1,1,10,100,"final","random",26,1051,22,1,4,324,365,1
110,541,50,0.7,0.15,0.5,0.1,1,1,10,100,"final","random",26,1051,22,1,4,324,378,1
110,541,50,0.7,0.15,0.5,0.1,1,1,10,100,"final","random",26,1051,22,1,4,324,379,1
110,541,50,0.7,0.15,0.5,0.1,1,1,10,100,"final","random",26,1051,22,1,4,324,387,1
110,541,50,0.7,0.15,0.5,0.1,1,1,10,100,"final","random",26,1051,22,1,4,324,390,1
110,541,50,0.7,0.15,0.5,0.1,1,1,10,100,"final","random",26,1051,22,1,4,324,399,1
110,541,50,0.7,0.15,0.5,0.1,1,1,10,100,"final","random",26,1051,22,1,4,324,414,1
110,541,50,0.7,0.15,0.5,0.1,1,1,10,100,"final","random",26,1051,22,1,4,324,417,2
110,541,50,0.7,0.15,0.5,0.1,1,1,10,100,"final","random",26,1051,22,1,4,324,421,3
110,541,50,0.7,0.15,0.5,0.1,1,1,10,100,"final","random",26,1051,22,1,4,324,427,1
110,541,50,0.7,0.15,0.5,0.1,1,1,10,100,"final","random",26,1051,22,1,4,324,429,1
110,541,50,0.7,0.15,0.5,0.1,1,1,10,100,"final","random",26,1051,22,1,4,324,432,1
110,541,50,0.7,0.15,0.5,0.1,1,1,10,100,"final","random",26,1051,22,1,4,324,436,1
110,541,50,0.7,0.15,0.5,0.1,1,1,10,100,"final","random",27,1073,22,23,10,1,427,1
110,541,50,0.7,0.15,0.5,0.1,1,1,10,100,"final","random",28,872,18,22,4,324,NA,NA
110,541,50,0.7,0.15,0.5,0.1,1,1,10,100,"final","random",29,1206,25,6,4,324,361,1
110,541,50,0.7,0.15,0.5,0.1,1,1,10,100,"final","random",29,1206,25,6,4,324,363,1
110,541,50,0.7,0.15,0.5,0.1,1,1,10,100,"final","random",29,1206,25,6,4,324,364,1
110,541,50,0.7,0.15,0.5,0.1,1,1,10,100,"final","random",29,1206,25,6,4,324,378,1
110,541,50,0.7,0.15,0.5,0.1,1,1,10,100,"final","random",29,1206,25,6,4,324,379,1
110,541,50,0.7,0.15,0.5,0.1,1,1,10,100,"final","random",29,1206,25,6,4,324,388,1
110,541,50,0.7,0.15,0.5,0.1,1,1,10,100,"final","random",29,1206,25,6,4,324,389,1
110,541,50,0.7,0.15,0.5,0.1,1,1,10,100,"final","random",29,1206,25,6,4,324,407,1
110,541,50,0.7,0.15,0.5,0.1,1,1,10,100,"final","random",30,1211,25,11,4,324,NA,NA
